district,ac_code,ac_name,part_no,booth_name,male,female,third_gender,total,female_pct,adj_count,adj_pct,votes_P1_2021,votes_P2_2021,votes_P3_2021,total_votes_2021,winner_2021,margin_2021,P1_share_2021,P2_share_2021,votes_P1_2019,votes_P2_2019,total_votes_2019,winner_2019,flipped_19_21,booth_category,priority_score,worker_assigned,contact_count,votes_to_win_est,notes
Jhargram,2001,Jhr-2001,1,Anganwadi Centre 1,385,388,1,774,50.13,10,1.3,295,199,8,593,P1,96,49.7,33.6,320,149,610,P1,False,B,3,,0,316,
Jhargram,2001,Jhr-2001,2,Community Hall 2,398,389,0,787,49.43,6,0.8,429,151,7,644,P1,278,66.6,23.4,306,236,608,P1,False,A,1,,0,321,
Jhargram,2001,Jhr-2001,3,High School 3,349,315,1,665,47.37,8,1.2,240,151,12,507,P1,89,47.3,29.8,324,142,526,P1,False,B,3,,0,272,
Jhargram,2001,Jhr-2001,4,Panchayat Bhavan 4,335,322,1,658,48.94,6,0.9,301,132,4,498,P1,169,60.4,26.5,236,178,504,P1,False,B,3,,0,269,
Jhargram,2001,Jhr-2001,5,Health Sub-Centre 5,324,313,0,637,49.14,8,1.3,287,156,4,493,P1,131,58.2,31.6,268,163,480,P1,False,B,3,,0,260,
Jhargram,2001,Jhr-2001,6,Market Building 6,370,337,0,707,47.67,7,1.0,332,159,3,572,P1,173,58.0,27.8,321,174,550,P1,False,B,3,,0,289,
Jhargram,2001,Jhr-2001,7,Post Office 7,247,240,1,488,49.18,5,1.0,199,126,1,361,P1,73,55.1,34.9,185,95,369,P1,False,B,3,,0,199,
Jhargram,2001,Jhr-2001,8,Post Office 8,286,277,0,563,49.2,7,1.2,272,135,2,452,P1,137,60.2,29.9,237,154,473,P1,False,B,3,,0,230,
Jhargram,2001,Jhr-2001,9,Temple Hall 9,376,370,1,747,49.53,9,1.2,287,146,11,620,P1,117,46.3,23.5,276,123,550,P1,False,B,3,,0,305,
Jhargram,2001,Jhr-2001,10,High School 10,397,380,1,778,48.84,10,1.3,284,197,4,601,P1,87,47.3,32.8,272,157,597,P1,False,B,3,,0,318,
Jhargram,2001,Jhr-2001,11,Primary School 11,371,366,1,738,49.59,7,0.9,288,227,5,574,P1,61,50.2,39.5,271,225,551,P1,False,B,3,,0,301,
Jhargram,2001,Jhr-2001,12,Madrasa 12,287,266,1,554,48.01,6,1.1,209,132,10,449,P1,77,46.5,29.4,228,173,465,P1,False,B,3,,0,226,
Jhargram,2001,Jhr-2001,13,Govt Office 13,326,308,0,634,48.58,8,1.3,250,135,11,478,P1,115,52.3,28.2,247,174,468,P1,False,B,3,,0,259,
Jhargram,2001,Jhr-2001,14,Primary School 14,384,380,1,765,49.67,9,1.2,303,203,12,628,P1,100,48.2,32.3,363,189,614,P1,False,B,3,,0,312,
Jhargram,2001,Jhr-2001,15,Market Building 15,348,354,0,702,50.43,9,1.3,311,166,4,530,P1,145,58.7,31.3,272,124,550,P1,False,B,3,,0,287,
Jhargram,2001,Jhr-2001,16,Panchayat Bhavan 16,239,246,1,486,50.62,5,1.0,172,128,3,366,P1,44,47.0,35.0,194,154,395,P1,False,B,3,,0,198,
Jhargram,2001,Jhr-2001,17,Post Office 17,256,262,0,518,50.58,6,1.2,198,134,4,409,P1,64,48.4,32.8,255,139,439,P1,False,B,3,,0,212,
Jhargram,2001,Jhr-2001,18,Community Hall 18,285,281,1,567,49.56,6,1.1,231,143,3,421,P1,88,54.9,34.0,231,125,439,P1,False,B,3,,0,232,
Jhargram,2001,Jhr-2001,19,Post Office 19,380,382,1,763,50.07,6,0.8,231,191,8,611,P1,40,37.8,31.3,395,160,617,P1,False,B,3,,0,312,
Jhargram,2001,Jhr-2001,20,Market Building 20,354,342,1,697,49.07,7,1.0,261,238,2,555,P1,23,47.0,42.9,308,139,518,P1,False,B,3,,0,285,
Jhargram,2001,Jhr-2001,21,High School 21,315,307,0,622,49.36,5,0.8,276,178,3,505,P1,98,54.7,35.2,286,158,501,P1,False,B,3,,0,254,
Jhargram,2001,Jhr-2001,22,Market Building 22,377,363,0,740,49.05,8,1.1,408,151,5,621,P1,257,65.7,24.3,314,222,596,P1,False,A,1,,0,302,
Jhargram,2001,Jhr-2001,23,Panchayat Bhavan 23,274,270,0,544,49.63,4,0.7,270,131,5,445,P1,139,60.7,29.4,218,93,426,P1,False,B,3,,0,222,
Jhargram,2001,Jhr-2001,24,Community Hall 24,273,268,0,541,49.54,4,0.7,205,169,5,415,P1,36,49.4,40.7,206,145,414,P1,False,B,3,,0,221,
Jhargram,2001,Jhr-2001,25,Madrasa 25,323,292,1,616,47.4,7,1.1,303,138,6,491,P1,165,61.7,28.1,274,170,516,P1,False,B,3,,0,252,
Jhargram,2001,Jhr-2001,26,Post Office 26,285,258,0,543,47.51,4,0.7,217,145,3,403,P1,72,53.8,36.0,246,106,457,P1,False,B,3,,0,222,
Jhargram,2001,Jhr-2001,27,Club Building 27,394,361,0,755,47.81,9,1.2,335,190,4,620,P1,145,54.0,30.6,248,147,573,P1,False,B,3,,0,308,
Jhargram,2001,Jhr-2001,28,Primary School 28,401,406,0,807,50.31,8,1.0,379,168,6,608,P1,211,62.3,27.6,409,196,672,P1,False,B,3,,0,330,
Jhargram,2001,Jhr-2001,29,Govt Office 29,317,319,0,636,50.16,7,1.1,307,167,4,527,P1,140,58.3,31.7,313,142,506,P1,False,B,3,,0,260,
Jhargram,2001,Jhr-2001,30,Temple Hall 30,269,260,0,529,49.15,6,1.1,215,127,7,436,P1,88,49.3,29.1,209,145,393,P1,False,B,3,,0,216,
Jhargram,2001,Jhr-2001,31,Govt Office 31,270,262,0,532,49.25,4,0.8,259,130,2,433,P1,129,59.8,30.0,214,155,410,P1,False,B,3,,0,217,
Jhargram,2001,Jhr-2001,32,Club Building 32,314,321,0,635,50.55,5,0.8,315,120,2,484,P1,195,65.1,24.8,199,183,480,P1,False,A,1,,0,259,
Jhargram,2001,Jhr-2001,33,Post Office 33,375,355,1,731,48.56,5,0.7,297,175,8,587,P1,122,50.6,29.8,326,194,600,P1,False,B,3,,0,298,
Jhargram,2001,Jhr-2001,34,Madrasa 34,351,333,1,685,48.61,7,1.0,332,189,2,579,P1,143,57.3,32.6,275,120,514,P1,False,B,3,,0,280,
Jhargram,2001,Jhr-2001,35,Community Hall 35,305,306,0,611,50.08,6,1.0,268,141,6,484,P1,127,55.4,29.1,287,171,509,P1,False,B,3,,0,249,
Jhargram,2001,Jhr-2001,36,Market Building 36,304,276,0,580,47.59,7,1.2,236,148,7,470,P1,88,50.2,31.5,295,112,452,P1,False,B,3,,0,237,
Jhargram,2001,Jhr-2001,37,Club Building 37,376,343,0,719,47.71,8,1.1,316,231,3,607,P1,85,52.1,38.1,263,212,528,P1,False,B,3,,0,294,
Jhargram,2001,Jhr-2001,38,Temple Hall 38,321,327,0,648,50.46,6,0.9,286,172,8,546,P1,114,52.4,31.5,283,181,522,P1,False,B,3,,0,265,
Jhargram,2001,Jhr-2001,39,High School 39,374,365,1,740,49.32,9,1.2,367,135,2,558,P1,232,65.8,24.2,334,182,574,P1,False,A,1,,0,302,
Jhargram,2001,Jhr-2001,40,Club Building 40,395,407,0,802,50.75,9,1.1,311,215,6,639,P1,96,48.7,33.6,327,175,642,P1,False,B,3,,0,327,
Jhargram,2001,Jhr-2001,41,Anganwadi Centre 41,382,343,0,725,47.31,7,1.0,263,221,4,607,P1,42,43.3,36.4,377,148,583,P1,False,B,3,,0,296,
Jhargram,2001,Jhr-2001,42,Govt Office 42,388,389,0,777,50.06,9,1.2,310,181,9,581,P1,129,53.4,31.2,352,172,582,P1,False,B,3,,0,317,
Jhargram,2001,Jhr-2001,43,Health Sub-Centre 43,297,300,0,597,50.25,6,1.0,322,112,5,483,P1,210,66.7,23.2,211,106,465,P1,False,A,1,,0,244,
Jhargram,2001,Jhr-2001,44,High School 44,369,376,1,746,50.4,7,0.9,292,202,9,569,P1,90,51.3,35.5,292,222,571,P1,False,B,3,,0,305,
Jhargram,2001,Jhr-2001,45,High School 45,287,269,1,557,48.29,6,1.1,238,95,4,421,P1,143,56.5,22.6,239,139,420,P1,False,B,3,,0,227,
Jhargram,2001,Jhr-2001,46,Anganwadi Centre 46,284,272,1,557,48.83,4,0.7,228,126,4,425,P1,102,53.6,29.6,207,147,430,P1,False,B,3,,0,227,
Jhargram,2001,Jhr-2001,47,Post Office 47,266,267,1,534,50.0,5,0.9,264,109,2,414,P1,155,63.8,26.3,279,100,421,P1,False,B,3,,0,218,
Jhargram,2001,Jhr-2001,48,High School 48,368,372,0,740,50.27,7,0.9,310,190,4,562,P1,120,55.2,33.8,291,198,580,P1,False,B,3,,0,302,
Jhargram,2001,Jhr-2001,49,Post Office 49,370,371,0,741,50.07,7,0.9,312,182,6,575,P1,130,54.3,31.7,381,112,548,P1,False,B,3,,0,303,
Jhargram,2001,Jhr-2001,50,Health Sub-Centre 50,256,263,1,520,50.58,7,1.3,209,138,7,418,P1,71,50.0,33.0,214,157,412,P1,False,B,3,,0,212,
Jhargram,2001,Jhr-2001,51,High School 51,289,262,1,552,47.46,4,0.7,227,124,12,457,P1,103,49.7,27.1,227,157,464,P1,False,B,3,,0,225,
Jhargram,2001,Jhr-2001,52,High School 52,320,314,0,634,49.53,6,0.9,245,198,4,492,P1,47,49.8,40.2,272,159,519,P1,False,B,3,,0,259,
Jhargram,2001,Jhr-2001,53,Temple Hall 53,350,333,1,684,48.68,7,1.0,287,177,6,516,P1,110,55.6,34.3,296,124,514,P1,False,B,3,,0,279,
Jhargram,2001,Jhr-2001,54,Health Sub-Centre 54,332,338,0,670,50.45,7,1.0,346,121,2,518,P1,225,66.8,23.4,302,146,501,P1,False,A,1,,0,274,
Jhargram,2001,Jhr-2001,55,Madrasa 55,312,320,0,632,50.63,6,0.9,264,126,3,493,P1,138,53.5,25.6,306,171,530,P1,False,B,3,,0,258,
Jhargram,2001,Jhr-2001,56,Health Sub-Centre 56,346,325,1,672,48.36,7,1.0,273,206,5,532,P1,67,51.3,38.7,243,128,549,P1,False,B,3,,0,274,
Jhargram,2001,Jhr-2001,57,Primary School 57,336,332,0,668,49.7,5,0.7,273,184,9,565,P1,89,48.3,32.6,302,146,498,P1,False,B,3,,0,273,
Jhargram,2001,Jhr-2001,58,Post Office 58,269,246,1,516,47.67,6,1.2,184,145,5,418,P1,39,44.0,34.7,300,79,422,P1,False,B,3,,0,211,
Jhargram,2001,Jhr-2001,59,Primary School 59,330,322,0,652,49.39,8,1.2,257,186,2,492,P1,71,52.2,37.8,277,114,508,P1,False,B,3,,0,266,
Jhargram,2001,Jhr-2001,60,Primary School 60,274,273,1,548,49.82,5,0.9,238,132,2,411,P1,106,57.9,32.1,178,120,448,P1,False,B,3,,0,224,
Jhargram,2001,Jhr-2001,61,Club Building 61,324,317,1,642,49.38,5,0.8,353,129,6,536,P1,224,65.9,24.1,221,133,472,P1,False,A,1,,0,262,
Jhargram,2001,Jhr-2001,62,Temple Hall 62,375,355,0,730,48.63,5,0.7,314,211,4,587,P1,103,53.5,35.9,243,194,556,P1,False,B,3,,0,298,
Jhargram,2001,Jhr-2001,63,Temple Hall 63,291,301,1,593,50.76,7,1.2,301,113,8,499,P1,188,60.3,22.6,296,142,486,P1,False,B,3,,0,242,
Jhargram,2001,Jhr-2001,64,Health Sub-Centre 64,357,322,1,680,47.35,6,0.9,314,172,8,567,P1,142,55.4,30.3,231,178,513,P1,False,B,3,,0,278,
Jhargram,2001,Jhr-2001,65,High School 65,375,348,1,724,48.07,8,1.1,341,177,6,596,P1,164,57.2,29.7,302,111,539,P1,False,B,3,,0,296,
Jhargram,2001,Jhr-2001,66,Anganwadi Centre 66,338,305,0,643,47.43,6,0.9,307,176,6,537,P1,131,57.2,32.8,263,125,544,P1,False,B,3,,0,263,
Jhargram,2001,Jhr-2001,67,Post Office 67,256,249,1,506,49.21,6,1.2,236,91,5,426,P1,145,55.4,21.4,220,123,391,P1,False,B,3,,0,207,
Jhargram,2001,Jhr-2001,68,High School 68,244,236,0,480,49.17,6,1.2,168,149,3,379,P1,19,44.3,39.3,187,113,375,P1,False,B,3,,0,196,
Jhargram,2001,Jhr-2001,69,Post Office 69,396,400,1,797,50.19,8,1.0,324,176,5,614,P1,148,52.8,28.7,409,170,643,P1,False,B,3,,0,325,
Jhargram,2001,Jhr-2001,70,High School 70,339,310,0,649,47.77,7,1.1,267,192,8,546,P1,75,48.9,35.2,359,72,493,P1,False,B,3,,0,265,
Jhargram,2001,Jhr-2001,71,Market Building 71,298,269,0,567,47.44,5,0.9,292,132,4,471,P1,160,62.0,28.0,288,103,435,P1,False,B,3,,0,232,
Jhargram,2001,Jhr-2001,72,Madrasa 72,251,236,0,487,48.46,5,1.0,184,129,3,361,P1,55,51.0,35.7,160,128,363,P1,False,B,3,,0,199,
Jhargram,2001,Jhr-2001,73,Post Office 73,360,367,0,727,50.48,8,1.1,286,132,8,535,P1,154,53.5,24.7,326,204,595,P1,False,B,3,,0,297,
Jhargram,2001,Jhr-2001,74,Post Office 74,309,317,0,626,50.64,6,1.0,287,177,6,515,P1,110,55.7,34.4,300,147,496,P1,False,B,3,,0,256,
Jhargram,2001,Jhr-2001,75,Temple Hall 75,393,381,0,774,49.22,9,1.2,320,197,3,574,P1,123,55.7,34.3,265,207,639,P1,False,B,3,,0,316,
Jhargram,2001,Jhr-2001,76,Health Sub-Centre 76,352,320,0,672,47.62,6,0.9,224,195,8,517,P1,29,43.3,37.7,294,195,544,P1,False,B,3,,0,274,
Jhargram,2001,Jhr-2001,77,Primary School 77,248,254,1,503,50.5,6,1.2,190,117,7,387,P1,73,49.1,30.2,238,117,395,P1,False,B,3,,0,205,
Jhargram,2001,Jhr-2001,78,Post Office 78,366,329,0,695,47.34,7,1.0,264,143,12,529,P1,121,49.9,27.0,264,222,567,P1,False,B,3,,0,284,
Jhargram,2001,Jhr-2001,79,Market Building 79,383,362,1,746,48.53,7,0.9,267,203,11,580,P1,64,46.0,35.0,293,210,583,P1,False,B,3,,0,305,
Jhargram,2001,Jhr-2001,80,Club Building 80,255,233,0,488,47.75,6,1.2,233,108,2,379,P1,125,61.5,28.5,205,122,383,P1,False,B,3,,0,199,
Jhargram,2001,Jhr-2001,81,Health Sub-Centre 81,364,371,0,735,50.48,7,1.0,305,190,6,576,P1,115,53.0,33.0,365,132,552,P1,False,B,3,,0,300,
Jhargram,2001,Jhr-2001,82,Market Building 82,251,256,0,507,50.49,4,0.8,137,105,17,389,P1,10,35.2,27.0,196,120,390,P1,False,B,3,,0,207,
Jhargram,2001,Jhr-2001,83,Panchayat Bhavan 83,342,344,0,686,50.15,6,0.9,316,183,7,574,P1,133,55.1,31.9,340,148,543,P1,False,B,3,,0,280,
Jhargram,2001,Jhr-2001,84,Panchayat Bhavan 84,271,259,0,530,48.87,7,1.3,271,117,4,431,P1,154,62.9,27.1,282,105,430,P1,False,B,3,,0,216,
Jhargram,2001,Jhr-2001,85,Club Building 85,390,364,0,754,48.28,8,1.1,376,187,2,625,P1,189,60.2,29.9,293,211,593,P1,False,B,3,,0,308,
Jhargram,2001,Jhr-2001,86,Anganwadi Centre 86,307,315,0,622,50.64,7,1.1,264,152,4,462,P1,112,57.1,32.9,266,150,495,P1,False,B,3,,0,254,
Jhargram,2001,Jhr-2001,87,Govt Office 87,372,362,0,734,49.32,6,0.8,350,182,6,591,P1,168,59.2,30.8,297,192,543,P1,False,B,3,,0,300,
Jhargram,2001,Jhr-2001,88,Community Hall 88,418,400,1,819,48.84,7,0.9,357,236,3,658,P1,121,54.3,35.9,334,195,635,P1,False,B,3,,0,334,
Jhargram,2001,Jhr-2001,89,Panchayat Bhavan 89,305,306,1,612,50.0,7,1.1,249,165,3,504,P1,84,49.4,32.7,285,136,468,P1,False,B,3,,0,250,
Jhargram,2001,Jhr-2001,90,Market Building 90,241,238,1,480,49.58,5,1.0,240,111,2,391,P1,129,61.4,28.4,195,114,364,P1,False,B,3,,0,196,
Jhargram,2001,Jhr-2001,91,Govt Office 91,350,331,1,682,48.53,9,1.3,245,220,5,517,P1,25,47.4,42.6,312,187,554,P1,False,B,3,,0,278,
Jhargram,2001,Jhr-2001,92,Health Sub-Centre 92,247,253,0,500,50.6,5,1.0,240,137,2,418,P1,103,57.4,32.8,199,112,414,P1,False,B,3,,0,204,
Jhargram,2001,Jhr-2001,93,Primary School 93,266,254,1,521,48.75,5,1.0,214,114,6,418,P1,100,51.2,27.3,220,99,390,P1,False,B,3,,0,213,
Jhargram,2001,Jhr-2001,94,Health Sub-Centre 94,330,313,0,643,48.68,5,0.8,302,150,2,502,P1,152,60.2,29.9,288,128,530,P1,False,B,3,,0,263,
Jhargram,2001,Jhr-2001,95,Madrasa 95,375,362,1,738,49.05,6,0.8,266,182,7,582,P1,84,45.7,31.3,322,173,564,P1,False,B,3,,0,301,
Jhargram,2001,Jhr-2001,96,Club Building 96,312,288,0,600,48.0,5,0.8,229,161,10,490,P1,68,46.7,32.9,246,202,498,P1,False,B,3,,0,245,
Jhargram,2001,Jhr-2001,97,Madrasa 97,316,307,1,624,49.2,7,1.1,309,165,3,527,P1,144,58.6,31.3,233,190,513,P1,False,B,3,,0,255,
Jhargram,2001,Jhr-2001,98,Panchayat Bhavan 98,263,244,0,507,48.13,4,0.8,236,125,3,401,P1,111,58.9,31.2,231,113,403,P1,False,B,3,,0,207,
Jhargram,2001,Jhr-2001,99,Temple Hall 99,312,296,1,609,48.6,7,1.1,301,133,8,514,P1,168,58.6,25.9,298,150,498,P1,False,B,3,,0,249,
Jhargram,2001,Jhr-2001,100,High School 100,286,278,0,564,49.29,7,1.2,311,113,2,472,P1,198,65.9,23.9,272,126,478,P1,False,A,1,,0,230,
Jhargram,2001,Jhr-2001,101,Panchayat Bhavan 101,268,261,0,529,49.34,5,0.9,199,149,8,444,P1,50,44.8,33.6,250,101,390,P1,False,B,3,,0,216,
Jhargram,2001,Jhr-2001,102,High School 102,386,375,1,762,49.21,9,1.2,323,229,4,618,P1,94,52.3,37.1,340,196,603,P1,False,B,3,,0,311,
Jhargram,2001,Jhr-2001,103,Market Building 103,285,280,0,565,49.56,5,0.9,236,118,8,434,P1,118,54.4,27.2,315,107,469,P1,False,B,3,,0,231,
Jhargram,2001,Jhr-2001,104,Club Building 104,337,309,1,647,47.76,8,1.2,366,105,5,523,P1,261,70.0,20.1,286,169,505,P1,False,A,1,,0,264,
Jhargram,2001,Jhr-2001,105,Health Sub-Centre 105,319,299,1,619,48.3,7,1.1,325,132,5,507,P1,193,64.1,26.0,349,111,511,P1,False,B,3,,0,253,
Jhargram,2001,Jhr-2001,106,Post Office 106,293,273,1,567,48.15,6,1.1,278,121,9,476,P1,157,58.4,25.4,309,109,465,P1,False,B,3,,0,232,
Jhargram,2001,Jhr-2001,107,Health Sub-Centre 107,368,350,1,719,48.68,9,1.3,265,193,13,603,P1,72,43.9,32.0,283,173,577,P1,False,B,3,,0,294,
Jhargram,2001,Jhr-2001,108,High School 108,299,293,1,593,49.41,6,1.0,290,131,7,490,P1,159,59.2,26.7,290,146,485,P1,False,B,3,,0,242,
Jhargram,2001,Jhr-2001,109,Panchayat Bhavan 109,290,276,1,567,48.68,6,1.1,207,156,4,465,P1,51,44.5,33.5,236,134,427,P1,False,B,3,,0,232,
Jhargram,2001,Jhr-2001,110,Temple Hall 110,406,383,1,790,48.48,8,1.0,321,167,9,582,P1,154,55.2,28.7,301,222,621,P1,False,B,3,,0,323,
Jhargram,2001,Jhr-2001,111,Temple Hall 111,324,308,0,632,48.73,7,1.1,312,125,3,486,P1,187,64.2,25.7,244,152,484,P1,False,B,3,,0,258,
Jhargram,2001,Jhr-2001,112,Temple Hall 112,341,342,0,683,50.07,6,0.9,246,193,9,522,P1,53,47.1,37.0,244,173,576,P1,False,B,3,,0,279,
Jhargram,2001,Jhr-2001,113,Primary School 113,250,240,0,490,48.98,6,1.2,145,88,9,375,P1,15,38.7,23.5,184,143,407,P1,False,B,3,,0,200,
Jhargram,2001,Jhr-2001,114,Temple Hall 114,381,359,1,741,48.45,8,1.1,280,197,10,621,P1,83,45.1,31.7,318,186,594,P1,False,B,3,,0,303,
Jhargram,2001,Jhr-2001,115,Govt Office 115,257,247,0,504,49.01,6,1.2,137,135,4,398,P1,2,34.4,33.9,268,105,415,P1,False,B,3,,0,206,
Jhargram,2001,Jhr-2001,116,Temple Hall 116,266,270,1,537,50.28,5,0.9,254,130,4,427,P1,124,59.5,30.4,244,123,408,P1,False,B,3,,0,219,
Jhargram,2001,Jhr-2001,117,Madrasa 117,265,263,0,528,49.81,4,0.8,235,127,2,402,P1,108,58.5,31.6,258,124,439,P1,False,B,3,,0,216,
Jhargram,2001,Jhr-2001,118,Anganwadi Centre 118,350,341,0,691,49.35,7,1.0,358,157,4,572,P1,201,62.6,27.4,349,175,582,P1,False,B,3,,0,282,
Jhargram,2001,Jhr-2001,119,Anganwadi Centre 119,368,337,0,705,47.8,6,0.9,330,156,5,540,P1,174,61.1,28.9,281,208,547,P1,False,B,3,,0,288,
Jhargram,2001,Jhr-2001,120,Health Sub-Centre 120,364,375,0,739,50.74,8,1.1,356,147,7,614,P1,209,58.0,23.9,325,214,601,P1,False,B,3,,0,302,
Jhargram,2001,Jhr-2001,121,Market Building 121,346,329,0,675,48.74,6,0.9,251,153,7,516,P1,98,48.6,29.7,234,195,563,P1,False,B,3,,0,276,
Jhargram,2001,Jhr-2001,122,Community Hall 122,241,245,1,487,50.31,4,0.8,257,99,4,396,P1,158,64.9,25.0,174,90,378,P1,False,B,3,,0,199,
Jhargram,2001,Jhr-2001,123,Primary School 123,347,339,1,687,49.34,5,0.7,275,151,7,524,P1,124,52.5,28.8,360,94,505,P1,False,B,3,,0,281,
Jhargram,2001,Jhr-2001,124,Market Building 124,277,275,0,552,49.82,6,1.1,307,92,3,444,P1,215,69.1,20.7,233,131,405,P1,False,A,1,,0,225,
Jhargram,2001,Jhr-2001,125,Panchayat Bhavan 125,397,383,1,781,49.04,10,1.3,346,199,12,648,P1,147,53.4,30.7,351,179,659,P1,False,B,3,,0,319,
Jhargram,2001,Jhr-2001,126,Market Building 126,275,249,1,525,47.43,6,1.1,243,135,8,444,P1,108,54.7,30.4,246,111,397,P1,False,B,3,,0,214,
Jhargram,2001,Jhr-2001,127,Panchayat Bhavan 127,247,234,1,482,48.55,4,0.8,179,108,10,374,P1,71,47.9,28.9,219,125,385,P1,False,B,3,,0,197,
Jhargram,2001,Jhr-2001,128,Market Building 128,274,250,0,524,47.71,6,1.1,202,106,4,386,P1,96,52.3,27.5,271,124,439,P1,False,B,3,,0,214,
Jhargram,2001,Jhr-2001,129,Temple Hall 129,241,244,0,485,50.31,5,1.0,245,96,4,390,P1,149,62.8,24.6,142,110,388,P1,False,B,3,,0,198,
Jhargram,2001,Jhr-2001,130,Panchayat Bhavan 130,362,372,0,734,50.68,6,0.8,315,197,6,569,P1,118,55.4,34.6,276,192,602,P1,False,B,3,,0,300,
Jhargram,2001,Jhr-2001,131,Primary School 131,376,383,0,759,50.46,8,1.1,341,154,10,610,P1,187,55.9,25.2,300,175,621,P1,False,B,3,,0,310,
Jhargram,2001,Jhr-2001,132,Govt Office 132,297,294,1,592,49.66,7,1.2,218,174,3,453,P1,44,48.1,38.4,193,116,481,P1,False,B,3,,0,242,
Jhargram,2001,Jhr-2001,133,Anganwadi Centre 133,379,347,1,727,47.73,7,1.0,360,151,5,602,P1,209,59.8,25.1,306,223,588,P1,False,B,3,,0,297,
Jhargram,2001,Jhr-2001,134,Primary School 134,245,245,1,491,49.9,4,0.8,233,126,2,405,P1,107,57.5,31.1,237,120,403,P1,False,B,3,,0,200,
Jhargram,2001,Jhr-2001,135,High School 135,281,285,0,566,50.35,7,1.2,267,116,10,470,P1,151,56.8,24.7,243,135,445,P1,False,B,3,,0,231,
Jhargram,2001,Jhr-2001,136,Madrasa 136,337,348,1,686,50.73,8,1.2,253,201,4,549,P1,52,46.1,36.6,380,123,558,P1,False,B,3,,0,280,
Jhargram,2001,Jhr-2001,137,Market Building 137,388,377,0,765,49.28,7,0.9,264,193,9,575,P1,71,45.9,33.6,318,190,565,P1,False,B,3,,0,312,
Jhargram,2001,Jhr-2001,138,Madrasa 138,366,346,1,713,48.53,6,0.8,318,157,3,528,P1,161,60.2,29.7,307,121,594,P1,False,B,3,,0,291,
Jhargram,2001,Jhr-2001,139,Govt Office 139,394,379,1,774,48.97,9,1.2,304,190,12,626,P1,114,48.6,30.4,358,178,595,P1,False,B,3,,0,316,
Jhargram,2001,Jhr-2001,140,Community Hall 140,409,367,0,776,47.29,8,1.0,290,173,12,587,P1,117,49.4,29.5,355,166,654,P1,False,B,3,,0,317,
Jhargram,2001,Jhr-2001,141,Post Office 141,291,297,0,588,50.51,4,0.7,293,110,6,463,P1,183,63.3,23.8,305,91,440,P1,False,B,3,,0,240,
Jhargram,2001,Jhr-2001,142,Health Sub-Centre 142,268,261,1,530,49.25,6,1.1,274,86,2,399,P1,188,68.7,21.6,207,140,394,P1,False,A,1,,0,216,
Jhargram,2001,Jhr-2001,143,Health Sub-Centre 143,336,343,0,679,50.52,7,1.0,305,181,4,540,P1,124,56.5,33.5,341,166,563,P1,False,B,3,,0,277,
Jhargram,2001,Jhr-2001,144,Primary School 144,380,342,0,722,47.37,8,1.1,323,161,6,572,P1,162,56.5,28.1,304,174,531,P1,False,B,3,,0,295,
Jhargram,2001,Jhr-2001,145,Temple Hall 145,345,328,1,674,48.66,8,1.2,272,173,9,568,P1,99,47.9,30.5,312,156,520,P1,False,B,3,,0,275,
Jhargram,2001,Jhr-2001,146,Health Sub-Centre 146,318,295,0,613,48.12,6,1.0,275,138,2,459,P1,137,59.9,30.1,255,127,492,P1,False,B,3,,0,250,
Jhargram,2001,Jhr-2001,147,Post Office 147,283,277,1,561,49.38,5,0.9,235,122,11,453,P1,113,51.9,26.9,235,142,475,P1,False,B,3,,0,229,
Jhargram,2001,Jhr-2001,148,Panchayat Bhavan 148,363,337,1,701,48.07,8,1.1,245,177,12,522,P1,68,46.9,33.9,308,198,562,P1,False,B,3,,0,286,
Jhargram,2001,Jhr-2001,149,High School 149,252,231,1,484,47.73,4,0.8,248,120,2,409,P1,128,60.6,29.3,210,116,362,P1,False,B,3,,0,198,
Jhargram,2001,Jhr-2001,150,Primary School 150,296,277,1,574,48.26,4,0.7,231,181,3,480,P1,50,48.1,37.7,292,143,483,P1,False,B,3,,0,234,
Jhargram,2001,Jhr-2001,151,High School 151,348,327,0,675,48.44,6,0.9,278,182,5,540,P1,96,51.5,33.7,342,152,549,P1,False,B,3,,0,276,
Jhargram,2001,Jhr-2001,152,Temple Hall 152,290,297,0,587,50.6,5,0.9,257,172,4,477,P1,85,53.9,36.1,173,151,431,P1,False,B,3,,0,240,
Jhargram,2001,Jhr-2001,153,Post Office 153,254,263,1,518,50.77,4,0.8,238,147,5,432,P1,91,55.1,34.0,260,89,388,P1,False,B,3,,0,212,
Jhargram,2001,Jhr-2001,154,Govt Office 154,263,252,1,516,48.84,5,1.0,256,129,2,427,P1,127,60.0,30.2,231,163,437,P1,False,B,3,,0,211,
Jhargram,2001,Jhr-2001,155,Post Office 155,396,369,0,765,48.24,9,1.2,376,99,5,626,P1,236,60.1,15.8,347,177,590,P1,False,B,3,,0,312,
Jhargram,2001,Jhr-2001,156,Anganwadi Centre 156,392,351,0,743,47.24,6,0.8,352,201,6,622,P1,151,56.6,32.3,320,145,567,P1,False,B,3,,0,303,
Jhargram,2001,Jhr-2001,157,Community Hall 157,405,367,1,773,47.48,5,0.6,347,212,8,639,P1,135,54.3,33.2,352,211,626,P1,False,B,3,,0,316,
Jhargram,2001,Jhr-2001,158,Health Sub-Centre 158,342,307,0,649,47.3,8,1.2,301,153,5,505,P1,148,59.6,30.3,299,162,512,P1,False,B,3,,0,265,
Jhargram,2001,Jhr-2001,159,Temple Hall 159,346,347,0,693,50.07,9,1.3,289,183,5,525,P1,106,55.0,34.9,295,193,542,P1,False,B,3,,0,283,
Jhargram,2001,Jhr-2001,160,High School 160,256,264,0,520,50.77,5,1.0,237,157,5,438,P1,80,54.1,35.8,206,149,395,P1,False,B,3,,0,212,
Jhargram,2001,Jhr-2001,161,Madrasa 161,291,279,1,571,48.86,5,0.9,211,134,7,452,P1,77,46.7,29.6,244,158,447,P1,False,B,3,,0,233,
Jhargram,2001,Jhr-2001,162,Primary School 162,261,240,1,502,47.81,5,1.0,210,141,3,405,P1,69,51.9,34.8,231,135,406,P1,False,B,3,,0,205,
Jhargram,2001,Jhr-2001,163,Panchayat Bhavan 163,346,334,0,680,49.12,6,0.9,326,164,6,544,P1,162,59.9,30.1,353,159,569,P1,False,B,3,,0,278,
Jhargram,2001,Jhr-2001,164,Govt Office 164,304,307,1,612,50.16,5,0.8,203,139,12,488,P1,64,41.6,28.5,291,148,488,P1,False,B,3,,0,250,
Jhargram,2001,Jhr-2001,165,Govt Office 165,339,308,1,648,47.53,7,1.1,293,127,8,537,P1,166,54.6,23.6,319,159,543,P1,False,B,3,,0,265,
Jhargram,2001,Jhr-2001,166,Temple Hall 166,309,307,1,617,49.76,6,1.0,267,158,4,472,P1,109,56.6,33.5,233,182,463,P1,False,B,3,,0,252,
Jhargram,2001,Jhr-2001,167,Post Office 167,290,300,1,591,50.76,6,1.0,318,118,2,485,P1,200,65.6,24.3,271,141,457,P1,False,A,1,,0,241,
Jhargram,2001,Jhr-2001,168,Club Building 168,418,395,1,814,48.53,8,1.0,287,179,5,599,P1,108,47.9,29.9,273,175,610,P1,False,B,3,,0,332,
Jhargram,2001,Jhr-2001,169,Anganwadi Centre 169,399,373,1,773,48.25,7,0.9,325,235,5,622,P1,90,52.3,37.8,368,170,598,P1,False,B,3,,0,316,
Jhargram,2001,Jhr-2001,170,Anganwadi Centre 170,346,314,1,661,47.5,6,0.9,340,135,6,528,P1,205,64.4,25.6,339,149,542,P1,False,B,3,,0,270,
Jhargram,2001,Jhr-2001,171,Madrasa 171,374,359,1,734,48.91,9,1.2,305,166,6,559,P1,139,54.6,29.7,280,199,562,P1,False,B,3,,0,300,
Jhargram,2001,Jhr-2001,172,Anganwadi Centre 172,310,317,1,628,50.48,7,1.1,280,140,3,475,P1,140,58.9,29.5,254,129,490,P1,False,B,3,,0,256,
Jhargram,2001,Jhr-2001,173,Market Building 173,319,311,1,631,49.29,7,1.1,326,121,2,497,P1,205,65.6,24.3,242,138,481,P1,False,A,1,,0,258,
Jhargram,2001,Jhr-2001,174,High School 174,371,360,0,731,49.25,7,1.0,376,141,5,574,P1,235,65.5,24.6,315,216,590,P1,False,A,1,,0,298,
Jhargram,2001,Jhr-2001,175,Anganwadi Centre 175,361,362,0,723,50.07,9,1.2,295,206,5,579,P1,89,50.9,35.6,271,154,552,P1,False,B,3,,0,295,
Jhargram,2001,Jhr-2001,176,Post Office 176,380,391,1,772,50.65,9,1.2,256,204,10,586,P1,52,43.7,34.8,383,142,583,P1,False,B,3,,0,315,
Jhargram,2001,Jhr-2001,177,Post Office 177,382,395,0,777,50.84,6,0.8,359,163,2,580,P1,196,61.9,28.1,335,164,601,P1,False,B,3,,0,317,
Jhargram,2001,Jhr-2001,178,Club Building 178,368,365,1,734,49.73,7,1.0,302,142,9,609,P1,152,49.6,23.3,321,160,550,P1,False,B,3,,0,300,
Jhargram,2001,Jhr-2001,179,Market Building 179,334,318,1,653,48.7,8,1.2,286,164,2,500,P1,122,57.2,32.8,296,178,526,P1,False,B,3,,0,267,
Jhargram,2001,Jhr-2001,180,Community Hall 180,263,244,1,508,48.03,6,1.2,248,104,4,391,P1,144,63.4,26.6,278,105,426,P1,False,B,3,,0,207,
Jhargram,2001,Jhr-2001,181,Govt Office 181,246,240,1,487,49.28,5,1.0,213,124,3,409,P1,89,52.1,30.3,190,92,361,P1,False,B,3,,0,199,
Jhargram,2001,Jhr-2001,182,High School 182,263,256,1,520,49.23,5,1.0,169,148,2,384,P1,21,44.0,38.5,237,119,400,P1,False,B,3,,0,212,
Jhargram,2001,Jhr-2001,183,Panchayat Bhavan 183,256,245,1,502,48.8,6,1.2,214,154,4,414,P1,60,51.7,37.2,245,111,404,P1,False,B,3,,0,205,
Jhargram,2001,Jhr-2001,184,Madrasa 184,301,289,0,590,48.98,6,1.0,255,138,7,453,P1,117,56.3,30.5,257,112,486,P1,False,B,3,,0,241,
Jhargram,2001,Jhr-2001,185,Market Building 185,321,311,1,633,49.13,6,0.9,235,94,8,478,P1,98,49.2,19.7,276,196,525,P1,False,B,3,,0,258,
Jhargram,2001,Jhr-2001,186,Primary School 186,259,246,0,505,48.71,5,1.0,236,104,3,378,P1,132,62.4,27.5,202,109,391,P1,False,B,3,,0,206,
Jhargram,2001,Jhr-2001,187,Govt Office 187,328,314,0,642,48.91,7,1.1,262,123,10,484,P1,139,54.1,25.4,303,140,502,P1,False,B,3,,0,262,
Jhargram,2001,Jhr-2001,188,Anganwadi Centre 188,282,266,1,549,48.45,6,1.1,264,117,2,423,P1,147,62.4,27.7,311,103,460,P1,False,B,3,,0,224,
Jhargram,2001,Jhr-2001,189,Govt Office 189,267,248,1,516,48.06,6,1.2,181,144,8,393,P1,37,46.1,36.6,238,140,420,P1,False,B,3,,0,211,
Jhargram,2001,Jhr-2001,190,Panchayat Bhavan 190,324,306,1,631,48.49,7,1.1,203,142,16,501,P1,61,40.5,28.3,291,152,492,P1,False,B,3,,0,258,
Jhargram,2001,Jhr-2001,191,Health Sub-Centre 191,258,250,0,508,49.21,6,1.2,227,94,6,417,P1,133,54.4,22.5,203,132,399,P1,False,B,3,,0,207,
Jhargram,2001,Jhr-2001,192,Market Building 192,390,378,1,769,49.15,9,1.2,334,124,11,595,P1,210,56.1,20.8,362,173,595,P1,False,B,3,,0,314,
Jhargram,2001,Jhr-2001,193,Govt Office 193,274,256,1,531,48.21,6,1.1,224,161,3,449,P1,63,49.9,35.9,267,132,443,P1,False,B,3,,0,217,
Jhargram,2001,Jhr-2001,194,Anganwadi Centre 194,422,382,1,805,47.45,8,1.0,378,155,6,636,P1,223,59.4,24.4,318,153,616,P1,False,B,3,,0,329,
Jhargram,2001,Jhr-2001,195,Govt Office 195,400,390,0,790,49.37,8,1.0,339,252,3,656,P1,87,51.7,38.4,273,164,595,P1,False,B,3,,0,323,
Jhargram,2001,Jhr-2001,196,Temple Hall 196,402,386,1,789,48.92,7,0.9,385,147,3,591,P1,238,65.1,24.9,338,231,633,P1,False,A,1,,0,322,
Jhargram,2001,Jhr-2001,197,Health Sub-Centre 197,238,245,0,483,50.72,4,0.8,152,126,9,379,P1,26,40.1,33.2,169,115,371,P1,False,B,3,,0,197,
Jhargram,2001,Jhr-2001,198,Community Hall 198,282,285,0,567,50.26,6,1.1,232,135,7,461,P1,97,50.3,29.3,249,138,472,P1,False,B,3,,0,232,
Jhargram,2002,Jhr-2002,1,Madrasa 1,325,329,1,655,50.23,13,2.0,261,172,5,493,P1,89,52.9,34.9,301,158,510,P1,False,B,3,,0,267,
Jhargram,2002,Jhr-2002,2,Madrasa 2,265,271,1,537,50.47,10,1.9,240,138,2,420,P1,102,57.1,32.9,265,135,445,P1,False,B,3,,0,219,
Jhargram,2002,Jhr-2002,3,Temple Hall 3,374,384,0,758,50.66,15,2.0,417,143,4,622,P1,274,67.0,23.0,316,179,557,P1,False,A,1,,0,310,
Jhargram,2002,Jhr-2002,4,Club Building 4,312,290,1,603,48.09,11,1.8,264,148,3,457,P1,116,57.8,32.4,303,143,496,P1,False,B,3,,0,246,
Jhargram,2002,Jhr-2002,5,Club Building 5,284,267,1,552,48.37,10,1.8,202,179,8,461,P1,23,43.8,38.8,196,148,426,P1,False,B,3,,0,225,
Jhargram,2002,Jhr-2002,6,Post Office 6,347,346,1,694,49.86,15,2.2,301,202,4,584,P1,99,51.5,34.6,270,150,571,P1,False,B,3,,0,283,
Jhargram,2002,Jhr-2002,7,Temple Hall 7,285,295,1,581,50.77,10,1.7,257,154,2,456,P1,103,56.4,33.8,180,155,442,P1,False,B,3,,0,237,
Jhargram,2002,Jhr-2002,8,Govt Office 8,388,387,1,776,49.87,12,1.5,333,146,10,613,P1,187,54.3,23.8,351,118,645,P1,False,B,3,,0,317,
Jhargram,2002,Jhr-2002,9,Health Sub-Centre 9,405,411,1,817,50.31,17,2.1,335,224,2,621,P1,111,53.9,36.1,371,194,628,P1,False,B,3,,0,334,
Jhargram,2002,Jhr-2002,10,Panchayat Bhavan 10,344,328,0,672,48.81,15,2.2,280,164,2,495,P1,116,56.6,33.1,201,156,520,P1,False,B,3,,0,274,
Jhargram,2002,Jhr-2002,11,Temple Hall 11,393,404,1,798,50.63,16,2.0,400,186,7,652,P1,214,61.3,28.5,402,199,668,P1,False,B,3,,0,326,
Jhargram,2002,Jhr-2002,12,Temple Hall 12,383,396,1,780,50.77,17,2.2,469,107,3,640,P1,362,73.3,16.7,272,209,636,P1,False,A,1,,0,318,
Jhargram,2002,Jhr-2002,13,Govt Office 13,273,267,0,540,49.44,9,1.7,226,125,6,410,P1,101,55.1,30.5,247,119,445,P1,False,B,3,,0,220,
Jhargram,2002,Jhr-2002,14,Health Sub-Centre 14,264,260,1,525,49.52,8,1.5,239,130,4,410,P1,109,58.3,31.7,192,144,403,P1,False,B,3,,0,214,
Jhargram,2002,Jhr-2002,15,Community Hall 15,251,231,1,483,47.83,9,1.9,199,113,3,369,P1,86,53.9,30.6,163,148,365,P1,False,B,3,,0,197,
Jhargram,2002,Jhr-2002,16,Community Hall 16,273,251,1,525,47.81,7,1.3,252,96,4,387,P1,156,65.1,24.8,321,64,428,P1,False,A,1,,0,214,
Jhargram,2002,Jhr-2002,17,Madrasa 17,331,330,1,662,49.85,15,2.3,327,165,3,547,P1,162,59.8,30.2,243,177,504,P1,False,B,3,,0,270,
Jhargram,2002,Jhr-2002,18,Market Building 18,269,250,1,520,48.08,10,1.9,273,88,5,401,P1,185,68.1,21.9,192,157,388,P1,False,A,1,,0,212,
Jhargram,2002,Jhr-2002,19,Madrasa 19,252,241,1,494,48.79,9,1.8,240,92,4,403,P1,148,59.6,22.8,204,130,400,P1,False,B,3,,0,202,
Jhargram,2002,Jhr-2002,20,High School 20,337,320,0,657,48.71,10,1.5,228,143,9,482,P1,85,47.3,29.7,311,131,491,P1,False,B,3,,0,268,
Jhargram,2002,Jhr-2002,21,Club Building 21,306,293,1,600,48.83,12,2.0,262,143,7,504,P1,119,52.0,28.4,252,153,494,P1,False,B,3,,0,245,
Jhargram,2002,Jhr-2002,22,Temple Hall 22,314,291,0,605,48.1,9,1.5,306,134,3,489,P1,172,62.6,27.4,242,133,458,P1,False,B,3,,0,247,
Jhargram,2002,Jhr-2002,23,Health Sub-Centre 23,318,311,1,630,49.37,9,1.4,308,167,4,528,P1,141,58.3,31.6,284,169,504,P1,False,B,3,,0,257,
Jhargram,2002,Jhr-2002,24,Madrasa 24,332,313,0,645,48.53,10,1.6,264,72,14,475,P1,144,55.6,15.2,251,198,511,P1,False,B,3,,0,263,
Jhargram,2002,Jhr-2002,25,Community Hall 25,257,236,1,494,47.77,10,2.0,173,160,2,402,P1,13,43.0,39.8,235,136,417,P1,False,B,3,,0,202,
Jhargram,2002,Jhr-2002,26,Anganwadi Centre 26,379,349,0,728,47.94,14,1.9,300,198,12,611,P1,102,49.1,32.4,289,202,546,P1,False,B,3,,0,297,
Jhargram,2002,Jhr-2002,27,Panchayat Bhavan 27,325,327,1,653,50.08,17,2.6,316,163,5,532,P1,153,59.4,30.6,267,169,550,P1,False,B,3,,0,267,
Jhargram,2002,Jhr-2002,28,Panchayat Bhavan 28,290,288,1,579,49.74,13,2.2,266,116,4,425,P1,150,62.6,27.3,251,171,480,P1,False,B,3,,0,236,
Jhargram,2002,Jhr-2002,29,Govt Office 29,378,355,1,734,48.37,16,2.2,298,181,14,597,P1,117,49.9,30.3,284,173,563,P1,False,B,3,,0,300,
Jhargram,2002,Jhr-2002,30,Primary School 30,290,270,0,560,48.21,11,2.0,277,97,3,415,P1,180,66.7,23.4,244,120,468,P1,False,A,1,,0,229,
Jhargram,2002,Jhr-2002,31,Primary School 31,286,292,1,579,50.43,13,2.2,240,127,9,447,P1,113,53.7,28.4,253,138,435,P1,False,B,3,,0,236,
Jhargram,2002,Jhr-2002,32,Club Building 32,385,380,0,765,49.67,16,2.1,336,212,5,642,P1,124,52.3,33.0,422,157,643,P1,False,B,3,,0,312,
Jhargram,2002,Jhr-2002,33,Govt Office 33,325,323,0,648,49.85,10,1.5,352,111,2,514,P1,241,68.5,21.6,294,134,544,P1,False,A,1,,0,265,
Jhargram,2002,Jhr-2002,34,Panchayat Bhavan 34,247,249,0,496,50.2,13,2.6,274,75,3,388,P1,199,70.6,19.3,196,169,406,P1,False,A,1,,0,203,
Jhargram,2002,Jhr-2002,35,Market Building 35,338,323,1,662,48.79,16,2.4,229,180,5,524,P1,49,43.7,34.4,264,151,491,P1,False,B,3,,0,270,
Jhargram,2002,Jhr-2002,36,Govt Office 36,419,386,0,805,47.95,12,1.5,330,209,5,599,P1,121,55.1,34.9,315,210,642,P1,False,B,3,,0,329,
Jhargram,2002,Jhr-2002,37,Market Building 37,352,330,0,682,48.39,15,2.2,267,173,12,562,P1,94,47.5,30.8,286,186,557,P1,False,B,3,,0,278,
Jhargram,2002,Jhr-2002,38,Health Sub-Centre 38,279,284,1,564,50.35,14,2.5,282,107,3,441,P1,175,63.9,24.3,253,116,466,P1,False,B,3,,0,230,
Jhargram,2002,Jhr-2002,39,Market Building 39,316,310,1,627,49.44,12,1.9,236,175,8,483,P1,61,48.9,36.2,306,136,491,P1,False,B,3,,0,256,
Jhargram,2002,Jhr-2002,40,Club Building 40,316,320,0,636,50.31,15,2.4,298,175,5,526,P1,123,56.7,33.3,240,165,495,P1,False,B,3,,0,260,
Jhargram,2002,Jhr-2002,41,Club Building 41,303,302,1,606,49.83,11,1.8,303,120,3,470,P1,183,64.5,25.5,247,185,480,P1,False,B,3,,0,247,
Jhargram,2002,Jhr-2002,42,Post Office 42,249,232,1,482,48.13,12,2.5,238,103,5,406,P1,135,58.6,25.4,234,120,394,P1,False,B,3,,0,197,
Jhargram,2002,Jhr-2002,43,Community Hall 43,387,350,1,738,47.43,12,1.6,306,162,13,597,P1,144,51.3,27.1,324,76,560,P1,False,B,3,,0,301,
Jhargram,2002,Jhr-2002,44,Temple Hall 44,413,405,0,818,49.51,21,2.6,354,239,4,658,P1,115,53.8,36.3,326,228,615,P1,False,B,3,,0,334,
Jhargram,2002,Jhr-2002,45,Primary School 45,371,367,0,738,49.73,13,1.8,260,216,12,612,P1,44,42.5,35.3,342,183,583,P1,False,B,3,,0,301,
Jhargram,2002,Jhr-2002,46,Post Office 46,263,244,1,508,48.03,11,2.2,221,141,4,402,P1,80,55.0,35.1,167,68,378,P1,False,B,3,,0,207,
Jhargram,2002,Jhr-2002,47,Anganwadi Centre 47,247,234,1,482,48.55,9,1.9,122,94,19,380,P4,19,32.1,24.7,174,112,404,P1,True,B,3,,0,197,
Jhargram,2002,Jhr-2002,48,Club Building 48,355,319,0,674,47.33,12,1.8,324,156,9,554,P1,168,58.5,28.2,307,127,503,P1,False,B,3,,0,275,
Jhargram,2002,Jhr-2002,49,Anganwadi Centre 49,375,343,0,718,47.77,11,1.5,189,154,13,559,P4,9,33.8,27.5,379,167,606,P1,True,B,3,,0,293,
Jhargram,2002,Jhr-2002,50,Anganwadi Centre 50,409,381,1,791,48.17,19,2.4,359,240,2,666,P1,119,53.9,36.0,365,174,599,P1,False,B,3,,0,323,
Jhargram,2002,Jhr-2002,51,Post Office 51,296,267,1,564,47.34,13,2.3,238,141,5,435,P1,97,54.7,32.4,267,115,424,P1,False,B,3,,0,230,
Jhargram,2002,Jhr-2002,52,Market Building 52,359,350,0,709,49.37,17,2.4,315,195,5,567,P1,120,55.6,34.4,308,176,537,P1,False,B,3,,0,289,
Jhargram,2002,Jhr-2002,53,Panchayat Bhavan 53,291,292,0,583,50.09,10,1.7,263,152,4,461,P1,111,57.0,33.0,249,167,462,P1,False,B,3,,0,238,
Jhargram,2002,Jhr-2002,54,Market Building 54,268,256,1,525,48.76,10,1.9,272,112,2,427,P1,160,63.7,26.2,221,82,417,P1,False,B,3,,0,214,
Jhargram,2002,Jhr-2002,55,High School 55,382,364,1,747,48.73,17,2.3,312,163,7,550,P1,149,56.7,29.6,361,177,619,P1,False,B,3,,0,305,
Jhargram,2002,Jhr-2002,56,Govt Office 56,419,393,0,812,48.4,16,2.0,265,255,3,609,P1,10,43.5,41.9,385,198,667,P1,False,B,3,,0,332,
Jhargram,2002,Jhr-2002,57,High School 57,389,373,1,763,48.89,11,1.4,353,217,8,640,P1,136,55.2,33.9,347,199,644,P1,False,B,3,,0,312,
Jhargram,2002,Jhr-2002,58,Health Sub-Centre 58,396,387,1,784,49.36,20,2.6,298,215,10,622,P1,83,47.9,34.6,379,211,656,P1,False,B,3,,0,320,
Jhargram,2002,Jhr-2002,59,Club Building 59,356,323,0,679,47.57,10,1.5,294,173,2,529,P1,121,55.6,32.7,298,145,540,P1,False,B,3,,0,277,
Jhargram,2002,Jhr-2002,60,High School 60,299,294,1,594,49.49,9,1.5,240,171,2,464,P1,69,51.7,36.9,267,165,482,P1,False,B,3,,0,243,
Jhargram,2002,Jhr-2002,61,Primary School 61,288,271,0,559,48.48,14,2.5,278,109,6,465,P1,169,59.8,23.4,272,111,458,P1,False,B,3,,0,228,
Jhargram,2002,Jhr-2002,62,Health Sub-Centre 62,359,332,1,692,47.98,13,1.9,320,166,7,559,P1,154,57.2,29.7,359,120,532,P1,False,B,3,,0,283,
Jhargram,2002,Jhr-2002,63,Anganwadi Centre 63,408,386,0,794,48.61,13,1.6,353,227,5,669,P1,126,52.8,33.9,305,236,602,P1,False,B,3,,0,324,
Jhargram,2002,Jhr-2002,64,Govt Office 64,405,406,1,812,50.0,21,2.6,363,195,4,620,P1,168,58.5,31.5,468,146,682,P1,False,B,3,,0,332,
Jhargram,2002,Jhr-2002,65,Post Office 65,323,311,0,634,49.05,10,1.6,294,146,6,529,P1,148,55.6,27.6,192,188,477,P1,False,B,3,,0,259,
Jhargram,2002,Jhr-2002,66,Anganwadi Centre 66,384,349,1,734,47.55,14,1.9,332,128,4,580,P1,204,57.2,22.1,404,151,617,P1,False,B,3,,0,300,
Jhargram,2002,Jhr-2002,67,Health Sub-Centre 67,368,362,1,731,49.52,16,2.2,270,152,10,540,P1,118,50.0,28.1,347,132,593,P1,False,B,3,,0,298,
Jhargram,2002,Jhr-2002,68,Market Building 68,352,352,1,705,49.93,13,1.8,309,161,6,523,P1,148,59.1,30.8,268,191,554,P1,False,B,3,,0,288,
Jhargram,2002,Jhr-2002,69,Temple Hall 69,381,368,1,750,49.07,15,2.0,298,199,8,570,P1,99,52.3,34.9,380,119,554,P1,False,B,3,,0,306,
Jhargram,2002,Jhr-2002,70,Govt Office 70,299,276,0,575,48.0,14,2.4,263,118,3,424,P1,145,62.0,27.8,190,159,450,P1,False,B,3,,0,235,
Jhargram,2002,Jhr-2002,71,High School 71,301,308,0,609,50.57,11,1.8,286,157,6,505,P1,129,56.6,31.1,288,135,509,P1,False,B,3,,0,249,
Jhargram,2002,Jhr-2002,72,Panchayat Bhavan 72,265,246,0,511,48.14,12,2.3,243,114,2,397,P1,129,61.2,28.7,204,96,389,P1,False,B,3,,0,209,
Jhargram,2002,Jhr-2002,73,Market Building 73,270,273,0,543,50.28,9,1.7,312,99,5,456,P1,213,68.4,21.7,268,108,418,P1,False,A,1,,0,222,
Jhargram,2002,Jhr-2002,74,Panchayat Bhavan 74,287,274,1,562,48.75,10,1.8,223,108,7,432,P1,115,51.6,25.0,234,110,430,P1,False,B,3,,0,229,
Jhargram,2002,Jhr-2002,75,Panchayat Bhavan 75,371,335,0,706,47.45,11,1.6,277,186,12,561,P1,91,49.4,33.2,295,207,558,P1,False,B,3,,0,288,
Jhargram,2002,Jhr-2002,76,Community Hall 76,319,287,0,606,47.36,9,1.5,297,153,3,500,P1,144,59.4,30.6,284,153,486,P1,False,B,3,,0,247,
Jhargram,2002,Jhr-2002,77,Market Building 77,346,321,0,667,48.13,14,2.1,351,119,4,522,P1,232,67.2,22.8,215,175,502,P1,False,A,1,,0,272,
Jhargram,2002,Jhr-2002,78,High School 78,320,297,0,617,48.14,10,1.6,259,191,5,520,P1,68,49.8,36.7,258,176,482,P1,False,B,3,,0,252,
Jhargram,2002,Jhr-2002,79,Primary School 79,354,319,1,674,47.33,17,2.5,282,119,17,550,P1,156,51.3,21.6,247,218,564,P1,False,B,3,,0,275,
Jhargram,2002,Jhr-2002,80,Madrasa 80,295,288,1,584,49.32,8,1.4,262,166,2,476,P1,96,55.0,34.9,221,116,431,P1,False,B,3,,0,238,
Jhargram,2002,Jhr-2002,81,Anganwadi Centre 81,268,261,1,530,49.25,12,2.3,234,121,6,409,P1,113,57.2,29.6,235,116,390,P1,False,B,3,,0,216,
Jhargram,2002,Jhr-2002,82,Market Building 82,254,235,0,489,48.06,7,1.4,195,111,6,381,P1,84,51.2,29.1,282,67,388,P1,False,B,3,,0,200,
Jhargram,2002,Jhr-2002,83,Club Building 83,403,402,1,806,49.88,17,2.1,386,162,4,609,P1,224,63.4,26.6,369,187,620,P1,False,B,3,,0,329,
Jhargram,2002,Jhr-2002,84,Panchayat Bhavan 84,405,367,0,772,47.54,14,1.8,359,153,3,569,P1,206,63.1,26.9,365,153,616,P1,False,B,3,,0,315,
Jhargram,2002,Jhr-2002,85,Temple Hall 85,293,282,1,576,48.96,12,2.1,283,136,3,466,P1,147,60.7,29.2,290,109,443,P1,False,B,3,,0,235,
Jhargram,2002,Jhr-2002,86,Panchayat Bhavan 86,312,294,0,606,48.51,10,1.7,234,76,12,450,P1,111,52.0,16.9,265,173,495,P1,False,B,3,,0,247,
Jhargram,2002,Jhr-2002,87,Health Sub-Centre 87,344,335,0,679,49.34,13,1.9,252,146,11,523,P1,106,48.2,27.9,277,182,574,P1,False,B,3,,0,277,
Jhargram,2002,Jhr-2002,88,High School 88,416,378,1,795,47.55,12,1.5,409,118,10,618,P1,291,66.2,19.1,305,182,583,P1,False,A,1,,0,325,
Jhargram,2002,Jhr-2002,89,Govt Office 89,405,398,1,804,49.5,15,1.9,336,202,17,680,P1,134,49.4,29.7,400,199,665,P1,False,B,3,,0,328,
Jhargram,2002,Jhr-2002,90,Temple Hall 90,357,359,0,716,50.14,15,2.1,271,221,4,559,P1,50,48.5,39.5,282,176,537,P1,False,B,3,,0,292,
Jhargram,2002,Jhr-2002,91,Panchayat Bhavan 91,395,361,0,756,47.75,11,1.5,248,229,9,576,P1,19,43.1,39.8,338,176,573,P1,False,B,3,,0,309,
Jhargram,2002,Jhr-2002,92,High School 92,361,347,1,709,48.94,13,1.8,336,147,5,537,P1,189,62.6,27.4,280,160,522,P1,False,B,3,,0,289,
Jhargram,2002,Jhr-2002,93,Madrasa 93,257,247,1,505,48.91,8,1.6,276,87,3,404,P1,189,68.3,21.5,207,179,428,P1,False,A,1,,0,206,
Jhargram,2002,Jhr-2002,94,High School 94,365,331,0,696,47.56,11,1.6,357,139,5,551,P1,218,64.8,25.2,288,178,518,P1,False,B,3,,0,284,
Jhargram,2002,Jhr-2002,95,Post Office 95,288,273,0,561,48.66,12,2.1,276,139,5,461,P1,137,59.9,30.2,248,93,425,P1,False,B,3,,0,229,
Jhargram,2002,Jhr-2002,96,Madrasa 96,291,283,1,575,49.22,11,1.9,310,122,2,480,P1,188,64.6,25.4,294,111,449,P1,False,B,3,,0,235,
Jhargram,2002,Jhr-2002,97,Govt Office 97,238,242,0,480,50.42,12,2.5,207,120,3,372,P1,87,55.6,32.3,190,123,402,P1,False,B,3,,0,196,
Jhargram,2002,Jhr-2002,98,Club Building 98,360,351,1,712,49.3,11,1.5,263,186,11,589,P1,77,44.7,31.6,303,151,562,P1,False,B,3,,0,291,
Jhargram,2002,Jhr-2002,99,Temple Hall 99,240,247,1,488,50.61,8,1.6,224,145,1,411,P1,79,54.5,35.3,209,120,366,P1,False,B,3,,0,199,
Jhargram,2002,Jhr-2002,100,Madrasa 100,347,348,1,696,50.0,10,1.4,378,129,6,563,P1,249,67.1,22.9,282,164,589,P1,False,A,1,,0,284,
Jhargram,2002,Jhr-2002,101,Panchayat Bhavan 101,302,303,1,606,50.0,12,2.0,326,109,2,484,P1,217,67.4,22.5,265,188,507,P1,False,A,1,,0,247,
Jhargram,2002,Jhr-2002,102,Community Hall 102,260,234,0,494,47.37,8,1.6,217,128,4,404,P1,89,53.7,31.7,187,157,417,P1,False,B,3,,0,202,
Jhargram,2002,Jhr-2002,103,High School 103,343,346,0,689,50.22,13,1.9,174,210,16,548,P2,36,31.8,38.3,317,177,549,P1,True,B,3,,0,281,
Jhargram,2002,Jhr-2002,104,Health Sub-Centre 104,292,270,1,563,47.96,15,2.7,233,115,9,426,P1,118,54.7,27.0,261,152,459,P1,False,B,3,,0,230,
Jhargram,2002,Jhr-2002,105,Madrasa 105,260,238,0,498,47.79,9,1.8,197,123,7,388,P1,74,50.8,31.7,224,118,396,P1,False,B,3,,0,203,
Jhargram,2002,Jhr-2002,106,Club Building 106,286,268,0,554,48.38,14,2.5,240,145,4,428,P1,95,56.1,33.9,231,137,467,P1,False,B,3,,0,226,
Jhargram,2002,Jhr-2002,107,Club Building 107,373,362,1,736,49.18,16,2.2,351,144,4,550,P1,207,63.8,26.2,323,191,584,P1,False,B,3,,0,301,
Jhargram,2002,Jhr-2002,108,High School 108,399,386,0,785,49.17,12,1.5,271,198,9,600,P1,73,45.2,33.0,235,196,606,P1,False,B,3,,0,321,
Jhargram,2002,Jhr-2002,109,Temple Hall 109,392,404,1,797,50.69,14,1.8,366,206,3,635,P1,160,57.6,32.4,328,124,601,P1,False,B,3,,0,325,
Jhargram,2002,Jhr-2002,110,Panchayat Bhavan 110,308,310,0,618,50.16,14,2.3,382,48,5,477,P1,334,80.1,10.1,247,162,522,P1,False,A,1,,0,252,
Jhargram,2002,Jhr-2002,111,Market Building 111,269,267,1,537,49.72,13,2.4,233,126,4,399,P1,107,58.4,31.6,234,134,409,P1,False,B,3,,0,219,
Jhargram,2002,Jhr-2002,112,Primary School 112,402,361,0,763,47.31,17,2.2,328,197,2,591,P1,131,55.5,33.3,360,188,624,P1,False,B,3,,0,312,
Jhargram,2002,Jhr-2002,113,Market Building 113,391,377,1,769,49.02,15,2.0,384,132,3,573,P1,252,67.0,23.0,329,154,600,P1,False,A,1,,0,314,
Jhargram,2002,Jhr-2002,114,Panchayat Bhavan 114,418,387,0,805,48.07,15,1.9,280,213,8,619,P1,67,45.2,34.4,362,205,630,P1,False,B,3,,0,329,
Jhargram,2002,Jhr-2002,115,Market Building 115,407,382,1,790,48.35,13,1.6,319,126,9,605,P1,174,52.7,20.8,328,247,639,P1,False,B,3,,0,323,
Jhargram,2002,Jhr-2002,116,Madrasa 116,283,274,0,557,49.19,14,2.5,253,131,3,465,P1,122,54.4,28.2,202,125,430,P1,False,B,3,,0,227,
Jhargram,2002,Jhr-2002,117,Govt Office 117,385,364,0,749,48.6,19,2.5,343,203,4,607,P1,140,56.5,33.4,372,159,591,P1,False,B,3,,0,306,
Jhargram,2002,Jhr-2002,118,Anganwadi Centre 118,323,319,0,642,49.69,12,1.9,243,163,6,506,P1,80,48.0,32.2,255,138,471,P1,False,B,3,,0,262,
Jhargram,2002,Jhr-2002,119,Anganwadi Centre 119,288,295,1,584,50.51,11,1.9,243,135,4,447,P1,108,54.4,30.2,240,130,436,P1,False,B,3,,0,238,
Jhargram,2002,Jhr-2002,120,Market Building 120,264,254,0,518,49.03,8,1.5,219,136,2,394,P1,83,55.6,34.5,196,164,400,P1,False,B,3,,0,212,
Jhargram,2002,Jhr-2002,121,Health Sub-Centre 121,337,313,1,651,48.08,10,1.5,256,129,12,529,P1,127,48.4,24.4,236,192,532,P1,False,B,3,,0,266,
Jhargram,2002,Jhr-2002,122,Market Building 122,390,391,0,781,50.06,13,1.7,339,188,3,616,P1,151,55.0,30.5,307,168,610,P1,False,B,3,,0,319,
Jhargram,2002,Jhr-2002,123,Club Building 123,309,293,0,602,48.67,16,2.7,280,171,5,501,P1,109,55.9,34.1,240,167,464,P1,False,B,3,,0,246,
Jhargram,2002,Jhr-2002,124,Madrasa 124,338,326,0,664,49.1,15,2.3,248,99,9,541,P1,69,45.8,18.3,290,164,504,P1,False,B,3,,0,271,
Jhargram,2002,Jhr-2002,125,Govt Office 125,277,258,1,536,48.13,10,1.9,269,117,5,429,P1,152,62.7,27.3,226,151,432,P1,False,B,3,,0,219,
Jhargram,2002,Jhr-2002,126,Market Building 126,324,302,0,626,48.24,11,1.8,233,164,3,488,P1,69,47.7,33.6,258,197,520,P1,False,B,3,,0,256,
Jhargram,2002,Jhr-2002,127,High School 127,378,372,1,751,49.53,11,1.5,350,194,3,615,P1,156,56.9,31.5,307,208,600,P1,False,B,3,,0,307,
Jhargram,2002,Jhr-2002,128,Primary School 128,360,323,0,683,47.29,14,2.0,321,172,5,548,P1,149,58.6,31.4,328,165,553,P1,False,B,3,,0,279,
Jhargram,2002,Jhr-2002,129,High School 129,263,252,0,515,48.93,8,1.6,218,135,6,407,P1,83,53.6,33.2,240,117,422,P1,False,B,3,,0,210,
Jhargram,2002,Jhr-2002,130,Club Building 130,320,318,1,639,49.77,10,1.6,269,165,3,490,P1,104,54.9,33.7,222,199,528,P1,False,B,3,,0,261,
Jhargram,2002,Jhr-2002,131,Primary School 131,326,313,1,640,48.91,15,2.3,246,151,12,534,P1,95,46.1,28.3,342,97,488,P1,False,B,3,,0,261,
Jhargram,2002,Jhr-2002,132,High School 132,320,302,1,623,48.48,11,1.8,273,174,5,496,P1,99,55.0,35.1,248,172,524,P1,False,B,3,,0,254,
Jhargram,2002,Jhr-2002,133,High School 133,388,368,1,757,48.61,12,1.6,272,186,5,578,P1,86,47.1,32.2,277,248,595,P1,False,B,3,,0,309,
Jhargram,2002,Jhr-2002,134,Panchayat Bhavan 134,282,286,0,568,50.35,13,2.3,241,108,9,472,P1,131,51.1,22.9,223,159,479,P1,False,B,3,,0,232,
Jhargram,2002,Jhr-2002,135,Primary School 135,301,279,0,580,48.1,10,1.7,256,186,2,491,P1,70,52.1,37.9,220,174,472,P1,False,B,3,,0,237,
Jhargram,2002,Jhr-2002,136,Anganwadi Centre 136,283,262,0,545,48.07,13,2.4,273,98,3,412,P1,175,66.3,23.8,236,86,455,P1,False,A,1,,0,223,
Jhargram,2002,Jhr-2002,137,High School 137,395,360,1,756,47.62,16,2.1,347,227,7,638,P1,120,54.4,35.6,377,196,637,P1,False,B,3,,0,309,
Jhargram,2002,Jhr-2002,138,Panchayat Bhavan 138,406,387,1,794,48.74,16,2.0,362,163,6,583,P1,199,62.1,28.0,302,231,650,P1,False,B,3,,0,324,
Jhargram,2002,Jhr-2002,139,Club Building 139,323,304,0,627,48.48,9,1.4,270,146,4,491,P1,124,55.0,29.7,209,182,478,P1,False,B,3,,0,256,
Jhargram,2002,Jhr-2002,140,Madrasa 140,367,338,1,706,47.88,16,2.3,329,177,6,563,P1,152,58.4,31.4,335,188,582,P1,False,B,3,,0,288,
Jhargram,2002,Jhr-2002,141,Madrasa 141,361,342,1,704,48.58,18,2.6,203,185,15,554,P1,18,36.6,33.4,301,175,529,P1,False,B,3,,0,287,
Jhargram,2002,Jhr-2002,142,Club Building 142,357,343,0,700,49.0,17,2.4,313,159,7,563,P1,154,55.6,28.2,301,207,564,P1,False,B,3,,0,286,
Jhargram,2002,Jhr-2002,143,Market Building 143,291,284,1,576,49.31,13,2.3,228,122,6,424,P1,106,53.8,28.8,280,145,472,P1,False,B,3,,0,235,
Jhargram,2002,Jhr-2002,144,Govt Office 144,377,360,1,738,48.78,12,1.6,352,161,4,609,P1,191,57.8,26.4,294,171,591,P1,False,B,3,,0,301,
Jhargram,2002,Jhr-2002,145,Market Building 145,335,309,1,645,47.91,16,2.5,298,139,3,518,P1,159,57.5,26.8,287,195,536,P1,False,B,3,,0,263,
Jhargram,2002,Jhr-2002,146,Market Building 146,295,266,0,561,47.42,11,2.0,293,126,5,465,P1,167,63.0,27.1,235,154,432,P1,False,B,3,,0,229,
Jhargram,2002,Jhr-2002,147,Community Hall 147,374,345,0,719,47.98,14,1.9,360,174,3,593,P1,186,60.7,29.3,331,199,589,P1,False,B,3,,0,294,
Jhargram,2002,Jhr-2002,148,Post Office 148,313,285,0,598,47.66,13,2.2,228,214,4,498,P1,14,45.8,43.0,250,51,459,P1,False,B,3,,0,244,
Jhargram,2002,Jhr-2002,149,Anganwadi Centre 149,261,256,1,518,49.42,8,1.5,222,78,4,382,P1,144,58.1,20.4,178,120,398,P1,False,B,3,,0,212,
Jhargram,2002,Jhr-2002,150,Govt Office 150,356,360,1,717,50.21,10,1.4,235,241,7,542,P2,6,43.4,44.5,222,206,576,P1,True,B,3,,0,293,
Jhargram,2002,Jhr-2002,151,Temple Hall 151,316,324,1,641,50.55,11,1.7,234,153,9,532,P1,81,44.0,28.8,262,161,470,P1,False,B,3,,0,262,
Jhargram,2002,Jhr-2002,152,Anganwadi Centre 152,277,274,1,552,49.64,9,1.6,272,122,5,438,P1,150,62.1,27.9,231,179,456,P1,False,B,3,,0,225,
Jhargram,2002,Jhr-2002,153,Govt Office 153,303,294,0,597,49.25,13,2.2,255,146,3,487,P1,109,52.4,30.0,248,155,466,P1,False,B,3,,0,244,
Jhargram,2002,Jhr-2002,154,Govt Office 154,391,371,1,763,48.62,13,1.7,286,93,20,628,P1,64,45.5,14.8,279,217,591,P1,False,B,3,,0,312,
Jhargram,2002,Jhr-2002,155,Anganwadi Centre 155,322,313,1,636,49.21,13,2.0,271,161,3,480,P1,110,56.5,33.5,333,146,533,P1,False,B,3,,0,260,
Jhargram,2002,Jhr-2002,156,High School 156,381,345,0,726,47.52,16,2.2,343,164,6,568,P1,179,60.4,28.9,295,187,551,P1,False,B,3,,0,296,
Jhargram,2002,Jhr-2002,157,Club Building 157,277,250,0,527,47.44,12,2.3,282,121,4,447,P1,161,63.1,27.1,208,132,422,P1,False,B,3,,0,215,
Jhargram,2002,Jhr-2002,158,High School 158,340,325,0,665,48.87,14,2.1,348,151,2,554,P1,197,62.8,27.3,314,148,513,P1,False,B,3,,0,272,
Jhargram,2002,Jhr-2002,159,Panchayat Bhavan 159,281,269,1,551,48.82,12,2.2,239,131,2,411,P1,108,58.2,31.9,257,115,413,P1,False,B,3,,0,225,
Jhargram,2002,Jhr-2002,160,Market Building 160,308,309,0,617,50.08,9,1.5,239,184,4,470,P1,55,50.9,39.1,275,128,501,P1,False,B,3,,0,252,
Jhargram,2002,Jhr-2002,161,Health Sub-Centre 161,275,266,1,542,49.08,9,1.7,229,137,4,409,P1,92,56.0,33.5,278,98,438,P1,False,B,3,,0,221,
Jhargram,2002,Jhr-2002,162,Madrasa 162,307,298,0,605,49.26,13,2.1,227,133,11,484,P1,94,46.9,27.5,269,140,455,P1,False,B,3,,0,247,
Jhargram,2002,Jhr-2002,163,Anganwadi Centre 163,400,412,0,812,50.74,19,2.3,368,130,22,685,P1,210,53.7,19.0,379,178,657,P1,False,B,3,,0,332,
Jhargram,2002,Jhr-2002,164,High School 164,395,361,1,757,47.69,16,2.1,378,151,2,588,P1,227,64.3,25.7,318,186,561,P1,False,B,3,,0,309,
Jhargram,2002,Jhr-2002,165,Panchayat Bhavan 165,395,354,0,749,47.26,19,2.5,270,205,10,584,P1,65,46.2,35.1,408,148,618,P1,False,B,3,,0,306,
Jhargram,2002,Jhr-2002,166,Club Building 166,345,348,1,694,50.14,18,2.6,292,146,7,533,P1,146,54.8,27.4,278,166,538,P1,False,B,3,,0,283,
Jhargram,2002,Jhr-2002,167,Temple Hall 167,361,359,0,720,49.86,17,2.4,287,223,5,567,P1,64,50.6,39.3,335,201,607,P1,False,B,3,,0,294,
Jhargram,2002,Jhr-2002,168,Panchayat Bhavan 168,241,239,0,480,49.79,11,2.3,213,130,4,382,P1,83,55.8,34.0,233,131,404,P1,False,B,3,,0,196,
Jhargram,2002,Jhr-2002,169,High School 169,278,287,0,565,50.8,10,1.8,193,165,4,426,P1,28,45.3,38.7,318,109,474,P1,False,B,3,,0,231,
Jhargram,2002,Jhr-2002,170,High School 170,310,311,1,622,50.0,11,1.8,269,142,5,457,P1,127,58.9,31.1,291,143,484,P1,False,B,3,,0,254,
Jhargram,2002,Jhr-2002,171,Community Hall 171,348,338,1,687,49.2,11,1.6,296,127,7,571,P1,161,51.8,22.2,301,156,543,P1,False,B,3,,0,281,
Jhargram,2002,Jhr-2002,172,Market Building 172,299,308,1,608,50.66,13,2.1,301,145,5,511,P1,156,58.9,28.4,229,155,467,P1,False,B,3,,0,248,
Jhargram,2002,Jhr-2002,173,Community Hall 173,306,283,1,590,47.97,13,2.2,241,149,5,490,P1,92,49.2,30.4,225,150,445,P1,False,B,3,,0,241,
Jhargram,2002,Jhr-2002,174,Community Hall 174,276,271,1,548,49.45,10,1.8,203,155,7,451,P1,48,45.0,34.4,260,158,464,P1,False,B,3,,0,224,
Jhargram,2002,Jhr-2002,175,Anganwadi Centre 175,255,261,1,517,50.48,9,1.7,210,142,4,395,P1,68,53.2,35.9,245,114,398,P1,False,B,3,,0,211,
Jhargram,2002,Jhr-2002,176,Temple Hall 176,406,391,1,798,49.0,19,2.4,364,199,2,626,P1,165,58.1,31.8,382,198,644,P1,False,B,3,,0,326,
Jhargram,2002,Jhr-2002,177,Community Hall 177,286,285,1,572,49.83,10,1.7,244,137,3,465,P1,107,52.5,29.5,250,131,423,P1,False,B,3,,0,234,
Jhargram,2002,Jhr-2002,178,High School 178,391,401,0,792,50.63,17,2.1,340,225,3,627,P1,115,54.2,35.9,349,109,636,P1,False,B,3,,0,323,
Jhargram,2002,Jhr-2002,179,Health Sub-Centre 179,245,235,1,481,48.86,9,1.9,269,82,4,390,P1,187,69.0,21.0,211,137,386,P1,False,A,1,,0,196,
Jhargram,2002,Jhr-2002,180,Post Office 180,309,278,0,587,47.36,12,2.0,229,141,7,476,P1,88,48.1,29.6,229,120,437,P1,False,B,3,,0,240,
Jhargram,2002,Jhr-2002,181,Market Building 181,330,314,0,644,48.76,14,2.2,256,164,5,495,P1,92,51.7,33.1,354,129,537,P1,False,B,3,,0,263,
Jhargram,2002,Jhr-2002,182,Primary School 182,299,292,0,591,49.41,13,2.2,290,143,5,481,P1,147,60.3,29.7,255,141,448,P1,False,B,3,,0,241,
Jhargram,2002,Jhr-2002,183,Community Hall 183,276,273,0,549,49.73,14,2.6,236,135,2,412,P1,101,57.3,32.8,238,157,450,P1,False,B,3,,0,224,
Jhargram,2002,Jhr-2002,184,Community Hall 184,368,375,1,744,50.4,19,2.6,249,244,7,559,P1,5,44.5,43.6,258,234,609,P1,False,B,3,,0,304,
Jhargram,2003,Jhr-2003,1,Anganwadi Centre 1,322,302,0,624,48.4,15,2.4,275,137,3,491,P1,138,56.0,27.9,250,187,526,P1,False,B,3,,0,255,
Jhargram,2003,Jhr-2003,2,Community Hall 2,377,368,1,746,49.33,25,3.4,397,154,7,617,P1,243,64.3,25.0,390,145,595,P1,False,B,3,,0,305,
Jhargram,2003,Jhr-2003,3,Health Sub-Centre 3,389,381,1,771,49.42,23,3.0,274,171,8,614,P1,103,44.6,27.9,321,187,653,P1,False,B,3,,0,315,
Jhargram,2003,Jhr-2003,4,Community Hall 4,346,313,0,659,47.5,18,2.7,326,172,7,557,P1,154,58.5,30.9,283,172,505,P1,False,B,3,,0,269,
Jhargram,2003,Jhr-2003,5,Post Office 5,351,351,0,702,50.0,25,3.6,252,156,16,549,P1,96,45.9,28.4,298,179,552,P1,False,B,3,,0,287,
Jhargram,2003,Jhr-2003,6,Panchayat Bhavan 6,253,228,0,481,47.4,16,3.3,200,130,3,367,P1,70,54.5,35.4,223,125,403,P1,False,B,3,,0,196,
Jhargram,2003,Jhr-2003,7,High School 7,249,234,0,483,48.45,19,3.9,204,131,4,372,P1,73,54.8,35.2,251,90,378,P1,False,B,3,,0,197,
Jhargram,2003,Jhr-2003,8,Health Sub-Centre 8,281,255,0,536,47.57,20,3.7,198,111,6,433,P1,85,45.7,25.6,232,173,451,P1,False,B,3,,0,219,
Jhargram,2003,Jhr-2003,9,Anganwadi Centre 9,320,291,0,611,47.63,22,3.6,260,134,4,458,P1,126,56.8,29.3,272,142,487,P1,False,B,3,,0,249,
Jhargram,2003,Jhr-2003,10,Primary School 10,352,322,1,675,47.7,21,3.1,238,126,13,500,P1,112,47.6,25.2,236,173,538,P1,False,B,3,,0,276,
Jhargram,2003,Jhr-2003,11,Madrasa 11,240,244,0,484,50.41,16,3.3,259,106,2,406,P1,153,63.8,26.1,199,159,398,P1,False,B,3,,0,198,
Jhargram,2003,Jhr-2003,12,Market Building 12,258,244,1,503,48.51,15,3.0,197,144,7,405,P1,53,48.6,35.6,171,144,375,P1,False,B,3,,0,205,
Jhargram,2003,Jhr-2003,13,Temple Hall 13,342,328,0,670,48.96,15,2.2,290,147,8,517,P1,143,56.1,28.4,366,96,513,P1,False,B,3,,0,274,
Jhargram,2003,Jhr-2003,14,Madrasa 14,408,389,0,797,48.81,27,3.4,336,190,6,585,P1,146,57.4,32.5,241,211,601,P1,False,B,3,,0,325,
Jhargram,2003,Jhr-2003,15,Primary School 15,387,354,0,741,47.77,20,2.7,288,166,3,546,P1,122,52.7,30.4,349,168,623,P1,False,B,3,,0,303,
Jhargram,2003,Jhr-2003,16,Health Sub-Centre 16,357,358,1,716,50.0,22,3.1,374,154,4,587,P1,220,63.7,26.2,396,144,600,P1,False,B,3,,0,292,
Jhargram,2003,Jhr-2003,17,Market Building 17,363,376,1,740,50.81,19,2.6,346,146,9,568,P1,200,60.9,25.7,228,150,581,P1,False,B,3,,0,302,
Jhargram,2003,Jhr-2003,18,Community Hall 18,383,392,0,775,50.58,29,3.7,379,186,7,628,P1,193,60.4,29.6,307,174,618,P1,False,B,3,,0,316,
Jhargram,2003,Jhr-2003,19,Club Building 19,419,388,1,808,48.02,20,2.5,289,194,7,600,P1,95,48.2,32.3,378,212,655,P1,False,B,3,,0,330,
Jhargram,2003,Jhr-2003,20,Club Building 20,308,310,1,619,50.08,21,3.4,316,126,4,494,P1,190,64.0,25.5,248,172,467,P1,False,B,3,,0,253,
Jhargram,2003,Jhr-2003,21,Post Office 21,408,387,1,796,48.62,26,3.3,375,167,3,603,P1,208,62.2,27.7,348,160,593,P1,False,B,3,,0,325,
Jhargram,2003,Jhr-2003,22,Club Building 22,276,268,1,545,49.17,13,2.4,186,132,11,418,P1,54,44.5,31.6,231,156,430,P1,False,B,3,,0,223,
Jhargram,2003,Jhr-2003,23,Panchayat Bhavan 23,387,389,0,776,50.13,23,3.0,316,222,3,597,P1,94,52.9,37.2,341,163,609,P1,False,B,3,,0,317,
Jhargram,2003,Jhr-2003,24,Post Office 24,262,253,1,516,49.03,19,3.7,243,123,4,407,P1,120,59.7,30.2,239,111,421,P1,False,B,3,,0,211,
Jhargram,2003,Jhr-2003,25,Govt Office 25,392,404,1,797,50.69,18,2.3,262,194,14,604,P1,68,43.4,32.1,313,189,607,P1,False,B,3,,0,325,
Jhargram,2003,Jhr-2003,26,Community Hall 26,408,409,1,818,50.0,17,2.1,395,194,7,664,P1,201,59.5,29.2,356,202,620,P1,False,B,3,,0,334,
Jhargram,2003,Jhr-2003,27,Health Sub-Centre 27,277,253,1,531,47.65,12,2.3,209,177,4,439,P1,32,47.6,40.3,209,160,418,P1,False,B,3,,0,217,
Jhargram,2003,Jhr-2003,28,Health Sub-Centre 28,425,390,0,815,47.85,32,3.9,300,161,10,602,P1,139,49.8,26.7,299,180,615,P1,False,B,3,,0,333,
Jhargram,2003,Jhr-2003,29,Primary School 29,303,290,0,593,48.9,23,3.9,238,180,2,464,P1,58,51.3,38.8,262,155,463,P1,False,B,3,,0,242,
Jhargram,2003,Jhr-2003,30,High School 30,352,347,1,700,49.57,25,3.6,370,112,6,535,P1,258,69.2,20.9,265,217,578,P1,False,A,1,,0,286,
Jhargram,2003,Jhr-2003,31,Community Hall 31,331,301,1,633,47.55,17,2.7,366,112,3,531,P1,254,68.9,21.1,263,156,501,P1,False,A,1,,0,258,
Jhargram,2003,Jhr-2003,32,Post Office 32,317,321,0,638,50.31,18,2.8,296,149,2,495,P1,147,59.8,30.1,285,196,534,P1,False,B,3,,0,261,
Jhargram,2003,Jhr-2003,33,Madrasa 33,276,253,1,530,47.74,12,2.3,216,145,6,423,P1,71,51.1,34.3,263,89,391,P1,False,B,3,,0,216,
Jhargram,2003,Jhr-2003,34,Post Office 34,332,302,0,634,47.63,21,3.3,265,174,3,519,P1,91,51.1,33.5,350,114,516,P1,False,B,3,,0,259,
Jhargram,2003,Jhr-2003,35,Club Building 35,401,374,0,775,48.26,21,2.7,305,193,5,584,P1,112,52.2,33.0,293,169,585,P1,False,B,3,,0,316,
Jhargram,2003,Jhr-2003,36,Govt Office 36,325,320,0,645,49.61,22,3.4,255,184,4,488,P1,71,52.3,37.7,252,172,502,P1,False,B,3,,0,263,
Jhargram,2003,Jhr-2003,37,Anganwadi Centre 37,412,384,1,797,48.18,24,3.0,317,188,15,651,P1,129,48.7,28.9,345,228,636,P1,False,B,3,,0,325,
Jhargram,2003,Jhr-2003,38,Temple Hall 38,278,283,1,562,50.36,13,2.3,234,121,4,415,P1,113,56.4,29.2,168,82,452,P4,True,B,3,,0,229,
Jhargram,2003,Jhr-2003,39,High School 39,342,328,0,670,48.96,23,3.4,268,190,7,523,P1,78,51.2,36.3,266,172,495,P1,False,B,3,,0,274,
Jhargram,2003,Jhr-2003,40,Primary School 40,288,283,1,572,49.48,13,2.3,265,162,3,482,P1,103,55.0,33.6,277,138,461,P1,False,B,3,,0,234,
Jhargram,2003,Jhr-2003,41,Anganwadi Centre 41,263,243,0,506,48.02,18,3.6,203,116,4,403,P1,87,50.4,28.8,288,87,416,P1,False,B,3,,0,207,
Jhargram,2003,Jhr-2003,42,Health Sub-Centre 42,404,385,0,789,48.8,28,3.5,334,198,7,626,P1,136,53.4,31.6,282,208,605,P1,False,B,3,,0,322,
Jhargram,2003,Jhr-2003,43,Post Office 43,410,399,1,810,49.26,21,2.6,306,123,14,621,P1,135,49.3,19.8,383,185,667,P1,False,B,3,,0,331,
Jhargram,2003,Jhr-2003,44,Govt Office 44,367,330,0,697,47.35,24,3.4,309,216,6,584,P1,93,52.9,37.0,293,170,547,P1,False,B,3,,0,285,
Jhargram,2003,Jhr-2003,45,Panchayat Bhavan 45,279,282,0,561,50.27,13,2.3,186,130,11,439,P1,56,42.4,29.6,225,124,436,P1,False,B,3,,0,229,
Jhargram,2003,Jhr-2003,46,Market Building 46,281,288,0,569,50.62,22,3.9,245,153,5,442,P1,92,55.4,34.6,275,126,481,P1,False,B,3,,0,232,
Jhargram,2003,Jhr-2003,47,Post Office 47,372,377,0,749,50.33,27,3.6,286,195,3,554,P1,91,51.6,35.2,390,113,558,P1,False,B,3,,0,306,
Jhargram,2003,Jhr-2003,48,Post Office 48,281,274,0,555,49.37,17,3.1,208,122,9,408,P1,86,51.0,29.9,235,145,441,P1,False,B,3,,0,227,
Jhargram,2003,Jhr-2003,49,Temple Hall 49,400,399,0,799,49.94,26,3.3,430,177,2,674,P1,253,63.8,26.3,432,157,654,P1,False,B,3,,0,326,
Jhargram,2003,Jhr-2003,50,Primary School 50,344,329,0,673,48.89,24,3.6,313,151,4,532,P1,162,58.8,28.4,289,145,518,P1,False,B,3,,0,275,
Jhargram,2003,Jhr-2003,51,Anganwadi Centre 51,295,301,1,597,50.42,18,3.0,290,149,3,488,P1,141,59.4,30.5,266,138,449,P1,False,B,3,,0,244,
Jhargram,2003,Jhr-2003,52,Health Sub-Centre 52,356,349,0,705,49.5,20,2.8,322,192,2,572,P1,130,56.3,33.6,253,170,522,P1,False,B,3,,0,288,
Jhargram,2003,Jhr-2003,53,Community Hall 53,265,264,0,529,49.91,19,3.6,217,169,4,429,P1,48,50.6,39.4,172,128,389,P1,False,B,3,,0,216,
Jhargram,2003,Jhr-2003,54,Anganwadi Centre 54,378,349,1,728,47.94,17,2.3,321,228,2,610,P1,93,52.6,37.4,294,186,578,P1,False,B,3,,0,297,
Jhargram,2003,Jhr-2003,55,Govt Office 55,345,340,1,686,49.56,26,3.8,292,189,6,537,P1,103,54.4,35.2,388,96,538,P1,False,B,3,,0,280,
Jhargram,2003,Jhr-2003,56,Anganwadi Centre 56,262,253,0,515,49.13,17,3.3,187,148,8,419,P1,39,44.6,35.3,202,144,403,P1,False,B,3,,0,210,
Jhargram,2003,Jhr-2003,57,Health Sub-Centre 57,318,303,1,622,48.71,20,3.2,273,122,3,485,P1,151,56.3,25.2,334,138,524,P1,False,B,3,,0,254,
Jhargram,2003,Jhr-2003,58,Panchayat Bhavan 58,259,248,1,508,48.82,17,3.3,144,145,10,388,P2,1,37.1,37.4,240,98,375,P1,True,B,3,,0,207,
Jhargram,2003,Jhr-2003,59,Govt Office 59,409,374,0,783,47.77,21,2.7,348,178,4,616,P1,170,56.5,28.9,303,201,624,P1,False,B,3,,0,320,
Jhargram,2003,Jhr-2003,60,Post Office 60,391,403,0,794,50.76,26,3.3,384,169,10,654,P1,215,58.7,25.8,341,183,583,P1,False,B,3,,0,324,
Jhargram,2003,Jhr-2003,61,High School 61,350,350,1,701,49.93,17,2.4,299,211,6,567,P1,88,52.7,37.2,320,135,593,P1,False,B,3,,0,286,
Jhargram,2003,Jhr-2003,62,Temple Hall 62,394,401,0,795,50.44,28,3.5,336,153,5,599,P1,183,56.1,25.5,271,247,662,P1,False,B,3,,0,325,
Jhargram,2003,Jhr-2003,63,Madrasa 63,282,253,1,536,47.2,19,3.5,203,144,5,419,P1,59,48.4,34.4,186,165,437,P1,False,B,3,,0,219,
Jhargram,2003,Jhr-2003,64,Madrasa 64,401,404,1,806,50.12,18,2.2,326,174,9,613,P1,152,53.2,28.4,385,148,592,P1,False,B,3,,0,329,
Jhargram,2003,Jhr-2003,65,Market Building 65,292,290,0,582,49.83,15,2.6,176,146,10,457,P1,30,38.5,31.9,277,145,473,P1,False,B,3,,0,238,
Jhargram,2003,Jhr-2003,66,Primary School 66,419,394,1,814,48.4,22,2.7,323,178,13,664,P1,145,48.6,26.8,289,306,684,P2,True,B,3,,0,332,
Jhargram,2003,Jhr-2003,67,Govt Office 67,300,306,0,606,50.5,21,3.5,235,146,6,496,P1,89,47.4,29.4,247,185,508,P1,False,B,3,,0,247,
Jhargram,2003,Jhr-2003,68,Madrasa 68,387,364,1,752,48.4,16,2.1,280,191,10,592,P1,89,47.3,32.3,305,247,613,P1,False,B,3,,0,307,
Jhargram,2003,Jhr-2003,69,Primary School 69,354,329,0,683,48.17,24,3.5,249,198,12,546,P1,51,45.6,36.3,252,187,555,P1,False,B,3,,0,279,
Jhargram,2003,Jhr-2003,70,Post Office 70,401,371,1,773,47.99,25,3.2,314,203,3,601,P1,111,52.2,33.8,295,140,578,P1,False,B,3,,0,316,
Jhargram,2003,Jhr-2003,71,High School 71,389,354,1,744,47.58,23,3.1,315,188,4,626,P1,127,50.3,30.0,290,147,556,P1,False,B,3,,0,304,
Jhargram,2003,Jhr-2003,72,Post Office 72,306,287,1,594,48.32,23,3.9,222,123,6,462,P1,99,48.1,26.6,258,184,491,P1,False,B,3,,0,243,
Jhargram,2003,Jhr-2003,73,Post Office 73,304,284,1,589,48.22,16,2.7,208,144,8,438,P1,64,47.5,32.9,274,126,466,P1,False,B,3,,0,240,
Jhargram,2003,Jhr-2003,74,Health Sub-Centre 74,253,255,1,509,50.1,11,2.2,193,129,8,399,P1,64,48.4,32.3,216,150,411,P1,False,B,3,,0,208,
Jhargram,2003,Jhr-2003,75,Post Office 75,252,230,1,483,47.62,14,2.9,197,129,3,391,P1,68,50.4,33.0,221,111,380,P1,False,B,3,,0,197,
Jhargram,2003,Jhr-2003,76,Panchayat Bhavan 76,349,357,1,707,50.5,25,3.5,304,135,12,553,P1,169,55.0,24.4,286,205,546,P1,False,B,3,,0,289,
Jhargram,2003,Jhr-2003,77,Anganwadi Centre 77,385,375,0,760,49.34,28,3.7,361,207,8,631,P1,154,57.2,32.8,283,195,609,P1,False,B,3,,0,310,
Jhargram,2003,Jhr-2003,78,Anganwadi Centre 78,373,352,1,726,48.48,25,3.4,276,210,4,540,P1,66,51.1,38.9,334,148,535,P1,False,B,3,,0,296,
Jhargram,2003,Jhr-2003,79,Temple Hall 79,296,292,1,589,49.58,15,2.5,282,158,2,489,P1,124,57.7,32.3,199,158,449,P1,False,B,3,,0,240,
Jhargram,2003,Jhr-2003,80,High School 80,269,245,1,515,47.57,13,2.5,191,146,10,429,P1,45,44.5,34.0,236,134,411,P1,False,B,3,,0,210,
Jhargram,2003,Jhr-2003,81,Temple Hall 81,276,276,1,553,49.91,12,2.2,234,156,6,446,P1,78,52.5,35.0,268,98,407,P1,False,B,3,,0,226,
Jhargram,2003,Jhr-2003,82,Govt Office 82,370,366,0,736,49.73,27,3.7,324,210,3,604,P1,114,53.6,34.8,377,145,580,P1,False,B,3,,0,301,
Jhargram,2003,Jhr-2003,83,Madrasa 83,405,396,0,801,49.44,31,3.9,339,177,10,604,P1,162,56.1,29.3,313,127,593,P1,False,B,3,,0,327,
Jhargram,2003,Jhr-2003,84,Panchayat Bhavan 84,345,313,0,658,47.57,22,3.3,250,149,7,494,P1,101,50.6,30.2,281,140,537,P1,False,B,3,,0,269,
Jhargram,2003,Jhr-2003,85,Primary School 85,362,343,1,706,48.58,19,2.7,338,149,5,569,P1,189,59.4,26.2,359,117,529,P1,False,B,3,,0,288,
Jhargram,2003,Jhr-2003,86,Primary School 86,398,360,1,759,47.43,23,3.0,255,192,9,637,P1,63,40.0,30.1,379,171,611,P1,False,B,3,,0,310,
Jhargram,2003,Jhr-2003,87,Health Sub-Centre 87,367,341,0,708,48.16,24,3.4,225,219,6,541,P1,6,41.6,40.5,273,209,546,P1,False,B,3,,0,289,
Jhargram,2003,Jhr-2003,88,Post Office 88,278,253,1,532,47.56,15,2.8,256,147,2,448,P1,109,57.1,32.8,288,87,417,P1,False,B,3,,0,217,
Jhargram,2003,Jhr-2003,89,Panchayat Bhavan 89,344,350,1,695,50.36,19,2.7,232,187,7,574,P1,45,40.4,32.6,296,210,587,P1,False,B,3,,0,284,
Jhargram,2003,Jhr-2003,90,Primary School 90,261,239,1,501,47.7,11,2.2,237,142,3,422,P1,95,56.2,33.6,173,103,410,P1,False,B,3,,0,205,
Jhargram,2003,Jhr-2003,91,Temple Hall 91,259,237,0,496,47.78,18,3.6,225,113,1,377,P1,112,59.7,30.0,248,102,388,P1,False,B,3,,0,203,
Jhargram,2003,Jhr-2003,92,Community Hall 92,374,382,0,756,50.53,19,2.5,373,199,7,635,P1,174,58.7,31.3,368,147,573,P1,False,B,3,,0,309,
Jhargram,2003,Jhr-2003,93,Temple Hall 93,246,252,1,499,50.5,14,2.8,179,106,9,420,P1,57,42.6,25.2,217,116,370,P1,False,B,3,,0,204,
Jhargram,2003,Jhr-2003,94,Panchayat Bhavan 94,413,372,0,785,47.39,17,2.2,358,196,6,625,P1,162,57.3,31.4,396,135,590,P1,False,B,3,,0,321,
Jhargram,2003,Jhr-2003,95,Govt Office 95,299,299,0,598,50.0,14,2.3,335,88,4,470,P1,247,71.3,18.7,274,119,442,P1,False,A,1,,0,244,
Jhargram,2003,Jhr-2003,96,Primary School 96,395,396,1,792,50.0,22,2.8,350,218,5,631,P1,132,55.5,34.5,300,175,623,P1,False,B,3,,0,323,
Jhargram,2003,Jhr-2003,97,Community Hall 97,352,326,0,678,48.08,22,3.2,265,204,2,521,P1,61,50.9,39.2,268,187,553,P1,False,B,3,,0,277,
Jhargram,2003,Jhr-2003,98,Health Sub-Centre 98,276,283,0,559,50.63,21,3.8,217,150,8,466,P1,67,46.6,32.2,242,137,429,P1,False,B,3,,0,228,
Jhargram,2003,Jhr-2003,99,Panchayat Bhavan 99,278,263,0,541,48.61,11,2.0,195,128,9,412,P1,67,47.3,31.1,197,158,415,P1,False,B,3,,0,221,
Jhargram,2003,Jhr-2003,100,Health Sub-Centre 100,357,369,1,727,50.76,21,2.9,331,117,7,577,P1,214,57.4,20.3,296,164,539,P1,False,B,3,,0,297,
Jhargram,2003,Jhr-2003,101,Club Building 101,335,306,0,641,47.74,25,3.9,286,182,8,537,P1,104,53.3,33.9,324,129,503,P1,False,B,3,,0,262,
Jhargram,2003,Jhr-2003,102,Temple Hall 102,371,347,1,719,48.26,24,3.3,297,190,9,580,P1,107,51.2,32.8,278,195,535,P1,False,B,3,,0,294,
Jhargram,2003,Jhr-2003,103,Community Hall 103,328,298,1,627,47.53,14,2.2,350,81,5,479,P1,269,73.1,16.9,305,109,460,P1,False,A,1,,0,256,
Jhargram,2003,Jhr-2003,104,Community Hall 104,404,390,0,794,49.12,30,3.8,398,178,8,652,P1,220,61.0,27.3,411,167,642,P1,False,B,3,,0,324,
Jhargram,2003,Jhr-2003,105,Panchayat Bhavan 105,368,342,1,711,48.1,21,3.0,337,181,6,576,P1,156,58.5,31.4,286,199,568,P1,False,B,3,,0,290,
Jhargram,2003,Jhr-2003,106,Club Building 106,289,280,0,569,49.21,14,2.5,252,140,7,472,P1,112,53.4,29.7,225,161,478,P1,False,B,3,,0,232,
Jhargram,2003,Jhr-2003,107,Club Building 107,294,271,0,565,47.96,20,3.5,259,132,5,442,P1,127,58.6,29.9,286,122,467,P1,False,B,3,,0,231,
Jhargram,2003,Jhr-2003,108,Primary School 108,357,345,0,702,49.15,22,3.1,288,153,14,569,P1,135,50.6,26.9,234,204,521,P1,False,B,3,,0,287,
Jhargram,2003,Jhr-2003,109,Market Building 109,252,256,1,509,50.29,12,2.4,234,139,2,414,P1,95,56.5,33.6,202,148,411,P1,False,B,3,,0,208,
Jhargram,2003,Jhr-2003,110,Anganwadi Centre 110,244,238,1,483,49.28,18,3.7,211,116,9,407,P1,95,51.8,28.5,192,132,396,P1,False,B,3,,0,197,
Jhargram,2003,Jhr-2003,111,Anganwadi Centre 111,316,314,1,631,49.76,15,2.4,222,107,13,482,P1,88,46.1,22.2,222,159,522,P1,False,B,3,,0,258,
Jhargram,2003,Jhr-2003,112,Club Building 112,368,348,0,716,48.6,16,2.2,326,175,2,557,P1,151,58.5,31.4,307,185,571,P1,False,B,3,,0,292,
Jhargram,2003,Jhr-2003,113,Health Sub-Centre 113,268,242,1,511,47.36,19,3.7,229,131,3,413,P1,98,55.4,31.7,201,90,411,P1,False,B,3,,0,209,
Jhargram,2003,Jhr-2003,114,Post Office 114,383,354,0,737,48.03,17,2.3,333,182,6,591,P1,151,56.3,30.8,272,185,545,P1,False,B,3,,0,301,
Jhargram,2003,Jhr-2003,115,High School 115,306,284,0,590,48.14,14,2.4,217,130,6,462,P1,87,47.0,28.1,224,191,492,P1,False,B,3,,0,241,
Jhargram,2003,Jhr-2003,116,Post Office 116,399,383,0,782,48.98,30,3.8,296,148,17,612,P1,148,48.4,24.2,405,122,585,P1,False,B,3,,0,319,
Jhargram,2003,Jhr-2003,117,Anganwadi Centre 117,315,312,0,627,49.76,24,3.8,258,179,3,510,P1,79,50.6,35.1,315,163,531,P1,False,B,3,,0,256,
Jhargram,2003,Jhr-2003,118,Primary School 118,429,383,0,812,47.17,26,3.2,331,206,15,685,P1,125,48.3,30.1,303,257,669,P1,False,B,3,,0,332,
Jhargram,2003,Jhr-2003,119,Community Hall 119,372,370,1,743,49.8,22,3.0,294,210,6,566,P1,84,51.9,37.1,219,198,581,P1,False,B,3,,0,303,
Jhargram,2003,Jhr-2003,120,Post Office 120,282,281,0,563,49.91,16,2.8,194,139,8,423,P1,55,45.9,32.9,264,126,434,P1,False,B,3,,0,230,
Jhargram,2003,Jhr-2003,121,Govt Office 121,335,328,1,664,49.4,16,2.4,261,189,3,500,P1,72,52.2,37.8,281,185,518,P1,False,B,3,,0,271,
Jhargram,2003,Jhr-2003,122,Panchayat Bhavan 122,265,255,0,520,49.04,12,2.3,242,111,3,429,P1,131,56.4,25.9,230,133,404,P1,False,B,3,,0,212,
Jhargram,2003,Jhr-2003,123,Temple Hall 123,388,359,0,747,48.06,19,2.5,290,173,6,624,P1,117,46.5,27.7,241,180,555,P1,False,B,3,,0,305,
Jhargram,2003,Jhr-2003,124,Anganwadi Centre 124,424,385,1,810,47.53,27,3.3,304,222,8,635,P1,82,47.9,35.0,359,215,672,P1,False,B,3,,0,331,
Jhargram,2003,Jhr-2003,125,Club Building 125,383,369,0,752,49.07,18,2.4,342,176,6,575,P1,166,59.5,30.6,306,137,556,P1,False,B,3,,0,307,
Jhargram,2003,Jhr-2003,126,Madrasa 126,374,341,0,715,47.69,18,2.5,302,189,10,588,P1,113,51.4,32.1,347,162,566,P1,False,B,3,,0,292,
Jhargram,2003,Jhr-2003,127,Govt Office 127,295,268,1,564,47.52,15,2.7,204,115,4,418,P1,89,48.8,27.5,290,125,461,P1,False,B,3,,0,230,
Jhargram,2003,Jhr-2003,128,Madrasa 128,391,395,0,786,50.25,22,2.8,460,133,7,659,P1,327,69.8,20.2,359,212,663,P1,False,A,1,,0,321,
Jhargram,2003,Jhr-2003,129,Club Building 129,335,318,0,653,48.7,19,2.9,250,170,6,506,P1,80,49.4,33.6,244,185,517,P1,False,B,3,,0,267,
Jhargram,2003,Jhr-2003,130,Panchayat Bhavan 130,289,272,1,562,48.4,16,2.8,221,143,11,456,P1,78,48.5,31.4,250,139,435,P1,False,B,3,,0,229,
Jhargram,2003,Jhr-2003,131,Community Hall 131,410,408,0,818,49.88,18,2.2,318,231,5,611,P1,87,52.0,37.8,267,233,606,P1,False,B,3,,0,334,
Jhargram,2003,Jhr-2003,132,Club Building 132,376,342,0,718,47.63,23,3.2,280,164,15,577,P1,116,48.5,28.4,284,201,539,P1,False,B,3,,0,293,
Jhargram,2003,Jhr-2003,133,Govt Office 133,288,264,0,552,47.83,19,3.4,247,123,2,411,P1,124,60.1,29.9,236,105,427,P1,False,B,3,,0,225,
Jhargram,2003,Jhr-2003,134,Panchayat Bhavan 134,360,362,1,723,50.07,25,3.5,329,140,7,557,P1,189,59.1,25.1,386,143,588,P1,False,B,3,,0,295,
Jhargram,2003,Jhr-2003,135,Market Building 135,324,302,0,626,48.24,13,2.1,293,167,3,525,P1,126,55.8,31.8,255,214,523,P1,False,B,3,,0,256,
Jhargram,2003,Jhr-2003,136,Temple Hall 136,340,311,1,652,47.7,25,3.8,301,178,7,542,P1,123,55.5,32.8,284,154,488,P1,False,B,3,,0,266,
Jhargram,2003,Jhr-2003,137,Health Sub-Centre 137,359,331,1,691,47.9,25,3.6,280,129,4,525,P1,151,53.3,24.6,273,155,558,P1,False,B,3,,0,282,
Jhargram,2003,Jhr-2003,138,Market Building 138,425,393,0,818,48.04,32,3.9,360,182,9,648,P1,178,55.6,28.1,366,234,667,P1,False,B,3,,0,334,
Jhargram,2003,Jhr-2003,139,Health Sub-Centre 139,383,363,0,746,48.66,26,3.5,336,183,6,602,P1,153,55.8,30.4,399,152,612,P1,False,B,3,,0,305,
Jhargram,2003,Jhr-2003,140,Post Office 140,287,265,1,553,47.92,18,3.3,280,104,5,427,P1,176,65.6,24.4,227,162,433,P1,False,A,1,,0,226,
Jhargram,2003,Jhr-2003,141,Club Building 141,305,315,1,621,50.72,14,2.3,313,103,5,462,P1,210,67.7,22.3,242,180,473,P1,False,A,1,,0,254,
Jhargram,2003,Jhr-2003,142,Primary School 142,340,311,0,651,47.77,16,2.5,235,180,6,526,P1,55,44.7,34.2,298,111,540,P1,False,B,3,,0,266,
Jhargram,2003,Jhr-2003,143,Club Building 143,331,329,1,661,49.77,14,2.1,210,130,12,485,P1,80,43.3,26.8,254,203,508,P1,False,B,3,,0,270,
Jhargram,2003,Jhr-2003,144,Post Office 144,349,323,0,672,48.07,16,2.4,293,177,4,535,P1,116,54.8,33.1,354,147,557,P1,False,B,3,,0,274,
Jhargram,2003,Jhr-2003,145,Primary School 145,258,253,0,511,49.51,18,3.5,224,142,5,415,P1,82,54.0,34.2,258,118,418,P1,False,B,3,,0,209,
Jhargram,2003,Jhr-2003,146,Govt Office 146,417,383,1,801,47.82,19,2.4,366,218,2,649,P1,148,56.4,33.6,376,225,668,P1,False,B,3,,0,327,
Jhargram,2003,Jhr-2003,147,Post Office 147,364,356,0,720,49.44,24,3.3,371,134,6,561,P1,237,66.1,23.9,329,125,547,P1,False,A,1,,0,294,
Jhargram,2003,Jhr-2003,148,Govt Office 148,396,383,1,780,49.1,26,3.3,354,229,5,648,P1,125,54.6,35.3,354,159,603,P1,False,B,3,,0,318,
Jhargram,2003,Jhr-2003,149,Temple Hall 149,327,312,0,639,48.83,21,3.3,335,149,5,537,P1,186,62.4,27.7,270,166,485,P1,False,B,3,,0,261,
Jhargram,2003,Jhr-2003,150,Club Building 150,259,244,0,503,48.51,11,2.2,238,95,2,370,P1,143,64.3,25.7,226,93,395,P1,False,B,3,,0,205,
Jhargram,2003,Jhr-2003,151,Market Building 151,337,324,0,661,49.02,23,3.5,276,161,4,508,P1,115,54.3,31.7,259,207,523,P1,False,B,3,,0,270,
Jhargram,2003,Jhr-2003,152,Temple Hall 152,379,360,0,739,48.71,16,2.2,347,176,5,581,P1,171,59.7,30.3,273,241,572,P1,False,B,3,,0,302,
Jhargram,2003,Jhr-2003,153,Anganwadi Centre 153,338,324,0,662,48.94,16,2.4,310,136,2,496,P1,174,62.5,27.4,341,135,529,P1,False,B,3,,0,270,
Jhargram,2003,Jhr-2003,154,Club Building 154,381,388,0,769,50.46,20,2.6,255,213,5,577,P1,42,44.2,36.9,393,153,607,P1,False,B,3,,0,314,
Jhargram,2003,Jhr-2003,155,Govt Office 155,393,367,0,760,48.29,16,2.1,313,194,2,563,P1,119,55.6,34.5,357,199,618,P1,False,B,3,,0,310,
Jhargram,2003,Jhr-2003,156,Health Sub-Centre 156,373,376,0,749,50.2,25,3.3,350,142,5,586,P1,208,59.7,24.2,320,234,615,P1,False,B,3,,0,306,
Jhargram,2003,Jhr-2003,157,Panchayat Bhavan 157,371,359,1,731,49.11,16,2.2,309,163,8,592,P1,146,52.2,27.5,231,226,557,P1,False,B,3,,0,298,
Jhargram,2003,Jhr-2003,158,Post Office 158,372,366,0,738,49.59,25,3.4,313,190,5,582,P1,123,53.8,32.6,357,151,564,P1,False,B,3,,0,301,
Jhargram,2003,Jhr-2003,159,Panchayat Bhavan 159,284,292,1,577,50.61,22,3.8,272,129,6,476,P1,143,57.1,27.1,239,144,425,P1,False,B,3,,0,236,
Jhargram,2003,Jhr-2003,160,Post Office 160,410,408,0,818,49.88,26,3.2,402,183,4,650,P1,219,61.8,28.2,351,251,686,P1,False,B,3,,0,334,
Jhargram,2003,Jhr-2003,161,Govt Office 161,322,314,1,637,49.29,24,3.8,217,135,12,484,P1,82,44.8,27.9,270,197,519,P1,False,B,3,,0,260,
Jhargram,2003,Jhr-2003,162,High School 162,369,347,0,716,48.46,15,2.1,195,167,16,549,P1,28,35.5,30.4,350,148,553,P1,False,B,3,,0,292,
Jhargram,2003,Jhr-2003,163,Market Building 163,301,308,1,610,50.49,23,3.8,243,177,4,466,P1,66,52.1,38.0,265,181,507,P1,False,B,3,,0,249,
Jhargram,2003,Jhr-2003,164,Market Building 164,314,312,1,627,49.76,24,3.8,334,99,5,481,P1,235,69.4,20.6,221,142,494,P1,False,A,1,,0,256,
Jhargram,2003,Jhr-2003,165,Temple Hall 165,354,324,0,678,47.79,17,2.5,319,195,5,571,P1,124,55.9,34.2,223,153,500,P1,False,B,3,,0,277,
Jhargram,2003,Jhr-2003,166,Primary School 166,376,373,0,749,49.8,19,2.5,348,170,6,576,P1,178,60.4,29.5,436,131,630,P1,False,B,3,,0,306,
Jhargram,2003,Jhr-2003,167,Temple Hall 167,377,351,1,729,48.15,28,3.8,342,158,8,575,P1,184,59.5,27.5,213,154,545,P1,False,B,3,,0,298,
Jhargram,2003,Jhr-2003,168,Panchayat Bhavan 168,374,348,1,723,48.13,18,2.5,296,208,5,561,P1,88,52.8,37.1,324,152,547,P1,False,B,3,,0,295,
Jhargram,2003,Jhr-2003,169,Market Building 169,293,300,0,593,50.59,16,2.7,251,117,5,460,P1,134,54.6,25.4,289,116,450,P1,False,B,3,,0,242,
Jhargram,2003,Jhr-2003,170,Govt Office 170,375,340,1,716,47.49,19,2.7,325,137,13,585,P1,188,55.6,23.4,355,191,607,P1,False,B,3,,0,292,
Jhargram,2003,Jhr-2003,171,Market Building 171,288,258,1,547,47.17,13,2.4,240,133,3,414,P1,107,58.0,32.1,230,148,420,P1,False,B,3,,0,223,
Jhargram,2003,Jhr-2003,172,Club Building 172,382,390,1,773,50.45,27,3.5,348,148,13,643,P1,200,54.1,23.0,363,202,627,P1,False,B,3,,0,316,
Jhargram,2003,Jhr-2003,173,Anganwadi Centre 173,266,263,1,530,49.62,14,2.6,211,140,2,392,P1,71,53.8,35.7,247,123,411,P1,False,B,3,,0,216,
Jhargram,2003,Jhr-2003,174,Anganwadi Centre 174,392,373,0,765,48.76,18,2.4,284,185,4,590,P1,99,48.1,31.4,308,120,610,P1,False,B,3,,0,312,
Jhargram,2003,Jhr-2003,175,Club Building 175,376,338,1,715,47.27,26,3.6,284,139,6,561,P1,145,50.6,24.8,305,192,568,P1,False,B,3,,0,292,
Jhargram,2003,Jhr-2003,176,High School 176,404,397,1,802,49.5,23,2.9,364,145,6,609,P1,219,59.8,23.8,393,204,664,P1,False,B,3,,0,327,
Jhargram,2003,Jhr-2003,177,High School 177,417,385,1,803,47.95,24,3.0,356,198,4,615,P1,158,57.9,32.2,345,212,619,P1,False,B,3,,0,328,
Jhargram,2003,Jhr-2003,178,Temple Hall 178,373,381,0,754,50.53,29,3.8,255,162,16,616,P1,78,41.4,26.3,322,230,617,P1,False,B,3,,0,308,
Jhargram,2003,Jhr-2003,179,Health Sub-Centre 179,380,356,1,737,48.3,16,2.2,326,181,2,563,P1,145,57.9,32.1,245,182,569,P1,False,B,3,,0,301,
Jhargram,2003,Jhr-2003,180,Market Building 180,389,391,0,780,50.13,19,2.4,374,172,5,606,P1,202,61.7,28.4,341,242,648,P1,False,B,3,,0,318,
Jhargram,2003,Jhr-2003,181,Market Building 181,364,348,0,712,48.88,20,2.8,307,209,3,596,P1,98,51.5,35.1,397,138,594,P1,False,B,3,,0,291,
Jhargram,2003,Jhr-2003,182,High School 182,376,369,1,746,49.46,21,2.8,264,180,9,562,P1,84,47.0,32.0,304,216,588,P1,False,B,3,,0,305,
Jhargram,2003,Jhr-2003,183,Madrasa 183,321,288,0,609,47.29,18,3.0,298,125,2,470,P1,173,63.4,26.6,251,197,497,P1,False,B,3,,0,249,
Jhargram,2003,Jhr-2003,184,Panchayat Bhavan 184,340,346,1,687,50.36,16,2.3,325,154,6,532,P1,171,61.1,28.9,328,135,564,P1,False,B,3,,0,281,
Jhargram,2003,Jhr-2003,185,High School 185,291,299,0,590,50.68,13,2.2,249,145,3,470,P1,104,53.0,30.9,287,96,481,P1,False,B,3,,0,241,
Jhargram,2003,Jhr-2003,186,Panchayat Bhavan 186,334,340,1,675,50.37,26,3.9,283,163,13,553,P1,120,51.2,29.5,223,163,500,P1,False,B,3,,0,276,
Jhargram,2003,Jhr-2003,187,Market Building 187,368,374,1,743,50.34,27,3.6,328,224,3,613,P1,104,53.5,36.5,265,162,564,P1,False,B,3,,0,303,
Jhargram,2003,Jhr-2003,188,Temple Hall 188,275,257,0,532,48.31,20,3.8,231,141,3,425,P1,90,54.4,33.2,282,114,440,P1,False,B,3,,0,217,
Jhargram,2003,Jhr-2003,189,Community Hall 189,411,398,0,809,49.2,21,2.6,314,206,6,632,P1,108,49.7,32.6,285,239,622,P1,False,B,3,,0,330,
Jhargram,2003,Jhr-2003,190,Market Building 190,370,379,0,749,50.6,23,3.1,232,141,14,561,P1,63,41.4,25.1,314,185,631,P1,False,B,3,,0,306,
Jhargram,2003,Jhr-2003,191,High School 191,333,315,1,649,48.54,19,2.9,331,108,5,487,P1,223,68.0,22.2,240,165,541,P1,False,A,1,,0,265,
Jhargram,2003,Jhr-2003,192,Panchayat Bhavan 192,350,316,0,666,47.45,17,2.6,256,211,5,519,P1,45,49.3,40.7,317,142,525,P1,False,B,3,,0,272,
Jhargram,2003,Jhr-2003,193,Temple Hall 193,402,397,1,800,49.62,22,2.8,266,207,14,632,P1,59,42.1,32.8,324,198,661,P1,False,B,3,,0,327,
Jhargram,2004,Jhr-2004,1,Anganwadi Centre 1,320,315,0,635,49.61,22,3.5,318,166,4,537,P1,152,59.2,30.9,230,154,491,P1,False,B,3,,0,259,
Jhargram,2004,Jhr-2004,2,Community Hall 2,312,299,0,611,48.94,14,2.3,302,122,8,515,P1,180,58.6,23.7,235,183,467,P1,False,B,3,,0,249,
Jhargram,2004,Jhr-2004,3,Govt Office 3,414,406,0,820,49.51,29,3.5,332,189,5,612,P1,143,54.2,30.9,382,155,646,P1,False,B,3,,0,335,
Jhargram,2004,Jhr-2004,4,Post Office 4,416,389,0,805,48.32,24,3.0,365,179,6,604,P1,186,60.4,29.6,269,196,591,P1,False,B,3,,0,329,
Jhargram,2004,Jhr-2004,5,Govt Office 5,278,271,1,550,49.27,15,2.7,266,124,2,437,P1,142,60.9,28.4,225,119,427,P1,False,B,3,,0,225,
Jhargram,2004,Jhr-2004,6,Anganwadi Centre 6,375,376,1,752,50.0,20,2.7,348,142,6,568,P1,206,61.3,25.0,398,117,572,P1,False,B,3,,0,307,
Jhargram,2004,Jhr-2004,7,Govt Office 7,359,334,1,694,48.13,19,2.7,343,129,5,524,P1,214,65.5,24.6,299,88,513,P1,False,A,1,,0,283,
Jhargram,2004,Jhr-2004,8,High School 8,396,396,0,792,50.0,29,3.7,307,174,13,608,P1,133,50.5,28.6,351,192,627,P1,False,B,3,,0,323,
Jhargram,2004,Jhr-2004,9,Community Hall 9,326,294,1,621,47.34,14,2.3,309,116,2,472,P1,193,65.5,24.6,276,152,501,P1,False,A,1,,0,254,
Jhargram,2004,Jhr-2004,10,Club Building 10,399,389,1,789,49.3,22,2.8,394,191,7,650,P1,203,60.6,29.4,304,224,642,P1,False,B,3,,0,322,
Jhargram,2004,Jhr-2004,11,Community Hall 11,392,374,1,767,48.76,26,3.4,368,168,3,596,P1,200,61.7,28.2,350,176,585,P1,False,B,3,,0,313,
Jhargram,2004,Jhr-2004,12,Post Office 12,318,286,0,604,47.35,17,2.8,306,141,4,497,P1,165,61.6,28.4,245,161,451,P1,False,B,3,,0,247,
Jhargram,2004,Jhr-2004,13,Club Building 13,387,354,0,741,47.77,19,2.6,328,184,6,608,P1,144,53.9,30.3,272,125,555,P1,False,B,3,,0,303,
Jhargram,2004,Jhr-2004,14,Club Building 14,397,398,1,796,50.0,20,2.5,348,196,5,605,P1,152,57.5,32.4,401,125,585,P1,False,B,3,,0,325,
Jhargram,2004,Jhr-2004,15,Health Sub-Centre 15,293,290,1,584,49.66,17,2.9,267,133,4,458,P1,134,58.3,29.0,236,134,451,P1,False,B,3,,0,238,
Jhargram,2004,Jhr-2004,16,Health Sub-Centre 16,322,316,0,638,49.53,23,3.6,317,114,3,479,P1,203,66.2,23.8,327,144,523,P1,False,A,1,,0,261,
Jhargram,2004,Jhr-2004,17,Madrasa 17,291,282,0,573,49.21,18,3.1,277,106,3,426,P1,171,65.0,24.9,190,154,434,P1,False,B,3,,0,234,
Jhargram,2004,Jhr-2004,18,Panchayat Bhavan 18,370,350,0,720,48.61,26,3.6,356,157,2,570,P1,199,62.5,27.5,270,186,587,P1,False,B,3,,0,294,
Jhargram,2004,Jhr-2004,19,High School 19,250,236,1,487,48.46,17,3.5,245,119,2,406,P1,126,60.3,29.3,249,77,362,P1,False,B,3,,0,199,
Jhargram,2004,Jhr-2004,20,Post Office 20,398,363,0,761,47.7,20,2.6,374,189,3,625,P1,185,59.8,30.2,366,166,599,P1,False,B,3,,0,311,
Jhargram,2004,Jhr-2004,21,Govt Office 21,356,323,1,680,47.5,15,2.2,240,111,14,547,P1,65,43.9,20.3,307,180,576,P1,False,B,3,,0,278,
Jhargram,2004,Jhr-2004,22,Panchayat Bhavan 22,261,241,1,503,47.91,16,3.2,233,116,1,388,P1,117,60.1,29.9,225,96,426,P1,False,B,3,,0,205,
Jhargram,2004,Jhr-2004,23,Community Hall 23,379,358,0,737,48.58,16,2.2,371,174,5,605,P1,197,61.3,28.8,305,203,564,P1,False,B,3,,0,301,
Jhargram,2004,Jhr-2004,24,Govt Office 24,353,345,1,699,49.36,23,3.3,362,162,5,582,P1,200,62.2,27.8,304,167,523,P1,False,B,3,,0,285,
Jhargram,2004,Jhr-2004,25,Health Sub-Centre 25,342,309,1,652,47.39,23,3.5,258,199,8,530,P1,59,48.7,37.5,375,80,505,P1,False,B,3,,0,266,
Jhargram,2004,Jhr-2004,26,Panchayat Bhavan 26,246,242,1,489,49.49,15,3.1,225,104,4,366,P1,121,61.5,28.4,206,115,372,P1,False,B,3,,0,200,
Jhargram,2004,Jhr-2004,27,Market Building 27,410,390,1,801,48.69,29,3.6,293,183,6,609,P1,110,48.1,30.0,339,184,602,P1,False,B,3,,0,327,
Jhargram,2004,Jhr-2004,28,Health Sub-Centre 28,337,322,0,659,48.86,19,2.9,276,180,8,525,P1,96,52.6,34.3,321,122,505,P1,False,B,3,,0,269,
Jhargram,2004,Jhr-2004,29,Health Sub-Centre 29,241,239,1,481,49.69,17,3.5,204,139,4,385,P1,65,53.0,36.1,192,154,392,P1,False,B,3,,0,196,
Jhargram,2004,Jhr-2004,30,Anganwadi Centre 30,392,378,1,771,49.03,27,3.5,300,193,4,618,P1,107,48.5,31.2,339,160,568,P1,False,B,3,,0,315,
Jhargram,2004,Jhr-2004,31,Panchayat Bhavan 31,376,382,1,759,50.33,17,2.2,442,98,4,607,P1,344,72.8,16.1,339,205,605,P1,False,A,1,,0,310,
Jhargram,2004,Jhr-2004,32,Govt Office 32,299,287,1,587,48.89,14,2.4,298,108,5,451,P1,190,66.1,23.9,259,132,434,P1,False,A,1,,0,240,
Jhargram,2004,Jhr-2004,33,Community Hall 33,354,329,0,683,48.17,19,2.8,270,166,8,567,P1,104,47.6,29.3,292,134,564,P1,False,B,3,,0,279,
Jhargram,2004,Jhr-2004,34,Market Building 34,284,286,1,571,50.09,20,3.5,285,127,5,458,P1,158,62.2,27.7,284,121,450,P1,False,B,3,,0,233,
Jhargram,2004,Jhr-2004,35,High School 35,263,247,1,511,48.34,12,2.3,243,103,3,388,P1,140,62.6,26.5,187,140,423,P1,False,B,3,,0,209,
Jhargram,2004,Jhr-2004,36,Panchayat Bhavan 36,390,367,1,758,48.42,17,2.2,303,215,7,594,P1,88,51.0,36.2,349,213,625,P1,False,B,3,,0,310,
Jhargram,2004,Jhr-2004,37,Panchayat Bhavan 37,303,271,0,574,47.21,18,3.1,196,143,6,453,P1,53,43.3,31.6,261,130,435,P1,False,B,3,,0,234,
Jhargram,2004,Jhr-2004,38,Community Hall 38,381,355,0,736,48.23,20,2.7,306,204,7,580,P1,102,52.8,35.2,407,113,578,P1,False,B,3,,0,301,
Jhargram,2004,Jhr-2004,39,Temple Hall 39,413,405,0,818,49.51,18,2.2,416,143,5,653,P1,273,63.7,21.9,397,217,683,P1,False,B,3,,0,334,
Jhargram,2004,Jhr-2004,40,Govt Office 40,291,274,0,565,48.5,18,3.2,233,117,2,424,P1,116,55.0,27.6,290,129,465,P1,False,B,3,,0,231,
Jhargram,2004,Jhr-2004,41,Post Office 41,378,356,0,734,48.5,17,2.3,345,175,4,610,P1,170,56.6,28.7,302,190,547,P1,False,B,3,,0,300,
Jhargram,2004,Jhr-2004,42,Primary School 42,401,376,0,777,48.39,30,3.9,291,137,18,619,P1,124,47.0,22.1,343,179,606,P1,False,B,3,,0,317,
Jhargram,2004,Jhr-2004,43,Anganwadi Centre 43,415,381,0,796,47.86,26,3.3,384,168,3,614,P1,216,62.5,27.4,503,100,670,P1,False,B,3,,0,325,
Jhargram,2004,Jhr-2004,44,Madrasa 44,240,241,0,481,50.1,14,2.9,183,104,5,368,P1,79,49.7,28.3,185,135,396,P1,False,B,3,,0,196,
Jhargram,2004,Jhr-2004,45,Market Building 45,311,282,0,593,47.55,15,2.5,302,108,4,455,P1,194,66.4,23.7,221,158,451,P1,False,A,1,,0,242,
Jhargram,2004,Jhr-2004,46,Temple Hall 46,396,388,1,785,49.43,23,2.9,275,178,17,642,P1,97,42.8,27.7,303,225,586,P1,False,B,3,,0,321,
Jhargram,2004,Jhr-2004,47,Post Office 47,272,266,1,539,49.35,14,2.6,262,129,5,441,P1,133,59.4,29.3,240,98,411,P1,False,B,3,,0,220,
Jhargram,2004,Jhr-2004,48,Anganwadi Centre 48,345,315,1,661,47.66,18,2.7,309,181,6,546,P1,128,56.6,33.2,234,182,503,P1,False,B,3,,0,270,
Jhargram,2004,Jhr-2004,49,Temple Hall 49,247,239,0,486,49.18,17,3.5,207,129,4,374,P1,78,55.3,34.5,242,107,388,P1,False,B,3,,0,198,
Jhargram,2004,Jhr-2004,50,Market Building 50,366,374,1,741,50.47,28,3.8,379,181,4,623,P1,198,60.8,29.1,374,145,577,P1,False,B,3,,0,303,
Jhargram,2004,Jhr-2004,51,Panchayat Bhavan 51,252,251,1,504,49.8,17,3.4,230,130,4,400,P1,100,57.5,32.5,217,130,385,P1,False,B,3,,0,206,
Jhargram,2004,Jhr-2004,52,Health Sub-Centre 52,360,331,1,692,47.83,26,3.8,259,203,4,518,P1,56,50.0,39.2,284,55,548,P1,False,B,3,,0,283,
Jhargram,2004,Jhr-2004,53,Govt Office 53,350,325,0,675,48.15,20,3.0,302,177,6,557,P1,125,54.2,31.8,297,192,557,P1,False,B,3,,0,276,
Jhargram,2004,Jhr-2004,54,Community Hall 54,296,280,1,577,48.53,16,2.8,236,149,2,442,P1,87,53.4,33.7,266,156,469,P1,False,B,3,,0,236,
Jhargram,2004,Jhr-2004,55,Post Office 55,243,243,0,486,50.0,13,2.7,222,121,2,381,P1,101,58.3,31.8,233,107,399,P1,False,B,3,,0,198,
Jhargram,2004,Jhr-2004,56,Community Hall 56,270,254,1,525,48.38,14,2.7,288,106,5,438,P1,182,65.8,24.2,204,134,413,P1,False,A,1,,0,214,
Jhargram,2004,Jhr-2004,57,Health Sub-Centre 57,303,298,0,601,49.58,18,3.0,215,94,9,444,P1,94,48.4,21.2,289,133,469,P1,False,B,3,,0,245,
Jhargram,2004,Jhr-2004,58,Primary School 58,257,248,1,506,49.01,13,2.6,133,105,7,414,P4,31,32.1,25.4,251,118,410,P1,True,B,3,,0,207,
Jhargram,2004,Jhr-2004,59,Health Sub-Centre 59,287,280,0,567,49.38,14,2.5,260,142,3,447,P1,118,58.2,31.8,244,114,426,P1,False,B,3,,0,232,
Jhargram,2004,Jhr-2004,60,Govt Office 60,387,365,0,752,48.54,21,2.8,269,148,7,575,P1,121,46.8,25.7,295,237,591,P1,False,B,3,,0,307,
Jhargram,2004,Jhr-2004,61,Community Hall 61,349,346,0,695,49.78,19,2.7,357,172,7,588,P1,185,60.7,29.3,391,135,585,P1,False,B,3,,0,284,
Jhargram,2004,Jhr-2004,62,Anganwadi Centre 62,379,382,0,761,50.2,28,3.7,400,159,7,621,P1,241,64.4,25.6,295,188,586,P1,False,B,3,,0,311,
Jhargram,2004,Jhr-2004,63,Market Building 63,410,385,0,795,48.43,26,3.3,353,208,6,636,P1,145,55.5,32.7,357,135,590,P1,False,B,3,,0,325,
Jhargram,2004,Jhr-2004,64,High School 64,288,262,0,550,47.64,17,3.1,249,126,7,466,P1,123,53.4,27.0,189,152,425,P1,False,B,3,,0,225,
Jhargram,2004,Jhr-2004,65,Anganwadi Centre 65,395,388,0,783,49.55,26,3.3,318,218,10,651,P1,100,48.8,33.5,286,237,628,P1,False,B,3,,0,320,
Jhargram,2004,Jhr-2004,66,Temple Hall 66,256,237,1,494,47.98,13,2.6,203,126,4,375,P1,77,54.1,33.6,222,126,407,P1,False,B,3,,0,202,
Jhargram,2004,Jhr-2004,67,Community Hall 67,351,349,0,700,49.86,17,2.4,359,134,6,548,P1,225,65.5,24.5,311,184,575,P1,False,A,1,,0,286,
Jhargram,2004,Jhr-2004,68,Panchayat Bhavan 68,251,254,0,505,50.3,12,2.4,218,122,2,381,P1,96,57.2,32.0,241,111,391,P1,False,B,3,,0,206,
Jhargram,2004,Jhr-2004,69,Market Building 69,307,275,1,583,47.17,19,3.3,258,155,4,459,P1,103,56.2,33.8,266,121,430,P1,False,B,3,,0,238,
Jhargram,2004,Jhr-2004,70,Govt Office 70,371,349,0,720,48.47,18,2.5,307,159,7,588,P1,148,52.2,27.0,221,262,605,P2,True,B,3,,0,294,
Jhargram,2004,Jhr-2004,71,Anganwadi Centre 71,330,328,0,658,49.85,14,2.1,321,171,6,547,P1,150,58.7,31.3,240,183,490,P1,False,B,3,,0,269,
Jhargram,2004,Jhr-2004,72,Primary School 72,278,249,1,528,47.16,13,2.5,265,85,6,436,P1,180,60.8,19.5,196,120,444,P1,False,B,3,,0,216,
Jhargram,2004,Jhr-2004,73,Govt Office 73,302,276,1,579,47.67,15,2.6,296,137,4,481,P1,159,61.5,28.5,227,168,450,P1,False,B,3,,0,236,
Jhargram,2004,Jhr-2004,74,Post Office 74,321,324,0,645,50.23,21,3.3,316,124,3,489,P1,192,64.6,25.4,266,208,527,P1,False,B,3,,0,263,
Jhargram,2004,Jhr-2004,75,Primary School 75,391,382,1,774,49.35,25,3.2,488,102,4,656,P1,386,74.4,15.5,293,241,603,P1,False,A,1,,0,316,
Jhargram,2004,Jhr-2004,76,Health Sub-Centre 76,286,277,1,564,49.11,17,3.0,329,91,3,467,P1,238,70.4,19.5,254,108,443,P1,False,A,1,,0,230,
Jhargram,2004,Jhr-2004,77,Panchayat Bhavan 77,311,308,0,619,49.76,17,2.7,274,135,7,510,P1,139,53.7,26.5,216,121,464,P1,False,B,3,,0,253,
Jhargram,2004,Jhr-2004,78,Club Building 78,413,377,0,790,47.72,24,3.0,338,259,5,669,P1,79,50.5,38.7,318,224,632,P1,False,B,3,,0,323,
Jhargram,2004,Jhr-2004,79,Madrasa 79,355,324,1,680,47.65,22,3.2,366,108,5,527,P1,258,69.4,20.5,239,110,502,P1,False,A,1,,0,278,
Jhargram,2004,Jhr-2004,80,Post Office 80,268,254,1,523,48.57,15,2.9,242,126,2,420,P1,116,57.6,30.0,219,166,443,P1,False,B,3,,0,214,
Jhargram,2004,Jhr-2004,81,High School 81,330,317,1,648,48.92,22,3.4,322,120,3,491,P1,202,65.6,24.4,284,97,488,P1,False,A,1,,0,265,
Jhargram,2004,Jhr-2004,82,Market Building 82,267,262,1,530,49.43,15,2.8,220,143,8,432,P1,77,50.9,33.1,267,132,444,P1,False,B,3,,0,216,
Jhargram,2004,Jhr-2004,83,Primary School 83,272,275,1,548,50.18,12,2.2,289,121,4,459,P1,168,63.0,26.4,245,136,459,P1,False,B,3,,0,224,
Jhargram,2004,Jhr-2004,84,Madrasa 84,308,280,0,588,47.62,16,2.7,232,179,3,457,P1,53,50.8,39.2,241,196,486,P1,False,B,3,,0,240,
Jhargram,2004,Jhr-2004,85,Community Hall 85,322,289,1,612,47.22,17,2.8,234,137,13,495,P1,97,47.3,27.7,393,55,498,P1,False,B,3,,0,250,
Jhargram,2004,Jhr-2004,86,Club Building 86,319,307,0,626,49.04,20,3.2,272,173,2,494,P1,99,55.1,35.0,272,122,491,P1,False,B,3,,0,256,
Jhargram,2004,Jhr-2004,87,Health Sub-Centre 87,369,370,0,739,50.07,19,2.6,302,127,6,616,P1,127,49.0,20.6,344,201,605,P1,False,B,3,,0,302,
Jhargram,2004,Jhr-2004,88,Post Office 88,386,372,1,759,49.01,28,3.7,406,144,2,611,P1,262,66.4,23.6,391,186,641,P1,False,A,1,,0,310,
Jhargram,2004,Jhr-2004,89,Panchayat Bhavan 89,379,382,1,762,50.13,26,3.4,349,195,3,631,P1,154,55.3,30.9,381,122,623,P1,False,B,3,,0,311,
Jhargram,2004,Jhr-2004,90,Govt Office 90,334,341,0,675,50.52,22,3.3,265,139,11,497,P1,126,53.3,28.0,255,172,519,P1,False,B,3,,0,276,
Jhargram,2004,Jhr-2004,91,Govt Office 91,356,342,0,698,49.0,19,2.7,287,187,7,550,P1,100,52.2,34.0,317,129,521,P1,False,B,3,,0,285,
Jhargram,2004,Jhr-2004,92,Anganwadi Centre 92,268,258,0,526,49.05,20,3.8,204,109,6,411,P1,95,49.6,26.5,257,128,427,P1,False,B,3,,0,215,
Jhargram,2004,Jhr-2004,93,Temple Hall 93,266,257,1,524,49.05,19,3.6,210,160,5,418,P1,50,50.2,38.3,258,117,417,P1,False,B,3,,0,214,
Jhargram,2004,Jhr-2004,94,High School 94,357,337,1,695,48.49,22,3.2,291,209,4,576,P1,82,50.5,36.3,349,169,584,P1,False,B,3,,0,284,
Jhargram,2004,Jhr-2004,95,Primary School 95,396,406,0,802,50.62,26,3.2,363,177,8,614,P1,186,59.1,28.8,354,216,633,P1,False,B,3,,0,327,
Jhargram,2004,Jhr-2004,96,Madrasa 96,331,305,0,636,47.96,19,3.0,251,147,4,470,P1,104,53.4,31.3,233,179,481,P1,False,B,3,,0,260,
Jhargram,2004,Jhr-2004,97,Community Hall 97,379,348,1,728,47.8,19,2.6,293,201,3,590,P1,92,49.7,34.1,290,213,564,P1,False,B,3,,0,297,
Jhargram,2004,Jhr-2004,98,Market Building 98,276,262,0,538,48.7,16,3.0,237,126,5,441,P1,111,53.7,28.6,275,112,430,P1,False,B,3,,0,220,
Jhargram,2004,Jhr-2004,99,Primary School 99,253,259,0,512,50.59,16,3.1,286,102,4,431,P1,184,66.4,23.7,186,125,398,P1,False,A,1,,0,209,
Jhargram,2004,Jhr-2004,100,Community Hall 100,385,358,1,744,48.12,21,2.8,342,220,2,624,P1,122,54.8,35.3,271,147,607,P1,False,B,3,,0,304,
Jhargram,2004,Jhr-2004,101,Post Office 101,248,249,0,497,50.1,14,2.8,177,148,5,413,P1,29,42.9,35.8,182,77,365,P1,False,B,3,,0,203,
Jhargram,2004,Jhr-2004,102,Community Hall 102,404,383,1,788,48.6,18,2.3,264,222,10,583,P1,42,45.3,38.1,253,217,584,P1,False,B,3,,0,322,
Jhargram,2004,Jhr-2004,103,Madrasa 103,299,274,1,574,47.74,16,2.8,235,154,3,467,P1,81,50.3,33.0,260,147,452,P1,False,B,3,,0,234,
Jhargram,2004,Jhr-2004,104,Madrasa 104,292,270,1,563,47.96,15,2.7,327,77,2,449,P1,250,72.8,17.1,217,121,446,P1,False,A,1,,0,230,
Jhargram,2004,Jhr-2004,105,Panchayat Bhavan 105,375,341,1,717,47.56,23,3.2,381,161,2,603,P1,220,63.2,26.7,335,178,571,P1,False,B,3,,0,293,
Jhargram,2004,Jhr-2004,106,Market Building 106,306,299,1,606,49.34,21,3.5,231,84,12,472,P1,91,48.9,17.8,253,158,502,P1,False,B,3,,0,247,
Jhargram,2004,Jhr-2004,107,Anganwadi Centre 107,345,346,1,692,50.0,17,2.5,294,169,2,521,P1,125,56.4,32.4,253,233,571,P1,False,B,3,,0,283,
Jhargram,2004,Jhr-2004,108,Post Office 108,408,388,0,796,48.74,21,2.6,297,122,7,635,P1,94,46.8,19.2,333,238,674,P1,False,B,3,,0,325,
Jhargram,2004,Jhr-2004,109,High School 109,369,363,1,733,49.52,20,2.7,363,188,3,614,P1,175,59.1,30.6,297,193,545,P1,False,B,3,,0,299,
Jhargram,2004,Jhr-2004,110,Post Office 110,328,336,0,664,50.6,19,2.9,306,126,3,506,P1,180,60.5,24.9,315,151,528,P1,False,B,3,,0,271,
Jhargram,2004,Jhr-2004,111,High School 111,339,339,1,679,49.93,21,3.1,319,144,5,514,P1,175,62.1,28.0,296,153,499,P1,False,B,3,,0,277,
Jhargram,2004,Jhr-2004,112,Temple Hall 112,251,256,0,507,50.49,12,2.4,226,108,9,419,P1,118,53.9,25.8,229,143,421,P1,False,B,3,,0,207,
Jhargram,2004,Jhr-2004,113,Temple Hall 113,262,264,1,527,50.09,21,4.0,209,160,6,423,P1,49,49.4,37.8,205,92,399,P1,False,B,3,,0,215,
Jhargram,2004,Jhr-2004,114,Panchayat Bhavan 114,402,361,1,764,47.25,23,3.0,358,153,3,567,P1,205,63.1,27.0,362,201,626,P1,False,B,3,,0,312,
Jhargram,2004,Jhr-2004,115,Govt Office 115,397,402,0,799,50.31,24,3.0,346,201,6,608,P1,145,56.9,33.1,285,132,621,P1,False,B,3,,0,326,
Jhargram,2004,Jhr-2004,116,Temple Hall 116,417,400,1,818,48.9,28,3.4,342,204,10,669,P1,138,51.1,30.5,369,251,689,P1,False,B,3,,0,334,
Jhargram,2004,Jhr-2004,117,Panchayat Bhavan 117,288,272,1,561,48.48,20,3.6,239,161,5,445,P1,78,53.7,36.2,205,164,455,P1,False,B,3,,0,229,
Jhargram,2004,Jhr-2004,118,Anganwadi Centre 118,341,339,0,680,49.85,17,2.5,357,132,6,544,P1,225,65.6,24.3,350,150,556,P1,False,A,1,,0,278,
Jhargram,2004,Jhr-2004,119,High School 119,312,315,1,628,50.16,17,2.7,300,126,9,510,P1,174,58.8,24.7,253,140,497,P1,False,B,3,,0,256,
Jhargram,2004,Jhr-2004,120,Community Hall 120,322,295,0,617,47.81,22,3.6,289,165,5,504,P1,124,57.3,32.7,299,118,464,P1,False,B,3,,0,252,
Jhargram,2004,Jhr-2004,121,Club Building 121,336,328,1,665,49.32,15,2.3,228,264,6,547,P2,36,41.7,48.3,285,120,506,P1,True,B,3,,0,272,
Jhargram,2004,Jhr-2004,122,Community Hall 122,290,278,1,569,48.86,21,3.7,259,156,4,462,P1,103,56.1,33.8,272,127,443,P1,False,B,3,,0,232,
Jhargram,2004,Jhr-2004,123,Club Building 123,419,396,1,816,48.53,29,3.6,442,128,2,634,P1,314,69.7,20.2,326,147,661,P1,False,A,1,,0,333,
Jhargram,2004,Jhr-2004,124,Madrasa 124,325,306,1,632,48.42,16,2.5,326,150,5,529,P1,176,61.6,28.4,287,128,522,P1,False,B,3,,0,258,
Jhargram,2004,Jhr-2004,125,Primary School 125,354,352,0,706,49.86,17,2.4,302,195,3,584,P1,107,51.7,33.4,282,212,570,P1,False,B,3,,0,288,
Jhargram,2004,Jhr-2004,126,Club Building 126,413,381,1,795,47.92,24,3.0,321,205,5,599,P1,116,53.6,34.2,374,232,673,P1,False,B,3,,0,325,
Jhargram,2004,Jhr-2004,127,Madrasa 127,266,258,0,524,49.24,18,3.4,214,134,2,387,P1,80,55.3,34.6,272,100,414,P1,False,B,3,,0,214,
Jhargram,2004,Jhr-2004,128,Panchayat Bhavan 128,273,259,1,533,48.59,14,2.6,230,131,1,401,P1,99,57.4,32.7,282,85,408,P1,False,B,3,,0,218,
Jhargram,2004,Jhr-2004,129,Health Sub-Centre 129,388,381,1,770,49.48,27,3.5,338,163,6,618,P1,175,54.7,26.4,284,184,649,P1,False,B,3,,0,314,
Jhargram,2004,Jhr-2004,130,Govt Office 130,363,329,1,693,47.47,17,2.5,356,125,3,534,P1,231,66.7,23.4,292,177,521,P1,False,A,1,,0,283,
Jhargram,2004,Jhr-2004,131,Club Building 131,339,350,0,689,50.8,21,3.0,319,146,8,566,P1,173,56.4,25.8,340,153,548,P1,False,B,3,,0,281,
Jhargram,2004,Jhr-2004,132,Primary School 132,274,277,1,552,50.18,13,2.4,232,116,7,417,P1,116,55.6,27.8,261,124,452,P1,False,B,3,,0,225,
Jhargram,2004,Jhr-2004,133,Market Building 133,381,385,1,767,50.2,23,3.0,318,235,6,614,P1,83,51.8,38.3,294,198,594,P1,False,B,3,,0,313,
Jhargram,2004,Jhr-2004,134,Community Hall 134,254,230,0,484,47.52,18,3.7,167,128,7,395,P1,39,42.3,32.4,180,123,359,P1,False,B,3,,0,198,
Jhargram,2004,Jhr-2004,135,Club Building 135,271,275,1,547,50.27,16,2.9,210,144,2,408,P1,66,51.5,35.3,205,148,420,P1,False,B,3,,0,223,
Jhargram,2004,Jhr-2004,136,High School 136,342,313,1,656,47.71,15,2.3,303,134,4,486,P1,169,62.3,27.6,273,168,492,P1,False,B,3,,0,268,
Jhargram,2004,Jhr-2004,137,Temple Hall 137,423,384,0,807,47.58,20,2.5,345,157,6,608,P1,188,56.7,25.8,267,152,603,P1,False,B,3,,0,330,
Jhargram,2004,Jhr-2004,138,Health Sub-Centre 138,322,319,1,642,49.69,15,2.3,254,183,5,487,P1,71,52.2,37.6,315,151,527,P1,False,B,3,,0,262,
Jhargram,2004,Jhr-2004,139,Market Building 139,397,387,0,784,49.36,19,2.4,431,158,4,654,P1,273,65.9,24.2,418,120,597,P1,False,A,1,,0,320,
Jhargram,2004,Jhr-2004,140,Primary School 140,293,269,1,563,47.78,22,3.9,228,79,10,423,P1,127,53.9,18.7,254,143,441,P1,False,B,3,,0,230,
Jhargram,2004,Jhr-2004,141,Anganwadi Centre 141,361,341,0,702,48.58,19,2.7,273,192,9,562,P1,81,48.6,34.2,329,157,540,P1,False,B,3,,0,287,
Jhargram,2004,Jhr-2004,142,Govt Office 142,316,320,0,636,50.31,22,3.5,311,157,3,520,P1,154,59.8,30.2,367,95,514,P1,False,B,3,,0,260,
Jhargram,2004,Jhr-2004,143,High School 143,329,302,1,632,47.78,22,3.5,292,150,3,491,P1,142,59.5,30.5,293,158,510,P1,False,B,3,,0,258,
Jhargram,2004,Jhr-2004,144,Market Building 144,383,356,1,740,48.11,27,3.6,267,207,11,600,P1,60,44.5,34.5,336,205,607,P1,False,B,3,,0,302,
Jhargram,2004,Jhr-2004,145,High School 145,275,284,1,560,50.71,17,3.0,272,129,2,447,P1,143,60.9,28.9,284,120,449,P1,False,B,3,,0,229,
Jhargram,2004,Jhr-2004,146,Govt Office 146,265,254,0,519,48.94,12,2.3,176,121,4,386,P1,55,45.6,31.3,242,108,389,P1,False,B,3,,0,212,
Jhargram,2004,Jhr-2004,147,Primary School 147,328,299,1,628,47.61,21,3.3,285,148,7,531,P1,137,53.7,27.9,357,91,497,P1,False,B,3,,0,256,
Jhargram,2004,Jhr-2004,148,Temple Hall 148,269,274,1,544,50.37,18,3.3,241,151,4,436,P1,90,55.3,34.6,265,96,401,P1,False,B,3,,0,222,
Jhargram,2004,Jhr-2004,149,Madrasa 149,389,374,0,763,49.02,19,2.5,353,215,3,637,P1,138,55.4,33.8,331,191,580,P1,False,B,3,,0,312,
Jhargram,2004,Jhr-2004,150,Health Sub-Centre 150,248,241,0,489,49.28,13,2.7,290,65,2,395,P1,225,73.4,16.5,187,122,375,P1,False,A,1,,0,200,
Jhargram,2004,Jhr-2004,151,Market Building 151,381,367,0,748,49.06,22,2.9,365,201,7,629,P1,164,58.0,32.0,311,151,565,P1,False,B,3,,0,305,
Jhargram,2004,Jhr-2004,152,Panchayat Bhavan 152,249,236,0,485,48.66,14,2.9,155,101,8,392,P1,30,39.5,25.8,204,67,386,P1,False,B,3,,0,198,
Jhargram,2004,Jhr-2004,153,Panchayat Bhavan 153,257,267,1,525,50.86,14,2.7,252,117,2,410,P1,135,61.5,28.5,175,120,404,P1,False,B,3,,0,214,
Jhargram,2004,Jhr-2004,154,Temple Hall 154,311,286,1,598,47.83,23,3.8,227,159,6,445,P1,68,51.0,35.7,241,192,481,P1,False,B,3,,0,244,
Jhargram,2004,Jhr-2004,155,Madrasa 155,266,257,1,524,49.05,12,2.3,202,89,5,397,P1,105,50.9,22.4,205,82,389,P1,False,B,3,,0,214,
Jhargram,2004,Jhr-2004,156,Post Office 156,376,388,0,764,50.79,22,2.9,437,87,3,582,P1,350,75.1,14.9,313,159,596,P1,False,A,1,,0,312,
Jhargram,2004,Jhr-2004,157,Primary School 157,250,245,1,496,49.4,12,2.4,227,109,2,399,P1,118,56.9,27.3,195,118,383,P1,False,B,3,,0,203,
Jhargram,2004,Jhr-2004,158,Madrasa 158,393,404,1,798,50.63,18,2.3,347,221,6,652,P1,126,53.2,33.9,339,218,619,P1,False,B,3,,0,326,
Jhargram,2004,Jhr-2004,159,Temple Hall 159,262,268,1,531,50.47,17,3.2,213,133,4,438,P1,80,48.6,30.4,233,126,399,P1,False,B,3,,0,217,
Jhargram,2004,Jhr-2004,160,Govt Office 160,331,313,1,645,48.53,24,3.7,272,156,8,505,P1,116,53.9,30.9,319,155,527,P1,False,B,3,,0,263,
Jhargram,2004,Jhr-2004,161,Club Building 161,337,339,0,676,50.15,19,2.8,262,225,5,558,P1,37,47.0,40.3,245,139,506,P1,False,B,3,,0,276,
Jhargram,2004,Jhr-2004,162,Madrasa 162,252,248,1,501,49.5,19,3.8,228,127,5,395,P1,101,57.7,32.2,179,156,387,P1,False,B,3,,0,205,
Jhargram,2004,Jhr-2004,163,Panchayat Bhavan 163,415,382,0,797,47.93,30,3.8,424,130,7,615,P1,294,68.9,21.1,329,186,652,P1,False,A,1,,0,325,
Jhargram,2004,Jhr-2004,164,Market Building 164,356,323,1,680,47.5,14,2.1,363,137,2,556,P1,226,65.3,24.6,301,165,524,P1,False,A,1,,0,278,
Jhargram,2004,Jhr-2004,165,Madrasa 165,280,280,1,561,49.91,16,2.9,288,139,4,475,P1,149,60.6,29.3,253,116,426,P1,False,B,3,,0,229,
Jhargram,2004,Jhr-2004,166,High School 166,379,347,0,726,47.8,17,2.3,318,196,3,571,P1,122,55.7,34.3,251,138,533,P1,False,B,3,,0,296,
Jhargram,2004,Jhr-2004,167,Madrasa 167,255,245,1,501,48.9,15,3.0,313,67,4,423,P1,246,74.0,15.8,170,98,388,P1,False,A,1,,0,205,
Jhargram,2004,Jhr-2004,168,Madrasa 168,261,244,1,506,48.22,17,3.4,247,129,4,418,P1,118,59.1,30.9,178,99,420,P1,False,B,3,,0,207,
Jhargram,2004,Jhr-2004,169,Health Sub-Centre 169,322,332,0,654,50.76,14,2.1,191,169,7,491,P1,22,38.9,34.4,262,144,489,P1,False,B,3,,0,267,
Jhargram,2004,Jhr-2004,170,Panchayat Bhavan 170,402,363,0,765,47.45,19,2.5,335,211,5,607,P1,124,55.2,34.8,328,149,562,P1,False,B,3,,0,312,
Jhargram,2004,Jhr-2004,171,Anganwadi Centre 171,247,255,0,502,50.8,17,3.4,214,136,3,389,P1,78,55.0,35.0,217,143,400,P1,False,B,3,,0,205,
Jhargram,2004,Jhr-2004,172,High School 172,267,257,1,525,48.95,19,3.6,243,144,5,434,P1,99,56.0,33.2,224,144,418,P1,False,B,3,,0,214,
Jhargram,2004,Jhr-2004,173,Community Hall 173,329,295,0,624,47.28,24,3.8,261,211,3,525,P1,50,49.7,40.2,307,148,518,P1,False,B,3,,0,255,
Jhargram,2004,Jhr-2004,174,High School 174,408,394,0,802,49.13,30,3.7,292,133,18,666,P1,75,43.8,20.0,408,189,664,P1,False,B,3,,0,327,
Jhargram,2004,Jhr-2004,175,Temple Hall 175,314,297,0,611,48.61,22,3.6,340,118,5,509,P1,222,66.8,23.2,275,177,502,P1,False,A,1,,0,249,
Jhargram,2004,Jhr-2004,176,Primary School 176,369,336,0,705,47.66,16,2.3,366,122,5,542,P1,244,67.5,22.5,272,189,553,P1,False,A,1,,0,288,
Jhargram,2004,Jhr-2004,177,Madrasa 177,387,347,0,734,47.28,19,2.6,307,157,11,553,P1,150,55.5,28.4,332,192,583,P1,False,B,3,,0,300,
Jhargram,2004,Jhr-2004,178,High School 178,367,337,0,704,47.87,18,2.6,247,247,3,575,P1,0,43.0,43.0,317,204,579,P1,False,B,3,,0,287,
Jhargram,2004,Jhr-2004,179,High School 179,345,310,1,656,47.26,19,2.9,258,150,10,505,P1,108,51.1,29.7,259,184,492,P1,False,B,3,,0,268,
Jhargram,2004,Jhr-2004,180,Health Sub-Centre 180,302,295,1,598,49.33,14,2.3,315,97,4,458,P1,218,68.8,21.2,278,81,506,P1,False,A,1,,0,244,
Jhargram,2004,Jhr-2004,181,Madrasa 181,391,358,1,750,47.73,20,2.7,290,177,13,589,P1,113,49.2,30.1,324,169,581,P1,False,B,3,,0,306,
Jhargram,2004,Jhr-2004,182,Post Office 182,365,339,0,704,48.15,25,3.6,273,205,13,593,P1,68,46.0,34.6,262,225,587,P1,False,B,3,,0,287,
Jhargram,2004,Jhr-2004,183,Health Sub-Centre 183,395,372,1,768,48.44,21,2.7,292,186,11,572,P1,106,51.0,32.5,292,153,579,P1,False,B,3,,0,314,
Jhargram,2004,Jhr-2004,184,Club Building 184,417,387,1,805,48.07,29,3.6,315,190,14,644,P1,125,48.9,29.5,305,233,612,P1,False,B,3,,0,329,
Jhargram,2004,Jhr-2004,185,Anganwadi Centre 185,305,275,1,581,47.33,14,2.4,257,147,3,451,P1,110,57.0,32.6,202,151,473,P1,False,B,3,,0,237,
Jhargram,2004,Jhr-2004,186,Primary School 186,336,331,1,668,49.55,24,3.6,227,141,6,503,P1,86,45.1,28.0,293,153,537,P1,False,B,3,,0,273,
Jhargram,2004,Jhr-2004,187,Anganwadi Centre 187,354,346,1,701,49.36,19,2.7,373,136,6,566,P1,237,65.9,24.0,343,121,516,P1,False,A,1,,0,286,
Jhargram,2004,Jhr-2004,188,Anganwadi Centre 188,299,300,1,600,50.0,18,3.0,268,149,2,464,P1,119,57.8,32.1,184,127,465,P1,False,B,3,,0,245,
Jhargram,2004,Jhr-2004,189,Post Office 189,267,252,0,519,48.55,19,3.7,170,123,5,429,P1,43,39.6,28.7,203,136,407,P1,False,B,3,,0,212,
Jhargram,2004,Jhr-2004,190,Club Building 190,340,335,0,675,49.63,15,2.2,322,182,6,561,P1,140,57.4,32.4,388,98,540,P1,False,B,3,,0,276,
Jhargram,2004,Jhr-2004,191,Club Building 191,318,327,0,645,50.7,21,3.3,333,141,3,526,P1,192,63.3,26.8,290,143,481,P1,False,B,3,,0,263,
Jhargram,2004,Jhr-2004,192,Primary School 192,427,388,1,816,47.55,27,3.3,319,253,3,669,P1,66,47.7,37.8,367,243,678,P1,False,B,3,,0,333,
Jhargram,2004,Jhr-2004,193,Health Sub-Centre 193,320,321,0,641,50.08,25,3.9,281,162,3,493,P1,119,57.0,32.9,280,115,506,P1,False,B,3,,0,262,
Jhargram,2004,Jhr-2004,194,Club Building 194,380,340,0,720,47.22,16,2.2,324,144,11,567,P1,180,57.1,25.4,324,175,554,P1,False,B,3,,0,294,
Jhargram,2004,Jhr-2004,195,Club Building 195,338,314,0,652,48.16,25,3.8,242,197,2,488,P1,45,49.6,40.4,233,208,550,P1,False,B,3,,0,266,
Jhargram,2004,Jhr-2004,196,High School 196,374,366,0,740,49.46,26,3.5,338,173,6,568,P1,165,59.5,30.5,308,197,575,P1,False,B,3,,0,302,
Jhargram,2004,Jhr-2004,197,Madrasa 197,402,388,1,791,49.05,30,3.8,378,162,3,600,P1,216,63.0,27.0,302,190,625,P1,False,B,3,,0,323,
Jhargram,2004,Jhr-2004,198,High School 198,278,258,0,536,48.13,16,3.0,199,173,8,448,P1,26,44.4,38.6,210,110,437,P1,False,B,3,,0,219,
Jhargram,2004,Jhr-2004,199,Health Sub-Centre 199,307,313,1,621,50.4,23,3.7,274,137,2,457,P1,137,60.0,30.0,294,129,471,P1,False,B,3,,0,254,
