district,ac_code,ac_name,part_no,booth_name,male,female,third_gender,total,female_pct,adj_count,adj_pct,votes_P1_2021,votes_P2_2021,votes_P3_2021,total_votes_2021,winner_2021,margin_2021,P1_share_2021,P2_share_2021,votes_P1_2019,votes_P2_2019,total_votes_2019,winner_2019,flipped_19_21,booth_category,priority_score,worker_assigned,contact_count,votes_to_win_est,notes
Nadia,501,Nadia-501,1,Post Office 1,361,362,1,724,50.0,65,9.0,354,209,3,626,P1,145,56.5,33.4,365,191,618,P1,False,B,3,,0,305,
Nadia,501,Nadia-501,2,High School 2,354,329,1,684,48.1,58,8.5,298,172,5,522,P1,126,57.1,33.0,257,236,562,P1,False,B,3,,0,288,
Nadia,501,Nadia-501,3,Community Hall 3,296,286,1,583,49.06,59,10.1,268,127,6,464,P1,141,57.8,27.4,284,130,507,P1,False,D,4,,0,246,
Nadia,501,Nadia-501,4,Club Building 4,382,384,0,766,50.13,79,10.3,347,174,4,590,P1,173,58.8,29.5,330,204,594,P1,False,D,4,,0,323,
Nadia,501,Nadia-501,5,Anganwadi Centre 5,252,238,1,491,48.47,44,9.0,165,147,7,386,P1,18,42.7,38.1,225,137,418,P1,False,B,3,,0,207,
Nadia,501,Nadia-501,6,High School 6,369,375,1,745,50.34,67,9.0,327,151,5,565,P1,176,57.9,26.7,287,194,646,P1,False,B,3,,0,314,
Nadia,501,Nadia-501,7,Panchayat Bhavan 7,356,321,0,677,47.42,60,8.9,344,157,4,556,P1,187,61.9,28.2,334,165,554,P1,False,B,3,,0,285,
Nadia,501,Nadia-501,8,High School 8,271,245,0,516,47.48,39,7.6,279,116,5,438,P1,163,63.7,26.5,236,150,429,P1,False,B,3,,0,217,
Nadia,501,Nadia-501,9,Madrasa 9,243,236,1,480,49.17,32,6.7,223,149,1,413,P1,74,54.0,36.1,246,113,400,P1,False,B,3,,0,202,
Nadia,501,Nadia-501,10,Govt Office 10,339,310,1,650,47.69,73,11.2,289,182,3,524,P1,107,55.2,34.7,346,151,552,P1,False,D,4,,0,274,
Nadia,501,Nadia-501,11,Market Building 11,253,260,1,514,50.58,43,8.4,292,68,8,442,P1,222,66.1,15.4,181,154,392,P1,False,A,1,,0,217,
Nadia,501,Nadia-501,12,Health Sub-Centre 12,353,325,0,678,47.94,66,9.7,348,150,5,565,P1,198,61.6,26.5,320,178,560,P1,False,B,3,,0,286,
Nadia,501,Nadia-501,13,Panchayat Bhavan 13,319,325,0,644,50.47,75,11.6,322,154,2,540,P1,168,59.6,28.5,345,137,536,P1,False,D,4,,0,271,
Nadia,501,Nadia-501,14,Club Building 14,377,364,1,742,49.06,56,7.5,243,250,14,606,P2,7,40.1,41.3,269,189,564,P1,True,B,3,,0,313,
Nadia,501,Nadia-501,15,Health Sub-Centre 15,402,364,0,766,47.52,84,11.0,367,215,7,646,P1,152,56.8,33.3,296,220,599,P1,False,D,4,,0,323,
Nadia,501,Nadia-501,16,Market Building 16,254,229,1,484,47.31,35,7.2,231,145,2,418,P1,86,55.3,34.7,219,127,384,P1,False,B,3,,0,204,
Nadia,501,Nadia-501,17,Govt Office 17,276,247,0,523,47.23,40,7.6,196,115,13,423,P1,81,46.3,27.2,249,132,423,P1,False,B,3,,0,220,
Nadia,501,Nadia-501,18,Market Building 18,363,333,0,696,47.84,54,7.8,244,216,13,577,P1,28,42.3,37.4,316,123,539,P1,False,B,3,,0,293,
Nadia,501,Nadia-501,19,Govt Office 19,261,261,1,523,49.9,35,6.7,247,113,3,400,P1,134,61.8,28.2,226,137,403,P1,False,B,3,,0,220,
Nadia,501,Nadia-501,20,Anganwadi Centre 20,347,352,0,699,50.36,57,8.2,285,142,8,576,P1,143,49.5,24.7,403,118,579,P1,False,B,3,,0,295,
Nadia,501,Nadia-501,21,Market Building 21,360,332,0,692,47.98,59,8.5,313,200,5,584,P1,113,53.6,34.2,368,153,579,P1,False,B,3,,0,292,
Nadia,501,Nadia-501,22,Club Building 22,256,257,0,513,50.1,37,7.2,200,124,8,408,P1,76,49.0,30.4,197,139,390,P1,False,B,3,,0,216,
Nadia,501,Nadia-501,23,Club Building 23,319,295,1,615,47.97,43,7.0,307,177,2,537,P1,130,57.2,33.0,284,140,471,P1,False,B,3,,0,259,
Nadia,501,Nadia-501,24,Panchayat Bhavan 24,288,297,1,586,50.68,54,9.2,251,169,4,504,P1,82,49.8,33.5,289,120,455,P1,False,B,3,,0,247,
Nadia,501,Nadia-501,25,High School 25,361,373,1,735,50.75,50,6.8,276,166,5,572,P1,110,48.3,29.0,312,194,613,P1,False,B,3,,0,310,
Nadia,501,Nadia-501,26,High School 26,298,271,0,569,47.63,64,11.2,321,116,6,485,P1,205,66.2,23.9,216,130,465,P1,False,D,4,,0,240,
Nadia,501,Nadia-501,27,Market Building 27,289,268,0,557,48.11,60,10.8,257,143,3,444,P1,114,57.9,32.2,246,168,461,P1,False,D,4,,0,235,
Nadia,501,Nadia-501,28,Health Sub-Centre 28,379,355,1,735,48.3,52,7.1,290,202,5,590,P1,88,49.2,34.2,233,235,563,P2,True,B,3,,0,310,
Nadia,501,Nadia-501,29,High School 29,317,309,0,626,49.36,43,6.9,337,154,4,545,P1,183,61.8,28.3,295,133,475,P1,False,B,3,,0,264,
Nadia,501,Nadia-501,30,Market Building 30,353,351,0,704,49.86,50,7.1,324,221,6,606,P1,103,53.5,36.5,360,182,611,P1,False,B,3,,0,297,
Nadia,501,Nadia-501,31,Health Sub-Centre 31,276,253,1,530,47.74,43,8.1,246,117,4,403,P1,129,61.0,29.0,280,123,447,P1,False,B,3,,0,223,
Nadia,501,Nadia-501,32,Health Sub-Centre 32,318,322,1,641,50.23,65,10.1,341,163,6,560,P1,178,60.9,29.1,284,113,492,P1,False,D,4,,0,270,
Nadia,501,Nadia-501,33,Madrasa 33,376,342,1,719,47.57,59,8.2,324,181,8,608,P1,143,53.3,29.8,384,144,586,P1,False,B,3,,0,303,
Nadia,501,Nadia-501,34,Temple Hall 34,256,240,0,496,48.39,40,8.1,231,115,4,397,P1,116,58.2,29.0,291,84,416,P1,False,B,3,,0,209,
Nadia,501,Nadia-501,35,Madrasa 35,393,395,1,789,50.06,66,8.4,438,137,3,639,P1,301,68.5,21.4,371,221,664,P1,False,A,1,,0,332,
Nadia,501,Nadia-501,36,Madrasa 36,258,256,0,514,49.81,50,9.7,212,157,5,419,P1,55,50.6,37.5,225,158,443,P1,False,B,3,,0,217,
Nadia,501,Nadia-501,37,Market Building 37,351,330,0,681,48.46,52,7.6,271,190,12,584,P1,81,46.4,32.5,294,222,573,P1,False,B,3,,0,287,
Nadia,501,Nadia-501,38,Health Sub-Centre 38,273,251,1,525,47.81,40,7.6,202,145,9,432,P1,57,46.8,33.6,230,162,438,P1,False,B,3,,0,221,
Nadia,501,Nadia-501,39,Primary School 39,327,300,0,627,47.85,72,11.5,255,166,7,547,P1,89,46.6,30.3,268,151,496,P1,False,D,4,,0,264,
Nadia,501,Nadia-501,40,Community Hall 40,379,385,1,765,50.33,67,8.8,277,249,6,603,P1,28,45.9,41.3,315,199,660,P1,False,B,3,,0,322,
Nadia,501,Nadia-501,41,Temple Hall 41,341,334,1,676,49.41,62,9.2,258,245,8,581,P1,13,44.4,42.2,276,187,535,P1,False,B,3,,0,285,
Nadia,501,Nadia-501,42,Govt Office 42,294,290,0,584,49.66,41,7.0,263,111,6,444,P1,152,59.2,25.0,295,114,455,P1,False,B,3,,0,246,
Nadia,501,Nadia-501,43,Community Hall 43,257,264,1,522,50.57,57,10.9,272,113,2,428,P1,159,63.6,26.4,212,142,456,P1,False,D,4,,0,220,
Nadia,501,Nadia-501,44,Market Building 44,270,274,1,545,50.28,36,6.6,191,184,3,417,P1,7,45.8,44.1,245,172,464,P1,False,B,3,,0,230,
Nadia,501,Nadia-501,45,Primary School 45,247,239,0,486,49.18,48,9.9,259,81,4,377,P1,178,68.7,21.5,192,138,387,P1,False,A,1,,0,205,
Nadia,501,Nadia-501,46,Madrasa 46,426,385,1,812,47.41,73,9.0,372,234,8,674,P1,138,55.2,34.7,379,237,684,P1,False,B,3,,0,342,
Nadia,501,Nadia-501,47,Post Office 47,381,365,0,746,48.93,59,7.9,292,143,6,580,P1,149,50.3,24.7,226,161,591,P1,False,B,3,,0,314,
Nadia,501,Nadia-501,48,Club Building 48,406,406,0,812,50.0,56,6.9,311,233,10,646,P1,78,48.1,36.1,348,249,664,P1,False,B,3,,0,342,
Nadia,501,Nadia-501,49,Anganwadi Centre 49,321,315,1,637,49.45,53,8.3,295,188,6,537,P1,107,54.9,35.0,248,134,505,P1,False,B,3,,0,268,
Nadia,501,Nadia-501,50,Anganwadi Centre 50,266,260,1,527,49.34,59,11.2,238,138,2,417,P1,100,57.1,33.1,283,115,442,P1,False,D,4,,0,222,
Nadia,501,Nadia-501,51,Club Building 51,274,265,1,540,49.07,58,10.7,277,120,4,441,P1,157,62.8,27.2,226,114,442,P1,False,D,4,,0,228,
Nadia,501,Nadia-501,52,Govt Office 52,249,251,1,501,50.1,42,8.4,254,121,3,417,P1,133,60.9,29.0,221,135,395,P1,False,B,3,,0,211,
Nadia,501,Nadia-501,53,Madrasa 53,241,247,0,488,50.61,39,8.0,258,96,3,393,P1,162,65.6,24.4,239,126,415,P1,False,A,1,,0,206,
Nadia,501,Nadia-501,54,Madrasa 54,347,314,0,661,47.5,75,11.3,276,170,5,520,P1,106,53.1,32.7,347,157,573,P1,False,D,4,,0,279,
Nadia,501,Nadia-501,55,Anganwadi Centre 55,409,392,0,801,48.94,58,7.2,398,181,6,643,P1,217,61.9,28.1,310,265,672,P1,False,B,3,,0,337,
Nadia,501,Nadia-501,56,Community Hall 56,319,324,1,644,50.31,56,8.7,289,173,4,534,P1,116,54.1,32.4,220,169,559,P1,False,B,3,,0,271,
Nadia,501,Nadia-501,57,Club Building 57,354,330,0,684,48.25,46,6.7,381,130,7,568,P1,251,67.1,22.9,335,150,539,P1,False,A,1,,0,288,
Nadia,501,Nadia-501,58,Post Office 58,272,259,1,532,48.68,37,7.0,187,131,13,435,P1,56,43.0,30.1,280,105,428,P1,False,B,3,,0,224,
Nadia,501,Nadia-501,59,Health Sub-Centre 59,278,264,1,543,48.62,55,10.1,329,90,2,466,P1,239,70.6,19.3,197,142,426,P1,False,D,4,,0,229,
Nadia,501,Nadia-501,60,Temple Hall 60,351,362,1,714,50.7,71,9.9,261,227,4,542,P1,34,48.2,41.9,310,191,556,P1,False,B,3,,0,301,
Nadia,501,Nadia-501,61,Primary School 61,273,261,1,535,48.79,42,7.9,224,114,6,454,P1,110,49.3,25.1,251,112,433,P1,False,B,3,,0,225,
Nadia,501,Nadia-501,62,Community Hall 62,407,378,1,786,48.09,64,8.1,409,149,7,620,P1,260,66.0,24.0,370,217,653,P1,False,A,1,,0,331,
Nadia,501,Nadia-501,63,Panchayat Bhavan 63,374,377,1,752,50.13,53,7.0,330,169,6,608,P1,161,54.3,27.8,451,124,639,P1,False,B,3,,0,317,
Nadia,501,Nadia-501,64,Club Building 64,326,308,1,635,48.5,67,10.6,258,110,9,499,P1,141,51.7,22.0,305,133,516,P1,False,D,4,,0,268,
Nadia,501,Nadia-501,65,Anganwadi Centre 65,347,312,1,660,47.27,43,6.5,287,166,3,547,P1,121,52.5,30.3,307,201,564,P1,False,B,3,,0,278,
Nadia,501,Nadia-501,66,Market Building 66,369,376,1,746,50.4,85,11.4,336,183,2,576,P1,153,58.3,31.8,359,176,594,P1,False,D,4,,0,314,
Nadia,501,Nadia-501,67,Anganwadi Centre 67,277,253,0,530,47.74,56,10.6,251,159,5,456,P1,92,55.0,34.9,261,129,434,P1,False,D,4,,0,223,
Nadia,501,Nadia-501,68,Health Sub-Centre 68,412,397,0,809,49.07,53,6.6,361,224,7,650,P1,137,55.5,34.5,382,186,631,P1,False,B,3,,0,341,
Nadia,501,Nadia-501,69,Club Building 69,304,300,1,605,49.59,54,8.9,272,118,7,475,P1,154,57.3,24.8,202,157,471,P1,False,B,3,,0,255,
Nadia,501,Nadia-501,70,Govt Office 70,351,316,1,668,47.31,57,8.5,290,174,4,527,P1,116,55.0,33.0,312,123,528,P1,False,B,3,,0,281,
Nadia,501,Nadia-501,71,Health Sub-Centre 71,274,283,1,558,50.72,43,7.7,267,132,5,450,P1,135,59.3,29.3,238,151,432,P1,False,B,3,,0,235,
Nadia,501,Nadia-501,72,Health Sub-Centre 72,381,377,0,758,49.74,75,9.9,247,179,7,597,P1,68,41.4,30.0,381,209,655,P1,False,B,3,,0,319,
Nadia,501,Nadia-501,73,Primary School 73,388,359,1,748,47.99,77,10.3,423,164,8,652,P1,259,64.9,25.2,342,164,575,P1,False,D,4,,0,315,
Nadia,501,Nadia-501,74,Madrasa 74,294,274,1,569,48.15,46,8.1,297,139,5,485,P1,158,61.2,28.7,304,124,476,P1,False,B,3,,0,240,
Nadia,501,Nadia-501,75,Madrasa 75,353,322,1,676,47.63,68,10.1,323,186,6,565,P1,137,57.2,32.9,304,186,556,P1,False,D,4,,0,285,
Nadia,501,Nadia-501,76,Madrasa 76,300,301,0,601,50.08,69,11.5,307,137,6,507,P1,170,60.6,27.0,277,152,476,P1,False,D,4,,0,253,
Nadia,501,Nadia-501,77,Anganwadi Centre 77,367,350,0,717,48.81,73,10.2,309,180,4,561,P1,129,55.1,32.1,374,176,611,P1,False,D,4,,0,302,
Nadia,501,Nadia-501,78,High School 78,336,336,0,672,50.0,71,10.6,340,178,5,575,P1,162,59.1,31.0,313,202,573,P1,False,D,4,,0,283,
Nadia,501,Nadia-501,79,Club Building 79,319,295,0,614,48.05,39,6.4,236,192,6,480,P1,44,49.2,40.0,277,144,467,P1,False,B,3,,0,259,
Nadia,501,Nadia-501,80,Anganwadi Centre 80,244,240,1,485,49.48,54,11.1,218,134,4,412,P1,84,52.9,32.5,253,111,404,P1,False,D,4,,0,204,
Nadia,501,Nadia-501,81,Primary School 81,290,280,0,570,49.12,39,6.8,273,165,5,486,P1,108,56.2,34.0,211,177,431,P1,False,B,3,,0,240,
Nadia,501,Nadia-501,82,High School 82,325,328,0,653,50.23,62,9.5,282,218,5,558,P1,64,50.5,39.1,361,147,564,P1,False,B,3,,0,275,
Nadia,501,Nadia-501,83,Club Building 83,311,302,1,614,49.19,67,10.9,232,166,11,502,P1,66,46.2,33.1,240,143,469,P1,False,D,4,,0,259,
Nadia,501,Nadia-501,84,Health Sub-Centre 84,298,283,1,582,48.63,55,9.5,281,141,2,468,P1,140,60.0,30.1,256,190,496,P1,False,B,3,,0,245,
Nadia,501,Nadia-501,85,Post Office 85,392,395,1,788,50.13,67,8.5,383,169,8,683,P1,214,56.1,24.7,357,189,607,P1,False,B,3,,0,332,
Nadia,501,Nadia-501,86,Anganwadi Centre 86,398,357,0,755,47.28,70,9.3,325,197,9,608,P1,128,53.5,32.4,371,151,580,P1,False,B,3,,0,318,
Nadia,501,Nadia-501,87,Temple Hall 87,416,384,0,800,48.0,56,7.0,332,223,7,617,P1,109,53.8,36.1,417,183,682,P1,False,B,3,,0,337,
Nadia,501,Nadia-501,88,Post Office 88,288,263,0,551,47.73,59,10.7,280,132,2,458,P1,148,61.1,28.8,263,141,449,P1,False,D,4,,0,232,
Nadia,501,Nadia-501,89,Govt Office 89,281,266,0,547,48.63,40,7.3,220,69,5,425,P1,94,51.8,16.2,196,147,447,P1,False,B,3,,0,230,
Nadia,501,Nadia-501,90,Govt Office 90,289,271,1,561,48.31,64,11.4,278,120,2,459,P1,158,60.6,26.1,261,98,470,P1,False,D,4,,0,236,
Nadia,501,Nadia-501,91,Community Hall 91,296,283,0,579,48.88,66,11.4,267,134,3,445,P1,133,60.0,30.1,329,108,486,P1,False,D,4,,0,244,
Nadia,501,Nadia-501,92,Post Office 92,289,288,1,578,49.83,52,9.0,317,87,5,449,P1,230,70.6,19.4,272,134,497,P1,False,A,1,,0,244,
Nadia,501,Nadia-501,93,Post Office 93,367,356,0,723,49.24,67,9.3,308,151,6,597,P1,157,51.6,25.3,342,152,549,P1,False,B,3,,0,305,
Nadia,501,Nadia-501,94,Govt Office 94,335,303,0,638,47.49,57,8.9,283,170,7,543,P1,113,52.1,31.3,316,128,493,P1,False,B,3,,0,269,
Nadia,501,Nadia-501,95,Temple Hall 95,410,379,1,790,47.97,80,10.1,381,142,3,603,P1,239,63.2,23.5,351,261,680,P1,False,D,4,,0,333,
Nadia,501,Nadia-501,96,Primary School 96,423,379,1,803,47.2,63,7.8,366,209,5,671,P1,157,54.5,31.1,458,133,657,P1,False,B,3,,0,338,
Nadia,501,Nadia-501,97,Panchayat Bhavan 97,348,328,1,677,48.45,52,7.7,304,191,4,550,P1,113,55.3,34.7,296,145,529,P1,False,B,3,,0,285,
Nadia,501,Nadia-501,98,Club Building 98,273,270,0,543,49.72,40,7.4,172,178,6,431,P2,6,39.9,41.3,216,132,464,P1,True,B,3,,0,229,
Nadia,501,Nadia-501,99,Anganwadi Centre 99,374,380,1,755,50.33,70,9.3,308,210,6,599,P1,98,51.4,35.1,378,159,597,P1,False,B,3,,0,318,
Nadia,501,Nadia-501,100,Primary School 100,340,349,1,690,50.58,70,10.1,341,184,3,603,P1,157,56.6,30.5,278,175,544,P1,False,D,4,,0,291,
Nadia,501,Nadia-501,101,Govt Office 101,301,275,1,577,47.66,61,10.6,220,121,4,456,P1,99,48.2,26.5,223,144,441,P1,False,D,4,,0,243,
Nadia,501,Nadia-501,102,Anganwadi Centre 102,288,266,0,554,48.01,36,6.5,237,157,3,437,P1,80,54.2,35.9,205,141,475,P1,False,B,3,,0,233,
Nadia,501,Nadia-501,103,Market Building 103,384,371,1,756,49.07,55,7.3,333,212,7,605,P1,121,55.0,35.0,311,211,606,P1,False,B,3,,0,319,
Nadia,501,Nadia-501,104,Health Sub-Centre 104,414,402,1,817,49.2,76,9.3,325,269,7,660,P1,56,49.2,40.8,317,141,653,P1,False,B,3,,0,344,
Nadia,501,Nadia-501,105,Govt Office 105,352,321,0,673,47.7,64,9.5,282,189,3,523,P1,93,53.9,36.1,293,180,525,P1,False,B,3,,0,284,
Nadia,501,Nadia-501,106,Panchayat Bhavan 106,325,327,0,652,50.15,49,7.5,322,160,4,536,P1,162,60.1,29.9,357,135,547,P1,False,B,3,,0,275,
Nadia,501,Nadia-501,107,Primary School 107,277,256,0,533,48.03,46,8.6,240,106,8,426,P1,134,56.3,24.9,256,153,454,P1,False,B,3,,0,225,
Nadia,501,Nadia-501,108,Govt Office 108,287,289,1,577,50.09,48,8.3,251,140,4,465,P1,111,54.0,30.1,253,180,481,P1,False,B,3,,0,243,
Nadia,501,Nadia-501,109,Market Building 109,389,373,1,763,48.89,75,9.8,338,243,2,646,P1,95,52.3,37.6,293,254,608,P1,False,B,3,,0,321,
Nadia,501,Nadia-501,110,Panchayat Bhavan 110,375,384,1,760,50.53,71,9.3,354,175,7,588,P1,179,60.2,29.8,352,144,585,P1,False,B,3,,0,320,
Nadia,501,Nadia-501,111,High School 111,279,282,1,562,50.18,55,9.8,275,116,4,434,P1,159,63.4,26.7,260,169,476,P1,False,B,3,,0,237,
Nadia,501,Nadia-501,112,Temple Hall 112,278,281,0,559,50.27,47,8.4,286,102,4,432,P1,184,66.2,23.6,236,132,475,P1,False,A,1,,0,236,
Nadia,501,Nadia-501,113,Anganwadi Centre 113,307,302,0,609,49.59,70,11.5,340,129,6,521,P1,211,65.3,24.8,252,140,472,P1,False,D,4,,0,257,
Nadia,501,Nadia-501,114,Govt Office 114,277,285,0,562,50.71,47,8.4,232,122,5,438,P1,110,53.0,27.9,260,174,482,P1,False,B,3,,0,237,
Nadia,501,Nadia-501,115,Panchayat Bhavan 115,337,338,1,676,50.0,75,11.1,317,168,8,589,P1,149,53.8,28.5,358,111,521,P1,False,D,4,,0,285,
Nadia,501,Nadia-501,116,Anganwadi Centre 116,368,369,1,738,50.0,67,9.1,292,264,5,622,P1,28,46.9,42.4,408,143,612,P1,False,B,3,,0,311,
Nadia,501,Nadia-501,117,Madrasa 117,251,258,1,510,50.59,42,8.2,188,158,7,421,P1,30,44.7,37.5,257,128,428,P1,False,B,3,,0,215,
Nadia,501,Nadia-501,118,Madrasa 118,281,256,1,538,47.58,41,7.6,251,160,2,456,P1,91,55.0,35.1,208,158,441,P1,False,B,3,,0,227,
Nadia,501,Nadia-501,119,Govt Office 119,313,318,0,631,50.4,41,6.5,298,121,5,481,P1,177,62.0,25.2,305,145,500,P1,False,B,3,,0,266,
Nadia,501,Nadia-501,120,Anganwadi Centre 120,330,300,1,631,47.54,73,11.6,294,183,2,530,P1,111,55.5,34.5,310,121,478,P1,False,D,4,,0,266,
Nadia,501,Nadia-501,121,Temple Hall 121,383,351,0,734,47.82,77,10.5,374,155,5,588,P1,219,63.6,26.4,302,192,598,P1,False,D,4,,0,309,
Nadia,501,Nadia-501,122,Govt Office 122,354,363,1,718,50.56,47,6.5,358,158,4,574,P1,200,62.4,27.5,367,142,618,P1,False,B,3,,0,303,
Nadia,501,Nadia-501,123,Post Office 123,359,342,1,702,48.72,70,10.0,348,161,11,603,P1,187,57.7,26.7,341,181,581,P1,False,B,3,,0,296,
Nadia,501,Nadia-501,124,Temple Hall 124,340,331,1,672,49.26,46,6.8,377,135,3,569,P1,242,66.3,23.7,274,175,557,P1,False,A,1,,0,283,
Nadia,501,Nadia-501,125,Post Office 125,266,239,0,505,47.33,40,7.9,178,114,15,420,P1,64,42.4,27.1,203,142,406,P1,False,B,3,,0,213,
Nadia,501,Nadia-501,126,Panchayat Bhavan 126,402,363,1,766,47.39,80,10.4,324,256,4,645,P1,68,50.2,39.7,369,233,668,P1,False,D,4,,0,323,
Nadia,501,Nadia-501,127,Anganwadi Centre 127,406,394,1,801,49.19,90,11.2,400,174,11,667,P1,226,60.0,26.1,364,205,632,P1,False,D,4,,0,337,
Nadia,501,Nadia-501,128,Health Sub-Centre 128,242,240,0,482,49.79,46,9.5,231,114,1,384,P1,117,60.2,29.7,244,128,413,P1,False,B,3,,0,203,
Nadia,501,Nadia-501,129,High School 129,328,317,0,645,49.15,59,9.1,301,179,7,546,P1,122,55.1,32.8,266,218,537,P1,False,B,3,,0,272,
Nadia,501,Nadia-501,130,Health Sub-Centre 130,286,266,1,553,48.1,57,10.3,297,85,2,431,P1,212,68.9,19.7,267,159,473,P1,False,D,4,,0,233,
Nadia,501,Nadia-501,131,Govt Office 131,340,335,1,676,49.56,78,11.5,256,184,6,551,P1,72,46.5,33.4,331,142,525,P1,False,D,4,,0,285,
Nadia,501,Nadia-501,132,Primary School 132,303,287,1,591,48.56,42,7.1,302,141,4,493,P1,161,61.3,28.6,298,137,483,P1,False,B,3,,0,249,
Nadia,501,Nadia-501,133,Club Building 133,366,373,0,739,50.47,66,8.9,297,224,2,579,P1,73,51.3,38.7,369,186,617,P1,False,B,3,,0,311,
Nadia,501,Nadia-501,134,Health Sub-Centre 134,310,286,0,596,47.99,54,9.1,262,109,13,481,P1,153,54.5,22.7,213,168,463,P1,False,B,3,,0,251,
Nadia,501,Nadia-501,135,Primary School 135,319,319,1,639,49.92,57,8.9,256,172,5,493,P1,84,51.9,34.9,316,184,556,P1,False,B,3,,0,269,
Nadia,501,Nadia-501,136,Anganwadi Centre 136,287,256,0,543,47.15,51,9.4,220,147,7,453,P1,73,48.6,32.5,247,109,448,P1,False,B,3,,0,229,
Nadia,501,Nadia-501,137,Primary School 137,315,307,0,622,49.36,40,6.4,255,144,2,477,P1,111,53.5,30.2,258,182,489,P1,False,B,3,,0,262,
Nadia,501,Nadia-501,138,Market Building 138,373,383,0,756,50.66,49,6.5,456,102,3,620,P1,354,73.5,16.5,335,161,590,P1,False,A,1,,0,319,
Nadia,501,Nadia-501,139,High School 139,362,339,0,701,48.36,73,10.4,358,177,3,595,P1,181,60.2,29.7,376,157,592,P1,False,D,4,,0,295,
Nadia,501,Nadia-501,140,Govt Office 140,273,262,0,535,48.97,40,7.5,308,91,5,444,P1,217,69.4,20.5,258,162,467,P1,False,A,1,,0,225,
Nadia,501,Nadia-501,141,Post Office 141,374,365,1,740,49.32,48,6.5,256,186,7,591,P1,70,43.3,31.5,283,212,562,P1,False,B,3,,0,312,
Nadia,501,Nadia-501,142,Anganwadi Centre 142,388,372,1,761,48.88,56,7.4,421,173,7,660,P1,248,63.8,26.2,418,149,630,P1,False,B,3,,0,321,
Nadia,501,Nadia-501,143,Anganwadi Centre 143,251,243,0,494,49.19,36,7.3,274,68,4,380,P1,206,72.1,17.9,290,79,410,P1,False,A,1,,0,208,
Nadia,501,Nadia-501,144,Market Building 144,416,375,0,791,47.41,52,6.6,318,239,2,619,P1,79,51.4,38.6,323,270,690,P1,False,B,3,,0,333,
Nadia,501,Nadia-501,145,Post Office 145,284,278,0,562,49.47,55,9.8,223,127,7,450,P1,96,49.6,28.2,325,92,463,P1,False,B,3,,0,237,
Nadia,501,Nadia-501,146,Madrasa 146,263,259,1,523,49.52,55,10.5,233,159,6,441,P1,74,52.8,36.1,190,107,441,P1,False,D,4,,0,220,
Nadia,501,Nadia-501,147,Govt Office 147,343,354,0,697,50.79,47,6.7,353,148,3,557,P1,205,63.4,26.6,327,163,545,P1,False,B,3,,0,294,
Nadia,501,Nadia-501,148,Community Hall 148,422,384,1,807,47.58,88,10.9,355,227,2,647,P1,128,54.9,35.1,381,248,703,P1,False,D,4,,0,340,
Nadia,501,Nadia-501,149,High School 149,328,317,1,646,49.07,56,8.7,339,123,5,513,P1,216,66.1,24.0,312,175,541,P1,False,A,1,,0,272,
Nadia,501,Nadia-501,150,Health Sub-Centre 150,409,403,1,813,49.57,73,9.0,372,195,7,640,P1,177,58.1,30.5,409,198,675,P1,False,B,3,,0,343,
Nadia,501,Nadia-501,151,Govt Office 151,335,301,0,636,47.33,44,6.9,298,150,8,519,P1,148,57.4,28.9,289,152,513,P1,False,B,3,,0,268,
Nadia,501,Nadia-501,152,Govt Office 152,277,281,1,559,50.27,59,10.6,254,125,3,474,P1,129,53.6,26.4,261,128,432,P1,False,D,4,,0,236,
Nadia,501,Nadia-501,153,Club Building 153,325,321,1,647,49.61,63,9.7,216,188,6,501,P1,28,43.1,37.5,233,149,522,P1,False,B,3,,0,273,
Nadia,501,Nadia-501,154,Anganwadi Centre 154,266,249,0,515,48.35,36,7.0,280,113,4,437,P1,167,64.1,25.9,236,137,414,P1,False,B,3,,0,217,
Nadia,501,Nadia-501,155,Market Building 155,396,379,1,776,48.84,53,6.8,356,202,3,620,P1,154,57.4,32.6,369,230,675,P1,False,B,3,,0,327,
Nadia,501,Nadia-501,156,Temple Hall 156,411,392,1,804,48.76,79,9.8,392,187,7,643,P1,205,61.0,29.1,395,186,688,P1,False,B,3,,0,339,
Nadia,501,Nadia-501,157,Post Office 157,252,235,1,488,48.16,31,6.4,240,116,6,419,P1,124,57.3,27.7,256,111,407,P1,False,B,3,,0,206,
Nadia,501,Nadia-501,158,Club Building 158,268,276,1,545,50.64,50,9.2,253,134,4,435,P1,119,58.2,30.8,219,172,437,P1,False,B,3,,0,230,
Nadia,501,Nadia-501,159,Health Sub-Centre 159,334,301,1,636,47.33,63,9.9,234,144,16,522,P1,90,44.8,27.6,262,183,494,P1,False,B,3,,0,268,
Nadia,501,Nadia-501,160,Club Building 160,276,266,0,542,49.08,56,10.3,217,106,5,413,P1,111,52.5,25.7,250,127,419,P1,False,D,4,,0,228,
Nadia,501,Nadia-501,161,Panchayat Bhavan 161,362,357,0,719,49.65,47,6.5,393,141,6,593,P1,252,66.3,23.8,337,156,548,P1,False,A,1,,0,303,
Nadia,501,Nadia-501,162,Anganwadi Centre 162,275,283,0,558,50.72,59,10.6,228,157,1,428,P1,71,53.3,36.7,228,69,430,P1,False,D,4,,0,235,
Nadia,501,Nadia-501,163,Govt Office 163,269,271,0,540,50.19,46,8.5,300,105,2,449,P1,195,66.8,23.4,235,135,411,P1,False,A,1,,0,228,
Nadia,501,Nadia-501,164,Community Hall 164,325,315,1,641,49.14,65,10.1,301,181,5,536,P1,120,56.2,33.8,366,127,548,P1,False,D,4,,0,270,
Nadia,501,Nadia-501,165,Temple Hall 165,330,309,0,639,48.36,62,9.7,294,202,6,551,P1,92,53.4,36.7,342,160,557,P1,False,B,3,,0,269,
Nadia,501,Nadia-501,166,Panchayat Bhavan 166,382,368,0,750,49.07,63,8.4,397,131,5,649,P1,266,61.2,20.2,345,160,644,P1,False,B,3,,0,316,
Nadia,501,Nadia-501,167,Primary School 167,272,265,0,537,49.35,57,10.6,186,175,5,439,P1,11,42.4,39.9,160,147,431,P1,False,D,4,,0,226,
Nadia,501,Nadia-501,168,Temple Hall 168,305,313,1,619,50.57,44,7.1,315,146,8,537,P1,169,58.7,27.2,221,177,516,P1,False,B,3,,0,261,
Nadia,501,Nadia-501,169,Anganwadi Centre 169,361,337,0,698,48.28,48,6.9,357,161,7,583,P1,196,61.2,27.6,320,168,591,P1,False,B,3,,0,294,
Nadia,501,Nadia-501,170,Madrasa 170,382,355,1,738,48.1,56,7.6,339,221,2,623,P1,118,54.4,35.5,379,168,635,P1,False,B,3,,0,311,
Nadia,502,Nadia-502,1,Temple Hall 1,296,307,1,604,50.83,34,5.6,261,159,3,466,P1,102,56.0,34.1,204,208,490,P2,True,B,3,,0,254,
Nadia,502,Nadia-502,2,Community Hall 2,262,239,1,502,47.61,26,5.2,271,106,3,419,P1,165,64.7,25.3,224,132,396,P1,False,B,3,,0,212,
Nadia,502,Nadia-502,3,Temple Hall 3,349,344,1,694,49.57,33,4.8,331,198,4,588,P1,133,56.3,33.7,336,211,607,P1,False,B,3,,0,292,
Nadia,502,Nadia-502,4,Market Building 4,398,358,1,757,47.29,42,5.5,370,200,5,633,P1,170,58.5,31.6,371,191,624,P1,False,B,3,,0,319,
Nadia,502,Nadia-502,5,Madrasa 5,337,331,1,669,49.48,30,4.5,320,151,3,531,P1,169,60.3,28.4,282,206,551,P1,False,B,3,,0,282,
Nadia,502,Nadia-502,6,Anganwadi Centre 6,364,347,1,712,48.74,44,6.2,270,217,5,566,P1,53,47.7,38.3,292,197,543,P1,False,B,3,,0,300,
Nadia,502,Nadia-502,7,Temple Hall 7,369,361,1,731,49.38,39,5.3,335,178,2,570,P1,157,58.8,31.2,306,152,555,P1,False,B,3,,0,308,
Nadia,502,Nadia-502,8,Club Building 8,322,328,0,650,50.46,33,5.1,247,213,4,551,P1,34,44.8,38.7,284,163,497,P1,False,B,3,,0,274,
Nadia,502,Nadia-502,9,Post Office 9,419,392,0,811,48.34,45,5.5,375,250,5,705,P1,125,53.2,35.5,496,122,687,P1,False,B,3,,0,342,
Nadia,502,Nadia-502,10,Health Sub-Centre 10,382,362,0,744,48.66,35,4.7,412,165,5,641,P1,247,64.3,25.7,331,199,589,P1,False,B,3,,0,313,
Nadia,502,Nadia-502,11,Market Building 11,291,269,0,560,48.04,34,6.1,274,127,3,445,P1,147,61.6,28.5,250,160,456,P1,False,B,3,,0,236,
Nadia,502,Nadia-502,12,Market Building 12,392,395,1,788,50.13,38,4.8,433,181,4,682,P1,252,63.5,26.5,484,73,619,P1,False,B,3,,0,332,
Nadia,502,Nadia-502,13,Govt Office 13,268,270,0,538,50.19,28,5.2,227,112,10,467,P1,113,48.6,24.0,250,132,425,P1,False,B,3,,0,227,
Nadia,502,Nadia-502,14,Club Building 14,277,268,0,545,49.17,28,5.1,262,133,1,438,P1,129,59.8,30.4,296,80,455,P1,False,B,3,,0,230,
Nadia,502,Nadia-502,15,Health Sub-Centre 15,293,274,1,568,48.24,30,5.3,270,147,4,463,P1,123,58.3,31.7,265,128,437,P1,False,B,3,,0,239,
Nadia,502,Nadia-502,16,Club Building 16,302,282,1,585,48.21,36,6.2,256,146,5,453,P1,110,56.5,32.2,268,139,453,P1,False,B,3,,0,246,
Nadia,502,Nadia-502,17,Panchayat Bhavan 17,408,381,1,790,48.23,48,6.1,303,224,8,652,P1,79,46.5,34.4,349,200,610,P1,False,B,3,,0,333,
Nadia,502,Nadia-502,18,Post Office 18,349,318,0,667,47.68,42,6.3,358,148,7,577,P1,210,62.0,25.6,286,156,544,P1,False,B,3,,0,281,
Nadia,502,Nadia-502,19,Post Office 19,302,276,1,579,47.67,33,5.7,308,130,6,487,P1,178,63.2,26.7,278,141,474,P1,False,B,3,,0,244,
Nadia,502,Nadia-502,20,Govt Office 20,405,403,0,808,49.88,52,6.4,418,205,5,704,P1,213,59.4,29.1,434,194,698,P1,False,B,3,,0,340,
Nadia,502,Nadia-502,21,Health Sub-Centre 21,305,308,1,614,50.16,37,6.0,263,193,8,534,P1,70,49.3,36.1,324,138,513,P1,False,B,3,,0,259,
Nadia,502,Nadia-502,22,Club Building 22,387,365,1,753,48.47,27,3.6,314,247,6,623,P1,67,50.4,39.6,308,204,572,P1,False,B,3,,0,317,
Nadia,502,Nadia-502,23,High School 23,241,238,1,480,49.58,20,4.2,227,132,2,399,P1,95,56.9,33.1,214,122,406,P1,False,B,3,,0,202,
Nadia,502,Nadia-502,24,Primary School 24,338,344,0,682,50.44,42,6.2,324,144,11,582,P1,180,55.7,24.7,317,206,581,P1,False,B,3,,0,287,
Nadia,502,Nadia-502,25,Anganwadi Centre 25,360,337,0,697,48.35,33,4.7,309,199,4,564,P1,110,54.8,35.3,355,176,590,P1,False,B,3,,0,294,
Nadia,502,Nadia-502,26,Temple Hall 26,307,278,1,586,47.44,32,5.5,283,163,5,496,P1,120,57.1,32.9,309,103,458,P1,False,B,3,,0,247,
Nadia,502,Nadia-502,27,Club Building 27,352,319,0,671,47.54,32,4.8,260,230,11,586,P1,30,44.4,39.2,296,161,517,P1,False,B,3,,0,283,
Nadia,502,Nadia-502,28,Community Hall 28,379,341,0,720,47.36,36,5.0,358,179,4,597,P1,179,60.0,30.0,315,200,586,P1,False,B,3,,0,303,
Nadia,502,Nadia-502,29,Anganwadi Centre 29,268,252,0,520,48.46,32,6.2,197,140,4,414,P1,57,47.6,33.8,198,88,404,P1,False,B,3,,0,219,
Nadia,502,Nadia-502,30,Govt Office 30,309,305,0,614,49.67,27,4.4,227,200,3,474,P1,27,47.9,42.2,239,128,473,P1,False,B,3,,0,259,
Nadia,502,Nadia-502,31,Post Office 31,296,289,1,586,49.32,29,4.9,259,146,4,450,P1,113,57.6,32.4,220,181,478,P1,False,B,3,,0,247,
Nadia,502,Nadia-502,32,Health Sub-Centre 32,311,282,1,594,47.47,38,6.4,271,136,4,452,P1,135,60.0,30.1,265,162,474,P1,False,B,3,,0,250,
Nadia,502,Nadia-502,33,Govt Office 33,409,390,1,800,48.75,36,4.5,411,148,7,655,P1,263,62.7,22.6,351,236,652,P1,False,B,3,,0,337,
Nadia,502,Nadia-502,34,Madrasa 34,360,328,1,689,47.61,40,5.8,327,163,2,544,P1,164,60.1,30.0,330,197,586,P1,False,B,3,,0,290,
Nadia,502,Nadia-502,35,High School 35,384,356,1,741,48.04,36,4.9,241,186,6,594,P1,55,40.6,31.3,346,171,575,P1,False,B,3,,0,312,
Nadia,502,Nadia-502,36,Temple Hall 36,295,283,1,579,48.88,27,4.7,239,189,5,476,P1,50,50.2,39.7,290,150,489,P1,False,B,3,,0,244,
Nadia,502,Nadia-502,37,Anganwadi Centre 37,305,311,1,617,50.41,26,4.2,262,189,2,501,P1,73,52.3,37.7,289,156,495,P1,False,B,3,,0,260,
Nadia,502,Nadia-502,38,Community Hall 38,280,265,1,546,48.53,20,3.7,260,138,6,454,P1,122,57.3,30.4,277,135,463,P1,False,B,3,,0,230,
Nadia,502,Nadia-502,39,Anganwadi Centre 39,371,339,1,711,47.68,42,5.9,372,156,5,606,P1,216,61.4,25.7,291,146,565,P1,False,B,3,,0,300,
Nadia,502,Nadia-502,40,Market Building 40,402,406,0,808,50.25,47,5.8,379,250,8,699,P1,129,54.2,35.8,458,121,643,P1,False,B,3,,0,340,
Nadia,502,Nadia-502,41,Panchayat Bhavan 41,264,258,0,522,49.43,21,4.0,276,128,5,449,P1,148,61.5,28.5,284,103,430,P1,False,B,3,,0,220,
Nadia,502,Nadia-502,42,High School 42,334,329,0,663,49.62,42,6.3,250,154,4,509,P1,96,49.1,30.3,262,169,524,P1,False,B,3,,0,279,
Nadia,502,Nadia-502,43,Health Sub-Centre 43,310,305,0,615,49.59,37,6.0,258,163,3,467,P1,95,55.2,34.9,248,175,470,P1,False,B,3,,0,259,
Nadia,502,Nadia-502,44,Primary School 44,349,328,1,678,48.38,25,3.7,334,144,7,547,P1,190,61.1,26.3,274,117,520,P1,False,B,3,,0,286,
Nadia,502,Nadia-502,45,Primary School 45,271,272,1,544,50.0,19,3.5,278,111,2,432,P1,167,64.4,25.7,182,122,412,P1,False,B,3,,0,229,
Nadia,502,Nadia-502,46,Market Building 46,331,339,0,670,50.6,34,5.1,320,166,2,539,P1,154,59.4,30.8,320,156,550,P1,False,B,3,,0,282,
Nadia,502,Nadia-502,47,Anganwadi Centre 47,278,267,0,545,48.99,31,5.7,289,136,4,472,P1,153,61.2,28.8,225,150,416,P1,False,B,3,,0,230,
Nadia,502,Nadia-502,48,Market Building 48,317,313,1,631,49.6,33,5.2,305,181,4,540,P1,124,56.5,33.5,349,137,539,P1,False,B,3,,0,266,
Nadia,502,Nadia-502,49,Community Hall 49,252,237,1,490,48.37,21,4.3,205,108,9,409,P1,97,50.1,26.4,220,133,403,P1,False,B,3,,0,206,
Nadia,502,Nadia-502,50,Primary School 50,255,235,0,490,47.96,17,3.5,254,115,4,422,P1,139,60.2,27.3,221,145,407,P1,False,B,3,,0,206,
Nadia,502,Nadia-502,51,Health Sub-Centre 51,247,235,0,482,48.76,25,5.2,227,131,2,397,P1,96,57.2,33.0,213,114,395,P1,False,B,3,,0,203,
Nadia,502,Nadia-502,52,Market Building 52,308,278,0,586,47.44,38,6.5,267,180,3,497,P1,87,53.7,36.2,249,141,457,P1,False,B,3,,0,247,
Nadia,502,Nadia-502,53,Govt Office 53,319,322,1,642,50.16,37,5.8,306,135,2,490,P1,171,62.4,27.6,270,208,531,P1,False,B,3,,0,271,
Nadia,502,Nadia-502,54,Madrasa 54,310,287,0,597,48.07,21,3.5,250,155,3,453,P1,95,55.2,34.2,280,127,500,P1,False,B,3,,0,252,
Nadia,502,Nadia-502,55,Post Office 55,285,278,0,563,49.38,25,4.4,224,174,2,442,P1,50,50.7,39.4,275,157,485,P1,False,B,3,,0,237,
Nadia,502,Nadia-502,56,Temple Hall 56,308,279,1,588,47.45,29,4.9,296,162,5,509,P1,134,58.2,31.8,266,171,486,P1,False,B,3,,0,248,
Nadia,502,Nadia-502,57,Panchayat Bhavan 57,372,380,0,752,50.53,29,3.9,296,132,8,573,P1,164,51.7,23.0,343,195,603,P1,False,B,3,,0,317,
Nadia,502,Nadia-502,58,Temple Hall 58,264,238,1,503,47.32,25,5.0,212,138,2,401,P1,74,52.9,34.4,181,131,403,P1,False,B,3,,0,212,
Nadia,502,Nadia-502,59,Temple Hall 59,424,394,0,818,48.17,51,6.2,388,175,6,626,P1,213,62.0,28.0,340,229,632,P1,False,B,3,,0,345,
Nadia,502,Nadia-502,60,Market Building 60,410,387,1,798,48.5,33,4.1,361,166,8,622,P1,195,58.0,26.7,374,189,626,P1,False,B,3,,0,336,
Nadia,502,Nadia-502,61,Community Hall 61,289,273,1,563,48.49,35,6.2,280,121,5,446,P1,159,62.8,27.1,293,118,456,P1,False,B,3,,0,237,
Nadia,502,Nadia-502,62,Club Building 62,345,333,0,678,49.12,44,6.5,331,151,4,536,P1,180,61.8,28.2,343,167,566,P1,False,B,3,,0,286,
Nadia,502,Nadia-502,63,Panchayat Bhavan 63,341,331,1,673,49.18,28,4.2,381,138,5,577,P1,243,66.0,23.9,251,174,533,P1,False,A,1,,0,284,
Nadia,502,Nadia-502,64,Govt Office 64,354,324,1,679,47.72,41,6.0,247,142,19,576,P1,85,42.9,24.7,280,217,552,P1,False,B,3,,0,286,
Nadia,502,Nadia-502,65,Health Sub-Centre 65,280,254,0,534,47.57,28,5.2,266,115,1,423,P1,151,62.9,27.2,249,144,437,P1,False,B,3,,0,225,
Nadia,502,Nadia-502,66,Market Building 66,299,298,0,597,49.92,22,3.7,267,134,9,519,P1,133,51.4,25.8,338,110,497,P1,False,B,3,,0,252,
Nadia,502,Nadia-502,67,Govt Office 67,297,272,0,569,47.8,36,6.3,233,158,4,435,P1,75,53.6,36.3,274,139,459,P1,False,B,3,,0,240,
Nadia,502,Nadia-502,68,Panchayat Bhavan 68,340,330,0,670,49.25,24,3.6,329,192,5,579,P1,137,56.8,33.2,266,189,525,P1,False,B,3,,0,282,
Nadia,502,Nadia-502,69,Temple Hall 69,298,287,1,586,48.98,21,3.6,202,144,10,452,P1,58,44.7,31.9,232,188,499,P1,False,B,3,,0,247,
Nadia,502,Nadia-502,70,Community Hall 70,285,294,1,580,50.69,24,4.1,254,154,2,453,P1,100,56.1,34.0,303,128,479,P1,False,B,3,,0,244,
Nadia,502,Nadia-502,71,Govt Office 71,353,331,0,684,48.39,29,4.2,309,161,5,548,P1,148,56.4,29.4,323,190,570,P1,False,B,3,,0,288,
Nadia,502,Nadia-502,72,Govt Office 72,251,255,0,506,50.4,24,4.7,221,98,4,390,P1,123,56.7,25.1,263,113,418,P1,False,B,3,,0,213,
Nadia,502,Nadia-502,73,Primary School 73,386,349,1,736,47.42,47,6.4,340,201,3,609,P1,139,55.8,33.0,404,165,632,P1,False,B,3,,0,310,
Nadia,502,Nadia-502,74,Community Hall 74,390,368,1,759,48.48,44,5.8,458,102,6,623,P1,356,73.5,16.4,359,217,641,P1,False,A,1,,0,320,
Nadia,502,Nadia-502,75,Temple Hall 75,245,245,0,490,50.0,25,5.1,224,123,2,391,P1,101,57.3,31.5,219,165,427,P1,False,B,3,,0,206,
Nadia,502,Nadia-502,76,Primary School 76,343,327,1,671,48.73,38,5.7,266,166,14,554,P1,100,48.0,30.0,307,178,545,P1,False,B,3,,0,283,
Nadia,502,Nadia-502,77,Madrasa 77,379,362,1,742,48.79,41,5.5,229,230,9,564,P2,1,40.6,40.8,372,133,601,P1,True,B,3,,0,313,
Nadia,502,Nadia-502,78,Panchayat Bhavan 78,364,338,0,702,48.15,37,5.3,324,171,7,554,P1,153,58.5,30.9,304,198,558,P1,False,B,3,,0,296,
Nadia,502,Nadia-502,79,Health Sub-Centre 79,344,336,0,680,49.41,31,4.6,324,151,5,541,P1,173,59.9,27.9,277,190,567,P1,False,B,3,,0,287,
Nadia,502,Nadia-502,80,Temple Hall 80,395,405,1,801,50.56,36,4.5,451,155,2,674,P1,296,66.9,23.0,415,215,700,P1,False,A,1,,0,337,
Nadia,502,Nadia-502,81,Panchayat Bhavan 81,346,343,0,689,49.78,35,5.1,329,185,7,571,P1,144,57.6,32.4,332,194,589,P1,False,B,3,,0,290,
Nadia,502,Nadia-502,82,Post Office 82,273,261,1,535,48.79,21,3.9,286,112,4,442,P1,174,64.7,25.3,202,104,430,P1,False,B,3,,0,225,
Nadia,502,Nadia-502,83,Primary School 83,404,392,1,797,49.18,36,4.5,447,141,7,654,P1,306,68.3,21.6,437,126,659,P1,False,A,1,,0,336,
Nadia,502,Nadia-502,84,Primary School 84,339,338,1,678,49.85,29,4.3,286,176,5,557,P1,110,51.3,31.6,366,153,586,P1,False,B,3,,0,286,
Nadia,502,Nadia-502,85,Anganwadi Centre 85,276,270,1,547,49.36,30,5.5,263,120,5,426,P1,143,61.7,28.2,237,163,445,P1,False,B,3,,0,230,
Nadia,502,Nadia-502,86,Govt Office 86,360,368,0,728,50.55,44,6.0,293,233,7,612,P1,60,47.9,38.1,318,218,596,P1,False,B,3,,0,307,
Nadia,502,Nadia-502,87,Club Building 87,252,250,1,503,49.7,24,4.8,210,96,13,434,P1,99,48.4,22.1,285,91,418,P1,False,B,3,,0,212,
Nadia,502,Nadia-502,88,Market Building 88,343,340,0,683,49.78,42,6.1,219,162,6,521,P1,57,42.0,31.1,341,183,582,P1,False,B,3,,0,288,
Nadia,502,Nadia-502,89,Temple Hall 89,355,324,1,680,47.65,31,4.6,282,175,5,516,P1,107,54.7,33.9,275,177,536,P1,False,B,3,,0,287,
Nadia,502,Nadia-502,90,Health Sub-Centre 90,415,372,0,787,47.27,43,5.5,382,227,6,677,P1,155,56.4,33.5,344,127,599,P1,False,B,3,,0,332,
Nadia,502,Nadia-502,91,Madrasa 91,257,254,0,511,49.71,33,6.5,176,134,7,419,P1,42,42.0,32.0,237,137,415,P1,False,B,3,,0,215,
Nadia,502,Nadia-502,92,Post Office 92,377,364,0,741,49.12,32,4.3,290,167,11,571,P1,123,50.8,29.2,302,238,639,P1,False,B,3,,0,312,
Nadia,502,Nadia-502,93,Madrasa 93,292,268,1,561,47.77,20,3.6,255,163,4,464,P1,92,55.0,35.1,200,196,443,P1,False,B,3,,0,236,
Nadia,502,Nadia-502,94,Temple Hall 94,345,327,1,673,48.59,43,6.4,387,134,2,579,P1,253,66.8,23.1,277,129,528,P1,False,A,1,,0,284,
Nadia,502,Nadia-502,95,Govt Office 95,383,389,1,773,50.32,34,4.4,359,196,3,640,P1,163,56.1,30.6,482,60,603,P1,False,B,3,,0,326,
Nadia,502,Nadia-502,96,Club Building 96,325,326,0,651,50.08,34,5.2,248,186,6,537,P1,62,46.2,34.6,246,165,512,P1,False,B,3,,0,274,
Nadia,502,Nadia-502,97,Community Hall 97,382,374,0,756,49.47,35,4.6,356,201,6,618,P1,155,57.6,32.5,353,206,621,P1,False,B,3,,0,319,
Nadia,502,Nadia-502,98,Madrasa 98,398,362,0,760,47.63,46,6.1,326,246,10,660,P1,80,49.4,37.3,351,208,664,P1,False,B,3,,0,320,
Nadia,502,Nadia-502,99,Govt Office 99,259,254,0,513,49.51,20,3.9,197,166,2,416,P1,31,47.4,39.9,208,133,390,P1,False,B,3,,0,216,
Nadia,502,Nadia-502,100,Govt Office 100,361,354,0,715,49.51,34,4.8,383,118,5,556,P1,265,68.9,21.2,238,198,581,P1,False,A,1,,0,301,
Nadia,502,Nadia-502,101,Post Office 101,339,326,0,665,49.02,37,5.6,322,170,2,546,P1,152,59.0,31.1,296,190,577,P1,False,B,3,,0,280,
Nadia,502,Nadia-502,102,Panchayat Bhavan 102,396,401,0,797,50.31,39,4.9,370,182,4,613,P1,188,60.4,29.7,336,217,615,P1,False,B,3,,0,336,
Nadia,502,Nadia-502,103,Temple Hall 103,353,350,1,704,49.72,28,4.0,284,185,3,543,P1,99,52.3,34.1,293,220,570,P1,False,B,3,,0,297,
Nadia,502,Nadia-502,104,Madrasa 104,392,381,1,774,49.22,41,5.3,331,110,15,599,P1,195,55.3,18.4,329,214,606,P1,False,B,3,,0,326,
Nadia,502,Nadia-502,105,Madrasa 105,415,379,1,795,47.67,48,6.0,403,178,5,648,P1,225,62.2,27.5,297,279,641,P1,False,B,3,,0,335,
Nadia,502,Nadia-502,106,Post Office 106,386,367,1,754,48.67,41,5.4,339,247,5,651,P1,92,52.1,37.9,315,155,597,P1,False,B,3,,0,318,
Nadia,502,Nadia-502,107,High School 107,282,289,1,572,50.52,33,5.8,260,164,5,472,P1,96,55.1,34.7,268,144,457,P1,False,B,3,,0,241,
Nadia,502,Nadia-502,108,Club Building 108,397,375,0,772,48.58,34,4.4,276,184,7,586,P1,92,47.1,31.4,333,195,586,P1,False,B,3,,0,325,
Nadia,502,Nadia-502,109,Club Building 109,247,242,1,490,49.39,28,5.7,252,95,4,386,P1,157,65.3,24.6,233,105,397,P1,False,A,1,,0,206,
Nadia,502,Nadia-502,110,Market Building 110,401,377,0,778,48.46,41,5.3,367,168,7,595,P1,199,61.7,28.2,382,156,669,P1,False,B,3,,0,328,
Nadia,502,Nadia-502,111,Madrasa 111,375,383,0,758,50.53,47,6.2,337,160,7,578,P1,177,58.3,27.7,439,119,620,P1,False,B,3,,0,319,
Nadia,502,Nadia-502,112,Govt Office 112,264,256,0,520,49.23,26,5.0,195,130,3,404,P1,65,48.3,32.2,259,114,415,P1,False,B,3,,0,219,
Nadia,502,Nadia-502,113,Govt Office 113,398,372,0,770,48.31,34,4.4,469,125,6,661,P1,344,71.0,18.9,348,149,624,P1,False,A,1,,0,324,
Nadia,502,Nadia-502,114,Community Hall 114,375,388,1,764,50.79,41,5.4,371,156,6,586,P1,215,63.3,26.6,336,208,605,P1,False,B,3,,0,322,
Nadia,502,Nadia-502,115,Panchayat Bhavan 115,304,302,0,606,49.83,25,4.1,243,158,8,503,P1,85,48.3,31.4,290,155,512,P1,False,B,3,,0,255,
Nadia,502,Nadia-502,116,Club Building 116,275,274,1,550,49.82,23,4.2,209,126,10,427,P1,83,48.9,29.5,269,117,429,P1,False,B,3,,0,232,
Nadia,502,Nadia-502,117,Anganwadi Centre 117,244,250,1,495,50.51,23,4.6,288,63,3,389,P1,225,74.0,16.2,220,164,426,P1,False,A,1,,0,209,
Nadia,502,Nadia-502,118,Club Building 118,380,378,0,758,49.87,47,6.2,321,208,7,595,P1,113,53.9,35.0,365,179,605,P1,False,B,3,,0,319,
Nadia,502,Nadia-502,119,Market Building 119,388,387,0,775,49.94,37,4.8,350,180,3,589,P1,170,59.4,30.6,313,210,664,P1,False,B,3,,0,327,
Nadia,502,Nadia-502,120,Madrasa 120,264,245,1,510,48.04,26,5.1,237,117,4,393,P1,120,60.3,29.8,278,73,390,P1,False,B,3,,0,215,
Nadia,502,Nadia-502,121,Anganwadi Centre 121,397,387,1,785,49.3,45,5.7,297,211,8,594,P1,86,50.0,35.5,315,184,647,P1,False,B,3,,0,331,
Nadia,502,Nadia-502,122,Primary School 122,314,306,0,620,49.35,31,5.0,286,158,4,493,P1,128,58.0,32.0,229,154,488,P1,False,B,3,,0,261,
Nadia,502,Nadia-502,123,Primary School 123,369,379,0,748,50.67,47,6.3,373,213,5,651,P1,160,57.3,32.7,261,236,633,P1,False,B,3,,0,315,
Nadia,502,Nadia-502,124,Madrasa 124,340,339,1,680,49.85,25,3.7,316,174,8,568,P1,142,55.6,30.6,280,149,519,P1,False,B,3,,0,287,
Nadia,502,Nadia-502,125,Madrasa 125,304,292,1,597,48.91,23,3.9,311,157,4,519,P1,154,59.9,30.3,288,140,521,P1,False,B,3,,0,252,
Nadia,502,Nadia-502,126,Community Hall 126,270,267,0,537,49.72,22,4.1,186,139,5,409,P1,47,45.5,34.0,254,127,424,P1,False,B,3,,0,226,
Nadia,502,Nadia-502,127,Market Building 127,257,247,1,505,48.91,26,5.1,212,127,6,399,P1,85,53.1,31.8,228,154,424,P1,False,B,3,,0,213,
Nadia,502,Nadia-502,128,Anganwadi Centre 128,401,400,1,802,49.88,37,4.6,350,213,3,626,P1,137,55.9,34.0,310,223,655,P1,False,B,3,,0,338,
Nadia,502,Nadia-502,129,Madrasa 129,296,300,1,597,50.25,23,3.9,292,142,2,482,P1,150,60.6,29.5,330,127,522,P1,False,B,3,,0,252,
Nadia,502,Nadia-502,130,Health Sub-Centre 130,284,264,0,548,48.18,27,4.9,272,118,4,440,P1,154,61.8,26.8,239,145,442,P1,False,B,3,,0,231,
Nadia,502,Nadia-502,131,Anganwadi Centre 131,285,257,0,542,47.42,21,3.9,308,106,5,460,P1,202,67.0,23.0,187,155,421,P1,False,A,1,,0,228,
Nadia,502,Nadia-502,132,Health Sub-Centre 132,338,310,1,649,47.77,41,6.3,300,157,3,510,P1,143,58.8,30.8,271,145,529,P1,False,B,3,,0,273,
Nadia,502,Nadia-502,133,Community Hall 133,324,315,0,639,49.3,41,6.4,291,170,5,512,P1,121,56.8,33.2,229,240,530,P2,True,B,3,,0,269,
Nadia,502,Nadia-502,134,Anganwadi Centre 134,324,319,0,643,49.61,37,5.8,238,135,6,530,P1,92,44.9,25.5,282,192,545,P1,False,B,3,,0,271,
Nadia,502,Nadia-502,135,Govt Office 135,284,258,0,542,47.6,31,5.7,291,88,4,421,P1,203,69.1,20.9,238,117,436,P1,False,A,1,,0,228,
Nadia,502,Nadia-502,136,Market Building 136,382,369,0,751,49.13,44,5.9,377,173,8,618,P1,204,61.0,28.0,397,147,604,P1,False,B,3,,0,316,
Nadia,502,Nadia-502,137,Anganwadi Centre 137,328,331,1,660,50.15,40,6.1,248,188,14,552,P1,60,44.9,34.1,269,198,518,P1,False,B,3,,0,278,
Nadia,502,Nadia-502,138,Post Office 138,389,357,0,746,47.86,36,4.8,297,203,5,633,P1,94,46.9,32.1,334,201,639,P1,False,B,3,,0,314,
Nadia,502,Nadia-502,139,Post Office 139,393,357,0,750,47.6,45,6.0,383,188,8,644,P1,195,59.5,29.2,303,210,583,P1,False,B,3,,0,316,
Nadia,502,Nadia-502,140,Health Sub-Centre 140,251,255,0,506,50.4,31,6.1,232,144,2,432,P1,88,53.7,33.3,232,135,412,P1,False,B,3,,0,213,
Nadia,502,Nadia-502,141,High School 141,302,309,0,611,50.57,34,5.6,340,120,5,511,P1,220,66.5,23.5,340,116,506,P1,False,A,1,,0,257,
Nadia,502,Nadia-502,142,Govt Office 142,307,281,0,588,47.79,32,5.4,304,117,5,494,P1,187,61.5,23.7,265,176,491,P1,False,B,3,,0,248,
Nadia,502,Nadia-502,143,High School 143,368,336,0,704,47.73,45,6.4,332,164,4,572,P1,168,58.0,28.7,256,194,552,P1,False,B,3,,0,297,
Nadia,502,Nadia-502,144,Anganwadi Centre 144,297,282,1,580,48.62,23,4.0,294,128,3,469,P1,166,62.7,27.3,264,169,494,P1,False,B,3,,0,244,
Nadia,502,Nadia-502,145,Primary School 145,260,239,0,499,47.9,30,6.0,273,96,1,410,P1,177,66.6,23.4,201,160,404,P1,False,A,1,,0,210,
Nadia,502,Nadia-502,146,Govt Office 146,319,330,1,650,50.77,34,5.2,295,161,2,506,P1,134,58.3,31.8,242,129,541,P1,False,B,3,,0,274,
Nadia,502,Nadia-502,147,Panchayat Bhavan 147,287,279,0,566,49.29,26,4.6,242,188,2,477,P1,54,50.7,39.4,298,114,476,P1,False,B,3,,0,238,
Nadia,502,Nadia-502,148,Market Building 148,397,364,1,762,47.77,28,3.7,351,185,2,595,P1,166,59.0,31.1,318,218,661,P1,False,B,3,,0,321,
Nadia,502,Nadia-502,149,Market Building 149,243,252,1,496,50.81,28,5.6,226,142,1,412,P1,84,54.9,34.5,255,126,424,P1,False,B,3,,0,209,
Nadia,502,Nadia-502,150,Primary School 150,254,235,1,490,47.96,22,4.5,264,78,2,380,P1,186,69.5,20.5,218,120,417,P1,False,A,1,,0,206,
Nadia,502,Nadia-502,151,Market Building 151,260,259,1,520,49.81,24,4.6,254,104,4,397,P1,150,64.0,26.2,275,92,408,P1,False,B,3,,0,219,
Nadia,502,Nadia-502,152,Madrasa 152,368,330,0,698,47.28,33,4.7,273,112,5,529,P1,139,51.6,21.2,320,171,546,P1,False,B,3,,0,294,
Nadia,502,Nadia-502,153,Madrasa 153,333,317,1,651,48.69,35,5.4,292,206,5,563,P1,86,51.9,36.6,280,215,550,P1,False,B,3,,0,274,
Nadia,502,Nadia-502,154,Govt Office 154,254,262,1,517,50.68,27,5.2,250,112,2,402,P1,138,62.2,27.9,236,127,403,P1,False,B,3,,0,218,
Nadia,502,Nadia-502,155,Club Building 155,321,317,1,639,49.61,31,4.9,279,155,3,494,P1,124,56.5,31.4,292,159,501,P1,False,B,3,,0,269,
Nadia,502,Nadia-502,156,Madrasa 156,286,269,1,556,48.38,25,4.5,226,149,2,428,P1,77,52.8,34.8,258,135,451,P1,False,B,3,,0,234,
Nadia,502,Nadia-502,157,Market Building 157,399,394,0,793,49.68,36,4.5,374,220,11,686,P1,154,54.5,32.1,324,225,610,P1,False,B,3,,0,334,
Nadia,502,Nadia-502,158,Madrasa 158,345,347,0,692,50.14,29,4.2,288,232,2,598,P1,56,48.2,38.8,351,166,575,P1,False,B,3,,0,292,
Nadia,502,Nadia-502,159,Panchayat Bhavan 159,289,269,0,558,48.21,35,6.3,274,130,2,448,P1,144,61.2,29.0,265,121,458,P1,False,B,3,,0,235,
Nadia,502,Nadia-502,160,Anganwadi Centre 160,349,358,1,708,50.56,29,4.1,324,213,7,615,P1,111,52.7,34.6,338,186,582,P1,False,B,3,,0,298,
Nadia,502,Nadia-502,161,Govt Office 161,375,359,1,735,48.84,32,4.4,337,177,5,571,P1,160,59.0,31.0,310,226,596,P1,False,B,3,,0,310,
Nadia,502,Nadia-502,162,Community Hall 162,361,340,1,702,48.43,40,5.7,338,162,2,555,P1,176,60.9,29.2,283,234,612,P1,False,B,3,,0,296,
Nadia,502,Nadia-502,163,Health Sub-Centre 163,296,286,1,583,49.06,31,5.3,293,164,6,508,P1,129,57.7,32.3,265,159,471,P1,False,B,3,,0,246,
Nadia,502,Nadia-502,164,Post Office 164,253,228,0,481,47.4,18,3.7,198,122,2,364,P1,76,54.4,33.5,213,116,413,P1,False,B,3,,0,203,
Nadia,502,Nadia-502,165,Health Sub-Centre 165,326,305,0,631,48.34,38,6.0,257,173,5,478,P1,84,53.8,36.2,334,152,540,P1,False,B,3,,0,266,
Nadia,502,Nadia-502,166,High School 166,373,359,1,733,48.98,40,5.5,249,169,17,565,P1,80,44.1,29.9,287,184,609,P1,False,B,3,,0,309,
Nadia,502,Nadia-502,167,Club Building 167,279,256,0,535,47.85,21,3.9,272,107,4,421,P1,165,64.6,25.4,311,93,449,P1,False,B,3,,0,225,
Nadia,502,Nadia-502,168,Post Office 168,263,262,0,525,49.9,25,4.8,275,114,2,432,P1,161,63.7,26.4,244,132,438,P1,False,B,3,,0,221,
Nadia,502,Nadia-502,169,Temple Hall 169,278,262,0,540,48.52,23,4.3,273,108,6,470,P1,165,58.1,23.0,255,132,439,P1,False,B,3,,0,228,
Nadia,503,Nadia-503,1,Primary School 1,308,302,1,611,49.43,62,10.1,270,163,3,494,P1,107,54.7,33.0,279,176,514,P1,False,D,4,,0,257,
Nadia,503,Nadia-503,2,Post Office 2,252,251,1,504,49.8,36,7.1,231,98,3,400,P1,133,57.8,24.5,275,97,413,P1,False,B,3,,0,212,
Nadia,503,Nadia-503,3,Madrasa 3,380,354,1,735,48.16,52,7.1,321,182,4,558,P1,139,57.5,32.6,278,148,563,P1,False,B,3,,0,310,
Nadia,503,Nadia-503,4,Primary School 4,268,258,1,527,48.96,37,7.0,216,107,9,433,P1,109,49.9,24.7,290,114,448,P1,False,B,3,,0,222,
Nadia,503,Nadia-503,5,Primary School 5,406,404,1,811,49.82,68,8.4,332,214,8,623,P1,118,53.3,34.3,432,191,692,P1,False,B,3,,0,342,
Nadia,503,Nadia-503,6,High School 6,277,261,1,539,48.42,35,6.5,213,131,12,459,P1,82,46.4,28.5,243,137,438,P1,False,B,3,,0,227,
Nadia,503,Nadia-503,7,Primary School 7,404,372,1,777,47.88,88,11.3,308,220,9,648,P1,88,47.5,34.0,282,225,623,P1,False,D,4,,0,327,
Nadia,503,Nadia-503,8,Primary School 8,334,304,0,638,47.65,45,7.1,328,149,3,530,P1,179,61.9,28.1,334,124,508,P1,False,B,3,,0,269,
Nadia,503,Nadia-503,9,Govt Office 9,337,314,1,652,48.16,70,10.7,217,204,9,539,P1,13,40.3,37.8,371,132,559,P1,False,D,4,,0,275,
Nadia,503,Nadia-503,10,Panchayat Bhavan 10,364,341,1,706,48.3,51,7.2,281,192,9,582,P1,89,48.3,33.0,285,215,577,P1,False,B,3,,0,297,
Nadia,503,Nadia-503,11,Panchayat Bhavan 11,328,311,1,640,48.59,45,7.0,277,169,6,500,P1,108,55.4,33.8,278,214,546,P1,False,B,3,,0,270,
Nadia,503,Nadia-503,12,Post Office 12,321,302,1,624,48.4,40,6.4,234,147,13,494,P1,87,47.4,29.8,284,129,476,P1,False,B,3,,0,263,
Nadia,503,Nadia-503,13,Market Building 13,370,361,0,731,49.38,83,11.4,327,222,6,630,P1,105,51.9,35.2,297,210,572,P1,False,D,4,,0,308,
Nadia,503,Nadia-503,14,Health Sub-Centre 14,375,374,0,749,49.93,74,9.9,374,190,5,645,P1,184,58.0,29.5,320,135,570,P1,False,B,3,,0,316,
Nadia,503,Nadia-503,15,Govt Office 15,366,345,0,711,48.52,47,6.6,334,182,7,574,P1,152,58.2,31.7,232,226,592,P1,False,B,3,,0,300,
Nadia,503,Nadia-503,16,Temple Hall 16,366,345,0,711,48.52,57,8.0,352,164,4,573,P1,188,61.4,28.6,352,178,589,P1,False,B,3,,0,300,
Nadia,503,Nadia-503,17,Primary School 17,298,275,1,574,47.91,64,11.1,242,168,6,462,P1,74,52.4,36.4,242,184,477,P1,False,D,4,,0,242,
Nadia,503,Nadia-503,18,Market Building 18,397,370,1,768,48.18,89,11.6,377,168,6,624,P1,209,60.4,26.9,367,186,634,P1,False,D,4,,0,324,
Nadia,503,Nadia-503,19,Health Sub-Centre 19,252,231,0,483,47.83,47,9.7,219,123,3,380,P1,96,57.6,32.4,194,160,405,P1,False,B,3,,0,204,
Nadia,503,Nadia-503,20,Market Building 20,392,402,0,794,50.63,87,11.0,330,231,11,692,P1,99,47.7,33.4,366,187,614,P1,False,D,4,,0,335,
Nadia,503,Nadia-503,21,High School 21,245,240,0,485,49.48,48,9.9,207,82,8,390,P1,117,53.1,21.0,247,119,406,P1,False,B,3,,0,204,
Nadia,503,Nadia-503,22,Health Sub-Centre 22,367,368,0,735,50.07,55,7.5,421,91,3,569,P1,330,74.0,16.0,308,156,603,P1,False,A,1,,0,310,
Nadia,503,Nadia-503,23,Health Sub-Centre 23,372,341,1,714,47.76,58,8.1,312,185,10,598,P1,127,52.2,30.9,375,149,582,P1,False,B,3,,0,301,
Nadia,503,Nadia-503,24,Govt Office 24,299,268,0,567,47.27,66,11.6,247,185,5,490,P1,62,50.4,37.8,182,191,467,P2,True,D,4,,0,239,
Nadia,503,Nadia-503,25,Health Sub-Centre 25,392,378,1,771,49.03,64,8.3,364,227,7,656,P1,137,55.5,34.6,311,188,600,P1,False,B,3,,0,325,
Nadia,503,Nadia-503,26,Market Building 26,400,374,1,775,48.26,79,10.2,379,187,3,657,P1,192,57.7,28.5,357,187,642,P1,False,D,4,,0,327,
Nadia,503,Nadia-503,27,High School 27,350,335,0,685,48.91,80,11.7,255,192,6,530,P1,63,48.1,36.2,374,110,537,P1,False,D,4,,0,289,
Nadia,503,Nadia-503,28,Panchayat Bhavan 28,383,391,1,775,50.45,83,10.7,296,196,11,650,P1,100,45.5,30.2,329,201,661,P1,False,D,4,,0,327,
Nadia,503,Nadia-503,29,Anganwadi Centre 29,412,393,1,806,48.76,87,10.8,445,160,3,672,P1,285,66.2,23.8,414,179,659,P1,False,D,4,,0,340,
Nadia,503,Nadia-503,30,Post Office 30,409,400,0,809,49.44,56,6.9,419,209,3,698,P1,210,60.0,29.9,386,196,646,P1,False,B,3,,0,341,
Nadia,503,Nadia-503,31,Temple Hall 31,246,241,1,488,49.39,57,11.7,227,137,4,405,P1,90,56.0,33.8,222,120,380,P1,False,D,4,,0,206,
Nadia,503,Nadia-503,32,Panchayat Bhavan 32,352,324,1,677,47.86,55,8.1,303,164,5,518,P1,139,58.5,31.7,354,134,543,P1,False,B,3,,0,285,
Nadia,503,Nadia-503,33,Market Building 33,324,328,1,653,50.23,58,8.9,317,178,4,550,P1,139,57.6,32.4,328,173,557,P1,False,B,3,,0,275,
Nadia,503,Nadia-503,34,Panchayat Bhavan 34,283,260,1,544,47.79,35,6.4,261,102,3,415,P1,159,62.9,24.6,234,158,462,P1,False,B,3,,0,229,
Nadia,503,Nadia-503,35,Madrasa 35,294,276,1,571,48.34,64,11.2,251,175,3,473,P1,76,53.1,37.0,227,83,440,P1,False,D,4,,0,241,
Nadia,503,Nadia-503,36,Anganwadi Centre 36,287,280,0,567,49.38,49,8.6,284,121,7,486,P1,163,58.4,24.9,224,169,463,P1,False,B,3,,0,239,
Nadia,503,Nadia-503,37,Community Hall 37,313,298,0,611,48.77,53,8.7,265,163,8,499,P1,102,53.1,32.7,246,176,488,P1,False,B,3,,0,257,
Nadia,503,Nadia-503,38,Post Office 38,326,334,1,661,50.53,53,8.0,338,134,5,524,P1,204,64.5,25.6,300,138,534,P1,False,B,3,,0,279,
Nadia,503,Nadia-503,39,Primary School 39,335,306,0,641,47.74,49,7.6,273,184,3,508,P1,89,53.7,36.2,290,171,513,P1,False,B,3,,0,270,
Nadia,503,Nadia-503,40,Temple Hall 40,256,257,0,513,50.1,55,10.7,222,178,4,444,P1,44,50.0,40.1,260,133,437,P1,False,D,4,,0,216,
Nadia,503,Nadia-503,41,Temple Hall 41,281,273,0,554,49.28,61,11.0,313,78,5,435,P1,235,72.0,17.9,252,143,439,P1,False,D,4,,0,233,
Nadia,503,Nadia-503,42,Club Building 42,355,341,0,696,48.99,68,9.8,301,179,7,597,P1,122,50.4,30.0,355,170,583,P1,False,B,3,,0,293,
Nadia,503,Nadia-503,43,Madrasa 43,380,341,0,721,47.3,52,7.2,393,156,6,610,P1,237,64.4,25.6,389,177,629,P1,False,B,3,,0,304,
Nadia,503,Nadia-503,44,Health Sub-Centre 44,255,242,0,497,48.69,53,10.7,260,117,4,419,P1,143,62.1,27.9,233,118,393,P1,False,D,4,,0,209,
Nadia,503,Nadia-503,45,Health Sub-Centre 45,329,314,1,644,48.76,43,6.7,280,161,4,490,P1,119,57.1,32.9,278,157,516,P1,False,B,3,,0,271,
Nadia,503,Nadia-503,46,Anganwadi Centre 46,402,410,0,812,50.49,92,11.3,328,309,3,707,P1,19,46.4,43.7,285,257,669,P1,False,D,4,,0,342,
Nadia,503,Nadia-503,47,Anganwadi Centre 47,346,316,1,663,47.66,51,7.7,272,227,8,577,P1,45,47.1,39.3,238,135,511,P1,False,B,3,,0,279,
Nadia,503,Nadia-503,48,Panchayat Bhavan 48,325,301,1,627,48.01,73,11.6,301,158,3,536,P1,143,56.2,29.5,273,177,514,P1,False,D,4,,0,264,
Nadia,503,Nadia-503,49,Temple Hall 49,282,271,1,554,48.92,59,10.6,260,151,7,472,P1,109,55.1,32.0,276,104,422,P1,False,D,4,,0,233,
Nadia,503,Nadia-503,50,Madrasa 50,269,246,0,515,47.77,44,8.5,195,118,10,414,P1,77,47.1,28.5,210,146,396,P1,False,B,3,,0,217,
Nadia,503,Nadia-503,51,Health Sub-Centre 51,262,248,1,511,48.53,47,9.2,206,140,2,393,P1,66,52.4,35.6,186,118,397,P1,False,B,3,,0,215,
Nadia,503,Nadia-503,52,Anganwadi Centre 52,283,261,1,545,47.89,60,11.0,295,114,3,461,P1,181,64.0,24.7,286,136,468,P1,False,D,4,,0,230,
Nadia,503,Nadia-503,53,Club Building 53,274,273,1,548,49.82,43,7.8,283,140,6,470,P1,143,60.2,29.8,253,166,473,P1,False,B,3,,0,231,
Nadia,503,Nadia-503,54,Club Building 54,321,316,0,637,49.61,46,7.2,239,128,14,541,P1,84,44.2,23.7,333,128,512,P1,False,B,3,,0,268,
Nadia,503,Nadia-503,55,Govt Office 55,309,309,1,619,49.92,71,11.5,221,163,14,504,P1,58,43.8,32.3,278,149,532,P1,False,D,4,,0,261,
Nadia,503,Nadia-503,56,Temple Hall 56,384,354,1,739,47.9,58,7.8,387,135,10,629,P1,252,61.5,21.5,377,188,629,P1,False,B,3,,0,311,
Nadia,503,Nadia-503,57,Post Office 57,367,344,0,711,48.38,54,7.6,435,111,7,606,P1,324,71.8,18.3,396,91,542,P1,False,A,1,,0,300,
Nadia,503,Nadia-503,58,Madrasa 58,297,304,0,601,50.58,48,8.0,276,158,3,482,P1,118,57.3,32.8,317,125,491,P1,False,B,3,,0,253,
Nadia,503,Nadia-503,59,Panchayat Bhavan 59,337,338,1,676,50.0,57,8.4,269,208,5,539,P1,61,49.9,38.6,378,132,566,P1,False,B,3,,0,285,
Nadia,503,Nadia-503,60,Anganwadi Centre 60,401,378,1,780,48.46,57,7.3,370,221,5,657,P1,149,56.3,33.6,364,169,666,P1,False,B,3,,0,329,
Nadia,503,Nadia-503,61,Community Hall 61,257,253,1,511,49.51,38,7.4,229,102,9,419,P1,127,54.7,24.3,241,104,430,P1,False,B,3,,0,215,
Nadia,503,Nadia-503,62,Anganwadi Centre 62,281,277,0,558,49.64,42,7.5,288,134,4,469,P1,154,61.4,28.6,316,117,481,P1,False,B,3,,0,235,
Nadia,503,Nadia-503,63,Anganwadi Centre 63,316,311,1,628,49.52,68,10.8,282,159,5,530,P1,123,53.2,30.0,273,164,497,P1,False,D,4,,0,265,
Nadia,503,Nadia-503,64,Panchayat Bhavan 64,263,241,0,504,47.82,49,9.7,218,132,4,410,P1,86,53.2,32.2,180,139,383,P1,False,B,3,,0,212,
Nadia,503,Nadia-503,65,Club Building 65,250,254,0,504,50.4,39,7.7,209,161,8,439,P1,48,47.6,36.7,216,128,425,P1,False,B,3,,0,212,
Nadia,503,Nadia-503,66,Govt Office 66,283,273,1,557,49.01,51,9.2,285,96,5,423,P1,189,67.4,22.7,194,144,422,P1,False,A,1,,0,235,
Nadia,503,Nadia-503,67,Govt Office 67,312,299,1,612,48.86,67,10.9,270,187,5,507,P1,83,53.3,36.9,304,165,530,P1,False,D,4,,0,258,
Nadia,503,Nadia-503,68,Primary School 68,341,316,0,657,48.1,55,8.4,299,156,3,505,P1,143,59.2,30.9,299,184,572,P1,False,B,3,,0,277,
Nadia,503,Nadia-503,69,Panchayat Bhavan 69,424,385,1,810,47.53,64,7.9,338,233,11,693,P1,105,48.8,33.6,405,162,630,P1,False,B,3,,0,341,
Nadia,503,Nadia-503,70,High School 70,398,387,1,786,49.24,54,6.9,349,202,14,682,P1,147,51.2,29.6,339,188,670,P1,False,B,3,,0,331,
Nadia,503,Nadia-503,71,Community Hall 71,259,241,1,501,48.1,48,9.6,212,147,2,404,P1,65,52.5,36.4,277,115,436,P1,False,B,3,,0,211,
Nadia,503,Nadia-503,72,Temple Hall 72,265,250,0,515,48.54,41,8.0,185,133,7,399,P1,52,46.4,33.3,261,113,416,P1,False,B,3,,0,217,
Nadia,503,Nadia-503,73,Govt Office 73,330,331,0,661,50.08,75,11.3,279,209,5,542,P1,70,51.5,38.6,286,175,512,P1,False,D,4,,0,279,
Nadia,503,Nadia-503,74,Anganwadi Centre 74,350,342,0,692,49.42,66,9.5,370,147,6,575,P1,223,64.3,25.6,290,192,566,P1,False,B,3,,0,292,
Nadia,503,Nadia-503,75,Primary School 75,280,266,0,546,48.72,55,10.1,215,145,10,456,P1,70,47.1,31.8,260,150,473,P1,False,D,4,,0,230,
Nadia,503,Nadia-503,76,Club Building 76,426,388,1,815,47.61,85,10.4,385,222,7,674,P1,163,57.1,32.9,377,187,626,P1,False,D,4,,0,343,
Nadia,503,Nadia-503,77,Panchayat Bhavan 77,302,278,0,580,47.93,66,11.4,241,176,3,463,P1,65,52.1,38.0,265,138,448,P1,False,D,4,,0,244,
Nadia,503,Nadia-503,78,Community Hall 78,258,248,1,507,48.92,38,7.5,232,144,1,418,P1,88,55.5,34.4,264,134,443,P1,False,B,3,,0,214,
Nadia,503,Nadia-503,79,Market Building 79,260,255,1,516,49.42,59,11.4,170,169,6,443,P1,1,38.4,38.1,252,137,432,P1,False,D,4,,0,217,
Nadia,503,Nadia-503,80,Club Building 80,361,332,1,694,47.84,75,10.8,263,177,8,549,P1,86,47.9,32.2,327,135,604,P1,False,D,4,,0,292,
Nadia,503,Nadia-503,81,Market Building 81,273,281,0,554,50.72,61,11.0,264,137,3,445,P1,127,59.3,30.8,263,139,469,P1,False,D,4,,0,233,
Nadia,503,Nadia-503,82,Anganwadi Centre 82,256,233,1,490,47.55,45,9.2,258,116,2,416,P1,142,62.0,27.9,197,98,381,P1,False,B,3,,0,206,
Nadia,503,Nadia-503,83,Community Hall 83,413,380,0,793,47.92,80,10.1,423,195,5,687,P1,228,61.6,28.4,407,204,679,P1,False,D,4,,0,334,
Nadia,503,Nadia-503,84,Club Building 84,384,361,1,746,48.39,67,9.0,258,193,7,605,P1,65,42.6,31.9,282,282,631,P1,False,B,3,,0,314,
Nadia,503,Nadia-503,85,Govt Office 85,285,288,0,573,50.26,57,9.9,260,155,8,499,P1,105,52.1,31.1,229,164,489,P1,False,B,3,,0,241,
Nadia,503,Nadia-503,86,Community Hall 86,281,268,1,550,48.73,50,9.1,225,130,3,435,P1,95,51.7,29.9,239,146,427,P1,False,B,3,,0,232,
Nadia,503,Nadia-503,87,Govt Office 87,266,246,1,513,47.95,34,6.6,243,103,3,418,P1,140,58.1,24.6,220,148,438,P1,False,B,3,,0,216,
Nadia,503,Nadia-503,88,Temple Hall 88,332,335,1,668,50.15,45,6.7,330,155,2,539,P1,175,61.2,28.8,314,143,508,P1,False,B,3,,0,281,
Nadia,503,Nadia-503,89,Primary School 89,265,267,0,532,50.19,54,10.2,256,117,8,452,P1,139,56.6,25.9,209,149,451,P1,False,D,4,,0,224,
Nadia,503,Nadia-503,90,High School 90,371,377,0,748,50.4,74,9.9,346,150,4,579,P1,196,59.8,25.9,313,241,616,P1,False,B,3,,0,315,
Nadia,503,Nadia-503,91,Post Office 91,376,361,0,737,48.98,69,9.4,348,173,2,579,P1,175,60.1,29.9,352,196,609,P1,False,B,3,,0,311,
Nadia,503,Nadia-503,92,Club Building 92,333,321,1,655,49.01,63,9.6,283,186,7,531,P1,97,53.3,35.0,369,137,562,P1,False,B,3,,0,276,
Nadia,503,Nadia-503,93,Primary School 93,326,334,1,661,50.53,67,10.1,294,167,11,568,P1,127,51.8,29.4,313,205,575,P1,False,D,4,,0,279,
Nadia,503,Nadia-503,94,Club Building 94,273,273,1,547,49.91,54,9.9,228,162,3,433,P1,66,52.7,37.4,242,114,432,P1,False,B,3,,0,230,
Nadia,503,Nadia-503,95,Post Office 95,357,335,1,693,48.34,52,7.5,308,194,5,594,P1,114,51.9,32.7,259,153,533,P1,False,B,3,,0,292,
Nadia,503,Nadia-503,96,Anganwadi Centre 96,331,305,1,637,47.88,69,10.8,342,115,2,508,P1,227,67.3,22.6,318,182,556,P1,False,D,4,,0,268,
Nadia,503,Nadia-503,97,Club Building 97,386,380,0,766,49.61,53,6.9,287,263,5,641,P1,24,44.8,41.0,315,198,598,P1,False,B,3,,0,323,
Nadia,503,Nadia-503,98,Anganwadi Centre 98,322,324,0,646,50.15,44,6.8,363,135,4,553,P1,228,65.6,24.4,357,133,544,P1,False,A,1,,0,272,
Nadia,503,Nadia-503,99,Temple Hall 99,264,239,0,503,47.51,36,7.2,251,102,9,437,P1,149,57.4,23.3,239,139,420,P1,False,B,3,,0,212,
Nadia,503,Nadia-503,100,Post Office 100,252,253,0,505,50.1,39,7.7,204,132,8,401,P1,72,50.9,32.9,176,110,397,P1,False,B,3,,0,213,
Nadia,503,Nadia-503,101,Primary School 101,330,317,0,647,49.0,43,6.6,318,149,2,519,P1,169,61.3,28.7,313,170,537,P1,False,B,3,,0,273,
Nadia,503,Nadia-503,102,Health Sub-Centre 102,243,237,1,481,49.27,40,8.3,240,89,4,366,P1,151,65.6,24.3,203,152,414,P1,False,A,1,,0,203,
Nadia,503,Nadia-503,103,Market Building 103,388,376,1,765,49.15,82,10.7,314,259,4,637,P1,55,49.3,40.7,332,207,599,P1,False,D,4,,0,322,
Nadia,503,Nadia-503,104,Primary School 104,396,396,0,792,50.0,52,6.6,257,285,8,661,P2,28,38.9,43.1,324,204,621,P1,True,B,3,,0,334,
Nadia,503,Nadia-503,105,High School 105,396,356,0,752,47.34,63,8.4,332,223,10,640,P1,109,51.9,34.8,424,143,630,P1,False,B,3,,0,317,
Nadia,503,Nadia-503,106,Community Hall 106,251,260,1,512,50.78,35,6.8,194,120,4,430,P1,74,45.1,27.9,258,117,417,P1,False,B,3,,0,216,
Nadia,503,Nadia-503,107,Anganwadi Centre 107,333,299,1,633,47.24,56,8.8,295,151,5,496,P1,144,59.5,30.4,289,93,482,P1,False,B,3,,0,267,
Nadia,503,Nadia-503,108,Govt Office 108,392,384,1,777,49.42,78,10.0,335,178,5,589,P1,157,56.9,30.2,398,197,661,P1,False,B,3,,0,327,
Nadia,503,Nadia-503,109,Temple Hall 109,292,267,1,560,47.68,64,11.4,239,153,5,455,P1,86,52.5,33.6,270,125,439,P1,False,D,4,,0,236,
Nadia,503,Nadia-503,110,Market Building 110,348,357,0,705,50.64,61,8.7,341,181,6,579,P1,160,58.9,31.3,271,130,552,P1,False,B,3,,0,297,
Nadia,503,Nadia-503,111,Govt Office 111,329,298,0,627,47.53,49,7.8,303,151,6,504,P1,152,60.1,30.0,347,123,548,P1,False,B,3,,0,264,
Nadia,503,Nadia-503,112,Primary School 112,373,371,0,744,49.87,63,8.5,318,163,9,606,P1,155,52.5,26.9,292,184,605,P1,False,B,3,,0,313,
Nadia,503,Nadia-503,113,Madrasa 113,277,270,1,548,49.27,54,9.9,221,128,5,465,P1,93,47.5,27.5,291,98,470,P1,False,B,3,,0,231,
Nadia,503,Nadia-503,114,Madrasa 114,268,242,1,511,47.36,42,8.2,177,144,9,439,P1,33,40.3,32.8,246,110,396,P1,False,B,3,,0,215,
Nadia,503,Nadia-503,115,Club Building 115,398,368,0,766,48.04,85,11.1,387,188,5,645,P1,199,60.0,29.1,330,188,589,P1,False,D,4,,0,323,
Nadia,503,Nadia-503,116,Health Sub-Centre 116,406,409,1,816,50.12,64,7.8,340,179,9,634,P1,161,53.6,28.2,314,234,632,P1,False,B,3,,0,344,
Nadia,503,Nadia-503,117,Govt Office 117,325,318,1,644,49.38,44,6.8,257,213,6,561,P1,44,45.8,38.0,249,167,515,P1,False,B,3,,0,271,
Nadia,503,Nadia-503,118,Post Office 118,318,316,0,634,49.84,66,10.4,277,160,3,502,P1,117,55.2,31.9,249,148,512,P1,False,D,4,,0,267,
Nadia,503,Nadia-503,119,Club Building 119,272,279,0,551,50.64,38,6.9,263,156,4,466,P1,107,56.4,33.5,309,113,479,P1,False,B,3,,0,232,
Nadia,503,Nadia-503,120,Primary School 120,343,317,0,660,48.03,53,8.0,284,203,3,541,P1,81,52.5,37.5,246,113,575,P1,False,B,3,,0,278,
Nadia,503,Nadia-503,121,Community Hall 121,401,360,1,762,47.24,63,8.3,385,145,5,589,P1,240,65.4,24.6,388,134,580,P1,False,A,1,,0,321,
Nadia,503,Nadia-503,122,Health Sub-Centre 122,333,328,1,662,49.55,70,10.6,358,100,4,509,P1,258,70.3,19.6,261,154,516,P1,False,D,4,,0,279,
Nadia,503,Nadia-503,123,Anganwadi Centre 123,335,327,1,663,49.32,45,6.8,325,173,3,553,P1,152,58.8,31.3,350,162,569,P1,False,B,3,,0,279,
Nadia,503,Nadia-503,124,Temple Hall 124,357,341,1,699,48.78,64,9.2,323,158,6,534,P1,165,60.5,29.6,247,235,567,P1,False,B,3,,0,295,
Nadia,503,Nadia-503,125,Panchayat Bhavan 125,361,361,1,723,49.93,59,8.2,344,207,7,612,P1,137,56.2,33.8,300,226,624,P1,False,B,3,,0,305,
Nadia,503,Nadia-503,126,High School 126,384,346,1,731,47.33,79,10.8,348,160,10,627,P1,188,55.5,25.5,288,178,556,P1,False,D,4,,0,308,
Nadia,503,Nadia-503,127,Community Hall 127,387,390,1,778,50.13,67,8.6,362,243,7,677,P1,119,53.5,35.9,275,226,624,P1,False,B,3,,0,328,
Nadia,503,Nadia-503,128,Govt Office 128,268,263,0,531,49.53,50,9.4,265,114,3,422,P1,151,62.8,27.0,253,116,411,P1,False,B,3,,0,224,
Nadia,503,Nadia-503,129,Primary School 129,348,339,1,688,49.27,56,8.1,418,120,5,598,P1,298,69.9,20.1,402,74,529,P1,False,A,1,,0,290,
Nadia,503,Nadia-503,130,Anganwadi Centre 130,413,398,1,812,49.01,59,7.3,379,218,3,663,P1,161,57.2,32.9,385,231,689,P1,False,B,3,,0,342,
Nadia,503,Nadia-503,131,High School 131,290,281,1,572,49.13,57,10.0,228,201,5,476,P1,27,47.9,42.2,228,154,439,P1,False,B,3,,0,241,
Nadia,503,Nadia-503,132,Community Hall 132,383,365,1,749,48.73,66,8.8,303,173,10,591,P1,130,51.3,29.3,327,177,621,P1,False,B,3,,0,316,
Nadia,503,Nadia-503,133,Govt Office 133,285,284,0,569,49.91,49,8.6,308,105,2,459,P1,203,67.1,22.9,278,114,436,P1,False,A,1,,0,240,
Nadia,503,Nadia-503,134,Anganwadi Centre 134,364,328,1,693,47.33,48,6.9,391,153,4,605,P1,238,64.6,25.3,241,184,540,P1,False,B,3,,0,292,
Nadia,503,Nadia-503,135,Madrasa 135,312,303,1,616,49.19,57,9.3,288,169,7,534,P1,119,53.9,31.6,260,167,474,P1,False,B,3,,0,260,
Nadia,503,Nadia-503,136,Panchayat Bhavan 136,404,404,0,808,50.0,54,6.7,269,203,8,626,P1,66,43.0,32.4,385,229,683,P1,False,B,3,,0,340,
Nadia,503,Nadia-503,137,Primary School 137,296,295,0,591,49.92,38,6.4,309,147,4,507,P1,162,60.9,29.0,293,110,448,P1,False,B,3,,0,249,
Nadia,503,Nadia-503,138,Primary School 138,343,317,0,660,48.03,71,10.8,270,189,4,510,P1,81,52.9,37.1,302,165,528,P1,False,D,4,,0,278,
Nadia,503,Nadia-503,139,Post Office 139,261,260,1,522,49.81,57,10.9,262,91,5,449,P1,171,58.4,20.3,185,130,416,P1,False,D,4,,0,220,
Nadia,503,Nadia-503,140,Market Building 140,264,258,0,522,49.43,37,7.1,204,160,4,409,P1,44,49.9,39.1,240,145,427,P1,False,B,3,,0,220,
Nadia,503,Nadia-503,141,Primary School 141,323,321,1,645,49.77,61,9.5,255,151,8,490,P1,104,52.0,30.8,262,179,505,P1,False,B,3,,0,272,
Nadia,503,Nadia-503,142,Panchayat Bhavan 142,315,308,0,623,49.44,59,9.5,259,152,13,540,P1,107,48.0,28.1,334,117,501,P1,False,B,3,,0,262,
Nadia,503,Nadia-503,143,Club Building 143,321,295,0,616,47.89,62,10.1,226,174,7,472,P1,52,47.9,36.9,275,162,528,P1,False,D,4,,0,260,
Nadia,503,Nadia-503,144,High School 144,334,322,1,657,49.01,76,11.6,259,192,4,501,P1,67,51.7,38.3,265,186,501,P1,False,D,4,,0,277,
Nadia,503,Nadia-503,145,Primary School 145,315,290,1,606,47.85,63,10.4,277,198,4,529,P1,79,52.4,37.4,289,163,502,P1,False,D,4,,0,255,
Nadia,503,Nadia-503,146,Club Building 146,377,377,1,755,49.93,87,11.5,367,191,8,637,P1,176,57.6,30.0,231,202,591,P1,False,D,4,,0,318,
Nadia,503,Nadia-503,147,Health Sub-Centre 147,266,252,1,519,48.55,38,7.3,216,174,6,441,P1,42,49.0,39.5,264,122,428,P1,False,B,3,,0,219,
Nadia,503,Nadia-503,148,Madrasa 148,373,339,1,713,47.55,78,10.9,308,222,2,589,P1,86,52.3,37.7,254,216,547,P1,False,D,4,,0,300,
Nadia,503,Nadia-503,149,Primary School 149,316,302,1,619,48.79,70,11.3,343,129,5,524,P1,214,65.5,24.6,284,149,481,P1,False,D,4,,0,261,
Nadia,503,Nadia-503,150,Market Building 150,288,286,0,574,49.83,47,8.2,296,96,5,436,P1,200,67.9,22.0,236,131,477,P1,False,A,1,,0,242,
Nadia,503,Nadia-503,151,Anganwadi Centre 151,353,349,1,703,49.64,60,8.5,316,170,4,540,P1,146,58.5,31.5,340,159,554,P1,False,B,3,,0,296,
Nadia,503,Nadia-503,152,Madrasa 152,307,275,1,583,47.17,48,8.2,241,186,3,475,P1,55,50.7,39.2,349,108,508,P1,False,B,3,,0,246,
Nadia,503,Nadia-503,153,Panchayat Bhavan 153,258,237,1,496,47.78,33,6.7,251,99,5,389,P1,152,64.5,25.4,224,104,378,P1,False,B,3,,0,209,
Nadia,503,Nadia-503,154,High School 154,346,316,0,662,47.73,58,8.8,324,173,6,552,P1,151,58.7,31.3,258,205,514,P1,False,B,3,,0,279,
Nadia,503,Nadia-503,155,Post Office 155,301,302,0,603,50.08,69,11.4,299,167,4,518,P1,132,57.7,32.2,294,147,527,P1,False,D,4,,0,254,
Nadia,503,Nadia-503,156,Temple Hall 156,352,334,0,686,48.69,72,10.5,344,119,5,564,P1,225,61.0,21.1,290,167,549,P1,False,D,4,,0,289,
Nadia,503,Nadia-503,157,Temple Hall 157,367,344,1,712,48.31,67,9.4,286,201,4,541,P1,85,52.9,37.2,352,180,591,P1,False,B,3,,0,300,
Nadia,503,Nadia-503,158,Club Building 158,273,262,0,535,48.97,41,7.7,306,94,3,445,P1,212,68.8,21.1,258,130,431,P1,False,A,1,,0,225,
Nadia,503,Nadia-503,159,Primary School 159,342,322,1,665,48.42,67,10.1,389,127,5,574,P1,262,67.8,22.1,265,181,519,P1,False,D,4,,0,280,
Nadia,503,Nadia-503,160,High School 160,360,358,1,719,49.79,83,11.5,358,152,6,567,P1,206,63.1,26.8,361,153,571,P1,False,D,4,,0,303,
Nadia,503,Nadia-503,161,Club Building 161,360,336,0,696,48.28,65,9.3,244,148,11,537,P1,96,45.4,27.6,300,181,593,P1,False,B,3,,0,293,
Nadia,503,Nadia-503,162,Anganwadi Centre 162,319,308,0,627,49.12,48,7.7,290,202,5,546,P1,88,53.1,37.0,334,95,540,P1,False,B,3,,0,264,
Nadia,503,Nadia-503,163,Anganwadi Centre 163,338,323,0,661,48.87,47,7.1,178,151,20,509,P1,23,35.0,29.7,262,219,559,P1,False,B,3,,0,279,
Nadia,503,Nadia-503,164,Madrasa 164,383,347,1,731,47.47,77,10.5,293,167,8,601,P1,126,48.8,27.8,264,146,603,P1,False,D,4,,0,308,
Nadia,503,Nadia-503,165,Primary School 165,284,265,1,550,48.18,43,7.8,212,154,4,417,P1,58,50.8,36.9,234,157,459,P1,False,B,3,,0,232,
Nadia,503,Nadia-503,166,Primary School 166,280,272,1,553,49.19,40,7.2,227,118,13,462,P1,109,49.1,25.5,230,141,453,P1,False,B,3,,0,233,
Nadia,503,Nadia-503,167,Club Building 167,246,244,1,491,49.69,42,8.6,226,138,5,416,P1,88,54.3,33.2,226,118,383,P1,False,B,3,,0,207,
Nadia,503,Nadia-503,168,Panchayat Bhavan 168,398,400,0,798,50.13,81,10.2,358,183,10,651,P1,175,55.0,28.1,396,177,678,P1,False,D,4,,0,336,
Nadia,503,Nadia-503,169,Temple Hall 169,403,378,0,781,48.4,66,8.5,374,165,9,640,P1,209,58.4,25.8,347,226,670,P1,False,B,3,,0,329,
Nadia,503,Nadia-503,170,Health Sub-Centre 170,246,233,1,480,48.54,45,9.4,190,140,3,386,P1,50,49.2,36.3,236,115,390,P1,False,B,3,,0,202,
Nadia,503,Nadia-503,171,Panchayat Bhavan 171,384,358,0,742,48.25,55,7.4,368,214,6,646,P1,154,57.0,33.1,356,206,625,P1,False,B,3,,0,313,
Nadia,503,Nadia-503,172,Madrasa 172,290,275,0,565,48.67,55,9.7,303,125,3,476,P1,178,63.7,26.3,258,134,436,P1,False,B,3,,0,238,
Nadia,504,Nadia-504,1,Post Office 1,339,340,0,679,50.07,128,18.9,291,146,16,573,P1,145,50.8,25.5,384,128,569,P1,False,D,4,,0,286,
Nadia,504,Nadia-504,2,Panchayat Bhavan 2,395,377,1,773,48.77,100,12.9,264,197,14,613,P1,67,43.1,32.1,322,191,615,P1,False,D,4,,0,326,
Nadia,504,Nadia-504,3,Market Building 3,393,372,1,766,48.56,102,13.3,329,221,2,611,P1,108,53.8,36.2,376,225,669,P1,False,D,4,,0,323,
Nadia,504,Nadia-504,4,Govt Office 4,304,275,1,580,47.41,69,11.9,282,169,4,506,P1,113,55.7,33.4,262,143,450,P1,False,D,4,,0,244,
Nadia,504,Nadia-504,5,Primary School 5,255,253,1,509,49.71,87,17.1,263,129,5,435,P1,134,60.5,29.7,251,130,424,P1,False,D,4,,0,214,
Nadia,504,Nadia-504,6,Market Building 6,249,256,1,506,50.59,83,16.4,262,117,1,421,P1,145,62.2,27.8,293,72,406,P1,False,D,4,,0,213,
Nadia,504,Nadia-504,7,Panchayat Bhavan 7,353,365,1,719,50.76,128,17.8,372,182,7,622,P1,190,59.8,29.3,403,155,620,P1,False,D,4,,0,303,
Nadia,504,Nadia-504,8,Temple Hall 8,323,303,0,626,48.4,116,18.5,214,232,9,526,P2,18,40.7,44.1,217,191,502,P1,True,D,4,,0,264,
Nadia,504,Nadia-504,9,Govt Office 9,341,310,1,652,47.55,90,13.8,291,135,6,532,P1,156,54.7,25.4,290,156,496,P1,False,D,4,,0,275,
Nadia,504,Nadia-504,10,Anganwadi Centre 10,321,331,0,652,50.77,91,14.0,299,136,4,500,P1,163,59.8,27.2,311,155,525,P1,False,D,4,,0,275,
Nadia,504,Nadia-504,11,Panchayat Bhavan 11,401,393,0,794,49.5,94,11.8,338,185,9,615,P1,153,55.0,30.1,423,181,671,P1,False,D,4,,0,335,
Nadia,504,Nadia-504,12,Market Building 12,311,305,1,617,49.43,96,15.6,292,144,5,484,P1,148,60.3,29.8,250,170,467,P1,False,D,4,,0,260,
Nadia,504,Nadia-504,13,High School 13,328,320,0,648,49.38,107,16.5,246,155,6,498,P1,91,49.4,31.1,262,189,501,P1,False,D,4,,0,273,
Nadia,504,Nadia-504,14,Club Building 14,261,261,1,523,49.9,60,11.5,156,96,8,400,P1,21,39.0,24.0,213,105,416,P1,False,D,4,,0,220,
Nadia,504,Nadia-504,15,Club Building 15,285,278,1,564,49.29,103,18.3,218,148,5,430,P1,70,50.7,34.4,222,137,468,P1,False,D,4,,0,238,
Nadia,504,Nadia-504,16,High School 16,346,323,0,669,48.28,97,14.5,371,103,4,526,P1,268,70.5,19.6,332,162,567,P1,False,D,4,,0,282,
Nadia,504,Nadia-504,17,Community Hall 17,295,293,1,589,49.75,91,15.4,302,102,5,448,P1,200,67.4,22.8,247,145,456,P1,False,D,4,,0,248,
Nadia,504,Nadia-504,18,Club Building 18,350,353,0,703,50.21,124,17.6,307,197,4,560,P1,110,54.8,35.2,324,179,584,P1,False,D,4,,0,296,
Nadia,504,Nadia-504,19,Anganwadi Centre 19,307,284,0,591,48.05,111,18.8,256,181,5,485,P1,75,52.8,37.3,278,135,459,P1,False,D,4,,0,249,
Nadia,504,Nadia-504,20,Anganwadi Centre 20,359,353,0,712,49.58,87,12.2,262,216,15,614,P1,46,42.7,35.2,329,185,601,P1,False,D,4,,0,300,
Nadia,504,Nadia-504,21,Post Office 21,316,285,1,602,47.34,105,17.4,261,164,8,514,P1,97,50.8,31.9,214,196,511,P1,False,D,4,,0,254,
Nadia,504,Nadia-504,22,High School 22,387,364,0,751,48.47,107,14.2,403,170,5,637,P1,233,63.3,26.7,308,145,595,P1,False,D,4,,0,316,
Nadia,504,Nadia-504,23,High School 23,314,294,0,608,48.36,117,19.2,204,166,5,488,P1,38,41.8,34.0,210,107,512,P1,False,D,4,,0,256,
Nadia,504,Nadia-504,24,High School 24,288,297,0,585,50.77,70,12.0,275,163,2,487,P1,112,56.5,33.5,238,128,490,P1,False,D,4,,0,246,
Nadia,504,Nadia-504,25,Madrasa 25,296,305,0,601,50.75,99,16.5,297,116,3,459,P1,181,64.7,25.3,210,160,457,P1,False,D,4,,0,253,
Nadia,504,Nadia-504,26,High School 26,283,283,1,567,49.91,86,15.2,247,153,4,445,P1,94,55.5,34.4,229,131,456,P1,False,D,4,,0,239,
Nadia,504,Nadia-504,27,Temple Hall 27,349,324,0,673,48.14,81,12.0,295,173,10,582,P1,122,50.7,29.7,265,252,585,P1,False,D,4,,0,284,
Nadia,504,Nadia-504,28,Community Hall 28,242,239,0,481,49.69,68,14.1,223,134,2,397,P1,89,56.2,33.8,240,108,387,P1,False,D,4,,0,203,
Nadia,504,Nadia-504,29,Community Hall 29,349,331,1,681,48.6,130,19.1,322,201,4,581,P1,121,55.4,34.6,359,157,574,P1,False,D,4,,0,287,
Nadia,504,Nadia-504,30,Panchayat Bhavan 30,248,231,1,480,48.12,64,13.3,161,85,9,369,P1,50,43.6,23.0,153,157,382,P2,True,D,4,,0,202,
Nadia,504,Nadia-504,31,Club Building 31,379,371,0,750,49.47,133,17.7,364,221,7,650,P1,143,56.0,34.0,423,161,648,P1,False,D,4,,0,316,
Nadia,504,Nadia-504,32,Panchayat Bhavan 32,331,323,1,655,49.31,126,19.2,367,110,5,530,P1,257,69.2,20.8,276,178,553,P1,False,D,4,,0,276,
Nadia,504,Nadia-504,33,Club Building 33,380,385,0,765,50.33,122,15.9,285,215,8,613,P1,70,46.5,35.1,441,105,607,P1,False,D,4,,0,322,
Nadia,504,Nadia-504,34,Primary School 34,346,329,1,676,48.67,95,14.1,280,192,3,525,P1,88,53.3,36.6,266,205,551,P1,False,D,4,,0,285,
Nadia,504,Nadia-504,35,Anganwadi Centre 35,272,276,1,549,50.27,74,13.5,263,130,2,437,P1,133,60.2,29.7,300,115,461,P1,False,D,4,,0,231,
Nadia,504,Nadia-504,36,Govt Office 36,259,261,0,520,50.19,69,13.3,193,134,7,411,P1,59,47.0,32.6,255,135,433,P1,False,D,4,,0,219,
Nadia,504,Nadia-504,37,High School 37,412,406,0,818,49.63,143,17.5,343,229,12,691,P1,114,49.6,33.1,418,178,662,P1,False,D,4,,0,345,
Nadia,504,Nadia-504,38,Panchayat Bhavan 38,289,262,1,552,47.46,101,18.3,321,63,1,427,P1,258,75.2,14.8,295,137,480,P1,False,D,4,,0,233,
Nadia,504,Nadia-504,39,Panchayat Bhavan 39,385,362,0,747,48.46,136,18.2,349,189,7,609,P1,160,57.3,31.0,347,197,604,P1,False,D,4,,0,315,
Nadia,504,Nadia-504,40,Govt Office 40,332,319,1,652,48.93,76,11.7,273,169,7,520,P1,104,52.5,32.5,305,147,502,P1,False,D,4,,0,275,
Nadia,504,Nadia-504,41,Market Building 41,315,288,0,603,47.76,76,12.6,227,135,5,458,P1,92,49.6,29.5,242,157,460,P1,False,D,4,,0,254,
Nadia,504,Nadia-504,42,Community Hall 42,392,395,0,787,50.19,148,18.8,327,190,9,609,P1,137,53.7,31.2,291,206,641,P1,False,D,4,,0,332,
Nadia,504,Nadia-504,43,Temple Hall 43,374,350,1,725,48.28,149,20.6,334,191,7,588,P1,143,56.8,32.5,287,208,557,P1,False,D,4,,0,305,
Nadia,504,Nadia-504,44,Post Office 44,325,307,1,633,48.5,96,15.2,295,179,5,534,P1,116,55.2,33.5,302,165,519,P1,False,D,4,,0,267,
Nadia,504,Nadia-504,45,Madrasa 45,304,305,1,610,50.0,123,20.2,281,161,5,528,P1,120,53.2,30.5,281,142,469,P1,False,D,4,,0,257,
Nadia,504,Nadia-504,46,High School 46,308,299,0,607,49.26,97,16.0,286,160,4,497,P1,126,57.5,32.2,260,147,471,P1,False,D,4,,0,256,
Nadia,504,Nadia-504,47,Post Office 47,352,353,1,706,50.0,131,18.6,296,214,3,594,P1,82,49.8,36.0,309,177,540,P1,False,D,4,,0,297,
Nadia,504,Nadia-504,48,Health Sub-Centre 48,384,362,0,746,48.53,149,20.0,271,237,10,611,P1,34,44.4,38.8,336,197,599,P1,False,D,4,,0,314,
Nadia,504,Nadia-504,49,Govt Office 49,356,332,0,688,48.26,141,20.5,283,203,7,571,P1,80,49.6,35.6,256,200,528,P1,False,D,4,,0,290,
Nadia,504,Nadia-504,50,Club Building 50,301,296,0,597,49.58,90,15.1,300,142,6,491,P1,158,61.1,28.9,335,116,501,P1,False,D,4,,0,252,
Nadia,504,Nadia-504,51,Club Building 51,386,393,0,779,50.45,137,17.6,347,199,5,607,P1,148,57.2,32.8,313,231,665,P1,False,D,4,,0,328,
Nadia,504,Nadia-504,52,Club Building 52,310,297,1,608,48.85,78,12.8,216,174,8,489,P1,42,44.2,35.6,341,119,511,P1,False,D,4,,0,256,
Nadia,504,Nadia-504,53,Temple Hall 53,256,247,0,503,49.11,82,16.3,239,109,3,387,P1,130,61.8,28.2,232,123,395,P1,False,D,4,,0,212,
Nadia,504,Nadia-504,54,Madrasa 54,269,242,1,512,47.27,81,15.8,223,117,8,433,P1,106,51.5,27.0,212,143,394,P1,False,D,4,,0,216,
Nadia,504,Nadia-504,55,Govt Office 55,317,286,0,603,47.43,119,19.7,362,106,2,520,P1,256,69.6,20.4,265,149,460,P1,False,D,4,,0,254,
Nadia,504,Nadia-504,56,Temple Hall 56,331,311,0,642,48.44,111,17.3,284,197,9,557,P1,87,51.0,35.4,293,164,508,P1,False,D,4,,0,271,
Nadia,504,Nadia-504,57,Club Building 57,327,303,0,630,48.1,101,16.0,211,230,4,515,P2,19,41.0,44.7,308,147,512,P1,True,D,4,,0,265,
Nadia,504,Nadia-504,58,Govt Office 58,316,298,0,614,48.53,120,19.5,307,132,2,488,P1,175,62.9,27.0,247,104,478,P1,False,D,4,,0,259,
Nadia,504,Nadia-504,59,Market Building 59,258,232,0,490,47.35,77,15.7,239,120,5,412,P1,119,58.0,29.1,251,130,423,P1,False,D,4,,0,206,
Nadia,504,Nadia-504,60,Anganwadi Centre 60,400,381,0,781,48.78,138,17.7,271,282,12,661,P2,11,41.0,42.7,289,209,601,P1,True,D,4,,0,329,
Nadia,504,Nadia-504,61,Club Building 61,426,390,1,817,47.74,163,20.0,410,182,7,657,P1,228,62.4,27.7,318,159,654,P1,False,D,4,,0,344,
Nadia,504,Nadia-504,62,Anganwadi Centre 62,332,326,0,658,49.54,136,20.7,281,179,5,531,P1,102,52.9,33.7,278,214,549,P1,False,D,4,,0,277,
Nadia,504,Nadia-504,63,Temple Hall 63,302,284,1,587,48.38,117,19.9,271,162,4,481,P1,109,56.3,33.7,226,181,481,P1,False,D,4,,0,247,
Nadia,504,Nadia-504,64,Community Hall 64,398,401,0,799,50.19,144,18.0,381,185,4,629,P1,196,60.6,29.4,436,179,683,P1,False,D,4,,0,337,
Nadia,504,Nadia-504,65,Madrasa 65,328,324,0,652,49.69,100,15.3,317,167,4,538,P1,150,58.9,31.0,281,204,539,P1,False,D,4,,0,275,
Nadia,504,Nadia-504,66,Anganwadi Centre 66,292,286,0,578,49.48,75,13.0,232,176,4,458,P1,56,50.7,38.4,189,172,438,P1,False,D,4,,0,244,
Nadia,504,Nadia-504,67,Market Building 67,385,386,1,772,50.0,143,18.5,343,217,2,623,P1,126,55.1,34.8,322,191,624,P1,False,D,4,,0,325,
Nadia,504,Nadia-504,68,High School 68,396,401,1,798,50.25,116,14.5,394,161,5,617,P1,233,63.9,26.1,405,198,685,P1,False,D,4,,0,336,
Nadia,504,Nadia-504,69,Panchayat Bhavan 69,308,315,1,624,50.48,116,18.6,287,185,6,524,P1,102,54.8,35.3,269,161,496,P1,False,D,4,,0,263,
Nadia,504,Nadia-504,70,Anganwadi Centre 70,273,266,1,540,49.26,73,13.5,238,127,5,410,P1,111,58.0,31.0,241,133,469,P1,False,D,4,,0,228,
Nadia,504,Nadia-504,71,High School 71,403,367,0,770,47.66,102,13.2,356,226,6,661,P1,130,53.9,34.2,421,161,670,P1,False,D,4,,0,324,
Nadia,504,Nadia-504,72,Market Building 72,312,304,1,617,49.27,69,11.2,229,204,6,507,P1,25,45.2,40.2,298,179,530,P1,False,D,4,,0,260,
Nadia,504,Nadia-504,73,Club Building 73,425,386,0,811,47.6,93,11.5,399,235,4,704,P1,164,56.7,33.4,444,109,615,P1,False,D,4,,0,342,
Nadia,504,Nadia-504,74,Community Hall 74,350,336,0,686,48.98,138,20.1,305,219,3,582,P1,86,52.4,37.6,269,265,600,P1,False,D,4,,0,289,
Nadia,504,Nadia-504,75,Panchayat Bhavan 75,296,284,0,580,48.97,80,13.8,221,137,6,496,P1,84,44.6,27.6,245,152,441,P1,False,D,4,,0,244,
Nadia,504,Nadia-504,76,Anganwadi Centre 76,264,272,1,537,50.65,105,19.6,244,177,5,468,P1,67,52.1,37.8,225,156,463,P1,False,D,4,,0,226,
Nadia,504,Nadia-504,77,Club Building 77,406,386,1,793,48.68,146,18.4,349,189,14,673,P1,160,51.9,28.1,331,181,638,P1,False,D,4,,0,334,
Nadia,504,Nadia-504,78,Govt Office 78,368,331,0,699,47.35,138,19.7,297,228,6,583,P1,69,50.9,39.1,402,119,606,P1,False,D,4,,0,295,
Nadia,504,Nadia-504,79,Madrasa 79,280,267,0,547,48.81,112,20.5,306,95,5,446,P1,211,68.6,21.3,236,141,419,P1,False,D,4,,0,230,
Nadia,504,Nadia-504,80,Madrasa 80,351,323,0,674,47.92,125,18.5,291,215,6,562,P1,76,51.8,38.3,257,188,536,P1,False,D,4,,0,284,
Nadia,504,Nadia-504,81,Health Sub-Centre 81,422,390,0,812,48.03,93,11.5,313,266,7,653,P1,47,47.9,40.7,374,217,656,P1,False,D,4,,0,342,
Nadia,504,Nadia-504,82,Primary School 82,329,295,0,624,47.28,86,13.8,292,176,6,520,P1,116,56.2,33.8,251,161,474,P1,False,D,4,,0,263,
Nadia,504,Nadia-504,83,Post Office 83,368,370,1,739,50.07,105,14.2,308,188,12,599,P1,120,51.4,31.4,376,147,582,P1,False,D,4,,0,311,
Nadia,504,Nadia-504,84,Market Building 84,363,331,0,694,47.69,78,11.2,309,220,3,590,P1,89,52.4,37.3,328,162,544,P1,False,D,4,,0,292,
Nadia,504,Nadia-504,85,Govt Office 85,260,261,0,521,50.1,60,11.5,230,123,8,436,P1,107,52.8,28.2,238,167,450,P1,False,D,4,,0,220,
Nadia,504,Nadia-504,86,Anganwadi Centre 86,247,242,1,490,49.39,55,11.2,175,162,2,374,P1,13,46.8,43.3,204,133,374,P1,False,D,4,,0,206,
Nadia,504,Nadia-504,87,Community Hall 87,280,256,0,536,47.76,63,11.8,270,127,7,468,P1,143,57.7,27.1,264,119,426,P1,False,D,4,,0,226,
Nadia,504,Nadia-504,88,Post Office 88,318,302,1,621,48.63,94,15.1,254,201,4,509,P1,53,49.9,39.5,285,183,532,P1,False,D,4,,0,262,
Nadia,504,Nadia-504,89,Market Building 89,318,309,1,628,49.2,111,17.7,279,115,4,487,P1,164,57.3,23.6,263,132,493,P1,False,D,4,,0,265,
Nadia,504,Nadia-504,90,Post Office 90,341,325,1,667,48.73,100,15.0,302,183,5,539,P1,119,56.0,34.0,358,113,523,P1,False,D,4,,0,281,
Nadia,504,Nadia-504,91,Club Building 91,262,257,1,520,49.42,73,14.0,222,150,4,431,P1,72,51.5,34.8,239,147,429,P1,False,D,4,,0,219,
Nadia,504,Nadia-504,92,Govt Office 92,411,398,0,809,49.2,139,17.2,377,177,3,616,P1,200,61.2,28.7,354,244,664,P1,False,D,4,,0,341,
Nadia,504,Nadia-504,93,Post Office 93,393,380,0,773,49.16,110,14.2,367,183,7,612,P1,184,60.0,29.9,325,202,587,P1,False,D,4,,0,326,
Nadia,504,Nadia-504,94,Market Building 94,348,337,0,685,49.2,81,11.8,307,188,9,588,P1,119,52.2,32.0,235,129,526,P1,False,D,4,,0,289,
Nadia,504,Nadia-504,95,High School 95,253,230,1,484,47.52,55,11.4,196,116,5,387,P1,80,50.6,30.0,249,119,419,P1,False,D,4,,0,204,
Nadia,504,Nadia-504,96,Market Building 96,258,252,1,511,49.32,101,19.8,261,113,3,418,P1,148,62.4,27.0,229,121,405,P1,False,D,4,,0,215,
Nadia,504,Nadia-504,97,Health Sub-Centre 97,317,322,1,640,50.31,90,14.1,283,154,6,502,P1,129,56.4,30.7,329,139,520,P1,False,D,4,,0,270,
Nadia,504,Nadia-504,98,Primary School 98,261,238,0,499,47.7,76,15.2,246,105,4,397,P1,141,62.0,26.4,307,80,430,P1,False,D,4,,0,210,
Nadia,504,Nadia-504,99,Primary School 99,348,317,0,665,47.67,115,17.3,293,193,3,572,P1,100,51.2,33.7,266,200,517,P1,False,D,4,,0,280,
Nadia,504,Nadia-504,100,Madrasa 100,293,273,1,567,48.15,86,15.2,254,172,5,474,P1,82,53.6,36.3,205,152,450,P1,False,D,4,,0,239,
Nadia,504,Nadia-504,101,Club Building 101,398,376,0,774,48.58,158,20.4,329,274,4,675,P1,55,48.7,40.6,319,219,621,P1,False,D,4,,0,326,
Nadia,504,Nadia-504,102,Post Office 102,349,320,1,670,47.76,93,13.9,316,146,2,513,P1,170,61.6,28.5,312,145,531,P1,False,D,4,,0,282,
Nadia,504,Nadia-504,103,Club Building 103,266,257,1,524,49.05,104,19.8,203,152,6,411,P1,51,49.4,37.0,258,102,400,P1,False,D,4,,0,221,
Nadia,504,Nadia-504,104,Community Hall 104,292,269,0,561,47.95,85,15.2,296,105,6,476,P1,191,62.2,22.1,229,147,462,P1,False,D,4,,0,236,
Nadia,504,Nadia-504,105,Temple Hall 105,372,362,0,734,49.32,119,16.2,322,221,7,603,P1,101,53.4,36.7,340,168,615,P1,False,D,4,,0,309,
Nadia,504,Nadia-504,106,Health Sub-Centre 106,314,315,0,629,50.08,90,14.3,307,181,5,543,P1,126,56.5,33.3,281,166,504,P1,False,D,4,,0,265,
Nadia,504,Nadia-504,107,High School 107,411,392,0,803,48.82,91,11.3,301,199,18,662,P1,102,45.5,30.1,404,176,645,P1,False,D,4,,0,338,
Nadia,504,Nadia-504,108,Panchayat Bhavan 108,419,392,1,812,48.28,136,16.7,387,198,6,650,P1,189,59.5,30.5,377,213,656,P1,False,D,4,,0,342,
Nadia,504,Nadia-504,109,Post Office 109,248,235,0,483,48.65,66,13.7,217,147,4,404,P1,70,53.7,36.4,286,58,382,P1,False,D,4,,0,204,
Nadia,504,Nadia-504,110,Primary School 110,321,294,0,615,47.8,100,16.3,312,169,3,535,P1,143,58.3,31.6,274,119,471,P1,False,D,4,,0,259,
Nadia,504,Nadia-504,111,Health Sub-Centre 111,254,246,1,501,49.1,69,13.8,255,114,3,410,P1,141,62.2,27.8,224,118,433,P1,False,D,4,,0,211,
Nadia,504,Nadia-504,112,Temple Hall 112,286,295,1,582,50.69,88,15.1,269,185,5,504,P1,84,53.4,36.7,226,145,441,P1,False,D,4,,0,245,
Nadia,504,Nadia-504,113,Community Hall 113,381,380,0,761,49.93,116,15.2,284,175,7,595,P1,109,47.7,29.4,385,142,586,P1,False,D,4,,0,321,
Nadia,504,Nadia-504,114,Panchayat Bhavan 114,353,343,0,696,49.28,128,18.4,309,192,4,557,P1,117,55.5,34.5,379,144,581,P1,False,D,4,,0,293,
Nadia,504,Nadia-504,115,Community Hall 115,311,304,0,615,49.43,81,13.2,273,166,4,496,P1,107,55.0,33.5,291,149,488,P1,False,D,4,,0,259,
Nadia,504,Nadia-504,116,Madrasa 116,252,232,1,485,47.84,98,20.2,176,131,7,410,P1,45,42.9,32.0,206,134,378,P1,False,D,4,,0,204,
Nadia,504,Nadia-504,117,Health Sub-Centre 117,277,270,1,548,49.27,82,15.0,229,173,5,454,P1,56,50.4,38.1,223,188,473,P1,False,D,4,,0,231,
Nadia,504,Nadia-504,118,High School 118,338,304,1,643,47.28,94,14.6,264,147,6,509,P1,117,51.9,28.9,261,79,499,P1,False,D,4,,0,271,
Nadia,504,Nadia-504,119,Anganwadi Centre 119,285,287,1,573,50.09,95,16.6,286,162,2,498,P1,124,57.4,32.5,275,143,478,P1,False,D,4,,0,241,
Nadia,504,Nadia-504,120,Post Office 120,362,339,1,702,48.29,92,13.1,323,138,9,560,P1,185,57.7,24.6,353,157,567,P1,False,D,4,,0,296,
Nadia,504,Nadia-504,121,Primary School 121,336,337,0,673,50.07,135,20.1,285,173,3,509,P1,112,56.0,34.0,239,212,550,P1,False,D,4,,0,284,
Nadia,504,Nadia-504,122,Madrasa 122,366,354,1,721,49.1,118,16.4,301,163,10,549,P1,138,54.8,29.7,328,185,570,P1,False,D,4,,0,304,
Nadia,504,Nadia-504,123,Market Building 123,350,331,1,682,48.53,89,13.0,311,141,13,578,P1,170,53.8,24.4,295,208,558,P1,False,D,4,,0,287,
Nadia,504,Nadia-504,124,Community Hall 124,354,319,0,673,47.4,99,14.7,264,196,5,541,P1,68,48.8,36.2,265,159,522,P1,False,D,4,,0,284,
Nadia,504,Nadia-504,125,Health Sub-Centre 125,251,249,1,501,49.7,79,15.8,153,157,5,391,P2,4,39.1,40.2,264,104,409,P1,True,D,4,,0,211,
Nadia,504,Nadia-504,126,Madrasa 126,310,288,1,599,48.08,76,12.7,263,116,8,478,P1,147,55.0,24.3,257,156,475,P1,False,D,4,,0,252,
Nadia,504,Nadia-504,127,Madrasa 127,259,243,0,502,48.41,85,16.9,155,70,14,393,P1,4,39.4,17.8,256,108,436,P1,False,D,4,,0,212,
Nadia,504,Nadia-504,128,Post Office 128,318,307,0,625,49.12,71,11.4,293,170,3,522,P1,123,56.1,32.6,278,183,517,P1,False,D,4,,0,263,
Nadia,504,Nadia-504,129,High School 129,277,250,1,528,47.35,67,12.7,282,122,2,449,P1,160,62.8,27.2,247,77,431,P1,False,D,4,,0,222,
Nadia,504,Nadia-504,130,High School 130,284,289,1,574,50.35,107,18.6,267,156,2,470,P1,111,56.8,33.2,308,118,473,P1,False,D,4,,0,242,
Nadia,504,Nadia-504,131,Govt Office 131,375,344,0,719,47.84,132,18.4,377,168,2,606,P1,209,62.2,27.7,366,180,607,P1,False,D,4,,0,303,
Nadia,504,Nadia-504,132,Health Sub-Centre 132,400,399,1,800,49.88,142,17.8,354,201,2,616,P1,153,57.5,32.6,354,183,674,P1,False,D,4,,0,337,
Nadia,504,Nadia-504,133,Health Sub-Centre 133,283,256,0,539,47.5,86,16.0,243,106,8,446,P1,137,54.5,23.8,270,113,425,P1,False,D,4,,0,227,
Nadia,504,Nadia-504,134,Club Building 134,395,385,0,780,49.36,153,19.6,326,235,6,624,P1,91,52.2,37.7,328,194,626,P1,False,D,4,,0,329,
Nadia,504,Nadia-504,135,Primary School 135,323,292,0,615,47.48,114,18.5,229,172,6,470,P1,57,48.7,36.6,213,181,523,P1,False,D,4,,0,259,
Nadia,504,Nadia-504,136,Anganwadi Centre 136,250,252,0,502,50.2,89,17.7,210,120,3,389,P1,90,54.0,30.8,251,118,410,P1,False,D,4,,0,212,
Nadia,504,Nadia-504,137,Anganwadi Centre 137,395,395,1,791,49.94,130,16.4,404,137,6,601,P1,267,67.2,22.8,333,214,634,P1,False,D,4,,0,333,
Nadia,504,Nadia-504,138,High School 138,385,345,0,730,47.26,115,15.8,251,193,10,562,P1,58,44.7,34.3,336,160,564,P1,False,D,4,,0,308,
Nadia,504,Nadia-504,139,Community Hall 139,357,320,1,678,47.2,117,17.3,264,123,9,538,P1,128,49.1,22.9,306,171,535,P1,False,D,4,,0,286,
Nadia,504,Nadia-504,140,Primary School 140,335,318,0,653,48.7,127,19.4,310,165,3,560,P1,145,55.4,29.5,213,218,533,P2,True,D,4,,0,275,
Nadia,504,Nadia-504,141,High School 141,357,344,1,702,49.0,132,18.8,351,189,2,600,P1,162,58.5,31.5,308,138,571,P1,False,D,4,,0,296,
Nadia,504,Nadia-504,142,Panchayat Bhavan 142,334,317,1,652,48.62,103,15.8,307,158,2,517,P1,149,59.4,30.6,280,205,539,P1,False,D,4,,0,275,
Nadia,504,Nadia-504,143,Community Hall 143,401,406,0,807,50.31,134,16.6,282,226,9,663,P1,56,42.5,34.1,388,169,619,P1,False,D,4,,0,340,
Nadia,504,Nadia-504,144,Govt Office 144,340,323,1,664,48.64,95,14.3,297,184,5,534,P1,113,55.6,34.5,283,157,504,P1,False,D,4,,0,280,
Nadia,504,Nadia-504,145,High School 145,319,293,1,613,47.8,122,19.9,262,152,6,484,P1,110,54.1,31.4,278,200,531,P1,False,D,4,,0,258,
Nadia,504,Nadia-504,146,Primary School 146,280,265,0,545,48.62,91,16.7,274,111,9,470,P1,163,58.3,23.6,240,135,469,P1,False,D,4,,0,230,
Nadia,504,Nadia-504,147,Panchayat Bhavan 147,395,386,0,781,49.42,153,19.6,366,226,3,677,P1,140,54.1,33.4,395,175,633,P1,False,D,4,,0,329,
Nadia,504,Nadia-504,148,High School 148,393,380,1,774,49.1,105,13.6,413,177,3,656,P1,236,63.0,27.0,349,179,587,P1,False,D,4,,0,326,
Nadia,504,Nadia-504,149,Temple Hall 149,372,336,1,709,47.39,124,17.5,314,189,5,581,P1,125,54.0,32.5,347,185,592,P1,False,D,4,,0,299,
Nadia,504,Nadia-504,150,Anganwadi Centre 150,270,270,1,541,49.91,95,17.6,197,161,2,430,P1,36,45.8,37.4,250,124,422,P1,False,D,4,,0,228,
Nadia,504,Nadia-504,151,Madrasa 151,243,242,1,486,49.79,89,18.3,245,110,3,394,P1,135,62.2,27.9,210,123,391,P1,False,D,4,,0,205,
Nadia,504,Nadia-504,152,Panchayat Bhavan 152,274,275,0,549,50.09,65,11.8,226,139,6,423,P1,87,53.4,32.9,199,150,423,P1,False,D,4,,0,231,
Nadia,504,Nadia-504,153,Community Hall 153,391,382,0,773,49.42,92,11.9,260,178,13,593,P1,82,43.8,30.0,283,216,600,P1,False,D,4,,0,326,
Nadia,504,Nadia-504,154,Market Building 154,320,307,0,627,48.96,86,13.7,242,183,6,487,P1,59,49.7,37.6,375,89,516,P1,False,D,4,,0,264,
Nadia,504,Nadia-504,155,Panchayat Bhavan 155,348,331,0,679,48.75,127,18.7,264,222,6,539,P1,42,49.0,41.2,325,108,544,P1,False,D,4,,0,286,
Nadia,504,Nadia-504,156,Market Building 156,363,325,0,688,47.24,81,11.8,307,188,5,556,P1,119,55.2,33.8,281,145,562,P1,False,D,4,,0,290,
Nadia,504,Nadia-504,157,Club Building 157,360,326,1,687,47.45,100,14.6,315,169,2,538,P1,146,58.6,31.4,331,176,596,P1,False,D,4,,0,289,
Nadia,504,Nadia-504,158,Health Sub-Centre 158,338,328,0,666,49.25,110,16.5,299,160,4,510,P1,139,58.6,31.4,316,183,555,P1,False,D,4,,0,281,
Nadia,504,Nadia-504,159,Club Building 159,341,319,0,660,48.33,127,19.2,357,125,3,536,P1,232,66.6,23.3,276,186,514,P1,False,D,4,,0,278,
Nadia,504,Nadia-504,160,Market Building 160,285,292,0,577,50.61,88,15.3,274,111,9,467,P1,163,58.7,23.8,260,162,500,P1,False,D,4,,0,243,
Nadia,504,Nadia-504,161,Market Building 161,277,251,1,529,47.45,81,15.3,254,116,2,437,P1,138,58.1,26.5,210,150,459,P1,False,D,4,,0,223,
Nadia,504,Nadia-504,162,Post Office 162,248,240,0,488,49.18,70,14.3,159,85,4,372,P1,39,42.7,22.8,201,140,414,P1,False,D,4,,0,206,
Nadia,504,Nadia-504,163,Govt Office 163,377,380,1,758,50.13,136,17.9,352,201,10,634,P1,151,55.5,31.7,417,142,621,P1,False,D,4,,0,319,
Nadia,504,Nadia-504,164,Anganwadi Centre 164,251,251,0,502,50.0,68,13.5,233,119,8,427,P1,114,54.6,27.9,232,141,437,P1,False,D,4,,0,212,
Nadia,504,Nadia-504,165,Club Building 165,357,325,0,682,47.65,97,14.2,255,232,7,580,P1,23,44.0,40.0,310,163,525,P1,False,D,4,,0,287,
Nadia,504,Nadia-504,166,Temple Hall 166,296,290,0,586,49.49,112,19.1,267,113,3,448,P1,154,59.6,25.2,304,141,511,P1,False,D,4,,0,247,
Nadia,504,Nadia-504,167,High School 167,402,396,0,798,49.62,165,20.7,442,163,6,682,P1,279,64.8,23.9,455,148,670,P1,False,D,4,,0,336,
Nadia,504,Nadia-504,168,Club Building 168,350,320,1,671,47.69,138,20.6,289,216,8,577,P1,73,50.1,37.4,348,139,541,P1,False,D,4,,0,283,
Nadia,504,Nadia-504,169,Panchayat Bhavan 169,296,267,0,563,47.42,87,15.5,267,146,2,459,P1,121,58.2,31.8,263,125,431,P1,False,D,4,,0,237,
Nadia,504,Nadia-504,170,Market Building 170,353,337,1,691,48.77,127,18.4,333,162,3,550,P1,171,60.5,29.5,361,130,546,P1,False,D,4,,0,291,
Nadia,504,Nadia-504,171,Primary School 171,275,285,1,561,50.8,104,18.5,213,196,9,489,P1,17,43.6,40.1,264,135,443,P1,False,D,4,,0,236,
Nadia,504,Nadia-504,172,Post Office 172,295,294,1,590,49.83,95,16.1,283,156,2,488,P1,127,58.0,32.0,273,157,492,P1,False,D,4,,0,249,
Nadia,504,Nadia-504,173,Primary School 173,377,364,0,741,49.12,144,19.4,292,224,6,582,P1,68,50.2,38.5,340,227,631,P1,False,D,4,,0,312,
Nadia,504,Nadia-504,174,Madrasa 174,330,309,0,639,48.36,105,16.4,282,154,6,490,P1,128,57.6,31.4,292,146,520,P1,False,D,4,,0,269,
Nadia,505,Nadia-505,1,Panchayat Bhavan 1,323,290,1,614,47.23,58,9.4,361,117,5,531,P1,244,68.0,22.0,292,138,478,P1,False,A,1,,0,259,
Nadia,505,Nadia-505,2,Primary School 2,411,375,0,786,47.71,93,11.8,420,186,5,673,P1,234,62.4,27.6,297,224,611,P1,False,D,4,,0,331,
Nadia,505,Nadia-505,3,Madrasa 3,274,268,0,542,49.45,54,10.0,223,142,6,421,P1,81,53.0,33.7,246,160,453,P1,False,B,3,,0,228,
Nadia,505,Nadia-505,4,Anganwadi Centre 4,329,321,1,651,49.31,69,10.6,266,132,8,532,P1,134,50.0,24.8,286,142,507,P1,False,D,4,,0,274,
Nadia,505,Nadia-505,5,High School 5,361,349,1,711,49.09,55,7.7,307,199,5,562,P1,108,54.6,35.4,356,129,581,P1,False,B,3,,0,300,
Nadia,505,Nadia-505,6,Govt Office 6,315,304,1,620,49.03,45,7.3,234,148,13,529,P1,86,44.2,28.0,245,174,523,P1,False,B,3,,0,261,
Nadia,505,Nadia-505,7,Temple Hall 7,253,235,1,489,48.06,59,12.1,259,119,2,419,P1,140,61.8,28.4,208,110,391,P1,False,D,4,,0,206,
Nadia,505,Nadia-505,8,Temple Hall 8,417,401,0,818,49.02,63,7.7,381,200,12,699,P1,181,54.5,28.6,270,232,627,P1,False,B,3,,0,345,
Nadia,505,Nadia-505,9,Temple Hall 9,389,397,0,786,50.51,62,7.9,359,240,4,666,P1,119,53.9,36.0,422,181,671,P1,False,B,3,,0,331,
Nadia,505,Nadia-505,10,Primary School 10,292,274,1,567,48.32,57,10.1,220,154,9,465,P1,66,47.3,33.1,266,152,464,P1,False,D,4,,0,239,
Nadia,505,Nadia-505,11,Club Building 11,350,342,1,693,49.35,50,7.2,252,208,3,541,P1,44,46.6,38.4,359,165,582,P1,False,B,3,,0,292,
Nadia,505,Nadia-505,12,Health Sub-Centre 12,342,347,0,689,50.36,68,9.9,362,145,3,563,P1,217,64.3,25.8,333,109,571,P1,False,B,3,,0,290,
Nadia,505,Nadia-505,13,Anganwadi Centre 13,290,295,0,585,50.43,72,12.3,247,179,3,473,P1,68,52.2,37.8,262,142,472,P1,False,D,4,,0,246,
Nadia,505,Nadia-505,14,Temple Hall 14,390,390,0,780,50.0,98,12.6,324,202,5,608,P1,122,53.3,33.2,365,221,652,P1,False,D,4,,0,329,
Nadia,505,Nadia-505,15,Market Building 15,290,268,1,559,47.94,44,7.9,290,115,4,450,P1,175,64.4,25.6,265,150,461,P1,False,B,3,,0,236,
Nadia,505,Nadia-505,16,Community Hall 16,320,289,1,610,47.38,48,7.9,275,172,5,496,P1,103,55.4,34.7,251,178,478,P1,False,B,3,,0,257,
Nadia,505,Nadia-505,17,Govt Office 17,384,385,0,769,50.07,92,12.0,315,261,3,640,P1,54,49.2,40.8,391,188,643,P1,False,D,4,,0,324,
Nadia,505,Nadia-505,18,Primary School 18,395,377,1,773,48.77,67,8.7,339,231,9,661,P1,108,51.3,34.9,348,214,624,P1,False,B,3,,0,326,
Nadia,505,Nadia-505,19,Market Building 19,357,362,1,720,50.28,86,11.9,440,116,6,618,P1,324,71.2,18.8,353,196,623,P1,False,D,4,,0,303,
Nadia,505,Nadia-505,20,Anganwadi Centre 20,276,279,0,555,50.27,57,10.3,228,134,6,446,P1,94,51.1,30.0,174,97,436,P1,False,D,4,,0,234,
Nadia,505,Nadia-505,21,Govt Office 21,368,345,1,714,48.32,52,7.3,343,188,5,590,P1,155,58.1,31.9,298,217,599,P1,False,B,3,,0,301,
Nadia,505,Nadia-505,22,Temple Hall 22,379,343,1,723,47.44,85,11.8,322,155,9,589,P1,167,54.7,26.3,313,216,588,P1,False,D,4,,0,305,
Nadia,505,Nadia-505,23,Community Hall 23,263,266,0,529,50.28,38,7.2,288,92,2,422,P1,196,68.2,21.8,174,150,408,P1,False,A,1,,0,223,
Nadia,505,Nadia-505,24,Primary School 24,270,277,1,548,50.55,50,9.1,236,175,3,459,P1,61,51.4,38.1,239,153,477,P1,False,B,3,,0,231,
Nadia,505,Nadia-505,25,Market Building 25,352,355,1,708,50.14,89,12.6,352,190,3,602,P1,162,58.5,31.6,361,158,577,P1,False,D,4,,0,298,
Nadia,505,Nadia-505,26,Madrasa 26,382,395,1,778,50.77,79,10.2,425,175,5,667,P1,250,63.7,26.2,244,209,620,P1,False,D,4,,0,328,
Nadia,505,Nadia-505,27,Anganwadi Centre 27,385,380,0,765,49.67,78,10.2,320,230,3,620,P1,90,51.6,37.1,300,221,616,P1,False,D,4,,0,322,
Nadia,505,Nadia-505,28,Club Building 28,276,272,0,548,49.64,45,8.2,255,140,6,477,P1,115,53.5,29.4,277,101,420,P1,False,B,3,,0,231,
Nadia,505,Nadia-505,29,Govt Office 29,259,234,1,494,47.37,44,8.9,190,140,6,400,P1,50,47.5,35.0,223,141,405,P1,False,B,3,,0,208,
Nadia,505,Nadia-505,30,Market Building 30,309,295,0,604,48.84,42,7.0,304,123,2,474,P1,181,64.1,25.9,250,179,514,P1,False,B,3,,0,254,
Nadia,505,Nadia-505,31,Club Building 31,316,318,1,635,50.08,74,11.7,334,126,2,512,P1,208,65.2,24.6,192,166,503,P1,False,D,4,,0,268,
Nadia,505,Nadia-505,32,High School 32,294,280,0,574,48.78,48,8.4,280,118,4,442,P1,162,63.3,26.7,283,125,453,P1,False,B,3,,0,242,
Nadia,505,Nadia-505,33,Market Building 33,372,383,0,755,50.73,83,11.0,306,233,5,599,P1,73,51.1,38.9,396,132,587,P1,False,D,4,,0,318,
Nadia,505,Nadia-505,34,Market Building 34,284,288,1,573,50.26,68,11.9,283,156,2,488,P1,127,58.0,32.0,287,132,466,P1,False,D,4,,0,241,
Nadia,505,Nadia-505,35,Anganwadi Centre 35,265,241,0,506,47.63,55,10.9,239,128,2,408,P1,111,58.6,31.4,215,134,425,P1,False,D,4,,0,213,
Nadia,505,Nadia-505,36,Madrasa 36,286,261,0,547,47.71,40,7.3,245,155,8,467,P1,90,52.5,33.2,246,109,421,P1,False,B,3,,0,230,
Nadia,505,Nadia-505,37,Primary School 37,404,391,0,795,49.18,66,8.3,327,210,5,660,P1,117,49.5,31.8,384,165,685,P1,False,B,3,,0,335,
Nadia,505,Nadia-505,38,Primary School 38,305,291,1,597,48.74,59,9.9,281,180,7,520,P1,101,54.0,34.6,229,117,470,P1,False,B,3,,0,252,
Nadia,505,Nadia-505,39,Primary School 39,271,251,0,522,48.08,40,7.7,261,136,5,441,P1,125,59.2,30.8,188,114,419,P1,False,B,3,,0,220,
Nadia,505,Nadia-505,40,Post Office 40,282,276,0,558,49.46,45,8.1,206,204,2,455,P1,2,45.3,44.8,180,134,431,P1,False,B,3,,0,235,
Nadia,505,Nadia-505,41,Temple Hall 41,274,257,0,531,48.4,49,9.2,273,128,3,445,P1,145,61.3,28.8,269,118,430,P1,False,B,3,,0,224,
Nadia,505,Nadia-505,42,Panchayat Bhavan 42,367,349,1,717,48.68,77,10.7,339,176,7,619,P1,163,54.8,28.4,307,185,555,P1,False,D,4,,0,302,
Nadia,505,Nadia-505,43,High School 43,387,398,1,786,50.64,62,7.9,339,212,4,613,P1,127,55.3,34.6,402,137,678,P1,False,B,3,,0,331,
Nadia,505,Nadia-505,44,Temple Hall 44,286,289,0,575,50.26,58,10.1,254,143,2,442,P1,111,57.5,32.4,266,148,460,P1,False,D,4,,0,242,
Nadia,505,Nadia-505,45,High School 45,287,278,1,566,49.12,70,12.4,282,136,5,464,P1,146,60.8,29.3,266,166,479,P1,False,D,4,,0,238,
Nadia,505,Nadia-505,46,Post Office 46,384,383,1,768,49.87,63,8.2,391,173,5,654,P1,218,59.8,26.5,420,160,645,P1,False,B,3,,0,324,
Nadia,505,Nadia-505,47,Govt Office 47,245,242,0,487,49.69,58,11.9,206,119,7,390,P1,87,52.8,30.5,224,152,418,P1,False,D,4,,0,205,
Nadia,505,Nadia-505,48,Primary School 48,420,393,0,813,48.34,90,11.1,259,137,11,637,P1,35,40.7,21.5,321,238,663,P1,False,D,4,,0,343,
Nadia,505,Nadia-505,49,Temple Hall 49,386,378,1,765,49.41,57,7.5,338,228,3,629,P1,110,53.7,36.2,337,233,657,P1,False,B,3,,0,322,
Nadia,505,Nadia-505,50,Club Building 50,382,380,1,763,49.8,58,7.6,292,190,5,624,P1,102,46.8,30.4,306,157,620,P1,False,B,3,,0,321,
Nadia,505,Nadia-505,51,Primary School 51,301,284,0,585,48.55,60,10.3,241,157,2,443,P1,84,54.4,35.4,310,128,487,P1,False,D,4,,0,246,
Nadia,505,Nadia-505,52,Anganwadi Centre 52,301,299,1,601,49.75,56,9.3,265,149,2,475,P1,116,55.8,31.4,280,157,519,P1,False,B,3,,0,253,
Nadia,505,Nadia-505,53,Govt Office 53,263,239,0,502,47.61,50,10.0,225,149,3,416,P1,76,54.1,35.8,247,109,395,P1,False,B,3,,0,212,
Nadia,505,Nadia-505,54,Madrasa 54,304,290,0,594,48.82,63,10.6,297,141,2,487,P1,156,61.0,29.0,279,137,474,P1,False,D,4,,0,250,
Nadia,505,Nadia-505,55,Club Building 55,362,330,0,692,47.69,72,10.4,267,180,7,588,P1,87,45.4,30.6,274,247,603,P1,False,D,4,,0,292,
Nadia,505,Nadia-505,56,Govt Office 56,353,335,1,689,48.62,51,7.4,332,160,8,571,P1,172,58.1,28.0,283,208,546,P1,False,B,3,,0,290,
Nadia,505,Nadia-505,57,Temple Hall 57,279,263,1,543,48.43,57,10.5,231,141,3,413,P1,90,55.9,34.1,233,132,426,P1,False,D,4,,0,229,
Nadia,505,Nadia-505,58,Health Sub-Centre 58,326,334,1,661,50.53,53,8.0,274,154,4,533,P1,120,51.4,28.9,325,174,555,P1,False,B,3,,0,279,
Nadia,505,Nadia-505,59,High School 59,418,385,0,803,47.95,77,9.6,369,218,4,652,P1,151,56.6,33.4,420,179,665,P1,False,B,3,,0,338,
Nadia,505,Nadia-505,60,Post Office 60,387,350,1,738,47.43,56,7.6,389,144,5,592,P1,245,65.7,24.3,373,150,581,P1,False,A,1,,0,311,
Nadia,505,Nadia-505,61,Anganwadi Centre 61,382,376,1,759,49.54,98,12.9,408,127,6,661,P1,281,61.7,19.2,339,214,625,P1,False,D,4,,0,320,
Nadia,505,Nadia-505,62,Govt Office 62,409,379,1,789,48.04,65,8.2,280,197,10,677,P1,83,41.4,29.1,372,189,623,P1,False,B,3,,0,332,
Nadia,505,Nadia-505,63,Temple Hall 63,330,313,1,644,48.6,48,7.5,227,217,4,495,P1,10,45.9,43.8,283,120,509,P1,False,B,3,,0,271,
Nadia,505,Nadia-505,64,Primary School 64,404,372,0,776,47.94,87,11.2,343,232,5,638,P1,111,53.8,36.4,364,221,649,P1,False,D,4,,0,327,
Nadia,505,Nadia-505,65,Temple Hall 65,375,364,0,739,49.26,63,8.5,394,156,5,611,P1,238,64.5,25.5,357,149,577,P1,False,B,3,,0,311,
Nadia,505,Nadia-505,66,Club Building 66,419,399,0,818,48.78,85,10.4,355,247,7,669,P1,108,53.1,36.9,445,155,678,P1,False,D,4,,0,345,
Nadia,505,Nadia-505,67,Anganwadi Centre 67,293,266,1,560,47.5,67,12.0,262,159,4,468,P1,103,56.0,34.0,228,164,436,P1,False,D,4,,0,236,
Nadia,505,Nadia-505,68,Primary School 68,379,377,1,757,49.8,67,8.9,337,196,5,592,P1,141,56.9,33.1,285,193,574,P1,False,B,3,,0,319,
Nadia,505,Nadia-505,69,Club Building 69,271,263,1,535,49.16,52,9.7,307,86,2,437,P1,221,70.3,19.7,233,154,430,P1,False,A,1,,0,225,
Nadia,505,Nadia-505,70,Club Building 70,412,377,1,790,47.72,97,12.3,332,252,3,649,P1,80,51.2,38.8,380,190,634,P1,False,D,4,,0,333,
Nadia,505,Nadia-505,71,Temple Hall 71,257,236,0,493,47.87,61,12.4,185,172,3,403,P1,13,45.9,42.7,226,146,413,P1,False,D,4,,0,208,
Nadia,505,Nadia-505,72,Primary School 72,256,229,0,485,47.22,55,11.3,244,113,5,397,P1,131,61.5,28.5,191,122,384,P1,False,D,4,,0,204,
Nadia,505,Nadia-505,73,Post Office 73,263,266,0,529,50.28,65,12.3,195,87,7,406,P1,82,48.0,21.4,202,101,438,P1,False,D,4,,0,223,
Nadia,505,Nadia-505,74,Market Building 74,318,325,0,643,50.54,83,12.9,386,97,2,537,P1,289,71.9,18.1,290,171,513,P1,False,D,4,,0,271,
Nadia,505,Nadia-505,75,Market Building 75,327,311,1,639,48.67,52,8.1,305,136,4,491,P1,169,62.1,27.7,344,146,545,P1,False,B,3,,0,269,
Nadia,505,Nadia-505,76,High School 76,345,342,0,687,49.78,79,11.5,290,135,8,539,P1,155,53.8,25.0,337,200,596,P1,False,D,4,,0,289,
Nadia,505,Nadia-505,77,Madrasa 77,325,297,1,623,47.67,71,11.4,201,183,6,473,P1,18,42.5,38.7,250,190,495,P1,False,D,4,,0,262,
Nadia,505,Nadia-505,78,Health Sub-Centre 78,363,333,1,697,47.78,79,11.3,290,220,3,566,P1,70,51.2,38.9,260,121,533,P1,False,D,4,,0,294,
Nadia,505,Nadia-505,79,Madrasa 79,416,386,1,803,48.07,69,8.6,340,241,3,646,P1,99,52.6,37.3,396,153,611,P1,False,B,3,,0,338,
Nadia,505,Nadia-505,80,Panchayat Bhavan 80,241,247,0,488,50.61,42,8.6,199,123,7,384,P1,76,51.8,32.0,218,126,385,P1,False,B,3,,0,206,
Nadia,505,Nadia-505,81,Primary School 81,337,316,1,654,48.32,65,9.9,251,193,6,542,P1,58,46.3,35.6,322,124,495,P1,False,B,3,,0,276,
Nadia,505,Nadia-505,82,Anganwadi Centre 82,291,261,1,553,47.2,71,12.8,212,67,5,422,P1,78,50.2,15.9,244,179,470,P1,False,D,4,,0,233,
Nadia,505,Nadia-505,83,Post Office 83,320,301,1,622,48.39,79,12.7,289,147,5,484,P1,142,59.7,30.4,309,153,513,P1,False,D,4,,0,262,
Nadia,505,Nadia-505,84,Post Office 84,371,353,1,725,48.69,77,10.6,417,116,2,592,P1,301,70.4,19.6,259,171,553,P1,False,D,4,,0,305,
Nadia,505,Nadia-505,85,Madrasa 85,302,273,0,575,47.48,53,9.2,237,152,6,467,P1,85,50.7,32.5,322,111,482,P1,False,B,3,,0,242,
Nadia,505,Nadia-505,86,Panchayat Bhavan 86,278,274,0,552,49.64,65,11.8,253,94,8,430,P1,159,58.8,21.9,258,156,460,P1,False,D,4,,0,233,
Nadia,505,Nadia-505,87,Club Building 87,356,361,0,717,50.35,89,12.4,331,218,4,622,P1,113,53.2,35.0,346,160,619,P1,False,D,4,,0,302,
Nadia,505,Nadia-505,88,Govt Office 88,386,372,1,759,49.01,94,12.4,358,212,3,633,P1,146,56.6,33.5,361,234,661,P1,False,D,4,,0,320,
Nadia,505,Nadia-505,89,Madrasa 89,321,302,0,623,48.48,53,8.5,267,174,6,495,P1,93,53.9,35.2,311,143,539,P1,False,B,3,,0,262,
Nadia,505,Nadia-505,90,Club Building 90,365,357,0,722,49.45,87,12.0,387,151,5,598,P1,236,64.7,25.3,270,148,609,P1,False,D,4,,0,304,
Nadia,505,Nadia-505,91,Primary School 91,391,403,0,794,50.76,58,7.3,351,214,3,628,P1,137,55.9,34.1,316,228,610,P1,False,B,3,,0,335,
Nadia,505,Nadia-505,92,Community Hall 92,274,259,0,533,48.59,49,9.2,176,116,17,436,P1,53,40.4,26.6,282,93,421,P1,False,B,3,,0,225,
Nadia,505,Nadia-505,93,Govt Office 93,352,348,0,700,49.71,86,12.3,309,176,3,539,P1,133,57.3,32.7,355,159,571,P1,False,D,4,,0,295,
Nadia,505,Nadia-505,94,High School 94,258,245,0,503,48.71,38,7.6,229,111,4,418,P1,118,54.8,26.6,230,85,387,P1,False,B,3,,0,212,
Nadia,505,Nadia-505,95,Post Office 95,358,369,0,727,50.76,85,11.7,311,212,6,605,P1,99,51.4,35.0,337,214,612,P1,False,D,4,,0,306,
Nadia,505,Nadia-505,96,Primary School 96,327,315,1,643,48.99,49,7.6,329,147,5,529,P1,182,62.2,27.8,251,149,491,P1,False,B,3,,0,271,
Nadia,505,Nadia-505,97,Post Office 97,266,242,0,508,47.64,43,8.5,240,111,4,390,P1,129,61.5,28.5,206,145,424,P1,False,B,3,,0,214,
Nadia,505,Nadia-505,98,Anganwadi Centre 98,269,243,0,512,47.46,67,13.1,185,151,7,434,P1,34,42.6,34.8,207,150,401,P1,False,D,4,,0,216,
Nadia,505,Nadia-505,99,Govt Office 99,296,297,0,593,50.08,52,8.8,212,104,14,454,P1,93,46.7,22.9,241,151,458,P1,False,B,3,,0,250,
Nadia,505,Nadia-505,100,Govt Office 100,330,323,1,654,49.39,54,8.3,303,139,3,534,P1,164,56.7,26.0,355,106,512,P1,False,B,3,,0,276,
Nadia,505,Nadia-505,101,High School 101,258,266,1,525,50.67,62,11.8,254,124,4,420,P1,130,60.5,29.5,245,89,414,P1,False,D,4,,0,221,
Nadia,505,Nadia-505,102,Madrasa 102,391,396,0,787,50.32,80,10.2,343,209,10,663,P1,134,51.7,31.5,382,185,631,P1,False,D,4,,0,332,
Nadia,505,Nadia-505,103,Health Sub-Centre 103,316,292,0,608,48.03,75,12.3,212,156,4,504,P1,56,42.1,31.0,260,170,489,P1,False,D,4,,0,256,
Nadia,505,Nadia-505,104,Temple Hall 104,269,267,1,537,49.72,41,7.6,224,135,6,444,P1,89,50.5,30.4,282,117,443,P1,False,B,3,,0,226,
Nadia,505,Nadia-505,105,Primary School 105,319,288,0,607,47.45,53,8.7,302,169,4,523,P1,133,57.7,32.3,282,169,501,P1,False,B,3,,0,256,
Nadia,505,Nadia-505,106,Market Building 106,269,265,0,534,49.63,52,9.7,230,119,3,419,P1,111,54.9,28.4,311,88,443,P1,False,B,3,,0,225,
Nadia,505,Nadia-505,107,Panchayat Bhavan 107,354,358,0,712,50.28,86,12.1,368,171,6,599,P1,197,61.4,28.5,339,205,604,P1,False,D,4,,0,300,
Nadia,505,Nadia-505,108,Primary School 108,316,286,0,602,47.51,64,10.6,246,140,5,462,P1,106,53.2,30.3,322,119,490,P1,False,D,4,,0,254,
Nadia,505,Nadia-505,109,Community Hall 109,320,300,1,621,48.31,79,12.7,232,208,6,489,P1,24,47.4,42.5,241,134,476,P1,False,D,4,,0,262,
Nadia,505,Nadia-505,110,Club Building 110,281,279,0,560,49.82,60,10.7,301,140,2,490,P1,161,61.4,28.6,226,147,431,P1,False,D,4,,0,236,
Nadia,505,Nadia-505,111,Post Office 111,357,326,1,684,47.66,84,12.3,325,122,13,566,P1,203,57.4,21.6,293,186,593,P1,False,D,4,,0,288,
Nadia,505,Nadia-505,112,Market Building 112,391,377,0,768,49.09,63,8.2,352,149,6,596,P1,203,59.1,25.0,302,200,626,P1,False,B,3,,0,324,
Nadia,505,Nadia-505,113,High School 113,267,271,0,538,50.37,53,9.9,247,162,5,457,P1,85,54.0,35.4,245,150,444,P1,False,B,3,,0,227,
Nadia,505,Nadia-505,114,Panchayat Bhavan 114,253,257,0,510,50.39,61,12.0,232,122,2,394,P1,110,58.9,31.0,228,125,392,P1,False,D,4,,0,215,
Nadia,505,Nadia-505,115,Primary School 115,240,244,1,485,50.31,41,8.5,212,129,3,379,P1,83,55.9,34.0,215,138,392,P1,False,B,3,,0,204,
Nadia,505,Nadia-505,116,High School 116,336,320,0,656,48.78,60,9.1,293,158,5,501,P1,135,58.5,31.5,287,218,562,P1,False,B,3,,0,276,
Nadia,505,Nadia-505,117,Post Office 117,320,314,1,635,49.45,59,9.3,225,126,13,497,P1,97,45.3,25.4,347,95,491,P1,False,B,3,,0,268,
Nadia,505,Nadia-505,118,Govt Office 118,347,333,0,680,48.97,49,7.2,336,131,2,519,P1,205,64.7,25.2,271,210,574,P1,False,B,3,,0,287,
Nadia,505,Nadia-505,119,Govt Office 119,367,356,0,723,49.24,91,12.6,357,165,9,610,P1,192,58.5,27.0,430,135,628,P1,False,D,4,,0,305,
Nadia,505,Nadia-505,120,Community Hall 120,406,384,1,791,48.55,69,8.7,371,227,3,686,P1,144,54.1,33.1,264,248,614,P1,False,B,3,,0,333,
Nadia,505,Nadia-505,121,Health Sub-Centre 121,380,372,1,753,49.4,61,8.1,361,168,3,600,P1,193,60.2,28.0,330,198,587,P1,False,B,3,,0,317,
Nadia,505,Nadia-505,122,Madrasa 122,369,358,1,728,49.18,88,12.1,341,196,3,597,P1,145,57.1,32.8,301,182,620,P1,False,D,4,,0,307,
Nadia,505,Nadia-505,123,Post Office 123,344,345,0,689,50.07,55,8.0,260,250,8,579,P1,10,44.9,43.2,242,218,529,P1,False,B,3,,0,290,
Nadia,505,Nadia-505,124,Club Building 124,298,296,1,595,49.75,43,7.2,307,106,3,459,P1,201,66.9,23.1,265,158,470,P1,False,A,1,,0,251,
Nadia,505,Nadia-505,125,Health Sub-Centre 125,383,389,1,773,50.32,82,10.6,352,178,8,624,P1,174,56.4,28.5,373,206,653,P1,False,D,4,,0,326,
Nadia,505,Nadia-505,126,Club Building 126,277,274,1,552,49.64,54,9.8,241,163,3,449,P1,78,53.7,36.3,228,118,425,P1,False,B,3,,0,233,
Nadia,505,Nadia-505,127,Temple Hall 127,275,267,0,542,49.26,48,8.9,315,110,3,472,P1,205,66.7,23.3,260,148,454,P1,False,A,1,,0,228,
Nadia,505,Nadia-505,128,Govt Office 128,406,395,0,801,49.31,75,9.4,349,269,5,686,P1,80,50.9,39.2,274,176,633,P1,False,B,3,,0,337,
Nadia,505,Nadia-505,129,Panchayat Bhavan 129,412,398,1,811,49.08,72,8.9,334,249,3,690,P1,85,48.4,36.1,368,236,671,P1,False,B,3,,0,342,
Nadia,505,Nadia-505,130,Temple Hall 130,312,305,1,618,49.35,78,12.6,273,182,3,539,P1,91,50.6,33.8,208,162,525,P1,False,D,4,,0,260,
Nadia,505,Nadia-505,131,Madrasa 131,386,382,0,768,49.74,72,9.4,373,175,6,643,P1,198,58.0,27.2,353,211,626,P1,False,B,3,,0,324,
Nadia,505,Nadia-505,132,Community Hall 132,293,289,0,582,49.66,43,7.4,257,124,8,475,P1,133,54.1,26.1,211,169,453,P1,False,B,3,,0,245,
Nadia,505,Nadia-505,133,Community Hall 133,370,380,1,751,50.6,66,8.8,329,190,4,576,P1,139,57.1,33.0,309,149,647,P1,False,B,3,,0,316,
Nadia,505,Nadia-505,134,Health Sub-Centre 134,393,358,1,752,47.61,63,8.4,338,175,5,582,P1,163,58.1,30.1,389,169,645,P1,False,B,3,,0,317,
Nadia,505,Nadia-505,135,Madrasa 135,373,364,0,737,49.39,68,9.2,328,204,5,591,P1,124,55.5,34.5,377,199,640,P1,False,B,3,,0,311,
Nadia,505,Nadia-505,136,Post Office 136,411,402,0,813,49.45,64,7.9,383,140,6,642,P1,243,59.7,21.8,359,197,618,P1,False,B,3,,0,343,
Nadia,505,Nadia-505,137,Market Building 137,290,286,1,577,49.57,44,7.6,319,121,2,494,P1,198,64.6,24.5,233,186,479,P1,False,B,3,,0,243,
Nadia,505,Nadia-505,138,Madrasa 138,354,332,0,686,48.4,84,12.2,302,192,6,548,P1,110,55.1,35.0,346,122,520,P1,False,D,4,,0,289,
Nadia,505,Nadia-505,139,Post Office 139,304,285,0,589,48.39,59,10.0,276,177,3,506,P1,99,54.5,35.0,319,123,491,P1,False,B,3,,0,248,
Nadia,505,Nadia-505,140,Health Sub-Centre 140,292,288,0,580,49.66,61,10.5,315,106,3,467,P1,209,67.5,22.7,279,148,475,P1,False,D,4,,0,244,
Nadia,505,Nadia-505,141,High School 141,359,368,0,727,50.62,51,7.0,324,152,4,562,P1,172,57.7,27.0,326,125,584,P1,False,B,3,,0,306,
Nadia,505,Nadia-505,142,Govt Office 142,416,400,1,817,48.96,99,12.1,356,230,5,651,P1,126,54.7,35.3,388,177,627,P1,False,D,4,,0,344,
Nadia,505,Nadia-505,143,Health Sub-Centre 143,241,242,0,483,50.1,53,11.0,212,134,4,385,P1,78,55.1,34.8,225,106,387,P1,False,D,4,,0,204,
Nadia,505,Nadia-505,144,Temple Hall 144,377,342,1,720,47.5,63,8.8,307,152,4,547,P1,155,56.1,27.8,343,213,618,P1,False,B,3,,0,303,
Nadia,505,Nadia-505,145,Panchayat Bhavan 145,300,285,1,586,48.63,66,11.3,271,133,3,449,P1,138,60.4,29.6,204,130,448,P1,False,D,4,,0,247,
Nadia,505,Nadia-505,146,Anganwadi Centre 146,382,379,1,762,49.74,76,10.0,377,218,6,661,P1,159,57.0,33.0,316,250,648,P1,False,B,3,,0,321,
Nadia,505,Nadia-505,147,Govt Office 147,315,303,0,618,49.03,73,11.8,359,109,5,520,P1,250,69.0,21.0,248,122,474,P1,False,D,4,,0,260,
Nadia,505,Nadia-505,148,Post Office 148,320,314,0,634,49.53,47,7.4,252,239,6,545,P1,13,46.2,43.9,335,97,480,P1,False,B,3,,0,267,
Nadia,505,Nadia-505,149,Community Hall 149,258,243,0,501,48.5,57,11.4,221,110,4,399,P1,111,55.4,27.6,237,129,406,P1,False,D,4,,0,211,
Nadia,505,Nadia-505,150,High School 150,397,408,0,805,50.68,77,9.6,307,151,13,631,P1,153,48.7,23.9,343,209,613,P1,False,B,3,,0,339,
Nadia,505,Nadia-505,151,Madrasa 151,390,365,1,756,48.28,88,11.6,291,197,16,650,P1,94,44.8,30.3,369,184,648,P1,False,D,4,,0,319,
Nadia,505,Nadia-505,152,High School 152,337,336,1,674,49.85,63,9.3,303,141,11,532,P1,162,57.0,26.5,340,178,575,P1,False,B,3,,0,284,
Nadia,505,Nadia-505,153,Govt Office 153,252,246,1,499,49.3,36,7.2,202,161,6,416,P1,41,48.6,38.7,252,130,424,P1,False,B,3,,0,210,
Nadia,505,Nadia-505,154,Health Sub-Centre 154,304,286,0,590,48.47,66,11.2,293,125,1,464,P1,168,63.1,26.9,287,175,514,P1,False,D,4,,0,249,
Nadia,505,Nadia-505,155,Anganwadi Centre 155,277,261,1,539,48.42,47,8.7,236,128,3,465,P1,108,50.8,27.5,220,111,411,P1,False,B,3,,0,227,
Nadia,505,Nadia-505,156,High School 156,375,366,0,741,49.39,95,12.8,356,181,7,596,P1,175,59.7,30.4,390,168,620,P1,False,D,4,,0,312,
Nadia,505,Nadia-505,157,Market Building 157,376,345,0,721,47.85,67,9.3,354,150,3,560,P1,204,63.2,26.8,357,190,608,P1,False,B,3,,0,304,
Nadia,505,Nadia-505,158,Govt Office 158,314,311,1,626,49.68,73,11.7,259,142,10,483,P1,117,53.6,29.4,331,149,534,P1,False,D,4,,0,264,
Nadia,505,Nadia-505,159,Health Sub-Centre 159,371,347,0,718,48.33,90,12.5,302,187,9,623,P1,115,48.5,30.0,281,199,622,P1,False,D,4,,0,303,
Nadia,505,Nadia-505,160,Club Building 160,373,385,1,759,50.72,70,9.2,301,226,3,620,P1,75,48.5,36.5,352,172,596,P1,False,B,3,,0,320,
Nadia,505,Nadia-505,161,Club Building 161,379,389,0,768,50.65,71,9.2,288,219,4,592,P1,69,48.6,37.0,344,203,608,P1,False,B,3,,0,324,
Nadia,505,Nadia-505,162,Primary School 162,267,275,0,542,50.74,46,8.5,197,147,5,441,P1,50,44.7,33.3,276,133,455,P1,False,B,3,,0,228,
Nadia,505,Nadia-505,163,Panchayat Bhavan 163,399,393,1,793,49.56,76,9.6,353,245,8,689,P1,108,51.2,35.6,371,190,667,P1,False,B,3,,0,334,
Nadia,506,Nadia-506,1,Post Office 1,269,251,0,520,48.27,104,20.0,268,103,2,413,P1,165,64.9,24.9,188,132,395,P1,False,D,4,,0,219,
Nadia,506,Nadia-506,2,Anganwadi Centre 2,328,320,0,648,49.38,127,19.6,304,153,4,531,P1,151,57.3,28.8,285,166,536,P1,False,D,4,,0,273,
Nadia,506,Nadia-506,3,Madrasa 3,350,318,1,669,47.53,122,18.2,276,189,3,534,P1,87,51.7,35.4,302,119,568,P1,False,D,4,,0,282,
Nadia,506,Nadia-506,4,Health Sub-Centre 4,276,252,1,529,47.64,89,16.8,209,145,3,425,P1,64,49.2,34.1,288,104,452,P1,False,D,4,,0,223,
Nadia,506,Nadia-506,5,Temple Hall 5,398,398,0,796,50.0,150,18.8,333,224,6,619,P1,109,53.8,36.2,354,243,663,P1,False,D,4,,0,335,
Nadia,506,Nadia-506,6,Primary School 6,301,295,0,596,49.5,72,12.1,253,164,7,495,P1,89,51.1,33.1,332,118,499,P1,False,D,4,,0,251,
Nadia,506,Nadia-506,7,Primary School 7,398,387,0,785,49.3,97,12.4,319,185,5,595,P1,134,53.6,31.1,323,183,600,P1,False,D,4,,0,331,
Nadia,506,Nadia-506,8,Market Building 8,391,360,0,751,47.94,119,15.8,487,79,7,628,P1,408,77.5,12.6,378,185,625,P1,False,D,4,,0,316,
Nadia,506,Nadia-506,9,Temple Hall 9,283,274,0,557,49.19,104,18.7,274,150,5,471,P1,124,58.2,31.8,265,148,486,P1,False,D,4,,0,235,
Nadia,506,Nadia-506,10,High School 10,360,347,1,708,49.01,87,12.3,333,177,3,567,P1,156,58.7,31.2,303,172,580,P1,False,D,4,,0,298,
Nadia,506,Nadia-506,11,Market Building 11,294,275,0,569,48.33,73,12.8,163,175,16,488,P2,12,33.4,35.9,209,163,437,P1,True,D,4,,0,240,
Nadia,506,Nadia-506,12,Post Office 12,406,380,1,787,48.28,89,11.3,348,216,7,626,P1,132,55.6,34.5,381,232,685,P1,False,D,4,,0,332,
Nadia,506,Nadia-506,13,Anganwadi Centre 13,333,310,1,644,48.14,76,11.8,327,143,3,523,P1,184,62.5,27.3,280,126,504,P1,False,D,4,,0,271,
Nadia,506,Nadia-506,14,Club Building 14,360,329,0,689,47.75,120,17.4,291,146,8,522,P1,145,55.7,28.0,318,161,533,P1,False,D,4,,0,290,
Nadia,506,Nadia-506,15,Govt Office 15,257,253,1,511,49.51,84,16.4,209,190,4,444,P1,19,47.1,42.8,232,130,403,P1,False,D,4,,0,215,
Nadia,506,Nadia-506,16,Temple Hall 16,331,309,0,640,48.28,119,18.6,371,113,4,538,P1,258,69.0,21.0,262,120,487,P1,False,D,4,,0,270,
Nadia,506,Nadia-506,17,Madrasa 17,379,359,0,738,48.64,91,12.3,335,175,3,567,P1,160,59.1,30.9,367,190,619,P1,False,D,4,,0,311,
Nadia,506,Nadia-506,18,Madrasa 18,367,368,0,735,50.07,89,12.1,391,183,5,638,P1,208,61.3,28.7,372,196,631,P1,False,D,4,,0,310,
Nadia,506,Nadia-506,19,Anganwadi Centre 19,398,407,1,806,50.5,124,15.4,263,223,22,688,P1,40,38.2,32.4,379,188,630,P1,False,D,4,,0,340,
Nadia,506,Nadia-506,20,Community Hall 20,352,356,0,708,50.28,81,11.4,273,129,15,558,P1,138,48.9,23.1,270,164,546,P1,False,D,4,,0,298,
Nadia,506,Nadia-506,21,Govt Office 21,309,298,0,607,49.09,96,15.8,272,133,5,503,P1,139,54.1,26.4,303,151,523,P1,False,D,4,,0,256,
Nadia,506,Nadia-506,22,Club Building 22,265,242,0,507,47.73,61,12.0,195,120,6,385,P1,75,50.6,31.2,214,176,433,P1,False,D,4,,0,214,
Nadia,506,Nadia-506,23,Govt Office 23,270,263,0,533,49.34,73,13.7,236,149,5,428,P1,87,55.1,34.8,225,153,432,P1,False,D,4,,0,225,
Nadia,506,Nadia-506,24,Anganwadi Centre 24,362,336,1,699,48.07,116,16.6,337,167,3,561,P1,170,60.1,29.8,348,176,582,P1,False,D,4,,0,295,
Nadia,506,Nadia-506,25,Govt Office 25,350,329,1,680,48.38,113,16.6,279,192,2,524,P1,87,53.2,36.6,258,207,553,P1,False,D,4,,0,287,
Nadia,506,Nadia-506,26,High School 26,350,342,0,692,49.42,136,19.7,327,146,11,584,P1,181,56.0,25.0,377,163,601,P1,False,D,4,,0,292,
Nadia,506,Nadia-506,27,Temple Hall 27,302,291,1,594,48.99,70,11.8,225,198,4,481,P1,27,46.8,41.2,286,77,450,P1,False,D,4,,0,250,
Nadia,506,Nadia-506,28,Market Building 28,267,255,1,523,48.76,62,11.9,277,126,3,448,P1,151,61.8,28.1,243,129,413,P1,False,D,4,,0,220,
Nadia,506,Nadia-506,29,Health Sub-Centre 29,307,289,0,596,48.49,123,20.6,291,139,3,503,P1,152,57.9,27.6,237,172,455,P1,False,D,4,,0,251,
Nadia,506,Nadia-506,30,Health Sub-Centre 30,340,308,0,648,47.53,117,18.1,344,153,6,552,P1,191,62.3,27.7,290,145,495,P1,False,D,4,,0,273,
Nadia,506,Nadia-506,31,Anganwadi Centre 31,283,288,0,571,50.44,103,18.0,244,158,2,447,P1,86,54.6,35.3,323,107,478,P1,False,D,4,,0,241,
Nadia,506,Nadia-506,32,Post Office 32,321,296,0,617,47.97,74,12.0,266,164,4,489,P1,102,54.4,33.5,303,154,507,P1,False,D,4,,0,260,
Nadia,506,Nadia-506,33,Madrasa 33,363,356,0,719,49.51,148,20.6,322,128,4,545,P1,194,59.1,23.5,331,166,571,P1,False,D,4,,0,303,
Nadia,506,Nadia-506,34,Madrasa 34,300,305,0,605,50.41,125,20.7,272,162,10,517,P1,110,52.6,31.3,284,154,487,P1,False,D,4,,0,255,
Nadia,506,Nadia-506,35,Madrasa 35,414,392,0,806,48.64,162,20.1,373,221,2,660,P1,152,56.5,33.5,312,237,683,P1,False,D,4,,0,340,
Nadia,506,Nadia-506,36,Health Sub-Centre 36,378,376,0,754,49.87,100,13.3,404,132,5,596,P1,272,67.8,22.1,387,182,632,P1,False,D,4,,0,318,
Nadia,506,Nadia-506,37,Health Sub-Centre 37,314,282,0,596,47.32,112,18.8,258,172,8,516,P1,86,50.0,33.3,295,159,509,P1,False,D,4,,0,251,
Nadia,506,Nadia-506,38,Panchayat Bhavan 38,243,247,1,491,50.31,65,13.2,187,144,2,381,P1,43,49.1,37.8,163,170,379,P2,True,D,4,,0,207,
Nadia,506,Nadia-506,39,Primary School 39,295,267,0,562,47.51,68,12.1,189,169,12,470,P1,20,40.2,36.0,212,129,445,P1,False,D,4,,0,237,
Nadia,506,Nadia-506,40,Club Building 40,360,345,0,705,48.94,123,17.4,324,120,4,572,P1,204,56.6,21.0,311,155,590,P1,False,D,4,,0,297,
Nadia,506,Nadia-506,41,Market Building 41,327,297,0,624,47.6,87,13.9,289,149,2,487,P1,140,59.3,30.6,230,139,499,P1,False,D,4,,0,263,
Nadia,506,Nadia-506,42,Club Building 42,344,315,1,660,47.73,83,12.6,256,170,8,532,P1,86,48.1,32.0,316,183,554,P1,False,D,4,,0,278,
Nadia,506,Nadia-506,43,Post Office 43,274,272,1,547,49.73,65,11.9,189,148,5,442,P1,41,42.8,33.5,226,182,456,P1,False,D,4,,0,230,
Nadia,506,Nadia-506,44,Market Building 44,284,277,0,561,49.38,80,14.3,251,131,5,440,P1,120,57.0,29.8,239,145,426,P1,False,D,4,,0,236,
Nadia,506,Nadia-506,45,Market Building 45,321,309,0,630,49.05,96,15.2,274,158,4,480,P1,116,57.1,32.9,334,150,538,P1,False,D,4,,0,265,
Nadia,506,Nadia-506,46,Govt Office 46,359,370,0,729,50.75,117,16.0,272,218,4,608,P1,54,44.7,35.9,329,175,560,P1,False,D,4,,0,307,
Nadia,506,Nadia-506,47,Community Hall 47,254,257,1,512,50.2,81,15.8,236,153,4,438,P1,83,53.9,34.9,227,172,443,P1,False,D,4,,0,216,
Nadia,506,Nadia-506,48,High School 48,410,394,0,804,49.0,117,14.6,413,200,6,682,P1,213,60.6,29.3,355,219,637,P1,False,D,4,,0,339,
Nadia,506,Nadia-506,49,Primary School 49,394,400,1,795,50.31,151,19.0,406,156,3,663,P1,250,61.2,23.5,269,165,645,P1,False,D,4,,0,335,
Nadia,506,Nadia-506,50,Health Sub-Centre 50,270,256,1,527,48.58,77,14.6,222,109,8,413,P1,113,53.8,26.4,187,121,405,P1,False,D,4,,0,222,
Nadia,506,Nadia-506,51,Temple Hall 51,264,245,0,509,48.13,67,13.2,207,137,6,415,P1,70,49.9,33.0,278,112,434,P1,False,D,4,,0,214,
Nadia,506,Nadia-506,52,Madrasa 52,417,382,0,799,47.81,147,18.4,398,213,5,679,P1,185,58.6,31.4,268,159,620,P1,False,D,4,,0,337,
Nadia,506,Nadia-506,53,High School 53,269,276,1,546,50.55,101,18.5,207,114,11,431,P1,93,48.0,26.5,231,172,461,P1,False,D,4,,0,230,
Nadia,506,Nadia-506,54,Madrasa 54,351,332,0,683,48.61,84,12.3,315,201,4,573,P1,114,55.0,35.1,283,167,557,P1,False,D,4,,0,288,
Nadia,506,Nadia-506,55,Anganwadi Centre 55,297,306,0,603,50.75,116,19.2,245,154,8,476,P1,91,51.5,32.4,268,155,470,P1,False,D,4,,0,254,
Nadia,506,Nadia-506,56,Temple Hall 56,246,236,0,482,48.96,90,18.7,251,83,3,372,P1,168,67.5,22.3,187,119,391,P1,False,D,4,,0,203,
Nadia,506,Nadia-506,57,Madrasa 57,359,370,1,730,50.68,107,14.7,273,182,12,572,P1,91,47.7,31.8,301,242,603,P1,False,D,4,,0,308,
Nadia,506,Nadia-506,58,Club Building 58,295,268,1,564,47.52,86,15.2,340,102,4,492,P1,238,69.1,20.7,294,105,452,P1,False,D,4,,0,238,
Nadia,506,Nadia-506,59,Community Hall 59,372,357,0,729,48.97,122,16.7,423,146,4,633,P1,277,66.8,23.1,341,159,555,P1,False,D,4,,0,307,
Nadia,506,Nadia-506,60,Market Building 60,305,283,1,589,48.05,117,19.9,281,176,3,508,P1,105,55.3,34.6,264,148,484,P1,False,D,4,,0,248,
Nadia,506,Nadia-506,61,Panchayat Bhavan 61,375,358,0,733,48.84,144,19.6,360,211,4,635,P1,149,56.7,33.2,321,161,603,P1,False,D,4,,0,309,
Nadia,506,Nadia-506,62,High School 62,405,393,1,799,49.19,91,11.4,365,222,5,652,P1,143,56.0,34.0,288,222,673,P1,False,D,4,,0,337,
Nadia,506,Nadia-506,63,High School 63,345,313,1,659,47.5,129,19.6,287,163,5,500,P1,124,57.4,32.6,287,189,553,P1,False,D,4,,0,278,
Nadia,506,Nadia-506,64,Govt Office 64,308,282,1,591,47.72,119,20.1,319,142,4,513,P1,177,62.2,27.7,308,122,478,P1,False,D,4,,0,249,
Nadia,506,Nadia-506,65,Club Building 65,273,276,0,549,50.27,100,18.2,255,125,3,475,P1,130,53.7,26.3,188,124,438,P1,False,D,4,,0,231,
Nadia,506,Nadia-506,66,Madrasa 66,387,368,0,755,48.74,132,17.5,366,196,4,625,P1,170,58.6,31.4,320,137,620,P1,False,D,4,,0,318,
Nadia,506,Nadia-506,67,Primary School 67,342,317,1,660,48.03,131,19.8,305,185,5,545,P1,120,56.0,33.9,270,94,525,P1,False,D,4,,0,278,
Nadia,506,Nadia-506,68,High School 68,243,239,0,482,49.59,56,11.6,255,118,2,414,P1,137,61.6,28.5,200,110,370,P1,False,D,4,,0,203,
Nadia,506,Nadia-506,69,Govt Office 69,401,368,1,770,47.79,99,12.9,308,260,3,632,P1,48,48.7,41.1,357,204,623,P1,False,D,4,,0,324,
Nadia,506,Nadia-506,70,Anganwadi Centre 70,352,359,0,711,50.49,131,18.4,333,190,2,582,P1,143,57.2,32.6,402,158,622,P1,False,D,4,,0,300,
Nadia,506,Nadia-506,71,Madrasa 71,300,286,0,586,48.81,93,15.9,239,162,5,451,P1,77,53.0,35.9,241,162,489,P1,False,D,4,,0,247,
Nadia,506,Nadia-506,72,Madrasa 72,306,295,1,602,49.0,76,12.6,260,158,4,470,P1,102,55.3,33.6,275,138,458,P1,False,D,4,,0,254,
Nadia,506,Nadia-506,73,Community Hall 73,416,389,0,805,48.32,112,13.9,356,169,8,699,P1,187,50.9,24.2,477,141,686,P1,False,D,4,,0,339,
Nadia,506,Nadia-506,74,Market Building 74,395,406,0,801,50.69,166,20.7,346,208,6,615,P1,138,56.3,33.8,340,183,629,P1,False,D,4,,0,337,
Nadia,506,Nadia-506,75,Madrasa 75,329,325,1,655,49.62,133,20.3,295,165,5,511,P1,130,57.7,32.3,320,184,560,P1,False,D,4,,0,276,
Nadia,506,Nadia-506,76,Madrasa 76,339,345,1,685,50.36,122,17.8,336,189,3,584,P1,147,57.5,32.4,398,121,577,P1,False,D,4,,0,289,
Nadia,506,Nadia-506,77,Madrasa 77,244,237,1,482,49.17,59,12.2,202,131,2,370,P1,71,54.6,35.4,238,99,386,P1,False,D,4,,0,203,
Nadia,506,Nadia-506,78,Govt Office 78,402,394,0,796,49.5,127,16.0,290,222,14,645,P1,68,45.0,34.4,276,236,678,P1,False,D,4,,0,335,
Nadia,506,Nadia-506,79,Post Office 79,343,330,0,673,49.03,131,19.5,299,197,9,574,P1,102,52.1,34.3,238,221,511,P1,False,D,4,,0,284,
Nadia,506,Nadia-506,80,Panchayat Bhavan 80,319,289,0,608,47.53,82,13.5,246,179,7,515,P1,67,47.8,34.8,294,142,484,P1,False,D,4,,0,256,
Nadia,506,Nadia-506,81,Anganwadi Centre 81,241,249,1,491,50.71,73,14.9,213,153,4,406,P1,60,52.5,37.7,247,93,378,P1,False,D,4,,0,207,
Nadia,506,Nadia-506,82,Club Building 82,417,380,0,797,47.68,106,13.3,321,205,15,653,P1,116,49.2,31.4,255,237,648,P1,False,D,4,,0,336,
Nadia,506,Nadia-506,83,High School 83,268,277,0,545,50.83,90,16.5,267,142,5,455,P1,125,58.7,31.2,286,126,458,P1,False,D,4,,0,230,
Nadia,506,Nadia-506,84,Health Sub-Centre 84,336,317,0,653,48.55,92,14.1,295,122,7,516,P1,173,57.2,23.6,267,166,524,P1,False,D,4,,0,275,
Nadia,506,Nadia-506,85,Market Building 85,423,379,0,802,47.26,147,18.3,369,216,8,674,P1,153,54.7,32.0,367,196,627,P1,False,D,4,,0,338,
Nadia,506,Nadia-506,86,Health Sub-Centre 86,323,305,0,628,48.57,83,13.2,302,160,6,548,P1,142,55.1,29.2,274,176,535,P1,False,D,4,,0,265,
Nadia,506,Nadia-506,87,Panchayat Bhavan 87,368,352,0,720,48.89,109,15.1,387,163,2,611,P1,224,63.3,26.7,300,196,555,P1,False,D,4,,0,303,
Nadia,506,Nadia-506,88,Market Building 88,249,244,0,493,49.49,88,17.8,240,128,2,409,P1,112,58.7,31.3,207,123,407,P1,False,D,4,,0,208,
Nadia,506,Nadia-506,89,Madrasa 89,379,363,1,743,48.86,89,12.0,309,199,9,643,P1,110,48.1,30.9,313,223,628,P1,False,D,4,,0,313,
Nadia,506,Nadia-506,90,Health Sub-Centre 90,266,270,0,536,50.37,107,20.0,236,141,4,419,P1,95,56.3,33.7,224,165,433,P1,False,D,4,,0,226,
Nadia,506,Nadia-506,91,Post Office 91,304,298,1,603,49.42,72,11.9,262,199,2,512,P1,63,51.2,38.9,303,136,522,P1,False,D,4,,0,254,
Nadia,506,Nadia-506,92,Post Office 92,378,345,0,723,47.72,118,16.3,312,194,10,601,P1,118,51.9,32.3,332,162,551,P1,False,D,4,,0,305,
Nadia,506,Nadia-506,93,Govt Office 93,367,340,0,707,48.09,115,16.3,404,120,5,582,P1,284,69.4,20.6,355,130,538,P1,False,D,4,,0,298,
Nadia,506,Nadia-506,94,Post Office 94,272,263,1,536,49.07,61,11.4,216,130,6,427,P1,86,50.6,30.4,258,108,424,P1,False,D,4,,0,226,
Nadia,506,Nadia-506,95,Health Sub-Centre 95,352,322,0,674,47.77,110,16.3,242,152,17,547,P1,90,44.2,27.8,328,140,520,P1,False,D,4,,0,284,
Nadia,506,Nadia-506,96,Post Office 96,345,357,1,703,50.78,97,13.8,322,205,5,588,P1,117,54.8,34.9,375,177,613,P1,False,D,4,,0,296,
Nadia,506,Nadia-506,97,Community Hall 97,248,236,0,484,48.76,64,13.2,179,153,4,402,P1,26,44.5,38.1,202,154,395,P1,False,D,4,,0,204,
Nadia,506,Nadia-506,98,Market Building 98,378,387,1,766,50.52,155,20.2,372,190,12,666,P1,182,55.9,28.5,261,240,593,P1,False,D,4,,0,323,
Nadia,506,Nadia-506,99,Club Building 99,307,305,1,613,49.76,124,20.2,295,135,3,523,P1,160,56.4,25.8,268,187,507,P1,False,D,4,,0,258,
Nadia,506,Nadia-506,100,Market Building 100,292,279,0,571,48.86,93,16.3,188,160,9,447,P1,28,42.1,35.8,227,176,462,P1,False,D,4,,0,241,
Nadia,506,Nadia-506,101,Govt Office 101,347,318,1,666,47.75,108,16.2,379,121,4,555,P1,258,68.3,21.8,289,153,527,P1,False,D,4,,0,281,
Nadia,506,Nadia-506,102,High School 102,296,282,1,579,48.7,82,14.2,266,161,4,474,P1,105,56.1,34.0,244,185,479,P1,False,D,4,,0,244,
Nadia,506,Nadia-506,103,Post Office 103,380,341,1,722,47.23,88,12.2,348,145,7,599,P1,203,58.1,24.2,369,198,630,P1,False,D,4,,0,304,
Nadia,506,Nadia-506,104,Anganwadi Centre 104,401,414,0,815,50.8,132,16.2,360,262,5,712,P1,98,50.6,36.8,375,222,663,P1,False,D,4,,0,343,
Nadia,506,Nadia-506,105,Panchayat Bhavan 105,343,345,1,689,50.07,140,20.3,383,152,5,594,P1,231,64.5,25.6,297,228,583,P1,False,D,4,,0,290,
Nadia,506,Nadia-506,106,High School 106,431,385,0,816,47.18,119,14.6,279,179,6,636,P1,100,43.9,28.1,301,267,631,P1,False,D,4,,0,344,
Nadia,506,Nadia-506,107,Primary School 107,358,320,0,678,47.2,96,14.2,296,199,5,550,P1,97,53.8,36.2,373,125,554,P1,False,D,4,,0,286,
Nadia,506,Nadia-506,108,Temple Hall 108,311,287,1,599,47.91,94,15.7,252,198,3,507,P1,54,49.7,39.1,241,172,459,P1,False,D,4,,0,252,
Nadia,506,Nadia-506,109,Club Building 109,426,384,1,811,47.35,154,19.0,399,224,7,692,P1,175,57.7,32.4,369,227,662,P1,False,D,4,,0,342,
Nadia,506,Nadia-506,110,Primary School 110,286,269,0,555,48.47,84,15.1,243,126,6,450,P1,117,54.0,28.0,304,129,481,P1,False,D,4,,0,234,
Nadia,506,Nadia-506,111,High School 111,419,384,1,804,47.76,107,13.3,398,216,6,682,P1,182,58.4,31.7,392,239,701,P1,False,D,4,,0,339,
Nadia,506,Nadia-506,112,Post Office 112,293,275,0,568,48.42,65,11.4,268,154,2,469,P1,114,57.1,32.8,189,127,461,P1,False,D,4,,0,239,
Nadia,506,Nadia-506,113,Anganwadi Centre 113,397,392,1,790,49.62,100,12.7,351,195,3,606,P1,156,57.9,32.2,325,182,619,P1,False,D,4,,0,333,
Nadia,506,Nadia-506,114,Community Hall 114,288,293,1,582,50.34,74,12.7,260,156,4,462,P1,104,56.3,33.8,321,117,487,P1,False,D,4,,0,245,
Nadia,506,Nadia-506,115,Primary School 115,407,378,1,786,48.09,153,19.5,401,158,2,622,P1,243,64.5,25.4,257,238,600,P1,False,D,4,,0,331,
Nadia,506,Nadia-506,116,Anganwadi Centre 116,255,265,1,521,50.86,102,19.6,233,142,7,456,P1,91,51.1,31.1,223,141,438,P1,False,D,4,,0,220,
Nadia,506,Nadia-506,117,Panchayat Bhavan 117,269,263,0,532,49.44,95,17.9,250,132,2,424,P1,118,59.0,31.1,243,139,457,P1,False,D,4,,0,224,
Nadia,506,Nadia-506,118,Health Sub-Centre 118,355,337,0,692,48.7,84,12.1,361,150,3,568,P1,211,63.6,26.4,352,180,591,P1,False,D,4,,0,292,
Nadia,506,Nadia-506,119,Temple Hall 119,257,256,1,514,49.81,99,19.3,243,118,2,421,P1,125,57.7,28.0,255,127,424,P1,False,D,4,,0,217,
Nadia,506,Nadia-506,120,Anganwadi Centre 120,312,297,1,610,48.69,124,20.3,238,143,11,494,P1,95,48.2,28.9,298,147,494,P1,False,D,4,,0,257,
Nadia,506,Nadia-506,121,Community Hall 121,378,370,0,748,49.47,134,17.9,340,133,16,651,P1,184,52.2,20.4,328,202,589,P1,False,D,4,,0,315,
Nadia,506,Nadia-506,122,Post Office 122,382,395,0,777,50.84,92,11.8,328,189,9,590,P1,139,55.6,32.0,332,172,634,P1,False,D,4,,0,327,
Nadia,506,Nadia-506,123,Health Sub-Centre 123,281,271,1,553,49.01,71,12.8,242,140,3,425,P1,102,56.9,32.9,238,93,433,P1,False,D,4,,0,233,
Nadia,506,Nadia-506,124,Primary School 124,371,380,0,751,50.6,111,14.8,306,191,12,619,P1,115,49.4,30.9,301,217,621,P1,False,D,4,,0,316,
Nadia,506,Nadia-506,125,Anganwadi Centre 125,299,279,1,579,48.19,112,19.3,220,143,6,445,P1,77,49.4,32.1,270,185,505,P1,False,D,4,,0,244,
Nadia,506,Nadia-506,126,Community Hall 126,371,339,1,711,47.68,103,14.5,291,152,7,566,P1,139,51.4,26.9,285,187,559,P1,False,D,4,,0,300,
Nadia,506,Nadia-506,127,Temple Hall 127,319,295,1,615,47.97,105,17.1,284,137,10,517,P1,147,54.9,26.5,231,153,483,P1,False,D,4,,0,259,
Nadia,506,Nadia-506,128,Community Hall 128,325,328,1,654,50.15,113,17.3,307,176,4,536,P1,131,57.3,32.8,264,196,536,P1,False,D,4,,0,276,
Nadia,506,Nadia-506,129,Anganwadi Centre 129,288,283,1,572,49.48,110,19.2,286,148,6,482,P1,138,59.3,30.7,279,119,442,P1,False,D,4,,0,241,
Nadia,506,Nadia-506,130,Health Sub-Centre 130,264,243,0,507,47.93,92,18.1,189,115,3,399,P1,74,47.4,28.8,226,135,401,P1,False,D,4,,0,214,
Nadia,506,Nadia-506,131,Panchayat Bhavan 131,324,304,1,629,48.33,71,11.3,327,122,3,499,P1,205,65.5,24.4,212,204,498,P1,False,D,4,,0,265,
Nadia,506,Nadia-506,132,Club Building 132,313,289,1,603,47.93,118,19.6,284,129,5,459,P1,155,61.9,28.1,275,173,509,P1,False,D,4,,0,254,
Nadia,506,Nadia-506,133,Club Building 133,258,234,1,493,47.46,95,19.3,233,110,2,387,P1,123,60.2,28.4,235,145,422,P1,False,D,4,,0,208,
Nadia,506,Nadia-506,134,Health Sub-Centre 134,285,287,1,573,50.09,118,20.6,273,145,8,490,P1,128,55.7,29.6,296,136,480,P1,False,D,4,,0,241,
Nadia,506,Nadia-506,135,Club Building 135,351,340,1,692,49.13,132,19.1,345,186,2,590,P1,159,58.5,31.5,314,226,600,P1,False,D,4,,0,292,
Nadia,506,Nadia-506,136,Madrasa 136,393,374,0,767,48.76,138,18.0,373,183,2,618,P1,190,60.4,29.6,441,149,655,P1,False,D,4,,0,323,
Nadia,506,Nadia-506,137,Panchayat Bhavan 137,289,264,1,554,47.65,79,14.3,304,110,4,481,P1,194,63.2,22.9,242,136,428,P1,False,D,4,,0,233,
Nadia,506,Nadia-506,138,Post Office 138,323,325,1,649,50.08,93,14.3,342,150,5,547,P1,192,62.5,27.4,294,155,499,P1,False,D,4,,0,273,
Nadia,506,Nadia-506,139,Club Building 139,369,349,1,719,48.54,102,14.2,377,111,3,575,P1,266,65.6,19.3,328,167,549,P1,False,D,4,,0,303,
Nadia,506,Nadia-506,140,High School 140,390,394,0,784,50.26,100,12.8,292,245,6,597,P1,47,48.9,41.0,311,206,629,P1,False,D,4,,0,330,
Nadia,506,Nadia-506,141,Post Office 141,403,365,1,769,47.46,100,13.0,394,183,6,659,P1,211,59.8,27.8,397,139,595,P1,False,D,4,,0,324,
Nadia,506,Nadia-506,142,High School 142,317,316,0,633,49.92,87,13.7,293,139,2,481,P1,154,60.9,28.9,347,147,549,P1,False,D,4,,0,267,
Nadia,506,Nadia-506,143,Temple Hall 143,308,278,0,586,47.44,77,13.1,245,131,7,471,P1,114,52.0,27.8,272,146,477,P1,False,D,4,,0,247,
Nadia,506,Nadia-506,144,Govt Office 144,408,373,1,782,47.7,132,16.9,342,235,7,642,P1,107,53.3,36.6,427,147,637,P1,False,D,4,,0,329,
Nadia,506,Nadia-506,145,Anganwadi Centre 145,274,280,0,554,50.54,76,13.7,335,97,4,480,P1,238,69.8,20.2,288,102,434,P1,False,D,4,,0,233,
Nadia,506,Nadia-506,146,Market Building 146,366,335,0,701,47.79,132,18.8,308,203,5,568,P1,105,54.2,35.7,296,208,602,P1,False,D,4,,0,295,
Nadia,506,Nadia-506,147,Health Sub-Centre 147,272,277,1,550,50.36,67,12.2,227,134,4,422,P1,93,53.8,31.8,270,157,474,P1,False,D,4,,0,232,
Nadia,506,Nadia-506,148,Govt Office 148,310,292,1,603,48.42,117,19.4,321,151,3,524,P1,170,61.3,28.8,268,150,464,P1,False,D,4,,0,254,
Nadia,506,Nadia-506,149,Primary School 149,327,305,1,633,48.18,113,17.9,349,140,6,543,P1,209,64.3,25.8,246,156,497,P1,False,D,4,,0,267,
Nadia,506,Nadia-506,150,Govt Office 150,347,349,0,696,50.14,80,11.5,258,123,12,534,P1,122,48.3,23.0,349,157,581,P1,False,D,4,,0,293,
Nadia,506,Nadia-506,151,Panchayat Bhavan 151,350,347,1,698,49.71,123,17.6,337,177,3,571,P1,160,59.0,31.0,295,139,541,P1,False,D,4,,0,294,
Nadia,506,Nadia-506,152,Club Building 152,386,385,1,772,49.87,121,15.7,359,179,4,598,P1,180,60.0,29.9,410,150,622,P1,False,D,4,,0,325,
Nadia,506,Nadia-506,153,Market Building 153,310,290,0,600,48.33,74,12.3,294,166,6,512,P1,128,57.4,32.4,275,97,485,P1,False,D,4,,0,253,
Nadia,506,Nadia-506,154,Community Hall 154,324,325,0,649,50.08,83,12.8,335,143,5,531,P1,192,63.1,26.9,305,171,529,P1,False,D,4,,0,273,
Nadia,506,Nadia-506,155,Panchayat Bhavan 155,261,264,1,526,50.19,78,14.8,220,120,7,417,P1,100,52.8,28.8,317,83,445,P1,False,D,4,,0,222,
Nadia,506,Nadia-506,156,Panchayat Bhavan 156,373,381,1,755,50.46,129,17.1,366,200,5,629,P1,166,58.2,31.8,396,198,660,P1,False,D,4,,0,318,
Nadia,506,Nadia-506,157,Health Sub-Centre 157,410,407,1,818,49.76,106,13.0,442,141,5,648,P1,301,68.2,21.8,396,175,686,P1,False,D,4,,0,345,
Nadia,506,Nadia-506,158,Panchayat Bhavan 158,411,379,0,790,47.97,98,12.4,334,203,7,632,P1,131,52.8,32.1,390,169,621,P1,False,D,4,,0,333,
Nadia,506,Nadia-506,159,Health Sub-Centre 159,410,404,0,814,49.63,102,12.5,350,214,9,683,P1,136,51.2,31.3,318,155,669,P1,False,D,4,,0,343,
Nadia,506,Nadia-506,160,Madrasa 160,319,321,0,640,50.16,95,14.8,300,169,4,522,P1,131,57.5,32.4,303,167,522,P1,False,D,4,,0,270,
Nadia,506,Nadia-506,161,Health Sub-Centre 161,421,382,0,803,47.57,105,13.1,370,195,7,628,P1,175,58.9,31.1,372,223,681,P1,False,D,4,,0,338,
Nadia,506,Nadia-506,162,Anganwadi Centre 162,330,326,0,656,49.7,76,11.6,329,100,4,497,P1,229,66.2,20.1,270,184,505,P1,False,D,4,,0,276,
Nadia,506,Nadia-506,163,Temple Hall 163,336,342,1,679,50.37,99,14.6,280,146,7,530,P1,134,52.8,27.5,291,200,582,P1,False,D,4,,0,286,
Nadia,506,Nadia-506,164,Panchayat Bhavan 164,394,388,0,782,49.62,114,14.6,312,210,6,643,P1,102,48.5,32.7,343,244,664,P1,False,D,4,,0,329,
Nadia,506,Nadia-506,165,Health Sub-Centre 165,373,358,0,731,48.97,93,12.7,321,170,7,565,P1,151,56.8,30.1,375,178,615,P1,False,D,4,,0,308,
Nadia,506,Nadia-506,166,Post Office 166,338,320,1,659,48.56,126,19.1,284,217,4,556,P1,67,51.1,39.0,394,123,575,P1,False,D,4,,0,278,
Nadia,506,Nadia-506,167,Primary School 167,354,345,1,700,49.29,99,14.1,351,180,7,590,P1,171,59.5,30.5,277,163,577,P1,False,D,4,,0,295,
Nadia,506,Nadia-506,168,Club Building 168,346,350,0,696,50.29,129,18.5,389,144,3,592,P1,245,65.7,24.3,362,126,542,P1,False,D,4,,0,293,
Nadia,506,Nadia-506,169,Temple Hall 169,333,327,1,661,49.47,104,15.7,281,225,5,570,P1,56,49.3,39.5,292,175,556,P1,False,D,4,,0,279,
Nadia,506,Nadia-506,170,High School 170,317,311,1,629,49.44,105,16.7,277,193,6,526,P1,84,52.7,36.7,262,118,487,P1,False,D,4,,0,265,
Nadia,507,Nadia-507,1,High School 1,344,350,1,695,50.36,87,12.5,372,160,7,591,P1,212,62.9,27.1,368,143,568,P1,False,D,4,,0,293,
Nadia,507,Nadia-507,2,Primary School 2,339,350,1,690,50.72,73,10.6,332,175,3,564,P1,157,58.9,31.0,359,145,560,P1,False,D,4,,0,291,
Nadia,507,Nadia-507,3,Club Building 3,396,387,0,783,49.43,89,11.4,307,230,4,596,P1,77,51.5,38.6,305,249,650,P1,False,D,4,,0,330,
Nadia,507,Nadia-507,4,High School 4,325,324,0,649,49.92,98,15.1,336,158,5,549,P1,178,61.2,28.8,292,153,494,P1,False,D,4,,0,273,
Nadia,507,Nadia-507,5,Temple Hall 5,370,377,1,748,50.4,103,13.8,349,230,7,646,P1,119,54.0,35.6,303,204,611,P1,False,D,4,,0,315,
Nadia,507,Nadia-507,6,High School 6,326,321,0,647,49.61,65,10.0,306,172,2,543,P1,134,56.4,31.7,287,148,545,P1,False,B,3,,0,273,
Nadia,507,Nadia-507,7,Anganwadi Centre 7,263,243,1,507,47.93,73,14.4,218,134,3,393,P1,84,55.5,34.1,234,123,396,P1,False,D,4,,0,214,
Nadia,507,Nadia-507,8,Market Building 8,358,325,0,683,47.58,115,16.8,278,193,9,586,P1,85,47.4,32.9,336,161,557,P1,False,D,4,,0,288,
Nadia,507,Nadia-507,9,Primary School 9,250,250,1,501,49.9,63,12.6,201,144,4,388,P1,57,51.8,37.1,188,118,384,P1,False,D,4,,0,211,
Nadia,507,Nadia-507,10,Community Hall 10,411,378,0,789,47.91,135,17.1,317,229,7,607,P1,88,52.2,37.7,378,196,638,P1,False,D,4,,0,332,
Nadia,507,Nadia-507,11,Panchayat Bhavan 11,287,260,0,547,47.53,98,17.9,290,138,2,476,P1,152,60.9,29.0,236,134,416,P1,False,D,4,,0,230,
Nadia,507,Nadia-507,12,Club Building 12,408,370,1,779,47.5,80,10.3,346,207,4,646,P1,139,53.6,32.0,302,214,593,P1,False,D,4,,0,328,
Nadia,507,Nadia-507,13,Post Office 13,334,335,0,669,50.07,102,15.2,256,169,10,535,P1,87,47.9,31.6,282,130,562,P1,False,D,4,,0,282,
Nadia,507,Nadia-507,14,Club Building 14,363,351,1,715,49.09,114,15.9,328,217,4,606,P1,111,54.1,35.8,316,194,567,P1,False,D,4,,0,301,
Nadia,507,Nadia-507,15,Post Office 15,268,245,0,513,47.76,78,15.2,212,138,2,397,P1,74,53.4,34.8,199,156,395,P1,False,D,4,,0,216,
Nadia,507,Nadia-507,16,High School 16,278,271,1,550,49.27,73,13.3,254,150,5,448,P1,104,56.7,33.5,312,110,469,P1,False,D,4,,0,232,
Nadia,507,Nadia-507,17,Market Building 17,330,320,0,650,49.23,72,11.1,303,184,5,546,P1,119,55.5,33.7,385,125,567,P1,False,D,4,,0,274,
Nadia,507,Nadia-507,18,Community Hall 18,402,404,1,807,50.06,122,15.1,371,219,4,702,P1,152,52.8,31.2,452,121,636,P1,False,D,4,,0,340,
Nadia,507,Nadia-507,19,Govt Office 19,307,280,1,588,47.62,60,10.2,250,165,6,473,P1,85,52.9,34.9,273,175,497,P1,False,D,4,,0,248,
Nadia,507,Nadia-507,20,Club Building 20,263,245,1,509,48.13,89,17.5,153,128,12,394,P1,25,38.8,32.5,270,95,405,P1,False,D,4,,0,214,
Nadia,507,Nadia-507,21,High School 21,367,360,0,727,49.52,97,13.3,287,137,5,562,P1,150,51.1,24.4,306,177,590,P1,False,D,4,,0,306,
Nadia,507,Nadia-507,22,Post Office 22,388,393,0,781,50.32,94,12.0,280,178,11,606,P1,102,46.2,29.4,335,190,625,P1,False,D,4,,0,329,
Nadia,507,Nadia-507,23,Market Building 23,259,238,0,497,47.89,52,10.5,245,108,3,393,P1,137,62.3,27.5,251,122,415,P1,False,D,4,,0,209,
Nadia,507,Nadia-507,24,Market Building 24,293,303,1,597,50.75,108,18.1,296,134,5,477,P1,162,62.1,28.1,260,151,477,P1,False,D,4,,0,252,
Nadia,507,Nadia-507,25,Govt Office 25,294,287,0,581,49.4,80,13.8,202,155,6,491,P1,47,41.1,31.6,187,198,452,P2,True,D,4,,0,245,
Nadia,507,Nadia-507,26,Govt Office 26,324,323,1,648,49.85,87,13.4,321,164,4,538,P1,157,59.7,30.5,252,195,526,P1,False,D,4,,0,273,
Nadia,507,Nadia-507,27,Govt Office 27,317,293,1,611,47.95,101,16.5,303,122,2,472,P1,181,64.2,25.8,302,171,529,P1,False,D,4,,0,257,
Nadia,507,Nadia-507,28,Health Sub-Centre 28,301,272,0,573,47.47,84,14.7,262,143,5,450,P1,119,58.2,31.8,227,172,444,P1,False,D,4,,0,241,
Nadia,507,Nadia-507,29,Anganwadi Centre 29,248,233,1,482,48.34,53,11.0,249,114,4,404,P1,135,61.6,28.2,277,82,399,P1,False,D,4,,0,203,
Nadia,507,Nadia-507,30,Primary School 30,282,282,1,565,49.91,58,10.3,252,175,6,490,P1,77,51.4,35.7,280,139,466,P1,False,D,4,,0,238,
Nadia,507,Nadia-507,31,Post Office 31,369,331,0,700,47.29,106,15.1,330,219,4,610,P1,111,54.1,35.9,354,144,553,P1,False,D,4,,0,295,
Nadia,507,Nadia-507,32,High School 32,286,271,1,558,48.57,94,16.8,265,152,5,463,P1,113,57.2,32.8,294,128,482,P1,False,D,4,,0,235,
Nadia,507,Nadia-507,33,Club Building 33,290,289,1,580,49.83,104,17.9,254,190,2,499,P1,64,50.9,38.1,280,157,486,P1,False,D,4,,0,244,
Nadia,507,Nadia-507,34,High School 34,391,397,1,789,50.32,94,11.9,352,192,4,605,P1,160,58.2,31.7,428,192,688,P1,False,D,4,,0,332,
Nadia,507,Nadia-507,35,Post Office 35,326,299,1,626,47.76,101,16.1,346,116,4,513,P1,230,67.4,22.6,254,183,485,P1,False,D,4,,0,264,
Nadia,507,Nadia-507,36,Madrasa 36,369,369,0,738,50.0,99,13.4,383,170,5,614,P1,213,62.4,27.7,216,193,566,P1,False,D,4,,0,311,
Nadia,507,Nadia-507,37,Panchayat Bhavan 37,353,320,1,674,47.48,82,12.2,313,206,4,576,P1,107,54.3,35.8,335,128,589,P1,False,D,4,,0,284,
Nadia,507,Nadia-507,38,Temple Hall 38,361,331,1,693,47.76,72,10.4,314,125,15,587,P1,186,53.5,21.3,241,162,549,P1,False,D,4,,0,292,
Nadia,507,Nadia-507,39,Club Building 39,296,284,1,581,48.88,99,17.0,230,167,7,461,P1,63,49.9,36.2,227,167,481,P1,False,D,4,,0,245,
Nadia,507,Nadia-507,40,Temple Hall 40,417,389,0,806,48.26,118,14.6,286,266,13,669,P1,20,42.8,39.8,323,212,684,P1,False,D,4,,0,340,
Nadia,507,Nadia-507,41,High School 41,325,322,0,647,49.77,102,15.8,246,178,6,498,P1,68,49.4,35.7,300,133,563,P1,False,D,4,,0,273,
Nadia,507,Nadia-507,42,Madrasa 42,272,267,0,539,49.54,87,16.1,226,144,7,430,P1,82,52.6,33.5,273,114,430,P1,False,D,4,,0,227,
Nadia,507,Nadia-507,43,Anganwadi Centre 43,247,246,1,494,49.8,70,14.2,252,111,5,427,P1,141,59.0,26.0,182,126,377,P1,False,D,4,,0,208,
Nadia,507,Nadia-507,44,Community Hall 44,320,312,1,633,49.29,68,10.7,297,164,2,512,P1,133,58.0,32.0,327,161,552,P1,False,D,4,,0,267,
Nadia,507,Nadia-507,45,Post Office 45,413,401,0,814,49.26,112,13.8,469,167,7,707,P1,302,66.3,23.6,438,139,641,P1,False,D,4,,0,343,
Nadia,507,Nadia-507,46,Health Sub-Centre 46,328,296,0,624,47.44,95,15.2,245,154,6,519,P1,91,47.2,29.7,226,211,540,P1,False,D,4,,0,263,
Nadia,507,Nadia-507,47,Health Sub-Centre 47,358,324,0,682,47.51,79,11.6,333,176,7,566,P1,157,58.8,31.1,315,217,591,P1,False,D,4,,0,287,
Nadia,507,Nadia-507,48,Club Building 48,303,294,0,597,49.25,87,14.6,255,167,4,499,P1,88,51.1,33.5,228,122,475,P1,False,D,4,,0,252,
Nadia,507,Nadia-507,49,High School 49,321,297,1,619,47.98,112,18.1,290,146,5,484,P1,144,59.9,30.2,354,119,526,P1,False,D,4,,0,261,
Nadia,507,Nadia-507,50,Panchayat Bhavan 50,312,282,0,594,47.47,75,12.6,275,138,5,463,P1,137,59.4,29.8,271,139,456,P1,False,D,4,,0,250,
Nadia,507,Nadia-507,51,Anganwadi Centre 51,308,309,0,617,50.08,73,11.8,265,207,6,525,P1,58,50.5,39.4,283,133,528,P1,False,D,4,,0,260,
Nadia,507,Nadia-507,52,Club Building 52,293,302,0,595,50.76,96,16.1,285,125,3,455,P1,160,62.6,27.5,255,116,457,P1,False,D,4,,0,251,
Nadia,507,Nadia-507,53,Post Office 53,314,321,0,635,50.55,101,15.9,304,182,3,544,P1,122,55.9,33.5,306,160,521,P1,False,D,4,,0,268,
Nadia,507,Nadia-507,54,Market Building 54,338,324,0,662,48.94,114,17.2,330,132,2,513,P1,198,64.3,25.7,235,174,526,P1,False,D,4,,0,279,
Nadia,507,Nadia-507,55,Panchayat Bhavan 55,309,298,1,608,49.01,75,12.3,292,163,6,509,P1,129,57.4,32.0,305,167,524,P1,False,D,4,,0,256,
Nadia,507,Nadia-507,56,Market Building 56,302,287,0,589,48.73,72,12.2,259,153,3,458,P1,106,56.6,33.4,286,175,512,P1,False,D,4,,0,248,
Nadia,507,Nadia-507,57,Health Sub-Centre 57,311,288,1,600,48.0,90,15.0,287,151,7,496,P1,136,57.9,30.4,233,185,503,P1,False,D,4,,0,253,
Nadia,507,Nadia-507,58,Primary School 58,393,391,1,785,49.81,136,17.3,447,147,4,660,P1,300,67.7,22.3,490,105,661,P1,False,D,4,,0,331,
Nadia,507,Nadia-507,59,Govt Office 59,408,371,1,780,47.56,80,10.3,371,180,5,636,P1,191,58.3,28.3,359,215,638,P1,False,D,4,,0,329,
Nadia,507,Nadia-507,60,Health Sub-Centre 60,253,233,0,486,47.94,66,13.6,287,92,3,421,P1,195,68.2,21.9,195,119,399,P1,False,D,4,,0,205,
Nadia,507,Nadia-507,61,Anganwadi Centre 61,261,238,0,499,47.7,87,17.4,170,129,3,380,P1,41,44.7,33.9,253,120,415,P1,False,D,4,,0,210,
Nadia,507,Nadia-507,62,Community Hall 62,288,265,0,553,47.92,82,14.8,252,146,4,449,P1,106,56.1,32.5,208,118,460,P1,False,D,4,,0,233,
Nadia,507,Nadia-507,63,Post Office 63,366,373,0,739,50.47,109,14.7,364,171,5,595,P1,193,61.2,28.7,381,147,587,P1,False,D,4,,0,311,
Nadia,507,Nadia-507,64,Post Office 64,259,238,1,498,47.79,76,15.3,241,112,7,433,P1,129,55.7,25.9,192,136,390,P1,False,D,4,,0,210,
Nadia,507,Nadia-507,65,Temple Hall 65,316,308,1,625,49.28,79,12.6,295,188,6,536,P1,107,55.0,35.1,299,157,507,P1,False,D,4,,0,263,
Nadia,507,Nadia-507,66,Health Sub-Centre 66,299,293,0,592,49.49,88,14.9,284,151,5,484,P1,133,58.7,31.2,318,90,454,P1,False,D,4,,0,249,
Nadia,507,Nadia-507,67,Anganwadi Centre 67,378,385,1,764,50.39,130,17.0,313,238,7,637,P1,75,49.1,37.4,367,199,654,P1,False,D,4,,0,322,
Nadia,507,Nadia-507,68,Madrasa 68,298,308,1,607,50.74,64,10.5,220,207,7,509,P1,13,43.2,40.7,294,163,508,P1,False,D,4,,0,256,
Nadia,507,Nadia-507,69,Anganwadi Centre 69,313,324,1,638,50.78,102,16.0,270,150,3,495,P1,120,54.5,30.3,304,189,548,P1,False,D,4,,0,269,
Nadia,507,Nadia-507,70,Madrasa 70,404,393,1,798,49.25,105,13.2,353,232,6,650,P1,121,54.3,35.7,323,224,608,P1,False,D,4,,0,336,
Nadia,507,Nadia-507,71,Govt Office 71,416,398,0,814,48.89,118,14.5,367,218,6,650,P1,149,56.5,33.5,379,158,679,P1,False,D,4,,0,343,
Nadia,507,Nadia-507,72,Madrasa 72,265,270,0,535,50.47,55,10.3,271,147,2,465,P1,124,58.3,31.6,257,137,464,P1,False,D,4,,0,225,
Nadia,507,Nadia-507,73,High School 73,298,288,0,586,49.15,68,11.6,278,128,5,451,P1,150,61.6,28.4,271,184,506,P1,False,D,4,,0,247,
Nadia,507,Nadia-507,74,Market Building 74,271,259,1,531,48.78,89,16.8,241,128,5,456,P1,113,52.9,28.1,277,126,448,P1,False,D,4,,0,224,
Nadia,507,Nadia-507,75,Community Hall 75,391,397,1,789,50.32,105,13.3,288,225,7,598,P1,63,48.2,37.6,378,198,640,P1,False,D,4,,0,332,
Nadia,507,Nadia-507,76,Community Hall 76,268,242,1,511,47.36,76,14.9,204,115,4,419,P1,89,48.7,27.4,211,142,393,P1,False,D,4,,0,215,
Nadia,507,Nadia-507,77,Govt Office 77,269,272,0,541,50.28,56,10.4,202,132,10,430,P1,70,47.0,30.7,229,166,443,P1,False,D,4,,0,228,
Nadia,507,Nadia-507,78,Club Building 78,397,404,1,802,50.37,129,16.1,398,176,8,638,P1,222,62.4,27.6,405,203,676,P1,False,D,4,,0,338,
Nadia,507,Nadia-507,79,Madrasa 79,413,376,1,790,47.59,106,13.4,311,222,8,625,P1,89,49.8,35.5,373,194,630,P1,False,D,4,,0,333,
Nadia,507,Nadia-507,80,Club Building 80,265,257,0,522,49.23,53,10.2,247,117,3,404,P1,130,61.1,29.0,215,137,397,P1,False,D,4,,0,220,
Nadia,507,Nadia-507,81,High School 81,287,256,0,543,47.15,76,14.0,269,125,5,438,P1,144,61.4,28.5,281,136,463,P1,False,D,4,,0,229,
Nadia,507,Nadia-507,82,Anganwadi Centre 82,370,368,1,739,49.8,128,17.3,310,234,4,605,P1,76,51.2,38.7,288,209,630,P1,False,D,4,,0,311,
Nadia,507,Nadia-507,83,Anganwadi Centre 83,419,388,0,807,48.08,99,12.3,335,257,8,658,P1,78,50.9,39.1,435,187,691,P1,False,D,4,,0,340,
Nadia,507,Nadia-507,84,Market Building 84,353,354,1,708,50.0,115,16.2,287,152,8,553,P1,135,51.9,27.5,283,189,548,P1,False,D,4,,0,298,
Nadia,507,Nadia-507,85,Post Office 85,297,305,0,602,50.66,60,10.0,230,173,8,484,P1,57,47.5,35.7,264,169,482,P1,False,B,3,,0,254,
Nadia,507,Nadia-507,86,Madrasa 86,381,372,1,754,49.34,119,15.8,407,135,5,602,P1,272,67.6,22.4,246,205,574,P1,False,D,4,,0,318,
Nadia,507,Nadia-507,87,Club Building 87,381,365,0,746,48.93,115,15.4,428,153,4,646,P1,275,66.3,23.7,264,284,650,P2,True,D,4,,0,314,
Nadia,507,Nadia-507,88,High School 88,337,322,0,659,48.86,107,16.2,301,174,3,528,P1,127,57.0,33.0,294,171,516,P1,False,D,4,,0,278,
Nadia,507,Nadia-507,89,Madrasa 89,418,388,0,806,48.14,109,13.5,325,196,10,620,P1,129,52.4,31.6,320,229,620,P1,False,D,4,,0,340,
Nadia,507,Nadia-507,90,Primary School 90,300,284,0,584,48.63,100,17.1,250,152,5,446,P1,98,56.1,34.1,335,97,480,P1,False,D,4,,0,246,
Nadia,507,Nadia-507,91,Community Hall 91,265,271,0,536,50.56,68,12.7,185,200,3,434,P2,15,42.6,46.1,247,141,431,P1,True,D,4,,0,226,
Nadia,507,Nadia-507,92,Primary School 92,330,299,1,630,47.46,78,12.4,263,171,6,483,P1,92,54.5,35.4,318,117,494,P1,False,D,4,,0,265,
Nadia,507,Nadia-507,93,Madrasa 93,314,288,1,603,47.76,78,12.9,231,113,9,470,P1,118,49.1,24.0,279,171,499,P1,False,D,4,,0,254,
Nadia,507,Nadia-507,94,Market Building 94,380,340,0,720,47.22,89,12.4,316,224,7,627,P1,92,50.4,35.7,371,120,611,P1,False,D,4,,0,303,
Nadia,507,Nadia-507,95,Market Building 95,373,380,1,754,50.4,121,16.0,349,177,5,584,P1,172,59.8,30.3,378,150,587,P1,False,D,4,,0,318,
Nadia,507,Nadia-507,96,Panchayat Bhavan 96,337,320,1,658,48.63,96,14.6,359,143,7,558,P1,216,64.3,25.6,380,95,528,P1,False,D,4,,0,277,
Nadia,507,Nadia-507,97,Community Hall 97,373,385,1,759,50.72,99,13.0,357,228,8,650,P1,129,54.9,35.1,329,190,577,P1,False,D,4,,0,320,
Nadia,507,Nadia-507,98,Anganwadi Centre 98,288,277,0,565,49.03,64,11.3,251,124,6,439,P1,127,57.2,28.2,213,159,443,P1,False,D,4,,0,238,
Nadia,507,Nadia-507,99,Health Sub-Centre 99,393,379,0,772,49.09,120,15.5,386,173,7,621,P1,213,62.2,27.9,360,219,643,P1,False,D,4,,0,325,
Nadia,507,Nadia-507,100,Anganwadi Centre 100,311,321,0,632,50.79,111,17.6,323,158,5,537,P1,165,60.1,29.4,304,172,529,P1,False,D,4,,0,266,
Nadia,507,Nadia-507,101,Panchayat Bhavan 101,268,272,1,541,50.28,61,11.3,275,129,2,453,P1,146,60.7,28.5,263,113,457,P1,False,D,4,,0,228,
Nadia,507,Nadia-507,102,Post Office 102,372,342,0,714,47.9,108,15.1,318,206,4,582,P1,112,54.6,35.4,340,168,579,P1,False,D,4,,0,301,
Nadia,507,Nadia-507,103,Govt Office 103,341,313,0,654,47.86,95,14.5,242,208,5,500,P1,34,48.4,41.6,319,170,551,P1,False,D,4,,0,276,
Nadia,507,Nadia-507,104,Madrasa 104,264,255,1,520,49.04,90,17.3,171,116,5,394,P1,55,43.4,29.4,259,115,438,P1,False,D,4,,0,219,
Nadia,507,Nadia-507,105,Post Office 105,250,233,0,483,48.24,72,14.9,235,106,3,379,P1,129,62.0,28.0,189,144,418,P1,False,D,4,,0,204,
Nadia,507,Nadia-507,106,Panchayat Bhavan 106,306,296,0,602,49.17,68,11.3,271,182,4,507,P1,89,53.5,35.9,313,121,482,P1,False,D,4,,0,254,
Nadia,507,Nadia-507,107,Anganwadi Centre 107,273,248,1,522,47.51,88,16.9,208,156,5,455,P1,52,45.7,34.3,224,120,402,P1,False,D,4,,0,220,
Nadia,507,Nadia-507,108,Post Office 108,420,382,0,802,47.63,127,15.8,395,201,6,663,P1,194,59.6,30.3,390,173,668,P1,False,D,4,,0,338,
Nadia,507,Nadia-507,109,Post Office 109,392,392,1,785,49.94,121,15.4,316,223,5,598,P1,93,52.8,37.3,364,199,677,P1,False,D,4,,0,331,
Nadia,507,Nadia-507,110,Post Office 110,277,281,1,559,50.27,100,17.9,265,156,2,468,P1,109,56.6,33.3,289,119,487,P1,False,D,4,,0,236,
Nadia,507,Nadia-507,111,Madrasa 111,288,276,1,565,48.85,63,11.2,253,151,1,449,P1,102,56.3,33.6,254,119,464,P1,False,D,4,,0,238,
Nadia,507,Nadia-507,112,Market Building 112,283,286,0,569,50.26,69,12.1,280,124,5,449,P1,156,62.4,27.6,289,142,488,P1,False,D,4,,0,240,
Nadia,507,Nadia-507,113,High School 113,299,282,0,581,48.54,74,12.7,277,146,2,470,P1,131,58.9,31.1,247,147,466,P1,False,D,4,,0,245,
Nadia,507,Nadia-507,114,Govt Office 114,301,309,0,610,50.66,95,15.6,259,215,3,533,P1,44,48.6,40.3,252,178,478,P1,False,D,4,,0,257,
Nadia,507,Nadia-507,115,Temple Hall 115,392,376,0,768,48.96,128,16.7,333,204,2,596,P1,129,55.9,34.2,383,151,593,P1,False,D,4,,0,324,
Nadia,507,Nadia-507,116,Market Building 116,240,242,1,483,50.1,57,11.8,212,146,6,414,P1,66,51.2,35.3,203,142,391,P1,False,D,4,,0,204,
Nadia,507,Nadia-507,117,Panchayat Bhavan 117,348,328,1,677,48.45,111,16.4,245,191,6,517,P1,54,47.4,36.9,324,165,544,P1,False,D,4,,0,285,
Nadia,507,Nadia-507,118,Post Office 118,289,297,0,586,50.68,98,16.7,306,89,5,451,P1,217,67.8,19.7,290,119,455,P1,False,D,4,,0,247,
Nadia,507,Nadia-507,119,Club Building 119,340,319,0,659,48.41,115,17.5,288,127,13,526,P1,161,54.8,24.1,303,180,536,P1,False,D,4,,0,278,
Nadia,507,Nadia-507,120,Panchayat Bhavan 120,267,245,0,512,47.85,76,14.8,297,81,1,420,P1,216,70.7,19.3,284,95,421,P1,False,D,4,,0,216,
Nadia,507,Nadia-507,121,Market Building 121,356,346,0,702,49.29,74,10.5,290,167,3,540,P1,123,53.7,30.9,368,163,590,P1,False,D,4,,0,296,
Nadia,507,Nadia-507,122,Panchayat Bhavan 122,297,270,0,567,47.62,67,11.8,313,121,4,482,P1,192,64.9,25.1,280,132,458,P1,False,D,4,,0,239,
Nadia,507,Nadia-507,123,Club Building 123,342,345,1,688,50.15,89,12.9,353,158,6,568,P1,195,62.1,27.8,243,186,525,P1,False,D,4,,0,290,
Nadia,507,Nadia-507,124,Post Office 124,250,250,0,500,50.0,61,12.2,187,144,5,392,P1,43,47.7,36.7,290,103,437,P1,False,D,4,,0,211,
Nadia,507,Nadia-507,125,Market Building 125,377,359,0,736,48.78,124,16.8,404,169,4,637,P1,235,63.4,26.5,354,156,587,P1,False,D,4,,0,310,
Nadia,507,Nadia-507,126,Panchayat Bhavan 126,342,322,0,664,48.49,72,10.8,285,221,5,577,P1,64,49.4,38.3,296,159,546,P1,False,D,4,,0,280,
Nadia,507,Nadia-507,127,Club Building 127,360,335,0,695,48.2,98,14.1,288,151,4,527,P1,137,54.6,28.7,336,125,542,P1,False,D,4,,0,293,
Nadia,507,Nadia-507,128,Club Building 128,377,376,1,754,49.87,133,17.6,382,181,4,626,P1,201,61.0,28.9,364,221,650,P1,False,D,4,,0,318,
Nadia,507,Nadia-507,129,Community Hall 129,246,253,0,499,50.7,81,16.2,191,187,4,420,P1,4,45.5,44.5,221,101,404,P1,False,D,4,,0,210,
Nadia,507,Nadia-507,130,Market Building 130,400,371,0,771,48.12,91,11.8,323,183,3,585,P1,140,55.2,31.3,350,196,645,P1,False,D,4,,0,325,
Nadia,507,Nadia-507,131,Market Building 131,328,315,1,644,48.91,107,16.6,276,204,5,559,P1,72,49.4,36.5,382,83,517,P1,False,D,4,,0,271,
Nadia,507,Nadia-507,132,Post Office 132,392,368,1,761,48.36,121,15.9,324,249,6,637,P1,75,50.9,39.1,398,165,626,P1,False,D,4,,0,321,
Nadia,507,Nadia-507,133,Health Sub-Centre 133,274,249,0,523,47.61,53,10.1,249,98,4,411,P1,151,60.6,23.8,197,81,412,P1,False,D,4,,0,220,
Nadia,507,Nadia-507,134,Madrasa 134,301,309,1,611,50.57,99,16.2,195,111,18,467,P1,56,41.8,23.8,288,181,521,P1,False,D,4,,0,257,
Nadia,507,Nadia-507,135,Market Building 135,337,342,0,679,50.37,67,9.9,302,220,6,580,P1,82,52.1,37.9,358,158,586,P1,False,B,3,,0,286,
Nadia,507,Nadia-507,136,Health Sub-Centre 136,269,245,0,514,47.67,87,16.9,267,110,2,419,P1,157,63.7,26.3,201,152,393,P1,False,D,4,,0,217,
Nadia,507,Nadia-507,137,Anganwadi Centre 137,373,365,1,739,49.39,80,10.8,275,173,5,576,P1,102,47.7,30.0,334,167,569,P1,False,D,4,,0,311,
Nadia,507,Nadia-507,138,Health Sub-Centre 138,311,319,0,630,50.63,90,14.3,296,161,5,521,P1,135,56.8,30.9,259,189,498,P1,False,D,4,,0,265,
Nadia,507,Nadia-507,139,Panchayat Bhavan 139,377,353,1,731,48.29,99,13.5,305,207,4,578,P1,98,52.8,35.8,284,216,556,P1,False,D,4,,0,308,
Nadia,507,Nadia-507,140,Madrasa 140,266,250,0,516,48.45,65,12.6,259,119,3,420,P1,140,61.7,28.3,216,162,433,P1,False,D,4,,0,217,
Nadia,507,Nadia-507,141,High School 141,399,400,0,799,50.06,83,10.4,411,215,7,695,P1,196,59.1,30.9,434,119,615,P1,False,D,4,,0,337,
Nadia,507,Nadia-507,142,Club Building 142,402,376,1,779,48.27,110,14.1,345,190,8,617,P1,155,55.9,30.8,286,186,612,P1,False,D,4,,0,328,
Nadia,507,Nadia-507,143,Community Hall 143,355,322,1,678,47.49,104,15.3,354,134,5,542,P1,220,65.3,24.7,370,162,591,P1,False,D,4,,0,286,
Nadia,507,Nadia-507,144,Anganwadi Centre 144,246,237,0,483,49.07,69,14.3,241,113,2,393,P1,128,61.3,28.8,212,157,410,P1,False,D,4,,0,204,
Nadia,507,Nadia-507,145,Govt Office 145,236,245,1,482,50.83,75,15.6,199,102,5,379,P1,97,52.5,26.9,276,97,414,P1,False,D,4,,0,203,
Nadia,507,Nadia-507,146,Health Sub-Centre 146,337,343,0,680,50.44,121,17.8,294,117,10,536,P1,177,54.9,21.8,354,164,576,P1,False,D,4,,0,287,
Nadia,507,Nadia-507,147,Anganwadi Centre 147,370,371,0,741,50.07,123,16.6,372,176,4,608,P1,196,61.2,28.9,305,229,594,P1,False,D,4,,0,312,
Nadia,507,Nadia-507,148,Govt Office 148,258,249,0,507,49.11,52,10.3,264,132,3,440,P1,132,60.0,30.0,178,127,387,P1,False,D,4,,0,214,
Nadia,507,Nadia-507,149,Primary School 149,411,392,1,804,48.76,127,15.8,348,207,8,645,P1,141,54.0,32.1,386,241,697,P1,False,D,4,,0,339,
Nadia,507,Nadia-507,150,Health Sub-Centre 150,317,320,1,638,50.16,67,10.5,200,197,8,505,P1,3,39.6,39.0,242,201,496,P1,False,D,4,,0,269,
Nadia,507,Nadia-507,151,Govt Office 151,372,344,1,717,47.98,126,17.6,371,142,6,570,P1,229,65.1,24.9,220,177,584,P1,False,D,4,,0,302,
Nadia,507,Nadia-507,152,Temple Hall 152,286,269,1,556,48.38,86,15.5,252,148,8,469,P1,104,53.7,31.6,212,137,423,P1,False,D,4,,0,234,
Nadia,507,Nadia-507,153,Health Sub-Centre 153,313,293,1,607,48.27,66,10.9,240,143,5,465,P1,97,51.6,30.8,180,176,466,P1,False,D,4,,0,256,
Nadia,507,Nadia-507,154,Market Building 154,349,335,1,685,48.91,109,15.9,255,188,7,536,P1,67,47.6,35.1,306,227,592,P1,False,D,4,,0,289,
Nadia,507,Nadia-507,155,Panchayat Bhavan 155,332,316,0,648,48.77,72,11.1,296,163,9,546,P1,133,54.2,29.9,270,143,508,P1,False,D,4,,0,273,
Nadia,507,Nadia-507,156,Market Building 156,286,273,1,560,48.75,77,13.8,269,168,3,486,P1,101,55.3,34.6,257,145,454,P1,False,D,4,,0,236,
Nadia,507,Nadia-507,157,Post Office 157,291,269,0,560,48.04,83,14.8,216,117,10,424,P1,99,50.9,27.6,250,133,426,P1,False,D,4,,0,236,
Nadia,507,Nadia-507,158,High School 158,275,267,0,542,49.26,61,11.3,256,125,4,423,P1,131,60.5,29.6,249,111,435,P1,False,D,4,,0,228,
Nadia,507,Nadia-507,159,High School 159,292,283,1,576,49.13,57,9.9,263,139,5,447,P1,124,58.8,31.1,261,181,492,P1,False,B,3,,0,243,
Nadia,507,Nadia-507,160,Govt Office 160,385,355,0,740,47.97,116,15.7,405,150,6,616,P1,255,65.7,24.4,370,163,592,P1,False,D,4,,0,312,
Nadia,507,Nadia-507,161,Temple Hall 161,342,322,0,664,48.49,84,12.7,336,146,6,535,P1,190,62.8,27.3,258,132,504,P1,False,D,4,,0,280,
Nadia,507,Nadia-507,162,Club Building 162,304,297,0,601,49.42,76,12.6,252,202,6,520,P1,50,48.5,38.8,251,166,519,P1,False,D,4,,0,253,
Nadia,507,Nadia-507,163,Club Building 163,369,373,0,742,50.27,90,12.1,328,232,6,622,P1,96,52.7,37.3,321,187,565,P1,False,D,4,,0,313,
Nadia,507,Nadia-507,164,Anganwadi Centre 164,288,296,0,584,50.68,103,17.6,238,144,6,455,P1,94,52.3,31.6,298,139,485,P1,False,D,4,,0,246,
Nadia,507,Nadia-507,165,Club Building 165,278,276,1,555,49.73,78,14.1,223,156,8,456,P1,67,48.9,34.2,259,140,454,P1,False,D,4,,0,234,
Nadia,507,Nadia-507,166,Market Building 166,307,278,0,585,47.52,75,12.8,332,79,4,499,P1,253,66.5,15.8,300,113,459,P1,False,D,4,,0,246,
Nadia,507,Nadia-507,167,Community Hall 167,332,306,0,638,47.96,113,17.7,285,139,9,509,P1,146,56.0,27.3,280,182,513,P1,False,D,4,,0,269,
Nadia,507,Nadia-507,168,Community Hall 168,240,242,1,483,50.1,54,11.2,249,117,1,407,P1,132,61.2,28.7,185,123,412,P1,False,D,4,,0,204,
Nadia,508,Nadia-508,1,Temple Hall 1,296,270,0,566,47.7,21,3.7,242,153,8,483,P1,89,50.1,31.7,265,136,446,P1,False,B,3,,0,238,
Nadia,508,Nadia-508,2,Temple Hall 2,300,292,1,593,49.24,25,4.2,239,138,7,458,P1,101,52.2,30.1,249,165,487,P1,False,B,3,,0,250,
Nadia,508,Nadia-508,3,High School 3,250,254,1,505,50.3,23,4.6,177,129,8,406,P1,48,43.6,31.8,225,135,419,P1,False,B,3,,0,213,
Nadia,508,Nadia-508,4,Health Sub-Centre 4,309,302,0,611,49.43,23,3.8,198,147,12,484,P1,51,40.9,30.4,320,129,499,P1,False,B,3,,0,257,
Nadia,508,Nadia-508,5,Market Building 5,397,380,1,778,48.84,39,5.0,380,194,2,638,P1,186,59.6,30.4,341,205,606,P1,False,B,3,,0,328,
Nadia,508,Nadia-508,6,High School 6,276,255,1,532,47.93,19,3.6,261,120,5,423,P1,141,61.7,28.4,234,94,450,P1,False,B,3,,0,224,
Nadia,508,Nadia-508,7,Temple Hall 7,413,379,0,792,47.85,36,4.5,322,206,10,615,P1,116,52.4,33.5,310,195,673,P1,False,B,3,,0,334,
Nadia,508,Nadia-508,8,Govt Office 8,344,328,0,672,48.81,22,3.3,254,148,4,520,P1,106,48.8,28.5,324,190,571,P1,False,B,3,,0,283,
Nadia,508,Nadia-508,9,Community Hall 9,353,354,1,708,50.0,28,4.0,298,240,7,600,P1,58,49.7,40.0,369,182,612,P1,False,B,3,,0,298,
Nadia,508,Nadia-508,10,Market Building 10,344,336,0,680,49.41,20,2.9,279,168,5,537,P1,111,52.0,31.3,274,172,520,P1,False,B,3,,0,287,
Nadia,508,Nadia-508,11,Post Office 11,380,359,0,739,48.58,25,3.4,261,171,6,598,P1,90,43.6,28.6,332,220,631,P1,False,B,3,,0,311,
Nadia,508,Nadia-508,12,Post Office 12,267,269,0,536,50.19,16,3.0,220,151,5,450,P1,69,48.9,33.6,158,172,421,P2,True,B,3,,0,226,
Nadia,508,Nadia-508,13,Community Hall 13,299,290,0,589,49.24,30,5.1,164,168,9,474,P2,4,34.6,35.4,257,145,447,P1,True,B,3,,0,248,
Nadia,508,Nadia-508,14,High School 14,385,360,1,746,48.26,21,2.8,342,175,4,596,P1,167,57.4,29.4,308,187,569,P1,False,B,3,,0,314,
Nadia,508,Nadia-508,15,Madrasa 15,243,250,1,494,50.61,15,3.0,192,160,4,405,P1,32,47.4,39.5,212,141,417,P1,False,B,3,,0,208,
Nadia,508,Nadia-508,16,High School 16,267,239,0,506,47.23,22,4.3,225,90,8,392,P1,135,57.4,23.0,252,95,387,P1,False,B,3,,0,213,
Nadia,508,Nadia-508,17,Anganwadi Centre 17,282,253,1,536,47.2,16,3.0,310,99,4,454,P1,211,68.3,21.8,255,153,457,P1,False,A,1,,0,226,
Nadia,508,Nadia-508,18,Market Building 18,302,308,0,610,50.49,27,4.4,240,196,5,486,P1,44,49.4,40.3,290,156,495,P1,False,B,3,,0,257,
Nadia,508,Nadia-508,19,Temple Hall 19,351,320,0,671,47.69,29,4.3,313,157,5,523,P1,156,59.8,30.0,373,145,576,P1,False,B,3,,0,283,
Nadia,508,Nadia-508,20,Primary School 20,337,327,1,665,49.17,19,2.9,306,192,2,553,P1,114,55.3,34.7,266,152,554,P1,False,B,3,,0,280,
Nadia,508,Nadia-508,21,High School 21,268,251,0,519,48.36,26,5.0,278,127,2,450,P1,151,61.8,28.2,224,139,428,P1,False,B,3,,0,219,
Nadia,508,Nadia-508,22,Post Office 22,316,313,1,630,49.68,20,3.2,323,118,2,490,P1,205,65.9,24.1,282,156,541,P1,False,A,1,,0,265,
Nadia,508,Nadia-508,23,Anganwadi Centre 23,371,337,1,709,47.53,28,3.9,366,150,6,573,P1,216,63.9,26.2,277,230,601,P1,False,B,3,,0,299,
Nadia,508,Nadia-508,24,Temple Hall 24,284,261,0,545,47.89,17,3.1,250,123,3,415,P1,127,60.2,29.6,175,179,454,P2,True,B,3,,0,230,
Nadia,508,Nadia-508,25,Govt Office 25,412,396,1,809,48.95,32,4.0,353,130,5,613,P1,223,57.6,21.2,292,196,663,P1,False,B,3,,0,341,
Nadia,508,Nadia-508,26,Madrasa 26,296,280,1,577,48.53,20,3.5,282,170,3,502,P1,112,56.2,33.9,295,119,459,P1,False,B,3,,0,243,
Nadia,508,Nadia-508,27,Market Building 27,354,364,1,719,50.63,25,3.5,274,182,13,628,P1,92,43.6,29.0,281,185,599,P1,False,B,3,,0,303,
Nadia,508,Nadia-508,28,Govt Office 28,276,247,0,523,47.23,26,5.0,213,117,4,427,P1,96,49.9,27.4,184,140,411,P1,False,B,3,,0,220,
Nadia,508,Nadia-508,29,Madrasa 29,386,366,0,752,48.67,27,3.6,412,144,5,618,P1,268,66.7,23.3,359,180,599,P1,False,A,1,,0,317,
Nadia,508,Nadia-508,30,Madrasa 30,262,245,1,508,48.23,14,2.8,228,162,5,433,P1,66,52.7,37.4,199,151,392,P1,False,B,3,,0,214,
Nadia,508,Nadia-508,31,Temple Hall 31,267,261,1,529,49.34,23,4.3,276,108,4,427,P1,168,64.6,25.3,234,128,402,P1,False,B,3,,0,223,
Nadia,508,Nadia-508,32,Club Building 32,317,308,0,625,49.28,18,2.9,279,186,8,538,P1,93,51.9,34.6,318,160,531,P1,False,B,3,,0,263,
Nadia,508,Nadia-508,33,Anganwadi Centre 33,385,382,0,767,49.8,27,3.5,336,209,3,638,P1,127,52.7,32.8,301,248,664,P1,False,B,3,,0,323,
Nadia,508,Nadia-508,34,Govt Office 34,281,285,0,566,50.35,17,3.0,241,107,9,486,P1,117,49.6,22.0,253,136,432,P1,False,B,3,,0,238,
Nadia,508,Nadia-508,35,Temple Hall 35,241,249,1,491,50.71,18,3.7,186,170,6,427,P1,16,43.6,39.8,232,123,407,P1,False,B,3,,0,207,
Nadia,508,Nadia-508,36,Anganwadi Centre 36,364,366,0,730,50.14,31,4.2,379,185,5,627,P1,194,60.4,29.5,316,186,560,P1,False,B,3,,0,308,
Nadia,508,Nadia-508,37,Panchayat Bhavan 37,407,372,1,780,47.69,30,3.8,323,137,16,606,P1,186,53.3,22.6,347,208,617,P1,False,B,3,,0,329,
Nadia,508,Nadia-508,38,Health Sub-Centre 38,385,347,1,733,47.34,36,4.9,290,221,7,623,P1,69,46.5,35.5,289,196,629,P1,False,B,3,,0,309,
Nadia,508,Nadia-508,39,Panchayat Bhavan 39,325,309,0,634,48.74,23,3.6,176,166,16,482,P1,10,36.5,34.4,319,111,533,P1,False,B,3,,0,267,
Nadia,508,Nadia-508,40,Club Building 40,296,297,0,593,50.08,26,4.4,240,178,8,502,P1,62,47.8,35.5,307,145,502,P1,False,B,3,,0,250,
Nadia,508,Nadia-508,41,Govt Office 41,269,260,1,530,49.06,17,3.2,227,147,4,416,P1,80,54.6,35.3,248,148,439,P1,False,B,3,,0,223,
Nadia,508,Nadia-508,42,Primary School 42,249,250,0,499,50.1,18,3.6,306,70,3,418,P1,236,73.2,16.7,211,100,409,P1,False,A,1,,0,210,
Nadia,508,Nadia-508,43,Market Building 43,243,237,1,481,49.27,20,4.2,223,89,10,419,P1,130,53.2,21.2,234,119,393,P1,False,B,3,,0,203,
Nadia,508,Nadia-508,44,Market Building 44,261,242,0,503,48.11,25,5.0,229,146,5,432,P1,83,53.0,33.8,164,133,414,P1,False,B,3,,0,212,
Nadia,508,Nadia-508,45,Club Building 45,264,256,0,520,49.23,27,5.2,264,93,3,446,P1,171,59.2,20.9,274,130,448,P1,False,B,3,,0,219,
Nadia,508,Nadia-508,46,Anganwadi Centre 46,276,249,1,526,47.34,15,2.9,239,144,2,429,P1,95,55.7,33.6,282,131,459,P1,False,B,3,,0,222,
Nadia,508,Nadia-508,47,Primary School 47,258,256,1,515,49.71,15,2.9,235,104,9,418,P1,131,56.2,24.9,267,111,420,P1,False,B,3,,0,217,
Nadia,508,Nadia-508,48,Post Office 48,273,253,0,526,48.1,19,3.6,254,136,4,433,P1,118,58.7,31.4,238,145,426,P1,False,B,3,,0,222,
Nadia,508,Nadia-508,49,Health Sub-Centre 49,410,383,0,793,48.3,27,3.4,337,168,9,623,P1,169,54.1,27.0,376,138,638,P1,False,B,3,,0,334,
Nadia,508,Nadia-508,50,High School 50,326,302,0,628,48.09,23,3.7,305,157,3,513,P1,148,59.5,30.6,259,179,528,P1,False,B,3,,0,265,
Nadia,508,Nadia-508,51,Panchayat Bhavan 51,301,296,0,597,49.58,29,4.9,229,108,19,517,P1,73,44.3,20.9,272,150,482,P1,False,B,3,,0,252,
Nadia,508,Nadia-508,52,Anganwadi Centre 52,426,385,0,811,47.47,31,3.8,376,253,2,699,P1,123,53.8,36.2,289,205,628,P1,False,B,3,,0,342,
Nadia,508,Nadia-508,53,Health Sub-Centre 53,255,241,1,497,48.49,14,2.8,246,132,4,420,P1,114,58.6,31.4,196,138,430,P1,False,B,3,,0,209,
Nadia,508,Nadia-508,54,Health Sub-Centre 54,333,335,1,669,50.07,25,3.7,342,130,2,525,P1,212,65.1,24.8,367,114,535,P1,False,A,1,,0,282,
Nadia,508,Nadia-508,55,Community Hall 55,316,304,1,621,48.95,22,3.5,223,135,12,471,P1,88,47.3,28.7,241,218,510,P1,False,B,3,,0,262,
Nadia,508,Nadia-508,56,Anganwadi Centre 56,304,293,0,597,49.08,22,3.7,305,144,8,515,P1,161,59.2,28.0,295,128,469,P1,False,B,3,,0,252,
Nadia,508,Nadia-508,57,Anganwadi Centre 57,358,367,0,725,50.62,34,4.7,282,208,12,600,P1,74,47.0,34.7,292,174,617,P1,False,B,3,,0,305,
Nadia,508,Nadia-508,58,Primary School 58,300,271,1,572,47.38,20,3.5,277,127,5,493,P1,150,56.2,25.8,321,79,477,P1,False,B,3,,0,241,
Nadia,508,Nadia-508,59,Health Sub-Centre 59,335,311,1,647,48.07,33,5.1,358,150,2,565,P1,208,63.4,26.5,343,124,519,P1,False,B,3,,0,273,
Nadia,508,Nadia-508,60,Primary School 60,312,322,1,635,50.71,19,3.0,370,124,3,549,P1,246,67.4,22.6,233,150,495,P1,False,A,1,,0,268,
Nadia,508,Nadia-508,61,Madrasa 61,413,384,1,798,48.12,38,4.8,310,183,8,617,P1,127,50.2,29.7,401,201,669,P1,False,B,3,,0,336,
Nadia,508,Nadia-508,62,Panchayat Bhavan 62,356,347,0,703,49.36,33,4.7,309,178,2,541,P1,131,57.1,32.9,342,211,614,P1,False,B,3,,0,296,
Nadia,508,Nadia-508,63,Primary School 63,396,383,1,780,49.1,27,3.5,403,152,2,616,P1,251,65.4,24.7,344,225,632,P1,False,A,1,,0,329,
Nadia,508,Nadia-508,64,Madrasa 64,397,359,1,757,47.42,32,4.2,340,232,6,636,P1,108,53.5,36.5,321,203,582,P1,False,B,3,,0,319,
Nadia,508,Nadia-508,65,Community Hall 65,403,414,1,818,50.61,35,4.3,465,173,6,709,P1,292,65.6,24.4,325,214,681,P1,False,A,1,,0,345,
Nadia,508,Nadia-508,66,Post Office 66,252,227,1,480,47.29,15,3.1,223,96,3,392,P1,127,56.9,24.5,268,98,407,P1,False,B,3,,0,202,
Nadia,508,Nadia-508,67,Temple Hall 67,391,402,0,793,50.69,29,3.7,347,136,13,626,P1,211,55.4,21.7,325,208,627,P1,False,B,3,,0,334,
Nadia,508,Nadia-508,68,High School 68,383,390,0,773,50.45,27,3.5,353,185,6,633,P1,168,55.8,29.2,346,230,640,P1,False,B,3,,0,326,
Nadia,508,Nadia-508,69,High School 69,274,256,1,531,48.21,25,4.7,245,158,3,448,P1,87,54.7,35.3,231,133,404,P1,False,B,3,,0,224,
Nadia,508,Nadia-508,70,Anganwadi Centre 70,299,292,0,591,49.41,29,4.9,245,135,8,448,P1,110,54.7,30.1,276,156,480,P1,False,B,3,,0,249,
Nadia,508,Nadia-508,71,Govt Office 71,313,297,0,610,48.69,27,4.4,201,220,3,475,P2,19,42.3,46.3,282,172,505,P1,True,B,3,,0,257,
Nadia,508,Nadia-508,72,Community Hall 72,387,383,0,770,49.74,22,2.9,395,206,4,668,P1,189,59.1,30.8,275,165,624,P1,False,B,3,,0,324,
Nadia,508,Nadia-508,73,Club Building 73,364,370,1,735,50.34,22,3.0,343,186,4,588,P1,157,58.3,31.6,312,173,628,P1,False,B,3,,0,310,
Nadia,508,Nadia-508,74,Govt Office 74,403,393,1,797,49.31,34,4.3,355,221,10,673,P1,134,52.7,32.8,228,259,624,P2,True,B,3,,0,336,
Nadia,508,Nadia-508,75,Community Hall 75,364,372,1,737,50.47,30,4.1,358,159,7,622,P1,199,57.6,25.6,349,191,601,P1,False,B,3,,0,311,
Nadia,508,Nadia-508,76,Anganwadi Centre 76,368,378,1,747,50.6,37,5.0,271,234,6,567,P1,37,47.8,41.3,290,223,593,P1,False,B,3,,0,315,
Nadia,508,Nadia-508,77,Anganwadi Centre 77,360,365,0,725,50.34,27,3.7,311,137,7,597,P1,174,52.1,22.9,337,174,572,P1,False,B,3,,0,305,
Nadia,508,Nadia-508,78,Madrasa 78,336,308,1,645,47.75,25,3.9,316,166,3,536,P1,150,59.0,31.0,258,172,529,P1,False,B,3,,0,272,
Nadia,508,Nadia-508,79,Health Sub-Centre 79,376,345,1,722,47.78,25,3.5,378,160,5,598,P1,218,63.2,26.8,319,163,550,P1,False,B,3,,0,304,
Nadia,508,Nadia-508,80,Market Building 80,276,260,0,536,48.51,19,3.5,225,174,5,443,P1,51,50.8,39.3,218,92,459,P1,False,B,3,,0,226,
Nadia,508,Nadia-508,81,Anganwadi Centre 81,307,289,0,596,48.49,21,3.5,284,123,7,520,P1,161,54.6,23.7,272,167,487,P1,False,B,3,,0,251,
Nadia,508,Nadia-508,82,Primary School 82,344,336,0,680,49.41,25,3.7,246,167,11,520,P1,79,47.3,32.1,276,207,550,P1,False,B,3,,0,287,
Nadia,508,Nadia-508,83,Health Sub-Centre 83,395,370,1,766,48.3,28,3.7,310,239,9,648,P1,71,47.8,36.9,284,111,629,P1,False,B,3,,0,323,
Nadia,508,Nadia-508,84,Community Hall 84,350,330,1,681,48.46,26,3.8,296,215,6,590,P1,81,50.2,36.4,334,179,571,P1,False,B,3,,0,287,
Nadia,508,Nadia-508,85,Panchayat Bhavan 85,263,261,0,524,49.81,17,3.2,247,112,2,399,P1,135,61.9,28.1,289,83,414,P1,False,B,3,,0,221,
Nadia,508,Nadia-508,86,High School 86,384,348,1,733,47.48,32,4.4,321,226,3,608,P1,95,52.8,37.2,320,188,623,P1,False,B,3,,0,309,
Nadia,508,Nadia-508,87,High School 87,320,302,0,622,48.55,26,4.2,303,135,7,529,P1,168,57.3,25.5,340,142,535,P1,False,B,3,,0,262,
Nadia,508,Nadia-508,88,Community Hall 88,400,398,1,799,49.81,35,4.4,439,178,6,686,P1,261,64.0,25.9,382,230,680,P1,False,B,3,,0,337,
Nadia,508,Nadia-508,89,Club Building 89,380,349,0,729,47.87,23,3.2,333,170,5,559,P1,163,59.6,30.4,351,145,552,P1,False,B,3,,0,307,
Nadia,508,Nadia-508,90,High School 90,269,254,0,523,48.57,21,4.0,242,112,8,431,P1,130,56.1,26.0,288,110,442,P1,False,B,3,,0,220,
Nadia,508,Nadia-508,91,Community Hall 91,397,392,1,790,49.62,33,4.2,392,158,4,611,P1,234,64.2,25.9,380,200,645,P1,False,B,3,,0,333,
Nadia,508,Nadia-508,92,Health Sub-Centre 92,384,359,1,744,48.25,30,4.0,339,170,2,566,P1,169,59.9,30.0,323,206,625,P1,False,B,3,,0,313,
Nadia,508,Nadia-508,93,Govt Office 93,305,292,0,597,48.91,28,4.7,259,152,3,457,P1,107,56.7,33.3,279,146,472,P1,False,B,3,,0,252,
Nadia,508,Nadia-508,94,Market Building 94,292,295,1,588,50.17,17,2.9,250,129,11,485,P1,121,51.5,26.6,286,115,445,P1,False,B,3,,0,248,
Nadia,508,Nadia-508,95,Primary School 95,258,251,1,510,49.22,26,5.1,206,144,2,389,P1,62,53.0,37.0,244,125,410,P1,False,B,3,,0,215,
Nadia,508,Nadia-508,96,Community Hall 96,411,408,0,819,49.82,32,3.9,444,162,3,673,P1,282,66.0,24.1,305,228,704,P1,False,A,1,,0,345,
Nadia,508,Nadia-508,97,Primary School 97,309,300,1,610,49.18,28,4.6,291,127,13,529,P1,164,55.0,24.0,371,84,506,P1,False,B,3,,0,257,
Nadia,508,Nadia-508,98,Club Building 98,409,395,0,804,49.13,28,3.5,387,159,11,683,P1,228,56.7,23.3,360,183,699,P1,False,B,3,,0,339,
Nadia,508,Nadia-508,99,Primary School 99,334,311,1,646,48.14,24,3.7,311,185,3,551,P1,126,56.4,33.6,275,216,547,P1,False,B,3,,0,272,
Nadia,508,Nadia-508,100,Temple Hall 100,402,384,1,787,48.79,28,3.6,463,156,2,688,P1,307,67.3,22.7,448,118,629,P1,False,A,1,,0,332,
Nadia,508,Nadia-508,101,Anganwadi Centre 101,361,343,0,704,48.72,22,3.1,335,155,2,544,P1,180,61.6,28.5,331,158,543,P1,False,B,3,,0,297,
Nadia,508,Nadia-508,102,Community Hall 102,272,275,1,548,50.18,19,3.5,256,157,2,468,P1,99,54.7,33.5,240,149,432,P1,False,B,3,,0,231,
Nadia,508,Nadia-508,103,Anganwadi Centre 103,262,246,0,508,48.43,17,3.3,220,135,3,424,P1,85,51.9,31.8,200,188,431,P1,False,B,3,,0,214,
Nadia,508,Nadia-508,104,Govt Office 104,305,298,0,603,49.42,21,3.5,305,161,3,518,P1,144,58.9,31.1,269,101,461,P1,False,B,3,,0,254,
Nadia,508,Nadia-508,105,Post Office 105,271,255,1,527,48.39,17,3.2,206,165,5,429,P1,41,48.0,38.5,248,114,403,P1,False,B,3,,0,222,
Nadia,508,Nadia-508,106,Govt Office 106,414,382,0,796,47.99,27,3.4,334,211,3,629,P1,123,53.1,33.5,361,199,622,P1,False,B,3,,0,335,
Nadia,508,Nadia-508,107,Panchayat Bhavan 107,414,400,1,815,49.08,42,5.2,323,140,21,662,P1,152,48.8,21.1,377,186,625,P1,False,B,3,,0,343,
Nadia,508,Nadia-508,108,Community Hall 108,273,251,1,525,47.81,18,3.4,228,128,7,454,P1,100,50.2,28.2,280,98,420,P1,False,B,3,,0,221,
Nadia,508,Nadia-508,109,Madrasa 109,289,265,0,554,47.83,21,3.8,289,105,2,437,P1,184,66.1,24.0,277,148,472,P1,False,A,1,,0,233,
Nadia,508,Nadia-508,110,Club Building 110,311,294,1,606,48.51,18,3.0,309,136,6,495,P1,173,62.4,27.5,312,152,515,P1,False,B,3,,0,255,
Nadia,508,Nadia-508,111,Post Office 111,350,322,1,673,47.85,25,3.7,288,173,6,514,P1,115,56.0,33.7,225,191,529,P1,False,B,3,,0,284,
Nadia,508,Nadia-508,112,Temple Hall 112,384,350,1,735,47.62,32,4.4,273,186,7,579,P1,87,47.2,32.1,345,165,567,P1,False,B,3,,0,310,
Nadia,508,Nadia-508,113,Club Building 113,314,283,1,598,47.32,29,4.8,356,87,6,492,P1,269,72.4,17.7,317,139,507,P1,False,A,1,,0,252,
Nadia,508,Nadia-508,114,Primary School 114,291,270,0,561,48.13,19,3.4,305,105,4,455,P1,200,67.0,23.1,306,101,452,P1,False,A,1,,0,236,
Nadia,508,Nadia-508,115,Temple Hall 115,353,360,1,714,50.42,35,4.9,300,179,8,575,P1,121,52.2,31.1,335,153,542,P1,False,B,3,,0,301,
Nadia,508,Nadia-508,116,Primary School 116,289,273,1,563,48.49,24,4.3,236,193,4,477,P1,43,49.5,40.5,248,128,487,P1,False,B,3,,0,237,
Nadia,508,Nadia-508,117,Post Office 117,248,239,1,488,48.98,17,3.5,247,109,4,396,P1,138,62.4,27.5,240,116,396,P1,False,B,3,,0,206,
Nadia,508,Nadia-508,118,Club Building 118,257,240,1,498,48.19,20,4.0,240,147,2,430,P1,93,55.8,34.2,207,161,417,P1,False,B,3,,0,210,
Nadia,508,Nadia-508,119,Anganwadi Centre 119,348,313,1,662,47.28,22,3.3,235,163,5,508,P1,72,46.3,32.1,372,136,565,P1,False,B,3,,0,279,
Nadia,508,Nadia-508,120,Market Building 120,344,330,1,675,48.89,33,4.9,315,203,5,575,P1,112,54.8,35.3,357,104,512,P1,False,B,3,,0,284,
Nadia,508,Nadia-508,121,Anganwadi Centre 121,315,312,1,628,49.68,24,3.8,301,130,2,479,P1,171,62.8,27.1,265,189,543,P1,False,B,3,,0,265,
Nadia,508,Nadia-508,122,Anganwadi Centre 122,349,336,0,685,49.05,34,5.0,283,196,2,533,P1,87,53.1,36.8,276,171,521,P1,False,B,3,,0,289,
Nadia,508,Nadia-508,123,Govt Office 123,331,299,0,630,47.46,31,4.9,344,147,5,545,P1,197,63.1,27.0,308,173,535,P1,False,B,3,,0,265,
Nadia,508,Nadia-508,124,Anganwadi Centre 124,358,323,1,682,47.36,23,3.4,316,155,3,538,P1,161,58.7,28.8,306,170,544,P1,False,B,3,,0,287,
Nadia,508,Nadia-508,125,Club Building 125,330,315,0,645,48.84,20,3.1,268,223,4,549,P1,45,48.8,40.6,376,115,546,P1,False,B,3,,0,272,
Nadia,508,Nadia-508,126,High School 126,324,314,1,639,49.14,32,5.0,253,95,10,507,P1,109,49.9,18.7,280,183,514,P1,False,B,3,,0,269,
Nadia,508,Nadia-508,127,Panchayat Bhavan 127,274,264,1,539,48.98,23,4.3,294,81,2,417,P1,213,70.5,19.4,272,108,422,P1,False,A,1,,0,227,
Nadia,508,Nadia-508,128,Primary School 128,388,377,0,765,49.28,25,3.3,468,91,6,622,P1,377,75.2,14.6,293,74,605,P1,False,A,1,,0,322,
Nadia,508,Nadia-508,129,Club Building 129,269,257,1,527,48.77,18,3.4,216,145,6,416,P1,71,51.9,34.9,283,81,404,P1,False,B,3,,0,222,
Nadia,508,Nadia-508,130,Anganwadi Centre 130,273,254,1,528,48.11,20,3.8,227,142,3,410,P1,85,55.4,34.6,260,138,455,P1,False,B,3,,0,222,
Nadia,508,Nadia-508,131,Anganwadi Centre 131,414,390,0,804,48.51,24,3.0,337,255,3,660,P1,82,51.1,38.6,344,151,668,P1,False,B,3,,0,339,
Nadia,508,Nadia-508,132,Post Office 132,327,294,1,622,47.27,24,3.9,270,161,4,502,P1,109,53.8,32.1,315,133,497,P1,False,B,3,,0,262,
Nadia,508,Nadia-508,133,Health Sub-Centre 133,419,399,1,819,48.72,40,4.9,413,195,5,676,P1,218,61.1,28.8,426,208,704,P1,False,B,3,,0,345,
Nadia,508,Nadia-508,134,Community Hall 134,321,311,1,633,49.13,24,3.8,303,150,3,516,P1,153,58.7,29.1,311,162,526,P1,False,B,3,,0,267,
Nadia,508,Nadia-508,135,Panchayat Bhavan 135,286,271,1,558,48.57,25,4.5,237,138,2,432,P1,99,54.9,31.9,218,164,424,P1,False,B,3,,0,235,
Nadia,508,Nadia-508,136,Temple Hall 136,385,367,1,753,48.74,29,3.9,323,183,7,590,P1,140,54.7,31.0,411,173,648,P1,False,B,3,,0,317,
Nadia,508,Nadia-508,137,Anganwadi Centre 137,378,384,1,763,50.33,38,5.0,437,93,7,589,P1,344,74.2,15.8,448,118,629,P1,False,A,1,,0,321,
Nadia,508,Nadia-508,138,High School 138,376,351,0,727,48.28,33,4.5,271,162,7,553,P1,109,49.0,29.3,293,197,558,P1,False,B,3,,0,306,
Nadia,508,Nadia-508,139,Post Office 139,256,243,1,500,48.6,26,5.2,224,125,7,420,P1,99,53.3,29.8,233,93,379,P1,False,B,3,,0,211,
Nadia,508,Nadia-508,140,Madrasa 140,366,358,0,724,49.45,27,3.7,357,142,4,555,P1,215,64.3,25.6,325,187,569,P1,False,B,3,,0,305,
Nadia,508,Nadia-508,141,Panchayat Bhavan 141,308,317,0,625,50.72,22,3.5,294,145,6,488,P1,149,60.2,29.7,258,180,501,P1,False,B,3,,0,263,
Nadia,508,Nadia-508,142,Market Building 142,396,394,0,790,49.87,31,3.9,281,228,3,605,P1,53,46.4,37.7,270,242,632,P1,False,B,3,,0,333,
Nadia,508,Nadia-508,143,Post Office 143,371,372,1,744,50.0,32,4.3,372,154,5,584,P1,218,63.7,26.4,307,210,621,P1,False,B,3,,0,313,
Nadia,508,Nadia-508,144,Panchayat Bhavan 144,349,354,1,704,50.28,35,5.0,371,173,3,612,P1,198,60.6,28.3,282,177,548,P1,False,B,3,,0,297,
Nadia,508,Nadia-508,145,Community Hall 145,374,340,1,715,47.55,20,2.8,364,190,6,616,P1,174,59.1,30.8,378,159,597,P1,False,B,3,,0,301,
Nadia,508,Nadia-508,146,Panchayat Bhavan 146,298,293,1,592,49.49,25,4.2,325,129,5,505,P1,196,64.4,25.5,213,202,469,P1,False,B,3,,0,249,
Nadia,508,Nadia-508,147,Govt Office 147,406,365,1,772,47.28,28,3.6,366,220,3,651,P1,146,56.2,33.8,366,219,650,P1,False,B,3,,0,325,
Nadia,508,Nadia-508,148,High School 148,357,340,0,697,48.78,25,3.6,359,151,7,573,P1,208,62.7,26.4,357,187,605,P1,False,B,3,,0,294,
Nadia,508,Nadia-508,149,High School 149,328,309,0,637,48.51,26,4.1,393,105,5,553,P1,288,71.1,19.0,319,136,505,P1,False,A,1,,0,268,
Nadia,508,Nadia-508,150,Community Hall 150,386,396,0,782,50.64,25,3.2,338,218,12,662,P1,120,51.1,32.9,363,172,669,P1,False,B,3,,0,329,
Nadia,508,Nadia-508,151,Madrasa 151,297,292,1,590,49.49,17,2.9,269,139,5,453,P1,130,59.4,30.7,245,162,483,P1,False,B,3,,0,249,
Nadia,508,Nadia-508,152,Govt Office 152,323,301,0,624,48.24,24,3.8,242,181,6,519,P1,61,46.6,34.9,305,181,540,P1,False,B,3,,0,263,
Nadia,508,Nadia-508,153,Market Building 153,278,251,0,529,47.45,20,3.8,247,116,6,459,P1,131,53.8,25.3,305,107,458,P1,False,B,3,,0,223,
Nadia,508,Nadia-508,154,Primary School 154,297,280,0,577,48.53,18,3.1,323,131,6,504,P1,192,64.1,26.0,254,140,495,P1,False,B,3,,0,243,
Nadia,508,Nadia-508,155,Madrasa 155,314,317,1,632,50.16,22,3.5,268,117,8,488,P1,151,54.9,24.0,306,149,506,P1,False,B,3,,0,266,
Nadia,508,Nadia-508,156,High School 156,417,397,0,814,48.77,29,3.6,340,224,2,626,P1,116,54.3,35.8,354,157,694,P1,False,B,3,,0,343,
Nadia,508,Nadia-508,157,Club Building 157,350,357,0,707,50.5,28,4.0,212,196,9,557,P1,16,38.1,35.2,249,201,578,P1,False,B,3,,0,298,
Nadia,508,Nadia-508,158,Panchayat Bhavan 158,347,314,0,661,47.5,27,4.1,365,107,2,524,P1,258,69.7,20.4,247,136,501,P1,False,A,1,,0,279,
Nadia,508,Nadia-508,159,Madrasa 159,351,323,1,675,47.85,29,4.3,288,162,10,579,P1,126,49.7,28.0,265,183,538,P1,False,B,3,,0,284,
Nadia,508,Nadia-508,160,Market Building 160,322,320,0,642,49.84,21,3.3,320,168,4,543,P1,152,58.9,30.9,242,157,500,P1,False,B,3,,0,271,
Nadia,508,Nadia-508,161,Anganwadi Centre 161,305,278,1,584,47.6,17,2.9,293,149,2,491,P1,144,59.7,30.3,248,143,476,P1,False,B,3,,0,246,
Nadia,508,Nadia-508,162,Market Building 162,246,245,0,491,49.9,17,3.5,201,141,6,401,P1,60,50.1,35.2,271,88,425,P1,False,B,3,,0,207,
Nadia,508,Nadia-508,163,Govt Office 163,414,387,1,802,48.25,36,4.5,380,224,5,672,P1,156,56.5,33.3,399,185,648,P1,False,B,3,,0,338,
Nadia,508,Nadia-508,164,Post Office 164,380,376,1,757,49.67,25,3.3,434,155,7,655,P1,279,66.3,23.7,400,126,584,P1,False,A,1,,0,319,
Nadia,508,Nadia-508,165,Health Sub-Centre 165,362,364,0,726,50.14,34,4.7,323,228,6,613,P1,95,52.7,37.2,320,172,569,P1,False,B,3,,0,306,
Nadia,509,Nadia-509,1,Health Sub-Centre 1,393,363,0,756,48.02,102,13.5,287,230,2,574,P1,57,50.0,40.1,307,238,605,P1,False,D,4,,0,319,
Nadia,509,Nadia-509,2,Madrasa 2,364,337,1,702,48.01,72,10.3,316,165,8,612,P1,151,51.6,27.0,304,144,601,P1,False,D,4,,0,296,
Nadia,509,Nadia-509,3,Govt Office 3,319,323,0,642,50.31,96,15.0,320,149,3,521,P1,171,61.4,28.6,248,140,517,P1,False,D,4,,0,271,
Nadia,509,Nadia-509,4,Community Hall 4,250,241,1,492,48.98,81,16.5,249,100,3,388,P1,149,64.2,25.8,200,144,409,P1,False,D,4,,0,207,
Nadia,509,Nadia-509,5,Club Building 5,381,341,0,722,47.23,76,10.5,389,177,6,629,P1,212,61.8,28.1,333,172,575,P1,False,D,4,,0,304,
Nadia,509,Nadia-509,6,High School 6,296,284,1,581,48.88,88,15.1,311,134,4,494,P1,177,63.0,27.1,242,170,458,P1,False,D,4,,0,245,
Nadia,509,Nadia-509,7,Panchayat Bhavan 7,394,365,0,759,48.09,72,9.5,279,197,12,604,P1,82,46.2,32.6,406,153,621,P1,False,B,3,,0,320,
Nadia,509,Nadia-509,8,Panchayat Bhavan 8,380,355,0,735,48.3,123,16.7,372,204,2,640,P1,168,58.1,31.9,326,151,575,P1,False,D,4,,0,310,
Nadia,509,Nadia-509,9,Primary School 9,381,369,0,750,49.2,114,15.2,381,167,5,609,P1,214,62.6,27.4,306,202,579,P1,False,D,4,,0,316,
Nadia,509,Nadia-509,10,High School 10,347,345,1,693,49.78,112,16.2,302,177,5,545,P1,125,55.4,32.5,238,205,537,P1,False,D,4,,0,292,
Nadia,509,Nadia-509,11,Anganwadi Centre 11,411,395,1,807,48.95,131,16.2,357,213,6,659,P1,144,54.2,32.3,422,196,686,P1,False,D,4,,0,340,
Nadia,509,Nadia-509,12,High School 12,311,279,1,591,47.21,78,13.2,321,89,4,455,P1,232,70.5,19.6,251,173,481,P1,False,D,4,,0,249,
Nadia,509,Nadia-509,13,Club Building 13,359,361,0,720,50.14,78,10.8,300,206,4,574,P1,94,52.3,35.9,284,223,611,P1,False,D,4,,0,303,
Nadia,509,Nadia-509,14,Panchayat Bhavan 14,392,359,1,752,47.74,83,11.0,406,150,4,618,P1,256,65.7,24.3,334,222,618,P1,False,D,4,,0,317,
Nadia,509,Nadia-509,15,Health Sub-Centre 15,336,315,1,652,48.31,100,15.3,257,204,7,521,P1,53,49.3,39.2,343,148,546,P1,False,D,4,,0,275,
Nadia,509,Nadia-509,16,Temple Hall 16,344,332,0,676,49.11,103,15.2,325,204,4,588,P1,121,55.3,34.7,318,187,561,P1,False,D,4,,0,285,
Nadia,509,Nadia-509,17,Post Office 17,362,344,1,707,48.66,92,13.0,315,201,4,586,P1,114,53.8,34.3,289,182,610,P1,False,D,4,,0,298,
Nadia,509,Nadia-509,18,Health Sub-Centre 18,243,243,0,486,50.0,66,13.6,192,130,5,401,P1,62,47.9,32.4,180,133,371,P1,False,D,4,,0,205,
Nadia,509,Nadia-509,19,Temple Hall 19,268,260,0,528,49.24,62,11.7,218,141,10,446,P1,77,48.9,31.6,202,98,417,P1,False,D,4,,0,222,
Nadia,509,Nadia-509,20,Anganwadi Centre 20,276,265,0,541,48.98,51,9.4,277,111,5,431,P1,166,64.3,25.8,224,132,458,P1,False,B,3,,0,228,
Nadia,509,Nadia-509,21,High School 21,321,316,0,637,49.61,64,10.0,263,174,6,491,P1,89,53.6,35.4,253,205,509,P1,False,B,3,,0,268,
Nadia,509,Nadia-509,22,Temple Hall 22,365,351,0,716,49.02,74,10.3,256,212,3,545,P1,44,47.0,38.9,328,199,586,P1,False,D,4,,0,302,
Nadia,509,Nadia-509,23,Primary School 23,273,269,1,543,49.54,61,11.2,249,139,4,431,P1,110,57.8,32.3,250,142,436,P1,False,D,4,,0,229,
Nadia,509,Nadia-509,24,Community Hall 24,350,322,1,673,47.85,88,13.1,265,201,12,574,P1,64,46.2,35.0,306,163,521,P1,False,D,4,,0,284,
Nadia,509,Nadia-509,25,Temple Hall 25,397,401,0,798,50.25,131,16.4,307,264,14,691,P1,43,44.4,38.2,358,252,678,P1,False,D,4,,0,336,
Nadia,509,Nadia-509,26,Club Building 26,258,242,1,501,48.3,61,12.2,240,137,4,430,P1,103,55.8,31.9,197,123,411,P1,False,D,4,,0,211,
Nadia,509,Nadia-509,27,Health Sub-Centre 27,395,395,0,790,50.0,101,12.8,303,231,13,648,P1,72,46.8,35.6,336,228,688,P1,False,D,4,,0,333,
Nadia,509,Nadia-509,28,Post Office 28,364,372,0,736,50.54,71,9.6,321,229,7,630,P1,92,51.0,36.3,307,198,561,P1,False,B,3,,0,310,
Nadia,509,Nadia-509,29,Community Hall 29,256,249,0,505,49.31,85,16.8,191,158,8,429,P1,33,44.5,36.8,239,152,435,P1,False,D,4,,0,213,
Nadia,509,Nadia-509,30,Community Hall 30,342,313,0,655,47.79,85,13.0,272,162,4,519,P1,110,52.4,31.2,247,227,560,P1,False,D,4,,0,276,
Nadia,509,Nadia-509,31,Market Building 31,340,328,1,669,49.03,65,9.7,296,118,9,521,P1,178,56.8,22.6,304,181,539,P1,False,B,3,,0,282,
Nadia,509,Nadia-509,32,Primary School 32,258,247,0,505,48.91,83,16.4,193,146,7,400,P1,47,48.2,36.5,326,64,433,P1,False,D,4,,0,213,
Nadia,509,Nadia-509,33,Temple Hall 33,255,255,0,510,50.0,58,11.4,238,153,4,434,P1,85,54.8,35.3,217,89,393,P1,False,D,4,,0,215,
Nadia,509,Nadia-509,34,Temple Hall 34,293,279,1,573,48.69,88,15.4,245,143,8,489,P1,102,50.1,29.2,304,126,477,P1,False,D,4,,0,241,
Nadia,509,Nadia-509,35,Primary School 35,304,279,0,583,47.86,70,12.0,223,184,6,481,P1,39,46.4,38.3,276,126,452,P1,False,D,4,,0,246,
Nadia,509,Nadia-509,36,Govt Office 36,289,268,1,558,48.03,72,12.9,266,141,8,477,P1,125,55.8,29.6,223,128,469,P1,False,D,4,,0,235,
Nadia,509,Nadia-509,37,Primary School 37,254,232,1,487,47.64,49,10.1,175,136,9,396,P1,39,44.2,34.3,202,135,375,P1,False,D,4,,0,205,
Nadia,509,Nadia-509,38,High School 38,345,351,1,697,50.36,116,16.6,308,228,2,596,P1,80,51.7,38.3,352,130,535,P1,False,D,4,,0,294,
Nadia,509,Nadia-509,39,Community Hall 39,300,288,0,588,48.98,65,11.1,292,159,3,501,P1,133,58.3,31.7,235,184,466,P1,False,D,4,,0,248,
Nadia,509,Nadia-509,40,Madrasa 40,321,326,0,647,50.39,97,15.0,318,126,5,494,P1,192,64.4,25.5,288,182,526,P1,False,D,4,,0,273,
Nadia,509,Nadia-509,41,Post Office 41,370,361,0,731,49.38,105,14.4,376,181,7,619,P1,195,60.7,29.2,308,134,601,P1,False,D,4,,0,308,
Nadia,509,Nadia-509,42,Post Office 42,315,323,0,638,50.63,72,11.3,271,177,2,517,P1,94,52.4,34.2,315,168,537,P1,False,D,4,,0,269,
Nadia,509,Nadia-509,43,Temple Hall 43,385,366,1,752,48.67,91,12.1,295,182,8,615,P1,113,48.0,29.6,295,244,600,P1,False,D,4,,0,317,
Nadia,509,Nadia-509,44,High School 44,397,394,1,792,49.75,101,12.8,325,215,5,600,P1,110,54.2,35.8,380,206,652,P1,False,D,4,,0,334,
Nadia,509,Nadia-509,45,Health Sub-Centre 45,351,322,1,674,47.77,99,14.7,297,225,2,588,P1,72,50.5,38.3,272,194,522,P1,False,D,4,,0,284,
Nadia,509,Nadia-509,46,Temple Hall 46,369,349,0,718,48.61,120,16.7,395,135,7,588,P1,260,67.2,23.0,340,156,551,P1,False,D,4,,0,303,
Nadia,509,Nadia-509,47,Anganwadi Centre 47,383,380,1,764,49.74,126,16.5,338,199,7,627,P1,139,53.9,31.7,409,180,655,P1,False,D,4,,0,322,
Nadia,509,Nadia-509,48,Govt Office 48,367,329,0,696,47.27,92,13.2,266,245,5,570,P1,21,46.7,43.0,294,192,548,P1,False,D,4,,0,293,
Nadia,509,Nadia-509,49,Panchayat Bhavan 49,402,379,1,782,48.47,106,13.6,443,109,6,614,P1,334,72.1,17.8,349,190,614,P1,False,D,4,,0,329,
Nadia,509,Nadia-509,50,High School 50,392,366,0,758,48.28,103,13.6,430,146,3,640,P1,284,67.2,22.8,360,206,628,P1,False,D,4,,0,319,
Nadia,509,Nadia-509,51,High School 51,373,346,1,720,48.06,110,15.3,356,205,3,624,P1,151,57.1,32.9,327,157,582,P1,False,D,4,,0,303,
Nadia,509,Nadia-509,52,Temple Hall 52,246,251,1,498,50.4,73,14.7,244,126,3,425,P1,118,57.4,29.6,211,156,422,P1,False,D,4,,0,210,
Nadia,509,Nadia-509,53,Market Building 53,273,283,1,557,50.81,78,14.0,302,101,2,448,P1,201,67.4,22.5,273,142,461,P1,False,D,4,,0,235,
Nadia,509,Nadia-509,54,Anganwadi Centre 54,377,362,0,739,48.99,83,11.2,326,150,6,568,P1,176,57.4,26.4,281,196,571,P1,False,D,4,,0,311,
Nadia,509,Nadia-509,55,Panchayat Bhavan 55,345,341,0,686,49.71,75,10.9,353,157,4,567,P1,196,62.3,27.7,297,213,567,P1,False,D,4,,0,289,
Nadia,509,Nadia-509,56,Market Building 56,341,312,0,653,47.78,82,12.6,334,136,6,522,P1,198,64.0,26.1,316,149,517,P1,False,D,4,,0,275,
Nadia,509,Nadia-509,57,Health Sub-Centre 57,250,229,1,480,47.71,49,10.2,226,139,3,409,P1,87,55.3,34.0,252,112,417,P1,False,D,4,,0,202,
Nadia,509,Nadia-509,58,Madrasa 58,282,282,0,564,50.0,91,16.1,266,158,2,486,P1,108,54.7,32.5,257,165,469,P1,False,D,4,,0,238,
Nadia,509,Nadia-509,59,Anganwadi Centre 59,397,390,1,788,49.49,132,16.8,389,154,6,624,P1,235,62.3,24.7,374,240,683,P1,False,D,4,,0,332,
Nadia,509,Nadia-509,60,Govt Office 60,313,324,1,638,50.78,59,9.2,328,121,2,499,P1,207,65.7,24.2,269,212,535,P1,False,A,1,,0,269,
Nadia,509,Nadia-509,61,Govt Office 61,411,385,1,797,48.31,121,15.2,386,204,2,656,P1,182,58.8,31.1,351,183,678,P1,False,D,4,,0,336,
Nadia,509,Nadia-509,62,Panchayat Bhavan 62,343,312,0,655,47.63,87,13.3,264,188,2,502,P1,76,52.6,37.5,274,217,546,P1,False,D,4,,0,276,
Nadia,509,Nadia-509,63,Post Office 63,414,393,0,807,48.7,86,10.7,341,213,5,631,P1,128,54.0,33.8,387,129,658,P1,False,D,4,,0,340,
Nadia,509,Nadia-509,64,Anganwadi Centre 64,315,286,0,601,47.59,84,14.0,254,147,2,455,P1,107,55.8,32.3,236,116,468,P1,False,D,4,,0,253,
Nadia,509,Nadia-509,65,Anganwadi Centre 65,326,305,1,632,48.26,104,16.5,272,158,6,490,P1,114,55.5,32.2,354,130,547,P1,False,D,4,,0,266,
Nadia,509,Nadia-509,66,Club Building 66,253,242,0,495,48.89,61,12.3,201,106,4,386,P1,95,52.1,27.5,215,140,432,P1,False,D,4,,0,209,
Nadia,509,Nadia-509,67,Community Hall 67,388,385,1,774,49.74,80,10.3,414,172,4,652,P1,242,63.5,26.4,251,226,614,P1,False,D,4,,0,326,
Nadia,509,Nadia-509,68,Club Building 68,353,323,0,676,47.78,76,11.2,336,131,4,519,P1,205,64.7,25.2,330,145,528,P1,False,D,4,,0,285,
Nadia,509,Nadia-509,69,High School 69,385,356,0,741,48.04,106,14.3,401,147,6,609,P1,254,65.8,24.1,406,161,630,P1,False,D,4,,0,312,
Nadia,509,Nadia-509,70,High School 70,246,235,1,482,48.76,72,14.9,215,136,2,391,P1,79,55.0,34.8,236,86,387,P1,False,D,4,,0,203,
Nadia,509,Nadia-509,71,Primary School 71,307,279,1,587,47.53,75,12.8,301,128,3,477,P1,173,63.1,26.8,311,102,458,P1,False,D,4,,0,247,
Nadia,509,Nadia-509,72,Madrasa 72,299,286,0,585,48.89,81,13.8,247,165,5,493,P1,82,50.1,33.5,243,168,457,P1,False,D,4,,0,246,
Nadia,509,Nadia-509,73,Health Sub-Centre 73,305,310,1,616,50.32,62,10.1,272,164,7,503,P1,108,54.1,32.6,290,181,524,P1,False,D,4,,0,260,
Nadia,509,Nadia-509,74,Temple Hall 74,392,387,0,779,49.68,85,10.9,348,193,5,678,P1,155,51.3,28.5,326,215,602,P1,False,D,4,,0,328,
Nadia,509,Nadia-509,75,Community Hall 75,252,251,1,504,49.8,77,15.3,211,138,10,439,P1,73,48.1,31.4,229,102,418,P1,False,D,4,,0,212,
Nadia,509,Nadia-509,76,Health Sub-Centre 76,371,359,0,730,49.18,86,11.8,339,226,6,629,P1,113,53.9,35.9,435,128,625,P1,False,D,4,,0,308,
Nadia,509,Nadia-509,77,Govt Office 77,335,319,0,654,48.78,84,12.8,297,178,4,527,P1,119,56.4,33.8,277,127,512,P1,False,D,4,,0,276,
Nadia,509,Nadia-509,78,Primary School 78,299,300,1,600,50.0,87,14.5,256,124,5,480,P1,132,53.3,25.8,269,148,463,P1,False,D,4,,0,253,
Nadia,509,Nadia-509,79,Community Hall 79,403,365,1,769,47.46,122,15.9,398,182,4,644,P1,216,61.8,28.3,435,142,641,P1,False,D,4,,0,324,
Nadia,509,Nadia-509,80,Madrasa 80,372,371,1,744,49.87,112,15.1,377,196,5,637,P1,181,59.2,30.8,316,199,609,P1,False,D,4,,0,313,
Nadia,509,Nadia-509,81,Market Building 81,343,344,1,688,50.0,105,15.3,258,140,13,555,P1,118,46.5,25.2,276,142,536,P1,False,D,4,,0,290,
Nadia,509,Nadia-509,82,Post Office 82,403,401,0,804,49.88,127,15.8,382,204,7,676,P1,178,56.5,30.2,351,248,678,P1,False,D,4,,0,339,
Nadia,509,Nadia-509,83,Madrasa 83,403,361,1,765,47.19,124,16.2,444,132,5,640,P1,312,69.4,20.6,396,174,633,P1,False,D,4,,0,322,
Nadia,509,Nadia-509,84,Club Building 84,254,257,1,512,50.2,62,12.1,248,103,1,390,P1,145,63.6,26.4,252,105,397,P1,False,D,4,,0,216,
Nadia,509,Nadia-509,85,Community Hall 85,244,239,1,484,49.38,61,12.6,200,120,3,380,P1,80,52.6,31.6,206,109,368,P1,False,D,4,,0,204,
Nadia,509,Nadia-509,86,Temple Hall 86,251,259,0,510,50.78,60,11.8,254,137,4,435,P1,117,58.4,31.5,256,143,443,P1,False,D,4,,0,215,
Nadia,509,Nadia-509,87,Health Sub-Centre 87,273,282,1,556,50.72,59,10.6,214,192,6,457,P1,22,46.8,42.0,239,121,436,P1,False,D,4,,0,234,
Nadia,509,Nadia-509,88,Madrasa 88,420,384,1,805,47.7,132,16.4,305,242,6,643,P1,63,47.4,37.6,325,188,618,P1,False,D,4,,0,339,
Nadia,509,Nadia-509,89,Temple Hall 89,394,363,0,757,47.95,72,9.5,246,177,11,622,P1,64,39.5,28.5,412,138,611,P1,False,B,3,,0,319,
Nadia,509,Nadia-509,90,Temple Hall 90,407,373,1,781,47.76,101,12.9,361,172,6,621,P1,189,58.1,27.7,382,197,644,P1,False,D,4,,0,329,
Nadia,509,Nadia-509,91,Panchayat Bhavan 91,396,376,1,773,48.64,119,15.4,318,197,10,633,P1,121,50.2,31.1,283,192,594,P1,False,D,4,,0,326,
Nadia,509,Nadia-509,92,Club Building 92,265,264,1,530,49.81,84,15.8,282,94,5,434,P1,188,65.0,21.7,219,128,425,P1,False,D,4,,0,223,
Nadia,509,Nadia-509,93,Temple Hall 93,298,305,0,603,50.58,65,10.8,267,137,5,476,P1,130,56.1,28.8,255,102,459,P1,False,D,4,,0,254,
Nadia,509,Nadia-509,94,High School 94,249,233,0,482,48.34,67,13.9,214,121,2,372,P1,93,57.5,32.5,215,141,396,P1,False,D,4,,0,203,
Nadia,509,Nadia-509,95,High School 95,372,334,1,707,47.24,110,15.6,311,187,4,554,P1,124,56.1,33.8,344,187,618,P1,False,D,4,,0,298,
Nadia,509,Nadia-509,96,Govt Office 96,385,368,1,754,48.81,109,14.5,389,194,3,648,P1,195,60.0,29.9,353,170,582,P1,False,D,4,,0,318,
Nadia,509,Nadia-509,97,Market Building 97,307,299,0,606,49.34,56,9.2,314,157,3,524,P1,157,59.9,30.0,251,117,495,P1,False,B,3,,0,255,
Nadia,509,Nadia-509,98,Community Hall 98,397,410,1,808,50.74,136,16.8,375,257,3,702,P1,118,53.4,36.6,342,233,683,P1,False,D,4,,0,340,
Nadia,509,Nadia-509,99,Anganwadi Centre 99,417,378,0,795,47.55,94,11.8,418,147,4,628,P1,271,66.6,23.4,347,215,624,P1,False,D,4,,0,335,
Nadia,509,Nadia-509,100,Panchayat Bhavan 100,269,257,1,527,48.77,67,12.7,242,120,1,402,P1,122,60.2,29.9,235,151,435,P1,False,D,4,,0,222,
Nadia,509,Nadia-509,101,Primary School 101,321,306,1,628,48.73,95,15.1,325,135,3,528,P1,190,61.6,25.6,270,191,530,P1,False,D,4,,0,265,
Nadia,509,Nadia-509,102,Health Sub-Centre 102,314,304,0,618,49.19,92,14.9,304,135,3,488,P1,169,62.3,27.7,262,137,520,P1,False,D,4,,0,260,
Nadia,509,Nadia-509,103,Govt Office 103,306,284,1,591,48.05,89,15.1,294,161,2,511,P1,133,57.5,31.5,276,123,481,P1,False,D,4,,0,249,
Nadia,509,Nadia-509,104,Post Office 104,332,316,1,649,48.69,67,10.3,245,151,11,507,P1,94,48.3,29.8,247,157,515,P1,False,D,4,,0,273,
Nadia,509,Nadia-509,105,Club Building 105,354,357,0,711,50.21,65,9.1,336,153,6,543,P1,183,61.9,28.2,335,198,592,P1,False,B,3,,0,300,
Nadia,509,Nadia-509,106,Club Building 106,292,272,1,565,48.14,75,13.3,307,109,7,477,P1,198,64.4,22.9,282,160,491,P1,False,D,4,,0,238,
Nadia,509,Nadia-509,107,Panchayat Bhavan 107,399,369,0,768,48.05,124,16.1,460,136,6,663,P1,324,69.4,20.5,435,141,640,P1,False,D,4,,0,324,
Nadia,509,Nadia-509,108,Club Building 108,324,305,1,630,48.41,65,10.3,338,150,4,542,P1,188,62.4,27.7,264,148,483,P1,False,D,4,,0,265,
Nadia,509,Nadia-509,109,Health Sub-Centre 109,254,240,0,494,48.58,59,11.9,198,157,8,430,P1,41,46.0,36.5,212,131,404,P1,False,D,4,,0,208,
Nadia,509,Nadia-509,110,High School 110,273,260,1,534,48.69,65,12.2,214,133,7,405,P1,81,52.8,32.8,261,117,420,P1,False,D,4,,0,225,
Nadia,509,Nadia-509,111,Post Office 111,275,271,1,547,49.54,63,11.5,283,120,5,448,P1,163,63.2,26.8,224,157,423,P1,False,D,4,,0,230,
Nadia,509,Nadia-509,112,Market Building 112,422,388,1,811,47.84,106,13.1,348,219,4,660,P1,129,52.7,33.2,383,145,679,P1,False,D,4,,0,342,
Nadia,509,Nadia-509,113,Club Building 113,300,269,0,569,47.28,84,14.8,212,111,4,437,P1,101,48.5,25.4,316,118,483,P1,False,D,4,,0,240,
Nadia,509,Nadia-509,114,Primary School 114,284,254,0,538,47.21,50,9.3,287,119,5,451,P1,168,63.6,26.4,301,109,455,P1,False,B,3,,0,227,
Nadia,509,Nadia-509,115,Primary School 115,395,404,1,800,50.5,130,16.2,273,216,9,619,P1,57,44.1,34.9,361,231,658,P1,False,D,4,,0,337,
Nadia,509,Nadia-509,116,Anganwadi Centre 116,313,297,1,611,48.61,74,12.1,297,153,3,519,P1,144,57.2,29.5,246,166,520,P1,False,D,4,,0,257,
Nadia,509,Nadia-509,117,Health Sub-Centre 117,393,368,1,762,48.29,80,10.5,325,198,6,603,P1,127,53.9,32.8,342,195,597,P1,False,D,4,,0,321,
Nadia,509,Nadia-509,118,Madrasa 118,307,289,0,596,48.49,86,14.4,241,196,5,506,P1,45,47.6,38.7,270,159,477,P1,False,D,4,,0,251,
Nadia,509,Nadia-509,119,Club Building 119,386,392,0,778,50.39,123,15.8,343,177,9,609,P1,166,56.3,29.1,245,197,594,P1,False,D,4,,0,328,
Nadia,509,Nadia-509,120,Temple Hall 120,332,325,1,658,49.39,79,12.0,263,163,7,507,P1,100,51.9,32.1,281,171,523,P1,False,D,4,,0,277,
Nadia,509,Nadia-509,121,Madrasa 121,278,270,1,549,49.18,53,9.7,210,180,5,441,P1,30,47.6,40.8,230,126,442,P1,False,B,3,,0,231,
Nadia,509,Nadia-509,122,Health Sub-Centre 122,346,325,0,671,48.44,91,13.6,284,177,5,512,P1,107,55.5,34.6,294,120,512,P1,False,D,4,,0,283,
Nadia,509,Nadia-509,123,Madrasa 123,302,312,0,614,50.81,80,13.0,265,167,4,507,P1,98,52.3,32.9,262,168,488,P1,False,D,4,,0,259,
Nadia,509,Nadia-509,124,High School 124,356,360,1,717,50.21,83,11.6,298,209,6,563,P1,89,52.9,37.1,333,230,625,P1,False,D,4,,0,302,
Nadia,509,Nadia-509,125,Post Office 125,316,300,1,617,48.62,67,10.9,283,169,4,533,P1,114,53.1,31.7,312,145,508,P1,False,D,4,,0,260,
Nadia,509,Nadia-509,126,Post Office 126,310,285,1,596,47.82,65,10.9,229,164,6,480,P1,65,47.7,34.2,319,107,473,P1,False,D,4,,0,251,
Nadia,509,Nadia-509,127,Primary School 127,296,287,0,583,49.23,93,16.0,219,124,11,479,P1,95,45.7,25.9,224,131,452,P1,False,D,4,,0,246,
Nadia,509,Nadia-509,128,Primary School 128,268,244,0,512,47.66,80,15.6,268,84,2,400,P1,184,67.0,21.0,244,143,430,P1,False,D,4,,0,216,
Nadia,509,Nadia-509,129,Market Building 129,331,316,1,648,48.77,77,11.9,362,104,4,518,P1,258,69.9,20.1,242,175,536,P1,False,D,4,,0,273,
Nadia,509,Nadia-509,130,Panchayat Bhavan 130,330,320,0,650,49.23,63,9.7,361,100,5,512,P1,261,70.5,19.5,318,143,550,P1,False,A,1,,0,274,
Nadia,509,Nadia-509,131,Market Building 131,319,314,1,634,49.53,98,15.5,289,188,3,530,P1,101,54.5,35.5,267,164,553,P1,False,D,4,,0,267,
Nadia,509,Nadia-509,132,High School 132,397,363,1,761,47.7,110,14.5,397,185,2,646,P1,212,61.5,28.6,350,201,612,P1,False,D,4,,0,321,
Nadia,509,Nadia-509,133,Panchayat Bhavan 133,292,281,1,574,48.95,68,11.8,305,104,2,454,P1,201,67.2,22.9,264,154,464,P1,False,D,4,,0,242,
Nadia,509,Nadia-509,134,Temple Hall 134,358,329,1,688,47.82,109,15.8,334,146,6,534,P1,188,62.5,27.3,266,208,537,P1,False,D,4,,0,290,
Nadia,509,Nadia-509,135,Madrasa 135,268,262,0,530,49.43,82,15.5,258,124,4,425,P1,134,60.7,29.2,269,121,433,P1,False,D,4,,0,223,
Nadia,509,Nadia-509,136,Market Building 136,334,319,0,653,48.85,106,16.2,276,185,11,556,P1,91,49.6,33.3,295,145,537,P1,False,D,4,,0,275,
Nadia,509,Nadia-509,137,Community Hall 137,401,365,1,767,47.59,129,16.8,302,200,7,586,P1,102,51.5,34.1,323,175,601,P1,False,D,4,,0,323,
Nadia,509,Nadia-509,138,Madrasa 138,295,289,1,585,49.4,72,12.3,239,199,5,499,P1,40,47.9,39.9,239,139,446,P1,False,D,4,,0,246,
Nadia,509,Nadia-509,139,Market Building 139,246,237,1,484,48.97,47,9.7,230,110,2,377,P1,120,61.0,29.2,176,81,402,P1,False,B,3,,0,204,
Nadia,509,Nadia-509,140,Community Hall 140,354,365,0,719,50.76,69,9.6,371,139,4,587,P1,232,63.2,23.7,286,124,560,P1,False,B,3,,0,303,
Nadia,509,Nadia-509,141,Madrasa 141,369,371,1,741,50.07,87,11.7,334,192,3,585,P1,142,57.1,32.8,368,159,585,P1,False,D,4,,0,312,
Nadia,509,Nadia-509,142,High School 142,369,349,0,718,48.61,87,12.1,345,109,8,555,P1,236,62.2,19.6,345,189,625,P1,False,D,4,,0,303,
Nadia,509,Nadia-509,143,Community Hall 143,399,407,0,806,50.5,127,15.8,332,151,8,624,P1,181,53.2,24.2,480,132,680,P1,False,D,4,,0,340,
Nadia,509,Nadia-509,144,Panchayat Bhavan 144,399,370,1,770,48.05,101,13.1,370,191,3,654,P1,179,56.6,29.2,459,137,662,P1,False,D,4,,0,324,
Nadia,509,Nadia-509,145,Temple Hall 145,258,267,0,525,50.86,64,12.2,221,148,7,432,P1,73,51.2,34.3,230,156,429,P1,False,D,4,,0,221,
Nadia,509,Nadia-509,146,Post Office 146,313,323,1,637,50.71,73,11.5,360,138,3,553,P1,222,65.1,25.0,268,162,530,P1,False,D,4,,0,268,
Nadia,509,Nadia-509,147,Post Office 147,262,240,1,503,47.71,83,16.5,235,125,3,400,P1,110,58.8,31.2,280,115,439,P1,False,D,4,,0,212,
Nadia,509,Nadia-509,148,Panchayat Bhavan 148,337,322,1,660,48.79,78,11.8,335,176,7,568,P1,159,59.0,31.0,321,180,565,P1,False,D,4,,0,278,
Nadia,509,Nadia-509,149,Panchayat Bhavan 149,399,362,0,761,47.57,82,10.8,374,192,7,643,P1,182,58.2,29.9,355,165,577,P1,False,D,4,,0,321,
Nadia,509,Nadia-509,150,Community Hall 150,421,380,1,802,47.38,117,14.6,267,242,12,642,P1,25,41.6,37.7,441,154,668,P1,False,D,4,,0,338,
Nadia,509,Nadia-509,151,Panchayat Bhavan 151,283,269,0,552,48.73,69,12.5,257,161,4,465,P1,96,55.3,34.6,272,95,447,P1,False,D,4,,0,233,
Nadia,509,Nadia-509,152,Club Building 152,301,294,0,595,49.41,78,13.1,250,161,4,457,P1,89,54.7,35.2,264,165,476,P1,False,D,4,,0,251,
Nadia,509,Nadia-509,153,Temple Hall 153,245,239,1,485,49.28,61,12.6,257,101,4,398,P1,156,64.6,25.4,171,174,403,P2,True,D,4,,0,204,
Nadia,509,Nadia-509,154,Anganwadi Centre 154,335,326,1,662,49.24,111,16.8,278,152,6,509,P1,126,54.6,29.9,283,205,552,P1,False,D,4,,0,279,
Nadia,509,Nadia-509,155,Community Hall 155,325,302,1,628,48.09,74,11.8,276,185,6,512,P1,91,53.9,36.1,364,86,500,P1,False,D,4,,0,265,
Nadia,509,Nadia-509,156,Panchayat Bhavan 156,283,282,0,565,49.91,82,14.5,292,110,3,464,P1,182,62.9,23.7,208,96,471,P1,False,D,4,,0,238,
Nadia,509,Nadia-509,157,Market Building 157,276,276,0,552,50.0,68,12.3,259,163,4,468,P1,96,55.3,34.8,261,132,436,P1,False,D,4,,0,233,
Nadia,509,Nadia-509,158,Community Hall 158,293,266,1,560,47.5,88,15.7,222,169,7,458,P1,53,48.5,36.9,248,181,476,P1,False,D,4,,0,236,
Nadia,509,Nadia-509,159,Govt Office 159,323,327,0,650,50.31,75,11.5,317,169,3,540,P1,148,58.7,31.3,260,190,500,P1,False,D,4,,0,274,
Nadia,509,Nadia-509,160,Post Office 160,362,358,0,720,49.72,113,15.7,310,172,5,576,P1,138,53.8,29.9,312,232,615,P1,False,D,4,,0,303,
Nadia,509,Nadia-509,161,Club Building 161,272,245,0,517,47.39,53,10.3,253,129,2,424,P1,124,59.7,30.4,285,112,441,P1,False,D,4,,0,218,
Nadia,509,Nadia-509,162,Madrasa 162,377,347,1,725,47.86,81,11.2,343,165,9,608,P1,178,56.4,27.1,334,169,568,P1,False,D,4,,0,305,
Nadia,509,Nadia-509,163,Panchayat Bhavan 163,275,269,1,545,49.36,86,15.8,246,141,4,430,P1,105,57.2,32.8,235,165,455,P1,False,D,4,,0,230,
Nadia,509,Nadia-509,164,Club Building 164,270,252,0,522,48.28,86,16.5,288,100,4,431,P1,188,66.8,23.2,258,99,409,P1,False,D,4,,0,220,
Nadia,509,Nadia-509,165,Community Hall 165,382,391,0,773,50.58,107,13.8,408,192,3,667,P1,216,61.2,28.8,366,200,629,P1,False,D,4,,0,326,
Nadia,509,Nadia-509,166,Anganwadi Centre 166,333,315,0,648,48.61,89,13.7,279,169,7,556,P1,110,50.2,30.4,337,152,549,P1,False,D,4,,0,273,
Nadia,509,Nadia-509,167,Health Sub-Centre 167,363,329,0,692,47.54,106,15.3,290,182,3,527,P1,108,55.0,34.5,245,162,576,P1,False,D,4,,0,292,
Nadia,509,Nadia-509,168,Market Building 168,369,352,1,722,48.75,100,13.9,365,202,5,630,P1,163,57.9,32.1,350,172,580,P1,False,D,4,,0,304,
Nadia,510,Nadia-510,1,Anganwadi Centre 1,242,243,1,486,50.0,62,12.8,208,59,8,368,P1,119,56.5,16.0,186,130,383,P1,False,D,4,,0,205,
Nadia,510,Nadia-510,2,Panchayat Bhavan 2,381,381,0,762,50.0,88,11.5,342,247,8,665,P1,95,51.4,37.1,336,248,660,P1,False,D,4,,0,321,
Nadia,510,Nadia-510,3,Market Building 3,280,260,1,541,48.06,70,12.9,247,139,5,429,P1,108,57.6,32.4,232,164,472,P1,False,D,4,,0,228,
Nadia,510,Nadia-510,4,Market Building 4,298,276,1,575,48.0,67,11.7,252,171,2,471,P1,81,53.5,36.3,287,125,457,P1,False,D,4,,0,242,
Nadia,510,Nadia-510,5,High School 5,402,405,0,807,50.19,119,14.7,361,215,10,670,P1,146,53.9,32.1,357,224,655,P1,False,D,4,,0,340,
Nadia,510,Nadia-510,6,Panchayat Bhavan 6,305,283,0,588,48.13,71,12.1,283,138,5,468,P1,145,60.5,29.5,173,175,468,P2,True,D,4,,0,248,
Nadia,510,Nadia-510,7,Health Sub-Centre 7,288,277,1,566,48.94,52,9.2,264,140,8,467,P1,124,56.5,30.0,230,134,432,P1,False,B,3,,0,238,
Nadia,510,Nadia-510,8,Govt Office 8,394,360,1,755,47.68,93,12.3,369,183,4,622,P1,186,59.3,29.4,390,170,622,P1,False,D,4,,0,318,
Nadia,510,Nadia-510,9,Anganwadi Centre 9,387,364,0,751,48.47,103,13.7,365,93,7,620,P1,216,58.9,15.0,387,124,568,P1,False,D,4,,0,316,
Nadia,510,Nadia-510,10,Health Sub-Centre 10,278,265,0,543,48.8,67,12.3,181,144,6,473,P1,37,38.3,30.4,263,126,432,P1,False,D,4,,0,229,
Nadia,510,Nadia-510,11,Club Building 11,263,253,1,517,48.94,58,11.2,239,126,3,447,P1,113,53.5,28.2,201,125,430,P1,False,D,4,,0,218,
Nadia,510,Nadia-510,12,Post Office 12,275,260,1,536,48.51,71,13.2,289,115,5,449,P1,174,64.4,25.6,244,109,436,P1,False,D,4,,0,226,
Nadia,510,Nadia-510,13,Market Building 13,368,365,0,733,49.8,77,10.5,343,179,8,609,P1,164,56.3,29.4,313,231,623,P1,False,D,4,,0,309,
Nadia,510,Nadia-510,14,Anganwadi Centre 14,385,375,1,761,49.28,114,15.0,406,191,4,663,P1,215,61.2,28.8,402,153,617,P1,False,D,4,,0,321,
Nadia,510,Nadia-510,15,Club Building 15,254,260,1,515,50.49,51,9.9,298,92,3,434,P1,206,68.7,21.2,206,104,401,P1,False,A,1,,0,217,
Nadia,510,Nadia-510,16,Market Building 16,399,384,0,783,49.04,89,11.4,354,155,11,675,P1,199,52.4,23.0,384,123,651,P1,False,D,4,,0,330,
Nadia,510,Nadia-510,17,Govt Office 17,253,238,0,491,48.47,63,12.8,195,179,2,429,P1,16,45.5,41.7,196,140,373,P1,False,D,4,,0,207,
Nadia,510,Nadia-510,18,Temple Hall 18,261,267,1,529,50.47,45,8.5,260,118,4,420,P1,142,61.9,28.1,244,157,445,P1,False,B,3,,0,223,
Nadia,510,Nadia-510,19,High School 19,364,358,1,723,49.52,78,10.8,321,181,7,594,P1,140,54.0,30.5,234,251,619,P2,True,D,4,,0,305,
Nadia,510,Nadia-510,20,Post Office 20,413,389,0,802,48.5,98,12.2,343,196,13,655,P1,147,52.4,29.9,365,215,678,P1,False,D,4,,0,338,
Nadia,510,Nadia-510,21,Temple Hall 21,355,356,1,712,50.0,97,13.6,404,104,5,564,P1,300,71.6,18.4,309,197,599,P1,False,D,4,,0,300,
Nadia,510,Nadia-510,22,Primary School 22,374,354,0,728,48.63,85,11.7,352,198,5,611,P1,154,57.6,32.4,310,137,631,P1,False,D,4,,0,307,
Nadia,510,Nadia-510,23,Health Sub-Centre 23,379,355,1,735,48.3,112,15.2,338,217,7,617,P1,121,54.8,35.2,299,181,563,P1,False,D,4,,0,310,
Nadia,510,Nadia-510,24,Community Hall 24,305,307,1,613,50.08,60,9.8,251,198,4,506,P1,53,49.6,39.1,277,145,469,P1,False,B,3,,0,258,
Nadia,510,Nadia-510,25,Market Building 25,318,313,0,631,49.6,70,11.1,276,154,4,530,P1,122,52.1,29.1,325,149,526,P1,False,D,4,,0,266,
Nadia,510,Nadia-510,26,Temple Hall 26,316,294,0,610,48.2,53,8.7,260,161,2,467,P1,99,55.7,34.5,211,166,478,P1,False,B,3,,0,257,
Nadia,510,Nadia-510,27,Temple Hall 27,237,244,0,481,50.73,70,14.6,234,126,5,401,P1,108,58.4,31.4,214,128,414,P1,False,D,4,,0,203,
Nadia,510,Nadia-510,28,Temple Hall 28,323,328,1,652,50.31,59,9.0,324,153,6,530,P1,171,61.1,28.9,266,119,553,P1,False,B,3,,0,275,
Nadia,510,Nadia-510,29,Temple Hall 29,255,252,0,507,49.7,57,11.2,171,159,4,405,P1,12,42.2,39.3,235,141,418,P1,False,D,4,,0,214,
Nadia,510,Nadia-510,30,Health Sub-Centre 30,370,359,1,730,49.18,74,10.1,433,132,4,628,P1,301,68.9,21.0,342,198,601,P1,False,D,4,,0,308,
Nadia,510,Nadia-510,31,Madrasa 31,380,361,0,741,48.72,97,13.1,254,199,10,582,P1,55,43.6,34.2,343,89,563,P1,False,D,4,,0,312,
Nadia,510,Nadia-510,32,Anganwadi Centre 32,265,261,0,526,49.62,75,14.3,195,131,7,413,P1,64,47.2,31.7,221,124,419,P1,False,D,4,,0,222,
Nadia,510,Nadia-510,33,Panchayat Bhavan 33,301,311,1,613,50.73,62,10.1,308,146,5,508,P1,162,60.6,28.7,303,143,496,P1,False,D,4,,0,258,
Nadia,510,Nadia-510,34,Market Building 34,288,290,0,578,50.17,84,14.5,251,169,4,483,P1,82,52.0,35.0,272,164,484,P1,False,D,4,,0,244,
Nadia,510,Nadia-510,35,Panchayat Bhavan 35,392,362,1,755,47.95,75,9.9,369,165,6,594,P1,204,62.1,27.8,394,167,624,P1,False,B,3,,0,318,
Nadia,510,Nadia-510,36,High School 36,282,291,0,573,50.79,73,12.7,268,115,7,468,P1,153,57.3,24.6,213,135,478,P1,False,D,4,,0,241,
Nadia,510,Nadia-510,37,Primary School 37,247,249,0,496,50.2,70,14.1,290,97,2,430,P1,193,67.4,22.6,188,140,405,P1,False,D,4,,0,209,
Nadia,510,Nadia-510,38,Madrasa 38,264,265,0,529,50.09,61,11.5,268,120,1,431,P1,148,62.2,27.8,274,134,453,P1,False,D,4,,0,223,
Nadia,510,Nadia-510,39,High School 39,303,302,1,606,49.83,71,11.7,236,186,8,514,P1,50,45.9,36.2,269,166,483,P1,False,D,4,,0,255,
Nadia,510,Nadia-510,40,Community Hall 40,334,327,1,662,49.4,59,8.9,344,166,4,566,P1,178,60.8,29.3,306,159,517,P1,False,B,3,,0,279,
Nadia,510,Nadia-510,41,High School 41,294,288,1,583,49.4,53,9.1,256,119,3,481,P1,137,53.2,24.7,282,138,466,P1,False,B,3,,0,246,
Nadia,510,Nadia-510,42,Primary School 42,246,234,0,480,48.75,62,12.9,267,103,3,411,P1,164,65.0,25.1,233,105,376,P1,False,D,4,,0,202,
Nadia,510,Nadia-510,43,High School 43,304,291,1,596,48.83,72,12.1,238,147,7,462,P1,91,51.5,31.8,319,126,495,P1,False,D,4,,0,251,
Nadia,510,Nadia-510,44,Panchayat Bhavan 44,370,336,0,706,47.59,60,8.5,294,228,8,611,P1,66,48.1,37.3,273,192,541,P1,False,B,3,,0,297,
Nadia,510,Nadia-510,45,Community Hall 45,328,334,1,663,50.38,69,10.4,313,158,5,523,P1,155,59.8,30.2,326,154,534,P1,False,D,4,,0,279,
Nadia,510,Nadia-510,46,Primary School 46,371,346,1,718,48.19,99,13.8,418,141,2,621,P1,277,67.3,22.7,309,175,592,P1,False,D,4,,0,303,
Nadia,510,Nadia-510,47,Madrasa 47,344,327,0,671,48.73,89,13.3,271,131,10,520,P1,140,52.1,25.2,230,230,578,P1,False,D,4,,0,283,
Nadia,510,Nadia-510,48,Temple Hall 48,399,391,0,790,49.49,116,14.7,438,179,5,685,P1,259,63.9,26.1,427,127,615,P1,False,D,4,,0,333,
Nadia,510,Nadia-510,49,Temple Hall 49,244,238,0,482,49.38,52,10.8,215,140,3,400,P1,75,53.8,35.0,260,114,415,P1,False,D,4,,0,203,
Nadia,510,Nadia-510,50,Market Building 50,303,309,0,612,50.49,86,14.1,289,145,4,482,P1,144,60.0,30.1,289,179,520,P1,False,D,4,,0,258,
Nadia,510,Nadia-510,51,Primary School 51,375,355,1,731,48.56,70,9.6,394,145,5,599,P1,249,65.8,24.2,303,189,555,P1,False,A,1,,0,308,
Nadia,510,Nadia-510,52,Temple Hall 52,363,356,1,720,49.44,77,10.7,338,170,6,565,P1,168,59.8,30.1,323,187,597,P1,False,D,4,,0,303,
Nadia,510,Nadia-510,53,High School 53,367,332,0,699,47.5,100,14.3,301,208,8,607,P1,93,49.6,34.3,317,192,565,P1,False,D,4,,0,295,
Nadia,510,Nadia-510,54,Health Sub-Centre 54,258,243,0,501,48.5,55,11.0,240,109,3,387,P1,131,62.0,28.2,234,126,400,P1,False,D,4,,0,211,
Nadia,510,Nadia-510,55,Primary School 55,408,404,1,813,49.69,81,10.0,385,231,6,689,P1,154,55.9,33.5,327,264,657,P1,False,B,3,,0,343,
Nadia,510,Nadia-510,56,Primary School 56,385,372,1,758,49.08,67,8.8,332,243,9,658,P1,89,50.5,36.9,309,210,576,P1,False,B,3,,0,319,
Nadia,510,Nadia-510,57,Post Office 57,378,372,1,751,49.53,77,10.3,315,168,6,612,P1,147,51.5,27.5,322,210,591,P1,False,D,4,,0,316,
Nadia,510,Nadia-510,58,Govt Office 58,298,269,0,567,47.44,66,11.6,264,127,3,435,P1,137,60.7,29.2,296,94,433,P1,False,D,4,,0,239,
Nadia,510,Nadia-510,59,Primary School 59,242,243,0,485,50.1,46,9.5,227,111,4,375,P1,116,60.5,29.6,246,106,392,P1,False,B,3,,0,204,
Nadia,510,Nadia-510,60,Health Sub-Centre 60,389,371,1,761,48.75,114,15.0,274,186,14,611,P1,88,44.8,30.4,380,189,632,P1,False,D,4,,0,321,
Nadia,510,Nadia-510,61,Temple Hall 61,286,278,0,564,49.29,85,15.1,248,103,6,428,P1,145,57.9,24.1,254,119,441,P1,False,D,4,,0,238,
Nadia,510,Nadia-510,62,Community Hall 62,294,284,1,579,49.05,79,13.6,250,168,2,464,P1,82,53.9,36.2,232,178,503,P1,False,D,4,,0,244,
Nadia,510,Nadia-510,63,Community Hall 63,289,265,1,555,47.75,51,9.2,254,123,10,481,P1,131,52.8,25.6,269,161,478,P1,False,B,3,,0,234,
Nadia,510,Nadia-510,64,Health Sub-Centre 64,327,320,0,647,49.46,74,11.4,311,147,4,520,P1,164,59.8,28.3,322,120,492,P1,False,D,4,,0,273,
Nadia,510,Nadia-510,65,Govt Office 65,386,377,1,764,49.35,74,9.7,356,189,3,606,P1,167,58.7,31.2,278,172,641,P1,False,B,3,,0,322,
Nadia,510,Nadia-510,66,Community Hall 66,278,276,0,554,49.82,72,13.0,274,124,4,442,P1,150,62.0,28.1,289,97,429,P1,False,D,4,,0,233,
Nadia,510,Nadia-510,67,Health Sub-Centre 67,311,295,1,607,48.6,66,10.9,301,168,2,521,P1,133,57.8,32.2,244,180,479,P1,False,D,4,,0,256,
Nadia,510,Nadia-510,68,Primary School 68,250,242,0,492,49.19,56,11.4,252,99,3,390,P1,153,64.6,25.4,295,91,428,P1,False,D,4,,0,207,
Nadia,510,Nadia-510,69,Health Sub-Centre 69,350,351,1,702,50.0,75,10.7,274,173,3,548,P1,101,50.0,31.6,352,171,611,P1,False,D,4,,0,296,
Nadia,510,Nadia-510,70,Market Building 70,347,356,0,703,50.64,83,11.8,317,153,5,609,P1,164,52.1,25.1,280,202,600,P1,False,D,4,,0,296,
Nadia,510,Nadia-510,71,Anganwadi Centre 71,313,284,0,597,47.57,57,9.5,233,197,2,478,P1,36,48.7,41.2,273,151,471,P1,False,B,3,,0,252,
Nadia,510,Nadia-510,72,Anganwadi Centre 72,392,401,1,794,50.5,86,10.8,332,223,7,643,P1,109,51.6,34.7,337,281,686,P1,False,D,4,,0,335,
Nadia,510,Nadia-510,73,Temple Hall 73,376,349,1,726,48.07,109,15.0,410,155,5,627,P1,255,65.4,24.7,286,204,578,P1,False,D,4,,0,306,
Nadia,510,Nadia-510,74,Panchayat Bhavan 74,402,399,1,802,49.75,120,15.0,303,259,6,652,P1,44,46.5,39.7,410,201,679,P1,False,D,4,,0,338,
Nadia,510,Nadia-510,75,Anganwadi Centre 75,338,323,0,661,48.87,61,9.2,321,135,10,558,P1,186,57.5,24.2,305,156,512,P1,False,B,3,,0,279,
Nadia,510,Nadia-510,76,Health Sub-Centre 76,394,358,0,752,47.61,64,8.5,299,212,7,576,P1,87,51.9,36.8,332,186,576,P1,False,B,3,,0,317,
Nadia,510,Nadia-510,77,Post Office 77,370,370,0,740,50.0,70,9.5,267,209,15,615,P1,58,43.4,34.0,347,190,624,P1,False,B,3,,0,312,
Nadia,510,Nadia-510,78,Panchayat Bhavan 78,404,392,1,797,49.18,88,11.0,322,155,12,630,P1,167,51.1,24.6,356,202,620,P1,False,D,4,,0,336,
Nadia,510,Nadia-510,79,Panchayat Bhavan 79,258,240,0,498,48.19,55,11.0,185,142,6,404,P1,43,45.8,35.1,285,105,433,P1,False,D,4,,0,210,
Nadia,510,Nadia-510,80,Govt Office 80,271,254,0,525,48.38,45,8.6,195,107,10,455,P1,57,42.9,23.5,193,212,451,P2,True,B,3,,0,221,
Nadia,510,Nadia-510,81,Health Sub-Centre 81,332,332,0,664,50.0,85,12.8,305,150,4,506,P1,155,60.3,29.6,262,185,529,P1,False,D,4,,0,280,
Nadia,510,Nadia-510,82,Anganwadi Centre 82,252,243,0,495,49.09,69,13.9,193,157,4,390,P1,36,49.5,40.3,208,157,412,P1,False,D,4,,0,209,
Nadia,510,Nadia-510,83,Temple Hall 83,381,393,0,774,50.78,92,11.9,315,217,5,591,P1,98,53.3,36.7,363,163,590,P1,False,D,4,,0,326,
Nadia,510,Nadia-510,84,Panchayat Bhavan 84,273,278,0,551,50.45,74,13.4,220,163,4,451,P1,57,48.8,36.1,195,141,466,P1,False,D,4,,0,232,
Nadia,510,Nadia-510,85,Market Building 85,394,357,0,751,47.54,69,9.2,288,220,11,610,P1,68,47.2,36.1,406,186,657,P1,False,B,3,,0,316,
Nadia,510,Nadia-510,86,Community Hall 86,384,347,1,732,47.4,103,14.1,387,169,7,627,P1,218,61.7,27.0,369,154,581,P1,False,D,4,,0,308,
Nadia,510,Nadia-510,87,Panchayat Bhavan 87,265,252,1,518,48.65,65,12.5,172,108,12,398,P1,64,43.2,27.1,206,148,449,P1,False,D,4,,0,218,
Nadia,510,Nadia-510,88,Primary School 88,419,394,0,813,48.46,120,14.8,350,165,9,616,P1,185,56.8,26.8,325,243,631,P1,False,D,4,,0,343,
Nadia,510,Nadia-510,89,Temple Hall 89,369,360,1,730,49.32,67,9.2,303,207,4,567,P1,96,53.4,36.5,353,154,563,P1,False,B,3,,0,308,
Nadia,510,Nadia-510,90,High School 90,396,402,0,798,50.38,97,12.2,436,165,3,667,P1,271,65.4,24.7,409,145,615,P1,False,D,4,,0,336,
Nadia,510,Nadia-510,91,Club Building 91,260,255,0,515,49.51,67,13.0,284,118,3,447,P1,166,63.5,26.4,223,143,407,P1,False,D,4,,0,217,
Nadia,510,Nadia-510,92,Health Sub-Centre 92,374,359,0,733,48.98,77,10.5,312,189,5,573,P1,123,54.5,33.0,345,165,567,P1,False,D,4,,0,309,
Nadia,510,Nadia-510,93,Post Office 93,325,292,0,617,47.33,64,10.4,300,162,2,513,P1,138,58.5,31.6,303,144,497,P1,False,D,4,,0,260,
Nadia,510,Nadia-510,94,Post Office 94,373,337,1,711,47.4,100,14.1,308,121,7,568,P1,182,54.2,21.3,292,147,585,P1,False,D,4,,0,300,
Nadia,510,Nadia-510,95,Anganwadi Centre 95,371,359,0,730,49.18,101,13.8,370,173,4,604,P1,197,61.3,28.6,438,133,635,P1,False,D,4,,0,308,
Nadia,510,Nadia-510,96,Madrasa 96,355,328,0,683,48.02,63,9.2,321,180,4,557,P1,141,57.6,32.3,297,194,586,P1,False,B,3,,0,288,
Nadia,510,Nadia-510,97,Govt Office 97,319,323,1,643,50.23,95,14.8,262,164,3,499,P1,98,52.5,32.9,340,151,546,P1,False,D,4,,0,271,
Nadia,510,Nadia-510,98,Panchayat Bhavan 98,280,284,1,565,50.27,60,10.6,260,124,4,473,P1,136,55.0,26.2,276,131,453,P1,False,D,4,,0,238,
Nadia,510,Nadia-510,99,Health Sub-Centre 99,413,380,1,794,47.86,122,15.4,377,165,2,603,P1,212,62.5,27.4,359,233,657,P1,False,D,4,,0,335,
Nadia,510,Nadia-510,100,Temple Hall 100,401,388,0,789,49.18,122,15.5,312,234,7,667,P1,78,46.8,35.1,344,173,688,P1,False,D,4,,0,332,
Nadia,510,Nadia-510,101,Club Building 101,255,236,1,492,47.97,45,9.1,284,77,3,401,P1,207,70.8,19.2,223,122,384,P1,False,A,1,,0,207,
Nadia,510,Nadia-510,102,Community Hall 102,424,381,1,806,47.27,109,13.5,410,201,7,679,P1,209,60.4,29.6,460,155,683,P1,False,D,4,,0,340,
Nadia,510,Nadia-510,103,Panchayat Bhavan 103,411,406,1,818,49.63,93,11.4,440,187,4,697,P1,253,63.1,26.8,353,217,634,P1,False,D,4,,0,345,
Nadia,510,Nadia-510,104,Club Building 104,300,309,0,609,50.74,76,12.5,287,131,5,465,P1,156,61.7,28.2,256,196,529,P1,False,D,4,,0,257,
Nadia,510,Nadia-510,105,Post Office 105,256,261,1,518,50.39,67,12.9,252,126,5,420,P1,126,60.0,30.0,309,85,438,P1,False,D,4,,0,218,
Nadia,510,Nadia-510,106,Market Building 106,285,261,0,546,47.8,54,9.9,270,142,5,457,P1,128,59.1,31.1,270,125,439,P1,False,B,3,,0,230,
Nadia,510,Nadia-510,107,Health Sub-Centre 107,357,361,1,719,50.21,67,9.3,361,178,2,599,P1,183,60.3,29.7,350,189,599,P1,False,B,3,,0,303,
Nadia,510,Nadia-510,108,Temple Hall 108,360,359,0,719,49.93,108,15.0,316,167,8,552,P1,149,57.2,30.3,301,209,566,P1,False,D,4,,0,303,
Nadia,510,Nadia-510,109,Panchayat Bhavan 109,420,397,1,818,48.53,87,10.6,400,230,4,700,P1,170,57.1,32.9,362,180,627,P1,False,D,4,,0,345,
Nadia,510,Nadia-510,110,Post Office 110,303,306,1,610,50.16,53,8.7,294,146,3,489,P1,148,60.1,29.9,263,167,511,P1,False,B,3,,0,257,
Nadia,510,Nadia-510,111,Primary School 111,265,247,0,512,48.24,44,8.6,270,113,2,426,P1,157,63.4,26.5,231,148,430,P1,False,B,3,,0,216,
Nadia,510,Nadia-510,112,Madrasa 112,326,297,0,623,47.67,55,8.8,324,108,2,480,P1,216,67.5,22.5,335,108,493,P1,False,A,1,,0,262,
Nadia,510,Nadia-510,113,Club Building 113,369,361,0,730,49.45,79,10.8,388,182,6,633,P1,206,61.3,28.8,384,170,615,P1,False,D,4,,0,308,
Nadia,510,Nadia-510,114,Community Hall 114,275,256,1,532,48.12,76,14.3,242,154,2,446,P1,88,54.3,34.5,196,192,453,P1,False,D,4,,0,224,
Nadia,510,Nadia-510,115,Temple Hall 115,274,277,0,551,50.27,73,13.2,264,135,4,451,P1,129,58.5,29.9,324,108,480,P1,False,D,4,,0,232,
Nadia,510,Nadia-510,116,Panchayat Bhavan 116,268,249,1,518,48.07,77,14.9,196,144,10,430,P1,52,45.6,33.5,273,95,408,P1,False,D,4,,0,218,
Nadia,510,Nadia-510,117,Club Building 117,356,324,1,681,47.58,95,14.0,305,212,3,580,P1,93,52.6,36.6,318,173,545,P1,False,D,4,,0,287,
Nadia,510,Nadia-510,118,Club Building 118,281,287,1,569,50.44,59,10.4,254,162,6,488,P1,92,52.0,33.2,208,148,437,P1,False,D,4,,0,240,
Nadia,510,Nadia-510,119,Govt Office 119,387,386,1,774,49.87,77,9.9,336,221,4,619,P1,115,54.3,35.7,299,157,597,P1,False,B,3,,0,326,
Nadia,510,Nadia-510,120,Primary School 120,251,259,1,511,50.68,75,14.7,265,97,3,402,P1,168,65.9,24.1,316,69,427,P1,False,D,4,,0,215,
Nadia,510,Nadia-510,121,High School 121,288,281,1,570,49.3,85,14.9,331,109,3,488,P1,222,67.8,22.3,281,110,435,P1,False,D,4,,0,240,
Nadia,510,Nadia-510,122,Post Office 122,410,376,0,786,47.84,88,11.2,390,211,8,668,P1,179,58.4,31.6,380,175,616,P1,False,D,4,,0,331,
Nadia,510,Nadia-510,123,Post Office 123,325,317,1,643,49.3,63,9.8,363,75,4,487,P1,288,74.5,15.4,331,116,497,P1,False,A,1,,0,271,
Nadia,510,Nadia-510,124,Madrasa 124,398,389,1,788,49.37,88,11.2,363,178,11,644,P1,185,56.4,27.6,401,139,600,P1,False,D,4,,0,332,
Nadia,510,Nadia-510,125,Health Sub-Centre 125,299,274,1,574,47.74,62,10.8,244,134,7,463,P1,110,52.7,28.9,299,97,440,P1,False,D,4,,0,242,
Nadia,510,Nadia-510,126,Market Building 126,314,302,0,616,49.03,78,12.7,278,151,5,477,P1,127,58.3,31.7,292,144,484,P1,False,D,4,,0,260,
Nadia,510,Nadia-510,127,Temple Hall 127,334,333,1,668,49.85,78,11.7,272,187,3,553,P1,85,49.2,33.8,407,88,550,P1,False,D,4,,0,281,
Nadia,510,Nadia-510,128,Govt Office 128,283,270,0,553,48.82,55,9.9,266,112,4,420,P1,154,63.3,26.7,285,148,481,P1,False,B,3,,0,233,
Nadia,510,Nadia-510,129,Club Building 129,296,266,1,563,47.25,73,13.0,302,105,5,453,P1,197,66.7,23.2,274,152,474,P1,False,D,4,,0,237,
Nadia,510,Nadia-510,130,Community Hall 130,381,363,1,745,48.72,71,9.5,346,239,3,650,P1,107,53.2,36.8,336,207,604,P1,False,B,3,,0,314,
Nadia,510,Nadia-510,131,Community Hall 131,413,379,1,793,47.79,114,14.4,340,212,9,670,P1,128,50.7,31.6,373,231,671,P1,False,D,4,,0,334,
Nadia,510,Nadia-510,132,Post Office 132,395,355,1,751,47.27,113,15.0,359,197,6,641,P1,162,56.0,30.7,396,169,627,P1,False,D,4,,0,316,
Nadia,510,Nadia-510,133,High School 133,366,364,0,730,49.86,79,10.8,253,180,13,623,P1,73,40.6,28.9,296,196,629,P1,False,D,4,,0,308,
Nadia,510,Nadia-510,134,Panchayat Bhavan 134,357,356,1,714,49.86,92,12.9,460,102,4,624,P1,358,73.7,16.3,362,167,611,P1,False,D,4,,0,301,
Nadia,510,Nadia-510,135,Govt Office 135,308,303,1,612,49.51,80,13.1,241,183,5,471,P1,58,51.2,38.9,270,183,513,P1,False,D,4,,0,258,
Nadia,510,Nadia-510,136,Community Hall 136,312,313,0,625,50.08,86,13.8,253,138,8,473,P1,115,53.5,29.2,282,158,491,P1,False,D,4,,0,263,
Nadia,510,Nadia-510,137,Post Office 137,279,252,0,531,47.46,63,11.9,200,187,2,448,P1,13,44.6,41.7,250,141,435,P1,False,D,4,,0,224,
Nadia,510,Nadia-510,138,Primary School 138,346,325,0,671,48.44,81,12.1,278,174,5,508,P1,104,54.7,34.3,388,126,571,P1,False,D,4,,0,283,
Nadia,510,Nadia-510,139,Market Building 139,290,263,0,553,47.56,53,9.6,200,162,6,434,P1,38,46.1,37.3,260,125,428,P1,False,B,3,,0,233,
Nadia,510,Nadia-510,140,Club Building 140,279,269,1,549,49.0,73,13.3,246,123,4,451,P1,123,54.5,27.3,315,99,460,P1,False,D,4,,0,231,
Nadia,510,Nadia-510,141,Govt Office 141,251,229,1,481,47.61,56,11.6,233,116,3,388,P1,117,60.1,29.9,252,90,380,P1,False,D,4,,0,203,
Nadia,510,Nadia-510,142,Panchayat Bhavan 142,295,293,1,589,49.75,66,11.2,208,174,5,471,P1,34,44.2,36.9,259,144,504,P1,False,D,4,,0,248,
Nadia,510,Nadia-510,143,Anganwadi Centre 143,373,348,0,721,48.27,89,12.3,301,220,9,602,P1,81,50.0,36.5,315,142,552,P1,False,D,4,,0,304,
Nadia,510,Nadia-510,144,Anganwadi Centre 144,399,365,1,765,47.71,103,13.5,360,235,8,661,P1,125,54.5,35.6,349,159,585,P1,False,D,4,,0,322,
Nadia,510,Nadia-510,145,Club Building 145,362,359,0,721,49.79,76,10.5,262,150,7,548,P1,112,47.8,27.4,283,192,554,P1,False,D,4,,0,304,
Nadia,510,Nadia-510,146,Panchayat Bhavan 146,291,299,0,590,50.68,76,12.9,245,141,8,488,P1,104,50.2,28.9,294,118,458,P1,False,D,4,,0,249,
Nadia,510,Nadia-510,147,Health Sub-Centre 147,379,392,1,772,50.78,110,14.2,375,153,4,586,P1,222,64.0,26.1,483,116,665,P1,False,D,4,,0,325,
Nadia,510,Nadia-510,148,Temple Hall 148,349,357,0,706,50.57,101,14.3,305,178,6,542,P1,127,56.3,32.8,251,219,542,P1,False,D,4,,0,297,
Nadia,510,Nadia-510,149,Anganwadi Centre 149,244,237,1,482,49.17,44,9.1,272,106,3,420,P1,166,64.8,25.2,221,132,409,P1,False,B,3,,0,203,
Nadia,510,Nadia-510,150,High School 150,276,250,1,527,47.44,66,12.5,340,55,1,439,P1,285,77.4,12.5,258,146,449,P1,False,D,4,,0,222,
Nadia,510,Nadia-510,151,Temple Hall 151,384,384,1,769,49.93,66,8.6,364,195,2,622,P1,169,58.5,31.4,372,192,626,P1,False,B,3,,0,324,
Nadia,510,Nadia-510,152,Madrasa 152,266,265,0,531,49.91,56,10.5,214,152,3,407,P1,62,52.6,37.3,240,166,454,P1,False,D,4,,0,224,
Nadia,510,Nadia-510,153,Club Building 153,282,275,1,558,49.28,59,10.6,241,150,1,434,P1,91,55.5,34.6,223,121,442,P1,False,D,4,,0,235,
Nadia,510,Nadia-510,154,Health Sub-Centre 154,401,384,1,786,48.85,117,14.9,351,202,6,617,P1,149,56.9,32.7,376,206,647,P1,False,D,4,,0,331,
Nadia,510,Nadia-510,155,Anganwadi Centre 155,294,298,1,593,50.25,91,15.3,184,138,10,459,P1,46,40.1,30.1,307,112,465,P1,False,D,4,,0,250,
Nadia,510,Nadia-510,156,High School 156,307,301,1,609,49.43,84,13.8,258,175,7,509,P1,83,50.7,34.4,256,196,502,P1,False,D,4,,0,257,
Nadia,510,Nadia-510,157,High School 157,358,339,0,697,48.64,59,8.5,243,235,5,540,P1,8,45.0,43.5,296,191,542,P1,False,B,3,,0,294,
Nadia,510,Nadia-510,158,Primary School 158,382,393,1,776,50.64,69,8.9,393,206,6,665,P1,187,59.1,31.0,314,241,617,P1,False,B,3,,0,327,
Nadia,510,Nadia-510,159,Primary School 159,366,352,0,718,49.03,76,10.6,372,138,3,567,P1,234,65.6,24.3,386,128,571,P1,False,D,4,,0,303,
Nadia,510,Nadia-510,160,Anganwadi Centre 160,326,315,1,642,49.07,74,11.5,304,186,2,544,P1,118,55.9,34.2,303,178,552,P1,False,D,4,,0,271,
Nadia,510,Nadia-510,161,Health Sub-Centre 161,388,362,1,751,48.2,77,10.3,410,153,5,635,P1,257,64.6,24.1,326,191,607,P1,False,D,4,,0,316,
Nadia,510,Nadia-510,162,Anganwadi Centre 162,292,299,0,591,50.59,81,13.7,274,127,9,495,P1,147,55.4,25.7,269,161,478,P1,False,D,4,,0,249,
Nadia,510,Nadia-510,163,High School 163,341,316,1,658,48.02,66,10.0,290,218,2,565,P1,72,51.3,38.6,282,134,555,P1,False,B,3,,0,277,
Nadia,510,Nadia-510,164,Primary School 164,280,264,1,545,48.44,77,14.1,216,119,3,437,P1,97,49.4,27.2,205,127,444,P1,False,D,4,,0,230,
Nadia,510,Nadia-510,165,Community Hall 165,385,386,1,772,50.0,120,15.5,322,251,7,666,P1,71,48.3,37.7,237,170,605,P1,False,D,4,,0,325,
Nadia,510,Nadia-510,166,Panchayat Bhavan 166,362,354,1,717,49.37,72,10.0,364,152,5,573,P1,212,63.5,26.5,285,209,549,P1,False,B,3,,0,302,
Nadia,510,Nadia-510,167,Govt Office 167,416,376,1,793,47.41,68,8.6,423,138,3,623,P1,285,67.9,22.2,348,175,646,P1,False,A,1,,0,334,
Nadia,510,Nadia-510,168,Primary School 168,355,343,0,698,49.14,85,12.2,253,196,7,556,P1,57,45.5,35.3,278,200,531,P1,False,D,4,,0,294,
Nadia,510,Nadia-510,169,High School 169,312,319,0,631,50.55,79,12.5,256,194,7,543,P1,62,47.1,35.7,324,172,551,P1,False,D,4,,0,266,
Nadia,511,Nadia-511,1,Club Building 1,338,348,1,687,50.66,51,7.4,307,212,5,577,P1,95,53.2,36.7,331,152,537,P1,False,B,3,,0,289,
Nadia,511,Nadia-511,2,Madrasa 2,299,293,1,593,49.41,75,12.6,248,159,2,458,P1,89,54.1,34.7,289,148,486,P1,False,D,4,,0,250,
Nadia,511,Nadia-511,3,Panchayat Bhavan 3,384,386,1,771,50.06,90,11.7,412,183,8,661,P1,229,62.3,27.7,370,221,657,P1,False,D,4,,0,325,
Nadia,511,Nadia-511,4,Anganwadi Centre 4,263,243,1,507,47.93,42,8.3,212,128,10,431,P1,84,49.2,29.7,236,128,405,P1,False,B,3,,0,214,
Nadia,511,Nadia-511,5,Govt Office 5,257,256,1,514,49.81,43,8.4,244,145,2,432,P1,99,56.5,33.6,183,142,432,P1,False,B,3,,0,217,
Nadia,511,Nadia-511,6,Post Office 6,256,247,0,503,49.11,36,7.2,210,109,4,413,P1,101,50.8,26.4,202,129,381,P1,False,B,3,,0,212,
Nadia,511,Nadia-511,7,Madrasa 7,263,258,0,521,49.52,66,12.7,200,145,2,400,P1,55,50.0,36.2,277,119,440,P1,False,D,4,,0,220,
Nadia,511,Nadia-511,8,Market Building 8,416,384,0,800,48.0,96,12.0,375,138,11,676,P1,230,55.5,20.4,400,208,676,P1,False,D,4,,0,337,
Nadia,511,Nadia-511,9,Post Office 9,421,380,0,801,47.44,91,11.4,363,242,5,688,P1,121,52.8,35.2,351,229,645,P1,False,D,4,,0,337,
Nadia,511,Nadia-511,10,Health Sub-Centre 10,329,327,1,657,49.77,78,11.9,337,115,3,502,P1,222,67.1,22.9,347,170,574,P1,False,D,4,,0,277,
Nadia,511,Nadia-511,11,Govt Office 11,260,264,1,525,50.29,46,8.8,254,121,3,432,P1,133,58.8,28.0,226,138,404,P1,False,B,3,,0,221,
Nadia,511,Nadia-511,12,Post Office 12,345,325,1,671,48.44,81,12.1,267,186,9,546,P1,81,48.9,34.1,327,192,577,P1,False,D,4,,0,283,
Nadia,511,Nadia-511,13,Panchayat Bhavan 13,356,333,1,690,48.26,69,10.0,348,193,5,601,P1,155,57.9,32.1,354,165,577,P1,False,B,3,,0,291,
Nadia,511,Nadia-511,14,Anganwadi Centre 14,366,361,1,728,49.59,51,7.0,310,172,16,625,P1,138,49.6,27.5,282,174,588,P1,False,B,3,,0,307,
Nadia,511,Nadia-511,15,Club Building 15,344,337,0,681,49.49,79,11.6,373,150,2,581,P1,223,64.2,25.8,335,188,581,P1,False,D,4,,0,287,
Nadia,511,Nadia-511,16,Temple Hall 16,305,274,1,580,47.24,70,12.1,275,144,4,466,P1,131,59.0,30.9,284,125,455,P1,False,D,4,,0,244,
Nadia,511,Nadia-511,17,Club Building 17,369,371,0,740,50.14,56,7.6,325,202,4,586,P1,123,55.5,34.5,258,249,591,P1,False,B,3,,0,312,
Nadia,511,Nadia-511,18,Market Building 18,312,320,1,633,50.55,64,10.1,371,95,6,518,P1,276,71.6,18.3,267,161,502,P1,False,D,4,,0,267,
Nadia,511,Nadia-511,19,Panchayat Bhavan 19,288,288,1,577,49.91,57,9.9,277,130,3,452,P1,147,61.3,28.8,270,139,489,P1,False,B,3,,0,243,
Nadia,511,Nadia-511,20,Govt Office 20,273,247,0,520,47.5,58,11.2,241,120,2,401,P1,121,60.1,29.9,265,114,421,P1,False,D,4,,0,219,
Nadia,511,Nadia-511,21,Market Building 21,253,256,1,510,50.2,53,10.4,257,106,4,403,P1,151,63.8,26.3,174,127,412,P1,False,D,4,,0,215,
Nadia,511,Nadia-511,22,Madrasa 22,317,320,1,638,50.16,56,8.8,295,182,3,530,P1,113,55.7,34.3,232,182,492,P1,False,B,3,,0,269,
Nadia,511,Nadia-511,23,Primary School 23,299,296,0,595,49.75,60,10.1,208,135,10,456,P1,73,45.6,29.6,270,141,456,P1,False,D,4,,0,251,
Nadia,511,Nadia-511,24,Club Building 24,334,338,0,672,50.3,72,10.7,203,200,10,569,P1,3,35.7,35.1,356,146,583,P1,False,D,4,,0,283,
Nadia,511,Nadia-511,25,Post Office 25,388,386,0,774,49.87,62,8.0,311,116,12,667,P1,89,46.6,17.4,373,181,615,P1,False,B,3,,0,326,
Nadia,511,Nadia-511,26,Temple Hall 26,360,350,1,711,49.23,58,8.2,327,117,4,575,P1,205,56.9,20.3,338,172,603,P1,False,B,3,,0,300,
Nadia,511,Nadia-511,27,Health Sub-Centre 27,331,332,1,664,50.0,54,8.1,308,165,3,526,P1,143,58.6,31.4,294,174,575,P1,False,B,3,,0,280,
Nadia,511,Nadia-511,28,Govt Office 28,249,236,1,486,48.56,49,10.1,233,118,2,390,P1,115,59.7,30.3,192,122,369,P1,False,D,4,,0,205,
Nadia,511,Nadia-511,29,Health Sub-Centre 29,337,315,0,652,48.31,73,11.2,253,196,10,550,P1,57,46.0,35.6,363,51,507,P1,False,D,4,,0,275,
Nadia,511,Nadia-511,30,Club Building 30,356,333,1,690,48.26,57,8.3,373,143,6,573,P1,230,65.1,25.0,309,181,544,P1,False,A,1,,0,291,
Nadia,511,Nadia-511,31,Primary School 31,275,269,0,544,49.45,42,7.7,201,201,3,474,P1,0,42.4,42.4,242,177,475,P1,False,B,3,,0,229,
Nadia,511,Nadia-511,32,Panchayat Bhavan 32,366,370,1,737,50.2,65,8.8,237,230,10,626,P1,7,37.9,36.7,334,165,572,P1,False,B,3,,0,311,
Nadia,511,Nadia-511,33,Govt Office 33,272,252,0,524,48.09,49,9.4,227,151,4,421,P1,76,53.9,35.9,244,127,444,P1,False,B,3,,0,221,
Nadia,511,Nadia-511,34,Post Office 34,255,256,1,512,50.0,60,11.7,208,178,5,441,P1,30,47.2,40.4,210,116,391,P1,False,D,4,,0,216,
Nadia,511,Nadia-511,35,Primary School 35,345,331,1,677,48.89,73,10.8,279,212,6,559,P1,67,49.9,37.9,308,195,560,P1,False,D,4,,0,285,
Nadia,511,Nadia-511,36,Madrasa 36,348,324,0,672,48.21,83,12.4,392,130,4,580,P1,262,67.6,22.4,296,176,525,P1,False,D,4,,0,283,
Nadia,511,Nadia-511,37,Primary School 37,362,335,0,697,48.06,90,12.9,332,171,7,559,P1,161,59.4,30.6,318,160,531,P1,False,D,4,,0,294,
Nadia,511,Nadia-511,38,Primary School 38,414,399,1,814,49.02,58,7.1,332,261,11,702,P1,71,47.3,37.2,379,186,628,P1,False,B,3,,0,343,
Nadia,511,Nadia-511,39,Primary School 39,306,297,1,604,49.17,72,11.9,292,148,3,488,P1,144,59.8,30.3,214,183,459,P1,False,D,4,,0,254,
Nadia,511,Nadia-511,40,Panchayat Bhavan 40,396,388,1,785,49.43,76,9.7,261,186,16,642,P1,75,40.7,29.0,405,137,681,P1,False,B,3,,0,331,
Nadia,511,Nadia-511,41,Govt Office 41,314,312,0,626,49.84,72,11.5,280,159,5,488,P1,121,57.4,32.6,287,144,479,P1,False,D,4,,0,264,
Nadia,511,Nadia-511,42,High School 42,293,302,0,595,50.76,48,8.1,251,156,6,484,P1,95,51.9,32.2,294,118,458,P1,False,B,3,,0,251,
Nadia,511,Nadia-511,43,Market Building 43,290,286,1,577,49.57,53,9.2,310,122,3,480,P1,188,64.6,25.4,297,104,446,P1,False,B,3,,0,243,
Nadia,511,Nadia-511,44,Health Sub-Centre 44,400,397,0,797,49.81,85,10.7,317,197,11,626,P1,120,50.6,31.5,370,194,627,P1,False,D,4,,0,336,
Nadia,511,Nadia-511,45,High School 45,292,298,1,591,50.42,69,11.7,316,142,6,509,P1,174,62.1,27.9,272,143,483,P1,False,D,4,,0,249,
Nadia,511,Nadia-511,46,Panchayat Bhavan 46,407,378,1,786,48.09,72,9.2,335,234,6,632,P1,101,53.0,37.0,348,205,643,P1,False,B,3,,0,331,
Nadia,511,Nadia-511,47,Post Office 47,399,368,0,767,47.98,60,7.8,385,200,3,650,P1,185,59.2,30.8,327,186,608,P1,False,B,3,,0,323,
Nadia,511,Nadia-511,48,Community Hall 48,273,256,0,529,48.39,53,10.0,242,136,2,430,P1,106,56.3,31.6,277,131,457,P1,False,B,3,,0,223,
Nadia,511,Nadia-511,49,Health Sub-Centre 49,319,294,1,614,47.88,75,12.2,373,107,3,533,P1,266,70.0,20.1,231,150,493,P1,False,D,4,,0,259,
Nadia,511,Nadia-511,50,Post Office 50,291,288,1,580,49.66,48,8.3,377,69,2,496,P1,308,76.0,13.9,251,125,456,P1,False,A,1,,0,244,
Nadia,511,Nadia-511,51,Madrasa 51,274,254,1,529,48.02,44,8.3,250,105,6,435,P1,145,57.5,24.1,294,97,434,P1,False,B,3,,0,223,
Nadia,511,Nadia-511,52,Madrasa 52,272,277,0,549,50.46,45,8.2,255,147,4,447,P1,108,57.0,32.9,247,133,422,P1,False,B,3,,0,231,
Nadia,511,Nadia-511,53,Health Sub-Centre 53,336,344,0,680,50.59,56,8.2,355,174,2,588,P1,181,60.4,29.6,262,216,579,P1,False,B,3,,0,287,
Nadia,511,Nadia-511,54,Community Hall 54,342,322,1,665,48.42,68,10.2,312,150,2,514,P1,162,60.7,29.2,357,152,566,P1,False,D,4,,0,280,
Nadia,511,Nadia-511,55,Community Hall 55,286,273,0,559,48.84,63,11.3,319,67,4,429,P1,252,74.4,15.6,225,139,427,P1,False,D,4,,0,236,
Nadia,511,Nadia-511,56,Club Building 56,395,370,0,765,48.37,67,8.8,302,211,6,582,P1,91,51.9,36.3,369,187,618,P1,False,B,3,,0,322,
Nadia,511,Nadia-511,57,Club Building 57,369,361,0,730,49.45,64,8.8,317,243,6,622,P1,74,51.0,39.1,267,208,572,P1,False,B,3,,0,308,
Nadia,511,Nadia-511,58,Community Hall 58,411,399,0,810,49.26,88,10.9,401,224,4,695,P1,177,57.7,32.2,369,232,668,P1,False,D,4,,0,341,
Nadia,511,Nadia-511,59,Madrasa 59,327,314,1,642,48.91,51,7.9,284,160,2,494,P1,124,57.5,32.4,318,124,491,P1,False,B,3,,0,271,
Nadia,511,Nadia-511,60,Community Hall 60,285,261,1,547,47.71,43,7.9,182,130,4,418,P1,52,43.5,31.1,280,142,469,P1,False,B,3,,0,230,
Nadia,511,Nadia-511,61,Govt Office 61,394,370,0,764,48.43,84,11.0,304,229,9,610,P1,75,49.8,37.5,442,91,592,P1,False,D,4,,0,322,
Nadia,511,Nadia-511,62,Primary School 62,274,249,1,524,47.52,65,12.4,267,118,4,428,P1,149,62.4,27.6,263,142,450,P1,False,D,4,,0,221,
Nadia,511,Nadia-511,63,Primary School 63,322,330,0,652,50.61,83,12.7,260,164,10,521,P1,96,49.9,31.5,326,183,566,P1,False,D,4,,0,275,
Nadia,511,Nadia-511,64,Market Building 64,351,362,1,714,50.7,85,11.9,256,193,5,580,P1,63,44.1,33.3,253,183,600,P1,False,D,4,,0,301,
Nadia,511,Nadia-511,65,Temple Hall 65,292,300,0,592,50.68,72,12.2,269,153,3,503,P1,116,53.5,30.4,266,179,495,P1,False,D,4,,0,249,
Nadia,511,Nadia-511,66,Community Hall 66,372,369,1,742,49.73,54,7.3,268,231,6,579,P1,37,46.3,39.9,415,144,621,P1,False,B,3,,0,313,
Nadia,511,Nadia-511,67,Temple Hall 67,366,363,1,730,49.73,78,10.7,416,130,7,607,P1,286,68.5,21.4,311,221,606,P1,False,D,4,,0,308,
Nadia,511,Nadia-511,68,Health Sub-Centre 68,339,332,1,672,49.4,61,9.1,296,219,2,577,P1,77,51.3,38.0,315,185,556,P1,False,B,3,,0,283,
Nadia,511,Nadia-511,69,Community Hall 69,257,243,0,500,48.6,38,7.6,220,119,4,409,P1,101,53.8,29.1,255,98,392,P1,False,B,3,,0,211,
Nadia,511,Nadia-511,70,Temple Hall 70,260,249,1,510,48.82,64,12.5,255,138,5,436,P1,117,58.5,31.7,194,115,415,P1,False,D,4,,0,215,
Nadia,511,Nadia-511,71,Panchayat Bhavan 71,289,261,1,551,47.37,61,11.1,278,147,5,472,P1,131,58.9,31.1,211,160,448,P1,False,D,4,,0,232,
Nadia,511,Nadia-511,72,Market Building 72,423,385,0,808,47.65,66,8.2,388,204,4,695,P1,184,55.8,29.4,294,240,642,P1,False,B,3,,0,340,
Nadia,511,Nadia-511,73,Post Office 73,393,366,0,759,48.22,89,11.7,424,160,6,649,P1,264,65.3,24.7,354,193,610,P1,False,D,4,,0,320,
Nadia,511,Nadia-511,74,Govt Office 74,339,319,1,659,48.41,67,10.2,259,169,5,536,P1,90,48.3,31.5,241,136,544,P1,False,D,4,,0,278,
Nadia,511,Nadia-511,75,Temple Hall 75,268,252,0,520,48.46,58,11.2,240,163,3,448,P1,77,53.6,36.4,229,147,452,P1,False,D,4,,0,219,
Nadia,511,Nadia-511,76,Anganwadi Centre 76,392,394,1,787,50.06,95,12.1,380,143,14,653,P1,237,58.2,21.9,355,248,670,P1,False,D,4,,0,332,
Nadia,511,Nadia-511,77,Primary School 77,411,390,1,802,48.63,73,9.1,400,186,5,651,P1,214,61.4,28.6,387,165,613,P1,False,B,3,,0,338,
Nadia,511,Nadia-511,78,Panchayat Bhavan 78,376,381,0,757,50.33,58,7.7,301,195,9,587,P1,106,51.3,33.2,332,220,613,P1,False,B,3,,0,319,
Nadia,511,Nadia-511,79,High School 79,402,411,1,814,50.49,76,9.3,313,268,3,646,P1,45,48.5,41.5,443,191,704,P1,False,B,3,,0,343,
Nadia,511,Nadia-511,80,Govt Office 80,276,276,1,553,49.91,54,9.8,270,108,5,420,P1,162,64.3,25.7,267,165,480,P1,False,B,3,,0,233,
Nadia,511,Nadia-511,81,Market Building 81,337,349,1,687,50.8,78,11.4,246,175,9,524,P1,71,46.9,33.4,300,183,546,P1,False,D,4,,0,289,
Nadia,511,Nadia-511,82,Market Building 82,357,330,1,688,47.97,51,7.4,339,194,4,592,P1,145,57.3,32.8,342,149,546,P1,False,B,3,,0,290,
Nadia,511,Nadia-511,83,Anganwadi Centre 83,382,368,0,750,49.07,89,11.9,359,160,6,577,P1,199,62.2,27.7,362,213,645,P1,False,D,4,,0,316,
Nadia,511,Nadia-511,84,Post Office 84,256,232,1,489,47.44,55,11.2,258,105,4,418,P1,153,61.7,25.1,195,126,371,P1,False,D,4,,0,206,
Nadia,511,Nadia-511,85,Market Building 85,395,375,0,770,48.7,54,7.0,347,135,17,646,P1,207,53.7,20.9,318,197,633,P1,False,B,3,,0,324,
Nadia,511,Nadia-511,86,Primary School 86,290,290,1,581,49.91,41,7.1,261,117,4,444,P1,144,58.8,26.4,259,160,465,P1,False,B,3,,0,245,
Nadia,511,Nadia-511,87,Anganwadi Centre 87,336,337,1,674,50.0,52,7.7,252,206,6,586,P1,46,43.0,35.2,338,178,574,P1,False,B,3,,0,284,
Nadia,511,Nadia-511,88,Community Hall 88,370,381,0,751,50.73,78,10.4,359,160,2,577,P1,199,62.2,27.7,316,208,616,P1,False,D,4,,0,316,
Nadia,511,Nadia-511,89,Temple Hall 89,407,400,0,807,49.57,91,11.3,409,204,3,682,P1,205,60.0,29.9,402,193,661,P1,False,D,4,,0,340,
Nadia,511,Nadia-511,90,Community Hall 90,397,358,0,755,47.42,54,7.2,345,221,2,629,P1,124,54.8,35.1,353,166,622,P1,False,B,3,,0,318,
Nadia,511,Nadia-511,91,Community Hall 91,396,383,0,779,49.17,70,9.0,337,222,2,621,P1,115,54.3,35.7,438,110,608,P1,False,B,3,,0,328,
Nadia,511,Nadia-511,92,Temple Hall 92,277,260,0,537,48.42,63,11.7,225,110,6,419,P1,115,53.7,26.3,238,143,423,P1,False,D,4,,0,226,
Nadia,511,Nadia-511,93,Primary School 93,377,359,1,737,48.71,81,11.0,385,167,5,614,P1,218,62.7,27.2,299,254,639,P1,False,D,4,,0,311,
Nadia,511,Nadia-511,94,Club Building 94,294,302,0,596,50.67,64,10.7,303,153,6,512,P1,150,59.2,29.9,258,144,477,P1,False,D,4,,0,251,
Nadia,511,Nadia-511,95,Panchayat Bhavan 95,355,363,1,719,50.49,90,12.5,287,227,3,577,P1,60,49.7,39.3,299,142,618,P1,False,D,4,,0,303,
Nadia,511,Nadia-511,96,Club Building 96,347,355,0,702,50.57,72,10.3,293,255,7,609,P1,38,48.1,41.9,328,158,540,P1,False,D,4,,0,296,
Nadia,511,Nadia-511,97,Post Office 97,268,271,0,539,50.28,64,11.9,240,164,3,449,P1,76,53.5,36.5,207,140,430,P1,False,D,4,,0,227,
Nadia,511,Nadia-511,98,Anganwadi Centre 98,367,366,0,733,49.93,58,7.9,347,172,6,628,P1,175,55.3,27.4,296,208,596,P1,False,B,3,,0,309,
Nadia,511,Nadia-511,99,Health Sub-Centre 99,291,263,1,555,47.39,53,9.5,261,175,2,485,P1,86,53.8,36.1,264,162,474,P1,False,B,3,,0,234,
Nadia,511,Nadia-511,100,Govt Office 100,379,369,1,749,49.27,96,12.8,346,228,3,638,P1,118,54.2,35.7,248,150,589,P1,False,D,4,,0,316,
Nadia,511,Nadia-511,101,Club Building 101,299,295,0,594,49.66,67,11.3,191,152,7,492,P1,39,38.8,30.9,225,142,462,P1,False,D,4,,0,250,
Nadia,511,Nadia-511,102,Health Sub-Centre 102,248,231,1,480,48.12,36,7.5,193,131,4,387,P1,62,49.9,33.9,210,93,368,P1,False,B,3,,0,202,
Nadia,511,Nadia-511,103,Govt Office 103,397,359,0,756,47.49,63,8.3,273,184,6,574,P1,89,47.6,32.1,332,260,658,P1,False,B,3,,0,319,
Nadia,511,Nadia-511,104,Madrasa 104,260,255,0,515,49.51,62,12.0,175,199,6,449,P2,24,39.0,44.3,207,125,413,P1,True,D,4,,0,217,
Nadia,511,Nadia-511,105,Temple Hall 105,325,317,1,643,49.3,73,11.4,249,161,9,488,P1,88,51.0,33.0,314,155,521,P1,False,D,4,,0,271,
Nadia,511,Nadia-511,106,Primary School 106,305,308,0,613,50.24,70,11.4,253,180,2,481,P1,73,52.6,37.4,286,135,468,P1,False,D,4,,0,258,
Nadia,511,Nadia-511,107,Primary School 107,347,338,1,686,49.27,79,11.5,285,192,2,531,P1,93,53.7,36.2,334,194,590,P1,False,D,4,,0,289,
Nadia,511,Nadia-511,108,Market Building 108,333,340,1,674,50.45,50,7.4,322,157,4,532,P1,165,60.5,29.5,259,226,564,P1,False,B,3,,0,284,
Nadia,511,Nadia-511,109,Madrasa 109,335,310,0,645,48.06,66,10.2,295,176,6,523,P1,119,56.4,33.7,250,133,497,P1,False,D,4,,0,272,
Nadia,511,Nadia-511,110,Madrasa 110,250,252,1,503,50.1,55,10.9,237,120,5,414,P1,117,57.2,29.0,274,105,421,P1,False,D,4,,0,212,
Nadia,511,Nadia-511,111,Post Office 111,275,283,0,558,50.72,68,12.2,232,150,6,442,P1,82,52.5,33.9,241,121,437,P1,False,D,4,,0,235,
Nadia,511,Nadia-511,112,Post Office 112,287,273,0,560,48.75,55,9.8,275,139,4,464,P1,136,59.3,30.0,292,107,443,P1,False,B,3,,0,236,
Nadia,511,Nadia-511,113,Madrasa 113,271,264,0,535,49.35,59,11.0,286,106,2,436,P1,180,65.6,24.3,284,121,450,P1,False,D,4,,0,225,
Nadia,511,Nadia-511,114,Govt Office 114,344,347,1,692,50.14,81,11.7,331,193,4,583,P1,138,56.8,33.1,302,199,603,P1,False,D,4,,0,292,
Nadia,511,Nadia-511,115,Panchayat Bhavan 115,273,278,0,551,50.45,53,9.6,277,156,1,481,P1,121,57.6,32.4,239,152,482,P1,False,B,3,,0,232,
Nadia,511,Nadia-511,116,High School 116,412,369,0,781,47.25,57,7.3,336,216,4,613,P1,120,54.8,35.2,285,182,649,P1,False,B,3,,0,329,
Nadia,511,Nadia-511,117,Panchayat Bhavan 117,314,306,0,620,49.35,80,12.9,242,157,9,508,P1,85,47.6,30.9,234,154,500,P1,False,D,4,,0,261,
Nadia,511,Nadia-511,118,Community Hall 118,423,390,0,813,47.97,80,9.8,320,242,4,658,P1,78,48.6,36.8,405,218,692,P1,False,B,3,,0,343,
Nadia,511,Nadia-511,119,Market Building 119,264,262,0,526,49.81,67,12.7,229,151,2,449,P1,78,51.0,33.6,285,84,451,P1,False,D,4,,0,222,
Nadia,511,Nadia-511,120,Temple Hall 120,290,300,1,591,50.76,75,12.7,309,145,4,504,P1,164,61.3,28.8,232,184,513,P1,False,D,4,,0,249,
Nadia,511,Nadia-511,121,Community Hall 121,386,376,1,763,49.28,62,8.1,384,212,2,663,P1,172,57.9,32.0,313,245,648,P1,False,B,3,,0,321,
Nadia,511,Nadia-511,122,Madrasa 122,389,381,1,771,49.42,91,11.8,404,199,3,669,P1,205,60.4,29.7,321,210,674,P1,False,D,4,,0,325,
Nadia,511,Nadia-511,123,High School 123,367,361,0,728,49.59,72,9.9,278,221,2,554,P1,57,50.2,39.9,365,154,577,P1,False,B,3,,0,307,
Nadia,511,Nadia-511,124,Health Sub-Centre 124,360,354,1,715,49.51,64,9.0,313,157,5,574,P1,156,54.5,27.4,360,152,569,P1,False,B,3,,0,301,
Nadia,511,Nadia-511,125,Temple Hall 125,284,284,0,568,50.0,60,10.6,240,185,2,490,P1,55,49.0,37.8,294,117,457,P1,False,D,4,,0,239,
Nadia,511,Nadia-511,126,Health Sub-Centre 126,255,236,0,491,48.07,57,11.6,200,178,4,420,P1,22,47.6,42.4,259,92,390,P1,False,D,4,,0,207,
Nadia,511,Nadia-511,127,Post Office 127,396,386,1,783,49.3,77,9.8,388,130,11,621,P1,258,62.5,20.9,311,236,636,P1,False,B,3,,0,330,
Nadia,511,Nadia-511,128,Madrasa 128,357,347,1,705,49.22,82,11.6,330,191,6,579,P1,139,57.0,33.0,291,186,598,P1,False,D,4,,0,297,
Nadia,511,Nadia-511,129,Anganwadi Centre 129,378,381,1,760,50.13,98,12.9,348,217,5,627,P1,131,55.5,34.6,276,216,583,P1,False,D,4,,0,320,
Nadia,511,Nadia-511,130,Anganwadi Centre 130,381,343,0,724,47.38,66,9.1,363,178,5,632,P1,185,57.4,28.2,344,187,591,P1,False,B,3,,0,305,
Nadia,511,Nadia-511,131,Post Office 131,400,406,0,806,50.37,60,7.4,397,219,7,684,P1,178,58.0,32.0,377,189,628,P1,False,B,3,,0,340,
Nadia,511,Nadia-511,132,Govt Office 132,413,374,1,788,47.46,60,7.6,405,212,3,685,P1,193,59.1,30.9,376,168,604,P1,False,B,3,,0,332,
Nadia,511,Nadia-511,133,Health Sub-Centre 133,332,301,1,634,47.48,79,12.5,305,174,4,532,P1,131,57.3,32.7,258,175,513,P1,False,D,4,,0,267,
Nadia,511,Nadia-511,134,Market Building 134,373,369,0,742,49.73,89,12.0,369,178,3,633,P1,191,58.3,28.1,344,190,593,P1,False,D,4,,0,313,
Nadia,511,Nadia-511,135,Health Sub-Centre 135,257,234,1,492,47.56,62,12.6,272,113,4,428,P1,159,63.6,26.4,209,148,398,P1,False,D,4,,0,207,
Nadia,511,Nadia-511,136,Club Building 136,391,396,0,787,50.32,72,9.1,351,173,12,648,P1,178,54.2,26.7,303,175,606,P1,False,B,3,,0,332,
Nadia,511,Nadia-511,137,Primary School 137,328,301,0,629,47.85,56,8.9,312,124,5,487,P1,188,64.1,25.5,234,181,533,P1,False,B,3,,0,265,
Nadia,511,Nadia-511,138,Post Office 138,395,387,1,783,49.43,60,7.7,476,127,6,670,P1,349,71.0,19.0,389,197,674,P1,False,A,1,,0,330,
Nadia,511,Nadia-511,139,Temple Hall 139,409,408,0,817,49.94,59,7.2,368,257,3,703,P1,111,52.3,36.6,441,195,707,P1,False,B,3,,0,344,
Nadia,511,Nadia-511,140,Govt Office 140,392,384,0,776,49.48,73,9.4,355,197,3,626,P1,158,56.7,31.5,324,224,609,P1,False,B,3,,0,327,
Nadia,511,Nadia-511,141,Post Office 141,378,355,1,734,48.37,71,9.7,336,204,3,600,P1,132,56.0,34.0,371,152,581,P1,False,B,3,,0,309,
Nadia,511,Nadia-511,142,Club Building 142,321,314,1,636,49.37,52,8.2,310,160,4,552,P1,150,56.2,29.0,312,179,545,P1,False,B,3,,0,268,
Nadia,511,Nadia-511,143,Health Sub-Centre 143,312,283,0,595,47.56,48,8.1,261,154,5,461,P1,107,56.6,33.4,288,127,472,P1,False,B,3,,0,251,
Nadia,511,Nadia-511,144,Madrasa 144,328,320,1,649,49.31,72,11.1,221,228,3,499,P2,7,44.3,45.7,399,98,552,P1,True,D,4,,0,273,
Nadia,511,Nadia-511,145,Temple Hall 145,333,320,1,654,48.93,75,11.5,319,140,6,510,P1,179,62.5,27.5,283,204,542,P1,False,D,4,,0,276,
Nadia,511,Nadia-511,146,Club Building 146,305,309,1,615,50.24,77,12.5,243,100,18,502,P1,108,48.4,19.9,314,136,533,P1,False,D,4,,0,259,
Nadia,511,Nadia-511,147,Temple Hall 147,390,358,1,749,47.8,74,9.9,368,185,6,615,P1,183,59.8,30.1,384,179,626,P1,False,B,3,,0,316,
Nadia,511,Nadia-511,148,Club Building 148,386,386,0,772,50.0,94,12.2,510,95,6,672,P1,415,75.9,14.1,362,203,627,P1,False,D,4,,0,325,
Nadia,511,Nadia-511,149,Market Building 149,337,342,0,679,50.37,60,8.8,281,214,4,554,P1,67,50.7,38.6,299,199,571,P1,False,B,3,,0,286,
Nadia,511,Nadia-511,150,Anganwadi Centre 150,300,309,1,610,50.66,67,11.0,245,166,7,482,P1,79,50.8,34.4,286,189,527,P1,False,D,4,,0,257,
Nadia,511,Nadia-511,151,Panchayat Bhavan 151,334,315,0,649,48.54,83,12.8,318,133,4,552,P1,185,57.6,24.1,282,192,532,P1,False,D,4,,0,273,
Nadia,511,Nadia-511,152,Community Hall 152,380,349,1,730,47.81,81,11.1,278,265,4,603,P1,13,46.1,43.9,366,147,570,P1,False,D,4,,0,308,
Nadia,511,Nadia-511,153,Primary School 153,402,372,0,774,48.06,91,11.8,372,213,7,664,P1,159,56.0,32.1,322,191,622,P1,False,D,4,,0,326,
Nadia,511,Nadia-511,154,Primary School 154,416,401,1,818,49.02,78,9.5,354,265,3,687,P1,89,51.5,38.6,305,282,664,P1,False,B,3,,0,345,
Nadia,511,Nadia-511,155,Community Hall 155,382,351,0,733,47.89,89,12.1,326,235,5,623,P1,91,52.3,37.7,297,161,592,P1,False,D,4,,0,309,
Nadia,511,Nadia-511,156,Post Office 156,311,289,1,601,48.09,47,7.8,250,178,4,505,P1,72,49.5,35.2,320,111,478,P1,False,B,3,,0,253,
Nadia,511,Nadia-511,157,Club Building 157,293,267,0,560,47.68,62,11.1,229,124,3,440,P1,105,52.0,28.2,257,153,456,P1,False,D,4,,0,236,
Nadia,511,Nadia-511,158,Club Building 158,347,350,0,697,50.22,85,12.2,293,204,9,581,P1,89,50.4,35.1,288,197,539,P1,False,D,4,,0,294,
Nadia,511,Nadia-511,159,High School 159,316,292,1,609,47.95,49,8.0,255,186,7,502,P1,69,50.8,37.1,262,137,493,P1,False,B,3,,0,257,
Nadia,511,Nadia-511,160,Market Building 160,306,299,0,605,49.42,70,11.6,315,119,5,483,P1,196,65.2,24.6,277,139,487,P1,False,D,4,,0,255,
Nadia,511,Nadia-511,161,Post Office 161,378,368,0,746,49.33,89,11.9,395,144,6,599,P1,251,65.9,24.0,328,196,582,P1,False,D,4,,0,314,
Nadia,511,Nadia-511,162,Club Building 162,365,376,0,741,50.74,73,9.9,225,191,8,562,P1,34,40.0,34.0,334,188,580,P1,False,B,3,,0,312,
Nadia,512,Nadia-512,1,Market Building 1,354,357,1,712,50.14,61,8.6,382,135,5,574,P1,247,66.6,23.5,357,162,576,P1,False,A,1,,0,300,
Nadia,512,Nadia-512,2,Panchayat Bhavan 2,393,386,1,780,49.49,70,9.0,415,157,7,635,P1,258,65.4,24.7,365,138,639,P1,False,A,1,,0,329,
Nadia,512,Nadia-512,3,High School 3,250,252,0,502,50.2,44,8.8,290,58,4,386,P1,232,75.1,15.0,250,114,404,P1,False,A,1,,0,212,
Nadia,512,Nadia-512,4,Madrasa 4,405,407,1,813,50.06,52,6.4,472,152,8,693,P1,320,68.1,21.9,398,232,700,P1,False,A,1,,0,343,
Nadia,512,Nadia-512,5,Madrasa 5,354,320,0,674,47.48,59,8.8,294,142,18,587,P1,152,50.1,24.2,303,192,589,P1,False,B,3,,0,284,
Nadia,512,Nadia-512,6,High School 6,300,289,1,590,48.98,41,6.9,291,140,2,479,P1,151,60.8,29.2,308,101,497,P1,False,B,3,,0,249,
Nadia,512,Nadia-512,7,Post Office 7,328,297,0,625,47.52,47,7.5,227,169,11,506,P1,58,44.9,33.4,322,146,520,P1,False,B,3,,0,263,
Nadia,512,Nadia-512,8,Panchayat Bhavan 8,293,284,0,577,49.22,34,5.9,289,137,2,474,P1,152,61.0,28.9,283,156,497,P1,False,B,3,,0,243,
Nadia,512,Nadia-512,9,Govt Office 9,356,328,0,684,47.95,58,8.5,379,104,2,557,P1,275,68.0,18.7,340,150,545,P1,False,A,1,,0,288,
Nadia,512,Nadia-512,10,Temple Hall 10,355,365,1,721,50.62,61,8.5,364,181,4,621,P1,183,58.6,29.1,319,170,571,P1,False,B,3,,0,304,
Nadia,512,Nadia-512,11,Community Hall 11,299,281,0,580,48.45,34,5.9,275,147,4,468,P1,128,58.8,31.4,333,121,504,P1,False,B,3,,0,244,
Nadia,512,Nadia-512,12,High School 12,342,331,0,673,49.18,50,7.4,310,198,9,584,P1,112,53.1,33.9,336,153,543,P1,False,B,3,,0,284,
Nadia,512,Nadia-512,13,Primary School 13,322,295,0,617,47.81,47,7.6,261,141,10,520,P1,120,50.2,27.1,212,144,516,P1,False,B,3,,0,260,
Nadia,512,Nadia-512,14,Anganwadi Centre 14,253,228,1,482,47.3,43,8.9,173,132,6,391,P1,41,44.2,33.8,232,139,412,P1,False,B,3,,0,203,
Nadia,512,Nadia-512,15,High School 15,271,249,1,521,47.79,36,6.9,262,122,3,427,P1,140,61.4,28.6,283,120,447,P1,False,B,3,,0,220,
Nadia,512,Nadia-512,16,Madrasa 16,291,299,0,590,50.68,40,6.8,235,91,11,515,P1,62,45.6,17.7,260,139,467,P1,False,B,3,,0,249,
Nadia,512,Nadia-512,17,Health Sub-Centre 17,262,269,0,531,50.66,33,6.2,256,114,5,422,P1,142,60.7,27.0,218,171,464,P1,False,B,3,,0,224,
Nadia,512,Nadia-512,18,Govt Office 18,272,274,0,546,50.18,32,5.9,261,156,3,463,P1,105,56.4,33.7,223,134,471,P1,False,B,3,,0,230,
Nadia,512,Nadia-512,19,Market Building 19,386,361,1,748,48.26,45,6.0,291,225,6,575,P1,66,50.6,39.1,397,144,601,P1,False,B,3,,0,315,
Nadia,512,Nadia-512,20,Community Hall 20,376,356,1,733,48.57,65,8.9,365,143,3,565,P1,222,64.6,25.3,331,189,621,P1,False,B,3,,0,309,
Nadia,512,Nadia-512,21,Temple Hall 21,275,254,0,529,48.02,34,6.4,204,163,2,423,P1,41,48.2,38.5,251,112,434,P1,False,B,3,,0,223,
Nadia,512,Nadia-512,22,Madrasa 22,243,246,0,489,50.31,38,7.8,250,103,3,393,P1,147,63.6,26.2,181,140,394,P1,False,B,3,,0,206,
Nadia,512,Nadia-512,23,Primary School 23,306,281,0,587,47.87,45,7.7,252,160,3,457,P1,92,55.1,35.0,245,164,465,P1,False,B,3,,0,247,
Nadia,512,Nadia-512,24,Community Hall 24,250,259,1,510,50.78,26,5.1,177,173,2,389,P1,4,45.5,44.5,308,88,440,P1,False,B,3,,0,215,
Nadia,512,Nadia-512,25,Community Hall 25,404,403,0,807,49.94,69,8.6,435,132,3,629,P1,303,69.2,21.0,323,265,655,P1,False,A,1,,0,340,
Nadia,512,Nadia-512,26,Health Sub-Centre 26,316,287,0,603,47.6,48,8.0,272,168,3,489,P1,104,55.6,34.4,318,144,513,P1,False,B,3,,0,254,
Nadia,512,Nadia-512,27,Club Building 27,292,285,1,578,49.31,30,5.2,217,151,9,441,P1,66,49.2,34.2,283,122,450,P1,False,B,3,,0,244,
Nadia,512,Nadia-512,28,Market Building 28,388,372,1,761,48.88,38,5.0,407,187,2,660,P1,220,61.7,28.3,372,170,602,P1,False,B,3,,0,321,
Nadia,512,Nadia-512,29,Primary School 29,348,313,0,661,47.35,45,6.8,333,180,3,570,P1,153,58.4,31.6,307,128,530,P1,False,B,3,,0,279,
Nadia,512,Nadia-512,30,Community Hall 30,405,412,0,817,50.43,56,6.9,271,209,20,674,P1,62,40.2,31.0,390,195,650,P1,False,B,3,,0,344,
Nadia,512,Nadia-512,31,Anganwadi Centre 31,275,262,0,537,48.79,33,6.1,230,134,6,427,P1,96,53.9,31.4,234,143,468,P1,False,B,3,,0,226,
Nadia,512,Nadia-512,32,Anganwadi Centre 32,412,401,1,814,49.26,44,5.4,371,188,7,621,P1,183,59.7,30.3,342,235,676,P1,False,B,3,,0,343,
Nadia,512,Nadia-512,33,Community Hall 33,375,348,0,723,48.13,49,6.8,299,249,5,620,P1,50,48.2,40.2,323,148,574,P1,False,B,3,,0,305,
Nadia,512,Nadia-512,34,Post Office 34,256,238,1,495,48.08,30,6.1,225,101,4,382,P1,124,58.9,26.4,202,117,422,P1,False,B,3,,0,209,
Nadia,512,Nadia-512,35,Madrasa 35,362,347,1,710,48.87,55,7.7,319,135,3,555,P1,184,57.5,24.3,342,206,608,P1,False,B,3,,0,299,
Nadia,512,Nadia-512,36,Temple Hall 36,387,350,0,737,47.49,56,7.6,303,128,8,574,P1,174,52.8,22.3,275,219,573,P1,False,B,3,,0,311,
Nadia,512,Nadia-512,37,Market Building 37,367,351,1,719,48.82,56,7.8,390,145,4,594,P1,245,65.7,24.4,334,171,562,P1,False,A,1,,0,303,
Nadia,512,Nadia-512,38,High School 38,357,364,0,721,50.49,47,6.5,322,183,13,629,P1,139,51.2,29.1,263,271,601,P2,True,B,3,,0,304,
Nadia,512,Nadia-512,39,Govt Office 39,344,309,0,653,47.32,58,8.9,253,156,12,515,P1,97,49.1,30.3,283,163,501,P1,False,B,3,,0,275,
Nadia,512,Nadia-512,40,Anganwadi Centre 40,298,280,1,579,48.36,37,6.4,228,165,2,449,P1,63,50.8,36.7,326,90,462,P1,False,B,3,,0,244,
Nadia,512,Nadia-512,41,Community Hall 41,313,294,1,608,48.36,50,8.2,329,100,3,477,P1,229,69.0,21.0,232,192,489,P1,False,A,1,,0,256,
Nadia,512,Nadia-512,42,Anganwadi Centre 42,254,257,1,512,50.2,39,7.6,232,119,4,390,P1,113,59.5,30.5,265,120,427,P1,False,B,3,,0,216,
Nadia,512,Nadia-512,43,Anganwadi Centre 43,316,304,1,621,48.95,51,8.2,291,149,2,488,P1,142,59.6,30.5,220,126,482,P1,False,B,3,,0,262,
Nadia,512,Nadia-512,44,Post Office 44,333,342,1,676,50.59,51,7.5,311,161,3,525,P1,150,59.2,30.7,299,196,588,P1,False,B,3,,0,285,
Nadia,512,Nadia-512,45,High School 45,413,387,0,800,48.38,48,6.0,459,158,8,685,P1,301,67.0,23.1,349,247,688,P1,False,A,1,,0,337,
Nadia,512,Nadia-512,46,Post Office 46,313,319,0,632,50.47,41,6.5,311,166,3,530,P1,145,58.7,31.3,296,137,525,P1,False,B,3,,0,266,
Nadia,512,Nadia-512,47,Temple Hall 47,249,235,1,485,48.45,28,5.8,218,138,6,419,P1,80,52.0,32.9,179,110,414,P1,False,B,3,,0,204,
Nadia,512,Nadia-512,48,Temple Hall 48,324,327,1,652,50.15,34,5.2,274,177,7,508,P1,97,53.9,34.8,323,158,534,P1,False,B,3,,0,275,
Nadia,512,Nadia-512,49,High School 49,332,311,1,644,48.29,40,6.2,307,162,5,521,P1,145,58.9,31.1,238,148,560,P1,False,B,3,,0,271,
Nadia,512,Nadia-512,50,Panchayat Bhavan 50,296,287,1,584,49.14,47,8.0,322,92,2,460,P1,230,70.0,20.0,249,154,448,P1,False,A,1,,0,246,
Nadia,512,Nadia-512,51,Govt Office 51,300,271,1,572,47.38,44,7.7,249,162,3,481,P1,87,51.8,33.7,225,114,452,P1,False,B,3,,0,241,
Nadia,512,Nadia-512,52,Post Office 52,400,368,1,769,47.85,41,5.3,396,174,2,633,P1,222,62.6,27.5,264,191,627,P1,False,B,3,,0,324,
Nadia,512,Nadia-512,53,Market Building 53,263,257,0,520,49.42,38,7.3,253,146,5,444,P1,107,57.0,32.9,200,189,433,P1,False,B,3,,0,219,
Nadia,512,Nadia-512,54,High School 54,398,408,1,807,50.56,59,7.3,341,211,3,634,P1,130,53.8,33.3,377,223,666,P1,False,B,3,,0,340,
Nadia,512,Nadia-512,55,Panchayat Bhavan 55,330,307,1,638,48.12,39,6.1,255,108,7,499,P1,131,51.1,21.6,298,157,506,P1,False,B,3,,0,269,
Nadia,512,Nadia-512,56,Panchayat Bhavan 56,255,229,0,484,47.31,37,7.6,205,125,6,413,P1,80,49.6,30.3,207,118,393,P1,False,B,3,,0,204,
Nadia,512,Nadia-512,57,High School 57,362,343,1,706,48.58,53,7.5,396,134,8,613,P1,262,64.6,21.9,323,112,596,P1,False,B,3,,0,297,
Nadia,512,Nadia-512,58,Community Hall 58,271,269,0,540,49.81,36,6.7,262,139,3,445,P1,123,58.9,31.2,275,121,440,P1,False,B,3,,0,228,
Nadia,512,Nadia-512,59,Primary School 59,387,366,0,753,48.61,53,7.0,362,178,5,600,P1,184,60.3,29.7,246,240,635,P1,False,B,3,,0,317,
Nadia,512,Nadia-512,60,Anganwadi Centre 60,384,362,0,746,48.53,40,5.4,371,190,9,637,P1,181,58.2,29.8,308,168,604,P1,False,B,3,,0,314,
Nadia,512,Nadia-512,61,Community Hall 61,249,233,1,483,48.24,37,7.7,219,121,4,408,P1,98,53.7,29.7,182,161,405,P1,False,B,3,,0,204,
Nadia,512,Nadia-512,62,Govt Office 62,255,255,0,510,50.0,30,5.9,217,152,2,413,P1,65,52.5,36.8,189,117,408,P1,False,B,3,,0,215,
Nadia,512,Nadia-512,63,Market Building 63,329,338,1,668,50.6,45,6.7,340,184,3,583,P1,156,58.3,31.6,271,165,508,P1,False,B,3,,0,281,
Nadia,512,Nadia-512,64,Anganwadi Centre 64,357,325,0,682,47.65,37,5.4,321,205,6,585,P1,116,54.9,35.0,335,135,523,P1,False,B,3,,0,287,
Nadia,512,Nadia-512,65,Madrasa 65,266,249,1,516,48.26,38,7.4,244,109,5,420,P1,135,58.1,26.0,186,176,411,P1,False,B,3,,0,217,
Nadia,512,Nadia-512,66,Market Building 66,256,240,1,497,48.29,39,7.8,215,152,3,408,P1,63,52.7,37.3,247,102,388,P1,False,B,3,,0,209,
Nadia,512,Nadia-512,67,Market Building 67,348,339,0,687,49.34,53,7.7,282,210,6,547,P1,72,51.6,38.4,270,217,583,P1,False,B,3,,0,289,
Nadia,512,Nadia-512,68,Club Building 68,316,300,1,617,48.62,42,6.8,370,113,5,536,P1,257,69.0,21.1,276,166,509,P1,False,A,1,,0,260,
Nadia,512,Nadia-512,69,Primary School 69,384,372,0,756,49.21,44,5.8,353,205,7,620,P1,148,56.9,33.1,278,224,579,P1,False,B,3,,0,319,
Nadia,512,Nadia-512,70,Madrasa 70,394,374,0,768,48.7,63,8.2,308,249,7,629,P1,59,49.0,39.6,289,215,612,P1,False,B,3,,0,324,
Nadia,512,Nadia-512,71,Panchayat Bhavan 71,294,277,1,572,48.43,51,8.9,214,109,12,439,P1,105,48.7,24.8,333,102,483,P1,False,B,3,,0,241,
Nadia,512,Nadia-512,72,Primary School 72,286,264,0,550,48.0,33,6.0,257,96,5,440,P1,161,58.4,21.8,254,128,424,P1,False,B,3,,0,232,
Nadia,512,Nadia-512,73,Temple Hall 73,284,262,1,547,47.9,47,8.6,256,113,5,432,P1,143,59.3,26.2,278,134,458,P1,False,B,3,,0,230,
Nadia,512,Nadia-512,74,Panchayat Bhavan 74,255,250,1,506,49.41,37,7.3,190,120,8,413,P1,70,46.0,29.1,226,134,406,P1,False,B,3,,0,213,
Nadia,512,Nadia-512,75,Panchayat Bhavan 75,404,399,1,804,49.63,59,7.3,467,140,5,675,P1,327,69.2,20.7,437,156,659,P1,False,A,1,,0,339,
Nadia,512,Nadia-512,76,Anganwadi Centre 76,290,270,1,561,48.13,35,6.2,244,153,6,473,P1,91,51.6,32.3,251,119,428,P1,False,B,3,,0,236,
Nadia,512,Nadia-512,77,Community Hall 77,347,333,1,681,48.9,36,5.3,261,237,3,554,P1,24,47.1,42.8,224,188,529,P1,False,B,3,,0,287,
Nadia,512,Nadia-512,78,Temple Hall 78,309,313,0,622,50.32,53,8.5,239,214,3,540,P1,25,44.3,39.6,275,190,528,P1,False,B,3,,0,262,
Nadia,512,Nadia-512,79,Club Building 79,420,380,1,801,47.44,42,5.2,380,213,6,658,P1,167,57.8,32.4,331,184,687,P1,False,B,3,,0,337,
Nadia,512,Nadia-512,80,Primary School 80,330,329,1,660,49.85,58,8.8,311,139,8,541,P1,172,57.5,25.7,233,165,524,P1,False,B,3,,0,278,
Nadia,512,Nadia-512,81,Health Sub-Centre 81,247,237,1,485,48.87,24,4.9,219,139,1,398,P1,80,55.0,34.9,222,152,416,P1,False,B,3,,0,204,
Nadia,512,Nadia-512,82,Health Sub-Centre 82,389,367,0,756,48.54,69,9.1,432,159,4,656,P1,273,65.9,24.2,347,215,628,P1,False,A,1,,0,319,
Nadia,512,Nadia-512,83,Panchayat Bhavan 83,261,235,1,497,47.28,44,8.9,239,100,3,377,P1,139,63.4,26.5,272,115,430,P1,False,B,3,,0,209,
Nadia,512,Nadia-512,84,Club Building 84,358,333,0,691,48.19,62,9.0,278,165,17,602,P1,113,46.2,27.4,273,216,543,P1,False,B,3,,0,291,
Nadia,512,Nadia-512,85,Community Hall 85,399,383,0,782,48.98,54,6.9,328,252,5,678,P1,76,48.4,37.2,376,225,668,P1,False,B,3,,0,329,
Nadia,512,Nadia-512,86,High School 86,368,331,0,699,47.35,53,7.6,291,145,8,533,P1,146,54.6,27.2,361,135,551,P1,False,B,3,,0,295,
Nadia,512,Nadia-512,87,Health Sub-Centre 87,361,326,1,688,47.38,51,7.4,324,147,4,524,P1,177,61.8,28.1,292,207,554,P1,False,B,3,,0,290,
Nadia,512,Nadia-512,88,Post Office 88,263,264,1,528,50.0,39,7.4,233,108,9,423,P1,125,55.1,25.5,278,124,447,P1,False,B,3,,0,222,
Nadia,512,Nadia-512,89,High School 89,338,303,0,641,47.27,35,5.5,354,129,2,537,P1,225,65.9,24.0,282,172,551,P1,False,A,1,,0,270,
Nadia,512,Nadia-512,90,Panchayat Bhavan 90,375,354,1,730,48.49,39,5.3,263,208,4,564,P1,55,46.6,36.9,353,207,622,P1,False,B,3,,0,308,
Nadia,512,Nadia-512,91,Health Sub-Centre 91,338,303,1,642,47.2,54,8.4,299,174,4,556,P1,125,53.8,31.3,246,176,561,P1,False,B,3,,0,271,
Nadia,512,Nadia-512,92,Community Hall 92,365,336,1,702,47.86,46,6.6,352,184,5,596,P1,168,59.1,30.9,371,132,559,P1,False,B,3,,0,296,
Nadia,512,Nadia-512,93,Temple Hall 93,390,362,0,752,48.14,48,6.4,356,157,5,570,P1,199,62.5,27.5,360,201,624,P1,False,B,3,,0,317,
Nadia,512,Nadia-512,94,Temple Hall 94,375,340,1,716,47.49,36,5.0,325,165,4,544,P1,160,59.7,30.3,316,194,625,P1,False,B,3,,0,302,
Nadia,512,Nadia-512,95,Madrasa 95,392,372,0,764,48.69,56,7.3,383,183,6,629,P1,200,60.9,29.1,315,155,589,P1,False,B,3,,0,322,
Nadia,512,Nadia-512,96,Market Building 96,299,290,1,590,49.15,32,5.4,249,148,3,460,P1,101,54.1,32.2,347,85,479,P1,False,B,3,,0,249,
Nadia,512,Nadia-512,97,Health Sub-Centre 97,246,234,0,480,48.75,39,8.1,179,112,7,413,P1,67,43.3,27.1,233,111,382,P1,False,B,3,,0,202,
Nadia,512,Nadia-512,98,Govt Office 98,389,403,1,793,50.82,52,6.6,382,227,4,677,P1,155,56.4,33.5,288,207,605,P1,False,B,3,,0,334,
Nadia,512,Nadia-512,99,Anganwadi Centre 99,409,396,0,805,49.19,68,8.4,401,207,5,675,P1,194,59.4,30.7,402,178,700,P1,False,B,3,,0,339,
Nadia,512,Nadia-512,100,Market Building 100,342,315,1,658,47.87,50,7.6,343,167,6,567,P1,176,60.5,29.5,272,185,511,P1,False,B,3,,0,277,
Nadia,512,Nadia-512,101,Health Sub-Centre 101,349,346,1,696,49.71,59,8.5,340,183,4,581,P1,157,58.5,31.5,348,148,551,P1,False,B,3,,0,293,
Nadia,512,Nadia-512,102,Club Building 102,274,271,0,545,49.72,33,6.1,271,129,5,445,P1,142,60.9,29.0,297,124,467,P1,False,B,3,,0,230,
Nadia,512,Nadia-512,103,Post Office 103,289,280,1,570,49.12,43,7.5,248,138,4,434,P1,110,57.1,31.8,259,137,440,P1,False,B,3,,0,240,
Nadia,512,Nadia-512,104,High School 104,340,335,0,675,49.63,35,5.2,388,118,2,563,P1,270,68.9,21.0,330,131,512,P1,False,A,1,,0,284,
Nadia,512,Nadia-512,105,Govt Office 105,318,324,0,642,50.47,37,5.8,309,151,3,519,P1,158,59.5,29.1,210,193,487,P1,False,B,3,,0,271,
Nadia,512,Nadia-512,106,Post Office 106,322,322,0,644,50.0,48,7.5,235,165,6,524,P1,70,44.8,31.5,277,166,492,P1,False,B,3,,0,271,
Nadia,512,Nadia-512,107,Primary School 107,371,356,1,728,48.9,40,5.5,343,192,2,595,P1,151,57.6,32.3,292,206,583,P1,False,B,3,,0,307,
Nadia,512,Nadia-512,108,Club Building 108,318,328,0,646,50.77,40,6.2,259,182,5,500,P1,77,51.8,36.4,318,146,515,P1,False,B,3,,0,272,
Nadia,512,Nadia-512,109,Market Building 109,397,377,0,774,48.71,51,6.6,343,195,7,607,P1,148,56.5,32.1,337,202,656,P1,False,B,3,,0,326,
Nadia,512,Nadia-512,110,Govt Office 110,323,319,0,642,49.69,35,5.5,300,176,5,529,P1,124,56.7,33.3,297,161,509,P1,False,B,3,,0,271,
Nadia,512,Nadia-512,111,Community Hall 111,312,308,1,621,49.6,34,5.5,328,152,3,534,P1,176,61.4,28.5,322,108,477,P1,False,B,3,,0,262,
Nadia,512,Nadia-512,112,Post Office 112,371,354,0,725,48.83,52,7.2,286,188,3,561,P1,98,51.0,33.5,277,201,577,P1,False,B,3,,0,305,
Nadia,512,Nadia-512,113,Primary School 113,311,298,1,610,48.85,31,5.1,263,189,3,511,P1,74,51.5,37.0,262,153,489,P1,False,B,3,,0,257,
Nadia,512,Nadia-512,114,Market Building 114,417,377,0,794,47.48,50,6.3,306,198,13,637,P1,108,48.0,31.1,389,230,688,P1,False,B,3,,0,335,
Nadia,512,Nadia-512,115,Community Hall 115,374,349,1,724,48.2,51,7.0,340,188,3,587,P1,152,57.9,32.0,374,188,624,P1,False,B,3,,0,305,
Nadia,512,Nadia-512,116,Primary School 116,382,349,1,732,47.68,56,7.7,311,184,9,584,P1,127,53.3,31.5,323,238,623,P1,False,B,3,,0,308,
Nadia,512,Nadia-512,117,Madrasa 117,395,392,1,788,49.75,59,7.5,275,161,11,607,P1,114,45.3,26.5,362,209,656,P1,False,B,3,,0,332,
Nadia,512,Nadia-512,118,Market Building 118,304,310,0,614,50.49,48,7.8,313,153,5,517,P1,160,60.5,29.6,307,115,469,P1,False,B,3,,0,259,
Nadia,512,Nadia-512,119,High School 119,366,331,0,697,47.49,44,6.3,310,176,5,597,P1,134,51.9,29.5,364,150,571,P1,False,B,3,,0,294,
Nadia,512,Nadia-512,120,Post Office 120,300,271,0,571,47.46,49,8.6,284,142,2,473,P1,142,60.0,30.0,243,140,490,P1,False,B,3,,0,241,
Nadia,512,Nadia-512,121,Market Building 121,279,281,0,560,50.18,42,7.5,250,137,3,437,P1,113,57.2,31.4,225,132,429,P1,False,B,3,,0,236,
Nadia,512,Nadia-512,122,High School 122,359,336,1,696,48.28,41,5.9,295,190,3,539,P1,105,54.7,35.3,304,162,561,P1,False,B,3,,0,293,
Nadia,512,Nadia-512,123,Panchayat Bhavan 123,347,352,0,699,50.36,43,6.2,339,177,3,607,P1,162,55.8,29.2,312,137,552,P1,False,B,3,,0,295,
Nadia,512,Nadia-512,124,Govt Office 124,326,327,0,653,50.08,42,6.4,307,151,5,509,P1,156,60.3,29.7,381,129,567,P1,False,B,3,,0,275,
Nadia,512,Nadia-512,125,Govt Office 125,321,290,1,612,47.39,48,7.8,284,191,5,527,P1,93,53.9,36.2,290,142,480,P1,False,B,3,,0,258,
Nadia,512,Nadia-512,126,Govt Office 126,339,320,0,659,48.56,55,8.3,338,144,5,536,P1,194,63.1,26.9,373,119,546,P1,False,B,3,,0,278,
Nadia,512,Nadia-512,127,Community Hall 127,311,294,1,606,48.51,37,6.1,240,131,7,507,P1,109,47.3,25.8,262,184,496,P1,False,B,3,,0,255,
Nadia,512,Nadia-512,128,Market Building 128,247,234,0,481,48.65,24,5.0,185,105,6,366,P1,80,50.5,28.7,270,104,415,P1,False,B,3,,0,203,
Nadia,512,Nadia-512,129,Madrasa 129,354,337,0,691,48.77,53,7.7,293,145,8,542,P1,148,54.1,26.8,264,196,530,P1,False,B,3,,0,291,
Nadia,512,Nadia-512,130,Govt Office 130,293,302,1,596,50.67,37,6.2,242,191,3,513,P1,51,47.2,37.2,249,169,483,P1,False,B,3,,0,251,
Nadia,512,Nadia-512,131,Health Sub-Centre 131,309,301,0,610,49.34,40,6.6,290,136,9,521,P1,154,55.7,26.1,264,104,515,P1,False,B,3,,0,257,
Nadia,512,Nadia-512,132,Health Sub-Centre 132,386,363,1,750,48.4,51,6.8,315,197,6,569,P1,118,55.4,34.6,330,169,606,P1,False,B,3,,0,316,
Nadia,512,Nadia-512,133,Market Building 133,331,333,1,665,50.08,59,8.9,276,178,6,530,P1,98,52.1,33.6,269,182,565,P1,False,B,3,,0,280,
Nadia,512,Nadia-512,134,Post Office 134,385,349,0,734,47.55,46,6.3,334,177,5,632,P1,157,52.8,28.0,258,198,576,P1,False,B,3,,0,309,
Nadia,512,Nadia-512,135,Market Building 135,249,238,0,487,48.87,35,7.2,228,152,3,423,P1,76,53.9,35.9,259,85,383,P1,False,B,3,,0,205,
Nadia,512,Nadia-512,136,Market Building 136,305,301,1,607,49.59,32,5.3,275,183,5,509,P1,92,54.0,36.0,223,185,462,P1,False,B,3,,0,256,
Nadia,512,Nadia-512,137,Primary School 137,275,267,1,543,49.17,48,8.8,295,105,4,444,P1,190,66.4,23.6,277,133,455,P1,False,A,1,,0,229,
Nadia,512,Nadia-512,138,Madrasa 138,366,333,0,699,47.64,54,7.7,319,164,2,537,P1,155,59.4,30.5,291,162,536,P1,False,B,3,,0,295,
Nadia,512,Nadia-512,139,Market Building 139,271,277,1,549,50.46,49,8.9,219,175,3,437,P1,44,50.1,40.0,215,99,436,P1,False,B,3,,0,231,
Nadia,512,Nadia-512,140,Madrasa 140,323,321,1,645,49.77,48,7.4,287,184,4,524,P1,103,54.8,35.1,294,152,495,P1,False,B,3,,0,272,
Nadia,512,Nadia-512,141,Health Sub-Centre 141,280,258,0,538,47.96,34,6.3,242,106,6,421,P1,136,57.5,25.2,244,149,453,P1,False,B,3,,0,227,
Nadia,512,Nadia-512,142,Primary School 142,405,388,1,794,48.87,44,5.5,331,231,6,625,P1,100,53.0,37.0,272,213,669,P1,False,B,3,,0,335,
Nadia,512,Nadia-512,143,Post Office 143,311,308,0,619,49.76,44,7.1,275,145,2,497,P1,130,55.3,29.2,320,139,510,P1,False,B,3,,0,261,
Nadia,512,Nadia-512,144,Primary School 144,327,332,1,660,50.3,42,6.4,266,193,5,513,P1,73,51.9,37.6,279,156,504,P1,False,B,3,,0,278,
Nadia,512,Nadia-512,145,Post Office 145,336,319,1,656,48.63,43,6.6,324,188,4,569,P1,136,56.9,33.0,233,231,515,P1,False,B,3,,0,276,
Nadia,512,Nadia-512,146,Madrasa 146,383,352,1,736,47.83,41,5.6,322,232,7,632,P1,90,50.9,36.7,235,229,558,P1,False,B,3,,0,310,
Nadia,512,Nadia-512,147,Community Hall 147,409,380,1,790,48.1,56,7.1,446,162,2,676,P1,284,66.0,24.0,298,260,620,P1,False,A,1,,0,333,
Nadia,512,Nadia-512,148,High School 148,400,409,1,810,50.49,50,6.2,436,188,7,693,P1,248,62.9,27.1,324,242,629,P1,False,B,3,,0,341,
Nadia,512,Nadia-512,149,Anganwadi Centre 149,399,375,1,775,48.39,54,7.0,282,251,7,594,P1,31,47.5,42.3,363,186,610,P1,False,B,3,,0,327,
Nadia,512,Nadia-512,150,Anganwadi Centre 150,298,284,0,582,48.8,30,5.2,255,178,3,481,P1,77,53.0,37.0,219,149,446,P1,False,B,3,,0,245,
Nadia,512,Nadia-512,151,Govt Office 151,269,273,0,542,50.37,42,7.7,239,149,4,432,P1,90,55.3,34.5,260,111,412,P1,False,B,3,,0,228,
Nadia,512,Nadia-512,152,High School 152,268,248,1,517,47.97,39,7.5,215,153,4,414,P1,62,51.9,37.0,235,119,400,P1,False,B,3,,0,218,
Nadia,512,Nadia-512,153,Temple Hall 153,356,342,0,698,49.0,60,8.6,298,208,4,563,P1,90,52.9,36.9,309,175,537,P1,False,B,3,,0,294,
Nadia,512,Nadia-512,154,Post Office 154,359,350,0,709,49.37,47,6.6,334,159,6,548,P1,175,60.9,29.0,327,166,558,P1,False,B,3,,0,299,
Nadia,512,Nadia-512,155,Primary School 155,263,248,1,512,48.44,37,7.2,217,156,3,415,P1,61,52.3,37.6,212,127,434,P1,False,B,3,,0,216,
Nadia,512,Nadia-512,156,Madrasa 156,401,376,1,778,48.33,41,5.3,413,134,6,608,P1,279,67.9,22.0,359,216,657,P1,False,A,1,,0,328,
Nadia,512,Nadia-512,157,Temple Hall 157,415,385,1,801,48.06,59,7.4,314,221,4,653,P1,93,48.1,33.8,450,125,639,P1,False,B,3,,0,337,
Nadia,512,Nadia-512,158,Post Office 158,248,256,1,505,50.69,41,8.1,228,141,4,415,P1,87,54.9,34.0,257,116,414,P1,False,B,3,,0,213,
Nadia,512,Nadia-512,159,Anganwadi Centre 159,331,298,1,630,47.3,55,8.7,272,132,15,537,P1,140,50.7,24.6,204,182,502,P1,False,B,3,,0,265,
Nadia,512,Nadia-512,160,Club Building 160,300,295,0,595,49.58,30,5.0,286,176,2,514,P1,110,55.6,34.2,287,176,514,P1,False,B,3,,0,251,
Nadia,512,Nadia-512,161,Community Hall 161,404,409,0,813,50.31,61,7.5,410,172,5,647,P1,238,63.4,26.6,428,201,698,P1,False,B,3,,0,343,
Nadia,512,Nadia-512,162,Temple Hall 162,302,312,1,615,50.73,46,7.5,247,149,8,485,P1,98,50.9,30.7,268,180,516,P1,False,B,3,,0,259,
Nadia,512,Nadia-512,163,Anganwadi Centre 163,252,256,0,508,50.39,44,8.7,245,143,4,436,P1,102,56.2,32.8,231,130,426,P1,False,B,3,,0,214,
Nadia,512,Nadia-512,164,High School 164,322,331,1,654,50.61,34,5.2,258,155,5,502,P1,103,51.4,30.9,303,153,506,P1,False,B,3,,0,276,
Nadia,513,Nadia-513,1,Health Sub-Centre 1,409,394,1,804,49.0,112,13.9,326,242,3,631,P1,84,51.7,38.4,380,197,641,P1,False,D,4,,0,339,
Nadia,513,Nadia-513,2,Panchayat Bhavan 2,342,352,1,695,50.65,70,10.1,373,102,2,528,P1,271,70.6,19.3,384,151,595,P1,False,D,4,,0,293,
Nadia,513,Nadia-513,3,Post Office 3,306,301,1,608,49.51,56,9.2,364,105,3,521,P1,259,69.9,20.2,267,165,479,P1,False,A,1,,0,256,
Nadia,513,Nadia-513,4,Post Office 4,282,259,1,542,47.79,48,8.9,249,162,2,471,P1,87,52.9,34.4,219,116,448,P1,False,B,3,,0,228,
Nadia,513,Nadia-513,5,Temple Hall 5,343,309,1,653,47.32,84,12.9,349,143,6,546,P1,206,63.9,26.2,234,254,563,P2,True,D,4,,0,275,
Nadia,513,Nadia-513,6,Madrasa 6,293,301,1,595,50.59,78,13.1,296,99,5,472,P1,197,62.7,21.0,286,158,493,P1,False,D,4,,0,251,
Nadia,513,Nadia-513,7,Community Hall 7,338,307,0,645,47.6,71,11.0,181,168,20,557,P4,1,32.5,30.2,336,147,557,P1,True,D,4,,0,272,
Nadia,513,Nadia-513,8,Post Office 8,394,363,0,757,47.95,66,8.7,358,192,8,652,P1,166,54.9,29.4,352,140,618,P1,False,B,3,,0,319,
Nadia,513,Nadia-513,9,Post Office 9,400,381,0,781,48.78,115,14.7,358,214,5,659,P1,144,54.3,32.5,317,176,624,P1,False,D,4,,0,329,
Nadia,513,Nadia-513,10,Primary School 10,280,285,0,565,50.44,79,14.0,333,81,5,460,P1,252,72.4,17.6,214,167,441,P1,False,D,4,,0,238,
Nadia,513,Nadia-513,11,Community Hall 11,284,257,0,541,47.5,79,14.6,222,137,2,438,P1,85,50.7,31.3,218,152,411,P1,False,D,4,,0,228,
Nadia,513,Nadia-513,12,Market Building 12,283,264,0,547,48.26,52,9.5,229,95,11,448,P1,121,51.1,21.2,274,132,451,P1,False,B,3,,0,230,
Nadia,513,Nadia-513,13,Panchayat Bhavan 13,355,329,1,685,48.03,65,9.5,319,144,12,562,P1,175,56.8,25.6,323,158,541,P1,False,B,3,,0,289,
Nadia,513,Nadia-513,14,Club Building 14,249,241,1,491,49.08,53,10.8,205,147,2,391,P1,58,52.4,37.6,259,93,406,P1,False,D,4,,0,207,
Nadia,513,Nadia-513,15,Community Hall 15,404,395,1,800,49.38,71,8.9,378,196,10,682,P1,182,55.4,28.7,349,238,678,P1,False,B,3,,0,337,
Nadia,513,Nadia-513,16,Primary School 16,253,255,1,509,50.1,65,12.8,214,136,5,393,P1,78,54.5,34.6,265,110,417,P1,False,D,4,,0,214,
Nadia,513,Nadia-513,17,Health Sub-Centre 17,276,275,1,552,49.82,78,14.1,240,140,2,423,P1,100,56.7,33.1,243,81,437,P1,False,D,4,,0,233,
Nadia,513,Nadia-513,18,Temple Hall 18,297,294,0,591,49.75,78,13.2,327,118,3,494,P1,209,66.2,23.9,279,128,500,P1,False,D,4,,0,249,
Nadia,513,Nadia-513,19,Community Hall 19,414,379,1,794,47.73,120,15.1,402,184,10,687,P1,218,58.5,26.8,375,179,682,P1,False,D,4,,0,335,
Nadia,513,Nadia-513,20,Govt Office 20,353,325,0,678,47.94,100,14.7,357,125,6,535,P1,232,66.7,23.4,313,202,584,P1,False,D,4,,0,286,
Nadia,513,Nadia-513,21,High School 21,339,344,0,683,50.37,73,10.7,274,155,8,519,P1,119,52.8,29.9,268,245,579,P1,False,D,4,,0,288,
Nadia,513,Nadia-513,22,Anganwadi Centre 22,294,264,0,558,47.31,83,14.9,254,118,6,423,P1,136,60.0,27.9,243,118,427,P1,False,D,4,,0,235,
Nadia,513,Nadia-513,23,Panchayat Bhavan 23,389,353,1,743,47.51,110,14.8,336,245,7,646,P1,91,52.0,37.9,333,190,581,P1,False,D,4,,0,313,
Nadia,513,Nadia-513,24,Govt Office 24,413,387,1,801,48.31,87,10.9,321,199,9,608,P1,122,52.8,32.7,389,198,657,P1,False,D,4,,0,337,
Nadia,513,Nadia-513,25,Govt Office 25,261,256,1,518,49.42,50,9.7,259,124,2,425,P1,135,60.9,29.2,183,127,412,P1,False,B,3,,0,218,
Nadia,513,Nadia-513,26,Madrasa 26,333,331,1,665,49.77,87,13.1,260,129,10,521,P1,131,49.9,24.8,308,152,511,P1,False,D,4,,0,280,
Nadia,513,Nadia-513,27,Madrasa 27,382,392,1,775,50.58,83,10.7,387,148,6,614,P1,239,63.0,24.1,367,184,612,P1,False,D,4,,0,327,
Nadia,513,Nadia-513,28,Community Hall 28,407,371,1,779,47.63,117,15.0,340,203,5,635,P1,137,53.5,32.0,393,181,646,P1,False,D,4,,0,328,
Nadia,513,Nadia-513,29,Health Sub-Centre 29,345,344,0,689,49.93,69,10.0,361,127,4,543,P1,234,66.5,23.4,232,191,599,P1,False,A,1,,0,290,
Nadia,513,Nadia-513,30,High School 30,411,391,1,803,48.69,76,9.5,345,217,3,625,P1,128,55.2,34.7,371,158,632,P1,False,B,3,,0,338,
Nadia,513,Nadia-513,31,Panchayat Bhavan 31,344,323,1,668,48.35,83,12.4,314,165,2,532,P1,149,59.0,31.0,267,201,553,P1,False,D,4,,0,281,
Nadia,513,Nadia-513,32,Anganwadi Centre 32,341,331,1,673,49.18,83,12.3,302,167,3,530,P1,135,57.0,31.5,299,173,524,P1,False,D,4,,0,284,
Nadia,513,Nadia-513,33,Anganwadi Centre 33,303,286,0,589,48.56,79,13.4,327,117,6,493,P1,210,66.3,23.7,266,108,491,P1,False,D,4,,0,248,
Nadia,513,Nadia-513,34,Health Sub-Centre 34,355,347,0,702,49.43,64,9.1,353,169,4,580,P1,184,60.9,29.1,301,178,532,P1,False,B,3,,0,296,
Nadia,513,Nadia-513,35,High School 35,278,277,1,556,49.82,59,10.6,322,86,5,453,P1,236,71.1,19.0,224,151,447,P1,False,D,4,,0,234,
Nadia,513,Nadia-513,36,High School 36,361,355,0,716,49.58,91,12.7,337,177,6,572,P1,160,58.9,30.9,295,189,552,P1,False,D,4,,0,302,
Nadia,513,Nadia-513,37,Panchayat Bhavan 37,369,372,1,742,50.13,79,10.6,267,231,16,639,P1,36,41.8,36.2,261,209,563,P1,False,D,4,,0,313,
Nadia,513,Nadia-513,38,Govt Office 38,392,395,0,787,50.19,71,9.0,369,222,4,656,P1,147,56.2,33.8,366,112,647,P1,False,B,3,,0,332,
Nadia,513,Nadia-513,39,Primary School 39,286,275,1,562,48.93,51,9.1,224,122,3,436,P1,102,51.4,28.0,232,124,443,P1,False,B,3,,0,237,
Nadia,513,Nadia-513,40,Primary School 40,309,276,0,585,47.18,68,11.6,265,92,15,493,P1,148,53.8,18.7,237,176,495,P1,False,D,4,,0,246,
Nadia,513,Nadia-513,41,Anganwadi Centre 41,302,280,1,583,48.03,77,13.2,205,125,8,455,P1,80,45.1,27.5,241,135,463,P1,False,D,4,,0,246,
Nadia,513,Nadia-513,42,Club Building 42,401,360,0,761,47.31,107,14.1,381,150,2,590,P1,231,64.6,25.4,422,158,645,P1,False,D,4,,0,321,
Nadia,513,Nadia-513,43,Temple Hall 43,322,310,1,633,48.97,89,14.1,259,143,5,515,P1,116,50.3,27.8,262,156,502,P1,False,D,4,,0,267,
Nadia,513,Nadia-513,44,Anganwadi Centre 44,388,352,0,740,47.57,98,13.2,353,167,7,578,P1,186,61.1,28.9,320,202,640,P1,False,D,4,,0,312,
Nadia,513,Nadia-513,45,Community Hall 45,253,244,0,497,49.09,61,12.3,242,111,1,392,P1,131,61.7,28.3,262,103,419,P1,False,D,4,,0,209,
Nadia,513,Nadia-513,46,High School 46,255,233,0,488,47.75,67,13.7,236,133,5,420,P1,103,56.2,31.7,221,137,415,P1,False,D,4,,0,206,
Nadia,513,Nadia-513,47,Panchayat Bhavan 47,265,243,1,509,47.74,70,13.8,213,159,6,434,P1,54,49.1,36.6,273,97,411,P1,False,D,4,,0,214,
Nadia,513,Nadia-513,48,Panchayat Bhavan 48,296,295,0,591,49.92,64,10.8,280,150,5,477,P1,130,58.7,31.4,291,154,494,P1,False,D,4,,0,249,
Nadia,513,Nadia-513,49,Anganwadi Centre 49,409,395,0,804,49.13,108,13.4,295,216,11,643,P1,79,45.9,33.6,399,187,651,P1,False,D,4,,0,339,
Nadia,513,Nadia-513,50,Club Building 50,262,270,0,532,50.75,56,10.5,211,134,9,441,P1,77,47.8,30.4,256,128,427,P1,False,D,4,,0,224,
Nadia,513,Nadia-513,51,Post Office 51,300,287,0,587,48.89,68,11.6,279,170,5,499,P1,109,55.9,34.1,293,137,486,P1,False,D,4,,0,247,
Nadia,513,Nadia-513,52,Market Building 52,379,368,0,747,49.26,85,11.4,379,177,4,617,P1,202,61.4,28.7,340,207,608,P1,False,D,4,,0,315,
Nadia,513,Nadia-513,53,Panchayat Bhavan 53,376,342,0,718,47.63,111,15.5,381,173,2,623,P1,208,61.2,27.8,448,105,615,P1,False,D,4,,0,303,
Nadia,513,Nadia-513,54,Club Building 54,345,345,1,691,49.93,78,11.3,287,195,8,581,P1,92,49.4,33.6,303,165,558,P1,False,D,4,,0,291,
Nadia,513,Nadia-513,55,Govt Office 55,354,366,1,721,50.76,65,9.0,370,170,6,622,P1,200,59.5,27.3,338,208,628,P1,False,B,3,,0,304,
Nadia,513,Nadia-513,56,Panchayat Bhavan 56,303,295,1,599,49.25,75,12.5,257,174,3,502,P1,83,51.2,34.7,276,186,513,P1,False,D,4,,0,252,
Nadia,513,Nadia-513,57,Market Building 57,408,377,1,786,47.96,102,13.0,368,250,6,687,P1,118,53.6,36.4,332,204,615,P1,False,D,4,,0,331,
Nadia,513,Nadia-513,58,Panchayat Bhavan 58,356,348,0,704,49.43,79,11.2,376,126,4,557,P1,250,67.5,22.6,328,191,576,P1,False,D,4,,0,297,
Nadia,513,Nadia-513,59,Anganwadi Centre 59,306,289,1,596,48.49,83,13.9,295,124,2,466,P1,171,63.3,26.6,285,156,491,P1,False,D,4,,0,251,
Nadia,513,Nadia-513,60,Anganwadi Centre 60,423,386,1,810,47.65,94,11.6,347,244,7,656,P1,103,52.9,37.2,395,174,666,P1,False,D,4,,0,341,
Nadia,513,Nadia-513,61,Anganwadi Centre 61,379,375,1,755,49.67,113,15.0,428,150,2,642,P1,278,66.7,23.4,304,132,576,P1,False,D,4,,0,318,
Nadia,513,Nadia-513,62,Club Building 62,418,389,1,808,48.14,108,13.4,372,146,8,702,P1,203,53.0,20.8,383,213,686,P1,False,D,4,,0,340,
Nadia,513,Nadia-513,63,Primary School 63,300,276,1,577,47.83,68,11.8,246,146,3,450,P1,100,54.7,32.4,252,158,457,P1,False,D,4,,0,243,
Nadia,513,Nadia-513,64,Community Hall 64,323,322,0,645,49.92,67,10.4,303,200,3,559,P1,103,54.2,35.8,323,172,550,P1,False,D,4,,0,272,
Nadia,513,Nadia-513,65,Post Office 65,333,336,0,669,50.22,76,11.4,271,148,4,513,P1,123,52.8,28.8,310,161,559,P1,False,D,4,,0,282,
Nadia,513,Nadia-513,66,Govt Office 66,318,316,1,635,49.76,90,14.2,324,168,6,547,P1,156,59.2,30.7,300,166,517,P1,False,D,4,,0,268,
Nadia,513,Nadia-513,67,High School 67,318,300,1,619,48.47,78,12.6,236,145,8,470,P1,91,50.2,30.9,232,175,479,P1,False,D,4,,0,261,
Nadia,513,Nadia-513,68,Panchayat Bhavan 68,297,287,0,584,49.14,79,13.5,280,147,4,494,P1,133,56.7,29.8,269,145,467,P1,False,D,4,,0,246,
Nadia,513,Nadia-513,69,Madrasa 69,338,335,1,674,49.7,92,13.6,261,161,12,526,P1,100,49.6,30.6,390,136,584,P1,False,D,4,,0,284,
Nadia,513,Nadia-513,70,Community Hall 70,265,259,0,524,49.43,57,10.9,254,149,4,448,P1,105,56.7,33.3,237,163,444,P1,False,D,4,,0,221,
Nadia,513,Nadia-513,71,Madrasa 71,395,394,0,789,49.94,71,9.0,376,171,13,684,P1,205,55.0,25.0,342,204,639,P1,False,B,3,,0,332,
Nadia,513,Nadia-513,72,Temple Hall 72,374,368,0,742,49.6,74,10.0,392,182,7,638,P1,210,61.4,28.5,367,159,584,P1,False,B,3,,0,313,
Nadia,513,Nadia-513,73,Community Hall 73,261,262,0,523,50.1,54,10.3,245,149,3,456,P1,96,53.7,32.7,319,67,429,P1,False,D,4,,0,220,
Nadia,513,Nadia-513,74,Panchayat Bhavan 74,275,251,1,527,47.63,82,15.6,240,170,5,455,P1,70,52.7,37.4,267,117,426,P1,False,D,4,,0,222,
Nadia,513,Nadia-513,75,Community Hall 75,396,404,0,800,50.5,89,11.1,405,213,8,686,P1,192,59.0,31.0,357,198,633,P1,False,D,4,,0,337,
Nadia,513,Nadia-513,76,High School 76,382,355,1,738,48.1,63,8.5,355,164,4,577,P1,191,61.5,28.4,384,175,621,P1,False,B,3,,0,311,
Nadia,513,Nadia-513,77,Market Building 77,263,270,1,534,50.56,74,13.9,215,136,12,463,P1,79,46.4,29.4,227,154,463,P1,False,D,4,,0,225,
Nadia,513,Nadia-513,78,Madrasa 78,259,239,1,499,47.9,57,11.4,242,98,3,378,P1,144,64.0,25.9,235,120,395,P1,False,D,4,,0,210,
Nadia,513,Nadia-513,79,High School 79,378,372,1,751,49.53,69,9.2,282,153,16,587,P1,129,48.0,26.1,264,195,626,P1,False,B,3,,0,316,
Nadia,513,Nadia-513,80,Govt Office 80,338,317,1,656,48.32,91,13.9,262,187,4,521,P1,75,50.3,35.9,298,172,522,P1,False,D,4,,0,276,
Nadia,513,Nadia-513,81,Health Sub-Centre 81,371,368,1,740,49.73,94,12.7,356,151,5,598,P1,205,59.5,25.3,310,210,597,P1,False,D,4,,0,312,
Nadia,513,Nadia-513,82,Community Hall 82,332,314,0,646,48.61,76,11.8,296,199,2,550,P1,97,53.8,36.2,293,124,559,P1,False,D,4,,0,272,
Nadia,513,Nadia-513,83,Panchayat Bhavan 83,262,268,0,530,50.57,62,11.7,223,148,4,429,P1,75,52.0,34.5,288,113,446,P1,False,D,4,,0,223,
Nadia,513,Nadia-513,84,Market Building 84,310,292,0,602,48.5,59,9.8,323,146,3,521,P1,177,62.0,28.0,245,135,466,P1,False,B,3,,0,254,
Nadia,513,Nadia-513,85,High School 85,266,239,0,505,47.33,44,8.7,266,119,4,427,P1,147,62.3,27.9,200,121,419,P1,False,B,3,,0,213,
Nadia,513,Nadia-513,86,Primary School 86,266,269,1,536,50.19,57,10.6,178,138,12,421,P1,40,42.3,32.8,241,134,416,P1,False,D,4,,0,226,
Nadia,513,Nadia-513,87,Market Building 87,267,262,0,529,49.53,51,9.6,244,141,2,428,P1,103,57.0,32.9,226,166,460,P1,False,B,3,,0,223,
Nadia,513,Nadia-513,88,Health Sub-Centre 88,316,310,0,626,49.52,60,9.6,333,147,3,546,P1,186,61.0,26.9,219,242,529,P2,True,B,3,,0,264,
Nadia,513,Nadia-513,89,Anganwadi Centre 89,389,402,1,792,50.76,100,12.6,338,231,3,633,P1,107,53.4,36.5,370,114,679,P1,False,D,4,,0,334,
Nadia,513,Nadia-513,90,Health Sub-Centre 90,289,278,1,568,48.94,49,8.6,253,145,7,488,P1,108,51.8,29.7,329,118,496,P1,False,B,3,,0,239,
Nadia,513,Nadia-513,91,Market Building 91,276,272,0,548,49.64,64,11.7,280,150,4,478,P1,130,58.6,31.4,268,109,433,P1,False,D,4,,0,231,
Nadia,513,Nadia-513,92,Panchayat Bhavan 92,296,287,1,584,49.14,88,15.1,278,145,2,487,P1,133,57.1,29.8,289,161,500,P1,False,D,4,,0,246,
Nadia,513,Nadia-513,93,Govt Office 93,358,337,0,695,48.49,79,11.4,301,193,9,574,P1,108,52.4,33.6,317,156,593,P1,False,D,4,,0,293,
Nadia,513,Nadia-513,94,Community Hall 94,346,317,0,663,47.81,80,12.1,359,146,4,561,P1,213,64.0,26.0,300,181,536,P1,False,D,4,,0,279,
Nadia,513,Nadia-513,95,Panchayat Bhavan 95,268,273,1,542,50.37,59,10.9,277,136,7,470,P1,141,58.9,28.9,245,160,450,P1,False,D,4,,0,228,
Nadia,513,Nadia-513,96,Anganwadi Centre 96,396,372,0,768,48.44,77,10.0,366,205,4,635,P1,161,57.6,32.3,370,187,619,P1,False,B,3,,0,324,
Nadia,513,Nadia-513,97,Community Hall 97,318,298,1,617,48.3,87,14.1,315,149,6,531,P1,166,59.3,28.1,267,159,473,P1,False,D,4,,0,260,
Nadia,513,Nadia-513,98,Anganwadi Centre 98,287,256,0,543,47.15,65,12.0,275,126,5,446,P1,149,61.7,28.3,204,177,444,P1,False,D,4,,0,229,
Nadia,513,Nadia-513,99,Club Building 99,364,370,0,734,50.41,109,14.9,383,176,6,623,P1,207,61.5,28.3,287,183,576,P1,False,D,4,,0,309,
Nadia,513,Nadia-513,100,Temple Hall 100,353,341,1,695,49.06,75,10.8,330,186,4,573,P1,144,57.6,32.5,347,157,581,P1,False,D,4,,0,293,
Nadia,513,Nadia-513,101,Community Hall 101,338,328,1,667,49.18,82,12.3,348,120,5,520,P1,228,66.9,23.1,378,134,569,P1,False,D,4,,0,281,
Nadia,513,Nadia-513,102,Panchayat Bhavan 102,350,332,0,682,48.68,61,8.9,335,169,6,560,P1,166,59.8,30.2,311,167,531,P1,False,B,3,,0,287,
Nadia,513,Nadia-513,103,Community Hall 103,393,353,1,747,47.26,110,14.7,344,179,4,581,P1,165,59.2,30.8,396,183,643,P1,False,D,4,,0,315,
Nadia,513,Nadia-513,104,Primary School 104,373,362,1,736,49.18,84,11.4,357,140,6,592,P1,217,60.3,23.6,274,277,643,P2,True,D,4,,0,310,
Nadia,513,Nadia-513,105,Health Sub-Centre 105,428,387,0,815,47.48,91,11.2,331,236,5,685,P1,95,48.3,34.5,395,245,711,P1,False,D,4,,0,343,
Nadia,513,Nadia-513,106,Anganwadi Centre 106,324,309,1,634,48.74,53,8.4,268,176,3,494,P1,92,54.3,35.6,312,180,547,P1,False,B,3,,0,267,
Nadia,513,Nadia-513,107,Temple Hall 107,315,321,1,637,50.39,77,12.1,285,148,7,521,P1,137,54.7,28.4,295,195,545,P1,False,D,4,,0,268,
Nadia,513,Nadia-513,108,Panchayat Bhavan 108,336,339,1,676,50.15,61,9.0,343,127,5,553,P1,216,62.0,23.0,324,163,541,P1,False,B,3,,0,285,
Nadia,513,Nadia-513,109,Primary School 109,304,288,0,592,48.65,83,14.0,275,139,4,473,P1,136,58.1,29.4,238,96,463,P1,False,D,4,,0,249,
Nadia,513,Nadia-513,110,Temple Hall 110,290,286,0,576,49.65,63,10.9,266,148,3,460,P1,118,57.8,32.2,256,193,499,P1,False,D,4,,0,243,
Nadia,513,Nadia-513,111,Post Office 111,378,341,0,719,47.43,84,11.7,217,237,4,582,P2,20,37.3,40.7,352,203,616,P1,True,D,4,,0,303,
Nadia,513,Nadia-513,112,Temple Hall 112,319,288,1,608,47.37,64,10.5,289,169,5,509,P1,120,56.8,33.2,244,193,489,P1,False,D,4,,0,256,
Nadia,513,Nadia-513,113,Community Hall 113,280,273,1,554,49.28,50,9.0,229,140,12,481,P1,89,47.6,29.1,243,124,436,P1,False,B,3,,0,233,
Nadia,513,Nadia-513,114,High School 114,349,358,1,708,50.56,94,13.3,332,171,4,559,P1,161,59.4,30.6,274,214,564,P1,False,D,4,,0,298,
Nadia,513,Nadia-513,115,Panchayat Bhavan 115,372,379,0,751,50.47,104,13.8,267,190,13,569,P1,77,46.9,33.4,352,182,594,P1,False,D,4,,0,316,
Nadia,513,Nadia-513,116,High School 116,412,402,0,814,49.39,84,10.3,367,235,7,694,P1,132,52.9,33.9,379,184,639,P1,False,D,4,,0,343,
Nadia,513,Nadia-513,117,Madrasa 117,312,282,1,595,47.39,86,14.5,257,94,8,493,P1,128,52.1,19.1,318,99,463,P1,False,D,4,,0,251,
Nadia,513,Nadia-513,118,Panchayat Bhavan 118,252,252,0,504,50.0,45,8.9,232,136,5,441,P1,96,52.6,30.8,235,131,406,P1,False,B,3,,0,212,
Nadia,513,Nadia-513,119,Market Building 119,286,275,0,561,49.02,55,9.8,228,166,8,477,P1,62,47.8,34.8,231,140,451,P1,False,B,3,,0,236,
Nadia,513,Nadia-513,120,Community Hall 120,260,242,0,502,48.21,72,14.3,164,167,2,383,P2,3,42.8,43.6,205,142,386,P1,True,D,4,,0,212,
Nadia,513,Nadia-513,121,Govt Office 121,389,366,1,756,48.41,103,13.6,341,201,8,621,P1,140,54.9,32.4,377,214,656,P1,False,D,4,,0,319,
Nadia,513,Nadia-513,122,Temple Hall 122,369,349,1,719,48.54,109,15.2,412,90,4,558,P1,322,73.8,16.1,330,213,627,P1,False,D,4,,0,303,
Nadia,513,Nadia-513,123,Health Sub-Centre 123,396,386,1,783,49.3,91,11.6,349,235,6,652,P1,114,53.5,36.0,371,163,593,P1,False,D,4,,0,330,
Nadia,513,Nadia-513,124,Community Hall 124,385,394,0,779,50.58,98,12.6,416,165,3,646,P1,251,64.4,25.5,286,158,631,P1,False,D,4,,0,328,
Nadia,513,Nadia-513,125,Madrasa 125,398,365,0,763,47.84,116,15.2,331,229,3,644,P1,102,51.4,35.6,382,156,603,P1,False,D,4,,0,321,
Nadia,513,Nadia-513,126,Post Office 126,347,328,1,676,48.52,86,12.7,258,160,13,538,P1,98,48.0,29.7,274,124,523,P1,False,D,4,,0,285,
Nadia,513,Nadia-513,127,Market Building 127,333,340,0,673,50.52,61,9.1,347,144,6,546,P1,203,63.6,26.4,318,156,526,P1,False,B,3,,0,284,
Nadia,513,Nadia-513,128,Govt Office 128,319,312,1,632,49.37,85,13.4,322,166,3,550,P1,156,58.5,30.2,276,146,505,P1,False,D,4,,0,266,
Nadia,513,Nadia-513,129,Temple Hall 129,304,279,1,584,47.77,72,12.3,268,137,3,469,P1,131,57.1,29.2,243,159,500,P1,False,D,4,,0,246,
Nadia,513,Nadia-513,130,High School 130,423,382,1,806,47.39,69,8.6,418,200,6,687,P1,218,60.8,29.1,367,202,640,P1,False,B,3,,0,340,
Nadia,513,Nadia-513,131,Primary School 131,338,312,0,650,48.0,87,13.4,282,172,7,565,P1,110,49.9,30.4,312,135,497,P1,False,D,4,,0,274,
Nadia,513,Nadia-513,132,Govt Office 132,268,276,1,545,50.64,85,15.6,246,99,6,422,P1,147,58.3,23.5,203,126,419,P1,False,D,4,,0,230,
Nadia,513,Nadia-513,133,Health Sub-Centre 133,353,331,0,684,48.39,59,8.6,227,159,5,533,P1,68,42.6,29.8,281,167,545,P1,False,B,3,,0,288,
Nadia,513,Nadia-513,134,Anganwadi Centre 134,307,291,1,599,48.58,93,15.5,302,161,4,515,P1,141,58.6,31.3,301,143,494,P1,False,D,4,,0,252,
Nadia,513,Nadia-513,135,Market Building 135,367,355,0,722,49.17,84,11.6,291,206,12,607,P1,85,47.9,33.9,308,151,548,P1,False,D,4,,0,304,
Nadia,513,Nadia-513,136,Govt Office 136,287,296,1,584,50.68,63,10.8,254,163,2,467,P1,91,54.4,34.9,319,132,501,P1,False,D,4,,0,246,
Nadia,513,Nadia-513,137,Primary School 137,249,231,0,480,48.12,51,10.6,272,83,4,394,P1,189,69.0,21.1,263,113,418,P1,False,D,4,,0,202,
Nadia,513,Nadia-513,138,High School 138,280,264,0,544,48.53,49,9.0,245,129,3,415,P1,116,59.0,31.1,245,155,448,P1,False,B,3,,0,229,
Nadia,513,Nadia-513,139,Health Sub-Centre 139,394,397,1,792,50.13,76,9.6,322,263,4,649,P1,59,49.6,40.5,465,157,691,P1,False,B,3,,0,334,
Nadia,513,Nadia-513,140,Community Hall 140,421,398,1,820,48.54,71,8.7,310,176,17,633,P1,134,49.0,27.8,398,188,651,P1,False,B,3,,0,345,
Nadia,513,Nadia-513,141,Primary School 141,403,395,0,798,49.5,82,10.3,347,167,6,689,P1,180,50.4,24.2,362,190,694,P1,False,D,4,,0,336,
Nadia,513,Nadia-513,142,Health Sub-Centre 142,335,334,0,669,49.93,93,13.9,280,221,5,557,P1,59,50.3,39.7,339,120,510,P1,False,D,4,,0,282,
Nadia,513,Nadia-513,143,Health Sub-Centre 143,253,227,1,481,47.19,73,15.2,230,96,6,380,P1,134,60.5,25.3,158,136,387,P1,False,D,4,,0,203,
Nadia,513,Nadia-513,144,High School 144,258,259,1,518,50.0,51,9.8,278,82,5,400,P1,196,69.5,20.5,205,142,409,P1,False,A,1,,0,218,
Nadia,513,Nadia-513,145,Govt Office 145,411,392,0,803,48.82,115,14.3,341,221,3,638,P1,120,53.4,34.6,474,126,667,P1,False,D,4,,0,338,
Nadia,513,Nadia-513,146,Primary School 146,351,331,0,682,48.53,90,13.2,355,149,3,561,P1,206,63.3,26.6,317,159,589,P1,False,D,4,,0,287,
Nadia,513,Nadia-513,147,Primary School 147,358,353,1,712,49.58,75,10.5,323,168,9,595,P1,155,54.3,28.2,390,143,593,P1,False,D,4,,0,300,
Nadia,513,Nadia-513,148,Club Building 148,296,272,0,568,47.89,87,15.3,278,132,3,455,P1,146,61.1,29.0,240,149,432,P1,False,D,4,,0,239,
Nadia,513,Nadia-513,149,Primary School 149,410,406,0,816,49.75,126,15.4,362,276,3,709,P1,86,51.1,38.9,360,209,632,P1,False,D,4,,0,344,
Nadia,513,Nadia-513,150,Post Office 150,308,283,0,591,47.88,74,12.5,311,131,4,492,P1,180,63.2,26.6,301,140,490,P1,False,D,4,,0,249,
Nadia,513,Nadia-513,151,Madrasa 151,296,305,1,602,50.66,84,14.0,313,149,3,514,P1,164,60.9,29.0,276,121,485,P1,False,D,4,,0,254,
Nadia,513,Nadia-513,152,Temple Hall 152,277,252,1,530,47.55,52,9.8,206,169,5,451,P1,37,45.7,37.5,212,183,450,P1,False,B,3,,0,223,
Nadia,513,Nadia-513,153,Market Building 153,384,387,1,772,50.13,70,9.1,333,183,12,641,P1,150,52.0,28.5,388,188,639,P1,False,B,3,,0,325,
Nadia,513,Nadia-513,154,High School 154,305,305,0,610,50.0,86,14.1,252,172,11,524,P1,80,48.1,32.8,290,181,533,P1,False,D,4,,0,257,
Nadia,513,Nadia-513,155,Market Building 155,277,266,1,544,48.9,62,11.4,277,136,2,459,P1,141,60.3,29.6,207,169,472,P1,False,D,4,,0,229,
Nadia,513,Nadia-513,156,Panchayat Bhavan 156,273,269,0,542,49.63,70,12.9,234,165,2,443,P1,69,52.8,37.2,212,147,455,P1,False,D,4,,0,228,
Nadia,513,Nadia-513,157,Anganwadi Centre 157,288,283,1,572,49.48,57,10.0,255,149,5,449,P1,106,56.8,33.2,270,150,474,P1,False,B,3,,0,241,
Nadia,513,Nadia-513,158,High School 158,376,389,1,766,50.78,86,11.2,439,128,3,630,P1,311,69.7,20.3,332,214,613,P1,False,D,4,,0,323,
Nadia,513,Nadia-513,159,Community Hall 159,245,242,1,488,49.59,62,12.7,244,126,3,411,P1,118,59.4,30.7,255,125,422,P1,False,D,4,,0,206,
Nadia,513,Nadia-513,160,Community Hall 160,375,349,0,724,48.2,82,11.3,347,174,5,579,P1,173,59.9,30.1,295,183,600,P1,False,D,4,,0,305,
Nadia,513,Nadia-513,161,Panchayat Bhavan 161,348,358,1,707,50.64,74,10.5,344,171,6,573,P1,173,60.0,29.8,326,141,575,P1,False,D,4,,0,298,
Nadia,513,Nadia-513,162,Temple Hall 162,403,381,0,784,48.6,109,13.9,358,208,3,629,P1,150,56.9,33.1,267,268,604,P2,True,D,4,,0,330,
Nadia,513,Nadia-513,163,Primary School 163,296,286,0,582,49.14,58,10.0,226,153,12,477,P1,73,47.4,32.1,212,162,441,P1,False,B,3,,0,245,
Nadia,513,Nadia-513,164,Temple Hall 164,333,342,0,675,50.67,57,8.4,364,145,4,566,P1,219,64.3,25.6,261,141,521,P1,False,B,3,,0,284,
Nadia,513,Nadia-513,165,Primary School 165,328,340,1,669,50.82,61,9.1,303,161,11,568,P1,142,53.3,28.3,320,162,571,P1,False,B,3,,0,282,
Nadia,513,Nadia-513,166,High School 166,343,307,0,650,47.23,78,12.0,375,101,5,534,P1,274,70.2,18.9,297,213,567,P1,False,D,4,,0,274,
Nadia,513,Nadia-513,167,Club Building 167,339,328,0,667,49.18,77,11.5,328,184,5,568,P1,144,57.7,32.4,352,165,574,P1,False,D,4,,0,281,
Nadia,513,Nadia-513,168,Primary School 168,265,255,0,520,49.04,65,12.5,306,88,2,437,P1,218,70.0,20.1,291,102,437,P1,False,D,4,,0,219,
Nadia,513,Nadia-513,169,Health Sub-Centre 169,281,253,0,534,47.38,79,14.8,214,152,6,424,P1,62,50.5,35.8,221,139,411,P1,False,D,4,,0,225,
Nadia,514,Nadia-514,1,Health Sub-Centre 1,339,332,0,671,49.48,26,3.9,323,148,5,523,P1,175,61.8,28.3,317,196,582,P1,False,B,3,,0,283,
Nadia,514,Nadia-514,2,Madrasa 2,384,351,0,735,47.76,30,4.1,335,198,6,600,P1,137,55.8,33.0,318,170,624,P1,False,B,3,,0,310,
Nadia,514,Nadia-514,3,Temple Hall 3,250,234,0,484,48.35,17,3.5,209,145,2,393,P1,64,53.2,36.9,214,109,383,P1,False,B,3,,0,204,
Nadia,514,Nadia-514,4,Madrasa 4,291,296,1,588,50.34,24,4.1,263,143,2,479,P1,120,54.9,29.9,294,151,495,P1,False,B,3,,0,248,
Nadia,514,Nadia-514,5,Health Sub-Centre 5,375,356,1,732,48.63,33,4.5,281,254,7,609,P1,27,46.1,41.7,359,180,599,P1,False,B,3,,0,308,
Nadia,514,Nadia-514,6,Govt Office 6,317,295,0,612,48.2,28,4.6,311,150,2,512,P1,161,60.7,29.3,292,135,474,P1,False,B,3,,0,258,
Nadia,514,Nadia-514,7,Health Sub-Centre 7,309,312,0,621,50.24,24,3.9,305,160,6,516,P1,145,59.1,31.0,264,189,503,P1,False,B,3,,0,262,
Nadia,514,Nadia-514,8,Govt Office 8,300,279,1,580,48.1,35,6.0,290,140,3,500,P1,150,58.0,28.0,214,154,456,P1,False,B,3,,0,244,
Nadia,514,Nadia-514,9,Post Office 9,299,300,1,600,50.0,34,5.7,199,181,11,491,P1,18,40.5,36.9,230,201,488,P1,False,B,3,,0,253,
Nadia,514,Nadia-514,10,Post Office 10,317,289,1,607,47.61,27,4.4,250,169,4,492,P1,81,50.8,34.3,312,136,524,P1,False,B,3,,0,256,
Nadia,514,Nadia-514,11,Primary School 11,374,344,1,719,47.84,41,5.7,315,150,11,559,P1,165,56.4,26.8,308,192,556,P1,False,B,3,,0,303,
Nadia,514,Nadia-514,12,Madrasa 12,381,348,1,730,47.67,33,4.5,351,173,6,582,P1,178,60.3,29.7,327,161,598,P1,False,B,3,,0,308,
Nadia,514,Nadia-514,13,Market Building 13,252,237,0,489,48.47,17,3.5,258,83,3,398,P1,175,64.8,20.9,301,80,423,P1,False,B,3,,0,206,
Nadia,514,Nadia-514,14,Temple Hall 14,314,298,0,612,48.69,34,5.6,264,149,4,484,P1,115,54.5,30.8,300,167,519,P1,False,B,3,,0,258,
Nadia,514,Nadia-514,15,Madrasa 15,380,375,1,756,49.6,34,4.5,341,186,8,597,P1,155,57.1,31.2,270,247,575,P1,False,B,3,,0,319,
Nadia,514,Nadia-514,16,High School 16,405,371,0,776,47.81,42,5.4,339,200,6,599,P1,139,56.6,33.4,356,213,632,P1,False,B,3,,0,327,
Nadia,514,Nadia-514,17,Primary School 17,349,318,0,667,47.68,31,4.6,332,159,3,546,P1,173,60.8,29.1,326,174,570,P1,False,B,3,,0,281,
Nadia,514,Nadia-514,18,Madrasa 18,407,387,0,794,48.74,43,5.4,341,145,10,614,P1,196,55.5,23.6,334,250,649,P1,False,B,3,,0,335,
Nadia,514,Nadia-514,19,Primary School 19,299,278,0,577,48.18,21,3.6,255,141,8,492,P1,114,51.8,28.7,288,149,486,P1,False,B,3,,0,243,
Nadia,514,Nadia-514,20,Health Sub-Centre 20,267,271,1,539,50.28,22,4.1,196,185,1,424,P1,11,46.2,43.6,277,140,463,P1,False,B,3,,0,227,
Nadia,514,Nadia-514,21,Panchayat Bhavan 21,286,276,1,563,49.02,36,6.4,269,127,3,440,P1,142,61.1,28.9,305,109,483,P1,False,B,3,,0,237,
Nadia,514,Nadia-514,22,Post Office 22,406,413,1,820,50.37,49,6.0,295,246,7,626,P1,49,47.1,39.3,363,194,667,P1,False,B,3,,0,345,
Nadia,514,Nadia-514,23,Primary School 23,319,295,0,614,48.05,30,4.9,295,178,4,525,P1,117,56.2,33.9,279,130,469,P1,False,B,3,,0,259,
Nadia,514,Nadia-514,24,Market Building 24,404,383,0,787,48.67,31,3.9,406,169,8,639,P1,237,63.5,26.4,294,217,612,P1,False,B,3,,0,332,
Nadia,514,Nadia-514,25,Madrasa 25,429,385,0,814,47.3,48,5.9,406,210,5,685,P1,196,59.3,30.7,361,242,670,P1,False,B,3,,0,343,
Nadia,514,Nadia-514,26,Market Building 26,321,312,0,633,49.29,28,4.4,310,163,5,525,P1,147,59.0,31.0,310,162,524,P1,False,B,3,,0,267,
Nadia,514,Nadia-514,27,Post Office 27,400,365,1,766,47.65,36,4.7,347,216,3,628,P1,131,55.3,34.4,378,203,646,P1,False,B,3,,0,323,
Nadia,514,Nadia-514,28,Club Building 28,276,275,1,552,49.82,21,3.8,258,110,4,434,P1,148,59.4,25.3,264,127,457,P1,False,B,3,,0,233,
Nadia,514,Nadia-514,29,Panchayat Bhavan 29,290,263,0,553,47.56,24,4.3,223,171,6,477,P1,52,46.8,35.8,227,169,441,P1,False,B,3,,0,233,
Nadia,514,Nadia-514,30,Temple Hall 30,285,257,0,542,47.42,34,6.3,200,114,9,424,P1,86,47.2,26.9,257,156,459,P1,False,B,3,,0,228,
Nadia,514,Nadia-514,31,High School 31,260,242,0,502,48.21,18,3.6,212,157,3,410,P1,55,51.7,38.3,205,134,408,P1,False,B,3,,0,212,
Nadia,514,Nadia-514,32,Anganwadi Centre 32,422,383,0,805,47.58,31,3.9,441,153,4,660,P1,288,66.8,23.2,368,208,640,P1,False,A,1,,0,339,
Nadia,514,Nadia-514,33,Community Hall 33,339,328,1,668,49.1,30,4.5,321,196,5,574,P1,125,55.9,34.1,365,157,580,P1,False,B,3,,0,281,
Nadia,514,Nadia-514,34,Panchayat Bhavan 34,320,307,1,628,48.89,31,4.9,243,211,4,508,P1,32,47.8,41.5,287,171,516,P1,False,B,3,,0,265,
Nadia,514,Nadia-514,35,Market Building 35,400,375,0,775,48.39,41,5.3,358,190,3,609,P1,168,58.8,31.2,401,183,649,P1,False,B,3,,0,327,
Nadia,514,Nadia-514,36,Temple Hall 36,285,267,1,553,48.28,35,6.3,299,79,4,420,P1,220,71.2,18.8,310,114,471,P1,False,A,1,,0,233,
Nadia,514,Nadia-514,37,Community Hall 37,384,351,1,736,47.69,40,5.4,346,191,4,596,P1,155,58.1,32.0,330,195,589,P1,False,B,3,,0,310,
Nadia,514,Nadia-514,38,Panchayat Bhavan 38,366,355,1,722,49.17,36,5.0,433,133,6,628,P1,300,68.9,21.2,281,179,624,P1,False,A,1,,0,304,
Nadia,514,Nadia-514,39,Primary School 39,270,264,1,535,49.35,27,5.0,283,101,2,427,P1,182,66.3,23.7,289,98,465,P1,False,A,1,,0,225,
Nadia,514,Nadia-514,40,High School 40,427,390,1,818,47.68,49,6.0,325,203,14,711,P1,122,45.7,28.6,400,222,691,P1,False,B,3,,0,345,
Nadia,514,Nadia-514,41,Club Building 41,280,266,1,547,48.63,21,3.8,298,119,4,463,P1,179,64.4,25.7,276,142,464,P1,False,B,3,,0,230,
Nadia,514,Nadia-514,42,Post Office 42,310,298,0,608,49.01,25,4.1,275,152,5,474,P1,123,58.0,32.1,291,145,518,P1,False,B,3,,0,256,
Nadia,514,Nadia-514,43,Anganwadi Centre 43,374,360,0,734,49.05,35,4.8,374,153,6,585,P1,221,63.9,26.2,315,206,637,P1,False,B,3,,0,309,
Nadia,514,Nadia-514,44,Govt Office 44,388,349,1,738,47.29,33,4.5,339,186,2,597,P1,153,56.8,31.2,384,116,597,P1,False,B,3,,0,311,
Nadia,514,Nadia-514,45,Community Hall 45,367,364,0,731,49.79,28,3.8,342,203,7,617,P1,139,55.4,32.9,387,158,605,P1,False,B,3,,0,308,
Nadia,514,Nadia-514,46,Temple Hall 46,309,293,0,602,48.67,36,6.0,330,129,6,510,P1,201,64.7,25.3,264,143,476,P1,False,B,3,,0,254,
Nadia,514,Nadia-514,47,Madrasa 47,320,291,0,611,47.63,35,5.7,343,97,3,489,P1,246,70.1,19.8,312,129,509,P1,False,A,1,,0,257,
Nadia,514,Nadia-514,48,High School 48,289,294,0,583,50.43,28,4.8,325,132,6,508,P1,193,64.0,26.0,239,178,476,P1,False,B,3,,0,246,
Nadia,514,Nadia-514,49,Temple Hall 49,374,346,0,720,48.06,35,4.9,282,224,4,562,P1,58,50.2,39.9,408,102,566,P1,False,B,3,,0,303,
Nadia,514,Nadia-514,50,Post Office 50,274,258,1,533,48.41,31,5.8,266,142,2,453,P1,124,58.7,31.3,236,132,413,P1,False,B,3,,0,225,
Nadia,514,Nadia-514,51,Primary School 51,340,326,1,667,48.88,31,4.6,345,136,3,535,P1,209,64.5,25.4,350,136,540,P1,False,B,3,,0,281,
Nadia,514,Nadia-514,52,Market Building 52,397,383,0,780,49.1,42,5.4,370,241,7,679,P1,129,54.5,35.5,414,155,633,P1,False,B,3,,0,329,
Nadia,514,Nadia-514,53,Anganwadi Centre 53,392,376,0,768,48.96,32,4.2,425,145,8,670,P1,280,63.4,21.6,355,195,646,P1,False,B,3,,0,324,
Nadia,514,Nadia-514,54,Anganwadi Centre 54,243,237,1,481,49.27,27,5.6,193,110,4,366,P1,83,52.7,30.1,225,104,366,P1,False,B,3,,0,203,
Nadia,514,Nadia-514,55,Post Office 55,356,337,1,694,48.56,40,5.8,306,181,4,541,P1,125,56.6,33.5,342,146,543,P1,False,B,3,,0,292,
Nadia,514,Nadia-514,56,Madrasa 56,299,279,1,579,48.19,22,3.8,349,103,2,502,P1,246,69.5,20.5,202,217,469,P2,True,B,3,,0,244,
Nadia,514,Nadia-514,57,Temple Hall 57,259,264,0,523,50.48,32,6.1,271,112,5,457,P1,159,59.3,24.5,222,155,418,P1,False,B,3,,0,220,
Nadia,514,Nadia-514,58,Community Hall 58,355,347,0,702,49.43,29,4.1,339,158,2,552,P1,181,61.4,28.6,376,162,598,P1,False,B,3,,0,296,
Nadia,514,Nadia-514,59,Primary School 59,304,278,1,583,47.68,36,6.2,309,149,5,508,P1,160,60.8,29.3,285,127,458,P1,False,B,3,,0,246,
Nadia,514,Nadia-514,60,Panchayat Bhavan 60,364,349,1,714,48.88,39,5.5,293,246,7,599,P1,47,48.9,41.1,341,164,562,P1,False,B,3,,0,301,
Nadia,514,Nadia-514,61,Anganwadi Centre 61,376,368,0,744,49.46,39,5.2,294,226,7,609,P1,68,48.3,37.1,331,200,590,P1,False,B,3,,0,313,
Nadia,514,Nadia-514,62,Community Hall 62,304,294,0,598,49.16,24,4.0,234,182,5,473,P1,52,49.5,38.5,224,186,469,P1,False,B,3,,0,252,
Nadia,514,Nadia-514,63,Market Building 63,250,246,0,496,49.6,18,3.6,205,121,4,410,P1,84,50.0,29.5,181,138,378,P1,False,B,3,,0,209,
Nadia,514,Nadia-514,64,Community Hall 64,302,309,1,612,50.49,34,5.6,297,158,2,505,P1,139,58.8,31.3,269,144,471,P1,False,B,3,,0,258,
Nadia,514,Nadia-514,65,Post Office 65,343,314,0,657,47.79,34,5.2,323,140,5,541,P1,183,59.7,25.9,269,144,506,P1,False,B,3,,0,277,
Nadia,514,Nadia-514,66,Govt Office 66,399,366,1,766,47.78,44,5.7,324,240,3,626,P1,84,51.8,38.3,347,163,637,P1,False,B,3,,0,323,
Nadia,514,Nadia-514,67,Club Building 67,378,376,0,754,49.87,43,5.7,331,238,4,633,P1,93,52.3,37.6,343,229,642,P1,False,B,3,,0,318,
Nadia,514,Nadia-514,68,Club Building 68,369,350,1,720,48.61,43,6.0,318,232,5,624,P1,86,51.0,37.2,335,186,579,P1,False,B,3,,0,303,
Nadia,514,Nadia-514,69,Temple Hall 69,393,360,0,753,47.81,46,6.1,252,156,22,599,P1,88,42.1,26.0,365,177,603,P1,False,B,3,,0,317,
Nadia,514,Nadia-514,70,Health Sub-Centre 70,310,315,0,625,50.4,30,4.8,295,139,4,482,P1,156,61.2,28.8,343,133,528,P1,False,B,3,,0,263,
Nadia,514,Nadia-514,71,Govt Office 71,255,250,1,506,49.41,26,5.1,261,91,3,391,P1,170,66.8,23.3,195,141,401,P1,False,A,1,,0,213,
Nadia,514,Nadia-514,72,Govt Office 72,323,334,0,657,50.84,23,3.5,292,160,5,520,P1,132,56.2,30.8,346,156,558,P1,False,B,3,,0,277,
Nadia,514,Nadia-514,73,Club Building 73,355,323,0,678,47.64,41,6.0,341,144,5,539,P1,197,63.3,26.7,262,178,546,P1,False,B,3,,0,286,
Nadia,514,Nadia-514,74,Club Building 74,342,319,1,662,48.19,32,4.8,302,193,6,553,P1,109,54.6,34.9,298,143,523,P1,False,B,3,,0,279,
Nadia,514,Nadia-514,75,Govt Office 75,256,231,1,488,47.34,30,6.1,253,92,4,384,P1,161,65.9,24.0,207,108,370,P1,False,A,1,,0,206,
Nadia,514,Nadia-514,76,Anganwadi Centre 76,240,245,1,486,50.41,31,6.4,201,117,6,388,P1,84,51.8,30.2,208,134,380,P1,False,B,3,,0,205,
Nadia,514,Nadia-514,77,High School 77,334,345,0,679,50.81,36,5.3,338,184,6,580,P1,154,58.3,31.7,288,194,547,P1,False,B,3,,0,286,
Nadia,514,Nadia-514,78,Primary School 78,360,355,0,715,49.65,38,5.3,311,156,4,566,P1,155,54.9,27.6,414,135,610,P1,False,B,3,,0,301,
Nadia,514,Nadia-514,79,Madrasa 79,314,287,1,602,47.67,36,6.0,225,152,4,465,P1,73,48.4,32.7,287,113,476,P1,False,B,3,,0,254,
Nadia,514,Nadia-514,80,Health Sub-Centre 80,364,354,0,718,49.3,40,5.6,391,164,5,626,P1,227,62.5,26.2,336,172,564,P1,False,B,3,,0,303,
Nadia,514,Nadia-514,81,Health Sub-Centre 81,323,322,0,645,49.92,26,4.0,316,170,5,553,P1,146,57.1,30.7,288,157,495,P1,False,B,3,,0,272,
Nadia,514,Nadia-514,82,Panchayat Bhavan 82,370,347,0,717,48.4,39,5.4,283,124,18,619,P1,95,45.7,20.0,347,198,606,P1,False,B,3,,0,302,
Nadia,514,Nadia-514,83,Health Sub-Centre 83,275,276,0,551,50.09,32,5.8,283,106,2,432,P1,177,65.5,24.5,271,101,425,P1,False,A,1,,0,232,
Nadia,514,Nadia-514,84,Anganwadi Centre 84,298,306,1,605,50.58,29,4.8,262,151,2,459,P1,111,57.1,32.9,232,122,479,P1,False,B,3,,0,255,
Nadia,514,Nadia-514,85,Govt Office 85,336,317,0,653,48.55,28,4.3,344,107,5,550,P1,237,62.5,19.5,300,140,495,P1,False,B,3,,0,275,
Nadia,514,Nadia-514,86,Market Building 86,343,338,0,681,49.63,42,6.2,264,208,9,566,P1,56,46.6,36.7,272,84,550,P1,False,B,3,,0,287,
Nadia,514,Nadia-514,87,Post Office 87,254,240,0,494,48.58,20,4.0,220,144,4,405,P1,76,54.3,35.6,202,138,378,P1,False,B,3,,0,208,
Nadia,514,Nadia-514,88,Anganwadi Centre 88,251,243,0,494,49.19,30,6.1,223,145,7,426,P1,78,52.3,34.0,201,155,397,P1,False,B,3,,0,208,
Nadia,514,Nadia-514,89,Market Building 89,261,239,1,501,47.7,22,4.4,216,141,2,396,P1,75,54.5,35.6,251,119,415,P1,False,B,3,,0,211,
Nadia,514,Nadia-514,90,Madrasa 90,374,339,0,713,47.55,42,5.9,336,172,3,565,P1,164,59.5,30.4,314,117,570,P1,False,B,3,,0,300,
Nadia,514,Nadia-514,91,Govt Office 91,304,274,0,578,47.4,34,5.9,241,136,9,470,P1,105,51.3,28.9,244,176,480,P1,False,B,3,,0,244,
Nadia,514,Nadia-514,92,Community Hall 92,351,355,1,707,50.21,30,4.2,361,159,7,578,P1,202,62.5,27.5,370,129,554,P1,False,B,3,,0,298,
Nadia,514,Nadia-514,93,Govt Office 93,293,277,1,571,48.51,23,4.0,240,167,3,453,P1,73,53.0,36.9,277,131,454,P1,False,B,3,,0,241,
Nadia,514,Nadia-514,94,Madrasa 94,427,393,0,820,47.93,34,4.1,412,160,3,636,P1,252,64.8,25.2,419,190,676,P1,False,B,3,,0,345,
Nadia,514,Nadia-514,95,Panchayat Bhavan 95,285,278,1,564,49.29,25,4.4,251,156,7,475,P1,95,52.8,32.8,263,162,472,P1,False,B,3,,0,238,
Nadia,514,Nadia-514,96,Community Hall 96,346,312,0,658,47.42,33,5.0,346,139,4,548,P1,207,63.1,25.4,343,125,520,P1,False,B,3,,0,277,
Nadia,514,Nadia-514,97,Govt Office 97,330,310,1,641,48.36,37,5.8,294,172,7,537,P1,122,54.7,32.0,266,156,493,P1,False,B,3,,0,270,
Nadia,514,Nadia-514,98,Anganwadi Centre 98,315,319,0,634,50.32,34,5.4,280,188,4,519,P1,92,53.9,36.2,294,187,534,P1,False,B,3,,0,267,
Nadia,514,Nadia-514,99,Temple Hall 99,379,360,0,739,48.71,31,4.2,341,188,11,644,P1,153,53.0,29.2,368,181,610,P1,False,B,3,,0,311,
Nadia,514,Nadia-514,100,Primary School 100,350,339,1,690,49.13,42,6.1,335,205,5,600,P1,130,55.8,34.2,297,185,546,P1,False,B,3,,0,291,
Nadia,514,Nadia-514,101,Primary School 101,273,270,0,543,49.72,32,5.9,219,157,8,461,P1,62,47.5,34.1,220,117,417,P1,False,B,3,,0,229,
Nadia,514,Nadia-514,102,Club Building 102,369,375,0,744,50.4,39,5.2,331,185,5,573,P1,146,57.8,32.3,448,137,650,P1,False,B,3,,0,313,
Nadia,514,Nadia-514,103,Temple Hall 103,378,374,0,752,49.73,42,5.6,292,264,4,629,P1,28,46.4,42.0,262,192,583,P1,False,B,3,,0,317,
Nadia,514,Nadia-514,104,Market Building 104,314,321,0,635,50.55,34,5.4,312,180,6,547,P1,132,57.0,32.9,296,182,539,P1,False,B,3,,0,268,
Nadia,514,Nadia-514,105,Club Building 105,330,297,1,628,47.29,30,4.8,299,134,3,481,P1,165,62.2,27.9,288,168,507,P1,False,B,3,,0,265,
Nadia,514,Nadia-514,106,Govt Office 106,269,241,0,510,47.25,20,3.9,213,125,4,406,P1,88,52.5,30.8,228,110,430,P1,False,B,3,,0,215,
Nadia,514,Nadia-514,107,High School 107,370,375,1,746,50.27,39,5.2,322,192,2,571,P1,130,56.4,33.6,363,157,620,P1,False,B,3,,0,314,
Nadia,514,Nadia-514,108,Madrasa 108,259,245,1,505,48.51,19,3.8,252,123,2,416,P1,129,60.6,29.6,229,107,417,P1,False,B,3,,0,213,
Nadia,514,Nadia-514,109,Community Hall 109,330,322,1,653,49.31,23,3.5,265,134,11,498,P1,131,53.2,26.9,362,114,528,P1,False,B,3,,0,275,
Nadia,514,Nadia-514,110,High School 110,274,276,1,551,50.09,29,5.3,257,153,4,455,P1,104,56.5,33.6,230,151,423,P1,False,B,3,,0,232,
Nadia,514,Nadia-514,111,Primary School 111,357,357,1,715,49.93,28,3.9,268,196,5,570,P1,72,47.0,34.4,403,130,623,P1,False,B,3,,0,301,
Nadia,514,Nadia-514,112,Community Hall 112,400,378,1,779,48.52,40,5.1,307,199,11,626,P1,108,49.0,31.8,417,129,619,P1,False,B,3,,0,328,
Nadia,514,Nadia-514,113,Club Building 113,392,405,0,797,50.82,30,3.8,381,208,5,687,P1,173,55.5,30.3,386,190,660,P1,False,B,3,,0,336,
Nadia,514,Nadia-514,114,Club Building 114,407,367,0,774,47.42,30,3.9,289,230,10,637,P1,59,45.4,36.1,316,184,624,P1,False,B,3,,0,326,
Nadia,514,Nadia-514,115,Panchayat Bhavan 115,405,388,0,793,48.93,36,4.5,242,235,16,620,P1,7,39.0,37.9,432,121,614,P1,False,B,3,,0,334,
Nadia,514,Nadia-514,116,Community Hall 116,370,370,0,740,50.0,40,5.4,348,156,2,560,P1,192,62.1,27.9,355,194,610,P1,False,B,3,,0,312,
Nadia,514,Nadia-514,117,Temple Hall 117,251,231,1,483,47.83,18,3.7,226,118,1,388,P1,108,58.2,30.4,206,120,373,P1,False,B,3,,0,204,
Nadia,514,Nadia-514,118,Community Hall 118,411,404,1,816,49.51,33,4.0,371,260,4,704,P1,111,52.7,36.9,433,158,657,P1,False,B,3,,0,344,
Nadia,514,Nadia-514,119,High School 119,340,341,1,682,50.0,24,3.5,284,181,5,558,P1,103,50.9,32.4,356,180,595,P1,False,B,3,,0,287,
Nadia,514,Nadia-514,120,Madrasa 120,274,250,1,525,47.62,32,6.1,178,147,5,400,P1,31,44.5,36.8,233,161,454,P1,False,B,3,,0,221,
Nadia,514,Nadia-514,121,Community Hall 121,386,376,1,763,49.28,37,4.8,266,208,20,650,P1,58,40.9,32.0,345,191,644,P1,False,B,3,,0,321,
Nadia,514,Nadia-514,122,Govt Office 122,394,356,1,751,47.4,27,3.6,430,152,3,646,P1,278,66.6,23.5,291,164,592,P1,False,A,1,,0,316,
Nadia,514,Nadia-514,123,High School 123,253,258,0,511,50.49,22,4.3,263,115,2,420,P1,148,62.6,27.4,197,129,433,P1,False,B,3,,0,215,
Nadia,514,Nadia-514,124,Market Building 124,367,368,1,736,50.0,31,4.2,289,211,6,576,P1,78,50.2,36.6,339,194,592,P1,False,B,3,,0,310,
Nadia,514,Nadia-514,125,Govt Office 125,306,304,1,611,49.75,30,4.9,271,135,13,517,P1,136,52.4,26.1,300,155,511,P1,False,B,3,,0,257,
Nadia,514,Nadia-514,126,Panchayat Bhavan 126,307,278,0,585,47.52,31,5.3,277,146,2,470,P1,131,58.9,31.1,227,165,447,P1,False,B,3,,0,246,
Nadia,514,Nadia-514,127,Anganwadi Centre 127,399,385,0,784,49.11,40,5.1,465,137,7,669,P1,328,69.5,20.5,380,148,638,P1,False,A,1,,0,330,
Nadia,514,Nadia-514,128,Post Office 128,246,237,0,483,49.07,24,5.0,240,130,4,411,P1,110,58.4,31.6,214,123,374,P1,False,B,3,,0,204,
Nadia,514,Nadia-514,129,Health Sub-Centre 129,379,358,1,738,48.51,35,4.7,360,206,7,629,P1,154,57.2,32.8,349,188,618,P1,False,B,3,,0,311,
Nadia,514,Nadia-514,130,Temple Hall 130,413,389,1,803,48.44,44,5.5,438,189,4,697,P1,249,62.8,27.1,282,219,625,P1,False,B,3,,0,338,
Nadia,514,Nadia-514,131,Anganwadi Centre 131,351,340,0,691,49.2,31,4.5,293,176,7,543,P1,117,54.0,32.4,336,153,543,P1,False,B,3,,0,291,
Nadia,514,Nadia-514,132,Madrasa 132,376,379,0,755,50.2,47,6.2,379,166,3,605,P1,213,62.6,27.4,413,144,618,P1,False,B,3,,0,318,
Nadia,514,Nadia-514,133,Post Office 133,356,329,1,686,47.96,43,6.3,328,155,4,536,P1,173,61.2,28.9,288,194,536,P1,False,B,3,,0,289,
Nadia,514,Nadia-514,134,Madrasa 134,383,372,0,755,49.27,49,6.5,318,220,6,598,P1,98,53.2,36.8,403,175,642,P1,False,B,3,,0,318,
Nadia,514,Nadia-514,135,High School 135,273,252,1,526,47.91,20,3.8,244,123,2,408,P1,121,59.8,30.1,310,97,452,P1,False,B,3,,0,222,
Nadia,514,Nadia-514,136,Panchayat Bhavan 136,277,250,1,528,47.35,21,4.0,263,110,4,414,P1,153,63.5,26.6,257,112,440,P1,False,B,3,,0,222,
Nadia,514,Nadia-514,137,Temple Hall 137,348,356,0,704,50.57,30,4.3,302,215,7,574,P1,87,52.6,37.5,297,190,541,P1,False,B,3,,0,297,
Nadia,514,Nadia-514,138,Community Hall 138,238,241,1,480,50.21,23,4.8,246,130,4,417,P1,116,59.0,31.2,267,109,417,P1,False,B,3,,0,202,
Nadia,514,Nadia-514,139,Post Office 139,244,242,1,487,49.69,21,4.3,191,158,5,397,P1,33,48.1,39.8,243,123,406,P1,False,B,3,,0,205,
Nadia,514,Nadia-514,140,Club Building 140,384,359,1,744,48.25,35,4.7,353,178,8,624,P1,175,56.6,28.5,339,190,648,P1,False,B,3,,0,313,
Nadia,514,Nadia-514,141,High School 141,393,360,1,754,47.75,49,6.5,348,158,7,584,P1,190,59.6,27.1,354,201,617,P1,False,B,3,,0,318,
Nadia,514,Nadia-514,142,Post Office 142,259,235,0,494,47.57,20,4.0,229,109,6,431,P1,120,53.1,25.3,236,86,375,P1,False,B,3,,0,208,
Nadia,514,Nadia-514,143,Temple Hall 143,298,290,0,588,49.32,24,4.1,295,116,8,483,P1,179,61.1,24.0,342,121,514,P1,False,B,3,,0,248,
Nadia,514,Nadia-514,144,Community Hall 144,349,343,1,693,49.49,25,3.6,316,173,2,554,P1,143,57.0,31.2,366,172,598,P1,False,B,3,,0,292,
Nadia,514,Nadia-514,145,High School 145,405,379,1,785,48.28,48,6.1,265,184,19,612,P1,81,43.3,30.1,364,199,636,P1,False,B,3,,0,331,
Nadia,514,Nadia-514,146,High School 146,367,364,1,732,49.73,38,5.2,319,170,14,604,P1,149,52.8,28.1,324,233,619,P1,False,B,3,,0,308,
Nadia,514,Nadia-514,147,Club Building 147,371,375,0,746,50.27,34,4.6,352,215,7,630,P1,137,55.9,34.1,413,119,591,P1,False,B,3,,0,314,
Nadia,514,Nadia-514,148,Health Sub-Centre 148,379,380,1,760,50.0,36,4.7,491,86,4,641,P1,405,76.6,13.4,276,242,614,P1,False,A,1,,0,320,
Nadia,514,Nadia-514,149,Market Building 149,356,352,1,709,49.65,42,5.9,406,95,4,557,P1,311,72.9,17.1,391,118,566,P1,False,A,1,,0,299,
Nadia,514,Nadia-514,150,Post Office 150,355,330,1,686,48.1,28,4.1,294,147,3,541,P1,147,54.3,27.2,344,168,569,P1,False,B,3,,0,289,
Nadia,514,Nadia-514,151,Temple Hall 151,295,271,1,567,47.8,26,4.6,234,142,2,444,P1,92,52.7,32.0,299,139,487,P1,False,B,3,,0,239,
Nadia,514,Nadia-514,152,Anganwadi Centre 152,310,306,0,616,49.68,29,4.7,304,133,6,486,P1,171,62.6,27.4,207,171,511,P1,False,B,3,,0,260,
Nadia,514,Nadia-514,153,Madrasa 153,401,375,1,777,48.26,30,3.9,368,217,3,649,P1,151,56.7,33.4,366,230,662,P1,False,B,3,,0,327,
Nadia,514,Nadia-514,154,Panchayat Bhavan 154,294,271,0,565,47.96,25,4.4,299,141,4,489,P1,158,61.1,28.8,265,142,488,P1,False,B,3,,0,238,
Nadia,514,Nadia-514,155,High School 155,313,299,1,613,48.78,29,4.7,363,66,2,477,P1,297,76.1,13.8,321,137,527,P1,False,A,1,,0,258,
Nadia,514,Nadia-514,156,Anganwadi Centre 156,317,303,1,621,48.79,23,3.7,310,130,2,489,P1,180,63.4,26.6,278,184,513,P1,False,B,3,,0,262,
Nadia,514,Nadia-514,157,Anganwadi Centre 157,358,341,0,699,48.78,30,4.3,317,165,6,546,P1,152,58.1,30.2,332,123,559,P1,False,B,3,,0,295,
Nadia,514,Nadia-514,158,Primary School 158,340,323,1,664,48.64,40,6.0,253,153,6,516,P1,100,49.0,29.7,196,172,517,P1,False,B,3,,0,280,
Nadia,514,Nadia-514,159,Anganwadi Centre 159,250,234,0,484,48.35,24,5.0,233,143,2,418,P1,90,55.7,34.2,203,125,383,P1,False,B,3,,0,204,
Nadia,514,Nadia-514,160,High School 160,335,335,0,670,50.0,42,6.3,300,193,2,548,P1,107,54.7,35.2,332,191,582,P1,False,B,3,,0,282,
Nadia,514,Nadia-514,161,High School 161,301,280,0,581,48.19,22,3.8,217,193,5,501,P1,24,43.3,38.5,271,125,440,P1,False,B,3,,0,245,
Nadia,514,Nadia-514,162,Madrasa 162,378,386,0,764,50.52,32,4.2,298,160,8,630,P1,138,47.3,25.4,403,137,600,P1,False,B,3,,0,322,
Nadia,514,Nadia-514,163,High School 163,319,328,0,647,50.7,31,4.8,271,146,7,503,P1,125,53.9,29.0,374,115,543,P1,False,B,3,,0,273,
Nadia,514,Nadia-514,164,Club Building 164,286,293,1,580,50.52,28,4.8,282,124,4,451,P1,158,62.5,27.5,269,160,477,P1,False,B,3,,0,244,
Nadia,515,Nadia-515,1,Market Building 1,281,259,0,540,47.96,53,9.8,311,72,2,425,P1,239,73.2,16.9,255,120,416,P1,False,A,1,,0,228,
Nadia,515,Nadia-515,2,Govt Office 2,333,334,1,668,50.0,57,8.5,323,179,3,558,P1,144,57.9,32.1,362,155,575,P1,False,B,3,,0,281,
Nadia,515,Nadia-515,3,High School 3,402,381,1,784,48.6,79,10.1,500,96,3,662,P1,404,75.5,14.5,401,177,642,P1,False,D,4,,0,330,
Nadia,515,Nadia-515,4,Community Hall 4,313,323,1,637,50.71,58,9.1,303,146,2,503,P1,157,60.2,29.0,304,184,542,P1,False,B,3,,0,268,
Nadia,515,Nadia-515,5,Panchayat Bhavan 5,323,300,1,624,48.08,60,9.6,264,157,2,481,P1,107,54.9,32.6,264,118,473,P1,False,B,3,,0,263,
Nadia,515,Nadia-515,6,Club Building 6,323,331,0,654,50.61,55,8.4,314,198,2,569,P1,116,55.2,34.8,298,200,553,P1,False,B,3,,0,276,
Nadia,515,Nadia-515,7,Temple Hall 7,409,368,0,777,47.36,49,6.3,460,107,2,630,P1,353,73.0,17.0,332,235,655,P1,False,A,1,,0,327,
Nadia,515,Nadia-515,8,Govt Office 8,268,242,1,511,47.36,36,7.0,226,145,3,412,P1,81,54.9,35.2,245,145,446,P1,False,B,3,,0,215,
Nadia,515,Nadia-515,9,Govt Office 9,356,322,0,678,47.49,77,11.4,366,136,2,558,P1,230,65.6,24.4,289,193,535,P1,False,D,4,,0,286,
Nadia,515,Nadia-515,10,Madrasa 10,299,279,1,579,48.19,43,7.4,239,146,10,472,P1,93,50.6,30.9,239,125,473,P1,False,B,3,,0,244,
Nadia,515,Nadia-515,11,Temple Hall 11,391,397,0,788,50.38,71,9.0,379,241,4,689,P1,138,55.0,35.0,325,225,611,P1,False,B,3,,0,332,
Nadia,515,Nadia-515,12,Anganwadi Centre 12,311,293,0,604,48.51,42,7.0,233,136,3,458,P1,97,50.9,29.7,290,157,497,P1,False,B,3,,0,254,
Nadia,515,Nadia-515,13,Community Hall 13,409,401,0,810,49.51,69,8.5,311,259,2,633,P1,52,49.1,40.9,371,228,665,P1,False,B,3,,0,341,
Nadia,515,Nadia-515,14,Market Building 14,309,282,0,591,47.72,41,6.9,227,156,5,491,P1,71,46.2,31.8,270,167,494,P1,False,B,3,,0,249,
Nadia,515,Nadia-515,15,Madrasa 15,422,382,0,804,47.51,86,10.7,332,191,7,636,P1,141,52.2,30.0,311,229,635,P1,False,D,4,,0,339,
Nadia,515,Nadia-515,16,Temple Hall 16,348,324,0,672,48.21,73,10.9,285,190,4,528,P1,95,54.0,36.0,335,146,534,P1,False,D,4,,0,283,
Nadia,515,Nadia-515,17,Market Building 17,341,341,1,683,49.93,57,8.3,372,124,2,555,P1,248,67.0,22.3,340,151,585,P1,False,A,1,,0,288,
Nadia,515,Nadia-515,18,Primary School 18,394,355,0,749,47.4,48,6.4,288,281,9,655,P1,7,44.0,42.9,313,214,585,P1,False,B,3,,0,316,
Nadia,515,Nadia-515,19,Madrasa 19,254,242,1,497,48.69,56,11.3,267,85,3,391,P1,182,68.3,21.7,233,136,410,P1,False,D,4,,0,209,
Nadia,515,Nadia-515,20,Anganwadi Centre 20,415,373,0,788,47.34,53,6.7,360,181,7,601,P1,179,59.9,30.1,370,191,623,P1,False,B,3,,0,332,
Nadia,515,Nadia-515,21,Post Office 21,402,405,1,808,50.12,60,7.4,333,228,4,623,P1,105,53.5,36.6,377,214,673,P1,False,B,3,,0,340,
Nadia,515,Nadia-515,22,Post Office 22,332,341,1,674,50.59,72,10.7,397,131,2,587,P1,266,67.6,22.3,370,101,523,P1,False,D,4,,0,284,
Nadia,515,Nadia-515,23,Anganwadi Centre 23,272,263,1,536,49.07,51,9.5,255,136,5,434,P1,119,58.8,31.3,246,135,434,P1,False,B,3,,0,226,
Nadia,515,Nadia-515,24,Market Building 24,288,277,1,566,48.94,63,11.1,249,143,4,437,P1,106,57.0,32.7,271,123,474,P1,False,D,4,,0,238,
Nadia,515,Nadia-515,25,High School 25,374,354,1,729,48.56,78,10.7,354,199,7,614,P1,155,57.7,32.4,281,208,554,P1,False,D,4,,0,307,
Nadia,515,Nadia-515,26,Post Office 26,394,357,0,751,47.54,86,11.5,340,176,5,607,P1,164,56.0,29.0,368,194,624,P1,False,D,4,,0,316,
Nadia,515,Nadia-515,27,Govt Office 27,359,349,1,709,49.22,73,10.3,384,167,7,613,P1,217,62.6,27.2,304,182,588,P1,False,D,4,,0,299,
Nadia,515,Nadia-515,28,Govt Office 28,259,256,1,516,49.61,40,7.8,225,118,9,434,P1,107,51.8,27.2,195,125,422,P1,False,B,3,,0,217,
Nadia,515,Nadia-515,29,Temple Hall 29,384,354,1,739,47.9,59,8.0,359,207,7,629,P1,152,57.1,32.9,363,176,599,P1,False,B,3,,0,311,
Nadia,515,Nadia-515,30,Market Building 30,368,343,0,711,48.24,50,7.0,345,155,2,559,P1,190,61.7,27.7,360,78,582,P1,False,B,3,,0,300,
Nadia,515,Nadia-515,31,Madrasa 31,295,268,0,563,47.6,63,11.2,274,112,5,429,P1,162,63.9,26.1,244,158,446,P1,False,D,4,,0,237,
Nadia,515,Nadia-515,32,Club Building 32,338,340,0,678,50.15,67,9.9,311,151,8,526,P1,160,59.1,28.7,349,132,534,P1,False,B,3,,0,286,
Nadia,515,Nadia-515,33,Madrasa 33,318,296,0,614,48.21,48,7.8,299,122,4,468,P1,177,63.9,26.1,266,178,526,P1,False,B,3,,0,259,
Nadia,515,Nadia-515,34,Temple Hall 34,362,360,1,723,49.79,53,7.3,445,98,4,603,P1,347,73.8,16.3,346,220,629,P1,False,A,1,,0,305,
Nadia,515,Nadia-515,35,Community Hall 35,319,328,0,647,50.7,75,11.6,328,101,5,522,P1,227,62.8,19.3,253,175,520,P1,False,D,4,,0,273,
Nadia,515,Nadia-515,36,High School 36,355,347,0,702,49.43,74,10.5,318,164,5,535,P1,154,59.4,30.7,293,209,558,P1,False,D,4,,0,296,
Nadia,515,Nadia-515,37,Primary School 37,354,318,0,672,47.32,55,8.2,269,184,4,571,P1,85,47.1,32.2,224,137,535,P1,False,B,3,,0,283,
Nadia,515,Nadia-515,38,Madrasa 38,277,263,0,540,48.7,34,6.3,259,157,3,462,P1,102,56.1,34.0,328,93,468,P1,False,B,3,,0,228,
Nadia,515,Nadia-515,39,Temple Hall 39,375,356,0,731,48.7,59,8.1,343,224,4,630,P1,119,54.4,35.6,377,180,619,P1,False,B,3,,0,308,
Nadia,515,Nadia-515,40,Anganwadi Centre 40,409,401,1,811,49.45,81,10.0,310,296,3,693,P1,14,44.7,42.7,398,203,668,P1,False,B,3,,0,342,
Nadia,515,Nadia-515,41,Club Building 41,359,361,0,720,50.14,58,8.1,317,198,3,603,P1,119,52.6,32.8,306,211,579,P1,False,B,3,,0,303,
Nadia,515,Nadia-515,42,Club Building 42,300,271,1,572,47.38,41,7.2,294,127,4,467,P1,167,63.0,27.2,274,134,453,P1,False,B,3,,0,241,
Nadia,515,Nadia-515,43,Govt Office 43,336,305,1,642,47.51,71,11.1,289,148,7,508,P1,141,56.9,29.1,238,184,493,P1,False,D,4,,0,271,
Nadia,515,Nadia-515,44,Post Office 44,288,296,0,584,50.68,37,6.3,343,113,2,507,P1,230,67.7,22.3,275,160,509,P1,False,A,1,,0,246,
Nadia,515,Nadia-515,45,Panchayat Bhavan 45,236,245,1,482,50.83,45,9.3,190,144,5,386,P1,46,49.2,37.3,209,136,399,P1,False,B,3,,0,203,
Nadia,515,Nadia-515,46,Post Office 46,325,325,1,651,49.92,51,7.8,390,113,3,559,P1,277,69.8,20.2,370,140,567,P1,False,A,1,,0,274,
Nadia,515,Nadia-515,47,Community Hall 47,387,347,0,734,47.28,53,7.2,357,159,6,573,P1,198,62.3,27.7,264,206,571,P1,False,B,3,,0,309,
Nadia,515,Nadia-515,48,Anganwadi Centre 48,324,317,0,641,49.45,71,11.1,325,119,3,493,P1,206,65.9,24.1,315,142,508,P1,False,D,4,,0,270,
Nadia,515,Nadia-515,49,Community Hall 49,353,366,1,720,50.83,46,6.4,331,211,4,602,P1,120,55.0,35.0,298,131,572,P1,False,B,3,,0,303,
Nadia,515,Nadia-515,50,High School 50,398,372,0,770,48.31,78,10.1,410,195,6,672,P1,215,61.0,29.0,345,212,620,P1,False,D,4,,0,324,
Nadia,515,Nadia-515,51,Market Building 51,385,351,1,737,47.63,82,11.1,302,204,13,616,P1,98,49.0,33.1,327,193,577,P1,False,D,4,,0,311,
Nadia,515,Nadia-515,52,Temple Hall 52,407,398,0,805,49.44,83,10.3,341,189,9,688,P1,152,49.6,27.5,363,209,686,P1,False,D,4,,0,339,
Nadia,515,Nadia-515,53,Market Building 53,399,405,1,805,50.31,89,11.1,370,175,6,638,P1,195,58.0,27.4,356,239,661,P1,False,D,4,,0,339,
Nadia,515,Nadia-515,54,Post Office 54,325,329,1,655,50.23,46,7.0,287,218,4,561,P1,69,51.2,38.9,298,151,498,P1,False,B,3,,0,276,
Nadia,515,Nadia-515,55,Anganwadi Centre 55,400,369,0,769,47.98,71,9.2,328,241,5,638,P1,87,51.4,37.8,412,129,601,P1,False,B,3,,0,324,
Nadia,515,Nadia-515,56,Temple Hall 56,247,247,1,495,49.9,57,11.5,224,122,5,385,P1,102,58.2,31.7,235,114,388,P1,False,D,4,,0,209,
Nadia,515,Nadia-515,57,Anganwadi Centre 57,310,317,0,627,50.56,47,7.5,221,148,5,495,P1,73,44.6,29.9,288,140,475,P1,False,B,3,,0,264,
Nadia,515,Nadia-515,58,Market Building 58,376,359,1,736,48.78,77,10.5,326,189,6,598,P1,137,54.5,31.6,327,216,604,P1,False,D,4,,0,310,
Nadia,515,Nadia-515,59,Health Sub-Centre 59,388,358,1,747,47.93,53,7.1,369,201,4,633,P1,168,58.3,31.8,320,194,621,P1,False,B,3,,0,315,
Nadia,515,Nadia-515,60,Govt Office 60,315,307,0,622,49.36,57,9.2,282,113,5,481,P1,169,58.6,23.5,261,198,530,P1,False,B,3,,0,262,
Nadia,515,Nadia-515,61,Temple Hall 61,262,237,0,499,47.49,33,6.6,196,107,7,403,P1,89,48.6,26.6,169,112,384,P1,False,B,3,,0,210,
Nadia,515,Nadia-515,62,Panchayat Bhavan 62,363,351,1,715,49.09,47,6.6,307,215,5,591,P1,92,51.9,36.4,305,241,606,P1,False,B,3,,0,301,
Nadia,515,Nadia-515,63,Health Sub-Centre 63,365,343,0,708,48.45,72,10.2,348,156,6,560,P1,192,62.1,27.9,364,143,563,P1,False,D,4,,0,298,
Nadia,515,Nadia-515,64,Primary School 64,273,247,0,520,47.5,50,9.6,200,163,4,403,P1,37,49.6,40.4,235,146,423,P1,False,B,3,,0,219,
Nadia,515,Nadia-515,65,Temple Hall 65,368,334,1,703,47.51,61,8.7,328,173,6,556,P1,155,59.0,31.1,307,169,533,P1,False,B,3,,0,296,
Nadia,515,Nadia-515,66,Community Hall 66,277,286,1,564,50.71,60,10.6,224,172,4,440,P1,52,50.9,39.1,238,149,436,P1,False,D,4,,0,238,
Nadia,515,Nadia-515,67,Temple Hall 67,352,333,0,685,48.61,60,8.8,271,161,12,567,P1,110,47.8,28.4,314,193,564,P1,False,B,3,,0,289,
Nadia,515,Nadia-515,68,Post Office 68,422,385,0,807,47.71,72,8.9,350,206,7,618,P1,144,56.6,33.3,416,182,664,P1,False,B,3,,0,340,
Nadia,515,Nadia-515,69,Temple Hall 69,251,257,0,508,50.59,49,9.6,241,153,2,438,P1,88,55.0,34.9,228,148,425,P1,False,B,3,,0,214,
Nadia,515,Nadia-515,70,Health Sub-Centre 70,276,253,0,529,47.83,50,9.5,250,114,1,405,P1,136,61.7,28.1,225,157,454,P1,False,B,3,,0,223,
Nadia,515,Nadia-515,71,Govt Office 71,278,287,0,565,50.8,47,8.3,218,139,6,435,P1,79,50.1,32.0,243,121,472,P1,False,B,3,,0,238,
Nadia,515,Nadia-515,72,High School 72,324,305,0,629,48.49,59,9.4,330,162,2,547,P1,168,60.3,29.6,231,234,536,P2,True,B,3,,0,265,
Nadia,515,Nadia-515,73,Panchayat Bhavan 73,278,285,1,564,50.53,64,11.3,223,141,3,436,P1,82,51.1,32.3,212,149,446,P1,False,D,4,,0,238,
Nadia,515,Nadia-515,74,Post Office 74,328,297,1,626,47.44,71,11.3,325,149,5,527,P1,176,61.7,28.3,331,148,532,P1,False,D,4,,0,264,
Nadia,515,Nadia-515,75,Club Building 75,301,298,1,600,49.67,44,7.3,236,167,2,465,P1,69,50.8,35.9,265,155,466,P1,False,B,3,,0,253,
Nadia,515,Nadia-515,76,Health Sub-Centre 76,305,294,0,599,49.08,69,11.5,236,159,5,454,P1,77,52.0,35.0,287,128,473,P1,False,D,4,,0,252,
Nadia,515,Nadia-515,77,Madrasa 77,337,311,1,649,47.92,55,8.5,311,165,7,560,P1,146,55.5,29.5,355,138,548,P1,False,B,3,,0,273,
Nadia,515,Nadia-515,78,Anganwadi Centre 78,403,371,0,774,47.93,64,8.3,356,244,7,667,P1,112,53.4,36.6,333,176,590,P1,False,B,3,,0,326,
Nadia,515,Nadia-515,79,Panchayat Bhavan 79,360,346,1,707,48.94,80,11.3,290,144,21,614,P1,136,47.2,23.5,257,165,550,P1,False,D,4,,0,298,
Nadia,515,Nadia-515,80,Market Building 80,330,323,0,653,49.46,59,9.0,286,150,4,531,P1,136,53.9,28.2,225,133,499,P1,False,B,3,,0,275,
Nadia,515,Nadia-515,81,High School 81,408,385,0,793,48.55,72,9.1,356,259,2,683,P1,97,52.1,37.9,414,184,664,P1,False,B,3,,0,334,
Nadia,515,Nadia-515,82,High School 82,280,265,1,546,48.53,56,10.3,241,152,5,449,P1,89,53.7,33.9,215,157,414,P1,False,D,4,,0,230,
Nadia,515,Nadia-515,83,Club Building 83,256,249,1,506,49.21,52,10.3,247,119,2,430,P1,128,57.4,27.7,241,122,403,P1,False,D,4,,0,213,
Nadia,515,Nadia-515,84,Health Sub-Centre 84,344,314,0,658,47.72,72,10.9,359,144,6,559,P1,215,64.2,25.8,286,141,549,P1,False,D,4,,0,277,
Nadia,515,Nadia-515,85,Madrasa 85,358,352,1,711,49.51,63,8.9,317,211,6,598,P1,106,53.0,35.3,249,163,566,P1,False,B,3,,0,300,
Nadia,515,Nadia-515,86,Post Office 86,345,354,0,699,50.64,60,8.6,342,152,2,549,P1,190,62.3,27.7,317,159,559,P1,False,B,3,,0,295,
Nadia,515,Nadia-515,87,Post Office 87,267,246,1,514,47.86,59,11.5,233,160,4,437,P1,73,53.3,36.6,152,115,409,P1,False,D,4,,0,217,
Nadia,515,Nadia-515,88,High School 88,282,260,1,543,47.88,45,8.3,229,140,5,470,P1,89,48.7,29.8,242,139,423,P1,False,B,3,,0,229,
Nadia,515,Nadia-515,89,Temple Hall 89,358,346,0,704,49.15,47,6.7,277,187,7,571,P1,90,48.5,32.7,319,226,606,P1,False,B,3,,0,297,
Nadia,515,Nadia-515,90,Govt Office 90,238,246,1,485,50.72,46,9.5,263,70,3,369,P1,193,71.3,19.0,255,120,417,P1,False,A,1,,0,204,
Nadia,515,Nadia-515,91,Govt Office 91,287,272,1,560,48.57,60,10.7,296,105,4,445,P1,191,66.5,23.6,201,170,445,P1,False,D,4,,0,236,
Nadia,515,Nadia-515,92,Temple Hall 92,317,301,0,618,48.71,42,6.8,292,174,4,517,P1,118,56.5,33.7,250,187,489,P1,False,B,3,,0,260,
Nadia,515,Nadia-515,93,Health Sub-Centre 93,327,321,1,649,49.46,43,6.6,264,202,6,524,P1,62,50.4,38.5,226,167,496,P1,False,B,3,,0,273,
Nadia,515,Nadia-515,94,Anganwadi Centre 94,379,390,0,769,50.72,81,10.5,410,171,4,646,P1,239,63.5,26.5,400,205,672,P1,False,D,4,,0,324,
Nadia,515,Nadia-515,95,Primary School 95,359,340,1,700,48.57,45,6.4,265,174,6,564,P1,91,47.0,30.9,243,203,547,P1,False,B,3,,0,295,
Nadia,515,Nadia-515,96,Market Building 96,257,234,1,492,47.56,47,9.6,205,151,4,408,P1,54,50.2,37.0,229,133,418,P1,False,B,3,,0,207,
Nadia,515,Nadia-515,97,Community Hall 97,315,305,1,621,49.11,61,9.8,252,132,9,474,P1,120,53.2,27.8,275,157,480,P1,False,B,3,,0,262,
Nadia,515,Nadia-515,98,Madrasa 98,414,385,1,800,48.12,54,6.8,392,197,7,654,P1,195,59.9,30.1,340,228,657,P1,False,B,3,,0,337,
Nadia,515,Nadia-515,99,Club Building 99,386,385,0,771,49.94,84,10.9,320,248,5,631,P1,72,50.7,39.3,333,192,615,P1,False,D,4,,0,325,
Nadia,515,Nadia-515,100,Community Hall 100,295,264,0,559,47.23,41,7.3,202,142,4,433,P1,60,46.7,32.8,210,158,464,P1,False,B,3,,0,236,
Nadia,515,Nadia-515,101,Community Hall 101,317,309,0,626,49.36,66,10.5,262,169,3,479,P1,93,54.7,35.3,267,186,504,P1,False,D,4,,0,264,
Nadia,515,Nadia-515,102,Community Hall 102,264,238,1,503,47.32,46,9.1,250,102,3,394,P1,148,63.5,25.9,201,131,413,P1,False,B,3,,0,212,
Nadia,515,Nadia-515,103,Club Building 103,408,390,1,799,48.81,80,10.0,352,225,11,696,P1,127,50.6,32.3,414,133,673,P1,False,B,3,,0,337,
Nadia,515,Nadia-515,104,Post Office 104,407,384,0,791,48.55,92,11.6,420,123,6,603,P1,297,69.7,20.4,334,225,664,P1,False,D,4,,0,333,
Nadia,515,Nadia-515,105,Club Building 105,364,372,1,737,50.47,69,9.4,320,185,9,582,P1,135,55.0,31.8,362,143,561,P1,False,B,3,,0,311,
Nadia,515,Nadia-515,106,Govt Office 106,346,338,0,684,49.42,54,7.9,356,151,4,573,P1,205,62.1,26.4,260,162,545,P1,False,B,3,,0,288,
Nadia,515,Nadia-515,107,Community Hall 107,350,355,0,705,50.35,50,7.1,294,206,4,555,P1,88,53.0,37.1,358,168,584,P1,False,B,3,,0,297,
Nadia,515,Nadia-515,108,Market Building 108,395,355,1,751,47.27,62,8.3,331,186,4,609,P1,145,54.4,30.5,276,146,581,P1,False,B,3,,0,316,
Nadia,515,Nadia-515,109,Primary School 109,245,239,0,484,49.38,49,10.1,242,97,2,377,P1,145,64.2,25.7,232,112,383,P1,False,D,4,,0,204,
Nadia,515,Nadia-515,110,Community Hall 110,348,344,1,693,49.64,64,9.2,315,161,5,538,P1,154,58.6,29.9,255,216,548,P1,False,B,3,,0,292,
Nadia,515,Nadia-515,111,Primary School 111,298,275,1,574,47.91,61,10.6,233,173,6,497,P1,60,46.9,34.8,270,160,478,P1,False,D,4,,0,242,
Nadia,515,Nadia-515,112,Primary School 112,410,385,1,796,48.37,83,10.4,326,238,3,627,P1,88,52.0,38.0,367,176,649,P1,False,D,4,,0,335,
Nadia,515,Nadia-515,113,Govt Office 113,372,352,1,725,48.55,59,8.1,306,208,3,571,P1,98,53.6,36.4,340,214,624,P1,False,B,3,,0,305,
Nadia,515,Nadia-515,114,Post Office 114,404,412,0,816,50.49,60,7.4,366,225,2,657,P1,141,55.7,34.2,304,266,646,P1,False,B,3,,0,344,
Nadia,515,Nadia-515,115,Primary School 115,262,236,0,498,47.39,52,10.4,300,90,5,433,P1,210,69.3,20.8,231,115,416,P1,False,D,4,,0,210,
Nadia,515,Nadia-515,116,Community Hall 116,302,281,0,583,48.2,43,7.4,296,143,4,487,P1,153,60.8,29.4,303,101,449,P1,False,B,3,,0,246,
Nadia,515,Nadia-515,117,Govt Office 117,287,273,1,561,48.66,37,6.6,210,124,5,432,P1,86,48.6,28.7,260,128,450,P1,False,B,3,,0,236,
Nadia,515,Nadia-515,118,Market Building 118,372,382,1,755,50.6,56,7.4,377,186,7,627,P1,191,60.1,29.7,315,227,602,P1,False,B,3,,0,318,
Nadia,515,Nadia-515,119,Madrasa 119,399,401,0,800,50.12,88,11.0,467,126,3,659,P1,341,70.9,19.1,338,215,614,P1,False,D,4,,0,337,
Nadia,515,Nadia-515,120,Temple Hall 120,413,390,0,803,48.57,75,9.3,384,183,7,630,P1,201,61.0,29.0,338,238,667,P1,False,B,3,,0,338,
Nadia,515,Nadia-515,121,Panchayat Bhavan 121,402,370,0,772,47.93,72,9.3,386,202,4,654,P1,184,59.0,30.9,363,206,632,P1,False,B,3,,0,325,
Nadia,515,Nadia-515,122,Madrasa 122,285,281,1,567,49.56,48,8.5,192,198,4,472,P2,6,40.7,41.9,325,111,484,P1,True,B,3,,0,239,
Nadia,515,Nadia-515,123,Club Building 123,279,273,1,553,49.37,45,8.1,195,134,6,438,P1,61,44.5,30.6,281,144,473,P1,False,B,3,,0,233,
Nadia,515,Nadia-515,124,Health Sub-Centre 124,271,264,0,535,49.35,37,6.9,245,136,3,424,P1,109,57.8,32.1,226,151,420,P1,False,B,3,,0,225,
Nadia,515,Nadia-515,125,Market Building 125,341,349,0,690,50.58,81,11.7,271,184,6,594,P1,87,45.6,31.0,327,167,548,P1,False,D,4,,0,291,
Nadia,515,Nadia-515,126,Anganwadi Centre 126,303,313,0,616,50.81,41,6.7,312,130,3,491,P1,182,63.5,26.5,231,176,490,P1,False,B,3,,0,260,
Nadia,515,Nadia-515,127,Club Building 127,246,245,0,491,49.9,36,7.3,202,126,8,399,P1,76,50.6,31.6,273,113,428,P1,False,B,3,,0,207,
Nadia,515,Nadia-515,128,High School 128,295,265,0,560,47.32,60,10.7,265,125,10,477,P1,140,55.6,26.2,255,143,444,P1,False,D,4,,0,236,
Nadia,515,Nadia-515,129,Madrasa 129,253,241,1,495,48.69,40,8.1,246,102,2,386,P1,144,63.7,26.4,218,106,425,P1,False,B,3,,0,209,
Nadia,515,Nadia-515,130,Post Office 130,352,339,0,691,49.06,70,10.1,266,158,4,559,P1,108,47.6,28.3,319,174,566,P1,False,D,4,,0,291,
Nadia,515,Nadia-515,131,Temple Hall 131,407,412,0,819,50.31,79,9.6,359,226,8,650,P1,133,55.2,34.8,380,180,679,P1,False,B,3,,0,345,
Nadia,515,Nadia-515,132,Panchayat Bhavan 132,310,307,0,617,49.76,58,9.4,304,132,5,485,P1,172,62.7,27.2,358,122,533,P1,False,B,3,,0,260,
Nadia,515,Nadia-515,133,Anganwadi Centre 133,312,287,0,599,47.91,46,7.7,298,123,4,507,P1,175,58.8,24.3,295,152,505,P1,False,B,3,,0,252,
Nadia,515,Nadia-515,134,Club Building 134,282,281,1,564,49.82,52,9.2,275,164,5,487,P1,111,56.5,33.7,230,114,440,P1,False,B,3,,0,238,
Nadia,515,Nadia-515,135,Govt Office 135,262,262,1,525,49.9,49,9.3,246,137,3,439,P1,109,56.0,31.2,196,128,400,P1,False,B,3,,0,221,
Nadia,515,Nadia-515,136,High School 136,328,307,0,635,48.35,49,7.7,309,168,2,530,P1,141,58.3,31.7,371,129,555,P1,False,B,3,,0,268,
Nadia,515,Nadia-515,137,High School 137,379,385,1,765,50.33,62,8.1,381,183,5,626,P1,198,60.9,29.2,302,128,650,P1,False,B,3,,0,322,
Nadia,515,Nadia-515,138,Market Building 138,347,352,0,699,50.36,77,11.0,294,181,10,556,P1,113,52.9,32.6,295,201,578,P1,False,D,4,,0,295,
Nadia,515,Nadia-515,139,Market Building 139,255,238,1,494,48.18,46,9.3,264,105,3,410,P1,159,64.4,25.6,235,138,415,P1,False,B,3,,0,208,
Nadia,515,Nadia-515,140,High School 140,336,319,0,655,48.7,60,9.2,238,209,7,528,P1,29,45.1,39.6,246,135,499,P1,False,B,3,,0,276,
Nadia,515,Nadia-515,141,Market Building 141,402,392,1,795,49.31,90,11.3,463,161,6,693,P1,302,66.8,23.2,434,169,670,P1,False,D,4,,0,335,
Nadia,515,Nadia-515,142,Panchayat Bhavan 142,343,337,0,680,49.56,76,11.2,332,183,5,572,P1,149,58.0,32.0,373,108,535,P1,False,D,4,,0,287,
Nadia,515,Nadia-515,143,Health Sub-Centre 143,361,342,0,703,48.65,79,11.2,356,161,3,575,P1,195,61.9,28.0,294,160,533,P1,False,D,4,,0,296,
Nadia,515,Nadia-515,144,Club Building 144,296,299,0,595,50.25,38,6.4,224,111,5,477,P1,92,47.0,23.3,280,145,473,P1,False,B,3,,0,251,
Nadia,515,Nadia-515,145,Madrasa 145,254,248,0,502,49.4,54,10.8,220,122,2,381,P1,98,57.7,32.0,220,158,420,P1,False,D,4,,0,212,
Nadia,515,Nadia-515,146,Club Building 146,355,342,1,698,49.0,55,7.9,307,204,4,610,P1,103,50.3,33.4,294,203,553,P1,False,B,3,,0,294,
Nadia,515,Nadia-515,147,Anganwadi Centre 147,406,409,1,816,50.12,56,6.9,251,249,18,695,P1,2,36.1,35.8,310,231,648,P1,False,B,3,,0,344,
Nadia,515,Nadia-515,148,Club Building 148,330,296,0,626,47.28,45,7.2,247,161,8,483,P1,86,51.1,33.3,275,147,515,P1,False,B,3,,0,264,
Nadia,515,Nadia-515,149,Temple Hall 149,356,346,0,702,49.29,82,11.7,380,144,6,583,P1,236,65.2,24.7,367,154,605,P1,False,D,4,,0,296,
Nadia,515,Nadia-515,150,Temple Hall 150,373,385,0,758,50.79,76,10.0,321,237,6,620,P1,84,51.8,38.2,330,188,633,P1,False,B,3,,0,319,
Nadia,515,Nadia-515,151,High School 151,295,303,0,598,50.67,66,11.0,229,166,4,464,P1,63,49.4,35.8,257,185,491,P1,False,D,4,,0,252,
Nadia,515,Nadia-515,152,Panchayat Bhavan 152,334,309,1,644,47.98,73,11.3,292,167,6,556,P1,125,52.5,30.0,207,167,528,P1,False,D,4,,0,271,
Nadia,515,Nadia-515,153,Primary School 153,345,310,1,656,47.26,44,6.7,315,148,12,565,P1,167,55.8,26.2,311,150,522,P1,False,B,3,,0,276,
Nadia,515,Nadia-515,154,Community Hall 154,272,245,0,517,47.39,60,11.6,230,107,9,426,P1,123,54.0,25.1,254,118,413,P1,False,D,4,,0,218,
Nadia,515,Nadia-515,155,Club Building 155,389,398,1,788,50.51,81,10.3,279,272,7,658,P1,7,42.4,41.3,367,202,632,P1,False,D,4,,0,332,
Nadia,515,Nadia-515,156,High School 156,237,246,1,484,50.83,37,7.6,216,111,8,408,P1,105,52.9,27.2,201,124,367,P1,False,B,3,,0,204,
Nadia,515,Nadia-515,157,Madrasa 157,346,337,0,683,49.34,66,9.7,281,201,6,536,P1,80,52.4,37.5,307,128,534,P1,False,B,3,,0,288,
Nadia,515,Nadia-515,158,Primary School 158,329,324,0,653,49.62,66,10.1,296,176,4,525,P1,120,56.4,33.5,329,178,563,P1,False,D,4,,0,275,
Nadia,515,Nadia-515,159,Post Office 159,374,335,0,709,47.25,75,10.6,390,160,5,611,P1,230,63.8,26.2,260,156,565,P1,False,D,4,,0,299,
Nadia,515,Nadia-515,160,Temple Hall 160,320,326,0,646,50.46,43,6.7,331,144,3,527,P1,187,62.8,27.3,296,177,525,P1,False,B,3,,0,272,
Nadia,515,Nadia-515,161,Market Building 161,287,271,1,559,48.48,47,8.4,285,130,2,461,P1,155,61.8,28.2,279,123,447,P1,False,B,3,,0,236,
Nadia,515,Nadia-515,162,Primary School 162,360,353,1,714,49.44,58,8.1,301,192,3,548,P1,109,54.9,35.0,360,161,579,P1,False,B,3,,0,301,
Nadia,515,Nadia-515,163,Market Building 163,311,293,1,605,48.43,63,10.4,291,143,5,482,P1,148,60.4,29.7,255,154,471,P1,False,D,4,,0,255,
Nadia,515,Nadia-515,164,Market Building 164,398,399,0,797,50.06,76,9.5,394,189,4,648,P1,205,60.8,29.2,337,214,640,P1,False,B,3,,0,336,
Nadia,515,Nadia-515,165,Anganwadi Centre 165,358,320,0,678,47.2,66,9.7,363,113,6,528,P1,250,68.8,21.4,277,168,537,P1,False,A,1,,0,286,
Nadia,515,Nadia-515,166,High School 166,287,294,1,582,50.52,56,9.6,286,136,2,469,P1,150,61.0,29.0,209,189,487,P1,False,B,3,,0,245,
Nadia,515,Nadia-515,167,Anganwadi Centre 167,261,263,0,524,50.19,47,9.0,249,139,3,432,P1,110,57.6,32.2,276,133,455,P1,False,B,3,,0,221,
Nadia,515,Nadia-515,168,Health Sub-Centre 168,419,380,1,800,47.5,58,7.2,410,162,2,636,P1,248,64.5,25.5,376,181,619,P1,False,B,3,,0,337,
Nadia,515,Nadia-515,169,Panchayat Bhavan 169,317,313,0,630,49.68,57,9.0,245,186,3,483,P1,59,50.7,38.5,314,125,490,P1,False,B,3,,0,265,
Nadia,515,Nadia-515,170,Panchayat Bhavan 170,354,352,1,707,49.79,51,7.2,319,219,4,598,P1,100,53.3,36.6,267,167,556,P1,False,B,3,,0,298,
Nadia,515,Nadia-515,171,Market Building 171,353,338,0,691,48.91,62,9.0,280,221,7,565,P1,59,49.6,39.1,296,189,538,P1,False,B,3,,0,291,
Nadia,516,Nadia-516,1,Post Office 1,278,261,1,540,48.33,38,7.0,210,153,6,417,P1,57,50.4,36.7,276,127,448,P1,False,B,3,,0,228,
Nadia,516,Nadia-516,2,High School 2,267,252,0,519,48.55,33,6.4,238,137,4,432,P1,101,55.1,31.7,261,125,428,P1,False,B,3,,0,219,
Nadia,516,Nadia-516,3,Primary School 3,405,414,0,819,50.55,54,6.6,449,184,5,703,P1,265,63.9,26.2,306,190,638,P1,False,B,3,,0,345,
Nadia,516,Nadia-516,4,Club Building 4,292,287,0,579,49.57,67,11.6,290,112,5,447,P1,178,64.9,25.1,250,114,485,P1,False,D,4,,0,244,
Nadia,516,Nadia-516,5,Panchayat Bhavan 5,310,309,0,619,49.92,46,7.4,258,168,4,473,P1,90,54.5,35.5,319,160,532,P1,False,B,3,,0,261,
Nadia,516,Nadia-516,6,Club Building 6,277,263,0,540,48.7,38,7.0,229,152,5,433,P1,77,52.9,35.1,221,160,442,P1,False,B,3,,0,228,
Nadia,516,Nadia-516,7,Primary School 7,363,363,0,726,50.0,69,9.5,287,178,7,626,P1,109,45.8,28.4,357,169,585,P1,False,B,3,,0,306,
Nadia,516,Nadia-516,8,Post Office 8,378,370,0,748,49.47,55,7.4,328,188,5,621,P1,140,52.8,30.3,388,200,653,P1,False,B,3,,0,315,
Nadia,516,Nadia-516,9,Temple Hall 9,410,380,1,791,48.04,81,10.2,360,221,8,645,P1,139,55.8,34.3,351,192,604,P1,False,D,4,,0,333,
Nadia,516,Nadia-516,10,High School 10,374,361,0,735,49.12,56,7.6,295,215,2,567,P1,80,52.0,37.9,431,132,626,P1,False,B,3,,0,310,
Nadia,516,Nadia-516,11,Post Office 11,404,392,0,796,49.25,64,8.0,362,257,6,694,P1,105,52.2,37.0,313,168,606,P1,False,B,3,,0,335,
Nadia,516,Nadia-516,12,Post Office 12,253,253,1,507,49.9,48,9.5,232,165,3,441,P1,67,52.6,37.4,190,143,385,P1,False,B,3,,0,214,
Nadia,516,Nadia-516,13,Anganwadi Centre 13,308,275,0,583,47.17,38,6.5,310,117,2,485,P1,193,63.9,24.1,245,136,473,P1,False,B,3,,0,246,
Nadia,516,Nadia-516,14,Govt Office 14,318,306,1,625,48.96,68,10.9,257,150,4,505,P1,107,50.9,29.7,252,136,490,P1,False,D,4,,0,263,
Nadia,516,Nadia-516,15,Panchayat Bhavan 15,263,266,1,530,50.19,36,6.8,269,115,2,427,P1,154,63.0,26.9,228,115,422,P1,False,B,3,,0,223,
Nadia,516,Nadia-516,16,Anganwadi Centre 16,381,346,0,727,47.59,53,7.3,377,152,6,588,P1,225,64.1,25.9,363,168,590,P1,False,B,3,,0,306,
Nadia,516,Nadia-516,17,Anganwadi Centre 17,383,383,0,766,50.0,62,8.1,287,227,3,607,P1,60,47.3,37.4,374,176,611,P1,False,B,3,,0,323,
Nadia,516,Nadia-516,18,Post Office 18,279,268,0,547,48.99,45,8.2,236,130,5,460,P1,106,51.3,28.3,215,159,415,P1,False,B,3,,0,230,
Nadia,516,Nadia-516,19,Health Sub-Centre 19,408,391,1,800,48.88,57,7.1,334,215,10,674,P1,119,49.6,31.9,425,183,676,P1,False,B,3,,0,337,
Nadia,516,Nadia-516,20,Madrasa 20,265,269,1,535,50.28,42,7.9,170,154,6,416,P1,16,40.9,37.0,188,114,411,P1,False,B,3,,0,225,
Nadia,516,Nadia-516,21,High School 21,381,383,0,764,50.13,85,11.1,328,221,4,610,P1,107,53.8,36.2,279,257,597,P1,False,D,4,,0,322,
Nadia,516,Nadia-516,22,Primary School 22,400,377,0,777,48.52,57,7.3,395,212,5,674,P1,183,58.6,31.5,276,192,662,P1,False,B,3,,0,327,
Nadia,516,Nadia-516,23,Govt Office 23,281,272,0,553,49.19,53,9.6,331,51,4,425,P1,280,77.9,12.0,257,140,447,P1,False,A,1,,0,233,
Nadia,516,Nadia-516,24,Temple Hall 24,275,276,0,551,50.09,43,7.8,302,118,2,467,P1,184,64.7,25.3,250,149,453,P1,False,B,3,,0,232,
Nadia,516,Nadia-516,25,Health Sub-Centre 25,378,339,0,717,47.28,63,8.8,319,189,4,565,P1,130,56.5,33.5,388,125,570,P1,False,B,3,,0,302,
Nadia,516,Nadia-516,26,Club Building 26,307,297,1,605,49.09,48,7.9,275,121,6,474,P1,154,58.0,25.5,263,154,463,P1,False,B,3,,0,255,
Nadia,516,Nadia-516,27,Community Hall 27,372,356,0,728,48.9,84,11.5,249,248,7,559,P1,1,44.5,44.4,330,221,612,P1,False,D,4,,0,307,
Nadia,516,Nadia-516,28,Community Hall 28,275,257,1,533,48.22,45,8.4,267,102,4,410,P1,165,65.1,24.9,223,141,431,P1,False,A,1,,0,225,
Nadia,516,Nadia-516,29,Post Office 29,262,267,1,530,50.38,58,10.9,214,116,10,441,P1,98,48.5,26.3,243,109,427,P1,False,D,4,,0,223,
Nadia,516,Nadia-516,30,Madrasa 30,298,305,1,604,50.5,39,6.5,258,209,2,519,P1,49,49.7,40.3,274,148,469,P1,False,B,3,,0,254,
Nadia,516,Nadia-516,31,High School 31,391,404,0,795,50.82,73,9.2,370,141,8,608,P1,229,60.9,23.2,406,155,624,P1,False,B,3,,0,335,
Nadia,516,Nadia-516,32,Market Building 32,390,357,1,748,47.73,53,7.1,333,209,6,602,P1,124,55.3,34.7,421,133,616,P1,False,B,3,,0,315,
Nadia,516,Nadia-516,33,Temple Hall 33,369,333,1,703,47.37,65,9.2,360,126,6,540,P1,234,66.7,23.3,268,127,549,P1,False,A,1,,0,296,
Nadia,516,Nadia-516,34,Community Hall 34,334,311,1,646,48.14,63,9.8,327,174,3,557,P1,153,58.7,31.2,239,209,521,P1,False,B,3,,0,272,
Nadia,516,Nadia-516,35,Post Office 35,429,386,1,816,47.3,72,8.8,450,151,4,668,P1,299,67.4,22.6,398,187,649,P1,False,A,1,,0,344,
Nadia,516,Nadia-516,36,Anganwadi Centre 36,373,341,1,715,47.69,62,8.7,410,125,4,595,P1,285,68.9,21.0,366,189,617,P1,False,A,1,,0,301,
Nadia,516,Nadia-516,37,Club Building 37,385,344,0,729,47.19,61,8.4,313,149,9,559,P1,164,56.0,26.7,342,224,635,P1,False,B,3,,0,307,
Nadia,516,Nadia-516,38,Market Building 38,398,411,1,810,50.74,68,8.4,386,210,3,662,P1,176,58.3,31.7,366,220,651,P1,False,B,3,,0,341,
Nadia,516,Nadia-516,39,Market Building 39,386,362,0,748,48.4,54,7.2,425,155,2,645,P1,270,65.9,24.0,427,160,652,P1,False,A,1,,0,315,
Nadia,516,Nadia-516,40,Community Hall 40,366,342,0,708,48.31,71,10.0,358,151,4,566,P1,207,63.3,26.7,257,185,568,P1,False,B,3,,0,298,
Nadia,516,Nadia-516,41,Panchayat Bhavan 41,321,292,1,614,47.56,65,10.6,274,193,3,519,P1,81,52.8,37.2,313,109,469,P1,False,D,4,,0,259,
Nadia,516,Nadia-516,42,Club Building 42,384,369,1,754,48.94,84,11.1,366,168,4,594,P1,198,61.6,28.3,354,168,580,P1,False,D,4,,0,318,
Nadia,516,Nadia-516,43,Post Office 43,332,332,1,665,49.92,72,10.8,294,151,3,520,P1,143,56.5,29.0,378,124,570,P1,False,D,4,,0,280,
Nadia,516,Nadia-516,44,Anganwadi Centre 44,321,323,1,645,50.08,53,8.2,312,138,5,534,P1,174,58.4,25.8,209,166,519,P1,False,B,3,,0,272,
Nadia,516,Nadia-516,45,Madrasa 45,246,234,0,480,48.75,54,11.2,241,130,4,412,P1,111,58.5,31.6,213,110,385,P1,False,D,4,,0,202,
Nadia,516,Nadia-516,46,High School 46,290,283,0,573,49.39,56,9.8,252,139,3,450,P1,113,56.0,30.9,212,148,449,P1,False,B,3,,0,241,
Nadia,516,Nadia-516,47,Panchayat Bhavan 47,372,340,0,712,47.75,70,9.8,296,248,7,604,P1,48,49.0,41.1,296,180,575,P1,False,B,3,,0,300,
Nadia,516,Nadia-516,48,Post Office 48,397,403,0,800,50.38,64,8.0,251,172,24,652,P1,53,38.5,26.4,358,220,643,P1,False,B,3,,0,337,
Nadia,516,Nadia-516,49,Club Building 49,379,370,0,749,49.4,76,10.1,357,178,3,595,P1,179,60.0,29.9,318,143,592,P1,False,D,4,,0,316,
Nadia,516,Nadia-516,50,Madrasa 50,360,361,0,721,50.07,49,6.8,284,204,6,565,P1,80,50.3,36.1,352,159,567,P1,False,B,3,,0,304,
Nadia,516,Nadia-516,51,Community Hall 51,283,286,1,570,50.18,53,9.3,328,112,2,488,P1,216,67.2,23.0,269,104,450,P1,False,A,1,,0,240,
Nadia,516,Nadia-516,52,Club Building 52,381,352,0,733,48.02,62,8.5,409,140,2,610,P1,269,67.0,23.0,343,178,639,P1,False,A,1,,0,309,
Nadia,516,Nadia-516,53,Anganwadi Centre 53,416,391,1,808,48.39,54,6.7,355,237,5,690,P1,118,51.4,34.3,359,233,658,P1,False,B,3,,0,340,
Nadia,516,Nadia-516,54,Community Hall 54,349,342,1,692,49.42,76,11.0,216,197,9,558,P1,19,38.7,35.3,328,183,568,P1,False,D,4,,0,292,
Nadia,516,Nadia-516,55,Primary School 55,388,368,1,757,48.61,75,9.9,410,113,7,581,P1,297,70.6,19.4,343,167,579,P1,False,A,1,,0,319,
Nadia,516,Nadia-516,56,Community Hall 56,380,360,0,740,48.65,51,6.9,306,192,6,622,P1,114,49.2,30.9,405,152,619,P1,False,B,3,,0,312,
Nadia,516,Nadia-516,57,Club Building 57,274,259,0,533,48.59,50,9.4,274,143,4,463,P1,131,59.2,30.9,272,77,407,P1,False,B,3,,0,225,
Nadia,516,Nadia-516,58,Madrasa 58,348,346,0,694,49.86,49,7.1,249,166,15,538,P1,83,46.3,30.9,320,155,604,P1,False,B,3,,0,292,
Nadia,516,Nadia-516,59,High School 59,353,325,1,679,47.86,69,10.2,301,104,11,553,P1,170,54.4,18.8,361,125,540,P1,False,D,4,,0,286,
Nadia,516,Nadia-516,60,Health Sub-Centre 60,398,393,1,792,49.62,78,9.8,371,191,8,654,P1,180,56.7,29.2,353,221,655,P1,False,B,3,,0,334,
Nadia,516,Nadia-516,61,Community Hall 61,276,260,0,536,48.51,44,8.2,208,161,6,429,P1,47,48.5,37.5,227,120,433,P1,False,B,3,,0,226,
Nadia,516,Nadia-516,62,Temple Hall 62,270,264,1,535,49.35,59,11.0,210,148,2,413,P1,62,50.8,35.8,205,166,413,P1,False,D,4,,0,225,
Nadia,516,Nadia-516,63,Post Office 63,312,280,1,593,47.22,61,10.3,280,158,2,486,P1,122,57.6,32.5,239,192,514,P1,False,D,4,,0,250,
Nadia,516,Nadia-516,64,Anganwadi Centre 64,397,369,1,767,48.11,66,8.6,384,149,4,600,P1,235,64.0,24.8,330,245,639,P1,False,B,3,,0,323,
Nadia,516,Nadia-516,65,Madrasa 65,326,296,1,623,47.51,64,10.3,313,152,3,516,P1,161,60.7,29.5,329,151,533,P1,False,D,4,,0,262,
Nadia,516,Nadia-516,66,High School 66,265,254,1,520,48.85,60,11.5,174,142,7,394,P1,32,44.2,36.0,285,90,416,P1,False,D,4,,0,219,
Nadia,516,Nadia-516,67,Govt Office 67,366,366,1,733,49.93,62,8.5,320,185,5,561,P1,135,57.0,33.0,302,233,607,P1,False,B,3,,0,309,
Nadia,516,Nadia-516,68,High School 68,397,357,1,755,47.28,75,9.9,421,103,3,582,P1,318,72.3,17.7,433,140,637,P1,False,A,1,,0,318,
Nadia,516,Nadia-516,69,Temple Hall 69,316,286,0,602,47.51,44,7.3,311,124,3,483,P1,187,64.4,25.7,277,140,468,P1,False,B,3,,0,254,
Nadia,516,Nadia-516,70,Madrasa 70,351,345,0,696,49.57,68,9.8,325,185,6,566,P1,140,57.4,32.7,270,162,528,P1,False,B,3,,0,293,
Nadia,516,Nadia-516,71,Madrasa 71,347,355,0,702,50.57,66,9.4,365,186,3,613,P1,179,59.5,30.3,253,188,576,P1,False,B,3,,0,296,
Nadia,516,Nadia-516,72,Health Sub-Centre 72,365,335,0,700,47.86,77,11.0,302,158,4,573,P1,144,52.7,27.6,300,230,606,P1,False,D,4,,0,295,
Nadia,516,Nadia-516,73,Market Building 73,280,261,1,542,48.15,51,9.4,221,122,11,470,P1,99,47.0,26.0,251,154,450,P1,False,B,3,,0,228,
Nadia,516,Nadia-516,74,Club Building 74,338,327,0,665,49.17,74,11.1,338,180,3,575,P1,158,58.8,31.3,362,96,509,P1,False,D,4,,0,280,
Nadia,516,Nadia-516,75,Anganwadi Centre 75,255,252,0,507,49.7,48,9.5,174,113,7,384,P1,61,45.3,29.4,177,149,436,P1,False,B,3,,0,214,
Nadia,516,Nadia-516,76,Health Sub-Centre 76,292,280,0,572,48.95,48,8.4,244,163,5,452,P1,81,54.0,36.1,313,98,456,P1,False,B,3,,0,241,
Nadia,516,Nadia-516,77,Govt Office 77,405,373,0,778,47.94,55,7.1,412,171,3,648,P1,241,63.6,26.4,319,185,638,P1,False,B,3,,0,328,
Nadia,516,Nadia-516,78,High School 78,346,340,0,686,49.56,68,9.9,422,101,7,581,P1,321,72.6,17.4,333,138,524,P1,False,A,1,,0,289,
Nadia,516,Nadia-516,79,Temple Hall 79,255,252,0,507,49.7,40,7.9,236,125,2,421,P1,111,56.1,29.7,257,121,420,P1,False,B,3,,0,214,
Nadia,516,Nadia-516,80,High School 80,372,361,0,733,49.25,64,8.7,400,142,6,602,P1,258,66.4,23.6,315,205,578,P1,False,A,1,,0,309,
Nadia,516,Nadia-516,81,Anganwadi Centre 81,262,257,0,519,49.52,55,10.6,252,105,2,403,P1,147,62.5,26.1,188,170,439,P1,False,D,4,,0,219,
Nadia,516,Nadia-516,82,Temple Hall 82,399,409,0,808,50.62,91,11.3,325,187,8,623,P1,138,52.2,30.0,341,237,687,P1,False,D,4,,0,340,
Nadia,516,Nadia-516,83,Community Hall 83,245,243,1,489,49.69,40,8.2,187,149,2,373,P1,38,50.1,39.9,221,83,379,P1,False,B,3,,0,206,
Nadia,516,Nadia-516,84,Health Sub-Centre 84,356,329,0,685,48.03,78,11.4,375,144,5,576,P1,231,65.1,25.0,297,164,583,P1,False,D,4,,0,289,
Nadia,516,Nadia-516,85,High School 85,341,319,0,660,48.33,55,8.3,316,159,2,528,P1,157,59.8,30.1,328,146,526,P1,False,B,3,,0,278,
Nadia,516,Nadia-516,86,High School 86,321,316,1,638,49.53,52,8.2,316,156,3,525,P1,160,60.2,29.7,275,153,517,P1,False,B,3,,0,269,
Nadia,516,Nadia-516,87,Community Hall 87,276,251,1,528,47.54,49,9.3,201,159,7,431,P1,42,46.6,36.9,218,122,445,P1,False,B,3,,0,222,
Nadia,516,Nadia-516,88,Govt Office 88,305,292,0,597,48.91,42,7.0,199,109,7,477,P1,42,41.7,22.9,253,179,480,P1,False,B,3,,0,252,
Nadia,516,Nadia-516,89,Market Building 89,349,322,0,671,47.99,58,8.6,394,134,5,586,P1,260,67.2,22.9,327,165,547,P1,False,A,1,,0,283,
Nadia,516,Nadia-516,90,Primary School 90,320,292,0,612,47.71,62,10.1,246,147,5,485,P1,99,50.7,30.3,250,167,487,P1,False,D,4,,0,258,
Nadia,516,Nadia-516,91,Post Office 91,419,380,0,799,47.56,55,6.9,389,223,6,680,P1,166,57.2,32.8,383,192,655,P1,False,B,3,,0,337,
Nadia,516,Nadia-516,92,Madrasa 92,349,318,0,667,47.68,48,7.2,291,182,6,539,P1,109,54.0,33.8,222,187,527,P1,False,B,3,,0,281,
Nadia,516,Nadia-516,93,Anganwadi Centre 93,262,259,0,521,49.71,50,9.6,201,159,3,427,P1,42,47.1,37.2,244,129,415,P1,False,B,3,,0,220,
Nadia,516,Nadia-516,94,Market Building 94,284,254,0,538,47.21,40,7.4,237,167,5,464,P1,70,51.1,36.0,226,161,430,P1,False,B,3,,0,227,
Nadia,516,Nadia-516,95,Panchayat Bhavan 95,276,271,1,548,49.45,36,6.6,248,139,3,430,P1,109,57.7,32.3,318,99,463,P1,False,B,3,,0,231,
Nadia,516,Nadia-516,96,Health Sub-Centre 96,301,276,1,578,47.75,57,9.9,228,138,7,438,P1,90,52.1,31.5,281,150,479,P1,False,B,3,,0,244,
Nadia,516,Nadia-516,97,Temple Hall 97,327,324,1,652,49.69,43,6.6,322,134,2,506,P1,188,63.6,26.5,328,167,551,P1,False,B,3,,0,275,
Nadia,516,Nadia-516,98,Health Sub-Centre 98,304,276,1,581,47.5,54,9.3,261,151,3,505,P1,110,51.7,29.9,343,91,482,P1,False,B,3,,0,245,
Nadia,516,Nadia-516,99,Club Building 99,318,302,1,621,48.63,50,8.1,283,150,4,481,P1,133,58.8,31.2,303,171,527,P1,False,B,3,,0,262,
Nadia,516,Nadia-516,100,Community Hall 100,303,288,0,591,48.73,39,6.6,196,194,4,467,P1,2,42.0,41.5,291,153,510,P1,False,B,3,,0,249,
Nadia,516,Nadia-516,101,Panchayat Bhavan 101,405,386,0,791,48.8,91,11.5,427,183,7,687,P1,244,62.2,26.6,450,152,669,P1,False,D,4,,0,333,
Nadia,516,Nadia-516,102,Primary School 102,385,382,1,768,49.74,51,6.6,365,208,8,645,P1,157,56.6,32.2,331,209,663,P1,False,B,3,,0,324,
Nadia,516,Nadia-516,103,Temple Hall 103,252,253,0,505,50.1,39,7.7,194,155,2,389,P1,39,49.9,39.8,256,91,417,P1,False,B,3,,0,213,
Nadia,516,Nadia-516,104,Temple Hall 104,422,386,0,808,47.77,58,7.2,336,243,3,670,P1,93,50.1,36.3,340,174,615,P1,False,B,3,,0,340,
Nadia,516,Nadia-516,105,High School 105,322,290,1,613,47.31,54,8.8,321,119,3,490,P1,202,65.5,24.3,256,159,534,P1,False,A,1,,0,258,
Nadia,516,Nadia-516,106,Club Building 106,344,316,1,661,47.81,52,7.9,274,180,5,505,P1,94,54.3,35.6,326,145,558,P1,False,B,3,,0,279,
Nadia,516,Nadia-516,107,Club Building 107,300,299,1,600,49.83,64,10.7,304,149,3,504,P1,155,60.3,29.6,325,146,523,P1,False,D,4,,0,253,
Nadia,516,Nadia-516,108,Club Building 108,299,292,1,592,49.32,46,7.8,289,171,2,511,P1,118,56.6,33.5,277,165,506,P1,False,B,3,,0,249,
Nadia,516,Nadia-516,109,Health Sub-Centre 109,417,395,0,812,48.65,79,9.7,368,123,14,622,P1,245,59.2,19.8,301,260,657,P1,False,B,3,,0,342,
Nadia,516,Nadia-516,110,Madrasa 110,266,273,1,540,50.56,61,11.3,236,163,2,445,P1,73,53.0,36.6,284,102,429,P1,False,D,4,,0,228,
Nadia,516,Nadia-516,111,Panchayat Bhavan 111,313,309,1,623,49.6,63,10.1,220,190,9,514,P1,30,42.8,37.0,270,199,521,P1,False,D,4,,0,262,
Nadia,516,Nadia-516,112,Club Building 112,388,350,1,739,47.36,70,9.5,400,172,2,635,P1,228,63.0,27.1,329,152,599,P1,False,B,3,,0,311,
Nadia,516,Nadia-516,113,Health Sub-Centre 113,297,302,1,600,50.33,53,8.8,241,172,3,459,P1,69,52.5,37.5,317,149,518,P1,False,B,3,,0,253,
Nadia,516,Nadia-516,114,Health Sub-Centre 114,418,388,1,807,48.08,68,8.4,351,180,5,637,P1,171,55.1,28.3,344,204,630,P1,False,B,3,,0,340,
Nadia,516,Nadia-516,115,Community Hall 115,382,349,1,732,47.68,53,7.2,309,156,5,566,P1,153,54.6,27.6,296,199,623,P1,False,B,3,,0,308,
Nadia,516,Nadia-516,116,Post Office 116,288,264,0,552,47.83,61,11.1,204,143,14,474,P1,61,43.0,30.2,216,134,431,P1,False,D,4,,0,233,
Nadia,516,Nadia-516,117,Madrasa 117,263,272,0,535,50.84,35,6.5,232,140,2,413,P1,92,56.2,33.9,225,140,433,P1,False,B,3,,0,225,
Nadia,516,Nadia-516,118,Primary School 118,251,251,1,503,49.9,32,6.4,227,110,3,415,P1,117,54.7,26.5,232,125,422,P1,False,B,3,,0,212,
Nadia,516,Nadia-516,119,Temple Hall 119,281,264,0,545,48.44,57,10.5,274,133,3,453,P1,141,60.5,29.4,257,126,425,P1,False,D,4,,0,230,
Nadia,516,Nadia-516,120,Post Office 120,286,264,1,551,47.91,40,7.3,209,119,5,451,P1,90,46.3,26.4,213,114,436,P1,False,B,3,,0,232,
Nadia,516,Nadia-516,121,Govt Office 121,384,352,0,736,47.83,68,9.2,258,230,9,565,P1,28,45.7,40.7,243,224,605,P1,False,B,3,,0,310,
Nadia,516,Nadia-516,122,Panchayat Bhavan 122,381,374,0,755,49.54,81,10.7,293,221,4,575,P1,72,51.0,38.4,385,174,621,P1,False,D,4,,0,318,
Nadia,516,Nadia-516,123,Anganwadi Centre 123,406,409,0,815,50.18,58,7.1,327,287,5,682,P1,40,47.9,42.1,340,219,639,P1,False,B,3,,0,343,
Nadia,516,Nadia-516,124,Temple Hall 124,303,274,0,577,47.49,55,9.5,227,132,13,478,P1,95,47.5,27.6,213,177,453,P1,False,B,3,,0,243,
Nadia,516,Nadia-516,125,Primary School 125,243,238,1,482,49.38,54,11.2,274,92,4,406,P1,182,67.5,22.7,235,103,376,P1,False,D,4,,0,203,
Nadia,516,Nadia-516,126,Panchayat Bhavan 126,357,324,0,681,47.58,74,10.9,303,187,2,559,P1,116,54.2,33.5,353,142,558,P1,False,D,4,,0,287,
Nadia,516,Nadia-516,127,Market Building 127,363,371,0,734,50.54,65,8.9,285,181,5,558,P1,104,51.1,32.4,289,161,558,P1,False,B,3,,0,309,
Nadia,516,Nadia-516,128,Club Building 128,253,237,0,490,48.37,42,8.6,155,147,9,401,P1,8,38.7,36.7,231,139,411,P1,False,B,3,,0,206,
Nadia,516,Nadia-516,129,Primary School 129,269,264,0,533,49.53,57,10.7,252,166,4,465,P1,86,54.2,35.7,260,137,441,P1,False,D,4,,0,225,
Nadia,516,Nadia-516,130,Temple Hall 130,270,247,1,518,47.68,60,11.6,213,141,3,394,P1,72,54.1,35.8,212,175,433,P1,False,D,4,,0,218,
Nadia,516,Nadia-516,131,Panchayat Bhavan 131,369,374,1,744,50.27,61,8.2,248,175,16,581,P1,73,42.7,30.1,391,181,636,P1,False,B,3,,0,313,
Nadia,516,Nadia-516,132,Primary School 132,286,256,0,542,47.23,46,8.5,223,137,9,470,P1,86,47.4,29.1,214,102,444,P1,False,B,3,,0,228,
Nadia,516,Nadia-516,133,Madrasa 133,323,321,1,645,49.77,56,8.7,222,184,8,509,P1,38,43.6,36.1,320,171,545,P1,False,B,3,,0,272,
Nadia,516,Nadia-516,134,Anganwadi Centre 134,351,349,1,701,49.79,77,11.0,374,167,4,601,P1,207,62.2,27.8,342,180,580,P1,False,D,4,,0,295,
Nadia,516,Nadia-516,135,Govt Office 135,348,333,0,681,48.9,55,8.1,270,198,7,589,P1,72,45.8,33.6,336,158,549,P1,False,B,3,,0,287,
Nadia,516,Nadia-516,136,Post Office 136,310,295,0,605,48.76,71,11.7,244,140,7,468,P1,104,52.1,29.9,287,152,488,P1,False,D,4,,0,255,
Nadia,516,Nadia-516,137,Panchayat Bhavan 137,277,271,1,549,49.36,43,7.8,192,143,3,421,P1,49,45.6,34.0,261,148,466,P1,False,B,3,,0,231,
Nadia,516,Nadia-516,138,Health Sub-Centre 138,412,389,0,801,48.56,57,7.1,381,230,4,679,P1,151,56.1,33.9,392,201,675,P1,False,B,3,,0,337,
Nadia,516,Nadia-516,139,Temple Hall 139,249,239,1,489,48.88,46,9.4,194,135,6,381,P1,59,50.9,35.4,223,130,392,P1,False,B,3,,0,206,
Nadia,516,Nadia-516,140,Anganwadi Centre 140,367,364,0,731,49.79,50,6.8,308,152,5,559,P1,156,55.1,27.2,352,179,609,P1,False,B,3,,0,308,
Nadia,516,Nadia-516,141,Community Hall 141,340,323,1,664,48.64,52,7.8,333,134,3,519,P1,199,64.2,25.8,290,144,536,P1,False,B,3,,0,280,
Nadia,516,Nadia-516,142,Temple Hall 142,335,331,1,667,49.63,59,8.8,336,145,2,535,P1,191,62.8,27.1,291,169,557,P1,False,B,3,,0,281,
Nadia,516,Nadia-516,143,Community Hall 143,284,257,1,542,47.42,38,7.0,277,112,5,433,P1,165,64.0,25.9,301,108,455,P1,False,B,3,,0,228,
Nadia,516,Nadia-516,144,Health Sub-Centre 144,328,315,0,643,48.99,55,8.6,324,178,3,558,P1,146,58.1,31.9,200,136,509,P1,False,B,3,,0,271,
Nadia,516,Nadia-516,145,Temple Hall 145,324,334,1,659,50.68,65,9.9,258,199,5,508,P1,59,50.8,39.2,259,167,512,P1,False,B,3,,0,278,
Nadia,516,Nadia-516,146,Anganwadi Centre 146,336,307,0,643,47.74,50,7.8,237,124,5,496,P1,112,47.8,25.0,257,179,518,P1,False,B,3,,0,271,
Nadia,516,Nadia-516,147,Madrasa 147,364,329,1,694,47.41,78,11.2,331,159,4,544,P1,172,60.8,29.2,314,204,576,P1,False,D,4,,0,292,
Nadia,516,Nadia-516,148,Govt Office 148,384,360,0,744,48.39,65,8.7,332,237,6,645,P1,95,51.5,36.7,320,214,610,P1,False,B,3,,0,313,
Nadia,516,Nadia-516,149,Panchayat Bhavan 149,364,339,0,703,48.22,74,10.5,384,144,5,586,P1,240,65.5,24.6,320,199,577,P1,False,D,4,,0,296,
Nadia,516,Nadia-516,150,Anganwadi Centre 150,297,273,0,570,47.89,55,9.6,301,125,7,484,P1,176,62.2,25.8,262,145,457,P1,False,B,3,,0,240,
Nadia,516,Nadia-516,151,Govt Office 151,270,249,1,520,47.88,47,9.0,176,146,6,401,P1,30,43.9,36.4,270,97,407,P1,False,B,3,,0,219,
Nadia,516,Nadia-516,152,Madrasa 152,355,329,1,685,48.03,66,9.6,340,172,2,569,P1,168,59.8,30.2,305,211,574,P1,False,B,3,,0,289,
Nadia,516,Nadia-516,153,High School 153,399,384,0,783,49.04,71,9.1,367,202,3,648,P1,165,56.6,31.2,300,204,660,P1,False,B,3,,0,330,
Nadia,516,Nadia-516,154,Temple Hall 154,351,353,1,705,50.07,46,6.5,335,154,4,543,P1,181,61.7,28.4,297,182,597,P1,False,B,3,,0,297,
Nadia,516,Nadia-516,155,Primary School 155,249,256,1,506,50.59,54,10.7,270,116,3,429,P1,154,62.9,27.0,253,133,429,P1,False,D,4,,0,213,
Nadia,516,Nadia-516,156,Post Office 156,327,325,1,653,49.77,66,10.1,331,170,6,557,P1,161,59.4,30.5,232,132,542,P1,False,D,4,,0,275,
Nadia,516,Nadia-516,157,High School 157,348,355,1,704,50.43,80,11.4,374,116,4,545,P1,258,68.6,21.3,273,196,594,P1,False,D,4,,0,297,
Nadia,516,Nadia-516,158,Panchayat Bhavan 158,263,248,0,511,48.53,35,6.8,282,111,5,436,P1,171,64.7,25.5,217,99,396,P1,False,B,3,,0,215,
Nadia,516,Nadia-516,159,Madrasa 159,276,261,0,537,48.6,59,11.0,206,166,5,454,P1,40,45.4,36.6,215,158,443,P1,False,D,4,,0,226,
Nadia,516,Nadia-516,160,Temple Hall 160,331,297,1,629,47.22,60,9.5,293,138,3,479,P1,155,61.2,28.8,288,152,519,P1,False,B,3,,0,265,
Nadia,516,Nadia-516,161,Temple Hall 161,413,403,1,817,49.33,81,9.9,339,261,2,667,P1,78,50.8,39.1,263,200,643,P1,False,B,3,,0,344,
Nadia,516,Nadia-516,162,Health Sub-Centre 162,286,285,0,571,49.91,58,10.2,236,159,6,468,P1,77,50.4,34.0,275,170,495,P1,False,D,4,,0,241,
Nadia,516,Nadia-516,163,Primary School 163,284,285,0,569,50.09,66,11.6,284,121,2,450,P1,163,63.1,26.9,311,120,479,P1,False,D,4,,0,240,
Nadia,516,Nadia-516,164,Temple Hall 164,393,386,1,780,49.49,66,8.5,362,199,4,623,P1,163,58.1,31.9,332,180,626,P1,False,B,3,,0,329,
Nadia,516,Nadia-516,165,Govt Office 165,363,336,0,699,48.07,52,7.4,325,188,4,575,P1,137,56.5,32.7,303,197,605,P1,False,B,3,,0,295,
Nadia,516,Nadia-516,166,High School 166,290,285,0,575,49.57,66,11.5,328,109,1,486,P1,219,67.5,22.4,219,150,464,P1,False,D,4,,0,242,
Nadia,516,Nadia-516,167,Club Building 167,361,359,0,720,49.86,76,10.6,314,216,6,588,P1,98,53.4,36.7,367,160,585,P1,False,D,4,,0,303,
Nadia,516,Nadia-516,168,High School 168,325,319,0,644,49.53,43,6.7,283,167,3,500,P1,116,56.6,33.4,281,169,528,P1,False,B,3,,0,271,
Nadia,516,Nadia-516,169,Community Hall 169,346,325,0,671,48.44,73,10.9,348,150,2,577,P1,198,60.3,26.0,310,206,573,P1,False,D,4,,0,283,
Nadia,516,Nadia-516,170,Panchayat Bhavan 170,379,381,0,760,50.13,78,10.3,339,189,3,586,P1,150,57.8,32.3,301,216,622,P1,False,D,4,,0,320,
Nadia,516,Nadia-516,171,Panchayat Bhavan 171,410,388,1,799,48.56,65,8.1,398,194,7,657,P1,204,60.6,29.5,361,252,681,P1,False,B,3,,0,337,
Nadia,517,Nadia-517,1,Market Building 1,330,302,1,633,47.71,118,18.6,228,124,12,484,P1,104,47.1,25.6,281,162,527,P1,False,D,4,,0,267,
Nadia,517,Nadia-517,2,Health Sub-Centre 2,381,356,1,738,48.24,113,15.3,305,219,6,603,P1,86,50.6,36.3,310,177,607,P1,False,D,4,,0,311,
Nadia,517,Nadia-517,3,Community Hall 3,381,386,1,768,50.26,110,14.3,302,152,11,595,P1,150,50.8,25.5,341,205,649,P1,False,D,4,,0,324,
Nadia,517,Nadia-517,4,Club Building 4,362,369,0,731,50.48,142,19.4,237,218,11,592,P1,19,40.0,36.8,387,182,632,P1,False,D,4,,0,308,
Nadia,517,Nadia-517,5,High School 5,329,323,0,652,49.54,81,12.4,261,156,3,497,P1,105,52.5,31.4,351,130,535,P1,False,D,4,,0,275,
Nadia,517,Nadia-517,6,Panchayat Bhavan 6,326,296,0,622,47.59,78,12.5,332,116,3,498,P1,216,66.7,23.3,270,148,476,P1,False,D,4,,0,262,
Nadia,517,Nadia-517,7,Post Office 7,335,339,1,675,50.22,118,17.5,377,149,2,585,P1,228,64.4,25.5,257,200,536,P1,False,D,4,,0,284,
Nadia,517,Nadia-517,8,High School 8,375,386,1,762,50.66,95,12.5,377,145,6,580,P1,232,65.0,25.0,352,210,639,P1,False,D,4,,0,321,
Nadia,517,Nadia-517,9,Post Office 9,292,293,1,586,50.0,96,16.4,277,178,3,506,P1,99,54.7,35.2,275,152,512,P1,False,D,4,,0,247,
Nadia,517,Nadia-517,10,Community Hall 10,395,369,0,764,48.3,139,18.2,365,176,3,601,P1,189,60.7,29.3,227,247,606,P2,True,D,4,,0,322,
Nadia,517,Nadia-517,11,Govt Office 11,341,312,1,654,47.71,110,16.8,394,110,4,560,P1,284,70.4,19.6,303,188,546,P1,False,D,4,,0,276,
Nadia,517,Nadia-517,12,Health Sub-Centre 12,357,333,0,690,48.26,92,13.3,272,133,7,581,P1,108,46.8,22.9,306,199,561,P1,False,D,4,,0,291,
Nadia,517,Nadia-517,13,Anganwadi Centre 13,259,247,0,506,48.81,68,13.4,216,125,5,388,P1,91,55.7,32.2,205,130,419,P1,False,D,4,,0,213,
Nadia,517,Nadia-517,14,Market Building 14,397,386,0,783,49.3,114,14.6,403,180,5,648,P1,223,62.2,27.8,320,212,609,P1,False,D,4,,0,330,
Nadia,517,Nadia-517,15,Primary School 15,343,344,1,688,50.0,109,15.8,349,128,7,596,P1,221,58.6,21.5,319,198,574,P1,False,D,4,,0,290,
Nadia,517,Nadia-517,16,Market Building 16,403,398,0,801,49.69,92,11.5,335,240,5,639,P1,95,52.4,37.6,459,144,670,P1,False,D,4,,0,337,
Nadia,517,Nadia-517,17,High School 17,368,343,0,711,48.24,127,17.9,398,153,3,613,P1,245,64.9,25.0,369,125,549,P1,False,D,4,,0,300,
Nadia,517,Nadia-517,18,Govt Office 18,261,268,0,529,50.66,62,11.7,271,138,3,454,P1,133,59.7,30.4,217,185,458,P1,False,D,4,,0,223,
Nadia,517,Nadia-517,19,Anganwadi Centre 19,350,321,0,671,47.84,83,12.4,256,216,7,549,P1,40,46.6,39.3,302,174,576,P1,False,D,4,,0,283,
Nadia,517,Nadia-517,20,Panchayat Bhavan 20,365,336,1,702,47.86,119,17.0,290,189,6,582,P1,101,49.8,32.5,330,156,540,P1,False,D,4,,0,296,
Nadia,517,Nadia-517,21,Club Building 21,288,273,0,561,48.66,105,18.7,187,178,3,445,P1,9,42.0,40.0,279,143,469,P1,False,D,4,,0,236,
Nadia,517,Nadia-517,22,Panchayat Bhavan 22,341,352,1,694,50.72,80,11.5,285,176,9,539,P1,109,52.9,32.7,299,162,542,P1,False,D,4,,0,292,
Nadia,517,Nadia-517,23,Anganwadi Centre 23,340,337,1,678,49.71,118,17.4,339,130,5,521,P1,209,65.1,25.0,286,128,524,P1,False,D,4,,0,286,
Nadia,517,Nadia-517,24,Govt Office 24,252,258,1,511,50.49,96,18.8,213,178,3,434,P1,35,49.1,41.0,267,120,429,P1,False,D,4,,0,215,
Nadia,517,Nadia-517,25,Anganwadi Centre 25,282,257,0,539,47.68,70,13.0,200,145,7,457,P1,55,43.8,31.7,233,138,433,P1,False,D,4,,0,227,
Nadia,517,Nadia-517,26,Anganwadi Centre 26,308,307,0,615,49.92,115,18.7,323,142,6,517,P1,181,62.5,27.5,256,182,486,P1,False,D,4,,0,259,
Nadia,517,Nadia-517,27,Community Hall 27,254,229,1,484,47.31,76,15.7,262,115,4,422,P1,147,62.1,27.3,165,88,398,P1,False,D,4,,0,204,
Nadia,517,Nadia-517,28,Primary School 28,251,237,0,488,48.57,64,13.1,230,125,3,395,P1,105,58.2,31.6,224,98,373,P1,False,D,4,,0,206,
Nadia,517,Nadia-517,29,Primary School 29,390,362,0,752,48.14,137,18.2,358,210,4,631,P1,148,56.7,33.3,297,219,573,P1,False,D,4,,0,317,
Nadia,517,Nadia-517,30,Anganwadi Centre 30,295,278,1,574,48.43,107,18.6,268,144,1,458,P1,124,58.5,31.4,233,159,439,P1,False,D,4,,0,242,
Nadia,517,Nadia-517,31,Madrasa 31,383,351,1,735,47.76,129,17.6,368,201,7,632,P1,167,58.2,31.8,294,203,570,P1,False,D,4,,0,310,
Nadia,517,Nadia-517,32,Madrasa 32,302,312,0,614,50.81,75,12.2,304,124,7,531,P1,180,57.3,23.4,330,128,509,P1,False,D,4,,0,259,
Nadia,517,Nadia-517,33,Govt Office 33,359,330,1,690,47.83,134,19.4,314,163,4,529,P1,151,59.4,30.8,273,172,550,P1,False,D,4,,0,291,
Nadia,517,Nadia-517,34,Panchayat Bhavan 34,319,323,1,643,50.23,90,14.0,336,127,3,522,P1,209,64.4,24.3,305,158,518,P1,False,D,4,,0,271,
Nadia,517,Nadia-517,35,Primary School 35,319,301,1,621,48.47,92,14.8,291,145,5,485,P1,146,60.0,29.9,320,152,524,P1,False,D,4,,0,262,
Nadia,517,Nadia-517,36,Post Office 36,363,373,0,736,50.68,122,16.6,309,235,8,627,P1,74,49.3,37.5,377,141,575,P1,False,D,4,,0,310,
Nadia,517,Nadia-517,37,Club Building 37,370,370,1,741,49.93,100,13.5,327,194,3,579,P1,133,56.5,33.5,328,241,632,P1,False,D,4,,0,312,
Nadia,517,Nadia-517,38,Panchayat Bhavan 38,306,293,1,600,48.83,105,17.5,274,142,4,462,P1,132,59.3,30.7,305,152,508,P1,False,D,4,,0,253,
Nadia,517,Nadia-517,39,Market Building 39,257,259,0,516,50.19,70,13.6,214,152,2,407,P1,62,52.6,37.3,201,150,401,P1,False,D,4,,0,217,
Nadia,517,Nadia-517,40,Govt Office 40,299,286,1,586,48.81,108,18.4,289,145,4,482,P1,144,60.0,30.1,253,100,445,P1,False,D,4,,0,247,
Nadia,517,Nadia-517,41,Market Building 41,369,345,1,715,48.25,80,11.2,320,202,6,580,P1,118,55.2,34.8,324,221,610,P1,False,D,4,,0,301,
Nadia,517,Nadia-517,42,Community Hall 42,371,363,0,734,49.46,128,17.4,312,137,8,623,P1,152,50.1,22.0,388,180,632,P1,False,D,4,,0,309,
Nadia,517,Nadia-517,43,Market Building 43,261,261,1,523,49.9,99,18.9,300,89,2,432,P1,211,69.4,20.6,294,113,452,P1,False,D,4,,0,220,
Nadia,517,Nadia-517,44,Primary School 44,311,290,0,601,48.25,95,15.8,235,151,4,495,P1,84,47.5,30.5,320,132,502,P1,False,D,4,,0,253,
Nadia,517,Nadia-517,45,Govt Office 45,374,356,0,730,48.77,106,14.5,343,209,6,614,P1,134,55.9,34.0,341,191,591,P1,False,D,4,,0,308,
Nadia,517,Nadia-517,46,Primary School 46,399,399,1,799,49.94,111,13.9,436,193,3,699,P1,243,62.4,27.6,341,252,666,P1,False,D,4,,0,337,
Nadia,517,Nadia-517,47,Club Building 47,262,243,1,506,48.02,85,16.8,208,146,4,393,P1,62,52.9,37.2,205,134,386,P1,False,D,4,,0,213,
Nadia,517,Nadia-517,48,Primary School 48,377,349,0,726,48.07,136,18.7,303,217,7,613,P1,86,49.4,35.4,289,227,573,P1,False,D,4,,0,306,
Nadia,517,Nadia-517,49,Panchayat Bhavan 49,326,293,0,619,47.33,101,16.3,294,98,6,488,P1,196,60.2,20.1,358,119,530,P1,False,D,4,,0,261,
Nadia,517,Nadia-517,50,Primary School 50,307,290,0,597,48.58,111,18.6,211,221,2,481,P2,10,43.9,45.9,272,182,504,P1,True,D,4,,0,252,
Nadia,517,Nadia-517,51,Madrasa 51,417,384,0,801,47.94,86,10.7,281,269,9,642,P1,12,43.8,41.9,414,185,666,P1,False,D,4,,0,337,
Nadia,517,Nadia-517,52,Primary School 52,374,346,0,720,48.06,117,16.2,294,194,4,578,P1,100,50.9,33.6,317,237,616,P1,False,D,4,,0,303,
Nadia,517,Nadia-517,53,Club Building 53,272,244,0,516,47.29,86,16.7,263,106,4,410,P1,157,64.1,25.9,255,149,449,P1,False,D,4,,0,217,
Nadia,517,Nadia-517,54,Panchayat Bhavan 54,279,286,1,566,50.53,81,14.3,217,181,4,474,P1,36,45.8,38.2,274,126,445,P1,False,D,4,,0,238,
Nadia,517,Nadia-517,55,Health Sub-Centre 55,341,305,0,646,47.21,83,12.8,220,174,13,543,P1,46,40.5,32.0,270,98,533,P1,False,D,4,,0,272,
Nadia,517,Nadia-517,56,Market Building 56,345,332,0,677,49.04,126,18.6,308,146,3,549,P1,162,56.1,26.6,303,194,553,P1,False,D,4,,0,285,
Nadia,517,Nadia-517,57,Community Hall 57,363,346,0,709,48.8,90,12.7,314,192,8,595,P1,122,52.8,32.3,374,140,588,P1,False,D,4,,0,299,
Nadia,517,Nadia-517,58,Panchayat Bhavan 58,271,253,0,524,48.28,72,13.7,273,137,2,456,P1,136,59.9,30.0,197,156,418,P1,False,D,4,,0,221,
Nadia,517,Nadia-517,59,Temple Hall 59,401,409,1,811,50.43,151,18.6,363,245,3,678,P1,118,53.5,36.1,476,102,643,P1,False,D,4,,0,342,
Nadia,517,Nadia-517,60,Anganwadi Centre 60,395,369,1,765,48.24,123,16.1,326,188,8,631,P1,138,51.7,29.8,313,230,610,P1,False,D,4,,0,322,
Nadia,517,Nadia-517,61,Market Building 61,382,360,1,743,48.45,116,15.6,295,219,4,600,P1,76,49.2,36.5,330,150,582,P1,False,D,4,,0,313,
Nadia,517,Nadia-517,62,Community Hall 62,278,261,1,540,48.33,70,13.0,266,113,3,421,P1,153,63.2,26.8,285,103,471,P1,False,D,4,,0,228,
Nadia,517,Nadia-517,63,Temple Hall 63,328,306,1,635,48.19,105,16.5,314,126,2,488,P1,188,64.3,25.8,264,106,506,P1,False,D,4,,0,268,
Nadia,517,Nadia-517,64,Health Sub-Centre 64,369,381,1,751,50.73,104,13.8,342,163,2,569,P1,179,60.1,28.6,439,135,638,P1,False,D,4,,0,316,
Nadia,517,Nadia-517,65,Primary School 65,259,250,0,509,49.12,77,15.1,189,152,7,401,P1,37,47.1,37.9,255,124,421,P1,False,D,4,,0,214,
Nadia,517,Nadia-517,66,Govt Office 66,277,259,0,536,48.32,87,16.2,221,113,8,414,P1,108,53.4,27.3,240,137,420,P1,False,D,4,,0,226,
Nadia,517,Nadia-517,67,Temple Hall 67,306,315,0,621,50.72,104,16.7,257,167,3,523,P1,90,49.1,31.9,244,189,481,P1,False,D,4,,0,262,
Nadia,517,Nadia-517,68,Anganwadi Centre 68,355,355,1,711,49.93,96,13.5,294,222,3,585,P1,72,50.3,37.9,321,198,604,P1,False,D,4,,0,300,
Nadia,517,Nadia-517,69,Temple Hall 69,397,362,1,760,47.63,135,17.8,334,219,7,648,P1,115,51.5,33.8,288,155,592,P1,False,D,4,,0,320,
Nadia,517,Nadia-517,70,Community Hall 70,288,261,0,549,47.54,76,13.8,222,158,5,457,P1,64,48.6,34.6,249,172,470,P1,False,D,4,,0,231,
Nadia,517,Nadia-517,71,Community Hall 71,318,305,1,624,48.88,96,15.4,283,158,3,489,P1,125,57.9,32.3,304,152,507,P1,False,D,4,,0,263,
Nadia,517,Nadia-517,72,Madrasa 72,340,349,1,690,50.58,114,16.5,299,204,10,599,P1,95,49.9,34.1,380,139,576,P1,False,D,4,,0,291,
Nadia,517,Nadia-517,73,Temple Hall 73,374,355,0,729,48.7,113,15.5,450,86,3,596,P1,364,75.5,14.4,262,209,583,P1,False,D,4,,0,307,
Nadia,517,Nadia-517,74,Temple Hall 74,408,402,1,811,49.57,114,14.1,373,180,3,614,P1,193,60.7,29.3,329,196,620,P1,False,D,4,,0,342,
Nadia,517,Nadia-517,75,Club Building 75,331,327,1,659,49.62,97,14.7,310,176,2,541,P1,134,57.3,32.5,415,73,543,P1,False,D,4,,0,278,
Nadia,517,Nadia-517,76,Anganwadi Centre 76,257,259,1,517,50.1,67,13.0,321,69,2,433,P1,252,74.1,15.9,253,115,422,P1,False,D,4,,0,218,
Nadia,517,Nadia-517,77,Health Sub-Centre 77,253,247,1,501,49.3,78,15.6,221,145,2,409,P1,76,54.0,35.5,283,92,417,P1,False,D,4,,0,211,
Nadia,517,Nadia-517,78,Market Building 78,399,397,1,797,49.81,113,14.2,338,177,8,611,P1,161,55.3,29.0,372,186,668,P1,False,D,4,,0,336,
Nadia,517,Nadia-517,79,Health Sub-Centre 79,271,273,0,544,50.18,89,16.4,268,151,4,466,P1,117,57.5,32.4,308,120,475,P1,False,D,4,,0,229,
Nadia,517,Nadia-517,80,Primary School 80,253,230,1,484,47.52,57,11.8,225,121,2,384,P1,104,58.6,31.5,225,137,402,P1,False,D,4,,0,204,
Nadia,517,Nadia-517,81,Community Hall 81,353,322,1,676,47.63,132,19.5,350,171,4,579,P1,179,60.4,29.5,313,166,532,P1,False,D,4,,0,285,
Nadia,517,Nadia-517,82,Madrasa 82,303,311,1,615,50.57,94,15.3,355,127,2,536,P1,228,66.2,23.7,248,147,494,P1,False,D,4,,0,259,
Nadia,517,Nadia-517,83,Community Hall 83,321,312,1,634,49.21,94,14.8,232,136,15,524,P1,96,44.3,26.0,280,184,525,P1,False,D,4,,0,267,
Nadia,517,Nadia-517,84,Govt Office 84,246,252,0,498,50.6,57,11.4,208,163,4,413,P1,45,50.4,39.5,246,108,394,P1,False,D,4,,0,210,
Nadia,517,Nadia-517,85,High School 85,425,390,1,816,47.79,132,16.2,329,268,8,697,P1,61,47.2,38.5,373,197,709,P1,False,D,4,,0,344,
Nadia,517,Nadia-517,86,Community Hall 86,317,285,0,602,47.34,110,18.3,283,137,4,466,P1,146,60.7,29.4,278,142,467,P1,False,D,4,,0,254,
Nadia,517,Nadia-517,87,Madrasa 87,289,269,0,558,48.21,63,11.3,268,125,4,437,P1,143,61.3,28.6,265,135,444,P1,False,D,4,,0,235,
Nadia,517,Nadia-517,88,Post Office 88,302,279,1,582,47.94,75,12.9,290,138,4,475,P1,152,61.1,29.1,294,151,494,P1,False,D,4,,0,245,
Nadia,517,Nadia-517,89,Market Building 89,255,235,0,490,47.96,58,11.8,219,151,5,411,P1,68,53.3,36.7,242,112,397,P1,False,D,4,,0,206,
Nadia,517,Nadia-517,90,Primary School 90,254,243,0,497,48.89,73,14.7,242,108,2,389,P1,134,62.2,27.8,214,126,408,P1,False,D,4,,0,209,
Nadia,517,Nadia-517,91,Madrasa 91,365,335,0,700,47.86,134,19.1,217,172,16,559,P1,45,38.8,30.8,317,210,585,P1,False,D,4,,0,295,
Nadia,517,Nadia-517,92,Madrasa 92,263,252,0,515,48.93,59,11.5,202,150,6,424,P1,52,47.6,35.4,269,121,434,P1,False,D,4,,0,217,
Nadia,517,Nadia-517,93,Panchayat Bhavan 93,293,291,0,584,49.83,113,19.3,357,93,3,501,P1,264,71.3,18.6,262,142,497,P1,False,D,4,,0,246,
Nadia,517,Nadia-517,94,Govt Office 94,292,291,1,584,49.83,103,17.6,255,147,2,447,P1,108,57.0,32.9,260,181,490,P1,False,D,4,,0,246,
Nadia,517,Nadia-517,95,Market Building 95,385,348,0,733,47.48,77,10.5,319,177,5,558,P1,142,57.2,31.7,336,180,632,P1,False,D,4,,0,309,
Nadia,517,Nadia-517,96,Govt Office 96,351,321,0,672,47.77,90,13.4,329,149,2,531,P1,180,62.0,28.1,334,192,585,P1,False,D,4,,0,283,
Nadia,517,Nadia-517,97,Madrasa 97,357,340,0,697,48.78,123,17.6,340,149,3,544,P1,191,62.5,27.4,253,151,587,P1,False,D,4,,0,294,
Nadia,517,Nadia-517,98,Club Building 98,341,338,0,679,49.78,89,13.1,255,166,9,543,P1,89,47.0,30.6,275,214,565,P1,False,D,4,,0,286,
Nadia,517,Nadia-517,99,Panchayat Bhavan 99,333,336,1,670,50.15,123,18.4,319,164,4,536,P1,155,59.5,30.6,285,183,557,P1,False,D,4,,0,282,
Nadia,517,Nadia-517,100,Madrasa 100,389,377,1,767,49.15,120,15.6,393,191,2,648,P1,202,60.6,29.5,295,200,630,P1,False,D,4,,0,323,
Nadia,517,Nadia-517,101,Primary School 101,407,368,1,776,47.42,103,13.3,378,165,10,641,P1,213,59.0,25.7,298,132,589,P1,False,D,4,,0,327,
Nadia,517,Nadia-517,102,Temple Hall 102,264,247,1,512,48.24,72,14.1,241,88,7,402,P1,153,60.0,21.9,264,130,438,P1,False,D,4,,0,216,
Nadia,517,Nadia-517,103,Post Office 103,420,397,0,817,48.59,147,18.0,382,241,2,692,P1,141,55.2,34.8,259,185,620,P1,False,D,4,,0,344,
Nadia,517,Nadia-517,104,Anganwadi Centre 104,303,279,0,582,47.94,90,15.5,218,167,6,486,P1,51,44.9,34.4,245,166,457,P1,False,D,4,,0,245,
Nadia,517,Nadia-517,105,Primary School 105,353,318,0,671,47.39,119,17.7,265,154,11,515,P1,111,51.5,29.9,374,138,568,P1,False,D,4,,0,283,
Nadia,517,Nadia-517,106,Post Office 106,270,269,0,539,49.91,93,17.3,258,149,3,464,P1,109,55.6,32.1,288,117,450,P1,False,D,4,,0,227,
Nadia,517,Nadia-517,107,Govt Office 107,372,373,1,746,50.0,110,14.7,313,196,2,566,P1,117,55.3,34.6,336,245,646,P1,False,D,4,,0,314,
Nadia,517,Nadia-517,108,Post Office 108,308,302,0,610,49.51,76,12.5,276,201,5,533,P1,75,51.8,37.7,293,160,503,P1,False,D,4,,0,257,
Nadia,517,Nadia-517,109,Community Hall 109,309,291,1,601,48.42,77,12.8,324,121,2,494,P1,203,65.6,24.5,261,156,464,P1,False,D,4,,0,253,
Nadia,517,Nadia-517,110,Temple Hall 110,252,239,0,491,48.68,58,11.8,258,111,3,410,P1,147,62.9,27.1,223,130,392,P1,False,D,4,,0,207,
Nadia,517,Nadia-517,111,High School 111,241,241,0,482,50.0,52,10.8,204,146,8,414,P1,58,49.3,35.3,203,174,421,P1,False,D,4,,0,203,
Nadia,517,Nadia-517,112,Govt Office 112,374,381,0,755,50.46,124,16.4,318,197,13,645,P1,121,49.3,30.5,294,214,572,P1,False,D,4,,0,318,
Nadia,517,Nadia-517,113,Primary School 113,294,277,1,572,48.43,104,18.2,231,154,5,448,P1,77,51.6,34.4,284,146,478,P1,False,D,4,,0,241,
Nadia,517,Nadia-517,114,Anganwadi Centre 114,338,339,0,677,50.07,72,10.6,286,175,11,563,P1,111,50.8,31.1,338,155,548,P1,False,D,4,,0,285,
Nadia,517,Nadia-517,115,Govt Office 115,405,409,1,815,50.18,121,14.8,378,180,4,620,P1,198,61.0,29.0,386,223,703,P1,False,D,4,,0,343,
Nadia,517,Nadia-517,116,Market Building 116,263,249,1,513,48.54,75,14.6,220,102,5,392,P1,118,56.1,26.0,231,103,397,P1,False,D,4,,0,216,
Nadia,517,Nadia-517,117,Madrasa 117,319,320,0,639,50.08,110,17.2,250,125,9,505,P1,125,49.5,24.8,252,172,492,P1,False,D,4,,0,269,
Nadia,517,Nadia-517,118,Anganwadi Centre 118,251,243,1,495,49.09,78,15.8,188,148,3,395,P1,40,47.6,37.5,176,162,381,P1,False,D,4,,0,209,
Nadia,517,Nadia-517,119,High School 119,398,399,1,798,50.0,102,12.8,325,221,5,622,P1,104,52.3,35.5,407,197,671,P1,False,D,4,,0,336,
Nadia,517,Nadia-517,120,Post Office 120,298,301,1,600,50.17,102,17.0,253,182,6,489,P1,71,51.7,37.2,232,200,480,P1,False,D,4,,0,253,
Nadia,517,Nadia-517,121,Primary School 121,330,298,0,628,47.45,99,15.8,251,146,5,485,P1,105,51.8,30.1,308,183,546,P1,False,D,4,,0,265,
Nadia,517,Nadia-517,122,Anganwadi Centre 122,272,267,1,540,49.44,75,13.9,211,145,6,421,P1,66,50.1,34.4,273,125,443,P1,False,D,4,,0,228,
Nadia,517,Nadia-517,123,Temple Hall 123,326,325,1,652,49.85,121,18.6,292,193,6,549,P1,99,53.2,35.2,305,147,503,P1,False,D,4,,0,275,
Nadia,517,Nadia-517,124,Panchayat Bhavan 124,295,287,1,583,49.23,73,12.5,263,138,2,449,P1,125,58.6,30.7,305,154,510,P1,False,D,4,,0,246,
Nadia,517,Nadia-517,125,Panchayat Bhavan 125,405,387,1,793,48.8,119,15.0,373,250,7,692,P1,123,53.9,36.1,326,199,621,P1,False,D,4,,0,334,
Nadia,517,Nadia-517,126,Post Office 126,379,370,0,749,49.4,81,10.8,325,221,4,645,P1,104,50.4,34.3,411,148,621,P1,False,D,4,,0,316,
Nadia,517,Nadia-517,127,Community Hall 127,368,348,0,716,48.6,112,15.6,423,110,3,592,P1,313,71.5,18.6,330,189,597,P1,False,D,4,,0,302,
Nadia,517,Nadia-517,128,Govt Office 128,260,239,0,499,47.9,93,18.6,233,124,2,397,P1,109,58.7,31.2,236,123,399,P1,False,D,4,,0,210,
Nadia,517,Nadia-517,129,Community Hall 129,376,368,1,745,49.4,114,15.3,408,106,6,572,P1,302,71.3,18.5,329,192,579,P1,False,D,4,,0,314,
Nadia,517,Nadia-517,130,Community Hall 130,307,304,0,611,49.75,92,15.1,297,167,6,515,P1,130,57.7,32.4,232,129,466,P1,False,D,4,,0,257,
Nadia,517,Nadia-517,131,Anganwadi Centre 131,267,259,1,527,49.15,97,18.4,223,140,4,403,P1,83,55.3,34.7,190,154,412,P1,False,D,4,,0,222,
Nadia,517,Nadia-517,132,Club Building 132,362,357,1,720,49.58,87,12.1,349,196,6,608,P1,153,57.4,32.2,365,105,558,P1,False,D,4,,0,303,
Nadia,517,Nadia-517,133,Panchayat Bhavan 133,295,279,1,575,48.52,64,11.1,214,210,1,471,P1,4,45.4,44.6,288,142,486,P1,False,D,4,,0,242,
Nadia,517,Nadia-517,134,Club Building 134,253,259,1,513,50.49,89,17.3,204,147,4,406,P1,57,50.2,36.2,256,114,411,P1,False,D,4,,0,216,
Nadia,517,Nadia-517,135,Club Building 135,247,246,1,494,49.8,89,18.0,284,87,4,413,P1,197,68.8,21.1,203,145,387,P1,False,D,4,,0,208,
Nadia,517,Nadia-517,136,Temple Hall 136,324,320,0,644,49.69,107,16.6,365,141,3,562,P1,224,64.9,25.1,306,172,531,P1,False,D,4,,0,271,
Nadia,517,Nadia-517,137,Market Building 137,269,252,1,522,48.28,68,13.0,224,125,7,431,P1,99,52.0,29.0,200,152,421,P1,False,D,4,,0,220,
Nadia,517,Nadia-517,138,Post Office 138,355,337,1,693,48.63,118,17.0,288,185,5,526,P1,103,54.8,35.2,303,168,544,P1,False,D,4,,0,292,
Nadia,517,Nadia-517,139,Post Office 139,391,361,0,752,48.01,145,19.3,283,231,4,594,P1,52,47.6,38.9,284,204,582,P1,False,D,4,,0,317,
Nadia,517,Nadia-517,140,Market Building 140,344,316,1,661,47.81,101,15.3,336,146,2,535,P1,190,62.8,27.3,256,221,530,P1,False,D,4,,0,279,
Nadia,517,Nadia-517,141,Temple Hall 141,400,378,0,778,48.59,134,17.2,345,210,3,648,P1,135,53.2,32.4,464,120,649,P1,False,D,4,,0,328,
Nadia,517,Nadia-517,142,Panchayat Bhavan 142,398,394,0,792,49.75,138,17.4,380,235,7,683,P1,145,55.6,34.4,354,201,669,P1,False,D,4,,0,334,
Nadia,517,Nadia-517,143,High School 143,279,279,0,558,50.0,73,13.1,278,137,5,462,P1,141,60.2,29.7,293,113,451,P1,False,D,4,,0,235,
Nadia,517,Nadia-517,144,Community Hall 144,334,302,0,636,47.48,72,11.3,267,194,3,512,P1,73,52.1,37.9,257,133,517,P1,False,D,4,,0,268,
Nadia,517,Nadia-517,145,Market Building 145,386,376,0,762,49.34,97,12.7,313,173,12,590,P1,140,53.1,29.3,310,242,637,P1,False,D,4,,0,321,
Nadia,517,Nadia-517,146,Anganwadi Centre 146,351,326,1,678,48.08,127,18.7,190,167,23,554,P1,20,34.3,30.1,376,124,555,P1,False,D,4,,0,286,
Nadia,517,Nadia-517,147,Panchayat Bhavan 147,366,375,0,741,50.61,124,16.7,335,213,7,609,P1,122,55.0,35.0,294,153,566,P1,False,D,4,,0,312,
Nadia,517,Nadia-517,148,Anganwadi Centre 148,390,368,0,758,48.55,89,11.7,351,183,5,594,P1,168,59.1,30.8,341,187,586,P1,False,D,4,,0,319,
Nadia,517,Nadia-517,149,Temple Hall 149,297,294,0,591,49.75,114,19.3,292,151,4,493,P1,141,59.2,30.6,271,172,497,P1,False,D,4,,0,249,
Nadia,517,Nadia-517,150,Health Sub-Centre 150,384,362,1,747,48.46,116,15.5,293,204,9,579,P1,89,50.6,35.2,307,248,617,P1,False,D,4,,0,315,
Nadia,517,Nadia-517,151,Post Office 151,324,319,1,644,49.53,118,18.3,371,118,4,543,P1,253,68.3,21.7,301,165,518,P1,False,D,4,,0,271,
Nadia,517,Nadia-517,152,Anganwadi Centre 152,270,249,1,520,47.88,75,14.4,216,180,4,445,P1,36,48.5,40.4,255,152,453,P1,False,D,4,,0,219,
Nadia,517,Nadia-517,153,Madrasa 153,317,300,0,617,48.62,71,11.5,280,164,9,538,P1,116,52.0,30.5,305,149,505,P1,False,D,4,,0,260,
Nadia,517,Nadia-517,154,Health Sub-Centre 154,364,329,1,694,47.41,94,13.5,246,163,7,526,P1,83,46.8,31.0,314,165,536,P1,False,D,4,,0,292,
Nadia,517,Nadia-517,155,Temple Hall 155,361,368,0,729,50.48,133,18.2,336,166,4,605,P1,170,55.5,27.4,303,164,560,P1,False,D,4,,0,307,
Nadia,517,Nadia-517,156,Panchayat Bhavan 156,262,240,0,502,47.81,59,11.8,187,163,3,389,P1,24,48.1,41.9,175,127,403,P1,False,D,4,,0,212,
Nadia,517,Nadia-517,157,Club Building 157,348,346,0,694,49.86,76,11.0,323,158,7,565,P1,165,57.2,28.0,320,125,551,P1,False,D,4,,0,292,
Nadia,517,Nadia-517,158,Anganwadi Centre 158,257,255,1,513,49.71,97,18.9,235,124,5,423,P1,111,55.6,29.3,254,133,434,P1,False,D,4,,0,216,
Nadia,517,Nadia-517,159,Primary School 159,278,263,1,542,48.52,84,15.5,236,157,2,440,P1,79,53.6,35.7,207,124,413,P1,False,D,4,,0,228,
Nadia,517,Nadia-517,160,Club Building 160,340,324,0,664,48.8,80,12.0,375,84,3,510,P1,291,73.5,16.5,287,195,536,P1,False,D,4,,0,280,
Nadia,517,Nadia-517,161,Madrasa 161,396,404,1,801,50.44,102,12.7,390,179,4,633,P1,211,61.6,28.3,369,178,649,P1,False,D,4,,0,337,
