district,ac_code,ac_name,part_no,booth_name,male,female,third_gender,total,female_pct,adj_count,adj_pct,votes_P1_2021,votes_P2_2021,votes_P3_2021,total_votes_2021,winner_2021,margin_2021,P1_share_2021,P2_share_2021,votes_P1_2019,votes_P2_2019,total_votes_2019,winner_2019,flipped_19_21,booth_category,priority_score,worker_assigned,contact_count,votes_to_win_est,notes
North 24 Parganas,101,N24P-101,1,Health Sub-Centre 1,356,319,0,675,47.26,66,9.8,299,162,2,513,P1,137,58.3,31.6,325,144,521,P1,False,B,3,,0,284,
North 24 Parganas,101,N24P-101,2,Madrasa 2,419,392,1,812,48.28,68,8.4,444,187,6,701,P1,257,63.3,26.7,361,226,691,P1,False,B,3,,0,342,
North 24 Parganas,101,N24P-101,3,Temple Hall 3,329,320,0,649,49.31,52,8.0,320,184,3,560,P1,136,57.1,32.9,283,150,559,P1,False,B,3,,0,273,
North 24 Parganas,101,N24P-101,4,Health Sub-Centre 4,380,370,1,751,49.27,63,8.4,423,129,6,613,P1,294,69.0,21.0,304,204,626,P1,False,A,1,,0,316,
North 24 Parganas,101,N24P-101,5,Anganwadi Centre 5,368,370,1,739,50.07,58,7.8,419,151,5,634,P1,268,66.1,23.8,344,163,569,P1,False,A,1,,0,311,
North 24 Parganas,101,N24P-101,6,Market Building 6,384,390,0,774,50.39,63,8.1,284,163,12,615,P1,121,46.2,26.5,291,192,594,P1,False,B,3,,0,326,
North 24 Parganas,101,N24P-101,7,Madrasa 7,398,380,1,779,48.78,63,8.1,351,184,6,595,P1,167,59.0,30.9,279,190,598,P1,False,B,3,,0,328,
North 24 Parganas,101,N24P-101,8,Health Sub-Centre 8,286,291,0,577,50.43,69,12.0,312,141,2,504,P1,171,61.9,28.0,245,159,449,P1,False,D,4,,0,243,
North 24 Parganas,101,N24P-101,9,Health Sub-Centre 9,260,240,1,501,47.9,57,11.4,241,102,5,417,P1,139,57.8,24.5,238,99,386,P1,False,D,4,,0,211,
North 24 Parganas,101,N24P-101,10,Community Hall 10,361,343,1,705,48.65,61,8.7,239,139,16,590,P1,48,40.5,23.6,259,179,535,P1,False,B,3,,0,297,
North 24 Parganas,101,N24P-101,11,Market Building 11,317,293,0,610,48.03,62,10.2,275,140,8,498,P1,135,55.2,28.1,331,134,516,P1,False,D,4,,0,257,
North 24 Parganas,101,N24P-101,12,Market Building 12,348,356,1,705,50.5,55,7.8,399,86,3,539,P1,313,74.0,16.0,242,231,550,P1,False,A,1,,0,297,
North 24 Parganas,101,N24P-101,13,Health Sub-Centre 13,427,383,0,810,47.28,77,9.5,405,171,7,640,P1,234,63.3,26.7,438,188,695,P1,False,B,3,,0,341,
North 24 Parganas,101,N24P-101,14,Temple Hall 14,332,316,0,648,48.77,82,12.7,248,121,17,526,P1,113,47.1,23.0,373,132,562,P1,False,D,4,,0,273,
North 24 Parganas,101,N24P-101,15,Club Building 15,363,355,1,719,49.37,67,9.3,405,113,4,600,P1,292,67.5,18.8,316,188,566,P1,False,A,1,,0,303,
North 24 Parganas,101,N24P-101,16,Market Building 16,309,281,0,590,47.63,46,7.8,273,143,3,463,P1,130,59.0,30.9,262,168,478,P1,False,B,3,,0,248,
North 24 Parganas,101,N24P-101,17,Primary School 17,318,292,0,610,47.87,68,11.1,264,131,3,463,P1,133,57.0,28.3,256,148,502,P1,False,D,4,,0,257,
North 24 Parganas,101,N24P-101,18,Market Building 18,290,271,0,561,48.31,62,11.1,264,89,6,470,P1,157,56.2,18.9,267,125,436,P1,False,D,4,,0,236,
North 24 Parganas,101,N24P-101,19,Govt Office 19,370,358,1,729,49.11,69,9.5,332,198,6,591,P1,134,56.2,33.5,313,190,616,P1,False,B,3,,0,307,
North 24 Parganas,101,N24P-101,20,Madrasa 20,302,281,0,583,48.2,74,12.7,307,121,3,476,P1,186,64.5,25.4,292,138,478,P1,False,D,4,,0,245,
North 24 Parganas,101,N24P-101,21,High School 21,257,258,0,515,50.1,62,12.0,232,147,4,422,P1,85,55.0,34.8,288,116,449,P1,False,D,4,,0,217,
North 24 Parganas,101,N24P-101,22,Health Sub-Centre 22,356,342,0,698,49.0,54,7.7,265,196,5,579,P1,69,45.8,33.9,412,132,604,P1,False,B,3,,0,294,
North 24 Parganas,101,N24P-101,23,Primary School 23,406,385,0,791,48.67,96,12.1,347,188,4,651,P1,159,53.3,28.9,394,225,687,P1,False,D,4,,0,333,
North 24 Parganas,101,N24P-101,24,Madrasa 24,331,341,1,673,50.67,86,12.8,287,142,5,518,P1,145,55.4,27.4,342,141,536,P1,False,D,4,,0,283,
North 24 Parganas,101,N24P-101,25,Health Sub-Centre 25,365,372,1,738,50.41,78,10.6,337,179,4,574,P1,158,58.7,31.2,308,241,639,P1,False,D,4,,0,311,
North 24 Parganas,101,N24P-101,26,Temple Hall 26,282,279,0,561,49.73,66,11.8,252,132,2,427,P1,120,59.0,30.9,287,112,474,P1,False,D,4,,0,236,
North 24 Parganas,101,N24P-101,27,Health Sub-Centre 27,332,336,1,669,50.22,56,8.4,408,58,4,518,P1,350,78.8,11.2,286,179,517,P1,False,A,1,,0,282,
North 24 Parganas,101,N24P-101,28,Health Sub-Centre 28,273,273,0,546,50.0,61,11.2,292,97,2,432,P1,195,67.6,22.5,271,118,433,P1,False,D,4,,0,230,
North 24 Parganas,101,N24P-101,29,Market Building 29,336,312,0,648,48.15,48,7.4,326,139,3,532,P1,187,61.3,26.1,316,128,494,P1,False,B,3,,0,273,
North 24 Parganas,101,N24P-101,30,Market Building 30,422,394,1,817,48.23,104,12.7,387,225,3,681,P1,162,56.8,33.0,414,217,702,P1,False,D,4,,0,344,
North 24 Parganas,101,N24P-101,31,Anganwadi Centre 31,344,308,0,652,47.24,81,12.4,281,193,5,526,P1,88,53.4,36.7,305,147,502,P1,False,D,4,,0,274,
North 24 Parganas,101,N24P-101,32,Temple Hall 32,391,370,0,761,48.62,86,11.3,382,188,7,655,P1,194,58.3,28.7,299,133,619,P1,False,D,4,,0,320,
North 24 Parganas,101,N24P-101,33,Anganwadi Centre 33,312,296,1,609,48.6,47,7.7,287,143,4,478,P1,144,60.0,29.9,247,172,503,P1,False,B,3,,0,256,
North 24 Parganas,101,N24P-101,34,Community Hall 34,249,241,1,491,49.08,61,12.4,259,98,2,397,P1,161,65.2,24.7,253,107,400,P1,False,D,4,,0,207,
North 24 Parganas,101,N24P-101,35,Govt Office 35,402,388,0,790,49.11,64,8.1,323,160,15,636,P1,163,50.8,25.2,352,223,639,P1,False,B,3,,0,332,
North 24 Parganas,101,N24P-101,36,Panchayat Bhavan 36,395,393,1,789,49.81,67,8.5,415,123,5,598,P1,292,69.4,20.6,309,205,608,P1,False,A,1,,0,332,
North 24 Parganas,101,N24P-101,37,High School 37,288,285,0,573,49.74,58,10.1,275,145,6,491,P1,130,56.0,29.5,277,120,441,P1,False,D,4,,0,241,
North 24 Parganas,101,N24P-101,38,Primary School 38,331,325,0,656,49.54,63,9.6,288,201,6,544,P1,87,52.9,36.9,300,145,552,P1,False,B,3,,0,276,
North 24 Parganas,101,N24P-101,39,Anganwadi Centre 39,382,343,0,725,47.31,59,8.1,408,147,5,617,P1,261,66.1,23.8,310,180,596,P1,False,A,1,,0,305,
North 24 Parganas,101,N24P-101,40,Health Sub-Centre 40,249,251,1,501,50.1,51,10.2,206,122,6,417,P1,84,49.4,29.3,242,100,380,P1,False,D,4,,0,211,
North 24 Parganas,101,N24P-101,41,Madrasa 41,344,353,0,697,50.65,61,8.8,337,177,3,572,P1,160,58.9,30.9,334,192,585,P1,False,B,3,,0,293,
North 24 Parganas,101,N24P-101,42,Panchayat Bhavan 42,260,251,0,511,49.12,59,11.5,246,117,4,404,P1,129,60.9,29.0,211,144,396,P1,False,D,4,,0,215,
North 24 Parganas,101,N24P-101,43,Govt Office 43,310,311,0,621,50.08,60,9.7,330,108,4,487,P1,222,67.8,22.2,241,159,500,P1,False,A,1,,0,261,
North 24 Parganas,101,N24P-101,44,Madrasa 44,401,388,1,790,49.11,67,8.5,343,224,4,630,P1,119,54.4,35.6,372,149,682,P1,False,B,3,,0,332,
North 24 Parganas,101,N24P-101,45,Panchayat Bhavan 45,310,309,0,619,49.92,64,10.3,298,146,5,493,P1,152,60.4,29.6,270,163,525,P1,False,D,4,,0,260,
North 24 Parganas,101,N24P-101,46,Community Hall 46,373,361,0,734,49.18,72,9.8,366,201,5,630,P1,165,58.1,31.9,412,151,625,P1,False,B,3,,0,309,
North 24 Parganas,101,N24P-101,47,Govt Office 47,414,398,1,813,48.95,63,7.7,428,206,6,704,P1,222,60.8,29.3,496,117,681,P1,False,B,3,,0,342,
North 24 Parganas,101,N24P-101,48,Panchayat Bhavan 48,346,312,1,659,47.34,79,12.0,309,141,13,561,P1,168,55.1,25.1,279,132,533,P1,False,D,4,,0,277,
North 24 Parganas,101,N24P-101,49,Panchayat Bhavan 49,373,376,0,749,50.2,93,12.4,349,206,4,626,P1,143,55.8,32.9,345,201,620,P1,False,D,4,,0,315,
North 24 Parganas,101,N24P-101,50,Market Building 50,404,380,0,784,48.47,55,7.0,379,197,7,641,P1,182,59.1,30.7,359,177,598,P1,False,B,3,,0,330,
North 24 Parganas,101,N24P-101,51,Post Office 51,259,248,1,508,48.82,44,8.7,212,168,2,422,P1,44,50.2,39.8,288,99,430,P1,False,B,3,,0,214,
North 24 Parganas,101,N24P-101,52,Primary School 52,351,356,1,708,50.28,63,8.9,324,188,5,569,P1,136,56.9,33.0,306,148,568,P1,False,B,3,,0,298,
North 24 Parganas,101,N24P-101,53,Temple Hall 53,249,248,0,497,49.9,62,12.5,212,69,11,386,P1,122,54.9,17.9,272,103,417,P1,False,D,4,,0,209,
North 24 Parganas,101,N24P-101,54,Temple Hall 54,327,315,1,643,48.99,69,10.7,304,199,5,559,P1,105,54.4,35.6,282,133,506,P1,False,D,4,,0,271,
North 24 Parganas,101,N24P-101,55,Post Office 55,256,253,1,510,49.61,54,10.6,320,60,3,422,P1,260,75.8,14.2,311,66,419,P1,False,D,4,,0,215,
North 24 Parganas,101,N24P-101,56,High School 56,304,281,1,586,47.95,56,9.6,295,125,3,466,P1,170,63.3,26.8,208,139,483,P1,False,B,3,,0,247,
North 24 Parganas,101,N24P-101,57,Post Office 57,321,295,1,617,47.81,60,9.7,328,99,2,474,P1,229,69.2,20.9,324,107,481,P1,False,A,1,,0,260,
North 24 Parganas,101,N24P-101,58,High School 58,326,296,1,623,47.51,66,10.6,289,140,3,476,P1,149,60.7,29.4,308,141,499,P1,False,D,4,,0,262,
North 24 Parganas,101,N24P-101,59,Anganwadi Centre 59,352,350,0,702,49.86,53,7.5,321,162,6,537,P1,159,59.8,30.2,358,124,535,P1,False,B,3,,0,295,
North 24 Parganas,101,N24P-101,60,Market Building 60,328,313,0,641,48.83,77,12.0,274,183,6,538,P1,91,50.9,34.0,299,166,517,P1,False,D,4,,0,270,
North 24 Parganas,101,N24P-101,61,Temple Hall 61,316,304,0,620,49.03,80,12.9,310,116,6,474,P1,194,65.4,24.5,271,150,504,P1,False,D,4,,0,261,
North 24 Parganas,101,N24P-101,62,Community Hall 62,309,305,1,615,49.59,52,8.5,341,111,6,502,P1,230,67.9,22.1,254,179,485,P1,False,A,1,,0,259,
North 24 Parganas,101,N24P-101,63,Health Sub-Centre 63,390,368,1,759,48.48,66,8.7,282,149,19,617,P1,121,45.7,24.1,352,171,581,P1,False,B,3,,0,319,
North 24 Parganas,101,N24P-101,64,Temple Hall 64,282,279,1,562,49.64,40,7.1,272,122,2,438,P1,150,62.1,27.9,257,138,476,P1,False,B,3,,0,237,
North 24 Parganas,101,N24P-101,65,Club Building 65,375,358,0,733,48.84,82,11.2,341,148,10,634,P1,193,53.8,23.3,302,198,556,P1,False,D,4,,0,308,
North 24 Parganas,101,N24P-101,66,Primary School 66,266,247,1,514,48.05,61,11.9,245,95,10,442,P1,150,55.4,21.5,186,162,412,P1,False,D,4,,0,216,
North 24 Parganas,101,N24P-101,67,High School 67,264,255,1,520,49.04,65,12.5,238,124,3,402,P1,114,59.2,30.8,231,119,404,P1,False,D,4,,0,219,
North 24 Parganas,101,N24P-101,68,Temple Hall 68,403,381,0,784,48.6,92,11.7,361,184,2,605,P1,177,59.7,30.4,427,154,646,P1,False,D,4,,0,330,
North 24 Parganas,101,N24P-101,69,Madrasa 69,268,242,0,510,47.45,63,12.4,235,130,3,431,P1,105,54.5,30.2,288,104,435,P1,False,D,4,,0,215,
North 24 Parganas,101,N24P-101,70,Market Building 70,348,343,0,691,49.64,66,9.6,344,134,3,531,P1,210,64.8,25.2,345,193,597,P1,False,B,3,,0,291,
North 24 Parganas,101,N24P-101,71,Govt Office 71,320,327,1,648,50.46,72,11.1,293,153,5,495,P1,140,59.2,30.9,358,128,540,P1,False,D,4,,0,273,
North 24 Parganas,101,N24P-101,72,Post Office 72,360,347,1,708,49.01,55,7.8,320,57,20,571,P1,152,56.0,10.0,284,200,549,P1,False,B,3,,0,298,
North 24 Parganas,101,N24P-101,73,Primary School 73,372,352,1,725,48.55,55,7.6,379,178,5,619,P1,201,61.2,28.8,296,213,565,P1,False,B,3,,0,305,
North 24 Parganas,101,N24P-101,74,High School 74,284,263,1,548,47.99,65,11.9,265,125,2,434,P1,140,61.1,28.8,220,177,441,P1,False,D,4,,0,231,
North 24 Parganas,101,N24P-101,75,Post Office 75,322,302,0,624,48.4,72,11.5,223,233,7,539,P2,10,41.4,43.2,286,166,502,P1,True,D,4,,0,263,
North 24 Parganas,101,N24P-101,76,Govt Office 76,312,307,0,619,49.6,46,7.4,284,151,3,483,P1,133,58.8,31.3,313,142,538,P1,False,B,3,,0,260,
North 24 Parganas,101,N24P-101,77,Club Building 77,380,372,0,752,49.47,69,9.2,327,144,8,589,P1,183,55.5,24.4,308,231,651,P1,False,B,3,,0,316,
North 24 Parganas,101,N24P-101,78,Madrasa 78,330,331,1,662,50.0,82,12.4,365,153,4,576,P1,212,63.4,26.6,211,141,520,P1,False,D,4,,0,279,
North 24 Parganas,101,N24P-101,79,Post Office 79,289,282,1,572,49.3,67,11.7,279,143,5,476,P1,136,58.6,30.0,241,152,474,P1,False,D,4,,0,241,
North 24 Parganas,101,N24P-101,80,Madrasa 80,341,323,1,665,48.57,74,11.1,310,185,6,550,P1,125,56.4,33.6,402,114,574,P1,False,D,4,,0,280,
North 24 Parganas,101,N24P-101,81,Primary School 81,313,294,1,608,48.36,51,8.4,345,96,2,490,P1,249,70.4,19.6,320,154,527,P1,False,A,1,,0,256,
North 24 Parganas,101,N24P-101,82,Anganwadi Centre 82,299,300,0,599,50.08,42,7.0,277,156,5,481,P1,121,57.6,32.4,254,175,513,P1,False,B,3,,0,252,
North 24 Parganas,101,N24P-101,83,Madrasa 83,364,344,1,709,48.52,59,8.3,324,174,5,553,P1,150,58.6,31.5,237,187,558,P1,False,B,3,,0,298,
North 24 Parganas,101,N24P-101,84,Market Building 84,308,292,1,601,48.59,74,12.3,286,139,10,522,P1,147,54.8,26.6,309,109,465,P1,False,D,4,,0,253,
North 24 Parganas,101,N24P-101,85,Anganwadi Centre 85,295,271,0,566,47.88,44,7.8,308,134,3,492,P1,174,62.6,27.2,281,157,486,P1,False,B,3,,0,238,
North 24 Parganas,101,N24P-101,86,Community Hall 86,314,299,1,614,48.7,56,9.1,280,138,4,465,P1,142,60.2,29.7,297,183,534,P1,False,B,3,,0,258,
North 24 Parganas,101,N24P-101,87,Madrasa 87,312,300,1,613,48.94,77,12.6,265,127,9,486,P1,138,54.5,26.1,308,134,491,P1,False,D,4,,0,258,
North 24 Parganas,101,N24P-101,88,Anganwadi Centre 88,366,372,0,738,50.41,71,9.6,308,182,11,587,P1,126,52.5,31.0,416,160,640,P1,False,B,3,,0,311,
North 24 Parganas,101,N24P-101,89,High School 89,403,415,0,818,50.73,64,7.8,421,136,4,619,P1,285,68.0,22.0,408,172,692,P1,False,A,1,,0,344,
North 24 Parganas,101,N24P-101,90,Club Building 90,384,382,1,767,49.8,55,7.2,314,221,8,618,P1,93,50.8,35.8,348,186,593,P1,False,B,3,,0,323,
North 24 Parganas,101,N24P-101,91,Primary School 91,411,378,1,790,47.85,77,9.7,367,200,3,630,P1,167,58.3,31.7,282,182,607,P1,False,B,3,,0,332,
North 24 Parganas,101,N24P-101,92,Temple Hall 92,307,311,1,619,50.24,59,9.5,313,137,2,500,P1,176,62.6,27.4,298,103,477,P1,False,B,3,,0,260,
North 24 Parganas,101,N24P-101,93,High School 93,275,279,1,555,50.27,47,8.5,318,83,2,446,P1,235,71.3,18.6,271,133,449,P1,False,A,1,,0,234,
North 24 Parganas,101,N24P-101,94,Community Hall 94,330,330,0,660,50.0,85,12.9,356,131,2,541,P1,225,65.8,24.2,314,135,536,P1,False,D,4,,0,278,
North 24 Parganas,101,N24P-101,95,Panchayat Bhavan 95,400,412,1,813,50.68,78,9.6,440,144,5,649,P1,296,67.8,22.2,408,193,673,P1,False,A,1,,0,342,
North 24 Parganas,101,N24P-101,96,Temple Hall 96,256,235,1,492,47.76,52,10.6,232,125,3,401,P1,107,57.9,31.2,232,154,429,P1,False,D,4,,0,207,
North 24 Parganas,101,N24P-101,97,Community Hall 97,305,296,1,602,49.17,67,11.1,269,143,4,465,P1,126,57.8,30.8,229,175,504,P1,False,D,4,,0,253,
North 24 Parganas,101,N24P-101,98,Govt Office 98,284,286,0,570,50.18,49,8.6,253,144,2,457,P1,109,55.4,31.5,241,149,433,P1,False,B,3,,0,240,
North 24 Parganas,101,N24P-101,99,Health Sub-Centre 99,393,401,1,795,50.44,80,10.1,335,158,14,688,P1,161,48.7,23.0,419,167,651,P1,False,D,4,,0,335,
North 24 Parganas,101,N24P-101,100,Health Sub-Centre 100,249,233,1,483,48.24,46,9.5,196,114,4,367,P1,82,53.4,31.1,273,84,397,P1,False,B,3,,0,203,
North 24 Parganas,101,N24P-101,101,Health Sub-Centre 101,385,363,0,748,48.53,53,7.1,364,213,5,642,P1,151,56.7,33.2,348,214,624,P1,False,B,3,,0,315,
North 24 Parganas,101,N24P-101,102,Market Building 102,364,346,1,711,48.66,52,7.3,348,173,6,579,P1,175,60.1,29.9,313,190,559,P1,False,B,3,,0,299,
North 24 Parganas,101,N24P-101,103,Post Office 103,289,279,1,569,49.03,51,9.0,287,132,4,466,P1,155,61.6,28.3,289,145,482,P1,False,B,3,,0,239,
North 24 Parganas,101,N24P-101,104,Post Office 104,375,342,1,718,47.63,54,7.5,265,195,7,572,P1,70,46.3,34.1,281,216,559,P1,False,B,3,,0,302,
North 24 Parganas,101,N24P-101,105,Health Sub-Centre 105,388,372,1,761,48.88,77,10.1,360,143,7,609,P1,217,59.1,23.5,284,123,584,P1,False,D,4,,0,320,
North 24 Parganas,101,N24P-101,106,High School 106,269,253,1,523,48.37,53,10.1,214,148,8,439,P1,66,48.7,33.7,264,116,424,P1,False,D,4,,0,220,
North 24 Parganas,101,N24P-101,107,Panchayat Bhavan 107,357,328,1,686,47.81,49,7.1,321,134,12,560,P1,187,57.3,23.9,250,163,548,P1,False,B,3,,0,289,
North 24 Parganas,101,N24P-101,108,Panchayat Bhavan 108,333,340,0,673,50.52,72,10.7,285,127,9,526,P1,158,54.2,24.1,371,118,543,P1,False,D,4,,0,283,
North 24 Parganas,101,N24P-101,109,High School 109,376,374,0,750,49.87,71,9.5,353,205,5,648,P1,148,54.5,31.6,387,141,616,P1,False,B,3,,0,316,
North 24 Parganas,101,N24P-101,110,High School 110,332,297,0,629,47.22,67,10.7,332,101,4,524,P1,231,63.4,19.3,304,132,484,P1,False,D,4,,0,265,
North 24 Parganas,101,N24P-101,111,Club Building 111,388,383,0,771,49.68,80,10.4,243,144,19,605,P1,50,40.2,23.8,389,135,583,P1,False,D,4,,0,324,
North 24 Parganas,101,N24P-101,112,Club Building 112,358,339,0,697,48.64,55,7.9,350,131,4,538,P1,219,65.1,24.3,279,181,590,P1,False,A,1,,0,293,
North 24 Parganas,101,N24P-101,113,Anganwadi Centre 113,292,273,1,566,48.23,64,11.3,340,104,4,493,P1,236,69.0,21.1,263,126,491,P1,False,D,4,,0,238,
North 24 Parganas,101,N24P-101,114,Post Office 114,385,373,1,759,49.14,57,7.5,313,219,5,652,P1,94,48.0,33.6,351,197,609,P1,False,B,3,,0,319,
North 24 Parganas,101,N24P-101,115,Health Sub-Centre 115,355,326,0,681,47.87,80,11.7,398,117,6,572,P1,281,69.6,20.5,361,132,547,P1,False,D,4,,0,287,
North 24 Parganas,101,N24P-101,116,Anganwadi Centre 116,286,263,1,550,47.82,61,11.1,270,147,3,463,P1,123,58.3,31.7,278,109,461,P1,False,D,4,,0,231,
North 24 Parganas,101,N24P-101,117,Community Hall 117,405,397,0,802,49.5,72,9.0,410,197,5,674,P1,213,60.8,29.2,394,211,672,P1,False,B,3,,0,338,
North 24 Parganas,101,N24P-101,118,Post Office 118,375,356,1,732,48.63,55,7.5,313,111,6,555,P1,193,56.4,20.0,361,193,616,P1,False,B,3,,0,308,
North 24 Parganas,101,N24P-101,119,High School 119,246,254,1,501,50.7,49,9.8,276,102,2,419,P1,174,65.9,24.3,224,123,385,P1,False,A,1,,0,211,
North 24 Parganas,101,N24P-101,120,Market Building 120,338,342,0,680,50.29,60,8.8,333,132,4,536,P1,201,62.1,24.6,353,149,558,P1,False,B,3,,0,286,
North 24 Parganas,101,N24P-101,121,Post Office 121,313,303,1,617,49.11,55,8.9,255,205,4,523,P1,50,48.8,39.2,271,174,495,P1,False,B,3,,0,260,
North 24 Parganas,101,N24P-101,122,Health Sub-Centre 122,413,378,1,792,47.73,69,8.7,404,171,3,638,P1,233,63.3,26.8,310,175,623,P1,False,B,3,,0,333,
North 24 Parganas,101,N24P-101,123,Madrasa 123,337,332,0,669,49.63,65,9.7,334,151,5,539,P1,183,62.0,28.0,310,142,507,P1,False,B,3,,0,282,
North 24 Parganas,101,N24P-101,124,Primary School 124,282,275,0,557,49.37,70,12.6,268,145,6,475,P1,123,56.4,30.5,144,122,433,P4,True,D,4,,0,234,
North 24 Parganas,101,N24P-101,125,Panchayat Bhavan 125,415,382,0,797,47.93,68,8.5,458,166,3,694,P1,292,66.0,23.9,384,174,673,P1,False,A,1,,0,335,
North 24 Parganas,101,N24P-101,126,Community Hall 126,366,339,1,706,48.02,90,12.7,318,171,4,543,P1,147,58.6,31.5,285,129,539,P1,False,D,4,,0,297,
North 24 Parganas,101,N24P-101,127,High School 127,267,277,1,545,50.83,59,10.8,234,131,9,454,P1,103,51.5,28.9,255,148,447,P1,False,D,4,,0,229,
North 24 Parganas,101,N24P-101,128,Health Sub-Centre 128,263,249,1,513,48.54,56,10.9,223,155,2,420,P1,68,53.1,36.9,237,116,429,P1,False,D,4,,0,216,
North 24 Parganas,101,N24P-101,129,Health Sub-Centre 129,286,289,0,575,50.26,55,9.6,294,102,4,440,P1,192,66.8,23.2,269,86,436,P1,False,A,1,,0,242,
North 24 Parganas,101,N24P-101,130,High School 130,267,269,1,537,50.09,63,11.7,238,129,5,407,P1,109,58.5,31.7,297,94,434,P1,False,D,4,,0,226,
North 24 Parganas,101,N24P-101,131,Post Office 131,371,336,0,707,47.52,72,10.2,342,161,7,562,P1,181,60.9,28.6,371,133,560,P1,False,D,4,,0,298,
North 24 Parganas,101,N24P-101,132,Market Building 132,252,240,1,493,48.68,64,13.0,236,138,4,420,P1,98,56.2,32.9,270,81,405,P1,False,D,4,,0,207,
North 24 Parganas,101,N24P-101,133,High School 133,344,354,0,698,50.72,57,8.2,299,157,8,592,P1,142,50.5,26.5,326,157,537,P1,False,B,3,,0,294,
North 24 Parganas,101,N24P-101,134,Community Hall 134,307,279,1,587,47.53,54,9.2,292,110,5,447,P1,182,65.3,24.6,290,135,485,P1,False,A,1,,0,247,
North 24 Parganas,101,N24P-101,135,Panchayat Bhavan 135,332,308,0,640,48.12,80,12.5,284,158,5,505,P1,126,56.2,31.3,269,148,543,P1,False,D,4,,0,269,
North 24 Parganas,101,N24P-101,136,Madrasa 136,339,345,0,684,50.44,76,11.1,368,155,8,590,P1,213,62.4,26.3,293,174,519,P1,False,D,4,,0,288,
North 24 Parganas,101,N24P-101,137,Madrasa 137,318,327,0,645,50.7,79,12.2,342,135,2,529,P1,207,64.7,25.5,321,151,524,P1,False,D,4,,0,271,
North 24 Parganas,101,N24P-101,138,Temple Hall 138,314,291,0,605,48.1,72,11.9,233,142,10,487,P1,91,47.8,29.2,241,221,513,P1,False,D,4,,0,255,
North 24 Parganas,101,N24P-101,139,Madrasa 139,277,248,0,525,47.24,40,7.6,145,111,14,405,P1,14,35.8,27.4,279,133,458,P1,False,B,3,,0,221,
North 24 Parganas,101,N24P-101,140,Madrasa 140,317,315,1,633,49.76,82,13.0,238,173,15,547,P1,65,43.5,31.6,289,146,517,P1,False,D,4,,0,266,
North 24 Parganas,101,N24P-101,141,Anganwadi Centre 141,412,372,1,785,47.39,55,7.0,401,164,6,628,P1,237,63.9,26.1,251,197,612,P1,False,B,3,,0,330,
North 24 Parganas,101,N24P-101,142,High School 142,362,347,0,709,48.94,51,7.2,396,121,3,574,P1,275,69.0,21.1,335,217,613,P1,False,A,1,,0,298,
North 24 Parganas,101,N24P-101,143,Health Sub-Centre 143,382,342,1,725,47.17,73,10.1,401,154,5,625,P1,247,64.2,24.6,378,151,587,P1,False,D,4,,0,305,
North 24 Parganas,101,N24P-101,144,Health Sub-Centre 144,409,406,1,816,49.75,62,7.6,429,144,7,636,P1,285,67.5,22.6,364,192,618,P1,False,A,1,,0,343,
North 24 Parganas,101,N24P-101,145,Community Hall 145,302,278,0,580,47.93,71,12.2,274,141,5,461,P1,133,59.4,30.6,351,82,481,P1,False,D,4,,0,244,
North 24 Parganas,101,N24P-101,146,Club Building 146,304,285,1,590,48.31,69,11.7,248,161,8,485,P1,87,51.1,33.2,282,165,496,P1,False,D,4,,0,248,
North 24 Parganas,101,N24P-101,147,Anganwadi Centre 147,288,289,1,578,50.0,63,10.9,299,102,5,446,P1,197,67.0,22.9,313,89,447,P1,False,D,4,,0,243,
North 24 Parganas,101,N24P-101,148,Club Building 148,377,364,0,741,49.12,90,12.1,319,190,7,592,P1,129,53.9,32.1,397,177,647,P1,False,D,4,,0,312,
North 24 Parganas,101,N24P-101,149,Market Building 149,376,359,1,736,48.78,79,10.7,337,192,9,613,P1,145,55.0,31.3,335,186,579,P1,False,D,4,,0,310,
North 24 Parganas,101,N24P-101,150,Temple Hall 150,311,321,1,633,50.71,46,7.3,274,185,3,510,P1,89,53.7,36.3,250,127,531,P1,False,B,3,,0,266,
North 24 Parganas,101,N24P-101,151,Primary School 151,316,322,0,638,50.47,75,11.8,339,148,5,541,P1,191,62.7,27.4,291,186,533,P1,False,D,4,,0,268,
North 24 Parganas,101,N24P-101,152,Govt Office 152,420,398,0,818,48.66,57,7.0,319,236,13,711,P1,83,44.9,33.2,293,212,682,P1,False,B,3,,0,344,
North 24 Parganas,101,N24P-101,153,Anganwadi Centre 153,343,348,0,691,50.36,59,8.5,308,156,6,541,P1,152,56.9,28.8,338,140,531,P1,False,B,3,,0,291,
North 24 Parganas,101,N24P-101,154,Temple Hall 154,277,273,1,551,49.55,54,9.8,291,133,4,472,P1,158,61.7,28.2,224,151,473,P1,False,B,3,,0,232,
North 24 Parganas,101,N24P-101,155,Govt Office 155,253,237,1,491,48.27,44,9.0,261,74,4,372,P1,187,70.2,19.9,230,120,412,P1,False,A,1,,0,207,
North 24 Parganas,101,N24P-101,156,High School 156,402,393,0,795,49.43,97,12.2,325,195,11,655,P1,130,49.6,29.8,366,194,680,P1,False,D,4,,0,335,
North 24 Parganas,101,N24P-101,157,Community Hall 157,266,259,0,525,49.33,45,8.6,311,79,3,433,P1,232,71.8,18.2,265,142,452,P1,False,A,1,,0,221,
North 24 Parganas,101,N24P-101,158,Market Building 158,367,341,0,708,48.16,62,8.8,269,114,12,556,P1,113,48.4,20.5,368,139,563,P1,False,B,3,,0,298,
North 24 Parganas,101,N24P-101,159,Anganwadi Centre 159,413,388,1,802,48.38,82,10.2,354,184,6,670,P1,170,52.8,27.5,336,148,656,P1,False,D,4,,0,338,
North 24 Parganas,101,N24P-101,160,Primary School 160,418,401,0,819,48.96,89,10.9,428,206,8,705,P1,222,60.7,29.2,338,238,660,P1,False,D,4,,0,345,
North 24 Parganas,101,N24P-101,161,Health Sub-Centre 161,393,381,0,774,49.22,92,11.9,349,202,4,613,P1,147,56.9,33.0,447,98,606,P1,False,D,4,,0,326,
North 24 Parganas,101,N24P-101,162,High School 162,379,346,0,725,47.72,69,9.5,348,204,9,627,P1,144,55.5,32.5,389,160,610,P1,False,B,3,,0,305,
North 24 Parganas,101,N24P-101,163,Health Sub-Centre 163,272,278,0,550,50.55,42,7.6,249,163,3,457,P1,86,54.5,35.7,249,114,421,P1,False,B,3,,0,231,
North 24 Parganas,101,N24P-101,164,Anganwadi Centre 164,280,277,0,557,49.73,66,11.8,225,101,11,466,P1,101,48.3,21.7,275,115,434,P1,False,D,4,,0,234,
North 24 Parganas,101,N24P-101,165,High School 165,390,395,0,785,50.32,86,11.0,317,204,15,671,P1,113,47.2,30.4,462,134,663,P1,False,D,4,,0,330,
North 24 Parganas,101,N24P-101,166,Anganwadi Centre 166,330,337,1,668,50.45,79,11.8,399,84,6,536,P1,315,74.4,15.7,313,199,568,P1,False,D,4,,0,281,
North 24 Parganas,101,N24P-101,167,Club Building 167,324,333,1,658,50.61,73,11.1,401,108,3,565,P1,293,71.0,19.1,372,84,507,P1,False,D,4,,0,277,
North 24 Parganas,101,N24P-101,168,Temple Hall 168,266,254,0,520,48.85,36,6.9,247,108,4,395,P1,139,62.5,27.3,293,102,439,P1,False,B,3,,0,219,
North 24 Parganas,101,N24P-101,169,Panchayat Bhavan 169,395,406,0,801,50.69,99,12.4,455,152,8,674,P1,303,67.5,22.6,365,117,676,P1,False,D,4,,0,337,
North 24 Parganas,101,N24P-101,170,Primary School 170,258,241,0,499,48.3,51,10.2,224,128,4,409,P1,96,54.8,31.3,260,121,423,P1,False,D,4,,0,210,
North 24 Parganas,101,N24P-101,171,Club Building 171,325,321,1,647,49.61,46,7.1,283,134,6,525,P1,149,53.9,25.5,336,153,559,P1,False,B,3,,0,272,
North 24 Parganas,101,N24P-101,172,High School 172,393,353,0,746,47.32,81,10.9,303,153,18,612,P1,150,49.5,25.0,345,156,578,P1,False,D,4,,0,314,
North 24 Parganas,101,N24P-101,173,Club Building 173,323,297,0,620,47.9,72,11.6,252,183,5,485,P1,69,52.0,37.7,236,155,484,P1,False,D,4,,0,261,
North 24 Parganas,101,N24P-101,174,Community Hall 174,237,242,1,480,50.42,51,10.6,208,144,3,396,P1,64,52.5,36.4,187,115,375,P1,False,D,4,,0,202,
North 24 Parganas,101,N24P-101,175,High School 175,302,278,0,580,47.93,74,12.8,290,131,6,480,P1,159,60.4,27.3,286,111,477,P1,False,D,4,,0,244,
North 24 Parganas,101,N24P-101,176,Anganwadi Centre 176,339,316,1,656,48.17,65,9.9,280,206,3,540,P1,74,51.9,38.1,325,149,527,P1,False,B,3,,0,276,
North 24 Parganas,101,N24P-101,177,Anganwadi Centre 177,403,400,0,803,49.81,94,11.7,394,189,4,647,P1,205,60.9,29.2,365,209,638,P1,False,D,4,,0,338,
North 24 Parganas,101,N24P-101,178,Anganwadi Centre 178,260,260,1,521,49.9,54,10.4,234,136,2,411,P1,98,56.9,33.1,243,113,395,P1,False,D,4,,0,219,
North 24 Parganas,101,N24P-101,179,Anganwadi Centre 179,271,264,0,535,49.35,64,12.0,210,118,8,442,P1,92,47.5,26.7,243,150,436,P1,False,D,4,,0,225,
North 24 Parganas,101,N24P-101,180,High School 180,266,247,1,514,48.05,58,11.3,243,112,8,429,P1,131,56.6,26.1,204,105,393,P1,False,D,4,,0,216,
North 24 Parganas,101,N24P-101,181,Temple Hall 181,368,361,1,730,49.45,62,8.5,355,217,3,636,P1,138,55.8,34.1,258,155,570,P1,False,B,3,,0,307,
North 24 Parganas,101,N24P-101,182,Anganwadi Centre 182,403,367,1,771,47.6,56,7.3,404,175,6,643,P1,229,62.8,27.2,384,162,669,P1,False,B,3,,0,324,
North 24 Parganas,101,N24P-101,183,Club Building 183,322,312,0,634,49.21,81,12.8,342,107,4,499,P1,235,68.5,21.4,257,197,504,P1,False,D,4,,0,267,
North 24 Parganas,101,N24P-101,184,High School 184,244,248,0,492,50.41,57,11.6,266,116,1,424,P1,150,62.7,27.4,273,104,419,P1,False,D,4,,0,207,
North 24 Parganas,101,N24P-101,185,High School 185,346,349,0,695,50.22,70,10.1,371,118,4,543,P1,253,68.3,21.7,346,190,595,P1,False,D,4,,0,292,
North 24 Parganas,102,N24P-102,1,Temple Hall 1,324,330,0,654,50.46,31,4.7,336,140,3,529,P1,196,63.5,26.5,338,155,548,P1,False,B,3,,0,275,
North 24 Parganas,102,N24P-102,2,Community Hall 2,364,328,1,693,47.33,25,3.6,308,162,12,591,P1,146,52.1,27.4,340,175,602,P1,False,B,3,,0,292,
North 24 Parganas,102,N24P-102,3,Market Building 3,296,290,1,587,49.4,30,5.1,310,129,4,488,P1,181,63.5,26.4,289,145,483,P1,False,B,3,,0,247,
North 24 Parganas,102,N24P-102,4,Panchayat Bhavan 4,292,287,1,580,49.48,21,3.6,340,107,3,497,P1,233,68.4,21.5,267,119,445,P1,False,A,1,,0,244,
North 24 Parganas,102,N24P-102,5,Primary School 5,285,258,1,544,47.43,19,3.5,286,130,4,463,P1,156,61.8,28.1,276,117,474,P1,False,B,3,,0,229,
North 24 Parganas,102,N24P-102,6,Panchayat Bhavan 6,276,262,1,539,48.61,19,3.5,296,84,1,423,P1,212,70.0,19.9,289,115,449,P1,False,A,1,,0,227,
North 24 Parganas,102,N24P-102,7,Madrasa 7,395,407,0,802,50.75,32,4.0,400,183,7,648,P1,217,61.7,28.2,319,248,661,P1,False,B,3,,0,338,
North 24 Parganas,102,N24P-102,8,Club Building 8,308,283,1,592,47.8,23,3.9,261,118,6,456,P1,143,57.2,25.9,339,99,486,P1,False,B,3,,0,249,
North 24 Parganas,102,N24P-102,9,Community Hall 9,281,287,0,568,50.53,23,4.0,264,114,9,462,P1,150,57.1,24.7,206,225,490,P2,True,B,3,,0,239,
North 24 Parganas,102,N24P-102,10,Club Building 10,399,385,1,785,49.04,33,4.2,409,198,2,675,P1,211,60.6,29.3,373,190,642,P1,False,B,3,,0,330,
North 24 Parganas,102,N24P-102,11,Madrasa 11,315,305,1,621,49.11,26,4.2,322,132,4,505,P1,190,63.8,26.1,289,144,485,P1,False,B,3,,0,261,
North 24 Parganas,102,N24P-102,12,Market Building 12,326,336,0,662,50.76,21,3.2,378,109,3,542,P1,269,69.7,20.1,353,116,553,P1,False,A,1,,0,279,
North 24 Parganas,102,N24P-102,13,Govt Office 13,349,338,0,687,49.2,20,2.9,324,150,7,548,P1,174,59.1,27.4,305,173,563,P1,False,B,3,,0,289,
North 24 Parganas,102,N24P-102,14,Market Building 14,328,295,1,624,47.28,22,3.5,273,155,4,525,P1,118,52.0,29.5,317,130,496,P1,False,B,3,,0,263,
North 24 Parganas,102,N24P-102,15,High School 15,355,354,1,710,49.86,34,4.8,344,114,7,559,P1,230,61.5,20.4,316,208,611,P1,False,B,3,,0,299,
North 24 Parganas,102,N24P-102,16,Madrasa 16,258,263,0,521,50.48,17,3.3,281,125,3,451,P1,156,62.3,27.7,231,134,406,P1,False,B,3,,0,219,
North 24 Parganas,102,N24P-102,17,Panchayat Bhavan 17,295,286,0,581,49.23,28,4.8,239,152,8,497,P1,87,48.1,30.6,242,156,496,P1,False,B,3,,0,245,
North 24 Parganas,102,N24P-102,18,Temple Hall 18,375,367,0,742,49.46,25,3.4,312,189,5,633,P1,123,49.3,29.9,421,149,634,P1,False,B,3,,0,312,
North 24 Parganas,102,N24P-102,19,Post Office 19,339,342,1,682,50.15,27,4.0,268,135,8,567,P1,117,47.3,23.8,270,155,532,P1,False,B,3,,0,287,
North 24 Parganas,102,N24P-102,20,Govt Office 20,354,350,1,705,49.65,35,5.0,321,179,4,556,P1,142,57.7,32.2,294,174,570,P1,False,B,3,,0,297,
North 24 Parganas,102,N24P-102,21,Market Building 21,254,262,1,517,50.68,26,5.0,269,127,4,440,P1,142,61.1,28.9,253,126,421,P1,False,B,3,,0,218,
North 24 Parganas,102,N24P-102,22,Health Sub-Centre 22,366,371,1,738,50.27,23,3.1,333,140,9,601,P1,193,55.4,23.3,359,151,633,P1,False,B,3,,0,311,
North 24 Parganas,102,N24P-102,23,Anganwadi Centre 23,260,241,0,501,48.1,18,3.6,207,148,4,400,P1,59,51.7,37.0,237,54,418,P1,False,B,3,,0,211,
North 24 Parganas,102,N24P-102,24,Primary School 24,320,293,0,613,47.8,25,4.1,230,173,5,464,P1,57,49.6,37.3,328,147,527,P1,False,B,3,,0,258,
North 24 Parganas,102,N24P-102,25,Madrasa 25,374,369,0,743,49.66,31,4.2,425,145,5,633,P1,280,67.1,22.9,320,205,641,P1,False,A,1,,0,313,
North 24 Parganas,102,N24P-102,26,Post Office 26,376,379,1,756,50.13,35,4.6,282,176,12,590,P1,106,47.8,29.8,332,221,652,P1,False,B,3,,0,318,
North 24 Parganas,102,N24P-102,27,Panchayat Bhavan 27,371,372,0,743,50.07,22,3.0,416,100,4,574,P1,316,72.5,17.4,312,199,584,P1,False,A,1,,0,313,
North 24 Parganas,102,N24P-102,28,Post Office 28,381,342,1,724,47.24,22,3.0,404,152,5,619,P1,252,65.3,24.6,346,169,573,P1,False,A,1,,0,305,
North 24 Parganas,102,N24P-102,29,Primary School 29,293,292,0,585,49.91,26,4.4,217,120,12,449,P1,97,48.3,26.7,258,129,479,P1,False,B,3,,0,246,
North 24 Parganas,102,N24P-102,30,Anganwadi Centre 30,328,339,1,668,50.75,20,3.0,374,127,5,556,P1,247,67.3,22.8,372,128,556,P1,False,A,1,,0,281,
North 24 Parganas,102,N24P-102,31,Panchayat Bhavan 31,406,401,1,808,49.63,38,4.7,471,151,3,691,P1,320,68.2,21.9,310,250,622,P1,False,A,1,,0,340,
North 24 Parganas,102,N24P-102,32,Health Sub-Centre 32,260,250,1,511,48.92,23,4.5,316,66,2,425,P1,250,74.4,15.5,238,126,424,P1,False,A,1,,0,215,
North 24 Parganas,102,N24P-102,33,Primary School 33,258,260,1,519,50.1,15,2.9,293,100,3,436,P1,193,67.2,22.9,231,126,411,P1,False,A,1,,0,218,
North 24 Parganas,102,N24P-102,34,Community Hall 34,404,379,0,783,48.4,38,4.9,329,228,6,640,P1,101,51.4,35.6,349,215,658,P1,False,B,3,,0,330,
North 24 Parganas,102,N24P-102,35,Health Sub-Centre 35,252,235,0,487,48.25,15,3.1,212,135,4,386,P1,77,54.9,35.0,246,95,379,P1,False,B,3,,0,205,
North 24 Parganas,102,N24P-102,36,High School 36,275,255,1,531,48.02,26,4.9,223,153,2,428,P1,70,52.1,35.7,262,146,454,P1,False,B,3,,0,223,
North 24 Parganas,102,N24P-102,37,Primary School 37,364,369,0,733,50.34,37,5.0,352,183,8,621,P1,169,56.7,29.5,284,139,582,P1,False,B,3,,0,308,
North 24 Parganas,102,N24P-102,38,Community Hall 38,315,305,1,621,49.11,23,3.7,305,156,5,512,P1,149,59.6,30.5,301,129,483,P1,False,B,3,,0,261,
North 24 Parganas,102,N24P-102,39,Market Building 39,428,388,0,816,47.55,36,4.4,414,198,4,680,P1,216,60.9,29.1,411,180,656,P1,False,B,3,,0,343,
North 24 Parganas,102,N24P-102,40,Primary School 40,291,287,0,578,49.65,28,4.8,283,131,2,463,P1,152,61.1,28.3,240,181,482,P1,False,B,3,,0,243,
North 24 Parganas,102,N24P-102,41,Govt Office 41,402,375,1,778,48.2,39,5.0,335,154,16,631,P1,181,53.1,24.4,298,146,589,P1,False,B,3,,0,327,
North 24 Parganas,102,N24P-102,42,Temple Hall 42,331,311,0,642,48.44,21,3.3,284,169,3,514,P1,115,55.3,32.9,323,142,530,P1,False,B,3,,0,270,
North 24 Parganas,102,N24P-102,43,Madrasa 43,396,375,1,772,48.58,39,5.1,348,217,2,627,P1,131,55.5,34.6,421,172,668,P1,False,B,3,,0,325,
North 24 Parganas,102,N24P-102,44,High School 44,367,332,1,700,47.43,24,3.4,304,177,8,567,P1,127,53.6,31.2,320,202,585,P1,False,B,3,,0,295,
North 24 Parganas,102,N24P-102,45,Primary School 45,281,277,1,559,49.55,22,3.9,275,117,2,442,P1,158,62.2,26.5,262,150,474,P1,False,B,3,,0,235,
North 24 Parganas,102,N24P-102,46,Anganwadi Centre 46,254,258,0,512,50.39,19,3.7,221,129,5,391,P1,92,56.5,33.0,265,99,404,P1,False,B,3,,0,215,
North 24 Parganas,102,N24P-102,47,Madrasa 47,291,286,0,577,49.57,25,4.3,285,82,4,467,P1,194,61.0,17.6,267,171,486,P1,False,B,3,,0,243,
North 24 Parganas,102,N24P-102,48,Post Office 48,281,273,0,554,49.28,18,3.2,282,143,4,473,P1,139,59.6,30.2,215,135,424,P1,False,B,3,,0,233,
North 24 Parganas,102,N24P-102,49,Community Hall 49,367,333,0,700,47.57,21,3.0,357,119,8,584,P1,238,61.1,20.4,313,163,546,P1,False,B,3,,0,295,
North 24 Parganas,102,N24P-102,50,Community Hall 50,366,377,0,743,50.74,24,3.2,373,203,2,641,P1,170,58.2,31.7,435,145,645,P1,False,B,3,,0,313,
North 24 Parganas,102,N24P-102,51,Govt Office 51,252,246,1,499,49.3,19,3.8,240,105,5,412,P1,135,58.3,25.5,266,118,427,P1,False,B,3,,0,210,
North 24 Parganas,102,N24P-102,52,High School 52,344,346,0,690,50.14,31,4.5,344,160,3,580,P1,184,59.3,27.6,254,159,559,P1,False,B,3,,0,290,
North 24 Parganas,102,N24P-102,53,Temple Hall 53,337,340,1,678,50.15,32,4.7,344,134,5,531,P1,210,64.8,25.2,288,176,537,P1,False,B,3,,0,285,
North 24 Parganas,102,N24P-102,54,Temple Hall 54,397,371,0,768,48.31,23,3.0,351,184,8,619,P1,167,56.7,29.7,360,164,586,P1,False,B,3,,0,323,
North 24 Parganas,102,N24P-102,55,High School 55,424,382,0,806,47.39,31,3.8,374,210,5,649,P1,164,57.6,32.4,392,232,693,P1,False,B,3,,0,339,
North 24 Parganas,102,N24P-102,56,Temple Hall 56,283,281,0,564,49.82,25,4.4,278,118,5,440,P1,160,63.2,26.8,194,109,432,P1,False,B,3,,0,237,
North 24 Parganas,102,N24P-102,57,Anganwadi Centre 57,256,234,1,491,47.66,20,4.1,252,118,3,417,P1,134,60.4,28.3,207,110,409,P1,False,B,3,,0,207,
North 24 Parganas,102,N24P-102,58,Market Building 58,347,327,1,675,48.44,21,3.1,248,167,11,582,P1,81,42.6,28.7,343,101,522,P1,False,B,3,,0,284,
North 24 Parganas,102,N24P-102,59,Govt Office 59,343,336,0,679,49.48,19,2.8,307,176,7,544,P1,131,56.4,32.4,288,151,541,P1,False,B,3,,0,286,
North 24 Parganas,102,N24P-102,60,Club Building 60,301,292,0,593,49.24,31,5.2,261,180,3,490,P1,81,53.3,36.7,331,127,509,P1,False,B,3,,0,250,
North 24 Parganas,102,N24P-102,61,Panchayat Bhavan 61,380,357,1,738,48.37,31,4.2,281,170,6,577,P1,111,48.7,29.5,334,142,641,P1,False,B,3,,0,311,
North 24 Parganas,102,N24P-102,62,Govt Office 62,330,307,0,637,48.19,20,3.1,359,95,6,504,P1,264,71.2,18.8,390,69,510,P1,False,A,1,,0,268,
North 24 Parganas,102,N24P-102,63,Community Hall 63,388,349,1,738,47.29,33,4.5,371,172,4,603,P1,199,61.5,28.5,392,137,588,P1,False,B,3,,0,311,
North 24 Parganas,102,N24P-102,64,Madrasa 64,415,404,0,819,49.33,31,3.8,394,216,7,678,P1,178,58.1,31.9,371,182,642,P1,False,B,3,,0,345,
North 24 Parganas,102,N24P-102,65,Madrasa 65,297,285,0,582,48.97,24,4.1,309,135,5,493,P1,174,62.7,27.4,253,171,471,P1,False,B,3,,0,245,
North 24 Parganas,102,N24P-102,66,Govt Office 66,408,385,1,794,48.49,25,3.1,410,189,7,692,P1,221,59.2,27.3,443,99,602,P1,False,B,3,,0,334,
North 24 Parganas,102,N24P-102,67,Health Sub-Centre 67,377,370,1,748,49.47,22,2.9,361,183,5,605,P1,178,59.7,30.2,285,202,579,P1,False,B,3,,0,315,
North 24 Parganas,102,N24P-102,68,Post Office 68,306,291,1,598,48.66,27,4.5,259,171,5,478,P1,88,54.2,35.8,336,121,508,P1,False,B,3,,0,252,
North 24 Parganas,102,N24P-102,69,Temple Hall 69,381,350,0,731,47.88,29,4.0,394,176,3,634,P1,218,62.1,27.8,365,181,607,P1,False,B,3,,0,308,
North 24 Parganas,102,N24P-102,70,Community Hall 70,375,360,1,736,48.91,32,4.3,232,170,13,584,P1,62,39.7,29.1,392,145,597,P1,False,B,3,,0,310,
North 24 Parganas,102,N24P-102,71,Anganwadi Centre 71,267,274,1,542,50.55,26,4.8,241,147,2,431,P1,94,55.9,34.1,232,111,423,P1,False,B,3,,0,228,
North 24 Parganas,102,N24P-102,72,Temple Hall 72,256,263,1,520,50.58,26,5.0,237,146,4,426,P1,91,55.6,34.3,245,141,429,P1,False,B,3,,0,219,
North 24 Parganas,102,N24P-102,73,Madrasa 73,354,361,0,715,50.49,29,4.1,339,123,12,577,P1,216,58.8,21.3,320,201,609,P1,False,B,3,,0,301,
North 24 Parganas,102,N24P-102,74,Anganwadi Centre 74,336,316,1,653,48.39,22,3.4,383,107,4,544,P1,276,70.4,19.7,277,141,536,P1,False,A,1,,0,275,
North 24 Parganas,102,N24P-102,75,Govt Office 75,331,330,1,662,49.85,19,2.9,346,153,6,578,P1,193,59.9,26.5,315,170,578,P1,False,B,3,,0,279,
North 24 Parganas,102,N24P-102,76,Market Building 76,409,389,0,798,48.75,38,4.8,360,208,7,633,P1,152,56.9,32.9,349,189,685,P1,False,B,3,,0,336,
North 24 Parganas,102,N24P-102,77,Post Office 77,336,306,0,642,47.66,26,4.0,382,79,2,512,P1,303,74.6,15.4,262,181,492,P1,False,A,1,,0,270,
North 24 Parganas,102,N24P-102,78,Govt Office 78,303,277,1,581,47.68,21,3.6,258,116,11,486,P1,142,53.1,23.9,257,157,461,P1,False,B,3,,0,245,
North 24 Parganas,102,N24P-102,79,Market Building 79,307,307,1,615,49.92,24,3.9,257,177,5,537,P1,80,47.9,33.0,269,135,495,P1,False,B,3,,0,259,
North 24 Parganas,102,N24P-102,80,Market Building 80,288,279,0,567,49.21,24,4.2,255,125,2,447,P1,130,57.0,28.0,259,134,436,P1,False,B,3,,0,239,
North 24 Parganas,102,N24P-102,81,Anganwadi Centre 81,296,266,0,562,47.33,21,3.7,274,145,5,465,P1,129,58.9,31.2,239,67,426,P1,False,B,3,,0,237,
North 24 Parganas,102,N24P-102,82,Govt Office 82,261,256,1,518,49.42,20,3.9,202,100,11,428,P1,92,47.2,23.4,215,162,444,P1,False,B,3,,0,218,
North 24 Parganas,102,N24P-102,83,Market Building 83,349,327,0,676,48.37,23,3.4,286,130,12,542,P1,156,52.8,24.0,324,164,547,P1,False,B,3,,0,284,
North 24 Parganas,102,N24P-102,84,Govt Office 84,420,390,1,811,48.09,40,4.9,370,176,4,616,P1,194,60.1,28.6,385,231,698,P1,False,B,3,,0,341,
North 24 Parganas,102,N24P-102,85,Post Office 85,255,240,1,496,48.39,17,3.4,218,129,5,394,P1,89,55.3,32.7,234,121,394,P1,False,B,3,,0,209,
North 24 Parganas,102,N24P-102,86,High School 86,373,371,0,744,49.87,28,3.8,339,184,7,591,P1,155,57.4,31.1,438,139,641,P1,False,B,3,,0,313,
North 24 Parganas,102,N24P-102,87,Govt Office 87,322,305,1,628,48.57,28,4.5,267,113,14,548,P1,119,48.7,20.6,264,181,530,P1,False,B,3,,0,264,
North 24 Parganas,102,N24P-102,88,Primary School 88,348,322,0,670,48.06,31,4.6,323,126,4,527,P1,197,61.3,23.9,342,168,567,P1,False,B,3,,0,282,
North 24 Parganas,102,N24P-102,89,Panchayat Bhavan 89,285,265,0,550,48.18,18,3.3,266,135,2,475,P1,131,56.0,28.4,250,121,427,P1,False,B,3,,0,231,
North 24 Parganas,102,N24P-102,90,Panchayat Bhavan 90,257,231,0,488,47.34,15,3.1,206,123,2,370,P1,83,55.7,33.2,192,81,388,P1,False,B,3,,0,205,
North 24 Parganas,102,N24P-102,91,Community Hall 91,265,247,1,513,48.15,19,3.7,208,99,11,403,P1,109,51.6,24.6,299,103,447,P1,False,B,3,,0,216,
North 24 Parganas,102,N24P-102,92,Post Office 92,301,273,0,574,47.56,20,3.5,273,139,7,475,P1,134,57.5,29.3,216,146,452,P1,False,B,3,,0,242,
North 24 Parganas,102,N24P-102,93,Madrasa 93,413,395,0,808,48.89,28,3.5,428,179,8,688,P1,249,62.2,26.0,336,241,691,P1,False,B,3,,0,340,
North 24 Parganas,102,N24P-102,94,Temple Hall 94,328,323,0,651,49.62,26,4.0,264,124,8,514,P1,140,51.4,24.1,298,178,529,P1,False,B,3,,0,274,
North 24 Parganas,102,N24P-102,95,Primary School 95,271,276,1,548,50.36,25,4.6,287,90,4,419,P1,197,68.5,21.5,246,147,464,P1,False,A,1,,0,231,
North 24 Parganas,102,N24P-102,96,Temple Hall 96,428,390,0,818,47.68,33,4.0,232,225,6,656,P1,7,35.4,34.3,368,166,638,P1,False,B,3,,0,344,
North 24 Parganas,102,N24P-102,97,Anganwadi Centre 97,322,313,1,636,49.21,31,4.9,346,113,2,509,P1,233,68.0,22.2,303,131,482,P1,False,A,1,,0,268,
North 24 Parganas,102,N24P-102,98,Temple Hall 98,414,398,1,813,48.95,24,3.0,470,122,6,687,P1,348,68.4,17.8,435,138,637,P1,False,A,1,,0,342,
North 24 Parganas,102,N24P-102,99,Market Building 99,295,278,1,574,48.43,25,4.4,276,125,2,445,P1,151,62.0,28.1,270,143,496,P1,False,B,3,,0,242,
North 24 Parganas,102,N24P-102,100,Madrasa 100,334,302,0,636,47.48,21,3.3,297,141,2,493,P1,156,60.2,28.6,335,142,530,P1,False,B,3,,0,268,
North 24 Parganas,102,N24P-102,101,Community Hall 101,241,245,1,487,50.31,16,3.3,220,132,4,405,P1,88,54.3,32.6,189,96,419,P1,False,B,3,,0,205,
North 24 Parganas,102,N24P-102,102,Govt Office 102,401,394,1,796,49.5,32,4.0,470,143,6,681,P1,327,69.0,21.0,464,141,672,P1,False,A,1,,0,335,
North 24 Parganas,102,N24P-102,103,Panchayat Bhavan 103,356,352,0,708,49.72,21,3.0,313,177,8,600,P1,136,52.2,29.5,359,165,586,P1,False,B,3,,0,298,
North 24 Parganas,102,N24P-102,104,Primary School 104,395,374,0,769,48.63,28,3.6,308,288,8,663,P1,20,46.5,43.4,342,195,657,P1,False,B,3,,0,324,
North 24 Parganas,102,N24P-102,105,Anganwadi Centre 105,370,336,0,706,47.59,32,4.5,368,179,3,608,P1,189,60.5,29.4,343,150,588,P1,False,B,3,,0,297,
North 24 Parganas,102,N24P-102,106,Market Building 106,318,306,0,624,49.04,21,3.4,295,142,3,512,P1,153,57.6,27.7,280,181,513,P1,False,B,3,,0,263,
North 24 Parganas,102,N24P-102,107,Primary School 107,334,328,0,662,49.55,20,3.0,298,197,5,551,P1,101,54.1,35.8,330,119,519,P1,False,B,3,,0,279,
North 24 Parganas,102,N24P-102,108,Primary School 108,277,250,1,528,47.35,19,3.6,202,115,9,442,P1,87,45.7,26.0,263,117,422,P1,False,B,3,,0,222,
North 24 Parganas,102,N24P-102,109,Anganwadi Centre 109,325,298,1,624,47.76,32,5.1,286,137,3,475,P1,149,60.2,28.8,309,127,485,P1,False,B,3,,0,263,
North 24 Parganas,102,N24P-102,110,Panchayat Bhavan 110,309,285,0,594,47.98,27,4.5,297,151,2,498,P1,146,59.6,30.3,373,69,491,P1,False,B,3,,0,250,
North 24 Parganas,102,N24P-102,111,Panchayat Bhavan 111,399,362,1,762,47.51,31,4.1,280,259,5,598,P1,21,46.8,43.3,312,195,598,P1,False,B,3,,0,321,
North 24 Parganas,102,N24P-102,112,Club Building 112,308,280,0,588,47.62,21,3.6,314,123,2,485,P1,191,64.7,25.4,240,147,454,P1,False,B,3,,0,247,
North 24 Parganas,102,N24P-102,113,Community Hall 113,343,343,1,687,49.93,21,3.1,367,144,6,568,P1,223,64.6,25.4,346,178,582,P1,False,B,3,,0,289,
North 24 Parganas,102,N24P-102,114,Anganwadi Centre 114,314,322,1,637,50.55,19,3.0,378,66,3,493,P1,312,76.7,13.4,379,92,523,P1,False,A,1,,0,268,
North 24 Parganas,102,N24P-102,115,High School 115,384,345,0,729,47.33,22,3.0,318,184,5,557,P1,134,57.1,33.0,353,173,585,P1,False,B,3,,0,307,
North 24 Parganas,102,N24P-102,116,High School 116,387,401,1,789,50.82,38,4.8,359,177,11,631,P1,182,56.9,28.1,364,176,649,P1,False,B,3,,0,332,
North 24 Parganas,102,N24P-102,117,Health Sub-Centre 117,280,255,1,536,47.57,18,3.4,245,130,3,417,P1,115,58.8,31.2,259,112,412,P1,False,B,3,,0,226,
North 24 Parganas,102,N24P-102,118,Panchayat Bhavan 118,373,339,0,712,47.61,26,3.7,333,182,5,573,P1,151,58.1,31.8,350,119,591,P1,False,B,3,,0,300,
North 24 Parganas,102,N24P-102,119,Health Sub-Centre 119,383,349,1,733,47.61,36,4.9,334,170,14,625,P1,164,53.4,27.2,375,184,621,P1,False,B,3,,0,308,
North 24 Parganas,102,N24P-102,120,Community Hall 120,360,324,1,685,47.3,20,2.9,282,161,8,547,P1,121,51.6,29.4,322,136,590,P1,False,B,3,,0,288,
North 24 Parganas,102,N24P-102,121,Temple Hall 121,284,262,0,546,47.99,16,2.9,223,139,4,421,P1,84,53.0,33.0,318,80,443,P1,False,B,3,,0,230,
North 24 Parganas,102,N24P-102,122,Temple Hall 122,326,307,1,634,48.42,25,3.9,314,152,6,518,P1,162,60.6,29.3,250,111,482,P1,False,B,3,,0,267,
North 24 Parganas,102,N24P-102,123,Post Office 123,337,335,0,672,49.85,32,4.8,292,109,12,553,P1,158,52.8,19.7,386,115,557,P1,False,B,3,,0,283,
North 24 Parganas,102,N24P-102,124,Market Building 124,256,258,1,515,50.1,20,3.9,253,118,2,413,P1,135,61.3,28.6,221,117,403,P1,False,B,3,,0,217,
North 24 Parganas,102,N24P-102,125,Health Sub-Centre 125,389,373,0,762,48.95,21,2.8,307,197,11,609,P1,110,50.4,32.3,413,167,645,P1,False,B,3,,0,321,
North 24 Parganas,102,N24P-102,126,Market Building 126,252,238,1,491,48.47,25,5.1,165,142,7,399,P1,23,41.4,35.6,231,150,423,P1,False,B,3,,0,207,
North 24 Parganas,102,N24P-102,127,Health Sub-Centre 127,269,243,1,513,47.37,16,3.1,184,98,14,409,P1,76,45.0,24.0,225,124,415,P1,False,B,3,,0,216,
North 24 Parganas,102,N24P-102,128,Primary School 128,308,303,1,612,49.51,30,4.9,203,158,10,493,P1,45,41.2,32.0,256,165,490,P1,False,B,3,,0,258,
North 24 Parganas,102,N24P-102,129,Community Hall 129,265,244,1,510,47.84,23,4.5,261,119,1,422,P1,142,61.8,28.2,206,155,426,P1,False,B,3,,0,215,
North 24 Parganas,102,N24P-102,130,Community Hall 130,375,365,0,740,49.32,21,2.8,358,211,2,644,P1,147,55.6,32.8,298,211,615,P1,False,B,3,,0,311,
North 24 Parganas,102,N24P-102,131,Anganwadi Centre 131,314,322,1,637,50.55,24,3.8,337,110,4,496,P1,227,67.9,22.2,239,173,552,P1,False,A,1,,0,268,
North 24 Parganas,102,N24P-102,132,Primary School 132,299,284,1,584,48.63,25,4.3,188,126,15,446,P1,62,42.2,28.3,304,95,480,P1,False,B,3,,0,246,
North 24 Parganas,102,N24P-102,133,Temple Hall 133,323,302,1,626,48.24,30,4.8,318,146,6,524,P1,172,60.7,27.9,271,173,494,P1,False,B,3,,0,263,
North 24 Parganas,102,N24P-102,134,Club Building 134,374,340,0,714,47.62,31,4.3,373,143,5,574,P1,230,65.0,24.9,346,154,555,P1,False,B,3,,0,300,
North 24 Parganas,102,N24P-102,135,Temple Hall 135,261,252,1,514,49.03,17,3.3,248,102,8,432,P1,146,57.4,23.6,188,115,404,P1,False,B,3,,0,216,
North 24 Parganas,102,N24P-102,136,Post Office 136,355,349,1,705,49.5,30,4.3,333,129,6,545,P1,204,61.1,23.7,301,175,590,P1,False,B,3,,0,297,
North 24 Parganas,102,N24P-102,137,Post Office 137,370,346,1,717,48.26,37,5.2,359,151,4,567,P1,208,63.3,26.6,322,148,569,P1,False,B,3,,0,302,
North 24 Parganas,102,N24P-102,138,Temple Hall 138,372,372,1,745,49.93,37,5.0,446,118,7,627,P1,328,71.1,18.8,318,159,605,P1,False,A,1,,0,314,
North 24 Parganas,102,N24P-102,139,Temple Hall 139,278,266,0,544,48.9,23,4.2,297,115,3,457,P1,182,65.0,25.2,240,126,461,P1,False,B,3,,0,229,
North 24 Parganas,102,N24P-102,140,Market Building 140,305,299,0,604,49.5,27,4.5,302,138,3,489,P1,164,61.8,28.2,316,154,523,P1,False,B,3,,0,254,
North 24 Parganas,102,N24P-102,141,Madrasa 141,371,373,0,744,50.13,24,3.2,354,193,7,608,P1,161,58.2,31.7,361,179,630,P1,False,B,3,,0,313,
North 24 Parganas,102,N24P-102,142,High School 142,352,339,1,692,48.99,33,4.8,423,76,6,555,P1,347,76.2,13.7,344,180,583,P1,False,A,1,,0,291,
North 24 Parganas,102,N24P-102,143,Market Building 143,293,295,1,589,50.08,28,4.8,247,126,12,479,P1,121,51.6,26.3,212,146,511,P1,False,B,3,,0,248,
North 24 Parganas,102,N24P-102,144,Anganwadi Centre 144,413,390,1,804,48.51,24,3.0,410,191,4,668,P1,219,61.4,28.6,326,252,675,P1,False,B,3,,0,338,
North 24 Parganas,102,N24P-102,145,Temple Hall 145,360,353,0,713,49.51,32,4.5,308,163,3,545,P1,145,56.5,29.9,375,180,616,P1,False,B,3,,0,300,
North 24 Parganas,102,N24P-102,146,Post Office 146,362,353,0,715,49.37,31,4.3,319,240,6,621,P1,79,51.4,38.6,314,191,609,P1,False,B,3,,0,301,
North 24 Parganas,102,N24P-102,147,Market Building 147,355,350,1,706,49.58,32,4.5,253,164,14,539,P1,89,46.9,30.4,305,194,555,P1,False,B,3,,0,297,
North 24 Parganas,102,N24P-102,148,Primary School 148,415,392,0,807,48.57,24,3.0,381,174,2,617,P1,207,61.8,28.2,389,193,667,P1,False,B,3,,0,340,
North 24 Parganas,102,N24P-102,149,High School 149,257,233,0,490,47.55,22,4.5,233,102,4,414,P1,131,56.3,24.6,235,96,405,P1,False,B,3,,0,206,
North 24 Parganas,102,N24P-102,150,Govt Office 150,321,292,1,614,47.56,22,3.6,315,160,2,528,P1,155,59.7,30.3,250,152,485,P1,False,B,3,,0,258,
North 24 Parganas,102,N24P-102,151,Market Building 151,334,325,0,659,49.32,34,5.2,303,178,6,535,P1,125,56.6,33.3,309,159,536,P1,False,B,3,,0,277,
North 24 Parganas,102,N24P-102,152,Club Building 152,290,282,1,573,49.21,17,3.0,277,166,3,492,P1,111,56.3,33.7,288,108,440,P1,False,B,3,,0,241,
North 24 Parganas,102,N24P-102,153,Primary School 153,356,352,1,709,49.65,29,4.1,397,160,2,618,P1,237,64.2,25.9,405,152,619,P1,False,B,3,,0,298,
North 24 Parganas,102,N24P-102,154,Madrasa 154,343,324,0,667,48.58,24,3.6,302,166,2,529,P1,136,57.1,31.4,313,181,557,P1,False,B,3,,0,281,
North 24 Parganas,102,N24P-102,155,Market Building 155,271,261,1,533,48.97,28,5.3,224,112,2,405,P1,112,55.3,27.7,225,134,413,P1,False,B,3,,0,224,
North 24 Parganas,102,N24P-102,156,Govt Office 156,386,365,1,752,48.54,35,4.7,367,224,6,656,P1,143,55.9,34.1,442,105,608,P1,False,B,3,,0,316,
North 24 Parganas,102,N24P-102,157,Temple Hall 157,417,395,0,812,48.65,41,5.0,442,164,6,708,P1,278,62.4,23.2,392,139,672,P1,False,B,3,,0,342,
North 24 Parganas,102,N24P-102,158,Govt Office 158,320,297,1,618,48.06,29,4.7,202,131,8,485,P1,63,41.6,27.0,242,199,515,P1,False,B,3,,0,260,
North 24 Parganas,102,N24P-102,159,Primary School 159,370,368,0,738,49.86,33,4.5,331,226,7,624,P1,105,53.0,36.2,331,172,616,P1,False,B,3,,0,311,
North 24 Parganas,102,N24P-102,160,High School 160,299,274,1,574,47.74,18,3.1,293,116,7,501,P1,177,58.5,23.2,305,111,462,P1,False,B,3,,0,242,
North 24 Parganas,102,N24P-102,161,Primary School 161,246,234,1,481,48.65,23,4.8,318,60,4,420,P1,258,75.7,14.3,239,104,381,P1,False,A,1,,0,202,
North 24 Parganas,102,N24P-102,162,Govt Office 162,372,341,1,714,47.76,35,4.9,304,208,3,569,P1,96,53.4,36.6,288,106,546,P1,False,B,3,,0,300,
North 24 Parganas,102,N24P-102,163,Temple Hall 163,252,259,0,511,50.68,23,4.5,201,156,4,431,P1,45,46.6,36.2,271,127,443,P1,False,B,3,,0,215,
North 24 Parganas,102,N24P-102,164,Primary School 164,316,305,1,622,49.04,24,3.9,305,128,3,529,P1,177,57.7,24.2,338,116,505,P1,False,B,3,,0,262,
North 24 Parganas,102,N24P-102,165,Post Office 165,410,388,0,798,48.62,25,3.1,372,174,5,607,P1,198,61.3,28.7,322,229,683,P1,False,B,3,,0,336,
North 24 Parganas,102,N24P-102,166,Anganwadi Centre 166,292,275,0,567,48.5,18,3.2,222,147,7,439,P1,75,50.6,33.5,286,106,436,P1,False,B,3,,0,239,
North 24 Parganas,102,N24P-102,167,Temple Hall 167,296,306,0,602,50.83,23,3.8,277,178,5,505,P1,99,54.9,35.2,300,120,473,P1,False,B,3,,0,253,
North 24 Parganas,102,N24P-102,168,Govt Office 168,399,374,0,773,48.38,36,4.7,385,153,3,598,P1,232,64.4,25.6,371,208,643,P1,False,B,3,,0,325,
North 24 Parganas,102,N24P-102,169,Club Building 169,262,248,0,510,48.63,16,3.1,260,117,3,419,P1,143,62.1,27.9,219,150,410,P1,False,B,3,,0,215,
North 24 Parganas,102,N24P-102,170,Market Building 170,345,311,1,657,47.34,26,4.0,292,167,6,537,P1,125,54.4,31.1,296,169,517,P1,False,B,3,,0,276,
North 24 Parganas,102,N24P-102,171,Health Sub-Centre 171,270,267,1,538,49.63,20,3.7,229,143,6,432,P1,86,53.0,33.1,244,133,418,P1,False,B,3,,0,226,
North 24 Parganas,102,N24P-102,172,Govt Office 172,386,359,1,746,48.12,37,5.0,325,186,10,617,P1,139,52.7,30.1,362,220,651,P1,False,B,3,,0,314,
North 24 Parganas,102,N24P-102,173,High School 173,303,287,1,591,48.56,24,4.1,246,162,4,454,P1,84,54.2,35.7,290,145,484,P1,False,B,3,,0,249,
North 24 Parganas,102,N24P-102,174,Primary School 174,264,268,0,532,50.38,17,3.2,231,131,3,402,P1,100,57.5,32.6,315,90,450,P1,False,B,3,,0,224,
North 24 Parganas,102,N24P-102,175,Post Office 175,298,268,1,567,47.27,20,3.5,283,116,5,445,P1,167,63.6,26.1,271,160,486,P1,False,B,3,,0,239,
North 24 Parganas,102,N24P-102,176,Primary School 176,343,342,1,686,49.85,30,4.4,305,130,4,541,P1,175,56.4,24.0,308,163,523,P1,False,B,3,,0,289,
North 24 Parganas,102,N24P-102,177,High School 177,361,329,0,690,47.68,30,4.3,291,188,9,600,P1,103,48.5,31.3,316,182,553,P1,False,B,3,,0,290,
North 24 Parganas,102,N24P-102,178,Madrasa 178,347,317,1,665,47.67,30,4.5,331,185,2,574,P1,146,57.7,32.2,249,160,518,P1,False,B,3,,0,280,
North 24 Parganas,102,N24P-102,179,Anganwadi Centre 179,274,268,1,543,49.36,22,4.1,251,131,5,425,P1,120,59.1,30.8,271,148,474,P1,False,B,3,,0,229,
North 24 Parganas,102,N24P-102,180,Primary School 180,282,288,1,571,50.44,22,3.9,258,140,3,443,P1,118,58.2,31.6,271,136,483,P1,False,B,3,,0,240,
North 24 Parganas,102,N24P-102,181,Panchayat Bhavan 181,331,320,1,652,49.08,29,4.4,314,145,7,540,P1,169,58.1,26.9,358,132,545,P1,False,B,3,,0,274,
North 24 Parganas,102,N24P-102,182,Community Hall 182,257,264,0,521,50.67,18,3.5,210,142,6,403,P1,68,52.1,35.2,289,114,452,P1,False,B,3,,0,219,
North 24 Parganas,103,N24P-103,1,Community Hall 1,301,270,0,571,47.29,46,8.1,207,168,8,483,P1,39,42.9,34.8,250,167,487,P1,False,B,3,,0,240,
North 24 Parganas,103,N24P-103,2,Post Office 2,310,281,0,591,47.55,38,6.4,308,154,2,513,P1,154,60.0,30.0,287,120,455,P1,False,B,3,,0,249,
North 24 Parganas,103,N24P-103,3,Health Sub-Centre 3,373,341,0,714,47.76,56,7.8,212,140,14,576,P1,7,36.8,24.3,307,152,543,P1,False,B,3,,0,300,
North 24 Parganas,103,N24P-103,4,Health Sub-Centre 4,372,345,1,718,48.05,46,6.4,256,194,4,563,P1,62,45.5,34.5,379,133,569,P1,False,B,3,,0,302,
North 24 Parganas,103,N24P-103,5,Post Office 5,400,369,1,770,47.92,68,8.8,409,144,6,615,P1,265,66.5,23.4,296,177,650,P1,False,A,1,,0,324,
North 24 Parganas,103,N24P-103,6,Primary School 6,328,301,1,630,47.78,33,5.2,359,105,2,516,P1,254,69.6,20.3,297,153,542,P1,False,A,1,,0,265,
North 24 Parganas,103,N24P-103,7,Temple Hall 7,265,256,1,522,49.04,36,6.9,225,112,6,408,P1,113,55.1,27.5,316,92,454,P1,False,B,3,,0,220,
North 24 Parganas,103,N24P-103,8,Panchayat Bhavan 8,412,395,1,808,48.89,60,7.4,360,224,2,649,P1,136,55.5,34.5,312,191,673,P1,False,B,3,,0,340,
North 24 Parganas,103,N24P-103,9,High School 9,369,368,0,737,49.93,49,6.6,356,205,7,632,P1,151,56.3,32.4,395,164,621,P1,False,B,3,,0,310,
North 24 Parganas,103,N24P-103,10,Primary School 10,280,253,0,533,47.47,42,7.9,333,62,3,439,P1,271,75.9,14.1,278,127,450,P1,False,A,1,,0,224,
North 24 Parganas,103,N24P-103,11,Panchayat Bhavan 11,420,394,0,814,48.4,71,8.7,345,167,12,630,P1,178,54.8,26.5,360,183,649,P1,False,B,3,,0,343,
North 24 Parganas,103,N24P-103,12,Govt Office 12,391,360,0,751,47.94,43,5.7,290,166,7,584,P1,124,49.7,28.4,334,177,585,P1,False,B,3,,0,316,
North 24 Parganas,103,N24P-103,13,Primary School 13,299,287,1,587,48.89,30,5.1,242,137,8,460,P1,105,52.6,29.8,288,156,499,P1,False,B,3,,0,247,
North 24 Parganas,103,N24P-103,14,Club Building 14,320,298,0,618,48.22,31,5.0,305,131,3,484,P1,174,63.0,27.1,347,111,509,P1,False,B,3,,0,260,
North 24 Parganas,103,N24P-103,15,Community Hall 15,423,391,0,814,48.03,55,6.8,376,235,2,678,P1,141,55.5,34.7,359,222,691,P1,False,B,3,,0,343,
North 24 Parganas,103,N24P-103,16,Health Sub-Centre 16,315,306,1,622,49.2,49,7.9,280,103,12,513,P1,168,54.6,20.1,253,153,539,P1,False,B,3,,0,262,
North 24 Parganas,103,N24P-103,17,High School 17,311,296,1,608,48.68,51,8.4,230,185,2,471,P1,45,48.8,39.3,286,167,522,P1,False,B,3,,0,256,
North 24 Parganas,103,N24P-103,18,Temple Hall 18,289,276,1,566,48.76,40,7.1,264,123,4,430,P1,141,61.4,28.6,310,116,473,P1,False,B,3,,0,238,
North 24 Parganas,103,N24P-103,19,Govt Office 19,343,323,1,667,48.43,37,5.5,355,155,2,567,P1,200,62.6,27.3,275,195,571,P1,False,B,3,,0,281,
North 24 Parganas,103,N24P-103,20,Market Building 20,364,355,0,719,49.37,39,5.4,310,205,4,572,P1,105,54.2,35.8,357,153,567,P1,False,B,3,,0,303,
North 24 Parganas,103,N24P-103,21,Govt Office 21,396,385,0,781,49.3,59,7.6,328,197,10,611,P1,131,53.7,32.2,367,239,674,P1,False,B,3,,0,329,
North 24 Parganas,103,N24P-103,22,Market Building 22,267,273,1,541,50.46,49,9.1,254,114,7,434,P1,140,58.5,26.3,232,136,409,P1,False,B,3,,0,228,
North 24 Parganas,103,N24P-103,23,Anganwadi Centre 23,354,320,1,675,47.41,49,7.3,311,147,6,529,P1,164,58.8,27.8,318,185,559,P1,False,B,3,,0,284,
North 24 Parganas,103,N24P-103,24,High School 24,256,240,1,497,48.29,43,8.7,287,58,3,383,P1,229,74.9,15.1,210,115,397,P1,False,A,1,,0,209,
North 24 Parganas,103,N24P-103,25,Market Building 25,263,241,1,505,47.72,42,8.3,245,104,4,412,P1,141,59.5,25.2,218,95,396,P1,False,B,3,,0,213,
North 24 Parganas,103,N24P-103,26,Community Hall 26,409,402,1,812,49.51,52,6.4,351,214,5,659,P1,137,53.3,32.5,449,181,700,P1,False,B,3,,0,342,
North 24 Parganas,103,N24P-103,27,Community Hall 27,331,299,0,630,47.46,31,4.9,231,153,8,517,P1,78,44.7,29.6,314,150,516,P1,False,B,3,,0,265,
North 24 Parganas,103,N24P-103,28,Govt Office 28,297,284,0,581,48.88,46,7.9,267,128,5,441,P1,139,60.5,29.0,251,147,478,P1,False,B,3,,0,245,
North 24 Parganas,103,N24P-103,29,Primary School 29,400,395,1,796,49.62,44,5.5,383,175,3,620,P1,208,61.8,28.2,373,227,689,P1,False,B,3,,0,335,
North 24 Parganas,103,N24P-103,30,Club Building 30,341,307,1,649,47.3,45,6.9,275,144,10,509,P1,131,54.0,28.3,351,150,557,P1,False,B,3,,0,273,
North 24 Parganas,103,N24P-103,31,Govt Office 31,293,272,1,566,48.06,36,6.4,284,142,3,481,P1,142,59.0,29.5,267,139,452,P1,False,B,3,,0,238,
North 24 Parganas,103,N24P-103,32,Madrasa 32,317,302,1,620,48.71,53,8.5,316,136,2,517,P1,180,61.1,26.3,346,128,527,P1,False,B,3,,0,261,
North 24 Parganas,103,N24P-103,33,High School 33,359,323,1,683,47.29,38,5.6,284,174,3,547,P1,110,51.9,31.8,347,182,588,P1,False,B,3,,0,287,
North 24 Parganas,103,N24P-103,34,Club Building 34,265,258,0,523,49.33,45,8.6,236,153,6,440,P1,83,53.6,34.8,229,79,439,P1,False,B,3,,0,220,
North 24 Parganas,103,N24P-103,35,Govt Office 35,322,321,0,643,49.92,55,8.6,343,106,3,499,P1,237,68.7,21.2,309,148,529,P1,False,A,1,,0,271,
North 24 Parganas,103,N24P-103,36,Anganwadi Centre 36,289,285,1,575,49.57,46,8.0,267,115,5,440,P1,152,60.7,26.1,257,192,499,P1,False,B,3,,0,242,
North 24 Parganas,103,N24P-103,37,Post Office 37,258,258,0,516,50.0,26,5.0,232,126,5,408,P1,106,56.9,30.9,220,142,421,P1,False,B,3,,0,217,
North 24 Parganas,103,N24P-103,38,Madrasa 38,382,358,0,740,48.38,56,7.6,284,193,8,566,P1,91,50.2,34.1,393,142,594,P1,False,B,3,,0,311,
North 24 Parganas,103,N24P-103,39,Govt Office 39,395,392,1,788,49.75,70,8.9,427,191,6,686,P1,236,62.2,27.8,359,216,639,P1,False,B,3,,0,332,
North 24 Parganas,103,N24P-103,40,Govt Office 40,407,369,1,777,47.49,52,6.7,470,82,6,613,P1,388,76.7,13.4,377,216,662,P1,False,A,1,,0,327,
North 24 Parganas,103,N24P-103,41,Madrasa 41,290,264,0,554,47.65,47,8.5,242,157,4,444,P1,85,54.5,35.4,200,151,420,P1,False,B,3,,0,233,
North 24 Parganas,103,N24P-103,42,Health Sub-Centre 42,308,298,0,606,49.17,37,6.1,333,126,4,510,P1,207,65.3,24.7,327,134,514,P1,False,A,1,,0,255,
North 24 Parganas,103,N24P-103,43,Club Building 43,363,342,1,706,48.44,44,6.2,333,188,4,583,P1,145,57.1,32.2,401,144,605,P1,False,B,3,,0,297,
North 24 Parganas,103,N24P-103,44,Market Building 44,266,257,1,524,49.05,46,8.8,256,123,3,421,P1,133,60.8,29.2,230,135,406,P1,False,B,3,,0,221,
North 24 Parganas,103,N24P-103,45,Madrasa 45,379,348,1,728,47.8,62,8.5,333,198,6,591,P1,135,56.3,33.5,380,134,571,P1,False,B,3,,0,306,
North 24 Parganas,103,N24P-103,46,Club Building 46,370,376,0,746,50.4,66,8.8,252,157,17,590,P1,94,42.7,26.6,442,128,634,P1,False,B,3,,0,314,
North 24 Parganas,103,N24P-103,47,Panchayat Bhavan 47,370,331,0,701,47.22,49,7.0,248,137,5,553,P1,91,44.8,24.8,260,154,540,P1,False,B,3,,0,295,
North 24 Parganas,103,N24P-103,48,Temple Hall 48,424,395,0,819,48.23,63,7.7,358,189,13,692,P1,169,51.7,27.3,333,187,632,P1,False,B,3,,0,345,
North 24 Parganas,103,N24P-103,49,Club Building 49,296,283,0,579,48.88,31,5.4,308,141,4,499,P1,167,61.7,28.3,241,157,465,P1,False,B,3,,0,244,
North 24 Parganas,103,N24P-103,50,Club Building 50,422,383,0,805,47.58,68,8.4,406,208,4,682,P1,198,59.5,30.5,389,178,629,P1,False,B,3,,0,339,
North 24 Parganas,103,N24P-103,51,Market Building 51,351,340,1,692,49.13,36,5.2,343,168,4,568,P1,175,60.4,29.6,374,155,587,P1,False,B,3,,0,291,
North 24 Parganas,103,N24P-103,52,Post Office 52,393,352,0,745,47.25,40,5.4,377,197,2,637,P1,180,59.2,30.9,331,214,635,P1,False,B,3,,0,314,
North 24 Parganas,103,N24P-103,53,Panchayat Bhavan 53,401,379,1,781,48.53,63,8.1,358,130,4,606,P1,228,59.1,21.5,325,184,593,P1,False,B,3,,0,329,
North 24 Parganas,103,N24P-103,54,Govt Office 54,267,239,0,506,47.23,35,6.9,254,105,5,435,P1,149,58.4,24.1,233,105,390,P1,False,B,3,,0,213,
North 24 Parganas,103,N24P-103,55,Anganwadi Centre 55,358,370,0,728,50.82,37,5.1,309,155,9,585,P1,154,52.8,26.5,308,201,565,P1,False,B,3,,0,306,
North 24 Parganas,103,N24P-103,56,Community Hall 56,293,290,0,583,49.74,30,5.1,252,167,2,465,P1,85,54.2,35.9,280,145,473,P1,False,B,3,,0,245,
North 24 Parganas,103,N24P-103,57,Health Sub-Centre 57,358,362,0,720,50.28,63,8.8,361,163,8,619,P1,198,58.3,26.3,406,156,625,P1,False,B,3,,0,303,
North 24 Parganas,103,N24P-103,58,Post Office 58,259,239,0,498,47.99,25,5.0,234,120,2,395,P1,114,59.2,30.4,277,108,428,P1,False,B,3,,0,210,
North 24 Parganas,103,N24P-103,59,Panchayat Bhavan 59,272,252,0,524,48.09,38,7.3,272,93,3,405,P1,179,67.2,23.0,204,142,440,P1,False,A,1,,0,221,
North 24 Parganas,103,N24P-103,60,Post Office 60,373,348,0,721,48.27,65,9.0,391,166,2,619,P1,225,63.2,26.8,275,244,613,P1,False,B,3,,0,303,
North 24 Parganas,103,N24P-103,61,Market Building 61,401,370,0,771,47.99,53,6.9,401,190,2,656,P1,211,61.1,29.0,330,195,584,P1,False,B,3,,0,324,
North 24 Parganas,103,N24P-103,62,Anganwadi Centre 62,277,275,1,553,49.73,31,5.6,218,165,4,477,P1,53,45.7,34.6,290,138,475,P1,False,B,3,,0,233,
North 24 Parganas,103,N24P-103,63,Club Building 63,335,311,1,647,48.07,41,6.3,289,162,6,501,P1,127,57.7,32.3,295,198,564,P1,False,B,3,,0,272,
North 24 Parganas,103,N24P-103,64,Club Building 64,275,269,0,544,49.45,39,7.2,187,128,9,431,P1,59,43.4,29.7,283,107,434,P1,False,B,3,,0,229,
North 24 Parganas,103,N24P-103,65,Govt Office 65,384,389,0,773,50.32,41,5.3,328,206,12,638,P1,122,51.4,32.3,398,157,657,P1,False,B,3,,0,325,
North 24 Parganas,103,N24P-103,66,Govt Office 66,335,302,1,638,47.34,45,7.1,372,110,2,536,P1,262,69.4,20.5,343,152,550,P1,False,A,1,,0,268,
North 24 Parganas,103,N24P-103,67,Anganwadi Centre 67,389,353,1,743,47.51,48,6.5,360,183,2,603,P1,177,59.7,30.3,358,157,572,P1,False,B,3,,0,313,
North 24 Parganas,103,N24P-103,68,High School 68,385,351,1,737,47.63,53,7.2,389,172,5,623,P1,217,62.4,27.6,350,175,583,P1,False,B,3,,0,310,
North 24 Parganas,103,N24P-103,69,Anganwadi Centre 69,418,402,0,820,49.02,66,8.0,399,209,2,675,P1,190,59.1,31.0,362,156,623,P1,False,B,3,,0,345,
North 24 Parganas,103,N24P-103,70,Community Hall 70,382,371,0,753,49.27,65,8.6,363,198,6,623,P1,165,58.3,31.8,341,167,612,P1,False,B,3,,0,317,
North 24 Parganas,103,N24P-103,71,Club Building 71,247,242,0,489,49.49,34,7.0,168,100,10,375,P1,68,44.8,26.7,223,115,404,P1,False,B,3,,0,206,
North 24 Parganas,103,N24P-103,72,Community Hall 72,291,278,1,570,48.77,30,5.3,239,142,3,434,P1,97,55.1,32.7,261,181,492,P1,False,B,3,,0,240,
North 24 Parganas,103,N24P-103,73,Post Office 73,323,325,0,648,50.15,40,6.2,355,132,4,542,P1,223,65.5,24.4,305,136,541,P1,False,A,1,,0,273,
North 24 Parganas,103,N24P-103,74,Club Building 74,336,328,0,664,49.4,35,5.3,353,148,3,557,P1,205,63.4,26.6,239,219,544,P1,False,B,3,,0,279,
North 24 Parganas,103,N24P-103,75,Temple Hall 75,379,351,0,730,48.08,38,5.2,351,204,6,617,P1,147,56.9,33.1,343,163,636,P1,False,B,3,,0,307,
North 24 Parganas,103,N24P-103,76,High School 76,379,348,0,727,47.87,39,5.4,303,220,4,581,P1,83,52.2,37.9,329,155,574,P1,False,B,3,,0,306,
North 24 Parganas,103,N24P-103,77,Govt Office 77,315,326,0,641,50.86,41,6.4,292,131,4,528,P1,161,55.3,24.8,325,146,524,P1,False,B,3,,0,270,
North 24 Parganas,103,N24P-103,78,Club Building 78,338,305,0,643,47.43,39,6.1,366,134,5,556,P1,232,65.8,24.1,269,137,524,P1,False,A,1,,0,271,
North 24 Parganas,103,N24P-103,79,Govt Office 79,395,401,0,796,50.38,42,5.3,396,185,5,645,P1,211,61.4,28.7,382,158,609,P1,False,B,3,,0,335,
North 24 Parganas,103,N24P-103,80,Community Hall 80,380,389,1,770,50.52,56,7.3,356,219,8,656,P1,137,54.3,33.4,252,187,619,P1,False,B,3,,0,324,
North 24 Parganas,103,N24P-103,81,Madrasa 81,348,316,1,665,47.52,41,6.2,285,189,4,527,P1,96,54.1,35.9,311,147,541,P1,False,B,3,,0,280,
North 24 Parganas,103,N24P-103,82,Govt Office 82,263,251,1,515,48.74,31,6.0,320,79,3,443,P1,241,72.2,17.8,272,90,402,P1,False,A,1,,0,217,
North 24 Parganas,103,N24P-103,83,High School 83,313,317,1,631,50.24,47,7.4,383,100,5,536,P1,283,71.5,18.7,266,155,499,P1,False,A,1,,0,266,
North 24 Parganas,103,N24P-103,84,Club Building 84,309,285,1,595,47.9,48,8.1,256,192,3,497,P1,64,51.5,38.6,274,146,517,P1,False,B,3,,0,250,
North 24 Parganas,103,N24P-103,85,Post Office 85,237,244,1,482,50.62,25,5.2,283,88,2,419,P1,195,67.5,21.0,253,95,387,P1,False,A,1,,0,203,
North 24 Parganas,103,N24P-103,86,Club Building 86,320,324,1,645,50.23,56,8.7,360,112,3,525,P1,248,68.6,21.3,280,166,496,P1,False,A,1,,0,271,
North 24 Parganas,103,N24P-103,87,High School 87,314,321,1,636,50.47,56,8.8,309,163,4,524,P1,146,59.0,31.1,286,164,500,P1,False,B,3,,0,268,
North 24 Parganas,103,N24P-103,88,Govt Office 88,269,258,0,527,48.96,29,5.5,234,149,4,434,P1,85,53.9,34.3,236,111,405,P1,False,B,3,,0,222,
North 24 Parganas,103,N24P-103,89,Panchayat Bhavan 89,431,386,0,817,47.25,74,9.1,390,154,8,624,P1,236,62.5,24.7,421,213,704,P1,False,B,3,,0,344,
North 24 Parganas,103,N24P-103,90,Health Sub-Centre 90,405,368,0,773,47.61,53,6.9,406,155,4,624,P1,251,65.1,24.8,370,188,659,P1,False,A,1,,0,325,
North 24 Parganas,103,N24P-103,91,Madrasa 91,302,311,1,614,50.65,47,7.7,309,134,5,532,P1,175,58.1,25.2,311,124,483,P1,False,B,3,,0,258,
North 24 Parganas,103,N24P-103,92,Club Building 92,254,253,0,507,49.9,28,5.5,305,92,2,442,P1,213,69.0,20.8,231,124,394,P1,False,A,1,,0,213,
North 24 Parganas,103,N24P-103,93,High School 93,390,386,1,777,49.68,48,6.2,323,195,8,590,P1,128,54.7,33.1,337,204,632,P1,False,B,3,,0,327,
North 24 Parganas,103,N24P-103,94,Market Building 94,343,329,1,673,48.89,61,9.1,382,144,7,584,P1,238,65.4,24.7,314,182,551,P1,False,A,1,,0,283,
North 24 Parganas,103,N24P-103,95,Anganwadi Centre 95,342,322,0,664,48.49,37,5.6,254,171,9,517,P1,83,49.1,33.1,336,125,523,P1,False,B,3,,0,279,
North 24 Parganas,103,N24P-103,96,Anganwadi Centre 96,331,342,1,674,50.74,54,8.0,283,130,11,550,P1,153,51.5,23.6,272,170,520,P1,False,B,3,,0,284,
North 24 Parganas,103,N24P-103,97,Govt Office 97,362,344,0,706,48.73,60,8.5,311,219,6,589,P1,92,52.8,37.2,324,166,544,P1,False,B,3,,0,297,
North 24 Parganas,103,N24P-103,98,Anganwadi Centre 98,298,282,1,581,48.54,43,7.4,327,109,2,484,P1,218,67.6,22.5,320,127,496,P1,False,A,1,,0,245,
North 24 Parganas,103,N24P-103,99,Market Building 99,385,387,1,773,50.06,58,7.5,360,175,2,594,P1,185,60.6,29.5,373,219,662,P1,False,B,3,,0,325,
North 24 Parganas,103,N24P-103,100,Post Office 100,265,268,0,533,50.28,35,6.6,233,155,6,465,P1,78,50.1,33.3,226,102,404,P1,False,B,3,,0,224,
North 24 Parganas,103,N24P-103,101,Market Building 101,242,240,0,482,49.79,32,6.6,196,119,6,372,P1,77,52.7,32.0,254,93,386,P1,False,B,3,,0,203,
North 24 Parganas,103,N24P-103,102,Anganwadi Centre 102,299,308,1,608,50.66,51,8.4,264,189,6,529,P1,75,49.9,35.7,313,151,515,P1,False,B,3,,0,256,
North 24 Parganas,103,N24P-103,103,Club Building 103,265,268,0,533,50.28,41,7.7,235,115,7,439,P1,120,53.5,26.2,295,72,407,P1,False,B,3,,0,224,
North 24 Parganas,103,N24P-103,104,Post Office 104,303,277,1,581,47.68,42,7.2,251,180,7,496,P1,71,50.6,36.3,282,159,490,P1,False,B,3,,0,245,
North 24 Parganas,103,N24P-103,105,Govt Office 105,310,308,1,619,49.76,41,6.6,264,138,8,489,P1,126,54.0,28.2,340,123,539,P1,False,B,3,,0,260,
North 24 Parganas,103,N24P-103,106,Market Building 106,299,273,0,572,47.73,30,5.2,218,181,3,467,P1,37,46.7,38.8,286,121,452,P1,False,B,3,,0,241,
North 24 Parganas,103,N24P-103,107,Temple Hall 107,332,302,0,634,47.63,44,6.9,275,168,5,492,P1,107,55.9,34.1,356,104,511,P1,False,B,3,,0,267,
North 24 Parganas,103,N24P-103,108,Health Sub-Centre 108,389,393,0,782,50.26,47,6.0,324,215,3,601,P1,109,53.9,35.8,467,100,630,P1,False,B,3,,0,329,
North 24 Parganas,103,N24P-103,109,Panchayat Bhavan 109,266,261,0,527,49.53,46,8.7,275,89,5,404,P1,186,68.1,22.0,302,69,441,P1,False,A,1,,0,222,
North 24 Parganas,103,N24P-103,110,Post Office 110,313,298,0,611,48.77,49,8.0,238,192,4,477,P1,46,49.9,40.3,283,160,502,P1,False,B,3,,0,257,
North 24 Parganas,103,N24P-103,111,Anganwadi Centre 111,339,308,0,647,47.6,32,4.9,222,214,4,489,P1,8,45.4,43.8,286,133,521,P1,False,B,3,,0,272,
North 24 Parganas,103,N24P-103,112,Primary School 112,338,328,1,667,49.18,59,8.8,317,153,3,523,P1,164,60.6,29.3,349,164,570,P1,False,B,3,,0,281,
North 24 Parganas,103,N24P-103,113,Govt Office 113,371,368,0,739,49.8,37,5.0,350,225,6,638,P1,125,54.9,35.3,304,187,612,P1,False,B,3,,0,311,
North 24 Parganas,103,N24P-103,114,Madrasa 114,378,343,1,722,47.51,40,5.5,357,175,3,591,P1,182,60.4,29.6,233,199,579,P1,False,B,3,,0,304,
North 24 Parganas,103,N24P-103,115,High School 115,293,292,1,586,49.83,32,5.5,267,162,5,508,P1,105,52.6,31.9,258,146,448,P1,False,B,3,,0,247,
North 24 Parganas,103,N24P-103,116,Temple Hall 116,304,286,1,591,48.39,30,5.1,252,81,9,452,P1,147,55.8,17.9,281,120,471,P1,False,B,3,,0,249,
North 24 Parganas,103,N24P-103,117,Panchayat Bhavan 117,286,296,1,583,50.77,38,6.5,244,148,5,443,P1,96,55.1,33.4,299,125,472,P1,False,B,3,,0,245,
North 24 Parganas,103,N24P-103,118,Anganwadi Centre 118,258,255,0,513,49.71,37,7.2,213,87,10,397,P1,126,53.7,21.9,253,130,425,P1,False,B,3,,0,216,
North 24 Parganas,103,N24P-103,119,Panchayat Bhavan 119,395,407,1,803,50.68,73,9.1,335,173,6,625,P1,162,53.6,27.7,407,218,700,P1,False,B,3,,0,338,
North 24 Parganas,103,N24P-103,120,Post Office 120,289,290,1,580,50.0,31,5.3,185,120,13,455,P1,53,40.7,26.4,252,126,497,P1,False,B,3,,0,244,
North 24 Parganas,103,N24P-103,121,Community Hall 121,419,381,1,801,47.57,45,5.6,427,152,3,643,P1,275,66.4,23.6,402,169,635,P1,False,A,1,,0,337,
North 24 Parganas,103,N24P-103,122,Madrasa 122,305,283,0,588,48.13,45,7.7,337,110,4,497,P1,227,67.8,22.1,251,157,467,P1,False,A,1,,0,247,
North 24 Parganas,103,N24P-103,123,Health Sub-Centre 123,331,302,1,634,47.63,39,6.2,294,133,5,493,P1,161,59.6,27.0,298,102,503,P1,False,B,3,,0,267,
North 24 Parganas,103,N24P-103,124,Primary School 124,381,391,0,772,50.65,56,7.3,366,155,6,606,P1,211,60.4,25.6,301,193,619,P1,False,B,3,,0,325,
North 24 Parganas,103,N24P-103,125,Anganwadi Centre 125,338,345,0,683,50.51,46,6.7,333,195,3,587,P1,138,56.7,33.2,327,146,551,P1,False,B,3,,0,287,
North 24 Parganas,103,N24P-103,126,Madrasa 126,409,400,1,810,49.38,72,8.9,327,173,10,626,P1,154,52.2,27.6,433,162,662,P1,False,B,3,,0,341,
North 24 Parganas,103,N24P-103,127,Health Sub-Centre 127,383,379,0,762,49.74,62,8.1,347,177,6,583,P1,170,59.5,30.4,444,124,632,P1,False,B,3,,0,321,
North 24 Parganas,103,N24P-103,128,Market Building 128,327,308,0,635,48.5,53,8.3,338,134,4,525,P1,204,64.4,25.5,271,176,501,P1,False,B,3,,0,267,
North 24 Parganas,103,N24P-103,129,Anganwadi Centre 129,392,373,0,765,48.76,59,7.7,362,171,2,592,P1,191,61.1,28.9,401,161,624,P1,False,B,3,,0,322,
North 24 Parganas,103,N24P-103,130,Club Building 130,413,406,0,819,49.57,68,8.3,363,189,3,628,P1,174,57.8,30.1,381,201,647,P1,False,B,3,,0,345,
North 24 Parganas,103,N24P-103,131,Anganwadi Centre 131,292,277,1,570,48.6,41,7.2,280,164,6,494,P1,116,56.7,33.2,260,132,477,P1,False,B,3,,0,240,
North 24 Parganas,103,N24P-103,132,Madrasa 132,410,378,1,789,47.91,42,5.3,359,226,3,650,P1,133,55.2,34.8,421,123,604,P1,False,B,3,,0,332,
North 24 Parganas,103,N24P-103,133,High School 133,304,302,1,607,49.75,35,5.8,293,163,3,507,P1,130,57.8,32.1,290,110,499,P1,False,B,3,,0,255,
North 24 Parganas,103,N24P-103,134,High School 134,302,279,1,582,47.94,34,5.8,239,116,7,466,P1,123,51.3,24.9,315,118,481,P1,False,B,3,,0,245,
North 24 Parganas,103,N24P-103,135,Club Building 135,304,289,1,594,48.65,35,5.9,252,185,5,493,P1,67,51.1,37.5,274,145,465,P1,False,B,3,,0,250,
North 24 Parganas,103,N24P-103,136,Primary School 136,266,254,1,521,48.75,44,8.4,227,131,5,398,P1,96,57.0,32.9,254,111,426,P1,False,B,3,,0,219,
North 24 Parganas,103,N24P-103,137,Post Office 137,333,310,0,643,48.21,50,7.8,274,202,2,529,P1,72,51.8,38.2,257,183,517,P1,False,B,3,,0,271,
North 24 Parganas,103,N24P-103,138,Club Building 138,250,240,0,490,48.98,39,8.0,201,142,4,381,P1,59,52.8,37.3,238,115,404,P1,False,B,3,,0,206,
North 24 Parganas,103,N24P-103,139,Temple Hall 139,377,342,1,720,47.5,41,5.7,365,199,4,627,P1,166,58.2,31.7,328,142,545,P1,False,B,3,,0,303,
North 24 Parganas,103,N24P-103,140,Anganwadi Centre 140,311,300,1,612,49.02,54,8.8,289,151,7,505,P1,138,57.2,29.9,280,157,486,P1,False,B,3,,0,258,
North 24 Parganas,103,N24P-103,141,Govt Office 141,331,340,0,671,50.67,36,5.4,333,133,3,529,P1,200,62.9,25.1,334,138,544,P1,False,B,3,,0,282,
North 24 Parganas,103,N24P-103,142,Primary School 142,273,261,1,535,48.79,40,7.5,246,164,3,460,P1,82,53.5,35.7,286,123,454,P1,False,B,3,,0,225,
North 24 Parganas,103,N24P-103,143,Govt Office 143,411,407,1,819,49.69,69,8.4,377,219,2,662,P1,158,56.9,33.1,438,124,625,P1,False,B,3,,0,345,
North 24 Parganas,103,N24P-103,144,Primary School 144,402,382,0,784,48.72,43,5.5,304,227,8,624,P1,77,48.7,36.4,419,175,660,P1,False,B,3,,0,330,
North 24 Parganas,103,N24P-103,145,Govt Office 145,324,294,1,619,47.5,31,5.0,300,123,3,477,P1,177,62.9,25.8,294,137,487,P1,False,B,3,,0,260,
North 24 Parganas,103,N24P-103,146,Market Building 146,413,380,0,793,47.92,55,6.9,408,171,7,643,P1,237,63.5,26.6,399,209,676,P1,False,B,3,,0,334,
North 24 Parganas,103,N24P-103,147,Madrasa 147,333,339,1,673,50.37,36,5.3,294,159,5,539,P1,135,54.5,29.5,291,179,549,P1,False,B,3,,0,283,
North 24 Parganas,103,N24P-103,148,Post Office 148,392,372,1,765,48.63,52,6.8,373,164,4,614,P1,209,60.7,26.7,339,183,628,P1,False,B,3,,0,322,
North 24 Parganas,103,N24P-103,149,Anganwadi Centre 149,323,289,0,612,47.22,44,7.2,311,155,5,518,P1,156,60.0,29.9,229,152,499,P1,False,B,3,,0,258,
North 24 Parganas,103,N24P-103,150,Panchayat Bhavan 150,278,274,1,553,49.55,32,5.8,240,141,3,430,P1,99,55.8,32.8,198,138,449,P1,False,B,3,,0,233,
North 24 Parganas,103,N24P-103,151,Madrasa 151,276,264,1,541,48.8,48,8.9,248,139,3,430,P1,109,57.7,32.3,204,132,423,P1,False,B,3,,0,228,
North 24 Parganas,103,N24P-103,152,Club Building 152,249,231,0,480,48.12,26,5.4,282,89,3,412,P1,193,68.4,21.6,214,116,397,P1,False,A,1,,0,202,
North 24 Parganas,103,N24P-103,153,Health Sub-Centre 153,278,259,0,537,48.23,28,5.2,216,183,5,467,P1,33,46.3,39.2,215,124,453,P1,False,B,3,,0,226,
North 24 Parganas,103,N24P-103,154,Govt Office 154,325,293,1,619,47.33,53,8.6,277,149,3,473,P1,128,58.6,31.5,327,156,536,P1,False,B,3,,0,260,
North 24 Parganas,103,N24P-103,155,Madrasa 155,343,329,1,673,48.89,37,5.5,303,156,3,510,P1,147,59.4,30.6,286,158,586,P1,False,B,3,,0,283,
North 24 Parganas,103,N24P-103,156,Anganwadi Centre 156,362,343,0,705,48.65,36,5.1,403,123,6,584,P1,280,69.0,21.1,318,169,541,P1,False,A,1,,0,297,
North 24 Parganas,103,N24P-103,157,Madrasa 157,331,299,0,630,47.46,48,7.6,300,161,4,512,P1,139,58.6,31.4,307,142,499,P1,False,B,3,,0,265,
North 24 Parganas,103,N24P-103,158,Club Building 158,408,408,1,817,49.94,60,7.3,407,174,5,645,P1,233,63.1,27.0,344,213,618,P1,False,B,3,,0,344,
North 24 Parganas,103,N24P-103,159,Panchayat Bhavan 159,298,282,0,580,48.62,47,8.1,286,134,2,467,P1,152,61.2,28.7,303,149,502,P1,False,B,3,,0,244,
North 24 Parganas,103,N24P-103,160,Govt Office 160,381,358,1,740,48.38,54,7.3,299,186,5,563,P1,113,53.1,33.0,389,191,645,P1,False,B,3,,0,311,
North 24 Parganas,103,N24P-103,161,Panchayat Bhavan 161,370,369,0,739,49.93,56,7.6,369,152,4,578,P1,217,63.8,26.3,353,164,575,P1,False,B,3,,0,311,
North 24 Parganas,103,N24P-103,162,Anganwadi Centre 162,266,273,0,539,50.65,37,6.9,224,136,10,465,P1,88,48.2,29.2,263,111,416,P1,False,B,3,,0,227,
North 24 Parganas,103,N24P-103,163,Health Sub-Centre 163,391,405,1,797,50.82,39,4.9,386,211,7,663,P1,175,58.2,31.8,402,166,631,P1,False,B,3,,0,335,
North 24 Parganas,103,N24P-103,164,Panchayat Bhavan 164,292,297,1,590,50.34,30,5.1,315,129,5,493,P1,186,63.9,26.2,292,120,457,P1,False,B,3,,0,248,
North 24 Parganas,103,N24P-103,165,Anganwadi Centre 165,336,326,1,663,49.17,56,8.4,237,170,20,575,P1,67,41.2,29.6,348,145,567,P1,False,B,3,,0,279,
North 24 Parganas,103,N24P-103,166,Post Office 166,406,369,1,776,47.55,45,5.8,316,195,5,593,P1,121,53.3,32.9,294,193,599,P1,False,B,3,,0,327,
North 24 Parganas,103,N24P-103,167,Health Sub-Centre 167,357,331,1,689,48.04,62,9.0,278,174,4,591,P1,104,47.0,29.4,265,152,586,P1,False,B,3,,0,290,
North 24 Parganas,103,N24P-103,168,Govt Office 168,342,338,0,680,49.71,52,7.6,391,143,5,593,P1,248,65.9,24.1,300,157,554,P1,False,A,1,,0,286,
North 24 Parganas,103,N24P-103,169,Panchayat Bhavan 169,326,324,1,651,49.77,54,8.3,305,105,10,536,P1,195,56.9,19.6,298,142,509,P1,False,B,3,,0,274,
North 24 Parganas,103,N24P-103,170,Club Building 170,367,362,0,729,49.66,56,7.7,372,193,5,628,P1,179,59.2,30.7,326,186,579,P1,False,B,3,,0,307,
North 24 Parganas,103,N24P-103,171,High School 171,357,329,1,687,47.89,60,8.7,395,111,6,562,P1,284,70.3,19.8,400,133,593,P1,False,A,1,,0,289,
North 24 Parganas,103,N24P-103,172,Club Building 172,265,254,0,519,48.94,31,6.0,196,145,6,405,P1,51,48.4,35.8,186,104,441,P1,False,B,3,,0,218,
North 24 Parganas,103,N24P-103,173,Anganwadi Centre 173,331,337,1,669,50.37,52,7.8,346,158,3,560,P1,188,61.8,28.2,349,126,528,P1,False,B,3,,0,282,
North 24 Parganas,103,N24P-103,174,Anganwadi Centre 174,335,315,0,650,48.46,53,8.2,319,130,4,522,P1,189,61.1,24.9,383,111,549,P1,False,B,3,,0,274,
North 24 Parganas,103,N24P-103,175,Club Building 175,305,312,0,617,50.57,45,7.3,366,96,2,514,P1,270,71.2,18.7,316,149,517,P1,False,A,1,,0,260,
North 24 Parganas,103,N24P-103,176,Health Sub-Centre 176,415,404,1,820,49.27,74,9.0,269,239,11,679,P1,30,39.6,35.2,409,172,646,P1,False,B,3,,0,345,
North 24 Parganas,103,N24P-103,177,Health Sub-Centre 177,426,389,1,816,47.67,52,6.4,363,195,5,620,P1,168,58.5,31.5,309,192,628,P1,False,B,3,,0,343,
North 24 Parganas,103,N24P-103,178,Anganwadi Centre 178,359,332,0,691,48.05,51,7.4,330,182,2,569,P1,148,58.0,32.0,295,156,531,P1,False,B,3,,0,291,
North 24 Parganas,103,N24P-103,179,Health Sub-Centre 179,388,385,0,773,49.81,56,7.2,319,156,8,586,P1,163,54.4,26.6,405,200,672,P1,False,B,3,,0,325,
North 24 Parganas,103,N24P-103,180,High School 180,335,314,1,650,48.31,44,6.8,282,200,6,538,P1,82,52.4,37.2,282,140,514,P1,False,B,3,,0,274,
North 24 Parganas,103,N24P-103,181,Panchayat Bhavan 181,358,349,1,708,49.29,62,8.8,347,153,3,556,P1,194,62.4,27.5,310,178,563,P1,False,B,3,,0,298,
North 24 Parganas,103,N24P-103,182,Community Hall 182,270,253,0,523,48.37,37,7.1,243,142,3,450,P1,101,54.0,31.6,269,99,409,P1,False,B,3,,0,220,
North 24 Parganas,103,N24P-103,183,Community Hall 183,277,283,1,561,50.45,30,5.3,282,136,6,471,P1,146,59.9,28.9,235,126,448,P1,False,B,3,,0,236,
North 24 Parganas,103,N24P-103,184,Anganwadi Centre 184,320,318,0,638,49.84,48,7.5,315,171,3,540,P1,144,58.3,31.7,282,163,495,P1,False,B,3,,0,268,
North 24 Parganas,103,N24P-103,185,Govt Office 185,349,335,1,685,48.91,52,7.6,344,184,4,587,P1,160,58.6,31.3,262,217,595,P1,False,B,3,,0,288,
North 24 Parganas,104,N24P-104,1,Post Office 1,280,272,1,553,49.19,26,4.7,266,141,4,452,P1,125,58.8,31.2,248,137,427,P1,False,B,3,,0,233,
North 24 Parganas,104,N24P-104,2,Madrasa 2,323,290,0,613,47.31,41,6.7,279,167,6,495,P1,112,56.4,33.7,234,226,511,P1,False,B,3,,0,258,
North 24 Parganas,104,N24P-104,3,Market Building 3,280,280,1,561,49.91,40,7.1,243,158,6,487,P1,85,49.9,32.4,225,201,487,P1,False,B,3,,0,236,
North 24 Parganas,104,N24P-104,4,Panchayat Bhavan 4,353,365,0,718,50.84,37,5.2,299,155,6,554,P1,144,54.0,28.0,351,172,603,P1,False,B,3,,0,302,
North 24 Parganas,104,N24P-104,5,Club Building 5,346,321,1,668,48.05,50,7.5,318,125,3,511,P1,193,62.2,24.5,344,131,528,P1,False,B,3,,0,281,
North 24 Parganas,104,N24P-104,6,Primary School 6,333,341,0,674,50.59,46,6.8,346,125,5,523,P1,221,66.2,23.9,321,177,554,P1,False,A,1,,0,284,
North 24 Parganas,104,N24P-104,7,Anganwadi Centre 7,354,356,1,711,50.07,34,4.8,259,142,14,554,P1,117,46.8,25.6,317,182,554,P1,False,B,3,,0,299,
North 24 Parganas,104,N24P-104,8,Market Building 8,404,387,0,791,48.93,46,5.8,356,195,5,625,P1,161,57.0,31.2,317,182,633,P1,False,B,3,,0,333,
North 24 Parganas,104,N24P-104,9,Club Building 9,428,382,0,810,47.16,48,5.9,310,208,8,619,P1,102,50.1,33.6,414,171,651,P1,False,B,3,,0,341,
North 24 Parganas,104,N24P-104,10,Anganwadi Centre 10,420,395,0,815,48.47,56,6.9,420,178,8,664,P1,242,63.3,26.8,404,211,683,P1,False,B,3,,0,343,
North 24 Parganas,104,N24P-104,11,Panchayat Bhavan 11,329,295,0,624,47.28,35,5.6,335,139,6,527,P1,196,63.6,26.4,220,142,481,P1,False,B,3,,0,263,
North 24 Parganas,104,N24P-104,12,High School 12,307,315,1,623,50.56,42,6.7,310,150,4,511,P1,160,60.7,29.4,331,126,531,P1,False,B,3,,0,262,
North 24 Parganas,104,N24P-104,13,High School 13,333,331,1,665,49.77,40,6.0,308,206,6,572,P1,102,53.8,36.0,316,156,524,P1,False,B,3,,0,280,
North 24 Parganas,104,N24P-104,14,Anganwadi Centre 14,261,251,0,512,49.02,38,7.4,282,89,5,431,P1,193,65.4,20.6,247,143,443,P1,False,A,1,,0,215,
North 24 Parganas,104,N24P-104,15,Madrasa 15,291,266,0,557,47.76,27,4.8,224,152,5,429,P1,72,52.2,35.4,286,111,441,P1,False,B,3,,0,234,
North 24 Parganas,104,N24P-104,16,Anganwadi Centre 16,263,262,0,525,49.9,41,7.8,198,152,4,433,P1,46,45.7,35.1,269,122,434,P1,False,B,3,,0,221,
North 24 Parganas,104,N24P-104,17,Primary School 17,260,233,1,494,47.17,26,5.3,267,113,2,425,P1,154,62.8,26.6,243,109,391,P1,False,B,3,,0,208,
North 24 Parganas,104,N24P-104,18,Community Hall 18,256,256,0,512,50.0,26,5.1,234,157,6,445,P1,77,52.6,35.3,260,137,441,P1,False,B,3,,0,215,
North 24 Parganas,104,N24P-104,19,Govt Office 19,365,339,1,705,48.09,54,7.7,330,159,3,543,P1,171,60.8,29.3,304,177,582,P1,False,B,3,,0,297,
North 24 Parganas,104,N24P-104,20,Madrasa 20,402,392,1,795,49.31,54,6.8,317,214,9,647,P1,103,49.0,33.1,348,219,630,P1,False,B,3,,0,335,
North 24 Parganas,104,N24P-104,21,Health Sub-Centre 21,336,307,1,644,47.67,50,7.8,331,163,4,548,P1,168,60.4,29.7,317,156,526,P1,False,B,3,,0,271,
North 24 Parganas,104,N24P-104,22,Community Hall 22,290,286,0,576,49.65,39,6.8,266,159,4,475,P1,107,56.0,33.5,288,126,493,P1,False,B,3,,0,242,
North 24 Parganas,104,N24P-104,23,Madrasa 23,390,402,1,793,50.69,53,6.7,326,153,5,612,P1,173,53.3,25.0,398,215,681,P1,False,B,3,,0,334,
North 24 Parganas,104,N24P-104,24,Madrasa 24,363,361,1,725,49.79,46,6.3,392,173,4,628,P1,219,62.4,27.5,356,151,580,P1,False,B,3,,0,305,
North 24 Parganas,104,N24P-104,25,Community Hall 25,331,340,1,672,50.6,52,7.7,316,138,10,557,P1,178,56.7,24.8,264,172,511,P1,False,B,3,,0,283,
North 24 Parganas,104,N24P-104,26,Panchayat Bhavan 26,274,275,0,549,50.09,35,6.4,276,134,3,456,P1,142,60.5,29.4,309,77,428,P1,False,B,3,,0,231,
North 24 Parganas,104,N24P-104,27,Market Building 27,293,294,0,587,50.09,29,4.9,267,130,5,473,P1,137,56.4,27.5,226,114,457,P1,False,B,3,,0,247,
North 24 Parganas,104,N24P-104,28,Temple Hall 28,388,376,1,765,49.15,38,5.0,411,125,3,596,P1,286,69.0,21.0,324,209,641,P1,False,A,1,,0,322,
North 24 Parganas,104,N24P-104,29,Panchayat Bhavan 29,357,335,0,692,48.41,51,7.4,319,184,3,559,P1,135,57.1,32.9,363,147,584,P1,False,B,3,,0,291,
North 24 Parganas,104,N24P-104,30,Health Sub-Centre 30,319,309,0,628,49.2,43,6.8,351,126,6,530,P1,225,66.2,23.8,292,123,518,P1,False,A,1,,0,264,
North 24 Parganas,104,N24P-104,31,Primary School 31,285,265,0,550,48.18,23,4.2,210,116,9,423,P1,94,49.6,27.4,331,71,447,P1,False,B,3,,0,231,
North 24 Parganas,104,N24P-104,32,Club Building 32,277,263,0,540,48.7,28,5.2,273,93,7,469,P1,180,58.2,19.8,267,146,459,P1,False,B,3,,0,227,
North 24 Parganas,104,N24P-104,33,Market Building 33,408,409,1,818,50.0,41,5.0,401,239,3,712,P1,162,56.3,33.6,338,136,660,P1,False,B,3,,0,344,
North 24 Parganas,104,N24P-104,34,Panchayat Bhavan 34,306,308,0,614,50.16,38,6.2,262,161,3,470,P1,101,55.7,34.3,284,160,493,P1,False,B,3,,0,258,
North 24 Parganas,104,N24P-104,35,Community Hall 35,337,330,0,667,49.48,38,5.7,289,168,3,552,P1,121,52.4,30.4,328,179,564,P1,False,B,3,,0,281,
North 24 Parganas,104,N24P-104,36,Temple Hall 36,265,274,1,540,50.74,29,5.4,227,152,4,422,P1,75,53.8,36.0,282,131,459,P1,False,B,3,,0,227,
North 24 Parganas,104,N24P-104,37,Community Hall 37,394,406,0,800,50.75,41,5.1,362,145,5,671,P1,209,53.9,21.6,355,201,623,P1,False,B,3,,0,337,
North 24 Parganas,104,N24P-104,38,Temple Hall 38,422,391,0,813,48.09,35,4.3,368,186,4,615,P1,182,59.8,30.2,361,116,675,P1,False,B,3,,0,342,
North 24 Parganas,104,N24P-104,39,High School 39,373,339,0,712,47.61,54,7.6,339,113,3,542,P1,226,62.5,20.8,337,184,579,P1,False,B,3,,0,300,
North 24 Parganas,104,N24P-104,40,High School 40,398,402,0,800,50.25,46,5.8,364,188,3,613,P1,176,59.4,30.7,409,120,641,P1,False,B,3,,0,337,
North 24 Parganas,104,N24P-104,41,Market Building 41,340,335,1,676,49.56,51,7.5,324,157,6,535,P1,167,60.6,29.3,326,146,524,P1,False,B,3,,0,284,
North 24 Parganas,104,N24P-104,42,High School 42,292,284,0,576,49.31,26,4.5,277,118,3,438,P1,159,63.2,26.9,286,107,457,P1,False,B,3,,0,242,
North 24 Parganas,104,N24P-104,43,Market Building 43,370,379,1,750,50.53,51,6.8,355,196,4,612,P1,159,58.0,32.0,371,148,576,P1,False,B,3,,0,316,
North 24 Parganas,104,N24P-104,44,Market Building 44,418,402,0,820,49.02,61,7.4,367,233,7,667,P1,134,55.0,34.9,401,173,638,P1,False,B,3,,0,345,
North 24 Parganas,104,N24P-104,45,Govt Office 45,251,242,0,493,49.09,35,7.1,199,110,10,407,P1,89,48.9,27.0,184,140,385,P1,False,B,3,,0,207,
North 24 Parganas,104,N24P-104,46,Club Building 46,297,303,0,600,50.5,34,5.7,231,114,4,460,P1,117,50.2,24.8,275,153,495,P1,False,B,3,,0,253,
North 24 Parganas,104,N24P-104,47,Market Building 47,390,385,0,775,49.68,44,5.7,394,186,8,655,P1,208,60.2,28.4,438,160,665,P1,False,B,3,,0,326,
North 24 Parganas,104,N24P-104,48,Post Office 48,274,276,1,551,50.09,38,6.9,257,135,8,467,P1,122,55.0,28.9,247,123,454,P1,False,B,3,,0,232,
North 24 Parganas,104,N24P-104,49,Madrasa 49,393,398,0,791,50.32,41,5.2,380,178,5,620,P1,202,61.3,28.7,310,162,604,P1,False,B,3,,0,333,
North 24 Parganas,104,N24P-104,50,High School 50,360,336,0,696,48.28,48,6.9,333,186,6,586,P1,147,56.8,31.7,386,88,527,P1,False,B,3,,0,293,
North 24 Parganas,104,N24P-104,51,Madrasa 51,398,392,0,790,49.62,38,4.8,332,224,8,655,P1,108,50.7,34.2,421,130,636,P1,False,B,3,,0,332,
North 24 Parganas,104,N24P-104,52,Temple Hall 52,311,317,1,629,50.4,34,5.4,279,181,7,522,P1,98,53.4,34.7,298,142,491,P1,False,B,3,,0,265,
North 24 Parganas,104,N24P-104,53,Anganwadi Centre 53,292,282,0,574,49.13,34,5.9,244,141,3,476,P1,103,51.3,29.6,321,127,498,P1,False,B,3,,0,242,
North 24 Parganas,104,N24P-104,54,Community Hall 54,387,382,0,769,49.67,39,5.1,420,171,4,657,P1,249,63.9,26.0,299,213,598,P1,False,B,3,,0,324,
North 24 Parganas,104,N24P-104,55,Health Sub-Centre 55,246,242,0,488,49.59,22,4.5,224,109,4,387,P1,115,57.9,28.2,259,96,425,P1,False,B,3,,0,205,
North 24 Parganas,104,N24P-104,56,Primary School 56,303,311,0,614,50.65,39,6.4,258,207,6,524,P1,51,49.2,39.5,323,153,529,P1,False,B,3,,0,258,
North 24 Parganas,104,N24P-104,57,Anganwadi Centre 57,312,282,1,595,47.39,46,7.7,247,152,3,461,P1,95,53.6,33.0,242,161,491,P1,False,B,3,,0,250,
North 24 Parganas,104,N24P-104,58,Anganwadi Centre 58,269,249,0,518,48.07,30,5.8,243,135,5,452,P1,108,53.8,29.9,279,108,429,P1,False,B,3,,0,218,
North 24 Parganas,104,N24P-104,59,Market Building 59,254,248,0,502,49.4,32,6.4,207,93,5,397,P1,114,52.1,23.4,263,123,429,P1,False,B,3,,0,211,
North 24 Parganas,104,N24P-104,60,Post Office 60,291,285,1,577,49.39,36,6.2,257,156,5,482,P1,101,53.3,32.4,325,128,503,P1,False,B,3,,0,243,
North 24 Parganas,104,N24P-104,61,Anganwadi Centre 61,279,270,1,550,49.09,38,6.9,262,120,6,433,P1,142,60.5,27.7,232,120,447,P1,False,B,3,,0,231,
North 24 Parganas,104,N24P-104,62,Anganwadi Centre 62,305,298,0,603,49.42,40,6.6,250,164,4,507,P1,86,49.3,32.3,206,132,459,P1,False,B,3,,0,254,
North 24 Parganas,104,N24P-104,63,Primary School 63,403,404,0,807,50.06,53,6.6,383,172,4,617,P1,211,62.1,27.9,378,188,676,P1,False,B,3,,0,340,
North 24 Parganas,104,N24P-104,64,Panchayat Bhavan 64,335,340,1,676,50.3,48,7.1,322,171,7,551,P1,151,58.4,31.0,296,151,537,P1,False,B,3,,0,284,
North 24 Parganas,104,N24P-104,65,Post Office 65,308,284,0,592,47.97,41,6.9,267,92,9,458,P1,175,58.3,20.1,314,111,472,P1,False,B,3,,0,249,
North 24 Parganas,104,N24P-104,66,Panchayat Bhavan 66,332,343,1,676,50.74,40,5.9,309,108,7,512,P1,201,60.4,21.1,355,170,583,P1,False,B,3,,0,284,
North 24 Parganas,104,N24P-104,67,Govt Office 67,321,310,0,631,49.13,35,5.5,274,162,3,520,P1,112,52.7,31.2,265,124,548,P1,False,B,3,,0,266,
North 24 Parganas,104,N24P-104,68,Health Sub-Centre 68,320,312,1,633,49.29,43,6.8,280,170,10,535,P1,110,52.3,31.8,286,154,489,P1,False,B,3,,0,266,
North 24 Parganas,104,N24P-104,69,Panchayat Bhavan 69,403,392,0,795,49.31,57,7.2,349,200,3,615,P1,149,56.7,32.5,257,156,603,P1,False,B,3,,0,335,
North 24 Parganas,104,N24P-104,70,Temple Hall 70,393,371,1,765,48.5,36,4.7,401,167,3,662,P1,234,60.6,25.2,402,163,664,P1,False,B,3,,0,322,
North 24 Parganas,104,N24P-104,71,High School 71,325,324,0,649,49.92,31,4.8,345,119,4,516,P1,226,66.9,23.1,307,152,510,P1,False,A,1,,0,273,
North 24 Parganas,104,N24P-104,72,Market Building 72,242,238,0,480,49.58,35,7.3,268,74,1,381,P1,194,70.3,19.4,225,122,386,P1,False,A,1,,0,202,
North 24 Parganas,104,N24P-104,73,Community Hall 73,334,331,1,666,49.7,49,7.4,313,165,4,533,P1,148,58.7,31.0,256,144,539,P1,False,B,3,,0,280,
North 24 Parganas,104,N24P-104,74,Anganwadi Centre 74,378,382,1,761,50.2,38,5.0,397,170,3,631,P1,227,62.9,26.9,450,145,661,P1,False,B,3,,0,320,
North 24 Parganas,104,N24P-104,75,Primary School 75,290,261,1,552,47.28,39,7.1,318,64,9,481,P1,233,66.1,13.3,244,123,440,P1,False,A,1,,0,232,
North 24 Parganas,104,N24P-104,76,Primary School 76,349,317,1,667,47.53,39,5.8,295,128,16,555,P1,167,53.2,23.1,394,106,556,P1,False,B,3,,0,281,
North 24 Parganas,104,N24P-104,77,High School 77,290,286,0,576,49.65,27,4.7,292,98,5,486,P1,194,60.1,20.2,248,90,449,P1,False,B,3,,0,242,
North 24 Parganas,104,N24P-104,78,Anganwadi Centre 78,415,397,1,813,48.83,47,5.8,471,125,5,662,P1,346,71.1,18.9,377,203,685,P1,False,A,1,,0,342,
North 24 Parganas,104,N24P-104,79,Community Hall 79,416,376,1,793,47.41,36,4.5,323,241,4,628,P1,82,51.4,38.4,398,174,650,P1,False,B,3,,0,334,
North 24 Parganas,104,N24P-104,80,Anganwadi Centre 80,406,395,0,801,49.31,51,6.4,360,155,10,622,P1,205,57.9,24.9,280,183,651,P1,False,B,3,,0,337,
North 24 Parganas,104,N24P-104,81,Govt Office 81,273,245,0,518,47.3,29,5.6,225,103,5,398,P1,122,56.5,25.9,174,133,398,P1,False,B,3,,0,218,
North 24 Parganas,104,N24P-104,82,Temple Hall 82,243,240,0,483,49.69,28,5.8,237,92,6,393,P1,145,60.3,23.4,254,123,419,P1,False,B,3,,0,203,
North 24 Parganas,104,N24P-104,83,Govt Office 83,262,243,1,506,48.02,27,5.3,251,109,5,399,P1,142,62.9,27.3,206,157,403,P1,False,B,3,,0,213,
North 24 Parganas,104,N24P-104,84,Govt Office 84,370,370,0,740,50.0,40,5.4,316,189,5,561,P1,127,56.3,33.7,343,195,620,P1,False,B,3,,0,311,
North 24 Parganas,104,N24P-104,85,Post Office 85,401,383,1,785,48.79,49,6.2,388,205,3,659,P1,183,58.9,31.1,376,135,609,P1,False,B,3,,0,330,
North 24 Parganas,104,N24P-104,86,Govt Office 86,318,329,0,647,50.85,28,4.3,319,143,3,513,P1,176,62.2,27.9,298,150,498,P1,False,B,3,,0,272,
North 24 Parganas,104,N24P-104,87,Market Building 87,364,336,0,700,48.0,33,4.7,388,144,4,591,P1,244,65.7,24.4,285,193,608,P1,False,A,1,,0,295,
North 24 Parganas,104,N24P-104,88,Market Building 88,258,249,1,508,49.02,26,5.1,244,110,2,393,P1,134,62.1,28.0,225,134,398,P1,False,B,3,,0,214,
North 24 Parganas,104,N24P-104,89,Govt Office 89,306,282,0,588,47.96,29,4.9,256,103,14,483,P1,151,53.0,21.3,285,137,473,P1,False,B,3,,0,247,
North 24 Parganas,104,N24P-104,90,Club Building 90,288,272,1,561,48.48,27,4.8,270,134,1,449,P1,136,60.1,29.8,254,179,481,P1,False,B,3,,0,236,
North 24 Parganas,104,N24P-104,91,High School 91,358,341,0,699,48.78,52,7.4,360,151,2,568,P1,209,63.4,26.6,321,209,610,P1,False,B,3,,0,294,
North 24 Parganas,104,N24P-104,92,Govt Office 92,287,276,1,564,48.94,28,5.0,232,179,4,456,P1,53,50.9,39.3,292,102,438,P1,False,B,3,,0,237,
North 24 Parganas,104,N24P-104,93,Community Hall 93,264,266,0,530,50.19,27,5.1,268,130,3,443,P1,138,60.5,29.3,278,105,428,P1,False,B,3,,0,223,
North 24 Parganas,104,N24P-104,94,Health Sub-Centre 94,337,328,1,666,49.25,46,6.9,341,136,3,530,P1,205,64.3,25.7,352,163,572,P1,False,B,3,,0,280,
North 24 Parganas,104,N24P-104,95,Club Building 95,287,282,1,570,49.47,40,7.0,213,145,9,436,P1,68,48.9,33.3,226,189,482,P1,False,B,3,,0,240,
North 24 Parganas,104,N24P-104,96,Anganwadi Centre 96,339,320,0,659,48.56,31,4.7,264,134,9,518,P1,130,51.0,25.9,305,144,556,P1,False,B,3,,0,277,
North 24 Parganas,104,N24P-104,97,Anganwadi Centre 97,286,280,1,567,49.38,40,7.1,222,186,4,463,P1,36,47.9,40.2,298,145,493,P1,False,B,3,,0,239,
North 24 Parganas,104,N24P-104,98,Community Hall 98,250,245,1,496,49.4,33,6.7,276,96,2,414,P1,180,66.7,23.2,274,111,432,P1,False,A,1,,0,209,
North 24 Parganas,104,N24P-104,99,Madrasa 99,259,258,1,518,49.81,34,6.6,247,139,5,429,P1,108,57.6,32.4,227,145,430,P1,False,B,3,,0,218,
North 24 Parganas,104,N24P-104,100,Panchayat Bhavan 100,292,293,1,586,50.0,30,5.1,274,175,3,499,P1,99,54.9,35.1,281,172,504,P1,False,B,3,,0,247,
North 24 Parganas,104,N24P-104,101,Madrasa 101,356,355,0,711,49.93,55,7.7,348,195,4,608,P1,153,57.2,32.1,344,187,595,P1,False,B,3,,0,299,
North 24 Parganas,104,N24P-104,102,Health Sub-Centre 102,342,350,1,693,50.51,32,4.6,316,208,5,598,P1,108,52.8,34.8,343,180,582,P1,False,B,3,,0,292,
North 24 Parganas,104,N24P-104,103,Club Building 103,345,353,1,699,50.5,52,7.4,332,149,5,534,P1,183,62.2,27.9,335,140,532,P1,False,B,3,,0,294,
North 24 Parganas,104,N24P-104,104,Market Building 104,350,342,1,693,49.35,45,6.5,299,185,5,592,P1,114,50.5,31.2,285,177,538,P1,False,B,3,,0,292,
North 24 Parganas,104,N24P-104,105,Madrasa 105,375,359,0,734,48.91,39,5.3,389,161,4,611,P1,228,63.7,26.4,360,172,591,P1,False,B,3,,0,309,
North 24 Parganas,104,N24P-104,106,Primary School 106,273,266,1,540,49.26,42,7.8,230,149,3,435,P1,81,52.9,34.3,233,148,440,P1,False,B,3,,0,227,
North 24 Parganas,104,N24P-104,107,Community Hall 107,348,333,1,682,48.83,33,4.8,314,155,4,583,P1,159,53.9,26.6,278,211,561,P1,False,B,3,,0,287,
North 24 Parganas,104,N24P-104,108,Anganwadi Centre 108,342,309,1,652,47.39,38,5.8,223,236,2,510,P2,13,43.7,46.3,282,163,494,P1,True,B,3,,0,274,
North 24 Parganas,104,N24P-104,109,Madrasa 109,426,382,0,808,47.28,42,5.2,386,211,9,679,P1,175,56.8,31.1,333,160,615,P1,False,B,3,,0,340,
North 24 Parganas,104,N24P-104,110,Community Hall 110,352,339,0,691,49.06,45,6.5,316,138,7,576,P1,178,54.9,24.0,337,152,578,P1,False,B,3,,0,291,
North 24 Parganas,104,N24P-104,111,Anganwadi Centre 111,288,275,1,564,48.76,26,4.6,260,129,2,432,P1,131,60.2,29.9,208,150,450,P1,False,B,3,,0,237,
North 24 Parganas,104,N24P-104,112,Temple Hall 112,372,363,0,735,49.39,52,7.1,327,112,10,560,P1,215,58.4,20.0,354,151,561,P1,False,B,3,,0,309,
North 24 Parganas,104,N24P-104,113,Temple Hall 113,398,360,1,759,47.43,35,4.6,367,173,4,600,P1,194,61.2,28.8,338,136,618,P1,False,B,3,,0,319,
North 24 Parganas,104,N24P-104,114,Temple Hall 114,351,332,0,683,48.61,50,7.3,327,190,4,575,P1,137,56.9,33.0,344,122,518,P1,False,B,3,,0,287,
North 24 Parganas,104,N24P-104,115,Health Sub-Centre 115,412,389,0,801,48.56,57,7.1,383,173,7,618,P1,210,62.0,28.0,295,189,612,P1,False,B,3,,0,337,
North 24 Parganas,104,N24P-104,116,High School 116,352,317,1,670,47.31,30,4.5,320,139,3,509,P1,181,62.9,27.3,299,180,549,P1,False,B,3,,0,282,
North 24 Parganas,104,N24P-104,117,Madrasa 117,361,331,1,693,47.76,35,5.1,285,199,3,537,P1,86,53.1,37.1,313,143,540,P1,False,B,3,,0,292,
North 24 Parganas,104,N24P-104,118,Primary School 118,239,241,0,480,50.21,32,6.7,226,100,6,382,P1,126,59.2,26.2,229,124,392,P1,False,B,3,,0,202,
North 24 Parganas,104,N24P-104,119,Madrasa 119,408,399,0,807,49.44,46,5.7,428,137,4,628,P1,291,68.2,21.8,338,216,616,P1,False,A,1,,0,340,
North 24 Parganas,104,N24P-104,120,Health Sub-Centre 120,298,271,0,569,47.63,26,4.6,317,120,2,486,P1,197,65.2,24.7,215,132,451,P1,False,A,1,,0,239,
North 24 Parganas,104,N24P-104,121,Community Hall 121,253,232,1,486,47.74,24,4.9,198,128,3,384,P1,70,51.6,33.3,223,142,405,P1,False,B,3,,0,205,
North 24 Parganas,104,N24P-104,122,Post Office 122,333,342,0,675,50.67,44,6.5,299,137,5,534,P1,162,56.0,25.7,322,122,565,P1,False,B,3,,0,284,
North 24 Parganas,104,N24P-104,123,Community Hall 123,349,324,0,673,48.14,28,4.2,271,168,7,531,P1,103,51.0,31.6,289,164,542,P1,False,B,3,,0,283,
North 24 Parganas,104,N24P-104,124,Market Building 124,378,362,1,741,48.85,32,4.3,363,153,5,602,P1,210,60.3,25.4,371,169,600,P1,False,B,3,,0,312,
North 24 Parganas,104,N24P-104,125,Govt Office 125,272,254,0,526,48.29,37,7.0,224,110,3,408,P1,114,54.9,27.0,196,148,406,P1,False,B,3,,0,221,
North 24 Parganas,104,N24P-104,126,Madrasa 126,387,397,1,785,50.57,56,7.1,323,180,4,644,P1,143,50.2,28.0,382,159,626,P1,False,B,3,,0,330,
North 24 Parganas,104,N24P-104,127,Panchayat Bhavan 127,387,378,1,766,49.35,39,5.1,370,205,7,657,P1,165,56.3,31.2,353,175,587,P1,False,B,3,,0,322,
North 24 Parganas,104,N24P-104,128,Madrasa 128,395,408,0,803,50.81,55,6.8,373,222,3,661,P1,151,56.4,33.6,389,214,688,P1,False,B,3,,0,338,
North 24 Parganas,104,N24P-104,129,Anganwadi Centre 129,365,370,1,736,50.27,39,5.3,262,202,5,596,P1,60,44.0,33.9,325,175,556,P1,False,B,3,,0,310,
North 24 Parganas,104,N24P-104,130,Club Building 130,400,391,0,791,49.43,41,5.2,387,191,6,643,P1,196,60.2,29.7,387,185,648,P1,False,B,3,,0,333,
North 24 Parganas,104,N24P-104,131,Market Building 131,402,379,1,782,48.47,42,5.4,395,192,4,652,P1,203,60.6,29.4,407,160,641,P1,False,B,3,,0,329,
North 24 Parganas,104,N24P-104,132,Govt Office 132,410,400,1,811,49.32,36,4.4,434,172,3,673,P1,262,64.5,25.6,379,239,686,P1,False,B,3,,0,341,
North 24 Parganas,104,N24P-104,133,Market Building 133,277,270,1,548,49.27,34,6.2,250,122,2,415,P1,128,60.2,29.4,158,143,435,P1,False,B,3,,0,231,
North 24 Parganas,104,N24P-104,134,Anganwadi Centre 134,338,306,0,644,47.52,43,6.7,285,150,6,494,P1,135,57.7,30.4,325,127,502,P1,False,B,3,,0,271,
North 24 Parganas,104,N24P-104,135,Post Office 135,264,238,0,502,47.41,27,5.4,268,114,2,425,P1,154,63.1,26.8,236,76,392,P1,False,B,3,,0,211,
North 24 Parganas,104,N24P-104,136,Panchayat Bhavan 136,317,316,1,634,49.84,37,5.8,282,177,3,510,P1,105,55.3,34.7,331,123,505,P1,False,B,3,,0,267,
North 24 Parganas,104,N24P-104,137,Anganwadi Centre 137,267,244,1,512,47.66,26,5.1,261,139,3,444,P1,122,58.8,31.3,229,130,422,P1,False,B,3,,0,215,
North 24 Parganas,104,N24P-104,138,Primary School 138,361,334,1,696,47.99,54,7.8,329,193,5,584,P1,136,56.3,33.0,339,164,596,P1,False,B,3,,0,293,
North 24 Parganas,104,N24P-104,139,Primary School 139,391,378,0,769,49.15,35,4.6,320,233,4,655,P1,87,48.9,35.6,268,247,600,P1,False,B,3,,0,324,
North 24 Parganas,104,N24P-104,140,Market Building 140,322,318,1,641,49.61,36,5.6,351,135,3,540,P1,216,65.0,25.0,302,178,549,P1,False,B,3,,0,270,
North 24 Parganas,104,N24P-104,141,Market Building 141,325,318,1,644,49.38,45,7.0,295,170,5,517,P1,125,57.1,32.9,310,155,517,P1,False,B,3,,0,271,
North 24 Parganas,104,N24P-104,142,Market Building 142,268,263,1,532,49.44,40,7.5,286,116,3,447,P1,170,64.0,26.0,268,120,432,P1,False,B,3,,0,224,
North 24 Parganas,104,N24P-104,143,Anganwadi Centre 143,323,293,1,617,47.49,38,6.2,354,113,4,518,P1,241,68.3,21.8,338,134,524,P1,False,A,1,,0,260,
North 24 Parganas,104,N24P-104,144,Community Hall 144,376,355,0,731,48.56,38,5.2,384,118,4,558,P1,266,68.8,21.1,288,167,613,P1,False,A,1,,0,308,
North 24 Parganas,104,N24P-104,145,Govt Office 145,322,305,1,628,48.57,34,5.4,243,122,15,549,P1,80,44.3,22.2,262,198,515,P1,False,B,3,,0,264,
North 24 Parganas,104,N24P-104,146,Govt Office 146,276,248,1,525,47.24,23,4.4,254,109,4,404,P1,145,62.9,27.0,273,122,439,P1,False,B,3,,0,221,
North 24 Parganas,104,N24P-104,147,High School 147,245,242,1,488,49.59,37,7.6,262,120,5,425,P1,142,61.6,28.2,225,133,403,P1,False,B,3,,0,205,
North 24 Parganas,104,N24P-104,148,Madrasa 148,386,356,1,743,47.91,54,7.3,409,153,2,625,P1,256,65.4,24.5,373,174,608,P1,False,A,1,,0,313,
North 24 Parganas,104,N24P-104,149,Health Sub-Centre 149,313,304,1,618,49.19,37,6.0,295,109,6,470,P1,186,62.8,23.2,299,156,506,P1,False,B,3,,0,260,
North 24 Parganas,104,N24P-104,150,Primary School 150,367,338,1,706,47.88,42,5.9,324,126,5,604,P1,180,53.6,20.9,281,197,613,P1,False,B,3,,0,297,
North 24 Parganas,104,N24P-104,151,High School 151,346,324,1,671,48.29,43,6.4,335,154,6,544,P1,181,61.6,28.3,289,181,544,P1,False,B,3,,0,282,
North 24 Parganas,104,N24P-104,152,Post Office 152,416,374,0,790,47.34,56,7.1,334,167,10,611,P1,167,54.7,27.3,358,220,642,P1,False,B,3,,0,332,
North 24 Parganas,104,N24P-104,153,Primary School 153,332,336,1,669,50.22,40,6.0,322,174,5,551,P1,148,58.4,31.6,290,174,526,P1,False,B,3,,0,282,
North 24 Parganas,104,N24P-104,154,Market Building 154,351,354,1,706,50.14,31,4.4,333,186,4,576,P1,147,57.8,32.3,332,203,595,P1,False,B,3,,0,297,
North 24 Parganas,104,N24P-104,155,High School 155,243,251,1,495,50.71,21,4.2,232,129,1,401,P1,103,57.9,32.2,260,108,409,P1,False,B,3,,0,208,
North 24 Parganas,104,N24P-104,156,Panchayat Bhavan 156,353,343,0,696,49.28,36,5.2,253,212,5,578,P1,41,43.8,36.7,345,143,542,P1,False,B,3,,0,293,
North 24 Parganas,104,N24P-104,157,Health Sub-Centre 157,332,334,0,666,50.15,42,6.3,357,161,5,576,P1,196,62.0,28.0,335,126,512,P1,False,B,3,,0,280,
North 24 Parganas,104,N24P-104,158,Club Building 158,307,307,0,614,50.0,47,7.7,318,133,4,501,P1,185,63.5,26.5,338,145,536,P1,False,B,3,,0,258,
North 24 Parganas,104,N24P-104,159,Anganwadi Centre 159,406,380,1,787,48.28,60,7.6,377,168,5,606,P1,209,62.2,27.7,361,182,603,P1,False,B,3,,0,331,
North 24 Parganas,104,N24P-104,160,Post Office 160,339,327,0,666,49.1,37,5.6,351,153,7,560,P1,198,62.7,27.3,286,160,520,P1,False,B,3,,0,280,
North 24 Parganas,104,N24P-104,161,Anganwadi Centre 161,359,357,1,717,49.79,54,7.5,355,133,14,608,P1,222,58.4,21.9,396,129,584,P1,False,B,3,,0,302,
North 24 Parganas,104,N24P-104,162,Club Building 162,397,400,0,797,50.19,49,6.1,384,209,5,659,P1,175,58.3,31.7,340,154,639,P1,False,B,3,,0,335,
North 24 Parganas,104,N24P-104,163,Madrasa 163,391,395,0,786,50.25,43,5.5,381,198,8,678,P1,183,56.2,29.2,312,185,608,P1,False,B,3,,0,331,
North 24 Parganas,104,N24P-104,164,Anganwadi Centre 164,343,334,1,678,49.26,30,4.4,324,173,3,552,P1,151,58.7,31.3,322,113,552,P1,False,B,3,,0,285,
North 24 Parganas,104,N24P-104,165,Health Sub-Centre 165,253,241,0,494,48.79,24,4.9,218,115,5,386,P1,103,56.5,29.8,238,125,403,P1,False,B,3,,0,208,
North 24 Parganas,104,N24P-104,166,High School 166,421,388,1,810,47.9,54,6.7,289,191,12,630,P1,98,45.9,30.3,460,174,705,P1,False,B,3,,0,341,
North 24 Parganas,104,N24P-104,167,Madrasa 167,258,231,0,489,47.24,27,5.5,257,110,2,408,P1,147,63.0,27.0,204,142,385,P1,False,B,3,,0,206,
North 24 Parganas,104,N24P-104,168,Anganwadi Centre 168,262,257,0,519,49.52,26,5.0,252,146,4,442,P1,106,57.0,33.0,255,108,403,P1,False,B,3,,0,218,
North 24 Parganas,104,N24P-104,169,Anganwadi Centre 169,314,297,1,612,48.53,35,5.7,256,167,4,534,P1,89,47.9,31.3,291,145,484,P1,False,B,3,,0,258,
North 24 Parganas,104,N24P-104,170,Panchayat Bhavan 170,276,259,1,536,48.32,39,7.3,230,105,10,440,P1,125,52.3,23.9,235,124,407,P1,False,B,3,,0,226,
North 24 Parganas,104,N24P-104,171,Health Sub-Centre 171,310,303,0,613,49.43,41,6.7,357,125,6,535,P1,232,66.7,23.4,219,138,467,P1,False,A,1,,0,258,
North 24 Parganas,104,N24P-104,172,Panchayat Bhavan 172,324,332,1,657,50.53,51,7.8,296,170,7,533,P1,126,55.5,31.9,307,168,528,P1,False,B,3,,0,276,
North 24 Parganas,104,N24P-104,173,Anganwadi Centre 173,297,286,1,584,48.97,42,7.2,281,166,5,496,P1,115,56.7,33.5,244,127,456,P1,False,B,3,,0,246,
North 24 Parganas,104,N24P-104,174,Temple Hall 174,271,251,1,523,47.99,36,6.9,199,158,5,418,P1,41,47.6,37.8,208,110,396,P1,False,B,3,,0,220,
North 24 Parganas,104,N24P-104,175,High School 175,383,367,0,750,48.93,39,5.2,335,180,4,575,P1,155,58.3,31.3,226,171,570,P1,False,B,3,,0,316,
North 24 Parganas,104,N24P-104,176,High School 176,391,376,0,767,49.02,46,6.0,482,111,3,659,P1,371,73.1,16.8,288,159,607,P1,False,A,1,,0,323,
North 24 Parganas,104,N24P-104,177,Anganwadi Centre 177,310,287,1,598,47.99,41,6.9,262,150,5,479,P1,112,54.7,31.3,270,114,509,P1,False,B,3,,0,252,
North 24 Parganas,104,N24P-104,178,Panchayat Bhavan 178,321,325,0,646,50.31,48,7.4,297,141,6,524,P1,156,56.7,26.9,279,182,524,P1,False,B,3,,0,272,
North 24 Parganas,104,N24P-104,179,Govt Office 179,306,277,0,583,47.51,29,5.0,301,119,1,466,P1,182,64.6,25.5,325,107,479,P1,False,B,3,,0,245,
North 24 Parganas,104,N24P-104,180,Primary School 180,325,295,1,621,47.5,39,6.3,282,142,1,471,P1,140,59.9,30.1,296,142,487,P1,False,B,3,,0,261,
North 24 Parganas,104,N24P-104,181,Govt Office 181,356,362,0,718,50.42,53,7.4,329,179,7,565,P1,150,58.2,31.7,332,160,547,P1,False,B,3,,0,302,
North 24 Parganas,104,N24P-104,182,Panchayat Bhavan 182,371,358,1,730,49.04,39,5.3,411,152,4,626,P1,259,65.7,24.3,442,107,611,P1,False,A,1,,0,307,
North 24 Parganas,104,N24P-104,183,Anganwadi Centre 183,302,302,1,605,49.92,42,6.9,217,133,10,500,P1,81,43.4,26.6,205,130,465,P1,False,B,3,,0,255,
North 24 Parganas,104,N24P-104,184,Panchayat Bhavan 184,426,384,0,810,47.41,38,4.7,407,178,2,650,P1,229,62.6,27.4,339,182,689,P1,False,B,3,,0,341,
North 24 Parganas,104,N24P-104,185,Health Sub-Centre 185,296,272,0,568,47.89,31,5.5,315,110,1,472,P1,205,66.7,23.3,310,109,466,P1,False,A,1,,0,239,
North 24 Parganas,104,N24P-104,186,Community Hall 186,288,264,0,552,47.83,31,5.6,240,80,6,434,P1,137,55.3,18.4,270,137,452,P1,False,B,3,,0,232,
North 24 Parganas,104,N24P-104,187,Madrasa 187,318,306,0,624,49.04,32,5.1,272,128,10,517,P1,144,52.6,24.8,292,177,521,P1,False,B,3,,0,263,
North 24 Parganas,104,N24P-104,188,Club Building 188,272,265,0,537,49.35,29,5.4,240,134,4,434,P1,106,55.3,30.9,252,136,431,P1,False,B,3,,0,226,
North 24 Parganas,104,N24P-104,189,High School 189,308,301,1,610,49.34,40,6.6,265,144,6,470,P1,121,56.4,30.6,238,174,510,P1,False,B,3,,0,257,
North 24 Parganas,105,N24P-105,1,Anganwadi Centre 1,309,318,1,628,50.64,78,12.4,365,96,6,548,P1,269,66.6,17.5,305,139,493,P1,False,D,4,,0,264,
North 24 Parganas,105,N24P-105,2,Health Sub-Centre 2,412,370,0,782,47.31,97,12.4,380,123,8,627,P1,257,60.6,19.6,390,224,682,P1,False,D,4,,0,329,
North 24 Parganas,105,N24P-105,3,High School 3,328,301,1,630,47.78,78,12.4,274,143,11,517,P1,131,53.0,27.7,407,60,519,P1,False,D,4,,0,265,
North 24 Parganas,105,N24P-105,4,Health Sub-Centre 4,387,348,0,735,47.35,90,12.2,267,167,8,556,P1,100,48.0,30.0,356,170,611,P1,False,D,4,,0,309,
North 24 Parganas,105,N24P-105,5,Market Building 5,405,409,0,814,50.25,78,9.6,397,185,8,704,P1,212,56.4,26.3,444,186,699,P1,False,B,3,,0,343,
North 24 Parganas,105,N24P-105,6,Market Building 6,273,254,1,528,48.11,70,13.3,242,132,4,420,P1,110,57.6,31.4,241,140,448,P1,False,D,4,,0,222,
North 24 Parganas,105,N24P-105,7,Panchayat Bhavan 7,323,298,0,621,47.99,59,9.5,245,141,9,516,P1,104,47.5,27.3,294,144,511,P1,False,B,3,,0,261,
North 24 Parganas,105,N24P-105,8,Anganwadi Centre 8,253,256,1,510,50.2,62,12.2,285,84,3,410,P1,201,69.5,20.5,269,130,444,P1,False,D,4,,0,215,
North 24 Parganas,105,N24P-105,9,Post Office 9,293,274,0,567,48.32,66,11.6,243,141,6,456,P1,102,53.3,30.9,280,110,455,P1,False,D,4,,0,239,
North 24 Parganas,105,N24P-105,10,Health Sub-Centre 10,308,285,1,594,47.98,53,8.9,281,148,7,487,P1,133,57.7,30.4,297,157,509,P1,False,B,3,,0,250,
North 24 Parganas,105,N24P-105,11,Govt Office 11,280,258,0,538,47.96,60,11.2,231,74,12,408,P1,144,56.6,18.1,261,139,444,P1,False,D,4,,0,226,
North 24 Parganas,105,N24P-105,12,Govt Office 12,264,239,1,504,47.42,44,8.7,270,118,5,432,P1,152,62.5,27.3,247,100,385,P1,False,B,3,,0,212,
North 24 Parganas,105,N24P-105,13,Anganwadi Centre 13,390,402,1,793,50.69,101,12.7,354,226,7,675,P1,128,52.4,33.5,296,193,617,P1,False,D,4,,0,334,
North 24 Parganas,105,N24P-105,14,Club Building 14,352,341,1,694,49.14,97,14.0,309,179,8,563,P1,130,54.9,31.8,350,150,556,P1,False,D,4,,0,292,
North 24 Parganas,105,N24P-105,15,Post Office 15,298,270,1,569,47.45,62,10.9,281,131,4,459,P1,150,61.2,28.5,241,176,474,P1,False,D,4,,0,239,
North 24 Parganas,105,N24P-105,16,Govt Office 16,244,239,1,484,49.38,50,10.3,234,140,4,416,P1,94,56.2,33.7,242,101,387,P1,False,D,4,,0,204,
North 24 Parganas,105,N24P-105,17,Govt Office 17,256,246,0,502,49.0,58,11.6,268,95,3,404,P1,173,66.3,23.5,192,150,380,P1,False,D,4,,0,211,
North 24 Parganas,105,N24P-105,18,Club Building 18,325,291,1,617,47.16,61,9.9,318,130,6,498,P1,188,63.9,26.1,290,156,496,P1,False,B,3,,0,260,
North 24 Parganas,105,N24P-105,19,Market Building 19,313,311,1,625,49.76,54,8.6,322,92,7,495,P1,230,65.1,18.6,263,176,529,P1,False,A,1,,0,263,
North 24 Parganas,105,N24P-105,20,High School 20,303,286,0,589,48.56,50,8.5,292,166,4,509,P1,126,57.4,32.6,242,177,514,P1,False,B,3,,0,248,
North 24 Parganas,105,N24P-105,21,Primary School 21,299,305,1,605,50.41,65,10.7,282,122,5,521,P1,160,54.1,23.4,327,128,506,P1,False,D,4,,0,255,
North 24 Parganas,105,N24P-105,22,Panchayat Bhavan 22,400,404,0,804,50.25,110,13.7,316,211,6,614,P1,105,51.5,34.4,380,219,665,P1,False,D,4,,0,338,
North 24 Parganas,105,N24P-105,23,Health Sub-Centre 23,320,297,1,618,48.06,57,9.2,300,134,7,503,P1,166,59.6,26.6,347,76,528,P1,False,B,3,,0,260,
North 24 Parganas,105,N24P-105,24,Anganwadi Centre 24,401,375,0,776,48.32,74,9.5,394,175,2,633,P1,219,62.2,27.6,379,223,669,P1,False,B,3,,0,327,
North 24 Parganas,105,N24P-105,25,Health Sub-Centre 25,259,262,1,522,50.19,41,7.9,257,127,4,430,P1,130,59.8,29.5,284,122,451,P1,False,B,3,,0,220,
North 24 Parganas,105,N24P-105,26,Madrasa 26,384,394,1,779,50.58,74,9.5,320,257,4,655,P1,63,48.9,39.2,356,188,622,P1,False,B,3,,0,328,
North 24 Parganas,105,N24P-105,27,Temple Hall 27,311,307,1,619,49.6,63,10.2,260,140,5,504,P1,120,51.6,27.8,285,150,483,P1,False,D,4,,0,260,
North 24 Parganas,105,N24P-105,28,Community Hall 28,401,382,1,784,48.72,106,13.5,361,178,14,661,P1,183,54.6,26.9,325,213,680,P1,False,D,4,,0,330,
North 24 Parganas,105,N24P-105,29,Community Hall 29,357,361,0,718,50.28,70,9.7,417,137,6,616,P1,280,67.7,22.2,373,134,583,P1,False,A,1,,0,302,
North 24 Parganas,105,N24P-105,30,Govt Office 30,378,351,1,730,48.08,67,9.2,317,145,18,620,P1,172,51.1,23.4,335,152,605,P1,False,B,3,,0,307,
North 24 Parganas,105,N24P-105,31,Club Building 31,273,261,1,535,48.79,43,8.0,316,68,2,427,P1,248,74.0,15.9,263,114,419,P1,False,A,1,,0,225,
North 24 Parganas,105,N24P-105,32,Community Hall 32,303,295,0,598,49.33,50,8.4,271,170,7,504,P1,101,53.8,33.7,265,157,513,P1,False,B,3,,0,252,
North 24 Parganas,105,N24P-105,33,Community Hall 33,348,327,1,676,48.37,93,13.8,335,179,4,571,P1,156,58.7,31.3,309,148,586,P1,False,D,4,,0,284,
North 24 Parganas,105,N24P-105,34,Post Office 34,315,296,1,612,48.37,58,9.5,305,139,2,506,P1,166,60.3,27.5,243,171,486,P1,False,B,3,,0,258,
North 24 Parganas,105,N24P-105,35,Temple Hall 35,324,313,1,638,49.06,69,10.8,301,170,6,523,P1,131,57.6,32.5,260,155,530,P1,False,D,4,,0,268,
North 24 Parganas,105,N24P-105,36,Temple Hall 36,335,307,0,642,47.82,70,10.9,351,99,3,500,P1,252,70.2,19.8,274,155,487,P1,False,D,4,,0,270,
North 24 Parganas,105,N24P-105,37,Community Hall 37,370,370,1,741,49.93,68,9.2,370,154,11,621,P1,216,59.6,24.8,354,159,570,P1,False,B,3,,0,312,
North 24 Parganas,105,N24P-105,38,Health Sub-Centre 38,348,326,0,674,48.37,67,9.9,305,152,12,576,P1,153,53.0,26.4,287,187,567,P1,False,B,3,,0,284,
North 24 Parganas,105,N24P-105,39,Community Hall 39,412,380,0,792,47.98,81,10.2,333,165,15,631,P1,168,52.8,26.1,329,202,631,P1,False,D,4,,0,333,
North 24 Parganas,105,N24P-105,40,Health Sub-Centre 40,295,305,1,601,50.75,68,11.3,255,151,2,455,P1,104,56.0,33.2,352,118,522,P1,False,D,4,,0,253,
North 24 Parganas,105,N24P-105,41,Anganwadi Centre 41,329,301,0,630,47.78,68,10.8,355,106,2,512,P1,249,69.3,20.7,339,131,522,P1,False,D,4,,0,265,
North 24 Parganas,105,N24P-105,42,Temple Hall 42,275,254,1,530,47.92,41,7.7,272,127,3,447,P1,145,60.9,28.4,227,137,404,P1,False,B,3,,0,223,
North 24 Parganas,105,N24P-105,43,Madrasa 43,399,391,1,791,49.43,91,11.5,286,200,12,601,P1,86,47.6,33.3,335,237,635,P1,False,D,4,,0,333,
North 24 Parganas,105,N24P-105,44,Post Office 44,312,301,0,613,49.1,72,11.7,278,143,3,468,P1,135,59.4,30.6,307,149,510,P1,False,D,4,,0,258,
North 24 Parganas,105,N24P-105,45,Temple Hall 45,372,356,0,728,48.9,96,13.2,354,194,3,609,P1,160,58.1,31.9,286,186,562,P1,False,D,4,,0,306,
North 24 Parganas,105,N24P-105,46,Community Hall 46,353,351,1,705,49.79,81,11.5,331,155,5,601,P1,176,55.1,25.8,371,141,568,P1,False,D,4,,0,297,
North 24 Parganas,105,N24P-105,47,Govt Office 47,291,266,0,557,47.76,62,11.1,298,119,2,463,P1,179,64.4,25.7,277,116,444,P1,False,D,4,,0,234,
North 24 Parganas,105,N24P-105,48,Temple Hall 48,317,325,0,642,50.62,84,13.1,273,87,9,524,P1,123,52.1,16.6,305,134,538,P1,False,D,4,,0,270,
North 24 Parganas,105,N24P-105,49,Community Hall 49,290,294,0,584,50.34,58,9.9,279,132,4,457,P1,147,61.1,28.9,231,177,486,P1,False,B,3,,0,246,
North 24 Parganas,105,N24P-105,50,Govt Office 50,275,254,1,530,47.92,70,13.2,258,86,5,434,P1,172,59.4,19.8,290,92,424,P1,False,D,4,,0,223,
North 24 Parganas,105,N24P-105,51,Govt Office 51,296,275,1,572,48.08,71,12.4,257,171,1,475,P1,86,54.1,36.0,225,170,440,P1,False,D,4,,0,241,
North 24 Parganas,105,N24P-105,52,Anganwadi Centre 52,257,245,0,502,48.8,57,11.4,194,159,2,393,P1,35,49.4,40.5,265,112,419,P1,False,D,4,,0,211,
North 24 Parganas,105,N24P-105,53,Primary School 53,374,352,1,727,48.42,56,7.7,327,193,6,615,P1,134,53.2,31.4,284,143,564,P1,False,B,3,,0,306,
North 24 Parganas,105,N24P-105,54,Govt Office 54,252,254,0,506,50.2,42,8.3,211,108,7,422,P1,103,50.0,25.6,243,125,409,P1,False,B,3,,0,213,
North 24 Parganas,105,N24P-105,55,Post Office 55,303,296,1,600,49.33,57,9.5,312,144,2,507,P1,168,61.5,28.4,317,128,494,P1,False,B,3,,0,253,
North 24 Parganas,105,N24P-105,56,Govt Office 56,304,282,1,587,48.04,48,8.2,264,147,8,501,P1,117,52.7,29.3,320,99,465,P1,False,B,3,,0,247,
North 24 Parganas,105,N24P-105,57,Health Sub-Centre 57,259,269,1,529,50.85,73,13.8,236,134,6,436,P1,102,54.1,30.7,367,47,460,P1,False,D,4,,0,223,
North 24 Parganas,105,N24P-105,58,Madrasa 58,283,292,1,576,50.69,48,8.3,291,115,8,490,P1,176,59.4,23.5,279,121,445,P1,False,B,3,,0,242,
North 24 Parganas,105,N24P-105,59,Club Building 59,333,329,0,662,49.7,63,9.5,257,179,6,538,P1,78,47.8,33.3,325,138,515,P1,False,B,3,,0,279,
North 24 Parganas,105,N24P-105,60,Health Sub-Centre 60,311,284,0,595,47.73,58,9.7,272,173,4,494,P1,99,55.1,35.0,324,144,520,P1,False,B,3,,0,250,
North 24 Parganas,105,N24P-105,61,High School 61,408,380,1,789,48.16,76,9.6,323,233,6,647,P1,90,49.9,36.0,425,119,604,P1,False,B,3,,0,332,
North 24 Parganas,105,N24P-105,62,Health Sub-Centre 62,259,251,1,511,49.12,63,12.3,249,145,3,438,P1,104,56.8,33.1,209,110,402,P1,False,D,4,,0,215,
North 24 Parganas,105,N24P-105,63,Health Sub-Centre 63,386,382,0,768,49.74,88,11.5,391,142,5,592,P1,249,66.0,24.0,349,187,596,P1,False,D,4,,0,323,
North 24 Parganas,105,N24P-105,64,Govt Office 64,267,274,1,542,50.55,50,9.2,214,131,6,423,P1,83,50.6,31.0,326,61,430,P1,False,B,3,,0,228,
North 24 Parganas,105,N24P-105,65,Community Hall 65,402,365,0,767,47.59,86,11.2,347,197,6,621,P1,150,55.9,31.7,311,220,630,P1,False,D,4,,0,323,
North 24 Parganas,105,N24P-105,66,Club Building 66,274,275,0,549,50.09,76,13.8,195,153,6,422,P1,42,46.2,36.3,298,119,464,P1,False,D,4,,0,231,
North 24 Parganas,105,N24P-105,67,Madrasa 67,317,292,1,610,47.87,63,10.3,292,167,2,510,P1,125,57.3,32.7,308,148,506,P1,False,D,4,,0,257,
North 24 Parganas,105,N24P-105,68,Panchayat Bhavan 68,287,289,0,576,50.17,65,11.3,210,155,12,486,P1,55,43.2,31.9,268,147,462,P1,False,D,4,,0,242,
North 24 Parganas,105,N24P-105,69,Temple Hall 69,316,308,1,625,49.28,51,8.2,256,157,11,508,P1,99,50.4,30.9,338,124,513,P1,False,B,3,,0,263,
North 24 Parganas,105,N24P-105,70,Govt Office 70,264,265,1,530,50.0,46,8.7,253,147,3,444,P1,106,57.0,33.1,301,110,456,P1,False,B,3,,0,223,
North 24 Parganas,105,N24P-105,71,Anganwadi Centre 71,422,378,0,800,47.25,94,11.8,395,209,2,675,P1,186,58.5,31.0,414,110,632,P1,False,D,4,,0,337,
North 24 Parganas,105,N24P-105,72,Community Hall 72,308,282,0,590,47.8,50,8.5,249,125,3,455,P1,124,54.7,27.5,301,148,499,P1,False,B,3,,0,248,
North 24 Parganas,105,N24P-105,73,Primary School 73,289,291,0,580,50.17,71,12.2,286,120,5,459,P1,166,62.3,26.1,256,150,482,P1,False,D,4,,0,244,
North 24 Parganas,105,N24P-105,74,Panchayat Bhavan 74,399,393,1,793,49.56,83,10.5,398,209,4,691,P1,189,57.6,30.2,408,174,647,P1,False,D,4,,0,334,
North 24 Parganas,105,N24P-105,75,Govt Office 75,276,261,0,537,48.6,53,9.9,277,129,3,452,P1,148,61.3,28.5,245,100,438,P1,False,B,3,,0,226,
North 24 Parganas,105,N24P-105,76,Market Building 76,318,312,0,630,49.52,86,13.7,297,175,5,538,P1,122,55.2,32.5,352,104,506,P1,False,D,4,,0,265,
North 24 Parganas,105,N24P-105,77,Govt Office 77,374,369,1,744,49.6,97,13.0,387,158,4,605,P1,229,64.0,26.1,271,164,581,P1,False,D,4,,0,313,
North 24 Parganas,105,N24P-105,78,Anganwadi Centre 78,330,306,0,636,48.11,78,12.3,307,176,4,537,P1,131,57.2,32.8,247,205,513,P1,False,D,4,,0,268,
North 24 Parganas,105,N24P-105,79,Govt Office 79,244,250,0,494,50.61,48,9.7,272,71,2,381,P1,201,71.4,18.6,228,123,390,P1,False,A,1,,0,208,
North 24 Parganas,105,N24P-105,80,Madrasa 80,259,263,0,522,50.38,44,8.4,221,150,3,412,P1,71,53.6,36.4,337,57,438,P1,False,B,3,,0,220,
North 24 Parganas,105,N24P-105,81,Anganwadi Centre 81,370,362,1,733,49.39,78,10.6,374,162,6,596,P1,212,62.8,27.2,395,144,603,P1,False,D,4,,0,308,
North 24 Parganas,105,N24P-105,82,High School 82,272,246,1,519,47.4,54,10.4,252,153,2,451,P1,99,55.9,33.9,261,129,447,P1,False,D,4,,0,218,
North 24 Parganas,105,N24P-105,83,Post Office 83,380,391,0,771,50.71,61,7.9,411,172,2,647,P1,239,63.5,26.6,382,191,636,P1,False,B,3,,0,324,
North 24 Parganas,105,N24P-105,84,Market Building 84,276,286,1,563,50.8,44,7.8,276,118,4,438,P1,158,63.0,26.9,256,161,482,P1,False,B,3,,0,237,
North 24 Parganas,105,N24P-105,85,Post Office 85,412,387,0,799,48.44,105,13.1,397,160,4,619,P1,237,64.1,25.8,338,145,620,P1,False,D,4,,0,336,
North 24 Parganas,105,N24P-105,86,Madrasa 86,343,333,0,676,49.26,54,8.0,373,139,2,568,P1,234,65.7,24.5,262,164,531,P1,False,A,1,,0,284,
North 24 Parganas,105,N24P-105,87,High School 87,276,277,0,553,50.09,75,13.6,204,117,5,432,P1,87,47.2,27.1,268,116,427,P1,False,D,4,,0,233,
North 24 Parganas,105,N24P-105,88,Post Office 88,259,266,1,526,50.57,59,11.2,303,95,2,442,P1,208,68.6,21.5,232,129,455,P1,False,D,4,,0,221,
North 24 Parganas,105,N24P-105,89,Club Building 89,375,364,0,739,49.26,64,8.7,297,116,21,615,P1,122,48.3,18.9,344,166,567,P1,False,B,3,,0,311,
North 24 Parganas,105,N24P-105,90,High School 90,354,333,0,687,48.47,97,14.1,319,199,2,576,P1,120,55.4,34.5,335,189,585,P1,False,D,4,,0,289,
North 24 Parganas,105,N24P-105,91,Community Hall 91,395,357,1,753,47.41,75,10.0,337,246,3,652,P1,91,51.7,37.7,286,194,570,P1,False,B,3,,0,317,
North 24 Parganas,105,N24P-105,92,Post Office 92,311,320,0,631,50.71,67,10.6,330,133,4,514,P1,197,64.2,25.9,287,158,494,P1,False,D,4,,0,266,
North 24 Parganas,105,N24P-105,93,Market Building 93,362,342,0,704,48.58,74,10.5,402,152,4,615,P1,250,65.4,24.7,367,162,588,P1,False,D,4,,0,296,
North 24 Parganas,105,N24P-105,94,Govt Office 94,282,261,1,544,47.98,61,11.2,287,117,4,449,P1,170,63.9,26.1,248,115,420,P1,False,D,4,,0,229,
North 24 Parganas,105,N24P-105,95,High School 95,324,328,1,653,50.23,79,12.1,327,139,3,518,P1,188,63.1,26.8,293,138,517,P1,False,D,4,,0,275,
North 24 Parganas,105,N24P-105,96,Panchayat Bhavan 96,242,250,0,492,50.81,49,10.0,215,169,2,427,P1,46,50.4,39.6,188,125,391,P1,False,B,3,,0,207,
North 24 Parganas,105,N24P-105,97,Post Office 97,335,341,1,677,50.37,85,12.6,288,226,2,578,P1,62,49.8,39.1,337,103,541,P1,False,D,4,,0,285,
North 24 Parganas,105,N24P-105,98,Market Building 98,331,307,1,639,48.04,65,10.2,287,205,6,546,P1,82,52.6,37.5,353,101,505,P1,False,D,4,,0,269,
North 24 Parganas,105,N24P-105,99,Market Building 99,304,296,1,601,49.25,84,14.0,299,136,5,484,P1,163,61.8,28.1,247,146,508,P1,False,D,4,,0,253,
North 24 Parganas,105,N24P-105,100,Madrasa 100,263,262,1,526,49.81,42,8.0,205,112,11,418,P1,93,49.0,26.8,302,98,444,P1,False,B,3,,0,221,
North 24 Parganas,105,N24P-105,101,Panchayat Bhavan 101,386,350,1,737,47.49,90,12.2,389,139,5,587,P1,250,66.3,23.7,337,173,605,P1,False,D,4,,0,310,
North 24 Parganas,105,N24P-105,102,Govt Office 102,249,255,0,504,50.6,70,13.9,219,137,2,408,P1,82,53.7,33.6,242,121,404,P1,False,D,4,,0,212,
North 24 Parganas,105,N24P-105,103,Panchayat Bhavan 103,391,392,0,783,50.06,83,10.6,316,139,12,658,P1,132,48.0,21.1,426,175,668,P1,False,D,4,,0,330,
North 24 Parganas,105,N24P-105,104,Govt Office 104,357,330,1,688,47.97,98,14.2,360,159,7,589,P1,201,61.1,27.0,305,136,550,P1,False,D,4,,0,290,
North 24 Parganas,105,N24P-105,105,Govt Office 105,323,326,0,649,50.23,92,14.2,260,186,6,511,P1,74,50.9,36.4,348,126,526,P1,False,D,4,,0,273,
North 24 Parganas,105,N24P-105,106,Temple Hall 106,396,389,0,785,49.55,87,11.1,364,120,6,603,P1,244,60.4,19.9,385,172,645,P1,False,D,4,,0,330,
North 24 Parganas,105,N24P-105,107,Primary School 107,289,296,0,585,50.6,77,13.2,320,111,1,479,P1,209,66.8,23.2,246,157,460,P1,False,D,4,,0,246,
North 24 Parganas,105,N24P-105,108,Post Office 108,287,271,0,558,48.57,78,14.0,262,146,2,454,P1,116,57.7,32.2,242,93,428,P1,False,D,4,,0,235,
North 24 Parganas,105,N24P-105,109,Post Office 109,252,239,1,492,48.58,43,8.7,174,77,14,386,P1,57,45.1,19.9,180,160,379,P1,False,B,3,,0,207,
North 24 Parganas,105,N24P-105,110,Market Building 110,320,310,0,630,49.21,79,12.5,276,119,5,502,P1,157,55.0,23.7,311,120,478,P1,False,D,4,,0,265,
North 24 Parganas,105,N24P-105,111,Anganwadi Centre 111,344,315,0,659,47.8,56,8.5,333,151,2,538,P1,182,61.9,28.1,334,109,545,P1,False,B,3,,0,277,
North 24 Parganas,105,N24P-105,112,Madrasa 112,289,271,1,561,48.31,57,10.2,212,169,7,460,P1,43,46.1,36.7,223,161,443,P1,False,D,4,,0,236,
North 24 Parganas,105,N24P-105,113,High School 113,317,305,0,622,49.04,74,11.9,303,129,3,503,P1,174,60.2,25.6,268,157,472,P1,False,D,4,,0,262,
North 24 Parganas,105,N24P-105,114,Madrasa 114,354,346,1,701,49.36,86,12.3,380,162,7,602,P1,218,63.1,26.9,340,138,531,P1,False,D,4,,0,295,
North 24 Parganas,105,N24P-105,115,Panchayat Bhavan 115,328,333,0,661,50.38,63,9.5,322,157,4,532,P1,165,60.5,29.5,277,155,500,P1,False,B,3,,0,278,
North 24 Parganas,105,N24P-105,116,Temple Hall 116,348,328,1,677,48.45,62,9.2,264,172,9,522,P1,92,50.6,33.0,266,219,539,P1,False,B,3,,0,285,
North 24 Parganas,105,N24P-105,117,Post Office 117,326,298,0,624,47.76,63,10.1,340,138,3,531,P1,202,64.0,26.0,304,149,503,P1,False,D,4,,0,263,
North 24 Parganas,105,N24P-105,118,Club Building 118,275,285,1,561,50.8,73,13.0,288,101,3,433,P1,187,66.5,23.3,259,180,487,P1,False,D,4,,0,236,
North 24 Parganas,105,N24P-105,119,Temple Hall 119,356,340,1,697,48.78,88,12.6,329,163,6,555,P1,166,59.3,29.4,377,141,576,P1,False,D,4,,0,293,
North 24 Parganas,105,N24P-105,120,Club Building 120,283,260,1,544,47.79,58,10.7,280,108,2,431,P1,172,65.0,25.1,271,128,450,P1,False,D,4,,0,229,
North 24 Parganas,105,N24P-105,121,Anganwadi Centre 121,263,253,1,517,48.94,49,9.5,231,151,3,432,P1,80,53.5,35.0,266,122,432,P1,False,B,3,,0,218,
North 24 Parganas,105,N24P-105,122,Madrasa 122,251,234,1,486,48.15,50,10.3,262,71,2,370,P1,191,70.8,19.2,235,137,424,P1,False,D,4,,0,205,
North 24 Parganas,105,N24P-105,123,Temple Hall 123,282,282,1,565,49.91,62,11.0,269,169,6,487,P1,100,55.2,34.7,244,152,473,P1,False,D,4,,0,238,
North 24 Parganas,105,N24P-105,124,Anganwadi Centre 124,284,282,1,567,49.74,78,13.8,227,140,8,461,P1,87,49.2,30.4,237,152,432,P1,False,D,4,,0,239,
North 24 Parganas,105,N24P-105,125,Madrasa 125,362,336,0,698,48.14,58,8.3,327,189,7,573,P1,138,57.1,33.0,343,156,555,P1,False,B,3,,0,294,
North 24 Parganas,105,N24P-105,126,Club Building 126,317,310,0,627,49.44,75,12.0,296,173,2,521,P1,123,56.8,33.2,274,186,526,P1,False,D,4,,0,264,
North 24 Parganas,105,N24P-105,127,Anganwadi Centre 127,322,297,0,619,47.98,52,8.4,374,89,4,514,P1,285,72.8,17.3,315,158,525,P1,False,A,1,,0,260,
North 24 Parganas,105,N24P-105,128,Temple Hall 128,403,412,0,815,50.55,97,11.9,377,255,4,702,P1,122,53.7,36.3,363,202,627,P1,False,D,4,,0,343,
North 24 Parganas,105,N24P-105,129,Panchayat Bhavan 129,422,388,1,811,47.84,71,8.8,333,204,8,627,P1,129,53.1,32.5,371,232,670,P1,False,B,3,,0,341,
North 24 Parganas,105,N24P-105,130,High School 130,270,245,0,515,47.57,67,13.0,245,139,3,426,P1,106,57.5,32.6,251,101,391,P1,False,D,4,,0,217,
North 24 Parganas,105,N24P-105,131,Panchayat Bhavan 131,337,320,1,658,48.63,65,9.9,329,119,5,498,P1,210,66.1,23.9,347,123,522,P1,False,A,1,,0,277,
North 24 Parganas,105,N24P-105,132,High School 132,389,380,0,769,49.41,106,13.8,385,179,7,627,P1,206,61.4,28.5,499,81,645,P1,False,D,4,,0,324,
North 24 Parganas,105,N24P-105,133,Community Hall 133,264,264,1,529,49.91,50,9.5,224,131,7,414,P1,93,54.1,31.6,298,97,439,P1,False,B,3,,0,223,
North 24 Parganas,105,N24P-105,134,Madrasa 134,297,276,0,573,48.17,58,10.1,247,174,2,481,P1,73,51.4,36.2,307,129,490,P1,False,D,4,,0,241,
North 24 Parganas,105,N24P-105,135,Panchayat Bhavan 135,246,244,1,491,49.69,68,13.8,232,125,3,397,P1,107,58.4,31.5,170,125,381,P1,False,D,4,,0,207,
North 24 Parganas,105,N24P-105,136,Temple Hall 136,413,394,0,807,48.82,73,9.0,348,191,4,646,P1,157,53.9,29.6,317,232,633,P1,False,B,3,,0,340,
North 24 Parganas,105,N24P-105,137,Health Sub-Centre 137,384,364,0,748,48.66,105,14.0,386,166,5,613,P1,220,63.0,27.1,395,182,641,P1,False,D,4,,0,315,
North 24 Parganas,105,N24P-105,138,Madrasa 138,384,357,1,742,48.11,65,8.8,222,153,6,570,P1,39,38.9,26.8,359,214,645,P1,False,B,3,,0,312,
North 24 Parganas,105,N24P-105,139,Club Building 139,372,365,0,737,49.53,71,9.6,289,169,9,564,P1,120,51.2,30.0,399,157,617,P1,False,B,3,,0,310,
North 24 Parganas,105,N24P-105,140,Madrasa 140,316,296,1,613,48.29,69,11.3,271,182,5,503,P1,89,53.9,36.2,322,133,513,P1,False,D,4,,0,258,
North 24 Parganas,105,N24P-105,141,Community Hall 141,405,387,1,793,48.8,112,14.1,393,182,6,650,P1,211,60.5,28.0,331,92,685,P1,False,D,4,,0,334,
North 24 Parganas,105,N24P-105,142,Govt Office 142,281,266,1,548,48.54,62,11.3,286,87,8,446,P1,199,64.1,19.5,311,105,462,P1,False,D,4,,0,231,
North 24 Parganas,105,N24P-105,143,Temple Hall 143,407,396,0,803,49.32,108,13.4,377,239,5,688,P1,138,54.8,34.7,416,131,608,P1,False,D,4,,0,338,
North 24 Parganas,105,N24P-105,144,Post Office 144,330,305,0,635,48.03,50,7.9,256,140,5,544,P1,116,47.1,25.7,205,183,524,P1,False,B,3,,0,267,
North 24 Parganas,105,N24P-105,145,Anganwadi Centre 145,331,315,1,647,48.69,88,13.6,340,117,5,508,P1,223,66.9,23.0,315,136,512,P1,False,D,4,,0,272,
North 24 Parganas,105,N24P-105,146,Primary School 146,363,369,1,733,50.34,84,11.5,340,140,11,586,P1,200,58.0,23.9,307,245,618,P1,False,D,4,,0,308,
North 24 Parganas,105,N24P-105,147,Post Office 147,361,349,1,711,49.09,76,10.7,347,186,5,592,P1,161,58.6,31.4,301,171,577,P1,False,D,4,,0,299,
North 24 Parganas,105,N24P-105,148,Primary School 148,286,286,0,572,50.0,76,13.3,238,120,9,446,P1,118,53.4,26.9,311,103,460,P1,False,D,4,,0,241,
North 24 Parganas,105,N24P-105,149,Health Sub-Centre 149,388,353,0,741,47.64,99,13.4,351,188,2,598,P1,163,58.7,31.4,332,106,578,P1,False,D,4,,0,312,
North 24 Parganas,105,N24P-105,150,Madrasa 150,337,348,1,686,50.73,54,7.9,262,146,11,535,P1,116,49.0,27.3,307,192,555,P1,False,B,3,,0,289,
North 24 Parganas,105,N24P-105,151,Market Building 151,280,255,0,535,47.66,66,12.3,240,122,6,426,P1,118,56.3,28.6,258,108,426,P1,False,D,4,,0,225,
North 24 Parganas,105,N24P-105,152,Post Office 152,279,281,1,561,50.09,76,13.5,320,108,3,475,P1,212,67.4,22.7,239,107,425,P1,False,D,4,,0,236,
North 24 Parganas,105,N24P-105,153,Post Office 153,260,256,0,516,49.61,50,9.7,234,146,5,422,P1,88,55.5,34.6,264,121,431,P1,False,B,3,,0,217,
North 24 Parganas,105,N24P-105,154,High School 154,339,312,1,652,47.85,61,9.4,316,161,5,529,P1,155,59.7,30.4,323,165,542,P1,False,B,3,,0,274,
North 24 Parganas,105,N24P-105,155,Temple Hall 155,243,247,0,490,50.41,44,9.0,251,121,5,413,P1,130,60.8,29.3,212,123,372,P1,False,B,3,,0,206,
North 24 Parganas,105,N24P-105,156,Anganwadi Centre 156,393,404,1,798,50.63,109,13.7,359,180,14,661,P1,179,54.3,27.2,316,180,608,P1,False,D,4,,0,336,
North 24 Parganas,105,N24P-105,157,High School 157,414,393,1,808,48.64,71,8.8,388,205,4,659,P1,183,58.9,31.1,368,222,655,P1,False,B,3,,0,340,
North 24 Parganas,105,N24P-105,158,Post Office 158,380,385,1,766,50.26,94,12.3,356,196,5,636,P1,160,56.0,30.8,338,217,664,P1,False,D,4,,0,322,
North 24 Parganas,105,N24P-105,159,Primary School 159,262,246,0,508,48.43,60,11.8,300,81,5,423,P1,219,70.9,19.1,191,106,399,P1,False,D,4,,0,214,
North 24 Parganas,105,N24P-105,160,High School 160,385,382,1,768,49.74,67,8.7,389,166,4,617,P1,223,63.0,26.9,499,70,632,P1,False,B,3,,0,323,
North 24 Parganas,105,N24P-105,161,High School 161,299,294,0,593,49.58,78,13.2,300,145,3,495,P1,155,60.6,29.3,336,99,483,P1,False,D,4,,0,250,
North 24 Parganas,105,N24P-105,162,Community Hall 162,323,303,1,627,48.33,72,11.5,259,170,6,495,P1,89,52.3,34.3,253,176,505,P1,False,D,4,,0,264,
North 24 Parganas,105,N24P-105,163,Govt Office 163,270,264,1,535,49.35,54,10.1,242,95,7,448,P1,142,54.0,21.2,228,148,418,P1,False,D,4,,0,225,
North 24 Parganas,105,N24P-105,164,High School 164,382,385,1,768,50.13,71,9.2,391,197,7,653,P1,194,59.9,30.2,356,155,593,P1,False,B,3,,0,323,
North 24 Parganas,105,N24P-105,165,Post Office 165,428,387,1,816,47.43,78,9.6,433,189,6,692,P1,244,62.6,27.3,364,175,652,P1,False,B,3,,0,343,
North 24 Parganas,105,N24P-105,166,Club Building 166,329,318,0,647,49.15,81,12.5,236,132,16,552,P1,73,42.8,23.9,376,108,538,P1,False,D,4,,0,272,
North 24 Parganas,105,N24P-105,167,Govt Office 167,385,385,0,770,50.0,84,10.9,379,164,3,603,P1,215,62.9,27.2,342,169,672,P1,False,D,4,,0,324,
North 24 Parganas,105,N24P-105,168,Primary School 168,370,377,1,748,50.4,103,13.8,321,230,12,653,P1,91,49.2,35.2,331,198,617,P1,False,D,4,,0,315,
North 24 Parganas,105,N24P-105,169,High School 169,254,261,1,516,50.58,72,14.0,252,102,3,394,P1,150,64.0,25.9,268,100,417,P1,False,D,4,,0,217,
North 24 Parganas,105,N24P-105,170,Temple Hall 170,286,291,0,577,50.43,81,14.0,256,124,6,468,P1,132,54.7,26.5,356,69,473,P1,False,D,4,,0,243,
North 24 Parganas,105,N24P-105,171,High School 171,383,344,1,728,47.25,77,10.6,343,153,4,555,P1,190,61.8,27.6,323,182,600,P1,False,D,4,,0,306,
North 24 Parganas,105,N24P-105,172,Anganwadi Centre 172,388,361,1,750,48.13,100,13.3,390,131,6,579,P1,259,67.4,22.6,353,211,627,P1,False,D,4,,0,316,
North 24 Parganas,105,N24P-105,173,Temple Hall 173,258,250,1,509,49.12,59,11.6,188,135,3,392,P1,53,48.0,34.4,229,139,440,P1,False,D,4,,0,214,
North 24 Parganas,105,N24P-105,174,Club Building 174,306,293,0,599,48.91,85,14.2,330,121,3,521,P1,209,63.3,23.2,323,137,512,P1,False,D,4,,0,252,
North 24 Parganas,105,N24P-105,175,Madrasa 175,385,386,1,772,50.0,99,12.8,266,266,4,605,P1,0,44.0,44.0,291,259,659,P1,False,D,4,,0,325,
North 24 Parganas,105,N24P-105,176,Club Building 176,412,379,1,792,47.85,89,11.2,353,120,8,689,P1,152,51.2,17.4,490,126,685,P1,False,D,4,,0,333,
North 24 Parganas,105,N24P-105,177,Club Building 177,265,239,0,504,47.42,57,11.3,259,113,2,414,P1,146,62.6,27.3,252,99,390,P1,False,D,4,,0,212,
North 24 Parganas,105,N24P-105,178,Post Office 178,407,398,1,806,49.38,89,11.0,419,118,7,692,P1,277,60.5,17.1,371,205,640,P1,False,D,4,,0,339,
North 24 Parganas,105,N24P-105,179,Primary School 179,330,298,1,629,47.38,57,9.1,285,159,9,522,P1,126,54.6,30.5,280,150,478,P1,False,B,3,,0,265,
North 24 Parganas,105,N24P-105,180,Madrasa 180,261,251,0,512,49.02,44,8.6,249,88,12,443,P1,160,56.2,19.9,240,130,440,P1,False,B,3,,0,215,
North 24 Parganas,105,N24P-105,181,Club Building 181,403,398,1,802,49.63,79,9.9,397,212,9,698,P1,185,56.9,30.4,403,221,694,P1,False,B,3,,0,338,
North 24 Parganas,106,N24P-106,1,Primary School 1,400,358,0,758,47.23,72,9.5,337,188,6,584,P1,149,57.7,32.2,355,173,587,P1,False,B,3,,0,319,
North 24 Parganas,106,N24P-106,2,Post Office 2,371,378,0,749,50.47,64,8.5,382,160,6,602,P1,222,63.5,26.6,420,100,578,P1,False,B,3,,0,315,
North 24 Parganas,106,N24P-106,3,Primary School 3,264,236,0,500,47.2,42,8.4,290,74,2,404,P1,216,71.8,18.3,225,133,418,P1,False,A,1,,0,210,
North 24 Parganas,106,N24P-106,4,Govt Office 4,280,251,0,531,47.27,74,13.9,308,87,2,439,P1,221,70.2,19.8,230,102,402,P1,False,D,4,,0,223,
North 24 Parganas,106,N24P-106,5,Temple Hall 5,275,272,0,547,49.73,71,13.0,303,106,3,454,P1,197,66.7,23.3,234,109,434,P1,False,D,4,,0,230,
North 24 Parganas,106,N24P-106,6,Anganwadi Centre 6,346,336,0,682,49.27,86,12.6,251,186,15,570,P1,65,44.0,32.6,307,161,586,P1,False,D,4,,0,287,
North 24 Parganas,106,N24P-106,7,High School 7,259,242,0,501,48.3,43,8.6,222,130,4,397,P1,92,55.9,32.7,185,119,391,P1,False,B,3,,0,211,
North 24 Parganas,106,N24P-106,8,Temple Hall 8,260,259,0,519,49.9,72,13.9,227,136,4,445,P1,91,51.0,30.6,237,137,416,P1,False,D,4,,0,218,
North 24 Parganas,106,N24P-106,9,Temple Hall 9,341,331,1,673,49.18,91,13.5,343,184,3,585,P1,159,58.6,31.5,247,221,560,P1,False,D,4,,0,283,
North 24 Parganas,106,N24P-106,10,Post Office 10,408,372,1,781,47.63,72,9.2,426,143,4,632,P1,283,67.4,22.6,365,119,612,P1,False,A,1,,0,329,
North 24 Parganas,106,N24P-106,11,High School 11,355,347,1,703,49.36,79,11.2,339,160,4,587,P1,179,57.8,27.3,351,158,595,P1,False,D,4,,0,296,
North 24 Parganas,106,N24P-106,12,Community Hall 12,249,251,0,500,50.2,63,12.6,243,116,1,403,P1,127,60.3,28.8,252,135,430,P1,False,D,4,,0,210,
North 24 Parganas,106,N24P-106,13,Club Building 13,411,383,0,794,48.24,70,8.8,361,183,9,643,P1,178,56.1,28.5,419,172,662,P1,False,B,3,,0,334,
North 24 Parganas,106,N24P-106,14,Temple Hall 14,297,300,0,597,50.25,50,8.4,287,141,6,476,P1,146,60.3,29.6,267,156,470,P1,False,B,3,,0,251,
North 24 Parganas,106,N24P-106,15,Community Hall 15,286,270,1,557,48.47,64,11.5,270,148,4,472,P1,122,57.2,31.4,227,158,444,P1,False,D,4,,0,234,
North 24 Parganas,106,N24P-106,16,Health Sub-Centre 16,271,277,1,549,50.46,48,8.7,263,130,7,465,P1,133,56.6,28.0,266,129,439,P1,False,B,3,,0,231,
North 24 Parganas,106,N24P-106,17,Post Office 17,412,390,1,803,48.57,66,8.2,419,211,7,700,P1,208,59.9,30.1,357,259,684,P1,False,B,3,,0,338,
North 24 Parganas,106,N24P-106,18,Primary School 18,289,264,1,554,47.65,72,13.0,238,158,3,455,P1,80,52.3,34.7,315,113,476,P1,False,D,4,,0,233,
North 24 Parganas,106,N24P-106,19,Community Hall 19,278,280,1,559,50.09,44,7.9,226,154,9,469,P1,72,48.2,32.8,317,107,471,P1,False,B,3,,0,235,
North 24 Parganas,106,N24P-106,20,Primary School 20,402,381,1,784,48.6,104,13.3,333,169,3,598,P1,164,55.7,28.3,366,216,684,P1,False,D,4,,0,330,
North 24 Parganas,106,N24P-106,21,Temple Hall 21,281,279,0,560,49.82,67,12.0,235,133,7,435,P1,102,54.0,30.6,258,128,429,P1,False,D,4,,0,236,
North 24 Parganas,106,N24P-106,22,Madrasa 22,260,262,0,522,50.19,43,8.2,221,135,8,427,P1,86,51.8,31.6,288,118,451,P1,False,B,3,,0,220,
North 24 Parganas,106,N24P-106,23,Madrasa 23,310,304,0,614,49.51,59,9.6,294,142,5,485,P1,152,60.6,29.3,210,150,472,P1,False,B,3,,0,258,
North 24 Parganas,106,N24P-106,24,Primary School 24,354,363,1,718,50.56,94,13.1,393,166,3,621,P1,227,63.3,26.7,327,115,576,P1,False,D,4,,0,302,
North 24 Parganas,106,N24P-106,25,Market Building 25,292,274,1,567,48.32,57,10.1,317,108,5,473,P1,209,67.0,22.8,196,118,461,P1,False,D,4,,0,239,
North 24 Parganas,106,N24P-106,26,Madrasa 26,282,268,0,550,48.73,53,9.6,213,132,7,425,P1,81,50.1,31.1,308,110,464,P1,False,B,3,,0,231,
North 24 Parganas,106,N24P-106,27,Market Building 27,296,274,1,571,47.99,45,7.9,280,146,2,473,P1,134,59.2,30.9,313,131,494,P1,False,B,3,,0,240,
North 24 Parganas,106,N24P-106,28,Post Office 28,332,311,1,644,48.29,87,13.5,289,161,2,501,P1,128,57.7,32.1,325,133,509,P1,False,D,4,,0,271,
North 24 Parganas,106,N24P-106,29,Govt Office 29,270,273,0,543,50.28,74,13.6,320,62,5,425,P1,258,75.3,14.6,235,129,412,P1,False,D,4,,0,229,
North 24 Parganas,106,N24P-106,30,High School 30,250,230,1,481,47.82,42,8.7,213,110,3,388,P1,103,54.9,28.4,252,97,388,P1,False,B,3,,0,202,
North 24 Parganas,106,N24P-106,31,Primary School 31,296,289,0,585,49.4,56,9.6,243,168,5,457,P1,75,53.2,36.8,325,83,453,P1,False,B,3,,0,246,
North 24 Parganas,106,N24P-106,32,Post Office 32,314,285,1,600,47.5,84,14.0,299,141,4,489,P1,158,61.1,28.8,291,137,480,P1,False,D,4,,0,253,
North 24 Parganas,106,N24P-106,33,Community Hall 33,346,350,1,697,50.22,82,11.8,338,154,4,547,P1,184,61.8,28.2,397,137,593,P1,False,D,4,,0,293,
North 24 Parganas,106,N24P-106,34,Govt Office 34,324,313,0,637,49.14,86,13.5,308,164,3,524,P1,144,58.8,31.3,274,135,509,P1,False,D,4,,0,268,
North 24 Parganas,106,N24P-106,35,Post Office 35,371,370,0,741,49.93,104,14.0,340,171,8,623,P1,169,54.6,27.4,320,153,611,P1,False,D,4,,0,312,
North 24 Parganas,106,N24P-106,36,Community Hall 36,293,286,0,579,49.4,76,13.1,259,114,7,444,P1,145,58.3,25.7,234,156,475,P1,False,D,4,,0,244,
North 24 Parganas,106,N24P-106,37,Temple Hall 37,406,387,0,793,48.8,90,11.3,359,193,2,613,P1,166,58.6,31.5,408,147,617,P1,False,D,4,,0,334,
North 24 Parganas,106,N24P-106,38,Club Building 38,383,392,1,776,50.52,104,13.4,366,224,5,656,P1,142,55.8,34.1,406,128,594,P1,False,D,4,,0,327,
North 24 Parganas,106,N24P-106,39,Govt Office 39,354,354,1,709,49.93,84,11.8,340,198,3,597,P1,142,57.0,33.2,343,205,609,P1,False,D,4,,0,298,
North 24 Parganas,106,N24P-106,40,Temple Hall 40,396,374,0,770,48.57,62,8.1,378,141,16,651,P1,237,58.1,21.7,303,178,595,P1,False,B,3,,0,324,
North 24 Parganas,106,N24P-106,41,Anganwadi Centre 41,392,398,1,791,50.32,81,10.2,446,100,6,607,P1,346,73.5,16.5,429,171,667,P1,False,D,4,,0,333,
North 24 Parganas,106,N24P-106,42,Community Hall 42,413,373,0,786,47.46,93,11.8,323,172,22,684,P1,151,47.2,25.1,249,216,622,P1,False,D,4,,0,331,
North 24 Parganas,106,N24P-106,43,Community Hall 43,382,349,1,732,47.68,95,13.0,374,197,6,634,P1,177,59.0,31.1,339,173,602,P1,False,D,4,,0,308,
North 24 Parganas,106,N24P-106,44,Madrasa 44,404,379,1,784,48.34,71,9.1,421,151,6,667,P1,270,63.1,22.6,319,191,652,P1,False,B,3,,0,330,
North 24 Parganas,106,N24P-106,45,Temple Hall 45,410,395,1,806,49.01,92,11.4,364,243,6,675,P1,121,53.9,36.0,356,217,685,P1,False,D,4,,0,339,
North 24 Parganas,106,N24P-106,46,Post Office 46,313,321,1,635,50.55,67,10.6,268,145,5,505,P1,123,53.1,28.7,345,146,546,P1,False,D,4,,0,267,
North 24 Parganas,106,N24P-106,47,Panchayat Bhavan 47,360,356,0,716,49.72,101,14.1,311,146,7,547,P1,165,56.9,26.7,372,189,624,P1,False,D,4,,0,301,
North 24 Parganas,106,N24P-106,48,Panchayat Bhavan 48,410,393,1,804,48.88,62,7.7,401,121,8,614,P1,280,65.3,19.7,340,213,640,P1,False,A,1,,0,338,
North 24 Parganas,106,N24P-106,49,Market Building 49,318,292,0,610,47.87,72,11.8,332,140,2,525,P1,192,63.2,26.7,337,86,470,P1,False,D,4,,0,257,
North 24 Parganas,106,N24P-106,50,Panchayat Bhavan 50,289,279,1,569,49.03,63,11.1,220,179,5,459,P1,41,47.9,39.0,266,161,474,P1,False,D,4,,0,239,
North 24 Parganas,106,N24P-106,51,Post Office 51,274,280,0,554,50.54,77,13.9,270,148,2,464,P1,122,58.2,31.9,301,130,479,P1,False,D,4,,0,233,
North 24 Parganas,106,N24P-106,52,Community Hall 52,344,328,1,673,48.74,93,13.8,357,107,5,533,P1,250,67.0,20.1,286,173,510,P1,False,D,4,,0,283,
North 24 Parganas,106,N24P-106,53,Post Office 53,380,373,0,753,49.54,76,10.1,382,156,2,598,P1,226,63.9,26.1,405,150,626,P1,False,D,4,,0,317,
North 24 Parganas,106,N24P-106,54,Club Building 54,317,318,1,636,50.0,55,8.6,329,161,2,545,P1,168,60.4,29.5,241,117,484,P1,False,B,3,,0,268,
North 24 Parganas,106,N24P-106,55,Market Building 55,327,308,1,636,48.43,52,8.2,326,138,4,516,P1,188,63.2,26.7,372,80,503,P1,False,B,3,,0,268,
North 24 Parganas,106,N24P-106,56,Temple Hall 56,266,244,0,510,47.84,42,8.2,306,76,3,424,P1,230,72.2,17.9,278,81,398,P1,False,A,1,,0,215,
North 24 Parganas,106,N24P-106,57,Community Hall 57,258,236,0,494,47.77,46,9.3,268,116,3,427,P1,152,62.8,27.2,234,105,376,P1,False,B,3,,0,208,
North 24 Parganas,106,N24P-106,58,Anganwadi Centre 58,307,291,1,599,48.58,78,13.0,274,115,7,494,P1,159,55.5,23.3,260,135,506,P1,False,D,4,,0,252,
North 24 Parganas,106,N24P-106,59,Health Sub-Centre 59,324,306,0,630,48.57,53,8.4,281,133,11,547,P1,148,51.4,24.3,364,129,548,P1,False,B,3,,0,265,
North 24 Parganas,106,N24P-106,60,Govt Office 60,398,365,0,763,47.84,109,14.3,340,159,5,639,P1,181,53.2,24.9,377,150,586,P1,False,D,4,,0,321,
North 24 Parganas,106,N24P-106,61,Temple Hall 61,313,293,1,607,48.27,75,12.4,280,183,3,522,P1,97,53.6,35.1,318,146,516,P1,False,D,4,,0,255,
North 24 Parganas,106,N24P-106,62,Club Building 62,314,290,1,605,47.93,57,9.4,324,103,5,475,P1,221,68.2,21.7,271,145,462,P1,False,A,1,,0,255,
North 24 Parganas,106,N24P-106,63,Health Sub-Centre 63,371,372,0,743,50.07,58,7.8,379,151,4,589,P1,228,64.3,25.6,383,136,577,P1,False,B,3,,0,313,
North 24 Parganas,106,N24P-106,64,Madrasa 64,387,398,1,786,50.64,93,11.8,426,180,4,673,P1,246,63.3,26.7,291,211,682,P1,False,D,4,,0,331,
North 24 Parganas,106,N24P-106,65,Anganwadi Centre 65,365,361,1,727,49.66,91,12.5,350,208,7,620,P1,142,56.5,33.5,316,215,609,P1,False,D,4,,0,306,
North 24 Parganas,106,N24P-106,66,Panchayat Bhavan 66,420,384,0,804,47.76,77,9.6,417,163,5,644,P1,254,64.8,25.3,345,190,618,P1,False,B,3,,0,338,
North 24 Parganas,106,N24P-106,67,Panchayat Bhavan 67,404,390,0,794,49.12,62,7.8,351,189,6,601,P1,162,58.4,31.4,363,259,691,P1,False,B,3,,0,334,
North 24 Parganas,106,N24P-106,68,Market Building 68,298,300,1,599,50.08,76,12.7,306,122,4,476,P1,184,64.3,25.6,254,143,468,P1,False,D,4,,0,252,
North 24 Parganas,106,N24P-106,69,Madrasa 69,359,324,0,683,47.44,56,8.2,355,121,6,528,P1,234,67.2,22.9,333,127,557,P1,False,A,1,,0,287,
North 24 Parganas,106,N24P-106,70,High School 70,364,349,0,713,48.95,101,14.2,348,173,3,614,P1,175,56.7,28.2,413,141,615,P1,False,D,4,,0,300,
North 24 Parganas,106,N24P-106,71,High School 71,317,322,0,639,50.39,65,10.2,277,151,5,535,P1,126,51.8,28.2,265,169,494,P1,False,D,4,,0,269,
North 24 Parganas,106,N24P-106,72,Market Building 72,332,330,0,662,49.85,53,8.0,373,121,2,575,P1,252,64.9,21.0,401,100,557,P1,False,B,3,,0,279,
North 24 Parganas,106,N24P-106,73,High School 73,336,338,0,674,50.15,57,8.5,383,131,3,571,P1,252,67.1,22.9,309,163,525,P1,False,A,1,,0,284,
North 24 Parganas,106,N24P-106,74,Govt Office 74,342,318,1,661,48.11,82,12.4,316,159,8,562,P1,157,56.2,28.3,354,100,504,P1,False,D,4,,0,278,
North 24 Parganas,106,N24P-106,75,Health Sub-Centre 75,398,361,1,760,47.5,69,9.1,312,230,7,603,P1,82,51.7,38.1,344,186,639,P1,False,B,3,,0,320,
North 24 Parganas,106,N24P-106,76,Madrasa 76,354,361,1,716,50.42,59,8.2,400,105,3,561,P1,295,71.3,18.7,361,156,574,P1,False,A,1,,0,301,
North 24 Parganas,106,N24P-106,77,Club Building 77,253,246,0,499,49.3,44,8.8,235,126,2,406,P1,109,57.9,31.0,235,109,425,P1,False,B,3,,0,210,
North 24 Parganas,106,N24P-106,78,Market Building 78,288,294,1,583,50.43,57,9.8,305,110,6,461,P1,195,66.2,23.9,262,142,497,P1,False,A,1,,0,245,
North 24 Parganas,106,N24P-106,79,Temple Hall 79,350,315,1,666,47.3,91,13.7,328,142,2,528,P1,186,62.1,26.9,340,159,554,P1,False,D,4,,0,280,
North 24 Parganas,106,N24P-106,80,High School 80,396,394,0,790,49.87,65,8.2,379,169,7,656,P1,210,57.8,25.8,423,135,653,P1,False,B,3,,0,332,
North 24 Parganas,106,N24P-106,81,Primary School 81,352,317,0,669,47.38,90,13.5,361,142,5,558,P1,219,64.7,25.4,310,187,572,P1,False,D,4,,0,282,
North 24 Parganas,106,N24P-106,82,Community Hall 82,249,245,1,495,49.49,44,8.9,222,127,2,387,P1,95,57.4,32.8,239,143,425,P1,False,B,3,,0,208,
North 24 Parganas,106,N24P-106,83,Post Office 83,313,280,0,593,47.22,70,11.8,268,140,6,483,P1,128,55.5,29.0,191,164,452,P1,False,D,4,,0,250,
North 24 Parganas,106,N24P-106,84,Market Building 84,379,350,0,729,48.01,81,11.1,317,212,10,636,P1,105,49.8,33.3,377,148,633,P1,False,D,4,,0,307,
North 24 Parganas,106,N24P-106,85,Govt Office 85,346,325,1,672,48.36,68,10.1,336,132,2,520,P1,204,64.6,25.4,400,117,574,P1,False,D,4,,0,283,
North 24 Parganas,106,N24P-106,86,Health Sub-Centre 86,357,351,0,708,49.58,95,13.4,344,194,3,598,P1,150,57.5,32.4,428,119,608,P1,False,D,4,,0,298,
North 24 Parganas,106,N24P-106,87,Club Building 87,241,243,0,484,50.21,56,11.6,257,92,4,394,P1,165,65.2,23.4,221,109,367,P1,False,D,4,,0,204,
North 24 Parganas,106,N24P-106,88,Post Office 88,286,294,1,581,50.6,72,12.4,241,112,12,474,P1,129,50.8,23.6,293,124,463,P1,False,D,4,,0,245,
North 24 Parganas,106,N24P-106,89,High School 89,348,345,0,693,49.78,57,8.2,277,161,11,549,P1,116,50.5,29.3,374,103,530,P1,False,B,3,,0,292,
North 24 Parganas,106,N24P-106,90,Post Office 90,331,307,0,638,48.12,71,11.1,271,115,5,502,P1,156,54.0,22.9,319,159,547,P1,False,D,4,,0,268,
North 24 Parganas,106,N24P-106,91,High School 91,338,314,1,653,48.09,53,8.1,289,182,5,529,P1,107,54.6,34.4,299,123,501,P1,False,B,3,,0,275,
North 24 Parganas,106,N24P-106,92,Club Building 92,325,296,0,621,47.67,63,10.1,288,157,5,504,P1,131,57.1,31.2,312,119,481,P1,False,D,4,,0,261,
North 24 Parganas,106,N24P-106,93,Primary School 93,329,300,0,629,47.69,69,11.0,263,146,10,525,P1,117,50.1,27.8,322,114,484,P1,False,D,4,,0,265,
North 24 Parganas,106,N24P-106,94,Temple Hall 94,338,333,1,672,49.55,79,11.8,298,147,7,574,P1,151,51.9,25.6,339,143,536,P1,False,D,4,,0,283,
North 24 Parganas,106,N24P-106,95,Panchayat Bhavan 95,334,340,1,675,50.37,92,13.6,316,172,9,560,P1,144,56.4,30.7,300,163,515,P1,False,D,4,,0,284,
North 24 Parganas,106,N24P-106,96,Club Building 96,371,368,0,739,49.8,85,11.5,375,196,3,635,P1,179,59.1,30.9,295,141,635,P1,False,D,4,,0,311,
North 24 Parganas,106,N24P-106,97,Temple Hall 97,380,354,0,734,48.23,93,12.7,374,192,2,628,P1,182,59.6,30.6,385,139,641,P1,False,D,4,,0,309,
North 24 Parganas,106,N24P-106,98,Community Hall 98,378,377,1,756,49.87,98,13.0,287,167,16,632,P1,120,45.4,26.4,322,193,609,P1,False,D,4,,0,318,
North 24 Parganas,106,N24P-106,99,Market Building 99,260,245,1,506,48.42,59,11.7,198,112,8,406,P1,86,48.8,27.6,262,115,419,P1,False,D,4,,0,213,
North 24 Parganas,106,N24P-106,100,Post Office 100,373,348,1,722,48.2,74,10.2,338,172,5,566,P1,166,59.7,30.4,362,132,549,P1,False,D,4,,0,304,
North 24 Parganas,106,N24P-106,101,Govt Office 101,340,311,1,652,47.7,72,11.0,302,148,9,540,P1,154,55.9,27.4,301,196,552,P1,False,D,4,,0,274,
North 24 Parganas,106,N24P-106,102,Anganwadi Centre 102,419,393,1,813,48.34,74,9.1,380,237,7,685,P1,143,55.5,34.6,288,233,652,P1,False,B,3,,0,342,
North 24 Parganas,106,N24P-106,103,Govt Office 103,377,387,0,764,50.65,95,12.4,352,203,7,623,P1,149,56.5,32.6,355,164,621,P1,False,D,4,,0,322,
North 24 Parganas,106,N24P-106,104,Primary School 104,322,304,1,627,48.48,61,9.7,388,87,2,527,P1,301,73.6,16.5,271,100,511,P1,False,A,1,,0,264,
North 24 Parganas,106,N24P-106,105,High School 105,402,411,0,813,50.55,71,8.7,469,124,7,659,P1,345,71.2,18.8,338,210,690,P1,False,A,1,,0,342,
North 24 Parganas,106,N24P-106,106,Market Building 106,258,231,1,490,47.14,58,11.8,218,122,5,413,P1,96,52.8,29.5,228,118,385,P1,False,D,4,,0,206,
North 24 Parganas,106,N24P-106,107,High School 107,396,386,0,782,49.36,87,11.1,318,220,12,644,P1,98,49.4,34.2,397,167,627,P1,False,D,4,,0,329,
North 24 Parganas,106,N24P-106,108,Community Hall 108,369,352,1,722,48.75,63,8.7,337,103,13,602,P1,195,56.0,17.1,320,208,595,P1,False,B,3,,0,304,
North 24 Parganas,106,N24P-106,109,Temple Hall 109,349,321,0,670,47.91,55,8.2,305,198,3,559,P1,107,54.6,35.4,329,151,535,P1,False,B,3,,0,282,
North 24 Parganas,106,N24P-106,110,Club Building 110,335,321,1,657,48.86,91,13.9,368,95,5,515,P1,273,71.5,18.4,324,145,521,P1,False,D,4,,0,276,
North 24 Parganas,106,N24P-106,111,Anganwadi Centre 111,268,276,1,545,50.64,76,13.9,268,146,4,471,P1,122,56.9,31.0,214,126,434,P1,False,D,4,,0,229,
North 24 Parganas,106,N24P-106,112,Panchayat Bhavan 112,284,286,0,570,50.18,67,11.8,304,117,5,467,P1,187,65.1,25.1,310,131,490,P1,False,D,4,,0,240,
North 24 Parganas,106,N24P-106,113,Temple Hall 113,397,373,0,770,48.44,91,11.8,405,129,5,593,P1,276,68.3,21.8,361,189,657,P1,False,D,4,,0,324,
North 24 Parganas,106,N24P-106,114,Market Building 114,255,229,0,484,47.31,45,9.3,255,91,2,385,P1,164,66.2,23.6,228,128,395,P1,False,A,1,,0,204,
North 24 Parganas,106,N24P-106,115,Anganwadi Centre 115,329,328,0,657,49.92,71,10.8,255,164,9,551,P1,91,46.3,29.8,332,152,538,P1,False,D,4,,0,276,
North 24 Parganas,106,N24P-106,116,Market Building 116,324,327,0,651,50.23,57,8.8,299,153,3,502,P1,146,59.6,30.5,408,84,547,P1,False,B,3,,0,274,
North 24 Parganas,106,N24P-106,117,Post Office 117,344,325,0,669,48.58,78,11.7,338,164,6,571,P1,174,59.2,28.7,289,166,532,P1,False,D,4,,0,282,
North 24 Parganas,106,N24P-106,118,High School 118,367,362,0,729,49.66,69,9.5,388,154,6,604,P1,234,64.2,25.5,310,160,602,P1,False,B,3,,0,307,
North 24 Parganas,106,N24P-106,119,Community Hall 119,284,285,0,569,50.09,47,8.3,266,168,6,487,P1,98,54.6,34.5,268,115,481,P1,False,B,3,,0,239,
North 24 Parganas,106,N24P-106,120,Primary School 120,337,327,1,665,49.17,61,9.2,298,149,4,558,P1,149,53.4,26.7,352,142,581,P1,False,B,3,,0,280,
North 24 Parganas,106,N24P-106,121,Temple Hall 121,282,260,0,542,47.97,55,10.1,280,134,3,460,P1,146,60.9,29.1,194,208,451,P2,True,D,4,,0,228,
North 24 Parganas,106,N24P-106,122,High School 122,282,256,1,539,47.5,48,8.9,288,129,2,464,P1,159,62.1,27.8,269,138,452,P1,False,B,3,,0,227,
North 24 Parganas,106,N24P-106,123,Madrasa 123,380,351,0,731,48.02,70,9.6,302,221,4,597,P1,81,50.6,37.0,292,205,563,P1,False,B,3,,0,308,
North 24 Parganas,106,N24P-106,124,Community Hall 124,399,366,0,765,47.84,75,9.8,434,116,4,611,P1,318,71.0,19.0,301,181,616,P1,False,A,1,,0,322,
North 24 Parganas,106,N24P-106,125,Madrasa 125,388,380,0,768,49.48,97,12.6,330,214,6,604,P1,116,54.6,35.4,375,205,644,P1,False,D,4,,0,323,
North 24 Parganas,106,N24P-106,126,Community Hall 126,269,254,1,524,48.47,72,13.7,269,139,2,454,P1,130,59.3,30.6,245,131,450,P1,False,D,4,,0,221,
North 24 Parganas,106,N24P-106,127,High School 127,300,291,1,592,49.16,75,12.7,302,138,2,488,P1,164,61.9,28.3,266,139,450,P1,False,D,4,,0,249,
North 24 Parganas,106,N24P-106,128,Madrasa 128,353,361,0,714,50.56,77,10.8,373,148,2,578,P1,225,64.5,25.6,319,185,577,P1,False,D,4,,0,300,
North 24 Parganas,106,N24P-106,129,Primary School 129,412,379,0,791,47.91,67,8.5,254,232,15,649,P1,22,39.1,35.7,393,183,640,P1,False,B,3,,0,333,
North 24 Parganas,106,N24P-106,130,Health Sub-Centre 130,328,330,1,659,50.08,84,12.7,210,155,17,514,P1,55,40.9,30.2,312,175,542,P1,False,D,4,,0,277,
North 24 Parganas,106,N24P-106,131,Temple Hall 131,294,275,0,569,48.33,64,11.2,179,139,12,486,P1,29,36.8,28.6,219,127,431,P1,False,D,4,,0,239,
North 24 Parganas,106,N24P-106,132,Community Hall 132,377,349,1,727,48.01,76,10.5,339,211,10,632,P1,128,53.6,33.4,314,156,608,P1,False,D,4,,0,306,
North 24 Parganas,106,N24P-106,133,High School 133,293,288,0,581,49.57,83,14.3,321,129,5,500,P1,192,64.2,25.8,290,126,462,P1,False,D,4,,0,245,
North 24 Parganas,106,N24P-106,134,Primary School 134,368,332,0,700,47.43,83,11.9,344,139,4,544,P1,205,63.2,25.6,212,174,543,P1,False,D,4,,0,295,
North 24 Parganas,106,N24P-106,135,Health Sub-Centre 135,410,399,0,809,49.32,97,12.0,381,170,6,645,P1,211,59.1,26.4,412,177,655,P1,False,D,4,,0,340,
North 24 Parganas,106,N24P-106,136,Health Sub-Centre 136,349,345,1,695,49.64,80,11.5,371,139,6,567,P1,232,65.4,24.5,375,137,569,P1,False,D,4,,0,292,
North 24 Parganas,106,N24P-106,137,Post Office 137,328,301,1,630,47.78,60,9.5,313,153,4,517,P1,160,60.5,29.6,261,174,485,P1,False,B,3,,0,265,
North 24 Parganas,106,N24P-106,138,Club Building 138,340,309,0,649,47.61,55,8.5,292,119,9,491,P1,173,59.5,24.2,346,138,538,P1,False,B,3,,0,273,
North 24 Parganas,106,N24P-106,139,Primary School 139,418,398,0,816,48.77,98,12.0,454,115,2,632,P1,339,71.8,18.2,529,83,680,P1,False,D,4,,0,343,
North 24 Parganas,106,N24P-106,140,Primary School 140,400,381,1,782,48.72,109,13.9,359,254,2,681,P1,105,52.7,37.3,305,108,613,P1,False,D,4,,0,329,
North 24 Parganas,106,N24P-106,141,Market Building 141,348,328,0,676,48.52,69,10.2,381,104,2,538,P1,277,70.8,19.3,417,92,566,P1,False,D,4,,0,284,
North 24 Parganas,106,N24P-106,142,Temple Hall 142,422,385,1,808,47.65,88,10.9,442,161,5,670,P1,281,66.0,24.0,361,231,694,P1,False,D,4,,0,340,
North 24 Parganas,106,N24P-106,143,Community Hall 143,346,335,1,682,49.12,76,11.1,342,137,2,532,P1,205,64.3,25.8,264,185,522,P1,False,D,4,,0,287,
North 24 Parganas,106,N24P-106,144,Panchayat Bhavan 144,267,253,0,520,48.65,61,11.7,227,143,3,437,P1,84,51.9,32.7,209,93,396,P1,False,D,4,,0,219,
North 24 Parganas,106,N24P-106,145,High School 145,265,265,0,530,50.0,50,9.4,197,175,2,435,P1,22,45.3,40.2,255,114,438,P1,False,B,3,,0,223,
North 24 Parganas,106,N24P-106,146,Community Hall 146,330,312,1,643,48.52,90,14.0,262,139,7,495,P1,123,52.9,28.1,341,124,517,P1,False,D,4,,0,271,
North 24 Parganas,106,N24P-106,147,High School 147,258,236,0,494,47.77,47,9.5,223,114,1,375,P1,109,59.5,30.4,245,129,416,P1,False,B,3,,0,208,
North 24 Parganas,106,N24P-106,148,Temple Hall 148,392,353,0,745,47.38,67,9.0,419,131,6,612,P1,288,68.5,21.4,301,182,579,P1,False,A,1,,0,314,
North 24 Parganas,106,N24P-106,149,Panchayat Bhavan 149,302,302,1,605,49.92,63,10.4,230,163,12,502,P1,67,45.8,32.5,307,110,463,P1,False,D,4,,0,255,
North 24 Parganas,106,N24P-106,150,Temple Hall 150,293,272,1,566,48.06,52,9.2,321,79,2,444,P1,242,72.3,17.8,188,162,444,P1,False,A,1,,0,238,
North 24 Parganas,106,N24P-106,151,Govt Office 151,275,267,0,542,49.26,64,11.8,242,123,3,439,P1,119,55.1,28.0,232,138,412,P1,False,D,4,,0,228,
North 24 Parganas,106,N24P-106,152,Madrasa 152,394,389,1,784,49.62,101,12.9,414,150,2,627,P1,264,66.0,23.9,336,190,594,P1,False,D,4,,0,330,
North 24 Parganas,106,N24P-106,153,Post Office 153,359,325,0,684,47.51,53,7.7,357,160,5,594,P1,197,60.1,26.9,404,116,578,P1,False,B,3,,0,288,
North 24 Parganas,106,N24P-106,154,High School 154,300,302,1,603,50.08,72,11.9,260,155,4,499,P1,105,52.1,31.1,322,144,518,P1,False,D,4,,0,254,
North 24 Parganas,106,N24P-106,155,Market Building 155,408,402,1,811,49.57,79,9.7,340,243,3,647,P1,97,52.6,37.6,341,111,650,P1,False,B,3,,0,341,
North 24 Parganas,106,N24P-106,156,Panchayat Bhavan 156,317,326,1,644,50.62,83,12.9,347,145,4,549,P1,202,63.2,26.4,271,158,502,P1,False,D,4,,0,271,
North 24 Parganas,106,N24P-106,157,Madrasa 157,260,234,1,495,47.27,47,9.5,262,87,4,388,P1,175,67.5,22.4,279,108,430,P1,False,A,1,,0,208,
North 24 Parganas,106,N24P-106,158,Community Hall 158,355,354,1,710,49.86,82,11.5,340,115,9,609,P1,201,55.8,18.9,358,200,620,P1,False,D,4,,0,299,
North 24 Parganas,106,N24P-106,159,Club Building 159,273,268,1,542,49.45,52,9.6,320,71,4,435,P1,249,73.6,16.3,247,171,465,P1,False,A,1,,0,228,
North 24 Parganas,106,N24P-106,160,High School 160,326,331,0,657,50.38,78,11.9,326,137,3,524,P1,189,62.2,26.1,256,154,501,P1,False,D,4,,0,276,
North 24 Parganas,106,N24P-106,161,Madrasa 161,356,329,0,685,48.03,83,12.1,327,196,7,582,P1,131,56.2,33.7,351,140,565,P1,False,D,4,,0,288,
North 24 Parganas,106,N24P-106,162,Temple Hall 162,295,298,0,593,50.25,80,13.5,331,84,2,461,P1,247,71.8,18.2,311,139,500,P1,False,D,4,,0,250,
North 24 Parganas,106,N24P-106,163,Post Office 163,364,336,1,701,47.93,72,10.3,392,153,3,606,P1,239,64.7,25.2,270,132,582,P1,False,D,4,,0,295,
North 24 Parganas,106,N24P-106,164,Club Building 164,336,323,1,660,48.94,82,12.4,364,97,6,512,P1,267,71.1,18.9,393,109,558,P1,False,D,4,,0,278,
North 24 Parganas,106,N24P-106,165,Govt Office 165,260,248,0,508,48.82,72,14.2,268,96,6,443,P1,172,60.5,21.7,260,95,394,P1,False,D,4,,0,214,
North 24 Parganas,106,N24P-106,166,Club Building 166,343,308,1,652,47.24,78,12.0,241,177,16,561,P1,64,43.0,31.6,229,153,505,P1,False,D,4,,0,274,
North 24 Parganas,106,N24P-106,167,Anganwadi Centre 167,366,331,1,698,47.42,90,12.9,306,178,2,538,P1,128,56.9,33.1,264,232,590,P1,False,D,4,,0,294,
North 24 Parganas,106,N24P-106,168,Health Sub-Centre 168,407,401,0,808,49.63,107,13.2,413,203,3,685,P1,210,60.3,29.6,419,162,646,P1,False,D,4,,0,340,
North 24 Parganas,106,N24P-106,169,High School 169,333,330,1,664,49.7,55,8.3,277,151,3,504,P1,126,55.0,30.0,323,186,566,P1,False,B,3,,0,279,
North 24 Parganas,106,N24P-106,170,Madrasa 170,257,246,1,504,48.81,46,9.1,249,126,1,416,P1,123,59.9,30.3,245,138,426,P1,False,B,3,,0,212,
North 24 Parganas,106,N24P-106,171,Govt Office 171,327,330,0,657,50.23,68,10.4,286,114,12,529,P1,172,54.1,21.6,281,187,520,P1,False,D,4,,0,276,
North 24 Parganas,106,N24P-106,172,Post Office 172,338,338,1,677,49.93,85,12.6,307,158,6,517,P1,149,59.4,30.6,315,150,535,P1,False,D,4,,0,285,
North 24 Parganas,106,N24P-106,173,High School 173,306,311,1,618,50.32,58,9.4,282,138,6,523,P1,144,53.9,26.4,351,130,535,P1,False,B,3,,0,260,
North 24 Parganas,106,N24P-106,174,Market Building 174,288,284,0,572,49.65,79,13.8,266,146,7,483,P1,120,55.1,30.2,255,129,450,P1,False,D,4,,0,241,
North 24 Parganas,106,N24P-106,175,Health Sub-Centre 175,318,294,1,613,47.96,48,7.8,309,112,5,468,P1,197,66.0,23.9,265,176,490,P1,False,A,1,,0,258,
North 24 Parganas,106,N24P-106,176,Madrasa 176,318,307,0,625,49.12,78,12.5,327,109,3,485,P1,218,67.4,22.5,353,93,496,P1,False,D,4,,0,263,
North 24 Parganas,106,N24P-106,177,Primary School 177,388,389,1,778,50.0,73,9.4,362,191,4,615,P1,171,58.9,31.1,341,187,625,P1,False,B,3,,0,327,
North 24 Parganas,106,N24P-106,178,Health Sub-Centre 178,255,228,0,483,47.2,68,14.1,187,163,3,395,P1,24,47.3,41.3,225,135,400,P1,False,D,4,,0,203,
North 24 Parganas,106,N24P-106,179,Health Sub-Centre 179,411,406,0,817,49.69,65,8.0,371,226,10,687,P1,145,54.0,32.9,395,161,618,P1,False,B,3,,0,344,
North 24 Parganas,106,N24P-106,180,Health Sub-Centre 180,382,347,0,729,47.6,72,9.9,319,178,7,584,P1,141,54.6,30.5,368,121,610,P1,False,B,3,,0,307,
North 24 Parganas,106,N24P-106,181,Temple Hall 181,399,363,0,762,47.64,64,8.4,398,171,4,633,P1,227,62.9,27.0,361,208,632,P1,False,B,3,,0,321,
North 24 Parganas,106,N24P-106,182,Post Office 182,393,384,0,777,49.42,87,11.2,446,161,2,674,P1,285,66.2,23.9,358,171,588,P1,False,D,4,,0,327,
North 24 Parganas,107,N24P-107,1,Health Sub-Centre 1,403,366,0,769,47.59,104,13.5,308,184,6,604,P1,124,51.0,30.5,363,169,591,P1,False,D,4,,0,324,
North 24 Parganas,107,N24P-107,2,Anganwadi Centre 2,263,270,1,534,50.56,70,13.1,269,135,4,466,P1,134,57.7,29.0,222,150,429,P1,False,D,4,,0,225,
North 24 Parganas,107,N24P-107,3,Primary School 3,285,259,1,545,47.52,89,16.3,280,100,2,423,P1,180,66.2,23.6,199,116,427,P1,False,D,4,,0,229,
North 24 Parganas,107,N24P-107,4,Post Office 4,263,266,0,529,50.28,64,12.1,223,126,4,420,P1,97,53.1,30.0,266,85,443,P1,False,D,4,,0,223,
North 24 Parganas,107,N24P-107,5,High School 5,340,325,0,665,48.87,112,16.8,380,123,5,559,P1,257,68.0,22.0,309,130,564,P1,False,D,4,,0,280,
North 24 Parganas,107,N24P-107,6,Temple Hall 6,389,351,1,741,47.37,99,13.4,403,134,2,596,P1,269,67.6,22.5,348,177,583,P1,False,D,4,,0,312,
North 24 Parganas,107,N24P-107,7,Temple Hall 7,354,350,1,705,49.65,105,14.9,351,176,4,597,P1,175,58.8,29.5,319,173,563,P1,False,D,4,,0,297,
North 24 Parganas,107,N24P-107,8,Community Hall 8,285,259,0,544,47.61,85,15.6,239,171,2,455,P1,68,52.5,37.6,248,140,452,P1,False,D,4,,0,229,
North 24 Parganas,107,N24P-107,9,Govt Office 9,391,393,1,785,50.06,104,13.2,406,175,2,645,P1,231,62.9,27.1,423,174,663,P1,False,D,4,,0,330,
North 24 Parganas,107,N24P-107,10,Health Sub-Centre 10,377,368,0,745,49.4,124,16.6,356,205,7,638,P1,151,55.8,32.1,319,193,569,P1,False,D,4,,0,314,
North 24 Parganas,107,N24P-107,11,Club Building 11,264,269,1,534,50.37,63,11.8,214,179,2,436,P1,35,49.1,41.1,206,93,445,P1,False,D,4,,0,225,
North 24 Parganas,107,N24P-107,12,Post Office 12,326,326,0,652,50.0,94,14.4,333,169,2,557,P1,164,59.8,30.3,345,129,526,P1,False,D,4,,0,274,
North 24 Parganas,107,N24P-107,13,High School 13,380,350,0,730,47.95,101,13.8,347,158,5,561,P1,189,61.9,28.2,240,152,608,P1,False,D,4,,0,307,
North 24 Parganas,107,N24P-107,14,Community Hall 14,396,397,1,794,50.0,122,15.4,352,88,22,667,P1,154,52.8,13.2,345,197,602,P1,False,D,4,,0,334,
North 24 Parganas,107,N24P-107,15,Madrasa 15,400,371,0,771,48.12,100,13.0,323,167,16,657,P1,156,49.2,25.4,332,165,667,P1,False,D,4,,0,324,
North 24 Parganas,107,N24P-107,16,Market Building 16,275,274,1,550,49.82,71,12.9,221,122,9,431,P1,99,51.3,28.3,233,118,419,P1,False,D,4,,0,231,
North 24 Parganas,107,N24P-107,17,Madrasa 17,347,350,1,698,50.14,115,16.5,322,153,4,528,P1,169,61.0,29.0,336,170,582,P1,False,D,4,,0,294,
North 24 Parganas,107,N24P-107,18,Club Building 18,412,382,1,795,48.05,84,10.6,344,200,4,644,P1,144,53.4,31.1,371,180,658,P1,False,D,4,,0,335,
North 24 Parganas,107,N24P-107,19,Health Sub-Centre 19,420,397,0,817,48.59,96,11.8,418,171,9,672,P1,247,62.2,25.4,329,180,635,P1,False,D,4,,0,344,
North 24 Parganas,107,N24P-107,20,Market Building 20,280,264,1,545,48.44,64,11.7,227,147,6,444,P1,80,51.1,33.1,300,126,473,P1,False,D,4,,0,229,
North 24 Parganas,107,N24P-107,21,Anganwadi Centre 21,342,310,0,652,47.55,82,12.6,335,117,4,502,P1,218,66.7,23.3,340,137,530,P1,False,D,4,,0,274,
North 24 Parganas,107,N24P-107,22,High School 22,273,262,1,536,48.88,65,12.1,287,118,4,450,P1,169,63.8,26.2,250,110,421,P1,False,D,4,,0,226,
North 24 Parganas,107,N24P-107,23,Club Building 23,336,312,0,648,48.15,91,14.0,253,188,6,512,P1,65,49.4,36.7,300,111,495,P1,False,D,4,,0,273,
North 24 Parganas,107,N24P-107,24,Community Hall 24,289,279,0,568,49.12,58,10.2,282,126,3,453,P1,156,62.3,27.8,277,135,458,P1,False,D,4,,0,239,
North 24 Parganas,107,N24P-107,25,Primary School 25,281,260,1,542,47.97,60,11.1,246,79,4,430,P1,150,57.2,18.4,222,136,455,P1,False,D,4,,0,228,
North 24 Parganas,107,N24P-107,26,Primary School 26,299,276,1,576,47.92,72,12.5,274,124,1,442,P1,150,62.0,28.1,203,64,441,P1,False,D,4,,0,242,
North 24 Parganas,107,N24P-107,27,Market Building 27,372,349,1,722,48.34,93,12.9,368,147,6,582,P1,221,63.2,25.3,368,172,600,P1,False,D,4,,0,304,
North 24 Parganas,107,N24P-107,28,Community Hall 28,377,360,1,738,48.78,89,12.1,289,186,10,597,P1,103,48.4,31.2,317,177,615,P1,False,D,4,,0,311,
North 24 Parganas,107,N24P-107,29,Temple Hall 29,405,404,1,810,49.88,95,11.7,300,290,6,701,P1,10,42.8,41.4,410,142,613,P1,False,D,4,,0,341,
North 24 Parganas,107,N24P-107,30,Health Sub-Centre 30,330,310,1,641,48.36,92,14.4,368,86,6,505,P1,282,72.9,17.0,238,175,542,P1,False,D,4,,0,270,
North 24 Parganas,107,N24P-107,31,Panchayat Bhavan 31,288,263,1,552,47.64,58,10.5,254,121,3,417,P1,133,60.9,29.0,313,110,471,P1,False,D,4,,0,232,
North 24 Parganas,107,N24P-107,32,High School 32,391,403,0,794,50.76,107,13.5,418,141,5,621,P1,277,67.3,22.7,341,173,646,P1,False,D,4,,0,334,
North 24 Parganas,107,N24P-107,33,Health Sub-Centre 33,269,275,1,545,50.46,89,16.3,310,81,4,434,P1,229,71.4,18.7,281,125,451,P1,False,D,4,,0,229,
North 24 Parganas,107,N24P-107,34,Community Hall 34,374,383,1,758,50.53,125,16.5,433,161,8,660,P1,272,65.6,24.4,389,201,655,P1,False,D,4,,0,319,
North 24 Parganas,107,N24P-107,35,Primary School 35,247,252,1,500,50.4,51,10.2,213,129,4,381,P1,84,55.9,33.9,229,107,390,P1,False,D,4,,0,210,
North 24 Parganas,107,N24P-107,36,High School 36,295,295,1,591,49.92,88,14.9,267,152,3,490,P1,115,54.5,31.0,285,165,500,P1,False,D,4,,0,249,
North 24 Parganas,107,N24P-107,37,Madrasa 37,302,283,1,586,48.29,64,10.9,283,139,5,500,P1,144,56.6,27.8,236,108,470,P1,False,D,4,,0,247,
North 24 Parganas,107,N24P-107,38,Madrasa 38,257,249,1,507,49.11,69,13.6,217,129,4,386,P1,88,56.2,33.4,213,108,388,P1,False,D,4,,0,213,
North 24 Parganas,107,N24P-107,39,Temple Hall 39,350,343,1,694,49.42,93,13.4,314,128,11,548,P1,186,57.3,23.4,323,181,560,P1,False,D,4,,0,292,
North 24 Parganas,107,N24P-107,40,Community Hall 40,300,291,1,592,49.16,55,9.3,246,163,4,455,P1,83,54.1,35.8,242,144,463,P1,False,B,3,,0,249,
North 24 Parganas,107,N24P-107,41,Panchayat Bhavan 41,360,365,0,725,50.34,79,10.9,319,198,3,603,P1,121,52.9,32.8,302,195,552,P1,False,D,4,,0,305,
North 24 Parganas,107,N24P-107,42,Temple Hall 42,333,303,1,637,47.57,72,11.3,333,130,2,514,P1,203,64.8,25.3,328,170,553,P1,False,D,4,,0,268,
North 24 Parganas,107,N24P-107,43,Community Hall 43,304,298,0,602,49.5,56,9.3,354,87,5,490,P1,267,72.2,17.8,293,120,506,P1,False,A,1,,0,253,
North 24 Parganas,107,N24P-107,44,Post Office 44,275,248,1,524,47.33,70,13.4,262,140,2,447,P1,122,58.6,31.3,199,124,411,P1,False,D,4,,0,221,
North 24 Parganas,107,N24P-107,45,Club Building 45,277,271,1,549,49.36,87,15.8,293,103,2,440,P1,190,66.6,23.4,241,103,443,P1,False,D,4,,0,231,
North 24 Parganas,107,N24P-107,46,Temple Hall 46,347,328,0,675,48.59,94,13.9,305,204,5,571,P1,101,53.4,35.7,305,148,522,P1,False,D,4,,0,284,
North 24 Parganas,107,N24P-107,47,Market Building 47,248,252,1,501,50.3,72,14.4,207,179,4,429,P1,28,48.3,41.7,240,102,427,P1,False,D,4,,0,211,
North 24 Parganas,107,N24P-107,48,Panchayat Bhavan 48,251,254,0,505,50.3,55,10.9,209,145,7,430,P1,64,48.6,33.7,176,114,400,P1,False,D,4,,0,213,
North 24 Parganas,107,N24P-107,49,Post Office 49,343,328,1,672,48.81,97,14.4,359,139,6,554,P1,220,64.8,25.1,314,183,571,P1,False,D,4,,0,283,
North 24 Parganas,107,N24P-107,50,Primary School 50,316,295,0,611,48.28,88,14.4,238,125,9,472,P1,113,50.4,26.5,290,170,524,P1,False,D,4,,0,257,
North 24 Parganas,107,N24P-107,51,High School 51,397,368,1,766,48.04,126,16.4,323,228,2,612,P1,95,52.8,37.3,337,212,660,P1,False,D,4,,0,322,
North 24 Parganas,107,N24P-107,52,Primary School 52,273,264,0,537,49.16,72,13.4,317,51,3,409,P1,266,77.5,12.5,249,134,447,P1,False,D,4,,0,226,
North 24 Parganas,107,N24P-107,53,Primary School 53,297,293,1,591,49.58,69,11.7,257,140,5,478,P1,117,53.8,29.3,267,140,452,P1,False,D,4,,0,249,
North 24 Parganas,107,N24P-107,54,Temple Hall 54,399,398,1,798,49.87,123,15.4,367,239,8,680,P1,128,54.0,35.1,424,150,645,P1,False,D,4,,0,336,
North 24 Parganas,107,N24P-107,55,Post Office 55,386,355,0,741,47.91,122,16.5,349,124,12,588,P1,225,59.4,21.1,426,135,623,P1,False,D,4,,0,312,
North 24 Parganas,107,N24P-107,56,Primary School 56,292,289,0,581,49.74,66,11.4,213,180,7,456,P1,33,46.7,39.5,309,102,457,P1,False,D,4,,0,245,
North 24 Parganas,107,N24P-107,57,Club Building 57,309,279,0,588,47.45,61,10.4,263,144,4,452,P1,119,58.2,31.9,297,128,472,P1,False,D,4,,0,247,
North 24 Parganas,107,N24P-107,58,Temple Hall 58,350,332,1,683,48.61,105,15.4,307,149,6,524,P1,158,58.6,28.4,339,172,568,P1,False,D,4,,0,287,
North 24 Parganas,107,N24P-107,59,Post Office 59,347,316,1,664,47.59,72,10.8,225,193,8,549,P1,32,41.0,35.2,265,203,525,P1,False,D,4,,0,279,
North 24 Parganas,107,N24P-107,60,Temple Hall 60,369,370,1,740,50.0,81,10.9,328,182,4,595,P1,146,55.1,30.6,310,155,587,P1,False,D,4,,0,311,
North 24 Parganas,107,N24P-107,61,Madrasa 61,408,399,1,808,49.38,77,9.5,425,207,4,702,P1,218,60.5,29.5,382,185,639,P1,False,B,3,,0,340,
North 24 Parganas,107,N24P-107,62,Anganwadi Centre 62,371,364,1,736,49.46,112,15.2,365,199,4,627,P1,166,58.2,31.7,306,184,609,P1,False,D,4,,0,310,
North 24 Parganas,107,N24P-107,63,High School 63,337,324,1,662,48.94,102,15.4,310,168,5,531,P1,142,58.4,31.6,281,141,576,P1,False,D,4,,0,279,
North 24 Parganas,107,N24P-107,64,Post Office 64,274,256,0,530,48.3,65,12.3,208,152,5,428,P1,56,48.6,35.5,284,76,401,P1,False,D,4,,0,223,
North 24 Parganas,107,N24P-107,65,High School 65,391,396,1,788,50.25,103,13.1,391,136,7,647,P1,255,60.4,21.0,463,128,657,P1,False,D,4,,0,332,
North 24 Parganas,107,N24P-107,66,Club Building 66,403,408,0,811,50.31,111,13.7,363,209,10,681,P1,154,53.3,30.7,384,174,620,P1,False,D,4,,0,341,
North 24 Parganas,107,N24P-107,67,Panchayat Bhavan 67,392,389,0,781,49.81,112,14.3,314,239,6,618,P1,75,50.8,38.7,303,189,599,P1,False,D,4,,0,329,
North 24 Parganas,107,N24P-107,68,High School 68,404,401,1,806,49.75,87,10.8,362,216,3,642,P1,146,56.4,33.6,495,121,684,P1,False,D,4,,0,339,
North 24 Parganas,107,N24P-107,69,Govt Office 69,249,241,0,490,49.18,82,16.7,194,110,6,371,P1,84,52.3,29.6,269,96,405,P1,False,D,4,,0,206,
North 24 Parganas,107,N24P-107,70,Club Building 70,368,363,1,732,49.59,108,14.8,321,166,7,575,P1,155,55.8,28.9,313,223,596,P1,False,D,4,,0,308,
North 24 Parganas,107,N24P-107,71,Govt Office 71,370,375,1,746,50.27,109,14.6,276,231,3,585,P1,45,47.2,39.5,391,188,643,P1,False,D,4,,0,314,
North 24 Parganas,107,N24P-107,72,Club Building 72,258,231,0,489,47.24,52,10.6,236,132,3,427,P1,104,55.3,30.9,191,112,381,P1,False,D,4,,0,206,
North 24 Parganas,107,N24P-107,73,Primary School 73,341,308,0,649,47.46,60,9.2,300,143,3,494,P1,157,60.7,28.9,242,185,512,P1,False,B,3,,0,273,
North 24 Parganas,107,N24P-107,74,High School 74,317,324,1,642,50.47,76,11.8,312,138,5,500,P1,174,62.4,27.6,281,141,541,P1,False,D,4,,0,270,
North 24 Parganas,107,N24P-107,75,Primary School 75,274,255,0,529,48.2,87,16.4,190,135,12,432,P1,55,44.0,31.2,279,115,438,P1,False,D,4,,0,223,
North 24 Parganas,107,N24P-107,76,High School 76,346,359,1,706,50.85,109,15.4,306,183,6,605,P1,123,50.6,30.2,357,174,612,P1,False,D,4,,0,297,
North 24 Parganas,107,N24P-107,77,Anganwadi Centre 77,309,285,0,594,47.98,71,12.0,287,155,2,492,P1,132,58.3,31.5,303,120,513,P1,False,D,4,,0,250,
North 24 Parganas,107,N24P-107,78,Club Building 78,315,308,1,624,49.36,87,13.9,245,199,6,536,P1,46,45.7,37.1,305,148,503,P1,False,D,4,,0,263,
North 24 Parganas,107,N24P-107,79,Temple Hall 79,262,244,1,507,48.13,54,10.7,190,138,5,392,P1,52,48.5,35.2,237,140,427,P1,False,D,4,,0,213,
North 24 Parganas,107,N24P-107,80,Market Building 80,253,262,1,516,50.78,74,14.3,221,119,4,429,P1,102,51.5,27.7,220,141,433,P1,False,D,4,,0,217,
North 24 Parganas,107,N24P-107,81,Primary School 81,401,368,1,770,47.79,82,10.6,361,165,2,585,P1,196,61.7,28.2,326,230,620,P1,False,D,4,,0,324,
North 24 Parganas,107,N24P-107,82,Health Sub-Centre 82,317,317,0,634,50.0,89,14.0,280,126,9,541,P1,154,51.8,23.3,275,196,524,P1,False,D,4,,0,267,
North 24 Parganas,107,N24P-107,83,High School 83,353,343,1,697,49.21,71,10.2,358,120,6,531,P1,238,67.4,22.6,364,149,570,P1,False,D,4,,0,293,
North 24 Parganas,107,N24P-107,84,Club Building 84,277,275,1,553,49.73,92,16.6,247,172,3,470,P1,75,52.6,36.6,228,90,477,P1,False,D,4,,0,233,
North 24 Parganas,107,N24P-107,85,Market Building 85,376,355,0,731,48.56,79,10.8,345,176,3,579,P1,169,59.6,30.4,375,166,601,P1,False,D,4,,0,308,
North 24 Parganas,107,N24P-107,86,Club Building 86,298,281,1,580,48.45,80,13.8,245,124,3,439,P1,121,55.8,28.2,291,100,452,P1,False,D,4,,0,244,
North 24 Parganas,107,N24P-107,87,High School 87,253,261,0,514,50.78,82,16.0,211,139,2,389,P1,72,54.2,35.7,219,132,390,P1,False,D,4,,0,216,
North 24 Parganas,107,N24P-107,88,Market Building 88,329,327,0,656,49.85,90,13.7,311,170,3,566,P1,141,54.9,30.0,334,169,559,P1,False,D,4,,0,276,
North 24 Parganas,107,N24P-107,89,Panchayat Bhavan 89,322,312,1,635,49.13,85,13.4,302,161,6,515,P1,141,58.6,31.3,312,131,492,P1,False,D,4,,0,267,
North 24 Parganas,107,N24P-107,90,Primary School 90,268,245,0,513,47.76,60,11.7,203,164,4,417,P1,39,48.7,39.3,237,115,420,P1,False,D,4,,0,216,
North 24 Parganas,107,N24P-107,91,Community Hall 91,373,373,0,746,50.0,109,14.6,361,209,6,634,P1,152,56.9,33.0,347,226,636,P1,False,D,4,,0,314,
North 24 Parganas,107,N24P-107,92,Govt Office 92,248,256,0,504,50.79,49,9.7,247,79,8,410,P1,168,60.2,19.3,214,120,410,P1,False,B,3,,0,212,
North 24 Parganas,107,N24P-107,93,Primary School 93,326,296,1,623,47.51,90,14.4,323,116,5,488,P1,207,66.2,23.8,308,145,527,P1,False,D,4,,0,262,
North 24 Parganas,107,N24P-107,94,Govt Office 94,302,287,1,590,48.64,72,12.2,260,142,5,469,P1,118,55.4,30.3,280,164,501,P1,False,D,4,,0,248,
North 24 Parganas,107,N24P-107,95,Panchayat Bhavan 95,302,302,0,604,50.0,67,11.1,356,109,6,517,P1,247,68.9,21.1,243,162,511,P1,False,D,4,,0,254,
North 24 Parganas,107,N24P-107,96,Community Hall 96,270,249,0,519,47.98,49,9.4,215,80,9,435,P1,88,49.4,18.4,200,114,433,P1,False,B,3,,0,218,
North 24 Parganas,107,N24P-107,97,High School 97,264,247,1,512,48.24,84,16.4,237,107,6,396,P1,130,59.8,27.0,242,129,412,P1,False,D,4,,0,215,
North 24 Parganas,107,N24P-107,98,Club Building 98,375,366,1,742,49.33,74,10.0,329,155,7,573,P1,174,57.4,27.1,376,147,582,P1,False,B,3,,0,312,
North 24 Parganas,107,N24P-107,99,Post Office 99,279,283,1,563,50.27,90,16.0,267,175,3,491,P1,92,54.4,35.6,218,148,448,P1,False,D,4,,0,237,
North 24 Parganas,107,N24P-107,100,Temple Hall 100,392,397,1,790,50.25,74,9.4,352,205,5,627,P1,147,56.1,32.7,302,222,625,P1,False,B,3,,0,332,
North 24 Parganas,107,N24P-107,101,High School 101,272,280,0,552,50.72,78,14.1,257,145,4,447,P1,112,57.5,32.4,269,154,470,P1,False,D,4,,0,232,
North 24 Parganas,107,N24P-107,102,Govt Office 102,247,249,1,497,50.1,71,14.3,182,178,4,408,P1,4,44.6,43.6,244,103,386,P1,False,D,4,,0,209,
North 24 Parganas,107,N24P-107,103,High School 103,363,370,0,733,50.48,79,10.8,369,139,6,584,P1,230,63.2,23.8,351,202,635,P1,False,D,4,,0,308,
North 24 Parganas,107,N24P-107,104,Madrasa 104,323,330,1,654,50.46,71,10.9,328,139,6,538,P1,189,61.0,25.8,341,125,518,P1,False,D,4,,0,275,
North 24 Parganas,107,N24P-107,105,Market Building 105,245,244,1,490,49.8,56,11.4,234,96,5,395,P1,138,59.2,24.3,291,91,425,P1,False,D,4,,0,206,
North 24 Parganas,107,N24P-107,106,Panchayat Bhavan 106,395,375,0,770,48.7,125,16.2,395,171,6,629,P1,224,62.8,27.2,329,153,583,P1,False,D,4,,0,324,
North 24 Parganas,107,N24P-107,107,Market Building 107,287,266,0,553,48.1,76,13.7,290,116,3,451,P1,174,64.3,25.7,293,119,457,P1,False,D,4,,0,233,
North 24 Parganas,107,N24P-107,108,Anganwadi Centre 108,314,306,0,620,49.35,92,14.8,277,167,4,493,P1,110,56.2,33.9,311,141,502,P1,False,D,4,,0,261,
North 24 Parganas,107,N24P-107,109,High School 109,348,345,1,694,49.71,87,12.5,394,101,5,550,P1,293,71.6,18.4,338,179,575,P1,False,D,4,,0,292,
North 24 Parganas,107,N24P-107,110,Post Office 110,407,385,0,792,48.61,110,13.9,349,224,7,636,P1,125,54.9,35.2,422,194,684,P1,False,D,4,,0,333,
North 24 Parganas,107,N24P-107,111,Primary School 111,272,254,1,527,48.2,73,13.9,250,126,5,444,P1,124,56.3,28.4,215,144,445,P1,False,D,4,,0,222,
North 24 Parganas,107,N24P-107,112,Health Sub-Centre 112,359,337,1,697,48.35,107,15.4,321,213,2,593,P1,108,54.1,35.9,292,208,568,P1,False,D,4,,0,293,
North 24 Parganas,107,N24P-107,113,Post Office 113,367,336,0,703,47.8,91,12.9,374,149,5,581,P1,225,64.4,25.6,373,106,533,P1,False,D,4,,0,296,
North 24 Parganas,107,N24P-107,114,Post Office 114,380,360,1,741,48.58,118,15.9,274,173,11,567,P1,101,48.3,30.5,442,120,624,P1,False,D,4,,0,312,
North 24 Parganas,107,N24P-107,115,High School 115,265,263,1,529,49.72,61,11.5,237,158,3,452,P1,79,52.4,35.0,235,131,407,P1,False,D,4,,0,223,
North 24 Parganas,107,N24P-107,116,Temple Hall 116,300,271,0,571,47.46,95,16.6,303,108,2,456,P1,195,66.4,23.7,274,123,494,P1,False,D,4,,0,240,
North 24 Parganas,107,N24P-107,117,Post Office 117,405,410,0,815,50.31,83,10.2,408,225,2,703,P1,183,58.0,32.0,392,191,659,P1,False,D,4,,0,343,
North 24 Parganas,107,N24P-107,118,Primary School 118,337,336,1,674,49.85,104,15.4,328,141,8,566,P1,187,58.0,24.9,320,192,569,P1,False,D,4,,0,284,
North 24 Parganas,107,N24P-107,119,Market Building 119,406,413,1,820,50.37,129,15.7,452,142,5,660,P1,310,68.5,21.5,336,212,635,P1,False,D,4,,0,345,
North 24 Parganas,107,N24P-107,120,Market Building 120,256,229,0,485,47.22,48,9.9,228,109,2,375,P1,119,60.8,29.1,233,99,369,P1,False,B,3,,0,204,
North 24 Parganas,107,N24P-107,121,Govt Office 121,356,347,1,704,49.29,87,12.4,307,99,17,574,P1,162,53.5,17.2,290,191,534,P1,False,D,4,,0,296,
North 24 Parganas,107,N24P-107,122,Post Office 122,321,300,0,621,48.31,66,10.6,322,103,5,472,P1,219,68.2,21.8,292,169,518,P1,False,D,4,,0,261,
North 24 Parganas,107,N24P-107,123,Panchayat Bhavan 123,362,375,1,738,50.81,95,12.9,338,198,5,602,P1,140,56.1,32.9,360,162,580,P1,False,D,4,,0,311,
North 24 Parganas,107,N24P-107,124,Panchayat Bhavan 124,241,239,0,480,49.79,47,9.8,210,108,5,372,P1,102,56.5,29.0,234,113,385,P1,False,B,3,,0,202,
North 24 Parganas,107,N24P-107,125,Club Building 125,402,388,0,790,49.11,113,14.3,356,164,5,645,P1,192,55.2,25.4,350,229,644,P1,False,D,4,,0,332,
North 24 Parganas,107,N24P-107,126,Anganwadi Centre 126,320,305,1,626,48.72,98,15.7,257,164,3,506,P1,93,50.8,32.4,315,135,501,P1,False,D,4,,0,263,
North 24 Parganas,107,N24P-107,127,Market Building 127,319,318,0,637,49.92,73,11.5,306,142,2,497,P1,164,61.6,28.6,241,166,485,P1,False,D,4,,0,268,
North 24 Parganas,107,N24P-107,128,Anganwadi Centre 128,387,368,1,756,48.68,125,16.5,343,198,6,602,P1,145,57.0,32.9,358,210,631,P1,False,D,4,,0,318,
North 24 Parganas,107,N24P-107,129,Anganwadi Centre 129,413,399,1,813,49.08,102,12.5,392,171,13,688,P1,221,57.0,24.9,310,113,635,P1,False,D,4,,0,342,
North 24 Parganas,107,N24P-107,130,Panchayat Bhavan 130,291,288,0,579,49.74,59,10.2,253,146,9,495,P1,107,51.1,29.5,273,159,480,P1,False,D,4,,0,244,
North 24 Parganas,107,N24P-107,131,Health Sub-Centre 131,405,371,1,777,47.75,122,15.7,366,197,8,654,P1,169,56.0,30.1,356,187,671,P1,False,D,4,,0,327,
North 24 Parganas,107,N24P-107,132,Market Building 132,350,336,0,686,48.98,96,14.0,306,155,6,549,P1,151,55.7,28.2,387,129,574,P1,False,D,4,,0,289,
North 24 Parganas,107,N24P-107,133,Temple Hall 133,298,286,1,585,48.89,88,15.0,222,174,9,483,P1,48,46.0,36.0,262,136,458,P1,False,D,4,,0,246,
North 24 Parganas,107,N24P-107,134,Madrasa 134,371,359,1,731,49.11,110,15.0,320,217,2,597,P1,103,53.6,36.3,269,172,592,P1,False,D,4,,0,308,
North 24 Parganas,107,N24P-107,135,Madrasa 135,364,362,1,727,49.79,113,15.5,312,216,6,587,P1,96,53.2,36.8,400,127,586,P1,False,D,4,,0,306,
North 24 Parganas,107,N24P-107,136,Community Hall 136,311,278,0,589,47.2,73,12.4,253,179,7,500,P1,74,50.6,35.8,253,169,468,P1,False,D,4,,0,248,
North 24 Parganas,107,N24P-107,137,Health Sub-Centre 137,359,335,0,694,48.27,91,13.1,331,164,4,550,P1,167,60.2,29.8,308,173,534,P1,False,D,4,,0,292,
North 24 Parganas,107,N24P-107,138,Govt Office 138,279,258,0,537,48.04,67,12.5,281,102,2,425,P1,179,66.1,24.0,273,142,461,P1,False,D,4,,0,226,
North 24 Parganas,107,N24P-107,139,Primary School 139,323,333,1,657,50.68,75,11.4,361,97,3,509,P1,264,70.9,19.1,386,126,569,P1,False,D,4,,0,276,
North 24 Parganas,107,N24P-107,140,Club Building 140,321,291,0,612,47.55,95,15.5,271,131,8,523,P1,140,51.8,25.0,323,131,505,P1,False,D,4,,0,258,
North 24 Parganas,107,N24P-107,141,Temple Hall 141,352,329,0,681,48.31,82,12.0,192,197,9,545,P2,5,35.2,36.1,329,172,581,P1,True,D,4,,0,287,
North 24 Parganas,107,N24P-107,142,Anganwadi Centre 142,337,334,0,671,49.78,68,10.1,311,167,8,583,P1,144,53.3,28.6,281,239,578,P1,False,D,4,,0,282,
North 24 Parganas,107,N24P-107,143,Madrasa 143,309,313,1,623,50.24,77,12.4,331,108,5,488,P1,223,67.8,22.1,251,94,486,P1,False,D,4,,0,262,
North 24 Parganas,107,N24P-107,144,High School 144,409,402,0,811,49.57,134,16.5,414,165,5,644,P1,249,64.3,25.6,336,250,651,P1,False,D,4,,0,341,
North 24 Parganas,107,N24P-107,145,Market Building 145,313,313,0,626,50.0,83,13.3,317,142,4,510,P1,175,62.2,27.8,283,106,509,P1,False,D,4,,0,263,
North 24 Parganas,107,N24P-107,146,Market Building 146,357,340,0,697,48.78,95,13.6,312,145,9,552,P1,167,56.5,26.3,291,154,607,P1,False,D,4,,0,293,
North 24 Parganas,107,N24P-107,147,Primary School 147,310,298,1,609,48.93,58,9.5,307,158,5,528,P1,149,58.1,29.9,268,124,462,P1,False,B,3,,0,256,
North 24 Parganas,107,N24P-107,148,Market Building 148,287,296,0,583,50.77,65,11.1,279,159,2,487,P1,120,57.3,32.6,289,163,502,P1,False,D,4,,0,245,
North 24 Parganas,107,N24P-107,149,Primary School 149,388,349,0,737,47.35,81,11.0,323,128,9,612,P1,177,52.8,20.9,291,171,561,P1,False,D,4,,0,310,
North 24 Parganas,107,N24P-107,150,Health Sub-Centre 150,263,241,1,505,47.72,78,15.4,263,95,4,435,P1,168,60.5,21.8,263,108,412,P1,False,D,4,,0,213,
North 24 Parganas,107,N24P-107,151,Community Hall 151,377,372,1,750,49.6,97,12.9,326,213,5,650,P1,113,50.2,32.8,334,129,643,P1,False,D,4,,0,316,
North 24 Parganas,107,N24P-107,152,Anganwadi Centre 152,271,266,0,537,49.53,83,15.5,280,109,2,433,P1,171,64.7,25.2,290,129,466,P1,False,D,4,,0,226,
North 24 Parganas,107,N24P-107,153,Anganwadi Centre 153,391,396,1,788,50.25,130,16.5,318,153,22,670,P1,148,47.5,22.8,290,255,606,P1,False,D,4,,0,332,
North 24 Parganas,107,N24P-107,154,Anganwadi Centre 154,305,300,0,605,49.59,90,14.9,270,176,3,496,P1,94,54.4,35.5,290,128,506,P1,False,D,4,,0,255,
North 24 Parganas,107,N24P-107,155,Temple Hall 155,303,280,0,583,48.03,73,12.5,253,146,2,448,P1,107,56.5,32.6,266,118,459,P1,False,D,4,,0,245,
North 24 Parganas,107,N24P-107,156,Health Sub-Centre 156,294,285,1,580,49.14,74,12.8,231,205,4,488,P1,26,47.3,42.0,265,143,453,P1,False,D,4,,0,244,
North 24 Parganas,107,N24P-107,157,Health Sub-Centre 157,385,356,1,742,47.98,73,9.8,415,133,3,609,P1,282,68.1,21.8,390,185,639,P1,False,A,1,,0,312,
North 24 Parganas,107,N24P-107,158,Madrasa 158,388,389,0,777,50.06,74,9.5,370,108,9,602,P1,261,61.5,17.9,356,198,631,P1,False,B,3,,0,327,
North 24 Parganas,107,N24P-107,159,Panchayat Bhavan 159,387,354,1,742,47.71,108,14.6,387,132,5,576,P1,255,67.2,22.9,357,150,563,P1,False,D,4,,0,312,
North 24 Parganas,107,N24P-107,160,Health Sub-Centre 160,379,385,1,765,50.33,127,16.6,404,156,5,623,P1,248,64.8,25.0,342,162,640,P1,False,D,4,,0,322,
North 24 Parganas,107,N24P-107,161,Madrasa 161,262,269,1,532,50.56,87,16.4,238,75,7,415,P1,146,57.3,18.1,236,134,412,P1,False,D,4,,0,224,
North 24 Parganas,107,N24P-107,162,Madrasa 162,287,285,0,572,49.83,82,14.3,261,137,2,443,P1,124,58.9,30.9,340,66,451,P1,False,D,4,,0,241,
North 24 Parganas,107,N24P-107,163,Post Office 163,255,244,0,499,48.9,53,10.6,241,110,3,389,P1,131,62.0,28.3,304,88,435,P1,False,D,4,,0,210,
North 24 Parganas,107,N24P-107,164,Temple Hall 164,374,384,0,758,50.66,111,14.6,367,199,5,629,P1,168,58.3,31.6,368,163,590,P1,False,D,4,,0,319,
North 24 Parganas,107,N24P-107,165,Anganwadi Centre 165,414,389,0,803,48.44,113,14.1,352,164,9,616,P1,188,57.1,26.6,356,125,698,P1,False,D,4,,0,338,
North 24 Parganas,107,N24P-107,166,Health Sub-Centre 166,401,387,1,789,49.05,131,16.6,455,161,3,684,P1,294,66.5,23.5,321,190,686,P1,False,D,4,,0,332,
North 24 Parganas,107,N24P-107,167,Primary School 167,301,308,1,610,50.49,77,12.6,292,145,4,485,P1,147,60.2,29.9,226,186,511,P1,False,D,4,,0,257,
North 24 Parganas,107,N24P-107,168,Govt Office 168,286,293,1,580,50.52,64,11.0,290,112,4,447,P1,178,64.9,25.1,275,150,495,P1,False,D,4,,0,244,
North 24 Parganas,107,N24P-107,169,Primary School 169,387,396,1,784,50.51,89,11.4,437,167,7,672,P1,270,65.0,24.9,350,186,595,P1,False,D,4,,0,330,
North 24 Parganas,107,N24P-107,170,Temple Hall 170,389,368,0,757,48.61,84,11.1,335,133,16,626,P1,199,53.5,21.2,368,154,612,P1,False,D,4,,0,319,
North 24 Parganas,107,N24P-107,171,Govt Office 171,285,272,1,558,48.75,81,14.5,255,128,2,425,P1,127,60.0,30.1,259,145,450,P1,False,D,4,,0,235,
North 24 Parganas,107,N24P-107,172,Post Office 172,395,358,0,753,47.54,92,12.2,411,175,4,651,P1,236,63.1,26.9,395,145,621,P1,False,D,4,,0,317,
North 24 Parganas,107,N24P-107,173,Health Sub-Centre 173,350,335,1,686,48.83,105,15.3,319,177,8,592,P1,142,53.9,29.9,377,90,519,P1,False,D,4,,0,289,
North 24 Parganas,107,N24P-107,174,Temple Hall 174,341,350,0,691,50.65,111,16.1,351,180,4,599,P1,171,58.6,30.1,351,172,581,P1,False,D,4,,0,291,
North 24 Parganas,107,N24P-107,175,Anganwadi Centre 175,402,386,0,788,48.98,86,10.9,366,183,9,626,P1,183,58.5,29.2,400,172,688,P1,False,D,4,,0,332,
North 24 Parganas,107,N24P-107,176,Community Hall 176,258,244,1,503,48.51,51,10.1,197,142,10,432,P1,55,45.6,32.9,243,114,397,P1,False,D,4,,0,212,
North 24 Parganas,107,N24P-107,177,Panchayat Bhavan 177,357,343,0,700,49.0,84,12.0,287,214,3,556,P1,73,51.6,38.5,352,135,541,P1,False,D,4,,0,295,
North 24 Parganas,107,N24P-107,178,Community Hall 178,254,241,1,496,48.59,83,16.7,220,141,4,429,P1,79,51.3,32.9,246,109,426,P1,False,D,4,,0,209,
North 24 Parganas,107,N24P-107,179,Community Hall 179,252,249,0,501,49.7,57,11.4,226,131,4,397,P1,95,56.9,33.0,212,112,384,P1,False,D,4,,0,211,
North 24 Parganas,107,N24P-107,180,Temple Hall 180,283,268,0,551,48.64,82,14.9,247,176,3,470,P1,71,52.6,37.4,243,131,438,P1,False,D,4,,0,232,
North 24 Parganas,107,N24P-107,181,Health Sub-Centre 181,311,288,1,600,48.0,100,16.7,302,166,6,520,P1,136,58.1,31.9,358,96,505,P1,False,D,4,,0,253,
North 24 Parganas,107,N24P-107,182,Madrasa 182,367,353,1,721,48.96,119,16.5,267,235,7,570,P1,32,46.8,41.2,341,159,555,P1,False,D,4,,0,303,
North 24 Parganas,108,N24P-108,1,Anganwadi Centre 1,382,368,0,750,49.07,33,4.4,330,186,4,604,P1,144,54.6,30.8,299,217,573,P1,False,B,3,,0,316,
North 24 Parganas,108,N24P-108,2,High School 2,375,378,1,754,50.13,47,6.2,314,200,10,604,P1,114,52.0,33.1,409,166,639,P1,False,B,3,,0,317,
North 24 Parganas,108,N24P-108,3,Primary School 3,306,281,1,588,47.79,32,5.4,291,137,2,476,P1,154,61.1,28.8,247,159,451,P1,False,B,3,,0,247,
North 24 Parganas,108,N24P-108,4,Post Office 4,354,329,1,684,48.1,30,4.4,286,136,10,549,P1,150,52.1,24.8,398,115,570,P1,False,B,3,,0,288,
North 24 Parganas,108,N24P-108,5,Panchayat Bhavan 5,296,276,1,573,48.17,27,4.7,306,101,2,452,P1,205,67.7,22.3,317,113,478,P1,False,A,1,,0,241,
North 24 Parganas,108,N24P-108,6,Govt Office 6,398,387,1,786,49.24,37,4.7,418,124,3,602,P1,294,69.4,20.6,371,185,618,P1,False,A,1,,0,331,
North 24 Parganas,108,N24P-108,7,Primary School 7,343,339,1,683,49.63,42,6.1,336,157,3,548,P1,179,61.3,28.6,291,158,579,P1,False,B,3,,0,287,
North 24 Parganas,108,N24P-108,8,Panchayat Bhavan 8,247,237,1,485,48.87,30,6.2,246,93,2,377,P1,153,65.3,24.7,231,110,379,P1,False,A,1,,0,204,
North 24 Parganas,108,N24P-108,9,Health Sub-Centre 9,372,367,1,740,49.59,33,4.5,287,211,4,592,P1,76,48.5,35.6,364,171,637,P1,False,B,3,,0,311,
North 24 Parganas,108,N24P-108,10,Club Building 10,254,229,1,484,47.31,19,3.9,196,77,8,389,P1,92,50.4,19.8,184,137,400,P1,False,B,3,,0,204,
North 24 Parganas,108,N24P-108,11,Market Building 11,402,368,1,771,47.73,50,6.5,350,212,4,625,P1,138,56.0,33.9,385,157,603,P1,False,B,3,,0,324,
North 24 Parganas,108,N24P-108,12,High School 12,321,318,1,640,49.69,25,3.9,278,197,2,528,P1,81,52.7,37.3,299,172,538,P1,False,B,3,,0,269,
North 24 Parganas,108,N24P-108,13,Health Sub-Centre 13,311,304,1,616,49.35,28,4.5,269,193,3,522,P1,76,51.5,37.0,269,154,470,P1,False,B,3,,0,259,
North 24 Parganas,108,N24P-108,14,Temple Hall 14,359,359,1,719,49.93,38,5.3,367,137,3,561,P1,230,65.4,24.4,335,162,618,P1,False,A,1,,0,303,
North 24 Parganas,108,N24P-108,15,Panchayat Bhavan 15,402,387,1,790,48.99,46,5.8,451,168,3,688,P1,283,65.6,24.4,386,161,608,P1,False,A,1,,0,332,
North 24 Parganas,108,N24P-108,16,Panchayat Bhavan 16,308,317,1,626,50.64,24,3.8,254,203,4,507,P1,51,50.1,40.0,327,151,532,P1,False,B,3,,0,263,
North 24 Parganas,108,N24P-108,17,High School 17,335,339,1,675,50.22,28,4.1,310,141,6,519,P1,169,59.7,27.2,323,162,588,P1,False,B,3,,0,284,
North 24 Parganas,108,N24P-108,18,Post Office 18,260,250,1,511,48.92,30,5.9,239,157,5,440,P1,82,54.3,35.7,245,95,391,P1,False,B,3,,0,215,
North 24 Parganas,108,N24P-108,19,Temple Hall 19,288,264,0,552,47.83,31,5.6,279,113,3,435,P1,166,64.1,26.0,293,118,457,P1,False,B,3,,0,232,
North 24 Parganas,108,N24P-108,20,Temple Hall 20,360,338,1,699,48.35,33,4.7,312,157,7,551,P1,155,56.6,28.5,340,142,583,P1,False,B,3,,0,294,
North 24 Parganas,108,N24P-108,21,Panchayat Bhavan 21,261,261,1,523,49.9,28,5.4,289,98,5,437,P1,191,66.1,22.4,235,143,428,P1,False,A,1,,0,220,
North 24 Parganas,108,N24P-108,22,Govt Office 22,297,304,0,601,50.58,29,4.8,230,145,10,484,P1,85,47.5,30.0,278,141,465,P1,False,B,3,,0,253,
North 24 Parganas,108,N24P-108,23,Madrasa 23,386,347,1,734,47.28,41,5.6,307,226,7,606,P1,81,50.7,37.3,375,163,598,P1,False,B,3,,0,309,
North 24 Parganas,108,N24P-108,24,Club Building 24,253,256,1,510,50.2,26,5.1,188,90,7,418,P1,59,45.0,21.5,287,114,445,P1,False,B,3,,0,215,
North 24 Parganas,108,N24P-108,25,Temple Hall 25,404,388,1,793,48.93,37,4.7,336,183,14,680,P1,153,49.4,26.9,392,169,624,P1,False,B,3,,0,334,
North 24 Parganas,108,N24P-108,26,Madrasa 26,399,369,0,768,48.05,39,5.1,342,220,5,625,P1,122,54.7,35.2,303,215,614,P1,False,B,3,,0,323,
North 24 Parganas,108,N24P-108,27,Health Sub-Centre 27,278,257,0,535,48.04,30,5.6,268,131,2,447,P1,137,60.0,29.3,260,117,421,P1,False,B,3,,0,225,
North 24 Parganas,108,N24P-108,28,High School 28,340,333,0,673,49.48,31,4.6,229,200,4,543,P1,29,42.2,36.8,288,192,562,P1,False,B,3,,0,283,
North 24 Parganas,108,N24P-108,29,Govt Office 29,358,344,0,702,49.0,44,6.3,350,122,3,565,P1,228,61.9,21.6,325,153,572,P1,False,B,3,,0,295,
North 24 Parganas,108,N24P-108,30,Primary School 30,255,244,0,499,48.9,28,5.6,176,166,4,400,P1,10,44.0,41.5,266,119,428,P1,False,B,3,,0,210,
North 24 Parganas,108,N24P-108,31,Madrasa 31,253,239,0,492,48.58,22,4.5,229,126,3,399,P1,103,57.4,31.6,272,74,384,P1,False,B,3,,0,207,
North 24 Parganas,108,N24P-108,32,Anganwadi Centre 32,338,328,1,667,49.18,27,4.0,362,131,6,561,P1,231,64.5,23.4,328,126,505,P1,False,B,3,,0,281,
North 24 Parganas,108,N24P-108,33,Govt Office 33,294,298,0,592,50.34,35,5.9,308,108,7,505,P1,200,61.0,21.4,340,106,495,P1,False,B,3,,0,249,
North 24 Parganas,108,N24P-108,34,Club Building 34,316,295,1,612,48.2,33,5.4,333,101,4,482,P1,232,69.1,21.0,299,131,477,P1,False,A,1,,0,258,
North 24 Parganas,108,N24P-108,35,Govt Office 35,340,313,0,653,47.93,40,6.1,349,146,4,550,P1,203,63.5,26.5,255,121,499,P1,False,B,3,,0,275,
North 24 Parganas,108,N24P-108,36,Community Hall 36,273,255,1,529,48.2,27,5.1,256,105,4,401,P1,151,63.8,26.2,284,94,420,P1,False,B,3,,0,223,
North 24 Parganas,108,N24P-108,37,Market Building 37,271,250,1,522,47.89,20,3.8,286,113,2,443,P1,173,64.6,25.5,276,94,411,P1,False,B,3,,0,220,
North 24 Parganas,108,N24P-108,38,Anganwadi Centre 38,258,264,1,523,50.48,26,5.0,244,158,2,447,P1,86,54.6,35.3,207,112,409,P1,False,B,3,,0,220,
North 24 Parganas,108,N24P-108,39,Panchayat Bhavan 39,410,377,0,787,47.9,29,3.7,427,126,3,615,P1,301,69.4,20.5,394,175,633,P1,False,A,1,,0,331,
North 24 Parganas,108,N24P-108,40,Anganwadi Centre 40,399,362,1,762,47.51,49,6.4,360,229,7,655,P1,131,55.0,35.0,382,149,621,P1,False,B,3,,0,321,
North 24 Parganas,108,N24P-108,41,Post Office 41,328,319,0,647,49.3,27,4.2,342,115,6,508,P1,227,67.3,22.6,287,209,551,P1,False,A,1,,0,272,
North 24 Parganas,108,N24P-108,42,Anganwadi Centre 42,249,236,1,486,48.56,28,5.8,248,99,4,385,P1,149,64.4,25.7,200,110,412,P1,False,B,3,,0,205,
North 24 Parganas,108,N24P-108,43,Club Building 43,336,333,0,669,49.78,27,4.0,349,156,5,562,P1,193,62.1,27.8,339,158,553,P1,False,B,3,,0,282,
North 24 Parganas,108,N24P-108,44,Market Building 44,301,285,0,586,48.63,30,5.1,228,128,6,464,P1,100,49.1,27.6,263,126,455,P1,False,B,3,,0,247,
North 24 Parganas,108,N24P-108,45,Community Hall 45,254,257,1,512,50.2,31,6.1,250,98,6,415,P1,152,60.2,23.6,270,112,424,P1,False,B,3,,0,215,
North 24 Parganas,108,N24P-108,46,High School 46,252,249,0,501,49.7,23,4.6,239,120,2,399,P1,119,59.9,30.1,233,130,417,P1,False,B,3,,0,211,
North 24 Parganas,108,N24P-108,47,Market Building 47,355,357,0,712,50.14,38,5.3,368,177,6,616,P1,191,59.7,28.7,403,148,613,P1,False,B,3,,0,300,
North 24 Parganas,108,N24P-108,48,Health Sub-Centre 48,341,331,0,672,49.26,43,6.4,311,161,3,524,P1,150,59.4,30.7,344,115,509,P1,False,B,3,,0,283,
North 24 Parganas,108,N24P-108,49,Govt Office 49,290,263,1,554,47.47,32,5.8,261,116,8,463,P1,145,56.4,25.1,230,165,464,P1,False,B,3,,0,233,
North 24 Parganas,108,N24P-108,50,Govt Office 50,388,370,1,759,48.75,43,5.7,362,194,7,618,P1,168,58.6,31.4,340,190,592,P1,False,B,3,,0,319,
North 24 Parganas,108,N24P-108,51,Primary School 51,374,364,0,738,49.32,34,4.6,330,193,6,601,P1,137,54.9,32.1,304,150,623,P1,False,B,3,,0,311,
North 24 Parganas,108,N24P-108,52,Primary School 52,420,387,1,808,47.9,33,4.1,335,216,3,625,P1,119,53.6,34.6,362,237,687,P1,False,B,3,,0,340,
North 24 Parganas,108,N24P-108,53,Primary School 53,346,317,1,664,47.74,41,6.2,321,182,4,574,P1,139,55.9,31.7,353,154,564,P1,False,B,3,,0,279,
North 24 Parganas,108,N24P-108,54,Health Sub-Centre 54,331,313,0,644,48.6,23,3.6,279,175,5,516,P1,104,54.1,33.9,302,175,557,P1,False,B,3,,0,271,
North 24 Parganas,108,N24P-108,55,Govt Office 55,289,288,0,577,49.91,29,5.0,268,115,7,446,P1,153,60.1,25.8,292,135,500,P1,False,B,3,,0,243,
North 24 Parganas,108,N24P-108,56,Temple Hall 56,417,396,1,814,48.65,49,6.0,294,209,12,652,P1,85,45.1,32.1,341,177,628,P1,False,B,3,,0,343,
North 24 Parganas,108,N24P-108,57,Madrasa 57,390,368,1,759,48.48,40,5.3,420,129,7,610,P1,291,68.9,21.1,355,198,614,P1,False,A,1,,0,319,
North 24 Parganas,108,N24P-108,58,Health Sub-Centre 58,311,303,0,614,49.35,37,6.0,289,161,6,500,P1,128,57.8,32.2,223,176,523,P1,False,B,3,,0,258,
North 24 Parganas,108,N24P-108,59,Anganwadi Centre 59,321,298,0,619,48.14,39,6.3,311,144,3,524,P1,167,59.4,27.5,297,173,522,P1,False,B,3,,0,260,
North 24 Parganas,108,N24P-108,60,Madrasa 60,306,296,1,603,49.09,34,5.6,291,105,5,480,P1,186,60.6,21.9,277,154,480,P1,False,B,3,,0,254,
North 24 Parganas,108,N24P-108,61,Post Office 61,326,311,0,637,48.82,35,5.5,303,123,4,513,P1,180,59.1,24.0,321,159,533,P1,False,B,3,,0,268,
North 24 Parganas,108,N24P-108,62,Market Building 62,402,406,0,808,50.25,51,6.3,403,204,4,674,P1,199,59.8,30.3,415,160,639,P1,False,B,3,,0,340,
North 24 Parganas,108,N24P-108,63,Community Hall 63,347,322,1,670,48.06,25,3.7,318,184,5,565,P1,134,56.3,32.6,276,156,552,P1,False,B,3,,0,282,
North 24 Parganas,108,N24P-108,64,Club Building 64,383,367,1,751,48.87,34,4.5,302,217,8,613,P1,85,49.3,35.4,340,199,599,P1,False,B,3,,0,316,
North 24 Parganas,108,N24P-108,65,Temple Hall 65,352,322,0,674,47.77,27,4.0,304,202,2,565,P1,102,53.8,35.8,384,120,560,P1,False,B,3,,0,284,
North 24 Parganas,108,N24P-108,66,Primary School 66,250,253,1,504,50.2,18,3.6,232,86,8,413,P1,146,56.2,20.8,246,119,406,P1,False,B,3,,0,212,
North 24 Parganas,108,N24P-108,67,Community Hall 67,392,386,1,779,49.55,45,5.8,328,167,8,616,P1,161,53.2,27.1,379,212,657,P1,False,B,3,,0,328,
North 24 Parganas,108,N24P-108,68,Madrasa 68,411,389,0,800,48.62,42,5.2,483,120,5,669,P1,363,72.2,17.9,320,218,672,P1,False,A,1,,0,337,
North 24 Parganas,108,N24P-108,69,Market Building 69,241,244,0,485,50.31,20,4.1,215,142,5,414,P1,73,51.9,34.3,216,74,373,P1,False,B,3,,0,204,
North 24 Parganas,108,N24P-108,70,Club Building 70,294,299,0,593,50.42,32,5.4,245,121,5,459,P1,124,53.4,26.4,288,144,481,P1,False,B,3,,0,250,
North 24 Parganas,108,N24P-108,71,Club Building 71,344,337,1,682,49.41,26,3.8,314,178,6,583,P1,136,53.9,30.5,342,157,555,P1,False,B,3,,0,287,
North 24 Parganas,108,N24P-108,72,Primary School 72,252,255,1,508,50.2,19,3.7,250,125,2,417,P1,125,60.0,30.0,214,137,427,P1,False,B,3,,0,214,
North 24 Parganas,108,N24P-108,73,Market Building 73,332,325,1,658,49.39,31,4.7,337,125,5,513,P1,212,65.7,24.4,304,192,572,P1,False,A,1,,0,277,
North 24 Parganas,108,N24P-108,74,Madrasa 74,336,333,1,670,49.7,32,4.8,332,148,2,533,P1,184,62.3,27.8,351,175,584,P1,False,B,3,,0,282,
North 24 Parganas,108,N24P-108,75,Post Office 75,370,358,0,728,49.18,43,5.9,329,183,4,569,P1,146,57.8,32.2,382,162,605,P1,False,B,3,,0,306,
North 24 Parganas,108,N24P-108,76,Anganwadi Centre 76,389,384,0,773,49.68,45,5.8,379,170,5,610,P1,209,62.1,27.9,406,192,665,P1,False,B,3,,0,325,
North 24 Parganas,108,N24P-108,77,Post Office 77,261,267,1,529,50.47,19,3.6,294,111,4,462,P1,183,63.6,24.0,294,89,426,P1,False,B,3,,0,223,
North 24 Parganas,108,N24P-108,78,Anganwadi Centre 78,320,296,0,616,48.05,25,4.1,262,153,6,524,P1,109,50.0,29.2,283,160,521,P1,False,B,3,,0,259,
North 24 Parganas,108,N24P-108,79,Madrasa 79,412,371,0,783,47.38,40,5.1,369,181,7,611,P1,188,60.4,29.6,439,128,636,P1,False,B,3,,0,330,
North 24 Parganas,108,N24P-108,80,Primary School 80,292,265,1,558,47.49,35,6.3,287,94,2,424,P1,193,67.7,22.2,288,111,444,P1,False,A,1,,0,235,
North 24 Parganas,108,N24P-108,81,Post Office 81,410,373,0,783,47.64,43,5.5,394,196,3,665,P1,198,59.2,29.5,452,163,683,P1,False,B,3,,0,330,
North 24 Parganas,108,N24P-108,82,Post Office 82,344,351,1,696,50.43,42,6.0,347,180,4,586,P1,167,59.2,30.7,360,170,589,P1,False,B,3,,0,293,
North 24 Parganas,108,N24P-108,83,Govt Office 83,255,260,1,516,50.39,25,4.8,277,104,6,446,P1,173,62.1,23.3,201,124,444,P1,False,B,3,,0,217,
North 24 Parganas,108,N24P-108,84,Govt Office 84,306,302,0,608,49.67,26,4.3,269,137,5,505,P1,132,53.3,27.1,263,130,486,P1,False,B,3,,0,256,
North 24 Parganas,108,N24P-108,85,Govt Office 85,273,248,0,521,47.6,22,4.2,225,64,11,394,P1,135,57.1,16.2,293,78,413,P1,False,B,3,,0,219,
North 24 Parganas,108,N24P-108,86,Panchayat Bhavan 86,355,348,0,703,49.5,44,6.3,329,165,2,548,P1,164,60.0,30.1,290,197,562,P1,False,B,3,,0,296,
North 24 Parganas,108,N24P-108,87,Panchayat Bhavan 87,373,355,0,728,48.76,45,6.2,274,176,4,572,P1,98,47.9,30.8,306,109,610,P1,False,B,3,,0,306,
North 24 Parganas,108,N24P-108,88,High School 88,320,287,0,607,47.28,22,3.6,245,153,5,463,P1,92,52.9,33.0,342,135,530,P1,False,B,3,,0,255,
North 24 Parganas,108,N24P-108,89,Panchayat Bhavan 89,316,298,0,614,48.53,23,3.7,355,97,2,502,P1,258,70.7,19.3,246,121,532,P1,False,A,1,,0,258,
North 24 Parganas,108,N24P-108,90,Panchayat Bhavan 90,372,359,0,731,49.11,28,3.8,269,184,11,612,P1,85,44.0,30.1,417,90,563,P1,False,B,3,,0,308,
North 24 Parganas,108,N24P-108,91,Temple Hall 91,328,310,0,638,48.59,28,4.4,273,163,4,495,P1,110,55.2,32.9,332,150,535,P1,False,B,3,,0,268,
North 24 Parganas,108,N24P-108,92,Market Building 92,290,281,1,572,49.13,35,6.1,281,140,3,499,P1,141,56.3,28.1,236,160,439,P1,False,B,3,,0,241,
North 24 Parganas,108,N24P-108,93,Madrasa 93,277,280,1,558,50.18,32,5.7,246,110,3,441,P1,136,55.8,24.9,310,93,448,P1,False,B,3,,0,235,
North 24 Parganas,108,N24P-108,94,Club Building 94,337,348,1,686,50.73,29,4.2,296,221,7,581,P1,75,50.9,38.0,399,83,535,P1,False,B,3,,0,289,
North 24 Parganas,108,N24P-108,95,Health Sub-Centre 95,395,356,1,752,47.34,33,4.4,341,170,4,588,P1,171,58.0,28.9,317,123,648,P1,False,B,3,,0,316,
North 24 Parganas,108,N24P-108,96,Health Sub-Centre 96,262,237,1,500,47.4,28,5.6,235,116,2,390,P1,119,60.3,29.7,210,114,384,P1,False,B,3,,0,210,
North 24 Parganas,108,N24P-108,97,Health Sub-Centre 97,390,384,0,774,49.61,47,6.1,411,120,4,590,P1,291,69.7,20.3,359,193,630,P1,False,A,1,,0,326,
North 24 Parganas,108,N24P-108,98,Primary School 98,277,261,1,539,48.42,35,6.5,227,159,2,452,P1,68,50.2,35.2,228,156,430,P1,False,B,3,,0,227,
North 24 Parganas,108,N24P-108,99,Panchayat Bhavan 99,261,265,1,527,50.28,26,4.9,243,147,5,456,P1,96,53.3,32.2,185,106,402,P1,False,B,3,,0,222,
North 24 Parganas,108,N24P-108,100,Post Office 100,372,385,1,758,50.79,29,3.8,368,177,5,605,P1,191,60.8,29.3,374,157,590,P1,False,B,3,,0,319,
North 24 Parganas,108,N24P-108,101,Post Office 101,396,360,0,756,47.62,30,4.0,413,148,3,624,P1,265,66.2,23.7,327,203,589,P1,False,A,1,,0,318,
North 24 Parganas,108,N24P-108,102,Anganwadi Centre 102,359,352,1,712,49.44,46,6.5,314,184,6,594,P1,130,52.9,31.0,330,95,540,P1,False,B,3,,0,300,
North 24 Parganas,108,N24P-108,103,Madrasa 103,267,267,0,534,50.0,19,3.6,195,105,9,404,P1,90,48.3,26.0,273,122,438,P1,False,B,3,,0,225,
North 24 Parganas,108,N24P-108,104,Community Hall 104,396,408,0,804,50.75,30,3.7,305,241,14,692,P1,64,44.1,34.8,372,199,679,P1,False,B,3,,0,338,
North 24 Parganas,108,N24P-108,105,Anganwadi Centre 105,317,301,0,618,48.71,30,4.9,301,113,9,493,P1,188,61.1,22.9,263,162,510,P1,False,B,3,,0,260,
North 24 Parganas,108,N24P-108,106,High School 106,412,403,1,816,49.39,31,3.8,295,188,15,646,P1,107,45.7,29.1,410,158,631,P1,False,B,3,,0,343,
North 24 Parganas,108,N24P-108,107,Club Building 107,374,338,0,712,47.47,32,4.5,294,174,6,587,P1,120,50.1,29.6,381,172,615,P1,False,B,3,,0,300,
North 24 Parganas,108,N24P-108,108,Club Building 108,342,324,0,666,48.65,35,5.3,304,181,3,550,P1,123,55.3,32.9,346,175,579,P1,False,B,3,,0,280,
North 24 Parganas,108,N24P-108,109,Community Hall 109,348,331,1,680,48.68,35,5.1,379,151,4,589,P1,228,64.3,25.6,273,167,570,P1,False,B,3,,0,286,
North 24 Parganas,108,N24P-108,110,Market Building 110,323,317,0,640,49.53,30,4.7,308,127,4,497,P1,181,62.0,25.6,327,146,529,P1,False,B,3,,0,269,
North 24 Parganas,108,N24P-108,111,Club Building 111,355,328,1,684,47.95,41,6.0,339,133,4,524,P1,206,64.7,25.4,289,177,526,P1,False,B,3,,0,288,
North 24 Parganas,108,N24P-108,112,Anganwadi Centre 112,360,340,1,701,48.5,35,5.0,351,130,5,605,P1,221,58.0,21.5,272,159,568,P1,False,B,3,,0,295,
North 24 Parganas,108,N24P-108,113,Community Hall 113,414,372,0,786,47.33,30,3.8,305,193,10,651,P1,112,46.9,29.6,387,160,608,P1,False,B,3,,0,331,
North 24 Parganas,108,N24P-108,114,Panchayat Bhavan 114,309,315,0,624,50.48,22,3.5,299,169,3,522,P1,130,57.3,32.4,261,171,480,P1,False,B,3,,0,263,
North 24 Parganas,108,N24P-108,115,Govt Office 115,401,365,1,767,47.59,36,4.7,371,181,7,614,P1,190,60.4,29.5,336,180,614,P1,False,B,3,,0,323,
North 24 Parganas,108,N24P-108,116,Health Sub-Centre 116,294,279,1,574,48.61,30,5.2,200,168,11,499,P1,32,40.1,33.7,251,116,485,P1,False,B,3,,0,242,
North 24 Parganas,108,N24P-108,117,Health Sub-Centre 117,323,315,0,638,49.37,29,4.5,297,149,8,549,P1,148,54.1,27.1,311,163,526,P1,False,B,3,,0,268,
North 24 Parganas,108,N24P-108,118,Club Building 118,416,394,1,811,48.58,44,5.4,443,111,7,616,P1,332,71.9,18.0,317,227,630,P1,False,A,1,,0,341,
North 24 Parganas,108,N24P-108,119,Club Building 119,286,276,0,562,49.11,32,5.7,244,140,5,456,P1,104,53.5,30.7,241,166,471,P1,False,B,3,,0,237,
North 24 Parganas,108,N24P-108,120,Market Building 120,297,294,0,591,49.75,27,4.6,264,135,9,502,P1,129,52.6,26.9,299,134,481,P1,False,B,3,,0,249,
North 24 Parganas,108,N24P-108,121,High School 121,336,335,0,671,49.93,39,5.8,359,140,5,554,P1,219,64.8,25.3,354,109,514,P1,False,B,3,,0,282,
North 24 Parganas,108,N24P-108,122,High School 122,421,396,0,817,48.47,46,5.6,433,189,5,691,P1,244,62.7,27.4,403,220,693,P1,False,B,3,,0,344,
North 24 Parganas,108,N24P-108,123,High School 123,299,281,0,580,48.45,35,6.0,299,114,3,459,P1,185,65.1,24.8,268,129,441,P1,False,A,1,,0,244,
North 24 Parganas,108,N24P-108,124,Post Office 124,350,357,0,707,50.5,37,5.2,363,157,3,578,P1,206,62.8,27.2,290,141,557,P1,False,B,3,,0,298,
North 24 Parganas,108,N24P-108,125,Community Hall 125,382,357,0,739,48.31,43,5.8,336,210,6,606,P1,126,55.4,34.7,430,88,576,P1,False,B,3,,0,311,
North 24 Parganas,108,N24P-108,126,Post Office 126,326,311,0,637,48.82,41,6.4,220,198,13,556,P1,22,39.6,35.6,288,153,490,P1,False,B,3,,0,268,
North 24 Parganas,108,N24P-108,127,Anganwadi Centre 127,284,283,0,567,49.91,31,5.5,247,164,6,494,P1,83,50.0,33.2,225,150,493,P1,False,B,3,,0,239,
North 24 Parganas,108,N24P-108,128,High School 128,273,262,1,536,48.88,22,4.1,260,134,4,438,P1,126,59.4,30.6,272,108,452,P1,False,B,3,,0,226,
North 24 Parganas,108,N24P-108,129,Health Sub-Centre 129,397,394,1,792,49.75,36,4.5,439,131,4,633,P1,308,69.4,20.7,348,229,648,P1,False,A,1,,0,333,
North 24 Parganas,108,N24P-108,130,Health Sub-Centre 130,278,283,1,562,50.36,33,5.9,335,98,2,481,P1,237,69.6,20.4,294,130,472,P1,False,A,1,,0,237,
North 24 Parganas,108,N24P-108,131,Market Building 131,390,368,1,759,48.48,49,6.5,300,170,17,655,P1,130,45.8,26.0,339,189,620,P1,False,B,3,,0,319,
North 24 Parganas,108,N24P-108,132,Temple Hall 132,303,276,1,580,47.59,23,4.0,266,127,2,445,P1,139,59.8,28.5,329,115,494,P1,False,B,3,,0,244,
North 24 Parganas,108,N24P-108,133,Community Hall 133,378,354,1,733,48.29,47,6.4,327,172,4,631,P1,155,51.8,27.3,379,160,599,P1,False,B,3,,0,308,
North 24 Parganas,108,N24P-108,134,Panchayat Bhavan 134,366,341,1,708,48.16,33,4.7,361,136,5,566,P1,225,63.8,24.0,344,167,568,P1,False,B,3,,0,298,
North 24 Parganas,108,N24P-108,135,High School 135,404,387,1,792,48.86,42,5.3,253,190,12,602,P1,63,42.0,31.6,407,164,635,P1,False,B,3,,0,333,
North 24 Parganas,108,N24P-108,136,Post Office 136,375,353,1,729,48.42,35,4.8,399,143,9,623,P1,256,64.0,23.0,353,158,568,P1,False,B,3,,0,307,
North 24 Parganas,108,N24P-108,137,Club Building 137,369,359,0,728,49.31,34,4.7,265,250,3,576,P1,15,46.0,43.4,301,152,566,P1,False,B,3,,0,306,
North 24 Parganas,108,N24P-108,138,Temple Hall 138,277,266,0,543,48.99,34,6.3,231,169,4,444,P1,62,52.0,38.1,249,101,425,P1,False,B,3,,0,229,
North 24 Parganas,108,N24P-108,139,High School 139,325,302,1,628,48.09,36,5.7,313,126,5,488,P1,187,64.1,25.8,292,115,514,P1,False,B,3,,0,264,
North 24 Parganas,108,N24P-108,140,Community Hall 140,266,257,1,524,49.05,30,5.7,235,122,4,397,P1,113,59.2,30.7,287,84,413,P1,False,B,3,,0,221,
North 24 Parganas,108,N24P-108,141,Community Hall 141,336,314,0,650,48.31,35,5.4,299,127,7,518,P1,172,57.7,24.5,260,183,555,P1,False,B,3,,0,274,
North 24 Parganas,108,N24P-108,142,Health Sub-Centre 142,274,259,0,533,48.59,32,6.0,255,119,4,449,P1,136,56.8,26.5,247,151,442,P1,False,B,3,,0,224,
North 24 Parganas,108,N24P-108,143,Primary School 143,363,337,1,701,48.07,35,5.0,290,176,15,603,P1,114,48.1,29.2,286,159,564,P1,False,B,3,,0,295,
North 24 Parganas,108,N24P-108,144,Market Building 144,254,260,0,514,50.58,28,5.4,245,127,5,416,P1,118,58.9,30.5,234,91,439,P1,False,B,3,,0,216,
North 24 Parganas,108,N24P-108,145,Community Hall 145,373,337,1,711,47.4,38,5.3,315,162,11,599,P1,153,52.6,27.0,317,201,590,P1,False,B,3,,0,299,
North 24 Parganas,108,N24P-108,146,Community Hall 146,390,399,1,790,50.51,45,5.7,419,174,3,659,P1,245,63.6,26.4,346,227,643,P1,False,B,3,,0,332,
North 24 Parganas,108,N24P-108,147,Post Office 147,336,310,0,646,47.99,27,4.2,267,154,8,503,P1,113,53.1,30.6,341,100,491,P1,False,B,3,,0,272,
North 24 Parganas,108,N24P-108,148,High School 148,327,331,0,658,50.3,34,5.2,304,173,6,530,P1,131,57.4,32.6,218,129,500,P1,False,B,3,,0,277,
North 24 Parganas,108,N24P-108,149,Community Hall 149,341,323,0,664,48.64,31,4.7,297,122,5,536,P1,175,55.4,22.8,387,127,571,P1,False,B,3,,0,279,
North 24 Parganas,108,N24P-108,150,Club Building 150,347,355,0,702,50.57,33,4.7,336,185,6,579,P1,151,58.0,32.0,349,156,561,P1,False,B,3,,0,295,
North 24 Parganas,108,N24P-108,151,Post Office 151,310,321,1,632,50.79,25,4.0,294,194,2,544,P1,100,54.0,35.7,344,126,522,P1,False,B,3,,0,266,
North 24 Parganas,108,N24P-108,152,Health Sub-Centre 152,310,285,1,596,47.82,21,3.5,302,145,6,496,P1,157,60.9,29.2,239,147,466,P1,False,B,3,,0,251,
North 24 Parganas,108,N24P-108,153,Panchayat Bhavan 153,326,292,0,618,47.25,38,6.1,293,103,8,475,P1,190,61.7,21.7,246,123,491,P1,False,B,3,,0,260,
North 24 Parganas,108,N24P-108,154,Health Sub-Centre 154,323,292,1,616,47.4,29,4.7,283,174,5,507,P1,109,55.8,34.3,297,111,487,P1,False,B,3,,0,259,
North 24 Parganas,108,N24P-108,155,Post Office 155,272,243,0,515,47.18,29,5.6,210,122,8,412,P1,88,51.0,29.6,274,84,397,P1,False,B,3,,0,217,
North 24 Parganas,108,N24P-108,156,Market Building 156,271,264,1,536,49.25,25,4.7,209,126,12,457,P1,83,45.7,27.6,210,154,434,P1,False,B,3,,0,226,
North 24 Parganas,108,N24P-108,157,Madrasa 157,267,264,1,532,49.62,21,3.9,260,119,2,421,P1,141,61.8,28.3,256,161,464,P1,False,B,3,,0,224,
North 24 Parganas,108,N24P-108,158,High School 158,274,257,1,532,48.31,27,5.1,254,145,4,451,P1,109,56.3,32.2,247,111,456,P1,False,B,3,,0,224,
North 24 Parganas,108,N24P-108,159,Madrasa 159,315,307,1,623,49.28,26,4.2,270,171,5,490,P1,99,55.1,34.9,284,178,536,P1,False,B,3,,0,262,
North 24 Parganas,108,N24P-108,160,Panchayat Bhavan 160,375,376,1,752,50.0,38,5.1,283,208,6,608,P1,75,46.5,34.2,389,155,605,P1,False,B,3,,0,316,
North 24 Parganas,108,N24P-108,161,Govt Office 161,343,332,1,676,49.11,40,5.9,350,174,4,582,P1,176,60.1,29.9,296,128,517,P1,False,B,3,,0,284,
North 24 Parganas,108,N24P-108,162,Health Sub-Centre 162,403,381,0,784,48.6,35,4.5,343,195,4,598,P1,148,57.4,32.6,379,192,676,P1,False,B,3,,0,330,
North 24 Parganas,108,N24P-108,163,Health Sub-Centre 163,257,248,0,505,49.11,19,3.8,217,94,4,410,P1,123,52.9,22.9,251,99,404,P1,False,B,3,,0,213,
North 24 Parganas,108,N24P-108,164,Health Sub-Centre 164,369,375,1,745,50.34,29,3.9,347,164,4,568,P1,183,61.1,28.9,304,111,584,P1,False,B,3,,0,314,
North 24 Parganas,108,N24P-108,165,Temple Hall 165,324,314,1,639,49.14,39,6.1,274,128,4,493,P1,146,55.6,26.0,222,121,490,P1,False,B,3,,0,269,
North 24 Parganas,108,N24P-108,166,Anganwadi Centre 166,279,287,0,566,50.71,25,4.4,271,147,4,481,P1,124,56.3,30.6,313,81,437,P1,False,B,3,,0,238,
North 24 Parganas,108,N24P-108,167,Community Hall 167,416,373,0,789,47.28,51,6.5,390,212,2,669,P1,178,58.3,31.7,398,154,613,P1,False,B,3,,0,332,
North 24 Parganas,108,N24P-108,168,Primary School 168,350,326,1,677,48.15,26,3.8,316,164,11,580,P1,152,54.5,28.3,371,160,590,P1,False,B,3,,0,285,
North 24 Parganas,108,N24P-108,169,Club Building 169,316,284,0,600,47.33,36,6.0,273,164,3,485,P1,109,56.3,33.8,287,138,473,P1,False,B,3,,0,253,
North 24 Parganas,108,N24P-108,170,Market Building 170,249,232,0,481,48.23,20,4.2,220,77,9,384,P1,143,57.3,20.1,221,125,384,P1,False,B,3,,0,202,
North 24 Parganas,108,N24P-108,171,Health Sub-Centre 171,401,391,0,792,49.37,29,3.7,301,173,12,604,P1,128,49.8,28.6,370,191,675,P1,False,B,3,,0,333,
North 24 Parganas,108,N24P-108,172,Primary School 172,377,348,0,725,48.0,29,4.0,306,255,3,624,P1,51,49.0,40.9,395,159,616,P1,False,B,3,,0,305,
North 24 Parganas,108,N24P-108,173,Panchayat Bhavan 173,290,279,1,570,48.95,35,6.1,310,124,2,483,P1,186,64.2,25.7,308,132,489,P1,False,B,3,,0,240,
North 24 Parganas,108,N24P-108,174,Govt Office 174,274,276,1,551,50.09,29,5.3,224,163,2,439,P1,61,51.0,37.1,285,137,478,P1,False,B,3,,0,232,
North 24 Parganas,108,N24P-108,175,Panchayat Bhavan 175,293,271,1,565,47.96,25,4.4,287,77,8,471,P1,193,60.9,16.3,278,138,462,P1,False,B,3,,0,238,
North 24 Parganas,108,N24P-108,176,Primary School 176,352,345,1,698,49.43,27,3.9,350,161,5,568,P1,189,61.6,28.3,337,200,597,P1,False,B,3,,0,294,
North 24 Parganas,108,N24P-108,177,Market Building 177,306,308,0,614,50.16,34,5.5,329,97,6,476,P1,232,69.1,20.4,339,129,535,P1,False,A,1,,0,258,
North 24 Parganas,108,N24P-108,178,Anganwadi Centre 178,335,341,1,677,50.37,28,4.1,362,104,4,518,P1,258,69.9,20.1,359,164,582,P1,False,A,1,,0,285,
North 24 Parganas,108,N24P-108,179,Madrasa 179,261,243,0,504,48.21,29,5.8,228,152,4,423,P1,76,53.9,35.9,244,141,435,P1,False,B,3,,0,212,
North 24 Parganas,108,N24P-108,180,Govt Office 180,303,284,0,587,48.38,26,4.4,315,138,4,503,P1,177,62.6,27.4,277,132,473,P1,False,B,3,,0,247,
North 24 Parganas,108,N24P-108,181,Community Hall 181,347,346,1,694,49.86,38,5.5,390,145,6,595,P1,245,65.5,24.4,278,147,576,P1,False,A,1,,0,292,
North 24 Parganas,108,N24P-108,182,Panchayat Bhavan 182,406,374,1,781,47.89,27,3.5,369,183,7,613,P1,186,60.2,29.9,438,157,661,P1,False,B,3,,0,329,
North 24 Parganas,108,N24P-108,183,Community Hall 183,393,375,0,768,48.83,37,4.8,407,196,5,670,P1,211,60.7,29.3,429,171,667,P1,False,B,3,,0,323,
North 24 Parganas,109,N24P-109,1,Anganwadi Centre 1,275,253,1,529,47.83,46,8.7,261,154,2,461,P1,107,56.6,33.4,249,152,445,P1,False,B,3,,0,223,
North 24 Parganas,109,N24P-109,2,Club Building 2,400,380,0,780,48.72,77,9.9,404,160,4,627,P1,244,64.4,25.5,357,158,599,P1,False,B,3,,0,328,
North 24 Parganas,109,N24P-109,3,Temple Hall 3,258,252,0,510,49.41,49,9.6,293,90,2,425,P1,203,68.9,21.2,192,147,398,P1,False,A,1,,0,215,
North 24 Parganas,109,N24P-109,4,Govt Office 4,248,244,1,493,49.49,40,8.1,283,77,4,400,P1,206,70.8,19.2,240,105,399,P1,False,A,1,,0,207,
North 24 Parganas,109,N24P-109,5,Temple Hall 5,373,346,0,719,48.12,54,7.5,363,138,4,557,P1,225,65.2,24.8,350,191,601,P1,False,A,1,,0,303,
North 24 Parganas,109,N24P-109,6,High School 6,336,304,0,640,47.5,40,6.2,316,145,3,512,P1,171,61.7,28.3,302,142,497,P1,False,B,3,,0,269,
North 24 Parganas,109,N24P-109,7,Anganwadi Centre 7,351,327,0,678,48.23,46,6.8,276,126,12,541,P1,150,51.0,23.3,363,146,565,P1,False,B,3,,0,285,
North 24 Parganas,109,N24P-109,8,Club Building 8,395,399,0,794,50.25,62,7.8,347,232,6,644,P1,115,53.9,36.0,425,117,602,P1,False,B,3,,0,334,
North 24 Parganas,109,N24P-109,9,Market Building 9,342,325,0,667,48.73,49,7.3,336,121,11,552,P1,215,60.9,21.9,275,169,518,P1,False,B,3,,0,281,
North 24 Parganas,109,N24P-109,10,Govt Office 10,281,278,1,560,49.64,55,9.8,317,117,3,482,P1,200,65.8,24.3,283,135,483,P1,False,A,1,,0,236,
North 24 Parganas,109,N24P-109,11,Govt Office 11,367,331,1,699,47.35,71,10.2,368,132,5,556,P1,236,66.2,23.7,306,157,567,P1,False,D,4,,0,294,
North 24 Parganas,109,N24P-109,12,Govt Office 12,379,377,0,756,49.87,65,8.6,364,185,11,643,P1,179,56.6,28.8,340,203,604,P1,False,B,3,,0,318,
North 24 Parganas,109,N24P-109,13,Madrasa 13,293,283,0,576,49.13,52,9.0,245,140,12,502,P1,105,48.8,27.9,282,126,453,P1,False,B,3,,0,242,
North 24 Parganas,109,N24P-109,14,Health Sub-Centre 14,362,354,0,716,49.44,55,7.7,406,155,7,623,P1,251,65.2,24.9,304,123,548,P1,False,A,1,,0,301,
North 24 Parganas,109,N24P-109,15,Madrasa 15,409,400,1,810,49.38,82,10.1,299,189,5,639,P1,110,46.8,29.6,402,157,622,P1,False,D,4,,0,341,
North 24 Parganas,109,N24P-109,16,Madrasa 16,389,378,0,767,49.28,76,9.9,334,192,4,605,P1,142,55.2,31.7,409,154,625,P1,False,B,3,,0,323,
North 24 Parganas,109,N24P-109,17,Post Office 17,258,253,1,512,49.41,45,8.8,342,58,1,444,P1,284,77.0,13.1,233,129,445,P1,False,A,1,,0,215,
North 24 Parganas,109,N24P-109,18,Anganwadi Centre 18,335,308,1,644,47.83,37,5.7,292,143,3,494,P1,149,59.1,28.9,391,108,554,P1,False,B,3,,0,271,
North 24 Parganas,109,N24P-109,19,Madrasa 19,361,345,1,707,48.8,64,9.1,345,179,5,582,P1,166,59.3,30.8,331,210,612,P1,False,B,3,,0,298,
North 24 Parganas,109,N24P-109,20,Club Building 20,335,305,1,641,47.58,37,5.8,316,141,4,508,P1,175,62.2,27.8,292,156,529,P1,False,B,3,,0,270,
North 24 Parganas,109,N24P-109,21,Post Office 21,296,286,1,583,49.06,39,6.7,336,114,3,500,P1,222,67.2,22.8,291,154,494,P1,False,A,1,,0,245,
North 24 Parganas,109,N24P-109,22,Primary School 22,352,335,1,688,48.69,45,6.5,291,182,3,525,P1,109,55.4,34.7,355,164,580,P1,False,B,3,,0,290,
North 24 Parganas,109,N24P-109,23,High School 23,308,279,0,587,47.53,48,8.2,267,171,5,486,P1,96,54.9,35.2,283,130,459,P1,False,B,3,,0,247,
North 24 Parganas,109,N24P-109,24,Panchayat Bhavan 24,296,269,0,565,47.61,44,7.8,257,116,3,430,P1,141,59.8,27.0,336,91,474,P1,False,B,3,,0,238,
North 24 Parganas,109,N24P-109,25,Madrasa 25,299,294,1,594,49.49,52,8.8,302,141,4,501,P1,161,60.3,28.1,241,199,489,P1,False,B,3,,0,250,
North 24 Parganas,109,N24P-109,26,Govt Office 26,295,291,1,587,49.57,58,9.9,271,172,3,492,P1,99,55.1,35.0,288,165,504,P1,False,B,3,,0,247,
North 24 Parganas,109,N24P-109,27,Madrasa 27,267,250,0,517,48.36,46,8.9,312,72,3,427,P1,240,73.1,16.9,284,116,444,P1,False,A,1,,0,218,
North 24 Parganas,109,N24P-109,28,Post Office 28,315,311,1,627,49.6,62,9.9,274,174,3,497,P1,100,55.1,35.0,283,167,500,P1,False,B,3,,0,264,
North 24 Parganas,109,N24P-109,29,Anganwadi Centre 29,318,309,0,627,49.28,58,9.3,239,116,6,534,P1,72,44.8,21.7,289,158,496,P1,False,B,3,,0,264,
North 24 Parganas,109,N24P-109,30,Health Sub-Centre 30,346,351,0,697,50.36,45,6.5,357,123,5,534,P1,234,66.9,23.0,374,163,597,P1,False,A,1,,0,293,
North 24 Parganas,109,N24P-109,31,Community Hall 31,280,264,1,545,48.44,52,9.5,262,111,2,414,P1,151,63.3,26.8,258,128,429,P1,False,B,3,,0,229,
North 24 Parganas,109,N24P-109,32,Madrasa 32,311,279,0,590,47.29,61,10.3,237,132,12,477,P1,105,49.7,27.7,357,73,478,P1,False,D,4,,0,248,
North 24 Parganas,109,N24P-109,33,Govt Office 33,299,307,1,607,50.58,52,8.6,336,108,3,493,P1,228,68.2,21.9,241,163,498,P1,False,A,1,,0,255,
North 24 Parganas,109,N24P-109,34,Panchayat Bhavan 34,263,248,1,512,48.44,31,6.1,191,135,7,401,P1,56,47.6,33.7,218,83,390,P1,False,B,3,,0,215,
North 24 Parganas,109,N24P-109,35,Primary School 35,312,313,1,626,50.0,44,7.0,309,182,4,546,P1,127,56.6,33.3,265,177,533,P1,False,B,3,,0,263,
North 24 Parganas,109,N24P-109,36,Temple Hall 36,346,355,0,701,50.64,67,9.6,242,143,16,536,P1,99,45.1,26.7,299,146,566,P1,False,B,3,,0,295,
North 24 Parganas,109,N24P-109,37,Post Office 37,311,298,1,610,48.85,52,8.5,293,136,5,477,P1,157,61.4,28.5,185,158,480,P1,False,B,3,,0,257,
North 24 Parganas,109,N24P-109,38,Primary School 38,330,314,0,644,48.76,63,9.8,278,152,4,530,P1,126,52.5,28.7,264,171,522,P1,False,B,3,,0,271,
North 24 Parganas,109,N24P-109,39,Primary School 39,399,360,0,759,47.43,61,8.0,383,183,4,629,P1,200,60.9,29.1,448,132,644,P1,False,B,3,,0,319,
North 24 Parganas,109,N24P-109,40,Govt Office 40,294,295,0,589,50.08,42,7.1,329,114,4,492,P1,215,66.9,23.2,240,164,462,P1,False,A,1,,0,248,
North 24 Parganas,109,N24P-109,41,Anganwadi Centre 41,267,265,0,532,49.81,42,7.9,259,123,4,425,P1,136,60.9,28.9,229,93,428,P1,False,B,3,,0,224,
North 24 Parganas,109,N24P-109,42,Govt Office 42,322,331,0,653,50.69,63,9.6,305,146,5,569,P1,159,53.6,25.7,300,198,553,P1,False,B,3,,0,275,
North 24 Parganas,109,N24P-109,43,Anganwadi Centre 43,262,266,1,529,50.28,35,6.6,280,97,3,419,P1,183,66.8,23.2,309,71,422,P1,False,A,1,,0,223,
North 24 Parganas,109,N24P-109,44,Govt Office 44,386,356,0,742,47.98,71,9.6,321,165,10,589,P1,156,54.5,28.0,400,137,596,P1,False,B,3,,0,312,
North 24 Parganas,109,N24P-109,45,High School 45,393,370,1,764,48.43,73,9.6,357,122,10,605,P1,235,59.0,20.2,364,218,647,P1,False,B,3,,0,322,
North 24 Parganas,109,N24P-109,46,Club Building 46,303,311,0,614,50.65,41,6.7,296,131,10,529,P1,165,56.0,24.8,257,163,514,P1,False,B,3,,0,258,
North 24 Parganas,109,N24P-109,47,Temple Hall 47,301,296,1,598,49.5,60,10.0,335,125,2,511,P1,210,65.6,24.5,362,77,488,P1,False,A,1,,0,252,
North 24 Parganas,109,N24P-109,48,Madrasa 48,285,259,1,545,47.52,44,8.1,208,122,7,421,P1,86,49.4,29.0,243,114,435,P1,False,B,3,,0,229,
North 24 Parganas,109,N24P-109,49,Madrasa 49,289,294,0,583,50.43,59,10.1,358,94,4,502,P1,264,71.3,18.7,271,150,468,P1,False,D,4,,0,245,
North 24 Parganas,109,N24P-109,50,High School 50,426,383,1,810,47.28,72,8.9,415,206,8,690,P1,209,60.1,29.9,335,217,626,P1,False,B,3,,0,341,
North 24 Parganas,109,N24P-109,51,Post Office 51,408,387,1,796,48.62,73,9.2,340,199,6,612,P1,141,55.6,32.5,443,158,668,P1,False,B,3,,0,335,
North 24 Parganas,109,N24P-109,52,High School 52,388,373,0,761,49.01,47,6.2,370,196,2,629,P1,174,58.8,31.2,312,122,590,P1,False,B,3,,0,320,
North 24 Parganas,109,N24P-109,53,Panchayat Bhavan 53,274,269,0,543,49.54,55,10.1,249,145,5,438,P1,104,56.8,33.1,265,149,460,P1,False,D,4,,0,229,
North 24 Parganas,109,N24P-109,54,Govt Office 54,292,278,1,571,48.69,43,7.5,279,117,3,440,P1,162,63.4,26.6,263,104,432,P1,False,B,3,,0,240,
North 24 Parganas,109,N24P-109,55,Panchayat Bhavan 55,286,293,1,580,50.52,50,8.6,247,102,7,467,P1,141,52.9,21.8,292,153,494,P1,False,B,3,,0,244,
North 24 Parganas,109,N24P-109,56,Club Building 56,335,316,1,652,48.47,60,9.2,241,167,8,495,P1,74,48.7,33.7,247,149,534,P1,False,B,3,,0,274,
North 24 Parganas,109,N24P-109,57,Panchayat Bhavan 57,399,393,0,792,49.62,48,6.1,365,202,4,631,P1,163,57.8,32.0,391,171,625,P1,False,B,3,,0,333,
North 24 Parganas,109,N24P-109,58,High School 58,338,340,0,678,50.15,49,7.2,379,140,2,577,P1,239,65.7,24.3,331,173,588,P1,False,A,1,,0,285,
North 24 Parganas,109,N24P-109,59,Post Office 59,246,250,1,497,50.3,38,7.6,268,85,6,405,P1,183,66.2,21.0,216,114,383,P1,False,A,1,,0,209,
North 24 Parganas,109,N24P-109,60,Govt Office 60,265,257,0,522,49.23,48,9.2,277,98,3,416,P1,179,66.6,23.6,283,105,431,P1,False,A,1,,0,220,
North 24 Parganas,109,N24P-109,61,Madrasa 61,293,289,0,582,49.66,54,9.3,328,112,2,488,P1,216,67.2,23.0,298,130,476,P1,False,A,1,,0,245,
North 24 Parganas,109,N24P-109,62,Post Office 62,325,305,0,630,48.41,36,5.7,292,171,3,536,P1,121,54.5,31.9,253,104,525,P1,False,B,3,,0,265,
North 24 Parganas,109,N24P-109,63,Market Building 63,383,382,1,766,49.87,55,7.2,456,98,7,615,P1,358,74.1,15.9,304,186,589,P1,False,A,1,,0,322,
North 24 Parganas,109,N24P-109,64,Govt Office 64,284,278,0,562,49.47,40,7.1,266,149,3,462,P1,117,57.6,32.3,242,138,440,P1,False,B,3,,0,237,
North 24 Parganas,109,N24P-109,65,Primary School 65,304,285,1,590,48.31,53,9.0,291,122,3,459,P1,169,63.4,26.6,312,119,479,P1,False,B,3,,0,248,
North 24 Parganas,109,N24P-109,66,Health Sub-Centre 66,403,374,1,778,48.07,62,8.0,325,130,11,594,P1,195,54.7,21.9,358,154,602,P1,False,B,3,,0,327,
North 24 Parganas,109,N24P-109,67,Primary School 67,388,401,1,790,50.76,78,9.9,368,174,2,602,P1,194,61.1,28.9,324,169,600,P1,False,B,3,,0,332,
North 24 Parganas,109,N24P-109,68,Post Office 68,364,361,1,726,49.72,72,9.9,389,169,4,620,P1,220,62.7,27.3,336,196,591,P1,False,B,3,,0,306,
North 24 Parganas,109,N24P-109,69,Market Building 69,380,391,0,771,50.71,78,10.1,374,160,5,594,P1,214,63.0,26.9,357,187,655,P1,False,D,4,,0,324,
North 24 Parganas,109,N24P-109,70,Market Building 70,369,379,0,748,50.67,52,7.0,350,189,3,600,P1,161,58.3,31.5,393,161,629,P1,False,B,3,,0,315,
North 24 Parganas,109,N24P-109,71,Community Hall 71,398,371,1,770,48.18,51,6.6,385,162,4,608,P1,223,63.3,26.6,304,189,618,P1,False,B,3,,0,324,
North 24 Parganas,109,N24P-109,72,Market Building 72,356,323,0,679,47.57,49,7.2,376,158,5,593,P1,218,63.4,26.6,325,155,533,P1,False,B,3,,0,286,
North 24 Parganas,109,N24P-109,73,Primary School 73,264,258,0,522,49.43,49,9.4,238,111,6,441,P1,127,54.0,25.2,248,109,421,P1,False,B,3,,0,220,
North 24 Parganas,109,N24P-109,74,Madrasa 74,285,266,1,552,48.19,55,10.0,382,48,5,478,P1,334,79.9,10.0,261,147,462,P1,False,A,1,,0,232,
North 24 Parganas,109,N24P-109,75,Health Sub-Centre 75,273,263,1,537,48.98,32,6.0,244,135,4,448,P1,109,54.5,30.1,274,101,416,P1,False,B,3,,0,226,
North 24 Parganas,109,N24P-109,76,Panchayat Bhavan 76,337,344,1,682,50.44,51,7.5,288,183,6,556,P1,105,51.8,32.9,353,122,527,P1,False,B,3,,0,287,
North 24 Parganas,109,N24P-109,77,Post Office 77,338,312,0,650,48.0,64,9.8,281,123,9,558,P1,142,50.4,22.0,351,119,522,P1,False,B,3,,0,274,
North 24 Parganas,109,N24P-109,78,Club Building 78,259,237,1,497,47.69,48,9.7,160,168,3,403,P2,8,39.7,41.7,226,143,410,P1,True,B,3,,0,209,
North 24 Parganas,109,N24P-109,79,Health Sub-Centre 79,357,344,1,702,49.0,43,6.1,309,174,4,537,P1,135,57.5,32.4,325,192,574,P1,False,B,3,,0,295,
North 24 Parganas,109,N24P-109,80,Club Building 80,321,296,0,617,47.97,62,10.0,327,132,6,510,P1,195,64.1,25.9,296,144,489,P1,False,B,3,,0,260,
North 24 Parganas,109,N24P-109,81,Temple Hall 81,278,284,0,562,50.53,56,10.0,246,188,4,482,P1,58,51.0,39.0,307,132,487,P1,False,B,3,,0,237,
North 24 Parganas,109,N24P-109,82,Community Hall 82,354,333,0,687,48.47,65,9.5,271,181,13,592,P1,90,45.8,30.6,341,158,554,P1,False,B,3,,0,289,
North 24 Parganas,109,N24P-109,83,Panchayat Bhavan 83,412,382,1,795,48.05,76,9.6,389,165,5,615,P1,224,63.3,26.8,345,258,670,P1,False,B,3,,0,335,
North 24 Parganas,109,N24P-109,84,Market Building 84,392,401,1,794,50.5,54,6.8,328,161,6,616,P1,167,53.2,26.1,403,191,660,P1,False,B,3,,0,334,
North 24 Parganas,109,N24P-109,85,Primary School 85,315,313,0,628,49.84,48,7.6,289,112,8,531,P1,172,54.4,21.1,285,182,519,P1,False,B,3,,0,264,
North 24 Parganas,109,N24P-109,86,High School 86,336,317,1,654,48.47,38,5.8,272,132,8,495,P1,140,54.9,26.7,342,153,550,P1,False,B,3,,0,275,
North 24 Parganas,109,N24P-109,87,Market Building 87,431,388,0,819,47.37,61,7.4,467,173,8,711,P1,294,65.7,24.3,404,193,664,P1,False,A,1,,0,345,
North 24 Parganas,109,N24P-109,88,Post Office 88,250,258,0,508,50.79,33,6.5,263,125,5,437,P1,138,60.2,28.6,248,102,388,P1,False,B,3,,0,214,
North 24 Parganas,109,N24P-109,89,Health Sub-Centre 89,329,320,0,649,49.31,50,7.7,308,170,5,536,P1,138,57.5,31.7,291,199,547,P1,False,B,3,,0,273,
North 24 Parganas,109,N24P-109,90,Health Sub-Centre 90,407,394,1,802,49.13,81,10.1,369,112,12,649,P1,220,56.9,17.3,445,121,628,P1,False,D,4,,0,338,
North 24 Parganas,109,N24P-109,91,Madrasa 91,342,334,0,676,49.41,43,6.4,379,94,5,525,P1,285,72.2,17.9,346,98,578,P1,False,A,1,,0,284,
North 24 Parganas,109,N24P-109,92,Govt Office 92,385,360,1,746,48.26,70,9.4,316,200,4,613,P1,116,51.5,32.6,337,178,600,P1,False,B,3,,0,314,
North 24 Parganas,109,N24P-109,93,Madrasa 93,301,274,1,576,47.57,52,9.0,210,102,14,450,P1,91,46.7,22.7,274,159,494,P1,False,B,3,,0,242,
North 24 Parganas,109,N24P-109,94,Madrasa 94,283,282,0,565,49.91,55,9.7,311,82,1,436,P1,229,71.3,18.8,214,154,446,P1,False,A,1,,0,238,
North 24 Parganas,109,N24P-109,95,Govt Office 95,388,371,1,760,48.82,75,9.9,292,167,5,575,P1,125,50.8,29.0,354,185,663,P1,False,B,3,,0,320,
North 24 Parganas,109,N24P-109,96,Anganwadi Centre 96,399,410,0,809,50.68,50,6.2,302,257,5,654,P1,45,46.2,39.3,434,142,640,P1,False,B,3,,0,340,
North 24 Parganas,109,N24P-109,97,Market Building 97,389,353,0,742,47.57,49,6.6,456,113,7,632,P1,343,72.2,17.9,398,117,589,P1,False,A,1,,0,312,
North 24 Parganas,109,N24P-109,98,Madrasa 98,326,293,0,619,47.33,58,9.4,304,145,2,502,P1,159,60.6,28.9,287,148,483,P1,False,B,3,,0,260,
North 24 Parganas,109,N24P-109,99,Temple Hall 99,270,272,1,543,50.09,37,6.8,263,145,3,454,P1,118,57.9,31.9,263,151,470,P1,False,B,3,,0,229,
North 24 Parganas,109,N24P-109,100,Primary School 100,275,257,1,533,48.22,45,8.4,208,115,7,437,P1,93,47.6,26.3,249,104,463,P1,False,B,3,,0,224,
North 24 Parganas,109,N24P-109,101,Temple Hall 101,394,371,0,765,48.5,64,8.4,425,160,7,650,P1,265,65.4,24.6,378,189,630,P1,False,A,1,,0,322,
North 24 Parganas,109,N24P-109,102,Market Building 102,303,299,1,603,49.59,59,9.8,269,153,4,494,P1,116,54.5,31.0,306,135,490,P1,False,B,3,,0,254,
North 24 Parganas,109,N24P-109,103,Panchayat Bhavan 103,310,308,1,619,49.76,50,8.1,247,156,5,474,P1,91,52.1,32.9,291,155,508,P1,False,B,3,,0,260,
North 24 Parganas,109,N24P-109,104,Govt Office 104,359,333,0,692,48.12,50,7.2,326,149,2,527,P1,177,61.9,28.3,306,168,527,P1,False,B,3,,0,291,
North 24 Parganas,109,N24P-109,105,Madrasa 105,357,333,0,690,48.26,52,7.5,236,142,11,547,P1,84,43.1,26.0,310,174,537,P1,False,B,3,,0,290,
North 24 Parganas,109,N24P-109,106,Community Hall 106,310,306,0,616,49.68,57,9.3,333,142,2,528,P1,191,63.1,26.9,217,131,503,P1,False,B,3,,0,259,
North 24 Parganas,109,N24P-109,107,Primary School 107,339,314,1,654,48.01,39,6.0,271,152,10,542,P1,119,50.0,28.0,330,124,505,P1,False,B,3,,0,275,
North 24 Parganas,109,N24P-109,108,Health Sub-Centre 108,329,299,0,628,47.61,44,7.0,345,126,4,524,P1,219,65.8,24.0,236,194,514,P1,False,A,1,,0,264,
North 24 Parganas,109,N24P-109,109,Govt Office 109,266,255,1,522,48.85,51,9.8,263,102,3,405,P1,161,64.9,25.2,258,110,409,P1,False,B,3,,0,220,
North 24 Parganas,109,N24P-109,110,Health Sub-Centre 110,336,331,1,668,49.55,43,6.4,353,111,4,516,P1,242,68.4,21.5,364,132,552,P1,False,A,1,,0,281,
North 24 Parganas,109,N24P-109,111,Post Office 111,419,394,0,813,48.46,73,9.0,419,156,7,639,P1,263,65.6,24.4,381,202,661,P1,False,A,1,,0,342,
North 24 Parganas,109,N24P-109,112,Primary School 112,357,344,0,701,49.07,46,6.6,348,176,6,593,P1,172,58.7,29.7,319,144,578,P1,False,B,3,,0,295,
North 24 Parganas,109,N24P-109,113,Govt Office 113,404,367,0,771,47.6,67,8.7,345,186,4,591,P1,159,58.4,31.5,313,216,636,P1,False,B,3,,0,324,
North 24 Parganas,109,N24P-109,114,Club Building 114,287,270,1,558,48.39,45,8.1,233,131,12,479,P1,102,48.6,27.3,268,132,445,P1,False,B,3,,0,235,
North 24 Parganas,109,N24P-109,115,Health Sub-Centre 115,268,274,0,542,50.55,36,6.6,267,118,5,428,P1,149,62.4,27.6,233,120,444,P1,False,B,3,,0,228,
North 24 Parganas,109,N24P-109,116,Primary School 116,252,247,1,500,49.4,46,9.2,211,155,5,428,P1,56,49.3,36.2,282,94,417,P1,False,B,3,,0,210,
North 24 Parganas,109,N24P-109,117,Anganwadi Centre 117,296,265,1,562,47.15,53,9.4,224,106,6,455,P1,110,49.2,23.3,280,118,442,P1,False,B,3,,0,237,
North 24 Parganas,109,N24P-109,118,Madrasa 118,246,241,0,487,49.49,32,6.6,203,103,4,381,P1,100,53.3,27.0,249,111,422,P1,False,B,3,,0,205,
North 24 Parganas,109,N24P-109,119,Anganwadi Centre 119,263,267,1,531,50.28,34,6.4,206,114,12,423,P1,92,48.7,27.0,250,150,447,P1,False,B,3,,0,223,
North 24 Parganas,109,N24P-109,120,Market Building 120,272,246,1,519,47.4,41,7.9,284,72,3,396,P1,212,71.7,18.2,273,119,435,P1,False,A,1,,0,218,
North 24 Parganas,109,N24P-109,121,Primary School 121,305,283,1,589,48.05,48,8.1,261,129,3,448,P1,132,58.3,28.8,276,150,486,P1,False,B,3,,0,248,
North 24 Parganas,109,N24P-109,122,Panchayat Bhavan 122,276,272,1,549,49.54,57,10.4,255,115,6,432,P1,140,59.0,26.6,262,129,456,P1,False,D,4,,0,231,
North 24 Parganas,109,N24P-109,123,Primary School 123,306,295,1,602,49.0,43,7.1,319,107,5,473,P1,212,67.4,22.6,265,101,461,P1,False,A,1,,0,253,
North 24 Parganas,109,N24P-109,124,Market Building 124,386,365,1,752,48.54,55,7.3,322,223,4,609,P1,99,52.9,36.6,358,142,624,P1,False,B,3,,0,316,
North 24 Parganas,109,N24P-109,125,Madrasa 125,306,293,1,600,48.83,47,7.8,276,154,3,478,P1,122,57.7,32.2,312,133,494,P1,False,B,3,,0,253,
North 24 Parganas,109,N24P-109,126,Panchayat Bhavan 126,388,372,1,761,48.88,57,7.5,396,144,2,600,P1,252,66.0,24.0,369,187,618,P1,False,A,1,,0,320,
North 24 Parganas,109,N24P-109,127,Primary School 127,377,342,0,719,47.57,45,6.3,292,239,9,624,P1,53,46.8,38.3,335,179,571,P1,False,B,3,,0,303,
North 24 Parganas,109,N24P-109,128,Panchayat Bhavan 128,278,260,0,538,48.33,36,6.7,231,136,11,461,P1,95,50.1,29.5,266,136,447,P1,False,B,3,,0,226,
North 24 Parganas,109,N24P-109,129,Madrasa 129,260,232,0,492,47.15,40,8.1,282,92,4,415,P1,190,68.0,22.2,205,147,396,P1,False,A,1,,0,207,
North 24 Parganas,109,N24P-109,130,Community Hall 130,341,333,1,675,49.33,43,6.4,316,153,2,521,P1,163,60.7,29.4,355,125,533,P1,False,B,3,,0,284,
North 24 Parganas,109,N24P-109,131,Panchayat Bhavan 131,354,353,0,707,49.93,46,6.5,368,152,6,578,P1,216,63.7,26.3,426,99,583,P1,False,B,3,,0,298,
North 24 Parganas,109,N24P-109,132,Madrasa 132,315,285,0,600,47.5,51,8.5,333,133,4,518,P1,200,64.3,25.7,241,135,454,P1,False,B,3,,0,253,
North 24 Parganas,109,N24P-109,133,Anganwadi Centre 133,266,260,0,526,49.43,38,7.2,239,104,10,453,P1,135,52.8,23.0,224,112,417,P1,False,B,3,,0,221,
North 24 Parganas,109,N24P-109,134,Govt Office 134,308,319,1,628,50.8,64,10.2,224,120,17,515,P1,75,43.5,23.3,296,173,522,P1,False,D,4,,0,264,
North 24 Parganas,109,N24P-109,135,Panchayat Bhavan 135,282,269,1,552,48.73,54,9.8,279,129,4,453,P1,150,61.6,28.5,255,121,421,P1,False,B,3,,0,232,
North 24 Parganas,109,N24P-109,136,Primary School 136,270,254,0,524,48.47,35,6.7,225,116,5,422,P1,109,53.3,27.5,288,93,423,P1,False,B,3,,0,221,
North 24 Parganas,109,N24P-109,137,Panchayat Bhavan 137,389,394,0,783,50.32,50,6.4,400,179,6,643,P1,221,62.2,27.8,411,186,663,P1,False,B,3,,0,330,
North 24 Parganas,109,N24P-109,138,Temple Hall 138,398,409,1,808,50.62,59,7.3,370,167,3,641,P1,203,57.7,26.1,403,174,641,P1,False,B,3,,0,340,
North 24 Parganas,109,N24P-109,139,Madrasa 139,404,367,0,771,47.6,48,6.2,344,177,13,665,P1,167,51.7,26.6,385,150,646,P1,False,B,3,,0,324,
North 24 Parganas,109,N24P-109,140,Temple Hall 140,341,334,0,675,49.48,51,7.6,268,214,6,563,P1,54,47.6,38.0,298,212,567,P1,False,B,3,,0,284,
North 24 Parganas,109,N24P-109,141,Panchayat Bhavan 141,345,329,0,674,48.81,46,6.8,224,155,4,519,P1,69,43.2,29.9,336,192,587,P1,False,B,3,,0,284,
North 24 Parganas,109,N24P-109,142,Madrasa 142,354,331,0,685,48.32,55,8.0,322,99,9,567,P1,190,56.8,17.5,323,151,532,P1,False,B,3,,0,288,
North 24 Parganas,109,N24P-109,143,Madrasa 143,261,260,1,522,49.81,36,6.9,226,92,10,411,P1,134,55.0,22.4,203,127,408,P1,False,B,3,,0,220,
North 24 Parganas,109,N24P-109,144,Panchayat Bhavan 144,295,271,0,566,47.88,51,9.0,284,145,4,476,P1,139,59.7,30.5,242,133,432,P1,False,B,3,,0,238,
North 24 Parganas,109,N24P-109,145,Community Hall 145,273,278,0,551,50.45,45,8.2,302,112,5,460,P1,190,65.7,24.3,233,93,436,P1,False,A,1,,0,232,
North 24 Parganas,109,N24P-109,146,Temple Hall 146,374,367,0,741,49.53,69,9.3,308,144,5,583,P1,164,52.8,24.7,335,209,604,P1,False,B,3,,0,312,
North 24 Parganas,109,N24P-109,147,Temple Hall 147,401,383,0,784,48.85,67,8.5,429,174,7,670,P1,255,64.0,26.0,453,149,669,P1,False,B,3,,0,330,
North 24 Parganas,109,N24P-109,148,Madrasa 148,308,301,1,610,49.34,37,6.1,359,91,3,500,P1,268,71.8,18.2,252,120,475,P1,False,A,1,,0,257,
North 24 Parganas,109,N24P-109,149,Market Building 149,360,344,0,704,48.86,48,6.8,276,222,5,562,P1,54,49.1,39.5,345,137,557,P1,False,B,3,,0,296,
North 24 Parganas,109,N24P-109,150,Market Building 150,306,287,0,593,48.4,61,10.3,281,123,10,511,P1,158,55.0,24.1,279,157,484,P1,False,D,4,,0,250,
North 24 Parganas,109,N24P-109,151,Community Hall 151,403,387,1,791,48.93,82,10.4,366,242,7,676,P1,124,54.1,35.8,450,156,673,P1,False,D,4,,0,333,
North 24 Parganas,109,N24P-109,152,High School 152,237,245,1,483,50.72,49,10.1,197,113,3,380,P1,84,51.8,29.7,192,131,368,P1,False,D,4,,0,203,
North 24 Parganas,109,N24P-109,153,Madrasa 153,288,265,0,553,47.92,56,10.1,318,84,2,447,P1,234,71.1,18.8,198,161,434,P1,False,D,4,,0,233,
North 24 Parganas,109,N24P-109,154,Community Hall 154,327,295,1,623,47.35,56,9.0,285,178,3,531,P1,107,53.7,33.5,334,133,519,P1,False,B,3,,0,262,
North 24 Parganas,109,N24P-109,155,Post Office 155,365,350,0,715,48.95,58,8.1,313,158,6,547,P1,155,57.2,28.9,290,227,607,P1,False,B,3,,0,301,
North 24 Parganas,109,N24P-109,156,Panchayat Bhavan 156,342,308,1,651,47.31,46,7.1,297,162,2,510,P1,135,58.2,31.8,318,179,552,P1,False,B,3,,0,274,
North 24 Parganas,109,N24P-109,157,Panchayat Bhavan 157,282,270,0,552,48.91,45,8.2,237,168,5,450,P1,69,52.7,37.3,256,147,453,P1,False,B,3,,0,232,
North 24 Parganas,109,N24P-109,158,Community Hall 158,421,392,0,813,48.22,66,8.1,387,168,4,640,P1,219,60.5,26.2,276,220,665,P1,False,B,3,,0,342,
North 24 Parganas,109,N24P-109,159,Govt Office 159,263,268,1,532,50.38,46,8.6,257,111,7,432,P1,146,59.5,25.7,215,134,419,P1,False,B,3,,0,224,
North 24 Parganas,109,N24P-109,160,Panchayat Bhavan 160,332,341,1,674,50.59,61,9.1,281,153,6,536,P1,128,52.4,28.5,369,158,586,P1,False,B,3,,0,284,
North 24 Parganas,109,N24P-109,161,Post Office 161,342,349,0,691,50.51,63,9.1,331,145,12,595,P1,186,55.6,24.4,261,177,565,P1,False,B,3,,0,291,
North 24 Parganas,109,N24P-109,162,Club Building 162,280,278,0,558,49.82,39,7.0,256,174,2,478,P1,82,53.6,36.4,253,174,484,P1,False,B,3,,0,235,
North 24 Parganas,109,N24P-109,163,Panchayat Bhavan 163,308,304,1,613,49.59,43,7.0,296,90,6,473,P1,206,62.6,19.0,269,90,465,P1,False,B,3,,0,258,
North 24 Parganas,109,N24P-109,164,Anganwadi Centre 164,345,332,1,678,48.97,56,8.3,324,102,9,515,P1,222,62.9,19.8,270,224,564,P1,False,B,3,,0,285,
North 24 Parganas,109,N24P-109,165,Club Building 165,357,343,1,701,48.93,48,6.8,336,125,13,568,P1,211,59.2,22.0,332,157,544,P1,False,B,3,,0,295,
North 24 Parganas,109,N24P-109,166,Club Building 166,366,359,0,725,49.52,73,10.1,375,166,3,601,P1,209,62.4,27.6,403,164,631,P1,False,D,4,,0,305,
North 24 Parganas,109,N24P-109,167,Primary School 167,400,385,0,785,49.04,71,9.0,259,127,14,605,P1,61,42.8,21.0,340,181,618,P1,False,B,3,,0,330,
North 24 Parganas,109,N24P-109,168,Panchayat Bhavan 168,264,261,0,525,49.71,31,5.9,226,127,5,425,P1,99,53.2,29.9,254,100,410,P1,False,B,3,,0,221,
North 24 Parganas,109,N24P-109,169,High School 169,279,268,0,547,48.99,56,10.2,326,100,2,473,P1,226,68.9,21.1,267,163,478,P1,False,D,4,,0,230,
North 24 Parganas,109,N24P-109,170,Market Building 170,374,336,1,711,47.26,59,8.3,289,118,8,586,P1,124,49.3,20.1,319,137,546,P1,False,B,3,,0,299,
North 24 Parganas,109,N24P-109,171,High School 171,380,346,1,727,47.59,56,7.7,372,178,2,611,P1,194,60.9,29.1,385,157,602,P1,False,B,3,,0,306,
North 24 Parganas,109,N24P-109,172,Anganwadi Centre 172,313,317,1,631,50.24,48,7.6,353,117,2,522,P1,236,67.6,22.4,326,119,506,P1,False,A,1,,0,266,
North 24 Parganas,109,N24P-109,173,High School 173,261,266,1,528,50.38,41,7.8,243,108,8,433,P1,135,56.1,24.9,197,109,434,P1,False,B,3,,0,222,
North 24 Parganas,109,N24P-109,174,Club Building 174,318,318,1,637,49.92,50,7.8,299,162,2,525,P1,137,57.0,30.9,265,177,532,P1,False,B,3,,0,268,
North 24 Parganas,109,N24P-109,175,Panchayat Bhavan 175,268,275,0,543,50.64,38,7.0,202,110,13,450,P1,82,44.9,24.4,279,111,433,P1,False,B,3,,0,229,
North 24 Parganas,109,N24P-109,176,Temple Hall 176,391,366,1,758,48.28,71,9.4,434,157,8,657,P1,277,66.1,23.9,328,214,639,P1,False,A,1,,0,319,
North 24 Parganas,109,N24P-109,177,Health Sub-Centre 177,285,270,1,556,48.56,35,6.3,296,103,3,443,P1,193,66.8,23.3,319,110,476,P1,False,A,1,,0,234,
North 24 Parganas,109,N24P-109,178,Anganwadi Centre 178,285,288,1,574,50.17,47,8.2,288,102,4,434,P1,186,66.4,23.5,292,122,459,P1,False,A,1,,0,242,
North 24 Parganas,109,N24P-109,179,Community Hall 179,322,318,0,640,49.69,62,9.7,279,131,12,517,P1,148,54.0,25.3,329,153,536,P1,False,B,3,,0,269,
North 24 Parganas,109,N24P-109,180,Club Building 180,261,261,1,523,49.9,43,8.2,231,102,3,432,P1,129,53.5,23.6,337,60,441,P1,False,B,3,,0,220,
North 24 Parganas,109,N24P-109,181,Anganwadi Centre 181,258,256,1,515,49.71,48,9.3,222,126,8,434,P1,96,51.2,29.0,233,142,416,P1,False,B,3,,0,217,
North 24 Parganas,109,N24P-109,182,Govt Office 182,286,280,0,566,49.47,50,8.8,260,151,5,474,P1,109,54.9,31.9,247,153,444,P1,False,B,3,,0,238,
North 24 Parganas,109,N24P-109,183,Health Sub-Centre 183,321,330,1,652,50.61,67,10.3,291,176,3,530,P1,115,54.9,33.2,321,126,499,P1,False,D,4,,0,274,
North 24 Parganas,109,N24P-109,184,Primary School 184,413,372,1,786,47.33,54,6.9,392,189,5,646,P1,203,60.7,29.3,367,218,651,P1,False,B,3,,0,331,
North 24 Parganas,109,N24P-109,185,Primary School 185,353,343,0,696,49.28,49,7.0,276,198,2,539,P1,78,51.2,36.7,371,142,570,P1,False,B,3,,0,293,
North 24 Parganas,109,N24P-109,186,Temple Hall 186,306,286,1,593,48.23,37,6.2,293,125,3,464,P1,168,63.1,26.9,258,171,477,P1,False,B,3,,0,250,
North 24 Parganas,109,N24P-109,187,Govt Office 187,271,245,0,516,47.48,45,8.7,203,178,2,423,P1,25,48.0,42.1,236,116,395,P1,False,B,3,,0,217,
North 24 Parganas,109,N24P-109,188,Panchayat Bhavan 188,375,345,0,720,47.92,51,7.1,410,126,6,595,P1,284,68.9,21.2,311,188,561,P1,False,A,1,,0,303,
North 24 Parganas,109,N24P-109,189,Market Building 189,378,371,1,750,49.47,62,8.3,314,133,9,597,P1,179,52.6,22.3,394,171,627,P1,False,B,3,,0,316,
North 24 Parganas,109,N24P-109,190,Temple Hall 190,385,388,0,773,50.19,50,6.5,436,167,3,670,P1,269,65.1,24.9,395,173,631,P1,False,A,1,,0,325,
North 24 Parganas,109,N24P-109,191,Primary School 191,279,272,0,551,49.36,55,10.0,260,114,7,472,P1,146,55.1,24.2,317,87,449,P1,False,B,3,,0,232,
North 24 Parganas,110,N24P-110,1,Panchayat Bhavan 1,292,266,0,558,47.67,19,3.4,309,84,4,437,P1,225,70.7,19.2,247,141,431,P1,False,A,1,,0,235,
North 24 Parganas,110,N24P-110,2,Panchayat Bhavan 2,311,293,0,604,48.51,22,3.6,236,130,4,466,P1,106,50.6,27.9,274,167,490,P1,False,B,3,,0,254,
North 24 Parganas,110,N24P-110,3,High School 3,300,293,1,594,49.33,18,3.0,247,151,8,492,P1,96,50.2,30.7,308,110,464,P1,False,B,3,,0,250,
North 24 Parganas,110,N24P-110,4,Market Building 4,269,265,0,534,49.63,22,4.1,213,73,13,412,P1,104,51.7,17.7,263,128,435,P1,False,B,3,,0,225,
North 24 Parganas,110,N24P-110,5,Panchayat Bhavan 5,403,393,1,797,49.31,26,3.3,403,175,11,671,P1,228,60.1,26.1,333,213,643,P1,False,B,3,,0,335,
North 24 Parganas,110,N24P-110,6,Anganwadi Centre 6,376,380,1,757,50.2,38,5.0,387,173,6,622,P1,214,62.2,27.8,305,140,581,P1,False,B,3,,0,319,
North 24 Parganas,110,N24P-110,7,Club Building 7,286,273,1,560,48.75,25,4.5,253,146,5,467,P1,107,54.2,31.3,329,96,472,P1,False,B,3,,0,236,
North 24 Parganas,110,N24P-110,8,Panchayat Bhavan 8,348,356,0,704,50.57,20,2.8,427,125,4,613,P1,302,69.7,20.4,357,159,580,P1,False,A,1,,0,296,
North 24 Parganas,110,N24P-110,9,Govt Office 9,358,321,1,680,47.21,20,2.9,308,202,6,567,P1,106,54.3,35.6,331,138,524,P1,False,B,3,,0,286,
North 24 Parganas,110,N24P-110,10,Club Building 10,276,269,1,546,49.27,16,2.9,206,121,7,428,P1,85,48.1,28.3,294,101,463,P1,False,B,3,,0,230,
North 24 Parganas,110,N24P-110,11,Market Building 11,339,308,1,648,47.53,26,4.0,323,131,4,504,P1,192,64.1,26.0,278,171,499,P1,False,B,3,,0,273,
North 24 Parganas,110,N24P-110,12,Madrasa 12,305,307,1,613,50.08,19,3.1,295,173,2,528,P1,122,55.9,32.8,299,133,530,P1,False,B,3,,0,258,
North 24 Parganas,110,N24P-110,13,Club Building 13,371,344,0,715,48.11,28,3.9,448,105,5,614,P1,343,73.0,17.1,307,182,564,P1,False,A,1,,0,301,
North 24 Parganas,110,N24P-110,14,Health Sub-Centre 14,278,280,1,559,50.09,28,5.0,313,124,3,486,P1,189,64.4,25.5,273,146,465,P1,False,B,3,,0,235,
North 24 Parganas,110,N24P-110,15,Anganwadi Centre 15,264,248,1,513,48.34,21,4.1,188,98,12,414,P1,76,45.4,23.7,258,105,403,P1,False,B,3,,0,216,
North 24 Parganas,110,N24P-110,16,Govt Office 16,400,393,1,794,49.5,28,3.5,382,195,6,641,P1,187,59.6,30.4,365,230,661,P1,False,B,3,,0,334,
North 24 Parganas,110,N24P-110,17,High School 17,263,242,0,505,47.92,17,3.4,197,98,7,388,P1,99,50.8,25.3,304,45,387,P1,False,B,3,,0,213,
North 24 Parganas,110,N24P-110,18,Health Sub-Centre 18,309,277,0,586,47.27,17,2.9,282,124,7,482,P1,158,58.5,25.7,279,154,481,P1,False,B,3,,0,247,
North 24 Parganas,110,N24P-110,19,Anganwadi Centre 19,322,297,0,619,47.98,28,4.5,323,153,4,529,P1,170,61.1,28.9,324,144,529,P1,False,B,3,,0,260,
North 24 Parganas,110,N24P-110,20,Anganwadi Centre 20,266,275,0,541,50.83,26,4.8,183,112,13,415,P1,71,44.1,27.0,267,103,425,P1,False,B,3,,0,228,
North 24 Parganas,110,N24P-110,21,Temple Hall 21,399,362,0,761,47.57,25,3.3,415,177,5,658,P1,238,63.1,26.9,270,181,584,P1,False,B,3,,0,320,
North 24 Parganas,110,N24P-110,22,Panchayat Bhavan 22,411,392,1,804,48.76,29,3.6,340,189,5,664,P1,151,51.2,28.5,358,190,668,P1,False,B,3,,0,338,
North 24 Parganas,110,N24P-110,23,Primary School 23,304,274,1,579,47.32,29,5.0,316,130,3,496,P1,186,63.7,26.2,291,124,461,P1,False,B,3,,0,244,
North 24 Parganas,110,N24P-110,24,Anganwadi Centre 24,356,355,1,712,49.86,24,3.4,406,117,5,581,P1,289,69.9,20.1,317,148,581,P1,False,A,1,,0,300,
North 24 Parganas,110,N24P-110,25,Community Hall 25,343,309,1,653,47.32,24,3.7,348,109,8,554,P1,239,62.8,19.7,310,129,498,P1,False,B,3,,0,275,
North 24 Parganas,110,N24P-110,26,Post Office 26,300,302,0,602,50.17,30,5.0,262,136,8,469,P1,126,55.9,29.0,262,143,508,P1,False,B,3,,0,253,
North 24 Parganas,110,N24P-110,27,Anganwadi Centre 27,264,265,0,529,50.09,19,3.6,256,136,3,436,P1,120,58.7,31.2,191,188,462,P1,False,B,3,,0,223,
North 24 Parganas,110,N24P-110,28,Govt Office 28,379,386,0,765,50.46,38,5.0,322,133,5,635,P1,154,50.7,20.9,403,137,600,P1,False,B,3,,0,322,
North 24 Parganas,110,N24P-110,29,High School 29,385,360,1,746,48.26,32,4.3,389,185,6,637,P1,204,61.1,29.0,385,165,647,P1,False,B,3,,0,314,
North 24 Parganas,110,N24P-110,30,Anganwadi Centre 30,361,327,1,689,47.46,30,4.4,327,154,7,548,P1,173,59.7,28.1,337,153,600,P1,False,B,3,,0,290,
North 24 Parganas,110,N24P-110,31,Govt Office 31,289,299,1,589,50.76,29,4.9,339,103,2,491,P1,236,69.0,21.0,269,149,464,P1,False,A,1,,0,248,
North 24 Parganas,110,N24P-110,32,High School 32,307,311,1,619,50.24,20,3.2,302,154,5,521,P1,148,58.0,29.6,279,148,474,P1,False,B,3,,0,260,
North 24 Parganas,110,N24P-110,33,Govt Office 33,411,404,0,815,49.57,42,5.2,383,171,2,616,P1,212,62.2,27.8,471,119,656,P1,False,B,3,,0,343,
North 24 Parganas,110,N24P-110,34,Post Office 34,307,296,0,603,49.09,22,3.6,342,120,2,513,P1,222,66.7,23.4,309,148,525,P1,False,A,1,,0,254,
North 24 Parganas,110,N24P-110,35,Post Office 35,239,247,1,487,50.72,21,4.3,192,107,8,376,P1,85,51.1,28.5,249,100,388,P1,False,B,3,,0,205,
North 24 Parganas,110,N24P-110,36,Panchayat Bhavan 36,424,396,0,820,48.29,41,5.0,348,205,11,671,P1,143,51.9,30.6,423,164,652,P1,False,B,3,,0,345,
North 24 Parganas,110,N24P-110,37,Govt Office 37,371,352,0,723,48.69,35,4.8,320,203,2,587,P1,117,54.5,34.6,326,162,613,P1,False,B,3,,0,304,
North 24 Parganas,110,N24P-110,38,Anganwadi Centre 38,343,348,1,692,50.29,23,3.3,330,179,2,566,P1,151,58.3,31.6,368,163,600,P1,False,B,3,,0,291,
North 24 Parganas,110,N24P-110,39,Govt Office 39,322,294,1,617,47.65,26,4.2,293,109,5,537,P1,168,54.6,20.3,232,94,468,P1,False,B,3,,0,260,
North 24 Parganas,110,N24P-110,40,Health Sub-Centre 40,328,336,0,664,50.6,25,3.8,321,156,4,560,P1,165,57.3,27.9,273,177,528,P1,False,B,3,,0,279,
North 24 Parganas,110,N24P-110,41,Panchayat Bhavan 41,345,313,1,659,47.5,28,4.2,319,133,5,502,P1,186,63.5,26.5,301,130,536,P1,False,B,3,,0,277,
North 24 Parganas,110,N24P-110,42,High School 42,327,314,0,641,48.99,28,4.4,296,150,4,495,P1,146,59.8,30.3,270,97,515,P1,False,B,3,,0,270,
North 24 Parganas,110,N24P-110,43,Temple Hall 43,356,333,1,690,48.26,26,3.8,338,134,7,570,P1,204,59.3,23.5,325,196,578,P1,False,B,3,,0,290,
North 24 Parganas,110,N24P-110,44,Post Office 44,359,342,1,702,48.72,36,5.1,356,145,2,557,P1,211,63.9,26.0,349,198,608,P1,False,B,3,,0,295,
North 24 Parganas,110,N24P-110,45,Market Building 45,266,268,0,534,50.19,23,4.3,271,135,4,452,P1,136,60.0,29.9,268,93,413,P1,False,B,3,,0,225,
North 24 Parganas,110,N24P-110,46,Primary School 46,419,378,0,797,47.43,29,3.6,396,188,6,649,P1,208,61.0,29.0,355,246,667,P1,False,B,3,,0,335,
North 24 Parganas,110,N24P-110,47,Madrasa 47,284,287,0,571,50.26,24,4.2,237,104,6,493,P1,96,48.1,21.1,335,106,490,P1,False,B,3,,0,240,
North 24 Parganas,110,N24P-110,48,Market Building 48,372,373,1,746,50.0,27,3.6,398,146,5,605,P1,252,65.8,24.1,434,134,631,P1,False,A,1,,0,314,
North 24 Parganas,110,N24P-110,49,Health Sub-Centre 49,268,272,1,541,50.28,17,3.1,277,100,4,419,P1,177,66.1,23.9,262,154,462,P1,False,A,1,,0,228,
North 24 Parganas,110,N24P-110,50,High School 50,258,263,0,521,50.48,18,3.5,207,92,3,410,P1,104,50.5,22.4,218,131,414,P1,False,B,3,,0,219,
North 24 Parganas,110,N24P-110,51,Panchayat Bhavan 51,322,304,0,626,48.56,23,3.7,318,148,6,528,P1,170,60.2,28.0,282,160,491,P1,False,B,3,,0,263,
North 24 Parganas,110,N24P-110,52,Market Building 52,346,322,1,669,48.13,35,5.2,354,148,2,557,P1,206,63.6,26.6,319,169,564,P1,False,B,3,,0,282,
North 24 Parganas,110,N24P-110,53,Health Sub-Centre 53,386,397,0,783,50.7,31,4.0,377,177,4,626,P1,200,60.2,28.3,346,122,650,P1,False,B,3,,0,330,
North 24 Parganas,110,N24P-110,54,Primary School 54,412,370,1,783,47.25,31,4.0,351,151,4,599,P1,200,58.6,25.2,378,186,666,P1,False,B,3,,0,330,
North 24 Parganas,110,N24P-110,55,Temple Hall 55,396,359,0,755,47.55,31,4.1,316,256,9,650,P1,60,48.6,39.4,349,207,646,P1,False,B,3,,0,318,
North 24 Parganas,110,N24P-110,56,High School 56,312,292,0,604,48.34,22,3.6,297,117,4,464,P1,180,64.0,25.2,289,159,507,P1,False,B,3,,0,254,
North 24 Parganas,110,N24P-110,57,Club Building 57,348,335,1,684,48.98,23,3.4,340,156,6,551,P1,184,61.7,28.3,328,169,552,P1,False,B,3,,0,288,
North 24 Parganas,110,N24P-110,58,Club Building 58,264,241,0,505,47.72,18,3.6,273,123,2,440,P1,150,62.0,28.0,157,148,385,P1,False,B,3,,0,213,
North 24 Parganas,110,N24P-110,59,Health Sub-Centre 59,388,378,1,767,49.28,35,4.6,344,215,6,647,P1,129,53.2,33.2,386,146,591,P1,False,B,3,,0,323,
North 24 Parganas,110,N24P-110,60,Post Office 60,407,396,1,804,49.25,25,3.1,349,170,12,622,P1,179,56.1,27.3,365,219,698,P1,False,B,3,,0,338,
North 24 Parganas,110,N24P-110,61,High School 61,370,371,1,742,50.0,27,3.6,325,195,10,612,P1,130,53.1,31.9,370,157,585,P1,False,B,3,,0,312,
North 24 Parganas,110,N24P-110,62,Health Sub-Centre 62,399,360,0,759,47.43,35,4.6,367,189,6,618,P1,178,59.4,30.6,358,172,589,P1,False,B,3,,0,319,
North 24 Parganas,110,N24P-110,63,Temple Hall 63,308,288,1,597,48.24,27,4.5,282,170,5,507,P1,112,55.6,33.5,305,142,496,P1,False,B,3,,0,251,
North 24 Parganas,110,N24P-110,64,Primary School 64,259,244,0,503,48.51,21,4.2,196,128,5,399,P1,68,49.1,32.1,218,110,401,P1,False,B,3,,0,212,
North 24 Parganas,110,N24P-110,65,Post Office 65,403,407,1,811,50.18,38,4.7,447,138,7,650,P1,309,68.8,21.2,327,258,661,P1,False,A,1,,0,341,
North 24 Parganas,110,N24P-110,66,Govt Office 66,295,304,0,599,50.75,27,4.5,281,136,6,491,P1,145,57.2,27.7,212,193,455,P1,False,B,3,,0,252,
North 24 Parganas,110,N24P-110,67,Panchayat Bhavan 67,388,356,0,744,47.85,28,3.8,239,199,10,569,P1,40,42.0,35.0,354,91,586,P1,False,B,3,,0,313,
North 24 Parganas,110,N24P-110,68,Health Sub-Centre 68,269,268,1,538,49.81,24,4.5,233,147,4,433,P1,86,53.8,33.9,223,99,407,P1,False,B,3,,0,226,
North 24 Parganas,110,N24P-110,69,Temple Hall 69,294,274,0,568,48.24,20,3.5,221,206,2,481,P1,15,45.9,42.8,270,127,441,P1,False,B,3,,0,239,
North 24 Parganas,110,N24P-110,70,Community Hall 70,318,316,0,634,49.84,32,5.0,339,115,4,505,P1,224,67.1,22.8,322,149,523,P1,False,A,1,,0,267,
North 24 Parganas,110,N24P-110,71,Health Sub-Centre 71,325,305,1,631,48.34,29,4.6,351,103,6,504,P1,248,69.6,20.4,316,144,511,P1,False,A,1,,0,266,
North 24 Parganas,110,N24P-110,72,Madrasa 72,405,395,0,800,49.38,34,4.2,397,194,9,665,P1,203,59.7,29.2,419,178,663,P1,False,B,3,,0,337,
North 24 Parganas,110,N24P-110,73,Anganwadi Centre 73,393,374,1,768,48.7,31,4.0,332,186,11,626,P1,146,53.0,29.7,383,164,608,P1,False,B,3,,0,323,
North 24 Parganas,110,N24P-110,74,Anganwadi Centre 74,244,244,0,488,50.0,21,4.3,212,122,4,371,P1,90,57.1,32.9,242,100,405,P1,False,B,3,,0,205,
North 24 Parganas,110,N24P-110,75,Panchayat Bhavan 75,365,346,0,711,48.66,29,4.1,371,118,3,543,P1,253,68.3,21.7,365,174,599,P1,False,A,1,,0,299,
North 24 Parganas,110,N24P-110,76,Community Hall 76,320,301,0,621,48.47,29,4.7,268,149,8,501,P1,119,53.5,29.7,349,133,535,P1,False,B,3,,0,261,
North 24 Parganas,110,N24P-110,77,Market Building 77,270,263,0,533,49.34,25,4.7,294,117,3,456,P1,177,64.5,25.7,259,153,457,P1,False,B,3,,0,224,
North 24 Parganas,110,N24P-110,78,Panchayat Bhavan 78,273,251,0,524,47.9,23,4.4,197,140,10,434,P1,57,45.4,32.3,258,126,437,P1,False,B,3,,0,221,
North 24 Parganas,110,N24P-110,79,Club Building 79,251,241,1,493,48.88,21,4.3,193,112,9,399,P1,81,48.4,28.1,270,98,409,P1,False,B,3,,0,207,
North 24 Parganas,110,N24P-110,80,Temple Hall 80,263,252,1,516,48.84,26,5.0,191,125,12,431,P1,66,44.3,29.0,278,103,440,P1,False,B,3,,0,217,
North 24 Parganas,110,N24P-110,81,Health Sub-Centre 81,273,260,1,534,48.69,15,2.8,252,131,4,425,P1,121,59.3,30.8,269,115,465,P1,False,B,3,,0,225,
North 24 Parganas,110,N24P-110,82,Temple Hall 82,306,310,1,617,50.24,25,4.1,317,159,6,529,P1,158,59.9,30.1,259,192,501,P1,False,B,3,,0,260,
North 24 Parganas,110,N24P-110,83,Market Building 83,380,375,0,755,49.67,32,4.2,332,156,10,598,P1,176,55.5,26.1,280,92,577,P1,False,B,3,,0,318,
North 24 Parganas,110,N24P-110,84,Govt Office 84,244,250,1,495,50.51,26,5.3,200,110,9,390,P1,90,51.3,28.2,299,74,415,P1,False,B,3,,0,208,
North 24 Parganas,110,N24P-110,85,Health Sub-Centre 85,388,363,0,751,48.34,36,4.8,312,180,7,599,P1,132,52.1,30.1,336,195,590,P1,False,B,3,,0,316,
North 24 Parganas,110,N24P-110,86,Anganwadi Centre 86,271,262,1,534,49.06,28,5.2,216,122,8,408,P1,94,52.9,29.9,255,124,425,P1,False,B,3,,0,225,
North 24 Parganas,110,N24P-110,87,Community Hall 87,285,265,1,551,48.09,16,2.9,241,98,3,433,P1,143,55.7,22.6,342,91,481,P1,False,B,3,,0,232,
North 24 Parganas,110,N24P-110,88,Post Office 88,320,290,1,611,47.46,30,4.9,280,165,8,517,P1,115,54.2,31.9,289,131,467,P1,False,B,3,,0,257,
North 24 Parganas,110,N24P-110,89,Post Office 89,274,277,1,552,50.18,26,4.7,222,126,6,436,P1,96,50.9,28.9,249,141,479,P1,False,B,3,,0,232,
North 24 Parganas,110,N24P-110,90,Anganwadi Centre 90,374,342,0,716,47.77,27,3.8,324,148,7,563,P1,176,57.5,26.3,321,186,564,P1,False,B,3,,0,301,
North 24 Parganas,110,N24P-110,91,Govt Office 91,342,346,1,689,50.22,32,4.6,301,218,5,601,P1,83,50.1,36.3,277,161,538,P1,False,B,3,,0,290,
North 24 Parganas,110,N24P-110,92,Club Building 92,248,245,0,493,49.7,14,2.8,238,109,3,385,P1,129,61.8,28.3,252,103,395,P1,False,B,3,,0,207,
North 24 Parganas,110,N24P-110,93,Anganwadi Centre 93,237,245,1,483,50.72,18,3.7,198,116,8,388,P1,82,51.0,29.9,267,113,422,P1,False,B,3,,0,203,
North 24 Parganas,110,N24P-110,94,Temple Hall 94,310,319,1,630,50.63,31,4.9,321,141,6,513,P1,180,62.6,27.5,334,141,529,P1,False,B,3,,0,265,
North 24 Parganas,110,N24P-110,95,Anganwadi Centre 95,278,282,0,560,50.36,25,4.5,233,144,4,442,P1,89,52.7,32.6,334,104,487,P1,False,B,3,,0,236,
North 24 Parganas,110,N24P-110,96,Temple Hall 96,260,234,0,494,47.37,22,4.5,311,76,4,430,P1,235,72.3,17.7,272,97,410,P1,False,A,1,,0,208,
North 24 Parganas,110,N24P-110,97,Panchayat Bhavan 97,347,331,1,679,48.75,33,4.9,283,143,9,553,P1,140,51.2,25.9,300,137,560,P1,False,B,3,,0,286,
North 24 Parganas,110,N24P-110,98,Health Sub-Centre 98,367,336,1,704,47.73,31,4.4,337,164,2,559,P1,173,60.3,29.3,369,150,577,P1,False,B,3,,0,296,
North 24 Parganas,110,N24P-110,99,Health Sub-Centre 99,402,371,1,774,47.93,25,3.2,283,262,6,606,P1,21,46.7,43.2,431,175,676,P1,False,B,3,,0,326,
North 24 Parganas,110,N24P-110,100,Community Hall 100,305,303,0,608,49.84,22,3.6,245,132,5,488,P1,113,50.2,27.0,296,129,473,P1,False,B,3,,0,256,
North 24 Parganas,110,N24P-110,101,Temple Hall 101,381,344,1,726,47.38,29,4.0,286,150,12,574,P1,136,49.8,26.1,273,193,622,P1,False,B,3,,0,306,
North 24 Parganas,110,N24P-110,102,Club Building 102,374,339,0,713,47.55,36,5.0,307,191,4,553,P1,116,55.5,34.5,344,185,620,P1,False,B,3,,0,300,
North 24 Parganas,110,N24P-110,103,Club Building 103,329,312,1,642,48.6,24,3.7,388,97,4,539,P1,291,72.0,18.0,220,96,504,P1,False,A,1,,0,270,
North 24 Parganas,110,N24P-110,104,Madrasa 104,325,296,1,622,47.59,23,3.7,258,154,13,523,P1,104,49.3,29.4,265,117,484,P1,False,B,3,,0,262,
North 24 Parganas,110,N24P-110,105,High School 105,350,331,1,682,48.53,31,4.5,292,216,7,565,P1,76,51.7,38.2,354,147,556,P1,False,B,3,,0,287,
North 24 Parganas,110,N24P-110,106,High School 106,333,318,0,651,48.85,33,5.1,317,133,4,500,P1,184,63.4,26.6,313,157,522,P1,False,B,3,,0,274,
North 24 Parganas,110,N24P-110,107,Primary School 107,281,258,1,540,47.78,18,3.3,211,115,7,409,P1,96,51.6,28.1,283,95,420,P1,False,B,3,,0,227,
North 24 Parganas,110,N24P-110,108,Temple Hall 108,271,262,0,533,49.16,19,3.6,220,155,2,422,P1,65,52.1,36.7,211,73,411,P1,False,B,3,,0,224,
North 24 Parganas,110,N24P-110,109,Madrasa 109,330,322,0,652,49.39,25,3.8,322,150,5,524,P1,172,61.5,28.6,380,97,530,P1,False,B,3,,0,274,
North 24 Parganas,110,N24P-110,110,Club Building 110,395,376,0,771,48.77,36,4.7,394,147,6,601,P1,247,65.6,24.5,365,180,606,P1,False,A,1,,0,324,
North 24 Parganas,110,N24P-110,111,Govt Office 111,294,278,1,573,48.52,27,4.7,244,151,4,439,P1,93,55.6,34.4,261,172,481,P1,False,B,3,,0,241,
North 24 Parganas,110,N24P-110,112,Madrasa 112,335,321,0,656,48.93,29,4.4,268,150,5,540,P1,118,49.6,27.8,289,194,572,P1,False,B,3,,0,276,
North 24 Parganas,110,N24P-110,113,Panchayat Bhavan 113,248,246,0,494,49.8,20,4.0,264,124,5,431,P1,140,61.3,28.8,244,93,409,P1,False,B,3,,0,208,
North 24 Parganas,110,N24P-110,114,Health Sub-Centre 114,325,331,1,657,50.38,32,4.9,304,179,2,554,P1,125,54.9,32.3,340,168,564,P1,False,B,3,,0,276,
North 24 Parganas,110,N24P-110,115,High School 115,250,253,1,504,50.2,14,2.8,286,97,2,425,P1,189,67.3,22.8,180,177,397,P1,False,A,1,,0,212,
North 24 Parganas,110,N24P-110,116,Primary School 116,378,360,0,738,48.78,27,3.7,323,173,5,558,P1,150,57.9,31.0,401,142,603,P1,False,B,3,,0,311,
North 24 Parganas,110,N24P-110,117,Govt Office 117,317,292,0,609,47.95,28,4.6,353,105,6,509,P1,248,69.4,20.6,320,154,527,P1,False,A,1,,0,256,
North 24 Parganas,110,N24P-110,118,Health Sub-Centre 118,395,387,1,783,49.43,30,3.8,444,111,6,616,P1,333,72.1,18.0,420,192,681,P1,False,A,1,,0,330,
North 24 Parganas,110,N24P-110,119,Temple Hall 119,349,322,0,671,47.99,29,4.3,310,161,4,555,P1,149,55.9,29.0,309,167,529,P1,False,B,3,,0,282,
North 24 Parganas,110,N24P-110,120,Panchayat Bhavan 120,253,228,0,481,47.4,16,3.3,207,88,5,373,P1,119,55.5,23.6,217,117,407,P1,False,B,3,,0,202,
North 24 Parganas,110,N24P-110,121,Primary School 121,396,382,0,778,49.1,23,3.0,280,154,13,651,P1,82,43.0,23.7,421,178,666,P1,False,B,3,,0,327,
North 24 Parganas,110,N24P-110,122,Primary School 122,406,363,0,769,47.2,35,4.6,403,200,5,670,P1,203,60.1,29.9,390,164,616,P1,False,B,3,,0,324,
North 24 Parganas,110,N24P-110,123,Madrasa 123,308,297,1,606,49.01,18,3.0,324,134,3,509,P1,190,63.7,26.3,322,103,472,P1,False,B,3,,0,255,
North 24 Parganas,110,N24P-110,124,High School 124,394,369,0,763,48.36,32,4.2,352,199,9,658,P1,153,53.5,30.2,287,242,588,P1,False,B,3,,0,321,
North 24 Parganas,110,N24P-110,125,Club Building 125,333,301,1,635,47.4,26,4.1,351,133,6,537,P1,218,65.4,24.8,232,195,538,P1,False,A,1,,0,267,
North 24 Parganas,110,N24P-110,126,Madrasa 126,326,324,0,650,49.85,30,4.6,240,182,11,521,P1,58,46.1,34.9,328,162,544,P1,False,B,3,,0,274,
North 24 Parganas,110,N24P-110,127,Market Building 127,361,349,0,710,49.15,31,4.4,337,196,5,613,P1,141,55.0,32.0,348,143,546,P1,False,B,3,,0,299,
North 24 Parganas,110,N24P-110,128,Anganwadi Centre 128,413,372,1,786,47.33,23,2.9,309,154,9,596,P1,155,51.8,25.8,395,167,679,P1,False,B,3,,0,331,
North 24 Parganas,110,N24P-110,129,Temple Hall 129,265,242,1,508,47.64,15,3.0,232,126,5,417,P1,106,55.6,30.2,216,119,398,P1,False,B,3,,0,214,
North 24 Parganas,110,N24P-110,130,Club Building 130,399,388,1,788,49.24,24,3.0,433,167,6,667,P1,266,64.9,25.0,342,152,612,P1,False,B,3,,0,332,
North 24 Parganas,110,N24P-110,131,Anganwadi Centre 131,297,281,0,578,48.62,17,2.9,305,101,5,451,P1,204,67.6,22.4,273,113,486,P1,False,A,1,,0,243,
North 24 Parganas,110,N24P-110,132,Health Sub-Centre 132,383,391,0,774,50.52,28,3.6,404,131,2,594,P1,273,68.0,22.1,340,220,622,P1,False,A,1,,0,326,
North 24 Parganas,110,N24P-110,133,Club Building 133,345,350,0,695,50.36,23,3.3,274,187,8,527,P1,87,52.0,35.5,319,171,568,P1,False,B,3,,0,292,
North 24 Parganas,110,N24P-110,134,High School 134,280,267,1,548,48.72,20,3.6,304,69,2,415,P1,235,73.3,16.6,294,120,460,P1,False,A,1,,0,231,
North 24 Parganas,110,N24P-110,135,Post Office 135,346,344,1,691,49.78,21,3.0,420,120,7,601,P1,300,69.9,20.0,270,182,561,P1,False,A,1,,0,291,
North 24 Parganas,110,N24P-110,136,Temple Hall 136,358,364,1,723,50.35,30,4.1,390,121,5,568,P1,269,68.7,21.3,336,185,617,P1,False,A,1,,0,304,
North 24 Parganas,110,N24P-110,137,Temple Hall 137,368,345,1,714,48.32,31,4.3,379,118,3,553,P1,261,68.5,21.3,437,99,596,P1,False,A,1,,0,300,
North 24 Parganas,110,N24P-110,138,Temple Hall 138,388,384,0,772,49.74,32,4.1,360,178,2,615,P1,182,58.5,28.9,394,178,635,P1,False,B,3,,0,325,
North 24 Parganas,110,N24P-110,139,Community Hall 139,341,334,1,676,49.41,32,4.7,275,164,7,590,P1,111,46.6,27.8,326,176,558,P1,False,B,3,,0,284,
North 24 Parganas,110,N24P-110,140,Health Sub-Centre 140,381,374,1,756,49.47,28,3.7,318,219,7,631,P1,99,50.4,34.7,364,174,643,P1,False,B,3,,0,318,
North 24 Parganas,110,N24P-110,141,High School 141,379,378,1,758,49.87,24,3.2,376,214,4,656,P1,162,57.3,32.6,293,226,599,P1,False,B,3,,0,319,
North 24 Parganas,110,N24P-110,142,Post Office 142,285,265,0,550,48.18,27,4.9,253,158,3,457,P1,95,55.4,34.6,306,120,473,P1,False,B,3,,0,231,
North 24 Parganas,110,N24P-110,143,Health Sub-Centre 143,380,341,0,721,47.3,22,3.1,299,178,7,547,P1,121,54.7,32.5,331,115,555,P1,False,B,3,,0,303,
North 24 Parganas,110,N24P-110,144,Primary School 144,371,349,1,721,48.4,32,4.4,375,167,4,602,P1,208,62.3,27.7,401,133,626,P1,False,B,3,,0,303,
North 24 Parganas,110,N24P-110,145,Community Hall 145,329,314,1,644,48.76,19,3.0,319,121,8,543,P1,198,58.7,22.3,273,140,518,P1,False,B,3,,0,271,
North 24 Parganas,110,N24P-110,146,Post Office 146,394,358,1,753,47.54,29,3.9,355,162,2,574,P1,193,61.8,28.2,358,156,594,P1,False,B,3,,0,317,
North 24 Parganas,110,N24P-110,147,Primary School 147,366,377,1,744,50.67,31,4.2,410,141,3,644,P1,269,63.7,21.9,360,170,605,P1,False,B,3,,0,313,
North 24 Parganas,110,N24P-110,148,Anganwadi Centre 148,276,255,0,531,48.02,21,4.0,249,146,2,456,P1,103,54.6,32.0,271,133,448,P1,False,B,3,,0,223,
North 24 Parganas,110,N24P-110,149,Post Office 149,296,286,0,582,49.14,26,4.5,286,122,10,497,P1,164,57.5,24.5,259,144,447,P1,False,B,3,,0,245,
North 24 Parganas,110,N24P-110,150,Community Hall 150,310,312,0,622,50.16,23,3.7,269,132,10,499,P1,137,53.9,26.5,282,136,478,P1,False,B,3,,0,262,
North 24 Parganas,110,N24P-110,151,Community Hall 151,298,268,0,566,47.35,21,3.7,235,149,7,440,P1,86,53.4,33.9,293,143,484,P1,False,B,3,,0,238,
North 24 Parganas,110,N24P-110,152,Panchayat Bhavan 152,397,401,1,799,50.19,23,2.9,457,133,6,656,P1,324,69.7,20.3,406,141,608,P1,False,A,1,,0,336,
North 24 Parganas,110,N24P-110,153,Health Sub-Centre 153,375,387,0,762,50.79,39,5.1,307,260,7,642,P1,47,47.8,40.5,408,165,637,P1,False,B,3,,0,321,
North 24 Parganas,110,N24P-110,154,Community Hall 154,410,409,0,819,49.94,37,4.5,473,168,3,712,P1,305,66.4,23.6,356,211,630,P1,False,A,1,,0,345,
North 24 Parganas,110,N24P-110,155,Community Hall 155,253,235,0,488,48.16,23,4.7,264,57,12,420,P1,181,62.9,13.6,244,124,409,P1,False,B,3,,0,205,
North 24 Parganas,110,N24P-110,156,Madrasa 156,368,355,0,723,49.1,31,4.3,317,235,7,613,P1,82,51.7,38.3,364,166,589,P1,False,B,3,,0,304,
North 24 Parganas,110,N24P-110,157,Panchayat Bhavan 157,349,356,0,705,50.5,36,5.1,340,150,4,544,P1,190,62.5,27.6,268,183,561,P1,False,B,3,,0,297,
North 24 Parganas,110,N24P-110,158,Panchayat Bhavan 158,347,342,1,690,49.57,31,4.5,293,202,6,550,P1,91,53.3,36.7,303,189,547,P1,False,B,3,,0,290,
North 24 Parganas,110,N24P-110,159,Panchayat Bhavan 159,315,284,0,599,47.41,26,4.3,302,149,3,502,P1,153,60.2,29.7,266,191,513,P1,False,B,3,,0,252,
North 24 Parganas,110,N24P-110,160,Community Hall 160,328,307,1,636,48.27,19,3.0,346,130,4,529,P1,216,65.4,24.6,335,119,523,P1,False,A,1,,0,268,
North 24 Parganas,110,N24P-110,161,Panchayat Bhavan 161,344,338,1,683,49.49,23,3.4,364,169,7,592,P1,195,61.5,28.5,390,119,565,P1,False,B,3,,0,287,
North 24 Parganas,110,N24P-110,162,Anganwadi Centre 162,284,287,0,571,50.26,17,3.0,306,131,2,485,P1,175,63.1,27.0,239,170,454,P1,False,B,3,,0,240,
North 24 Parganas,110,N24P-110,163,Health Sub-Centre 163,332,311,1,644,48.29,31,4.8,296,152,4,498,P1,144,59.4,30.5,307,133,527,P1,False,B,3,,0,271,
North 24 Parganas,110,N24P-110,164,Temple Hall 164,363,330,1,694,47.55,20,2.9,385,100,5,539,P1,285,71.4,18.6,341,168,571,P1,False,A,1,,0,292,
North 24 Parganas,110,N24P-110,165,Anganwadi Centre 165,426,393,1,820,47.93,28,3.4,342,225,7,631,P1,117,54.2,35.7,317,215,633,P1,False,B,3,,0,345,
North 24 Parganas,110,N24P-110,166,Temple Hall 166,244,237,0,481,49.27,24,5.0,212,136,4,387,P1,76,54.8,35.1,242,121,403,P1,False,B,3,,0,202,
North 24 Parganas,110,N24P-110,167,Club Building 167,390,381,1,772,49.35,33,4.3,350,191,2,601,P1,159,58.2,31.8,339,153,585,P1,False,B,3,,0,325,
North 24 Parganas,110,N24P-110,168,Primary School 168,362,345,1,708,48.73,33,4.7,308,228,7,596,P1,80,51.7,38.3,310,195,598,P1,False,B,3,,0,298,
North 24 Parganas,110,N24P-110,169,High School 169,398,387,0,785,49.3,27,3.4,430,144,6,638,P1,286,67.4,22.6,350,207,619,P1,False,A,1,,0,330,
North 24 Parganas,110,N24P-110,170,Club Building 170,259,240,1,500,48.0,19,3.8,254,132,5,431,P1,122,58.9,30.6,264,101,406,P1,False,B,3,,0,210,
North 24 Parganas,110,N24P-110,171,Govt Office 171,290,272,1,563,48.31,28,5.0,245,170,5,462,P1,75,53.0,36.8,241,147,469,P1,False,B,3,,0,237,
North 24 Parganas,110,N24P-110,172,Govt Office 172,271,244,0,515,47.38,15,2.9,247,123,4,449,P1,124,55.0,27.4,299,105,449,P1,False,B,3,,0,217,
North 24 Parganas,110,N24P-110,173,Anganwadi Centre 173,394,354,1,749,47.26,36,4.8,458,122,6,644,P1,336,71.1,18.9,465,116,646,P1,False,A,1,,0,315,
North 24 Parganas,110,N24P-110,174,Primary School 174,337,318,0,655,48.55,22,3.4,294,150,4,518,P1,144,56.8,29.0,261,214,541,P1,False,B,3,,0,276,
North 24 Parganas,110,N24P-110,175,Madrasa 175,316,295,0,611,48.28,28,4.6,311,110,5,468,P1,201,66.5,23.5,334,67,487,P1,False,A,1,,0,257,
North 24 Parganas,110,N24P-110,176,Market Building 176,346,351,1,698,50.29,21,3.0,356,143,4,555,P1,213,64.1,25.8,293,177,554,P1,False,B,3,,0,294,
North 24 Parganas,110,N24P-110,177,Temple Hall 177,315,285,1,601,47.42,31,5.2,260,134,8,468,P1,126,55.6,28.6,253,124,462,P1,False,B,3,,0,253,
North 24 Parganas,110,N24P-110,178,Madrasa 178,350,358,1,709,50.49,27,3.8,374,140,6,571,P1,234,65.5,24.5,322,213,594,P1,False,A,1,,0,298,
North 24 Parganas,110,N24P-110,179,Primary School 179,367,335,0,702,47.72,25,3.6,377,142,5,610,P1,235,61.8,23.3,343,157,556,P1,False,B,3,,0,295,
North 24 Parganas,110,N24P-110,180,Health Sub-Centre 180,294,268,1,563,47.6,21,3.7,316,121,5,486,P1,195,65.0,24.9,265,159,471,P1,False,B,3,,0,237,
North 24 Parganas,110,N24P-110,181,Anganwadi Centre 181,402,368,0,770,47.79,25,3.2,356,174,4,589,P1,182,60.4,29.5,403,138,602,P1,False,B,3,,0,324,
North 24 Parganas,110,N24P-110,182,Primary School 182,253,237,1,491,48.27,19,3.9,221,137,3,398,P1,84,55.5,34.4,243,96,419,P1,False,B,3,,0,207,
North 24 Parganas,110,N24P-110,183,Temple Hall 183,270,269,1,540,49.81,23,4.3,299,78,2,419,P1,221,71.4,18.6,277,124,446,P1,False,A,1,,0,227,
North 24 Parganas,110,N24P-110,184,Market Building 184,342,338,0,680,49.71,22,3.2,285,168,12,574,P1,117,49.7,29.3,368,159,586,P1,False,B,3,,0,286,
North 24 Parganas,110,N24P-110,185,Govt Office 185,372,341,0,713,47.83,37,5.2,407,136,3,603,P1,271,67.5,22.6,273,215,604,P1,False,A,1,,0,300,
North 24 Parganas,110,N24P-110,186,Govt Office 186,317,305,0,622,49.04,20,3.2,257,182,4,528,P1,75,48.7,34.5,307,91,492,P1,False,B,3,,0,262,
North 24 Parganas,110,N24P-110,187,Madrasa 187,300,295,1,596,49.5,28,4.7,286,146,3,480,P1,140,59.6,30.4,230,156,479,P1,False,B,3,,0,251,
North 24 Parganas,110,N24P-110,188,Club Building 188,354,340,1,695,48.92,33,4.7,281,178,4,534,P1,103,52.6,33.3,272,184,535,P1,False,B,3,,0,292,
North 24 Parganas,110,N24P-110,189,Panchayat Bhavan 189,336,341,1,678,50.29,34,5.0,311,184,7,550,P1,127,56.5,33.5,332,181,570,P1,False,B,3,,0,285,
North 24 Parganas,110,N24P-110,190,Health Sub-Centre 190,297,277,1,575,48.17,29,5.0,262,138,5,458,P1,124,57.2,30.1,241,157,451,P1,False,B,3,,0,242,
North 24 Parganas,110,N24P-110,191,Post Office 191,326,298,0,624,47.76,22,3.5,295,132,5,475,P1,163,62.1,27.8,316,142,509,P1,False,B,3,,0,263,
North 24 Parganas,110,N24P-110,192,Club Building 192,362,342,1,705,48.51,27,3.8,294,153,13,557,P1,141,52.8,27.5,368,154,579,P1,False,B,3,,0,297,
North 24 Parganas,110,N24P-110,193,Health Sub-Centre 193,333,322,1,656,49.09,24,3.7,288,145,10,527,P1,143,54.6,27.5,318,143,523,P1,False,B,3,,0,276,
North 24 Parganas,110,N24P-110,194,Madrasa 194,343,326,1,670,48.66,29,4.3,345,141,8,560,P1,204,61.6,25.2,321,116,532,P1,False,B,3,,0,282,
North 24 Parganas,111,N24P-111,1,Post Office 1,405,372,0,777,47.88,34,4.4,338,191,4,609,P1,147,55.5,31.4,342,260,669,P1,False,B,3,,0,327,
North 24 Parganas,111,N24P-111,2,Health Sub-Centre 2,399,370,1,770,48.05,34,4.4,358,134,21,666,P1,211,53.8,20.1,381,192,636,P1,False,B,3,,0,324,
North 24 Parganas,111,N24P-111,3,High School 3,270,274,1,545,50.28,26,4.8,298,91,3,433,P1,207,68.8,21.0,250,139,474,P1,False,A,1,,0,229,
North 24 Parganas,111,N24P-111,4,Market Building 4,353,331,0,684,48.39,36,5.3,361,143,2,560,P1,218,64.5,25.5,299,101,524,P1,False,B,3,,0,288,
North 24 Parganas,111,N24P-111,5,Madrasa 5,381,365,0,746,48.93,44,5.9,363,166,3,587,P1,197,61.8,28.3,355,190,606,P1,False,B,3,,0,314,
North 24 Parganas,111,N24P-111,6,Post Office 6,280,254,1,535,47.48,35,6.5,288,102,6,466,P1,186,61.8,21.9,235,131,406,P1,False,B,3,,0,225,
North 24 Parganas,111,N24P-111,7,Market Building 7,385,365,1,751,48.6,36,4.8,258,142,19,616,P1,66,41.9,23.1,307,121,588,P1,False,B,3,,0,316,
North 24 Parganas,111,N24P-111,8,Market Building 8,265,248,1,514,48.25,31,6.0,266,102,1,408,P1,164,65.2,25.0,173,140,403,P1,False,A,1,,0,216,
North 24 Parganas,111,N24P-111,9,Club Building 9,372,355,1,728,48.76,31,4.3,387,160,4,608,P1,227,63.7,26.3,291,217,570,P1,False,B,3,,0,306,
North 24 Parganas,111,N24P-111,10,Primary School 10,294,286,0,580,49.31,42,7.2,248,164,4,480,P1,84,51.7,34.2,296,138,482,P1,False,B,3,,0,244,
North 24 Parganas,111,N24P-111,11,Govt Office 11,303,274,1,578,47.4,41,7.1,287,137,4,471,P1,150,60.9,29.1,268,164,489,P1,False,B,3,,0,243,
North 24 Parganas,111,N24P-111,12,Primary School 12,374,359,1,734,48.91,51,6.9,382,192,6,638,P1,190,59.9,30.1,348,159,563,P1,False,B,3,,0,309,
North 24 Parganas,111,N24P-111,13,Post Office 13,346,342,1,689,49.64,44,6.4,289,131,13,534,P1,158,54.1,24.5,312,162,535,P1,False,B,3,,0,290,
North 24 Parganas,111,N24P-111,14,Primary School 14,313,311,0,624,49.84,45,7.2,350,107,5,508,P1,243,68.9,21.1,282,142,518,P1,False,A,1,,0,263,
North 24 Parganas,111,N24P-111,15,Market Building 15,327,322,0,649,49.61,31,4.8,311,156,6,545,P1,155,57.1,28.6,256,155,496,P1,False,B,3,,0,273,
North 24 Parganas,111,N24P-111,16,Club Building 16,329,316,1,646,48.92,39,6.0,216,214,5,533,P1,2,40.5,40.2,300,187,541,P1,False,B,3,,0,272,
North 24 Parganas,111,N24P-111,17,Club Building 17,297,272,0,569,47.8,35,6.2,242,158,4,486,P1,84,49.8,32.5,302,122,471,P1,False,B,3,,0,239,
North 24 Parganas,111,N24P-111,18,Madrasa 18,303,283,1,587,48.21,32,5.5,248,144,2,454,P1,104,54.6,31.7,252,112,483,P1,False,B,3,,0,247,
North 24 Parganas,111,N24P-111,19,Madrasa 19,267,259,1,527,49.15,26,4.9,232,118,3,430,P1,114,54.0,27.4,268,125,447,P1,False,B,3,,0,222,
North 24 Parganas,111,N24P-111,20,Govt Office 20,277,261,0,538,48.51,30,5.6,242,138,4,422,P1,104,57.3,32.7,242,147,433,P1,False,B,3,,0,226,
North 24 Parganas,111,N24P-111,21,Market Building 21,265,247,0,512,48.24,36,7.0,267,124,5,434,P1,143,61.5,28.6,304,73,419,P1,False,B,3,,0,215,
North 24 Parganas,111,N24P-111,22,Market Building 22,301,298,0,599,49.75,42,7.0,278,157,2,483,P1,121,57.6,32.5,317,118,487,P1,False,B,3,,0,252,
North 24 Parganas,111,N24P-111,23,Anganwadi Centre 23,404,390,1,795,49.06,60,7.5,318,180,12,632,P1,138,50.3,28.5,290,174,618,P1,False,B,3,,0,335,
North 24 Parganas,111,N24P-111,24,Market Building 24,255,248,1,504,49.21,27,5.4,220,138,8,437,P1,82,50.3,31.6,188,86,389,P1,False,B,3,,0,212,
North 24 Parganas,111,N24P-111,25,Market Building 25,379,361,0,740,48.78,47,6.4,307,182,14,609,P1,125,50.4,29.9,320,204,582,P1,False,B,3,,0,311,
North 24 Parganas,111,N24P-111,26,Primary School 26,311,297,1,609,48.77,30,4.9,358,114,2,525,P1,244,68.2,21.7,265,195,517,P1,False,A,1,,0,256,
North 24 Parganas,111,N24P-111,27,Anganwadi Centre 27,270,261,1,532,49.06,41,7.7,256,78,3,419,P1,178,61.1,18.6,286,99,427,P1,False,B,3,,0,224,
North 24 Parganas,111,N24P-111,28,Primary School 28,303,297,1,601,49.42,37,6.2,278,159,4,486,P1,119,57.2,32.7,284,122,491,P1,False,B,3,,0,253,
North 24 Parganas,111,N24P-111,29,Madrasa 29,262,271,1,534,50.75,41,7.7,243,116,6,409,P1,127,59.4,28.4,303,102,450,P1,False,B,3,,0,225,
North 24 Parganas,111,N24P-111,30,High School 30,293,270,1,564,47.87,40,7.1,253,125,5,427,P1,128,59.3,29.3,281,109,455,P1,False,B,3,,0,237,
North 24 Parganas,111,N24P-111,31,Madrasa 31,283,264,1,548,48.18,33,6.0,258,135,2,437,P1,123,59.0,30.9,250,160,455,P1,False,B,3,,0,231,
North 24 Parganas,111,N24P-111,32,Temple Hall 32,339,311,1,651,47.77,40,6.1,305,197,6,558,P1,108,54.7,35.3,307,154,512,P1,False,B,3,,0,274,
North 24 Parganas,111,N24P-111,33,Madrasa 33,370,358,0,728,49.18,37,5.1,315,214,4,602,P1,101,52.3,35.5,370,155,583,P1,False,B,3,,0,306,
North 24 Parganas,111,N24P-111,34,Govt Office 34,277,261,0,538,48.51,40,7.4,300,122,4,469,P1,178,64.0,26.0,279,141,467,P1,False,B,3,,0,226,
North 24 Parganas,111,N24P-111,35,Govt Office 35,238,244,0,482,50.62,33,6.8,224,106,3,367,P1,118,61.0,28.9,256,81,374,P1,False,B,3,,0,203,
North 24 Parganas,111,N24P-111,36,Panchayat Bhavan 36,360,357,0,717,49.79,43,6.0,336,169,5,561,P1,167,59.9,30.1,340,210,611,P1,False,B,3,,0,302,
North 24 Parganas,111,N24P-111,37,Primary School 37,427,387,0,814,47.54,52,6.4,412,191,5,671,P1,221,61.4,28.5,336,221,644,P1,False,B,3,,0,343,
North 24 Parganas,111,N24P-111,38,Anganwadi Centre 38,289,263,1,553,47.56,27,4.9,231,175,4,468,P1,56,49.4,37.4,266,116,424,P1,False,B,3,,0,233,
North 24 Parganas,111,N24P-111,39,Post Office 39,391,353,1,745,47.38,32,4.3,411,132,3,603,P1,279,68.2,21.9,399,179,642,P1,False,A,1,,0,314,
North 24 Parganas,111,N24P-111,40,Madrasa 40,319,321,1,641,50.08,32,5.0,356,129,4,539,P1,227,66.0,23.9,307,131,560,P1,False,A,1,,0,270,
North 24 Parganas,111,N24P-111,41,Community Hall 41,356,352,0,708,49.72,53,7.5,364,167,7,590,P1,197,61.7,28.3,366,124,544,P1,False,B,3,,0,298,
North 24 Parganas,111,N24P-111,42,Panchayat Bhavan 42,421,389,0,810,48.02,44,5.4,353,191,8,628,P1,162,56.2,30.4,351,237,666,P1,False,B,3,,0,341,
North 24 Parganas,111,N24P-111,43,Market Building 43,415,375,0,790,47.47,33,4.2,348,268,5,684,P1,80,50.9,39.2,376,214,655,P1,False,B,3,,0,332,
North 24 Parganas,111,N24P-111,44,Club Building 44,261,252,0,513,49.12,31,6.0,247,150,3,441,P1,97,56.0,34.0,227,78,408,P1,False,B,3,,0,216,
North 24 Parganas,111,N24P-111,45,Anganwadi Centre 45,343,335,1,679,49.34,35,5.2,342,124,3,534,P1,218,64.0,23.2,310,142,532,P1,False,B,3,,0,286,
North 24 Parganas,111,N24P-111,46,Health Sub-Centre 46,386,358,0,744,48.12,44,5.9,409,140,6,610,P1,269,67.0,23.0,403,132,594,P1,False,A,1,,0,313,
North 24 Parganas,111,N24P-111,47,Panchayat Bhavan 47,317,301,1,619,48.63,48,7.8,348,123,2,523,P1,225,66.5,23.5,300,134,482,P1,False,A,1,,0,260,
North 24 Parganas,111,N24P-111,48,Madrasa 48,278,271,1,550,49.27,41,7.5,255,102,7,420,P1,153,60.7,24.3,272,109,460,P1,False,B,3,,0,231,
North 24 Parganas,111,N24P-111,49,Club Building 49,383,357,1,741,48.18,54,7.3,418,135,5,614,P1,283,68.1,22.0,306,200,584,P1,False,A,1,,0,312,
North 24 Parganas,111,N24P-111,50,Post Office 50,282,270,0,552,48.91,34,6.2,254,124,4,421,P1,130,60.3,29.5,236,154,434,P1,False,B,3,,0,232,
North 24 Parganas,111,N24P-111,51,Community Hall 51,255,251,1,507,49.51,21,4.1,246,102,3,387,P1,144,63.6,26.4,223,138,403,P1,False,B,3,,0,213,
North 24 Parganas,111,N24P-111,52,Madrasa 52,337,342,1,680,50.29,32,4.7,374,130,6,560,P1,244,66.8,23.2,317,175,547,P1,False,A,1,,0,286,
North 24 Parganas,111,N24P-111,53,Anganwadi Centre 53,391,377,0,768,49.09,47,6.1,350,125,16,617,P1,225,56.7,20.3,391,156,608,P1,False,B,3,,0,323,
North 24 Parganas,111,N24P-111,54,Anganwadi Centre 54,263,248,0,511,48.53,22,4.3,288,109,3,441,P1,179,65.3,24.7,251,100,390,P1,False,A,1,,0,215,
North 24 Parganas,111,N24P-111,55,Primary School 55,323,309,0,632,48.89,39,6.2,363,130,5,548,P1,233,66.2,23.7,347,120,519,P1,False,A,1,,0,266,
North 24 Parganas,111,N24P-111,56,Community Hall 56,361,331,1,693,47.76,50,7.2,394,114,3,564,P1,280,69.9,20.2,327,98,591,P1,False,A,1,,0,292,
North 24 Parganas,111,N24P-111,57,Health Sub-Centre 57,344,342,1,687,49.78,45,6.6,305,202,5,596,P1,103,51.2,33.9,300,216,593,P1,False,B,3,,0,289,
North 24 Parganas,111,N24P-111,58,Govt Office 58,371,380,1,752,50.53,38,5.1,358,184,4,602,P1,174,59.5,30.6,331,159,589,P1,False,B,3,,0,316,
North 24 Parganas,111,N24P-111,59,Club Building 59,319,297,1,617,48.14,38,6.2,250,128,11,489,P1,122,51.1,26.2,260,158,483,P1,False,B,3,,0,260,
North 24 Parganas,111,N24P-111,60,Govt Office 60,316,287,1,604,47.52,35,5.8,302,144,3,512,P1,158,59.0,28.1,298,146,509,P1,False,B,3,,0,254,
North 24 Parganas,111,N24P-111,61,Post Office 61,254,247,0,501,49.3,30,6.0,254,111,6,431,P1,143,58.9,25.8,235,123,437,P1,False,B,3,,0,211,
North 24 Parganas,111,N24P-111,62,Anganwadi Centre 62,322,314,0,636,49.37,35,5.5,289,171,7,549,P1,118,52.6,31.1,336,129,532,P1,False,B,3,,0,268,
North 24 Parganas,111,N24P-111,63,Govt Office 63,390,354,0,744,47.58,44,5.9,249,245,7,584,P1,4,42.6,42.0,352,212,630,P1,False,B,3,,0,313,
North 24 Parganas,111,N24P-111,64,Madrasa 64,290,260,0,550,47.27,33,6.0,213,153,11,460,P1,60,46.3,33.3,211,143,467,P1,False,B,3,,0,231,
North 24 Parganas,111,N24P-111,65,Market Building 65,427,388,0,815,47.61,38,4.7,361,230,11,711,P1,131,50.8,32.3,419,170,665,P1,False,B,3,,0,343,
North 24 Parganas,111,N24P-111,66,Club Building 66,381,358,0,739,48.44,57,7.7,273,258,5,637,P1,15,42.9,40.5,395,159,615,P1,False,B,3,,0,311,
North 24 Parganas,111,N24P-111,67,Community Hall 67,382,357,1,740,48.24,34,4.6,387,140,5,586,P1,247,66.0,23.9,316,227,612,P1,False,A,1,,0,311,
North 24 Parganas,111,N24P-111,68,Govt Office 68,268,266,1,535,49.72,35,6.5,250,115,4,406,P1,135,61.6,28.3,230,127,408,P1,False,B,3,,0,225,
North 24 Parganas,111,N24P-111,69,Health Sub-Centre 69,305,292,0,597,48.91,33,5.5,317,123,6,507,P1,194,62.5,24.3,286,152,487,P1,False,B,3,,0,251,
North 24 Parganas,111,N24P-111,70,High School 70,362,348,1,711,48.95,42,5.9,394,112,7,578,P1,282,68.2,19.4,383,153,596,P1,False,A,1,,0,299,
North 24 Parganas,111,N24P-111,71,Panchayat Bhavan 71,418,376,0,794,47.36,59,7.4,384,177,5,623,P1,207,61.6,28.4,307,223,613,P1,False,B,3,,0,334,
North 24 Parganas,111,N24P-111,72,Primary School 72,297,272,1,570,47.72,30,5.3,267,139,2,451,P1,128,59.2,30.8,278,131,454,P1,False,B,3,,0,240,
North 24 Parganas,111,N24P-111,73,Health Sub-Centre 73,374,348,1,723,48.13,42,5.8,307,178,4,553,P1,129,55.5,32.2,374,182,618,P1,False,B,3,,0,304,
North 24 Parganas,111,N24P-111,74,Post Office 74,324,301,1,626,48.08,38,6.1,232,156,9,474,P1,76,48.9,32.9,282,184,541,P1,False,B,3,,0,263,
North 24 Parganas,111,N24P-111,75,Club Building 75,302,308,1,611,50.41,35,5.7,267,181,5,524,P1,86,51.0,34.5,297,136,481,P1,False,B,3,,0,257,
North 24 Parganas,111,N24P-111,76,High School 76,305,314,0,619,50.73,28,4.5,276,161,4,496,P1,115,55.6,32.5,351,131,536,P1,False,B,3,,0,260,
North 24 Parganas,111,N24P-111,77,Govt Office 77,255,256,0,511,50.1,35,6.8,275,86,2,402,P1,189,68.4,21.4,245,150,442,P1,False,A,1,,0,215,
North 24 Parganas,111,N24P-111,78,Community Hall 78,290,300,1,591,50.76,43,7.3,287,122,3,454,P1,165,63.2,26.9,269,86,453,P1,False,B,3,,0,249,
North 24 Parganas,111,N24P-111,79,Post Office 79,308,295,1,604,48.84,42,7.0,307,123,8,518,P1,184,59.3,23.7,284,152,485,P1,False,B,3,,0,254,
North 24 Parganas,111,N24P-111,80,Health Sub-Centre 80,315,284,1,600,47.33,26,4.3,247,102,14,483,P1,132,51.1,21.1,297,168,517,P1,False,B,3,,0,253,
North 24 Parganas,111,N24P-111,81,Anganwadi Centre 81,333,322,0,655,49.16,50,7.6,351,103,4,505,P1,248,69.5,20.4,232,176,515,P1,False,A,1,,0,276,
North 24 Parganas,111,N24P-111,82,Madrasa 82,344,351,1,696,50.43,53,7.6,316,145,4,527,P1,171,60.0,27.5,268,163,533,P1,False,B,3,,0,293,
North 24 Parganas,111,N24P-111,83,Health Sub-Centre 83,388,399,1,788,50.63,54,6.9,299,232,3,616,P1,67,48.5,37.7,498,74,636,P1,False,B,3,,0,332,
North 24 Parganas,111,N24P-111,84,High School 84,291,265,0,556,47.66,28,5.0,272,119,3,434,P1,153,62.7,27.4,255,144,443,P1,False,B,3,,0,234,
North 24 Parganas,111,N24P-111,85,Govt Office 85,276,273,0,549,49.73,24,4.4,290,122,2,458,P1,168,63.3,26.6,181,124,427,P1,False,B,3,,0,231,
North 24 Parganas,111,N24P-111,86,Health Sub-Centre 86,326,335,1,662,50.6,47,7.1,336,117,4,503,P1,219,66.8,23.3,309,159,520,P1,False,A,1,,0,279,
North 24 Parganas,111,N24P-111,87,Temple Hall 87,372,364,0,736,49.46,57,7.7,335,199,4,610,P1,136,54.9,32.6,331,201,604,P1,False,B,3,,0,310,
North 24 Parganas,111,N24P-111,88,Primary School 88,415,380,0,795,47.8,54,6.8,426,135,2,624,P1,291,68.3,21.6,306,183,647,P1,False,A,1,,0,335,
North 24 Parganas,111,N24P-111,89,High School 89,367,356,1,724,49.17,53,7.3,323,159,4,577,P1,164,56.0,27.6,347,156,559,P1,False,B,3,,0,305,
North 24 Parganas,111,N24P-111,90,Post Office 90,269,275,1,545,50.46,36,6.6,222,127,5,417,P1,95,53.2,30.5,199,128,428,P1,False,B,3,,0,229,
North 24 Parganas,111,N24P-111,91,Primary School 91,246,243,1,490,49.59,22,4.5,287,95,5,425,P1,192,67.5,22.4,137,147,403,P2,True,B,3,,0,206,
North 24 Parganas,111,N24P-111,92,Community Hall 92,364,350,0,714,49.02,47,6.6,360,158,5,575,P1,202,62.6,27.5,354,200,615,P1,False,B,3,,0,300,
North 24 Parganas,111,N24P-111,93,Community Hall 93,301,307,1,609,50.41,47,7.7,260,138,3,465,P1,122,55.9,29.7,291,144,485,P1,False,B,3,,0,256,
North 24 Parganas,111,N24P-111,94,High School 94,371,348,1,720,48.33,49,6.8,295,227,7,624,P1,68,47.3,36.4,367,138,562,P1,False,B,3,,0,303,
North 24 Parganas,111,N24P-111,95,Madrasa 95,276,256,0,532,48.12,32,6.0,215,138,3,419,P1,77,51.3,32.9,202,134,413,P1,False,B,3,,0,224,
North 24 Parganas,111,N24P-111,96,Panchayat Bhavan 96,344,347,1,692,50.14,44,6.4,295,146,12,586,P1,149,50.3,24.9,290,205,550,P1,False,B,3,,0,291,
North 24 Parganas,111,N24P-111,97,Community Hall 97,272,267,0,539,49.54,40,7.4,308,108,4,462,P1,200,66.7,23.4,274,107,423,P1,False,A,1,,0,227,
North 24 Parganas,111,N24P-111,98,Madrasa 98,287,272,1,560,48.57,42,7.5,262,77,7,480,P1,133,54.6,16.0,266,131,441,P1,False,B,3,,0,236,
North 24 Parganas,111,N24P-111,99,Panchayat Bhavan 99,394,392,1,787,49.81,56,7.1,430,183,4,686,P1,247,62.7,26.7,475,144,687,P1,False,B,3,,0,331,
North 24 Parganas,111,N24P-111,100,Health Sub-Centre 100,380,391,1,772,50.65,59,7.6,313,222,11,674,P1,91,46.4,32.9,404,199,670,P1,False,B,3,,0,325,
North 24 Parganas,111,N24P-111,101,Temple Hall 101,322,304,0,626,48.56,46,7.3,310,135,5,495,P1,175,62.6,27.3,229,169,478,P1,False,B,3,,0,263,
North 24 Parganas,111,N24P-111,102,Panchayat Bhavan 102,264,266,0,530,50.19,34,6.4,254,133,3,431,P1,121,58.9,30.9,303,93,440,P1,False,B,3,,0,223,
North 24 Parganas,111,N24P-111,103,Health Sub-Centre 103,333,323,1,657,49.16,43,6.5,290,136,12,567,P1,154,51.1,24.0,328,114,560,P1,False,B,3,,0,276,
North 24 Parganas,111,N24P-111,104,Market Building 104,378,345,0,723,47.72,47,6.5,369,167,4,595,P1,202,62.0,28.1,342,132,559,P1,False,B,3,,0,304,
North 24 Parganas,111,N24P-111,105,Madrasa 105,288,286,1,575,49.74,38,6.6,245,161,11,499,P1,84,49.1,32.3,270,164,482,P1,False,B,3,,0,242,
North 24 Parganas,111,N24P-111,106,Market Building 106,246,250,1,497,50.3,27,5.4,158,122,12,409,P1,36,38.6,29.8,287,76,404,P1,False,B,3,,0,209,
North 24 Parganas,111,N24P-111,107,Community Hall 107,260,255,1,516,49.42,25,4.8,231,102,5,413,P1,129,55.9,24.7,237,91,425,P1,False,B,3,,0,217,
North 24 Parganas,111,N24P-111,108,Govt Office 108,301,273,0,574,47.56,29,5.1,240,152,3,436,P1,88,55.0,34.9,332,109,490,P1,False,B,3,,0,242,
North 24 Parganas,111,N24P-111,109,Govt Office 109,304,295,1,600,49.17,30,5.0,255,144,3,472,P1,111,54.0,30.5,221,187,512,P1,False,B,3,,0,253,
North 24 Parganas,111,N24P-111,110,Post Office 110,367,377,0,744,50.67,40,5.4,326,219,9,636,P1,107,51.3,34.4,390,121,567,P1,False,B,3,,0,313,
North 24 Parganas,111,N24P-111,111,Temple Hall 111,310,296,1,607,48.76,29,4.8,299,131,5,478,P1,168,62.6,27.4,308,143,517,P1,False,B,3,,0,255,
North 24 Parganas,111,N24P-111,112,Primary School 112,416,389,1,806,48.26,43,5.3,391,175,5,628,P1,216,62.3,27.9,345,244,677,P1,False,B,3,,0,339,
North 24 Parganas,111,N24P-111,113,Anganwadi Centre 113,339,333,1,673,49.48,30,4.5,291,139,13,544,P1,152,53.5,25.6,308,179,551,P1,False,B,3,,0,283,
North 24 Parganas,111,N24P-111,114,Anganwadi Centre 114,421,376,0,797,47.18,58,7.3,402,183,4,650,P1,219,61.8,28.2,353,184,622,P1,False,B,3,,0,335,
North 24 Parganas,111,N24P-111,115,Panchayat Bhavan 115,345,341,1,687,49.64,45,6.6,304,136,8,560,P1,168,54.3,24.3,287,132,541,P1,False,B,3,,0,289,
North 24 Parganas,111,N24P-111,116,Madrasa 116,403,415,0,818,50.73,59,7.2,378,206,4,649,P1,172,58.2,31.7,336,111,630,P1,False,B,3,,0,344,
North 24 Parganas,111,N24P-111,117,Primary School 117,360,330,1,691,47.76,37,5.4,355,140,4,549,P1,215,64.7,25.5,400,118,576,P1,False,B,3,,0,291,
North 24 Parganas,111,N24P-111,118,High School 118,298,270,0,568,47.54,43,7.6,258,121,6,463,P1,137,55.7,26.1,202,149,482,P1,False,B,3,,0,239,
North 24 Parganas,111,N24P-111,119,Primary School 119,378,362,0,740,48.92,40,5.4,349,190,2,599,P1,159,58.3,31.7,403,171,638,P1,False,B,3,,0,311,
North 24 Parganas,111,N24P-111,120,Govt Office 120,254,246,0,500,49.2,25,5.0,246,124,5,411,P1,122,59.9,30.2,211,103,383,P1,False,B,3,,0,210,
North 24 Parganas,111,N24P-111,121,Panchayat Bhavan 121,267,277,1,545,50.83,34,6.2,250,141,6,465,P1,109,53.8,30.3,246,143,433,P1,False,B,3,,0,229,
North 24 Parganas,111,N24P-111,122,Health Sub-Centre 122,274,273,0,547,49.91,30,5.5,240,79,7,429,P1,142,55.9,18.4,308,109,464,P1,False,B,3,,0,230,
North 24 Parganas,111,N24P-111,123,Club Building 123,404,375,1,780,48.08,47,6.0,401,203,3,671,P1,198,59.8,30.3,299,142,678,P1,False,B,3,,0,328,
North 24 Parganas,111,N24P-111,124,Community Hall 124,257,248,0,505,49.11,27,5.3,244,137,4,427,P1,107,57.1,32.1,189,144,384,P1,False,B,3,,0,213,
North 24 Parganas,111,N24P-111,125,High School 125,357,339,1,697,48.64,42,6.0,350,165,3,573,P1,185,61.1,28.8,300,129,595,P1,False,B,3,,0,293,
North 24 Parganas,111,N24P-111,126,Post Office 126,241,245,1,487,50.31,27,5.5,233,115,4,387,P1,118,60.2,29.7,216,124,378,P1,False,B,3,,0,205,
North 24 Parganas,111,N24P-111,127,Madrasa 127,392,361,1,754,47.88,32,4.2,328,231,6,621,P1,97,52.8,37.2,300,184,584,P1,False,B,3,,0,317,
North 24 Parganas,111,N24P-111,128,High School 128,389,380,0,769,49.41,34,4.4,376,185,9,636,P1,191,59.1,29.1,433,97,589,P1,False,B,3,,0,324,
North 24 Parganas,111,N24P-111,129,Club Building 129,380,349,0,729,47.87,55,7.5,442,122,7,627,P1,320,70.5,19.5,273,174,596,P1,False,A,1,,0,307,
North 24 Parganas,111,N24P-111,130,Health Sub-Centre 130,357,336,1,694,48.41,43,6.2,314,92,6,551,P1,180,57.0,16.7,271,160,569,P1,False,B,3,,0,292,
North 24 Parganas,111,N24P-111,131,Post Office 131,379,371,1,751,49.4,52,6.9,318,187,5,593,P1,131,53.6,31.5,449,108,619,P1,False,B,3,,0,316,
North 24 Parganas,111,N24P-111,132,Post Office 132,349,350,0,699,50.07,38,5.4,301,158,7,548,P1,143,54.9,28.8,273,166,537,P1,False,B,3,,0,294,
North 24 Parganas,111,N24P-111,133,Panchayat Bhavan 133,304,276,0,580,47.59,36,6.2,331,108,4,488,P1,223,67.8,22.1,274,122,441,P1,False,A,1,,0,244,
North 24 Parganas,111,N24P-111,134,Madrasa 134,345,312,1,658,47.42,29,4.4,308,197,3,568,P1,111,54.2,34.7,377,89,518,P1,False,B,3,,0,277,
North 24 Parganas,111,N24P-111,135,Govt Office 135,250,237,0,487,48.67,28,5.7,210,126,4,374,P1,84,56.1,33.7,235,133,415,P1,False,B,3,,0,205,
North 24 Parganas,111,N24P-111,136,Temple Hall 136,358,359,0,717,50.07,47,6.6,378,126,6,560,P1,252,67.5,22.5,353,162,603,P1,False,A,1,,0,302,
North 24 Parganas,111,N24P-111,137,High School 137,343,314,1,658,47.72,47,7.1,304,194,6,554,P1,110,54.9,35.0,325,179,560,P1,False,B,3,,0,277,
North 24 Parganas,111,N24P-111,138,Anganwadi Centre 138,402,415,1,818,50.73,59,7.2,375,182,4,619,P1,193,60.6,29.4,394,198,685,P1,False,B,3,,0,344,
North 24 Parganas,111,N24P-111,139,Club Building 139,304,306,1,611,50.08,45,7.4,275,170,6,508,P1,105,54.1,33.5,286,151,486,P1,False,B,3,,0,257,
North 24 Parganas,111,N24P-111,140,Club Building 140,325,307,1,633,48.5,48,7.6,305,154,4,510,P1,151,59.8,30.2,302,157,510,P1,False,B,3,,0,266,
North 24 Parganas,111,N24P-111,141,Club Building 141,368,350,1,719,48.68,33,4.6,335,124,8,616,P1,192,54.4,20.1,380,163,613,P1,False,B,3,,0,303,
North 24 Parganas,111,N24P-111,142,Community Hall 142,395,399,0,794,50.25,37,4.7,382,217,2,666,P1,165,57.4,32.6,371,159,674,P1,False,B,3,,0,334,
North 24 Parganas,111,N24P-111,143,Primary School 143,282,281,1,564,49.82,35,6.2,288,119,5,488,P1,169,59.0,24.4,218,170,455,P1,False,B,3,,0,237,
North 24 Parganas,111,N24P-111,144,Temple Hall 144,258,230,0,488,47.13,25,5.1,264,100,2,405,P1,164,65.2,24.7,210,139,387,P1,False,A,1,,0,205,
North 24 Parganas,111,N24P-111,145,Community Hall 145,278,257,1,536,47.95,33,6.2,263,125,4,432,P1,138,60.9,28.9,213,167,423,P1,False,B,3,,0,226,
North 24 Parganas,111,N24P-111,146,Post Office 146,294,282,1,577,48.87,45,7.8,262,153,6,473,P1,109,55.4,32.3,262,142,449,P1,False,B,3,,0,243,
North 24 Parganas,111,N24P-111,147,Panchayat Bhavan 147,278,250,1,529,47.26,25,4.7,262,106,1,409,P1,156,64.1,25.9,246,151,441,P1,False,B,3,,0,223,
North 24 Parganas,111,N24P-111,148,Govt Office 148,369,370,0,739,50.07,51,6.9,345,166,4,568,P1,179,60.7,29.2,428,108,595,P1,False,B,3,,0,311,
North 24 Parganas,111,N24P-111,149,Panchayat Bhavan 149,287,268,0,555,48.29,40,7.2,294,132,5,473,P1,162,62.2,27.9,238,151,479,P1,False,B,3,,0,234,
North 24 Parganas,111,N24P-111,150,Market Building 150,372,354,0,726,48.76,34,4.7,417,149,5,629,P1,268,66.3,23.7,335,168,608,P1,False,A,1,,0,306,
North 24 Parganas,111,N24P-111,151,Temple Hall 151,274,278,0,552,50.36,38,6.9,290,88,3,420,P1,202,69.0,21.0,240,161,458,P1,False,A,1,,0,232,
North 24 Parganas,111,N24P-111,152,High School 152,311,289,0,600,48.17,30,5.0,218,138,12,491,P1,80,44.4,28.1,234,119,472,P1,False,B,3,,0,253,
North 24 Parganas,111,N24P-111,153,Post Office 153,338,316,1,655,48.24,30,4.6,255,191,4,496,P1,64,51.4,38.5,345,136,535,P1,False,B,3,,0,276,
North 24 Parganas,111,N24P-111,154,Club Building 154,353,333,1,687,48.47,50,7.3,339,181,7,596,P1,158,56.9,30.4,353,130,536,P1,False,B,3,,0,289,
North 24 Parganas,111,N24P-111,155,Primary School 155,274,246,0,520,47.31,36,6.9,211,120,9,426,P1,91,49.5,28.2,265,118,426,P1,False,B,3,,0,219,
North 24 Parganas,111,N24P-111,156,High School 156,243,246,0,489,50.31,33,6.7,202,127,6,389,P1,75,51.9,32.6,245,93,427,P1,False,B,3,,0,206,
North 24 Parganas,111,N24P-111,157,Market Building 157,372,379,0,751,50.47,43,5.7,370,192,4,630,P1,178,58.7,30.5,358,183,602,P1,False,B,3,,0,316,
North 24 Parganas,111,N24P-111,158,Anganwadi Centre 158,315,302,0,617,48.95,43,7.0,300,170,7,535,P1,130,56.1,31.8,317,160,530,P1,False,B,3,,0,260,
North 24 Parganas,111,N24P-111,159,Community Hall 159,298,292,0,590,49.49,29,4.9,265,151,5,476,P1,114,55.7,31.7,284,172,507,P1,False,B,3,,0,248,
North 24 Parganas,111,N24P-111,160,Community Hall 160,373,367,0,740,49.59,52,7.0,395,154,6,610,P1,241,64.8,25.2,293,191,590,P1,False,B,3,,0,311,
North 24 Parganas,111,N24P-111,161,Panchayat Bhavan 161,265,242,1,508,47.64,39,7.7,230,136,7,440,P1,94,52.3,30.9,217,66,385,P1,False,B,3,,0,214,
North 24 Parganas,111,N24P-111,162,Market Building 162,258,265,1,524,50.57,37,7.1,235,103,4,399,P1,132,58.9,25.8,213,135,444,P1,False,B,3,,0,221,
North 24 Parganas,111,N24P-111,163,Market Building 163,332,327,0,659,49.62,45,6.8,371,138,2,566,P1,233,65.5,24.4,365,146,567,P1,False,A,1,,0,277,
North 24 Parganas,111,N24P-111,164,Post Office 164,248,240,1,489,49.08,35,7.2,277,84,2,402,P1,193,68.9,20.9,221,92,408,P1,False,A,1,,0,206,
North 24 Parganas,111,N24P-111,165,Temple Hall 165,334,319,0,653,48.85,35,5.4,298,148,4,495,P1,150,60.2,29.9,205,188,497,P1,False,B,3,,0,275,
North 24 Parganas,111,N24P-111,166,Temple Hall 166,308,280,0,588,47.62,32,5.4,267,150,9,495,P1,117,53.9,30.3,312,150,513,P1,False,B,3,,0,247,
North 24 Parganas,111,N24P-111,167,Post Office 167,399,363,0,762,47.64,53,7.0,262,135,23,595,P1,92,44.0,22.7,453,97,612,P1,False,B,3,,0,321,
North 24 Parganas,111,N24P-111,168,Community Hall 168,255,251,1,507,49.51,22,4.3,218,128,3,384,P1,90,56.8,33.3,270,109,421,P1,False,B,3,,0,213,
North 24 Parganas,111,N24P-111,169,Primary School 169,313,297,1,611,48.61,37,6.1,255,134,6,506,P1,121,50.4,26.5,326,154,533,P1,False,B,3,,0,257,
North 24 Parganas,111,N24P-111,170,Panchayat Bhavan 170,269,264,0,533,49.53,40,7.5,270,124,3,437,P1,146,61.8,28.4,277,120,441,P1,False,B,3,,0,224,
North 24 Parganas,111,N24P-111,171,High School 171,379,359,1,739,48.58,32,4.3,403,162,3,628,P1,241,64.2,25.8,346,164,577,P1,False,B,3,,0,311,
North 24 Parganas,111,N24P-111,172,Anganwadi Centre 172,376,385,0,761,50.59,35,4.6,415,154,5,632,P1,261,65.7,24.4,344,253,663,P1,False,A,1,,0,320,
North 24 Parganas,111,N24P-111,173,Temple Hall 173,310,284,1,595,47.73,46,7.7,349,119,5,520,P1,230,67.1,22.9,211,161,453,P1,False,A,1,,0,250,
North 24 Parganas,111,N24P-111,174,Primary School 174,306,316,1,623,50.72,46,7.4,302,167,6,521,P1,135,58.0,32.1,274,157,479,P1,False,B,3,,0,262,
North 24 Parganas,111,N24P-111,175,Panchayat Bhavan 175,261,251,1,513,48.93,29,5.7,212,143,2,395,P1,69,53.7,36.2,247,131,420,P1,False,B,3,,0,216,
North 24 Parganas,111,N24P-111,176,Market Building 176,296,300,1,597,50.25,43,7.2,292,141,2,481,P1,151,60.7,29.3,352,112,515,P1,False,B,3,,0,251,
North 24 Parganas,111,N24P-111,177,Madrasa 177,261,237,1,499,47.49,30,6.0,228,157,2,428,P1,71,53.3,36.7,200,151,390,P1,False,B,3,,0,210,
North 24 Parganas,111,N24P-111,178,Community Hall 178,296,281,1,578,48.62,26,4.5,286,167,3,504,P1,119,56.7,33.1,225,173,443,P1,False,B,3,,0,243,
North 24 Parganas,111,N24P-111,179,Post Office 179,393,376,0,769,48.89,32,4.2,433,130,6,625,P1,303,69.3,20.8,320,202,664,P1,False,A,1,,0,324,
North 24 Parganas,111,N24P-111,180,Health Sub-Centre 180,403,372,0,775,48.0,58,7.5,371,202,6,636,P1,169,58.3,31.8,377,169,606,P1,False,B,3,,0,326,
North 24 Parganas,111,N24P-111,181,Market Building 181,277,282,0,559,50.45,38,6.8,301,101,3,447,P1,200,67.3,22.6,330,84,460,P1,False,A,1,,0,235,
North 24 Parganas,111,N24P-111,182,Club Building 182,413,397,1,811,48.95,45,5.5,504,126,5,700,P1,378,72.0,18.0,359,209,644,P1,False,A,1,,0,341,
North 24 Parganas,112,N24P-112,1,High School 1,352,349,1,702,49.72,46,6.6,332,206,5,608,P1,126,54.6,33.9,408,77,539,P1,False,B,3,,0,295,
North 24 Parganas,112,N24P-112,2,Primary School 2,377,360,1,738,48.78,70,9.5,411,144,7,617,P1,267,66.6,23.3,418,128,607,P1,False,A,1,,0,311,
North 24 Parganas,112,N24P-112,3,Club Building 3,390,401,1,792,50.63,92,11.6,356,208,6,640,P1,148,55.6,32.5,471,151,691,P1,False,D,4,,0,333,
North 24 Parganas,112,N24P-112,4,Health Sub-Centre 4,279,252,0,531,47.46,44,8.3,228,140,2,409,P1,88,55.7,34.2,226,92,429,P1,False,B,3,,0,223,
North 24 Parganas,112,N24P-112,5,Temple Hall 5,406,369,0,775,47.61,72,9.3,320,234,3,616,P1,86,51.9,38.0,346,161,661,P1,False,B,3,,0,326,
North 24 Parganas,112,N24P-112,6,Health Sub-Centre 6,239,248,1,488,50.82,35,7.2,185,144,5,403,P1,41,45.9,35.7,199,173,418,P1,False,B,3,,0,205,
North 24 Parganas,112,N24P-112,7,Health Sub-Centre 7,361,338,1,700,48.29,64,9.1,323,194,3,574,P1,129,56.3,33.8,350,145,550,P1,False,B,3,,0,295,
North 24 Parganas,112,N24P-112,8,Madrasa 8,316,284,1,601,47.25,50,8.3,335,122,5,508,P1,213,65.9,24.0,293,141,487,P1,False,A,1,,0,253,
North 24 Parganas,112,N24P-112,9,Panchayat Bhavan 9,291,302,1,594,50.84,39,6.6,382,71,3,503,P1,311,75.9,14.1,285,98,504,P1,False,A,1,,0,250,
North 24 Parganas,112,N24P-112,10,Health Sub-Centre 10,265,272,0,537,50.65,39,7.3,297,98,7,468,P1,199,63.5,20.9,321,99,467,P1,False,B,3,,0,226,
North 24 Parganas,112,N24P-112,11,Health Sub-Centre 11,406,396,0,802,49.38,55,6.9,442,166,4,676,P1,276,65.4,24.6,386,145,628,P1,False,A,1,,0,338,
North 24 Parganas,112,N24P-112,12,Madrasa 12,358,327,1,686,47.67,64,9.3,324,132,5,561,P1,192,57.8,23.5,262,174,555,P1,False,B,3,,0,289,
North 24 Parganas,112,N24P-112,13,Panchayat Bhavan 13,416,394,1,811,48.58,79,9.7,377,205,2,647,P1,172,58.3,31.7,345,186,630,P1,False,B,3,,0,341,
North 24 Parganas,112,N24P-112,14,Anganwadi Centre 14,300,307,1,608,50.49,52,8.6,280,167,3,505,P1,113,55.4,33.1,245,130,493,P1,False,B,3,,0,256,
North 24 Parganas,112,N24P-112,15,Govt Office 15,334,341,0,675,50.52,75,11.1,273,151,7,520,P1,122,52.5,29.0,355,129,569,P1,False,D,4,,0,284,
North 24 Parganas,112,N24P-112,16,Madrasa 16,253,241,0,494,48.79,44,8.9,255,123,4,420,P1,132,60.7,29.3,216,104,380,P1,False,B,3,,0,208,
North 24 Parganas,112,N24P-112,17,Primary School 17,333,322,0,655,49.16,64,9.8,265,219,5,538,P1,46,49.3,40.7,306,195,556,P1,False,B,3,,0,276,
North 24 Parganas,112,N24P-112,18,Health Sub-Centre 18,252,232,1,485,47.84,32,6.6,249,103,3,392,P1,146,63.5,26.3,236,102,375,P1,False,B,3,,0,204,
North 24 Parganas,112,N24P-112,19,Madrasa 19,256,253,1,510,49.61,54,10.6,286,96,4,424,P1,190,67.5,22.6,226,119,413,P1,False,D,4,,0,215,
North 24 Parganas,112,N24P-112,20,Community Hall 20,347,340,0,687,49.49,75,10.9,332,176,6,565,P1,156,58.8,31.2,272,187,548,P1,False,D,4,,0,289,
North 24 Parganas,112,N24P-112,21,Health Sub-Centre 21,318,310,0,628,49.36,45,7.2,376,92,4,520,P1,284,72.3,17.7,344,120,515,P1,False,A,1,,0,264,
North 24 Parganas,112,N24P-112,22,Community Hall 22,384,361,0,745,48.46,48,6.4,436,140,4,640,P1,296,68.1,21.9,367,186,614,P1,False,A,1,,0,314,
North 24 Parganas,112,N24P-112,23,High School 23,379,386,0,765,50.46,78,10.2,393,200,7,659,P1,193,59.6,30.3,310,186,622,P1,False,D,4,,0,322,
North 24 Parganas,112,N24P-112,24,Post Office 24,394,397,0,791,50.19,65,8.2,408,195,5,670,P1,213,60.9,29.1,423,149,686,P1,False,B,3,,0,333,
North 24 Parganas,112,N24P-112,25,Health Sub-Centre 25,277,285,1,563,50.62,53,9.4,252,151,4,448,P1,101,56.2,33.7,220,163,433,P1,False,B,3,,0,237,
North 24 Parganas,112,N24P-112,26,Anganwadi Centre 26,303,283,1,587,48.21,55,9.4,275,136,8,491,P1,139,56.0,27.7,314,115,477,P1,False,B,3,,0,247,
North 24 Parganas,112,N24P-112,27,Health Sub-Centre 27,399,401,0,800,50.12,58,7.2,344,214,5,629,P1,130,54.7,34.0,310,195,619,P1,False,B,3,,0,337,
North 24 Parganas,112,N24P-112,28,Club Building 28,257,263,0,520,50.58,36,6.9,247,135,4,438,P1,112,56.4,30.8,264,94,398,P1,False,B,3,,0,219,
North 24 Parganas,112,N24P-112,29,Post Office 29,417,401,1,819,48.96,93,11.4,389,117,12,634,P1,272,61.4,18.5,392,216,703,P1,False,D,4,,0,345,
North 24 Parganas,112,N24P-112,30,Panchayat Bhavan 30,430,390,0,820,47.56,80,9.8,336,294,4,708,P1,42,47.5,41.5,455,161,693,P1,False,B,3,,0,345,
North 24 Parganas,112,N24P-112,31,Post Office 31,329,296,0,625,47.36,53,8.5,367,80,2,497,P1,287,73.8,16.1,276,136,510,P1,False,A,1,,0,263,
North 24 Parganas,112,N24P-112,32,Community Hall 32,302,289,1,592,48.82,54,9.1,316,148,3,516,P1,168,61.2,28.7,307,125,480,P1,False,B,3,,0,249,
North 24 Parganas,112,N24P-112,33,High School 33,328,314,1,643,48.83,46,7.2,273,193,4,523,P1,80,52.2,36.9,345,144,544,P1,False,B,3,,0,271,
North 24 Parganas,112,N24P-112,34,Health Sub-Centre 34,365,357,0,722,49.45,67,9.3,369,198,7,630,P1,171,58.6,31.4,377,152,612,P1,False,B,3,,0,304,
North 24 Parganas,112,N24P-112,35,Primary School 35,313,306,0,619,49.43,60,9.7,255,188,4,495,P1,67,51.5,38.0,259,129,490,P1,False,B,3,,0,260,
North 24 Parganas,112,N24P-112,36,High School 36,269,242,0,511,47.36,52,10.2,266,117,2,426,P1,149,62.4,27.5,268,122,434,P1,False,D,4,,0,215,
North 24 Parganas,112,N24P-112,37,Temple Hall 37,310,286,0,596,47.99,52,8.7,250,163,3,474,P1,87,52.7,34.4,323,141,516,P1,False,B,3,,0,251,
North 24 Parganas,112,N24P-112,38,Community Hall 38,280,260,0,540,48.15,44,8.1,233,163,2,440,P1,70,53.0,37.0,268,129,441,P1,False,B,3,,0,227,
North 24 Parganas,112,N24P-112,39,Market Building 39,254,230,0,484,47.52,41,8.5,205,127,4,369,P1,78,55.6,34.4,240,78,393,P1,False,B,3,,0,204,
North 24 Parganas,112,N24P-112,40,Market Building 40,402,369,1,772,47.8,76,9.8,429,157,6,651,P1,272,65.9,24.1,347,208,616,P1,False,A,1,,0,325,
North 24 Parganas,112,N24P-112,41,Anganwadi Centre 41,409,396,0,805,49.19,74,9.2,379,200,3,644,P1,179,58.9,31.1,385,178,625,P1,False,B,3,,0,339,
North 24 Parganas,112,N24P-112,42,Govt Office 42,283,272,1,556,48.92,38,6.8,216,175,6,449,P1,41,48.1,39.0,277,118,452,P1,False,B,3,,0,234,
North 24 Parganas,112,N24P-112,43,Temple Hall 43,318,297,1,616,48.21,52,8.4,289,167,4,507,P1,122,57.0,32.9,283,138,468,P1,False,B,3,,0,259,
North 24 Parganas,112,N24P-112,44,Club Building 44,342,352,1,695,50.65,76,10.9,303,196,4,595,P1,107,50.9,32.9,336,173,573,P1,False,D,4,,0,292,
North 24 Parganas,112,N24P-112,45,Club Building 45,263,254,1,518,49.03,54,10.4,215,105,4,416,P1,110,51.7,25.2,167,147,400,P1,False,D,4,,0,218,
North 24 Parganas,112,N24P-112,46,Madrasa 46,389,378,0,767,49.28,49,6.4,472,115,3,652,P1,357,72.4,17.6,289,147,616,P1,False,A,1,,0,323,
North 24 Parganas,112,N24P-112,47,Panchayat Bhavan 47,409,396,0,805,49.19,75,9.3,284,185,21,646,P1,99,44.0,28.6,271,194,615,P1,False,B,3,,0,339,
North 24 Parganas,112,N24P-112,48,Community Hall 48,336,346,1,683,50.66,55,8.1,318,148,3,518,P1,170,61.4,28.6,343,142,548,P1,False,B,3,,0,287,
North 24 Parganas,112,N24P-112,49,Community Hall 49,362,367,0,729,50.34,54,7.4,327,176,5,558,P1,151,58.6,31.5,394,169,626,P1,False,B,3,,0,307,
North 24 Parganas,112,N24P-112,50,Anganwadi Centre 50,380,363,0,743,48.86,86,11.6,382,196,7,642,P1,186,59.5,30.5,382,159,601,P1,False,D,4,,0,313,
North 24 Parganas,112,N24P-112,51,Health Sub-Centre 51,289,285,0,574,49.65,57,9.9,268,152,3,483,P1,116,55.5,31.5,329,96,472,P1,False,B,3,,0,242,
North 24 Parganas,112,N24P-112,52,Temple Hall 52,309,285,0,594,47.98,64,10.8,228,165,6,449,P1,63,50.8,36.7,205,174,450,P1,False,D,4,,0,250,
North 24 Parganas,112,N24P-112,53,Anganwadi Centre 53,346,326,0,672,48.51,46,6.8,277,185,7,538,P1,92,51.5,34.4,299,192,545,P1,False,B,3,,0,283,
North 24 Parganas,112,N24P-112,54,Health Sub-Centre 54,365,354,1,720,49.17,73,10.1,310,160,15,608,P1,150,51.0,26.3,367,148,572,P1,False,D,4,,0,303,
North 24 Parganas,112,N24P-112,55,Club Building 55,269,246,1,516,47.67,52,10.1,225,130,2,395,P1,95,57.0,32.9,204,108,418,P1,False,D,4,,0,217,
North 24 Parganas,112,N24P-112,56,Temple Hall 56,402,392,1,795,49.31,73,9.2,369,193,4,625,P1,176,59.0,30.9,356,145,650,P1,False,B,3,,0,335,
North 24 Parganas,112,N24P-112,57,Temple Hall 57,385,388,0,773,50.19,74,9.6,374,183,9,658,P1,191,56.8,27.8,337,141,655,P1,False,B,3,,0,325,
North 24 Parganas,112,N24P-112,58,Market Building 58,355,359,0,714,50.28,74,10.4,321,229,4,611,P1,92,52.5,37.5,432,115,608,P1,False,D,4,,0,300,
North 24 Parganas,112,N24P-112,59,Temple Hall 59,367,369,1,737,50.07,80,10.9,318,198,8,589,P1,120,54.0,33.6,433,137,633,P1,False,D,4,,0,310,
North 24 Parganas,112,N24P-112,60,Health Sub-Centre 60,345,326,1,672,48.51,47,7.0,302,190,2,554,P1,112,54.5,34.3,298,194,560,P1,False,B,3,,0,283,
North 24 Parganas,112,N24P-112,61,Post Office 61,358,338,1,697,48.49,56,8.0,403,132,3,606,P1,271,66.5,21.8,303,186,577,P1,False,A,1,,0,293,
North 24 Parganas,112,N24P-112,62,Post Office 62,403,415,1,819,50.67,59,7.2,372,190,5,647,P1,182,57.5,29.4,334,241,686,P1,False,B,3,,0,345,
North 24 Parganas,112,N24P-112,63,Primary School 63,358,344,0,702,49.0,69,9.8,327,159,4,591,P1,168,55.3,26.9,281,173,554,P1,False,B,3,,0,295,
North 24 Parganas,112,N24P-112,64,Health Sub-Centre 64,369,346,1,716,48.32,56,7.8,366,141,2,564,P1,225,64.9,25.0,371,145,574,P1,False,B,3,,0,301,
North 24 Parganas,112,N24P-112,65,Post Office 65,286,262,0,548,47.81,64,11.7,219,163,6,473,P1,56,46.3,34.5,255,91,418,P1,False,D,4,,0,231,
North 24 Parganas,112,N24P-112,66,Anganwadi Centre 66,299,301,0,600,50.17,69,11.5,226,150,8,500,P1,76,45.2,30.0,291,173,519,P1,False,D,4,,0,253,
North 24 Parganas,112,N24P-112,67,Temple Hall 67,311,290,1,602,48.17,50,8.3,230,138,9,464,P1,92,49.6,29.7,299,159,509,P1,False,B,3,,0,253,
North 24 Parganas,112,N24P-112,68,Club Building 68,261,266,0,527,50.47,41,7.8,228,123,8,452,P1,105,50.4,27.2,232,130,402,P1,False,B,3,,0,222,
North 24 Parganas,112,N24P-112,69,Madrasa 69,372,362,1,735,49.25,61,8.3,244,246,11,627,P2,2,38.9,39.2,283,204,634,P1,True,B,3,,0,309,
North 24 Parganas,112,N24P-112,70,Market Building 70,373,336,0,709,47.39,48,6.8,326,160,4,540,P1,166,60.4,29.6,262,171,544,P1,False,B,3,,0,298,
North 24 Parganas,112,N24P-112,71,Community Hall 71,375,382,1,758,50.4,75,9.9,398,141,5,599,P1,257,66.4,23.5,398,140,644,P1,False,A,1,,0,319,
North 24 Parganas,112,N24P-112,72,Govt Office 72,361,324,1,686,47.23,65,9.5,288,133,11,555,P1,155,51.9,24.0,345,171,595,P1,False,B,3,,0,289,
North 24 Parganas,112,N24P-112,73,Govt Office 73,257,264,0,521,50.67,44,8.4,260,107,2,412,P1,153,63.1,26.0,235,120,421,P1,False,B,3,,0,219,
North 24 Parganas,112,N24P-112,74,Market Building 74,267,247,0,514,48.05,50,9.7,259,109,1,408,P1,150,63.5,26.7,258,144,447,P1,False,B,3,,0,216,
North 24 Parganas,112,N24P-112,75,Market Building 75,330,319,1,650,49.08,72,11.1,271,150,4,507,P1,121,53.5,29.6,278,168,538,P1,False,D,4,,0,274,
North 24 Parganas,112,N24P-112,76,Govt Office 76,388,378,0,766,49.35,66,8.6,378,158,5,596,P1,220,63.4,26.5,342,195,597,P1,False,B,3,,0,322,
North 24 Parganas,112,N24P-112,77,Madrasa 77,283,276,1,560,49.29,56,10.0,338,88,2,474,P1,250,71.3,18.6,278,111,432,P1,False,A,1,,0,236,
North 24 Parganas,112,N24P-112,78,Primary School 78,378,357,0,735,48.57,79,10.7,262,229,13,620,P1,33,42.3,36.9,276,214,563,P1,False,D,4,,0,309,
North 24 Parganas,112,N24P-112,79,Post Office 79,378,364,0,742,49.06,63,8.5,347,162,3,565,P1,185,61.4,28.7,352,214,629,P1,False,B,3,,0,312,
North 24 Parganas,112,N24P-112,80,Temple Hall 80,254,242,0,496,48.79,33,6.7,231,119,2,389,P1,112,59.4,30.6,259,127,429,P1,False,B,3,,0,209,
North 24 Parganas,112,N24P-112,81,Club Building 81,393,394,0,787,50.06,74,9.4,386,151,5,596,P1,235,64.8,25.3,444,132,640,P1,False,B,3,,0,331,
North 24 Parganas,112,N24P-112,82,Madrasa 82,284,261,0,545,47.89,35,6.4,229,164,3,437,P1,65,52.4,37.5,181,129,449,P1,False,B,3,,0,229,
North 24 Parganas,112,N24P-112,83,Community Hall 83,323,300,1,624,48.08,63,10.1,328,138,4,517,P1,190,63.4,26.7,312,132,493,P1,False,D,4,,0,263,
North 24 Parganas,112,N24P-112,84,Community Hall 84,419,379,1,799,47.43,60,7.5,371,185,4,618,P1,186,60.0,29.9,445,181,696,P1,False,B,3,,0,336,
North 24 Parganas,112,N24P-112,85,Health Sub-Centre 85,375,336,1,712,47.19,76,10.7,332,149,11,603,P1,183,55.1,24.7,315,178,548,P1,False,D,4,,0,300,
North 24 Parganas,112,N24P-112,86,Temple Hall 86,349,334,0,683,48.9,75,11.0,345,156,6,557,P1,189,61.9,28.0,337,171,564,P1,False,D,4,,0,287,
North 24 Parganas,112,N24P-112,87,Community Hall 87,353,352,0,705,49.93,75,10.6,326,198,4,582,P1,128,56.0,34.0,309,173,579,P1,False,D,4,,0,297,
North 24 Parganas,112,N24P-112,88,Anganwadi Centre 88,402,389,1,792,49.12,80,10.1,458,104,9,641,P1,354,71.5,16.2,368,206,637,P1,False,D,4,,0,333,
North 24 Parganas,112,N24P-112,89,Club Building 89,350,323,0,673,47.99,74,11.0,344,164,2,564,P1,180,61.0,29.1,318,131,545,P1,False,D,4,,0,283,
North 24 Parganas,112,N24P-112,90,Anganwadi Centre 90,334,337,0,671,50.22,69,10.3,352,116,5,520,P1,236,67.7,22.3,311,136,538,P1,False,D,4,,0,282,
North 24 Parganas,112,N24P-112,91,Market Building 91,319,289,0,608,47.53,54,8.9,399,61,3,511,P1,338,78.1,11.9,294,171,517,P1,False,A,1,,0,256,
North 24 Parganas,112,N24P-112,92,Community Hall 92,335,345,0,680,50.74,50,7.4,277,179,5,540,P1,98,51.3,33.1,267,142,591,P1,False,B,3,,0,286,
North 24 Parganas,112,N24P-112,93,Govt Office 93,246,238,1,485,49.07,33,6.8,238,117,2,405,P1,121,58.8,28.9,217,119,383,P1,False,B,3,,0,204,
North 24 Parganas,112,N24P-112,94,High School 94,386,380,0,766,49.61,80,10.4,425,176,8,668,P1,249,63.6,26.3,382,155,632,P1,False,D,4,,0,322,
North 24 Parganas,112,N24P-112,95,Madrasa 95,317,289,0,606,47.69,56,9.2,284,143,3,490,P1,141,58.0,29.2,346,75,468,P1,False,B,3,,0,255,
North 24 Parganas,112,N24P-112,96,High School 96,350,333,0,683,48.76,72,10.5,307,202,5,590,P1,105,52.0,34.2,278,185,563,P1,False,D,4,,0,287,
North 24 Parganas,112,N24P-112,97,High School 97,418,378,1,797,47.43,61,7.7,353,210,3,667,P1,143,52.9,31.5,435,150,683,P1,False,B,3,,0,335,
North 24 Parganas,112,N24P-112,98,Madrasa 98,375,341,1,717,47.56,47,6.6,335,164,3,577,P1,171,58.1,28.4,361,194,617,P1,False,B,3,,0,302,
North 24 Parganas,112,N24P-112,99,Temple Hall 99,402,390,0,792,49.24,73,9.2,358,182,9,622,P1,176,57.6,29.3,273,173,656,P1,False,B,3,,0,333,
North 24 Parganas,112,N24P-112,100,Health Sub-Centre 100,257,246,0,503,48.91,54,10.7,265,114,2,430,P1,151,61.6,26.5,233,138,412,P1,False,D,4,,0,212,
North 24 Parganas,112,N24P-112,101,Govt Office 101,402,389,0,791,49.18,82,10.4,421,185,6,674,P1,236,62.5,27.4,313,187,671,P1,False,D,4,,0,333,
North 24 Parganas,112,N24P-112,102,Health Sub-Centre 102,298,270,0,568,47.54,53,9.3,246,113,7,460,P1,133,53.5,24.6,295,147,492,P1,False,B,3,,0,239,
North 24 Parganas,112,N24P-112,103,Madrasa 103,393,385,0,778,49.49,74,9.5,364,229,2,659,P1,135,55.2,34.7,276,254,624,P1,False,B,3,,0,327,
North 24 Parganas,112,N24P-112,104,Club Building 104,258,238,1,497,47.89,39,7.8,238,139,5,419,P1,99,56.8,33.2,244,142,429,P1,False,B,3,,0,209,
North 24 Parganas,112,N24P-112,105,Post Office 105,266,269,0,535,50.28,44,8.2,277,113,3,439,P1,164,63.1,25.7,308,107,461,P1,False,B,3,,0,225,
North 24 Parganas,112,N24P-112,106,Temple Hall 106,310,290,1,601,48.25,60,10.0,353,104,3,507,P1,249,69.6,20.5,299,154,507,P1,False,A,1,,0,253,
North 24 Parganas,112,N24P-112,107,Club Building 107,302,308,1,611,50.41,71,11.6,297,140,3,486,P1,157,61.1,28.8,392,71,514,P1,False,D,4,,0,257,
North 24 Parganas,112,N24P-112,108,High School 108,337,318,1,656,48.48,74,11.3,348,158,3,562,P1,190,61.9,28.1,299,172,524,P1,False,D,4,,0,276,
North 24 Parganas,112,N24P-112,109,Madrasa 109,283,290,0,573,50.61,51,8.9,239,149,5,465,P1,90,51.4,32.0,279,152,489,P1,False,B,3,,0,241,
North 24 Parganas,112,N24P-112,110,Community Hall 110,337,328,1,666,49.25,55,8.3,279,157,4,517,P1,122,54.0,30.4,273,164,514,P1,False,B,3,,0,280,
North 24 Parganas,112,N24P-112,111,Club Building 111,417,379,1,797,47.55,90,11.3,404,208,6,680,P1,196,59.4,30.6,428,151,644,P1,False,D,4,,0,335,
North 24 Parganas,112,N24P-112,112,Club Building 112,305,274,0,579,47.32,44,7.6,243,114,7,456,P1,129,53.3,25.0,314,133,496,P1,False,B,3,,0,244,
North 24 Parganas,112,N24P-112,113,Temple Hall 113,301,280,1,582,48.11,51,8.8,251,151,2,446,P1,100,56.3,33.9,323,126,506,P1,False,B,3,,0,245,
North 24 Parganas,112,N24P-112,114,Primary School 114,324,312,1,637,48.98,53,8.3,295,185,3,533,P1,110,55.3,34.7,209,103,521,P1,False,B,3,,0,268,
North 24 Parganas,112,N24P-112,115,Community Hall 115,259,247,1,507,48.72,32,6.3,300,98,4,442,P1,202,67.9,22.2,255,105,400,P1,False,A,1,,0,213,
North 24 Parganas,112,N24P-112,116,Market Building 116,302,283,1,586,48.29,65,11.1,234,118,10,468,P1,116,50.0,25.2,263,127,444,P1,False,D,4,,0,247,
North 24 Parganas,112,N24P-112,117,Club Building 117,252,228,0,480,47.5,47,9.8,246,115,2,401,P1,131,61.3,28.7,234,110,383,P1,False,B,3,,0,202,
North 24 Parganas,112,N24P-112,118,Post Office 118,346,320,1,667,47.98,66,9.9,274,153,7,550,P1,121,49.8,27.8,283,159,528,P1,False,B,3,,0,281,
North 24 Parganas,112,N24P-112,119,Anganwadi Centre 119,243,246,1,490,50.2,32,6.5,228,120,6,401,P1,108,56.9,29.9,215,123,376,P1,False,B,3,,0,206,
North 24 Parganas,112,N24P-112,120,Post Office 120,346,351,1,698,50.29,68,9.7,343,193,5,595,P1,150,57.6,32.4,321,130,538,P1,False,B,3,,0,294,
North 24 Parganas,112,N24P-112,121,Community Hall 121,374,365,0,739,49.39,83,11.2,353,136,5,571,P1,217,61.8,23.8,434,78,569,P1,False,D,4,,0,311,
North 24 Parganas,112,N24P-112,122,Govt Office 122,264,248,1,513,48.34,47,9.2,288,67,2,394,P1,221,73.1,17.0,240,122,402,P1,False,A,1,,0,216,
North 24 Parganas,112,N24P-112,123,Health Sub-Centre 123,305,314,1,620,50.65,72,11.6,282,172,7,521,P1,110,54.1,33.0,255,161,473,P1,False,D,4,,0,261,
North 24 Parganas,112,N24P-112,124,Market Building 124,363,338,0,701,48.22,77,11.0,300,154,14,571,P1,146,52.5,27.0,339,181,577,P1,False,D,4,,0,295,
North 24 Parganas,112,N24P-112,125,Anganwadi Centre 125,333,308,0,641,48.05,45,7.0,238,149,12,493,P1,89,48.3,30.2,276,187,523,P1,False,B,3,,0,270,
North 24 Parganas,112,N24P-112,126,Madrasa 126,246,242,0,488,49.59,40,8.2,218,116,3,379,P1,102,57.5,30.6,295,74,410,P1,False,B,3,,0,205,
North 24 Parganas,112,N24P-112,127,Primary School 127,257,260,1,518,50.19,41,7.9,237,78,3,404,P1,155,58.7,19.3,248,110,406,P1,False,B,3,,0,218,
North 24 Parganas,112,N24P-112,128,Anganwadi Centre 128,333,340,0,673,50.52,53,7.9,281,203,3,561,P1,78,50.1,36.2,340,129,521,P1,False,B,3,,0,283,
North 24 Parganas,112,N24P-112,129,Madrasa 129,308,302,1,611,49.43,62,10.1,231,150,10,514,P1,81,44.9,29.2,250,196,503,P1,False,D,4,,0,257,
North 24 Parganas,112,N24P-112,130,Govt Office 130,265,265,0,530,50.0,59,11.1,279,105,4,427,P1,174,65.3,24.6,251,118,410,P1,False,D,4,,0,223,
North 24 Parganas,112,N24P-112,131,Community Hall 131,374,339,0,713,47.55,46,6.5,398,142,4,600,P1,256,66.3,23.7,289,196,548,P1,False,A,1,,0,300,
North 24 Parganas,112,N24P-112,132,Govt Office 132,402,394,0,796,49.5,70,8.8,470,147,6,685,P1,323,68.6,21.5,338,215,615,P1,False,A,1,,0,335,
North 24 Parganas,112,N24P-112,133,Panchayat Bhavan 133,349,349,1,699,49.93,49,7.0,358,159,4,574,P1,199,62.4,27.7,277,160,550,P1,False,B,3,,0,294,
North 24 Parganas,112,N24P-112,134,Temple Hall 134,385,358,1,744,48.12,65,8.7,386,160,3,636,P1,226,60.7,25.2,313,160,646,P1,False,B,3,,0,313,
North 24 Parganas,112,N24P-112,135,Anganwadi Centre 135,247,246,0,493,49.9,57,11.6,266,118,5,427,P1,148,62.3,27.6,237,110,386,P1,False,D,4,,0,207,
North 24 Parganas,112,N24P-112,136,Primary School 136,282,278,1,561,49.55,43,7.7,282,122,4,451,P1,160,62.5,27.1,294,122,462,P1,False,B,3,,0,236,
North 24 Parganas,112,N24P-112,137,Panchayat Bhavan 137,413,376,1,790,47.59,84,10.6,321,214,6,628,P1,107,51.1,34.1,350,159,635,P1,False,D,4,,0,332,
North 24 Parganas,112,N24P-112,138,Market Building 138,306,296,0,602,49.17,58,9.6,348,116,3,516,P1,232,67.4,22.5,297,143,489,P1,False,A,1,,0,253,
North 24 Parganas,112,N24P-112,139,Govt Office 139,300,303,1,604,50.17,58,9.6,295,107,7,483,P1,188,61.1,22.2,333,136,522,P1,False,B,3,,0,254,
North 24 Parganas,112,N24P-112,140,Govt Office 140,326,316,0,642,49.22,44,6.9,326,112,6,511,P1,214,63.8,21.9,347,101,516,P1,False,B,3,,0,270,
North 24 Parganas,112,N24P-112,141,Temple Hall 141,390,371,1,762,48.69,55,7.2,294,180,13,586,P1,114,50.2,30.7,453,84,597,P1,False,B,3,,0,321,
North 24 Parganas,112,N24P-112,142,Temple Hall 142,283,258,0,541,47.69,40,7.4,198,149,7,416,P1,49,47.6,35.8,274,123,442,P1,False,B,3,,0,228,
North 24 Parganas,112,N24P-112,143,Govt Office 143,310,320,0,630,50.79,55,8.7,317,114,3,478,P1,203,66.3,23.8,283,168,504,P1,False,A,1,,0,265,
North 24 Parganas,112,N24P-112,144,Primary School 144,371,370,0,741,49.93,54,7.3,303,186,3,570,P1,117,53.2,32.6,336,178,600,P1,False,B,3,,0,312,
North 24 Parganas,112,N24P-112,145,Health Sub-Centre 145,253,240,0,493,48.68,43,8.7,238,111,3,388,P1,127,61.3,28.6,263,103,407,P1,False,B,3,,0,207,
North 24 Parganas,112,N24P-112,146,Community Hall 146,274,263,0,537,48.98,53,9.9,298,119,4,467,P1,179,63.8,25.5,251,120,412,P1,False,B,3,,0,226,
North 24 Parganas,112,N24P-112,147,Anganwadi Centre 147,348,317,1,666,47.6,51,7.7,320,199,6,577,P1,121,55.5,34.5,381,129,566,P1,False,B,3,,0,280,
North 24 Parganas,112,N24P-112,148,High School 148,267,257,1,525,48.95,46,8.8,273,129,5,448,P1,144,60.9,28.8,219,140,399,P1,False,B,3,,0,221,
North 24 Parganas,112,N24P-112,149,Anganwadi Centre 149,395,377,1,773,48.77,85,11.0,323,200,4,600,P1,123,53.8,33.3,424,116,600,P1,False,D,4,,0,325,
North 24 Parganas,112,N24P-112,150,Anganwadi Centre 150,274,249,0,523,47.61,39,7.5,214,162,3,420,P1,52,51.0,38.6,212,160,430,P1,False,B,3,,0,220,
North 24 Parganas,112,N24P-112,151,Anganwadi Centre 151,288,267,1,556,48.02,48,8.6,283,105,5,479,P1,178,59.1,21.9,309,77,429,P1,False,B,3,,0,234,
North 24 Parganas,112,N24P-112,152,Madrasa 152,281,261,0,542,48.15,48,8.9,293,110,3,448,P1,183,65.4,24.6,297,74,412,P1,False,A,1,,0,228,
North 24 Parganas,112,N24P-112,153,Panchayat Bhavan 153,306,278,1,585,47.52,52,8.9,304,149,6,503,P1,155,60.4,29.6,254,186,488,P1,False,B,3,,0,246,
North 24 Parganas,112,N24P-112,154,Temple Hall 154,337,322,1,660,48.79,48,7.3,214,178,6,507,P1,36,42.2,35.1,304,143,575,P1,False,B,3,,0,278,
North 24 Parganas,112,N24P-112,155,Temple Hall 155,275,274,1,550,49.82,45,8.2,218,141,3,431,P1,77,50.6,32.7,264,118,472,P1,False,B,3,,0,231,
North 24 Parganas,112,N24P-112,156,Temple Hall 156,423,380,1,804,47.26,69,8.6,350,245,3,662,P1,105,52.9,37.0,339,277,685,P1,False,B,3,,0,338,
North 24 Parganas,112,N24P-112,157,Community Hall 157,251,243,0,494,49.19,51,10.3,220,120,6,414,P1,100,53.1,29.0,210,113,398,P1,False,D,4,,0,208,
North 24 Parganas,112,N24P-112,158,Club Building 158,357,351,0,708,49.58,65,9.2,359,152,7,568,P1,207,63.2,26.8,308,182,545,P1,False,B,3,,0,298,
North 24 Parganas,112,N24P-112,159,High School 159,397,364,0,761,47.83,49,6.4,380,152,2,591,P1,228,64.3,25.7,345,201,606,P1,False,B,3,,0,320,
North 24 Parganas,112,N24P-112,160,Community Hall 160,379,374,1,754,49.6,65,8.6,311,188,7,589,P1,123,52.8,31.9,333,187,596,P1,False,B,3,,0,317,
North 24 Parganas,112,N24P-112,161,Club Building 161,344,333,0,677,49.19,57,8.4,326,181,3,564,P1,145,57.8,32.1,267,134,526,P1,False,B,3,,0,285,
North 24 Parganas,112,N24P-112,162,Primary School 162,297,281,1,579,48.53,56,9.7,255,169,2,471,P1,86,54.1,35.9,308,113,468,P1,False,B,3,,0,244,
North 24 Parganas,112,N24P-112,163,Market Building 163,298,289,1,588,49.15,55,9.4,281,125,4,451,P1,156,62.3,27.7,252,207,510,P1,False,B,3,,0,247,
North 24 Parganas,112,N24P-112,164,Panchayat Bhavan 164,412,404,1,817,49.45,88,10.8,434,182,8,701,P1,252,61.9,26.0,418,172,656,P1,False,D,4,,0,344,
North 24 Parganas,112,N24P-112,165,Panchayat Bhavan 165,272,280,0,552,50.72,51,9.2,265,141,3,452,P1,124,58.6,31.2,237,135,476,P1,False,B,3,,0,232,
North 24 Parganas,112,N24P-112,166,Govt Office 166,271,279,1,551,50.64,51,9.3,289,115,6,453,P1,174,63.8,25.4,255,138,436,P1,False,B,3,,0,232,
North 24 Parganas,112,N24P-112,167,Club Building 167,365,336,0,701,47.93,56,8.0,403,141,7,604,P1,262,66.7,23.3,340,183,584,P1,False,A,1,,0,295,
North 24 Parganas,112,N24P-112,168,Madrasa 168,372,370,0,742,49.87,51,6.9,420,102,7,580,P1,318,72.4,17.6,327,232,628,P1,False,A,1,,0,312,
North 24 Parganas,112,N24P-112,169,Govt Office 169,318,289,1,608,47.53,50,8.2,297,122,2,466,P1,175,63.7,26.2,293,166,512,P1,False,B,3,,0,256,
North 24 Parganas,112,N24P-112,170,Post Office 170,372,373,1,746,50.0,65,8.7,434,127,7,623,P1,307,69.7,20.4,325,240,627,P1,False,A,1,,0,314,
North 24 Parganas,112,N24P-112,171,Community Hall 171,331,325,1,657,49.47,66,10.0,224,180,6,568,P1,44,39.4,31.7,267,189,541,P1,False,B,3,,0,276,
North 24 Parganas,112,N24P-112,172,Post Office 172,372,346,0,718,48.19,46,6.4,424,83,4,563,P1,341,75.3,14.7,289,183,577,P1,False,A,1,,0,302,
North 24 Parganas,112,N24P-112,173,Community Hall 173,359,337,1,697,48.35,76,10.9,320,193,8,589,P1,127,54.3,32.8,359,185,605,P1,False,D,4,,0,293,
North 24 Parganas,112,N24P-112,174,Anganwadi Centre 174,273,245,1,519,47.21,45,8.7,296,108,5,449,P1,188,65.9,24.1,192,110,417,P1,False,A,1,,0,218,
North 24 Parganas,112,N24P-112,175,Club Building 175,319,314,0,633,49.61,62,9.8,343,111,5,504,P1,232,68.1,22.0,309,164,526,P1,False,A,1,,0,266,
North 24 Parganas,112,N24P-112,176,Panchayat Bhavan 176,335,308,1,644,47.83,53,8.2,324,144,5,520,P1,180,62.3,27.7,341,143,552,P1,False,B,3,,0,271,
North 24 Parganas,112,N24P-112,177,Community Hall 177,289,281,0,570,49.3,62,10.9,242,99,7,435,P1,143,55.6,22.8,251,147,442,P1,False,D,4,,0,240,
North 24 Parganas,112,N24P-112,178,Community Hall 178,315,318,0,633,50.24,50,7.9,281,160,2,489,P1,121,57.5,32.7,346,87,481,P1,False,B,3,,0,266,
North 24 Parganas,112,N24P-112,179,Madrasa 179,350,320,1,671,47.69,50,7.5,385,138,7,581,P1,247,66.3,23.8,278,158,547,P1,False,A,1,,0,282,
North 24 Parganas,112,N24P-112,180,Post Office 180,240,241,1,482,50.0,41,8.5,286,81,2,408,P1,205,70.1,19.9,221,101,406,P1,False,A,1,,0,203,
North 24 Parganas,113,N24P-113,1,Temple Hall 1,314,301,0,615,48.94,27,4.4,249,120,8,471,P1,129,52.9,25.5,221,203,496,P1,False,B,3,,0,259,
North 24 Parganas,113,N24P-113,2,Club Building 2,325,319,0,644,49.53,31,4.8,337,152,5,544,P1,185,61.9,27.9,335,110,494,P1,False,B,3,,0,271,
North 24 Parganas,113,N24P-113,3,High School 3,363,333,0,696,47.84,31,4.5,307,172,3,553,P1,135,55.5,31.1,400,104,561,P1,False,B,3,,0,293,
North 24 Parganas,113,N24P-113,4,Primary School 4,345,354,0,699,50.64,29,4.1,358,185,5,603,P1,173,59.4,30.7,309,172,567,P1,False,B,3,,0,294,
North 24 Parganas,113,N24P-113,5,Post Office 5,329,303,1,633,47.87,29,4.6,339,147,7,549,P1,192,61.7,26.8,260,131,504,P1,False,B,3,,0,266,
North 24 Parganas,113,N24P-113,6,Health Sub-Centre 6,281,261,1,543,48.07,17,3.1,271,111,3,424,P1,160,63.9,26.2,246,130,430,P1,False,B,3,,0,229,
North 24 Parganas,113,N24P-113,7,Anganwadi Centre 7,376,346,1,723,47.86,30,4.1,403,124,3,585,P1,279,68.9,21.2,290,182,613,P1,False,A,1,,0,304,
North 24 Parganas,113,N24P-113,8,Govt Office 8,279,266,1,546,48.72,28,5.1,251,148,3,443,P1,103,56.7,33.4,241,130,433,P1,False,B,3,,0,230,
North 24 Parganas,113,N24P-113,9,Primary School 9,370,375,0,745,50.34,28,3.8,366,195,8,635,P1,171,57.6,30.7,414,124,598,P1,False,B,3,,0,314,
North 24 Parganas,113,N24P-113,10,Temple Hall 10,323,322,0,645,49.92,28,4.3,252,163,8,493,P1,89,51.1,33.1,330,118,498,P1,False,B,3,,0,271,
North 24 Parganas,113,N24P-113,11,Health Sub-Centre 11,252,254,0,506,50.2,24,4.7,254,132,1,429,P1,122,59.2,30.8,266,102,409,P1,False,B,3,,0,213,
North 24 Parganas,113,N24P-113,12,Market Building 12,299,269,1,569,47.28,23,4.0,258,146,2,449,P1,112,57.5,32.5,217,149,438,P1,False,B,3,,0,239,
North 24 Parganas,113,N24P-113,13,Govt Office 13,366,371,0,737,50.34,35,4.7,278,214,5,562,P1,64,49.5,38.1,319,151,632,P1,False,B,3,,0,310,
North 24 Parganas,113,N24P-113,14,Madrasa 14,253,245,0,498,49.2,16,3.2,236,132,1,409,P1,104,57.7,32.3,253,138,434,P1,False,B,3,,0,210,
North 24 Parganas,113,N24P-113,15,Market Building 15,288,282,0,570,49.47,25,4.4,292,149,4,490,P1,143,59.6,30.4,282,119,446,P1,False,B,3,,0,240,
North 24 Parganas,113,N24P-113,16,Panchayat Bhavan 16,406,377,0,783,48.15,24,3.1,383,175,5,620,P1,208,61.8,28.2,455,140,662,P1,False,B,3,,0,330,
North 24 Parganas,113,N24P-113,17,Post Office 17,414,390,1,805,48.45,24,3.0,347,220,7,658,P1,127,52.7,33.4,396,175,634,P1,False,B,3,,0,339,
North 24 Parganas,113,N24P-113,18,Temple Hall 18,404,365,0,769,47.46,39,5.1,356,185,14,669,P1,171,53.2,27.7,363,169,591,P1,False,B,3,,0,324,
North 24 Parganas,113,N24P-113,19,Anganwadi Centre 19,286,274,0,560,48.93,23,4.1,205,101,17,464,P1,70,44.2,21.8,330,96,473,P1,False,B,3,,0,236,
North 24 Parganas,113,N24P-113,20,High School 20,409,367,1,777,47.23,33,4.2,460,98,7,620,P1,362,74.2,15.8,348,205,615,P1,False,A,1,,0,327,
North 24 Parganas,113,N24P-113,21,Govt Office 21,259,232,0,491,47.25,15,3.1,233,132,1,405,P1,101,57.5,32.6,204,118,421,P1,False,B,3,,0,207,
North 24 Parganas,113,N24P-113,22,Madrasa 22,367,358,0,725,49.38,23,3.2,293,225,8,609,P1,68,48.1,36.9,298,149,553,P1,False,B,3,,0,305,
North 24 Parganas,113,N24P-113,23,Madrasa 23,364,353,0,717,49.23,25,3.5,378,154,6,591,P1,224,64.0,26.1,459,84,603,P1,False,B,3,,0,302,
North 24 Parganas,113,N24P-113,24,Panchayat Bhavan 24,398,394,1,793,49.68,40,5.0,360,195,8,630,P1,165,57.1,31.0,367,204,635,P1,False,B,3,,0,334,
North 24 Parganas,113,N24P-113,25,Panchayat Bhavan 25,290,276,0,566,48.76,26,4.6,268,87,8,452,P1,181,59.3,19.2,292,117,455,P1,False,B,3,,0,238,
North 24 Parganas,113,N24P-113,26,Primary School 26,283,287,1,571,50.26,27,4.7,268,160,2,497,P1,108,53.9,32.2,338,87,495,P1,False,B,3,,0,240,
North 24 Parganas,113,N24P-113,27,Post Office 27,401,360,1,762,47.24,27,3.5,318,177,10,617,P1,141,51.5,28.7,357,131,632,P1,False,B,3,,0,321,
North 24 Parganas,113,N24P-113,28,Post Office 28,426,382,0,808,47.28,29,3.6,345,205,6,653,P1,140,52.8,31.4,393,212,703,P1,False,B,3,,0,340,
North 24 Parganas,113,N24P-113,29,Madrasa 29,395,358,0,753,47.54,28,3.7,330,113,13,583,P1,209,56.6,19.4,395,185,644,P1,False,B,3,,0,317,
North 24 Parganas,113,N24P-113,30,Govt Office 30,249,255,1,505,50.5,23,4.6,221,84,5,440,P1,95,50.2,19.1,216,135,405,P1,False,B,3,,0,213,
North 24 Parganas,113,N24P-113,31,Anganwadi Centre 31,323,306,1,630,48.57,29,4.6,328,101,5,477,P1,227,68.8,21.2,299,146,510,P1,False,A,1,,0,265,
North 24 Parganas,113,N24P-113,32,Health Sub-Centre 32,277,285,0,562,50.71,21,3.7,305,133,2,486,P1,172,62.8,27.4,231,136,449,P1,False,B,3,,0,237,
North 24 Parganas,113,N24P-113,33,High School 33,338,308,1,647,47.6,24,3.7,270,182,6,503,P1,88,53.7,36.2,286,163,499,P1,False,B,3,,0,272,
North 24 Parganas,113,N24P-113,34,Club Building 34,300,274,1,575,47.65,19,3.3,234,154,3,451,P1,80,51.9,34.1,229,132,450,P1,False,B,3,,0,242,
North 24 Parganas,113,N24P-113,35,Temple Hall 35,264,238,1,503,47.32,17,3.4,255,119,3,416,P1,136,61.3,28.6,250,85,401,P1,False,B,3,,0,212,
North 24 Parganas,113,N24P-113,36,High School 36,319,309,0,628,49.2,27,4.3,294,192,3,540,P1,102,54.4,35.6,309,141,499,P1,False,B,3,,0,264,
North 24 Parganas,113,N24P-113,37,Panchayat Bhavan 37,370,336,0,706,47.59,22,3.1,357,155,5,569,P1,202,62.7,27.2,364,158,580,P1,False,B,3,,0,297,
North 24 Parganas,113,N24P-113,38,Panchayat Bhavan 38,354,332,1,687,48.33,28,4.1,322,155,3,530,P1,167,60.8,29.2,235,170,555,P1,False,B,3,,0,289,
North 24 Parganas,113,N24P-113,39,Anganwadi Centre 39,376,344,1,721,47.71,20,2.8,445,120,7,627,P1,325,71.0,19.1,323,205,588,P1,False,A,1,,0,303,
North 24 Parganas,113,N24P-113,40,Govt Office 40,410,409,0,819,49.94,26,3.2,448,183,5,702,P1,265,63.8,26.1,520,120,711,P1,False,B,3,,0,345,
North 24 Parganas,113,N24P-113,41,Health Sub-Centre 41,324,316,1,641,49.3,30,4.7,249,177,3,522,P1,72,47.7,33.9,346,138,538,P1,False,B,3,,0,270,
North 24 Parganas,113,N24P-113,42,Community Hall 42,317,305,0,622,49.04,32,5.1,262,132,11,529,P1,130,49.5,25.0,227,124,482,P1,False,B,3,,0,262,
North 24 Parganas,113,N24P-113,43,Health Sub-Centre 43,299,297,1,597,49.75,26,4.4,303,134,4,491,P1,169,61.7,27.3,310,146,506,P1,False,B,3,,0,251,
North 24 Parganas,113,N24P-113,44,High School 44,418,399,1,818,48.78,36,4.4,429,174,2,670,P1,255,64.0,26.0,443,194,708,P1,False,B,3,,0,344,
North 24 Parganas,113,N24P-113,45,Temple Hall 45,336,315,0,651,48.39,19,2.9,367,133,4,556,P1,234,66.0,23.9,376,70,495,P1,False,A,1,,0,274,
North 24 Parganas,113,N24P-113,46,Market Building 46,386,383,1,770,49.74,38,4.9,404,139,3,604,P1,265,66.9,23.0,358,194,613,P1,False,A,1,,0,324,
North 24 Parganas,113,N24P-113,47,Post Office 47,393,403,1,797,50.56,25,3.1,398,192,2,655,P1,206,60.8,29.3,354,191,606,P1,False,B,3,,0,335,
North 24 Parganas,113,N24P-113,48,Post Office 48,259,261,1,521,50.1,21,4.0,192,151,9,443,P1,41,43.3,34.1,212,135,403,P1,False,B,3,,0,219,
North 24 Parganas,113,N24P-113,49,Post Office 49,416,399,0,815,48.96,38,4.7,443,142,6,650,P1,301,68.2,21.8,379,224,683,P1,False,A,1,,0,343,
North 24 Parganas,113,N24P-113,50,Temple Hall 50,266,259,0,525,49.33,26,5.0,248,118,2,406,P1,130,61.1,29.1,253,135,431,P1,False,B,3,,0,221,
North 24 Parganas,113,N24P-113,51,Panchayat Bhavan 51,407,402,0,809,49.69,38,4.7,379,235,9,700,P1,144,54.1,33.6,358,197,616,P1,False,B,3,,0,340,
North 24 Parganas,113,N24P-113,52,Panchayat Bhavan 52,347,319,1,667,47.83,32,4.8,326,186,5,569,P1,140,57.3,32.7,308,155,515,P1,False,B,3,,0,281,
North 24 Parganas,113,N24P-113,53,Market Building 53,333,325,0,658,49.39,34,5.2,343,158,4,557,P1,185,61.6,28.4,298,169,519,P1,False,B,3,,0,277,
North 24 Parganas,113,N24P-113,54,Primary School 54,375,344,1,720,47.78,21,2.9,383,108,5,546,P1,275,70.1,19.8,262,199,548,P1,False,A,1,,0,303,
North 24 Parganas,113,N24P-113,55,Madrasa 55,327,326,0,653,49.92,22,3.4,296,162,5,517,P1,134,57.3,31.3,274,182,520,P1,False,B,3,,0,275,
North 24 Parganas,113,N24P-113,56,Club Building 56,327,316,1,644,49.07,27,4.2,302,137,4,488,P1,165,61.9,28.1,312,91,525,P1,False,B,3,,0,271,
North 24 Parganas,113,N24P-113,57,Market Building 57,302,304,0,606,50.17,19,3.1,352,93,3,494,P1,259,71.3,18.8,361,90,501,P1,False,A,1,,0,255,
North 24 Parganas,113,N24P-113,58,Health Sub-Centre 58,421,391,0,812,48.15,32,3.9,381,123,11,666,P1,238,57.2,18.5,465,140,673,P1,False,B,3,,0,342,
North 24 Parganas,113,N24P-113,59,High School 59,378,340,0,718,47.35,24,3.3,403,155,2,620,P1,248,65.0,25.0,348,170,575,P1,False,B,3,,0,302,
North 24 Parganas,113,N24P-113,60,High School 60,339,316,0,655,48.24,27,4.1,279,173,7,523,P1,106,53.3,33.1,277,158,508,P1,False,B,3,,0,276,
North 24 Parganas,113,N24P-113,61,Anganwadi Centre 61,373,373,1,747,49.93,27,3.6,395,174,5,632,P1,221,62.5,27.5,387,166,614,P1,False,B,3,,0,314,
North 24 Parganas,113,N24P-113,62,Anganwadi Centre 62,309,302,0,611,49.43,28,4.6,234,181,8,482,P1,53,48.5,37.6,279,171,516,P1,False,B,3,,0,257,
North 24 Parganas,113,N24P-113,63,Madrasa 63,278,276,1,555,49.73,25,4.5,291,104,2,439,P1,187,66.3,23.7,267,119,429,P1,False,A,1,,0,234,
North 24 Parganas,113,N24P-113,64,Panchayat Bhavan 64,400,376,1,777,48.39,27,3.5,404,176,3,644,P1,228,62.7,27.3,321,147,624,P1,False,B,3,,0,327,
North 24 Parganas,113,N24P-113,65,Club Building 65,307,291,1,599,48.58,18,3.0,295,68,5,453,P1,215,65.1,15.0,306,133,487,P1,False,A,1,,0,252,
North 24 Parganas,113,N24P-113,66,Panchayat Bhavan 66,322,313,1,636,49.21,28,4.4,261,145,11,515,P1,116,50.7,28.2,245,149,533,P1,False,B,3,,0,268,
North 24 Parganas,113,N24P-113,67,Community Hall 67,272,252,1,525,48.0,15,2.9,211,159,5,420,P1,52,50.2,37.9,278,96,416,P1,False,B,3,,0,221,
North 24 Parganas,113,N24P-113,68,Temple Hall 68,242,249,0,491,50.71,19,3.9,237,100,6,417,P1,137,56.8,24.0,192,141,392,P1,False,B,3,,0,207,
North 24 Parganas,113,N24P-113,69,High School 69,268,259,0,527,49.15,16,3.0,255,132,3,440,P1,123,58.0,30.0,265,128,436,P1,False,B,3,,0,222,
North 24 Parganas,113,N24P-113,70,Panchayat Bhavan 70,281,253,1,535,47.29,28,5.2,273,115,4,431,P1,158,63.3,26.7,282,110,446,P1,False,B,3,,0,225,
North 24 Parganas,113,N24P-113,71,Community Hall 71,398,365,1,764,47.77,33,4.3,330,215,4,606,P1,115,54.5,35.5,346,153,625,P1,False,B,3,,0,322,
North 24 Parganas,113,N24P-113,72,Community Hall 72,312,287,1,600,47.83,27,4.5,300,140,9,523,P1,160,57.4,26.8,256,136,463,P1,False,B,3,,0,253,
North 24 Parganas,113,N24P-113,73,High School 73,383,387,1,771,50.19,37,4.8,299,220,13,636,P1,79,47.0,34.6,369,159,587,P1,False,B,3,,0,324,
North 24 Parganas,113,N24P-113,74,Market Building 74,376,367,0,743,49.39,25,3.4,331,192,3,581,P1,139,57.0,33.0,303,234,614,P1,False,B,3,,0,313,
North 24 Parganas,113,N24P-113,75,Madrasa 75,395,380,1,776,48.97,26,3.4,324,239,6,626,P1,85,51.8,38.2,425,143,631,P1,False,B,3,,0,327,
North 24 Parganas,113,N24P-113,76,Madrasa 76,253,260,0,513,50.68,25,4.9,263,126,5,442,P1,137,59.5,28.5,232,155,439,P1,False,B,3,,0,216,
North 24 Parganas,113,N24P-113,77,Anganwadi Centre 77,309,315,1,625,50.4,26,4.2,296,143,5,488,P1,153,60.7,29.3,305,120,481,P1,False,B,3,,0,263,
North 24 Parganas,113,N24P-113,78,Market Building 78,379,386,0,765,50.46,31,4.1,339,228,6,636,P1,111,53.3,35.8,328,213,601,P1,False,B,3,,0,322,
North 24 Parganas,113,N24P-113,79,Health Sub-Centre 79,304,284,1,589,48.22,21,3.6,334,123,4,507,P1,211,65.9,24.3,258,149,471,P1,False,A,1,,0,248,
North 24 Parganas,113,N24P-113,80,Anganwadi Centre 80,407,376,1,784,47.96,27,3.4,443,169,4,679,P1,274,65.2,24.9,287,227,665,P1,False,A,1,,0,330,
North 24 Parganas,113,N24P-113,81,Anganwadi Centre 81,326,293,0,619,47.33,22,3.6,316,135,5,502,P1,181,62.9,26.9,287,128,523,P1,False,B,3,,0,260,
North 24 Parganas,113,N24P-113,82,Club Building 82,271,244,0,515,47.38,21,4.1,268,119,3,429,P1,149,62.5,27.7,229,116,391,P1,False,B,3,,0,217,
North 24 Parganas,113,N24P-113,83,Anganwadi Centre 83,403,377,0,780,48.33,38,4.9,285,288,6,637,P2,3,44.7,45.2,398,142,600,P1,True,B,3,,0,328,
North 24 Parganas,113,N24P-113,84,Panchayat Bhavan 84,379,375,0,754,49.73,37,4.9,312,182,7,576,P1,130,54.2,31.6,419,164,648,P1,False,B,3,,0,317,
North 24 Parganas,113,N24P-113,85,Club Building 85,269,254,0,523,48.57,22,4.2,291,76,4,408,P1,215,71.3,18.6,261,131,436,P1,False,A,1,,0,220,
North 24 Parganas,113,N24P-113,86,Temple Hall 86,350,327,0,677,48.3,28,4.1,286,173,12,582,P1,113,49.1,29.7,373,144,575,P1,False,B,3,,0,285,
North 24 Parganas,113,N24P-113,87,Madrasa 87,258,246,0,504,48.81,26,5.2,241,136,2,418,P1,105,57.7,32.5,232,100,398,P1,False,B,3,,0,212,
North 24 Parganas,113,N24P-113,88,Market Building 88,383,385,0,768,50.13,38,4.9,298,176,8,629,P1,122,47.4,28.0,412,178,668,P1,False,B,3,,0,323,
North 24 Parganas,113,N24P-113,89,Primary School 89,363,337,0,700,48.14,35,5.0,423,116,7,598,P1,307,70.7,19.4,367,156,581,P1,False,A,1,,0,295,
North 24 Parganas,113,N24P-113,90,Anganwadi Centre 90,344,328,0,672,48.81,26,3.9,210,154,16,546,P1,49,38.5,28.2,244,148,525,P1,False,B,3,,0,283,
North 24 Parganas,113,N24P-113,91,Madrasa 91,272,260,1,533,48.78,23,4.3,216,119,6,419,P1,97,51.6,28.4,224,109,440,P1,False,B,3,,0,224,
North 24 Parganas,113,N24P-113,92,Anganwadi Centre 92,279,250,1,530,47.17,23,4.3,244,111,7,424,P1,133,57.5,26.2,242,140,436,P1,False,B,3,,0,223,
North 24 Parganas,113,N24P-113,93,Health Sub-Centre 93,280,283,0,563,50.27,27,4.8,249,150,5,444,P1,99,56.1,33.8,255,149,449,P1,False,B,3,,0,237,
North 24 Parganas,113,N24P-113,94,Community Hall 94,347,327,1,675,48.44,31,4.6,307,158,5,517,P1,149,59.4,30.6,259,113,577,P1,False,B,3,,0,284,
North 24 Parganas,113,N24P-113,95,Temple Hall 95,401,374,1,776,48.2,39,5.0,394,196,6,659,P1,198,59.8,29.7,426,144,633,P1,False,B,3,,0,327,
North 24 Parganas,113,N24P-113,96,High School 96,392,360,0,752,47.87,26,3.5,348,232,3,644,P1,116,54.0,36.0,372,154,585,P1,False,B,3,,0,316,
North 24 Parganas,113,N24P-113,97,Club Building 97,384,363,1,748,48.53,24,3.2,349,168,3,593,P1,181,58.9,28.3,361,222,648,P1,False,B,3,,0,315,
North 24 Parganas,113,N24P-113,98,Community Hall 98,337,313,0,650,48.15,26,4.0,304,153,4,521,P1,151,58.3,29.4,307,151,508,P1,False,B,3,,0,274,
North 24 Parganas,113,N24P-113,99,Govt Office 99,353,363,0,716,50.7,31,4.3,395,142,6,596,P1,253,66.3,23.8,350,150,611,P1,False,A,1,,0,301,
North 24 Parganas,113,N24P-113,100,Primary School 100,351,339,0,690,49.13,20,2.9,303,185,3,549,P1,118,55.2,33.7,311,174,557,P1,False,B,3,,0,290,
North 24 Parganas,113,N24P-113,101,Temple Hall 101,363,356,1,720,49.44,35,4.9,334,134,13,595,P1,200,56.1,22.5,321,160,583,P1,False,B,3,,0,303,
North 24 Parganas,113,N24P-113,102,Primary School 102,404,397,0,801,49.56,40,5.0,419,199,7,687,P1,220,61.0,29.0,357,223,644,P1,False,B,3,,0,337,
North 24 Parganas,113,N24P-113,103,Market Building 103,264,257,0,521,49.33,17,3.3,247,104,4,396,P1,143,62.4,26.3,234,130,431,P1,False,B,3,,0,219,
North 24 Parganas,113,N24P-113,104,Post Office 104,312,279,0,591,47.21,21,3.6,275,177,2,502,P1,98,54.8,35.3,243,128,457,P1,False,B,3,,0,249,
North 24 Parganas,113,N24P-113,105,Madrasa 105,364,332,0,696,47.7,25,3.6,256,182,14,586,P1,74,43.7,31.1,310,176,539,P1,False,B,3,,0,293,
North 24 Parganas,113,N24P-113,106,High School 106,322,329,0,651,50.54,34,5.2,338,145,4,537,P1,193,62.9,27.0,321,140,512,P1,False,B,3,,0,274,
North 24 Parganas,113,N24P-113,107,Govt Office 107,407,404,0,811,49.82,42,5.2,528,87,6,684,P1,441,77.2,12.7,356,109,638,P1,False,A,1,,0,341,
North 24 Parganas,113,N24P-113,108,Madrasa 108,360,345,0,705,48.94,35,5.0,342,153,5,550,P1,189,62.2,27.8,341,193,598,P1,False,B,3,,0,297,
North 24 Parganas,113,N24P-113,109,Health Sub-Centre 109,267,260,1,528,49.24,20,3.8,239,109,9,434,P1,130,55.1,25.1,221,117,444,P1,False,B,3,,0,222,
North 24 Parganas,113,N24P-113,110,Club Building 110,317,298,1,616,48.38,21,3.4,313,142,5,511,P1,171,61.3,27.8,258,184,491,P1,False,B,3,,0,259,
North 24 Parganas,113,N24P-113,111,Primary School 111,368,351,0,719,48.82,36,5.0,419,141,5,623,P1,278,67.3,22.6,366,172,598,P1,False,A,1,,0,303,
North 24 Parganas,113,N24P-113,112,Madrasa 112,303,307,0,610,50.33,17,2.8,310,108,3,465,P1,202,66.7,23.2,258,185,509,P1,False,A,1,,0,257,
North 24 Parganas,113,N24P-113,113,Madrasa 113,404,386,1,791,48.8,27,3.4,273,248,10,639,P1,25,42.7,38.8,359,198,659,P1,False,B,3,,0,333,
North 24 Parganas,113,N24P-113,114,Community Hall 114,384,349,1,734,47.55,25,3.4,289,232,7,601,P1,57,48.1,38.6,381,152,593,P1,False,B,3,,0,309,
North 24 Parganas,113,N24P-113,115,Post Office 115,313,318,1,632,50.32,29,4.6,342,150,6,547,P1,192,62.5,27.4,362,133,550,P1,False,B,3,,0,266,
North 24 Parganas,113,N24P-113,116,High School 116,387,382,1,770,49.61,40,5.2,411,158,3,632,P1,253,65.0,25.0,360,208,672,P1,False,B,3,,0,324,
North 24 Parganas,113,N24P-113,117,Anganwadi Centre 117,402,381,1,784,48.6,28,3.6,396,163,7,637,P1,233,62.2,25.6,359,224,648,P1,False,B,3,,0,330,
North 24 Parganas,113,N24P-113,118,Market Building 118,419,376,0,795,47.3,40,5.0,356,206,8,654,P1,150,54.4,31.5,402,139,602,P1,False,B,3,,0,335,
North 24 Parganas,113,N24P-113,119,Madrasa 119,324,291,0,615,47.32,30,4.9,292,141,4,481,P1,151,60.7,29.3,233,142,472,P1,False,B,3,,0,259,
North 24 Parganas,113,N24P-113,120,Community Hall 120,313,321,1,635,50.55,29,4.6,298,107,7,520,P1,191,57.3,20.6,346,149,551,P1,False,B,3,,0,267,
North 24 Parganas,113,N24P-113,121,Govt Office 121,395,376,1,772,48.7,36,4.7,332,212,7,613,P1,120,54.2,34.6,359,160,585,P1,False,B,3,,0,325,
North 24 Parganas,113,N24P-113,122,Health Sub-Centre 122,275,261,0,536,48.69,18,3.4,339,81,3,467,P1,258,72.6,17.3,242,123,406,P1,False,A,1,,0,226,
North 24 Parganas,113,N24P-113,123,Anganwadi Centre 123,406,388,0,794,48.87,39,4.9,399,194,5,658,P1,205,60.6,29.5,289,220,611,P1,False,B,3,,0,334,
North 24 Parganas,113,N24P-113,124,Club Building 124,257,246,1,504,48.81,20,4.0,231,149,2,422,P1,82,54.7,35.3,209,107,407,P1,False,B,3,,0,212,
North 24 Parganas,113,N24P-113,125,Community Hall 125,350,335,0,685,48.91,29,4.2,327,144,3,551,P1,183,59.3,26.1,272,216,554,P1,False,B,3,,0,288,
North 24 Parganas,113,N24P-113,126,Panchayat Bhavan 126,418,391,0,809,48.33,33,4.1,407,187,6,660,P1,220,61.7,28.3,415,168,648,P1,False,B,3,,0,340,
North 24 Parganas,113,N24P-113,127,Post Office 127,264,268,1,533,50.28,19,3.6,225,130,3,405,P1,95,55.6,32.1,234,146,423,P1,False,B,3,,0,224,
North 24 Parganas,113,N24P-113,128,Club Building 128,396,385,0,781,49.3,25,3.2,427,154,3,645,P1,273,66.2,23.9,421,147,631,P1,False,A,1,,0,329,
North 24 Parganas,113,N24P-113,129,High School 129,328,329,0,657,50.08,20,3.0,295,174,4,535,P1,121,55.1,32.5,296,177,535,P1,False,B,3,,0,276,
North 24 Parganas,113,N24P-113,130,Post Office 130,283,264,0,547,48.26,18,3.3,263,117,4,422,P1,146,62.3,27.7,276,98,416,P1,False,B,3,,0,230,
North 24 Parganas,113,N24P-113,131,Panchayat Bhavan 131,357,346,1,704,49.15,23,3.3,279,108,16,540,P1,148,51.7,20.0,322,171,548,P1,False,B,3,,0,296,
North 24 Parganas,113,N24P-113,132,Temple Hall 132,340,306,1,647,47.3,29,4.5,366,78,5,493,P1,288,74.2,15.8,258,141,513,P1,False,A,1,,0,272,
North 24 Parganas,113,N24P-113,133,Anganwadi Centre 133,390,351,0,741,47.37,25,3.4,326,164,4,569,P1,162,57.3,28.8,397,181,643,P1,False,B,3,,0,312,
North 24 Parganas,113,N24P-113,134,High School 134,270,280,1,551,50.82,22,4.0,246,126,7,477,P1,120,51.6,26.4,275,157,481,P1,False,B,3,,0,232,
North 24 Parganas,113,N24P-113,135,Anganwadi Centre 135,356,338,0,694,48.7,33,4.8,432,104,3,596,P1,328,72.5,17.4,275,170,587,P1,False,A,1,,0,292,
North 24 Parganas,113,N24P-113,136,Club Building 136,421,389,0,810,48.02,28,3.5,405,173,5,643,P1,232,63.0,26.9,432,179,697,P1,False,B,3,,0,341,
North 24 Parganas,113,N24P-113,137,Govt Office 137,251,228,1,480,47.5,24,5.0,265,76,3,379,P1,189,69.9,20.1,204,109,396,P1,False,A,1,,0,202,
North 24 Parganas,113,N24P-113,138,Panchayat Bhavan 138,357,336,0,693,48.48,24,3.5,339,134,2,525,P1,205,64.6,25.5,453,66,577,P1,False,B,3,,0,292,
North 24 Parganas,113,N24P-113,139,High School 139,271,273,1,545,50.09,21,3.9,274,140,5,460,P1,134,59.6,30.4,256,144,449,P1,False,B,3,,0,229,
North 24 Parganas,113,N24P-113,140,Govt Office 140,297,279,1,577,48.35,18,3.1,285,113,4,442,P1,172,64.5,25.6,263,135,503,P1,False,B,3,,0,243,
North 24 Parganas,113,N24P-113,141,High School 141,352,359,0,711,50.49,34,4.8,307,159,11,567,P1,148,54.1,28.0,308,175,584,P1,False,B,3,,0,299,
North 24 Parganas,113,N24P-113,142,Market Building 142,399,363,0,762,47.64,23,3.0,354,149,11,603,P1,205,58.7,24.7,382,191,636,P1,False,B,3,,0,321,
North 24 Parganas,113,N24P-113,143,Primary School 143,276,271,0,547,49.54,28,5.1,203,119,8,474,P1,64,42.8,25.1,228,175,451,P1,False,B,3,,0,230,
North 24 Parganas,113,N24P-113,144,Primary School 144,292,273,0,565,48.32,26,4.6,244,122,10,446,P1,122,54.7,27.4,294,98,436,P1,False,B,3,,0,238,
North 24 Parganas,113,N24P-113,145,Post Office 145,308,312,1,621,50.24,29,4.7,312,122,4,483,P1,190,64.6,25.3,313,164,530,P1,False,B,3,,0,261,
North 24 Parganas,113,N24P-113,146,High School 146,335,302,1,638,47.34,25,3.9,328,107,6,556,P1,218,59.0,19.2,320,146,518,P1,False,B,3,,0,268,
North 24 Parganas,113,N24P-113,147,Panchayat Bhavan 147,374,383,1,758,50.53,27,3.6,346,233,2,643,P1,113,53.8,36.2,294,202,661,P1,False,B,3,,0,319,
North 24 Parganas,113,N24P-113,148,Madrasa 148,314,285,0,599,47.58,25,4.2,250,191,4,490,P1,59,51.0,39.0,230,122,453,P1,False,B,3,,0,252,
North 24 Parganas,113,N24P-113,149,Madrasa 149,355,331,0,686,48.25,29,4.2,313,196,3,595,P1,117,52.6,32.9,313,152,532,P1,False,B,3,,0,289,
North 24 Parganas,113,N24P-113,150,Madrasa 150,360,331,1,692,47.83,20,2.9,397,106,4,559,P1,291,71.0,19.0,344,154,591,P1,False,A,1,,0,291,
North 24 Parganas,113,N24P-113,151,Health Sub-Centre 151,290,287,1,578,49.65,19,3.3,260,102,3,438,P1,158,59.4,23.3,280,131,456,P1,False,B,3,,0,243,
North 24 Parganas,113,N24P-113,152,Anganwadi Centre 152,311,289,1,601,48.09,25,4.2,325,134,6,510,P1,191,63.7,26.3,260,203,516,P1,False,B,3,,0,253,
North 24 Parganas,113,N24P-113,153,Temple Hall 153,292,265,0,557,47.58,16,2.9,275,94,6,431,P1,181,63.8,21.8,299,104,452,P1,False,B,3,,0,234,
North 24 Parganas,113,N24P-113,154,Health Sub-Centre 154,399,380,1,780,48.72,29,3.7,389,192,7,646,P1,197,60.2,29.7,393,172,636,P1,False,B,3,,0,328,
North 24 Parganas,113,N24P-113,155,Club Building 155,359,359,1,719,49.93,35,4.9,321,223,4,609,P1,98,52.7,36.6,361,197,620,P1,False,B,3,,0,303,
North 24 Parganas,113,N24P-113,156,Temple Hall 156,292,287,0,579,49.57,18,3.1,298,144,5,491,P1,154,60.7,29.3,240,145,440,P1,False,B,3,,0,244,
North 24 Parganas,113,N24P-113,157,Govt Office 157,262,242,0,504,48.02,18,3.6,256,115,4,412,P1,141,62.1,27.9,247,104,426,P1,False,B,3,,0,212,
North 24 Parganas,113,N24P-113,158,Post Office 158,271,258,0,529,48.77,25,4.7,249,140,2,433,P1,109,57.5,32.3,256,111,408,P1,False,B,3,,0,223,
North 24 Parganas,113,N24P-113,159,High School 159,252,229,0,481,47.61,22,4.6,245,93,1,376,P1,152,65.2,24.7,217,135,418,P1,False,A,1,,0,202,
North 24 Parganas,113,N24P-113,160,Market Building 160,335,315,1,651,48.39,20,3.1,290,171,4,539,P1,119,53.8,31.7,305,157,514,P1,False,B,3,,0,274,
North 24 Parganas,113,N24P-113,161,High School 161,259,264,1,524,50.38,22,4.2,254,129,5,426,P1,125,59.6,30.3,221,109,444,P1,False,B,3,,0,221,
North 24 Parganas,113,N24P-113,162,Temple Hall 162,299,272,0,571,47.64,28,4.9,208,120,4,438,P1,88,47.5,27.4,305,97,446,P1,False,B,3,,0,240,
North 24 Parganas,113,N24P-113,163,Post Office 163,300,279,0,579,48.19,18,3.1,366,81,6,497,P1,285,73.6,16.3,304,110,459,P1,False,A,1,,0,244,
North 24 Parganas,113,N24P-113,164,Community Hall 164,388,385,1,774,49.74,30,3.9,370,190,3,622,P1,180,59.5,30.5,386,123,609,P1,False,B,3,,0,326,
North 24 Parganas,113,N24P-113,165,Club Building 165,330,324,1,655,49.47,28,4.3,294,166,12,562,P1,128,52.3,29.5,341,167,564,P1,False,B,3,,0,276,
North 24 Parganas,113,N24P-113,166,Govt Office 166,334,343,1,678,50.59,32,4.7,347,127,2,527,P1,220,65.8,24.1,298,169,542,P1,False,A,1,,0,285,
North 24 Parganas,113,N24P-113,167,High School 167,341,314,1,656,47.87,23,3.5,317,153,9,549,P1,164,57.7,27.9,359,138,552,P1,False,B,3,,0,276,
North 24 Parganas,113,N24P-113,168,Primary School 168,272,260,0,532,48.87,22,4.1,231,135,5,417,P1,96,55.4,32.4,241,132,416,P1,False,B,3,,0,224,
North 24 Parganas,113,N24P-113,169,Temple Hall 169,307,288,1,596,48.32,21,3.5,285,132,2,463,P1,153,61.6,28.5,310,150,511,P1,False,B,3,,0,251,
North 24 Parganas,113,N24P-113,170,Market Building 170,365,360,0,725,49.66,29,4.0,344,179,3,581,P1,165,59.2,30.8,353,165,575,P1,False,B,3,,0,305,
North 24 Parganas,113,N24P-113,171,Anganwadi Centre 171,364,342,1,707,48.37,28,4.0,321,197,5,575,P1,124,55.8,34.3,398,151,610,P1,False,B,3,,0,298,
North 24 Parganas,113,N24P-113,172,Primary School 172,296,272,0,568,47.89,24,4.2,209,158,7,439,P1,51,47.6,36.0,279,132,486,P1,False,B,3,,0,239,
North 24 Parganas,113,N24P-113,173,Govt Office 173,285,261,0,546,47.8,20,3.7,303,110,3,459,P1,193,66.0,24.0,240,138,453,P1,False,A,1,,0,230,
North 24 Parganas,113,N24P-113,174,High School 174,294,303,1,598,50.67,19,3.2,223,121,9,464,P1,102,48.1,26.1,262,172,517,P1,False,B,3,,0,252,
North 24 Parganas,113,N24P-113,175,Panchayat Bhavan 175,337,348,1,686,50.73,22,3.2,307,221,7,586,P1,86,52.4,37.7,285,182,542,P1,False,B,3,,0,289,
North 24 Parganas,113,N24P-113,176,Temple Hall 176,298,293,0,591,49.58,22,3.7,277,153,2,482,P1,124,57.5,31.7,260,158,510,P1,False,B,3,,0,249,
North 24 Parganas,113,N24P-113,177,Market Building 177,327,334,1,662,50.45,20,3.0,286,165,5,534,P1,121,53.6,30.9,369,107,529,P1,False,B,3,,0,279,
North 24 Parganas,113,N24P-113,178,High School 178,278,283,0,561,50.45,27,4.8,184,94,5,430,P1,42,42.8,21.9,274,114,479,P1,False,B,3,,0,236,
North 24 Parganas,113,N24P-113,179,Post Office 179,336,306,0,642,47.66,26,4.0,339,147,5,540,P1,192,62.8,27.2,305,189,549,P1,False,B,3,,0,270,
North 24 Parganas,113,N24P-113,180,Temple Hall 180,241,243,0,484,50.21,21,4.3,226,103,3,366,P1,123,61.7,28.1,265,96,402,P1,False,B,3,,0,204,
North 24 Parganas,113,N24P-113,181,Club Building 181,260,247,1,508,48.62,20,3.9,231,87,6,398,P1,144,58.0,21.9,221,154,421,P1,False,B,3,,0,214,
North 24 Parganas,113,N24P-113,182,Market Building 182,416,386,0,802,48.13,31,3.9,444,109,3,615,P1,335,72.2,17.7,324,205,660,P1,False,A,1,,0,338,
North 24 Parganas,113,N24P-113,183,Post Office 183,270,269,0,539,49.91,19,3.5,314,90,2,449,P1,224,69.9,20.0,291,82,414,P1,False,A,1,,0,227,
North 24 Parganas,113,N24P-113,184,Primary School 184,318,287,0,605,47.44,27,4.5,316,103,6,478,P1,213,66.1,21.5,346,84,477,P1,False,A,1,,0,255,
North 24 Parganas,113,N24P-113,185,Market Building 185,394,399,0,793,50.32,33,4.2,309,247,8,629,P1,62,49.1,39.3,439,163,678,P1,False,B,3,,0,334,
North 24 Parganas,113,N24P-113,186,Madrasa 186,316,298,0,614,48.53,22,3.6,278,146,3,471,P1,132,59.0,31.0,343,125,522,P1,False,B,3,,0,258,
North 24 Parganas,113,N24P-113,187,Community Hall 187,290,285,0,575,49.57,17,3.0,223,126,11,449,P1,97,49.7,28.1,207,117,438,P1,False,B,3,,0,242,
North 24 Parganas,113,N24P-113,188,Club Building 188,401,377,1,779,48.4,37,4.7,369,170,5,651,P1,199,56.7,26.1,303,207,622,P1,False,B,3,,0,328,
North 24 Parganas,113,N24P-113,189,High School 189,375,377,1,753,50.07,26,3.5,314,172,11,592,P1,142,53.0,29.1,381,170,643,P1,False,B,3,,0,317,
North 24 Parganas,113,N24P-113,190,Panchayat Bhavan 190,254,235,1,490,47.96,16,3.3,221,111,5,372,P1,110,59.4,29.8,299,82,424,P1,False,B,3,,0,206,
North 24 Parganas,114,N24P-114,1,Temple Hall 1,418,385,1,804,47.89,51,6.3,384,192,7,647,P1,192,59.4,29.7,399,216,683,P1,False,B,3,,0,338,
North 24 Parganas,114,N24P-114,2,Temple Hall 2,390,361,0,751,48.07,57,7.6,347,145,7,578,P1,202,60.0,25.1,429,143,635,P1,False,B,3,,0,316,
North 24 Parganas,114,N24P-114,3,Panchayat Bhavan 3,414,372,1,787,47.27,48,6.1,402,139,4,601,P1,263,66.9,23.1,357,198,670,P1,False,A,1,,0,331,
North 24 Parganas,114,N24P-114,4,Post Office 4,296,276,0,572,48.25,42,7.3,237,152,3,464,P1,85,51.1,32.8,342,48,433,P1,False,B,3,,0,241,
North 24 Parganas,114,N24P-114,5,Madrasa 5,348,340,1,689,49.35,32,4.6,387,86,2,526,P1,301,73.6,16.3,302,186,543,P1,False,A,1,,0,290,
North 24 Parganas,114,N24P-114,6,Madrasa 6,365,350,1,716,48.88,56,7.8,323,185,7,592,P1,138,54.6,31.2,235,242,596,P2,True,B,3,,0,301,
North 24 Parganas,114,N24P-114,7,Anganwadi Centre 7,331,307,1,639,48.04,42,6.6,305,126,9,526,P1,179,58.0,24.0,361,122,537,P1,False,B,3,,0,269,
North 24 Parganas,114,N24P-114,8,Community Hall 8,287,277,0,564,49.11,27,4.8,265,148,2,459,P1,117,57.7,32.2,221,154,445,P1,False,B,3,,0,237,
North 24 Parganas,114,N24P-114,9,Govt Office 9,362,334,0,696,47.99,32,4.6,249,169,7,536,P1,80,46.5,31.5,295,179,527,P1,False,B,3,,0,293,
North 24 Parganas,114,N24P-114,10,Market Building 10,407,407,1,815,49.94,47,5.8,401,179,8,685,P1,222,58.5,26.1,342,283,694,P1,False,B,3,,0,343,
North 24 Parganas,114,N24P-114,11,Anganwadi Centre 11,311,289,1,601,48.09,29,4.8,298,144,5,491,P1,154,60.7,29.3,287,162,499,P1,False,B,3,,0,253,
North 24 Parganas,114,N24P-114,12,Primary School 12,252,260,1,513,50.68,39,7.6,249,104,2,392,P1,145,63.5,26.5,244,121,406,P1,False,B,3,,0,216,
North 24 Parganas,114,N24P-114,13,Health Sub-Centre 13,383,356,1,740,48.11,44,5.9,373,185,10,641,P1,188,58.2,28.9,313,207,577,P1,False,B,3,,0,311,
North 24 Parganas,114,N24P-114,14,Govt Office 14,275,266,0,541,49.17,33,6.1,314,105,2,465,P1,209,67.5,22.6,258,127,428,P1,False,A,1,,0,228,
North 24 Parganas,114,N24P-114,15,Market Building 15,296,292,1,589,49.58,43,7.3,273,180,5,504,P1,93,54.2,35.7,202,126,478,P1,False,B,3,,0,248,
North 24 Parganas,114,N24P-114,16,Community Hall 16,311,306,1,618,49.51,33,5.3,305,172,3,530,P1,133,57.5,32.5,262,196,512,P1,False,B,3,,0,260,
North 24 Parganas,114,N24P-114,17,Health Sub-Centre 17,355,356,1,712,50.0,33,4.6,351,183,6,593,P1,168,59.2,30.9,282,181,567,P1,False,B,3,,0,300,
North 24 Parganas,114,N24P-114,18,Anganwadi Centre 18,322,312,1,635,49.13,45,7.1,255,178,9,549,P1,77,46.4,32.4,293,174,538,P1,False,B,3,,0,267,
North 24 Parganas,114,N24P-114,19,High School 19,329,308,1,638,48.28,37,5.8,359,119,4,532,P1,240,67.5,22.4,360,124,537,P1,False,A,1,,0,268,
North 24 Parganas,114,N24P-114,20,Post Office 20,319,294,1,614,47.88,36,5.9,331,142,4,526,P1,189,62.9,27.0,319,142,536,P1,False,B,3,,0,258,
North 24 Parganas,114,N24P-114,21,Community Hall 21,279,272,0,551,49.36,24,4.4,202,124,5,420,P1,78,48.1,29.5,264,123,429,P1,False,B,3,,0,232,
North 24 Parganas,114,N24P-114,22,Post Office 22,281,266,0,547,48.63,33,6.0,231,168,2,454,P1,63,50.9,37.0,271,118,432,P1,False,B,3,,0,230,
North 24 Parganas,114,N24P-114,23,Community Hall 23,266,246,0,512,48.05,24,4.7,238,133,2,413,P1,105,57.6,32.2,249,124,431,P1,False,B,3,,0,215,
North 24 Parganas,114,N24P-114,24,Post Office 24,297,302,0,599,50.42,39,6.5,228,125,10,487,P1,103,46.8,25.7,254,156,501,P1,False,B,3,,0,252,
North 24 Parganas,114,N24P-114,25,High School 25,342,343,1,686,50.0,53,7.7,367,131,2,554,P1,236,66.2,23.6,307,147,527,P1,False,A,1,,0,289,
North 24 Parganas,114,N24P-114,26,Madrasa 26,284,262,1,547,47.9,35,6.4,263,120,3,426,P1,143,61.7,28.2,265,104,473,P1,False,B,3,,0,230,
North 24 Parganas,114,N24P-114,27,Madrasa 27,317,298,0,615,48.46,26,4.2,252,145,5,485,P1,107,52.0,29.9,271,112,490,P1,False,B,3,,0,259,
North 24 Parganas,114,N24P-114,28,Post Office 28,386,386,0,772,50.0,52,6.7,380,149,2,588,P1,231,64.6,25.3,352,179,674,P1,False,B,3,,0,325,
North 24 Parganas,114,N24P-114,29,Club Building 29,283,285,0,568,50.18,38,6.7,266,142,5,454,P1,124,58.6,31.3,279,144,470,P1,False,B,3,,0,239,
North 24 Parganas,114,N24P-114,30,Primary School 30,368,351,0,719,48.82,53,7.4,337,178,5,573,P1,159,58.8,31.1,327,162,572,P1,False,B,3,,0,303,
North 24 Parganas,114,N24P-114,31,Health Sub-Centre 31,392,404,1,797,50.69,47,5.9,367,194,3,655,P1,173,56.0,29.6,343,199,603,P1,False,B,3,,0,335,
North 24 Parganas,114,N24P-114,32,Community Hall 32,256,237,0,493,48.07,31,6.3,259,112,4,412,P1,147,62.9,27.2,244,126,411,P1,False,B,3,,0,207,
North 24 Parganas,114,N24P-114,33,Primary School 33,347,337,0,684,49.27,43,6.3,358,158,2,573,P1,200,62.5,27.6,353,158,568,P1,False,B,3,,0,288,
North 24 Parganas,114,N24P-114,34,Anganwadi Centre 34,374,351,0,725,48.41,46,6.3,384,178,3,624,P1,206,61.5,28.5,322,153,579,P1,False,B,3,,0,305,
North 24 Parganas,114,N24P-114,35,Market Building 35,269,270,0,539,50.09,24,4.5,257,141,2,442,P1,116,58.1,31.9,233,136,410,P1,False,B,3,,0,227,
North 24 Parganas,114,N24P-114,36,Health Sub-Centre 36,409,398,0,807,49.32,50,6.2,380,179,3,621,P1,201,61.2,28.8,431,129,622,P1,False,B,3,,0,340,
North 24 Parganas,114,N24P-114,37,Health Sub-Centre 37,285,275,0,560,49.11,32,5.7,278,133,4,465,P1,145,59.8,28.6,271,137,466,P1,False,B,3,,0,236,
North 24 Parganas,114,N24P-114,38,Primary School 38,290,296,1,587,50.43,39,6.6,289,122,2,456,P1,167,63.4,26.8,267,124,470,P1,False,B,3,,0,247,
North 24 Parganas,114,N24P-114,39,Health Sub-Centre 39,366,339,1,706,48.02,40,5.7,292,205,7,591,P1,87,49.4,34.7,353,201,615,P1,False,B,3,,0,297,
North 24 Parganas,114,N24P-114,40,Primary School 40,397,408,1,806,50.62,44,5.5,364,220,9,661,P1,144,55.1,33.3,375,179,626,P1,False,B,3,,0,339,
North 24 Parganas,114,N24P-114,41,Madrasa 41,350,315,0,665,47.37,38,5.7,294,180,5,543,P1,114,54.1,33.1,251,163,528,P1,False,B,3,,0,280,
North 24 Parganas,114,N24P-114,42,Club Building 42,265,262,1,528,49.62,25,4.7,266,139,3,450,P1,127,59.1,30.9,227,130,416,P1,False,B,3,,0,222,
North 24 Parganas,114,N24P-114,43,Club Building 43,279,268,1,548,48.91,33,6.0,234,116,8,434,P1,118,53.9,26.7,247,129,418,P1,False,B,3,,0,231,
North 24 Parganas,114,N24P-114,44,Post Office 44,413,391,0,804,48.63,48,6.0,348,185,5,687,P1,163,50.7,26.9,395,196,657,P1,False,B,3,,0,338,
North 24 Parganas,114,N24P-114,45,Temple Hall 45,336,344,1,681,50.51,29,4.3,349,138,3,541,P1,211,64.5,25.5,378,140,575,P1,False,B,3,,0,287,
North 24 Parganas,114,N24P-114,46,Community Hall 46,295,275,0,570,48.25,31,5.4,271,154,7,496,P1,117,54.6,31.0,229,149,441,P1,False,B,3,,0,240,
North 24 Parganas,114,N24P-114,47,Madrasa 47,305,311,1,617,50.41,43,7.0,278,146,8,520,P1,132,53.5,28.1,312,118,478,P1,False,B,3,,0,260,
North 24 Parganas,114,N24P-114,48,Anganwadi Centre 48,261,260,1,522,49.81,24,4.6,226,129,9,442,P1,97,51.1,29.2,293,103,440,P1,False,B,3,,0,220,
North 24 Parganas,114,N24P-114,49,Market Building 49,403,385,0,788,48.86,34,4.3,385,161,6,627,P1,224,61.4,25.7,323,233,618,P1,False,B,3,,0,332,
North 24 Parganas,114,N24P-114,50,Club Building 50,260,236,1,497,47.48,29,5.8,235,117,3,404,P1,118,58.2,29.0,283,105,431,P1,False,B,3,,0,209,
North 24 Parganas,114,N24P-114,51,Madrasa 51,304,283,1,588,48.13,27,4.6,328,116,4,493,P1,212,66.5,23.5,274,115,507,P1,False,A,1,,0,247,
North 24 Parganas,114,N24P-114,52,High School 52,334,312,0,646,48.3,47,7.3,373,133,2,563,P1,240,66.3,23.6,366,106,524,P1,False,A,1,,0,272,
North 24 Parganas,114,N24P-114,53,High School 53,274,270,0,544,49.63,27,5.0,230,120,4,429,P1,110,53.6,28.0,276,101,419,P1,False,B,3,,0,229,
North 24 Parganas,114,N24P-114,54,Health Sub-Centre 54,391,403,1,795,50.69,42,5.3,390,207,6,688,P1,183,56.7,30.1,464,107,634,P1,False,B,3,,0,335,
North 24 Parganas,114,N24P-114,55,Primary School 55,276,255,0,531,48.02,32,6.0,233,119,11,457,P1,114,51.0,26.0,213,126,411,P1,False,B,3,,0,223,
North 24 Parganas,114,N24P-114,56,Primary School 56,329,334,0,663,50.38,46,6.9,278,140,5,502,P1,138,55.4,27.9,277,217,549,P1,False,B,3,,0,279,
North 24 Parganas,114,N24P-114,57,Primary School 57,387,376,0,763,49.28,54,7.1,388,199,8,653,P1,189,59.4,30.5,406,190,662,P1,False,B,3,,0,321,
North 24 Parganas,114,N24P-114,58,Govt Office 58,387,382,0,769,49.67,39,5.1,371,180,10,640,P1,191,58.0,28.1,425,155,645,P1,False,B,3,,0,324,
North 24 Parganas,114,N24P-114,59,High School 59,260,239,1,500,47.8,38,7.6,292,88,4,423,P1,204,69.0,20.8,237,152,432,P1,False,A,1,,0,210,
North 24 Parganas,114,N24P-114,60,Primary School 60,376,358,1,735,48.71,50,6.8,388,161,6,609,P1,227,63.7,26.4,286,159,576,P1,False,B,3,,0,309,
North 24 Parganas,114,N24P-114,61,Temple Hall 61,341,345,0,686,50.29,46,6.7,310,183,5,554,P1,127,56.0,33.0,338,153,576,P1,False,B,3,,0,289,
North 24 Parganas,114,N24P-114,62,Club Building 62,397,363,0,760,47.76,50,6.6,295,167,12,638,P1,128,46.2,26.2,282,174,632,P1,False,B,3,,0,320,
North 24 Parganas,114,N24P-114,63,Market Building 63,353,336,0,689,48.77,36,5.2,235,217,9,529,P1,18,44.4,41.0,316,163,587,P1,False,B,3,,0,290,
North 24 Parganas,114,N24P-114,64,Post Office 64,245,243,1,489,49.69,31,6.3,215,107,3,418,P1,108,51.4,25.6,263,87,388,P1,False,B,3,,0,206,
North 24 Parganas,114,N24P-114,65,Anganwadi Centre 65,305,287,1,593,48.4,29,4.9,216,126,10,453,P1,90,47.7,27.8,275,168,493,P1,False,B,3,,0,250,
North 24 Parganas,114,N24P-114,66,Market Building 66,418,398,1,817,48.71,54,6.6,507,102,4,677,P1,405,74.9,15.1,409,169,642,P1,False,A,1,,0,344,
North 24 Parganas,114,N24P-114,67,Temple Hall 67,405,381,0,786,48.47,49,6.2,361,234,7,661,P1,127,54.6,35.4,364,177,651,P1,False,B,3,,0,331,
North 24 Parganas,114,N24P-114,68,Madrasa 68,282,257,0,539,47.68,28,5.2,215,97,6,419,P1,118,51.3,23.2,297,126,470,P1,False,B,3,,0,227,
North 24 Parganas,114,N24P-114,69,High School 69,322,328,0,650,50.46,35,5.4,257,216,4,525,P1,41,49.0,41.1,267,146,493,P1,False,B,3,,0,274,
North 24 Parganas,114,N24P-114,70,Market Building 70,289,272,1,562,48.4,37,6.6,265,127,4,452,P1,138,58.6,28.1,335,93,476,P1,False,B,3,,0,237,
North 24 Parganas,114,N24P-114,71,Club Building 71,297,283,1,581,48.71,32,5.5,229,181,10,501,P1,48,45.7,36.1,253,145,452,P1,False,B,3,,0,245,
North 24 Parganas,114,N24P-114,72,Primary School 72,353,345,1,699,49.36,43,6.2,353,156,3,565,P1,197,62.5,27.6,340,139,542,P1,False,B,3,,0,294,
North 24 Parganas,114,N24P-114,73,Club Building 73,356,341,1,698,48.85,52,7.4,296,179,3,537,P1,117,55.1,33.3,385,129,571,P1,False,B,3,,0,294,
North 24 Parganas,114,N24P-114,74,Market Building 74,327,305,0,632,48.26,31,4.9,258,140,3,483,P1,118,53.4,29.0,289,135,498,P1,False,B,3,,0,266,
North 24 Parganas,114,N24P-114,75,Govt Office 75,272,252,0,524,48.09,35,6.7,305,105,2,455,P1,200,67.0,23.1,302,103,450,P1,False,A,1,,0,221,
North 24 Parganas,114,N24P-114,76,Madrasa 76,283,257,1,541,47.5,32,5.9,318,60,3,420,P1,258,75.7,14.3,267,104,412,P1,False,A,1,,0,228,
North 24 Parganas,114,N24P-114,77,Madrasa 77,381,350,1,732,47.81,52,7.1,395,176,3,634,P1,219,62.3,27.8,350,191,601,P1,False,B,3,,0,308,
North 24 Parganas,114,N24P-114,78,High School 78,317,326,0,643,50.7,37,5.8,348,101,5,498,P1,247,69.9,20.3,279,146,550,P1,False,A,1,,0,271,
North 24 Parganas,114,N24P-114,79,Madrasa 79,340,342,1,683,50.07,42,6.1,334,178,3,568,P1,156,58.8,31.3,315,185,582,P1,False,B,3,,0,287,
North 24 Parganas,114,N24P-114,80,Anganwadi Centre 80,338,303,1,642,47.2,49,7.6,328,163,6,545,P1,165,60.2,29.9,382,108,545,P1,False,B,3,,0,270,
North 24 Parganas,114,N24P-114,81,Madrasa 81,312,313,0,625,50.08,39,6.2,275,135,4,488,P1,140,56.4,27.7,250,183,482,P1,False,B,3,,0,263,
North 24 Parganas,114,N24P-114,82,Primary School 82,371,375,1,747,50.2,34,4.6,398,152,2,612,P1,246,65.0,24.8,385,198,648,P1,False,B,3,,0,314,
North 24 Parganas,114,N24P-114,83,Anganwadi Centre 83,373,342,1,716,47.77,33,4.6,425,137,3,624,P1,288,68.1,22.0,345,189,593,P1,False,A,1,,0,301,
North 24 Parganas,114,N24P-114,84,Temple Hall 84,404,371,0,775,47.87,51,6.6,368,211,4,644,P1,157,57.1,32.8,374,191,627,P1,False,B,3,,0,326,
North 24 Parganas,114,N24P-114,85,Club Building 85,379,372,1,752,49.47,42,5.6,338,202,2,600,P1,136,56.3,33.7,448,105,614,P1,False,B,3,,0,316,
North 24 Parganas,114,N24P-114,86,High School 86,374,364,0,738,49.32,56,7.6,279,172,9,612,P1,107,45.6,28.1,382,109,624,P1,False,B,3,,0,311,
North 24 Parganas,114,N24P-114,87,Temple Hall 87,253,241,1,495,48.69,34,6.9,257,119,2,418,P1,138,61.5,28.5,217,128,383,P1,False,B,3,,0,208,
North 24 Parganas,114,N24P-114,88,Community Hall 88,290,281,1,572,49.13,38,6.6,260,163,3,470,P1,97,55.3,34.7,227,119,451,P1,False,B,3,,0,241,
North 24 Parganas,114,N24P-114,89,Market Building 89,306,274,0,580,47.24,32,5.5,279,48,4,459,P1,156,60.8,10.5,293,140,503,P1,False,B,3,,0,244,
North 24 Parganas,114,N24P-114,90,High School 90,294,293,1,588,49.83,42,7.1,298,160,5,509,P1,138,58.5,31.4,316,90,451,P1,False,B,3,,0,247,
North 24 Parganas,114,N24P-114,91,Club Building 91,303,307,0,610,50.33,37,6.1,269,152,5,471,P1,117,57.1,32.3,285,157,532,P1,False,B,3,,0,257,
North 24 Parganas,114,N24P-114,92,Post Office 92,302,297,0,599,49.58,41,6.8,260,101,9,455,P1,159,57.1,22.2,313,117,484,P1,False,B,3,,0,252,
North 24 Parganas,114,N24P-114,93,Temple Hall 93,420,385,1,806,47.77,46,5.7,405,151,6,618,P1,254,65.5,24.4,424,188,680,P1,False,A,1,,0,339,
North 24 Parganas,114,N24P-114,94,Market Building 94,273,278,0,551,50.45,40,7.3,269,164,2,481,P1,105,55.9,34.1,328,99,474,P1,False,B,3,,0,232,
North 24 Parganas,114,N24P-114,95,Govt Office 95,401,405,0,806,50.25,40,5.0,289,197,7,627,P1,92,46.1,31.4,329,183,658,P1,False,B,3,,0,339,
North 24 Parganas,114,N24P-114,96,Post Office 96,411,401,0,812,49.38,61,7.5,430,144,5,637,P1,286,67.5,22.6,440,166,674,P1,False,A,1,,0,342,
North 24 Parganas,114,N24P-114,97,Anganwadi Centre 97,390,381,0,771,49.42,33,4.3,420,147,7,631,P1,273,66.6,23.3,328,169,585,P1,False,A,1,,0,324,
North 24 Parganas,114,N24P-114,98,Primary School 98,361,345,0,706,48.87,51,7.2,346,206,5,613,P1,140,56.4,33.6,354,164,597,P1,False,B,3,,0,297,
North 24 Parganas,114,N24P-114,99,Madrasa 99,313,301,0,614,49.02,32,5.2,267,165,2,480,P1,102,55.6,34.4,313,138,502,P1,False,B,3,,0,258,
North 24 Parganas,114,N24P-114,100,Community Hall 100,413,371,1,785,47.26,37,4.7,439,172,4,678,P1,267,64.7,25.4,338,157,626,P1,False,B,3,,0,330,
North 24 Parganas,114,N24P-114,101,Health Sub-Centre 101,280,286,1,567,50.44,28,4.9,264,126,6,470,P1,138,56.2,26.8,303,134,491,P1,False,B,3,,0,239,
North 24 Parganas,114,N24P-114,102,Community Hall 102,361,347,0,708,49.01,35,4.9,344,150,4,549,P1,194,62.7,27.3,317,216,593,P1,False,B,3,,0,298,
North 24 Parganas,114,N24P-114,103,High School 103,266,266,1,533,49.91,41,7.7,295,96,4,434,P1,199,68.0,22.1,268,104,414,P1,False,A,1,,0,224,
North 24 Parganas,114,N24P-114,104,Post Office 104,323,289,1,613,47.15,48,7.8,290,171,5,512,P1,119,56.6,33.4,302,167,522,P1,False,B,3,,0,258,
North 24 Parganas,114,N24P-114,105,Madrasa 105,388,387,0,775,49.94,42,5.4,358,184,6,623,P1,174,57.5,29.5,421,96,643,P1,False,B,3,,0,326,
North 24 Parganas,114,N24P-114,106,Govt Office 106,347,338,0,685,49.34,40,5.8,281,149,10,522,P1,132,53.8,28.5,296,171,519,P1,False,B,3,,0,288,
North 24 Parganas,114,N24P-114,107,Post Office 107,410,372,0,782,47.57,46,5.9,374,158,7,647,P1,216,57.8,24.4,320,166,637,P1,False,B,3,,0,329,
North 24 Parganas,114,N24P-114,108,Market Building 108,402,401,0,803,49.94,44,5.5,416,184,6,666,P1,232,62.5,27.6,396,225,690,P1,False,B,3,,0,338,
North 24 Parganas,114,N24P-114,109,Market Building 109,262,249,1,512,48.63,26,5.1,231,129,3,400,P1,102,57.8,32.2,202,93,403,P1,False,B,3,,0,215,
North 24 Parganas,114,N24P-114,110,Club Building 110,251,235,1,487,48.25,33,6.8,243,128,5,412,P1,115,59.0,31.1,236,108,382,P1,False,B,3,,0,205,
North 24 Parganas,114,N24P-114,111,Post Office 111,311,288,1,600,48.0,29,4.8,296,144,4,489,P1,152,60.5,29.4,282,161,492,P1,False,B,3,,0,253,
North 24 Parganas,114,N24P-114,112,High School 112,408,399,1,808,49.38,52,6.4,451,122,4,636,P1,329,70.9,19.2,359,211,673,P1,False,A,1,,0,340,
North 24 Parganas,114,N24P-114,113,Health Sub-Centre 113,323,317,0,640,49.53,28,4.4,369,128,6,552,P1,241,66.8,23.2,374,113,541,P1,False,A,1,,0,269,
North 24 Parganas,114,N24P-114,114,Post Office 114,331,302,1,634,47.63,46,7.3,281,136,3,500,P1,145,56.2,27.2,341,125,530,P1,False,B,3,,0,267,
North 24 Parganas,114,N24P-114,115,Madrasa 115,368,344,1,713,48.25,42,5.9,356,173,5,588,P1,183,60.5,29.4,404,142,607,P1,False,B,3,,0,300,
North 24 Parganas,114,N24P-114,116,Club Building 116,300,302,1,603,50.08,25,4.1,311,108,2,466,P1,203,66.7,23.2,333,94,475,P1,False,A,1,,0,254,
North 24 Parganas,114,N24P-114,117,Health Sub-Centre 117,335,336,1,672,50.0,50,7.4,353,157,7,587,P1,196,60.1,26.7,319,161,545,P1,False,B,3,,0,283,
North 24 Parganas,114,N24P-114,118,Market Building 118,326,329,0,655,50.23,32,4.9,340,106,5,496,P1,234,68.5,21.4,279,223,570,P1,False,A,1,,0,276,
North 24 Parganas,114,N24P-114,119,Panchayat Bhavan 119,369,336,1,706,47.59,32,4.5,296,216,5,605,P1,80,48.9,35.7,342,115,590,P1,False,B,3,,0,297,
North 24 Parganas,114,N24P-114,120,High School 120,359,324,0,683,47.44,48,7.0,337,150,6,541,P1,187,62.3,27.7,268,118,535,P1,False,B,3,,0,287,
North 24 Parganas,114,N24P-114,121,Anganwadi Centre 121,342,344,1,687,50.07,42,6.1,303,201,2,560,P1,102,54.1,35.9,359,166,583,P1,False,B,3,,0,289,
North 24 Parganas,114,N24P-114,122,Community Hall 122,330,340,0,670,50.75,48,7.2,310,166,3,528,P1,144,58.7,31.4,361,139,555,P1,False,B,3,,0,282,
North 24 Parganas,114,N24P-114,123,Club Building 123,256,260,0,516,50.39,34,6.6,214,157,5,439,P1,57,48.7,35.8,223,132,394,P1,False,B,3,,0,217,
North 24 Parganas,114,N24P-114,124,Health Sub-Centre 124,380,366,1,747,49.0,56,7.5,311,213,7,592,P1,98,52.5,36.0,301,124,644,P1,False,B,3,,0,314,
North 24 Parganas,114,N24P-114,125,Community Hall 125,291,272,0,563,48.31,38,6.7,291,132,2,470,P1,159,61.9,28.1,248,77,426,P1,False,B,3,,0,237,
North 24 Parganas,114,N24P-114,126,Primary School 126,305,279,0,584,47.77,41,7.0,334,101,3,484,P1,233,69.0,20.9,281,158,508,P1,False,A,1,,0,246,
North 24 Parganas,114,N24P-114,127,Govt Office 127,270,272,0,542,50.18,32,5.9,307,115,3,468,P1,192,65.6,24.6,276,143,466,P1,False,A,1,,0,228,
North 24 Parganas,114,N24P-114,128,Temple Hall 128,404,412,0,816,50.49,58,7.1,417,155,6,654,P1,262,63.8,23.7,400,170,634,P1,False,B,3,,0,343,
North 24 Parganas,114,N24P-114,129,Community Hall 129,270,270,0,540,50.0,30,5.6,309,96,3,451,P1,213,68.5,21.3,230,131,453,P1,False,A,1,,0,227,
North 24 Parganas,114,N24P-114,130,Temple Hall 130,273,246,0,519,47.4,37,7.1,242,165,5,452,P1,77,53.5,36.5,250,112,438,P1,False,B,3,,0,218,
North 24 Parganas,114,N24P-114,131,Market Building 131,287,259,0,546,47.44,28,5.1,328,89,5,463,P1,239,70.8,19.2,231,177,454,P1,False,A,1,,0,230,
North 24 Parganas,114,N24P-114,132,Community Hall 132,354,357,1,712,50.14,41,5.8,382,173,3,617,P1,209,61.9,28.0,303,215,591,P1,False,B,3,,0,300,
North 24 Parganas,114,N24P-114,133,Market Building 133,401,364,1,766,47.52,39,5.1,389,162,4,635,P1,227,61.3,25.5,308,207,610,P1,False,B,3,,0,322,
North 24 Parganas,114,N24P-114,134,Anganwadi Centre 134,367,356,0,723,49.24,37,5.1,334,211,4,606,P1,123,55.1,34.8,389,131,582,P1,False,B,3,,0,304,
North 24 Parganas,114,N24P-114,135,Health Sub-Centre 135,308,312,0,620,50.32,33,5.3,293,153,3,495,P1,140,59.2,30.9,315,131,511,P1,False,B,3,,0,261,
North 24 Parganas,114,N24P-114,136,Govt Office 136,265,243,0,508,47.83,24,4.7,253,136,3,432,P1,117,58.6,31.5,231,126,397,P1,False,B,3,,0,214,
North 24 Parganas,114,N24P-114,137,Community Hall 137,316,295,0,611,48.28,41,6.7,285,184,5,528,P1,101,54.0,34.8,300,146,496,P1,False,B,3,,0,257,
North 24 Parganas,114,N24P-114,138,Temple Hall 138,363,361,0,724,49.86,55,7.6,376,175,5,612,P1,201,61.4,28.6,386,166,614,P1,False,B,3,,0,305,
North 24 Parganas,114,N24P-114,139,Post Office 139,387,348,0,735,47.35,51,6.9,351,204,5,617,P1,147,56.9,33.1,358,180,598,P1,False,B,3,,0,309,
North 24 Parganas,114,N24P-114,140,Post Office 140,375,368,1,744,49.46,38,5.1,302,218,3,582,P1,84,51.9,37.5,403,162,627,P1,False,B,3,,0,313,
North 24 Parganas,114,N24P-114,141,Temple Hall 141,309,307,1,617,49.76,44,7.1,259,164,4,490,P1,95,52.9,33.5,305,155,511,P1,False,B,3,,0,260,
North 24 Parganas,114,N24P-114,142,Govt Office 142,326,300,1,627,47.85,37,5.9,297,148,2,494,P1,149,60.1,30.0,339,142,535,P1,False,B,3,,0,264,
North 24 Parganas,114,N24P-114,143,Govt Office 143,321,317,0,638,49.69,40,6.3,297,152,2,498,P1,145,59.6,30.5,294,158,502,P1,False,B,3,,0,268,
North 24 Parganas,114,N24P-114,144,Market Building 144,342,335,0,677,49.48,43,6.4,384,127,6,567,P1,257,67.7,22.4,347,133,534,P1,False,A,1,,0,285,
North 24 Parganas,114,N24P-114,145,Club Building 145,319,323,1,643,50.23,27,4.2,262,174,7,502,P1,88,52.2,34.7,324,131,505,P1,False,B,3,,0,271,
North 24 Parganas,114,N24P-114,146,Primary School 146,352,335,0,687,48.76,45,6.6,376,145,4,579,P1,231,64.9,25.0,338,143,598,P1,False,B,3,,0,289,
North 24 Parganas,114,N24P-114,147,Anganwadi Centre 147,364,363,0,727,49.93,55,7.6,304,177,8,586,P1,127,51.9,30.2,393,152,605,P1,False,B,3,,0,306,
North 24 Parganas,114,N24P-114,148,Temple Hall 148,374,341,0,715,47.69,40,5.6,398,131,2,587,P1,267,67.8,22.3,315,190,562,P1,False,A,1,,0,301,
North 24 Parganas,114,N24P-114,149,Primary School 149,270,268,1,539,49.72,28,5.2,298,116,4,460,P1,182,64.8,25.2,217,142,427,P1,False,B,3,,0,227,
North 24 Parganas,114,N24P-114,150,Panchayat Bhavan 150,367,373,0,740,50.41,49,6.6,343,185,2,587,P1,158,58.4,31.5,347,209,623,P1,False,B,3,,0,311,
North 24 Parganas,114,N24P-114,151,Madrasa 151,317,316,1,634,49.84,39,6.2,372,96,4,520,P1,276,71.5,18.5,250,168,485,P1,False,A,1,,0,267,
North 24 Parganas,114,N24P-114,152,Primary School 152,302,295,1,598,49.33,33,5.5,247,184,6,479,P1,63,51.6,38.4,317,113,489,P1,False,B,3,,0,252,
North 24 Parganas,114,N24P-114,153,Temple Hall 153,397,364,0,761,47.83,51,6.7,401,189,7,656,P1,212,61.1,28.8,427,136,626,P1,False,B,3,,0,320,
North 24 Parganas,114,N24P-114,154,Club Building 154,286,295,1,582,50.69,37,6.4,318,123,5,490,P1,195,64.9,25.1,261,139,482,P1,False,B,3,,0,245,
North 24 Parganas,114,N24P-114,155,Health Sub-Centre 155,400,384,0,784,48.98,57,7.3,397,189,4,651,P1,208,61.0,29.0,369,219,653,P1,False,B,3,,0,330,
North 24 Parganas,114,N24P-114,156,Post Office 156,329,306,0,635,48.19,32,5.0,338,124,5,514,P1,214,65.8,24.1,258,147,497,P1,False,A,1,,0,267,
North 24 Parganas,114,N24P-114,157,Market Building 157,387,357,0,744,47.98,51,6.9,346,218,7,635,P1,128,54.5,34.3,355,135,568,P1,False,B,3,,0,313,
North 24 Parganas,114,N24P-114,158,Anganwadi Centre 158,341,331,1,673,49.18,52,7.7,316,173,6,543,P1,143,58.2,31.9,315,143,526,P1,False,B,3,,0,283,
North 24 Parganas,114,N24P-114,159,Post Office 159,330,300,1,631,47.54,35,5.5,313,157,7,539,P1,156,58.1,29.1,251,207,509,P1,False,B,3,,0,266,
North 24 Parganas,114,N24P-114,160,Post Office 160,412,373,1,786,47.46,51,6.5,329,162,6,595,P1,167,55.3,27.2,379,158,597,P1,False,B,3,,0,331,
North 24 Parganas,114,N24P-114,161,Post Office 161,340,307,0,647,47.45,30,4.6,323,153,3,529,P1,170,61.1,28.9,316,129,494,P1,False,B,3,,0,272,
North 24 Parganas,114,N24P-114,162,Market Building 162,406,397,1,804,49.38,36,4.5,357,247,7,671,P1,110,53.2,36.8,356,228,651,P1,False,B,3,,0,338,
North 24 Parganas,114,N24P-114,163,Primary School 163,242,246,1,489,50.31,25,5.1,250,127,3,419,P1,123,59.7,30.3,228,97,371,P1,False,B,3,,0,206,
North 24 Parganas,114,N24P-114,164,Panchayat Bhavan 164,378,378,0,756,50.0,51,6.7,371,182,9,642,P1,189,57.8,28.3,328,253,645,P1,False,B,3,,0,318,
North 24 Parganas,114,N24P-114,165,Primary School 165,389,355,0,744,47.72,32,4.3,403,178,3,646,P1,225,62.4,27.6,358,218,640,P1,False,B,3,,0,313,
North 24 Parganas,114,N24P-114,166,Health Sub-Centre 166,419,385,1,805,47.83,42,5.2,348,200,17,690,P1,148,50.4,29.0,447,148,661,P1,False,B,3,,0,339,
North 24 Parganas,114,N24P-114,167,Temple Hall 167,247,236,1,484,48.76,35,7.2,203,132,5,397,P1,71,51.1,33.2,206,116,377,P1,False,B,3,,0,204,
North 24 Parganas,114,N24P-114,168,Club Building 168,398,363,1,762,47.64,49,6.4,362,158,9,604,P1,204,59.9,26.2,422,146,631,P1,False,B,3,,0,321,
North 24 Parganas,114,N24P-114,169,Primary School 169,323,317,0,640,49.53,42,6.6,278,209,4,541,P1,69,51.4,38.6,340,155,550,P1,False,B,3,,0,269,
North 24 Parganas,114,N24P-114,170,Govt Office 170,414,378,0,792,47.73,61,7.7,347,176,12,643,P1,171,54.0,27.4,350,220,675,P1,False,B,3,,0,333,
North 24 Parganas,114,N24P-114,171,Club Building 171,283,258,0,541,47.69,40,7.4,284,79,4,439,P1,205,64.7,18.0,274,135,455,P1,False,B,3,,0,228,
North 24 Parganas,114,N24P-114,172,Health Sub-Centre 172,420,378,1,799,47.31,52,6.5,471,133,3,671,P1,338,70.2,19.8,376,158,660,P1,False,A,1,,0,336,
North 24 Parganas,114,N24P-114,173,Temple Hall 173,296,295,0,591,49.92,30,5.1,281,159,4,499,P1,122,56.3,31.9,296,160,506,P1,False,B,3,,0,249,
North 24 Parganas,114,N24P-114,174,Govt Office 174,288,267,1,556,48.02,27,4.9,258,114,6,426,P1,144,60.6,26.8,271,159,478,P1,False,B,3,,0,234,
North 24 Parganas,114,N24P-114,175,Community Hall 175,308,287,0,595,48.24,37,6.2,285,153,4,496,P1,132,57.5,30.8,252,127,487,P1,False,B,3,,0,250,
North 24 Parganas,114,N24P-114,176,Primary School 176,255,260,1,516,50.39,31,6.0,255,104,3,399,P1,151,63.9,26.1,269,112,424,P1,False,B,3,,0,217,
North 24 Parganas,114,N24P-114,177,Community Hall 177,387,357,0,744,47.98,57,7.7,381,179,4,622,P1,202,61.3,28.8,304,180,578,P1,False,B,3,,0,313,
North 24 Parganas,114,N24P-114,178,Health Sub-Centre 178,383,374,1,758,49.34,50,6.6,341,196,5,597,P1,145,57.1,32.8,333,237,634,P1,False,B,3,,0,319,
North 24 Parganas,114,N24P-114,179,Panchayat Bhavan 179,278,287,0,565,50.8,44,7.8,260,154,4,487,P1,106,53.4,31.6,284,149,481,P1,False,B,3,,0,238,
North 24 Parganas,114,N24P-114,180,Club Building 180,302,275,1,578,47.58,36,6.2,285,131,2,462,P1,154,61.7,28.4,265,157,496,P1,False,B,3,,0,243,
North 24 Parganas,114,N24P-114,181,High School 181,356,325,1,682,47.65,43,6.3,338,188,6,584,P1,150,57.9,32.2,299,188,575,P1,False,B,3,,0,287,
North 24 Parganas,114,N24P-114,182,Health Sub-Centre 182,256,247,0,503,49.11,24,4.8,214,140,4,400,P1,74,53.5,35.0,201,126,381,P1,False,B,3,,0,212,
North 24 Parganas,114,N24P-114,183,Panchayat Bhavan 183,356,328,0,684,47.95,32,4.7,328,155,7,558,P1,173,58.8,27.8,312,151,524,P1,False,B,3,,0,288,
North 24 Parganas,114,N24P-114,184,Temple Hall 184,420,388,1,809,47.96,50,6.2,339,152,10,678,P1,169,50.0,22.4,447,151,664,P1,False,B,3,,0,340,
North 24 Parganas,114,N24P-114,185,Madrasa 185,299,271,1,571,47.46,35,6.1,258,168,5,473,P1,90,54.5,35.5,214,135,470,P1,False,B,3,,0,240,
North 24 Parganas,114,N24P-114,186,Community Hall 186,420,397,1,818,48.53,61,7.5,286,246,11,683,P1,40,41.9,36.0,366,157,632,P1,False,B,3,,0,344,
North 24 Parganas,114,N24P-114,187,Primary School 187,369,338,1,708,47.74,35,4.9,386,133,7,576,P1,253,67.0,23.1,370,141,567,P1,False,A,1,,0,298,
North 24 Parganas,114,N24P-114,188,Community Hall 188,250,255,1,506,50.4,28,5.5,256,132,5,431,P1,124,59.4,30.6,253,103,396,P1,False,B,3,,0,213,
North 24 Parganas,114,N24P-114,189,Market Building 189,318,292,0,610,47.87,33,5.4,254,181,4,516,P1,73,49.2,35.1,413,52,516,P1,False,B,3,,0,257,
North 24 Parganas,114,N24P-114,190,Panchayat Bhavan 190,330,324,1,655,49.47,38,5.8,351,135,6,540,P1,216,65.0,25.0,287,171,527,P1,False,B,3,,0,276,
North 24 Parganas,114,N24P-114,191,Health Sub-Centre 191,257,238,1,496,47.98,25,5.0,249,120,3,425,P1,129,58.6,28.2,212,128,378,P1,False,B,3,,0,209,
North 24 Parganas,114,N24P-114,192,Post Office 192,336,330,0,666,49.55,46,6.9,348,142,4,545,P1,206,63.9,26.1,351,128,532,P1,False,B,3,,0,280,
North 24 Parganas,114,N24P-114,193,Temple Hall 193,307,310,0,617,50.24,36,5.8,329,115,2,493,P1,214,66.7,23.3,237,93,470,P1,False,A,1,,0,260,
North 24 Parganas,114,N24P-114,194,Club Building 194,253,252,0,505,49.9,30,5.9,221,126,4,385,P1,95,57.4,32.7,182,115,412,P1,False,B,3,,0,213,
North 24 Parganas,114,N24P-114,195,Primary School 195,431,386,0,817,47.25,51,6.2,347,242,5,654,P1,105,53.1,37.0,372,215,677,P1,False,B,3,,0,344,
North 24 Parganas,115,N24P-115,1,Temple Hall 1,378,350,1,729,48.01,91,12.5,334,171,7,570,P1,163,58.6,30.0,336,186,580,P1,False,D,4,,0,307,
North 24 Parganas,115,N24P-115,2,Health Sub-Centre 2,421,398,1,820,48.54,97,11.8,389,225,2,682,P1,164,57.0,33.0,345,224,632,P1,False,D,4,,0,345,
North 24 Parganas,115,N24P-115,3,Post Office 3,335,326,1,662,49.24,77,11.6,335,143,2,531,P1,192,63.1,26.9,283,145,516,P1,False,D,4,,0,279,
North 24 Parganas,115,N24P-115,4,Post Office 4,263,263,1,527,49.91,65,12.3,318,95,3,458,P1,223,69.4,20.7,169,162,400,P1,False,D,4,,0,222,
North 24 Parganas,115,N24P-115,5,Panchayat Bhavan 5,310,288,1,599,48.08,70,11.7,282,139,3,469,P1,143,60.1,29.6,293,121,460,P1,False,D,4,,0,252,
North 24 Parganas,115,N24P-115,6,Govt Office 6,383,353,0,736,47.96,56,7.6,328,213,6,602,P1,115,54.5,35.4,287,155,558,P1,False,B,3,,0,310,
North 24 Parganas,115,N24P-115,7,Market Building 7,307,298,1,606,49.17,47,7.8,292,168,3,512,P1,124,57.0,32.8,274,157,479,P1,False,B,3,,0,255,
North 24 Parganas,115,N24P-115,8,Market Building 8,261,246,1,508,48.43,48,9.4,261,131,3,435,P1,130,60.0,30.1,282,109,435,P1,False,B,3,,0,214,
North 24 Parganas,115,N24P-115,9,Anganwadi Centre 9,367,347,0,714,48.6,57,8.0,372,118,4,544,P1,254,68.4,21.7,305,199,565,P1,False,A,1,,0,300,
North 24 Parganas,115,N24P-115,10,Govt Office 10,289,277,0,566,48.94,44,7.8,277,160,4,486,P1,117,57.0,32.9,222,190,460,P1,False,B,3,,0,238,
North 24 Parganas,115,N24P-115,11,Govt Office 11,256,245,1,502,48.8,46,9.2,187,125,3,414,P1,62,45.2,30.2,238,127,420,P1,False,B,3,,0,211,
North 24 Parganas,115,N24P-115,12,Govt Office 12,316,306,1,623,49.12,57,9.1,324,139,2,515,P1,185,62.9,27.0,289,135,471,P1,False,B,3,,0,262,
North 24 Parganas,115,N24P-115,13,Post Office 13,291,270,0,561,48.13,44,7.8,255,139,5,458,P1,116,55.7,30.3,276,146,469,P1,False,B,3,,0,236,
North 24 Parganas,115,N24P-115,14,Temple Hall 14,331,315,1,647,48.69,73,11.3,343,154,6,553,P1,189,62.0,27.8,275,172,497,P1,False,D,4,,0,272,
North 24 Parganas,115,N24P-115,15,Govt Office 15,299,305,1,605,50.41,57,9.4,260,139,14,520,P1,121,50.0,26.7,333,106,488,P1,False,B,3,,0,255,
North 24 Parganas,115,N24P-115,16,High School 16,266,241,0,507,47.53,62,12.2,219,130,7,420,P1,89,52.1,31.0,255,112,408,P1,False,D,4,,0,213,
North 24 Parganas,115,N24P-115,17,Madrasa 17,274,262,1,537,48.79,57,10.6,253,158,4,459,P1,95,55.1,34.4,217,135,419,P1,False,D,4,,0,226,
North 24 Parganas,115,N24P-115,18,Post Office 18,347,332,1,680,48.82,50,7.4,324,165,4,543,P1,159,59.7,30.4,291,228,592,P1,False,B,3,,0,286,
North 24 Parganas,115,N24P-115,19,Club Building 19,312,294,0,606,48.51,66,10.9,275,170,5,512,P1,105,53.7,33.2,287,133,500,P1,False,D,4,,0,255,
North 24 Parganas,115,N24P-115,20,Community Hall 20,357,354,1,712,49.72,67,9.4,313,139,11,570,P1,174,54.9,24.4,375,132,607,P1,False,B,3,,0,300,
North 24 Parganas,115,N24P-115,21,Temple Hall 21,394,395,0,789,50.06,67,8.5,331,217,3,620,P1,114,53.4,35.0,422,194,685,P1,False,B,3,,0,332,
North 24 Parganas,115,N24P-115,22,Post Office 22,360,370,1,731,50.62,56,7.7,341,195,6,596,P1,146,57.2,32.7,367,195,624,P1,False,B,3,,0,308,
North 24 Parganas,115,N24P-115,23,Panchayat Bhavan 23,409,392,0,801,48.94,77,9.6,427,161,8,696,P1,266,61.4,23.1,320,234,616,P1,False,B,3,,0,337,
North 24 Parganas,115,N24P-115,24,Anganwadi Centre 24,243,245,1,489,50.1,61,12.5,216,100,5,396,P1,116,54.5,25.3,240,71,385,P1,False,D,4,,0,206,
North 24 Parganas,115,N24P-115,25,Primary School 25,286,263,0,549,47.91,48,8.7,210,171,4,424,P1,39,49.5,40.3,244,112,429,P1,False,B,3,,0,231,
North 24 Parganas,115,N24P-115,26,High School 26,398,367,1,766,47.91,85,11.1,323,203,12,640,P1,120,50.5,31.7,462,121,648,P1,False,D,4,,0,322,
North 24 Parganas,115,N24P-115,27,Madrasa 27,385,368,0,753,48.87,81,10.8,442,140,5,646,P1,302,68.4,21.7,392,141,592,P1,False,D,4,,0,317,
North 24 Parganas,115,N24P-115,28,Panchayat Bhavan 28,320,320,0,640,50.0,82,12.8,313,143,6,519,P1,170,60.3,27.6,301,124,546,P1,False,D,4,,0,269,
North 24 Parganas,115,N24P-115,29,Panchayat Bhavan 29,402,393,0,795,49.43,87,10.9,405,164,3,632,P1,241,64.1,25.9,446,123,633,P1,False,D,4,,0,335,
North 24 Parganas,115,N24P-115,30,Panchayat Bhavan 30,366,374,0,740,50.54,53,7.2,414,152,2,629,P1,262,65.8,24.2,356,219,644,P1,False,A,1,,0,311,
North 24 Parganas,115,N24P-115,31,Panchayat Bhavan 31,347,322,0,669,48.13,56,8.4,286,156,14,556,P1,130,51.4,28.1,300,198,553,P1,False,B,3,,0,282,
North 24 Parganas,115,N24P-115,32,Govt Office 32,354,351,0,705,49.79,84,11.9,351,136,3,541,P1,215,64.9,25.1,332,223,616,P1,False,D,4,,0,297,
North 24 Parganas,115,N24P-115,33,Community Hall 33,397,375,0,772,48.58,57,7.4,355,170,5,584,P1,185,60.8,29.1,427,105,592,P1,False,B,3,,0,325,
North 24 Parganas,115,N24P-115,34,Anganwadi Centre 34,378,384,0,762,50.39,59,7.7,359,187,11,639,P1,172,56.2,29.3,385,197,646,P1,False,B,3,,0,321,
North 24 Parganas,115,N24P-115,35,Anganwadi Centre 35,385,371,1,757,49.01,87,11.5,405,139,2,604,P1,266,67.1,23.0,378,166,605,P1,False,D,4,,0,319,
North 24 Parganas,115,N24P-115,36,Temple Hall 36,393,376,0,769,48.89,58,7.5,275,217,5,587,P1,58,46.8,37.0,451,119,633,P1,False,B,3,,0,324,
North 24 Parganas,115,N24P-115,37,Post Office 37,288,282,0,570,49.47,59,10.4,242,191,4,496,P1,51,48.8,38.5,274,142,462,P1,False,D,4,,0,240,
North 24 Parganas,115,N24P-115,38,Health Sub-Centre 38,394,354,0,748,47.33,59,7.9,409,169,6,642,P1,240,63.7,26.3,404,154,620,P1,False,B,3,,0,315,
North 24 Parganas,115,N24P-115,39,Panchayat Bhavan 39,297,302,1,600,50.33,51,8.5,255,168,6,473,P1,87,53.9,35.5,332,110,491,P1,False,B,3,,0,253,
North 24 Parganas,115,N24P-115,40,Club Building 40,407,368,0,775,47.48,96,12.4,385,151,7,596,P1,234,64.6,25.3,340,169,638,P1,False,D,4,,0,326,
North 24 Parganas,115,N24P-115,41,Post Office 41,300,270,1,571,47.29,72,12.6,316,127,4,492,P1,189,64.2,25.8,344,101,495,P1,False,D,4,,0,240,
North 24 Parganas,115,N24P-115,42,Primary School 42,394,373,0,767,48.63,70,9.1,373,131,7,665,P1,226,56.1,19.7,391,153,604,P1,False,B,3,,0,323,
North 24 Parganas,115,N24P-115,43,Anganwadi Centre 43,301,291,1,593,49.07,63,10.6,286,123,7,480,P1,163,59.6,25.6,354,108,513,P1,False,D,4,,0,250,
North 24 Parganas,115,N24P-115,44,Health Sub-Centre 44,253,260,1,514,50.58,61,11.9,175,131,4,394,P1,44,44.4,33.2,236,125,401,P1,False,D,4,,0,216,
North 24 Parganas,115,N24P-115,45,Market Building 45,347,333,1,681,48.9,84,12.3,293,177,7,543,P1,116,54.0,32.6,262,155,552,P1,False,D,4,,0,287,
North 24 Parganas,115,N24P-115,46,Community Hall 46,338,335,1,674,49.7,67,9.9,320,155,8,549,P1,165,58.3,28.2,286,170,569,P1,False,B,3,,0,284,
North 24 Parganas,115,N24P-115,47,High School 47,308,311,0,619,50.24,66,10.7,316,131,6,497,P1,185,63.6,26.4,279,153,505,P1,False,D,4,,0,260,
North 24 Parganas,115,N24P-115,48,High School 48,391,368,0,759,48.48,75,9.9,377,126,13,614,P1,251,61.4,20.5,356,112,620,P1,False,B,3,,0,319,
North 24 Parganas,115,N24P-115,49,Post Office 49,340,315,0,655,48.09,73,11.1,389,83,2,524,P1,306,74.2,15.8,345,167,569,P1,False,D,4,,0,276,
North 24 Parganas,115,N24P-115,50,Panchayat Bhavan 50,293,275,1,569,48.33,54,9.5,257,133,2,452,P1,124,56.9,29.4,269,110,451,P1,False,B,3,,0,239,
North 24 Parganas,115,N24P-115,51,Health Sub-Centre 51,244,243,0,487,49.9,49,10.1,236,134,2,412,P1,102,57.3,32.5,196,124,396,P1,False,D,4,,0,205,
North 24 Parganas,115,N24P-115,52,Govt Office 52,382,350,1,733,47.75,86,11.7,329,140,7,560,P1,189,58.8,25.0,333,207,600,P1,False,D,4,,0,308,
North 24 Parganas,115,N24P-115,53,Market Building 53,313,281,0,594,47.31,72,12.1,255,166,2,468,P1,89,54.5,35.5,248,148,462,P1,False,D,4,,0,250,
North 24 Parganas,115,N24P-115,54,Post Office 54,358,365,0,723,50.48,67,9.3,339,155,5,554,P1,184,61.2,28.0,313,191,572,P1,False,B,3,,0,304,
North 24 Parganas,115,N24P-115,55,Govt Office 55,349,320,1,670,47.76,48,7.2,305,169,5,565,P1,136,54.0,29.9,305,184,579,P1,False,B,3,,0,282,
North 24 Parganas,115,N24P-115,56,Panchayat Bhavan 56,364,365,0,729,50.07,90,12.3,382,140,3,580,P1,242,65.9,24.1,301,208,571,P1,False,D,4,,0,307,
North 24 Parganas,115,N24P-115,57,Panchayat Bhavan 57,255,259,1,515,50.29,49,9.5,246,128,5,422,P1,118,58.3,30.3,246,105,433,P1,False,B,3,,0,217,
North 24 Parganas,115,N24P-115,58,Club Building 58,329,297,1,627,47.37,75,12.0,321,150,7,547,P1,171,58.7,27.4,240,187,475,P1,False,D,4,,0,264,
North 24 Parganas,115,N24P-115,59,Post Office 59,304,294,1,599,49.08,42,7.0,291,119,3,469,P1,172,62.0,25.4,288,154,492,P1,False,B,3,,0,252,
North 24 Parganas,115,N24P-115,60,Govt Office 60,352,351,1,704,49.86,52,7.4,278,166,9,542,P1,112,51.3,30.6,243,162,534,P1,False,B,3,,0,296,
North 24 Parganas,115,N24P-115,61,Market Building 61,368,350,0,718,48.75,62,8.6,311,176,4,579,P1,135,53.7,30.4,424,125,610,P1,False,B,3,,0,302,
North 24 Parganas,115,N24P-115,62,Club Building 62,392,379,1,772,49.09,90,11.7,359,177,4,595,P1,182,60.3,29.7,307,237,606,P1,False,D,4,,0,325,
North 24 Parganas,115,N24P-115,63,Club Building 63,253,239,1,493,48.48,46,9.3,213,134,3,386,P1,79,55.2,34.7,249,87,373,P1,False,B,3,,0,207,
North 24 Parganas,115,N24P-115,64,Community Hall 64,327,321,1,649,49.46,63,9.7,389,105,5,549,P1,284,70.9,19.1,324,168,547,P1,False,A,1,,0,273,
North 24 Parganas,115,N24P-115,65,Community Hall 65,259,252,0,511,49.32,54,10.6,194,150,9,440,P1,44,44.1,34.1,223,118,396,P1,False,D,4,,0,215,
North 24 Parganas,115,N24P-115,66,Market Building 66,412,398,1,811,49.08,85,10.5,384,201,6,660,P1,183,58.2,30.5,384,169,614,P1,False,D,4,,0,341,
North 24 Parganas,115,N24P-115,67,Club Building 67,400,384,0,784,48.98,90,11.5,468,120,7,653,P1,348,71.7,18.4,424,122,606,P1,False,D,4,,0,330,
North 24 Parganas,115,N24P-115,68,Govt Office 68,313,314,1,628,50.0,58,9.2,306,170,3,529,P1,136,57.8,32.1,328,122,500,P1,False,B,3,,0,264,
North 24 Parganas,115,N24P-115,69,Post Office 69,416,378,0,794,47.61,89,11.2,429,159,7,669,P1,270,64.1,23.8,425,168,659,P1,False,D,4,,0,334,
North 24 Parganas,115,N24P-115,70,Primary School 70,362,362,1,725,49.93,67,9.2,345,188,7,592,P1,157,58.3,31.8,358,187,606,P1,False,B,3,,0,305,
North 24 Parganas,115,N24P-115,71,Health Sub-Centre 71,335,311,0,646,48.14,58,9.0,284,186,5,527,P1,98,53.9,35.3,313,131,515,P1,False,B,3,,0,272,
North 24 Parganas,115,N24P-115,72,Primary School 72,269,243,0,512,47.46,64,12.5,257,130,6,440,P1,127,58.4,29.5,214,68,395,P1,False,D,4,,0,215,
North 24 Parganas,115,N24P-115,73,Health Sub-Centre 73,252,243,1,496,48.99,60,12.1,260,114,2,415,P1,146,62.7,27.5,305,67,413,P1,False,D,4,,0,209,
North 24 Parganas,115,N24P-115,74,Health Sub-Centre 74,296,305,0,601,50.75,46,7.7,278,159,5,508,P1,119,54.7,31.3,249,184,482,P1,False,B,3,,0,253,
North 24 Parganas,115,N24P-115,75,Post Office 75,281,279,0,560,49.82,70,12.5,300,98,4,442,P1,202,67.9,22.2,283,100,425,P1,False,D,4,,0,236,
North 24 Parganas,115,N24P-115,76,Market Building 76,418,388,1,807,48.08,76,9.4,361,174,6,632,P1,187,57.1,27.5,397,172,632,P1,False,B,3,,0,340,
North 24 Parganas,115,N24P-115,77,Govt Office 77,262,242,0,504,48.02,50,9.9,252,98,8,424,P1,154,59.4,23.1,195,123,381,P1,False,B,3,,0,212,
North 24 Parganas,115,N24P-115,78,Anganwadi Centre 78,338,304,0,642,47.35,48,7.5,338,126,2,515,P1,212,65.6,24.5,286,139,537,P1,False,A,1,,0,270,
North 24 Parganas,115,N24P-115,79,Govt Office 79,302,279,0,581,48.02,48,8.3,257,157,3,470,P1,100,54.7,33.4,277,126,480,P1,False,B,3,,0,245,
North 24 Parganas,115,N24P-115,80,Market Building 80,355,367,1,723,50.76,71,9.8,372,174,3,628,P1,198,59.2,27.7,374,153,586,P1,False,B,3,,0,304,
North 24 Parganas,115,N24P-115,81,Market Building 81,311,317,1,629,50.4,65,10.3,268,168,3,497,P1,100,53.9,33.8,306,118,549,P1,False,D,4,,0,265,
North 24 Parganas,115,N24P-115,82,Community Hall 82,330,328,1,659,49.77,67,10.2,315,140,3,506,P1,175,62.3,27.7,276,155,526,P1,False,D,4,,0,277,
North 24 Parganas,115,N24P-115,83,Health Sub-Centre 83,358,367,1,726,50.55,55,7.6,352,194,5,607,P1,158,58.0,32.0,274,235,583,P1,False,B,3,,0,306,
North 24 Parganas,115,N24P-115,84,Community Hall 84,368,365,0,733,49.8,54,7.4,409,141,5,612,P1,268,66.8,23.0,430,132,625,P1,False,A,1,,0,308,
North 24 Parganas,115,N24P-115,85,High School 85,311,312,1,624,50.0,79,12.7,321,113,4,482,P1,208,66.6,23.4,308,154,513,P1,False,D,4,,0,263,
North 24 Parganas,115,N24P-115,86,Club Building 86,367,345,1,713,48.39,62,8.7,376,133,5,566,P1,243,66.4,23.5,298,188,540,P1,False,A,1,,0,300,
North 24 Parganas,115,N24P-115,87,Govt Office 87,392,372,1,765,48.63,97,12.7,339,177,8,604,P1,162,56.1,29.3,348,186,593,P1,False,D,4,,0,322,
North 24 Parganas,115,N24P-115,88,High School 88,242,239,1,482,49.59,53,11.0,203,145,4,388,P1,58,52.3,37.4,209,135,389,P1,False,D,4,,0,203,
North 24 Parganas,115,N24P-115,89,Panchayat Bhavan 89,302,289,0,591,48.9,51,8.6,242,112,13,492,P1,122,49.2,22.8,235,185,466,P1,False,B,3,,0,249,
North 24 Parganas,115,N24P-115,90,Madrasa 90,366,345,0,711,48.52,57,8.0,366,137,3,558,P1,229,65.6,24.6,359,189,609,P1,False,A,1,,0,299,
North 24 Parganas,115,N24P-115,91,Primary School 91,392,397,0,789,50.32,57,7.2,383,156,4,630,P1,227,60.8,24.8,343,245,653,P1,False,B,3,,0,332,
North 24 Parganas,115,N24P-115,92,Anganwadi Centre 92,386,371,1,758,48.94,73,9.6,320,221,3,601,P1,99,53.2,36.8,300,150,602,P1,False,B,3,,0,319,
North 24 Parganas,115,N24P-115,93,Health Sub-Centre 93,250,244,0,494,49.39,39,7.9,230,126,2,395,P1,104,58.2,31.9,261,122,425,P1,False,B,3,,0,208,
North 24 Parganas,115,N24P-115,94,Govt Office 94,271,248,0,519,47.78,50,9.6,243,127,5,411,P1,116,59.1,30.9,267,102,409,P1,False,B,3,,0,218,
North 24 Parganas,115,N24P-115,95,Madrasa 95,357,330,0,687,48.03,70,10.2,290,97,20,554,P1,148,52.3,17.5,326,157,536,P1,False,D,4,,0,289,
North 24 Parganas,115,N24P-115,96,Govt Office 96,359,343,0,702,48.86,51,7.3,343,177,6,577,P1,166,59.4,30.7,356,129,539,P1,False,B,3,,0,295,
North 24 Parganas,115,N24P-115,97,Temple Hall 97,353,325,1,679,47.86,52,7.7,359,174,5,593,P1,185,60.5,29.3,234,172,550,P1,False,B,3,,0,286,
North 24 Parganas,115,N24P-115,98,Madrasa 98,269,263,0,532,49.44,52,9.8,309,87,5,441,P1,222,70.1,19.7,244,126,428,P1,False,A,1,,0,224,
North 24 Parganas,115,N24P-115,99,Community Hall 99,362,331,1,694,47.69,69,9.9,311,172,5,536,P1,139,58.0,32.1,292,210,557,P1,False,B,3,,0,292,
North 24 Parganas,115,N24P-115,100,Health Sub-Centre 100,305,292,0,597,48.91,56,9.4,277,169,2,496,P1,108,55.8,34.1,301,111,458,P1,False,B,3,,0,251,
North 24 Parganas,115,N24P-115,101,Primary School 101,284,289,1,574,50.35,51,8.9,249,143,2,440,P1,106,56.6,32.5,215,120,453,P1,False,B,3,,0,242,
North 24 Parganas,115,N24P-115,102,Temple Hall 102,262,267,1,530,50.38,59,11.1,272,98,8,456,P1,174,59.6,21.5,260,106,406,P1,False,D,4,,0,223,
North 24 Parganas,115,N24P-115,103,Panchayat Bhavan 103,287,259,1,547,47.35,54,9.9,257,126,6,449,P1,131,57.2,28.1,267,129,440,P1,False,B,3,,0,230,
North 24 Parganas,115,N24P-115,104,Health Sub-Centre 104,303,272,0,575,47.3,72,12.5,281,146,2,474,P1,135,59.3,30.8,271,121,436,P1,False,D,4,,0,242,
North 24 Parganas,115,N24P-115,105,Govt Office 105,286,274,0,560,48.93,42,7.5,252,135,3,431,P1,117,58.5,31.3,237,160,441,P1,False,B,3,,0,236,
North 24 Parganas,115,N24P-115,106,Market Building 106,320,308,1,629,48.97,45,7.2,355,132,4,542,P1,223,65.5,24.4,374,118,546,P1,False,A,1,,0,265,
North 24 Parganas,115,N24P-115,107,Health Sub-Centre 107,355,338,1,694,48.7,75,10.8,328,159,2,541,P1,169,60.6,29.4,286,219,561,P1,False,D,4,,0,292,
North 24 Parganas,115,N24P-115,108,Post Office 108,308,277,0,585,47.35,58,9.9,287,161,2,498,P1,126,57.6,32.3,299,120,509,P1,False,B,3,,0,246,
North 24 Parganas,115,N24P-115,109,Primary School 109,286,279,1,566,49.29,46,8.1,290,97,5,430,P1,193,67.4,22.6,332,67,444,P1,False,A,1,,0,238,
North 24 Parganas,115,N24P-115,110,Madrasa 110,401,392,1,794,49.37,94,11.8,421,148,5,641,P1,273,65.7,23.1,361,185,665,P1,False,D,4,,0,334,
North 24 Parganas,115,N24P-115,111,Market Building 111,270,250,1,521,47.98,55,10.6,244,128,4,413,P1,116,59.1,31.0,296,112,453,P1,False,D,4,,0,219,
North 24 Parganas,115,N24P-115,112,Health Sub-Centre 112,371,381,1,753,50.6,84,11.2,348,161,10,605,P1,187,57.5,26.6,373,141,571,P1,False,D,4,,0,317,
North 24 Parganas,115,N24P-115,113,Temple Hall 113,278,259,0,537,48.23,63,11.7,227,173,6,464,P1,54,48.9,37.3,248,132,423,P1,False,D,4,,0,226,
North 24 Parganas,115,N24P-115,114,Anganwadi Centre 114,392,391,1,784,49.87,57,7.3,270,272,6,675,P2,2,40.0,40.3,367,151,614,P1,True,B,3,,0,330,
North 24 Parganas,115,N24P-115,115,Health Sub-Centre 115,395,399,0,794,50.25,99,12.5,465,146,2,679,P1,319,68.5,21.5,297,186,603,P1,False,D,4,,0,334,
North 24 Parganas,115,N24P-115,116,Anganwadi Centre 116,313,315,0,628,50.16,45,7.2,301,133,3,486,P1,168,61.9,27.4,293,119,487,P1,False,B,3,,0,264,
North 24 Parganas,115,N24P-115,117,Anganwadi Centre 117,294,263,1,558,47.13,58,10.4,201,110,9,434,P1,91,46.3,25.3,259,134,437,P1,False,D,4,,0,235,
North 24 Parganas,115,N24P-115,118,High School 118,359,338,1,698,48.42,54,7.7,279,192,8,558,P1,87,50.0,34.4,339,183,580,P1,False,B,3,,0,294,
North 24 Parganas,115,N24P-115,119,Club Building 119,399,371,1,771,48.12,95,12.3,372,173,5,606,P1,199,61.4,28.5,409,196,672,P1,False,D,4,,0,324,
North 24 Parganas,115,N24P-115,120,Market Building 120,390,365,1,756,48.28,55,7.3,352,200,4,614,P1,152,57.3,32.6,353,184,640,P1,False,B,3,,0,318,
North 24 Parganas,115,N24P-115,121,Primary School 121,386,390,1,777,50.19,84,10.8,348,110,11,592,P1,232,58.8,18.6,298,172,654,P1,False,D,4,,0,327,
North 24 Parganas,115,N24P-115,122,Madrasa 122,278,251,1,530,47.36,62,11.7,216,152,4,409,P1,64,52.8,37.2,238,122,442,P1,False,D,4,,0,223,
North 24 Parganas,115,N24P-115,123,Govt Office 123,288,280,1,569,49.21,60,10.5,275,164,4,487,P1,111,56.5,33.7,237,84,465,P1,False,D,4,,0,239,
North 24 Parganas,115,N24P-115,124,Post Office 124,273,277,1,551,50.27,53,9.6,271,145,5,463,P1,126,58.5,31.3,242,146,431,P1,False,B,3,,0,232,
North 24 Parganas,115,N24P-115,125,Govt Office 125,411,406,0,817,49.69,92,11.3,365,222,5,652,P1,143,56.0,34.0,404,193,679,P1,False,D,4,,0,344,
North 24 Parganas,115,N24P-115,126,Temple Hall 126,294,275,0,569,48.33,54,9.5,284,123,2,468,P1,161,60.7,26.3,305,108,459,P1,False,B,3,,0,239,
North 24 Parganas,115,N24P-115,127,Post Office 127,272,268,0,540,49.63,59,10.9,280,116,2,440,P1,164,63.6,26.4,250,105,447,P1,False,D,4,,0,227,
North 24 Parganas,115,N24P-115,128,Market Building 128,290,275,1,566,48.59,57,10.1,261,114,4,472,P1,147,55.3,24.2,298,137,483,P1,False,D,4,,0,238,
North 24 Parganas,115,N24P-115,129,Market Building 129,384,386,1,771,50.06,97,12.6,376,214,5,657,P1,162,57.2,32.6,245,158,588,P1,False,D,4,,0,324,
North 24 Parganas,115,N24P-115,130,Post Office 130,252,234,0,486,48.15,46,9.5,263,93,4,396,P1,170,66.4,23.5,233,91,375,P1,False,A,1,,0,205,
North 24 Parganas,115,N24P-115,131,Madrasa 131,400,375,0,775,48.39,76,9.8,384,148,7,622,P1,236,61.7,23.8,403,167,633,P1,False,B,3,,0,326,
North 24 Parganas,115,N24P-115,132,Post Office 132,303,304,1,608,50.0,79,13.0,312,158,2,522,P1,154,59.8,30.3,239,125,489,P1,False,D,4,,0,256,
North 24 Parganas,115,N24P-115,133,Post Office 133,288,267,1,556,48.02,60,10.8,282,108,4,433,P1,174,65.1,24.9,249,136,428,P1,False,D,4,,0,234,
North 24 Parganas,115,N24P-115,134,Post Office 134,371,357,0,728,49.04,71,9.8,335,174,6,566,P1,161,59.2,30.7,272,191,616,P1,False,B,3,,0,306,
North 24 Parganas,115,N24P-115,135,Panchayat Bhavan 135,318,324,1,643,50.39,47,7.3,369,88,4,508,P1,281,72.6,17.3,332,143,528,P1,False,A,1,,0,271,
North 24 Parganas,115,N24P-115,136,Govt Office 136,399,358,1,758,47.23,75,9.9,293,135,17,604,P1,140,48.5,22.4,299,216,598,P1,False,B,3,,0,319,
North 24 Parganas,115,N24P-115,137,Primary School 137,343,343,1,687,49.93,61,8.9,339,189,2,586,P1,150,57.8,32.3,370,149,577,P1,False,B,3,,0,289,
North 24 Parganas,115,N24P-115,138,Post Office 138,398,393,0,791,49.68,66,8.3,382,219,6,668,P1,163,57.2,32.8,265,220,607,P1,False,B,3,,0,333,
North 24 Parganas,115,N24P-115,139,Govt Office 139,300,286,0,586,48.81,60,10.2,265,157,5,469,P1,108,56.5,33.5,319,119,486,P1,False,D,4,,0,247,
North 24 Parganas,115,N24P-115,140,Post Office 140,393,403,0,796,50.63,66,8.3,356,146,5,651,P1,210,54.7,22.4,334,232,658,P1,False,B,3,,0,335,
North 24 Parganas,115,N24P-115,141,Panchayat Bhavan 141,352,327,0,679,48.16,60,8.8,352,158,6,567,P1,194,62.1,27.9,311,159,522,P1,False,B,3,,0,286,
North 24 Parganas,115,N24P-115,142,Community Hall 142,358,325,1,684,47.51,67,9.8,300,209,4,571,P1,91,52.5,36.6,294,182,573,P1,False,B,3,,0,288,
North 24 Parganas,115,N24P-115,143,Anganwadi Centre 143,320,288,0,608,47.37,79,13.0,386,80,3,518,P1,306,74.5,15.4,232,139,489,P1,False,D,4,,0,256,
North 24 Parganas,115,N24P-115,144,Club Building 144,256,263,1,520,50.58,43,8.3,216,106,5,408,P1,110,52.9,26.0,235,153,431,P1,False,B,3,,0,219,
North 24 Parganas,115,N24P-115,145,Temple Hall 145,342,307,1,650,47.23,48,7.4,283,171,3,504,P1,112,56.2,33.9,276,180,507,P1,False,B,3,,0,274,
North 24 Parganas,115,N24P-115,146,High School 146,386,360,1,747,48.19,54,7.2,342,229,3,634,P1,113,53.9,36.1,347,180,586,P1,False,B,3,,0,314,
North 24 Parganas,115,N24P-115,147,Govt Office 147,418,389,0,807,48.2,89,11.0,385,169,3,648,P1,216,59.4,26.1,411,210,690,P1,False,D,4,,0,340,
North 24 Parganas,115,N24P-115,148,Temple Hall 148,392,362,1,755,47.95,71,9.4,327,211,5,598,P1,116,54.7,35.3,415,140,616,P1,False,B,3,,0,318,
North 24 Parganas,115,N24P-115,149,Govt Office 149,361,324,0,685,47.3,48,7.0,319,196,2,573,P1,123,55.7,34.2,364,110,527,P1,False,B,3,,0,288,
North 24 Parganas,115,N24P-115,150,High School 150,406,376,1,783,48.02,93,11.9,425,190,7,683,P1,235,62.2,27.8,392,171,680,P1,False,D,4,,0,330,
North 24 Parganas,115,N24P-115,151,Health Sub-Centre 151,262,258,1,521,49.52,42,8.1,212,126,5,402,P1,86,52.7,31.3,224,143,424,P1,False,B,3,,0,219,
North 24 Parganas,115,N24P-115,152,Anganwadi Centre 152,412,391,1,804,48.63,80,10.0,359,157,16,673,P1,202,53.3,23.3,350,204,616,P1,False,B,3,,0,338,
North 24 Parganas,115,N24P-115,153,Madrasa 153,299,305,0,604,50.5,47,7.8,239,147,6,457,P1,92,52.3,32.2,276,139,461,P1,False,B,3,,0,254,
North 24 Parganas,115,N24P-115,154,Post Office 154,392,363,0,755,48.08,73,9.7,422,122,5,604,P1,300,69.9,20.2,357,139,572,P1,False,A,1,,0,318,
North 24 Parganas,115,N24P-115,155,Panchayat Bhavan 155,243,239,1,483,49.48,58,12.0,208,125,2,377,P1,83,55.2,33.2,169,128,385,P1,False,D,4,,0,203,
North 24 Parganas,115,N24P-115,156,Post Office 156,329,323,0,652,49.54,79,12.1,315,144,6,510,P1,171,61.8,28.2,341,112,503,P1,False,D,4,,0,274,
North 24 Parganas,115,N24P-115,157,Post Office 157,340,331,0,671,49.33,78,11.6,315,148,7,531,P1,167,59.3,27.9,341,133,562,P1,False,D,4,,0,282,
North 24 Parganas,115,N24P-115,158,Primary School 158,288,274,0,562,48.75,41,7.3,323,90,3,458,P1,233,70.5,19.7,262,150,475,P1,False,A,1,,0,237,
North 24 Parganas,115,N24P-115,159,Madrasa 159,380,376,1,757,49.67,86,11.4,300,185,12,596,P1,115,50.3,31.0,376,145,585,P1,False,D,4,,0,319,
North 24 Parganas,115,N24P-115,160,Community Hall 160,356,327,0,683,47.88,55,8.1,271,178,8,572,P1,93,47.4,31.1,286,114,545,P1,False,B,3,,0,287,
North 24 Parganas,115,N24P-115,161,High School 161,355,352,1,708,49.72,88,12.4,245,187,12,550,P1,58,44.5,34.0,344,189,614,P1,False,D,4,,0,298,
North 24 Parganas,115,N24P-115,162,Health Sub-Centre 162,293,278,0,571,48.69,64,11.2,282,131,5,478,P1,151,59.0,27.4,193,116,455,P1,False,D,4,,0,240,
North 24 Parganas,115,N24P-115,163,Madrasa 163,378,375,1,754,49.73,87,11.5,395,178,5,637,P1,217,62.0,27.9,347,120,598,P1,False,D,4,,0,317,
North 24 Parganas,115,N24P-115,164,Panchayat Bhavan 164,331,319,1,651,49.0,49,7.5,277,209,5,540,P1,68,51.3,38.7,262,184,518,P1,False,B,3,,0,274,
North 24 Parganas,115,N24P-115,165,Health Sub-Centre 165,365,356,1,722,49.31,83,11.5,353,166,10,622,P1,187,56.8,26.7,327,163,580,P1,False,D,4,,0,304,
North 24 Parganas,115,N24P-115,166,Temple Hall 166,368,372,1,741,50.2,65,8.8,331,185,3,592,P1,146,55.9,31.2,291,192,569,P1,False,B,3,,0,312,
North 24 Parganas,115,N24P-115,167,Anganwadi Centre 167,354,340,0,694,48.99,66,9.5,305,178,7,548,P1,127,55.7,32.5,392,135,586,P1,False,B,3,,0,292,
North 24 Parganas,115,N24P-115,168,Anganwadi Centre 168,355,332,0,687,48.33,60,8.7,274,234,4,577,P1,40,47.5,40.6,343,145,542,P1,False,B,3,,0,289,
North 24 Parganas,115,N24P-115,169,Community Hall 169,375,385,1,761,50.59,56,7.4,368,136,12,604,P1,232,60.9,22.5,361,145,581,P1,False,B,3,,0,320,
North 24 Parganas,115,N24P-115,170,Panchayat Bhavan 170,417,391,1,809,48.33,82,10.1,417,171,2,653,P1,246,63.9,26.2,334,213,654,P1,False,D,4,,0,340,
North 24 Parganas,115,N24P-115,171,Health Sub-Centre 171,299,272,1,572,47.55,46,8.0,256,135,5,435,P1,121,58.9,31.0,260,96,479,P1,False,B,3,,0,241,
North 24 Parganas,115,N24P-115,172,Community Hall 172,333,311,1,645,48.22,58,9.0,271,177,5,505,P1,94,53.7,35.0,272,180,524,P1,False,B,3,,0,271,
North 24 Parganas,115,N24P-115,173,Primary School 173,357,366,1,724,50.55,91,12.6,340,147,4,599,P1,193,56.8,24.5,383,180,626,P1,False,D,4,,0,305,
North 24 Parganas,115,N24P-115,174,Temple Hall 174,359,323,1,683,47.29,72,10.5,268,144,16,544,P1,124,49.3,26.5,394,92,540,P1,False,D,4,,0,287,
North 24 Parganas,115,N24P-115,175,Community Hall 175,332,321,0,653,49.16,60,9.2,372,130,6,558,P1,242,66.7,23.3,299,152,508,P1,False,A,1,,0,275,
North 24 Parganas,115,N24P-115,176,Community Hall 176,377,378,1,756,50.0,86,11.4,294,171,13,580,P1,123,50.7,29.5,399,175,643,P1,False,D,4,,0,318,
North 24 Parganas,115,N24P-115,177,Temple Hall 177,295,302,1,598,50.5,75,12.5,226,192,3,499,P1,34,45.3,38.5,340,82,469,P1,False,D,4,,0,252,
North 24 Parganas,115,N24P-115,178,Temple Hall 178,344,322,0,666,48.35,65,9.8,345,139,7,541,P1,206,63.8,25.7,352,124,529,P1,False,B,3,,0,280,
North 24 Parganas,115,N24P-115,179,Post Office 179,330,314,0,644,48.76,66,10.2,295,160,9,549,P1,135,53.7,29.1,340,100,489,P1,False,D,4,,0,271,
North 24 Parganas,115,N24P-115,180,Market Building 180,375,337,0,712,47.33,55,7.7,348,158,7,562,P1,190,61.9,28.1,306,199,573,P1,False,B,3,,0,300,
North 24 Parganas,115,N24P-115,181,Govt Office 181,326,329,1,656,50.15,85,13.0,349,164,5,570,P1,185,61.2,28.8,278,191,521,P1,False,D,4,,0,276,
North 24 Parganas,115,N24P-115,182,Health Sub-Centre 182,349,330,0,679,48.6,54,8.0,255,140,14,535,P1,115,47.7,26.2,300,176,549,P1,False,B,3,,0,286,
North 24 Parganas,115,N24P-115,183,Post Office 183,254,255,0,509,50.1,50,9.8,203,156,4,411,P1,47,49.4,38.0,185,151,429,P1,False,B,3,,0,214,
North 24 Parganas,115,N24P-115,184,Health Sub-Centre 184,408,372,0,780,47.69,100,12.8,345,158,14,646,P1,187,53.4,24.5,257,194,596,P1,False,D,4,,0,328,
North 24 Parganas,115,N24P-115,185,High School 185,335,311,0,646,48.14,73,11.3,262,166,5,496,P1,96,52.8,33.5,347,110,508,P1,False,D,4,,0,272,
North 24 Parganas,115,N24P-115,186,Temple Hall 186,348,347,1,696,49.86,68,9.8,333,186,3,577,P1,147,57.7,32.2,359,122,585,P1,False,B,3,,0,293,
North 24 Parganas,115,N24P-115,187,Market Building 187,362,326,1,689,47.31,73,10.6,362,105,3,535,P1,257,67.7,19.6,262,217,543,P1,False,D,4,,0,290,
North 24 Parganas,115,N24P-115,188,Govt Office 188,324,314,0,638,49.22,75,11.8,280,178,6,509,P1,102,55.0,35.0,309,135,493,P1,False,D,4,,0,268,
North 24 Parganas,115,N24P-115,189,Temple Hall 189,306,295,1,602,49.0,72,12.0,310,144,4,504,P1,166,61.5,28.6,315,145,512,P1,False,D,4,,0,253,
North 24 Parganas,115,N24P-115,190,Temple Hall 190,393,362,0,755,47.95,72,9.5,303,151,9,593,P1,152,51.1,25.5,345,191,596,P1,False,B,3,,0,318,
North 24 Parganas,115,N24P-115,191,Community Hall 191,309,286,0,595,48.07,57,9.6,268,155,5,472,P1,113,56.8,32.8,259,97,454,P1,False,B,3,,0,250,
North 24 Parganas,115,N24P-115,192,Madrasa 192,403,374,0,777,48.13,101,13.0,344,248,8,668,P1,96,51.5,37.1,391,169,623,P1,False,D,4,,0,327,
North 24 Parganas,115,N24P-115,193,Health Sub-Centre 193,319,307,0,626,49.04,54,8.6,334,120,2,504,P1,214,66.3,23.8,293,136,480,P1,False,A,1,,0,263,
North 24 Parganas,115,N24P-115,194,Club Building 194,418,384,0,802,47.88,98,12.2,376,202,3,657,P1,174,57.2,30.7,482,130,680,P1,False,D,4,,0,338,
North 24 Parganas,116,N24P-116,1,Post Office 1,362,339,1,702,48.29,68,9.7,287,191,2,532,P1,96,53.9,35.9,360,186,606,P1,False,B,3,,0,295,
North 24 Parganas,116,N24P-116,2,Primary School 2,405,387,0,792,48.86,68,8.6,453,103,7,618,P1,350,73.3,16.7,374,200,665,P1,False,A,1,,0,333,
North 24 Parganas,116,N24P-116,3,Health Sub-Centre 3,406,364,0,770,47.27,60,7.8,397,191,6,668,P1,206,59.4,28.6,368,183,667,P1,False,B,3,,0,324,
North 24 Parganas,116,N24P-116,4,Panchayat Bhavan 4,276,246,0,522,47.13,44,8.4,213,130,11,432,P1,83,49.3,30.1,214,156,415,P1,False,B,3,,0,220,
North 24 Parganas,116,N24P-116,5,Club Building 5,282,282,1,565,49.91,42,7.4,242,158,2,445,P1,84,54.4,35.5,240,177,488,P1,False,B,3,,0,238,
North 24 Parganas,116,N24P-116,6,Health Sub-Centre 6,269,257,0,526,48.86,54,10.3,230,129,8,445,P1,101,51.7,29.0,256,131,433,P1,False,D,4,,0,221,
North 24 Parganas,116,N24P-116,7,Community Hall 7,368,372,1,741,50.2,86,11.6,419,154,3,637,P1,265,65.8,24.2,340,161,583,P1,False,D,4,,0,312,
North 24 Parganas,116,N24P-116,8,Club Building 8,395,404,0,799,50.56,69,8.6,319,266,7,650,P1,53,49.1,40.9,413,147,622,P1,False,B,3,,0,336,
North 24 Parganas,116,N24P-116,9,Club Building 9,272,280,1,553,50.63,54,9.8,194,135,4,419,P1,59,46.3,32.2,331,88,466,P1,False,B,3,,0,233,
North 24 Parganas,116,N24P-116,10,Govt Office 10,345,310,1,656,47.26,55,8.4,210,194,11,534,P1,16,39.3,36.3,289,195,545,P1,False,B,3,,0,276,
North 24 Parganas,116,N24P-116,11,Govt Office 11,348,313,0,661,47.35,72,10.9,298,155,6,519,P1,143,57.4,29.9,311,182,561,P1,False,D,4,,0,278,
North 24 Parganas,116,N24P-116,12,Madrasa 12,273,275,0,548,50.18,51,9.3,274,134,4,453,P1,140,60.5,29.6,226,152,479,P1,False,B,3,,0,231,
North 24 Parganas,116,N24P-116,13,Madrasa 13,299,283,1,583,48.54,65,11.1,295,122,2,471,P1,173,62.6,25.9,346,95,490,P1,False,D,4,,0,245,
North 24 Parganas,116,N24P-116,14,Post Office 14,384,395,0,779,50.71,58,7.4,390,176,3,629,P1,214,62.0,28.0,302,195,669,P1,False,B,3,,0,328,
North 24 Parganas,116,N24P-116,15,Club Building 15,254,262,1,517,50.68,36,7.0,225,111,4,412,P1,114,54.6,26.9,197,99,432,P1,False,B,3,,0,218,
North 24 Parganas,116,N24P-116,16,Govt Office 16,336,344,1,681,50.51,60,8.8,301,139,9,521,P1,162,57.8,26.7,324,127,582,P1,False,B,3,,0,287,
North 24 Parganas,116,N24P-116,17,Panchayat Bhavan 17,328,299,0,627,47.69,47,7.5,274,114,5,483,P1,160,56.7,23.6,321,124,494,P1,False,B,3,,0,264,
North 24 Parganas,116,N24P-116,18,Post Office 18,396,355,0,751,47.27,48,6.4,386,187,6,651,P1,199,59.3,28.7,404,137,649,P1,False,B,3,,0,316,
North 24 Parganas,116,N24P-116,19,Community Hall 19,262,239,1,502,47.61,37,7.4,185,140,7,394,P1,45,47.0,35.5,273,92,405,P1,False,B,3,,0,211,
North 24 Parganas,116,N24P-116,20,Community Hall 20,327,310,0,637,48.67,54,8.5,297,165,6,513,P1,132,57.9,32.2,316,138,505,P1,False,B,3,,0,268,
North 24 Parganas,116,N24P-116,21,Anganwadi Centre 21,378,387,1,766,50.52,58,7.6,379,157,4,664,P1,222,57.1,23.6,398,169,630,P1,False,B,3,,0,322,
North 24 Parganas,116,N24P-116,22,Primary School 22,274,264,1,539,48.98,52,9.6,220,119,7,423,P1,101,52.0,28.1,208,153,444,P1,False,B,3,,0,227,
North 24 Parganas,116,N24P-116,23,High School 23,362,351,0,713,49.23,70,9.8,328,148,4,583,P1,180,56.3,25.4,328,158,550,P1,False,B,3,,0,300,
North 24 Parganas,116,N24P-116,24,High School 24,270,277,0,547,50.64,42,7.7,249,142,5,450,P1,107,55.3,31.6,276,129,457,P1,False,B,3,,0,230,
North 24 Parganas,116,N24P-116,25,Community Hall 25,320,323,0,643,50.23,48,7.5,332,121,3,503,P1,211,66.0,24.1,346,102,498,P1,False,A,1,,0,271,
North 24 Parganas,116,N24P-116,26,High School 26,401,385,0,786,48.98,70,8.9,495,95,6,656,P1,400,75.5,14.5,365,192,656,P1,False,A,1,,0,331,
North 24 Parganas,116,N24P-116,27,Market Building 27,378,352,0,730,48.22,63,8.6,372,139,3,568,P1,233,65.5,24.5,314,230,604,P1,False,A,1,,0,307,
North 24 Parganas,116,N24P-116,28,Community Hall 28,303,290,0,593,48.9,50,8.4,267,142,2,460,P1,125,58.0,30.9,313,122,483,P1,False,B,3,,0,250,
North 24 Parganas,116,N24P-116,29,Temple Hall 29,274,259,1,534,48.5,58,10.9,292,120,3,458,P1,172,63.8,26.2,252,92,435,P1,False,D,4,,0,225,
North 24 Parganas,116,N24P-116,30,Panchayat Bhavan 30,344,332,0,676,49.11,64,9.5,355,106,5,512,P1,249,69.3,20.7,335,174,566,P1,False,A,1,,0,284,
North 24 Parganas,116,N24P-116,31,Market Building 31,398,394,0,792,49.75,69,8.7,457,105,3,625,P1,352,73.1,16.8,296,214,609,P1,False,A,1,,0,333,
North 24 Parganas,116,N24P-116,32,Primary School 32,279,266,1,546,48.72,39,7.1,224,119,5,449,P1,105,49.9,26.5,278,129,465,P1,False,B,3,,0,230,
North 24 Parganas,116,N24P-116,33,Temple Hall 33,279,281,1,561,50.09,54,9.6,284,119,4,448,P1,165,63.4,26.6,231,155,472,P1,False,B,3,,0,236,
North 24 Parganas,116,N24P-116,34,Panchayat Bhavan 34,394,404,1,799,50.56,64,8.0,421,156,6,642,P1,265,65.6,24.3,402,154,618,P1,False,A,1,,0,336,
North 24 Parganas,116,N24P-116,35,Market Building 35,341,322,1,664,48.49,66,9.9,294,123,12,538,P1,171,54.6,22.9,349,124,526,P1,False,B,3,,0,279,
North 24 Parganas,116,N24P-116,36,Market Building 36,256,232,0,488,47.54,55,11.3,271,96,4,408,P1,175,66.4,23.5,286,59,383,P1,False,D,4,,0,205,
North 24 Parganas,116,N24P-116,37,Community Hall 37,397,390,0,787,49.56,91,11.6,340,200,7,634,P1,140,53.6,31.5,315,229,674,P1,False,D,4,,0,331,
North 24 Parganas,116,N24P-116,38,Govt Office 38,392,390,1,783,49.81,63,8.0,335,223,3,620,P1,112,54.0,36.0,331,258,655,P1,False,B,3,,0,330,
North 24 Parganas,116,N24P-116,39,Anganwadi Centre 39,335,308,1,644,47.83,55,8.5,277,190,6,529,P1,87,52.4,35.9,315,166,561,P1,False,B,3,,0,271,
North 24 Parganas,116,N24P-116,40,High School 40,346,321,0,667,48.13,68,10.2,316,118,5,505,P1,198,62.6,23.4,283,201,578,P1,False,D,4,,0,281,
North 24 Parganas,116,N24P-116,41,Anganwadi Centre 41,396,376,1,773,48.64,65,8.4,292,214,3,609,P1,78,47.9,35.1,311,228,648,P1,False,B,3,,0,325,
North 24 Parganas,116,N24P-116,42,Community Hall 42,382,346,1,729,47.46,58,8.0,284,242,8,626,P1,42,45.4,38.7,423,130,615,P1,False,B,3,,0,307,
North 24 Parganas,116,N24P-116,43,Community Hall 43,334,330,0,664,49.7,45,6.8,373,115,3,542,P1,258,68.8,21.2,294,121,524,P1,False,A,1,,0,279,
North 24 Parganas,116,N24P-116,44,Primary School 44,335,305,0,640,47.66,43,6.7,281,139,6,530,P1,142,53.0,26.2,327,142,521,P1,False,B,3,,0,269,
North 24 Parganas,116,N24P-116,45,Health Sub-Centre 45,290,260,0,550,47.27,61,11.1,207,109,5,430,P1,98,48.1,25.3,230,149,421,P1,False,D,4,,0,231,
North 24 Parganas,116,N24P-116,46,Market Building 46,383,376,0,759,49.54,50,6.6,327,238,6,627,P1,89,52.2,38.0,415,133,609,P1,False,B,3,,0,319,
North 24 Parganas,116,N24P-116,47,Primary School 47,373,337,1,711,47.4,58,8.2,367,136,11,604,P1,231,60.8,22.5,349,210,621,P1,False,B,3,,0,299,
North 24 Parganas,116,N24P-116,48,Govt Office 48,310,317,0,627,50.56,50,8.0,240,218,4,509,P1,22,47.2,42.8,295,167,529,P1,False,B,3,,0,264,
North 24 Parganas,116,N24P-116,49,Primary School 49,264,266,0,530,50.19,41,7.7,271,100,4,426,P1,171,63.6,23.5,256,109,406,P1,False,B,3,,0,223,
North 24 Parganas,116,N24P-116,50,Anganwadi Centre 50,320,305,1,626,48.72,56,8.9,355,131,5,540,P1,224,65.7,24.3,301,138,502,P1,False,A,1,,0,263,
North 24 Parganas,116,N24P-116,51,Primary School 51,372,349,0,721,48.4,58,8.0,273,217,5,556,P1,56,49.1,39.0,322,208,589,P1,False,B,3,,0,303,
North 24 Parganas,116,N24P-116,52,Madrasa 52,259,250,1,510,49.02,52,10.2,270,127,3,441,P1,143,61.2,28.8,234,134,413,P1,False,D,4,,0,215,
North 24 Parganas,116,N24P-116,53,Temple Hall 53,329,303,1,633,47.87,66,10.4,321,127,3,516,P1,194,62.2,24.6,267,175,517,P1,False,D,4,,0,266,
North 24 Parganas,116,N24P-116,54,Govt Office 54,345,355,1,701,50.64,64,9.1,321,170,6,570,P1,151,56.3,29.8,369,110,533,P1,False,B,3,,0,295,
North 24 Parganas,116,N24P-116,55,Temple Hall 55,299,274,0,573,47.82,63,11.0,295,137,6,481,P1,158,61.3,28.5,242,169,495,P1,False,D,4,,0,241,
North 24 Parganas,116,N24P-116,56,Community Hall 56,417,391,1,809,48.33,61,7.5,377,187,7,635,P1,190,59.4,29.4,447,109,618,P1,False,B,3,,0,340,
North 24 Parganas,116,N24P-116,57,Madrasa 57,270,258,0,528,48.86,46,8.7,266,128,4,460,P1,138,57.8,27.8,280,112,436,P1,False,B,3,,0,222,
North 24 Parganas,116,N24P-116,58,Anganwadi Centre 58,344,331,0,675,49.04,62,9.2,402,89,6,545,P1,313,73.8,16.3,437,81,575,P1,False,A,1,,0,284,
North 24 Parganas,116,N24P-116,59,Anganwadi Centre 59,296,293,1,590,49.66,46,7.8,288,96,8,463,P1,192,62.2,20.7,248,167,461,P1,False,B,3,,0,248,
North 24 Parganas,116,N24P-116,60,Club Building 60,254,242,0,496,48.79,36,7.3,202,107,10,394,P1,95,51.3,27.2,236,108,383,P1,False,B,3,,0,209,
North 24 Parganas,116,N24P-116,61,Govt Office 61,305,302,1,608,49.67,65,10.7,277,131,4,464,P1,146,59.7,28.2,264,182,495,P1,False,D,4,,0,256,
North 24 Parganas,116,N24P-116,62,Health Sub-Centre 62,311,292,0,603,48.42,42,7.0,303,113,2,462,P1,190,65.6,24.5,355,99,504,P1,False,A,1,,0,254,
North 24 Parganas,116,N24P-116,63,High School 63,397,405,1,803,50.44,75,9.3,370,183,5,651,P1,187,56.8,28.1,462,159,690,P1,False,B,3,,0,338,
North 24 Parganas,116,N24P-116,64,Primary School 64,355,361,0,716,50.42,50,7.0,343,102,7,581,P1,220,59.0,17.6,418,108,585,P1,False,B,3,,0,301,
North 24 Parganas,116,N24P-116,65,Primary School 65,325,310,0,635,48.82,54,8.5,274,159,6,524,P1,115,52.3,30.3,303,149,502,P1,False,B,3,,0,267,
North 24 Parganas,116,N24P-116,66,Market Building 66,324,312,0,636,49.06,49,7.7,300,136,4,484,P1,164,62.0,28.1,325,141,518,P1,False,B,3,,0,268,
North 24 Parganas,116,N24P-116,67,Panchayat Bhavan 67,363,344,1,708,48.59,54,7.6,427,84,5,568,P1,343,75.2,14.8,292,185,569,P1,False,A,1,,0,298,
North 24 Parganas,116,N24P-116,68,Health Sub-Centre 68,292,275,0,567,48.5,63,11.1,331,100,5,478,P1,231,69.2,20.9,189,149,431,P1,False,D,4,,0,239,
North 24 Parganas,116,N24P-116,69,Panchayat Bhavan 69,285,274,1,560,48.93,60,10.7,254,147,4,482,P1,107,52.7,30.5,273,146,466,P1,False,D,4,,0,236,
North 24 Parganas,116,N24P-116,70,Govt Office 70,396,368,1,765,48.1,55,7.2,351,213,10,651,P1,138,53.9,32.7,309,154,587,P1,False,B,3,,0,322,
North 24 Parganas,116,N24P-116,71,Panchayat Bhavan 71,280,264,1,545,48.44,63,11.6,286,120,3,452,P1,166,63.3,26.5,262,91,429,P1,False,D,4,,0,229,
North 24 Parganas,116,N24P-116,72,Panchayat Bhavan 72,322,312,1,635,49.13,43,6.8,310,130,3,489,P1,180,63.4,26.6,266,159,505,P1,False,B,3,,0,267,
North 24 Parganas,116,N24P-116,73,Primary School 73,273,277,0,550,50.36,42,7.6,257,121,4,420,P1,136,61.2,28.8,287,134,468,P1,False,B,3,,0,231,
North 24 Parganas,116,N24P-116,74,Community Hall 74,267,248,1,516,48.06,44,8.5,272,111,3,425,P1,161,64.0,26.1,265,134,443,P1,False,B,3,,0,217,
North 24 Parganas,116,N24P-116,75,Panchayat Bhavan 75,356,341,0,697,48.92,71,10.2,292,144,5,542,P1,148,53.9,26.6,311,191,558,P1,False,D,4,,0,293,
North 24 Parganas,116,N24P-116,76,Temple Hall 76,394,356,1,751,47.4,51,6.8,358,215,9,648,P1,143,55.2,33.2,378,188,629,P1,False,B,3,,0,316,
North 24 Parganas,116,N24P-116,77,Health Sub-Centre 77,313,318,0,631,50.4,41,6.5,275,170,5,495,P1,105,55.6,34.3,313,97,546,P1,False,B,3,,0,266,
North 24 Parganas,116,N24P-116,78,Panchayat Bhavan 78,322,319,0,641,49.77,63,9.8,271,173,7,543,P1,98,49.9,31.9,272,197,521,P1,False,B,3,,0,270,
North 24 Parganas,116,N24P-116,79,High School 79,397,382,0,779,49.04,55,7.1,349,141,6,608,P1,208,57.4,23.2,385,162,608,P1,False,B,3,,0,328,
North 24 Parganas,116,N24P-116,80,Panchayat Bhavan 80,253,236,1,490,48.16,49,10.0,245,93,2,375,P1,152,65.3,24.8,186,130,396,P1,False,A,1,,0,206,
North 24 Parganas,116,N24P-116,81,Anganwadi Centre 81,311,280,0,591,47.38,42,7.1,291,115,6,471,P1,176,61.8,24.4,353,104,507,P1,False,B,3,,0,249,
North 24 Parganas,116,N24P-116,82,Community Hall 82,398,358,0,756,47.35,79,10.4,339,161,6,577,P1,178,58.8,27.9,389,193,647,P1,False,D,4,,0,318,
North 24 Parganas,116,N24P-116,83,Temple Hall 83,252,248,1,501,49.5,33,6.6,231,117,8,433,P1,114,53.3,27.0,209,140,389,P1,False,B,3,,0,211,
North 24 Parganas,116,N24P-116,84,Club Building 84,257,232,1,490,47.35,38,7.8,220,138,6,423,P1,82,52.0,32.6,214,130,382,P1,False,B,3,,0,206,
North 24 Parganas,116,N24P-116,85,Madrasa 85,380,356,1,737,48.3,71,9.6,373,167,9,629,P1,206,59.3,26.6,280,192,577,P1,False,B,3,,0,310,
North 24 Parganas,116,N24P-116,86,Govt Office 86,328,318,1,647,49.15,45,7.0,266,161,3,491,P1,105,54.2,32.8,300,175,537,P1,False,B,3,,0,272,
North 24 Parganas,116,N24P-116,87,Post Office 87,289,273,1,563,48.49,64,11.4,253,137,3,453,P1,116,55.8,30.2,279,135,461,P1,False,D,4,,0,237,
North 24 Parganas,116,N24P-116,88,Madrasa 88,345,333,1,679,49.04,68,10.0,303,131,6,544,P1,172,55.7,24.1,396,128,583,P1,False,B,3,,0,286,
North 24 Parganas,116,N24P-116,89,Community Hall 89,335,331,1,667,49.63,47,7.0,385,108,3,548,P1,277,70.3,19.7,352,156,565,P1,False,A,1,,0,281,
North 24 Parganas,116,N24P-116,90,Post Office 90,279,272,1,552,49.28,55,10.0,354,72,4,473,P1,282,74.8,15.2,239,146,432,P1,False,A,1,,0,232,
North 24 Parganas,116,N24P-116,91,Govt Office 91,345,309,0,654,47.25,46,7.0,274,169,3,526,P1,105,52.1,32.1,299,215,571,P1,False,B,3,,0,275,
North 24 Parganas,116,N24P-116,92,Post Office 92,346,317,1,664,47.74,51,7.7,289,192,5,566,P1,97,51.1,33.9,312,190,559,P1,False,B,3,,0,279,
North 24 Parganas,116,N24P-116,93,Govt Office 93,323,316,0,639,49.45,59,9.2,282,160,3,491,P1,122,57.4,32.6,335,148,537,P1,False,B,3,,0,269,
North 24 Parganas,116,N24P-116,94,Primary School 94,297,270,1,568,47.54,63,11.1,236,138,7,481,P1,98,49.1,28.7,257,159,463,P1,False,D,4,,0,239,
North 24 Parganas,116,N24P-116,95,Govt Office 95,390,402,1,793,50.69,85,10.7,346,203,5,647,P1,143,53.5,31.4,304,174,601,P1,False,D,4,,0,334,
North 24 Parganas,116,N24P-116,96,Community Hall 96,294,283,0,577,49.05,57,9.9,232,111,4,442,P1,121,52.5,25.1,235,106,457,P1,False,B,3,,0,243,
North 24 Parganas,116,N24P-116,97,Temple Hall 97,402,389,0,791,49.18,55,7.0,324,219,10,645,P1,105,50.2,34.0,413,200,681,P1,False,B,3,,0,333,
North 24 Parganas,116,N24P-116,98,Temple Hall 98,327,300,0,627,47.85,41,6.5,254,174,2,475,P1,80,53.5,36.6,339,141,534,P1,False,B,3,,0,264,
North 24 Parganas,116,N24P-116,99,Post Office 99,298,294,1,593,49.58,68,11.5,315,140,4,506,P1,175,62.3,27.7,274,104,513,P1,False,D,4,,0,250,
North 24 Parganas,116,N24P-116,100,Govt Office 100,359,351,0,710,49.44,69,9.7,356,147,5,559,P1,209,63.7,26.3,296,184,581,P1,False,B,3,,0,299,
North 24 Parganas,116,N24P-116,101,Health Sub-Centre 101,320,289,0,609,47.45,46,7.6,268,131,5,468,P1,137,57.3,28.0,204,148,496,P1,False,B,3,,0,256,
North 24 Parganas,116,N24P-116,102,Club Building 102,340,336,0,676,49.7,78,11.5,329,149,4,531,P1,180,62.0,28.1,333,157,544,P1,False,D,4,,0,284,
North 24 Parganas,116,N24P-116,103,Post Office 103,278,277,0,555,49.91,40,7.2,219,131,7,451,P1,88,48.6,29.0,333,92,472,P1,False,B,3,,0,234,
North 24 Parganas,116,N24P-116,104,Panchayat Bhavan 104,330,323,0,653,49.46,65,10.0,319,170,5,549,P1,149,58.1,31.0,341,122,514,P1,False,B,3,,0,275,
North 24 Parganas,116,N24P-116,105,Post Office 105,373,345,1,719,47.98,82,11.4,326,151,11,576,P1,175,56.6,26.2,369,167,623,P1,False,D,4,,0,303,
North 24 Parganas,116,N24P-116,106,Primary School 106,363,356,0,719,49.51,54,7.5,312,183,6,623,P1,129,50.1,29.4,367,126,548,P1,False,B,3,,0,303,
North 24 Parganas,116,N24P-116,107,Health Sub-Centre 107,362,339,1,702,48.29,63,9.0,395,141,2,596,P1,254,66.3,23.7,316,172,543,P1,False,A,1,,0,295,
North 24 Parganas,116,N24P-116,108,Madrasa 108,282,270,1,553,48.82,64,11.6,275,138,2,459,P1,137,59.9,30.1,293,123,462,P1,False,D,4,,0,233,
North 24 Parganas,116,N24P-116,109,Anganwadi Centre 109,312,320,1,633,50.55,72,11.4,301,154,4,506,P1,147,59.5,30.4,300,138,486,P1,False,D,4,,0,266,
North 24 Parganas,116,N24P-116,110,Market Building 110,383,396,1,780,50.77,85,10.9,311,206,16,654,P1,105,47.6,31.5,392,156,609,P1,False,D,4,,0,328,
North 24 Parganas,116,N24P-116,111,Panchayat Bhavan 111,399,406,1,806,50.37,74,9.2,424,132,12,693,P1,292,61.2,19.0,399,170,632,P1,False,B,3,,0,339,
North 24 Parganas,116,N24P-116,112,Temple Hall 112,424,381,0,805,47.33,94,11.7,414,193,7,703,P1,221,58.9,27.5,440,143,661,P1,False,D,4,,0,339,
North 24 Parganas,116,N24P-116,113,Health Sub-Centre 113,365,365,1,731,49.93,78,10.7,348,166,6,571,P1,182,60.9,29.1,337,183,620,P1,False,D,4,,0,308,
North 24 Parganas,116,N24P-116,114,Market Building 114,262,269,1,532,50.56,62,11.7,272,116,3,431,P1,156,63.1,26.9,276,122,458,P1,False,D,4,,0,224,
North 24 Parganas,116,N24P-116,115,Club Building 115,269,275,0,544,50.55,37,6.8,202,184,3,429,P1,18,47.1,42.9,263,145,454,P1,False,B,3,,0,229,
North 24 Parganas,116,N24P-116,116,Anganwadi Centre 116,384,368,0,752,48.94,75,10.0,443,149,5,657,P1,294,67.4,22.7,247,193,579,P1,False,A,1,,0,316,
North 24 Parganas,116,N24P-116,117,Madrasa 117,251,239,0,490,48.78,39,8.0,245,128,3,414,P1,117,59.2,30.9,180,120,376,P1,False,B,3,,0,206,
North 24 Parganas,116,N24P-116,118,Madrasa 118,357,324,1,682,47.51,74,10.9,244,102,14,518,P1,91,47.1,19.7,261,173,586,P1,False,D,4,,0,287,
North 24 Parganas,116,N24P-116,119,Post Office 119,332,334,0,666,50.15,62,9.3,362,96,5,509,P1,266,71.1,18.9,228,158,547,P1,False,A,1,,0,280,
North 24 Parganas,116,N24P-116,120,Health Sub-Centre 120,316,317,0,633,50.08,74,11.7,271,165,4,515,P1,106,52.6,32.0,364,126,544,P1,False,D,4,,0,266,
North 24 Parganas,116,N24P-116,121,High School 121,382,363,1,746,48.66,56,7.5,334,184,10,640,P1,150,52.2,28.7,435,132,630,P1,False,B,3,,0,314,
North 24 Parganas,116,N24P-116,122,High School 122,270,254,0,524,48.47,45,8.6,282,122,5,449,P1,160,62.8,27.2,244,89,414,P1,False,B,3,,0,221,
North 24 Parganas,116,N24P-116,123,Govt Office 123,382,346,1,729,47.46,52,7.1,283,184,9,565,P1,99,50.1,32.6,314,179,575,P1,False,B,3,,0,307,
North 24 Parganas,116,N24P-116,124,High School 124,401,382,0,783,48.79,49,6.3,351,238,3,673,P1,113,52.2,35.4,379,162,601,P1,False,B,3,,0,330,
North 24 Parganas,116,N24P-116,125,Market Building 125,285,290,0,575,50.43,61,10.6,265,131,5,440,P1,134,60.2,29.8,282,151,481,P1,False,D,4,,0,242,
North 24 Parganas,116,N24P-116,126,Govt Office 126,277,261,1,539,48.42,49,9.1,249,150,2,455,P1,99,54.7,33.0,259,125,452,P1,False,B,3,,0,227,
North 24 Parganas,116,N24P-116,127,Primary School 127,403,408,0,811,50.31,80,9.9,308,201,11,633,P1,107,48.7,31.8,319,122,616,P1,False,B,3,,0,341,
North 24 Parganas,116,N24P-116,128,High School 128,357,322,0,679,47.42,71,10.5,310,191,4,587,P1,119,52.8,32.5,335,140,537,P1,False,D,4,,0,286,
North 24 Parganas,116,N24P-116,129,Club Building 129,346,339,1,686,49.42,80,11.7,267,169,9,543,P1,98,49.2,31.1,419,118,596,P1,False,D,4,,0,289,
North 24 Parganas,116,N24P-116,130,Panchayat Bhavan 130,417,374,1,792,47.22,64,8.1,397,184,6,645,P1,213,61.6,28.5,342,193,681,P1,False,B,3,,0,333,
North 24 Parganas,116,N24P-116,131,Health Sub-Centre 131,324,325,1,650,50.0,54,8.3,305,148,2,503,P1,157,60.6,29.4,313,149,524,P1,False,B,3,,0,274,
North 24 Parganas,116,N24P-116,132,Anganwadi Centre 132,273,271,0,544,49.82,61,11.2,212,148,4,416,P1,64,51.0,35.6,259,116,416,P1,False,D,4,,0,229,
North 24 Parganas,116,N24P-116,133,Anganwadi Centre 133,318,314,0,632,49.68,45,7.1,325,128,5,523,P1,197,62.1,24.5,292,137,493,P1,False,B,3,,0,266,
North 24 Parganas,116,N24P-116,134,Govt Office 134,241,239,0,480,49.79,37,7.7,213,117,3,366,P1,96,58.2,32.0,210,154,412,P1,False,B,3,,0,202,
North 24 Parganas,116,N24P-116,135,Temple Hall 135,369,365,0,734,49.73,80,10.9,302,161,10,584,P1,141,51.7,27.6,306,162,556,P1,False,D,4,,0,309,
North 24 Parganas,116,N24P-116,136,Madrasa 136,361,361,0,722,50.0,70,9.7,333,187,6,605,P1,146,55.0,30.9,250,110,568,P1,False,B,3,,0,304,
North 24 Parganas,116,N24P-116,137,High School 137,366,345,0,711,48.52,62,8.7,345,210,3,617,P1,135,55.9,34.0,294,127,564,P1,False,B,3,,0,299,
North 24 Parganas,116,N24P-116,138,Panchayat Bhavan 138,297,275,0,572,48.08,59,10.3,254,172,5,491,P1,82,51.7,35.0,272,133,450,P1,False,D,4,,0,241,
North 24 Parganas,116,N24P-116,139,Madrasa 139,323,310,0,633,48.97,65,10.3,300,146,3,538,P1,154,55.8,27.1,274,108,496,P1,False,D,4,,0,266,
North 24 Parganas,116,N24P-116,140,High School 140,346,343,0,689,49.78,75,10.9,304,162,4,537,P1,142,56.6,30.2,347,145,593,P1,False,D,4,,0,290,
North 24 Parganas,116,N24P-116,141,Temple Hall 141,369,337,0,706,47.73,58,8.2,299,205,4,588,P1,94,50.9,34.9,309,165,552,P1,False,B,3,,0,297,
North 24 Parganas,116,N24P-116,142,Club Building 142,256,252,1,509,49.51,49,9.6,312,75,3,430,P1,237,72.6,17.4,185,151,405,P1,False,A,1,,0,214,
North 24 Parganas,116,N24P-116,143,High School 143,294,293,0,587,49.91,63,10.7,248,155,2,468,P1,93,53.0,33.1,223,162,444,P1,False,D,4,,0,247,
North 24 Parganas,116,N24P-116,144,Primary School 144,375,372,1,748,49.73,53,7.1,437,137,3,638,P1,300,68.5,21.5,269,202,575,P1,False,A,1,,0,315,
North 24 Parganas,116,N24P-116,145,Health Sub-Centre 145,426,386,1,813,47.48,79,9.7,352,206,9,640,P1,146,55.0,32.2,424,135,621,P1,False,B,3,,0,342,
North 24 Parganas,116,N24P-116,146,Community Hall 146,302,284,1,587,48.38,62,10.6,272,147,7,510,P1,125,53.3,28.8,256,156,458,P1,False,D,4,,0,247,
North 24 Parganas,116,N24P-116,147,High School 147,325,306,0,631,48.49,58,9.2,286,164,5,518,P1,122,55.2,31.7,218,166,501,P1,False,B,3,,0,266,
North 24 Parganas,116,N24P-116,148,Govt Office 148,398,362,0,760,47.63,48,6.3,412,181,3,659,P1,231,62.5,27.5,346,187,660,P1,False,B,3,,0,320,
North 24 Parganas,116,N24P-116,149,Primary School 149,342,320,1,663,48.27,42,6.3,323,125,11,559,P1,198,57.8,22.4,286,233,576,P1,False,B,3,,0,279,
North 24 Parganas,116,N24P-116,150,Community Hall 150,393,382,0,775,49.29,62,8.0,348,215,3,633,P1,133,55.0,34.0,378,224,669,P1,False,B,3,,0,326,
North 24 Parganas,116,N24P-116,151,Madrasa 151,276,256,0,532,48.12,42,7.9,348,43,3,435,P1,305,80.0,9.9,249,72,429,P1,False,A,1,,0,224,
North 24 Parganas,116,N24P-116,152,Club Building 152,312,309,1,622,49.68,45,7.2,353,114,2,518,P1,239,68.1,22.0,283,123,470,P1,False,A,1,,0,262,
North 24 Parganas,116,N24P-116,153,High School 153,305,304,1,610,49.84,40,6.6,313,105,2,464,P1,208,67.5,22.6,260,181,513,P1,False,A,1,,0,257,
North 24 Parganas,116,N24P-116,154,Temple Hall 154,411,400,1,812,49.26,85,10.5,263,187,16,639,P1,76,41.2,29.3,386,227,681,P1,False,D,4,,0,342,
North 24 Parganas,116,N24P-116,155,Panchayat Bhavan 155,275,270,1,546,49.45,53,9.7,228,157,2,428,P1,71,53.3,36.7,223,172,447,P1,False,B,3,,0,230,
North 24 Parganas,116,N24P-116,156,Panchayat Bhavan 156,350,339,0,689,49.2,68,9.9,275,158,10,527,P1,117,52.2,30.0,364,175,598,P1,False,B,3,,0,290,
North 24 Parganas,116,N24P-116,157,Panchayat Bhavan 157,271,253,1,525,48.19,58,11.0,279,109,2,431,P1,170,64.7,25.3,225,152,419,P1,False,D,4,,0,221,
North 24 Parganas,116,N24P-116,158,Post Office 158,412,383,0,795,48.18,80,10.1,366,203,4,633,P1,163,57.8,32.1,373,204,641,P1,False,D,4,,0,335,
North 24 Parganas,116,N24P-116,159,Health Sub-Centre 159,273,274,1,548,50.0,35,6.4,282,101,4,426,P1,181,66.2,23.7,281,126,464,P1,False,A,1,,0,231,
North 24 Parganas,116,N24P-116,160,Market Building 160,304,303,1,608,49.84,68,11.2,309,146,2,506,P1,163,61.1,28.9,329,110,487,P1,False,D,4,,0,256,
North 24 Parganas,116,N24P-116,161,Primary School 161,385,359,1,745,48.19,61,8.2,302,219,6,578,P1,83,52.2,37.9,403,134,596,P1,False,B,3,,0,314,
North 24 Parganas,116,N24P-116,162,Temple Hall 162,297,272,1,570,47.72,40,7.0,262,125,4,440,P1,137,59.5,28.4,237,119,446,P1,False,B,3,,0,240,
North 24 Parganas,116,N24P-116,163,Govt Office 163,358,369,0,727,50.76,49,6.7,417,136,7,614,P1,281,67.9,22.1,433,134,630,P1,False,A,1,,0,306,
North 24 Parganas,116,N24P-116,164,Club Building 164,269,260,0,529,49.15,44,8.3,191,156,5,447,P1,35,42.7,34.9,271,122,437,P1,False,B,3,,0,223,
North 24 Parganas,116,N24P-116,165,Madrasa 165,349,353,0,702,50.28,59,8.4,323,171,2,549,P1,152,58.8,31.1,302,174,608,P1,False,B,3,,0,295,
North 24 Parganas,116,N24P-116,166,Temple Hall 166,292,278,0,570,48.77,47,8.2,249,117,5,443,P1,132,56.2,26.4,215,100,453,P1,False,B,3,,0,240,
North 24 Parganas,116,N24P-116,167,Madrasa 167,323,301,1,625,48.16,70,11.2,240,180,8,504,P1,60,47.6,35.7,285,140,535,P1,False,D,4,,0,263,
North 24 Parganas,116,N24P-116,168,Club Building 168,272,270,0,542,49.82,46,8.5,270,143,5,463,P1,127,58.3,30.9,259,126,442,P1,False,B,3,,0,228,
North 24 Parganas,116,N24P-116,169,High School 169,360,345,0,705,48.94,57,8.1,325,135,4,547,P1,190,59.4,24.7,367,180,608,P1,False,B,3,,0,297,
North 24 Parganas,116,N24P-116,170,Primary School 170,240,243,0,483,50.31,53,11.0,211,122,4,370,P1,89,57.0,33.0,246,95,379,P1,False,D,4,,0,203,
North 24 Parganas,116,N24P-116,171,Community Hall 171,359,332,1,692,47.98,72,10.4,396,105,4,557,P1,291,71.1,18.9,295,181,528,P1,False,D,4,,0,291,
North 24 Parganas,116,N24P-116,172,High School 172,289,292,1,582,50.17,62,10.7,208,197,9,488,P1,11,42.6,40.4,317,83,444,P1,False,D,4,,0,245,
North 24 Parganas,116,N24P-116,173,Govt Office 173,245,243,1,489,49.69,36,7.4,214,131,3,384,P1,83,55.7,34.1,194,145,377,P1,False,B,3,,0,206,
North 24 Parganas,116,N24P-116,174,Community Hall 174,331,317,1,649,48.84,57,8.8,283,179,3,518,P1,104,54.6,34.6,304,151,506,P1,False,B,3,,0,273,
North 24 Parganas,116,N24P-116,175,Panchayat Bhavan 175,285,288,1,574,50.17,62,10.8,272,144,4,462,P1,128,58.9,31.2,217,145,486,P1,False,D,4,,0,242,
North 24 Parganas,116,N24P-116,176,Anganwadi Centre 176,338,313,1,652,48.01,75,11.5,275,177,4,502,P1,98,54.8,35.3,279,135,505,P1,False,D,4,,0,274,
North 24 Parganas,116,N24P-116,177,Health Sub-Centre 177,372,340,1,713,47.69,80,11.2,299,162,12,566,P1,137,52.8,28.6,278,150,571,P1,False,D,4,,0,300,
North 24 Parganas,116,N24P-116,178,Govt Office 178,353,341,0,694,49.14,53,7.6,323,177,8,600,P1,146,53.8,29.5,372,167,599,P1,False,B,3,,0,292,
North 24 Parganas,116,N24P-116,179,Madrasa 179,279,283,0,562,50.36,46,8.2,254,131,7,455,P1,123,55.8,28.8,242,167,491,P1,False,B,3,,0,237,
North 24 Parganas,116,N24P-116,180,Post Office 180,257,236,0,493,47.87,54,11.0,283,100,5,425,P1,183,66.6,23.5,262,84,384,P1,False,D,4,,0,207,
North 24 Parganas,116,N24P-116,181,Market Building 181,366,341,1,708,48.16,59,8.3,270,215,8,562,P1,55,48.0,38.3,306,165,547,P1,False,B,3,,0,298,
North 24 Parganas,116,N24P-116,182,Health Sub-Centre 182,410,366,0,776,47.16,80,10.3,430,132,7,625,P1,298,68.8,21.1,363,179,631,P1,False,D,4,,0,327,
North 24 Parganas,116,N24P-116,183,Panchayat Bhavan 183,311,299,0,610,49.02,40,6.6,311,165,4,529,P1,146,58.8,31.2,272,151,470,P1,False,B,3,,0,257,
North 24 Parganas,116,N24P-116,184,Health Sub-Centre 184,358,365,1,724,50.41,74,10.2,348,153,5,557,P1,195,62.5,27.5,339,198,604,P1,False,D,4,,0,305,
North 24 Parganas,116,N24P-116,185,Temple Hall 185,362,369,1,732,50.41,81,11.1,348,177,6,583,P1,171,59.7,30.4,342,211,629,P1,False,D,4,,0,308,
North 24 Parganas,116,N24P-116,186,High School 186,340,311,0,651,47.77,44,6.8,242,204,6,508,P1,38,47.6,40.2,318,149,522,P1,False,B,3,,0,274,
North 24 Parganas,116,N24P-116,187,Primary School 187,403,397,0,800,49.62,73,9.1,352,229,4,671,P1,123,52.5,34.1,415,133,609,P1,False,B,3,,0,337,
North 24 Parganas,116,N24P-116,188,Panchayat Bhavan 188,336,300,0,636,47.17,52,8.2,307,178,7,553,P1,129,55.5,32.2,287,160,497,P1,False,B,3,,0,268,
North 24 Parganas,116,N24P-116,189,Primary School 189,403,415,0,818,50.73,55,6.7,354,264,4,686,P1,90,51.6,38.5,411,98,712,P1,False,B,3,,0,344,
North 24 Parganas,116,N24P-116,190,Market Building 190,298,277,1,576,48.09,49,8.5,230,171,3,455,P1,59,50.5,37.6,242,113,456,P1,False,B,3,,0,242,
North 24 Parganas,116,N24P-116,191,Panchayat Bhavan 191,297,289,1,587,49.23,56,9.5,301,119,3,467,P1,182,64.5,25.5,238,164,447,P1,False,B,3,,0,247,
North 24 Parganas,116,N24P-116,192,Govt Office 192,330,333,0,663,50.23,53,8.0,239,194,7,537,P1,45,44.5,36.1,302,153,505,P1,False,B,3,,0,279,
North 24 Parganas,116,N24P-116,193,Panchayat Bhavan 193,272,256,1,529,48.39,53,10.0,223,143,2,407,P1,80,54.8,35.1,250,124,415,P1,False,B,3,,0,223,
North 24 Parganas,117,N24P-117,1,Market Building 1,352,333,1,686,48.54,35,5.1,312,172,6,558,P1,140,55.9,30.8,317,180,583,P1,False,B,3,,0,289,
North 24 Parganas,117,N24P-117,2,Health Sub-Centre 2,295,280,1,576,48.61,39,6.8,251,190,4,496,P1,61,50.6,38.3,324,109,481,P1,False,B,3,,0,242,
North 24 Parganas,117,N24P-117,3,Anganwadi Centre 3,336,335,1,672,49.85,43,6.4,313,163,2,529,P1,150,59.2,30.8,295,119,520,P1,False,B,3,,0,283,
North 24 Parganas,117,N24P-117,4,Health Sub-Centre 4,260,255,1,516,49.42,27,5.2,272,124,3,440,P1,148,61.8,28.2,273,126,443,P1,False,B,3,,0,217,
North 24 Parganas,117,N24P-117,5,Panchayat Bhavan 5,320,324,0,644,50.31,46,7.1,278,125,8,514,P1,153,54.1,24.3,374,86,511,P1,False,B,3,,0,271,
North 24 Parganas,117,N24P-117,6,Madrasa 6,400,408,1,809,50.43,55,6.8,255,213,14,638,P1,42,40.0,33.4,407,206,687,P1,False,B,3,,0,340,
North 24 Parganas,117,N24P-117,7,Anganwadi Centre 7,334,310,0,644,48.14,44,6.8,300,96,10,508,P1,203,59.1,18.9,255,174,528,P1,False,B,3,,0,271,
North 24 Parganas,117,N24P-117,8,Post Office 8,346,333,0,679,49.04,50,7.4,264,232,4,557,P1,32,47.4,41.7,328,160,542,P1,False,B,3,,0,286,
North 24 Parganas,117,N24P-117,9,Health Sub-Centre 9,325,316,0,641,49.3,34,5.3,273,176,5,498,P1,97,54.8,35.3,364,134,555,P1,False,B,3,,0,270,
North 24 Parganas,117,N24P-117,10,High School 10,307,279,1,587,47.53,36,6.1,261,92,12,512,P1,118,51.0,18.0,250,136,444,P1,False,B,3,,0,247,
North 24 Parganas,117,N24P-117,11,Panchayat Bhavan 11,336,346,1,683,50.66,30,4.4,337,145,7,590,P1,192,57.1,24.6,308,193,556,P1,False,B,3,,0,287,
North 24 Parganas,117,N24P-117,12,Health Sub-Centre 12,301,303,0,604,50.17,40,6.6,324,112,2,484,P1,212,66.9,23.1,314,113,474,P1,False,A,1,,0,254,
North 24 Parganas,117,N24P-117,13,Madrasa 13,252,245,0,497,49.3,37,7.4,315,39,3,394,P1,276,79.9,9.9,241,111,412,P1,False,A,1,,0,209,
North 24 Parganas,117,N24P-117,14,Health Sub-Centre 14,306,305,1,612,49.84,41,6.7,255,167,2,469,P1,88,54.4,35.6,269,134,477,P1,False,B,3,,0,258,
North 24 Parganas,117,N24P-117,15,Post Office 15,293,274,1,568,48.24,28,4.9,243,127,9,451,P1,116,53.9,28.2,248,111,435,P1,False,B,3,,0,239,
North 24 Parganas,117,N24P-117,16,Market Building 16,240,241,1,482,50.0,23,4.8,166,137,4,372,P1,29,44.6,36.8,160,95,366,P1,False,B,3,,0,203,
North 24 Parganas,117,N24P-117,17,Primary School 17,404,368,1,773,47.61,57,7.4,433,167,7,666,P1,266,65.0,25.1,446,133,643,P1,False,B,3,,0,325,
North 24 Parganas,117,N24P-117,18,Post Office 18,359,339,1,699,48.5,48,6.9,340,153,7,574,P1,187,59.2,26.7,384,111,550,P1,False,B,3,,0,294,
North 24 Parganas,117,N24P-117,19,Club Building 19,352,331,0,683,48.46,50,7.3,339,126,10,575,P1,213,59.0,21.9,347,155,558,P1,False,B,3,,0,287,
North 24 Parganas,117,N24P-117,20,Anganwadi Centre 20,365,361,1,727,49.66,47,6.5,284,144,13,581,P1,140,48.9,24.8,376,182,632,P1,False,B,3,,0,306,
North 24 Parganas,117,N24P-117,21,Madrasa 21,250,238,0,488,48.77,31,6.4,205,132,4,375,P1,73,54.7,35.2,270,76,385,P1,False,B,3,,0,205,
North 24 Parganas,117,N24P-117,22,Community Hall 22,277,254,0,531,47.83,28,5.3,223,125,3,425,P1,98,52.5,29.4,281,95,449,P1,False,B,3,,0,223,
North 24 Parganas,117,N24P-117,23,Panchayat Bhavan 23,342,325,0,667,48.73,34,5.1,279,154,7,518,P1,125,53.9,29.7,328,145,525,P1,False,B,3,,0,281,
North 24 Parganas,117,N24P-117,24,Club Building 24,319,314,1,634,49.53,46,7.3,308,166,2,527,P1,142,58.4,31.5,278,145,489,P1,False,B,3,,0,267,
North 24 Parganas,117,N24P-117,25,Govt Office 25,340,309,0,649,47.61,31,4.8,283,193,3,559,P1,90,50.6,34.5,339,133,552,P1,False,B,3,,0,273,
North 24 Parganas,117,N24P-117,26,Post Office 26,292,296,1,589,50.25,27,4.6,219,149,8,480,P1,70,45.6,31.0,273,168,490,P1,False,B,3,,0,248,
North 24 Parganas,117,N24P-117,27,Post Office 27,360,324,1,685,47.3,48,7.0,433,62,4,550,P1,371,78.7,11.3,335,199,594,P1,False,A,1,,0,288,
North 24 Parganas,117,N24P-117,28,Market Building 28,338,350,1,689,50.8,37,5.4,328,166,2,548,P1,162,59.9,30.3,297,168,593,P1,False,B,3,,0,290,
North 24 Parganas,117,N24P-117,29,Anganwadi Centre 29,367,333,1,701,47.5,47,6.7,364,154,4,575,P1,210,63.3,26.8,322,162,546,P1,False,B,3,,0,295,
North 24 Parganas,117,N24P-117,30,Community Hall 30,383,377,0,760,49.61,40,5.3,359,151,4,575,P1,208,62.4,26.3,358,184,629,P1,False,B,3,,0,320,
North 24 Parganas,117,N24P-117,31,Post Office 31,320,291,1,612,47.55,26,4.2,283,109,4,471,P1,174,60.1,23.1,272,146,498,P1,False,B,3,,0,258,
North 24 Parganas,117,N24P-117,32,Health Sub-Centre 32,386,390,0,776,50.26,42,5.4,343,226,3,632,P1,117,54.3,35.8,326,174,658,P1,False,B,3,,0,327,
North 24 Parganas,117,N24P-117,33,Anganwadi Centre 33,408,372,0,780,47.69,35,4.5,384,167,7,612,P1,217,62.7,27.3,512,90,669,P1,False,B,3,,0,328,
North 24 Parganas,117,N24P-117,34,Post Office 34,265,266,0,531,50.09,36,6.8,278,91,3,410,P1,187,67.8,22.2,246,133,421,P1,False,A,1,,0,223,
North 24 Parganas,117,N24P-117,35,Anganwadi Centre 35,295,294,0,589,49.92,45,7.6,308,126,3,482,P1,182,63.9,26.1,226,188,460,P1,False,B,3,,0,248,
North 24 Parganas,117,N24P-117,36,High School 36,257,247,0,504,49.01,39,7.7,237,109,2,385,P1,128,61.6,28.3,231,126,424,P1,False,B,3,,0,212,
North 24 Parganas,117,N24P-117,37,Post Office 37,261,259,1,521,49.71,40,7.7,187,170,6,445,P1,17,42.0,38.2,243,121,411,P1,False,B,3,,0,219,
North 24 Parganas,117,N24P-117,38,Post Office 38,304,310,1,615,50.41,32,5.2,287,144,6,479,P1,143,59.9,30.1,303,114,531,P1,False,B,3,,0,259,
North 24 Parganas,117,N24P-117,39,Panchayat Bhavan 39,367,380,1,748,50.8,42,5.6,342,189,5,611,P1,153,56.0,30.9,320,122,634,P1,False,B,3,,0,315,
North 24 Parganas,117,N24P-117,40,Health Sub-Centre 40,289,258,0,547,47.17,24,4.4,224,162,6,439,P1,62,51.0,36.9,228,127,454,P1,False,B,3,,0,230,
North 24 Parganas,117,N24P-117,41,Anganwadi Centre 41,257,266,1,524,50.76,30,5.7,293,87,5,423,P1,206,69.3,20.6,176,109,397,P1,False,A,1,,0,221,
North 24 Parganas,117,N24P-117,42,Market Building 42,316,293,0,609,48.11,45,7.4,338,126,3,515,P1,212,65.6,24.5,326,114,489,P1,False,A,1,,0,256,
North 24 Parganas,117,N24P-117,43,Anganwadi Centre 43,373,386,1,760,50.79,51,6.7,380,204,3,649,P1,176,58.6,31.4,441,124,627,P1,False,B,3,,0,320,
North 24 Parganas,117,N24P-117,44,Health Sub-Centre 44,363,372,0,735,50.61,40,5.4,342,181,7,581,P1,161,58.9,31.2,381,164,606,P1,False,B,3,,0,309,
North 24 Parganas,117,N24P-117,45,Madrasa 45,362,357,0,719,49.65,50,7.0,358,144,5,557,P1,214,64.3,25.9,367,172,598,P1,False,B,3,,0,303,
North 24 Parganas,117,N24P-117,46,Community Hall 46,298,297,1,596,49.83,27,4.5,276,134,4,456,P1,142,60.5,29.4,311,134,510,P1,False,B,3,,0,251,
North 24 Parganas,117,N24P-117,47,High School 47,252,237,1,490,48.37,33,6.7,231,121,3,403,P1,110,57.3,30.0,218,133,391,P1,False,B,3,,0,206,
North 24 Parganas,117,N24P-117,48,Temple Hall 48,406,368,1,775,47.48,57,7.4,407,201,8,675,P1,206,60.3,29.8,349,203,613,P1,False,B,3,,0,326,
North 24 Parganas,117,N24P-117,49,Market Building 49,400,387,1,788,49.11,36,4.6,325,224,3,616,P1,101,52.8,36.4,446,123,632,P1,False,B,3,,0,332,
North 24 Parganas,117,N24P-117,50,Community Hall 50,269,272,1,542,50.18,35,6.5,291,133,2,471,P1,158,61.8,28.2,257,141,446,P1,False,B,3,,0,228,
North 24 Parganas,117,N24P-117,51,Govt Office 51,290,275,1,566,48.59,42,7.4,261,131,4,437,P1,130,59.7,30.0,238,93,448,P1,False,B,3,,0,238,
North 24 Parganas,117,N24P-117,52,Primary School 52,273,278,1,552,50.36,34,6.2,287,130,1,464,P1,157,61.9,28.0,270,135,450,P1,False,B,3,,0,232,
North 24 Parganas,117,N24P-117,53,Govt Office 53,325,306,0,631,48.49,37,5.9,339,134,2,525,P1,205,64.6,25.5,250,152,513,P1,False,B,3,,0,266,
North 24 Parganas,117,N24P-117,54,Market Building 54,377,371,0,748,49.6,39,5.2,324,137,11,598,P1,187,54.2,22.9,293,269,625,P1,False,B,3,,0,315,
North 24 Parganas,117,N24P-117,55,Primary School 55,377,338,0,715,47.27,51,7.1,355,133,4,542,P1,222,65.5,24.5,374,175,609,P1,False,A,1,,0,301,
North 24 Parganas,117,N24P-117,56,Panchayat Bhavan 56,308,291,1,600,48.5,25,4.2,304,146,4,503,P1,158,60.4,29.0,241,144,463,P1,False,B,3,,0,253,
North 24 Parganas,117,N24P-117,57,Primary School 57,266,258,0,524,49.24,33,6.3,228,151,7,436,P1,77,52.3,34.6,182,141,399,P1,False,B,3,,0,221,
North 24 Parganas,117,N24P-117,58,Community Hall 58,256,239,0,495,48.28,36,7.3,265,122,3,430,P1,143,61.6,28.4,208,155,404,P1,False,B,3,,0,208,
North 24 Parganas,117,N24P-117,59,Govt Office 59,361,324,0,685,47.3,38,5.5,361,135,4,551,P1,226,65.5,24.5,396,121,574,P1,False,A,1,,0,288,
North 24 Parganas,117,N24P-117,60,Market Building 60,382,374,1,757,49.41,51,6.7,434,151,4,654,P1,283,66.4,23.1,300,141,577,P1,False,A,1,,0,319,
North 24 Parganas,117,N24P-117,61,Govt Office 61,413,401,1,815,49.2,54,6.6,342,222,3,626,P1,120,54.6,35.5,396,187,647,P1,False,B,3,,0,343,
North 24 Parganas,117,N24P-117,62,High School 62,342,342,0,684,50.0,36,5.3,248,182,16,572,P1,66,43.4,31.8,299,140,571,P1,False,B,3,,0,288,
North 24 Parganas,117,N24P-117,63,Primary School 63,419,394,0,813,48.46,59,7.3,399,187,3,651,P1,212,61.3,28.7,415,180,661,P1,False,B,3,,0,342,
North 24 Parganas,117,N24P-117,64,Primary School 64,390,372,1,763,48.75,33,4.3,286,209,8,630,P1,77,45.4,33.2,399,199,665,P1,False,B,3,,0,321,
North 24 Parganas,117,N24P-117,65,Temple Hall 65,305,312,0,617,50.57,44,7.1,283,136,3,471,P1,147,60.1,28.9,286,151,526,P1,False,B,3,,0,260,
North 24 Parganas,117,N24P-117,66,Anganwadi Centre 66,399,376,1,776,48.45,38,4.9,467,114,5,645,P1,353,72.4,17.7,369,203,636,P1,False,A,1,,0,327,
North 24 Parganas,117,N24P-117,67,Community Hall 67,240,248,1,489,50.72,37,7.6,242,136,4,421,P1,106,57.5,32.3,199,105,395,P1,False,B,3,,0,206,
North 24 Parganas,117,N24P-117,68,Community Hall 68,250,252,1,503,50.1,32,6.4,249,122,3,439,P1,127,56.7,27.8,181,97,383,P1,False,B,3,,0,212,
North 24 Parganas,117,N24P-117,69,Panchayat Bhavan 69,279,277,0,556,49.82,29,5.2,261,128,5,432,P1,133,60.4,29.6,284,124,468,P1,False,B,3,,0,234,
North 24 Parganas,117,N24P-117,70,Health Sub-Centre 70,336,327,1,664,49.25,39,5.9,302,212,2,575,P1,90,52.5,36.9,355,115,523,P1,False,B,3,,0,279,
North 24 Parganas,117,N24P-117,71,Anganwadi Centre 71,364,372,1,737,50.47,49,6.6,323,171,4,565,P1,152,57.2,30.3,311,165,563,P1,False,B,3,,0,310,
North 24 Parganas,117,N24P-117,72,Community Hall 72,429,389,1,819,47.5,53,6.5,371,238,5,677,P1,133,54.8,35.2,482,133,683,P1,False,B,3,,0,345,
North 24 Parganas,117,N24P-117,73,High School 73,374,370,1,745,49.66,42,5.6,390,194,4,649,P1,196,60.1,29.9,401,117,576,P1,False,B,3,,0,314,
North 24 Parganas,117,N24P-117,74,Community Hall 74,299,270,0,569,47.45,26,4.6,280,118,2,443,P1,162,63.2,26.6,278,135,459,P1,False,B,3,,0,239,
North 24 Parganas,117,N24P-117,75,Anganwadi Centre 75,396,374,1,771,48.51,42,5.4,385,205,6,655,P1,180,58.8,31.3,382,165,608,P1,False,B,3,,0,324,
North 24 Parganas,117,N24P-117,76,Primary School 76,420,388,1,809,47.96,63,7.8,327,186,7,614,P1,141,53.3,30.3,340,183,652,P1,False,B,3,,0,340,
North 24 Parganas,117,N24P-117,77,Panchayat Bhavan 77,355,325,0,680,47.79,48,7.1,365,138,5,558,P1,227,65.4,24.7,360,171,590,P1,False,A,1,,0,286,
North 24 Parganas,117,N24P-117,78,Temple Hall 78,339,311,1,651,47.77,39,6.0,375,132,4,563,P1,243,66.6,23.4,298,149,504,P1,False,A,1,,0,274,
North 24 Parganas,117,N24P-117,79,Panchayat Bhavan 79,302,285,0,587,48.55,30,5.1,244,163,9,486,P1,81,50.2,33.5,335,78,459,P1,False,B,3,,0,247,
North 24 Parganas,117,N24P-117,80,Primary School 80,371,373,1,745,50.07,37,5.0,351,211,5,625,P1,140,56.2,33.8,385,154,634,P1,False,B,3,,0,314,
North 24 Parganas,117,N24P-117,81,Govt Office 81,328,315,1,644,48.91,35,5.4,227,171,10,490,P1,56,46.3,34.9,232,176,535,P1,False,B,3,,0,271,
North 24 Parganas,117,N24P-117,82,Temple Hall 82,405,391,1,797,49.06,54,6.8,328,156,15,656,P1,172,50.0,23.8,426,152,642,P1,False,B,3,,0,335,
North 24 Parganas,117,N24P-117,83,Primary School 83,331,339,1,671,50.52,45,6.7,308,164,4,524,P1,144,58.8,31.3,300,196,559,P1,False,B,3,,0,282,
North 24 Parganas,117,N24P-117,84,Club Building 84,256,249,1,506,49.21,26,5.1,211,95,11,433,P1,100,48.7,21.9,214,140,393,P1,False,B,3,,0,213,
North 24 Parganas,117,N24P-117,85,Health Sub-Centre 85,279,260,1,540,48.15,26,4.8,256,136,5,461,P1,120,55.5,29.5,246,168,459,P1,False,B,3,,0,227,
North 24 Parganas,117,N24P-117,86,Club Building 86,297,307,1,605,50.74,30,5.0,250,145,5,475,P1,105,52.6,30.5,254,153,460,P1,False,B,3,,0,255,
North 24 Parganas,117,N24P-117,87,Health Sub-Centre 87,262,239,1,502,47.61,22,4.4,248,120,6,421,P1,128,58.9,28.5,224,134,423,P1,False,B,3,,0,211,
North 24 Parganas,117,N24P-117,88,Post Office 88,331,321,1,653,49.16,47,7.2,292,188,5,567,P1,104,51.5,33.2,331,170,557,P1,False,B,3,,0,275,
North 24 Parganas,117,N24P-117,89,Panchayat Bhavan 89,358,346,1,705,49.08,32,4.5,390,104,3,549,P1,286,71.0,18.9,315,184,555,P1,False,A,1,,0,297,
North 24 Parganas,117,N24P-117,90,Madrasa 90,283,266,1,550,48.36,43,7.8,268,114,4,425,P1,154,63.1,26.8,266,126,436,P1,False,B,3,,0,231,
North 24 Parganas,117,N24P-117,91,Panchayat Bhavan 91,298,292,0,590,49.49,30,5.1,273,107,7,447,P1,166,61.1,23.9,274,164,490,P1,False,B,3,,0,248,
North 24 Parganas,117,N24P-117,92,Anganwadi Centre 92,415,393,0,808,48.64,39,4.8,372,187,4,621,P1,185,59.9,30.1,363,191,616,P1,False,B,3,,0,340,
North 24 Parganas,117,N24P-117,93,Club Building 93,392,380,0,772,49.22,40,5.2,288,217,13,620,P1,71,46.5,35.0,402,132,593,P1,False,B,3,,0,325,
North 24 Parganas,117,N24P-117,94,High School 94,254,236,1,491,48.07,35,7.1,286,98,4,427,P1,188,67.0,23.0,218,117,415,P1,False,A,1,,0,207,
North 24 Parganas,117,N24P-117,95,Market Building 95,412,390,1,803,48.57,62,7.7,406,157,7,626,P1,249,64.9,25.1,393,158,644,P1,False,B,3,,0,338,
North 24 Parganas,117,N24P-117,96,Club Building 96,308,318,0,626,50.8,31,5.0,358,118,5,529,P1,240,67.7,22.3,305,145,546,P1,False,A,1,,0,263,
North 24 Parganas,117,N24P-117,97,Market Building 97,392,361,0,753,47.94,40,5.3,310,161,4,580,P1,149,53.4,27.8,327,220,608,P1,False,B,3,,0,317,
North 24 Parganas,117,N24P-117,98,High School 98,301,289,1,591,48.9,44,7.4,302,125,2,475,P1,177,63.6,26.3,296,133,477,P1,False,B,3,,0,249,
North 24 Parganas,117,N24P-117,99,Post Office 99,390,371,0,761,48.75,40,5.3,378,145,6,581,P1,233,65.1,25.0,324,243,629,P1,False,A,1,,0,320,
North 24 Parganas,117,N24P-117,100,Temple Hall 100,308,317,0,625,50.72,32,5.1,303,172,5,527,P1,131,57.5,32.6,302,153,514,P1,False,B,3,,0,263,
North 24 Parganas,117,N24P-117,101,Madrasa 101,291,263,1,555,47.39,25,4.5,246,126,4,450,P1,120,54.7,28.0,281,88,445,P1,False,B,3,,0,234,
North 24 Parganas,117,N24P-117,102,Club Building 102,326,307,1,634,48.42,35,5.5,282,158,8,514,P1,124,54.9,30.7,284,155,488,P1,False,B,3,,0,267,
North 24 Parganas,117,N24P-117,103,Temple Hall 103,352,326,1,679,48.01,29,4.3,365,108,6,525,P1,257,69.5,20.6,352,112,516,P1,False,A,1,,0,286,
North 24 Parganas,117,N24P-117,104,Panchayat Bhavan 104,302,285,0,587,48.55,35,6.0,375,84,4,510,P1,291,73.5,16.5,249,153,459,P1,False,A,1,,0,247,
North 24 Parganas,117,N24P-117,105,Govt Office 105,416,380,0,796,47.74,59,7.4,351,153,8,630,P1,198,55.7,24.3,346,214,623,P1,False,B,3,,0,335,
North 24 Parganas,117,N24P-117,106,Govt Office 106,291,295,1,587,50.26,42,7.2,306,114,2,466,P1,192,65.7,24.5,256,147,448,P1,False,A,1,,0,247,
North 24 Parganas,117,N24P-117,107,Anganwadi Centre 107,277,251,1,529,47.45,41,7.8,213,150,4,455,P1,63,46.8,33.0,248,115,403,P1,False,B,3,,0,223,
North 24 Parganas,117,N24P-117,108,Primary School 108,392,380,0,772,49.22,57,7.4,393,188,4,646,P1,205,60.8,29.1,373,171,638,P1,False,B,3,,0,325,
North 24 Parganas,117,N24P-117,109,Anganwadi Centre 109,319,314,1,634,49.53,31,4.9,368,127,4,549,P1,241,67.0,23.1,335,103,497,P1,False,A,1,,0,267,
North 24 Parganas,117,N24P-117,110,High School 110,301,289,0,590,48.98,42,7.1,322,87,2,455,P1,235,70.8,19.1,233,159,451,P1,False,A,1,,0,248,
North 24 Parganas,117,N24P-117,111,Post Office 111,295,273,1,569,47.98,28,4.9,278,129,5,452,P1,149,61.5,28.5,249,157,474,P1,False,B,3,,0,239,
North 24 Parganas,117,N24P-117,112,Temple Hall 112,385,386,0,771,50.06,55,7.1,384,201,2,650,P1,183,59.1,30.9,309,220,615,P1,False,B,3,,0,324,
North 24 Parganas,117,N24P-117,113,Anganwadi Centre 113,369,363,1,733,49.52,41,5.6,385,138,5,604,P1,247,63.7,22.8,364,166,589,P1,False,B,3,,0,308,
North 24 Parganas,117,N24P-117,114,Anganwadi Centre 114,254,229,0,483,47.41,31,6.4,207,151,2,398,P1,56,52.0,37.9,268,87,410,P1,False,B,3,,0,203,
North 24 Parganas,117,N24P-117,115,Primary School 115,417,380,0,797,47.68,60,7.5,398,154,4,614,P1,244,64.8,25.1,355,176,655,P1,False,B,3,,0,335,
North 24 Parganas,117,N24P-117,116,Primary School 116,266,247,1,514,48.05,37,7.2,201,121,4,402,P1,80,50.0,30.1,282,99,423,P1,False,B,3,,0,216,
North 24 Parganas,117,N24P-117,117,Community Hall 117,322,303,1,626,48.4,26,4.2,250,154,6,503,P1,96,49.7,30.6,284,142,523,P1,False,B,3,,0,263,
North 24 Parganas,117,N24P-117,118,Primary School 118,243,239,1,483,49.48,24,5.0,205,138,6,408,P1,67,50.2,33.8,218,119,374,P1,False,B,3,,0,203,
North 24 Parganas,117,N24P-117,119,High School 119,362,359,0,721,49.79,41,5.7,428,87,4,572,P1,341,74.8,15.2,304,157,560,P1,False,A,1,,0,303,
North 24 Parganas,117,N24P-117,120,Panchayat Bhavan 120,301,294,0,595,49.41,40,6.7,314,127,4,490,P1,187,64.1,25.9,270,151,484,P1,False,B,3,,0,250,
North 24 Parganas,117,N24P-117,121,Anganwadi Centre 121,349,340,1,690,49.28,33,4.8,356,170,3,584,P1,186,61.0,29.1,315,203,583,P1,False,B,3,,0,290,
North 24 Parganas,117,N24P-117,122,Club Building 122,306,296,0,602,49.17,42,7.0,330,129,2,510,P1,201,64.7,25.3,254,165,475,P1,False,B,3,,0,253,
North 24 Parganas,117,N24P-117,123,Health Sub-Centre 123,399,368,0,767,47.98,38,5.0,450,146,8,662,P1,304,68.0,22.1,308,147,646,P1,False,A,1,,0,323,
North 24 Parganas,117,N24P-117,124,Panchayat Bhavan 124,245,242,0,487,49.69,28,5.7,231,132,3,403,P1,99,57.3,32.8,169,83,377,P1,False,B,3,,0,205,
North 24 Parganas,117,N24P-117,125,Club Building 125,400,367,0,767,47.85,56,7.3,405,130,3,594,P1,275,68.2,21.9,339,182,598,P1,False,A,1,,0,323,
North 24 Parganas,117,N24P-117,126,Temple Hall 126,357,356,0,713,49.93,46,6.5,301,187,3,545,P1,114,55.2,34.3,445,56,556,P1,False,B,3,,0,300,
North 24 Parganas,117,N24P-117,127,Community Hall 127,361,326,0,687,47.45,50,7.3,329,189,2,575,P1,140,57.2,32.9,332,140,563,P1,False,B,3,,0,289,
North 24 Parganas,117,N24P-117,128,Anganwadi Centre 128,370,365,0,735,49.66,31,4.2,296,238,7,631,P1,58,46.9,37.7,291,253,604,P1,False,B,3,,0,309,
North 24 Parganas,117,N24P-117,129,High School 129,310,316,1,627,50.4,45,7.2,411,79,6,544,P1,332,75.6,14.5,344,129,526,P1,False,A,1,,0,264,
North 24 Parganas,117,N24P-117,130,Market Building 130,327,316,0,643,49.14,35,5.4,356,122,2,531,P1,234,67.0,23.0,254,138,494,P1,False,A,1,,0,271,
North 24 Parganas,117,N24P-117,131,Market Building 131,272,245,1,518,47.3,23,4.4,232,113,7,437,P1,119,53.1,25.9,219,128,398,P1,False,B,3,,0,218,
North 24 Parganas,117,N24P-117,132,Govt Office 132,278,279,0,557,50.09,25,4.5,276,115,5,443,P1,161,62.3,26.0,305,107,458,P1,False,B,3,,0,234,
North 24 Parganas,117,N24P-117,133,Temple Hall 133,314,285,1,600,47.5,40,6.7,244,125,4,456,P1,119,53.5,27.4,311,114,472,P1,False,B,3,,0,253,
North 24 Parganas,117,N24P-117,134,Temple Hall 134,373,364,1,738,49.32,58,7.9,329,187,4,573,P1,142,57.4,32.6,369,153,580,P1,False,B,3,,0,311,
North 24 Parganas,117,N24P-117,135,Market Building 135,368,379,0,747,50.74,52,7.0,406,115,7,579,P1,291,70.1,19.9,409,123,591,P1,False,A,1,,0,314,
North 24 Parganas,117,N24P-117,136,Primary School 136,424,388,0,812,47.78,52,6.4,390,171,14,682,P1,219,57.2,25.1,390,198,686,P1,False,B,3,,0,342,
North 24 Parganas,117,N24P-117,137,Primary School 137,388,378,0,766,49.35,40,5.2,283,202,16,645,P1,81,43.9,31.3,330,144,620,P1,False,B,3,,0,322,
North 24 Parganas,117,N24P-117,138,Temple Hall 138,379,347,0,726,47.8,53,7.3,290,225,2,574,P1,65,50.5,39.2,326,179,561,P1,False,B,3,,0,306,
North 24 Parganas,117,N24P-117,139,Community Hall 139,277,274,1,552,49.64,36,6.5,281,132,2,479,P1,149,58.7,27.6,272,106,477,P1,False,B,3,,0,232,
North 24 Parganas,117,N24P-117,140,High School 140,359,346,0,705,49.08,31,4.4,377,153,6,589,P1,224,64.0,26.0,375,151,584,P1,False,B,3,,0,297,
North 24 Parganas,117,N24P-117,141,Community Hall 141,395,403,1,799,50.44,62,7.8,370,196,4,629,P1,174,58.8,31.2,351,222,637,P1,False,B,3,,0,336,
North 24 Parganas,117,N24P-117,142,Community Hall 142,287,256,0,543,47.15,25,4.6,305,94,4,443,P1,211,68.8,21.2,278,113,434,P1,False,A,1,,0,229,
North 24 Parganas,117,N24P-117,143,Panchayat Bhavan 143,319,297,1,617,48.14,34,5.5,276,145,7,492,P1,131,56.1,29.5,315,116,502,P1,False,B,3,,0,260,
North 24 Parganas,117,N24P-117,144,Anganwadi Centre 144,376,351,1,728,48.21,55,7.6,314,133,13,573,P1,181,54.8,23.2,326,192,589,P1,False,B,3,,0,306,
North 24 Parganas,117,N24P-117,145,Health Sub-Centre 145,331,301,1,633,47.55,38,6.0,318,170,6,542,P1,148,58.7,31.4,262,139,553,P1,False,B,3,,0,266,
North 24 Parganas,117,N24P-117,146,Temple Hall 146,329,319,1,649,49.15,41,6.3,208,116,14,561,P4,10,37.1,20.7,285,184,521,P1,True,B,3,,0,273,
North 24 Parganas,117,N24P-117,147,Anganwadi Centre 147,387,348,0,735,47.35,52,7.1,230,146,19,588,P1,42,39.1,24.8,313,191,630,P1,False,B,3,,0,309,
North 24 Parganas,117,N24P-117,148,High School 148,278,268,0,546,49.08,25,4.6,255,96,5,451,P1,159,56.5,21.3,246,125,426,P1,False,B,3,,0,230,
North 24 Parganas,117,N24P-117,149,Post Office 149,256,251,1,508,49.41,38,7.5,263,116,5,421,P1,147,62.5,27.6,235,121,395,P1,False,B,3,,0,214,
North 24 Parganas,117,N24P-117,150,Primary School 150,261,254,0,515,49.32,29,5.6,243,116,6,422,P1,127,57.6,27.5,328,68,440,P1,False,B,3,,0,217,
North 24 Parganas,117,N24P-117,151,Anganwadi Centre 151,317,311,1,629,49.44,28,4.5,337,137,2,527,P1,200,63.9,26.0,241,135,488,P1,False,B,3,,0,265,
North 24 Parganas,117,N24P-117,152,Community Hall 152,281,288,0,569,50.62,41,7.2,239,128,7,445,P1,111,53.7,28.8,225,157,450,P1,False,B,3,,0,239,
North 24 Parganas,117,N24P-117,153,Community Hall 153,277,249,0,526,47.34,30,5.7,290,103,2,437,P1,187,66.4,23.6,196,177,432,P1,False,A,1,,0,221,
North 24 Parganas,117,N24P-117,154,Anganwadi Centre 154,284,268,1,553,48.46,40,7.2,222,130,7,447,P1,92,49.7,29.1,302,113,465,P1,False,B,3,,0,233,
North 24 Parganas,117,N24P-117,155,Club Building 155,354,325,0,679,47.86,29,4.3,347,167,4,591,P1,180,58.7,28.3,303,171,580,P1,False,B,3,,0,286,
North 24 Parganas,117,N24P-117,156,Community Hall 156,286,273,1,560,48.75,32,5.7,243,164,6,476,P1,79,51.1,34.5,236,184,466,P1,False,B,3,,0,236,
North 24 Parganas,117,N24P-117,157,Post Office 157,252,260,1,513,50.68,23,4.5,246,137,2,425,P1,109,57.9,32.2,257,114,413,P1,False,B,3,,0,216,
North 24 Parganas,117,N24P-117,158,High School 158,348,352,1,701,50.21,37,5.3,385,134,3,577,P1,251,66.7,23.2,282,146,533,P1,False,A,1,,0,295,
North 24 Parganas,117,N24P-117,159,Temple Hall 159,355,364,1,720,50.56,46,6.4,290,210,11,609,P1,80,47.6,34.5,334,194,588,P1,False,B,3,,0,303,
North 24 Parganas,117,N24P-117,160,Govt Office 160,291,283,1,575,49.22,29,5.0,249,112,7,443,P1,137,56.2,25.3,261,163,471,P1,False,B,3,,0,242,
North 24 Parganas,117,N24P-117,161,Madrasa 161,252,237,1,490,48.37,36,7.3,235,134,4,409,P1,101,57.5,32.8,310,39,387,P1,False,B,3,,0,206,
North 24 Parganas,117,N24P-117,162,High School 162,384,375,0,759,49.41,37,4.9,336,177,14,660,P1,159,50.9,26.8,352,180,591,P1,False,B,3,,0,319,
North 24 Parganas,117,N24P-117,163,Health Sub-Centre 163,335,303,0,638,47.49,31,4.9,314,146,4,511,P1,168,61.4,28.6,232,173,508,P1,False,B,3,,0,268,
North 24 Parganas,117,N24P-117,164,Panchayat Bhavan 164,287,269,0,556,48.38,26,4.7,293,136,5,477,P1,157,61.4,28.5,282,120,447,P1,False,B,3,,0,234,
North 24 Parganas,117,N24P-117,165,High School 165,259,245,0,504,48.61,38,7.5,183,152,3,386,P1,31,47.4,39.4,213,164,436,P1,False,B,3,,0,212,
North 24 Parganas,117,N24P-117,166,Madrasa 166,372,353,0,725,48.69,33,4.6,300,223,9,618,P1,77,48.5,36.1,361,132,548,P1,False,B,3,,0,305,
North 24 Parganas,117,N24P-117,167,Health Sub-Centre 167,279,261,0,540,48.33,30,5.6,316,84,3,445,P1,232,71.0,18.9,268,151,465,P1,False,A,1,,0,227,
North 24 Parganas,117,N24P-117,168,Community Hall 168,392,351,0,743,47.24,34,4.6,373,134,11,608,P1,239,61.3,22.0,373,133,562,P1,False,B,3,,0,313,
North 24 Parganas,117,N24P-117,169,Madrasa 169,392,399,0,791,50.44,55,7.0,379,220,8,669,P1,159,56.7,32.9,329,147,616,P1,False,B,3,,0,333,
North 24 Parganas,117,N24P-117,170,Madrasa 170,318,302,0,620,48.71,34,5.5,273,141,4,520,P1,132,52.5,27.1,296,134,539,P1,False,B,3,,0,261,
North 24 Parganas,117,N24P-117,171,Market Building 171,255,246,1,502,49.0,26,5.2,189,126,6,392,P1,63,48.2,32.1,210,134,382,P1,False,B,3,,0,211,
North 24 Parganas,117,N24P-117,172,Community Hall 172,268,256,0,524,48.85,38,7.3,210,151,3,401,P1,59,52.4,37.7,257,113,411,P1,False,B,3,,0,221,
North 24 Parganas,117,N24P-117,173,Post Office 173,270,273,1,544,50.18,32,5.9,170,146,17,463,P1,24,36.7,31.5,284,94,420,P1,False,B,3,,0,229,
North 24 Parganas,117,N24P-117,174,Health Sub-Centre 174,291,295,1,587,50.26,26,4.4,321,134,5,506,P1,187,63.4,26.5,258,143,446,P1,False,B,3,,0,247,
North 24 Parganas,117,N24P-117,175,Govt Office 175,377,380,1,758,50.13,47,6.2,261,150,18,578,P1,111,45.2,26.0,305,201,651,P1,False,B,3,,0,319,
North 24 Parganas,117,N24P-117,176,Temple Hall 176,352,325,0,677,48.01,40,5.9,344,173,5,575,P1,171,59.8,30.1,358,160,588,P1,False,B,3,,0,285,
North 24 Parganas,117,N24P-117,177,High School 177,370,376,1,747,50.33,32,4.3,360,154,9,607,P1,206,59.3,25.4,314,191,597,P1,False,B,3,,0,314,
North 24 Parganas,117,N24P-117,178,Madrasa 178,311,288,0,599,48.08,46,7.7,276,167,2,492,P1,109,56.1,33.9,269,122,474,P1,False,B,3,,0,252,
North 24 Parganas,117,N24P-117,179,Market Building 179,384,378,0,762,49.61,50,6.6,421,175,3,662,P1,246,63.6,26.4,350,235,650,P1,False,B,3,,0,321,
North 24 Parganas,117,N24P-117,180,Temple Hall 180,271,245,1,517,47.39,36,7.0,266,111,1,419,P1,155,63.5,26.5,237,158,439,P1,False,B,3,,0,218,
North 24 Parganas,117,N24P-117,181,Panchayat Bhavan 181,382,342,0,724,47.24,46,6.4,315,199,3,572,P1,116,55.1,34.8,349,152,557,P1,False,B,3,,0,305,
North 24 Parganas,117,N24P-117,182,Panchayat Bhavan 182,304,285,0,589,48.39,26,4.4,305,147,2,503,P1,158,60.6,29.2,298,124,470,P1,False,B,3,,0,248,
North 24 Parganas,117,N24P-117,183,Club Building 183,324,325,0,649,50.08,35,5.4,321,164,6,539,P1,157,59.6,30.4,284,188,535,P1,False,B,3,,0,273,
North 24 Parganas,117,N24P-117,184,Temple Hall 184,291,278,0,569,48.86,33,5.8,252,143,3,445,P1,109,56.6,32.1,278,120,442,P1,False,B,3,,0,239,
North 24 Parganas,117,N24P-117,185,Health Sub-Centre 185,342,327,0,669,48.88,31,4.6,353,146,5,555,P1,207,63.6,26.3,344,168,569,P1,False,B,3,,0,282,
North 24 Parganas,117,N24P-117,186,Primary School 186,390,360,1,751,47.94,36,4.8,421,161,7,646,P1,260,65.2,24.9,283,219,576,P1,False,A,1,,0,316,
North 24 Parganas,118,N24P-118,1,Panchayat Bhavan 1,271,257,1,529,48.58,61,11.5,262,92,9,453,P1,170,57.8,20.3,237,110,405,P1,False,D,4,,0,223,
North 24 Parganas,118,N24P-118,2,Temple Hall 2,326,328,0,654,50.15,80,12.2,276,163,5,512,P1,113,53.9,31.8,341,167,564,P1,False,D,4,,0,275,
North 24 Parganas,118,N24P-118,3,Temple Hall 3,322,313,0,635,49.29,45,7.1,281,160,4,490,P1,121,57.3,32.7,343,121,533,P1,False,B,3,,0,267,
North 24 Parganas,118,N24P-118,4,Community Hall 4,408,403,0,811,49.69,90,11.1,404,172,5,640,P1,232,63.1,26.9,442,178,688,P1,False,D,4,,0,341,
North 24 Parganas,118,N24P-118,5,Temple Hall 5,330,326,1,657,49.62,76,11.6,317,129,5,534,P1,188,59.4,24.2,339,158,552,P1,False,D,4,,0,276,
North 24 Parganas,118,N24P-118,6,Temple Hall 6,315,310,1,626,49.52,73,11.7,247,189,7,521,P1,58,47.4,36.3,308,163,523,P1,False,D,4,,0,263,
North 24 Parganas,118,N24P-118,7,Primary School 7,312,287,0,599,47.91,69,11.5,286,148,2,482,P1,138,59.3,30.7,267,126,462,P1,False,D,4,,0,252,
North 24 Parganas,118,N24P-118,8,Primary School 8,309,310,0,619,50.08,77,12.4,269,116,8,487,P1,153,55.2,23.8,302,123,473,P1,False,D,4,,0,260,
North 24 Parganas,118,N24P-118,9,Health Sub-Centre 9,407,412,1,820,50.24,59,7.2,408,188,7,663,P1,220,61.5,28.4,324,217,647,P1,False,B,3,,0,345,
North 24 Parganas,118,N24P-118,10,Market Building 10,265,255,1,521,48.94,45,8.6,197,131,5,401,P1,66,49.1,32.7,219,132,429,P1,False,B,3,,0,219,
North 24 Parganas,118,N24P-118,11,Madrasa 11,365,377,0,742,50.81,58,7.8,376,192,3,631,P1,184,59.6,30.4,334,165,563,P1,False,B,3,,0,312,
North 24 Parganas,118,N24P-118,12,Govt Office 12,238,242,1,481,50.31,46,9.6,244,123,3,408,P1,121,59.8,30.1,249,82,368,P1,False,B,3,,0,202,
North 24 Parganas,118,N24P-118,13,Temple Hall 13,412,376,0,788,47.72,63,8.0,285,199,5,602,P1,86,47.3,33.1,280,242,665,P1,False,B,3,,0,332,
North 24 Parganas,118,N24P-118,14,Anganwadi Centre 14,391,393,1,785,50.06,80,10.2,349,186,8,609,P1,163,57.3,30.5,389,161,611,P1,False,D,4,,0,330,
North 24 Parganas,118,N24P-118,15,Panchayat Bhavan 15,252,259,1,512,50.59,56,10.9,238,118,2,410,P1,120,58.0,28.8,210,104,415,P1,False,D,4,,0,215,
North 24 Parganas,118,N24P-118,16,Panchayat Bhavan 16,349,357,0,706,50.57,87,12.3,350,153,9,592,P1,197,59.1,25.8,336,159,550,P1,False,D,4,,0,297,
North 24 Parganas,118,N24P-118,17,Temple Hall 17,268,246,0,514,47.86,46,8.9,258,102,2,400,P1,156,64.5,25.5,298,97,439,P1,False,B,3,,0,216,
North 24 Parganas,118,N24P-118,18,Madrasa 18,385,365,1,751,48.6,72,9.6,365,167,7,591,P1,198,61.8,28.3,351,149,592,P1,False,B,3,,0,316,
North 24 Parganas,118,N24P-118,19,Market Building 19,342,343,1,686,50.0,55,8.0,363,161,4,583,P1,202,62.3,27.6,366,154,577,P1,False,B,3,,0,289,
North 24 Parganas,118,N24P-118,20,Primary School 20,254,256,0,510,50.2,51,10.0,224,160,2,427,P1,64,52.5,37.5,262,112,417,P1,False,B,3,,0,215,
North 24 Parganas,118,N24P-118,21,Panchayat Bhavan 21,409,396,1,806,49.13,94,11.7,442,132,4,637,P1,310,69.4,20.7,349,214,653,P1,False,D,4,,0,339,
North 24 Parganas,118,N24P-118,22,Market Building 22,380,377,1,758,49.74,59,7.8,393,143,4,595,P1,250,66.1,24.0,315,229,605,P1,False,A,1,,0,319,
North 24 Parganas,118,N24P-118,23,Post Office 23,385,390,0,775,50.32,92,11.9,333,252,9,676,P1,81,49.3,37.3,382,156,598,P1,False,D,4,,0,326,
North 24 Parganas,118,N24P-118,24,Govt Office 24,404,380,0,784,48.47,82,10.5,325,184,6,599,P1,141,54.3,30.7,350,222,676,P1,False,D,4,,0,330,
North 24 Parganas,118,N24P-118,25,Health Sub-Centre 25,320,303,0,623,48.64,64,10.3,278,161,6,488,P1,117,57.0,33.0,323,109,480,P1,False,D,4,,0,262,
North 24 Parganas,118,N24P-118,26,Community Hall 26,290,286,0,576,49.65,72,12.5,263,162,2,488,P1,101,53.9,33.2,231,171,479,P1,False,D,4,,0,242,
North 24 Parganas,118,N24P-118,27,Primary School 27,368,334,0,702,47.58,89,12.7,313,170,15,612,P1,143,51.1,27.8,364,185,610,P1,False,D,4,,0,295,
North 24 Parganas,118,N24P-118,28,Temple Hall 28,270,268,0,538,49.81,42,7.8,288,126,3,460,P1,162,62.6,27.4,245,97,411,P1,False,B,3,,0,226,
North 24 Parganas,118,N24P-118,29,Community Hall 29,361,351,0,712,49.3,92,12.9,343,185,3,587,P1,158,58.4,31.5,290,225,620,P1,False,D,4,,0,300,
North 24 Parganas,118,N24P-118,30,High School 30,257,231,1,489,47.24,52,10.6,195,121,6,376,P1,74,51.9,32.2,188,139,417,P1,False,D,4,,0,206,
North 24 Parganas,118,N24P-118,31,High School 31,417,396,0,813,48.71,84,10.3,470,150,6,689,P1,320,68.2,21.8,379,199,642,P1,False,D,4,,0,342,
North 24 Parganas,118,N24P-118,32,High School 32,251,244,0,495,49.29,60,12.1,211,117,4,387,P1,94,54.5,30.2,242,84,418,P1,False,D,4,,0,208,
North 24 Parganas,118,N24P-118,33,Anganwadi Centre 33,351,353,1,705,50.07,86,12.2,330,177,7,564,P1,153,58.5,31.4,314,173,541,P1,False,D,4,,0,297,
North 24 Parganas,118,N24P-118,34,High School 34,394,375,0,769,48.76,56,7.3,413,169,5,647,P1,244,63.8,26.1,386,202,653,P1,False,B,3,,0,324,
North 24 Parganas,118,N24P-118,35,Anganwadi Centre 35,344,324,0,668,48.5,59,8.8,316,156,3,529,P1,160,59.7,29.5,289,191,534,P1,False,B,3,,0,281,
North 24 Parganas,118,N24P-118,36,Panchayat Bhavan 36,355,361,1,717,50.35,73,10.2,357,113,3,566,P1,244,63.1,20.0,306,143,606,P1,False,D,4,,0,302,
North 24 Parganas,118,N24P-118,37,Govt Office 37,270,261,1,532,49.06,63,11.8,235,136,5,413,P1,99,56.9,32.9,277,79,427,P1,False,D,4,,0,224,
North 24 Parganas,118,N24P-118,38,Market Building 38,390,369,0,759,48.62,84,11.1,373,144,3,574,P1,229,65.0,25.1,323,175,594,P1,False,D,4,,0,319,
North 24 Parganas,118,N24P-118,39,Market Building 39,291,270,0,561,48.13,51,9.1,357,81,3,487,P1,276,73.3,16.6,280,125,450,P1,False,A,1,,0,236,
North 24 Parganas,118,N24P-118,40,Anganwadi Centre 40,265,238,1,504,47.22,36,7.1,253,79,7,397,P1,174,63.7,19.9,218,125,381,P1,False,B,3,,0,212,
North 24 Parganas,118,N24P-118,41,Health Sub-Centre 41,295,285,1,581,49.05,48,8.3,228,142,5,450,P1,86,50.7,31.6,279,119,473,P1,False,B,3,,0,245,
North 24 Parganas,118,N24P-118,42,Primary School 42,265,256,1,522,49.04,59,11.3,237,112,4,430,P1,125,55.1,26.0,249,143,451,P1,False,D,4,,0,220,
North 24 Parganas,118,N24P-118,43,Health Sub-Centre 43,425,382,0,807,47.34,92,11.4,297,270,5,629,P1,27,47.2,42.9,395,169,627,P1,False,D,4,,0,340,
North 24 Parganas,118,N24P-118,44,Primary School 44,355,366,1,722,50.69,82,11.4,291,152,7,558,P1,139,52.2,27.2,379,155,593,P1,False,D,4,,0,304,
North 24 Parganas,118,N24P-118,45,Market Building 45,380,370,1,751,49.27,67,8.9,361,176,10,622,P1,185,58.0,28.3,342,117,606,P1,False,B,3,,0,316,
North 24 Parganas,118,N24P-118,46,Govt Office 46,358,370,1,729,50.75,54,7.4,341,140,5,561,P1,201,60.8,25.0,329,194,581,P1,False,B,3,,0,307,
North 24 Parganas,118,N24P-118,47,Temple Hall 47,308,289,0,597,48.41,67,11.2,243,168,3,465,P1,75,52.3,36.1,289,144,504,P1,False,D,4,,0,251,
North 24 Parganas,118,N24P-118,48,Govt Office 48,279,281,1,561,50.09,56,10.0,226,155,2,449,P1,71,50.3,34.5,229,113,469,P1,False,B,3,,0,236,
North 24 Parganas,118,N24P-118,49,Health Sub-Centre 49,271,265,0,536,49.44,43,8.0,228,165,5,436,P1,63,52.3,37.8,263,154,464,P1,False,B,3,,0,226,
North 24 Parganas,118,N24P-118,50,Temple Hall 50,382,358,1,741,48.31,62,8.4,353,151,13,625,P1,202,56.5,24.2,386,166,613,P1,False,B,3,,0,312,
North 24 Parganas,118,N24P-118,51,Community Hall 51,295,303,1,599,50.58,69,11.5,303,123,4,474,P1,180,63.9,25.9,251,142,473,P1,False,D,4,,0,252,
North 24 Parganas,118,N24P-118,52,Post Office 52,374,357,0,731,48.84,52,7.1,302,196,3,553,P1,106,54.6,35.4,303,197,588,P1,False,B,3,,0,308,
North 24 Parganas,118,N24P-118,53,Anganwadi Centre 53,409,400,0,809,49.44,91,11.2,354,233,6,666,P1,121,53.2,35.0,414,196,677,P1,False,D,4,,0,340,
North 24 Parganas,118,N24P-118,54,High School 54,293,263,1,557,47.22,63,11.3,251,155,1,452,P1,96,55.5,34.3,302,91,437,P1,False,D,4,,0,234,
North 24 Parganas,118,N24P-118,55,Primary School 55,333,333,1,667,49.93,48,7.2,353,148,3,556,P1,205,63.5,26.6,299,150,558,P1,False,B,3,,0,281,
North 24 Parganas,118,N24P-118,56,Temple Hall 56,303,305,0,608,50.16,59,9.7,273,146,4,466,P1,127,58.6,31.3,322,138,518,P1,False,B,3,,0,256,
North 24 Parganas,118,N24P-118,57,Community Hall 57,316,282,0,598,47.16,45,7.5,280,132,4,458,P1,148,61.1,28.8,276,172,513,P1,False,B,3,,0,252,
North 24 Parganas,118,N24P-118,58,Madrasa 58,414,385,0,799,48.19,80,10.0,385,224,6,676,P1,161,57.0,33.1,388,164,664,P1,False,B,3,,0,336,
North 24 Parganas,118,N24P-118,59,Temple Hall 59,391,379,0,770,49.22,79,10.3,381,178,6,621,P1,203,61.4,28.7,310,226,624,P1,False,D,4,,0,324,
North 24 Parganas,118,N24P-118,60,Community Hall 60,345,333,1,679,49.04,73,10.8,313,185,4,553,P1,128,56.6,33.5,311,175,540,P1,False,D,4,,0,286,
North 24 Parganas,118,N24P-118,61,Panchayat Bhavan 61,306,285,1,592,48.14,63,10.6,258,130,5,504,P1,128,51.2,25.8,363,95,509,P1,False,D,4,,0,249,
North 24 Parganas,118,N24P-118,62,Govt Office 62,265,272,0,537,50.65,63,11.7,308,113,2,469,P1,195,65.7,24.1,293,124,463,P1,False,D,4,,0,226,
North 24 Parganas,118,N24P-118,63,Primary School 63,417,374,0,791,47.28,74,9.4,346,186,9,621,P1,160,55.7,30.0,349,234,647,P1,False,B,3,,0,333,
North 24 Parganas,118,N24P-118,64,Panchayat Bhavan 64,398,361,0,759,47.56,65,8.6,461,135,3,662,P1,326,69.6,20.4,354,178,626,P1,False,A,1,,0,319,
North 24 Parganas,118,N24P-118,65,Market Building 65,415,375,0,790,47.47,87,11.0,343,185,10,639,P1,158,53.7,29.0,347,138,633,P1,False,D,4,,0,332,
North 24 Parganas,118,N24P-118,66,Madrasa 66,333,299,1,633,47.24,62,9.8,337,129,2,518,P1,208,65.1,24.9,281,151,550,P1,False,A,1,,0,266,
North 24 Parganas,118,N24P-118,67,Govt Office 67,394,377,1,772,48.83,82,10.6,392,126,5,662,P1,260,59.2,19.0,398,186,659,P1,False,D,4,,0,325,
North 24 Parganas,118,N24P-118,68,Community Hall 68,257,259,0,516,50.19,57,11.0,231,148,2,422,P1,83,54.7,35.1,271,129,445,P1,False,D,4,,0,217,
North 24 Parganas,118,N24P-118,69,Panchayat Bhavan 69,381,357,1,739,48.31,85,11.5,387,138,4,583,P1,249,66.4,23.7,356,189,606,P1,False,D,4,,0,311,
North 24 Parganas,118,N24P-118,70,Community Hall 70,262,247,1,510,48.43,52,10.2,232,101,3,430,P1,131,54.0,23.5,249,131,422,P1,False,D,4,,0,215,
North 24 Parganas,118,N24P-118,71,Madrasa 71,397,406,1,804,50.5,57,7.1,314,258,7,637,P1,56,49.3,40.5,375,206,646,P1,False,B,3,,0,338,
North 24 Parganas,118,N24P-118,72,Panchayat Bhavan 72,245,245,0,490,50.0,62,12.7,205,146,6,405,P1,59,50.6,36.0,217,137,394,P1,False,D,4,,0,206,
North 24 Parganas,118,N24P-118,73,Club Building 73,399,364,0,763,47.71,89,11.7,334,179,8,616,P1,155,54.2,29.1,332,150,599,P1,False,D,4,,0,321,
North 24 Parganas,118,N24P-118,74,Market Building 74,270,250,1,521,47.98,39,7.5,285,80,4,406,P1,205,70.2,19.7,271,120,440,P1,False,A,1,,0,219,
North 24 Parganas,118,N24P-118,75,Market Building 75,264,258,1,523,49.33,68,13.0,266,142,1,453,P1,124,58.7,31.3,235,171,451,P1,False,D,4,,0,220,
North 24 Parganas,118,N24P-118,76,Post Office 76,378,365,0,743,49.13,87,11.7,365,149,2,571,P1,216,63.9,26.1,239,234,604,P1,False,D,4,,0,313,
North 24 Parganas,118,N24P-118,77,Post Office 77,297,298,0,595,50.08,46,7.7,254,160,9,498,P1,94,51.0,32.1,296,143,515,P1,False,B,3,,0,250,
North 24 Parganas,118,N24P-118,78,Madrasa 78,280,262,0,542,48.34,46,8.5,251,128,10,466,P1,123,53.9,27.5,310,109,466,P1,False,B,3,,0,228,
North 24 Parganas,118,N24P-118,79,Club Building 79,338,316,1,655,48.24,51,7.8,317,151,2,520,P1,166,61.0,29.0,300,174,533,P1,False,B,3,,0,276,
North 24 Parganas,118,N24P-118,80,Market Building 80,372,374,0,746,50.13,60,8.0,390,149,5,599,P1,241,65.1,24.9,344,174,632,P1,False,A,1,,0,314,
North 24 Parganas,118,N24P-118,81,Panchayat Bhavan 81,388,370,0,758,48.81,82,10.8,351,159,8,579,P1,192,60.6,27.5,318,104,597,P1,False,D,4,,0,319,
North 24 Parganas,118,N24P-118,82,Govt Office 82,294,271,0,565,47.96,72,12.7,265,153,3,465,P1,112,57.0,32.9,294,123,463,P1,False,D,4,,0,238,
North 24 Parganas,118,N24P-118,83,Anganwadi Centre 83,277,266,1,544,48.9,54,9.9,268,107,2,417,P1,161,64.3,25.7,241,131,413,P1,False,B,3,,0,229,
North 24 Parganas,118,N24P-118,84,Post Office 84,318,295,0,613,48.12,48,7.8,330,144,2,527,P1,186,62.6,27.3,284,150,482,P1,False,B,3,,0,258,
North 24 Parganas,118,N24P-118,85,Madrasa 85,330,298,1,629,47.38,63,10.0,237,191,7,530,P1,46,44.7,36.0,230,105,476,P1,False,B,3,,0,265,
North 24 Parganas,118,N24P-118,86,Community Hall 86,333,322,0,655,49.16,60,9.2,346,112,2,509,P1,234,68.0,22.0,345,150,550,P1,False,A,1,,0,276,
North 24 Parganas,118,N24P-118,87,Govt Office 87,339,328,0,667,49.18,63,9.4,273,186,14,582,P1,87,46.9,32.0,332,164,551,P1,False,B,3,,0,281,
North 24 Parganas,118,N24P-118,88,High School 88,301,299,0,600,49.83,43,7.2,349,86,9,517,P1,263,67.5,16.6,260,114,483,P1,False,A,1,,0,253,
North 24 Parganas,118,N24P-118,89,Market Building 89,251,242,1,494,48.99,49,9.9,263,119,2,424,P1,144,62.0,28.1,226,136,402,P1,False,B,3,,0,208,
North 24 Parganas,118,N24P-118,90,Madrasa 90,313,310,0,623,49.76,76,12.2,313,133,6,495,P1,180,63.2,26.9,281,140,492,P1,False,D,4,,0,262,
North 24 Parganas,118,N24P-118,91,Post Office 91,273,254,0,527,48.2,40,7.6,178,164,10,435,P1,14,40.9,37.7,231,73,406,P1,False,B,3,,0,222,
North 24 Parganas,118,N24P-118,92,Anganwadi Centre 92,303,291,1,595,48.91,72,12.1,277,157,7,495,P1,120,56.0,31.7,275,154,477,P1,False,D,4,,0,250,
North 24 Parganas,118,N24P-118,93,Market Building 93,254,248,1,503,49.3,42,8.3,279,91,3,411,P1,188,67.9,22.1,208,138,392,P1,False,A,1,,0,212,
North 24 Parganas,118,N24P-118,94,Health Sub-Centre 94,318,305,0,623,48.96,62,10.0,246,118,20,534,P1,102,46.1,22.1,328,143,524,P1,False,B,3,,0,262,
North 24 Parganas,118,N24P-118,95,Temple Hall 95,404,404,0,808,50.0,98,12.1,378,156,7,650,P1,222,58.2,24.0,376,222,664,P1,False,D,4,,0,340,
North 24 Parganas,118,N24P-118,96,Community Hall 96,290,293,0,583,50.26,45,7.7,287,134,4,468,P1,153,61.3,28.6,312,132,493,P1,False,B,3,,0,245,
North 24 Parganas,118,N24P-118,97,Temple Hall 97,256,243,0,499,48.7,40,8.0,209,148,5,428,P1,61,48.8,34.6,215,133,387,P1,False,B,3,,0,210,
North 24 Parganas,118,N24P-118,98,Panchayat Bhavan 98,308,317,0,625,50.72,54,8.6,302,171,5,526,P1,131,57.4,32.5,313,123,546,P1,False,B,3,,0,263,
North 24 Parganas,118,N24P-118,99,Panchayat Bhavan 99,303,286,1,590,48.47,58,9.8,187,124,13,448,P1,63,41.7,27.7,319,107,473,P1,False,B,3,,0,248,
North 24 Parganas,118,N24P-118,100,Madrasa 100,310,296,0,606,48.84,47,7.8,266,167,3,489,P1,99,54.4,34.2,242,108,462,P1,False,B,3,,0,255,
North 24 Parganas,118,N24P-118,101,Panchayat Bhavan 101,331,312,1,644,48.45,75,11.6,305,133,5,487,P1,172,62.6,27.3,278,141,527,P1,False,D,4,,0,271,
North 24 Parganas,118,N24P-118,102,Community Hall 102,317,311,0,628,49.52,48,7.6,260,182,4,503,P1,78,51.7,36.2,310,138,520,P1,False,B,3,,0,264,
North 24 Parganas,118,N24P-118,103,Post Office 103,267,270,1,538,50.19,61,11.3,217,96,13,443,P1,105,49.0,21.7,232,96,429,P1,False,D,4,,0,226,
North 24 Parganas,118,N24P-118,104,Temple Hall 104,359,353,0,712,49.58,80,11.2,338,173,9,593,P1,165,57.0,29.2,290,231,579,P1,False,D,4,,0,300,
North 24 Parganas,118,N24P-118,105,Govt Office 105,351,359,0,710,50.56,67,9.4,284,148,9,555,P1,136,51.2,26.7,362,134,551,P1,False,B,3,,0,299,
North 24 Parganas,118,N24P-118,106,Anganwadi Centre 106,413,405,0,818,49.51,74,9.0,404,230,8,705,P1,174,57.3,32.6,416,206,691,P1,False,B,3,,0,344,
North 24 Parganas,118,N24P-118,107,Health Sub-Centre 107,359,340,0,699,48.64,79,11.3,294,122,7,558,P1,165,52.7,21.9,370,146,574,P1,False,D,4,,0,294,
North 24 Parganas,118,N24P-118,108,Market Building 108,414,390,0,804,48.51,95,11.8,433,151,6,649,P1,282,66.7,23.3,399,158,647,P1,False,D,4,,0,338,
North 24 Parganas,118,N24P-118,109,Health Sub-Centre 109,321,291,0,612,47.55,72,11.8,345,104,2,499,P1,241,69.1,20.8,247,164,464,P1,False,D,4,,0,258,
North 24 Parganas,118,N24P-118,110,Community Hall 110,285,286,1,572,50.0,41,7.2,252,188,2,491,P1,64,51.3,38.3,362,85,496,P1,False,B,3,,0,241,
North 24 Parganas,118,N24P-118,111,Madrasa 111,323,318,1,642,49.53,56,8.7,328,113,2,490,P1,215,66.9,23.1,275,145,495,P1,False,A,1,,0,270,
North 24 Parganas,118,N24P-118,112,Madrasa 112,356,334,0,690,48.41,76,11.0,287,141,11,529,P1,146,54.3,26.7,384,146,589,P1,False,D,4,,0,290,
North 24 Parganas,118,N24P-118,113,Panchayat Bhavan 113,250,239,0,489,48.88,60,12.3,235,121,2,395,P1,114,59.5,30.6,183,155,405,P1,False,D,4,,0,206,
North 24 Parganas,118,N24P-118,114,Club Building 114,360,363,0,723,50.21,94,13.0,337,144,6,560,P1,193,60.2,25.7,386,164,616,P1,False,D,4,,0,304,
North 24 Parganas,118,N24P-118,115,Madrasa 115,312,315,0,627,50.24,77,12.3,322,78,8,537,P1,198,60.0,14.5,317,149,517,P1,False,D,4,,0,264,
North 24 Parganas,118,N24P-118,116,High School 116,305,293,0,598,49.0,58,9.7,339,120,2,510,P1,219,66.5,23.5,219,189,522,P1,False,A,1,,0,252,
North 24 Parganas,118,N24P-118,117,Post Office 117,323,306,0,629,48.65,81,12.9,281,148,4,529,P1,133,53.1,28.0,272,187,510,P1,False,D,4,,0,265,
North 24 Parganas,118,N24P-118,118,Anganwadi Centre 118,257,253,0,510,49.61,46,9.0,271,121,5,442,P1,150,61.3,27.4,273,115,431,P1,False,B,3,,0,215,
North 24 Parganas,118,N24P-118,119,Community Hall 119,330,318,0,648,49.07,55,8.5,315,146,3,512,P1,169,61.5,28.5,284,134,493,P1,False,B,3,,0,273,
North 24 Parganas,118,N24P-118,120,Panchayat Bhavan 120,283,283,1,567,49.91,62,10.9,228,143,6,432,P1,85,52.8,33.1,317,125,491,P1,False,D,4,,0,239,
North 24 Parganas,118,N24P-118,121,Govt Office 121,289,267,0,556,48.02,71,12.8,263,136,4,443,P1,127,59.4,30.7,273,142,461,P1,False,D,4,,0,234,
North 24 Parganas,118,N24P-118,122,Post Office 122,352,333,1,686,48.54,57,8.3,258,139,10,568,P1,103,45.4,24.5,328,157,539,P1,False,B,3,,0,289,
North 24 Parganas,118,N24P-118,123,Anganwadi Centre 123,318,305,1,624,48.88,53,8.5,272,157,2,493,P1,115,55.2,31.8,243,143,542,P1,False,B,3,,0,263,
North 24 Parganas,118,N24P-118,124,Panchayat Bhavan 124,298,283,1,582,48.63,56,9.6,300,148,3,497,P1,152,60.4,29.8,238,183,468,P1,False,B,3,,0,245,
North 24 Parganas,118,N24P-118,125,Club Building 125,319,327,0,646,50.62,83,12.8,326,152,5,549,P1,174,59.4,27.7,296,164,546,P1,False,D,4,,0,272,
North 24 Parganas,118,N24P-118,126,Primary School 126,248,239,1,488,48.98,41,8.4,236,116,3,391,P1,120,60.4,29.7,238,118,396,P1,False,B,3,,0,205,
North 24 Parganas,118,N24P-118,127,Community Hall 127,279,285,1,565,50.44,51,9.0,285,125,7,486,P1,160,58.6,25.7,310,128,486,P1,False,B,3,,0,238,
North 24 Parganas,118,N24P-118,128,Community Hall 128,243,238,0,481,49.48,60,12.5,218,90,6,381,P1,128,57.2,23.6,239,90,366,P1,False,D,4,,0,202,
North 24 Parganas,118,N24P-118,129,Community Hall 129,398,394,1,793,49.68,71,9.0,403,150,3,614,P1,253,65.6,24.4,413,199,680,P1,False,A,1,,0,334,
North 24 Parganas,118,N24P-118,130,Madrasa 130,361,362,0,723,50.07,70,9.7,284,145,14,573,P1,139,49.6,25.3,340,182,580,P1,False,B,3,,0,304,
North 24 Parganas,118,N24P-118,131,Club Building 131,298,293,1,592,49.49,71,12.0,322,130,4,502,P1,192,64.1,25.9,299,119,464,P1,False,D,4,,0,249,
North 24 Parganas,118,N24P-118,132,Community Hall 132,280,282,1,563,50.09,40,7.1,218,153,8,438,P1,65,49.8,34.9,270,136,455,P1,False,B,3,,0,237,
North 24 Parganas,118,N24P-118,133,Govt Office 133,278,277,1,556,49.82,47,8.5,212,170,3,448,P1,42,47.3,37.9,238,136,443,P1,False,B,3,,0,234,
North 24 Parganas,118,N24P-118,134,Health Sub-Centre 134,354,337,0,691,48.77,74,10.7,345,175,6,578,P1,170,59.7,30.3,365,116,534,P1,False,D,4,,0,291,
North 24 Parganas,118,N24P-118,135,Club Building 135,382,373,0,755,49.4,59,7.8,407,156,6,625,P1,251,65.1,25.0,313,243,645,P1,False,A,1,,0,318,
North 24 Parganas,118,N24P-118,136,Club Building 136,381,343,0,724,47.38,81,11.2,413,142,4,617,P1,271,66.9,23.0,374,182,627,P1,False,D,4,,0,305,
North 24 Parganas,118,N24P-118,137,Club Building 137,259,253,1,513,49.32,57,11.1,264,103,2,408,P1,161,64.7,25.2,244,106,389,P1,False,D,4,,0,216,
North 24 Parganas,118,N24P-118,138,High School 138,366,338,0,704,48.01,61,8.7,278,202,6,533,P1,76,52.2,37.9,354,151,562,P1,False,B,3,,0,296,
North 24 Parganas,118,N24P-118,139,Madrasa 139,413,395,1,809,48.83,83,10.3,451,121,3,636,P1,330,70.9,19.0,438,178,684,P1,False,D,4,,0,340,
North 24 Parganas,118,N24P-118,140,Community Hall 140,405,376,0,781,48.14,91,11.7,473,113,5,651,P1,360,72.7,17.4,348,176,661,P1,False,D,4,,0,329,
North 24 Parganas,118,N24P-118,141,Primary School 141,314,301,0,615,48.94,72,11.7,323,122,5,494,P1,201,65.4,24.7,314,147,531,P1,False,D,4,,0,259,
North 24 Parganas,118,N24P-118,142,Post Office 142,321,302,0,623,48.48,76,12.2,287,157,5,493,P1,130,58.2,31.8,261,166,478,P1,False,D,4,,0,262,
North 24 Parganas,118,N24P-118,143,Anganwadi Centre 143,343,334,1,678,49.26,52,7.7,302,157,4,515,P1,145,58.6,30.5,281,142,557,P1,False,B,3,,0,285,
North 24 Parganas,118,N24P-118,144,Post Office 144,267,264,0,531,49.72,49,9.2,262,125,3,430,P1,137,60.9,29.1,267,100,407,P1,False,B,3,,0,223,
North 24 Parganas,118,N24P-118,145,Panchayat Bhavan 145,356,327,1,684,47.81,87,12.7,274,168,5,580,P1,106,47.2,29.0,326,164,558,P1,False,D,4,,0,288,
North 24 Parganas,118,N24P-118,146,Club Building 146,397,377,0,774,48.71,98,12.7,297,203,6,590,P1,94,50.3,34.4,396,170,645,P1,False,D,4,,0,326,
North 24 Parganas,118,N24P-118,147,Anganwadi Centre 147,311,281,1,593,47.39,73,12.3,319,136,2,505,P1,183,63.2,26.9,254,154,454,P1,False,D,4,,0,250,
North 24 Parganas,118,N24P-118,148,Panchayat Bhavan 148,371,380,0,751,50.6,63,8.4,395,127,5,580,P1,268,68.1,21.9,318,195,571,P1,False,A,1,,0,316,
North 24 Parganas,118,N24P-118,149,Post Office 149,298,292,0,590,49.49,73,12.4,263,176,5,489,P1,87,53.8,36.0,238,141,510,P1,False,D,4,,0,248,
North 24 Parganas,118,N24P-118,150,Market Building 150,376,360,0,736,48.91,62,8.4,350,163,12,637,P1,187,54.9,25.6,377,181,619,P1,False,B,3,,0,310,
North 24 Parganas,118,N24P-118,151,Panchayat Bhavan 151,411,389,1,801,48.56,59,7.4,380,220,6,666,P1,160,57.1,33.0,401,204,672,P1,False,B,3,,0,337,
North 24 Parganas,118,N24P-118,152,Health Sub-Centre 152,416,382,0,798,47.87,58,7.3,350,240,3,666,P1,110,52.6,36.0,403,176,644,P1,False,B,3,,0,336,
North 24 Parganas,118,N24P-118,153,Temple Hall 153,362,350,0,712,49.16,55,7.7,394,131,6,584,P1,263,67.5,22.4,308,125,576,P1,False,A,1,,0,300,
North 24 Parganas,118,N24P-118,154,Post Office 154,352,323,1,676,47.78,78,11.5,340,134,5,527,P1,206,64.5,25.4,262,177,526,P1,False,D,4,,0,284,
North 24 Parganas,118,N24P-118,155,Primary School 155,306,286,0,592,48.31,59,10.0,275,128,6,503,P1,147,54.7,25.4,292,118,455,P1,False,B,3,,0,249,
North 24 Parganas,118,N24P-118,156,Panchayat Bhavan 156,327,332,1,660,50.3,47,7.1,323,115,7,506,P1,208,63.8,22.7,297,172,529,P1,False,B,3,,0,278,
North 24 Parganas,118,N24P-118,157,Health Sub-Centre 157,326,306,1,633,48.34,52,8.2,299,140,3,487,P1,159,61.4,28.7,324,141,516,P1,False,B,3,,0,266,
North 24 Parganas,118,N24P-118,158,Primary School 158,327,328,0,655,50.08,47,7.2,324,156,6,553,P1,168,58.6,28.2,326,157,570,P1,False,B,3,,0,276,
North 24 Parganas,118,N24P-118,159,Post Office 159,411,385,1,797,48.31,56,7.0,341,221,6,645,P1,120,52.9,34.3,403,162,656,P1,False,B,3,,0,335,
North 24 Parganas,118,N24P-118,160,Anganwadi Centre 160,410,410,0,820,50.0,100,12.2,425,176,7,668,P1,249,63.6,26.3,302,177,628,P1,False,D,4,,0,345,
North 24 Parganas,118,N24P-118,161,Market Building 161,297,301,1,599,50.25,46,7.7,318,128,3,495,P1,190,64.2,25.9,293,159,502,P1,False,B,3,,0,252,
North 24 Parganas,118,N24P-118,162,Govt Office 162,271,258,1,530,48.68,39,7.4,156,110,12,456,P4,16,34.2,24.1,194,153,450,P1,True,B,3,,0,223,
North 24 Parganas,118,N24P-118,163,Anganwadi Centre 163,390,401,1,792,50.63,78,9.8,421,161,4,646,P1,260,65.2,24.9,376,195,635,P1,False,A,1,,0,333,
North 24 Parganas,118,N24P-118,164,Panchayat Bhavan 164,277,269,1,547,49.18,47,8.6,244,145,4,472,P1,99,51.7,30.7,218,178,442,P1,False,B,3,,0,230,
North 24 Parganas,118,N24P-118,165,Temple Hall 165,404,406,1,811,50.06,64,7.9,345,188,4,621,P1,157,55.6,30.3,427,164,657,P1,False,B,3,,0,341,
North 24 Parganas,118,N24P-118,166,Panchayat Bhavan 166,373,356,1,730,48.77,53,7.3,366,183,6,610,P1,183,60.0,30.0,370,155,583,P1,False,B,3,,0,307,
North 24 Parganas,118,N24P-118,167,Madrasa 167,411,388,0,799,48.56,81,10.1,329,228,8,631,P1,101,52.1,36.1,394,228,691,P1,False,D,4,,0,336,
North 24 Parganas,118,N24P-118,168,Primary School 168,277,267,1,545,48.99,39,7.2,182,187,4,469,P2,5,38.8,39.9,252,155,461,P1,True,B,3,,0,229,
North 24 Parganas,118,N24P-118,169,Madrasa 169,243,245,1,489,50.1,59,12.1,280,104,3,427,P1,176,65.6,24.4,214,103,388,P1,False,D,4,,0,206,
North 24 Parganas,118,N24P-118,170,Market Building 170,352,316,0,668,47.31,75,11.2,325,162,6,541,P1,163,60.1,29.9,286,193,532,P1,False,D,4,,0,281,
North 24 Parganas,118,N24P-118,171,Health Sub-Centre 171,397,369,0,766,48.17,84,11.0,345,206,4,622,P1,139,55.5,33.1,355,191,607,P1,False,D,4,,0,322,
North 24 Parganas,118,N24P-118,172,High School 172,299,299,0,598,50.0,47,7.9,300,109,4,497,P1,191,60.4,21.9,276,173,515,P1,False,B,3,,0,252,
North 24 Parganas,118,N24P-118,173,Health Sub-Centre 173,262,251,0,513,48.93,62,12.1,212,132,11,435,P1,80,48.7,30.3,278,109,430,P1,False,D,4,,0,216,
North 24 Parganas,118,N24P-118,174,Anganwadi Centre 174,423,386,1,810,47.65,100,12.3,414,209,3,693,P1,205,59.7,30.2,469,141,677,P1,False,D,4,,0,341,
North 24 Parganas,118,N24P-118,175,Market Building 175,238,247,1,486,50.82,37,7.6,226,145,2,412,P1,81,54.9,35.2,161,132,393,P1,False,B,3,,0,205,
North 24 Parganas,118,N24P-118,176,High School 176,391,385,1,777,49.55,56,7.2,367,213,2,644,P1,154,57.0,33.1,338,187,629,P1,False,B,3,,0,327,
North 24 Parganas,118,N24P-118,177,Temple Hall 177,387,356,1,744,47.85,84,11.3,326,217,5,603,P1,109,54.1,36.0,350,135,630,P1,False,D,4,,0,313,
North 24 Parganas,118,N24P-118,178,Primary School 178,263,251,1,515,48.74,50,9.7,191,126,5,420,P1,65,45.5,30.0,167,129,404,P1,False,B,3,,0,217,
North 24 Parganas,118,N24P-118,179,Govt Office 179,288,279,0,567,49.21,41,7.2,299,112,2,457,P1,187,65.4,24.5,241,122,459,P1,False,A,1,,0,239,
North 24 Parganas,118,N24P-118,180,Govt Office 180,404,363,0,767,47.33,77,10.0,361,183,3,605,P1,178,59.7,30.2,323,214,597,P1,False,B,3,,0,323,
North 24 Parganas,118,N24P-118,181,Club Building 181,327,306,1,634,48.26,45,7.1,305,181,3,540,P1,124,56.5,33.5,302,172,544,P1,False,B,3,,0,267,
North 24 Parganas,118,N24P-118,182,Madrasa 182,256,265,1,522,50.77,65,12.5,263,115,3,420,P1,148,62.6,27.4,215,139,430,P1,False,D,4,,0,220,
North 24 Parganas,118,N24P-118,183,Health Sub-Centre 183,268,258,1,527,48.96,63,12.0,212,140,7,427,P1,72,49.6,32.8,221,154,417,P1,False,D,4,,0,222,
North 24 Parganas,118,N24P-118,184,Club Building 184,360,341,0,701,48.64,64,9.1,257,194,4,535,P1,63,48.0,36.3,302,94,537,P1,False,B,3,,0,295,
North 24 Parganas,118,N24P-118,185,Community Hall 185,326,335,0,661,50.68,77,11.6,281,233,6,571,P1,48,49.2,40.8,387,91,531,P1,False,D,4,,0,278,
North 24 Parganas,118,N24P-118,186,Panchayat Bhavan 186,300,291,0,591,49.24,43,7.3,271,146,4,463,P1,125,58.5,31.5,313,135,497,P1,False,B,3,,0,249,
North 24 Parganas,118,N24P-118,187,Primary School 187,402,369,1,772,47.8,58,7.5,421,124,5,606,P1,297,69.5,20.5,300,180,636,P1,False,A,1,,0,325,
North 24 Parganas,118,N24P-118,188,Govt Office 188,405,393,0,798,49.25,101,12.7,375,214,3,692,P1,161,54.2,30.9,458,166,693,P1,False,D,4,,0,336,
North 24 Parganas,119,N24P-119,1,Community Hall 1,412,373,1,786,47.46,88,11.2,314,110,7,613,P1,139,51.2,17.9,367,243,678,P1,False,D,4,,0,331,
North 24 Parganas,119,N24P-119,2,Post Office 2,392,381,1,774,49.22,75,9.7,429,142,2,634,P1,287,67.7,22.4,397,208,672,P1,False,A,1,,0,326,
North 24 Parganas,119,N24P-119,3,Madrasa 3,329,302,0,631,47.86,59,9.4,271,180,4,540,P1,91,50.2,33.3,332,155,541,P1,False,B,3,,0,266,
North 24 Parganas,119,N24P-119,4,Primary School 4,390,379,1,770,49.22,104,13.5,404,140,3,608,P1,264,66.4,23.0,458,128,651,P1,False,D,4,,0,324,
North 24 Parganas,119,N24P-119,5,Community Hall 5,375,337,1,713,47.27,75,10.5,317,199,4,621,P1,118,51.0,32.0,390,164,616,P1,False,D,4,,0,300,
North 24 Parganas,119,N24P-119,6,Club Building 6,376,343,0,719,47.71,102,14.2,325,175,5,600,P1,150,54.2,29.2,198,169,604,P4,True,D,4,,0,303,
North 24 Parganas,119,N24P-119,7,Temple Hall 7,306,310,1,617,50.24,70,11.3,274,155,4,499,P1,119,54.9,31.1,296,102,475,P1,False,D,4,,0,260,
North 24 Parganas,119,N24P-119,8,Post Office 8,322,324,1,647,50.08,85,13.1,386,113,3,555,P1,273,69.5,20.4,259,190,516,P1,False,D,4,,0,272,
North 24 Parganas,119,N24P-119,9,High School 9,390,393,1,784,50.13,92,11.7,428,137,7,666,P1,291,64.3,20.6,345,196,604,P1,False,D,4,,0,330,
North 24 Parganas,119,N24P-119,10,Temple Hall 10,373,363,0,736,49.32,78,10.6,342,187,2,588,P1,155,58.2,31.8,398,143,601,P1,False,D,4,,0,310,
North 24 Parganas,119,N24P-119,11,Post Office 11,359,340,0,699,48.64,79,11.3,276,155,8,544,P1,121,50.7,28.5,252,136,551,P1,False,D,4,,0,294,
North 24 Parganas,119,N24P-119,12,Temple Hall 12,297,301,0,598,50.33,84,14.0,230,170,3,483,P1,60,47.6,35.2,275,127,454,P1,False,D,4,,0,252,
North 24 Parganas,119,N24P-119,13,Post Office 13,265,238,0,503,47.32,70,13.9,217,113,11,424,P1,104,51.2,26.7,247,111,398,P1,False,D,4,,0,212,
North 24 Parganas,119,N24P-119,14,Club Building 14,393,377,1,771,48.9,69,8.9,346,158,3,588,P1,188,58.8,26.9,351,166,612,P1,False,B,3,,0,324,
North 24 Parganas,119,N24P-119,15,Primary School 15,265,238,0,503,47.32,55,10.9,238,118,2,396,P1,120,60.1,29.8,251,134,428,P1,False,D,4,,0,212,
North 24 Parganas,119,N24P-119,16,Temple Hall 16,248,244,0,492,49.59,50,10.2,166,175,1,383,P2,9,43.3,45.7,196,169,429,P1,True,D,4,,0,207,
North 24 Parganas,119,N24P-119,17,Panchayat Bhavan 17,362,338,0,700,48.29,98,14.0,345,121,12,576,P1,224,59.9,21.0,323,126,607,P1,False,D,4,,0,295,
North 24 Parganas,119,N24P-119,18,Madrasa 18,387,354,0,741,47.77,81,10.9,418,149,4,630,P1,269,66.3,23.7,292,184,586,P1,False,D,4,,0,312,
North 24 Parganas,119,N24P-119,19,Anganwadi Centre 19,335,308,0,643,47.9,60,9.3,304,188,6,546,P1,116,55.7,34.4,349,145,549,P1,False,B,3,,0,271,
North 24 Parganas,119,N24P-119,20,Madrasa 20,334,304,1,639,47.57,63,9.9,335,126,7,521,P1,209,64.3,24.2,290,155,494,P1,False,B,3,,0,269,
North 24 Parganas,119,N24P-119,21,Market Building 21,410,405,0,815,49.69,86,10.6,406,163,3,632,P1,243,64.2,25.8,418,157,639,P1,False,D,4,,0,343,
North 24 Parganas,119,N24P-119,22,Govt Office 22,419,381,0,800,47.62,87,10.9,339,140,18,636,P1,199,53.3,22.0,472,142,682,P1,False,D,4,,0,337,
North 24 Parganas,119,N24P-119,23,Anganwadi Centre 23,344,320,0,664,48.19,93,14.0,207,217,9,506,P2,10,40.9,42.9,344,156,556,P1,True,D,4,,0,279,
North 24 Parganas,119,N24P-119,24,Anganwadi Centre 24,319,290,0,609,47.62,89,14.6,283,137,4,467,P1,146,60.6,29.3,288,132,520,P1,False,D,4,,0,256,
North 24 Parganas,119,N24P-119,25,Govt Office 25,353,332,1,686,48.4,106,15.5,318,193,9,590,P1,125,53.9,32.7,407,128,595,P1,False,D,4,,0,289,
North 24 Parganas,119,N24P-119,26,Post Office 26,326,322,0,648,49.69,55,8.5,296,165,4,512,P1,131,57.8,32.2,349,118,519,P1,False,B,3,,0,273,
North 24 Parganas,119,N24P-119,27,Club Building 27,351,328,0,679,48.31,82,12.1,374,103,5,529,P1,271,70.7,19.5,339,145,538,P1,False,D,4,,0,286,
North 24 Parganas,119,N24P-119,28,Primary School 28,315,319,1,635,50.24,54,8.5,286,182,3,519,P1,104,55.1,35.1,281,151,486,P1,False,B,3,,0,267,
North 24 Parganas,119,N24P-119,29,Club Building 29,396,390,0,786,49.62,77,9.8,377,183,4,623,P1,194,60.5,29.4,380,207,652,P1,False,B,3,,0,331,
North 24 Parganas,119,N24P-119,30,Madrasa 30,282,272,1,555,49.01,57,10.3,292,94,2,429,P1,198,68.1,21.9,255,158,459,P1,False,D,4,,0,234,
North 24 Parganas,119,N24P-119,31,Temple Hall 31,382,349,0,731,47.74,95,13.0,364,136,6,556,P1,228,65.5,24.5,238,174,604,P1,False,D,4,,0,308,
North 24 Parganas,119,N24P-119,32,Primary School 32,274,256,0,530,48.3,54,10.2,191,160,2,411,P1,31,46.5,38.9,223,161,427,P1,False,D,4,,0,223,
North 24 Parganas,119,N24P-119,33,Govt Office 33,360,327,0,687,47.6,94,13.7,300,152,11,580,P1,148,51.7,26.2,345,171,573,P1,False,D,4,,0,289,
North 24 Parganas,119,N24P-119,34,Health Sub-Centre 34,377,363,1,741,48.99,110,14.8,383,174,6,619,P1,209,61.9,28.1,292,216,604,P1,False,D,4,,0,312,
North 24 Parganas,119,N24P-119,35,Primary School 35,391,383,1,775,49.42,94,12.1,344,169,5,589,P1,175,58.4,28.7,458,129,652,P1,False,D,4,,0,326,
North 24 Parganas,119,N24P-119,36,Club Building 36,397,390,0,787,49.56,108,13.7,350,203,10,642,P1,147,54.5,31.6,489,93,647,P1,False,D,4,,0,331,
North 24 Parganas,119,N24P-119,37,Health Sub-Centre 37,399,387,0,786,49.24,110,14.0,392,192,8,648,P1,200,60.5,29.6,412,153,650,P1,False,D,4,,0,331,
North 24 Parganas,119,N24P-119,38,High School 38,401,367,1,769,47.72,69,9.0,373,212,3,650,P1,161,57.4,32.6,334,203,596,P1,False,B,3,,0,324,
North 24 Parganas,119,N24P-119,39,Post Office 39,265,245,0,510,48.04,72,14.1,235,144,4,443,P1,91,53.0,32.5,265,133,442,P1,False,D,4,,0,215,
North 24 Parganas,119,N24P-119,40,Market Building 40,267,262,0,529,49.53,70,13.2,230,113,3,415,P1,117,55.4,27.2,238,138,456,P1,False,D,4,,0,223,
North 24 Parganas,119,N24P-119,41,Club Building 41,361,335,0,696,48.13,62,8.9,378,132,4,566,P1,246,66.8,23.3,394,151,605,P1,False,A,1,,0,293,
North 24 Parganas,119,N24P-119,42,Health Sub-Centre 42,372,379,1,752,50.4,87,11.6,457,77,3,593,P1,380,77.1,13.0,309,176,647,P1,False,D,4,,0,316,
North 24 Parganas,119,N24P-119,43,Panchayat Bhavan 43,326,314,0,640,49.06,82,12.8,296,133,6,546,P1,163,54.2,24.4,247,162,492,P1,False,D,4,,0,269,
North 24 Parganas,119,N24P-119,44,Post Office 44,411,374,1,786,47.58,82,10.4,405,139,4,604,P1,266,67.1,23.0,288,224,595,P1,False,D,4,,0,331,
North 24 Parganas,119,N24P-119,45,Panchayat Bhavan 45,397,398,1,796,50.0,112,14.1,356,216,5,635,P1,140,56.1,34.0,374,177,613,P1,False,D,4,,0,335,
North 24 Parganas,119,N24P-119,46,High School 46,378,378,1,757,49.93,92,12.2,339,199,8,610,P1,140,55.6,32.6,451,133,649,P1,False,D,4,,0,319,
North 24 Parganas,119,N24P-119,47,Panchayat Bhavan 47,371,367,1,739,49.66,68,9.2,328,197,5,625,P1,131,52.5,31.5,378,177,617,P1,False,B,3,,0,311,
North 24 Parganas,119,N24P-119,48,Market Building 48,299,308,1,608,50.66,82,13.5,250,162,5,462,P1,88,54.1,35.1,262,120,521,P1,False,D,4,,0,256,
North 24 Parganas,119,N24P-119,49,Temple Hall 49,263,243,1,507,47.93,51,10.1,236,115,6,438,P1,121,53.9,26.3,182,159,396,P1,False,D,4,,0,213,
North 24 Parganas,119,N24P-119,50,Primary School 50,381,351,0,732,47.95,113,15.4,357,149,7,562,P1,208,63.5,26.5,292,174,559,P1,False,D,4,,0,308,
North 24 Parganas,119,N24P-119,51,Market Building 51,301,307,1,609,50.41,58,9.5,257,171,3,486,P1,86,52.9,35.2,269,118,478,P1,False,B,3,,0,256,
North 24 Parganas,119,N24P-119,52,Temple Hall 52,301,277,1,579,47.84,88,15.2,255,145,2,444,P1,110,57.4,32.7,303,118,468,P1,False,D,4,,0,244,
North 24 Parganas,119,N24P-119,53,Market Building 53,399,410,1,810,50.62,98,12.1,496,126,3,691,P1,370,71.8,18.2,351,209,654,P1,False,D,4,,0,341,
North 24 Parganas,119,N24P-119,54,Community Hall 54,332,302,0,634,47.63,65,10.3,248,81,15,480,P1,117,51.7,16.9,302,132,482,P1,False,D,4,,0,267,
North 24 Parganas,119,N24P-119,55,Primary School 55,271,277,0,548,50.55,62,11.3,221,92,6,416,P1,128,53.1,22.1,229,121,432,P1,False,D,4,,0,231,
North 24 Parganas,119,N24P-119,56,Madrasa 56,245,251,1,497,50.5,62,12.5,244,86,2,378,P1,158,64.6,22.8,234,135,410,P1,False,D,4,,0,209,
North 24 Parganas,119,N24P-119,57,Panchayat Bhavan 57,391,368,0,759,48.48,70,9.2,424,112,5,595,P1,312,71.3,18.8,330,187,603,P1,False,A,1,,0,319,
North 24 Parganas,119,N24P-119,58,Anganwadi Centre 58,311,301,0,612,49.18,57,9.3,264,170,5,518,P1,94,51.0,32.8,280,139,466,P1,False,B,3,,0,258,
North 24 Parganas,119,N24P-119,59,High School 59,309,288,0,597,48.24,53,8.9,223,124,11,452,P1,99,49.3,27.4,262,134,515,P1,False,B,3,,0,251,
North 24 Parganas,119,N24P-119,60,Market Building 60,253,258,1,512,50.39,58,11.3,258,135,1,437,P1,123,59.0,30.9,186,141,401,P1,False,D,4,,0,215,
North 24 Parganas,119,N24P-119,61,Post Office 61,320,303,1,624,48.56,88,14.1,289,162,2,501,P1,127,57.7,32.3,237,134,477,P1,False,D,4,,0,263,
North 24 Parganas,119,N24P-119,62,High School 62,308,283,1,592,47.8,88,14.9,292,151,2,493,P1,141,59.2,30.6,351,72,470,P1,False,D,4,,0,249,
North 24 Parganas,119,N24P-119,63,Club Building 63,415,385,1,801,48.06,68,8.5,337,159,7,618,P1,178,54.5,25.7,393,188,645,P1,False,B,3,,0,337,
North 24 Parganas,119,N24P-119,64,High School 64,263,252,0,515,48.93,70,13.6,244,117,4,401,P1,127,60.8,29.2,226,123,435,P1,False,D,4,,0,217,
North 24 Parganas,119,N24P-119,65,High School 65,295,275,0,570,48.25,69,12.1,333,87,2,467,P1,246,71.3,18.6,274,120,438,P1,False,D,4,,0,240,
North 24 Parganas,119,N24P-119,66,Community Hall 66,397,380,0,777,48.91,110,14.2,330,184,5,606,P1,146,54.5,30.4,305,271,640,P1,False,D,4,,0,327,
North 24 Parganas,119,N24P-119,67,High School 67,359,362,1,722,50.14,75,10.4,337,186,7,621,P1,151,54.3,30.0,343,154,552,P1,False,D,4,,0,304,
North 24 Parganas,119,N24P-119,68,Madrasa 68,371,345,0,716,48.18,106,14.8,326,202,5,587,P1,124,55.5,34.4,419,142,624,P1,False,D,4,,0,301,
North 24 Parganas,119,N24P-119,69,Primary School 69,404,401,0,805,49.81,114,14.2,396,121,18,691,P1,248,57.3,17.5,387,216,670,P1,False,D,4,,0,339,
North 24 Parganas,119,N24P-119,70,High School 70,321,328,1,650,50.46,60,9.2,266,143,5,498,P1,123,53.4,28.7,266,210,550,P1,False,B,3,,0,274,
North 24 Parganas,119,N24P-119,71,Community Hall 71,370,339,0,709,47.81,71,10.0,309,171,5,537,P1,138,57.5,31.8,357,151,604,P1,False,B,3,,0,298,
North 24 Parganas,119,N24P-119,72,Madrasa 72,260,247,1,508,48.62,74,14.6,255,99,3,393,P1,156,64.9,25.2,233,88,393,P1,False,D,4,,0,214,
North 24 Parganas,119,N24P-119,73,Club Building 73,322,292,0,614,47.56,69,11.2,360,114,3,527,P1,246,68.3,21.6,300,104,487,P1,False,D,4,,0,258,
North 24 Parganas,119,N24P-119,74,Market Building 74,291,288,0,579,49.74,83,14.3,235,177,2,486,P1,58,48.4,36.4,246,163,454,P1,False,D,4,,0,244,
North 24 Parganas,119,N24P-119,75,Primary School 75,264,267,1,532,50.19,50,9.4,335,83,2,464,P1,252,72.2,17.9,203,114,406,P1,False,A,1,,0,224,
North 24 Parganas,119,N24P-119,76,Govt Office 76,376,386,0,762,50.66,82,10.8,444,111,5,617,P1,333,72.0,18.0,312,155,611,P1,False,D,4,,0,321,
North 24 Parganas,119,N24P-119,77,Anganwadi Centre 77,405,389,0,794,48.99,81,10.2,391,225,8,684,P1,166,57.2,32.9,271,158,616,P1,False,D,4,,0,334,
North 24 Parganas,119,N24P-119,78,Panchayat Bhavan 78,291,266,0,557,47.76,86,15.4,237,166,7,464,P1,71,51.1,35.8,270,159,477,P1,False,D,4,,0,234,
North 24 Parganas,119,N24P-119,79,Temple Hall 79,377,339,1,717,47.28,64,8.9,394,158,5,614,P1,236,64.2,25.7,324,141,574,P1,False,B,3,,0,302,
North 24 Parganas,119,N24P-119,80,Primary School 80,260,240,1,501,47.9,62,12.4,280,110,1,433,P1,170,64.7,25.4,259,118,419,P1,False,D,4,,0,211,
North 24 Parganas,119,N24P-119,81,Panchayat Bhavan 81,382,351,1,734,47.82,62,8.4,406,167,3,638,P1,239,63.6,26.2,343,153,607,P1,False,B,3,,0,309,
North 24 Parganas,119,N24P-119,82,Panchayat Bhavan 82,254,242,1,497,48.69,45,9.1,261,96,4,396,P1,165,65.9,24.2,214,91,426,P1,False,A,1,,0,209,
North 24 Parganas,119,N24P-119,83,Anganwadi Centre 83,320,300,0,620,48.39,60,9.7,265,139,4,472,P1,126,56.1,29.4,309,116,481,P1,False,B,3,,0,261,
North 24 Parganas,119,N24P-119,84,Market Building 84,332,336,1,669,50.22,103,15.4,352,141,5,548,P1,211,64.2,25.7,314,194,564,P1,False,D,4,,0,282,
North 24 Parganas,119,N24P-119,85,Madrasa 85,281,272,1,554,49.1,68,12.3,273,145,4,483,P1,128,56.5,30.0,265,132,441,P1,False,D,4,,0,233,
North 24 Parganas,119,N24P-119,86,High School 86,389,368,0,757,48.61,83,11.0,342,206,4,609,P1,136,56.2,33.8,316,212,586,P1,False,D,4,,0,319,
North 24 Parganas,119,N24P-119,87,Market Building 87,334,340,0,674,50.45,87,12.9,357,128,3,539,P1,229,66.2,23.7,363,128,546,P1,False,D,4,,0,284,
North 24 Parganas,119,N24P-119,88,Panchayat Bhavan 88,285,273,1,559,48.84,48,8.6,235,158,3,437,P1,77,53.8,36.2,254,158,458,P1,False,B,3,,0,235,
North 24 Parganas,119,N24P-119,89,Club Building 89,320,310,1,631,49.13,80,12.7,311,158,3,521,P1,153,59.7,30.3,351,123,527,P1,False,D,4,,0,266,
North 24 Parganas,119,N24P-119,90,Govt Office 90,334,331,0,665,49.77,80,12.0,291,90,12,527,P1,163,55.2,17.1,383,99,535,P1,False,D,4,,0,280,
North 24 Parganas,119,N24P-119,91,Anganwadi Centre 91,373,377,1,751,50.2,114,15.2,281,202,8,600,P1,79,46.8,33.7,299,255,616,P1,False,D,4,,0,316,
North 24 Parganas,119,N24P-119,92,High School 92,325,333,0,658,50.61,61,9.3,358,156,6,571,P1,202,62.7,27.3,452,56,565,P1,False,B,3,,0,277,
North 24 Parganas,119,N24P-119,93,Panchayat Bhavan 93,280,252,1,533,47.28,72,13.5,288,130,3,464,P1,158,62.1,28.0,317,78,453,P1,False,D,4,,0,224,
North 24 Parganas,119,N24P-119,94,Madrasa 94,267,253,0,520,48.65,55,10.6,213,128,7,410,P1,85,52.0,31.2,248,105,418,P1,False,D,4,,0,219,
North 24 Parganas,119,N24P-119,95,Temple Hall 95,336,338,1,675,50.07,75,11.1,286,142,5,540,P1,144,53.0,26.3,305,157,513,P1,False,D,4,,0,284,
North 24 Parganas,119,N24P-119,96,High School 96,383,379,1,763,49.67,103,13.5,303,155,7,578,P1,148,52.4,26.8,259,178,613,P1,False,D,4,,0,321,
North 24 Parganas,119,N24P-119,97,Govt Office 97,305,283,0,588,48.13,84,14.3,227,146,8,448,P1,81,50.7,32.6,316,137,504,P1,False,D,4,,0,247,
North 24 Parganas,119,N24P-119,98,Primary School 98,413,378,0,791,47.79,108,13.7,340,236,4,644,P1,104,52.8,36.6,295,185,611,P1,False,D,4,,0,333,
North 24 Parganas,119,N24P-119,99,Health Sub-Centre 99,323,295,0,618,47.73,94,15.2,264,150,10,505,P1,114,52.3,29.7,368,86,505,P1,False,D,4,,0,260,
North 24 Parganas,119,N24P-119,100,Community Hall 100,404,398,0,802,49.63,110,13.7,387,160,5,614,P1,227,63.0,26.1,345,193,624,P1,False,D,4,,0,338,
North 24 Parganas,119,N24P-119,101,Temple Hall 101,358,351,1,710,49.44,88,12.4,390,139,7,611,P1,251,63.8,22.7,357,129,540,P1,False,D,4,,0,299,
North 24 Parganas,119,N24P-119,102,Primary School 102,342,320,1,663,48.27,64,9.7,363,128,3,546,P1,235,66.5,23.4,305,211,574,P1,False,A,1,,0,279,
North 24 Parganas,119,N24P-119,103,Health Sub-Centre 103,379,356,1,736,48.37,82,11.1,407,154,3,624,P1,253,65.2,24.7,320,216,596,P1,False,D,4,,0,310,
North 24 Parganas,119,N24P-119,104,Club Building 104,370,375,0,745,50.34,112,15.0,404,121,3,592,P1,283,68.2,20.4,386,161,608,P1,False,D,4,,0,314,
North 24 Parganas,119,N24P-119,105,Anganwadi Centre 105,407,366,0,773,47.35,118,15.3,339,180,5,589,P1,159,57.6,30.6,354,212,628,P1,False,D,4,,0,325,
North 24 Parganas,119,N24P-119,106,Anganwadi Centre 106,387,372,1,760,48.95,101,13.3,376,165,7,630,P1,211,59.7,26.2,380,199,644,P1,False,D,4,,0,320,
North 24 Parganas,119,N24P-119,107,Community Hall 107,401,405,1,807,50.19,117,14.5,388,169,5,619,P1,219,62.7,27.3,509,102,679,P1,False,D,4,,0,340,
North 24 Parganas,119,N24P-119,108,Club Building 108,247,233,0,480,48.54,50,10.4,284,92,4,418,P1,192,67.9,22.0,281,92,415,P1,False,D,4,,0,202,
North 24 Parganas,119,N24P-119,109,Anganwadi Centre 109,389,387,0,776,49.87,96,12.4,373,193,3,630,P1,180,59.2,30.6,396,171,630,P1,False,D,4,,0,327,
North 24 Parganas,119,N24P-119,110,Primary School 110,413,391,1,805,48.57,81,10.1,369,181,15,678,P1,188,54.4,26.7,288,231,658,P1,False,D,4,,0,339,
North 24 Parganas,119,N24P-119,111,High School 111,330,326,0,656,49.7,101,15.4,297,165,8,546,P1,132,54.4,30.2,299,158,520,P1,False,D,4,,0,276,
North 24 Parganas,119,N24P-119,112,Govt Office 112,391,378,0,769,49.15,114,14.8,344,248,3,658,P1,96,52.3,37.7,413,179,658,P1,False,D,4,,0,324,
North 24 Parganas,119,N24P-119,113,Post Office 113,239,240,1,480,50.0,65,13.5,210,123,3,370,P1,87,56.8,33.2,215,127,380,P1,False,D,4,,0,202,
North 24 Parganas,119,N24P-119,114,Madrasa 114,383,352,0,735,47.89,65,8.8,383,169,4,642,P1,214,59.7,26.3,426,142,631,P1,False,B,3,,0,309,
North 24 Parganas,119,N24P-119,115,Panchayat Bhavan 115,315,282,0,597,47.24,90,15.1,289,133,4,516,P1,156,56.0,25.8,290,126,462,P1,False,D,4,,0,251,
North 24 Parganas,119,N24P-119,116,Post Office 116,287,295,1,583,50.6,56,9.6,308,126,4,482,P1,182,63.9,26.1,342,85,474,P1,False,B,3,,0,245,
North 24 Parganas,119,N24P-119,117,Anganwadi Centre 117,262,248,1,511,48.53,74,14.5,227,135,6,421,P1,92,53.9,32.1,228,126,393,P1,False,D,4,,0,215,
North 24 Parganas,119,N24P-119,118,High School 118,282,266,1,549,48.45,82,14.9,218,187,7,466,P1,31,46.8,40.1,265,163,476,P1,False,D,4,,0,231,
North 24 Parganas,119,N24P-119,119,Anganwadi Centre 119,272,280,1,553,50.63,69,12.5,243,158,2,446,P1,85,54.5,35.4,306,113,465,P1,False,D,4,,0,233,
North 24 Parganas,119,N24P-119,120,Govt Office 120,421,382,0,803,47.57,90,11.2,324,226,5,650,P1,98,49.8,34.8,355,225,644,P1,False,D,4,,0,338,
North 24 Parganas,119,N24P-119,121,Govt Office 121,349,322,0,671,47.99,73,10.9,355,152,3,581,P1,203,61.1,26.2,399,87,541,P1,False,D,4,,0,282,
North 24 Parganas,119,N24P-119,122,Market Building 122,337,325,1,663,49.02,67,10.1,232,132,16,517,P1,100,44.9,25.5,338,144,535,P1,False,D,4,,0,279,
North 24 Parganas,119,N24P-119,123,Club Building 123,252,236,0,488,48.36,76,15.6,242,125,2,408,P1,117,59.3,30.6,203,117,391,P1,False,D,4,,0,205,
North 24 Parganas,119,N24P-119,124,Govt Office 124,290,278,0,568,48.94,88,15.5,300,112,3,458,P1,188,65.5,24.5,253,138,435,P1,False,D,4,,0,239,
North 24 Parganas,119,N24P-119,125,High School 125,277,252,0,529,47.64,82,15.5,292,122,5,460,P1,170,63.5,26.5,216,118,462,P1,False,D,4,,0,223,
North 24 Parganas,119,N24P-119,126,Community Hall 126,333,312,1,646,48.3,60,9.3,254,141,14,525,P1,113,48.4,26.9,291,178,521,P1,False,B,3,,0,272,
North 24 Parganas,119,N24P-119,127,Primary School 127,400,410,1,811,50.55,103,12.7,340,199,5,635,P1,141,53.5,31.3,436,140,654,P1,False,D,4,,0,341,
North 24 Parganas,119,N24P-119,128,Temple Hall 128,278,275,1,554,49.64,51,9.2,302,114,5,470,P1,188,64.3,24.3,251,168,465,P1,False,B,3,,0,233,
North 24 Parganas,119,N24P-119,129,Club Building 129,273,244,0,517,47.2,63,12.2,270,94,2,404,P1,176,66.8,23.3,248,107,394,P1,False,D,4,,0,218,
North 24 Parganas,119,N24P-119,130,Post Office 130,395,358,0,753,47.54,94,12.5,376,154,4,588,P1,222,63.9,26.2,283,182,606,P1,False,D,4,,0,317,
North 24 Parganas,119,N24P-119,131,Post Office 131,275,256,1,532,48.12,74,13.9,192,140,8,452,P1,52,42.5,31.0,184,156,414,P1,False,D,4,,0,224,
North 24 Parganas,119,N24P-119,132,Panchayat Bhavan 132,386,390,1,777,50.19,120,15.4,365,118,18,671,P1,201,54.4,17.6,366,172,652,P1,False,D,4,,0,327,
North 24 Parganas,119,N24P-119,133,High School 133,240,246,1,487,50.51,56,11.5,283,89,3,413,P1,194,68.5,21.5,208,113,379,P1,False,D,4,,0,205,
North 24 Parganas,119,N24P-119,134,Primary School 134,320,314,1,635,49.45,54,8.5,330,161,6,545,P1,169,60.6,29.5,320,143,515,P1,False,B,3,,0,267,
North 24 Parganas,119,N24P-119,135,Govt Office 135,368,339,1,708,47.88,108,15.3,324,196,7,591,P1,128,54.8,33.2,403,132,606,P1,False,D,4,,0,298,
North 24 Parganas,119,N24P-119,136,Market Building 136,263,246,0,509,48.33,59,11.6,230,131,3,402,P1,99,57.2,32.6,226,128,431,P1,False,D,4,,0,214,
North 24 Parganas,119,N24P-119,137,Primary School 137,281,289,1,571,50.61,59,10.3,333,108,3,490,P1,225,68.0,22.0,244,132,438,P1,False,D,4,,0,240,
North 24 Parganas,119,N24P-119,138,High School 138,323,302,0,625,48.32,95,15.2,318,170,5,542,P1,148,58.7,31.4,388,99,542,P1,False,D,4,,0,263,
North 24 Parganas,119,N24P-119,139,Club Building 139,294,266,1,561,47.42,59,10.5,254,153,6,462,P1,101,55.0,33.1,296,116,459,P1,False,D,4,,0,236,
North 24 Parganas,119,N24P-119,140,Market Building 140,400,407,0,807,50.43,104,12.9,364,188,4,614,P1,176,59.3,30.6,423,191,682,P1,False,D,4,,0,340,
North 24 Parganas,119,N24P-119,141,Community Hall 141,332,306,0,638,47.96,95,14.9,262,170,2,487,P1,92,53.8,34.9,297,141,509,P1,False,D,4,,0,268,
North 24 Parganas,119,N24P-119,142,High School 142,336,316,0,652,48.47,85,13.0,260,175,7,526,P1,85,49.4,33.3,371,129,555,P1,False,D,4,,0,274,
North 24 Parganas,119,N24P-119,143,Panchayat Bhavan 143,283,276,1,560,49.29,73,13.0,195,108,14,426,P1,87,45.8,25.4,249,127,459,P1,False,D,4,,0,236,
North 24 Parganas,119,N24P-119,144,Health Sub-Centre 144,257,264,1,522,50.57,53,10.2,277,101,5,420,P1,176,66.0,24.0,224,154,420,P1,False,D,4,,0,220,
North 24 Parganas,119,N24P-119,145,Madrasa 145,356,340,1,697,48.78,61,8.8,264,233,2,556,P1,31,47.5,41.9,294,181,557,P1,False,B,3,,0,293,
North 24 Parganas,119,N24P-119,146,Club Building 146,350,326,0,676,48.22,104,15.4,282,156,5,570,P1,126,49.5,27.4,325,155,534,P1,False,D,4,,0,284,
North 24 Parganas,119,N24P-119,147,Primary School 147,314,289,0,603,47.93,70,11.6,296,167,3,515,P1,129,57.5,32.4,318,128,496,P1,False,D,4,,0,254,
North 24 Parganas,119,N24P-119,148,Club Building 148,399,372,0,771,48.25,113,14.7,392,170,2,625,P1,222,62.7,27.2,396,152,609,P1,False,D,4,,0,324,
North 24 Parganas,119,N24P-119,149,High School 149,368,371,0,739,50.2,89,12.0,346,219,5,627,P1,127,55.2,34.9,335,118,626,P1,False,D,4,,0,311,
North 24 Parganas,119,N24P-119,150,Temple Hall 150,386,392,0,778,50.39,96,12.3,416,103,16,666,P1,291,62.5,15.5,349,193,647,P1,False,D,4,,0,327,
North 24 Parganas,119,N24P-119,151,High School 151,382,366,0,748,48.93,64,8.6,316,177,11,637,P1,139,49.6,27.8,388,169,619,P1,False,B,3,,0,315,
North 24 Parganas,119,N24P-119,152,Primary School 152,326,308,1,635,48.5,85,13.4,255,152,14,528,P1,103,48.3,28.8,331,142,525,P1,False,D,4,,0,267,
North 24 Parganas,119,N24P-119,153,Temple Hall 153,402,398,1,801,49.69,77,9.6,323,247,5,661,P1,76,48.9,37.4,394,164,620,P1,False,B,3,,0,337,
North 24 Parganas,119,N24P-119,154,Community Hall 154,296,300,0,596,50.34,68,11.4,300,138,3,487,P1,162,61.6,28.3,361,92,504,P1,False,D,4,,0,251,
North 24 Parganas,119,N24P-119,155,High School 155,347,332,0,679,48.9,63,9.3,393,128,4,579,P1,265,67.9,22.1,334,142,529,P1,False,A,1,,0,286,
North 24 Parganas,119,N24P-119,156,Community Hall 156,313,322,1,636,50.63,99,15.6,303,183,5,540,P1,120,56.1,33.9,293,166,555,P1,False,D,4,,0,268,
North 24 Parganas,119,N24P-119,157,Health Sub-Centre 157,289,271,0,560,48.39,80,14.3,200,144,8,478,P1,56,41.8,30.1,239,110,444,P1,False,D,4,,0,236,
North 24 Parganas,119,N24P-119,158,Govt Office 158,373,371,0,744,49.87,100,13.4,315,161,10,598,P1,154,52.7,26.9,381,179,622,P1,False,D,4,,0,313,
North 24 Parganas,119,N24P-119,159,Anganwadi Centre 159,310,304,1,615,49.43,77,12.5,254,149,7,515,P1,105,49.3,28.9,256,147,484,P1,False,D,4,,0,259,
North 24 Parganas,119,N24P-119,160,Temple Hall 160,348,352,1,701,50.21,101,14.4,383,148,5,590,P1,235,64.9,25.1,362,118,534,P1,False,D,4,,0,295,
North 24 Parganas,119,N24P-119,161,Panchayat Bhavan 161,356,352,1,709,49.65,89,12.6,347,142,6,544,P1,205,63.8,26.1,347,193,611,P1,False,D,4,,0,298,
North 24 Parganas,119,N24P-119,162,Community Hall 162,289,267,0,556,48.02,55,9.9,317,120,3,485,P1,197,65.4,24.7,250,145,439,P1,False,A,1,,0,234,
North 24 Parganas,119,N24P-119,163,Anganwadi Centre 163,393,389,0,782,49.74,77,9.8,363,193,6,680,P1,170,53.4,28.4,328,154,639,P1,False,B,3,,0,329,
North 24 Parganas,119,N24P-119,164,Panchayat Bhavan 164,285,279,0,564,49.47,53,9.4,212,103,6,432,P1,104,49.1,23.8,278,134,467,P1,False,B,3,,0,237,
North 24 Parganas,119,N24P-119,165,Club Building 165,284,266,0,550,48.36,53,9.6,269,133,2,475,P1,136,56.6,28.0,280,139,465,P1,False,B,3,,0,231,
North 24 Parganas,119,N24P-119,166,Club Building 166,262,253,1,516,49.03,64,12.4,222,112,10,436,P1,110,50.9,25.7,190,123,400,P1,False,D,4,,0,217,
North 24 Parganas,119,N24P-119,167,Post Office 167,252,238,0,490,48.57,44,9.0,255,113,5,413,P1,142,61.7,27.4,246,114,399,P1,False,B,3,,0,206,
North 24 Parganas,119,N24P-119,168,Madrasa 168,301,308,0,609,50.57,78,12.8,252,154,5,489,P1,98,51.5,31.5,229,179,501,P1,False,D,4,,0,256,
North 24 Parganas,119,N24P-119,169,Club Building 169,348,340,0,688,49.42,86,12.5,337,181,4,576,P1,156,58.5,31.4,349,191,599,P1,False,D,4,,0,290,
North 24 Parganas,119,N24P-119,170,Temple Hall 170,258,263,1,522,50.38,72,13.8,255,99,5,424,P1,156,60.1,23.3,227,152,421,P1,False,D,4,,0,220,
North 24 Parganas,119,N24P-119,171,Panchayat Bhavan 171,407,370,1,778,47.56,74,9.5,382,167,3,610,P1,215,62.6,27.4,398,147,606,P1,False,B,3,,0,327,
North 24 Parganas,119,N24P-119,172,Govt Office 172,401,400,0,801,49.94,83,10.4,358,160,11,627,P1,198,57.1,25.5,383,151,629,P1,False,D,4,,0,337,
North 24 Parganas,119,N24P-119,173,Govt Office 173,332,321,0,653,49.16,79,12.1,301,165,8,533,P1,136,56.5,31.0,302,172,527,P1,False,D,4,,0,275,
North 24 Parganas,119,N24P-119,174,High School 174,319,324,0,643,50.39,76,11.8,321,126,5,497,P1,195,64.6,25.4,278,148,487,P1,False,D,4,,0,271,
North 24 Parganas,119,N24P-119,175,Club Building 175,401,384,1,786,48.85,72,9.2,385,139,8,605,P1,246,63.6,23.0,317,163,648,P1,False,B,3,,0,331,
North 24 Parganas,119,N24P-119,176,Primary School 176,260,243,1,504,48.21,76,15.1,279,108,3,430,P1,171,64.9,25.1,210,145,399,P1,False,D,4,,0,212,
North 24 Parganas,119,N24P-119,177,Community Hall 177,330,302,0,632,47.78,83,13.1,339,146,5,539,P1,193,62.9,27.1,293,180,525,P1,False,D,4,,0,266,
North 24 Parganas,119,N24P-119,178,Madrasa 178,278,275,1,554,49.64,67,12.1,274,118,4,436,P1,156,62.8,27.1,278,104,424,P1,False,D,4,,0,233,
North 24 Parganas,119,N24P-119,179,Club Building 179,351,321,0,672,47.77,74,11.0,288,181,2,521,P1,107,55.3,34.7,300,89,565,P1,False,D,4,,0,283,
North 24 Parganas,119,N24P-119,180,Panchayat Bhavan 180,263,244,1,508,48.03,78,15.4,245,104,2,387,P1,141,63.3,26.9,260,114,415,P1,False,D,4,,0,214,
North 24 Parganas,119,N24P-119,181,Post Office 181,245,248,0,493,50.3,43,8.7,208,140,4,421,P1,68,49.4,33.3,293,70,404,P1,False,B,3,,0,207,
North 24 Parganas,119,N24P-119,182,Club Building 182,290,271,1,562,48.22,64,11.4,322,104,4,474,P1,218,67.9,21.9,202,136,428,P1,False,D,4,,0,237,
North 24 Parganas,119,N24P-119,183,Temple Hall 183,238,246,1,485,50.72,68,14.0,242,98,1,377,P1,144,64.2,26.0,223,112,372,P1,False,D,4,,0,204,
North 24 Parganas,119,N24P-119,184,Anganwadi Centre 184,311,280,0,591,47.38,89,15.1,293,139,4,480,P1,154,61.0,29.0,300,122,475,P1,False,D,4,,0,249,
North 24 Parganas,119,N24P-119,185,Post Office 185,364,362,0,726,49.86,77,10.6,349,190,5,598,P1,159,58.4,31.8,349,168,605,P1,False,D,4,,0,306,
North 24 Parganas,119,N24P-119,186,Temple Hall 186,318,306,1,625,48.96,94,15.0,308,152,6,520,P1,156,59.2,29.2,266,159,480,P1,False,D,4,,0,263,
North 24 Parganas,119,N24P-119,187,Post Office 187,393,394,1,788,50.0,118,15.0,352,140,5,610,P1,212,57.7,23.0,332,219,613,P1,False,D,4,,0,332,
North 24 Parganas,119,N24P-119,188,Community Hall 188,360,366,0,726,50.41,86,11.8,309,197,6,577,P1,112,53.6,34.1,249,205,576,P1,False,D,4,,0,306,
North 24 Parganas,119,N24P-119,189,Post Office 189,283,287,0,570,50.35,52,9.1,208,130,13,460,P1,78,45.2,28.3,309,102,456,P1,False,B,3,,0,240,
North 24 Parganas,119,N24P-119,190,Govt Office 190,383,358,0,741,48.31,90,12.1,362,161,3,581,P1,201,62.3,27.7,395,150,612,P1,False,D,4,,0,312,
North 24 Parganas,119,N24P-119,191,High School 191,380,374,1,755,49.54,70,9.3,346,189,4,608,P1,157,56.9,31.1,428,95,581,P1,False,B,3,,0,318,
North 24 Parganas,119,N24P-119,192,Club Building 192,274,274,0,548,50.0,49,8.9,263,119,3,475,P1,144,55.4,25.1,230,178,469,P1,False,B,3,,0,231,
North 24 Parganas,120,N24P-120,1,Post Office 1,290,270,1,561,48.13,18,3.2,261,121,4,424,P1,140,61.6,28.5,267,133,445,P1,False,B,3,,0,236,
North 24 Parganas,120,N24P-120,2,Market Building 2,400,390,1,791,49.3,36,4.6,440,134,4,638,P1,306,69.0,21.0,452,143,661,P1,False,A,1,,0,333,
North 24 Parganas,120,N24P-120,3,Temple Hall 3,387,350,1,738,47.43,24,3.3,370,154,11,635,P1,216,58.3,24.3,396,150,607,P1,False,B,3,,0,311,
North 24 Parganas,120,N24P-120,4,Govt Office 4,256,243,0,499,48.7,15,3.0,234,152,2,429,P1,82,54.5,35.4,208,121,395,P1,False,B,3,,0,210,
North 24 Parganas,120,N24P-120,5,Temple Hall 5,368,346,0,714,48.46,34,4.8,284,186,2,542,P1,98,52.4,34.3,312,188,603,P1,False,B,3,,0,300,
North 24 Parganas,120,N24P-120,6,Health Sub-Centre 6,251,234,0,485,48.25,18,3.7,237,83,2,393,P1,154,60.3,21.1,231,107,375,P1,False,B,3,,0,204,
North 24 Parganas,120,N24P-120,7,Govt Office 7,356,341,0,697,48.92,24,3.4,331,166,7,571,P1,165,58.0,29.1,289,154,556,P1,False,B,3,,0,293,
North 24 Parganas,120,N24P-120,8,Health Sub-Centre 8,321,323,1,645,50.08,21,3.3,344,106,3,500,P1,238,68.8,21.2,296,152,497,P1,False,A,1,,0,271,
North 24 Parganas,120,N24P-120,9,Club Building 9,314,302,0,616,49.03,19,3.1,266,111,14,501,P1,155,53.1,22.2,309,154,515,P1,False,B,3,,0,259,
North 24 Parganas,120,N24P-120,10,Club Building 10,291,270,0,561,48.13,20,3.6,314,94,4,453,P1,220,69.3,20.8,297,132,476,P1,False,A,1,,0,236,
North 24 Parganas,120,N24P-120,11,Market Building 11,325,332,0,657,50.53,23,3.5,317,157,5,526,P1,160,60.3,29.8,346,152,553,P1,False,B,3,,0,276,
North 24 Parganas,120,N24P-120,12,High School 12,377,376,1,754,49.87,38,5.0,352,170,6,580,P1,182,60.7,29.3,350,140,644,P1,False,B,3,,0,317,
North 24 Parganas,120,N24P-120,13,High School 13,301,271,1,573,47.29,17,3.0,236,197,6,493,P1,39,47.9,40.0,265,158,470,P1,False,B,3,,0,241,
North 24 Parganas,120,N24P-120,14,Temple Hall 14,330,331,0,661,50.08,27,4.1,357,128,4,556,P1,229,64.2,23.0,329,123,503,P1,False,B,3,,0,278,
North 24 Parganas,120,N24P-120,15,Post Office 15,370,356,1,727,48.97,34,4.7,372,186,3,620,P1,186,60.0,30.0,318,191,566,P1,False,B,3,,0,306,
North 24 Parganas,120,N24P-120,16,Anganwadi Centre 16,383,343,1,727,47.18,27,3.7,275,175,6,572,P1,100,48.1,30.6,278,186,562,P1,False,B,3,,0,306,
North 24 Parganas,120,N24P-120,17,Temple Hall 17,331,341,0,672,50.74,26,3.9,307,171,2,548,P1,136,56.0,31.2,232,211,525,P1,False,B,3,,0,283,
North 24 Parganas,120,N24P-120,18,Club Building 18,281,276,0,557,49.55,22,3.9,277,120,5,458,P1,157,60.5,26.2,283,144,475,P1,False,B,3,,0,234,
North 24 Parganas,120,N24P-120,19,Club Building 19,278,266,0,544,48.9,18,3.3,293,90,2,425,P1,203,68.9,21.2,229,115,417,P1,False,A,1,,0,229,
North 24 Parganas,120,N24P-120,20,Panchayat Bhavan 20,335,335,0,670,50.0,21,3.1,305,155,3,555,P1,150,55.0,27.9,286,132,538,P1,False,B,3,,0,282,
North 24 Parganas,120,N24P-120,21,Club Building 21,366,354,1,721,49.1,33,4.6,297,220,7,575,P1,77,51.7,38.3,368,136,612,P1,False,B,3,,0,303,
North 24 Parganas,120,N24P-120,22,Community Hall 22,271,278,1,550,50.55,21,3.8,246,115,5,467,P1,131,52.7,24.6,241,136,419,P1,False,B,3,,0,231,
North 24 Parganas,120,N24P-120,23,Govt Office 23,306,289,0,595,48.57,17,2.9,245,118,6,450,P1,127,54.4,26.2,310,142,503,P1,False,B,3,,0,250,
North 24 Parganas,120,N24P-120,24,Madrasa 24,384,396,1,781,50.7,29,3.7,329,227,7,617,P1,102,53.3,36.8,337,224,651,P1,False,B,3,,0,329,
North 24 Parganas,120,N24P-120,25,Panchayat Bhavan 25,378,380,1,759,50.07,27,3.6,264,139,11,591,P1,93,44.7,23.5,411,167,642,P1,False,B,3,,0,319,
North 24 Parganas,120,N24P-120,26,Govt Office 26,392,369,1,762,48.43,37,4.9,256,145,8,592,P1,79,43.2,24.5,373,203,640,P1,False,B,3,,0,321,
North 24 Parganas,120,N24P-120,27,Madrasa 27,313,315,0,628,50.16,18,2.9,326,158,5,538,P1,168,60.6,29.4,296,127,533,P1,False,B,3,,0,264,
North 24 Parganas,120,N24P-120,28,High School 28,262,237,1,500,47.4,24,4.8,185,125,6,403,P1,60,45.9,31.0,273,82,394,P1,False,B,3,,0,210,
North 24 Parganas,120,N24P-120,29,Club Building 29,245,245,1,491,49.9,15,3.1,227,100,3,377,P1,127,60.2,26.5,238,130,409,P1,False,B,3,,0,207,
North 24 Parganas,120,N24P-120,30,Anganwadi Centre 30,250,236,0,486,48.56,23,4.7,222,103,6,408,P1,119,54.4,25.2,172,105,369,P1,False,B,3,,0,205,
North 24 Parganas,120,N24P-120,31,Panchayat Bhavan 31,324,316,1,641,49.3,26,4.1,264,200,4,551,P1,64,47.9,36.3,278,209,541,P1,False,B,3,,0,270,
North 24 Parganas,120,N24P-120,32,Madrasa 32,392,384,0,776,49.48,30,3.9,404,162,7,629,P1,242,64.2,25.8,381,150,590,P1,False,B,3,,0,327,
North 24 Parganas,120,N24P-120,33,Govt Office 33,379,370,0,749,49.4,23,3.1,339,211,7,611,P1,128,55.5,34.5,436,147,647,P1,False,B,3,,0,315,
North 24 Parganas,120,N24P-120,34,Primary School 34,275,283,1,559,50.63,22,3.9,236,160,4,460,P1,76,51.3,34.8,259,151,460,P1,False,B,3,,0,235,
North 24 Parganas,120,N24P-120,35,Health Sub-Centre 35,296,269,1,566,47.53,27,4.8,300,101,2,446,P1,199,67.3,22.6,315,115,485,P1,False,A,1,,0,238,
North 24 Parganas,120,N24P-120,36,Govt Office 36,349,330,0,679,48.6,24,3.5,285,168,6,582,P1,117,49.0,28.9,304,182,540,P1,False,B,3,,0,286,
North 24 Parganas,120,N24P-120,37,Health Sub-Centre 37,382,373,0,755,49.4,35,4.6,417,117,5,593,P1,300,70.3,19.7,331,196,609,P1,False,A,1,,0,318,
North 24 Parganas,120,N24P-120,38,Madrasa 38,272,254,1,527,48.2,26,4.9,219,111,7,413,P1,108,53.0,26.9,286,106,435,P1,False,B,3,,0,222,
North 24 Parganas,120,N24P-120,39,Temple Hall 39,349,353,0,702,50.28,32,4.6,348,146,8,576,P1,202,60.4,25.3,367,135,558,P1,False,B,3,,0,295,
North 24 Parganas,120,N24P-120,40,Community Hall 40,368,357,1,726,49.17,24,3.3,316,181,6,614,P1,135,51.5,29.5,325,174,555,P1,False,B,3,,0,306,
North 24 Parganas,120,N24P-120,41,High School 41,382,379,1,762,49.74,39,5.1,361,140,10,622,P1,221,58.0,22.5,381,188,633,P1,False,B,3,,0,321,
North 24 Parganas,120,N24P-120,42,Panchayat Bhavan 42,266,249,0,515,48.35,26,5.0,270,91,1,401,P1,179,67.3,22.7,188,106,394,P1,False,A,1,,0,217,
North 24 Parganas,120,N24P-120,43,Community Hall 43,345,327,1,673,48.59,30,4.5,320,163,4,537,P1,157,59.6,30.4,410,117,586,P1,False,B,3,,0,283,
North 24 Parganas,120,N24P-120,44,Temple Hall 44,406,375,1,782,47.95,27,3.5,327,239,6,670,P1,88,48.8,35.7,401,195,663,P1,False,B,3,,0,329,
North 24 Parganas,120,N24P-120,45,Community Hall 45,324,300,0,624,48.08,28,4.5,284,112,14,516,P1,172,55.0,21.7,358,101,510,P1,False,B,3,,0,263,
North 24 Parganas,120,N24P-120,46,Health Sub-Centre 46,422,386,1,809,47.71,38,4.7,360,156,11,684,P1,204,52.6,22.8,387,217,687,P1,False,B,3,,0,340,
North 24 Parganas,120,N24P-120,47,Club Building 47,307,309,1,617,50.08,32,5.2,262,102,13,494,P1,150,53.0,20.6,230,148,522,P1,False,B,3,,0,260,
North 24 Parganas,120,N24P-120,48,Madrasa 48,268,244,1,513,47.56,19,3.7,230,125,6,447,P1,105,51.5,28.0,269,95,404,P1,False,B,3,,0,216,
North 24 Parganas,120,N24P-120,49,Club Building 49,347,337,0,684,49.27,32,4.7,402,98,4,555,P1,304,72.4,17.7,322,162,579,P1,False,A,1,,0,288,
North 24 Parganas,120,N24P-120,50,Community Hall 50,243,237,1,481,49.27,24,5.0,198,95,6,364,P1,103,54.4,26.1,247,104,399,P1,False,B,3,,0,202,
North 24 Parganas,120,N24P-120,51,Club Building 51,261,247,1,509,48.53,24,4.7,285,115,5,444,P1,170,64.2,25.9,241,109,403,P1,False,B,3,,0,214,
North 24 Parganas,120,N24P-120,52,Post Office 52,365,328,0,693,47.33,21,3.0,333,148,2,534,P1,185,62.4,27.7,292,165,531,P1,False,B,3,,0,292,
North 24 Parganas,120,N24P-120,53,High School 53,395,362,1,758,47.76,34,4.5,293,186,16,642,P1,107,45.6,29.0,380,179,635,P1,False,B,3,,0,319,
North 24 Parganas,120,N24P-120,54,Panchayat Bhavan 54,312,312,1,625,49.92,23,3.7,319,128,5,497,P1,191,64.2,25.8,251,146,543,P1,False,B,3,,0,263,
North 24 Parganas,120,N24P-120,55,Govt Office 55,250,238,0,488,48.77,25,5.1,231,127,4,407,P1,104,56.8,31.2,179,109,417,P1,False,B,3,,0,205,
North 24 Parganas,120,N24P-120,56,Post Office 56,361,352,0,713,49.37,22,3.1,339,213,3,613,P1,126,55.3,34.7,354,138,547,P1,False,B,3,,0,300,
North 24 Parganas,120,N24P-120,57,Anganwadi Centre 57,307,275,1,583,47.17,28,4.8,226,162,6,459,P1,64,49.2,35.3,299,147,495,P1,False,B,3,,0,245,
North 24 Parganas,120,N24P-120,58,Govt Office 58,402,376,1,779,48.27,38,4.9,416,160,4,640,P1,256,65.0,25.0,323,217,638,P1,False,B,3,,0,328,
North 24 Parganas,120,N24P-120,59,Market Building 59,272,261,1,534,48.88,21,3.9,252,119,4,415,P1,133,60.7,28.7,258,129,430,P1,False,B,3,,0,225,
North 24 Parganas,120,N24P-120,60,Panchayat Bhavan 60,350,329,1,680,48.38,35,5.1,302,152,7,523,P1,150,57.7,29.1,305,179,538,P1,False,B,3,,0,286,
North 24 Parganas,120,N24P-120,61,Community Hall 61,390,372,1,763,48.75,24,3.1,321,167,12,610,P1,154,52.6,27.4,332,183,581,P1,False,B,3,,0,321,
North 24 Parganas,120,N24P-120,62,Market Building 62,299,296,0,595,49.75,17,2.9,290,143,5,496,P1,147,58.5,28.8,240,141,496,P1,False,B,3,,0,250,
North 24 Parganas,120,N24P-120,63,High School 63,336,343,1,680,50.44,25,3.7,427,82,3,566,P1,345,75.4,14.5,348,146,587,P1,False,A,1,,0,286,
North 24 Parganas,120,N24P-120,64,Madrasa 64,326,308,1,635,48.5,23,3.6,302,133,4,484,P1,169,62.4,27.5,280,175,517,P1,False,B,3,,0,267,
North 24 Parganas,120,N24P-120,65,Madrasa 65,371,341,0,712,47.89,33,4.6,365,152,6,575,P1,213,63.5,26.4,324,151,578,P1,False,B,3,,0,300,
North 24 Parganas,120,N24P-120,66,Anganwadi Centre 66,411,392,1,804,48.76,35,4.4,320,242,14,689,P1,78,46.4,35.1,383,197,644,P1,False,B,3,,0,338,
North 24 Parganas,120,N24P-120,67,Health Sub-Centre 67,386,398,0,784,50.77,29,3.7,439,156,2,661,P1,283,66.4,23.6,489,115,671,P1,False,A,1,,0,330,
North 24 Parganas,120,N24P-120,68,High School 68,268,252,1,521,48.37,19,3.6,239,78,8,415,P1,153,57.6,18.8,248,136,432,P1,False,B,3,,0,219,
North 24 Parganas,120,N24P-120,69,Market Building 69,291,285,0,576,49.48,23,4.0,293,121,4,460,P1,172,63.7,26.3,298,125,470,P1,False,B,3,,0,242,
North 24 Parganas,120,N24P-120,70,Club Building 70,295,300,1,596,50.34,18,3.0,235,165,4,455,P1,70,51.6,36.3,252,117,467,P1,False,B,3,,0,251,
North 24 Parganas,120,N24P-120,71,Club Building 71,299,291,0,590,49.32,28,4.7,285,125,5,455,P1,160,62.6,27.5,333,100,482,P1,False,B,3,,0,248,
North 24 Parganas,120,N24P-120,72,Anganwadi Centre 72,401,401,1,803,49.94,35,4.4,340,218,6,619,P1,122,54.9,35.2,374,182,681,P1,False,B,3,,0,338,
North 24 Parganas,120,N24P-120,73,Club Building 73,382,352,1,735,47.89,31,4.2,282,175,7,563,P1,107,50.1,31.1,365,149,571,P1,False,B,3,,0,309,
North 24 Parganas,120,N24P-120,74,Madrasa 74,381,365,1,747,48.86,34,4.6,354,178,5,591,P1,176,59.9,30.1,340,170,567,P1,False,B,3,,0,314,
North 24 Parganas,120,N24P-120,75,Post Office 75,384,393,1,778,50.51,29,3.7,390,185,6,638,P1,205,61.1,29.0,370,195,627,P1,False,B,3,,0,327,
North 24 Parganas,120,N24P-120,76,Market Building 76,272,263,0,535,49.16,22,4.1,298,100,3,443,P1,198,67.3,22.6,250,129,430,P1,False,A,1,,0,225,
North 24 Parganas,120,N24P-120,77,Community Hall 77,374,352,0,726,48.48,24,3.3,313,166,10,617,P1,147,50.7,26.9,310,227,606,P1,False,B,3,,0,306,
North 24 Parganas,120,N24P-120,78,Market Building 78,253,246,0,499,49.3,17,3.4,302,43,2,383,P1,259,78.9,11.2,272,95,408,P1,False,A,1,,0,210,
North 24 Parganas,120,N24P-120,79,Market Building 79,382,391,1,774,50.52,29,3.7,398,189,5,659,P1,209,60.4,28.7,296,182,591,P1,False,B,3,,0,326,
North 24 Parganas,120,N24P-120,80,Madrasa 80,343,312,1,656,47.56,19,2.9,293,155,9,543,P1,138,54.0,28.5,289,202,562,P1,False,B,3,,0,276,
North 24 Parganas,120,N24P-120,81,Community Hall 81,342,351,1,694,50.58,31,4.5,275,140,5,541,P1,135,50.8,25.9,318,164,536,P1,False,B,3,,0,292,
North 24 Parganas,120,N24P-120,82,High School 82,261,248,0,509,48.72,15,2.9,198,114,9,389,P1,84,50.9,29.3,255,135,433,P1,False,B,3,,0,214,
North 24 Parganas,120,N24P-120,83,Govt Office 83,251,245,1,497,49.3,26,5.2,235,142,4,422,P1,93,55.7,33.6,256,132,431,P1,False,B,3,,0,209,
North 24 Parganas,120,N24P-120,84,Post Office 84,354,346,1,701,49.36,30,4.3,389,121,5,566,P1,268,68.7,21.4,332,194,584,P1,False,A,1,,0,295,
North 24 Parganas,120,N24P-120,85,Health Sub-Centre 85,281,281,1,563,49.91,24,4.3,292,139,4,479,P1,153,61.0,29.0,248,132,469,P1,False,B,3,,0,237,
North 24 Parganas,120,N24P-120,86,Club Building 86,313,289,0,602,48.01,21,3.5,238,186,3,493,P1,52,48.3,37.7,288,148,484,P1,False,B,3,,0,253,
North 24 Parganas,120,N24P-120,87,High School 87,289,297,0,586,50.68,21,3.6,338,94,3,480,P1,244,70.4,19.6,224,178,447,P1,False,A,1,,0,247,
North 24 Parganas,120,N24P-120,88,Community Hall 88,395,374,0,769,48.63,30,3.9,274,214,16,651,P1,60,42.1,32.9,356,191,638,P1,False,B,3,,0,324,
North 24 Parganas,120,N24P-120,89,Govt Office 89,297,282,0,579,48.7,18,3.1,258,139,7,479,P1,119,53.9,29.0,279,171,499,P1,False,B,3,,0,244,
North 24 Parganas,120,N24P-120,90,Health Sub-Centre 90,264,238,1,503,47.32,16,3.2,248,130,4,420,P1,118,59.0,31.0,284,77,401,P1,False,B,3,,0,212,
North 24 Parganas,120,N24P-120,91,Post Office 91,405,388,1,794,48.87,34,4.3,315,231,9,641,P1,84,49.1,36.0,257,159,610,P1,False,B,3,,0,334,
North 24 Parganas,120,N24P-120,92,Anganwadi Centre 92,265,275,1,541,50.83,21,3.9,244,166,4,462,P1,78,52.8,35.9,259,134,451,P1,False,B,3,,0,228,
North 24 Parganas,120,N24P-120,93,Primary School 93,264,259,1,524,49.43,26,5.0,230,153,4,425,P1,77,54.1,36.0,294,82,418,P1,False,B,3,,0,221,
North 24 Parganas,120,N24P-120,94,Market Building 94,270,247,0,517,47.78,17,3.3,236,115,4,394,P1,121,59.9,29.2,270,109,422,P1,False,B,3,,0,218,
North 24 Parganas,120,N24P-120,95,Market Building 95,390,389,1,780,49.87,39,5.0,474,116,8,656,P1,358,72.3,17.7,404,130,593,P1,False,A,1,,0,328,
North 24 Parganas,120,N24P-120,96,Community Hall 96,342,319,1,662,48.19,33,5.0,260,165,4,509,P1,95,51.1,32.4,357,134,545,P1,False,B,3,,0,279,
North 24 Parganas,120,N24P-120,97,Madrasa 97,357,320,0,677,47.27,28,4.1,274,201,6,528,P1,73,51.9,38.1,313,116,565,P1,False,B,3,,0,285,
North 24 Parganas,120,N24P-120,98,Madrasa 98,264,236,1,501,47.11,24,4.8,282,111,4,437,P1,171,64.5,25.4,268,112,422,P1,False,B,3,,0,211,
North 24 Parganas,120,N24P-120,99,Primary School 99,287,277,0,564,49.11,23,4.1,304,121,4,473,P1,183,64.3,25.6,248,74,470,P1,False,B,3,,0,237,
North 24 Parganas,120,N24P-120,100,Post Office 100,256,239,1,496,48.19,21,4.2,228,121,7,408,P1,107,55.9,29.7,229,106,379,P1,False,B,3,,0,209,
North 24 Parganas,120,N24P-120,101,Health Sub-Centre 101,414,399,1,814,49.02,35,4.3,363,246,7,676,P1,117,53.7,36.4,455,174,710,P1,False,B,3,,0,343,
North 24 Parganas,120,N24P-120,102,Govt Office 102,329,322,0,651,49.46,29,4.5,346,135,2,535,P1,211,64.7,25.2,349,152,557,P1,False,B,3,,0,274,
North 24 Parganas,120,N24P-120,103,Primary School 103,270,274,0,544,50.37,24,4.4,255,131,8,469,P1,124,54.4,27.9,272,126,442,P1,False,B,3,,0,229,
North 24 Parganas,120,N24P-120,104,Temple Hall 104,334,342,1,677,50.52,24,3.5,360,103,2,514,P1,257,70.0,20.0,364,153,574,P1,False,A,1,,0,285,
North 24 Parganas,120,N24P-120,105,Community Hall 105,395,403,1,799,50.44,24,3.0,363,165,7,621,P1,198,58.5,26.6,371,244,686,P1,False,B,3,,0,336,
North 24 Parganas,120,N24P-120,106,Govt Office 106,422,385,1,808,47.65,30,3.7,437,168,2,672,P1,269,65.0,25.0,499,118,685,P1,False,B,3,,0,340,
North 24 Parganas,120,N24P-120,107,Panchayat Bhavan 107,424,382,0,806,47.39,34,4.2,434,171,3,672,P1,263,64.6,25.4,379,160,627,P1,False,B,3,,0,339,
North 24 Parganas,120,N24P-120,108,Temple Hall 108,309,317,0,626,50.64,24,3.8,292,156,2,515,P1,136,56.7,30.3,309,129,542,P1,False,B,3,,0,263,
North 24 Parganas,120,N24P-120,109,Govt Office 109,330,342,1,673,50.82,26,3.9,357,113,2,522,P1,244,68.4,21.6,313,159,527,P1,False,A,1,,0,283,
North 24 Parganas,120,N24P-120,110,Community Hall 110,254,260,0,514,50.58,17,3.3,240,163,3,448,P1,77,53.6,36.4,158,158,420,P1,False,B,3,,0,216,
North 24 Parganas,120,N24P-120,111,Market Building 111,358,340,1,699,48.64,22,3.1,322,179,6,557,P1,143,57.8,32.1,238,132,543,P1,False,B,3,,0,294,
North 24 Parganas,120,N24P-120,112,Post Office 112,244,250,0,494,50.61,20,4.0,264,110,2,415,P1,154,63.6,26.5,307,58,406,P1,False,B,3,,0,208,
North 24 Parganas,120,N24P-120,113,High School 113,407,385,0,792,48.61,38,4.8,359,162,4,622,P1,197,57.7,26.0,345,202,641,P1,False,B,3,,0,333,
North 24 Parganas,120,N24P-120,114,Panchayat Bhavan 114,358,344,0,702,49.0,24,3.4,364,166,4,589,P1,198,61.8,28.2,362,114,547,P1,False,B,3,,0,295,
North 24 Parganas,120,N24P-120,115,Health Sub-Centre 115,258,241,1,500,48.2,18,3.6,252,107,3,399,P1,145,63.2,26.8,219,134,393,P1,False,B,3,,0,210,
North 24 Parganas,120,N24P-120,116,Madrasa 116,292,302,1,595,50.76,30,5.0,268,163,2,479,P1,105,55.9,34.0,251,147,493,P1,False,B,3,,0,250,
North 24 Parganas,120,N24P-120,117,Temple Hall 117,399,390,0,789,49.43,37,4.7,335,216,5,612,P1,119,54.7,35.3,430,174,672,P1,False,B,3,,0,332,
North 24 Parganas,120,N24P-120,118,Market Building 118,402,400,1,803,49.81,25,3.1,479,123,6,669,P1,356,71.6,18.4,379,187,629,P1,False,A,1,,0,338,
North 24 Parganas,120,N24P-120,119,Panchayat Bhavan 119,356,336,0,692,48.55,28,4.0,311,192,4,576,P1,119,54.0,33.3,285,190,527,P1,False,B,3,,0,291,
North 24 Parganas,120,N24P-120,120,Govt Office 120,347,349,0,696,50.14,22,3.2,272,153,6,539,P1,119,50.5,28.4,295,165,552,P1,False,B,3,,0,293,
North 24 Parganas,120,N24P-120,121,Health Sub-Centre 121,275,283,0,558,50.72,21,3.8,295,121,5,463,P1,174,63.7,26.1,293,131,481,P1,False,B,3,,0,235,
North 24 Parganas,120,N24P-120,122,Govt Office 122,334,338,0,672,50.3,25,3.7,288,114,7,552,P1,151,52.2,20.7,393,97,544,P1,False,B,3,,0,283,
North 24 Parganas,120,N24P-120,123,Temple Hall 123,276,255,0,531,48.02,24,4.5,257,156,3,459,P1,101,56.0,34.0,222,153,461,P1,False,B,3,,0,223,
North 24 Parganas,120,N24P-120,124,Panchayat Bhavan 124,350,315,1,666,47.3,30,4.5,314,186,6,555,P1,128,56.6,33.5,347,123,522,P1,False,B,3,,0,280,
North 24 Parganas,120,N24P-120,125,Health Sub-Centre 125,399,388,1,788,49.24,29,3.7,468,120,3,653,P1,348,71.7,18.4,333,222,658,P1,False,A,1,,0,332,
North 24 Parganas,120,N24P-120,126,Temple Hall 126,287,292,0,579,50.43,29,5.0,261,174,3,501,P1,87,52.1,34.7,255,152,503,P1,False,B,3,,0,244,
North 24 Parganas,120,N24P-120,127,Community Hall 127,316,300,0,616,48.7,30,4.9,319,131,5,500,P1,188,63.8,26.2,305,142,497,P1,False,B,3,,0,259,
North 24 Parganas,120,N24P-120,128,Anganwadi Centre 128,365,341,1,707,48.23,33,4.7,342,147,8,595,P1,195,57.5,24.7,354,134,559,P1,False,B,3,,0,298,
North 24 Parganas,120,N24P-120,129,Community Hall 129,313,320,1,634,50.47,32,5.0,261,157,11,516,P1,104,50.6,30.4,305,179,538,P1,False,B,3,,0,267,
North 24 Parganas,120,N24P-120,130,Madrasa 130,311,313,1,625,50.08,20,3.2,361,108,3,521,P1,253,69.3,20.7,312,165,540,P1,False,A,1,,0,263,
North 24 Parganas,120,N24P-120,131,High School 131,343,328,1,672,48.81,34,5.1,342,142,8,565,P1,200,60.5,25.1,357,142,559,P1,False,B,3,,0,283,
North 24 Parganas,120,N24P-120,132,Panchayat Bhavan 132,404,383,0,787,48.67,36,4.6,256,148,22,608,P1,80,42.1,24.3,399,209,676,P1,False,B,3,,0,331,
North 24 Parganas,120,N24P-120,133,Anganwadi Centre 133,279,288,0,567,50.79,19,3.4,295,108,5,466,P1,187,63.3,23.2,205,150,431,P1,False,B,3,,0,239,
North 24 Parganas,120,N24P-120,134,High School 134,289,283,0,572,49.48,25,4.4,232,161,2,437,P1,71,53.1,36.8,264,141,450,P1,False,B,3,,0,241,
North 24 Parganas,120,N24P-120,135,High School 135,397,382,1,780,48.97,34,4.4,432,163,4,662,P1,269,65.3,24.6,369,181,646,P1,False,A,1,,0,328,
North 24 Parganas,120,N24P-120,136,High School 136,250,250,0,500,50.0,16,3.2,230,100,2,393,P1,130,58.5,25.4,269,98,407,P1,False,B,3,,0,210,
North 24 Parganas,120,N24P-120,137,Health Sub-Centre 137,351,329,0,680,48.38,22,3.2,334,155,4,543,P1,179,61.5,28.5,346,144,545,P1,False,B,3,,0,286,
North 24 Parganas,120,N24P-120,138,Market Building 138,373,341,1,715,47.69,33,4.6,391,146,6,597,P1,245,65.5,24.5,309,213,580,P1,False,A,1,,0,301,
North 24 Parganas,120,N24P-120,139,Market Building 139,246,250,1,497,50.3,23,4.6,178,155,4,388,P1,23,45.9,39.9,266,111,419,P1,False,B,3,,0,209,
North 24 Parganas,120,N24P-120,140,Health Sub-Centre 140,260,258,0,518,49.81,22,4.2,220,178,3,452,P1,42,48.7,39.4,225,140,447,P1,False,B,3,,0,218,
North 24 Parganas,120,N24P-120,141,Anganwadi Centre 141,392,362,0,754,48.01,32,4.2,391,142,5,645,P1,249,60.6,22.0,331,164,579,P1,False,B,3,,0,317,
North 24 Parganas,120,N24P-120,142,Club Building 142,253,236,0,489,48.26,14,2.9,175,109,13,412,P1,64,42.5,26.5,233,115,386,P1,False,B,3,,0,206,
North 24 Parganas,120,N24P-120,143,Anganwadi Centre 143,407,413,0,820,50.37,35,4.3,455,155,5,677,P1,300,67.2,22.9,379,144,632,P1,False,A,1,,0,345,
North 24 Parganas,120,N24P-120,144,Primary School 144,264,258,0,522,49.43,19,3.6,251,105,1,396,P1,146,63.4,26.5,263,118,424,P1,False,B,3,,0,220,
North 24 Parganas,120,N24P-120,145,High School 145,323,295,0,618,47.73,21,3.4,390,84,6,526,P1,306,74.1,16.0,299,126,515,P1,False,A,1,,0,260,
North 24 Parganas,120,N24P-120,146,Madrasa 146,395,372,0,767,48.5,30,3.9,427,140,5,630,P1,287,67.8,22.2,307,235,647,P1,False,A,1,,0,323,
North 24 Parganas,120,N24P-120,147,High School 147,287,274,0,561,48.84,20,3.6,201,149,3,439,P1,52,45.8,33.9,199,127,425,P1,False,B,3,,0,236,
North 24 Parganas,120,N24P-120,148,Madrasa 148,389,371,1,761,48.75,32,4.2,355,182,6,597,P1,173,59.5,30.5,362,187,610,P1,False,B,3,,0,320,
North 24 Parganas,120,N24P-120,149,Govt Office 149,352,338,0,690,48.99,21,3.0,329,188,2,575,P1,141,57.2,32.7,360,149,573,P1,False,B,3,,0,290,
North 24 Parganas,120,N24P-120,150,Madrasa 150,324,295,1,620,47.58,29,4.7,322,107,5,476,P1,215,67.6,22.5,368,90,508,P1,False,A,1,,0,261,
North 24 Parganas,120,N24P-120,151,High School 151,246,245,1,492,49.8,17,3.5,248,111,5,411,P1,137,60.3,27.0,190,129,399,P1,False,B,3,,0,207,
North 24 Parganas,120,N24P-120,152,Anganwadi Centre 152,265,241,1,507,47.53,26,5.1,264,82,6,398,P1,182,66.3,20.6,225,142,411,P1,False,A,1,,0,213,
North 24 Parganas,120,N24P-120,153,Govt Office 153,399,390,0,789,49.43,24,3.0,421,182,6,670,P1,239,62.8,27.2,316,229,684,P1,False,B,3,,0,332,
North 24 Parganas,120,N24P-120,154,Temple Hall 154,297,275,0,572,48.08,22,3.8,256,109,7,436,P1,147,58.7,25.0,286,118,449,P1,False,B,3,,0,241,
North 24 Parganas,120,N24P-120,155,Primary School 155,320,297,1,618,48.06,19,3.1,301,136,3,485,P1,165,62.1,28.0,266,143,474,P1,False,B,3,,0,260,
North 24 Parganas,120,N24P-120,156,Madrasa 156,351,333,0,684,48.68,31,4.5,273,149,7,517,P1,124,52.8,28.8,354,160,572,P1,False,B,3,,0,288,
North 24 Parganas,120,N24P-120,157,Govt Office 157,391,382,0,773,49.42,25,3.2,410,143,12,668,P1,267,61.4,21.4,422,156,650,P1,False,B,3,,0,325,
North 24 Parganas,120,N24P-120,158,Club Building 158,250,255,1,506,50.4,16,3.2,257,91,2,386,P1,166,66.6,23.6,218,138,419,P1,False,A,1,,0,213,
North 24 Parganas,120,N24P-120,159,High School 159,309,312,1,622,50.16,24,3.9,259,179,2,513,P1,80,50.5,34.9,331,138,521,P1,False,B,3,,0,262,
North 24 Parganas,120,N24P-120,160,Madrasa 160,397,365,0,762,47.9,35,4.6,400,156,7,617,P1,244,64.8,25.3,322,181,582,P1,False,B,3,,0,321,
North 24 Parganas,120,N24P-120,161,Community Hall 161,328,324,0,652,49.69,26,4.0,278,144,4,522,P1,134,53.3,27.6,310,163,537,P1,False,B,3,,0,274,
North 24 Parganas,120,N24P-120,162,High School 162,309,283,0,592,47.8,29,4.9,261,159,4,467,P1,102,55.9,34.0,255,135,457,P1,False,B,3,,0,249,
North 24 Parganas,120,N24P-120,163,Club Building 163,378,348,1,727,47.87,27,3.7,314,188,11,604,P1,126,52.0,31.1,440,127,630,P1,False,B,3,,0,306,
North 24 Parganas,120,N24P-120,164,Health Sub-Centre 164,255,256,0,511,50.1,16,3.1,184,131,4,389,P1,53,47.3,33.7,210,106,415,P1,False,B,3,,0,215,
North 24 Parganas,120,N24P-120,165,Health Sub-Centre 165,299,270,0,569,47.45,29,5.1,301,146,3,496,P1,155,60.7,29.4,262,126,431,P1,False,B,3,,0,239,
North 24 Parganas,120,N24P-120,166,Health Sub-Centre 166,361,329,1,691,47.61,27,3.9,308,184,5,551,P1,124,55.9,33.4,305,194,589,P1,False,B,3,,0,291,
North 24 Parganas,120,N24P-120,167,Panchayat Bhavan 167,245,236,0,481,49.06,17,3.5,280,91,3,412,P1,189,68.0,22.1,236,125,401,P1,False,A,1,,0,202,
North 24 Parganas,120,N24P-120,168,Post Office 168,339,314,1,654,48.01,22,3.4,311,148,5,546,P1,163,57.0,27.1,329,146,527,P1,False,B,3,,0,275,
North 24 Parganas,120,N24P-120,169,Govt Office 169,302,277,1,580,47.76,28,4.8,278,111,6,500,P1,167,55.6,22.2,286,138,471,P1,False,B,3,,0,244,
North 24 Parganas,120,N24P-120,170,Post Office 170,252,257,1,510,50.39,19,3.7,263,119,4,425,P1,144,61.9,28.0,230,113,412,P1,False,B,3,,0,215,
North 24 Parganas,120,N24P-120,171,Madrasa 171,255,254,1,510,49.8,26,5.1,260,138,5,443,P1,122,58.7,31.2,264,132,444,P1,False,B,3,,0,215,
North 24 Parganas,120,N24P-120,172,Madrasa 172,386,385,0,771,49.94,25,3.2,362,174,2,596,P1,188,60.7,29.2,325,189,632,P1,False,B,3,,0,324,
North 24 Parganas,120,N24P-120,173,Post Office 173,382,342,0,724,47.24,35,4.8,367,127,8,570,P1,240,64.4,22.3,435,129,626,P1,False,B,3,,0,305,
North 24 Parganas,120,N24P-120,174,Anganwadi Centre 174,408,406,0,814,49.88,39,4.8,406,148,10,668,P1,258,60.8,22.2,394,160,655,P1,False,B,3,,0,343,
North 24 Parganas,120,N24P-120,175,Temple Hall 175,240,239,1,480,49.79,23,4.8,219,110,4,373,P1,109,58.7,29.5,193,120,377,P1,False,B,3,,0,202,
North 24 Parganas,120,N24P-120,176,High School 176,382,392,0,774,50.65,23,3.0,405,189,5,662,P1,216,61.2,28.5,305,234,599,P1,False,B,3,,0,326,
North 24 Parganas,120,N24P-120,177,Market Building 177,368,336,0,704,47.73,21,3.0,241,146,11,561,P1,84,43.0,26.0,335,179,571,P1,False,B,3,,0,296,
North 24 Parganas,120,N24P-120,178,Temple Hall 178,304,292,0,596,48.99,17,2.9,276,179,3,513,P1,97,53.8,34.9,258,153,457,P1,False,B,3,,0,251,
North 24 Parganas,120,N24P-120,179,Post Office 179,350,349,1,700,49.86,23,3.3,300,180,4,534,P1,120,56.2,33.7,361,140,585,P1,False,B,3,,0,295,
North 24 Parganas,120,N24P-120,180,Govt Office 180,270,256,1,527,48.58,18,3.4,305,86,3,435,P1,219,70.1,19.8,270,129,443,P1,False,A,1,,0,222,
North 24 Parganas,120,N24P-120,181,Temple Hall 181,386,348,0,734,47.41,34,4.6,343,181,5,582,P1,162,58.9,31.1,316,193,573,P1,False,B,3,,0,309,
North 24 Parganas,120,N24P-120,182,Club Building 182,330,299,0,629,47.54,29,4.6,218,204,7,498,P1,14,43.8,41.0,323,112,483,P1,False,B,3,,0,265,
North 24 Parganas,120,N24P-120,183,Primary School 183,295,267,0,562,47.51,22,3.9,229,138,5,428,P1,91,53.5,32.2,255,110,464,P1,False,B,3,,0,237,
North 24 Parganas,121,N24P-121,1,Community Hall 1,303,272,0,575,47.3,65,11.3,252,124,9,471,P1,128,53.5,26.3,270,65,443,P1,False,D,4,,0,242,
North 24 Parganas,121,N24P-121,2,Health Sub-Centre 2,301,294,0,595,49.41,72,12.1,322,143,3,516,P1,179,62.4,27.7,288,151,487,P1,False,D,4,,0,250,
North 24 Parganas,121,N24P-121,3,Panchayat Bhavan 3,303,306,1,610,50.16,76,12.5,291,167,4,509,P1,124,57.2,32.8,228,115,485,P1,False,D,4,,0,257,
North 24 Parganas,121,N24P-121,4,Panchayat Bhavan 4,265,261,0,526,49.62,64,12.2,234,136,4,423,P1,98,55.3,32.2,262,117,431,P1,False,D,4,,0,221,
North 24 Parganas,121,N24P-121,5,High School 5,259,248,0,507,48.92,63,12.4,224,129,6,408,P1,95,54.9,31.6,226,119,414,P1,False,D,4,,0,213,
North 24 Parganas,121,N24P-121,6,Anganwadi Centre 6,303,294,0,597,49.25,58,9.7,285,154,4,488,P1,131,58.4,31.6,308,137,510,P1,False,B,3,,0,251,
North 24 Parganas,121,N24P-121,7,Health Sub-Centre 7,385,371,0,756,49.07,75,9.9,329,152,8,573,P1,177,57.4,26.5,330,236,629,P1,False,B,3,,0,318,
North 24 Parganas,121,N24P-121,8,Panchayat Bhavan 8,351,359,0,710,50.56,65,9.2,322,167,3,543,P1,155,59.3,30.8,304,179,609,P1,False,B,3,,0,299,
North 24 Parganas,121,N24P-121,9,Health Sub-Centre 9,259,241,0,500,48.2,62,12.4,233,147,3,422,P1,86,55.2,34.8,226,99,392,P1,False,D,4,,0,210,
North 24 Parganas,121,N24P-121,10,Temple Hall 10,363,357,0,720,49.58,83,11.5,259,126,10,564,P1,96,45.9,22.3,373,176,610,P1,False,D,4,,0,303,
North 24 Parganas,121,N24P-121,11,Market Building 11,411,368,1,780,47.18,66,8.5,441,155,6,663,P1,286,66.5,23.4,387,184,634,P1,False,A,1,,0,328,
North 24 Parganas,121,N24P-121,12,Govt Office 12,360,353,1,714,49.44,75,10.5,355,188,2,603,P1,167,58.9,31.2,363,151,617,P1,False,D,4,,0,300,
North 24 Parganas,121,N24P-121,13,Anganwadi Centre 13,355,360,0,715,50.35,78,10.9,305,167,8,550,P1,138,55.5,30.4,295,200,550,P1,False,D,4,,0,301,
North 24 Parganas,121,N24P-121,14,Govt Office 14,363,352,1,716,49.16,106,14.8,334,158,6,547,P1,176,61.1,28.9,348,149,576,P1,False,D,4,,0,301,
North 24 Parganas,121,N24P-121,15,Panchayat Bhavan 15,348,323,0,671,48.14,105,15.6,378,148,7,585,P1,230,64.6,25.3,441,79,578,P1,False,D,4,,0,282,
North 24 Parganas,121,N24P-121,16,High School 16,385,362,1,748,48.4,79,10.6,338,184,3,589,P1,154,57.4,31.2,328,193,579,P1,False,D,4,,0,315,
North 24 Parganas,121,N24P-121,17,Market Building 17,311,283,1,595,47.56,55,9.2,301,154,2,505,P1,147,59.6,30.5,371,95,518,P1,False,B,3,,0,250,
North 24 Parganas,121,N24P-121,18,Temple Hall 18,420,391,1,812,48.15,82,10.1,352,195,4,628,P1,157,56.1,31.1,377,239,688,P1,False,D,4,,0,342,
North 24 Parganas,121,N24P-121,19,Community Hall 19,270,271,1,542,50.0,80,14.8,214,76,5,411,P1,102,52.1,18.5,298,122,467,P1,False,D,4,,0,228,
North 24 Parganas,121,N24P-121,20,Panchayat Bhavan 20,308,315,0,623,50.56,93,14.9,336,132,6,520,P1,204,64.6,25.4,290,183,526,P1,False,D,4,,0,262,
North 24 Parganas,121,N24P-121,21,Madrasa 21,318,295,0,613,48.12,87,14.2,301,146,4,517,P1,155,58.2,28.2,245,173,479,P1,False,D,4,,0,258,
North 24 Parganas,121,N24P-121,22,Madrasa 22,384,379,1,764,49.61,76,9.9,362,167,6,600,P1,195,60.3,27.8,394,186,644,P1,False,B,3,,0,322,
North 24 Parganas,121,N24P-121,23,Market Building 23,270,242,0,512,47.27,53,10.4,239,143,3,425,P1,96,56.2,33.6,301,89,434,P1,False,D,4,,0,215,
North 24 Parganas,121,N24P-121,24,Health Sub-Centre 24,272,260,0,532,48.87,74,13.9,243,158,2,446,P1,85,54.5,35.4,249,153,446,P1,False,D,4,,0,224,
North 24 Parganas,121,N24P-121,25,Panchayat Bhavan 25,419,400,1,820,48.78,111,13.5,346,196,5,655,P1,150,52.8,29.9,408,212,690,P1,False,D,4,,0,345,
North 24 Parganas,121,N24P-121,26,Community Hall 26,268,252,1,521,48.37,60,11.5,196,127,9,410,P1,69,47.8,31.0,281,107,443,P1,False,D,4,,0,219,
North 24 Parganas,121,N24P-121,27,Market Building 27,342,340,1,683,49.78,96,14.1,399,118,5,575,P1,281,69.4,20.5,329,92,533,P1,False,D,4,,0,287,
North 24 Parganas,121,N24P-121,28,Community Hall 28,272,275,1,548,50.18,73,13.3,271,139,3,455,P1,132,59.6,30.5,215,126,426,P1,False,D,4,,0,231,
North 24 Parganas,121,N24P-121,29,Madrasa 29,364,370,1,735,50.34,94,12.8,380,191,7,634,P1,189,59.9,30.1,399,144,604,P1,False,D,4,,0,309,
North 24 Parganas,121,N24P-121,30,Temple Hall 30,296,304,0,600,50.67,56,9.3,252,177,4,511,P1,75,49.3,34.6,249,137,495,P1,False,B,3,,0,253,
North 24 Parganas,121,N24P-121,31,Madrasa 31,355,355,0,710,50.0,75,10.6,372,126,7,554,P1,246,67.1,22.7,296,177,546,P1,False,D,4,,0,299,
North 24 Parganas,121,N24P-121,32,Health Sub-Centre 32,301,275,1,577,47.66,77,13.3,256,164,3,477,P1,92,53.7,34.4,303,131,483,P1,False,D,4,,0,243,
North 24 Parganas,121,N24P-121,33,Primary School 33,259,261,0,520,50.19,47,9.0,248,80,8,407,P1,168,60.9,19.7,247,92,423,P1,False,B,3,,0,219,
North 24 Parganas,121,N24P-121,34,Govt Office 34,404,414,1,819,50.55,106,12.9,334,212,9,629,P1,122,53.1,33.7,408,184,657,P1,False,D,4,,0,345,
North 24 Parganas,121,N24P-121,35,Community Hall 35,264,273,1,538,50.74,55,10.2,322,98,2,467,P1,224,69.0,21.0,289,83,442,P1,False,D,4,,0,226,
North 24 Parganas,121,N24P-121,36,High School 36,321,304,0,625,48.64,87,13.9,305,140,4,496,P1,165,61.5,28.2,294,139,490,P1,False,D,4,,0,263,
North 24 Parganas,121,N24P-121,37,Temple Hall 37,352,342,0,694,49.28,108,15.6,287,195,10,573,P1,92,50.1,34.0,328,205,597,P1,False,D,4,,0,292,
North 24 Parganas,121,N24P-121,38,Club Building 38,330,326,0,656,49.7,61,9.3,391,109,2,556,P1,282,70.3,19.6,297,145,560,P1,False,A,1,,0,276,
North 24 Parganas,121,N24P-121,39,Post Office 39,317,310,0,627,49.44,93,14.8,355,120,3,527,P1,235,67.4,22.8,306,171,530,P1,False,D,4,,0,264,
North 24 Parganas,121,N24P-121,40,Madrasa 40,254,249,1,504,49.4,75,14.9,260,115,4,416,P1,145,62.5,27.6,221,126,429,P1,False,D,4,,0,212,
North 24 Parganas,121,N24P-121,41,Community Hall 41,272,266,1,539,49.35,67,12.4,231,138,7,434,P1,93,53.2,31.8,279,135,460,P1,False,D,4,,0,227,
North 24 Parganas,121,N24P-121,42,Temple Hall 42,384,390,0,774,50.39,81,10.5,394,136,8,630,P1,258,62.5,21.6,398,182,665,P1,False,D,4,,0,326,
North 24 Parganas,121,N24P-121,43,High School 43,252,239,1,492,48.58,63,12.8,236,111,7,412,P1,125,57.3,26.9,256,111,414,P1,False,D,4,,0,207,
North 24 Parganas,121,N24P-121,44,Market Building 44,418,376,1,795,47.3,101,12.7,427,189,6,685,P1,238,62.3,27.6,332,173,653,P1,False,D,4,,0,335,
North 24 Parganas,121,N24P-121,45,Govt Office 45,308,310,1,619,50.08,58,9.4,230,111,22,539,P1,60,42.7,20.6,372,79,501,P1,False,B,3,,0,260,
North 24 Parganas,121,N24P-121,46,Post Office 46,335,307,1,643,47.74,58,9.0,246,137,13,500,P1,109,49.2,27.4,289,155,517,P1,False,B,3,,0,271,
North 24 Parganas,121,N24P-121,47,Club Building 47,274,267,0,541,49.35,56,10.4,182,115,10,436,P1,57,41.7,26.4,248,136,432,P1,False,D,4,,0,228,
North 24 Parganas,121,N24P-121,48,Panchayat Bhavan 48,405,407,1,813,50.06,78,9.6,401,201,4,687,P1,200,58.4,29.3,454,152,673,P1,False,B,3,,0,342,
North 24 Parganas,121,N24P-121,49,Madrasa 49,408,367,1,776,47.29,81,10.4,418,175,6,659,P1,243,63.4,26.6,344,161,629,P1,False,D,4,,0,327,
North 24 Parganas,121,N24P-121,50,Govt Office 50,298,280,0,578,48.44,66,11.4,241,167,5,484,P1,74,49.8,34.5,268,105,501,P1,False,D,4,,0,243,
North 24 Parganas,121,N24P-121,51,Market Building 51,304,314,1,619,50.73,64,10.3,315,119,3,482,P1,196,65.4,24.7,255,175,484,P1,False,D,4,,0,260,
North 24 Parganas,121,N24P-121,52,High School 52,389,398,1,788,50.51,117,14.8,489,111,3,667,P1,378,73.3,16.6,254,158,608,P1,False,D,4,,0,332,
North 24 Parganas,121,N24P-121,53,Temple Hall 53,313,287,0,600,47.83,71,11.8,316,137,2,503,P1,179,62.8,27.2,342,120,513,P1,False,D,4,,0,253,
North 24 Parganas,121,N24P-121,54,Community Hall 54,344,344,1,689,49.93,104,15.1,261,146,5,522,P1,115,50.0,28.0,334,158,547,P1,False,D,4,,0,290,
North 24 Parganas,121,N24P-121,55,Community Hall 55,303,277,0,580,47.76,67,11.6,248,168,5,466,P1,80,53.2,36.1,351,73,472,P1,False,D,4,,0,244,
North 24 Parganas,121,N24P-121,56,Madrasa 56,350,341,1,692,49.28,72,10.4,379,120,4,554,P1,259,68.4,21.7,359,172,590,P1,False,D,4,,0,291,
North 24 Parganas,121,N24P-121,57,Health Sub-Centre 57,278,264,1,543,48.62,80,14.7,256,145,4,473,P1,111,54.1,30.7,193,178,444,P1,False,D,4,,0,229,
North 24 Parganas,121,N24P-121,58,Post Office 58,371,372,1,744,50.0,69,9.3,435,104,5,599,P1,331,72.6,17.4,314,122,569,P1,False,A,1,,0,313,
North 24 Parganas,121,N24P-121,59,Community Hall 59,363,363,0,726,50.0,101,13.9,303,165,11,575,P1,138,52.7,28.7,248,125,594,P1,False,D,4,,0,306,
North 24 Parganas,121,N24P-121,60,High School 60,294,302,1,597,50.59,53,8.9,311,97,2,453,P1,214,68.7,21.4,255,146,457,P1,False,A,1,,0,251,
North 24 Parganas,121,N24P-121,61,Govt Office 61,375,361,1,737,48.98,107,14.5,372,205,4,641,P1,167,58.0,32.0,287,185,571,P1,False,D,4,,0,310,
North 24 Parganas,121,N24P-121,62,Temple Hall 62,356,361,1,718,50.28,94,13.1,343,183,5,584,P1,160,58.7,31.3,360,196,618,P1,False,D,4,,0,302,
North 24 Parganas,121,N24P-121,63,Community Hall 63,409,389,1,799,48.69,119,14.9,393,173,4,628,P1,220,62.6,27.5,419,183,669,P1,False,D,4,,0,336,
North 24 Parganas,121,N24P-121,64,Anganwadi Centre 64,340,321,0,661,48.56,84,12.7,308,98,12,504,P1,210,61.1,19.4,317,190,564,P1,False,D,4,,0,278,
North 24 Parganas,121,N24P-121,65,Panchayat Bhavan 65,287,276,0,563,49.02,80,14.2,250,126,9,458,P1,124,54.6,27.5,253,148,446,P1,False,D,4,,0,237,
North 24 Parganas,121,N24P-121,66,Community Hall 66,313,302,1,616,49.03,80,13.0,241,114,13,484,P1,127,49.8,23.6,306,150,507,P1,False,D,4,,0,259,
North 24 Parganas,121,N24P-121,67,Primary School 67,336,332,1,669,49.63,80,12.0,257,194,6,529,P1,63,48.6,36.7,334,182,574,P1,False,D,4,,0,282,
North 24 Parganas,121,N24P-121,68,Govt Office 68,355,337,1,693,48.63,90,13.0,322,171,4,589,P1,151,54.7,29.0,292,170,532,P1,False,D,4,,0,292,
North 24 Parganas,121,N24P-121,69,Club Building 69,340,314,0,654,48.01,87,13.3,342,127,3,521,P1,215,65.6,24.4,344,160,560,P1,False,D,4,,0,275,
North 24 Parganas,121,N24P-121,70,High School 70,404,373,0,777,48.01,83,10.7,267,163,21,630,P1,94,42.4,25.9,494,105,666,P1,False,D,4,,0,327,
North 24 Parganas,121,N24P-121,71,Govt Office 71,266,263,1,530,49.62,66,12.5,280,97,3,419,P1,183,66.8,23.2,285,86,412,P1,False,D,4,,0,223,
North 24 Parganas,121,N24P-121,72,Temple Hall 72,271,267,0,538,49.63,45,8.4,288,114,3,448,P1,174,64.3,25.4,279,112,465,P1,False,B,3,,0,226,
North 24 Parganas,121,N24P-121,73,Temple Hall 73,241,247,0,488,50.61,67,13.7,257,98,3,394,P1,159,65.2,24.9,211,123,390,P1,False,D,4,,0,205,
North 24 Parganas,121,N24P-121,74,Market Building 74,245,248,1,494,50.2,48,9.7,225,128,4,393,P1,97,57.3,32.6,201,141,407,P1,False,B,3,,0,208,
North 24 Parganas,121,N24P-121,75,Market Building 75,418,393,0,811,48.46,82,10.1,302,193,12,636,P1,109,47.5,30.3,331,184,624,P1,False,D,4,,0,341,
North 24 Parganas,121,N24P-121,76,Club Building 76,297,286,0,583,49.06,73,12.5,256,144,1,445,P1,112,57.5,32.4,290,130,469,P1,False,D,4,,0,245,
North 24 Parganas,121,N24P-121,77,High School 77,264,239,1,504,47.42,68,13.5,259,92,4,396,P1,167,65.4,23.2,205,149,407,P1,False,D,4,,0,212,
North 24 Parganas,121,N24P-121,78,Temple Hall 78,407,370,0,777,47.62,115,14.8,300,193,3,606,P1,107,49.5,31.8,395,149,605,P1,False,D,4,,0,327,
North 24 Parganas,121,N24P-121,79,Temple Hall 79,353,347,0,700,49.57,79,11.3,331,152,4,536,P1,179,61.8,28.4,273,205,547,P1,False,D,4,,0,295,
North 24 Parganas,121,N24P-121,80,Madrasa 80,350,341,0,691,49.35,73,10.6,371,165,7,596,P1,206,62.2,27.7,273,145,544,P1,False,D,4,,0,291,
North 24 Parganas,121,N24P-121,81,Primary School 81,263,254,1,518,49.03,46,8.9,181,88,6,426,P1,33,42.5,20.7,222,127,397,P1,False,B,3,,0,218,
North 24 Parganas,121,N24P-121,82,Panchayat Bhavan 82,318,312,1,631,49.45,59,9.4,304,172,6,534,P1,132,56.9,32.2,343,143,540,P1,False,B,3,,0,266,
North 24 Parganas,121,N24P-121,83,Health Sub-Centre 83,348,313,0,661,47.35,63,9.5,332,173,2,561,P1,159,59.2,30.8,320,137,508,P1,False,B,3,,0,278,
North 24 Parganas,121,N24P-121,84,Community Hall 84,387,362,1,750,48.27,76,10.1,370,185,7,616,P1,185,60.1,30.0,359,153,635,P1,False,D,4,,0,316,
North 24 Parganas,121,N24P-121,85,Govt Office 85,263,249,0,512,48.63,62,12.1,239,160,5,444,P1,79,53.8,36.0,223,90,420,P1,False,D,4,,0,215,
North 24 Parganas,121,N24P-121,86,Panchayat Bhavan 86,386,362,1,749,48.33,95,12.7,344,180,5,633,P1,164,54.3,28.4,280,198,620,P1,False,D,4,,0,315,
North 24 Parganas,121,N24P-121,87,Govt Office 87,306,291,0,597,48.74,69,11.6,318,100,2,464,P1,218,68.5,21.6,272,138,456,P1,False,D,4,,0,251,
North 24 Parganas,121,N24P-121,88,Post Office 88,306,288,0,594,48.48,84,14.1,290,132,6,481,P1,158,60.3,27.4,217,155,461,P1,False,D,4,,0,250,
North 24 Parganas,121,N24P-121,89,High School 89,407,395,0,802,49.25,99,12.3,331,216,4,633,P1,115,52.3,34.1,432,191,693,P1,False,D,4,,0,338,
North 24 Parganas,121,N24P-121,90,Health Sub-Centre 90,269,271,0,540,50.19,80,14.8,266,131,4,441,P1,135,60.3,29.7,277,94,412,P1,False,D,4,,0,227,
North 24 Parganas,121,N24P-121,91,Temple Hall 91,406,367,0,773,47.48,90,11.6,317,180,5,586,P1,137,54.1,30.7,389,149,666,P1,False,D,4,,0,325,
North 24 Parganas,121,N24P-121,92,Post Office 92,339,306,0,645,47.44,97,15.0,302,164,2,528,P1,138,57.2,31.1,294,111,557,P1,False,D,4,,0,271,
North 24 Parganas,121,N24P-121,93,Market Building 93,264,258,1,523,49.33,55,10.5,250,102,4,405,P1,148,61.7,25.2,292,117,455,P1,False,D,4,,0,220,
North 24 Parganas,121,N24P-121,94,Market Building 94,391,354,1,746,47.45,78,10.5,291,179,6,575,P1,112,50.6,31.1,388,168,617,P1,False,D,4,,0,314,
North 24 Parganas,121,N24P-121,95,Temple Hall 95,397,377,0,774,48.71,103,13.3,355,161,5,632,P1,194,56.2,25.5,345,202,645,P1,False,D,4,,0,326,
North 24 Parganas,121,N24P-121,96,Panchayat Bhavan 96,334,316,0,650,48.62,64,9.8,258,170,15,559,P1,88,46.2,30.4,346,122,520,P1,False,B,3,,0,274,
North 24 Parganas,121,N24P-121,97,Anganwadi Centre 97,251,246,1,498,49.4,44,8.8,223,133,2,396,P1,90,56.3,33.6,186,133,395,P1,False,B,3,,0,210,
North 24 Parganas,121,N24P-121,98,Temple Hall 98,364,345,1,710,48.59,110,15.5,346,168,3,571,P1,178,60.6,29.4,350,171,581,P1,False,D,4,,0,299,
North 24 Parganas,121,N24P-121,99,Community Hall 99,320,295,1,616,47.89,86,14.0,312,132,2,493,P1,180,63.3,26.8,369,105,526,P1,False,D,4,,0,259,
North 24 Parganas,121,N24P-121,100,Community Hall 100,328,317,1,646,49.07,95,14.7,284,166,5,500,P1,118,56.8,33.2,353,105,509,P1,False,D,4,,0,272,
North 24 Parganas,121,N24P-121,101,Panchayat Bhavan 101,340,345,1,686,50.29,77,11.2,325,106,11,535,P1,219,60.7,19.8,387,137,582,P1,False,D,4,,0,289,
North 24 Parganas,121,N24P-121,102,Primary School 102,316,291,0,607,47.94,87,14.3,287,136,4,470,P1,151,61.1,28.9,286,154,488,P1,False,D,4,,0,255,
North 24 Parganas,121,N24P-121,103,Post Office 103,297,296,1,594,49.83,64,10.8,285,146,3,479,P1,139,59.5,30.5,294,113,453,P1,False,D,4,,0,250,
North 24 Parganas,121,N24P-121,104,Govt Office 104,272,257,1,530,48.49,56,10.6,253,133,2,429,P1,120,59.0,31.0,267,134,446,P1,False,D,4,,0,223,
North 24 Parganas,121,N24P-121,105,Madrasa 105,311,289,0,600,48.17,59,9.8,241,132,3,464,P1,109,51.9,28.4,285,136,468,P1,False,B,3,,0,253,
North 24 Parganas,121,N24P-121,106,High School 106,304,302,0,606,49.83,57,9.4,315,133,5,507,P1,182,62.1,26.2,267,88,477,P1,False,B,3,,0,255,
North 24 Parganas,121,N24P-121,107,Anganwadi Centre 107,275,269,0,544,49.45,84,15.4,241,175,5,462,P1,66,52.2,37.9,267,107,430,P1,False,D,4,,0,229,
North 24 Parganas,121,N24P-121,108,High School 108,331,296,0,627,47.21,73,11.6,269,86,19,514,P1,134,52.3,16.7,232,169,536,P1,False,D,4,,0,264,
North 24 Parganas,121,N24P-121,109,Govt Office 109,274,250,1,525,47.62,53,10.1,208,184,3,458,P1,24,45.4,40.2,277,98,417,P1,False,D,4,,0,221,
North 24 Parganas,121,N24P-121,110,Health Sub-Centre 110,258,248,0,506,49.01,65,12.8,220,130,2,389,P1,90,56.6,33.4,194,89,386,P1,False,D,4,,0,213,
North 24 Parganas,121,N24P-121,111,High School 111,367,365,1,733,49.8,74,10.1,370,184,7,616,P1,186,60.1,29.9,207,196,581,P1,False,D,4,,0,308,
North 24 Parganas,121,N24P-121,112,Club Building 112,325,309,1,635,48.66,57,9.0,358,110,3,520,P1,248,68.8,21.2,263,149,491,P1,False,A,1,,0,267,
North 24 Parganas,121,N24P-121,113,Post Office 113,422,391,0,813,48.09,74,9.1,425,202,7,697,P1,223,61.0,29.0,330,194,650,P1,False,B,3,,0,342,
North 24 Parganas,121,N24P-121,114,Market Building 114,252,247,0,499,49.5,69,13.8,273,88,3,401,P1,185,68.1,21.9,288,96,426,P1,False,D,4,,0,210,
North 24 Parganas,121,N24P-121,115,Temple Hall 115,416,400,1,817,48.96,86,10.5,418,196,6,703,P1,222,59.5,27.9,373,205,642,P1,False,D,4,,0,344,
North 24 Parganas,121,N24P-121,116,Madrasa 116,351,317,0,668,47.46,85,12.7,313,142,9,541,P1,171,57.9,26.2,357,127,572,P1,False,D,4,,0,281,
North 24 Parganas,121,N24P-121,117,Temple Hall 117,298,303,1,602,50.33,76,12.6,312,104,6,516,P1,208,60.5,20.2,267,147,463,P1,False,D,4,,0,253,
North 24 Parganas,121,N24P-121,118,Govt Office 118,315,299,0,614,48.7,93,15.1,282,110,16,527,P1,169,53.5,20.9,270,163,481,P1,False,D,4,,0,258,
North 24 Parganas,121,N24P-121,119,Post Office 119,280,277,1,558,49.64,60,10.8,255,122,6,431,P1,133,59.2,28.3,246,96,450,P1,False,D,4,,0,235,
North 24 Parganas,121,N24P-121,120,Anganwadi Centre 120,353,334,0,687,48.62,75,10.9,311,193,6,566,P1,118,54.9,34.1,371,152,581,P1,False,D,4,,0,289,
North 24 Parganas,121,N24P-121,121,Anganwadi Centre 121,377,352,0,729,48.29,113,15.5,363,126,3,589,P1,237,61.6,21.4,356,170,585,P1,False,D,4,,0,307,
North 24 Parganas,121,N24P-121,122,High School 122,264,261,1,526,49.62,67,12.7,272,97,4,410,P1,175,66.3,23.7,271,104,417,P1,False,D,4,,0,221,
North 24 Parganas,121,N24P-121,123,Madrasa 123,411,379,0,790,47.97,68,8.6,340,216,4,654,P1,124,52.0,33.0,285,250,639,P1,False,B,3,,0,332,
North 24 Parganas,121,N24P-121,124,Anganwadi Centre 124,274,256,1,531,48.21,55,10.4,202,147,7,432,P1,55,46.8,34.0,256,155,456,P1,False,D,4,,0,223,
North 24 Parganas,121,N24P-121,125,Health Sub-Centre 125,331,300,1,632,47.47,87,13.8,253,170,3,507,P1,83,49.9,33.5,269,199,520,P1,False,D,4,,0,266,
North 24 Parganas,121,N24P-121,126,Club Building 126,393,395,1,789,50.06,96,12.2,434,152,7,651,P1,282,66.7,23.3,271,233,624,P1,False,D,4,,0,332,
North 24 Parganas,121,N24P-121,127,Anganwadi Centre 127,244,238,1,483,49.28,41,8.5,293,84,2,419,P1,209,69.9,20.0,228,131,399,P1,False,A,1,,0,203,
North 24 Parganas,121,N24P-121,128,Anganwadi Centre 128,345,322,1,668,48.2,80,12.0,310,164,4,527,P1,146,58.8,31.1,323,134,508,P1,False,D,4,,0,281,
North 24 Parganas,121,N24P-121,129,Post Office 129,316,323,1,640,50.47,96,15.0,330,164,7,549,P1,166,60.1,29.9,311,132,492,P1,False,D,4,,0,269,
North 24 Parganas,121,N24P-121,130,Govt Office 130,342,322,0,664,48.49,57,8.6,356,147,3,577,P1,209,61.7,25.5,394,118,569,P1,False,B,3,,0,279,
North 24 Parganas,121,N24P-121,131,High School 131,313,292,0,605,48.26,59,9.8,279,134,4,471,P1,145,59.2,28.5,241,138,465,P1,False,B,3,,0,255,
North 24 Parganas,121,N24P-121,132,Community Hall 132,339,308,0,647,47.6,63,9.7,268,172,2,489,P1,96,54.8,35.2,234,216,502,P1,False,B,3,,0,272,
North 24 Parganas,121,N24P-121,133,Primary School 133,248,243,1,492,49.39,56,11.4,249,111,2,400,P1,138,62.3,27.8,224,107,377,P1,False,D,4,,0,207,
North 24 Parganas,121,N24P-121,134,Govt Office 134,372,354,1,727,48.69,86,11.8,366,159,7,583,P1,207,62.8,27.3,355,170,584,P1,False,D,4,,0,306,
North 24 Parganas,121,N24P-121,135,Post Office 135,258,233,0,491,47.45,75,15.3,181,99,9,382,P1,82,47.4,25.9,246,128,416,P1,False,D,4,,0,207,
North 24 Parganas,121,N24P-121,136,Anganwadi Centre 136,275,274,0,549,49.91,56,10.2,242,136,4,464,P1,106,52.2,29.3,273,127,445,P1,False,D,4,,0,231,
North 24 Parganas,121,N24P-121,137,Govt Office 137,329,304,0,633,48.03,87,13.7,263,125,4,514,P1,138,51.2,24.3,372,79,501,P1,False,D,4,,0,266,
North 24 Parganas,121,N24P-121,138,Community Hall 138,251,241,0,492,48.98,46,9.3,252,90,3,380,P1,162,66.3,23.7,254,92,385,P1,False,A,1,,0,207,
North 24 Parganas,121,N24P-121,139,Post Office 139,262,260,1,523,49.71,68,13.0,195,157,5,414,P1,38,47.1,37.9,262,102,404,P1,False,D,4,,0,220,
North 24 Parganas,121,N24P-121,140,Panchayat Bhavan 140,357,355,1,713,49.79,99,13.9,408,113,4,579,P1,295,70.5,19.5,272,236,618,P1,False,D,4,,0,300,
North 24 Parganas,121,N24P-121,141,Post Office 141,329,298,0,627,47.53,82,13.1,323,111,4,483,P1,212,66.9,23.0,295,163,509,P1,False,D,4,,0,264,
North 24 Parganas,121,N24P-121,142,Panchayat Bhavan 142,288,267,1,556,48.02,50,9.0,242,135,6,450,P1,107,53.8,30.0,263,126,450,P1,False,B,3,,0,234,
North 24 Parganas,121,N24P-121,143,Club Building 143,327,314,0,641,48.99,69,10.8,323,138,4,512,P1,185,63.1,27.0,323,153,540,P1,False,D,4,,0,270,
North 24 Parganas,121,N24P-121,144,Community Hall 144,262,252,1,515,48.93,76,14.8,245,156,5,445,P1,89,55.1,35.1,253,81,393,P1,False,D,4,,0,217,
North 24 Parganas,121,N24P-121,145,Panchayat Bhavan 145,394,380,1,775,49.03,86,11.1,297,210,4,586,P1,87,50.7,35.8,304,252,625,P1,False,D,4,,0,326,
North 24 Parganas,121,N24P-121,146,Madrasa 146,330,336,0,666,50.45,81,12.2,341,159,6,555,P1,182,61.4,28.6,372,102,527,P1,False,D,4,,0,280,
North 24 Parganas,121,N24P-121,147,Madrasa 147,389,364,0,753,48.34,90,12.0,397,181,3,642,P1,216,61.8,28.2,370,141,637,P1,False,D,4,,0,317,
North 24 Parganas,121,N24P-121,148,High School 148,325,319,1,645,49.46,80,12.4,250,171,7,539,P1,79,46.4,31.7,360,105,517,P1,False,D,4,,0,271,
North 24 Parganas,121,N24P-121,149,Panchayat Bhavan 149,331,309,1,641,48.21,93,14.5,339,106,5,495,P1,233,68.5,21.4,226,151,495,P1,False,D,4,,0,270,
North 24 Parganas,121,N24P-121,150,Panchayat Bhavan 150,343,351,1,695,50.5,74,10.6,379,112,6,546,P1,267,69.4,20.5,299,154,539,P1,False,D,4,,0,292,
North 24 Parganas,121,N24P-121,151,Panchayat Bhavan 151,387,372,1,760,48.95,66,8.7,279,184,6,604,P1,95,46.2,30.5,350,136,649,P1,False,B,3,,0,320,
North 24 Parganas,121,N24P-121,152,Health Sub-Centre 152,236,244,1,481,50.73,67,13.9,197,105,5,369,P1,92,53.4,28.5,230,107,404,P1,False,D,4,,0,202,
North 24 Parganas,121,N24P-121,153,Community Hall 153,344,342,1,687,49.78,75,10.9,343,139,6,535,P1,204,64.1,26.0,336,148,537,P1,False,D,4,,0,289,
North 24 Parganas,121,N24P-121,154,Community Hall 154,424,387,1,812,47.66,111,13.7,430,179,9,684,P1,251,62.9,26.2,351,196,678,P1,False,D,4,,0,342,
North 24 Parganas,121,N24P-121,155,Anganwadi Centre 155,287,271,0,558,48.57,64,11.5,230,104,13,459,P1,123,50.1,22.7,201,77,426,P1,False,D,4,,0,235,
North 24 Parganas,121,N24P-121,156,Post Office 156,342,333,0,675,49.33,78,11.6,335,166,7,556,P1,169,60.3,29.9,349,162,568,P1,False,D,4,,0,284,
North 24 Parganas,121,N24P-121,157,High School 157,326,323,0,649,49.77,74,11.4,358,101,4,510,P1,257,70.2,19.8,251,198,503,P1,False,D,4,,0,273,
North 24 Parganas,121,N24P-121,158,Health Sub-Centre 158,319,328,0,647,50.7,96,14.8,410,87,5,552,P1,323,74.3,15.8,283,161,494,P1,False,D,4,,0,272,
North 24 Parganas,121,N24P-121,159,Panchayat Bhavan 159,400,358,1,759,47.17,89,11.7,389,168,5,618,P1,221,62.9,27.2,373,197,633,P1,False,D,4,,0,319,
North 24 Parganas,121,N24P-121,160,Madrasa 160,398,374,1,773,48.38,91,11.8,456,109,3,628,P1,347,72.6,17.4,422,110,625,P1,False,D,4,,0,325,
North 24 Parganas,121,N24P-121,161,Temple Hall 161,318,300,1,619,48.47,93,15.0,266,187,4,526,P1,79,50.6,35.6,331,90,468,P1,False,D,4,,0,260,
North 24 Parganas,121,N24P-121,162,Madrasa 162,412,405,1,818,49.51,109,13.3,434,196,3,700,P1,238,62.0,28.0,369,228,710,P1,False,D,4,,0,344,
North 24 Parganas,121,N24P-121,163,Post Office 163,306,295,1,602,49.0,74,12.3,274,163,4,493,P1,111,55.6,33.1,313,147,512,P1,False,D,4,,0,253,
North 24 Parganas,121,N24P-121,164,Anganwadi Centre 164,346,344,0,690,49.86,91,13.2,290,201,9,584,P1,89,49.7,34.4,343,162,561,P1,False,D,4,,0,290,
North 24 Parganas,121,N24P-121,165,Health Sub-Centre 165,392,370,1,763,48.49,118,15.5,326,171,17,657,P1,155,49.6,26.0,334,243,642,P1,False,D,4,,0,321,
North 24 Parganas,121,N24P-121,166,Madrasa 166,297,303,0,600,50.5,78,13.0,222,99,5,457,P1,95,48.6,21.7,343,112,506,P1,False,D,4,,0,253,
North 24 Parganas,121,N24P-121,167,Community Hall 167,264,266,0,530,50.19,60,11.3,267,127,4,438,P1,140,61.0,29.0,215,133,463,P1,False,D,4,,0,223,
North 24 Parganas,121,N24P-121,168,Post Office 168,313,324,0,637,50.86,84,13.2,264,170,11,556,P1,94,47.5,30.6,353,107,511,P1,False,D,4,,0,268,
North 24 Parganas,121,N24P-121,169,Market Building 169,341,323,1,665,48.57,96,14.4,313,170,6,546,P1,143,57.3,31.1,305,149,504,P1,False,D,4,,0,280,
North 24 Parganas,121,N24P-121,170,Govt Office 170,264,242,1,507,47.73,44,8.7,304,45,3,387,P1,259,78.6,11.6,255,103,398,P1,False,A,1,,0,213,
North 24 Parganas,121,N24P-121,171,Market Building 171,403,378,0,781,48.4,85,10.9,351,183,11,681,P1,168,51.5,26.9,357,175,591,P1,False,D,4,,0,329,
North 24 Parganas,121,N24P-121,172,Club Building 172,299,284,0,583,48.71,76,13.0,280,120,5,444,P1,160,63.1,27.0,262,141,485,P1,False,D,4,,0,245,
North 24 Parganas,121,N24P-121,173,Govt Office 173,394,364,0,758,48.02,100,13.2,337,134,10,591,P1,203,57.0,22.7,295,185,629,P1,False,D,4,,0,319,
North 24 Parganas,121,N24P-121,174,Madrasa 174,278,253,1,532,47.56,55,10.3,238,166,2,449,P1,72,53.0,37.0,248,97,418,P1,False,D,4,,0,224,
North 24 Parganas,121,N24P-121,175,Market Building 175,317,315,0,632,49.84,88,13.9,290,132,5,527,P1,158,55.0,25.0,269,188,539,P1,False,D,4,,0,266,
North 24 Parganas,121,N24P-121,176,Club Building 176,397,402,1,800,50.25,82,10.2,347,217,6,685,P1,130,50.7,31.7,305,178,616,P1,False,D,4,,0,337,
North 24 Parganas,121,N24P-121,177,Community Hall 177,253,240,0,493,48.68,54,11.0,225,111,2,373,P1,114,60.3,29.8,194,105,384,P1,False,D,4,,0,207,
North 24 Parganas,121,N24P-121,178,Anganwadi Centre 178,408,396,0,804,49.25,94,11.7,344,240,11,699,P1,104,49.2,34.3,347,202,617,P1,False,D,4,,0,338,
North 24 Parganas,121,N24P-121,179,Panchayat Bhavan 179,356,339,1,696,48.71,91,13.1,339,141,5,534,P1,198,63.5,26.4,403,127,589,P1,False,D,4,,0,293,
North 24 Parganas,121,N24P-121,180,Club Building 180,322,315,1,638,49.37,79,12.4,179,164,15,488,P1,15,36.7,33.6,320,168,543,P1,False,D,4,,0,268,
North 24 Parganas,121,N24P-121,181,Post Office 181,260,246,1,507,48.52,70,13.8,246,126,4,433,P1,120,56.8,29.1,262,121,435,P1,False,D,4,,0,213,
North 24 Parganas,121,N24P-121,182,Community Hall 182,350,360,0,710,50.7,69,9.7,360,139,5,612,P1,221,58.8,22.7,341,190,607,P1,False,B,3,,0,299,
North 24 Parganas,121,N24P-121,183,Panchayat Bhavan 183,341,321,1,663,48.42,71,10.7,333,122,5,568,P1,211,58.6,21.5,316,148,515,P1,False,D,4,,0,279,
North 24 Parganas,121,N24P-121,184,Panchayat Bhavan 184,341,352,0,693,50.79,70,10.1,385,149,3,594,P1,236,64.8,25.1,370,154,591,P1,False,D,4,,0,292,
North 24 Parganas,121,N24P-121,185,High School 185,264,257,0,521,49.33,78,15.0,239,162,5,445,P1,77,53.7,36.4,226,130,403,P1,False,D,4,,0,219,
North 24 Parganas,121,N24P-121,186,Health Sub-Centre 186,281,278,0,559,49.73,52,9.3,250,107,9,438,P1,143,57.1,24.4,283,138,467,P1,False,B,3,,0,235,
North 24 Parganas,122,N24P-122,1,Panchayat Bhavan 1,272,268,0,540,49.63,52,9.6,270,144,4,470,P1,126,57.4,30.6,225,99,436,P1,False,B,3,,0,227,
North 24 Parganas,122,N24P-122,2,Temple Hall 2,386,371,0,757,49.01,101,13.3,359,224,6,653,P1,135,55.0,34.3,361,204,628,P1,False,D,4,,0,319,
North 24 Parganas,122,N24P-122,3,Post Office 3,401,359,0,760,47.24,81,10.7,339,183,5,631,P1,156,53.7,29.0,370,193,626,P1,False,D,4,,0,320,
North 24 Parganas,122,N24P-122,4,Anganwadi Centre 4,367,368,0,735,50.07,88,12.0,358,178,6,595,P1,180,60.2,29.9,281,206,556,P1,False,D,4,,0,309,
North 24 Parganas,122,N24P-122,5,Primary School 5,348,337,1,686,49.13,71,10.3,309,212,7,591,P1,97,52.3,35.9,379,134,570,P1,False,D,4,,0,289,
North 24 Parganas,122,N24P-122,6,Health Sub-Centre 6,343,349,1,693,50.36,55,7.9,372,138,3,567,P1,234,65.6,24.3,313,156,543,P1,False,A,1,,0,292,
North 24 Parganas,122,N24P-122,7,Panchayat Bhavan 7,417,401,0,818,49.02,101,12.3,277,132,23,655,P1,61,42.3,20.2,322,199,664,P1,False,D,4,,0,344,
North 24 Parganas,122,N24P-122,8,Anganwadi Centre 8,269,256,0,525,48.76,53,10.1,263,133,2,440,P1,130,59.8,30.2,240,156,442,P1,False,D,4,,0,221,
North 24 Parganas,122,N24P-122,9,Market Building 9,394,363,0,757,47.95,83,11.0,345,185,2,589,P1,160,58.6,31.4,416,152,642,P1,False,D,4,,0,319,
North 24 Parganas,122,N24P-122,10,Anganwadi Centre 10,291,280,1,572,48.95,65,11.4,288,133,4,468,P1,155,61.5,28.4,273,159,479,P1,False,D,4,,0,241,
North 24 Parganas,122,N24P-122,11,Primary School 11,262,239,1,502,47.61,56,11.2,231,146,4,430,P1,85,53.7,34.0,223,117,405,P1,False,D,4,,0,211,
North 24 Parganas,122,N24P-122,12,Community Hall 12,343,321,0,664,48.34,80,12.0,276,237,4,571,P1,39,48.3,41.5,311,172,569,P1,False,D,4,,0,279,
North 24 Parganas,122,N24P-122,13,Post Office 13,331,340,1,672,50.6,67,10.0,261,82,9,522,P1,96,50.0,15.7,363,135,554,P1,False,B,3,,0,283,
North 24 Parganas,122,N24P-122,14,Panchayat Bhavan 14,423,392,1,816,48.04,95,11.6,402,202,3,688,P1,200,58.4,29.4,401,174,639,P1,False,D,4,,0,343,
North 24 Parganas,122,N24P-122,15,Post Office 15,405,378,0,783,48.28,109,13.9,445,137,7,647,P1,308,68.8,21.2,344,207,612,P1,False,D,4,,0,330,
North 24 Parganas,122,N24P-122,16,High School 16,281,290,0,571,50.79,79,13.8,295,113,4,453,P1,182,65.1,24.9,286,114,444,P1,False,D,4,,0,240,
North 24 Parganas,122,N24P-122,17,Health Sub-Centre 17,325,326,1,652,50.0,74,11.3,281,174,9,544,P1,107,51.7,32.0,239,151,521,P1,False,D,4,,0,274,
North 24 Parganas,122,N24P-122,18,Primary School 18,317,307,0,624,49.2,69,11.1,309,144,3,503,P1,165,61.4,28.6,266,176,529,P1,False,D,4,,0,263,
North 24 Parganas,122,N24P-122,19,Primary School 19,259,239,0,498,47.99,47,9.4,289,81,4,411,P1,208,70.3,19.7,238,129,408,P1,False,A,1,,0,210,
North 24 Parganas,122,N24P-122,20,Club Building 20,297,266,0,563,47.25,57,10.1,296,143,3,487,P1,153,60.8,29.4,203,152,443,P1,False,D,4,,0,237,
North 24 Parganas,122,N24P-122,21,Primary School 21,414,401,1,816,49.14,108,13.2,361,254,6,683,P1,107,52.9,37.2,316,233,641,P1,False,D,4,,0,343,
North 24 Parganas,122,N24P-122,22,Madrasa 22,273,262,1,536,48.88,60,11.2,260,115,4,463,P1,145,56.2,24.8,257,113,411,P1,False,D,4,,0,226,
North 24 Parganas,122,N24P-122,23,Madrasa 23,343,323,0,666,48.5,71,10.7,301,150,3,507,P1,151,59.4,29.6,339,138,530,P1,False,D,4,,0,280,
North 24 Parganas,122,N24P-122,24,Temple Hall 24,267,261,0,528,49.43,47,8.9,248,152,2,449,P1,96,55.2,33.9,331,71,447,P1,False,B,3,,0,222,
North 24 Parganas,122,N24P-122,25,High School 25,356,361,1,718,50.28,63,8.8,274,165,6,597,P1,109,45.9,27.6,349,174,581,P1,False,B,3,,0,302,
North 24 Parganas,122,N24P-122,26,Govt Office 26,330,303,1,634,47.79,55,8.7,304,139,3,494,P1,165,61.5,28.1,314,160,554,P1,False,B,3,,0,267,
North 24 Parganas,122,N24P-122,27,Post Office 27,325,305,1,631,48.34,69,10.9,318,111,6,477,P1,207,66.7,23.3,330,128,509,P1,False,D,4,,0,266,
North 24 Parganas,122,N24P-122,28,Community Hall 28,362,362,0,724,50.0,57,7.9,332,197,4,613,P1,135,54.2,32.1,339,193,591,P1,False,B,3,,0,305,
North 24 Parganas,122,N24P-122,29,High School 29,401,401,0,802,50.0,73,9.1,338,139,14,641,P1,195,52.7,21.7,324,171,656,P1,False,B,3,,0,338,
North 24 Parganas,122,N24P-122,30,Market Building 30,249,239,0,488,48.98,58,11.9,257,88,3,384,P1,169,66.9,22.9,270,110,422,P1,False,D,4,,0,205,
North 24 Parganas,122,N24P-122,31,Community Hall 31,287,283,1,571,49.56,46,8.1,239,110,5,432,P1,129,55.3,25.5,236,174,456,P1,False,B,3,,0,240,
North 24 Parganas,122,N24P-122,32,Market Building 32,416,379,1,796,47.61,66,8.3,328,198,8,666,P1,130,49.2,29.7,406,158,626,P1,False,B,3,,0,335,
North 24 Parganas,122,N24P-122,33,Club Building 33,398,382,1,781,48.91,81,10.4,372,206,5,642,P1,166,57.9,32.1,411,135,606,P1,False,D,4,,0,329,
North 24 Parganas,122,N24P-122,34,Post Office 34,322,294,0,616,47.73,54,8.8,315,157,6,525,P1,158,60.0,29.9,310,164,527,P1,False,B,3,,0,259,
North 24 Parganas,122,N24P-122,35,Post Office 35,327,326,0,653,49.92,56,8.6,333,141,3,527,P1,192,63.2,26.8,389,81,522,P1,False,B,3,,0,275,
North 24 Parganas,122,N24P-122,36,Primary School 36,366,364,0,730,49.86,73,10.0,391,156,3,608,P1,235,64.3,25.7,343,161,580,P1,False,B,3,,0,307,
North 24 Parganas,122,N24P-122,37,Govt Office 37,332,332,1,665,49.92,60,9.0,287,177,5,517,P1,110,55.5,34.2,285,109,539,P1,False,B,3,,0,280,
North 24 Parganas,122,N24P-122,38,Panchayat Bhavan 38,339,323,1,663,48.72,66,10.0,324,160,3,538,P1,164,60.2,29.7,346,160,562,P1,False,B,3,,0,279,
North 24 Parganas,122,N24P-122,39,Panchayat Bhavan 39,298,287,1,586,48.98,47,8.0,253,165,3,465,P1,88,54.4,35.5,318,119,485,P1,False,B,3,,0,247,
North 24 Parganas,122,N24P-122,40,Anganwadi Centre 40,324,313,0,637,49.14,88,13.8,255,205,5,518,P1,50,49.2,39.6,282,158,504,P1,False,D,4,,0,268,
North 24 Parganas,122,N24P-122,41,Primary School 41,269,241,0,510,47.25,48,9.4,211,128,2,397,P1,83,53.1,32.2,312,59,413,P1,False,B,3,,0,215,
North 24 Parganas,122,N24P-122,42,High School 42,294,272,0,566,48.06,67,11.8,225,96,12,443,P1,120,50.8,21.7,290,151,490,P1,False,D,4,,0,238,
North 24 Parganas,122,N24P-122,43,Primary School 43,279,267,1,547,48.81,63,11.5,290,133,5,470,P1,157,61.7,28.3,254,100,429,P1,False,D,4,,0,230,
North 24 Parganas,122,N24P-122,44,Madrasa 44,335,344,0,679,50.66,81,11.9,280,131,10,590,P1,117,47.5,22.2,341,171,569,P1,False,D,4,,0,286,
North 24 Parganas,122,N24P-122,45,Health Sub-Centre 45,399,378,1,778,48.59,75,9.6,363,234,4,663,P1,129,54.8,35.3,402,208,678,P1,False,B,3,,0,327,
North 24 Parganas,122,N24P-122,46,High School 46,373,348,0,721,48.27,69,9.6,279,244,9,602,P1,35,46.3,40.5,378,183,624,P1,False,B,3,,0,303,
North 24 Parganas,122,N24P-122,47,Health Sub-Centre 47,273,272,1,546,49.82,47,8.6,281,116,3,441,P1,165,63.7,26.3,226,147,414,P1,False,B,3,,0,230,
North 24 Parganas,122,N24P-122,48,Temple Hall 48,326,299,1,626,47.76,83,13.3,332,130,6,538,P1,202,61.7,24.2,296,135,479,P1,False,D,4,,0,263,
North 24 Parganas,122,N24P-122,49,Community Hall 49,279,289,1,569,50.79,49,8.6,309,128,3,486,P1,181,63.6,26.3,244,119,453,P1,False,B,3,,0,239,
North 24 Parganas,122,N24P-122,50,Primary School 50,419,383,1,803,47.7,79,9.8,450,135,6,650,P1,315,69.2,20.8,421,128,610,P1,False,A,1,,0,338,
North 24 Parganas,122,N24P-122,51,Post Office 51,409,407,1,817,49.82,90,11.0,369,142,16,700,P1,203,52.7,20.3,343,220,693,P1,False,D,4,,0,344,
North 24 Parganas,122,N24P-122,52,Panchayat Bhavan 52,384,381,0,765,49.8,98,12.8,373,225,5,666,P1,148,56.0,33.8,393,166,621,P1,False,D,4,,0,322,
North 24 Parganas,122,N24P-122,53,High School 53,357,343,1,701,48.93,90,12.8,265,160,11,543,P1,105,48.8,29.5,285,127,535,P1,False,D,4,,0,295,
North 24 Parganas,122,N24P-122,54,Anganwadi Centre 54,410,391,1,802,48.75,85,10.6,367,95,15,625,P1,225,58.7,15.2,453,175,698,P1,False,D,4,,0,338,
North 24 Parganas,122,N24P-122,55,Market Building 55,372,365,0,737,49.53,72,9.8,352,195,3,635,P1,157,55.4,30.7,348,172,583,P1,False,B,3,,0,310,
North 24 Parganas,122,N24P-122,56,Temple Hall 56,287,271,0,558,48.57,44,7.9,242,165,3,452,P1,77,53.5,36.5,273,153,474,P1,False,B,3,,0,235,
North 24 Parganas,122,N24P-122,57,Post Office 57,378,373,0,751,49.67,99,13.2,348,152,12,656,P1,196,53.0,23.2,365,188,648,P1,False,D,4,,0,316,
North 24 Parganas,122,N24P-122,58,Madrasa 58,404,379,1,784,48.34,88,11.2,414,189,3,670,P1,225,61.8,28.2,388,168,617,P1,False,D,4,,0,330,
North 24 Parganas,122,N24P-122,59,Primary School 59,400,409,1,810,50.49,65,8.0,353,174,15,656,P1,179,53.8,26.5,346,181,690,P1,False,B,3,,0,341,
North 24 Parganas,122,N24P-122,60,Panchayat Bhavan 60,400,382,0,782,48.85,75,9.6,346,191,3,632,P1,155,54.7,30.2,341,169,617,P1,False,B,3,,0,329,
North 24 Parganas,122,N24P-122,61,Primary School 61,254,248,1,503,49.3,44,8.7,223,140,4,404,P1,83,55.2,34.7,251,111,402,P1,False,B,3,,0,212,
North 24 Parganas,122,N24P-122,62,Temple Hall 62,295,298,0,593,50.25,50,8.4,294,140,3,483,P1,154,60.9,29.0,244,129,466,P1,False,B,3,,0,250,
North 24 Parganas,122,N24P-122,63,Temple Hall 63,308,311,1,620,50.16,70,11.3,259,159,2,478,P1,100,54.2,33.3,293,170,514,P1,False,D,4,,0,261,
North 24 Parganas,122,N24P-122,64,Anganwadi Centre 64,284,274,1,559,49.02,66,11.8,205,167,5,440,P1,38,46.6,38.0,255,141,440,P1,False,D,4,,0,235,
North 24 Parganas,122,N24P-122,65,Community Hall 65,358,350,0,708,49.44,55,7.8,295,153,5,573,P1,142,51.5,26.7,310,170,537,P1,False,B,3,,0,298,
North 24 Parganas,122,N24P-122,66,Panchayat Bhavan 66,314,321,1,636,50.47,65,10.2,310,177,2,541,P1,133,57.3,32.7,306,162,528,P1,False,D,4,,0,268,
North 24 Parganas,122,N24P-122,67,Post Office 67,422,394,1,817,48.23,111,13.6,348,217,8,640,P1,131,54.4,33.9,392,232,693,P1,False,D,4,,0,344,
North 24 Parganas,122,N24P-122,68,Anganwadi Centre 68,309,301,1,611,49.26,55,9.0,236,160,4,463,P1,76,51.0,34.6,271,188,510,P1,False,B,3,,0,257,
North 24 Parganas,122,N24P-122,69,Primary School 69,281,261,0,542,48.15,61,11.3,252,153,5,470,P1,99,53.6,32.6,304,73,419,P1,False,D,4,,0,228,
North 24 Parganas,122,N24P-122,70,Govt Office 70,254,261,1,516,50.58,68,13.2,267,95,4,402,P1,172,66.4,23.6,249,91,409,P1,False,D,4,,0,217,
North 24 Parganas,122,N24P-122,71,Madrasa 71,283,281,0,564,49.82,64,11.3,237,172,5,454,P1,65,52.2,37.9,297,133,478,P1,False,D,4,,0,237,
North 24 Parganas,122,N24P-122,72,Govt Office 72,401,378,0,779,48.52,66,8.5,379,143,8,661,P1,236,57.3,21.6,319,155,645,P1,False,B,3,,0,328,
North 24 Parganas,122,N24P-122,73,Club Building 73,296,283,1,580,48.79,52,9.0,261,168,6,480,P1,93,54.4,35.0,246,161,476,P1,False,B,3,,0,244,
North 24 Parganas,122,N24P-122,74,Panchayat Bhavan 74,253,243,0,496,48.99,68,13.7,251,127,2,420,P1,124,59.8,30.2,241,111,391,P1,False,D,4,,0,209,
North 24 Parganas,122,N24P-122,75,High School 75,287,267,1,555,48.11,58,10.5,227,118,8,431,P1,109,52.7,27.4,267,88,455,P1,False,D,4,,0,234,
North 24 Parganas,122,N24P-122,76,Temple Hall 76,267,248,1,516,48.06,68,13.2,271,108,3,422,P1,163,64.2,25.6,237,152,432,P1,False,D,4,,0,217,
North 24 Parganas,122,N24P-122,77,Anganwadi Centre 77,293,270,1,564,47.87,62,11.0,276,127,2,448,P1,149,61.6,28.3,288,145,481,P1,False,D,4,,0,237,
North 24 Parganas,122,N24P-122,78,Panchayat Bhavan 78,322,304,0,626,48.56,67,10.7,248,175,4,540,P1,73,45.9,32.4,360,98,509,P1,False,D,4,,0,263,
North 24 Parganas,122,N24P-122,79,Primary School 79,266,254,0,520,48.85,64,12.3,227,118,6,410,P1,109,55.4,28.8,249,108,442,P1,False,D,4,,0,219,
North 24 Parganas,122,N24P-122,80,Govt Office 80,258,266,0,524,50.76,73,13.9,210,128,4,425,P1,82,49.4,30.1,240,117,397,P1,False,D,4,,0,221,
North 24 Parganas,122,N24P-122,81,Panchayat Bhavan 81,317,304,1,622,48.87,77,12.4,259,141,3,479,P1,118,54.1,29.4,303,129,480,P1,False,D,4,,0,262,
North 24 Parganas,122,N24P-122,82,High School 82,258,250,1,509,49.12,58,11.4,251,95,3,385,P1,156,65.2,24.7,268,80,387,P1,False,D,4,,0,214,
North 24 Parganas,122,N24P-122,83,Post Office 83,324,298,0,622,47.91,83,13.3,313,156,8,535,P1,157,58.5,29.2,309,138,497,P1,False,D,4,,0,262,
North 24 Parganas,122,N24P-122,84,Temple Hall 84,339,323,1,663,48.72,67,10.1,253,154,8,550,P1,99,46.0,28.0,332,137,521,P1,False,D,4,,0,279,
North 24 Parganas,122,N24P-122,85,Market Building 85,329,325,1,655,49.62,76,11.6,240,179,4,535,P1,61,44.9,33.5,329,142,524,P1,False,D,4,,0,276,
North 24 Parganas,122,N24P-122,86,Panchayat Bhavan 86,266,275,1,542,50.74,43,7.9,246,119,4,431,P1,127,57.1,27.6,279,108,429,P1,False,B,3,,0,228,
North 24 Parganas,122,N24P-122,87,Club Building 87,421,387,0,808,47.9,95,11.8,287,230,5,617,P1,57,46.5,37.3,331,121,678,P1,False,D,4,,0,340,
North 24 Parganas,122,N24P-122,88,Health Sub-Centre 88,327,325,1,653,49.77,52,8.0,334,145,3,557,P1,189,60.0,26.0,253,120,547,P1,False,B,3,,0,275,
North 24 Parganas,122,N24P-122,89,Health Sub-Centre 89,365,347,1,713,48.67,78,10.9,396,125,6,579,P1,271,68.4,21.6,388,166,615,P1,False,D,4,,0,300,
North 24 Parganas,122,N24P-122,90,Temple Hall 90,259,266,1,526,50.57,62,11.8,269,124,6,455,P1,145,59.1,27.3,248,121,422,P1,False,D,4,,0,221,
North 24 Parganas,122,N24P-122,91,Madrasa 91,402,365,1,768,47.53,60,7.8,380,178,6,620,P1,202,61.3,28.7,328,180,605,P1,False,B,3,,0,323,
North 24 Parganas,122,N24P-122,92,Post Office 92,329,322,0,651,49.46,65,10.0,294,141,6,511,P1,153,57.5,27.6,364,140,560,P1,False,B,3,,0,274,
North 24 Parganas,122,N24P-122,93,Community Hall 93,276,277,1,554,50.0,44,7.9,249,147,7,476,P1,102,52.3,30.9,274,141,463,P1,False,B,3,,0,233,
North 24 Parganas,122,N24P-122,94,Club Building 94,293,265,0,558,47.49,48,8.6,213,152,5,424,P1,61,50.2,35.8,221,133,425,P1,False,B,3,,0,235,
North 24 Parganas,122,N24P-122,95,High School 95,250,256,1,507,50.49,55,10.8,270,107,1,419,P1,163,64.4,25.5,227,133,440,P1,False,D,4,,0,213,
North 24 Parganas,122,N24P-122,96,Govt Office 96,314,321,0,635,50.55,70,11.0,267,164,10,527,P1,103,50.7,31.1,272,141,505,P1,False,D,4,,0,267,
North 24 Parganas,122,N24P-122,97,Madrasa 97,274,269,1,544,49.45,44,8.1,279,144,4,471,P1,135,59.2,30.6,289,116,450,P1,False,B,3,,0,229,
North 24 Parganas,122,N24P-122,98,Temple Hall 98,286,295,1,582,50.69,82,14.1,275,135,4,455,P1,140,60.4,29.7,256,177,482,P1,False,D,4,,0,245,
North 24 Parganas,122,N24P-122,99,Community Hall 99,336,305,1,642,47.51,74,11.5,282,189,7,554,P1,93,50.9,34.1,282,133,540,P1,False,D,4,,0,270,
North 24 Parganas,122,N24P-122,100,Madrasa 100,269,261,0,530,49.25,50,9.4,208,123,4,416,P1,85,50.0,29.6,213,131,402,P1,False,B,3,,0,223,
North 24 Parganas,122,N24P-122,101,Health Sub-Centre 101,307,310,0,617,50.24,78,12.6,304,131,4,483,P1,173,62.9,27.1,311,121,538,P1,False,D,4,,0,260,
North 24 Parganas,122,N24P-122,102,Market Building 102,324,322,0,646,49.85,82,12.7,297,163,6,511,P1,134,58.1,31.9,309,183,546,P1,False,D,4,,0,272,
North 24 Parganas,122,N24P-122,103,Primary School 103,415,404,0,819,49.33,66,8.1,418,206,9,709,P1,212,59.0,29.1,308,234,711,P1,False,B,3,,0,345,
North 24 Parganas,122,N24P-122,104,Temple Hall 104,358,359,1,718,50.0,70,9.7,423,134,7,619,P1,289,68.3,21.6,298,180,598,P1,False,A,1,,0,302,
North 24 Parganas,122,N24P-122,105,Market Building 105,269,265,0,534,49.63,51,9.6,236,123,6,415,P1,113,56.9,29.6,240,166,451,P1,False,B,3,,0,225,
North 24 Parganas,122,N24P-122,106,Madrasa 106,406,388,1,795,48.81,63,7.9,409,211,8,689,P1,198,59.4,30.6,387,170,619,P1,False,B,3,,0,335,
North 24 Parganas,122,N24P-122,107,High School 107,389,385,0,774,49.74,82,10.6,435,154,4,654,P1,281,66.5,23.5,402,163,628,P1,False,D,4,,0,326,
North 24 Parganas,122,N24P-122,108,Primary School 108,270,262,1,533,49.16,69,12.9,240,132,5,461,P1,108,52.1,28.6,231,102,433,P1,False,D,4,,0,224,
North 24 Parganas,122,N24P-122,109,Health Sub-Centre 109,404,414,1,819,50.55,64,7.8,365,193,3,635,P1,172,57.5,30.4,412,167,643,P1,False,B,3,,0,345,
North 24 Parganas,122,N24P-122,110,Temple Hall 110,267,251,1,519,48.36,53,10.2,273,101,5,427,P1,172,63.9,23.7,230,135,405,P1,False,D,4,,0,218,
North 24 Parganas,122,N24P-122,111,Club Building 111,385,394,0,779,50.58,93,11.9,344,150,8,626,P1,194,55.0,24.0,381,162,610,P1,False,D,4,,0,328,
North 24 Parganas,122,N24P-122,112,Club Building 112,382,345,1,728,47.39,94,12.9,343,169,5,569,P1,174,60.3,29.7,308,184,559,P1,False,D,4,,0,306,
North 24 Parganas,122,N24P-122,113,Club Building 113,378,342,1,721,47.43,64,8.9,373,171,4,623,P1,202,59.9,27.4,244,190,556,P1,False,B,3,,0,303,
North 24 Parganas,122,N24P-122,114,High School 114,364,367,1,732,50.14,81,11.1,373,199,4,635,P1,174,58.7,31.3,280,221,610,P1,False,D,4,,0,308,
North 24 Parganas,122,N24P-122,115,Panchayat Bhavan 115,354,343,0,697,49.21,65,9.3,293,173,4,569,P1,120,51.5,30.4,306,200,562,P1,False,B,3,,0,293,
North 24 Parganas,122,N24P-122,116,Govt Office 116,376,388,1,765,50.72,95,12.4,398,150,6,609,P1,248,65.4,24.6,313,167,585,P1,False,D,4,,0,322,
North 24 Parganas,122,N24P-122,117,Anganwadi Centre 117,414,400,1,815,49.08,68,8.3,336,183,12,708,P1,153,47.5,25.8,380,186,677,P1,False,B,3,,0,343,
North 24 Parganas,122,N24P-122,118,Madrasa 118,316,317,0,633,50.08,49,7.7,291,195,2,540,P1,96,53.9,36.1,251,195,515,P1,False,B,3,,0,266,
North 24 Parganas,122,N24P-122,119,Market Building 119,310,317,0,627,50.56,67,10.7,307,169,4,528,P1,138,58.1,32.0,352,90,492,P1,False,D,4,,0,264,
North 24 Parganas,122,N24P-122,120,Health Sub-Centre 120,329,338,1,668,50.6,73,10.9,336,119,3,506,P1,217,66.4,23.5,386,132,575,P1,False,D,4,,0,281,
North 24 Parganas,122,N24P-122,121,High School 121,396,383,0,779,49.17,68,8.7,334,194,6,630,P1,140,53.0,30.8,407,92,635,P1,False,B,3,,0,328,
North 24 Parganas,122,N24P-122,122,High School 122,385,373,0,758,49.21,108,14.2,394,178,7,636,P1,216,61.9,28.0,391,138,588,P1,False,D,4,,0,319,
North 24 Parganas,122,N24P-122,123,Health Sub-Centre 123,338,335,1,674,49.7,81,12.0,402,112,6,571,P1,290,70.4,19.6,320,131,537,P1,False,D,4,,0,284,
North 24 Parganas,122,N24P-122,124,Health Sub-Centre 124,380,350,0,730,47.95,65,8.9,358,124,6,558,P1,234,64.2,22.2,383,117,555,P1,False,B,3,,0,307,
North 24 Parganas,122,N24P-122,125,Anganwadi Centre 125,336,307,1,644,47.67,75,11.6,252,192,5,494,P1,60,51.0,38.9,347,150,553,P1,False,D,4,,0,271,
North 24 Parganas,122,N24P-122,126,Madrasa 126,340,345,1,686,50.29,80,11.7,304,170,4,546,P1,134,55.7,31.1,270,180,523,P1,False,D,4,,0,289,
North 24 Parganas,122,N24P-122,127,Anganwadi Centre 127,359,354,1,714,49.58,89,12.5,292,216,8,578,P1,76,50.5,37.4,344,148,547,P1,False,D,4,,0,300,
North 24 Parganas,122,N24P-122,128,Panchayat Bhavan 128,332,310,0,642,48.29,69,10.7,213,139,10,499,P1,74,42.7,27.9,271,170,502,P1,False,D,4,,0,270,
North 24 Parganas,122,N24P-122,129,Temple Hall 129,260,268,0,528,50.76,72,13.6,205,121,9,409,P1,84,50.1,29.6,227,137,404,P1,False,D,4,,0,222,
North 24 Parganas,122,N24P-122,130,Health Sub-Centre 130,308,318,1,627,50.72,58,9.3,273,156,10,516,P1,117,52.9,30.2,308,175,536,P1,False,B,3,,0,264,
North 24 Parganas,122,N24P-122,131,Anganwadi Centre 131,292,287,1,580,49.48,58,10.0,268,149,3,463,P1,119,57.9,32.2,267,136,455,P1,False,B,3,,0,244,
North 24 Parganas,122,N24P-122,132,Panchayat Bhavan 132,410,386,0,796,48.49,67,8.4,470,144,4,682,P1,326,68.9,21.1,424,168,658,P1,False,A,1,,0,335,
North 24 Parganas,122,N24P-122,133,Post Office 133,406,398,1,805,49.44,93,11.6,449,150,5,666,P1,299,67.4,22.5,358,247,672,P1,False,D,4,,0,339,
North 24 Parganas,122,N24P-122,134,Health Sub-Centre 134,257,233,1,491,47.45,53,10.8,219,130,4,388,P1,89,56.4,33.5,265,71,373,P1,False,D,4,,0,207,
North 24 Parganas,122,N24P-122,135,Govt Office 135,324,305,0,629,48.49,60,9.5,249,125,6,532,P1,103,46.8,23.5,289,195,538,P1,False,B,3,,0,265,
North 24 Parganas,122,N24P-122,136,Govt Office 136,307,311,0,618,50.32,56,9.1,305,164,4,521,P1,141,58.5,31.5,234,149,503,P1,False,B,3,,0,260,
North 24 Parganas,122,N24P-122,137,Health Sub-Centre 137,301,291,1,593,49.07,68,11.5,191,132,16,479,P1,56,39.9,27.6,293,134,509,P1,False,D,4,,0,250,
North 24 Parganas,122,N24P-122,138,Primary School 138,400,394,0,794,49.62,77,9.7,368,217,3,650,P1,151,56.6,33.4,307,238,616,P1,False,B,3,,0,334,
North 24 Parganas,122,N24P-122,139,Temple Hall 139,296,286,1,583,49.06,50,8.6,297,137,4,483,P1,160,61.5,28.4,320,106,473,P1,False,B,3,,0,245,
North 24 Parganas,122,N24P-122,140,Community Hall 140,369,349,0,718,48.61,56,7.8,410,91,5,556,P1,319,73.7,16.4,367,130,552,P1,False,A,1,,0,302,
North 24 Parganas,122,N24P-122,141,Temple Hall 141,244,237,0,481,49.27,62,12.9,201,93,7,408,P1,97,49.3,22.8,205,135,391,P1,False,D,4,,0,202,
North 24 Parganas,122,N24P-122,142,Govt Office 142,364,332,0,696,47.7,90,12.9,365,134,7,600,P1,231,60.8,22.3,343,155,570,P1,False,D,4,,0,293,
North 24 Parganas,122,N24P-122,143,Panchayat Bhavan 143,328,329,1,658,50.0,61,9.3,309,150,3,519,P1,159,59.5,28.9,387,127,571,P1,False,B,3,,0,277,
North 24 Parganas,122,N24P-122,144,Primary School 144,362,344,0,706,48.73,63,8.9,450,87,4,597,P1,363,75.4,14.6,400,148,609,P1,False,A,1,,0,297,
North 24 Parganas,122,N24P-122,145,Panchayat Bhavan 145,390,378,1,769,49.15,97,12.6,399,124,7,581,P1,275,68.7,21.3,356,201,657,P1,False,D,4,,0,324,
North 24 Parganas,122,N24P-122,146,Post Office 146,287,285,0,572,49.83,67,11.7,278,144,1,469,P1,134,59.3,30.7,249,141,433,P1,False,D,4,,0,241,
North 24 Parganas,122,N24P-122,147,Club Building 147,274,275,0,549,50.09,78,14.2,256,138,4,438,P1,118,58.4,31.5,257,82,458,P1,False,D,4,,0,231,
North 24 Parganas,122,N24P-122,148,Anganwadi Centre 148,348,334,1,683,48.9,64,9.4,338,120,2,530,P1,218,63.8,22.6,337,159,589,P1,False,B,3,,0,287,
North 24 Parganas,122,N24P-122,149,Panchayat Bhavan 149,427,383,1,811,47.23,103,12.7,381,164,6,645,P1,217,59.1,25.4,305,212,620,P1,False,D,4,,0,341,
North 24 Parganas,122,N24P-122,150,Market Building 150,252,235,1,488,48.16,47,9.6,232,126,4,398,P1,106,58.3,31.7,200,145,399,P1,False,B,3,,0,205,
North 24 Parganas,122,N24P-122,151,Madrasa 151,307,295,1,603,48.92,72,11.9,331,142,5,526,P1,189,62.9,27.0,302,131,487,P1,False,D,4,,0,254,
North 24 Parganas,122,N24P-122,152,Primary School 152,252,259,0,511,50.68,64,12.5,273,114,4,431,P1,159,63.3,26.5,287,84,441,P1,False,D,4,,0,215,
North 24 Parganas,122,N24P-122,153,Anganwadi Centre 153,348,337,0,685,49.2,53,7.7,319,192,6,568,P1,127,56.2,33.8,336,183,578,P1,False,B,3,,0,288,
North 24 Parganas,122,N24P-122,154,Primary School 154,311,301,1,613,49.1,77,12.6,290,128,5,464,P1,162,62.5,27.6,282,140,469,P1,False,D,4,,0,258,
North 24 Parganas,122,N24P-122,155,Post Office 155,306,315,1,622,50.64,86,13.8,292,145,9,521,P1,147,56.0,27.8,277,188,524,P1,False,D,4,,0,262,
North 24 Parganas,122,N24P-122,156,Post Office 156,282,274,0,556,49.28,62,11.2,258,152,7,481,P1,106,53.6,31.6,213,145,429,P1,False,D,4,,0,234,
North 24 Parganas,122,N24P-122,157,Club Building 157,399,398,0,797,49.94,82,10.3,330,178,9,642,P1,152,51.4,27.7,476,76,613,P1,False,D,4,,0,335,
North 24 Parganas,122,N24P-122,158,Primary School 158,301,287,0,588,48.81,55,9.4,264,161,7,501,P1,103,52.7,32.1,257,145,447,P1,False,B,3,,0,247,
North 24 Parganas,122,N24P-122,159,Govt Office 159,308,308,1,617,49.92,54,8.8,303,146,3,502,P1,157,60.4,29.1,339,138,530,P1,False,B,3,,0,260,
North 24 Parganas,122,N24P-122,160,Panchayat Bhavan 160,251,229,0,480,47.71,37,7.7,260,103,4,403,P1,157,64.5,25.6,217,128,384,P1,False,B,3,,0,202,
North 24 Parganas,122,N24P-122,161,Primary School 161,396,379,1,776,48.84,63,8.1,361,206,8,660,P1,155,54.7,31.2,402,178,666,P1,False,B,3,,0,327,
North 24 Parganas,122,N24P-122,162,Post Office 162,378,388,1,767,50.59,107,14.0,349,231,8,652,P1,118,53.5,35.4,366,165,590,P1,False,D,4,,0,323,
North 24 Parganas,122,N24P-122,163,Market Building 163,247,251,1,499,50.3,61,12.2,207,116,5,389,P1,91,53.2,29.8,217,155,413,P1,False,D,4,,0,210,
North 24 Parganas,122,N24P-122,164,Market Building 164,280,285,1,566,50.35,47,8.3,269,127,3,485,P1,142,55.5,26.2,225,142,475,P1,False,B,3,,0,238,
North 24 Parganas,122,N24P-122,165,Panchayat Bhavan 165,279,288,1,568,50.7,59,10.4,319,115,4,483,P1,204,66.0,23.8,271,128,463,P1,False,D,4,,0,239,
North 24 Parganas,122,N24P-122,166,Anganwadi Centre 166,276,248,0,524,47.33,56,10.7,179,119,15,431,P1,60,41.5,27.6,208,145,407,P1,False,D,4,,0,221,
North 24 Parganas,122,N24P-122,167,High School 167,402,371,0,773,47.99,103,13.3,361,157,4,619,P1,204,58.3,25.4,358,210,632,P1,False,D,4,,0,325,
North 24 Parganas,122,N24P-122,168,Post Office 168,242,248,1,491,50.51,38,7.7,245,129,2,416,P1,116,58.9,31.0,217,144,401,P1,False,B,3,,0,207,
North 24 Parganas,122,N24P-122,169,Primary School 169,405,409,0,814,50.25,77,9.5,368,195,6,626,P1,173,58.8,31.2,423,185,675,P1,False,B,3,,0,343,
North 24 Parganas,122,N24P-122,170,Market Building 170,406,374,1,781,47.89,79,10.1,326,224,5,611,P1,102,53.4,36.7,291,173,600,P1,False,D,4,,0,329,
North 24 Parganas,122,N24P-122,171,Anganwadi Centre 171,321,293,0,614,47.72,87,14.2,266,172,4,504,P1,94,52.8,34.1,298,123,489,P1,False,D,4,,0,258,
North 24 Parganas,122,N24P-122,172,Health Sub-Centre 172,387,356,0,743,47.91,69,9.3,407,157,7,627,P1,250,64.9,25.0,285,243,587,P1,False,B,3,,0,313,
North 24 Parganas,122,N24P-122,173,Panchayat Bhavan 173,264,246,1,511,48.14,45,8.8,235,143,6,430,P1,92,54.7,33.3,240,111,418,P1,False,B,3,,0,215,
North 24 Parganas,122,N24P-122,174,Community Hall 174,245,250,0,495,50.51,45,9.1,241,122,3,427,P1,119,56.4,28.6,245,120,405,P1,False,B,3,,0,208,
North 24 Parganas,122,N24P-122,175,Primary School 175,378,379,0,757,50.07,72,9.5,358,233,3,659,P1,125,54.3,35.4,320,221,601,P1,False,B,3,,0,319,
North 24 Parganas,122,N24P-122,176,Madrasa 176,324,324,1,649,49.92,84,12.9,352,152,5,560,P1,200,62.9,27.1,316,128,493,P1,False,D,4,,0,273,
North 24 Parganas,122,N24P-122,177,Post Office 177,246,246,0,492,50.0,57,11.6,242,98,3,377,P1,144,64.2,26.0,201,118,376,P1,False,D,4,,0,207,
North 24 Parganas,122,N24P-122,178,Health Sub-Centre 178,414,391,1,806,48.51,91,11.3,386,183,6,655,P1,203,58.9,27.9,395,163,629,P1,False,D,4,,0,339,
North 24 Parganas,122,N24P-122,179,Anganwadi Centre 179,329,339,0,668,50.75,72,10.8,297,198,4,550,P1,99,54.0,36.0,332,133,517,P1,False,D,4,,0,281,
North 24 Parganas,122,N24P-122,180,Club Building 180,378,353,1,732,48.22,104,14.2,298,240,3,598,P1,58,49.8,40.1,305,240,618,P1,False,D,4,,0,308,
North 24 Parganas,122,N24P-122,181,Govt Office 181,417,398,0,815,48.83,89,10.9,362,130,11,633,P1,232,57.2,20.5,414,164,642,P1,False,D,4,,0,343,
North 24 Parganas,122,N24P-122,182,Community Hall 182,300,276,1,577,47.83,56,9.7,269,176,4,494,P1,93,54.5,35.6,199,172,476,P1,False,B,3,,0,243,
North 24 Parganas,122,N24P-122,183,Community Hall 183,281,283,0,564,50.18,57,10.1,263,149,4,457,P1,114,57.5,32.6,253,160,459,P1,False,D,4,,0,237,
North 24 Parganas,123,N24P-123,1,Temple Hall 1,307,315,0,622,50.64,44,7.1,220,209,3,493,P1,11,44.6,42.4,262,133,508,P1,False,B,3,,0,262,
North 24 Parganas,123,N24P-123,2,Madrasa 2,376,351,1,728,48.21,43,5.9,418,134,2,613,P1,284,68.2,21.9,281,144,568,P1,False,A,1,,0,306,
North 24 Parganas,123,N24P-123,3,Primary School 3,384,373,1,758,49.21,45,5.9,268,157,16,598,P1,111,44.8,26.3,344,227,634,P1,False,B,3,,0,319,
North 24 Parganas,123,N24P-123,4,Govt Office 4,352,336,0,688,48.84,34,4.9,277,227,5,567,P1,50,48.9,40.0,299,144,578,P1,False,B,3,,0,290,
North 24 Parganas,123,N24P-123,5,High School 5,319,299,0,618,48.38,54,8.7,256,201,7,534,P1,55,47.9,37.6,332,105,486,P1,False,B,3,,0,260,
North 24 Parganas,123,N24P-123,6,Govt Office 6,353,348,0,701,49.64,50,7.1,291,205,2,551,P1,86,52.8,37.2,331,144,539,P1,False,B,3,,0,295,
North 24 Parganas,123,N24P-123,7,Health Sub-Centre 7,418,388,0,806,48.14,56,6.9,482,132,6,692,P1,350,69.7,19.1,328,235,625,P1,False,A,1,,0,339,
North 24 Parganas,123,N24P-123,8,Primary School 8,278,254,1,533,47.65,44,8.3,237,148,6,465,P1,89,51.0,31.8,259,159,465,P1,False,B,3,,0,224,
North 24 Parganas,123,N24P-123,9,Primary School 9,366,347,0,713,48.67,49,6.9,336,159,5,590,P1,177,56.9,26.9,371,180,613,P1,False,B,3,,0,300,
North 24 Parganas,123,N24P-123,10,Anganwadi Centre 10,384,394,1,779,50.58,67,8.6,292,221,5,590,P1,71,49.5,37.5,443,157,667,P1,False,B,3,,0,328,
North 24 Parganas,123,N24P-123,11,Club Building 11,402,410,0,812,50.49,44,5.4,405,183,12,702,P1,222,57.7,26.1,362,170,665,P1,False,B,3,,0,342,
North 24 Parganas,123,N24P-123,12,Post Office 12,299,272,1,572,47.55,31,5.4,252,142,3,438,P1,110,57.5,32.4,293,144,486,P1,False,B,3,,0,241,
North 24 Parganas,123,N24P-123,13,Primary School 13,287,285,0,572,49.83,47,8.2,302,126,6,475,P1,176,63.6,26.5,314,111,473,P1,False,B,3,,0,241,
North 24 Parganas,123,N24P-123,14,High School 14,350,323,1,674,47.92,41,6.1,367,146,3,570,P1,221,64.4,25.6,273,234,563,P1,False,B,3,,0,284,
North 24 Parganas,123,N24P-123,15,Community Hall 15,246,251,0,497,50.5,25,5.0,284,100,2,427,P1,184,66.5,23.4,204,97,377,P1,False,A,1,,0,209,
North 24 Parganas,123,N24P-123,16,Temple Hall 16,317,293,1,611,47.95,53,8.7,284,174,6,509,P1,110,55.8,34.2,245,118,522,P1,False,B,3,,0,257,
North 24 Parganas,123,N24P-123,17,Club Building 17,333,298,1,632,47.15,39,6.2,290,138,7,493,P1,152,58.8,28.0,330,113,492,P1,False,B,3,,0,266,
North 24 Parganas,123,N24P-123,18,Govt Office 18,377,373,1,751,49.67,65,8.7,367,163,4,589,P1,204,62.3,27.7,351,176,589,P1,False,B,3,,0,316,
North 24 Parganas,123,N24P-123,19,Temple Hall 19,386,387,0,773,50.06,47,6.1,409,134,3,604,P1,275,67.7,22.2,380,170,611,P1,False,A,1,,0,325,
North 24 Parganas,123,N24P-123,20,Post Office 20,380,350,1,731,47.88,57,7.8,267,239,4,562,P1,28,47.5,42.5,388,140,586,P1,False,B,3,,0,308,
North 24 Parganas,123,N24P-123,21,High School 21,274,276,0,550,50.18,49,8.9,292,111,2,448,P1,181,65.2,24.8,210,88,447,P1,False,A,1,,0,231,
North 24 Parganas,123,N24P-123,22,Primary School 22,371,376,1,748,50.27,51,6.8,328,171,6,580,P1,157,56.6,29.5,340,184,604,P1,False,B,3,,0,315,
North 24 Parganas,123,N24P-123,23,Community Hall 23,347,354,1,702,50.43,48,6.8,342,142,3,537,P1,200,63.7,26.4,255,176,546,P1,False,B,3,,0,295,
North 24 Parganas,123,N24P-123,24,Post Office 24,355,324,0,679,47.72,35,5.2,394,76,5,522,P1,318,75.5,14.6,267,193,574,P1,False,A,1,,0,286,
North 24 Parganas,123,N24P-123,25,Post Office 25,308,315,1,624,50.48,56,9.0,267,138,12,543,P1,129,49.2,25.4,275,125,506,P1,False,B,3,,0,263,
North 24 Parganas,123,N24P-123,26,Market Building 26,262,255,0,517,49.32,35,6.8,220,88,7,392,P1,132,56.1,22.4,242,106,433,P1,False,B,3,,0,218,
North 24 Parganas,123,N24P-123,27,Community Hall 27,354,349,0,703,49.64,45,6.4,359,146,6,561,P1,213,64.0,26.0,248,128,570,P1,False,B,3,,0,296,
North 24 Parganas,123,N24P-123,28,Community Hall 28,276,279,0,555,50.27,36,6.5,248,138,3,428,P1,110,57.9,32.2,248,108,452,P1,False,B,3,,0,234,
North 24 Parganas,123,N24P-123,29,Community Hall 29,274,280,0,554,50.54,45,8.1,240,143,6,436,P1,97,55.0,32.8,277,142,465,P1,False,B,3,,0,233,
North 24 Parganas,123,N24P-123,30,Panchayat Bhavan 30,252,240,0,492,48.78,30,6.1,282,96,3,420,P1,186,67.1,22.9,177,145,421,P1,False,A,1,,0,207,
North 24 Parganas,123,N24P-123,31,Anganwadi Centre 31,353,349,1,703,49.64,41,5.8,349,152,4,557,P1,197,62.7,27.3,242,193,606,P1,False,B,3,,0,296,
North 24 Parganas,123,N24P-123,32,Post Office 32,273,274,0,547,50.09,39,7.1,258,124,2,425,P1,134,60.7,29.2,300,105,450,P1,False,B,3,,0,230,
North 24 Parganas,123,N24P-123,33,Anganwadi Centre 33,265,244,0,509,47.94,36,7.1,262,94,2,395,P1,168,66.3,23.8,241,150,437,P1,False,A,1,,0,214,
North 24 Parganas,123,N24P-123,34,Temple Hall 34,328,301,0,629,47.85,55,8.7,318,125,4,493,P1,193,64.5,25.4,368,110,531,P1,False,B,3,,0,265,
North 24 Parganas,123,N24P-123,35,Community Hall 35,297,295,0,592,49.83,44,7.4,316,93,2,454,P1,223,69.6,20.5,302,131,481,P1,False,A,1,,0,249,
North 24 Parganas,123,N24P-123,36,Market Building 36,383,346,1,730,47.4,56,7.7,329,174,16,634,P1,155,51.9,27.4,394,152,607,P1,False,B,3,,0,307,
North 24 Parganas,123,N24P-123,37,Madrasa 37,403,368,0,771,47.73,39,5.1,366,178,6,619,P1,188,59.1,28.8,378,165,604,P1,False,B,3,,0,324,
North 24 Parganas,123,N24P-123,38,Club Building 38,353,354,0,707,50.07,36,5.1,363,121,6,538,P1,242,67.5,22.5,351,189,600,P1,False,A,1,,0,298,
North 24 Parganas,123,N24P-123,39,Community Hall 39,330,298,0,628,47.45,42,6.7,316,110,4,516,P1,206,61.2,21.3,311,180,546,P1,False,B,3,,0,264,
North 24 Parganas,123,N24P-123,40,Govt Office 40,364,371,1,736,50.41,39,5.3,402,146,4,609,P1,256,66.0,24.0,326,177,559,P1,False,A,1,,0,310,
North 24 Parganas,123,N24P-123,41,Market Building 41,322,292,0,614,47.56,48,7.8,296,132,3,512,P1,164,57.8,25.8,357,125,536,P1,False,B,3,,0,258,
North 24 Parganas,123,N24P-123,42,Club Building 42,310,312,1,623,50.08,32,5.1,283,162,3,501,P1,121,56.5,32.3,286,131,477,P1,False,B,3,,0,262,
North 24 Parganas,123,N24P-123,43,Panchayat Bhavan 43,326,310,1,637,48.67,39,6.1,326,125,2,501,P1,201,65.1,25.0,294,161,505,P1,False,A,1,,0,268,
North 24 Parganas,123,N24P-123,44,High School 44,403,386,0,789,48.92,43,5.4,329,248,4,641,P1,81,51.3,38.7,309,279,666,P1,False,B,3,,0,332,
North 24 Parganas,123,N24P-123,45,Club Building 45,276,275,0,551,49.91,39,7.1,288,113,5,446,P1,175,64.6,25.3,309,87,440,P1,False,B,3,,0,232,
North 24 Parganas,123,N24P-123,46,Madrasa 46,303,282,1,586,48.12,37,6.3,246,131,8,446,P1,115,55.2,29.4,322,96,465,P1,False,B,3,,0,247,
North 24 Parganas,123,N24P-123,47,Anganwadi Centre 47,407,397,1,805,49.32,72,8.9,377,175,6,614,P1,202,61.4,28.5,360,194,616,P1,False,B,3,,0,339,
North 24 Parganas,123,N24P-123,48,Club Building 48,313,305,1,619,49.27,31,5.0,247,170,4,513,P1,77,48.1,33.1,281,150,478,P1,False,B,3,,0,260,
North 24 Parganas,123,N24P-123,49,Club Building 49,367,347,1,715,48.53,51,7.1,357,189,9,620,P1,168,57.6,30.5,314,179,574,P1,False,B,3,,0,301,
North 24 Parganas,123,N24P-123,50,Club Building 50,418,398,1,817,48.71,70,8.6,423,158,8,696,P1,265,60.8,22.7,483,125,676,P1,False,B,3,,0,344,
North 24 Parganas,123,N24P-123,51,Panchayat Bhavan 51,352,353,0,705,50.07,59,8.4,289,166,10,572,P1,123,50.5,29.0,371,154,598,P1,False,B,3,,0,297,
North 24 Parganas,123,N24P-123,52,Club Building 52,319,315,0,634,49.68,51,8.0,315,119,5,532,P1,196,59.2,22.4,238,113,499,P1,False,B,3,,0,267,
North 24 Parganas,123,N24P-123,53,Primary School 53,389,389,1,779,49.94,62,8.0,339,203,4,602,P1,136,56.3,33.7,361,240,668,P1,False,B,3,,0,328,
North 24 Parganas,123,N24P-123,54,Govt Office 54,307,281,0,588,47.79,42,7.1,270,158,3,488,P1,112,55.3,32.4,248,169,463,P1,False,B,3,,0,247,
North 24 Parganas,123,N24P-123,55,Temple Hall 55,274,261,1,536,48.69,48,9.0,194,176,3,422,P1,18,46.0,41.7,283,120,448,P1,False,B,3,,0,226,
North 24 Parganas,123,N24P-123,56,Market Building 56,344,316,0,660,47.88,58,8.8,267,156,11,532,P1,111,50.2,29.3,291,149,553,P1,False,B,3,,0,278,
North 24 Parganas,123,N24P-123,57,Temple Hall 57,313,311,1,625,49.76,32,5.1,206,164,7,497,P1,42,41.4,33.0,277,148,510,P1,False,B,3,,0,263,
North 24 Parganas,123,N24P-123,58,Club Building 58,420,383,1,804,47.64,42,5.2,343,233,6,663,P1,110,51.7,35.1,387,186,664,P1,False,B,3,,0,338,
North 24 Parganas,123,N24P-123,59,Anganwadi Centre 59,278,249,1,528,47.16,27,5.1,230,164,3,437,P1,66,52.6,37.5,269,137,452,P1,False,B,3,,0,222,
North 24 Parganas,123,N24P-123,60,Primary School 60,387,356,0,743,47.91,62,8.3,384,197,7,646,P1,187,59.4,30.5,396,154,623,P1,False,B,3,,0,313,
North 24 Parganas,123,N24P-123,61,Anganwadi Centre 61,324,327,0,651,50.23,48,7.4,312,145,2,508,P1,167,61.4,28.5,306,144,500,P1,False,B,3,,0,274,
North 24 Parganas,123,N24P-123,62,High School 62,399,367,1,767,47.85,56,7.3,398,164,4,624,P1,234,63.8,26.3,439,153,658,P1,False,B,3,,0,323,
North 24 Parganas,123,N24P-123,63,Madrasa 63,323,306,0,629,48.65,37,5.9,365,122,3,542,P1,243,67.3,22.5,252,107,492,P1,False,A,1,,0,265,
North 24 Parganas,123,N24P-123,64,Post Office 64,395,389,0,784,49.62,43,5.5,370,191,6,623,P1,179,59.4,30.7,288,190,611,P1,False,B,3,,0,330,
North 24 Parganas,123,N24P-123,65,Anganwadi Centre 65,355,335,1,691,48.48,61,8.8,337,183,4,578,P1,154,58.3,31.7,321,109,557,P1,False,B,3,,0,291,
North 24 Parganas,123,N24P-123,66,Health Sub-Centre 66,260,235,1,496,47.38,31,6.2,281,104,3,427,P1,177,65.8,24.4,288,98,429,P1,False,A,1,,0,209,
North 24 Parganas,123,N24P-123,67,Primary School 67,295,295,0,590,50.0,34,5.8,276,140,2,462,P1,136,59.7,30.3,303,122,472,P1,False,B,3,,0,248,
North 24 Parganas,123,N24P-123,68,Primary School 68,397,359,1,757,47.42,37,4.9,377,191,7,631,P1,186,59.7,30.3,393,155,609,P1,False,B,3,,0,319,
North 24 Parganas,123,N24P-123,69,Madrasa 69,404,378,0,782,48.34,40,5.1,323,243,3,629,P1,80,51.4,38.6,334,162,659,P1,False,B,3,,0,329,
North 24 Parganas,123,N24P-123,70,High School 70,306,312,1,619,50.4,49,7.9,266,170,4,484,P1,96,55.0,35.1,321,143,532,P1,False,B,3,,0,260,
North 24 Parganas,123,N24P-123,71,Primary School 71,290,296,1,587,50.43,45,7.7,289,131,3,467,P1,158,61.9,28.1,286,149,483,P1,False,B,3,,0,247,
North 24 Parganas,123,N24P-123,72,Govt Office 72,272,271,1,544,49.82,27,5.0,350,75,2,473,P1,275,74.0,15.9,247,138,455,P1,False,A,1,,0,229,
North 24 Parganas,123,N24P-123,73,Market Building 73,280,276,0,556,49.64,34,6.1,278,118,8,466,P1,160,59.7,25.3,257,108,457,P1,False,B,3,,0,234,
North 24 Parganas,123,N24P-123,74,Primary School 74,395,371,1,767,48.37,44,5.7,316,190,16,657,P1,126,48.1,28.9,423,164,653,P1,False,B,3,,0,323,
North 24 Parganas,123,N24P-123,75,Govt Office 75,284,293,0,577,50.78,38,6.6,276,125,6,471,P1,151,58.6,26.5,218,190,459,P1,False,B,3,,0,243,
North 24 Parganas,123,N24P-123,76,Anganwadi Centre 76,271,257,1,529,48.58,30,5.7,303,100,3,448,P1,203,67.6,22.3,261,134,439,P1,False,A,1,,0,223,
North 24 Parganas,123,N24P-123,77,Anganwadi Centre 77,394,399,1,794,50.25,62,7.8,363,206,3,632,P1,157,57.4,32.6,355,242,686,P1,False,B,3,,0,334,
North 24 Parganas,123,N24P-123,78,Anganwadi Centre 78,281,287,0,568,50.53,48,8.5,272,104,6,447,P1,168,60.9,23.3,306,108,461,P1,False,B,3,,0,239,
North 24 Parganas,123,N24P-123,79,Madrasa 79,368,335,1,704,47.59,60,8.5,364,145,4,565,P1,219,64.4,25.7,288,196,604,P1,False,B,3,,0,296,
North 24 Parganas,123,N24P-123,80,Club Building 80,319,326,0,645,50.54,35,5.4,254,132,10,498,P1,122,51.0,26.5,307,123,495,P1,False,B,3,,0,271,
North 24 Parganas,123,N24P-123,81,High School 81,263,240,0,503,47.71,27,5.4,166,91,5,409,P1,22,40.6,22.2,222,137,399,P1,False,B,3,,0,212,
North 24 Parganas,123,N24P-123,82,Panchayat Bhavan 82,414,396,0,810,48.89,72,8.9,277,234,4,644,P1,43,43.0,36.3,319,219,640,P1,False,B,3,,0,341,
North 24 Parganas,123,N24P-123,83,Govt Office 83,278,268,0,546,49.08,27,4.9,226,138,3,435,P1,88,52.0,31.7,248,155,452,P1,False,B,3,,0,230,
North 24 Parganas,123,N24P-123,84,Club Building 84,344,317,0,661,47.96,40,6.1,351,125,4,564,P1,226,62.2,22.2,337,113,500,P1,False,B,3,,0,278,
North 24 Parganas,123,N24P-123,85,Temple Hall 85,255,260,1,516,50.39,44,8.5,237,137,5,415,P1,100,57.1,33.0,236,152,447,P1,False,B,3,,0,217,
North 24 Parganas,123,N24P-123,86,High School 86,418,380,0,798,47.62,59,7.4,351,253,7,690,P1,98,50.9,36.7,331,155,654,P1,False,B,3,,0,336,
North 24 Parganas,123,N24P-123,87,Community Hall 87,418,397,0,815,48.71,59,7.2,351,218,2,632,P1,133,55.5,34.5,447,147,660,P1,False,B,3,,0,343,
North 24 Parganas,123,N24P-123,88,High School 88,397,362,0,759,47.69,43,5.7,381,191,7,636,P1,190,59.9,30.0,358,171,642,P1,False,B,3,,0,319,
North 24 Parganas,123,N24P-123,89,Health Sub-Centre 89,311,318,1,630,50.48,36,5.7,317,94,5,489,P1,223,64.8,19.2,266,147,511,P1,False,B,3,,0,265,
North 24 Parganas,123,N24P-123,90,High School 90,362,372,1,735,50.61,62,8.4,289,182,8,573,P1,107,50.4,31.8,276,117,568,P1,False,B,3,,0,309,
North 24 Parganas,123,N24P-123,91,Primary School 91,275,264,1,540,48.89,30,5.6,207,143,5,438,P1,64,47.3,32.6,194,141,428,P1,False,B,3,,0,227,
North 24 Parganas,123,N24P-123,92,Health Sub-Centre 92,297,271,0,568,47.71,50,8.8,311,118,3,477,P1,193,65.2,24.7,191,121,436,P1,False,A,1,,0,239,
North 24 Parganas,123,N24P-123,93,Madrasa 93,315,296,0,611,48.45,42,6.9,338,134,5,524,P1,204,64.5,25.6,351,76,475,P1,False,B,3,,0,257,
North 24 Parganas,123,N24P-123,94,Post Office 94,326,319,1,646,49.38,58,9.0,289,183,3,525,P1,106,55.0,34.9,324,135,510,P1,False,B,3,,0,272,
North 24 Parganas,123,N24P-123,95,Govt Office 95,312,282,0,594,47.47,41,6.9,359,106,2,517,P1,253,69.4,20.5,270,141,463,P1,False,A,1,,0,250,
North 24 Parganas,123,N24P-123,96,Temple Hall 96,281,259,0,540,47.96,41,7.6,267,105,4,413,P1,162,64.6,25.4,270,124,438,P1,False,B,3,,0,227,
North 24 Parganas,123,N24P-123,97,Temple Hall 97,296,277,1,574,48.26,37,6.4,277,127,2,449,P1,150,61.7,28.3,281,137,465,P1,False,B,3,,0,242,
North 24 Parganas,123,N24P-123,98,Govt Office 98,346,328,1,675,48.59,46,6.8,305,198,3,562,P1,107,54.3,35.2,278,175,522,P1,False,B,3,,0,284,
North 24 Parganas,123,N24P-123,99,Temple Hall 99,413,376,0,789,47.66,49,6.2,345,118,10,608,P1,216,56.7,19.4,393,179,635,P1,False,B,3,,0,332,
North 24 Parganas,123,N24P-123,100,Madrasa 100,332,341,0,673,50.67,61,9.1,351,117,3,520,P1,234,67.5,22.5,356,107,515,P1,False,A,1,,0,283,
North 24 Parganas,123,N24P-123,101,Primary School 101,301,294,1,596,49.33,40,6.7,318,131,4,499,P1,187,63.7,26.3,327,126,503,P1,False,B,3,,0,251,
North 24 Parganas,123,N24P-123,102,Club Building 102,356,319,1,676,47.19,41,6.1,316,135,9,544,P1,181,58.1,24.8,330,163,574,P1,False,B,3,,0,284,
North 24 Parganas,123,N24P-123,103,Madrasa 103,270,267,0,537,49.72,38,7.1,253,114,4,408,P1,139,62.0,27.9,215,141,466,P1,False,B,3,,0,226,
North 24 Parganas,123,N24P-123,104,Community Hall 104,394,368,1,763,48.23,41,5.4,339,191,7,645,P1,148,52.6,29.6,366,231,664,P1,False,B,3,,0,321,
North 24 Parganas,123,N24P-123,105,Club Building 105,366,345,0,711,48.52,64,9.0,362,141,4,569,P1,221,63.6,24.8,301,172,576,P1,False,B,3,,0,299,
North 24 Parganas,123,N24P-123,106,Health Sub-Centre 106,268,242,1,511,47.36,35,6.8,269,105,3,416,P1,164,64.7,25.2,193,122,387,P1,False,B,3,,0,215,
North 24 Parganas,123,N24P-123,107,Madrasa 107,265,270,0,535,50.47,31,5.8,269,132,4,446,P1,137,60.3,29.6,215,164,454,P1,False,B,3,,0,225,
North 24 Parganas,123,N24P-123,108,Club Building 108,312,288,0,600,48.0,48,8.0,255,190,3,494,P1,65,51.6,38.5,291,136,474,P1,False,B,3,,0,253,
North 24 Parganas,123,N24P-123,109,Madrasa 109,412,385,1,798,48.25,72,9.0,303,256,7,655,P1,47,46.3,39.1,389,210,678,P1,False,B,3,,0,336,
North 24 Parganas,123,N24P-123,110,Post Office 110,273,263,0,536,49.07,46,8.6,293,89,3,424,P1,204,69.1,21.0,257,130,430,P1,False,A,1,,0,226,
North 24 Parganas,123,N24P-123,111,Health Sub-Centre 111,421,397,1,819,48.47,49,6.0,380,230,8,678,P1,150,56.0,33.9,528,79,674,P1,False,B,3,,0,345,
North 24 Parganas,123,N24P-123,112,Community Hall 112,284,267,1,552,48.37,30,5.4,207,110,7,423,P1,97,48.9,26.0,270,116,429,P1,False,B,3,,0,232,
North 24 Parganas,123,N24P-123,113,Health Sub-Centre 113,371,369,1,741,49.8,66,8.9,287,162,12,564,P1,125,50.9,28.7,297,197,602,P1,False,B,3,,0,312,
North 24 Parganas,123,N24P-123,114,Market Building 114,353,319,0,672,47.47,42,6.2,319,192,2,568,P1,127,56.2,33.8,307,157,516,P1,False,B,3,,0,283,
North 24 Parganas,123,N24P-123,115,Anganwadi Centre 115,326,327,1,654,50.0,50,7.6,262,183,4,529,P1,79,49.5,34.6,349,122,524,P1,False,B,3,,0,275,
North 24 Parganas,123,N24P-123,116,Post Office 116,238,243,0,481,50.52,42,8.7,211,99,7,377,P1,112,56.0,26.3,207,125,369,P1,False,B,3,,0,202,
North 24 Parganas,123,N24P-123,117,Post Office 117,308,277,0,585,47.35,30,5.1,267,121,6,470,P1,146,56.8,25.7,242,111,448,P1,False,B,3,,0,246,
North 24 Parganas,123,N24P-123,118,Club Building 118,276,268,1,545,49.17,34,6.2,311,116,4,474,P1,195,65.6,24.5,205,172,419,P1,False,A,1,,0,229,
North 24 Parganas,123,N24P-123,119,Post Office 119,311,295,1,607,48.6,35,5.8,259,172,6,527,P1,87,49.1,32.6,301,121,469,P1,False,B,3,,0,255,
North 24 Parganas,123,N24P-123,120,Anganwadi Centre 120,304,275,0,579,47.5,41,7.1,291,106,2,441,P1,185,66.0,24.0,280,133,459,P1,False,A,1,,0,244,
North 24 Parganas,123,N24P-123,121,Panchayat Bhavan 121,343,343,1,687,49.93,48,7.0,361,145,2,562,P1,216,64.2,25.8,247,198,576,P1,False,B,3,,0,289,
North 24 Parganas,123,N24P-123,122,Madrasa 122,296,287,1,584,49.14,43,7.4,178,78,10,456,P4,7,39.0,17.1,307,149,507,P1,True,B,3,,0,246,
North 24 Parganas,123,N24P-123,123,Market Building 123,325,312,0,637,48.98,47,7.4,299,201,4,555,P1,98,53.9,36.2,224,159,489,P1,False,B,3,,0,268,
North 24 Parganas,123,N24P-123,124,Panchayat Bhavan 124,270,249,1,520,47.88,31,6.0,261,144,2,450,P1,117,58.0,32.0,234,132,406,P1,False,B,3,,0,219,
North 24 Parganas,123,N24P-123,125,Anganwadi Centre 125,336,327,0,663,49.32,50,7.5,322,141,2,517,P1,181,62.3,27.3,288,176,534,P1,False,B,3,,0,279,
North 24 Parganas,123,N24P-123,126,Post Office 126,302,294,0,596,49.33,50,8.4,265,158,6,493,P1,107,53.8,32.0,289,130,466,P1,False,B,3,,0,251,
North 24 Parganas,123,N24P-123,127,Health Sub-Centre 127,289,278,0,567,49.03,45,7.9,320,123,4,492,P1,197,65.0,25.0,269,117,429,P1,False,B,3,,0,239,
North 24 Parganas,123,N24P-123,128,Club Building 128,387,353,1,741,47.64,44,5.9,295,159,5,565,P1,136,52.2,28.1,342,181,581,P1,False,B,3,,0,312,
North 24 Parganas,123,N24P-123,129,Primary School 129,334,333,1,668,49.85,39,5.8,289,112,17,551,P1,162,52.5,20.3,302,133,575,P1,False,B,3,,0,281,
North 24 Parganas,123,N24P-123,130,Community Hall 130,330,299,1,630,47.46,43,6.8,273,191,4,532,P1,82,51.3,35.9,367,99,517,P1,False,B,3,,0,265,
North 24 Parganas,123,N24P-123,131,Club Building 131,325,311,0,636,48.9,55,8.6,244,120,10,506,P1,118,48.2,23.7,329,146,528,P1,False,B,3,,0,268,
North 24 Parganas,123,N24P-123,132,Panchayat Bhavan 132,317,306,0,623,49.12,37,5.9,278,160,4,521,P1,118,53.4,30.7,314,166,534,P1,False,B,3,,0,262,
North 24 Parganas,123,N24P-123,133,Anganwadi Centre 133,333,319,0,652,48.93,59,9.0,336,147,2,537,P1,189,62.6,27.4,269,158,524,P1,False,B,3,,0,274,
North 24 Parganas,123,N24P-123,134,Temple Hall 134,389,391,1,781,50.06,52,6.7,359,208,10,669,P1,151,53.7,31.1,290,231,596,P1,False,B,3,,0,329,
North 24 Parganas,123,N24P-123,135,Madrasa 135,309,316,0,625,50.56,54,8.6,279,178,4,507,P1,101,55.0,35.1,253,174,485,P1,False,B,3,,0,263,
North 24 Parganas,123,N24P-123,136,Panchayat Bhavan 136,257,244,1,502,48.61,34,6.8,246,119,4,426,P1,127,57.7,27.9,221,123,426,P1,False,B,3,,0,211,
North 24 Parganas,123,N24P-123,137,Market Building 137,406,377,0,783,48.15,71,9.1,392,194,5,682,P1,198,57.5,28.4,393,217,678,P1,False,B,3,,0,330,
North 24 Parganas,123,N24P-123,138,Temple Hall 138,409,388,1,798,48.62,51,6.4,327,281,9,682,P1,46,47.9,41.2,299,154,659,P1,False,B,3,,0,336,
North 24 Parganas,123,N24P-123,139,Health Sub-Centre 139,275,279,0,554,50.36,28,5.1,223,150,5,428,P1,73,52.1,35.0,262,153,475,P1,False,B,3,,0,233,
North 24 Parganas,123,N24P-123,140,Anganwadi Centre 140,288,267,0,555,48.11,48,8.6,256,170,5,473,P1,86,54.1,35.9,252,148,445,P1,False,B,3,,0,234,
North 24 Parganas,123,N24P-123,141,Temple Hall 141,278,271,1,550,49.27,46,8.4,257,107,5,418,P1,150,61.5,25.6,218,117,423,P1,False,B,3,,0,231,
North 24 Parganas,123,N24P-123,142,Community Hall 142,370,366,1,737,49.66,39,5.3,383,170,2,614,P1,213,62.4,27.7,368,191,637,P1,False,B,3,,0,310,
North 24 Parganas,123,N24P-123,143,Club Building 143,329,331,1,661,50.08,48,7.3,274,188,13,573,P1,86,47.8,32.8,251,192,502,P1,False,B,3,,0,278,
North 24 Parganas,123,N24P-123,144,Market Building 144,242,245,0,487,50.31,29,6.0,263,112,3,417,P1,151,63.1,26.9,261,98,399,P1,False,B,3,,0,205,
North 24 Parganas,123,N24P-123,145,Health Sub-Centre 145,400,404,1,805,50.19,68,8.4,380,213,2,659,P1,167,57.7,32.3,497,133,700,P1,False,B,3,,0,339,
North 24 Parganas,123,N24P-123,146,Post Office 146,349,328,0,677,48.45,51,7.5,299,175,5,527,P1,124,56.7,33.2,297,173,522,P1,False,B,3,,0,285,
North 24 Parganas,123,N24P-123,147,Health Sub-Centre 147,390,394,1,785,50.19,58,7.4,391,154,3,605,P1,237,64.6,25.5,305,207,653,P1,False,B,3,,0,330,
North 24 Parganas,123,N24P-123,148,Anganwadi Centre 148,268,270,0,538,50.19,30,5.6,263,147,6,464,P1,116,56.7,31.7,297,110,452,P1,False,B,3,,0,226,
North 24 Parganas,123,N24P-123,149,Community Hall 149,414,393,1,808,48.64,54,6.7,357,242,6,685,P1,115,52.1,35.3,453,111,627,P1,False,B,3,,0,340,
North 24 Parganas,123,N24P-123,150,Post Office 150,371,375,0,746,50.27,56,7.5,338,208,4,625,P1,130,54.1,33.3,244,109,574,P1,False,B,3,,0,314,
North 24 Parganas,123,N24P-123,151,Anganwadi Centre 151,383,349,1,733,47.61,55,7.5,474,59,5,593,P1,415,79.9,9.9,339,172,568,P1,False,A,1,,0,308,
North 24 Parganas,123,N24P-123,152,Anganwadi Centre 152,257,264,0,521,50.67,43,8.3,217,145,4,403,P1,72,53.8,36.0,285,104,432,P1,False,B,3,,0,219,
North 24 Parganas,123,N24P-123,153,Club Building 153,404,376,0,780,48.21,65,8.3,419,167,4,651,P1,252,64.4,25.7,268,163,631,P1,False,B,3,,0,328,
North 24 Parganas,123,N24P-123,154,Post Office 154,326,305,1,632,48.26,55,8.7,270,148,6,480,P1,122,56.2,30.8,297,129,525,P1,False,B,3,,0,266,
North 24 Parganas,123,N24P-123,155,Health Sub-Centre 155,285,277,0,562,49.29,34,6.0,266,136,2,446,P1,130,59.6,30.5,216,107,427,P1,False,B,3,,0,237,
North 24 Parganas,123,N24P-123,156,Primary School 156,362,374,1,737,50.75,48,6.5,352,157,2,566,P1,195,62.2,27.7,377,173,611,P1,False,B,3,,0,310,
North 24 Parganas,123,N24P-123,157,Temple Hall 157,268,270,1,539,50.09,43,8.0,270,140,4,455,P1,130,59.3,30.8,213,133,429,P1,False,B,3,,0,227,
North 24 Parganas,123,N24P-123,158,High School 158,244,236,0,480,49.17,25,5.2,271,65,1,373,P1,206,72.7,17.4,221,125,384,P1,False,A,1,,0,202,
North 24 Parganas,123,N24P-123,159,Post Office 159,391,391,0,782,50.0,61,7.8,408,153,7,623,P1,255,65.5,24.6,325,175,633,P1,False,A,1,,0,329,
North 24 Parganas,123,N24P-123,160,Market Building 160,425,387,0,812,47.66,65,8.0,350,248,3,665,P1,102,52.6,37.3,328,145,630,P1,False,B,3,,0,342,
North 24 Parganas,123,N24P-123,161,Temple Hall 161,416,402,1,819,49.08,52,6.3,432,184,6,689,P1,248,62.7,26.7,383,215,665,P1,False,B,3,,0,345,
North 24 Parganas,123,N24P-123,162,Market Building 162,280,287,0,567,50.62,47,8.3,250,103,11,453,P1,147,55.2,22.7,273,118,451,P1,False,B,3,,0,239,
North 24 Parganas,123,N24P-123,163,Madrasa 163,367,371,1,739,50.2,62,8.4,348,195,3,603,P1,153,57.7,32.3,349,173,580,P1,False,B,3,,0,311,
North 24 Parganas,123,N24P-123,164,Govt Office 164,327,319,0,646,49.38,35,5.4,294,191,5,563,P1,103,52.2,33.9,325,151,529,P1,False,B,3,,0,272,
North 24 Parganas,123,N24P-123,165,High School 165,375,381,1,757,50.33,67,8.9,326,155,6,608,P1,171,53.6,25.5,416,150,628,P1,False,B,3,,0,319,
North 24 Parganas,123,N24P-123,166,Community Hall 166,294,267,1,562,47.51,48,8.5,253,131,3,426,P1,122,59.4,30.8,288,127,473,P1,False,B,3,,0,237,
North 24 Parganas,123,N24P-123,167,Madrasa 167,398,407,1,806,50.5,57,7.1,394,219,3,682,P1,175,57.8,32.1,359,159,613,P1,False,B,3,,0,339,
North 24 Parganas,123,N24P-123,168,Club Building 168,349,347,0,696,49.86,62,8.9,358,126,3,537,P1,232,66.7,23.5,327,195,580,P1,False,A,1,,0,293,
North 24 Parganas,123,N24P-123,169,Post Office 169,343,312,0,655,47.63,53,8.1,281,167,6,498,P1,114,56.4,33.5,355,147,557,P1,False,B,3,,0,276,
North 24 Parganas,123,N24P-123,170,Temple Hall 170,254,238,0,492,48.37,43,8.7,293,88,2,424,P1,205,69.1,20.8,206,163,410,P1,False,A,1,,0,207,
North 24 Parganas,123,N24P-123,171,High School 171,292,270,1,563,47.96,36,6.4,228,166,3,438,P1,62,52.1,37.9,244,159,452,P1,False,B,3,,0,237,
North 24 Parganas,123,N24P-123,172,Primary School 172,409,405,1,815,49.69,55,6.7,491,150,7,712,P1,341,69.0,21.1,356,220,640,P1,False,A,1,,0,343,
North 24 Parganas,123,N24P-123,173,High School 173,336,336,0,672,50.0,37,5.5,312,152,3,517,P1,160,60.3,29.4,303,180,537,P1,False,B,3,,0,283,
North 24 Parganas,123,N24P-123,174,Madrasa 174,290,260,0,550,47.27,44,8.0,244,123,3,452,P1,121,54.0,27.2,277,129,451,P1,False,B,3,,0,231,
North 24 Parganas,123,N24P-123,175,Anganwadi Centre 175,389,354,0,743,47.64,62,8.3,305,202,6,574,P1,103,53.1,35.2,311,186,570,P1,False,B,3,,0,313,
North 24 Parganas,123,N24P-123,176,High School 176,403,398,1,802,49.63,58,7.2,308,220,12,659,P1,88,46.7,33.4,271,212,663,P1,False,B,3,,0,338,
North 24 Parganas,123,N24P-123,177,Market Building 177,398,399,1,798,50.0,59,7.4,319,172,13,687,P1,143,46.4,25.0,365,207,636,P1,False,B,3,,0,336,
North 24 Parganas,123,N24P-123,178,Govt Office 178,287,285,1,573,49.74,31,5.4,294,114,3,454,P1,180,64.8,25.1,261,143,462,P1,False,B,3,,0,241,
North 24 Parganas,123,N24P-123,179,Health Sub-Centre 179,323,291,1,615,47.32,55,8.9,283,170,3,518,P1,113,54.6,32.8,277,153,478,P1,False,B,3,,0,259,
North 24 Parganas,123,N24P-123,180,Madrasa 180,393,376,0,769,48.89,45,5.9,383,168,9,661,P1,215,57.9,25.4,397,185,647,P1,False,B,3,,0,324,
North 24 Parganas,123,N24P-123,181,Madrasa 181,411,372,1,784,47.45,70,8.9,387,208,6,661,P1,179,58.5,31.5,481,131,679,P1,False,B,3,,0,330,
North 24 Parganas,123,N24P-123,182,Anganwadi Centre 182,279,281,0,560,50.18,47,8.4,271,157,5,481,P1,114,56.3,32.6,257,138,463,P1,False,B,3,,0,236,
North 24 Parganas,123,N24P-123,183,Govt Office 183,359,345,0,704,49.01,46,6.5,363,176,6,599,P1,187,60.6,29.4,331,192,581,P1,False,B,3,,0,296,
North 24 Parganas,123,N24P-123,184,Madrasa 184,336,329,1,666,49.4,50,7.5,345,118,6,515,P1,227,67.0,22.9,352,110,514,P1,False,A,1,,0,280,
North 24 Parganas,123,N24P-123,185,Community Hall 185,381,384,1,766,50.13,50,6.5,375,176,3,626,P1,199,59.9,28.1,252,205,581,P1,False,B,3,,0,322,
North 24 Parganas,123,N24P-123,186,Madrasa 186,287,262,0,549,47.72,40,7.3,209,70,12,434,P1,70,48.2,16.1,289,125,460,P1,False,B,3,,0,231,
North 24 Parganas,123,N24P-123,187,Govt Office 187,315,314,1,630,49.84,49,7.8,275,180,4,547,P1,95,50.3,32.9,382,96,531,P1,False,B,3,,0,265,
North 24 Parganas,123,N24P-123,188,Post Office 188,405,369,1,775,47.61,46,5.9,448,110,4,620,P1,338,72.3,17.7,332,251,647,P1,False,A,1,,0,326,
North 24 Parganas,123,N24P-123,189,Market Building 189,311,290,1,602,48.17,36,6.0,314,139,2,504,P1,175,62.3,27.6,274,149,470,P1,False,B,3,,0,253,
North 24 Parganas,123,N24P-123,190,Temple Hall 190,306,293,1,600,48.83,33,5.5,356,72,2,475,P1,284,74.9,15.2,281,141,508,P1,False,A,1,,0,253,
North 24 Parganas,123,N24P-123,191,Primary School 191,308,282,0,590,47.8,44,7.5,232,117,7,451,P1,115,51.4,25.9,243,144,480,P1,False,B,3,,0,248,
North 24 Parganas,123,N24P-123,192,Anganwadi Centre 192,420,380,0,800,47.5,65,8.1,323,191,10,679,P1,132,47.6,28.1,351,180,636,P1,False,B,3,,0,337,
North 24 Parganas,123,N24P-123,193,Post Office 193,325,335,1,661,50.68,59,8.9,240,229,4,543,P1,11,44.2,42.2,276,169,507,P1,False,B,3,,0,278,
North 24 Parganas,124,N24P-124,1,Market Building 1,300,275,1,576,47.74,33,5.7,274,144,4,479,P1,130,57.2,30.1,282,115,441,P1,False,B,3,,0,242,
North 24 Parganas,124,N24P-124,2,Govt Office 2,277,263,1,541,48.61,27,5.0,287,127,5,459,P1,160,62.5,27.7,261,130,434,P1,False,B,3,,0,228,
North 24 Parganas,124,N24P-124,3,Market Building 3,255,260,1,516,50.39,23,4.5,190,135,6,400,P1,55,47.5,33.8,189,104,429,P1,False,B,3,,0,217,
North 24 Parganas,124,N24P-124,4,Panchayat Bhavan 4,373,348,1,722,48.2,45,6.2,324,167,4,546,P1,157,59.3,30.6,305,167,616,P1,False,B,3,,0,304,
North 24 Parganas,124,N24P-124,5,Primary School 5,379,354,1,734,48.23,48,6.5,339,230,2,638,P1,109,53.1,36.1,314,192,563,P1,False,B,3,,0,309,
North 24 Parganas,124,N24P-124,6,Club Building 6,303,298,0,601,49.58,37,6.2,293,138,5,479,P1,155,61.2,28.8,301,146,503,P1,False,B,3,,0,253,
North 24 Parganas,124,N24P-124,7,Market Building 7,353,327,1,681,48.02,51,7.5,334,186,3,578,P1,148,57.8,32.2,278,168,528,P1,False,B,3,,0,287,
North 24 Parganas,124,N24P-124,8,High School 8,264,242,1,507,47.73,28,5.5,220,103,3,403,P1,117,54.6,25.6,327,70,441,P1,False,B,3,,0,213,
North 24 Parganas,124,N24P-124,9,Primary School 9,367,345,1,713,48.39,46,6.5,315,199,5,571,P1,116,55.2,34.9,393,115,565,P1,False,B,3,,0,300,
North 24 Parganas,124,N24P-124,10,Health Sub-Centre 10,338,312,0,650,48.0,42,6.5,285,194,6,533,P1,91,53.5,36.4,290,188,554,P1,False,B,3,,0,274,
North 24 Parganas,124,N24P-124,11,Health Sub-Centre 11,406,393,1,800,49.12,52,6.5,385,162,13,677,P1,223,56.9,23.9,396,168,626,P1,False,B,3,,0,337,
North 24 Parganas,124,N24P-124,12,Club Building 12,336,309,1,646,47.83,34,5.3,310,172,5,536,P1,138,57.8,32.1,325,158,545,P1,False,B,3,,0,272,
North 24 Parganas,124,N24P-124,13,Community Hall 13,277,265,1,543,48.8,42,7.7,234,105,3,433,P1,129,54.0,24.2,262,155,463,P1,False,B,3,,0,229,
North 24 Parganas,124,N24P-124,14,Community Hall 14,364,329,0,693,47.47,39,5.6,324,207,6,590,P1,117,54.9,35.1,299,244,604,P1,False,B,3,,0,292,
North 24 Parganas,124,N24P-124,15,Health Sub-Centre 15,277,248,1,526,47.15,40,7.6,278,116,4,437,P1,162,63.6,26.5,268,113,435,P1,False,B,3,,0,221,
North 24 Parganas,124,N24P-124,16,Primary School 16,398,366,1,765,47.84,34,4.4,425,103,3,587,P1,322,72.4,17.5,299,217,615,P1,False,A,1,,0,322,
North 24 Parganas,124,N24P-124,17,High School 17,308,291,1,600,48.5,40,6.7,253,211,3,515,P1,42,49.1,41.0,281,138,506,P1,False,B,3,,0,253,
North 24 Parganas,124,N24P-124,18,Community Hall 18,395,385,1,781,49.3,44,5.6,357,168,6,592,P1,189,60.3,28.4,419,119,597,P1,False,B,3,,0,329,
North 24 Parganas,124,N24P-124,19,Anganwadi Centre 19,344,309,0,653,47.32,49,7.5,315,191,3,562,P1,124,56.0,34.0,316,127,519,P1,False,B,3,,0,275,
North 24 Parganas,124,N24P-124,20,Market Building 20,380,343,1,724,47.38,39,5.4,346,166,7,586,P1,180,59.0,28.3,304,188,560,P1,False,B,3,,0,305,
North 24 Parganas,124,N24P-124,21,Market Building 21,321,290,1,612,47.39,32,5.2,276,182,7,531,P1,94,52.0,34.3,238,128,471,P1,False,B,3,,0,258,
North 24 Parganas,124,N24P-124,22,Panchayat Bhavan 22,260,255,1,516,49.42,31,6.0,196,110,7,419,P1,86,46.8,26.3,242,153,450,P1,False,B,3,,0,217,
North 24 Parganas,124,N24P-124,23,High School 23,309,318,0,627,50.72,39,6.2,209,131,11,484,P1,78,43.2,27.1,295,155,500,P1,False,B,3,,0,264,
North 24 Parganas,124,N24P-124,24,Market Building 24,320,325,1,646,50.31,34,5.3,333,163,4,551,P1,170,60.4,29.6,312,171,549,P1,False,B,3,,0,272,
North 24 Parganas,124,N24P-124,25,Market Building 25,338,312,1,651,47.93,47,7.2,359,142,7,557,P1,217,64.5,25.5,306,160,522,P1,False,B,3,,0,274,
North 24 Parganas,124,N24P-124,26,Health Sub-Centre 26,246,248,1,495,50.1,24,4.8,280,100,5,423,P1,180,66.2,23.6,254,106,400,P1,False,A,1,,0,208,
North 24 Parganas,124,N24P-124,27,Health Sub-Centre 27,301,272,1,574,47.39,28,4.9,310,104,2,461,P1,206,67.2,22.6,296,148,494,P1,False,A,1,,0,242,
North 24 Parganas,124,N24P-124,28,Health Sub-Centre 28,268,244,0,512,47.66,39,7.6,271,105,4,417,P1,166,65.0,25.2,198,153,426,P1,False,B,3,,0,215,
North 24 Parganas,124,N24P-124,29,Panchayat Bhavan 29,402,410,1,813,50.43,50,6.2,386,224,4,700,P1,162,55.1,32.0,372,156,653,P1,False,B,3,,0,342,
North 24 Parganas,124,N24P-124,30,Market Building 30,281,254,1,536,47.39,42,7.8,258,126,3,431,P1,132,59.9,29.2,245,131,418,P1,False,B,3,,0,226,
North 24 Parganas,124,N24P-124,31,Madrasa 31,412,385,0,797,48.31,43,5.4,421,136,4,619,P1,285,68.0,22.0,451,129,645,P1,False,A,1,,0,335,
North 24 Parganas,124,N24P-124,32,Community Hall 32,285,260,0,545,47.71,39,7.2,266,143,4,454,P1,123,58.6,31.5,289,129,464,P1,False,B,3,,0,229,
North 24 Parganas,124,N24P-124,33,Health Sub-Centre 33,323,324,0,647,50.08,28,4.3,230,158,4,496,P1,72,46.4,31.9,337,168,561,P1,False,B,3,,0,272,
North 24 Parganas,124,N24P-124,34,High School 34,393,375,1,769,48.76,40,5.2,376,173,3,610,P1,203,61.6,28.4,287,226,661,P1,False,B,3,,0,324,
North 24 Parganas,124,N24P-124,35,Club Building 35,301,289,1,591,48.9,37,6.3,319,131,3,500,P1,188,63.8,26.2,275,160,489,P1,False,B,3,,0,249,
North 24 Parganas,124,N24P-124,36,Club Building 36,379,340,0,719,47.29,41,5.7,333,194,7,613,P1,139,54.3,31.6,381,149,624,P1,False,B,3,,0,303,
North 24 Parganas,124,N24P-124,37,Temple Hall 37,248,236,1,485,48.66,21,4.3,240,127,4,408,P1,113,58.8,31.1,231,135,407,P1,False,B,3,,0,204,
North 24 Parganas,124,N24P-124,38,Primary School 38,255,254,1,510,49.8,22,4.3,227,121,3,387,P1,106,58.7,31.3,270,91,401,P1,False,B,3,,0,215,
North 24 Parganas,124,N24P-124,39,Govt Office 39,347,314,0,661,47.5,44,6.7,327,189,5,573,P1,138,57.1,33.0,345,160,561,P1,False,B,3,,0,278,
North 24 Parganas,124,N24P-124,40,Temple Hall 40,382,380,0,762,49.87,44,5.8,466,129,5,662,P1,337,70.4,19.5,350,157,586,P1,False,A,1,,0,321,
North 24 Parganas,124,N24P-124,41,Primary School 41,266,262,1,529,49.53,41,7.8,330,84,4,459,P1,246,71.9,18.3,283,100,426,P1,False,A,1,,0,223,
North 24 Parganas,124,N24P-124,42,Panchayat Bhavan 42,359,352,1,712,49.44,30,4.2,292,189,5,587,P1,103,49.7,32.2,376,135,568,P1,False,B,3,,0,300,
North 24 Parganas,124,N24P-124,43,Madrasa 43,366,378,0,744,50.81,33,4.4,283,241,10,611,P1,42,46.3,39.4,374,144,575,P1,False,B,3,,0,313,
North 24 Parganas,124,N24P-124,44,Temple Hall 44,312,283,0,595,47.56,29,4.9,265,118,8,463,P1,147,57.2,25.5,285,129,460,P1,False,B,3,,0,250,
North 24 Parganas,124,N24P-124,45,High School 45,274,279,1,554,50.36,25,4.5,269,101,6,432,P1,168,62.3,23.4,285,130,464,P1,False,B,3,,0,233,
North 24 Parganas,124,N24P-124,46,Govt Office 46,326,332,1,659,50.38,33,5.0,322,159,4,535,P1,163,60.2,29.7,326,168,559,P1,False,B,3,,0,277,
North 24 Parganas,124,N24P-124,47,High School 47,289,270,0,559,48.3,37,6.6,278,144,5,469,P1,134,59.3,30.7,298,103,446,P1,False,B,3,,0,235,
North 24 Parganas,124,N24P-124,48,Community Hall 48,300,307,0,607,50.58,33,5.4,292,132,5,471,P1,160,62.0,28.0,250,200,502,P1,False,B,3,,0,255,
North 24 Parganas,124,N24P-124,49,Govt Office 49,380,382,0,762,50.13,45,5.9,322,229,5,612,P1,93,52.6,37.4,347,176,581,P1,False,B,3,,0,321,
North 24 Parganas,124,N24P-124,50,Club Building 50,347,345,0,692,49.86,51,7.4,304,182,11,585,P1,122,52.0,31.1,326,197,581,P1,False,B,3,,0,291,
North 24 Parganas,124,N24P-124,51,Madrasa 51,340,329,0,669,49.18,37,5.5,347,138,2,538,P1,209,64.5,25.7,321,159,533,P1,False,B,3,,0,282,
North 24 Parganas,124,N24P-124,52,Health Sub-Centre 52,420,385,0,805,47.83,48,6.0,315,233,13,687,P1,82,45.9,33.9,329,223,613,P1,False,B,3,,0,339,
North 24 Parganas,124,N24P-124,53,Health Sub-Centre 53,289,294,1,584,50.34,25,4.3,268,158,2,473,P1,110,56.7,33.4,278,127,449,P1,False,B,3,,0,246,
North 24 Parganas,124,N24P-124,54,Temple Hall 54,392,367,0,759,48.35,33,4.3,354,226,4,644,P1,128,55.0,35.1,309,222,649,P1,False,B,3,,0,319,
North 24 Parganas,124,N24P-124,55,Madrasa 55,339,349,1,689,50.65,35,5.1,376,94,3,522,P1,282,72.0,18.0,345,174,599,P1,False,A,1,,0,290,
North 24 Parganas,124,N24P-124,56,Post Office 56,349,337,1,687,49.05,54,7.9,289,195,8,568,P1,94,50.9,34.3,346,130,529,P1,False,B,3,,0,289,
North 24 Parganas,124,N24P-124,57,High School 57,250,256,0,506,50.59,33,6.5,243,103,4,385,P1,140,63.1,26.8,238,159,441,P1,False,B,3,,0,213,
North 24 Parganas,124,N24P-124,58,Madrasa 58,409,387,1,797,48.56,50,6.3,371,198,6,632,P1,173,58.7,31.3,423,149,635,P1,False,B,3,,0,335,
North 24 Parganas,124,N24P-124,59,Anganwadi Centre 59,403,366,0,769,47.59,60,7.8,421,165,2,651,P1,256,64.7,25.3,337,161,667,P1,False,B,3,,0,324,
North 24 Parganas,124,N24P-124,60,Anganwadi Centre 60,301,307,1,609,50.41,37,6.1,257,154,9,527,P1,103,48.8,29.2,273,128,480,P1,False,B,3,,0,256,
North 24 Parganas,124,N24P-124,61,Madrasa 61,311,279,1,591,47.21,42,7.1,382,73,5,506,P1,309,75.5,14.4,264,156,467,P1,False,A,1,,0,249,
North 24 Parganas,124,N24P-124,62,Community Hall 62,353,358,1,712,50.28,38,5.3,292,154,6,567,P1,138,51.5,27.2,359,159,575,P1,False,B,3,,0,300,
North 24 Parganas,124,N24P-124,63,Temple Hall 63,396,389,0,785,49.55,40,5.1,434,138,7,635,P1,296,68.3,21.7,526,66,657,P1,False,A,1,,0,330,
North 24 Parganas,124,N24P-124,64,Primary School 64,282,284,0,566,50.18,32,5.7,240,158,4,442,P1,82,54.3,35.7,246,150,491,P1,False,B,3,,0,238,
North 24 Parganas,124,N24P-124,65,High School 65,360,364,1,725,50.21,34,4.7,345,148,2,548,P1,197,63.0,27.0,400,103,558,P1,False,B,3,,0,305,
North 24 Parganas,124,N24P-124,66,Market Building 66,321,316,1,638,49.53,36,5.6,293,138,7,506,P1,155,57.9,27.3,304,121,550,P1,False,B,3,,0,268,
North 24 Parganas,124,N24P-124,67,Health Sub-Centre 67,250,246,0,496,49.6,21,4.2,246,105,4,390,P1,141,63.1,26.9,226,121,385,P1,False,B,3,,0,209,
North 24 Parganas,124,N24P-124,68,High School 68,367,329,0,696,47.27,30,4.3,371,151,6,580,P1,220,64.0,26.0,295,206,561,P1,False,B,3,,0,293,
North 24 Parganas,124,N24P-124,69,Anganwadi Centre 69,383,355,1,739,48.04,39,5.3,340,184,6,622,P1,156,54.7,29.6,313,194,564,P1,False,B,3,,0,311,
North 24 Parganas,124,N24P-124,70,Health Sub-Centre 70,271,243,0,514,47.28,37,7.2,209,114,11,413,P1,95,50.6,27.6,245,128,415,P1,False,B,3,,0,216,
North 24 Parganas,124,N24P-124,71,Post Office 71,400,387,0,787,49.17,49,6.2,367,233,5,671,P1,134,54.7,34.7,369,197,641,P1,False,B,3,,0,331,
North 24 Parganas,124,N24P-124,72,Primary School 72,395,355,0,750,47.33,58,7.7,361,155,4,573,P1,206,63.0,27.1,421,139,622,P1,False,B,3,,0,316,
North 24 Parganas,124,N24P-124,73,Community Hall 73,319,305,1,625,48.8,43,6.9,301,154,4,528,P1,147,57.0,29.2,326,112,486,P1,False,B,3,,0,263,
North 24 Parganas,124,N24P-124,74,Market Building 74,316,293,0,609,48.11,45,7.4,336,136,5,527,P1,200,63.8,25.8,228,180,473,P1,False,B,3,,0,256,
North 24 Parganas,124,N24P-124,75,Govt Office 75,281,266,1,548,48.54,30,5.5,262,104,6,415,P1,158,63.1,25.1,360,68,475,P1,False,B,3,,0,231,
North 24 Parganas,124,N24P-124,76,Anganwadi Centre 76,259,266,0,525,50.67,32,6.1,200,116,5,405,P1,84,49.4,28.6,228,145,434,P1,False,B,3,,0,221,
North 24 Parganas,124,N24P-124,77,Primary School 77,341,308,0,649,47.46,49,7.6,292,150,6,494,P1,142,59.1,30.4,310,182,559,P1,False,B,3,,0,273,
North 24 Parganas,124,N24P-124,78,Club Building 78,399,371,0,770,48.18,57,7.4,403,140,7,631,P1,263,63.9,22.2,376,182,620,P1,False,B,3,,0,324,
North 24 Parganas,124,N24P-124,79,High School 79,328,333,0,661,50.38,43,6.5,396,90,6,540,P1,306,73.3,16.7,295,119,546,P1,False,A,1,,0,278,
North 24 Parganas,124,N24P-124,80,Community Hall 80,355,333,0,688,48.4,31,4.5,325,116,7,534,P1,209,60.9,21.7,446,92,598,P1,False,B,3,,0,290,
North 24 Parganas,124,N24P-124,81,Primary School 81,366,336,0,702,47.86,33,4.7,402,135,5,597,P1,267,67.3,22.6,322,171,576,P1,False,A,1,,0,295,
North 24 Parganas,124,N24P-124,82,Market Building 82,245,237,1,483,49.07,23,4.8,242,96,3,417,P1,146,58.0,23.0,210,102,383,P1,False,B,3,,0,203,
North 24 Parganas,124,N24P-124,83,Community Hall 83,359,336,0,695,48.35,50,7.2,332,174,6,562,P1,158,59.1,31.0,276,158,541,P1,False,B,3,,0,292,
North 24 Parganas,124,N24P-124,84,Govt Office 84,307,294,1,602,48.84,35,5.8,320,90,4,456,P1,230,70.2,19.7,258,122,473,P1,False,A,1,,0,253,
North 24 Parganas,124,N24P-124,85,Madrasa 85,292,268,1,561,47.77,28,5.0,235,128,4,441,P1,107,53.3,29.0,268,136,449,P1,False,B,3,,0,236,
North 24 Parganas,124,N24P-124,86,High School 86,349,350,0,699,50.07,39,5.6,300,160,9,540,P1,140,55.6,29.6,407,122,588,P1,False,B,3,,0,294,
North 24 Parganas,124,N24P-124,87,Community Hall 87,315,306,1,622,49.2,29,4.7,347,136,5,537,P1,211,64.6,25.3,336,99,484,P1,False,B,3,,0,262,
North 24 Parganas,124,N24P-124,88,Temple Hall 88,383,371,0,754,49.2,48,6.4,362,161,4,581,P1,201,62.3,27.7,376,168,604,P1,False,B,3,,0,317,
North 24 Parganas,124,N24P-124,89,Club Building 89,380,351,1,732,47.95,43,5.9,245,188,5,567,P1,57,43.2,33.2,355,167,580,P1,False,B,3,,0,308,
North 24 Parganas,124,N24P-124,90,Panchayat Bhavan 90,261,255,0,516,49.42,37,7.2,270,128,3,442,P1,142,61.1,29.0,237,117,393,P1,False,B,3,,0,217,
North 24 Parganas,124,N24P-124,91,Panchayat Bhavan 91,349,359,1,709,50.63,54,7.6,307,143,6,562,P1,164,54.6,25.4,297,238,594,P1,False,B,3,,0,298,
North 24 Parganas,124,N24P-124,92,Madrasa 92,275,250,0,525,47.62,35,6.7,215,115,6,415,P1,100,51.8,27.7,255,122,419,P1,False,B,3,,0,221,
North 24 Parganas,124,N24P-124,93,Anganwadi Centre 93,288,289,1,578,50.0,41,7.1,262,131,6,449,P1,131,58.4,29.2,231,150,440,P1,False,B,3,,0,243,
North 24 Parganas,124,N24P-124,94,High School 94,307,284,1,592,47.97,43,7.3,310,147,5,508,P1,163,61.0,28.9,254,140,462,P1,False,B,3,,0,249,
North 24 Parganas,124,N24P-124,95,Anganwadi Centre 95,330,326,1,657,49.62,30,4.6,250,104,6,510,P1,106,49.0,20.4,351,110,512,P1,False,B,3,,0,276,
North 24 Parganas,124,N24P-124,96,Post Office 96,326,294,0,620,47.42,40,6.5,314,109,5,523,P1,205,60.0,20.8,279,156,484,P1,False,B,3,,0,261,
North 24 Parganas,124,N24P-124,97,Post Office 97,303,311,1,615,50.57,47,7.6,259,163,5,469,P1,96,55.2,34.8,359,114,526,P1,False,B,3,,0,259,
North 24 Parganas,124,N24P-124,98,Anganwadi Centre 98,284,263,1,548,47.99,37,6.8,229,165,9,475,P1,64,48.2,34.7,247,146,437,P1,False,B,3,,0,231,
North 24 Parganas,124,N24P-124,99,High School 99,380,367,0,747,49.13,52,7.0,347,216,3,626,P1,131,55.4,34.5,315,203,575,P1,False,B,3,,0,314,
North 24 Parganas,124,N24P-124,100,High School 100,369,379,0,748,50.67,36,4.8,360,176,3,596,P1,184,60.4,29.5,348,228,641,P1,False,B,3,,0,315,
North 24 Parganas,124,N24P-124,101,Madrasa 101,258,246,0,504,48.81,25,5.0,265,114,2,421,P1,151,62.9,27.1,261,116,419,P1,False,B,3,,0,212,
North 24 Parganas,124,N24P-124,102,Health Sub-Centre 102,383,391,1,775,50.45,49,6.3,364,180,7,623,P1,184,58.4,28.9,305,218,632,P1,False,B,3,,0,326,
North 24 Parganas,124,N24P-124,103,Primary School 103,412,404,1,817,49.45,37,4.5,450,108,3,620,P1,342,72.6,17.4,343,220,625,P1,False,A,1,,0,344,
North 24 Parganas,124,N24P-124,104,Temple Hall 104,318,290,0,608,47.7,39,6.4,266,116,3,464,P1,150,57.3,25.0,342,127,521,P1,False,B,3,,0,256,
North 24 Parganas,124,N24P-124,105,Anganwadi Centre 105,348,355,1,704,50.43,49,7.0,345,158,4,559,P1,187,61.7,28.3,293,180,577,P1,False,B,3,,0,296,
North 24 Parganas,124,N24P-124,106,Govt Office 106,351,337,0,688,48.98,33,4.8,350,171,3,593,P1,179,59.0,28.8,281,141,547,P1,False,B,3,,0,290,
North 24 Parganas,124,N24P-124,107,Club Building 107,332,338,1,671,50.37,31,4.6,300,160,5,534,P1,140,56.2,30.0,308,157,532,P1,False,B,3,,0,282,
North 24 Parganas,124,N24P-124,108,Primary School 108,244,250,1,495,50.51,22,4.4,241,148,2,432,P1,93,55.8,34.3,240,117,396,P1,False,B,3,,0,208,
North 24 Parganas,124,N24P-124,109,Panchayat Bhavan 109,289,280,1,570,49.12,38,6.7,298,143,2,490,P1,155,60.8,29.2,316,122,487,P1,False,B,3,,0,240,
North 24 Parganas,124,N24P-124,110,Health Sub-Centre 110,365,368,0,733,50.2,36,4.9,294,168,7,564,P1,126,52.1,29.8,329,179,564,P1,False,B,3,,0,308,
North 24 Parganas,124,N24P-124,111,Govt Office 111,254,240,0,494,48.58,32,6.5,248,104,5,391,P1,144,63.4,26.6,232,131,403,P1,False,B,3,,0,208,
North 24 Parganas,124,N24P-124,112,Govt Office 112,276,262,1,539,48.61,33,6.1,245,124,7,462,P1,121,53.0,26.8,239,145,445,P1,False,B,3,,0,227,
North 24 Parganas,124,N24P-124,113,Health Sub-Centre 113,404,383,1,788,48.6,36,4.6,312,217,10,627,P1,95,49.8,34.6,348,181,661,P1,False,B,3,,0,332,
North 24 Parganas,124,N24P-124,114,Post Office 114,401,401,0,802,50.0,42,5.2,420,197,5,686,P1,223,61.2,28.7,351,248,679,P1,False,B,3,,0,338,
North 24 Parganas,124,N24P-124,115,Market Building 115,310,287,0,597,48.07,30,5.0,301,116,9,521,P1,185,57.8,22.3,304,115,466,P1,False,B,3,,0,251,
North 24 Parganas,124,N24P-124,116,Temple Hall 116,320,294,1,615,47.8,44,7.2,264,203,4,519,P1,61,50.9,39.1,325,150,527,P1,False,B,3,,0,259,
North 24 Parganas,124,N24P-124,117,Market Building 117,326,303,0,629,48.17,33,5.2,224,144,6,495,P1,80,45.3,29.1,238,151,505,P1,False,B,3,,0,265,
North 24 Parganas,124,N24P-124,118,Health Sub-Centre 118,411,403,1,815,49.45,41,5.0,305,229,10,638,P1,76,47.8,35.9,355,197,625,P1,False,B,3,,0,343,
North 24 Parganas,124,N24P-124,119,Govt Office 119,380,369,0,749,49.27,38,5.1,342,142,15,612,P1,200,55.9,23.2,277,236,570,P1,False,B,3,,0,315,
North 24 Parganas,124,N24P-124,120,Panchayat Bhavan 120,261,255,0,516,49.42,25,4.8,249,102,3,390,P1,147,63.8,26.2,288,109,441,P1,False,B,3,,0,217,
North 24 Parganas,124,N24P-124,121,Govt Office 121,244,251,1,496,50.6,32,6.5,251,101,5,412,P1,150,60.9,24.5,206,139,384,P1,False,B,3,,0,209,
North 24 Parganas,124,N24P-124,122,Panchayat Bhavan 122,269,258,1,528,48.86,34,6.4,260,102,5,402,P1,158,64.7,25.4,231,134,446,P1,False,B,3,,0,222,
North 24 Parganas,124,N24P-124,123,Club Building 123,311,321,1,633,50.71,32,5.1,268,122,9,483,P1,146,55.5,25.3,258,160,542,P1,False,B,3,,0,266,
North 24 Parganas,124,N24P-124,124,Community Hall 124,302,306,0,608,50.33,34,5.6,289,102,6,491,P1,187,58.9,20.8,338,107,502,P1,False,B,3,,0,256,
North 24 Parganas,124,N24P-124,125,Primary School 125,327,311,1,639,48.67,34,5.3,292,149,3,490,P1,143,59.6,30.4,292,140,526,P1,False,B,3,,0,269,
North 24 Parganas,124,N24P-124,126,High School 126,320,317,1,638,49.69,47,7.4,255,176,4,495,P1,79,51.5,35.6,290,202,548,P1,False,B,3,,0,268,
North 24 Parganas,124,N24P-124,127,Club Building 127,340,347,0,687,50.51,39,5.7,343,162,10,591,P1,181,58.0,27.4,374,156,589,P1,False,B,3,,0,289,
North 24 Parganas,124,N24P-124,128,Community Hall 128,409,407,1,817,49.82,51,6.2,405,218,3,693,P1,187,58.4,31.5,434,182,699,P1,False,B,3,,0,344,
North 24 Parganas,124,N24P-124,129,Primary School 129,270,258,0,528,48.86,27,5.1,226,142,5,409,P1,84,55.3,34.7,255,151,459,P1,False,B,3,,0,222,
North 24 Parganas,124,N24P-124,130,Community Hall 130,308,285,0,593,48.06,40,6.7,255,111,5,459,P1,144,55.6,24.2,303,112,461,P1,False,B,3,,0,250,
North 24 Parganas,124,N24P-124,131,High School 131,365,340,0,705,48.23,41,5.8,401,116,2,574,P1,285,69.9,20.2,310,199,582,P1,False,A,1,,0,297,
North 24 Parganas,124,N24P-124,132,Club Building 132,274,273,0,547,49.91,29,5.3,234,163,3,441,P1,71,53.1,37.0,263,145,453,P1,False,B,3,,0,230,
North 24 Parganas,124,N24P-124,133,Temple Hall 133,360,322,0,682,47.21,35,5.1,309,209,3,578,P1,100,53.5,36.2,410,87,552,P1,False,B,3,,0,287,
North 24 Parganas,124,N24P-124,134,Anganwadi Centre 134,376,377,1,754,50.0,55,7.3,345,159,6,587,P1,186,58.8,27.1,345,137,648,P1,False,B,3,,0,317,
North 24 Parganas,124,N24P-124,135,Market Building 135,242,241,0,483,49.9,37,7.7,246,114,2,409,P1,132,60.1,27.9,196,116,400,P1,False,B,3,,0,203,
North 24 Parganas,124,N24P-124,136,Post Office 136,386,348,0,734,47.41,53,7.2,236,183,12,568,P1,53,41.5,32.2,400,176,641,P1,False,B,3,,0,309,
North 24 Parganas,124,N24P-124,137,Post Office 137,286,266,0,552,48.19,39,7.1,312,119,4,479,P1,193,65.1,24.8,273,106,422,P1,False,A,1,,0,232,
North 24 Parganas,124,N24P-124,138,Post Office 138,336,311,1,648,47.99,46,7.1,375,85,3,511,P1,290,73.4,16.6,324,154,531,P1,False,A,1,,0,273,
North 24 Parganas,124,N24P-124,139,Club Building 139,288,265,1,554,47.83,36,6.5,284,116,4,445,P1,168,63.8,26.1,253,125,432,P1,False,B,3,,0,233,
North 24 Parganas,124,N24P-124,140,Health Sub-Centre 140,367,339,1,707,47.95,41,5.8,376,108,5,538,P1,268,69.9,20.1,358,183,602,P1,False,A,1,,0,298,
North 24 Parganas,124,N24P-124,141,Temple Hall 141,347,356,0,703,50.64,41,5.8,331,132,8,562,P1,199,58.9,23.5,322,168,552,P1,False,B,3,,0,296,
North 24 Parganas,124,N24P-124,142,Health Sub-Centre 142,324,322,0,646,49.85,31,4.8,328,126,5,504,P1,202,65.1,25.0,318,135,503,P1,False,A,1,,0,272,
North 24 Parganas,124,N24P-124,143,Community Hall 143,334,335,1,670,50.0,32,4.8,322,142,2,516,P1,180,62.4,27.5,344,163,564,P1,False,B,3,,0,282,
North 24 Parganas,124,N24P-124,144,Temple Hall 144,406,367,1,774,47.42,36,4.7,405,187,5,658,P1,218,61.6,28.4,469,132,668,P1,False,B,3,,0,326,
North 24 Parganas,124,N24P-124,145,Post Office 145,349,329,1,679,48.45,32,4.7,317,118,10,521,P1,199,60.8,22.6,321,149,581,P1,False,B,3,,0,286,
North 24 Parganas,124,N24P-124,146,Govt Office 146,407,372,0,779,47.75,60,7.7,362,185,4,608,P1,177,59.5,30.4,390,184,638,P1,False,B,3,,0,328,
North 24 Parganas,124,N24P-124,147,Govt Office 147,370,334,1,705,47.38,47,6.7,399,142,2,601,P1,257,66.4,23.6,258,170,592,P1,False,A,1,,0,297,
North 24 Parganas,124,N24P-124,148,Health Sub-Centre 148,360,327,0,687,47.6,44,6.4,367,141,2,564,P1,226,65.1,25.0,319,172,600,P1,False,A,1,,0,289,
North 24 Parganas,124,N24P-124,149,Health Sub-Centre 149,354,339,1,694,48.85,37,5.3,416,109,6,583,P1,307,71.4,18.7,322,193,591,P1,False,A,1,,0,292,
North 24 Parganas,124,N24P-124,150,Govt Office 150,299,303,1,603,50.25,35,5.8,328,104,4,484,P1,224,67.8,21.5,257,140,481,P1,False,A,1,,0,254,
North 24 Parganas,124,N24P-124,151,Community Hall 151,242,250,1,493,50.71,22,4.5,223,136,2,399,P1,87,55.9,34.1,242,132,416,P1,False,B,3,,0,207,
North 24 Parganas,124,N24P-124,152,Community Hall 152,381,375,1,757,49.54,43,5.7,294,217,6,582,P1,77,50.5,37.3,320,167,577,P1,False,B,3,,0,319,
North 24 Parganas,124,N24P-124,153,Govt Office 153,376,340,0,716,47.49,46,6.4,418,74,3,547,P1,344,76.4,13.5,338,140,547,P1,False,A,1,,0,301,
North 24 Parganas,124,N24P-124,154,Temple Hall 154,423,397,0,820,48.41,48,5.9,408,193,3,668,P1,215,61.1,28.9,401,195,662,P1,False,B,3,,0,345,
North 24 Parganas,124,N24P-124,155,Community Hall 155,392,387,0,779,49.68,56,7.2,383,218,4,667,P1,165,57.4,32.7,349,225,643,P1,False,B,3,,0,328,
North 24 Parganas,124,N24P-124,156,Primary School 156,379,384,0,763,50.33,55,7.2,396,161,5,618,P1,235,64.1,26.1,347,246,666,P1,False,B,3,,0,321,
North 24 Parganas,124,N24P-124,157,Club Building 157,257,241,0,498,48.39,22,4.4,254,107,4,401,P1,147,63.3,26.7,202,141,382,P1,False,B,3,,0,210,
North 24 Parganas,124,N24P-124,158,Anganwadi Centre 158,272,280,1,553,50.63,31,5.6,284,93,4,419,P1,191,67.8,22.2,307,87,437,P1,False,A,1,,0,233,
North 24 Parganas,124,N24P-124,159,Temple Hall 159,271,267,0,538,49.63,28,5.2,272,143,2,461,P1,129,59.0,31.0,319,70,433,P1,False,B,3,,0,226,
North 24 Parganas,124,N24P-124,160,Primary School 160,406,403,0,809,49.81,55,6.8,312,151,12,628,P1,161,49.7,24.0,396,230,702,P1,False,B,3,,0,340,
North 24 Parganas,124,N24P-124,161,Health Sub-Centre 161,333,322,0,655,49.16,28,4.3,274,169,2,505,P1,105,54.3,33.5,330,164,549,P1,False,B,3,,0,276,
North 24 Parganas,124,N24P-124,162,Community Hall 162,370,365,0,735,49.66,42,5.7,363,172,7,615,P1,191,59.0,28.0,280,211,582,P1,False,B,3,,0,309,
North 24 Parganas,124,N24P-124,163,Club Building 163,248,232,1,481,48.23,36,7.5,227,80,9,404,P1,143,56.2,19.8,208,99,374,P1,False,B,3,,0,202,
North 24 Parganas,124,N24P-124,164,Primary School 164,278,249,0,527,47.25,34,6.5,217,121,9,419,P1,96,51.8,28.9,261,112,428,P1,False,B,3,,0,222,
North 24 Parganas,124,N24P-124,165,Anganwadi Centre 165,346,356,0,702,50.71,42,6.0,405,125,6,588,P1,280,68.9,21.3,305,191,559,P1,False,A,1,,0,295,
North 24 Parganas,124,N24P-124,166,Club Building 166,329,328,0,657,49.92,36,5.5,301,209,7,574,P1,92,52.4,36.4,363,150,570,P1,False,B,3,,0,276,
North 24 Parganas,124,N24P-124,167,Temple Hall 167,268,258,0,526,49.05,34,6.5,335,60,2,439,P1,275,76.3,13.7,231,124,436,P1,False,A,1,,0,221,
North 24 Parganas,124,N24P-124,168,Madrasa 168,281,274,1,556,49.28,25,4.5,227,102,5,438,P1,125,51.8,23.3,290,109,443,P1,False,B,3,,0,234,
North 24 Parganas,124,N24P-124,169,High School 169,283,294,1,578,50.87,39,6.7,203,129,10,465,P1,74,43.7,27.7,285,170,505,P1,False,B,3,,0,243,
North 24 Parganas,124,N24P-124,170,Health Sub-Centre 170,326,307,0,633,48.5,41,6.5,257,162,4,495,P1,95,51.9,32.7,305,190,550,P1,False,B,3,,0,266,
North 24 Parganas,124,N24P-124,171,Primary School 171,261,254,1,516,49.22,24,4.7,223,111,3,411,P1,112,54.3,27.0,224,103,416,P1,False,B,3,,0,217,
North 24 Parganas,124,N24P-124,172,Temple Hall 172,296,299,1,596,50.17,29,4.9,251,162,2,458,P1,89,54.8,35.4,287,173,511,P1,False,B,3,,0,251,
North 24 Parganas,124,N24P-124,173,Govt Office 173,300,283,0,583,48.54,39,6.7,268,136,5,449,P1,132,59.7,30.3,272,178,500,P1,False,B,3,,0,245,
North 24 Parganas,124,N24P-124,174,Market Building 174,343,310,0,653,47.47,33,5.1,330,152,2,535,P1,178,61.7,28.4,337,128,555,P1,False,B,3,,0,275,
North 24 Parganas,124,N24P-124,175,High School 175,406,410,1,817,50.18,59,7.2,372,202,8,643,P1,170,57.9,31.4,449,179,697,P1,False,B,3,,0,344,
North 24 Parganas,124,N24P-124,176,Govt Office 176,369,380,0,749,50.73,54,7.2,308,181,8,592,P1,127,52.0,30.6,306,145,586,P1,False,B,3,,0,315,
North 24 Parganas,124,N24P-124,177,High School 177,336,303,0,639,47.42,39,6.1,324,148,6,535,P1,176,60.6,27.7,332,141,526,P1,False,B,3,,0,269,
North 24 Parganas,124,N24P-124,178,Panchayat Bhavan 178,294,265,0,559,47.41,38,6.8,262,118,2,423,P1,144,61.9,27.9,378,47,473,P1,False,B,3,,0,235,
North 24 Parganas,124,N24P-124,179,Primary School 179,388,371,0,759,48.88,54,7.1,337,227,5,627,P1,110,53.7,36.2,295,224,577,P1,False,B,3,,0,319,
North 24 Parganas,124,N24P-124,180,Market Building 180,357,320,0,677,47.27,47,6.9,273,117,14,540,P1,142,50.6,21.7,291,140,578,P1,False,B,3,,0,285,
North 24 Parganas,124,N24P-124,181,Anganwadi Centre 181,279,281,1,561,50.09,32,5.7,307,118,1,473,P1,189,64.9,24.9,301,99,445,P1,False,B,3,,0,236,
North 24 Parganas,124,N24P-124,182,Post Office 182,327,336,0,663,50.68,33,5.0,330,148,4,531,P1,182,62.1,27.9,369,102,524,P1,False,B,3,,0,279,
North 24 Parganas,124,N24P-124,183,Market Building 183,368,347,1,716,48.46,52,7.3,337,163,7,592,P1,174,56.9,27.5,346,172,599,P1,False,B,3,,0,301,
North 24 Parganas,124,N24P-124,184,Madrasa 184,279,252,1,532,47.37,27,5.1,272,140,1,458,P1,132,59.4,30.6,241,115,456,P1,False,B,3,,0,224,
North 24 Parganas,124,N24P-124,185,Madrasa 185,290,260,0,550,47.27,31,5.6,242,172,3,460,P1,70,52.6,37.4,216,147,416,P1,False,B,3,,0,231,
North 24 Parganas,124,N24P-124,186,Panchayat Bhavan 186,389,402,0,791,50.82,44,5.6,379,198,6,641,P1,181,59.1,30.9,359,224,657,P1,False,B,3,,0,333,
North 24 Parganas,124,N24P-124,187,Temple Hall 187,376,356,1,733,48.57,44,6.0,315,197,6,568,P1,118,55.5,34.7,379,152,590,P1,False,B,3,,0,308,
North 24 Parganas,124,N24P-124,188,Primary School 188,271,249,0,520,47.88,25,4.8,218,152,8,451,P1,66,48.3,33.7,277,105,425,P1,False,B,3,,0,219,
North 24 Parganas,124,N24P-124,189,Temple Hall 189,398,384,1,783,49.04,45,5.7,296,245,5,615,P1,51,48.1,39.8,408,183,656,P1,False,B,3,,0,330,
North 24 Parganas,124,N24P-124,190,Madrasa 190,331,312,0,643,48.52,40,6.2,298,174,3,525,P1,124,56.8,33.1,321,173,549,P1,False,B,3,,0,271,
North 24 Parganas,124,N24P-124,191,Govt Office 191,333,311,1,645,48.22,45,7.0,277,165,5,492,P1,112,56.3,33.5,296,154,515,P1,False,B,3,,0,271,
North 24 Parganas,124,N24P-124,192,Community Hall 192,288,278,0,566,49.12,24,4.2,256,105,7,438,P1,151,58.4,24.0,279,132,456,P1,False,B,3,,0,238,
North 24 Parganas,124,N24P-124,193,Temple Hall 193,260,265,1,526,50.38,28,5.3,296,115,4,456,P1,181,64.9,25.2,239,125,405,P1,False,B,3,,0,221,
North 24 Parganas,125,N24P-125,1,Health Sub-Centre 1,285,269,1,555,48.47,78,14.1,279,126,2,450,P1,153,62.0,28.0,308,122,478,P1,False,D,4,,0,234,
North 24 Parganas,125,N24P-125,2,Panchayat Bhavan 2,348,352,0,700,50.29,112,16.0,293,108,11,559,P1,152,52.4,19.3,347,171,576,P1,False,D,4,,0,295,
North 24 Parganas,125,N24P-125,3,Primary School 3,285,292,0,577,50.61,86,14.9,277,129,2,451,P1,148,61.4,28.6,302,151,503,P1,False,D,4,,0,243,
North 24 Parganas,125,N24P-125,4,High School 4,337,321,0,658,48.78,110,16.7,278,217,2,550,P1,61,50.5,39.5,347,170,575,P1,False,D,4,,0,277,
North 24 Parganas,125,N24P-125,5,Post Office 5,272,247,0,519,47.59,93,17.9,309,89,4,442,P1,220,69.9,20.1,283,100,425,P1,False,D,4,,0,218,
North 24 Parganas,125,N24P-125,6,Post Office 6,271,279,1,551,50.64,84,15.2,219,200,4,469,P1,19,46.7,42.6,212,162,418,P1,False,D,4,,0,232,
North 24 Parganas,125,N24P-125,7,Temple Hall 7,419,378,0,797,47.43,105,13.2,314,238,9,663,P1,76,47.4,35.9,361,164,687,P1,False,D,4,,0,335,
North 24 Parganas,125,N24P-125,8,Temple Hall 8,267,275,1,543,50.64,82,15.1,289,116,3,450,P1,173,64.2,25.8,262,131,467,P1,False,D,4,,0,229,
North 24 Parganas,125,N24P-125,9,High School 9,419,384,0,803,47.82,84,10.5,418,205,7,693,P1,213,60.3,29.6,423,205,698,P1,False,D,4,,0,338,
North 24 Parganas,125,N24P-125,10,Anganwadi Centre 10,284,256,0,540,47.41,67,12.4,230,139,4,410,P1,91,56.1,33.9,246,79,452,P1,False,D,4,,0,227,
North 24 Parganas,125,N24P-125,11,Health Sub-Centre 11,396,365,0,761,47.96,137,18.0,308,215,8,627,P1,93,49.1,34.3,380,213,658,P1,False,D,4,,0,320,
North 24 Parganas,125,N24P-125,12,Panchayat Bhavan 12,368,358,0,726,49.31,120,16.5,407,93,4,555,P1,314,73.3,16.8,256,253,629,P1,False,D,4,,0,306,
North 24 Parganas,125,N24P-125,13,Panchayat Bhavan 13,308,277,0,585,47.35,59,10.1,261,161,5,469,P1,100,55.7,34.3,223,135,453,P1,False,D,4,,0,246,
North 24 Parganas,125,N24P-125,14,Market Building 14,371,373,0,744,50.13,116,15.6,348,180,4,587,P1,168,59.3,30.7,393,125,575,P1,False,D,4,,0,313,
North 24 Parganas,125,N24P-125,15,Primary School 15,409,400,1,810,49.38,135,16.7,361,190,6,649,P1,171,55.6,29.3,339,189,615,P1,False,D,4,,0,341,
North 24 Parganas,125,N24P-125,16,Health Sub-Centre 16,296,266,0,562,47.33,57,10.1,257,149,2,451,P1,108,57.0,33.0,246,117,453,P1,False,D,4,,0,237,
North 24 Parganas,125,N24P-125,17,Health Sub-Centre 17,394,374,0,768,48.7,128,16.7,304,285,4,655,P1,19,46.4,43.5,427,171,664,P1,False,D,4,,0,323,
North 24 Parganas,125,N24P-125,18,Madrasa 18,280,261,0,541,48.24,90,16.6,259,142,5,459,P1,117,56.4,30.9,251,165,462,P1,False,D,4,,0,228,
North 24 Parganas,125,N24P-125,19,Govt Office 19,403,405,1,809,50.06,144,17.8,280,137,27,646,P1,85,43.3,21.2,397,224,690,P1,False,D,4,,0,340,
North 24 Parganas,125,N24P-125,20,Health Sub-Centre 20,392,364,1,757,48.08,110,14.5,331,145,18,654,P1,178,50.6,22.2,288,194,599,P1,False,D,4,,0,319,
North 24 Parganas,125,N24P-125,21,Post Office 21,404,362,1,767,47.2,115,15.0,413,186,7,666,P1,227,62.0,27.9,400,169,632,P1,False,D,4,,0,323,
North 24 Parganas,125,N24P-125,22,Health Sub-Centre 22,402,414,1,817,50.67,101,12.4,327,165,9,619,P1,162,52.8,26.7,277,183,653,P1,False,D,4,,0,344,
North 24 Parganas,125,N24P-125,23,Anganwadi Centre 23,254,243,1,498,48.8,68,13.7,228,83,6,398,P1,145,57.3,20.9,214,125,393,P1,False,D,4,,0,210,
North 24 Parganas,125,N24P-125,24,Club Building 24,263,242,1,506,47.83,80,15.8,215,152,4,422,P1,63,50.9,36.0,277,87,404,P1,False,D,4,,0,213,
North 24 Parganas,125,N24P-125,25,Market Building 25,318,295,0,613,48.12,61,10.0,349,94,4,492,P1,255,70.9,19.1,321,118,488,P1,False,A,1,,0,258,
North 24 Parganas,125,N24P-125,26,Community Hall 26,323,332,1,656,50.61,87,13.3,299,176,6,528,P1,123,56.6,33.3,322,179,557,P1,False,D,4,,0,276,
North 24 Parganas,125,N24P-125,27,Market Building 27,385,358,0,743,48.18,114,15.3,303,249,8,648,P1,54,46.8,38.4,346,122,583,P1,False,D,4,,0,313,
North 24 Parganas,125,N24P-125,28,Anganwadi Centre 28,380,341,0,721,47.3,116,16.1,333,138,3,548,P1,195,60.8,25.2,386,132,575,P1,False,D,4,,0,303,
North 24 Parganas,125,N24P-125,29,Community Hall 29,248,251,1,500,50.2,71,14.2,291,80,3,412,P1,211,70.6,19.4,251,110,402,P1,False,D,4,,0,210,
North 24 Parganas,125,N24P-125,30,Market Building 30,277,277,0,554,50.0,76,13.7,187,139,6,461,P1,48,40.6,30.2,283,137,467,P1,False,D,4,,0,233,
North 24 Parganas,125,N24P-125,31,High School 31,312,302,0,614,49.19,102,16.6,226,151,9,475,P1,75,47.6,31.8,230,142,496,P1,False,D,4,,0,258,
North 24 Parganas,125,N24P-125,32,Club Building 32,324,310,0,634,48.9,102,16.1,331,119,6,499,P1,212,66.3,23.8,256,165,540,P1,False,D,4,,0,267,
North 24 Parganas,125,N24P-125,33,Madrasa 33,291,286,0,577,49.57,76,13.2,244,130,5,466,P1,114,52.4,27.9,250,155,450,P1,False,D,4,,0,243,
North 24 Parganas,125,N24P-125,34,Club Building 34,409,388,1,798,48.62,98,12.3,342,157,11,617,P1,185,55.4,25.4,315,165,684,P1,False,D,4,,0,336,
North 24 Parganas,125,N24P-125,35,Community Hall 35,376,372,0,748,49.73,121,16.2,337,235,6,635,P1,102,53.1,37.0,366,127,638,P1,False,D,4,,0,315,
North 24 Parganas,125,N24P-125,36,Health Sub-Centre 36,252,254,1,507,50.1,51,10.1,258,96,2,393,P1,162,65.6,24.4,256,105,401,P1,False,D,4,,0,213,
North 24 Parganas,125,N24P-125,37,Madrasa 37,301,307,1,609,50.41,89,14.6,252,142,8,474,P1,110,53.2,30.0,257,179,503,P1,False,D,4,,0,256,
North 24 Parganas,125,N24P-125,38,Market Building 38,309,294,0,603,48.76,98,16.3,246,160,6,462,P1,86,53.2,34.6,265,170,483,P1,False,D,4,,0,254,
North 24 Parganas,125,N24P-125,39,Panchayat Bhavan 39,281,287,0,568,50.53,62,10.9,263,150,5,487,P1,113,54.0,30.8,344,82,473,P1,False,D,4,,0,239,
North 24 Parganas,125,N24P-125,40,Primary School 40,315,297,1,613,48.45,87,14.2,276,143,5,466,P1,133,59.2,30.7,332,136,520,P1,False,D,4,,0,258,
North 24 Parganas,125,N24P-125,41,Post Office 41,372,367,0,739,49.66,86,11.6,287,203,11,625,P1,84,45.9,32.5,383,131,571,P1,False,D,4,,0,311,
North 24 Parganas,125,N24P-125,42,Club Building 42,326,336,1,663,50.68,93,14.0,270,91,8,545,P1,99,49.5,16.7,309,126,528,P1,False,D,4,,0,279,
North 24 Parganas,125,N24P-125,43,Community Hall 43,258,265,1,524,50.57,83,15.8,249,122,4,412,P1,127,60.4,29.6,233,120,406,P1,False,D,4,,0,221,
North 24 Parganas,125,N24P-125,44,Health Sub-Centre 44,418,398,1,817,48.71,118,14.4,351,208,7,624,P1,143,56.2,33.3,409,161,653,P1,False,D,4,,0,344,
North 24 Parganas,125,N24P-125,45,Health Sub-Centre 45,305,312,0,617,50.57,68,11.0,277,142,6,495,P1,135,56.0,28.7,276,126,480,P1,False,D,4,,0,260,
North 24 Parganas,125,N24P-125,46,Post Office 46,393,396,1,790,50.13,118,14.9,439,147,2,651,P1,292,67.4,22.6,378,182,674,P1,False,D,4,,0,332,
North 24 Parganas,125,N24P-125,47,Club Building 47,285,257,0,542,47.42,88,16.2,272,49,15,454,P1,158,59.9,10.8,230,180,455,P1,False,D,4,,0,228,
North 24 Parganas,125,N24P-125,48,Govt Office 48,283,256,0,539,47.5,74,13.7,270,107,3,419,P1,163,64.4,25.5,272,125,441,P1,False,D,4,,0,227,
North 24 Parganas,125,N24P-125,49,Anganwadi Centre 49,284,280,1,565,49.56,77,13.6,284,130,3,460,P1,154,61.7,28.3,282,99,445,P1,False,D,4,,0,238,
North 24 Parganas,125,N24P-125,50,Health Sub-Centre 50,365,327,1,693,47.19,121,17.5,336,153,9,600,P1,183,56.0,25.5,371,136,563,P1,False,D,4,,0,292,
North 24 Parganas,125,N24P-125,51,Govt Office 51,324,327,0,651,50.23,94,14.4,269,186,2,505,P1,83,53.3,36.8,353,124,530,P1,False,D,4,,0,274,
North 24 Parganas,125,N24P-125,52,Primary School 52,389,390,1,780,50.0,89,11.4,409,135,3,606,P1,274,67.5,22.3,414,176,655,P1,False,D,4,,0,328,
North 24 Parganas,125,N24P-125,53,Panchayat Bhavan 53,394,389,1,784,49.62,85,10.8,399,197,2,664,P1,202,60.1,29.7,334,183,651,P1,False,D,4,,0,330,
North 24 Parganas,125,N24P-125,54,Health Sub-Centre 54,369,332,1,702,47.29,98,14.0,317,146,8,599,P1,171,52.9,24.4,353,156,566,P1,False,D,4,,0,295,
North 24 Parganas,125,N24P-125,55,Health Sub-Centre 55,370,372,1,743,50.07,99,13.3,355,143,6,616,P1,212,57.6,23.2,340,158,646,P1,False,D,4,,0,313,
North 24 Parganas,125,N24P-125,56,Temple Hall 56,409,406,1,816,49.75,127,15.6,438,165,3,670,P1,273,65.4,24.6,366,238,696,P1,False,D,4,,0,343,
North 24 Parganas,125,N24P-125,57,Community Hall 57,260,252,1,513,49.12,87,17.0,239,152,6,447,P1,87,53.5,34.0,279,89,409,P1,False,D,4,,0,216,
North 24 Parganas,125,N24P-125,58,Post Office 58,329,315,1,645,48.84,114,17.7,301,138,2,488,P1,163,61.7,28.3,324,131,507,P1,False,D,4,,0,271,
North 24 Parganas,125,N24P-125,59,Club Building 59,349,337,0,686,49.13,116,16.9,351,168,7,577,P1,183,60.8,29.1,325,183,572,P1,False,D,4,,0,289,
North 24 Parganas,125,N24P-125,60,Anganwadi Centre 60,422,390,1,813,47.97,146,18.0,384,150,12,643,P1,234,59.7,23.3,403,181,709,P1,False,D,4,,0,342,
North 24 Parganas,125,N24P-125,61,Panchayat Bhavan 61,244,241,1,486,49.59,75,15.4,197,143,6,398,P1,54,49.5,35.9,220,116,373,P1,False,D,4,,0,205,
North 24 Parganas,125,N24P-125,62,Club Building 62,405,406,0,811,50.06,111,13.7,407,138,3,616,P1,269,66.1,22.4,369,205,638,P1,False,D,4,,0,341,
North 24 Parganas,125,N24P-125,63,Post Office 63,326,335,0,661,50.68,74,11.2,255,171,10,516,P1,84,49.4,33.1,316,153,521,P1,False,D,4,,0,278,
North 24 Parganas,125,N24P-125,64,Community Hall 64,372,346,1,719,48.12,118,16.4,277,175,10,553,P1,102,50.1,31.6,301,172,567,P1,False,D,4,,0,303,
North 24 Parganas,125,N24P-125,65,Anganwadi Centre 65,307,283,0,590,47.97,59,10.0,358,87,2,494,P1,271,72.5,17.6,211,160,465,P1,False,A,1,,0,248,
North 24 Parganas,125,N24P-125,66,Madrasa 66,374,338,1,713,47.41,102,14.3,355,139,2,549,P1,216,64.7,25.3,261,149,543,P1,False,D,4,,0,300,
North 24 Parganas,125,N24P-125,67,Panchayat Bhavan 67,259,236,0,495,47.68,58,11.7,225,100,4,378,P1,125,59.5,26.5,258,117,432,P1,False,D,4,,0,208,
North 24 Parganas,125,N24P-125,68,Panchayat Bhavan 68,288,290,1,579,50.09,64,11.1,272,151,3,470,P1,121,57.9,32.1,312,143,506,P1,False,D,4,,0,244,
North 24 Parganas,125,N24P-125,69,Temple Hall 69,258,266,1,525,50.67,76,14.5,235,137,2,448,P1,98,52.5,30.6,237,158,438,P1,False,D,4,,0,221,
North 24 Parganas,125,N24P-125,70,Temple Hall 70,269,278,1,548,50.73,62,11.3,254,47,10,440,P1,130,57.7,10.7,293,92,428,P1,False,D,4,,0,231,
North 24 Parganas,125,N24P-125,71,Temple Hall 71,316,310,1,627,49.44,91,14.5,296,144,3,489,P1,152,60.5,29.4,298,146,493,P1,False,D,4,,0,264,
North 24 Parganas,125,N24P-125,72,Panchayat Bhavan 72,311,282,1,594,47.47,73,12.3,272,150,3,469,P1,122,58.0,32.0,321,128,499,P1,False,D,4,,0,250,
North 24 Parganas,125,N24P-125,73,Club Building 73,322,289,0,611,47.3,61,10.0,288,120,7,498,P1,168,57.8,24.1,307,171,531,P1,False,B,3,,0,257,
North 24 Parganas,125,N24P-125,74,High School 74,271,272,0,543,50.09,56,10.3,246,134,3,422,P1,112,58.3,31.8,267,132,443,P1,False,D,4,,0,229,
North 24 Parganas,125,N24P-125,75,Govt Office 75,324,324,1,649,49.92,65,10.0,332,139,6,523,P1,193,63.5,26.6,262,167,494,P1,False,B,3,,0,273,
North 24 Parganas,125,N24P-125,76,Panchayat Bhavan 76,351,324,0,675,48.0,67,9.9,240,140,8,523,P1,100,45.9,26.8,324,188,569,P1,False,B,3,,0,284,
North 24 Parganas,125,N24P-125,77,Post Office 77,274,247,1,522,47.32,85,16.3,241,141,8,455,P1,100,53.0,31.0,264,136,445,P1,False,D,4,,0,220,
North 24 Parganas,125,N24P-125,78,Club Building 78,367,354,1,722,49.03,75,10.4,316,226,9,625,P1,90,50.6,36.2,328,230,620,P1,False,D,4,,0,304,
North 24 Parganas,125,N24P-125,79,Community Hall 79,271,280,1,552,50.72,76,13.8,289,135,6,471,P1,154,61.4,28.7,275,147,469,P1,False,D,4,,0,232,
North 24 Parganas,125,N24P-125,80,High School 80,289,259,0,548,47.26,81,14.8,254,130,2,427,P1,124,59.5,30.4,255,136,449,P1,False,D,4,,0,231,
North 24 Parganas,125,N24P-125,81,Post Office 81,382,363,0,745,48.72,73,9.8,387,131,4,576,P1,256,67.2,22.7,278,244,623,P1,False,A,1,,0,314,
North 24 Parganas,125,N24P-125,82,Primary School 82,289,274,1,564,48.58,59,10.5,256,133,11,490,P1,123,52.2,27.1,292,141,482,P1,False,D,4,,0,237,
North 24 Parganas,125,N24P-125,83,Community Hall 83,260,260,0,520,50.0,82,15.8,266,111,4,445,P1,155,59.8,24.9,235,136,432,P1,False,D,4,,0,219,
North 24 Parganas,125,N24P-125,84,Temple Hall 84,393,375,1,769,48.76,131,17.0,240,229,17,629,P1,11,38.2,36.4,344,229,640,P1,False,D,4,,0,324,
North 24 Parganas,125,N24P-125,85,Health Sub-Centre 85,320,291,0,611,47.63,99,16.2,279,100,9,464,P1,179,60.1,21.6,339,125,515,P1,False,D,4,,0,257,
North 24 Parganas,125,N24P-125,86,Temple Hall 86,277,266,1,544,48.9,74,13.6,217,173,6,440,P1,44,49.3,39.3,255,106,427,P1,False,D,4,,0,229,
North 24 Parganas,125,N24P-125,87,Anganwadi Centre 87,266,266,0,532,50.0,93,17.5,264,112,2,419,P1,152,63.0,26.7,224,138,423,P1,False,D,4,,0,224,
North 24 Parganas,125,N24P-125,88,Post Office 88,315,303,0,618,49.03,78,12.6,284,180,2,515,P1,104,55.1,35.0,226,185,505,P1,False,D,4,,0,260,
North 24 Parganas,125,N24P-125,89,Panchayat Bhavan 89,347,344,1,692,49.71,71,10.3,326,185,3,568,P1,141,57.4,32.6,248,191,600,P1,False,D,4,,0,291,
North 24 Parganas,125,N24P-125,90,Madrasa 90,407,378,0,785,48.15,139,17.7,323,201,5,630,P1,122,51.3,31.9,456,134,656,P1,False,D,4,,0,330,
North 24 Parganas,125,N24P-125,91,Market Building 91,354,353,1,708,49.86,99,14.0,303,207,3,575,P1,96,52.7,36.0,397,150,607,P1,False,D,4,,0,298,
North 24 Parganas,125,N24P-125,92,Community Hall 92,377,377,1,755,49.93,113,15.0,428,154,2,646,P1,274,66.3,23.8,317,182,605,P1,False,D,4,,0,318,
North 24 Parganas,125,N24P-125,93,Community Hall 93,355,365,1,721,50.62,98,13.6,328,196,6,603,P1,132,54.4,32.5,306,217,581,P1,False,D,4,,0,303,
North 24 Parganas,125,N24P-125,94,Temple Hall 94,331,318,1,650,48.92,73,11.2,312,159,3,551,P1,153,56.6,28.9,278,173,502,P1,False,D,4,,0,274,
North 24 Parganas,125,N24P-125,95,Market Building 95,368,339,1,708,47.88,78,11.0,341,165,7,573,P1,176,59.5,28.8,286,209,574,P1,False,D,4,,0,298,
North 24 Parganas,125,N24P-125,96,High School 96,361,352,0,713,49.37,106,14.9,355,142,6,553,P1,213,64.2,25.7,311,225,620,P1,False,D,4,,0,300,
North 24 Parganas,125,N24P-125,97,Post Office 97,405,408,0,813,50.18,142,17.5,378,146,8,648,P1,232,58.3,22.5,369,204,642,P1,False,D,4,,0,342,
North 24 Parganas,125,N24P-125,98,Club Building 98,271,246,0,517,47.58,58,11.2,237,138,3,417,P1,99,56.8,33.1,228,91,400,P1,False,D,4,,0,218,
North 24 Parganas,125,N24P-125,99,Temple Hall 99,360,346,0,706,49.01,83,11.8,369,157,2,584,P1,212,63.2,26.9,356,126,536,P1,False,D,4,,0,297,
North 24 Parganas,125,N24P-125,100,Govt Office 100,275,259,1,535,48.41,60,11.2,218,141,7,440,P1,77,49.5,32.0,206,102,437,P1,False,D,4,,0,225,
North 24 Parganas,125,N24P-125,101,Post Office 101,302,289,1,592,48.82,94,15.9,224,167,5,449,P1,57,49.9,37.2,296,142,486,P1,False,D,4,,0,249,
North 24 Parganas,125,N24P-125,102,Community Hall 102,412,407,0,819,49.69,129,15.8,368,161,6,639,P1,207,57.6,25.2,477,138,683,P1,False,D,4,,0,345,
North 24 Parganas,125,N24P-125,103,Health Sub-Centre 103,275,256,1,532,48.12,63,11.8,281,119,3,460,P1,162,61.1,25.9,243,107,436,P1,False,D,4,,0,224,
North 24 Parganas,125,N24P-125,104,Panchayat Bhavan 104,373,380,0,753,50.46,91,12.1,284,112,18,571,P1,132,49.7,19.6,336,202,598,P1,False,D,4,,0,317,
North 24 Parganas,125,N24P-125,105,Panchayat Bhavan 105,353,329,0,682,48.24,98,14.4,351,128,2,533,P1,223,65.9,24.0,405,78,537,P1,False,D,4,,0,287,
North 24 Parganas,125,N24P-125,106,Club Building 106,339,329,0,668,49.25,106,15.9,303,95,10,507,P1,208,59.8,18.7,303,195,553,P1,False,D,4,,0,281,
North 24 Parganas,125,N24P-125,107,Post Office 107,315,288,1,604,47.68,82,13.6,274,125,12,504,P1,149,54.4,24.8,292,144,496,P1,False,D,4,,0,254,
North 24 Parganas,125,N24P-125,108,Temple Hall 108,321,322,1,644,50.0,83,12.9,300,151,5,501,P1,149,59.9,30.1,366,125,546,P1,False,D,4,,0,271,
North 24 Parganas,125,N24P-125,109,Community Hall 109,381,355,0,736,48.23,102,13.9,335,232,7,630,P1,103,53.2,36.8,389,171,622,P1,False,D,4,,0,310,
North 24 Parganas,125,N24P-125,110,Market Building 110,292,264,0,556,47.48,57,10.3,318,105,4,470,P1,213,67.7,22.3,241,114,433,P1,False,D,4,,0,234,
North 24 Parganas,125,N24P-125,111,Post Office 111,397,387,1,785,49.3,141,18.0,327,242,7,633,P1,85,51.7,38.2,355,134,669,P1,False,D,4,,0,330,
North 24 Parganas,125,N24P-125,112,Market Building 112,346,342,0,688,49.71,76,11.0,227,173,7,548,P1,54,41.4,31.6,290,132,573,P1,False,D,4,,0,290,
North 24 Parganas,125,N24P-125,113,Market Building 113,395,376,1,772,48.7,76,9.8,308,208,8,591,P1,100,52.1,35.2,379,178,642,P1,False,B,3,,0,325,
North 24 Parganas,125,N24P-125,114,Anganwadi Centre 114,342,337,0,679,49.63,93,13.7,349,166,6,573,P1,183,60.9,29.0,230,180,522,P1,False,D,4,,0,286,
North 24 Parganas,125,N24P-125,115,Health Sub-Centre 115,385,383,1,769,49.8,128,16.6,398,130,5,586,P1,268,67.9,22.2,346,170,582,P1,False,D,4,,0,324,
North 24 Parganas,125,N24P-125,116,Temple Hall 116,298,281,0,579,48.53,78,13.5,300,122,3,469,P1,178,64.0,26.0,223,139,460,P1,False,D,4,,0,244,
North 24 Parganas,125,N24P-125,117,Temple Hall 117,371,361,0,732,49.32,105,14.3,333,180,4,586,P1,153,56.8,30.7,334,165,554,P1,False,D,4,,0,308,
North 24 Parganas,125,N24P-125,118,Primary School 118,393,377,0,770,48.96,136,17.7,407,155,5,624,P1,252,65.2,24.8,410,195,672,P1,False,D,4,,0,324,
North 24 Parganas,125,N24P-125,119,Temple Hall 119,371,364,0,735,49.52,100,13.6,363,175,5,597,P1,188,60.8,29.3,272,216,587,P1,False,D,4,,0,309,
North 24 Parganas,125,N24P-125,120,High School 120,308,296,0,604,49.01,93,15.4,325,145,5,522,P1,180,62.3,27.8,363,53,462,P1,False,D,4,,0,254,
North 24 Parganas,125,N24P-125,121,Community Hall 121,296,280,0,576,48.61,86,14.9,264,152,4,462,P1,112,57.1,32.9,318,131,499,P1,False,D,4,,0,242,
North 24 Parganas,125,N24P-125,122,High School 122,246,236,0,482,48.96,56,11.6,229,102,4,368,P1,127,62.2,27.7,252,115,407,P1,False,D,4,,0,203,
North 24 Parganas,125,N24P-125,123,Temple Hall 123,409,383,0,792,48.36,90,11.4,470,128,7,664,P1,342,70.8,19.3,334,166,603,P1,False,D,4,,0,333,
North 24 Parganas,125,N24P-125,124,Post Office 124,348,324,1,673,48.14,111,16.5,298,179,3,530,P1,119,56.2,33.8,365,104,521,P1,False,D,4,,0,283,
North 24 Parganas,125,N24P-125,125,Club Building 125,310,315,1,626,50.32,106,16.9,347,122,5,521,P1,225,66.6,23.4,322,126,518,P1,False,D,4,,0,263,
North 24 Parganas,125,N24P-125,126,Govt Office 126,290,288,0,578,49.83,59,10.2,332,78,2,456,P1,254,72.8,17.1,272,144,462,P1,False,D,4,,0,243,
North 24 Parganas,125,N24P-125,127,Primary School 127,399,409,1,809,50.56,107,13.2,429,166,8,661,P1,263,64.9,25.1,421,163,649,P1,False,D,4,,0,340,
North 24 Parganas,125,N24P-125,128,Post Office 128,344,322,1,667,48.28,96,14.4,341,134,5,562,P1,207,60.7,23.8,354,113,519,P1,False,D,4,,0,281,
North 24 Parganas,125,N24P-125,129,Health Sub-Centre 129,370,376,1,747,50.33,128,17.1,340,175,4,599,P1,165,56.8,29.2,307,244,612,P1,False,D,4,,0,314,
North 24 Parganas,125,N24P-125,130,Madrasa 130,380,384,0,764,50.26,108,14.1,367,155,7,624,P1,212,58.8,24.8,302,215,636,P1,False,D,4,,0,322,
North 24 Parganas,125,N24P-125,131,Community Hall 131,399,375,1,775,48.39,79,10.2,373,188,2,623,P1,185,59.9,30.2,377,170,608,P1,False,D,4,,0,326,
North 24 Parganas,125,N24P-125,132,Health Sub-Centre 132,302,270,0,572,47.2,68,11.9,310,133,5,493,P1,177,62.9,27.0,285,107,435,P1,False,D,4,,0,241,
North 24 Parganas,125,N24P-125,133,Community Hall 133,387,384,0,771,49.81,81,10.5,426,118,4,604,P1,308,70.5,19.5,427,171,665,P1,False,D,4,,0,324,
North 24 Parganas,125,N24P-125,134,Community Hall 134,299,294,0,593,49.58,101,17.0,247,129,6,472,P1,118,52.3,27.3,279,138,485,P1,False,D,4,,0,250,
North 24 Parganas,125,N24P-125,135,Panchayat Bhavan 135,282,286,1,569,50.26,79,13.9,219,128,7,433,P1,91,50.6,29.6,223,116,470,P1,False,D,4,,0,239,
North 24 Parganas,125,N24P-125,136,High School 136,372,365,0,737,49.53,126,17.1,404,144,6,609,P1,260,66.3,23.6,439,123,624,P1,False,D,4,,0,310,
North 24 Parganas,125,N24P-125,137,Govt Office 137,299,305,1,605,50.41,73,12.1,293,172,4,517,P1,121,56.7,33.3,302,140,497,P1,False,D,4,,0,255,
North 24 Parganas,125,N24P-125,138,Health Sub-Centre 138,423,394,0,817,48.23,117,14.3,423,184,7,674,P1,239,62.8,27.3,457,174,701,P1,False,D,4,,0,344,
North 24 Parganas,125,N24P-125,139,Temple Hall 139,379,383,0,762,50.26,107,14.0,352,209,7,645,P1,143,54.6,32.4,372,190,625,P1,False,D,4,,0,321,
North 24 Parganas,125,N24P-125,140,Madrasa 140,395,376,1,772,48.7,86,11.1,379,167,7,637,P1,212,59.5,26.2,361,199,654,P1,False,D,4,,0,325,
North 24 Parganas,125,N24P-125,141,Panchayat Bhavan 141,379,351,1,731,48.02,101,13.8,394,129,3,581,P1,265,67.8,22.2,330,229,621,P1,False,D,4,,0,308,
North 24 Parganas,125,N24P-125,142,Govt Office 142,410,391,0,801,48.81,96,12.0,387,173,3,622,P1,214,62.2,27.8,371,167,651,P1,False,D,4,,0,337,
North 24 Parganas,125,N24P-125,143,High School 143,294,263,0,557,47.22,62,11.1,223,163,5,429,P1,60,52.0,38.0,220,161,485,P1,False,D,4,,0,234,
North 24 Parganas,125,N24P-125,144,Madrasa 144,321,321,0,642,50.0,105,16.4,363,140,5,559,P1,223,64.9,25.0,275,140,547,P1,False,D,4,,0,270,
North 24 Parganas,125,N24P-125,145,Govt Office 145,357,319,0,676,47.19,113,16.7,339,188,7,586,P1,151,57.8,32.1,343,139,536,P1,False,D,4,,0,284,
North 24 Parganas,125,N24P-125,146,Panchayat Bhavan 146,315,302,0,617,48.95,62,10.0,311,130,5,500,P1,181,62.2,26.0,299,130,511,P1,False,B,3,,0,260,
North 24 Parganas,125,N24P-125,147,Panchayat Bhavan 147,286,280,0,566,49.47,74,13.1,255,138,3,437,P1,117,58.4,31.6,236,131,462,P1,False,D,4,,0,238,
North 24 Parganas,125,N24P-125,148,Primary School 148,295,282,0,577,48.87,70,12.1,274,134,3,453,P1,140,60.5,29.6,320,128,497,P1,False,D,4,,0,243,
North 24 Parganas,125,N24P-125,149,Anganwadi Centre 149,345,333,0,678,49.12,99,14.6,350,122,9,588,P1,228,59.5,20.7,312,95,576,P1,False,D,4,,0,285,
North 24 Parganas,125,N24P-125,150,Anganwadi Centre 150,357,332,0,689,48.19,100,14.5,340,198,6,597,P1,142,57.0,33.2,329,164,596,P1,False,D,4,,0,290,
North 24 Parganas,125,N24P-125,151,Madrasa 151,303,294,1,598,49.16,74,12.4,332,90,3,469,P1,242,70.8,19.2,305,88,498,P1,False,D,4,,0,252,
North 24 Parganas,125,N24P-125,152,Govt Office 152,351,316,0,667,47.38,117,17.5,298,151,7,514,P1,147,58.0,29.4,379,140,577,P1,False,D,4,,0,281,
North 24 Parganas,125,N24P-125,153,Market Building 153,254,229,0,483,47.41,60,12.4,229,133,5,419,P1,96,54.7,31.7,165,100,365,P1,False,D,4,,0,203,
North 24 Parganas,125,N24P-125,154,Community Hall 154,271,273,1,545,50.09,69,12.7,235,177,3,467,P1,58,50.3,37.9,231,114,417,P1,False,D,4,,0,229,
North 24 Parganas,125,N24P-125,155,Market Building 155,410,373,0,783,47.64,110,14.0,390,210,4,667,P1,180,58.5,31.5,413,182,663,P1,False,D,4,,0,330,
North 24 Parganas,125,N24P-125,156,Health Sub-Centre 156,336,340,0,676,50.3,69,10.2,335,131,4,518,P1,204,64.7,25.3,384,82,518,P1,False,D,4,,0,284,
North 24 Parganas,125,N24P-125,157,Primary School 157,345,323,1,669,48.28,115,17.2,282,175,3,515,P1,107,54.8,34.0,335,131,518,P1,False,D,4,,0,282,
North 24 Parganas,125,N24P-125,158,Club Building 158,326,297,0,623,47.67,95,15.2,244,109,10,512,P1,100,47.7,21.3,285,94,490,P1,False,D,4,,0,262,
North 24 Parganas,125,N24P-125,159,Community Hall 159,321,288,1,610,47.21,66,10.8,272,148,3,466,P1,124,58.4,31.8,295,116,492,P1,False,D,4,,0,257,
North 24 Parganas,125,N24P-125,160,High School 160,273,257,0,530,48.49,80,15.1,226,176,5,446,P1,50,50.7,39.5,232,110,409,P1,False,D,4,,0,223,
North 24 Parganas,125,N24P-125,161,Community Hall 161,387,353,0,740,47.7,96,13.0,329,236,6,627,P1,93,52.5,37.6,319,185,560,P1,False,D,4,,0,311,
North 24 Parganas,125,N24P-125,162,Temple Hall 162,279,258,0,537,48.04,97,18.1,201,103,10,410,P1,98,49.0,25.1,238,102,409,P1,False,D,4,,0,226,
North 24 Parganas,125,N24P-125,163,Primary School 163,399,376,0,775,48.52,138,17.8,356,198,6,653,P1,158,54.5,30.3,331,132,610,P1,False,D,4,,0,326,
North 24 Parganas,125,N24P-125,164,Temple Hall 164,283,262,0,545,48.07,60,11.0,235,114,4,431,P1,121,54.5,26.5,211,175,455,P1,False,D,4,,0,229,
North 24 Parganas,125,N24P-125,165,Panchayat Bhavan 165,281,279,0,560,49.82,64,11.4,323,109,4,480,P1,214,67.3,22.7,222,166,436,P1,False,D,4,,0,236,
North 24 Parganas,125,N24P-125,166,Temple Hall 166,391,380,0,771,49.29,93,12.1,395,184,3,671,P1,211,58.9,27.4,335,199,606,P1,False,D,4,,0,324,
North 24 Parganas,125,N24P-125,167,Community Hall 167,391,365,0,756,48.28,77,10.2,354,200,3,616,P1,154,57.5,32.5,442,110,613,P1,False,D,4,,0,318,
North 24 Parganas,125,N24P-125,168,Primary School 168,292,282,1,575,49.04,77,13.4,220,134,7,438,P1,86,50.2,30.6,313,97,456,P1,False,D,4,,0,242,
North 24 Parganas,125,N24P-125,169,Anganwadi Centre 169,296,271,1,568,47.71,60,10.6,294,125,5,466,P1,169,63.1,26.8,274,145,465,P1,False,D,4,,0,239,
North 24 Parganas,125,N24P-125,170,Primary School 170,269,254,0,523,48.57,94,18.0,259,133,5,445,P1,126,58.2,29.9,255,135,454,P1,False,D,4,,0,220,
North 24 Parganas,125,N24P-125,171,Panchayat Bhavan 171,264,258,1,523,49.33,73,14.0,310,81,3,435,P1,229,71.3,18.6,203,130,431,P1,False,D,4,,0,220,
North 24 Parganas,125,N24P-125,172,Madrasa 172,272,280,0,552,50.72,92,16.7,216,110,8,473,P1,82,45.7,23.3,256,165,467,P1,False,D,4,,0,232,
North 24 Parganas,125,N24P-125,173,Market Building 173,404,387,1,792,48.86,142,17.9,413,181,4,660,P1,232,62.6,27.4,293,253,644,P1,False,D,4,,0,333,
North 24 Parganas,125,N24P-125,174,Community Hall 174,285,286,0,571,50.09,94,16.5,240,143,2,435,P1,97,55.2,32.9,182,85,454,P1,False,D,4,,0,240,
North 24 Parganas,125,N24P-125,175,High School 175,403,410,1,814,50.37,108,13.3,364,205,3,632,P1,159,57.6,32.4,403,144,622,P1,False,D,4,,0,343,
North 24 Parganas,125,N24P-125,176,Temple Hall 176,411,402,1,814,49.39,132,16.2,472,150,8,691,P1,322,68.3,21.7,452,122,638,P1,False,D,4,,0,343,
North 24 Parganas,125,N24P-125,177,Anganwadi Centre 177,273,268,1,542,49.45,94,17.3,269,109,4,420,P1,160,64.0,26.0,281,130,456,P1,False,D,4,,0,228,
North 24 Parganas,125,N24P-125,178,Club Building 178,374,380,1,755,50.33,92,12.2,400,158,5,620,P1,242,64.5,25.5,401,142,604,P1,False,D,4,,0,318,
North 24 Parganas,125,N24P-125,179,Anganwadi Centre 179,318,285,0,603,47.26,73,12.1,252,174,10,514,P1,78,49.0,33.9,278,148,513,P1,False,D,4,,0,254,
North 24 Parganas,125,N24P-125,180,High School 180,408,407,0,815,49.94,117,14.4,395,173,5,631,P1,222,62.6,27.4,425,185,703,P1,False,D,4,,0,343,
North 24 Parganas,125,N24P-125,181,Temple Hall 181,341,317,0,658,48.18,78,11.9,317,164,3,535,P1,153,59.3,30.7,328,112,538,P1,False,D,4,,0,277,
North 24 Parganas,125,N24P-125,182,Primary School 182,267,270,1,538,50.19,84,15.6,295,103,5,442,P1,192,66.7,23.3,324,71,438,P1,False,D,4,,0,226,
North 24 Parganas,125,N24P-125,183,Primary School 183,262,258,0,520,49.62,55,10.6,302,105,2,453,P1,197,66.7,23.2,187,101,419,P1,False,D,4,,0,219,
North 24 Parganas,125,N24P-125,184,Primary School 184,319,315,0,634,49.68,101,15.9,367,84,5,501,P1,283,73.3,16.8,295,184,532,P1,False,D,4,,0,267,
North 24 Parganas,125,N24P-125,185,Club Building 185,356,331,1,688,48.11,101,14.7,357,169,6,584,P1,188,61.1,28.9,357,163,578,P1,False,D,4,,0,290,
North 24 Parganas,125,N24P-125,186,Market Building 186,280,274,0,554,49.46,96,17.3,306,108,5,460,P1,198,66.5,23.5,234,159,437,P1,False,D,4,,0,233,
North 24 Parganas,126,N24P-126,1,Temple Hall 1,404,391,0,795,49.18,40,5.0,298,201,15,654,P1,97,45.6,30.7,356,134,661,P1,False,B,3,,0,335,
North 24 Parganas,126,N24P-126,2,Govt Office 2,381,351,1,733,47.89,49,6.7,361,156,4,574,P1,205,62.9,27.2,354,162,573,P1,False,B,3,,0,308,
North 24 Parganas,126,N24P-126,3,Anganwadi Centre 3,408,403,0,811,49.69,40,4.9,428,183,6,679,P1,245,63.0,27.0,373,205,684,P1,False,B,3,,0,341,
North 24 Parganas,126,N24P-126,4,Primary School 4,373,340,0,713,47.69,48,6.7,326,164,4,544,P1,162,59.9,30.1,325,196,579,P1,False,B,3,,0,300,
North 24 Parganas,126,N24P-126,5,Club Building 5,415,390,1,806,48.39,50,6.2,328,182,11,617,P1,146,53.2,29.5,361,228,703,P1,False,B,3,,0,339,
North 24 Parganas,126,N24P-126,6,Club Building 6,363,354,0,717,49.37,60,8.4,383,143,6,585,P1,240,65.5,24.4,304,192,570,P1,False,A,1,,0,302,
North 24 Parganas,126,N24P-126,7,Govt Office 7,349,358,0,707,50.64,51,7.2,364,172,4,595,P1,192,61.2,28.9,289,206,550,P1,False,B,3,,0,298,
North 24 Parganas,126,N24P-126,8,Community Hall 8,356,360,1,717,50.21,47,6.6,445,56,2,556,P1,389,80.0,10.1,344,191,595,P1,False,A,1,,0,302,
North 24 Parganas,126,N24P-126,9,Madrasa 9,256,233,0,489,47.65,26,5.3,294,86,2,422,P1,208,69.7,20.4,238,98,373,P1,False,A,1,,0,206,
North 24 Parganas,126,N24P-126,10,Panchayat Bhavan 10,396,378,1,775,48.77,59,7.6,259,239,11,660,P1,20,39.2,36.2,269,229,591,P1,False,B,3,,0,326,
North 24 Parganas,126,N24P-126,11,Community Hall 11,306,301,0,607,49.59,42,6.9,197,130,8,484,P1,52,40.7,26.9,298,114,482,P1,False,B,3,,0,255,
North 24 Parganas,126,N24P-126,12,Post Office 12,407,395,0,802,49.25,45,5.6,327,219,9,646,P1,108,50.6,33.9,409,169,642,P1,False,B,3,,0,338,
North 24 Parganas,126,N24P-126,13,Health Sub-Centre 13,305,275,1,581,47.33,44,7.6,234,139,3,450,P1,95,52.0,30.9,284,143,474,P1,False,B,3,,0,245,
North 24 Parganas,126,N24P-126,14,High School 14,377,362,1,740,48.92,45,6.1,376,174,4,611,P1,202,61.5,28.5,363,148,568,P1,False,B,3,,0,311,
North 24 Parganas,126,N24P-126,15,Temple Hall 15,404,370,0,774,47.8,58,7.5,277,164,14,591,P1,113,46.9,27.7,386,150,637,P1,False,B,3,,0,326,
North 24 Parganas,126,N24P-126,16,Health Sub-Centre 16,274,275,0,549,50.09,47,8.6,297,126,5,470,P1,171,63.2,26.8,278,111,432,P1,False,B,3,,0,231,
North 24 Parganas,126,N24P-126,17,Primary School 17,339,316,1,656,48.17,43,6.6,318,136,5,511,P1,182,62.2,26.6,280,160,514,P1,False,B,3,,0,276,
North 24 Parganas,126,N24P-126,18,Club Building 18,283,269,0,552,48.73,31,5.6,211,195,5,451,P1,16,46.8,43.2,248,121,454,P1,False,B,3,,0,232,
North 24 Parganas,126,N24P-126,19,Madrasa 19,338,340,1,679,50.07,57,8.4,294,117,9,544,P1,175,54.0,21.5,303,169,525,P1,False,B,3,,0,286,
North 24 Parganas,126,N24P-126,20,Temple Hall 20,267,243,1,511,47.55,45,8.8,210,133,5,402,P1,77,52.2,33.1,222,132,418,P1,False,B,3,,0,215,
North 24 Parganas,126,N24P-126,21,Health Sub-Centre 21,425,388,1,814,47.67,55,6.8,354,262,8,698,P1,92,50.7,37.5,372,198,677,P1,False,B,3,,0,343,
North 24 Parganas,126,N24P-126,22,Club Building 22,313,301,0,614,49.02,36,5.9,295,154,3,508,P1,141,58.1,30.3,242,144,482,P1,False,B,3,,0,258,
North 24 Parganas,126,N24P-126,23,Temple Hall 23,252,234,0,486,48.15,25,5.1,228,121,3,388,P1,107,58.8,31.2,216,101,416,P1,False,B,3,,0,205,
North 24 Parganas,126,N24P-126,24,Post Office 24,357,346,1,704,49.15,42,6.0,276,158,9,589,P1,118,46.9,26.8,316,168,538,P1,False,B,3,,0,296,
North 24 Parganas,126,N24P-126,25,Community Hall 25,256,241,1,498,48.39,38,7.6,234,141,6,430,P1,93,54.4,32.8,244,108,391,P1,False,B,3,,0,210,
North 24 Parganas,126,N24P-126,26,Post Office 26,397,396,0,793,49.94,47,5.9,418,166,3,649,P1,252,64.4,25.6,444,160,671,P1,False,B,3,,0,334,
North 24 Parganas,126,N24P-126,27,Club Building 27,281,273,0,554,49.28,36,6.5,253,128,3,423,P1,125,59.8,30.3,301,114,465,P1,False,B,3,,0,233,
North 24 Parganas,126,N24P-126,28,Panchayat Bhavan 28,390,377,1,768,49.09,47,6.1,454,100,3,616,P1,354,73.7,16.2,362,162,633,P1,False,A,1,,0,323,
North 24 Parganas,126,N24P-126,29,Panchayat Bhavan 29,307,286,1,594,48.15,30,5.1,292,138,4,477,P1,154,61.2,28.9,303,140,493,P1,False,B,3,,0,250,
North 24 Parganas,126,N24P-126,30,Primary School 30,294,284,0,578,49.13,45,7.8,268,134,3,447,P1,134,60.0,30.0,249,124,440,P1,False,B,3,,0,243,
North 24 Parganas,126,N24P-126,31,Anganwadi Centre 31,400,392,1,793,49.43,56,7.1,439,113,2,613,P1,326,71.6,18.4,363,148,673,P1,False,A,1,,0,334,
North 24 Parganas,126,N24P-126,32,Panchayat Bhavan 32,363,349,0,712,49.02,55,7.7,330,158,7,558,P1,172,59.1,28.3,333,163,551,P1,False,B,3,,0,300,
North 24 Parganas,126,N24P-126,33,Primary School 33,284,256,0,540,47.41,30,5.6,223,137,2,422,P1,86,52.8,32.5,249,164,459,P1,False,B,3,,0,227,
North 24 Parganas,126,N24P-126,34,Primary School 34,380,357,0,737,48.44,55,7.5,337,207,7,604,P1,130,55.8,34.3,321,188,592,P1,False,B,3,,0,310,
North 24 Parganas,126,N24P-126,35,Madrasa 35,416,392,1,809,48.45,69,8.5,390,175,3,628,P1,215,62.1,27.9,458,148,673,P1,False,B,3,,0,340,
North 24 Parganas,126,N24P-126,36,Community Hall 36,404,390,0,794,49.12,41,5.2,478,126,7,671,P1,352,71.2,18.8,412,174,652,P1,False,A,1,,0,334,
North 24 Parganas,126,N24P-126,37,Club Building 37,320,289,1,610,47.38,41,6.7,258,168,7,495,P1,90,52.1,33.9,225,158,511,P1,False,B,3,,0,257,
North 24 Parganas,126,N24P-126,38,High School 38,331,330,1,662,49.85,49,7.4,313,141,6,555,P1,172,56.4,25.4,353,127,533,P1,False,B,3,,0,279,
North 24 Parganas,126,N24P-126,39,Temple Hall 39,387,390,1,778,50.13,45,5.8,331,174,5,593,P1,157,55.8,29.3,362,230,658,P1,False,B,3,,0,327,
North 24 Parganas,126,N24P-126,40,Primary School 40,301,302,1,604,50.0,39,6.5,271,145,7,519,P1,126,52.2,27.9,249,168,472,P1,False,B,3,,0,254,
North 24 Parganas,126,N24P-126,41,Temple Hall 41,298,309,1,608,50.82,55,9.0,240,173,7,517,P1,67,46.4,33.5,271,146,464,P1,False,B,3,,0,256,
North 24 Parganas,126,N24P-126,42,Market Building 42,406,399,0,805,49.57,56,7.0,409,198,3,675,P1,211,60.6,29.3,346,174,611,P1,False,B,3,,0,339,
North 24 Parganas,126,N24P-126,43,Madrasa 43,246,241,1,488,49.39,30,6.1,212,138,6,400,P1,74,53.0,34.5,214,93,395,P1,False,B,3,,0,205,
North 24 Parganas,126,N24P-126,44,Govt Office 44,346,321,0,667,48.13,50,7.5,354,107,4,512,P1,247,69.1,20.9,239,226,553,P1,False,A,1,,0,281,
North 24 Parganas,126,N24P-126,45,Post Office 45,390,359,0,749,47.93,38,5.1,407,173,4,645,P1,234,63.1,26.8,324,111,584,P1,False,B,3,,0,315,
North 24 Parganas,126,N24P-126,46,Community Hall 46,383,388,1,772,50.26,49,6.3,320,255,8,654,P1,65,48.9,39.0,395,182,641,P1,False,B,3,,0,325,
North 24 Parganas,126,N24P-126,47,Govt Office 47,285,262,0,547,47.9,29,5.3,286,96,5,425,P1,190,67.3,22.6,328,97,472,P1,False,A,1,,0,230,
North 24 Parganas,126,N24P-126,48,Market Building 48,403,395,1,799,49.44,56,7.0,374,221,3,675,P1,153,55.4,32.7,334,214,609,P1,False,B,3,,0,336,
North 24 Parganas,126,N24P-126,49,Govt Office 49,364,371,1,736,50.41,63,8.6,313,178,9,596,P1,135,52.5,29.9,342,159,559,P1,False,B,3,,0,310,
North 24 Parganas,126,N24P-126,50,Temple Hall 50,347,356,1,704,50.57,40,5.7,367,175,5,602,P1,192,61.0,29.1,312,137,544,P1,False,B,3,,0,296,
North 24 Parganas,126,N24P-126,51,Anganwadi Centre 51,312,279,1,592,47.13,38,6.4,280,149,9,514,P1,131,54.5,29.0,241,104,460,P1,False,B,3,,0,249,
North 24 Parganas,126,N24P-126,52,Primary School 52,320,323,1,644,50.16,45,7.0,345,139,3,538,P1,206,64.1,25.8,303,146,511,P1,False,B,3,,0,271,
North 24 Parganas,126,N24P-126,53,Post Office 53,379,390,1,770,50.65,45,5.8,422,173,2,662,P1,249,63.7,26.1,349,219,666,P1,False,B,3,,0,324,
North 24 Parganas,126,N24P-126,54,Temple Hall 54,378,373,1,752,49.6,50,6.6,437,123,4,622,P1,314,70.3,19.8,349,157,573,P1,False,A,1,,0,316,
North 24 Parganas,126,N24P-126,55,Panchayat Bhavan 55,327,297,1,625,47.52,35,5.6,345,95,2,489,P1,250,70.6,19.4,222,160,473,P1,False,A,1,,0,263,
North 24 Parganas,126,N24P-126,56,Health Sub-Centre 56,386,373,0,759,49.14,50,6.6,346,183,3,588,P1,163,58.8,31.1,418,99,575,P1,False,B,3,,0,319,
North 24 Parganas,126,N24P-126,57,Temple Hall 57,269,242,1,512,47.27,44,8.6,269,96,3,406,P1,173,66.3,23.6,279,83,402,P1,False,A,1,,0,215,
North 24 Parganas,126,N24P-126,58,High School 58,384,383,1,768,49.87,69,9.0,356,193,10,645,P1,163,55.2,29.9,374,188,625,P1,False,B,3,,0,323,
North 24 Parganas,126,N24P-126,59,Club Building 59,295,268,1,564,47.52,48,8.5,236,130,2,433,P1,106,54.5,30.0,290,106,440,P1,False,B,3,,0,237,
North 24 Parganas,126,N24P-126,60,High School 60,291,270,0,561,48.13,32,5.7,311,129,4,489,P1,182,63.6,26.4,206,187,437,P1,False,B,3,,0,236,
North 24 Parganas,126,N24P-126,61,Madrasa 61,345,356,1,702,50.71,64,9.1,364,181,2,606,P1,183,60.1,29.9,305,162,538,P1,False,B,3,,0,295,
North 24 Parganas,126,N24P-126,62,Panchayat Bhavan 62,342,325,1,668,48.65,41,6.1,340,129,4,521,P1,211,65.3,24.8,310,150,512,P1,False,A,1,,0,281,
North 24 Parganas,126,N24P-126,63,Market Building 63,252,227,1,480,47.29,38,7.9,216,112,4,384,P1,104,56.2,29.2,227,106,370,P1,False,B,3,,0,202,
North 24 Parganas,126,N24P-126,64,High School 64,301,277,0,578,47.92,47,8.1,207,137,11,439,P1,70,47.2,31.2,321,110,479,P1,False,B,3,,0,243,
North 24 Parganas,126,N24P-126,65,Primary School 65,337,320,1,658,48.63,53,8.1,310,161,4,523,P1,149,59.3,30.8,300,187,542,P1,False,B,3,,0,277,
North 24 Parganas,126,N24P-126,66,Madrasa 66,359,354,1,714,49.58,40,5.6,336,192,3,587,P1,144,57.2,32.7,385,175,622,P1,False,B,3,,0,300,
North 24 Parganas,126,N24P-126,67,Community Hall 67,348,338,0,686,49.27,50,7.3,309,156,6,520,P1,153,59.4,30.0,345,143,556,P1,False,B,3,,0,289,
North 24 Parganas,126,N24P-126,68,Panchayat Bhavan 68,334,344,1,679,50.66,34,5.0,404,126,2,589,P1,278,68.6,21.4,352,162,571,P1,False,A,1,,0,286,
North 24 Parganas,126,N24P-126,69,Temple Hall 69,331,323,0,654,49.39,42,6.4,259,104,18,535,P1,112,48.4,19.4,347,162,565,P1,False,B,3,,0,275,
North 24 Parganas,126,N24P-126,70,Govt Office 70,383,354,1,738,47.97,66,8.9,428,79,6,563,P1,349,76.0,14.0,345,168,571,P1,False,A,1,,0,311,
North 24 Parganas,126,N24P-126,71,Community Hall 71,334,333,1,668,49.85,34,5.1,276,195,3,523,P1,81,52.8,37.3,345,132,530,P1,False,B,3,,0,281,
North 24 Parganas,126,N24P-126,72,Club Building 72,268,263,0,531,49.53,30,5.6,253,119,3,438,P1,134,57.8,27.2,234,136,429,P1,False,B,3,,0,223,
North 24 Parganas,126,N24P-126,73,Madrasa 73,341,324,1,666,48.65,36,5.4,337,162,7,580,P1,175,58.1,27.9,301,157,540,P1,False,B,3,,0,280,
North 24 Parganas,126,N24P-126,74,Club Building 74,368,349,0,717,48.68,60,8.4,345,216,6,623,P1,129,55.4,34.7,284,193,545,P1,False,B,3,,0,302,
North 24 Parganas,126,N24P-126,75,Madrasa 75,304,283,1,588,48.13,41,7.0,245,167,2,458,P1,78,53.5,36.5,248,178,514,P1,False,B,3,,0,247,
North 24 Parganas,126,N24P-126,76,High School 76,379,360,1,740,48.65,43,5.8,304,197,9,601,P1,107,50.6,32.8,299,119,566,P1,False,B,3,,0,311,
North 24 Parganas,126,N24P-126,77,Post Office 77,274,248,1,523,47.42,32,6.1,278,91,4,410,P1,187,67.8,22.2,347,56,448,P1,False,A,1,,0,220,
North 24 Parganas,126,N24P-126,78,Anganwadi Centre 78,397,375,0,772,48.58,53,6.9,376,212,4,673,P1,164,55.9,31.5,345,204,633,P1,False,B,3,,0,325,
North 24 Parganas,126,N24P-126,79,Govt Office 79,296,277,1,574,48.26,36,6.3,333,113,6,495,P1,220,67.3,22.8,349,85,482,P1,False,A,1,,0,242,
North 24 Parganas,126,N24P-126,80,Club Building 80,308,288,0,596,48.32,44,7.4,251,134,6,458,P1,117,54.8,29.3,303,128,516,P1,False,B,3,,0,251,
North 24 Parganas,126,N24P-126,81,High School 81,389,397,1,787,50.44,50,6.4,355,228,9,662,P1,127,53.6,34.4,355,236,656,P1,False,B,3,,0,331,
North 24 Parganas,126,N24P-126,82,Post Office 82,337,319,0,656,48.63,41,6.2,272,194,10,555,P1,78,49.0,35.0,302,182,550,P1,False,B,3,,0,276,
North 24 Parganas,126,N24P-126,83,Post Office 83,392,393,1,786,50.0,43,5.5,389,187,5,641,P1,202,60.7,29.2,500,108,675,P1,False,B,3,,0,331,
North 24 Parganas,126,N24P-126,84,Temple Hall 84,414,387,1,802,48.25,73,9.1,463,138,3,668,P1,325,69.3,20.7,305,174,631,P1,False,A,1,,0,338,
North 24 Parganas,126,N24P-126,85,Club Building 85,307,283,0,590,47.97,33,5.6,323,116,2,488,P1,207,66.2,23.8,268,144,457,P1,False,A,1,,0,248,
North 24 Parganas,126,N24P-126,86,Health Sub-Centre 86,265,242,1,508,47.64,26,5.1,299,68,2,408,P1,231,73.3,16.7,200,131,411,P1,False,A,1,,0,214,
North 24 Parganas,126,N24P-126,87,Madrasa 87,356,341,0,697,48.92,46,6.6,361,180,5,601,P1,181,60.1,30.0,331,140,599,P1,False,B,3,,0,293,
North 24 Parganas,126,N24P-126,88,Primary School 88,304,284,1,589,48.22,29,4.9,251,109,18,514,P1,121,48.8,21.2,317,90,452,P1,False,B,3,,0,248,
North 24 Parganas,126,N24P-126,89,Club Building 89,301,283,0,584,48.46,32,5.5,287,145,2,481,P1,142,59.7,30.1,279,171,506,P1,False,B,3,,0,246,
North 24 Parganas,126,N24P-126,90,Anganwadi Centre 90,412,406,1,819,49.57,45,5.5,396,159,9,681,P1,237,58.1,23.3,318,255,650,P1,False,B,3,,0,345,
North 24 Parganas,126,N24P-126,91,Market Building 91,382,374,0,756,49.47,37,4.9,302,228,7,629,P1,74,48.0,36.2,387,185,636,P1,False,B,3,,0,318,
North 24 Parganas,126,N24P-126,92,Club Building 92,356,324,1,681,47.58,53,7.8,374,91,6,517,P1,283,72.3,17.6,361,146,564,P1,False,A,1,,0,287,
North 24 Parganas,126,N24P-126,93,Club Building 93,321,312,1,634,49.21,41,6.5,290,152,4,491,P1,138,59.1,31.0,316,147,515,P1,False,B,3,,0,267,
North 24 Parganas,126,N24P-126,94,Post Office 94,237,245,1,483,50.72,35,7.2,218,136,4,393,P1,82,55.5,34.6,256,103,399,P1,False,B,3,,0,203,
North 24 Parganas,126,N24P-126,95,Panchayat Bhavan 95,352,328,0,680,48.24,38,5.6,284,153,13,545,P1,131,52.1,28.1,403,88,546,P1,False,B,3,,0,286,
North 24 Parganas,126,N24P-126,96,Market Building 96,334,338,0,672,50.3,56,8.3,270,197,3,519,P1,73,52.0,38.0,299,181,534,P1,False,B,3,,0,283,
North 24 Parganas,126,N24P-126,97,Health Sub-Centre 97,281,285,0,566,50.35,33,5.8,297,137,3,483,P1,160,61.5,28.4,263,126,486,P1,False,B,3,,0,238,
North 24 Parganas,126,N24P-126,98,Post Office 98,359,341,0,700,48.71,55,7.9,333,146,5,532,P1,187,62.6,27.4,399,143,602,P1,False,B,3,,0,295,
North 24 Parganas,126,N24P-126,99,High School 99,262,268,0,530,50.57,46,8.7,298,98,4,440,P1,200,67.7,22.3,282,99,423,P1,False,A,1,,0,223,
North 24 Parganas,126,N24P-126,100,Temple Hall 100,370,342,1,713,47.97,62,8.7,344,172,6,574,P1,172,59.9,30.0,376,115,618,P1,False,B,3,,0,300,
North 24 Parganas,126,N24P-126,101,Post Office 101,320,331,1,652,50.77,37,5.7,392,83,2,528,P1,309,74.2,15.7,267,170,554,P1,False,A,1,,0,274,
North 24 Parganas,126,N24P-126,102,Club Building 102,294,304,0,598,50.84,52,8.7,276,175,2,512,P1,101,53.9,34.2,344,116,515,P1,False,B,3,,0,252,
North 24 Parganas,126,N24P-126,103,Post Office 103,248,254,0,502,50.6,32,6.4,225,130,1,394,P1,95,57.1,33.0,234,108,380,P1,False,B,3,,0,211,
North 24 Parganas,126,N24P-126,104,Club Building 104,367,366,0,733,49.93,39,5.3,318,214,2,591,P1,104,53.8,36.2,302,206,630,P1,False,B,3,,0,308,
North 24 Parganas,126,N24P-126,105,High School 105,336,334,1,671,49.78,38,5.7,317,185,3,558,P1,132,56.8,33.2,402,89,546,P1,False,B,3,,0,282,
North 24 Parganas,126,N24P-126,106,Club Building 106,312,299,1,612,48.86,31,5.1,266,150,5,474,P1,116,56.1,31.6,279,191,522,P1,False,B,3,,0,258,
North 24 Parganas,126,N24P-126,107,Market Building 107,331,328,1,660,49.7,44,6.7,291,170,4,528,P1,121,55.1,32.2,313,167,533,P1,False,B,3,,0,278,
North 24 Parganas,126,N24P-126,108,Govt Office 108,277,263,0,540,48.7,29,5.4,237,109,9,460,P1,128,51.5,23.7,224,112,410,P1,False,B,3,,0,227,
North 24 Parganas,126,N24P-126,109,Panchayat Bhavan 109,288,272,0,560,48.57,30,5.4,213,169,10,472,P1,44,45.1,35.8,239,150,432,P1,False,B,3,,0,236,
North 24 Parganas,126,N24P-126,110,Madrasa 110,302,307,1,610,50.33,32,5.2,349,106,3,506,P1,243,69.0,20.9,268,149,480,P1,False,A,1,,0,257,
North 24 Parganas,126,N24P-126,111,Anganwadi Centre 111,369,339,1,709,47.81,35,4.9,308,182,4,576,P1,126,53.5,31.6,275,200,566,P1,False,B,3,,0,298,
North 24 Parganas,126,N24P-126,112,Health Sub-Centre 112,267,256,1,524,48.85,47,9.0,212,141,3,396,P1,71,53.5,35.6,255,148,448,P1,False,B,3,,0,221,
North 24 Parganas,126,N24P-126,113,Health Sub-Centre 113,293,280,1,574,48.78,33,5.7,316,117,3,481,P1,199,65.7,24.3,276,144,467,P1,False,A,1,,0,242,
North 24 Parganas,126,N24P-126,114,Market Building 114,422,382,1,805,47.45,57,7.1,276,199,6,641,P1,77,43.1,31.0,470,123,658,P1,False,B,3,,0,339,
North 24 Parganas,126,N24P-126,115,Health Sub-Centre 115,369,355,0,724,49.03,52,7.2,368,177,2,605,P1,191,60.8,29.3,372,135,610,P1,False,B,3,,0,305,
North 24 Parganas,126,N24P-126,116,Post Office 116,315,290,0,605,47.93,51,8.4,228,187,6,488,P1,41,46.7,38.3,298,120,465,P1,False,B,3,,0,255,
North 24 Parganas,126,N24P-126,117,Temple Hall 117,253,233,0,486,47.94,43,8.8,223,110,4,370,P1,113,60.3,29.7,237,135,413,P1,False,B,3,,0,205,
North 24 Parganas,126,N24P-126,118,Post Office 118,277,261,1,539,48.42,30,5.6,244,132,3,418,P1,112,58.4,31.6,270,102,413,P1,False,B,3,,0,227,
North 24 Parganas,126,N24P-126,119,Market Building 119,250,234,0,484,48.35,28,5.8,260,107,4,408,P1,153,63.7,26.2,219,118,375,P1,False,B,3,,0,204,
North 24 Parganas,126,N24P-126,120,High School 120,253,246,1,500,49.2,34,6.8,221,134,3,395,P1,87,55.9,33.9,281,106,430,P1,False,B,3,,0,210,
North 24 Parganas,126,N24P-126,121,Primary School 121,399,386,1,786,49.11,63,8.0,414,169,2,648,P1,245,63.9,26.1,409,199,684,P1,False,B,3,,0,331,
North 24 Parganas,126,N24P-126,122,Community Hall 122,347,336,0,683,49.19,39,5.7,305,109,6,533,P1,196,57.2,20.5,420,101,578,P1,False,B,3,,0,287,
North 24 Parganas,126,N24P-126,123,Club Building 123,404,391,1,796,49.12,49,6.2,317,205,7,671,P1,112,47.2,30.6,336,244,657,P1,False,B,3,,0,335,
North 24 Parganas,126,N24P-126,124,Panchayat Bhavan 124,405,367,0,772,47.54,41,5.3,337,213,8,661,P1,124,51.0,32.2,381,167,608,P1,False,B,3,,0,325,
North 24 Parganas,126,N24P-126,125,Madrasa 125,239,246,1,486,50.62,38,7.8,207,122,6,394,P1,85,52.5,31.0,217,116,370,P1,False,B,3,,0,205,
North 24 Parganas,126,N24P-126,126,Community Hall 126,386,364,0,750,48.53,39,5.2,275,179,13,593,P1,96,46.4,30.2,367,136,634,P1,False,B,3,,0,316,
North 24 Parganas,126,N24P-126,127,High School 127,252,255,1,508,50.2,28,5.5,274,83,5,397,P1,191,69.0,20.9,253,119,425,P1,False,A,1,,0,214,
North 24 Parganas,126,N24P-126,128,Market Building 128,356,322,1,679,47.42,61,9.0,408,108,2,573,P1,300,71.2,18.8,300,205,561,P1,False,A,1,,0,286,
North 24 Parganas,126,N24P-126,129,Panchayat Bhavan 129,398,410,0,808,50.74,53,6.6,285,266,3,650,P1,19,43.8,40.9,454,128,647,P1,False,B,3,,0,340,
North 24 Parganas,126,N24P-126,130,Community Hall 130,246,234,1,481,48.65,27,5.6,259,93,2,391,P1,166,66.2,23.8,261,105,415,P1,False,A,1,,0,202,
North 24 Parganas,126,N24P-126,131,High School 131,385,363,1,749,48.46,47,6.3,312,157,12,606,P1,155,51.5,25.9,422,149,634,P1,False,B,3,,0,315,
North 24 Parganas,126,N24P-126,132,Community Hall 132,400,402,0,802,50.12,68,8.5,336,240,8,688,P1,96,48.8,34.9,364,207,654,P1,False,B,3,,0,338,
North 24 Parganas,126,N24P-126,133,Madrasa 133,371,372,0,743,50.07,38,5.1,397,166,2,625,P1,231,63.5,26.6,458,108,629,P1,False,B,3,,0,313,
North 24 Parganas,126,N24P-126,134,Market Building 134,415,398,1,814,48.89,44,5.4,483,142,8,694,P1,341,69.6,20.5,489,115,671,P1,False,A,1,,0,343,
North 24 Parganas,126,N24P-126,135,Madrasa 135,395,382,1,778,49.1,39,5.0,330,144,14,593,P1,186,55.6,24.3,284,239,622,P1,False,B,3,,0,327,
North 24 Parganas,126,N24P-126,136,Temple Hall 136,376,374,1,751,49.8,51,6.8,354,193,4,608,P1,161,58.2,31.7,407,169,640,P1,False,B,3,,0,316,
North 24 Parganas,126,N24P-126,137,Health Sub-Centre 137,265,242,0,507,47.73,26,5.1,222,107,3,416,P1,115,53.4,25.7,230,90,430,P1,False,B,3,,0,213,
North 24 Parganas,126,N24P-126,138,Health Sub-Centre 138,376,339,0,715,47.41,43,6.0,308,225,2,602,P1,83,51.2,37.4,275,179,558,P1,False,B,3,,0,301,
North 24 Parganas,126,N24P-126,139,Post Office 139,399,388,0,787,49.3,41,5.2,355,199,2,616,P1,156,57.6,32.3,319,212,627,P1,False,B,3,,0,331,
North 24 Parganas,126,N24P-126,140,Market Building 140,386,383,1,770,49.74,67,8.7,367,140,9,620,P1,227,59.2,22.6,353,168,607,P1,False,B,3,,0,324,
North 24 Parganas,126,N24P-126,141,Market Building 141,311,312,1,624,50.0,37,5.9,262,157,6,486,P1,105,53.9,32.3,296,145,503,P1,False,B,3,,0,263,
North 24 Parganas,126,N24P-126,142,Madrasa 142,318,299,0,617,48.46,54,8.8,334,91,2,472,P1,243,70.8,19.3,221,139,510,P1,False,A,1,,0,260,
North 24 Parganas,126,N24P-126,143,Market Building 143,349,355,0,704,50.43,45,6.4,313,204,4,606,P1,109,51.7,33.7,364,154,575,P1,False,B,3,,0,296,
North 24 Parganas,126,N24P-126,144,Govt Office 144,251,259,1,511,50.68,27,5.3,217,108,5,394,P1,109,55.1,27.4,249,142,434,P1,False,B,3,,0,215,
North 24 Parganas,126,N24P-126,145,Temple Hall 145,357,324,1,682,47.51,36,5.3,338,154,6,549,P1,184,61.6,28.1,290,146,561,P1,False,B,3,,0,287,
North 24 Parganas,126,N24P-126,146,Market Building 146,329,330,1,660,50.0,37,5.6,296,118,15,537,P1,178,55.1,22.0,285,131,543,P1,False,B,3,,0,278,
North 24 Parganas,126,N24P-126,147,Madrasa 147,388,356,1,745,47.79,58,7.8,351,125,13,640,P1,207,54.8,19.5,476,109,649,P1,False,B,3,,0,314,
North 24 Parganas,126,N24P-126,148,Club Building 148,414,393,0,807,48.7,58,7.2,367,233,4,666,P1,134,55.1,35.0,375,184,621,P1,False,B,3,,0,340,
North 24 Parganas,126,N24P-126,149,Govt Office 149,310,279,0,589,47.37,44,7.5,265,114,8,472,P1,151,56.1,24.2,340,97,486,P1,False,B,3,,0,248,
North 24 Parganas,126,N24P-126,150,Panchayat Bhavan 150,367,376,1,744,50.54,52,7.0,419,142,3,623,P1,277,67.3,22.8,318,174,587,P1,False,A,1,,0,313,
North 24 Parganas,126,N24P-126,151,Panchayat Bhavan 151,355,348,1,704,49.43,62,8.8,312,127,7,554,P1,185,56.3,22.9,262,209,607,P1,False,B,3,,0,296,
North 24 Parganas,126,N24P-126,152,Panchayat Bhavan 152,259,266,0,525,50.67,28,5.3,245,127,3,416,P1,118,58.9,30.5,302,94,440,P1,False,B,3,,0,221,
North 24 Parganas,126,N24P-126,153,Club Building 153,285,295,1,581,50.77,36,6.2,244,164,2,461,P1,80,52.9,35.6,275,112,463,P1,False,B,3,,0,245,
North 24 Parganas,126,N24P-126,154,Anganwadi Centre 154,384,377,1,762,49.48,55,7.2,374,191,4,651,P1,183,57.5,29.3,253,175,591,P1,False,B,3,,0,321,
North 24 Parganas,126,N24P-126,155,Temple Hall 155,415,389,0,804,48.38,52,6.5,414,168,7,647,P1,246,64.0,26.0,377,201,642,P1,False,B,3,,0,338,
North 24 Parganas,126,N24P-126,156,Madrasa 156,398,405,0,803,50.44,59,7.3,352,227,4,643,P1,125,54.7,35.3,329,165,633,P1,False,B,3,,0,338,
North 24 Parganas,126,N24P-126,157,Community Hall 157,247,250,0,497,50.3,30,6.0,221,116,3,386,P1,105,57.3,30.1,267,124,434,P1,False,B,3,,0,209,
North 24 Parganas,126,N24P-126,158,Govt Office 158,305,278,1,584,47.6,50,8.6,267,97,8,446,P1,170,59.9,21.7,312,108,467,P1,False,B,3,,0,246,
North 24 Parganas,126,N24P-126,159,Club Building 159,412,379,1,792,47.85,68,8.6,381,178,4,622,P1,203,61.3,28.6,414,179,659,P1,False,B,3,,0,333,
North 24 Parganas,126,N24P-126,160,Community Hall 160,301,273,0,574,47.56,46,8.0,287,130,2,464,P1,157,61.9,28.0,236,187,477,P1,False,B,3,,0,242,
North 24 Parganas,126,N24P-126,161,High School 161,300,278,1,579,48.01,44,7.6,258,127,5,447,P1,131,57.7,28.4,249,163,460,P1,False,B,3,,0,244,
North 24 Parganas,126,N24P-126,162,Post Office 162,299,268,1,568,47.18,44,7.7,242,124,3,437,P1,118,55.4,28.4,185,147,430,P1,False,B,3,,0,239,
North 24 Parganas,126,N24P-126,163,Panchayat Bhavan 163,323,315,0,638,49.37,34,5.3,313,145,4,509,P1,168,61.5,28.5,316,160,537,P1,False,B,3,,0,268,
North 24 Parganas,126,N24P-126,164,Club Building 164,411,396,0,807,49.07,67,8.3,328,172,7,642,P1,156,51.1,26.8,382,223,672,P1,False,B,3,,0,340,
North 24 Parganas,126,N24P-126,165,Govt Office 165,384,353,1,738,47.83,57,7.7,297,213,12,622,P1,84,47.7,34.2,367,206,636,P1,False,B,3,,0,311,
North 24 Parganas,126,N24P-126,166,Govt Office 166,417,402,0,819,49.08,51,6.2,343,208,6,643,P1,135,53.3,32.3,412,182,660,P1,False,B,3,,0,345,
North 24 Parganas,126,N24P-126,167,Temple Hall 167,312,296,1,609,48.6,46,7.6,307,154,3,513,P1,153,59.8,30.0,311,127,487,P1,False,B,3,,0,256,
North 24 Parganas,126,N24P-126,168,High School 168,321,326,0,647,50.39,46,7.1,290,169,6,530,P1,121,54.7,31.9,277,112,515,P1,False,B,3,,0,272,
North 24 Parganas,126,N24P-126,169,Post Office 169,258,247,0,505,48.91,39,7.7,247,114,4,426,P1,133,58.0,26.8,238,138,418,P1,False,B,3,,0,213,
North 24 Parganas,126,N24P-126,170,Primary School 170,260,234,1,495,47.27,35,7.1,235,104,1,377,P1,131,62.3,27.6,246,92,398,P1,False,B,3,,0,208,
North 24 Parganas,126,N24P-126,171,Community Hall 171,385,375,1,761,49.28,38,5.0,338,201,5,599,P1,137,56.4,33.6,471,96,630,P1,False,B,3,,0,320,
North 24 Parganas,126,N24P-126,172,Anganwadi Centre 172,319,295,1,615,47.97,38,6.2,288,148,4,484,P1,140,59.5,30.6,297,131,475,P1,False,B,3,,0,259,
North 24 Parganas,126,N24P-126,173,High School 173,307,287,1,595,48.24,30,5.0,310,107,3,469,P1,203,66.1,22.8,279,183,513,P1,False,A,1,,0,250,
North 24 Parganas,126,N24P-126,174,Madrasa 174,346,342,0,688,49.71,38,5.5,339,141,5,534,P1,198,63.5,26.4,384,119,559,P1,False,B,3,,0,290,
North 24 Parganas,126,N24P-126,175,Panchayat Bhavan 175,409,402,1,812,49.51,41,5.0,436,124,2,623,P1,312,70.0,19.9,425,172,664,P1,False,A,1,,0,342,
North 24 Parganas,126,N24P-126,176,Market Building 176,310,294,1,605,48.6,39,6.4,323,117,4,497,P1,206,65.0,23.5,318,95,459,P1,False,B,3,,0,255,
North 24 Parganas,126,N24P-126,177,Panchayat Bhavan 177,275,246,0,521,47.22,30,5.8,222,118,7,416,P1,104,53.4,28.4,230,137,407,P1,False,B,3,,0,219,
North 24 Parganas,126,N24P-126,178,Panchayat Bhavan 178,293,270,0,563,47.96,28,5.0,261,142,7,471,P1,119,55.4,30.1,257,91,452,P1,False,B,3,,0,237,
North 24 Parganas,126,N24P-126,179,Post Office 179,254,236,1,491,48.07,36,7.3,253,104,5,397,P1,149,63.7,26.2,311,39,389,P1,False,B,3,,0,207,
North 24 Parganas,126,N24P-126,180,Post Office 180,287,273,1,561,48.66,29,5.2,230,120,10,452,P1,110,50.9,26.5,303,131,482,P1,False,B,3,,0,236,
North 24 Parganas,127,N24P-127,1,Anganwadi Centre 1,253,246,1,500,49.2,18,3.6,218,109,4,396,P1,109,55.1,27.5,284,104,432,P1,False,B,3,,0,210,
North 24 Parganas,127,N24P-127,2,Panchayat Bhavan 2,261,240,0,501,47.9,21,4.2,286,105,2,434,P1,181,65.9,24.2,266,93,422,P1,False,A,1,,0,211,
North 24 Parganas,127,N24P-127,3,Club Building 3,305,314,0,619,50.73,34,5.5,335,102,3,486,P1,233,68.9,21.0,312,113,472,P1,False,A,1,,0,260,
North 24 Parganas,127,N24P-127,4,Temple Hall 4,281,272,1,554,49.1,24,4.3,214,167,4,470,P1,47,45.5,35.5,203,174,419,P1,False,B,3,,0,233,
North 24 Parganas,127,N24P-127,5,Govt Office 5,374,374,1,749,49.93,38,5.1,304,199,8,610,P1,105,49.8,32.6,312,147,568,P1,False,B,3,,0,315,
North 24 Parganas,127,N24P-127,6,High School 6,311,317,1,629,50.4,23,3.7,245,103,9,480,P1,126,51.0,21.5,325,123,517,P1,False,B,3,,0,265,
North 24 Parganas,127,N24P-127,7,Health Sub-Centre 7,420,380,1,801,47.44,49,6.1,373,199,7,636,P1,174,58.6,31.3,337,204,629,P1,False,B,3,,0,337,
North 24 Parganas,127,N24P-127,8,High School 8,384,381,0,765,49.8,34,4.4,319,190,10,631,P1,129,50.6,30.1,400,178,642,P1,False,B,3,,0,322,
North 24 Parganas,127,N24P-127,9,Market Building 9,255,258,0,513,50.29,21,4.1,236,128,5,404,P1,108,58.4,31.7,287,100,430,P1,False,B,3,,0,216,
North 24 Parganas,127,N24P-127,10,Health Sub-Centre 10,342,330,1,673,49.03,34,5.1,293,176,6,531,P1,117,55.2,33.1,347,180,586,P1,False,B,3,,0,283,
North 24 Parganas,127,N24P-127,11,Club Building 11,368,342,1,711,48.1,29,4.1,308,130,5,588,P1,168,52.4,22.1,320,173,565,P1,False,B,3,,0,299,
North 24 Parganas,127,N24P-127,12,Club Building 12,332,340,1,673,50.52,27,4.0,348,151,2,555,P1,197,62.7,27.2,252,168,538,P1,False,B,3,,0,283,
North 24 Parganas,127,N24P-127,13,Primary School 13,348,336,0,684,49.12,39,5.7,336,164,7,556,P1,172,60.4,29.5,290,215,561,P1,False,B,3,,0,288,
North 24 Parganas,127,N24P-127,14,Post Office 14,247,246,0,493,49.9,23,4.7,218,126,8,412,P1,92,52.9,30.6,278,73,390,P1,False,B,3,,0,207,
North 24 Parganas,127,N24P-127,15,Post Office 15,252,234,1,487,48.05,23,4.7,200,73,8,370,P1,114,54.1,19.7,221,122,406,P1,False,B,3,,0,205,
North 24 Parganas,127,N24P-127,16,Panchayat Bhavan 16,311,316,1,628,50.32,35,5.6,310,118,6,525,P1,192,59.0,22.5,340,143,536,P1,False,B,3,,0,264,
North 24 Parganas,127,N24P-127,17,Health Sub-Centre 17,373,366,0,739,49.53,46,6.2,377,169,2,607,P1,208,62.1,27.8,341,183,582,P1,False,B,3,,0,311,
North 24 Parganas,127,N24P-127,18,Market Building 18,370,374,1,745,50.2,48,6.4,380,185,6,628,P1,195,60.5,29.5,239,199,598,P1,False,B,3,,0,314,
North 24 Parganas,127,N24P-127,19,Temple Hall 19,373,336,1,710,47.32,31,4.4,266,218,4,575,P1,48,46.3,37.9,322,172,595,P1,False,B,3,,0,299,
North 24 Parganas,127,N24P-127,20,Govt Office 20,325,326,1,652,50.0,31,4.8,319,151,4,522,P1,168,61.1,28.9,292,162,505,P1,False,B,3,,0,274,
North 24 Parganas,127,N24P-127,21,Market Building 21,396,368,1,765,48.1,47,6.1,469,97,6,629,P1,372,74.6,15.4,371,169,600,P1,False,A,1,,0,322,
North 24 Parganas,127,N24P-127,22,Anganwadi Centre 22,318,292,0,610,47.87,31,5.1,277,179,2,509,P1,98,54.4,35.2,296,180,530,P1,False,B,3,,0,257,
North 24 Parganas,127,N24P-127,23,Madrasa 23,320,296,0,616,48.05,27,4.4,373,101,4,526,P1,272,70.9,19.2,297,138,484,P1,False,A,1,,0,259,
North 24 Parganas,127,N24P-127,24,Anganwadi Centre 24,313,310,1,624,49.68,31,5.0,327,131,5,508,P1,196,64.4,25.8,253,155,503,P1,False,B,3,,0,263,
North 24 Parganas,127,N24P-127,25,Primary School 25,407,405,0,812,49.88,52,6.4,458,162,3,689,P1,296,66.5,23.5,375,212,678,P1,False,A,1,,0,342,
North 24 Parganas,127,N24P-127,26,Primary School 26,275,265,1,541,48.98,21,3.9,285,138,4,470,P1,147,60.6,29.4,210,141,458,P1,False,B,3,,0,228,
North 24 Parganas,127,N24P-127,27,Madrasa 27,396,357,1,754,47.35,31,4.1,355,159,6,571,P1,196,62.2,27.8,334,201,609,P1,False,B,3,,0,317,
North 24 Parganas,127,N24P-127,28,Market Building 28,291,301,0,592,50.84,22,3.7,246,158,2,449,P1,88,54.8,35.2,273,154,474,P1,False,B,3,,0,249,
North 24 Parganas,127,N24P-127,29,Club Building 29,396,385,1,782,49.23,42,5.4,362,190,9,661,P1,172,54.8,28.7,368,241,677,P1,False,B,3,,0,329,
North 24 Parganas,127,N24P-127,30,Primary School 30,355,355,1,711,49.93,25,3.5,283,216,3,554,P1,67,51.1,39.0,361,147,581,P1,False,B,3,,0,299,
North 24 Parganas,127,N24P-127,31,Govt Office 31,245,248,1,494,50.2,28,5.7,235,112,7,424,P1,123,55.4,26.4,276,84,399,P1,False,B,3,,0,208,
North 24 Parganas,127,N24P-127,32,Anganwadi Centre 32,382,343,0,725,47.31,40,5.5,349,170,9,611,P1,179,57.1,27.8,302,137,579,P1,False,B,3,,0,305,
North 24 Parganas,127,N24P-127,33,Community Hall 33,345,344,1,690,49.86,28,4.1,298,173,9,571,P1,125,52.2,30.3,328,203,590,P1,False,B,3,,0,290,
North 24 Parganas,127,N24P-127,34,Market Building 34,371,377,1,749,50.33,29,3.9,299,186,7,591,P1,113,50.6,31.5,309,190,603,P1,False,B,3,,0,315,
North 24 Parganas,127,N24P-127,35,Health Sub-Centre 35,292,288,0,580,49.66,22,3.8,271,96,8,446,P1,175,60.8,21.5,295,104,443,P1,False,B,3,,0,244,
North 24 Parganas,127,N24P-127,36,Panchayat Bhavan 36,398,411,1,810,50.74,38,4.7,436,143,6,644,P1,293,67.7,22.2,370,220,685,P1,False,A,1,,0,341,
North 24 Parganas,127,N24P-127,37,Market Building 37,358,331,1,690,47.97,39,5.7,387,148,4,594,P1,239,65.2,24.9,313,205,575,P1,False,A,1,,0,290,
North 24 Parganas,127,N24P-127,38,Post Office 38,256,263,1,520,50.58,29,5.6,254,100,2,393,P1,154,64.6,25.4,339,42,424,P1,False,B,3,,0,219,
North 24 Parganas,127,N24P-127,39,Market Building 39,387,349,1,737,47.35,33,4.5,335,165,4,563,P1,170,59.5,29.3,385,160,606,P1,False,B,3,,0,310,
North 24 Parganas,127,N24P-127,40,Madrasa 40,409,411,0,820,50.12,45,5.5,472,154,2,696,P1,318,67.8,22.1,477,144,690,P1,False,A,1,,0,345,
North 24 Parganas,127,N24P-127,41,Community Hall 41,403,398,1,802,49.63,49,6.1,377,208,5,650,P1,169,58.0,32.0,350,184,611,P1,False,B,3,,0,338,
North 24 Parganas,127,N24P-127,42,Madrasa 42,329,329,0,658,50.0,34,5.2,332,133,4,516,P1,199,64.3,25.8,361,92,504,P1,False,B,3,,0,277,
North 24 Parganas,127,N24P-127,43,Anganwadi Centre 43,386,356,1,743,47.91,35,4.7,297,184,6,573,P1,113,51.8,32.1,301,215,605,P1,False,B,3,,0,313,
North 24 Parganas,127,N24P-127,44,Health Sub-Centre 44,277,258,0,535,48.22,34,6.4,241,136,4,419,P1,105,57.5,32.5,273,142,461,P1,False,B,3,,0,225,
North 24 Parganas,127,N24P-127,45,High School 45,368,341,0,709,48.1,37,5.2,316,166,8,567,P1,150,55.7,29.3,286,152,561,P1,False,B,3,,0,298,
North 24 Parganas,127,N24P-127,46,High School 46,414,399,0,813,49.08,31,3.8,411,191,6,669,P1,220,61.4,28.6,401,231,702,P1,False,B,3,,0,342,
North 24 Parganas,127,N24P-127,47,Club Building 47,257,242,1,500,48.4,18,3.6,208,150,9,436,P1,58,47.7,34.4,210,123,424,P1,False,B,3,,0,210,
North 24 Parganas,127,N24P-127,48,Club Building 48,382,363,1,746,48.66,39,5.2,351,200,5,612,P1,151,57.4,32.7,404,125,588,P1,False,B,3,,0,314,
North 24 Parganas,127,N24P-127,49,High School 49,260,252,1,513,49.12,19,3.7,171,129,6,401,P1,42,42.6,32.2,311,91,447,P1,False,B,3,,0,216,
North 24 Parganas,127,N24P-127,50,High School 50,348,327,1,676,48.37,43,6.4,279,171,5,523,P1,108,53.3,32.7,367,142,583,P1,False,B,3,,0,284,
North 24 Parganas,127,N24P-127,51,Health Sub-Centre 51,320,292,1,613,47.63,22,3.6,348,104,3,502,P1,244,69.3,20.7,354,118,524,P1,False,A,1,,0,258,
North 24 Parganas,127,N24P-127,52,Primary School 52,356,355,0,711,49.93,42,5.9,304,201,4,615,P1,103,49.4,32.7,303,250,614,P1,False,B,3,,0,299,
North 24 Parganas,127,N24P-127,53,Govt Office 53,332,315,0,647,48.69,40,6.2,281,129,9,497,P1,152,56.5,26.0,301,160,512,P1,False,B,3,,0,272,
North 24 Parganas,127,N24P-127,54,Club Building 54,341,348,1,690,50.43,36,5.2,301,154,6,554,P1,147,54.3,27.8,298,172,535,P1,False,B,3,,0,290,
North 24 Parganas,127,N24P-127,55,Govt Office 55,292,299,0,591,50.59,33,5.6,279,148,5,479,P1,131,58.2,30.9,298,132,478,P1,False,B,3,,0,249,
North 24 Parganas,127,N24P-127,56,Health Sub-Centre 56,323,330,1,654,50.46,27,4.1,244,179,4,521,P1,65,46.8,34.4,351,138,543,P1,False,B,3,,0,275,
North 24 Parganas,127,N24P-127,57,Madrasa 57,357,335,0,692,48.41,40,5.8,345,185,4,589,P1,160,58.6,31.4,351,191,602,P1,False,B,3,,0,291,
North 24 Parganas,127,N24P-127,58,Club Building 58,368,357,1,726,49.17,45,6.2,389,164,5,614,P1,225,63.4,26.7,342,142,616,P1,False,B,3,,0,306,
North 24 Parganas,127,N24P-127,59,Primary School 59,353,361,1,715,50.49,36,5.0,276,184,5,578,P1,92,47.8,31.8,425,135,623,P1,False,B,3,,0,301,
North 24 Parganas,127,N24P-127,60,High School 60,293,299,0,592,50.51,26,4.4,275,130,4,450,P1,145,61.1,28.9,268,153,501,P1,False,B,3,,0,249,
North 24 Parganas,127,N24P-127,61,Community Hall 61,406,400,0,806,49.63,51,6.3,314,130,18,613,P1,169,51.2,21.2,370,188,682,P1,False,B,3,,0,339,
North 24 Parganas,127,N24P-127,62,Madrasa 62,327,317,0,644,49.22,40,6.2,288,111,9,562,P1,139,51.2,19.8,317,131,498,P1,False,B,3,,0,271,
North 24 Parganas,127,N24P-127,63,Community Hall 63,316,303,1,620,48.87,27,4.4,285,171,2,507,P1,114,56.2,33.7,290,141,479,P1,False,B,3,,0,261,
North 24 Parganas,127,N24P-127,64,High School 64,269,261,1,531,49.15,26,4.9,221,133,3,413,P1,88,53.5,32.2,258,117,416,P1,False,B,3,,0,223,
North 24 Parganas,127,N24P-127,65,Temple Hall 65,398,388,0,786,49.36,50,6.4,382,180,3,624,P1,202,61.2,28.8,454,155,677,P1,False,B,3,,0,331,
North 24 Parganas,127,N24P-127,66,Govt Office 66,285,275,1,561,49.02,33,5.9,304,114,2,464,P1,190,65.5,24.6,259,122,430,P1,False,A,1,,0,236,
North 24 Parganas,127,N24P-127,67,Health Sub-Centre 67,381,371,0,752,49.34,48,6.4,329,156,10,599,P1,173,54.9,26.0,360,213,636,P1,False,B,3,,0,316,
North 24 Parganas,127,N24P-127,68,High School 68,273,279,1,553,50.45,33,6.0,235,184,5,478,P1,51,49.2,38.5,290,137,475,P1,False,B,3,,0,233,
North 24 Parganas,127,N24P-127,69,Primary School 69,253,240,1,494,48.58,26,5.3,265,111,3,417,P1,154,63.5,26.6,281,78,399,P1,False,B,3,,0,208,
North 24 Parganas,127,N24P-127,70,Community Hall 70,294,270,0,564,47.87,21,3.7,319,114,5,485,P1,205,65.8,23.5,248,143,435,P1,False,A,1,,0,237,
North 24 Parganas,127,N24P-127,71,Govt Office 71,356,352,0,708,49.72,41,5.8,315,185,3,555,P1,130,56.8,33.3,362,153,572,P1,False,B,3,,0,298,
North 24 Parganas,127,N24P-127,72,Govt Office 72,365,366,0,731,50.07,33,4.5,330,219,6,610,P1,111,54.1,35.9,259,105,563,P1,False,B,3,,0,308,
North 24 Parganas,127,N24P-127,73,Madrasa 73,322,296,1,619,47.82,30,4.8,273,119,10,493,P1,154,55.4,24.1,308,123,479,P1,False,B,3,,0,260,
North 24 Parganas,127,N24P-127,74,High School 74,379,377,0,756,49.87,44,5.8,348,185,5,592,P1,163,58.8,31.2,339,236,639,P1,False,B,3,,0,318,
North 24 Parganas,127,N24P-127,75,Temple Hall 75,364,333,1,698,47.71,37,5.3,331,167,8,565,P1,164,58.6,29.6,353,167,602,P1,False,B,3,,0,294,
North 24 Parganas,127,N24P-127,76,High School 76,394,399,1,794,50.25,39,4.9,417,190,3,674,P1,227,61.9,28.2,364,200,626,P1,False,B,3,,0,334,
North 24 Parganas,127,N24P-127,77,Community Hall 77,379,358,0,737,48.58,37,5.0,342,168,5,602,P1,174,56.8,27.9,370,147,587,P1,False,B,3,,0,310,
North 24 Parganas,127,N24P-127,78,Club Building 78,362,344,0,706,48.73,35,5.0,280,172,6,542,P1,108,51.7,31.7,317,189,562,P1,False,B,3,,0,297,
North 24 Parganas,127,N24P-127,79,Anganwadi Centre 79,304,278,1,583,47.68,33,5.7,323,104,2,474,P1,219,68.1,21.9,280,83,467,P1,False,A,1,,0,245,
North 24 Parganas,127,N24P-127,80,Govt Office 80,295,285,1,581,49.05,34,5.9,255,161,3,462,P1,94,55.2,34.8,269,142,457,P1,False,B,3,,0,245,
North 24 Parganas,127,N24P-127,81,Health Sub-Centre 81,407,405,1,813,49.82,52,6.4,324,253,4,672,P1,71,48.2,37.6,352,241,659,P1,False,B,3,,0,342,
North 24 Parganas,127,N24P-127,82,High School 82,338,343,0,681,50.37,32,4.7,332,171,8,571,P1,161,58.1,29.9,332,157,543,P1,False,B,3,,0,287,
North 24 Parganas,127,N24P-127,83,Anganwadi Centre 83,373,372,0,745,49.93,36,4.8,325,202,5,588,P1,123,55.3,34.4,308,218,585,P1,False,B,3,,0,314,
North 24 Parganas,127,N24P-127,84,Temple Hall 84,285,278,1,564,49.29,22,3.9,283,158,5,490,P1,125,57.8,32.2,266,155,468,P1,False,B,3,,0,237,
North 24 Parganas,127,N24P-127,85,Club Building 85,325,292,0,617,47.33,33,5.3,257,138,10,489,P1,119,52.6,28.2,318,122,489,P1,False,B,3,,0,260,
North 24 Parganas,127,N24P-127,86,Market Building 86,406,402,0,808,49.75,44,5.4,428,164,3,659,P1,264,64.9,24.9,397,174,635,P1,False,B,3,,0,340,
North 24 Parganas,127,N24P-127,87,Madrasa 87,368,374,0,742,50.4,29,3.9,316,223,9,639,P1,93,49.5,34.9,404,167,635,P1,False,B,3,,0,312,
North 24 Parganas,127,N24P-127,88,Community Hall 88,415,402,1,818,49.14,36,4.4,421,163,4,667,P1,258,63.1,24.4,298,216,675,P1,False,B,3,,0,344,
North 24 Parganas,127,N24P-127,89,Market Building 89,405,398,1,804,49.5,33,4.1,448,142,5,655,P1,306,68.4,21.7,459,129,653,P1,False,A,1,,0,338,
North 24 Parganas,127,N24P-127,90,Health Sub-Centre 90,333,302,1,636,47.48,28,4.4,300,163,2,523,P1,137,57.4,31.2,258,172,529,P1,False,B,3,,0,268,
North 24 Parganas,127,N24P-127,91,Community Hall 91,328,300,0,628,47.77,31,4.9,245,163,4,493,P1,82,49.7,33.1,321,157,534,P1,False,B,3,,0,264,
North 24 Parganas,127,N24P-127,92,Anganwadi Centre 92,395,396,1,792,50.0,41,5.2,376,243,3,687,P1,133,54.7,35.4,354,186,600,P1,False,B,3,,0,333,
North 24 Parganas,127,N24P-127,93,Post Office 93,290,280,1,571,49.04,32,5.6,247,148,3,439,P1,99,56.3,33.7,275,107,491,P1,False,B,3,,0,240,
North 24 Parganas,127,N24P-127,94,Panchayat Bhavan 94,334,318,1,653,48.7,32,4.9,340,157,4,570,P1,183,59.6,27.5,331,133,515,P1,False,B,3,,0,275,
North 24 Parganas,127,N24P-127,95,Community Hall 95,383,363,0,746,48.66,31,4.2,308,128,6,617,P1,139,49.9,20.7,345,209,616,P1,False,B,3,,0,314,
North 24 Parganas,127,N24P-127,96,Anganwadi Centre 96,322,333,0,655,50.84,41,6.3,268,181,3,499,P1,87,53.7,36.3,353,113,517,P1,False,B,3,,0,276,
North 24 Parganas,127,N24P-127,97,Panchayat Bhavan 97,275,271,0,546,49.63,25,4.6,238,124,5,439,P1,114,54.2,28.2,245,140,428,P1,False,B,3,,0,230,
North 24 Parganas,127,N24P-127,98,Govt Office 98,298,285,0,583,48.89,34,5.8,343,102,4,494,P1,241,69.4,20.6,275,125,485,P1,False,A,1,,0,245,
North 24 Parganas,127,N24P-127,99,Health Sub-Centre 99,344,338,0,682,49.56,26,3.8,304,173,4,530,P1,131,57.4,32.6,290,172,525,P1,False,B,3,,0,287,
North 24 Parganas,127,N24P-127,100,Community Hall 100,267,261,1,529,49.34,21,4.0,278,109,3,429,P1,169,64.8,25.4,228,127,421,P1,False,B,3,,0,223,
North 24 Parganas,127,N24P-127,101,Govt Office 101,318,308,0,626,49.2,28,4.5,302,143,3,494,P1,159,61.1,28.9,267,178,531,P1,False,B,3,,0,263,
North 24 Parganas,127,N24P-127,102,Post Office 102,251,241,0,492,48.98,29,5.9,251,133,3,427,P1,118,58.8,31.1,241,144,428,P1,False,B,3,,0,207,
North 24 Parganas,127,N24P-127,103,Anganwadi Centre 103,309,290,0,599,48.41,23,3.8,271,154,5,472,P1,117,57.4,32.6,280,144,481,P1,False,B,3,,0,252,
North 24 Parganas,127,N24P-127,104,Market Building 104,285,259,1,545,47.52,27,5.0,280,146,6,473,P1,134,59.2,30.9,258,98,461,P1,False,B,3,,0,229,
North 24 Parganas,127,N24P-127,105,Temple Hall 105,378,360,1,739,48.71,44,6.0,361,185,7,630,P1,176,57.3,29.4,410,161,635,P1,False,B,3,,0,311,
North 24 Parganas,127,N24P-127,106,Anganwadi Centre 106,312,309,0,621,49.76,26,4.2,338,125,4,514,P1,213,65.8,24.3,285,145,477,P1,False,A,1,,0,261,
North 24 Parganas,127,N24P-127,107,Primary School 107,368,333,0,701,47.5,43,6.1,248,197,9,580,P1,51,42.8,34.0,307,111,561,P1,False,B,3,,0,295,
North 24 Parganas,127,N24P-127,108,Primary School 108,334,305,1,640,47.66,33,5.2,371,107,3,531,P1,264,69.9,20.2,355,136,545,P1,False,A,1,,0,269,
North 24 Parganas,127,N24P-127,109,Club Building 109,261,237,0,498,47.59,19,3.8,203,113,7,394,P1,90,51.5,28.7,223,152,430,P1,False,B,3,,0,210,
North 24 Parganas,127,N24P-127,110,Madrasa 110,275,284,1,560,50.71,22,3.9,253,164,3,463,P1,89,54.6,35.4,250,152,447,P1,False,B,3,,0,236,
North 24 Parganas,127,N24P-127,111,Market Building 111,276,281,0,557,50.45,20,3.6,223,174,3,449,P1,49,49.7,38.8,266,128,448,P1,False,B,3,,0,234,
North 24 Parganas,127,N24P-127,112,Madrasa 112,410,410,0,820,50.0,45,5.5,479,125,3,671,P1,354,71.4,18.6,421,124,676,P1,False,A,1,,0,345,
North 24 Parganas,127,N24P-127,113,Panchayat Bhavan 113,358,328,1,687,47.74,41,6.0,316,179,3,550,P1,137,57.5,32.5,342,136,531,P1,False,B,3,,0,289,
North 24 Parganas,127,N24P-127,114,Anganwadi Centre 114,367,349,0,716,48.74,39,5.4,374,135,2,566,P1,239,66.1,23.9,317,199,600,P1,False,A,1,,0,301,
North 24 Parganas,127,N24P-127,115,Club Building 115,281,278,0,559,49.73,20,3.6,309,130,3,487,P1,179,63.4,26.7,267,156,470,P1,False,B,3,,0,235,
North 24 Parganas,127,N24P-127,116,Madrasa 116,342,351,1,694,50.58,36,5.2,357,156,4,570,P1,201,62.6,27.4,343,158,556,P1,False,B,3,,0,292,
North 24 Parganas,127,N24P-127,117,Post Office 117,342,349,1,692,50.43,41,5.9,387,119,6,562,P1,268,68.9,21.2,263,186,533,P1,False,A,1,,0,291,
North 24 Parganas,127,N24P-127,118,Primary School 118,250,256,1,507,50.49,32,6.3,263,83,2,385,P1,180,68.3,21.6,201,142,427,P1,False,A,1,,0,213,
North 24 Parganas,127,N24P-127,119,Anganwadi Centre 119,371,334,0,705,47.38,34,4.8,360,148,5,580,P1,212,62.1,25.5,355,165,606,P1,False,B,3,,0,297,
North 24 Parganas,127,N24P-127,120,Post Office 120,330,340,1,671,50.67,40,6.0,335,165,6,555,P1,170,60.4,29.7,319,194,571,P1,False,B,3,,0,282,
North 24 Parganas,127,N24P-127,121,Madrasa 121,343,317,0,660,48.03,28,4.2,289,158,7,507,P1,131,57.0,31.2,330,162,546,P1,False,B,3,,0,278,
North 24 Parganas,127,N24P-127,122,Post Office 122,361,350,0,711,49.23,42,5.9,298,144,10,547,P1,154,54.5,26.3,303,172,577,P1,False,B,3,,0,299,
North 24 Parganas,127,N24P-127,123,Market Building 123,259,267,1,527,50.66,30,5.7,205,154,6,411,P1,51,49.9,37.5,220,104,403,P1,False,B,3,,0,222,
North 24 Parganas,127,N24P-127,124,Temple Hall 124,256,259,1,516,50.19,32,6.2,241,155,5,440,P1,86,54.8,35.2,260,138,449,P1,False,B,3,,0,217,
North 24 Parganas,127,N24P-127,125,Temple Hall 125,415,393,0,808,48.64,38,4.7,429,148,7,641,P1,281,66.9,23.1,441,180,690,P1,False,A,1,,0,340,
North 24 Parganas,127,N24P-127,126,Health Sub-Centre 126,256,255,1,512,49.8,29,5.7,236,133,4,425,P1,103,55.5,31.3,205,85,408,P1,False,B,3,,0,215,
North 24 Parganas,127,N24P-127,127,Madrasa 127,265,255,1,521,48.94,21,4.0,204,112,4,425,P1,92,48.0,26.4,182,117,410,P1,False,B,3,,0,219,
North 24 Parganas,127,N24P-127,128,Health Sub-Centre 128,368,369,1,738,50.0,34,4.6,332,196,5,587,P1,136,56.6,33.4,342,212,616,P1,False,B,3,,0,311,
North 24 Parganas,127,N24P-127,129,Govt Office 129,389,391,1,781,50.06,36,4.6,383,169,5,613,P1,214,62.5,27.6,323,215,600,P1,False,B,3,,0,329,
North 24 Parganas,127,N24P-127,130,Health Sub-Centre 130,303,296,1,600,49.33,33,5.5,243,170,7,473,P1,73,51.4,35.9,314,143,517,P1,False,B,3,,0,253,
North 24 Parganas,127,N24P-127,131,High School 131,323,292,1,616,47.4,35,5.7,280,139,7,523,P1,141,53.5,26.6,249,153,476,P1,False,B,3,,0,259,
North 24 Parganas,127,N24P-127,132,Madrasa 132,399,375,0,774,48.45,48,6.2,394,207,3,667,P1,187,59.1,31.0,453,152,673,P1,False,B,3,,0,326,
North 24 Parganas,127,N24P-127,133,High School 133,337,348,0,685,50.8,27,3.9,337,168,6,561,P1,169,60.1,29.9,346,167,570,P1,False,B,3,,0,288,
North 24 Parganas,127,N24P-127,134,Community Hall 134,239,245,0,484,50.62,20,4.1,261,85,2,385,P1,176,67.8,22.1,178,77,414,P1,False,A,1,,0,204,
North 24 Parganas,127,N24P-127,135,Anganwadi Centre 135,366,363,0,729,49.79,34,4.7,270,198,12,613,P1,72,44.0,32.3,394,152,607,P1,False,B,3,,0,307,
North 24 Parganas,127,N24P-127,136,Club Building 136,330,298,1,629,47.38,35,5.6,324,114,4,487,P1,210,66.5,23.4,263,152,541,P1,False,A,1,,0,265,
North 24 Parganas,127,N24P-127,137,Primary School 137,384,360,0,744,48.39,32,4.3,340,156,5,581,P1,184,58.5,26.9,369,209,642,P1,False,B,3,,0,313,
North 24 Parganas,127,N24P-127,138,Health Sub-Centre 138,287,292,0,579,50.43,26,4.5,286,106,11,501,P1,180,57.1,21.2,200,157,442,P1,False,B,3,,0,244,
North 24 Parganas,127,N24P-127,139,Community Hall 139,341,352,0,693,50.79,33,4.8,297,191,6,592,P1,106,50.2,32.3,440,102,602,P1,False,B,3,,0,292,
North 24 Parganas,127,N24P-127,140,Primary School 140,346,350,0,696,50.29,35,5.0,363,178,7,601,P1,185,60.4,29.6,316,170,540,P1,False,B,3,,0,293,
North 24 Parganas,127,N24P-127,141,Market Building 141,275,276,1,552,50.0,27,4.9,292,89,2,423,P1,203,69.0,21.0,231,179,456,P1,False,A,1,,0,232,
North 24 Parganas,127,N24P-127,142,Health Sub-Centre 142,328,301,1,630,47.78,30,4.8,249,148,9,492,P1,101,50.6,30.1,254,175,529,P1,False,B,3,,0,265,
North 24 Parganas,127,N24P-127,143,Govt Office 143,295,283,1,579,48.88,25,4.3,260,131,8,469,P1,129,55.4,27.9,218,155,490,P1,False,B,3,,0,244,
North 24 Parganas,127,N24P-127,144,Post Office 144,314,286,1,601,47.59,29,4.8,214,179,4,492,P1,35,43.5,36.4,299,141,488,P1,False,B,3,,0,253,
North 24 Parganas,127,N24P-127,145,Club Building 145,237,245,0,482,50.83,27,5.6,217,96,6,389,P1,121,55.8,24.7,205,113,367,P1,False,B,3,,0,203,
North 24 Parganas,127,N24P-127,146,Temple Hall 146,244,244,1,489,49.9,23,4.7,241,91,2,388,P1,150,62.1,23.5,250,114,404,P1,False,B,3,,0,206,
North 24 Parganas,127,N24P-127,147,Club Building 147,276,284,0,560,50.71,31,5.5,312,118,3,478,P1,194,65.3,24.7,160,116,450,P1,False,A,1,,0,236,
North 24 Parganas,127,N24P-127,148,Club Building 148,344,334,0,678,49.26,29,4.3,286,159,10,540,P1,127,53.0,29.4,327,160,541,P1,False,B,3,,0,285,
North 24 Parganas,127,N24P-127,149,Panchayat Bhavan 149,288,260,0,548,47.45,30,5.5,269,122,2,435,P1,147,61.8,28.0,225,146,420,P1,False,B,3,,0,231,
North 24 Parganas,127,N24P-127,150,Community Hall 150,328,300,0,628,47.77,41,6.5,379,107,5,540,P1,272,70.2,19.8,305,179,539,P1,False,A,1,,0,264,
North 24 Parganas,127,N24P-127,151,Panchayat Bhavan 151,368,371,1,740,50.14,46,6.2,402,156,3,620,P1,246,64.8,25.2,302,139,560,P1,False,B,3,,0,311,
North 24 Parganas,127,N24P-127,152,Govt Office 152,258,236,1,495,47.68,26,5.3,281,92,5,414,P1,189,67.9,22.2,220,89,395,P1,False,A,1,,0,208,
North 24 Parganas,127,N24P-127,153,Panchayat Bhavan 153,386,351,0,737,47.63,40,5.4,371,143,4,571,P1,228,65.0,25.0,363,146,596,P1,False,B,3,,0,310,
North 24 Parganas,127,N24P-127,154,Panchayat Bhavan 154,273,267,1,541,49.35,20,3.7,252,134,3,429,P1,118,58.7,31.2,246,89,432,P1,False,B,3,,0,228,
North 24 Parganas,127,N24P-127,155,Temple Hall 155,338,328,0,666,49.25,39,5.9,309,157,2,533,P1,152,58.0,29.5,261,195,555,P1,False,B,3,,0,280,
North 24 Parganas,127,N24P-127,156,Market Building 156,325,333,0,658,50.61,34,5.2,403,66,4,521,P1,337,77.4,12.7,316,197,570,P1,False,A,1,,0,277,
North 24 Parganas,127,N24P-127,157,Post Office 157,362,336,1,699,48.07,40,5.7,313,166,5,532,P1,147,58.8,31.2,323,200,582,P1,False,B,3,,0,294,
North 24 Parganas,127,N24P-127,158,Community Hall 158,370,378,0,748,50.53,41,5.5,324,204,4,636,P1,120,50.9,32.1,288,204,595,P1,False,B,3,,0,315,
North 24 Parganas,127,N24P-127,159,Anganwadi Centre 159,327,322,0,649,49.61,42,6.5,241,127,11,497,P1,114,48.5,25.6,365,118,537,P1,False,B,3,,0,273,
North 24 Parganas,127,N24P-127,160,Temple Hall 160,381,365,0,746,48.93,44,5.9,402,156,5,620,P1,246,64.8,25.2,386,161,615,P1,False,B,3,,0,314,
North 24 Parganas,127,N24P-127,161,Post Office 161,307,283,0,590,47.97,33,5.6,370,89,4,510,P1,281,72.5,17.5,258,175,506,P1,False,A,1,,0,248,
North 24 Parganas,127,N24P-127,162,Health Sub-Centre 162,290,266,0,556,47.84,29,5.2,268,113,2,423,P1,155,63.4,26.7,244,122,450,P1,False,B,3,,0,234,
North 24 Parganas,127,N24P-127,163,Anganwadi Centre 163,389,356,0,745,47.79,30,4.0,355,211,7,629,P1,144,56.4,33.5,378,200,643,P1,False,B,3,,0,314,
North 24 Parganas,127,N24P-127,164,Madrasa 164,287,285,1,573,49.74,29,5.1,236,168,5,451,P1,68,52.3,37.3,173,124,442,P1,False,B,3,,0,241,
North 24 Parganas,127,N24P-127,165,Health Sub-Centre 165,334,302,0,636,47.48,24,3.8,362,134,6,551,P1,228,65.7,24.3,274,166,489,P1,False,A,1,,0,268,
North 24 Parganas,127,N24P-127,166,Community Hall 166,378,342,1,721,47.43,40,5.5,374,182,4,618,P1,192,60.5,29.4,352,182,593,P1,False,B,3,,0,303,
North 24 Parganas,127,N24P-127,167,Temple Hall 167,328,295,1,624,47.28,24,3.8,366,89,2,506,P1,277,72.3,17.6,283,125,473,P1,False,A,1,,0,263,
North 24 Parganas,127,N24P-127,168,Panchayat Bhavan 168,322,309,1,632,48.89,31,4.9,341,127,3,520,P1,214,65.6,24.4,349,90,488,P1,False,A,1,,0,266,
North 24 Parganas,127,N24P-127,169,Panchayat Bhavan 169,296,277,0,573,48.34,23,4.0,306,114,4,466,P1,192,65.7,24.5,240,164,462,P1,False,A,1,,0,241,
North 24 Parganas,127,N24P-127,170,Post Office 170,342,353,0,695,50.79,29,4.2,325,134,4,530,P1,191,61.3,25.3,345,131,529,P1,False,B,3,,0,292,
North 24 Parganas,127,N24P-127,171,Temple Hall 171,248,249,0,497,50.1,25,5.0,293,71,1,405,P1,222,72.3,17.5,178,126,395,P1,False,A,1,,0,209,
North 24 Parganas,127,N24P-127,172,Community Hall 172,418,390,0,808,48.27,42,5.2,459,151,8,678,P1,308,67.7,22.3,390,169,622,P1,False,A,1,,0,340,
North 24 Parganas,127,N24P-127,173,High School 173,280,252,1,533,47.28,19,3.6,273,144,2,463,P1,129,59.0,31.1,268,116,427,P1,False,B,3,,0,224,
North 24 Parganas,127,N24P-127,174,Health Sub-Centre 174,358,362,1,721,50.21,39,5.4,346,162,5,594,P1,184,58.2,27.3,327,197,598,P1,False,B,3,,0,303,
North 24 Parganas,127,N24P-127,175,Temple Hall 175,393,375,1,769,48.76,41,5.3,362,186,9,625,P1,176,57.9,29.8,300,182,606,P1,False,B,3,,0,324,
North 24 Parganas,127,N24P-127,176,Primary School 176,294,290,0,584,49.66,30,5.1,291,142,3,481,P1,149,60.5,29.5,315,108,470,P1,False,B,3,,0,246,
North 24 Parganas,127,N24P-127,177,Community Hall 177,308,312,1,621,50.24,36,5.8,281,115,5,485,P1,166,57.9,23.7,310,160,522,P1,False,B,3,,0,261,
North 24 Parganas,127,N24P-127,178,Govt Office 178,333,321,1,655,49.01,27,4.1,300,176,2,528,P1,124,56.8,33.3,339,164,559,P1,False,B,3,,0,276,
North 24 Parganas,127,N24P-127,179,Post Office 179,365,369,0,734,50.27,29,4.0,348,174,8,610,P1,174,57.0,28.5,327,176,581,P1,False,B,3,,0,309,
North 24 Parganas,127,N24P-127,180,Club Building 180,301,288,0,589,48.9,35,5.9,234,146,5,468,P1,88,50.0,31.2,165,136,486,P1,False,B,3,,0,248,
North 24 Parganas,127,N24P-127,181,Post Office 181,384,390,0,774,50.39,40,5.2,469,129,5,665,P1,340,70.5,19.4,377,187,626,P1,False,A,1,,0,326,
North 24 Parganas,127,N24P-127,182,Anganwadi Centre 182,287,267,1,555,48.11,24,4.3,278,116,2,438,P1,162,63.5,26.5,258,108,430,P1,False,B,3,,0,234,
North 24 Parganas,127,N24P-127,183,Govt Office 183,363,360,0,723,49.79,26,3.6,358,210,7,631,P1,148,56.7,33.3,387,160,608,P1,False,B,3,,0,304,
North 24 Parganas,127,N24P-127,184,High School 184,288,272,1,561,48.48,36,6.4,305,110,4,462,P1,195,66.0,23.8,255,133,431,P1,False,A,1,,0,236,
North 24 Parganas,127,N24P-127,185,Club Building 185,317,311,0,628,49.52,26,4.1,247,176,3,515,P1,71,48.0,34.2,341,142,537,P1,False,B,3,,0,264,
North 24 Parganas,127,N24P-127,186,Primary School 186,410,375,0,785,47.77,38,4.8,400,184,9,680,P1,216,58.8,27.1,445,136,646,P1,False,B,3,,0,330,
North 24 Parganas,127,N24P-127,187,Madrasa 187,407,369,0,776,47.55,49,6.3,297,228,9,608,P1,69,48.8,37.5,340,231,644,P1,False,B,3,,0,327,
North 24 Parganas,128,N24P-128,1,Govt Office 1,298,302,0,600,50.33,26,4.3,263,173,5,485,P1,90,54.2,35.7,205,71,460,P1,False,B,3,,0,253,
North 24 Parganas,128,N24P-128,2,Health Sub-Centre 2,402,385,0,787,48.92,45,5.7,347,125,7,629,P1,203,55.2,19.9,347,172,638,P1,False,B,3,,0,331,
North 24 Parganas,128,N24P-128,3,Primary School 3,398,375,1,774,48.45,37,4.8,359,176,6,595,P1,183,60.3,29.6,346,172,623,P1,False,B,3,,0,326,
North 24 Parganas,128,N24P-128,4,High School 4,354,348,0,702,49.57,44,6.3,333,135,6,571,P1,198,58.3,23.6,373,179,613,P1,False,B,3,,0,295,
North 24 Parganas,128,N24P-128,5,Community Hall 5,287,297,1,585,50.77,37,6.3,283,160,6,492,P1,123,57.5,32.5,230,175,451,P1,False,B,3,,0,246,
North 24 Parganas,128,N24P-128,6,Health Sub-Centre 6,386,376,1,763,49.28,41,5.4,362,199,7,648,P1,163,55.9,30.7,327,148,606,P1,False,B,3,,0,321,
North 24 Parganas,128,N24P-128,7,Post Office 7,280,266,0,546,48.72,24,4.4,299,126,3,473,P1,173,63.2,26.6,240,119,415,P1,False,B,3,,0,230,
North 24 Parganas,128,N24P-128,8,Club Building 8,340,333,1,674,49.41,35,5.2,282,177,3,510,P1,105,55.3,34.7,274,189,574,P1,False,B,3,,0,284,
North 24 Parganas,128,N24P-128,9,High School 9,272,243,0,515,47.18,30,5.8,285,102,1,429,P1,183,66.4,23.8,237,157,438,P1,False,A,1,,0,217,
North 24 Parganas,128,N24P-128,10,Market Building 10,375,383,1,759,50.46,33,4.3,377,202,6,643,P1,175,58.6,31.4,407,166,648,P1,False,B,3,,0,319,
North 24 Parganas,128,N24P-128,11,Primary School 11,316,316,1,633,49.92,23,3.6,294,171,3,517,P1,123,56.9,33.1,333,119,502,P1,False,B,3,,0,266,
North 24 Parganas,128,N24P-128,12,High School 12,340,306,1,647,47.3,27,4.2,331,136,4,518,P1,195,63.9,26.3,369,125,549,P1,False,B,3,,0,272,
North 24 Parganas,128,N24P-128,13,Club Building 13,330,320,0,650,49.23,41,6.3,321,132,2,503,P1,189,63.8,26.2,343,120,514,P1,False,B,3,,0,274,
North 24 Parganas,128,N24P-128,14,Club Building 14,264,246,1,511,48.14,30,5.9,179,138,5,416,P1,41,43.0,33.2,242,125,424,P1,False,B,3,,0,215,
North 24 Parganas,128,N24P-128,15,Post Office 15,402,402,0,804,50.0,45,5.6,286,217,9,632,P1,69,45.3,34.3,430,131,624,P1,False,B,3,,0,338,
North 24 Parganas,128,N24P-128,16,Primary School 16,241,244,0,485,50.31,24,4.9,253,89,4,380,P1,164,66.6,23.4,219,77,387,P1,False,A,1,,0,204,
North 24 Parganas,128,N24P-128,17,Anganwadi Centre 17,420,396,0,816,48.53,47,5.8,379,177,6,618,P1,202,61.3,28.6,332,240,683,P1,False,B,3,,0,343,
North 24 Parganas,128,N24P-128,18,Anganwadi Centre 18,271,259,0,530,48.87,25,4.7,236,176,3,462,P1,60,51.1,38.1,239,138,419,P1,False,B,3,,0,223,
North 24 Parganas,128,N24P-128,19,Govt Office 19,411,389,1,801,48.56,42,5.2,333,193,7,627,P1,140,53.1,30.8,351,203,616,P1,False,B,3,,0,337,
North 24 Parganas,128,N24P-128,20,Post Office 20,378,385,1,764,50.39,32,4.2,404,150,8,641,P1,254,63.0,23.4,364,157,579,P1,False,B,3,,0,322,
North 24 Parganas,128,N24P-128,21,Post Office 21,323,290,1,614,47.23,37,6.0,241,196,4,485,P1,45,49.7,40.4,333,114,496,P1,False,B,3,,0,258,
North 24 Parganas,128,N24P-128,22,High School 22,397,378,0,775,48.77,35,4.5,315,218,5,614,P1,97,51.3,35.5,348,226,662,P1,False,B,3,,0,326,
North 24 Parganas,128,N24P-128,23,Madrasa 23,277,262,1,540,48.52,28,5.2,243,118,5,415,P1,125,58.6,28.4,260,128,431,P1,False,B,3,,0,227,
North 24 Parganas,128,N24P-128,24,Temple Hall 24,263,249,0,512,48.63,28,5.5,247,113,2,408,P1,134,60.5,27.7,296,104,444,P1,False,B,3,,0,215,
North 24 Parganas,128,N24P-128,25,Health Sub-Centre 25,304,300,0,604,49.67,36,6.0,254,92,14,468,P1,151,54.3,19.7,290,141,516,P1,False,B,3,,0,254,
North 24 Parganas,128,N24P-128,26,Primary School 26,390,362,1,753,48.07,38,5.0,329,219,6,609,P1,110,54.0,36.0,388,126,571,P1,False,B,3,,0,317,
North 24 Parganas,128,N24P-128,27,High School 27,252,247,1,500,49.4,28,5.6,238,107,1,388,P1,131,61.3,27.6,222,122,412,P1,False,B,3,,0,210,
North 24 Parganas,128,N24P-128,28,Health Sub-Centre 28,387,375,0,762,49.21,45,5.9,315,170,8,645,P1,145,48.8,26.4,378,162,600,P1,False,B,3,,0,321,
North 24 Parganas,128,N24P-128,29,High School 29,366,364,1,731,49.79,44,6.0,306,147,13,574,P1,159,53.3,25.6,368,143,568,P1,False,B,3,,0,308,
North 24 Parganas,128,N24P-128,30,Govt Office 30,392,387,1,780,49.62,39,5.0,464,129,8,659,P1,335,70.4,19.6,442,93,595,P1,False,A,1,,0,328,
North 24 Parganas,128,N24P-128,31,Primary School 31,402,402,0,804,50.0,29,3.6,302,244,7,614,P1,58,49.2,39.7,306,187,666,P1,False,B,3,,0,338,
North 24 Parganas,128,N24P-128,32,Post Office 32,362,341,1,704,48.44,45,6.4,353,145,6,556,P1,208,63.5,26.1,298,212,589,P1,False,B,3,,0,296,
North 24 Parganas,128,N24P-128,33,Club Building 33,391,370,0,761,48.62,30,3.9,348,191,6,599,P1,157,58.1,31.9,334,234,631,P1,False,B,3,,0,320,
North 24 Parganas,128,N24P-128,34,High School 34,318,323,1,642,50.31,36,5.6,365,129,5,549,P1,236,66.5,23.5,312,159,523,P1,False,A,1,,0,270,
North 24 Parganas,128,N24P-128,35,Temple Hall 35,289,291,0,580,50.17,25,4.3,276,127,2,447,P1,149,61.7,28.4,243,156,443,P1,False,B,3,,0,244,
North 24 Parganas,128,N24P-128,36,Govt Office 36,415,382,0,797,47.93,32,4.0,399,206,3,672,P1,193,59.4,30.7,392,127,685,P1,False,B,3,,0,335,
North 24 Parganas,128,N24P-128,37,Govt Office 37,251,239,1,491,48.68,22,4.5,249,113,5,402,P1,136,61.9,28.1,236,127,423,P1,False,B,3,,0,207,
North 24 Parganas,128,N24P-128,38,Post Office 38,251,239,1,491,48.68,24,4.9,273,97,5,423,P1,176,64.5,22.9,274,111,427,P1,False,B,3,,0,207,
North 24 Parganas,128,N24P-128,39,Club Building 39,287,281,0,568,49.47,26,4.6,254,113,6,460,P1,141,55.2,24.6,290,117,469,P1,False,B,3,,0,239,
North 24 Parganas,128,N24P-128,40,Temple Hall 40,264,258,1,523,49.33,32,6.1,228,110,4,402,P1,118,56.7,27.4,267,124,443,P1,False,B,3,,0,220,
North 24 Parganas,128,N24P-128,41,Govt Office 41,262,260,0,522,49.81,20,3.8,260,125,3,428,P1,135,60.7,29.2,259,126,428,P1,False,B,3,,0,220,
North 24 Parganas,128,N24P-128,42,Anganwadi Centre 42,371,366,0,737,49.66,29,3.9,304,214,7,576,P1,90,52.8,37.2,334,186,578,P1,False,B,3,,0,310,
North 24 Parganas,128,N24P-128,43,Govt Office 43,357,329,0,686,47.96,25,3.6,367,111,6,531,P1,256,69.1,20.9,290,187,566,P1,False,A,1,,0,289,
North 24 Parganas,128,N24P-128,44,Health Sub-Centre 44,363,340,0,703,48.36,40,5.7,365,158,5,581,P1,207,62.8,27.2,323,150,537,P1,False,B,3,,0,296,
North 24 Parganas,128,N24P-128,45,High School 45,262,244,1,507,48.13,26,5.1,234,77,7,432,P1,124,54.2,17.8,236,92,399,P1,False,B,3,,0,213,
North 24 Parganas,128,N24P-128,46,Temple Hall 46,397,404,0,801,50.44,51,6.4,355,216,7,679,P1,139,52.3,31.8,428,157,651,P1,False,B,3,,0,337,
North 24 Parganas,128,N24P-128,47,Temple Hall 47,362,338,0,700,48.29,41,5.9,391,139,6,589,P1,252,66.4,23.6,304,169,587,P1,False,A,1,,0,295,
North 24 Parganas,128,N24P-128,48,Madrasa 48,361,345,0,706,48.87,33,4.7,251,199,7,538,P1,52,46.7,37.0,361,98,553,P1,False,B,3,,0,297,
North 24 Parganas,128,N24P-128,49,Panchayat Bhavan 49,365,353,1,719,49.1,44,6.1,372,167,3,618,P1,205,60.2,27.0,275,231,565,P1,False,B,3,,0,303,
North 24 Parganas,128,N24P-128,50,Panchayat Bhavan 50,352,340,0,692,49.13,31,4.5,325,165,4,545,P1,160,59.6,30.3,277,219,596,P1,False,B,3,,0,291,
North 24 Parganas,128,N24P-128,51,Govt Office 51,252,236,0,488,48.36,18,3.7,204,111,3,389,P1,93,52.4,28.5,222,117,401,P1,False,B,3,,0,205,
North 24 Parganas,128,N24P-128,52,Primary School 52,338,309,0,647,47.76,28,4.3,315,153,5,528,P1,162,59.7,29.0,363,143,562,P1,False,B,3,,0,272,
North 24 Parganas,128,N24P-128,53,Govt Office 53,260,255,0,515,49.51,22,4.3,248,129,2,419,P1,119,59.2,30.8,283,114,441,P1,False,B,3,,0,217,
North 24 Parganas,128,N24P-128,54,Panchayat Bhavan 54,298,306,1,605,50.58,22,3.6,202,159,5,485,P1,43,41.6,32.8,307,151,509,P1,False,B,3,,0,255,
North 24 Parganas,128,N24P-128,55,High School 55,381,367,0,748,49.06,27,3.6,319,199,3,604,P1,120,52.8,32.9,311,205,574,P1,False,B,3,,0,315,
North 24 Parganas,128,N24P-128,56,Govt Office 56,419,383,0,802,47.76,31,3.9,352,217,2,633,P1,135,55.6,34.3,380,232,680,P1,False,B,3,,0,338,
North 24 Parganas,128,N24P-128,57,Madrasa 57,310,304,1,615,49.43,30,4.9,319,126,6,494,P1,193,64.6,25.5,270,140,514,P1,False,B,3,,0,259,
North 24 Parganas,128,N24P-128,58,Primary School 58,269,276,0,545,50.64,29,5.3,256,152,2,453,P1,104,56.5,33.6,290,90,422,P1,False,B,3,,0,229,
North 24 Parganas,128,N24P-128,59,Madrasa 59,272,246,1,519,47.4,28,5.4,198,132,6,425,P1,66,46.6,31.1,280,107,430,P1,False,B,3,,0,218,
North 24 Parganas,128,N24P-128,60,Temple Hall 60,283,288,0,571,50.44,37,6.5,290,92,6,486,P1,196,59.7,18.9,264,144,490,P1,False,B,3,,0,240,
North 24 Parganas,128,N24P-128,61,Anganwadi Centre 61,331,327,0,658,49.7,26,4.0,268,190,7,557,P1,78,48.1,34.1,318,158,529,P1,False,B,3,,0,277,
North 24 Parganas,128,N24P-128,62,High School 62,406,368,1,775,47.48,30,3.9,304,160,7,586,P1,144,51.9,27.3,467,135,668,P1,False,B,3,,0,326,
North 24 Parganas,128,N24P-128,63,Market Building 63,327,316,1,644,49.07,40,6.2,336,131,4,519,P1,205,64.7,25.2,327,150,530,P1,False,B,3,,0,271,
North 24 Parganas,128,N24P-128,64,Madrasa 64,285,258,0,543,47.51,32,5.9,283,133,3,462,P1,150,61.3,28.8,270,137,452,P1,False,B,3,,0,229,
North 24 Parganas,128,N24P-128,65,High School 65,247,243,1,491,49.49,20,4.1,197,137,4,425,P1,60,46.4,32.2,214,128,386,P1,False,B,3,,0,207,
North 24 Parganas,128,N24P-128,66,Primary School 66,280,283,1,564,50.18,31,5.5,255,161,5,463,P1,94,55.1,34.8,227,130,444,P1,False,B,3,,0,237,
North 24 Parganas,128,N24P-128,67,Health Sub-Centre 67,271,247,0,518,47.68,31,6.0,197,134,9,412,P1,63,47.8,32.5,232,114,406,P1,False,B,3,,0,218,
North 24 Parganas,128,N24P-128,68,Primary School 68,356,356,1,713,49.93,36,5.0,290,224,4,571,P1,66,50.8,39.2,334,173,563,P1,False,B,3,,0,300,
North 24 Parganas,128,N24P-128,69,Primary School 69,388,357,1,746,47.86,34,4.6,342,201,3,603,P1,141,56.7,33.3,370,145,572,P1,False,B,3,,0,314,
North 24 Parganas,128,N24P-128,70,Panchayat Bhavan 70,293,285,1,579,49.22,25,4.3,291,141,2,480,P1,150,60.6,29.4,294,124,471,P1,False,B,3,,0,244,
North 24 Parganas,128,N24P-128,71,Community Hall 71,404,361,0,765,47.19,41,5.4,394,207,6,667,P1,187,59.1,31.0,460,137,664,P1,False,B,3,,0,322,
North 24 Parganas,128,N24P-128,72,High School 72,388,400,1,789,50.7,50,6.3,436,143,7,644,P1,293,67.7,22.2,369,221,661,P1,False,A,1,,0,332,
North 24 Parganas,128,N24P-128,73,Madrasa 73,412,374,1,787,47.52,36,4.6,464,141,5,672,P1,323,69.0,21.0,333,183,621,P1,False,A,1,,0,331,
North 24 Parganas,128,N24P-128,74,Club Building 74,276,259,1,536,48.32,27,5.0,248,135,2,425,P1,113,58.4,31.8,222,134,420,P1,False,B,3,,0,226,
North 24 Parganas,128,N24P-128,75,Post Office 75,385,370,0,755,49.01,45,6.0,395,197,2,658,P1,198,60.0,29.9,304,273,650,P1,False,B,3,,0,318,
North 24 Parganas,128,N24P-128,76,Primary School 76,322,320,0,642,49.84,38,5.9,364,118,2,542,P1,246,67.2,21.8,178,178,498,P1,False,A,1,,0,270,
North 24 Parganas,128,N24P-128,77,Community Hall 77,396,373,0,769,48.5,42,5.5,340,196,6,595,P1,144,57.1,32.9,306,176,621,P1,False,B,3,,0,324,
North 24 Parganas,128,N24P-128,78,Anganwadi Centre 78,378,377,1,756,49.87,31,4.1,361,155,8,607,P1,206,59.5,25.5,358,231,655,P1,False,B,3,,0,318,
North 24 Parganas,128,N24P-128,79,Madrasa 79,255,257,1,513,50.1,19,3.7,311,90,2,446,P1,221,69.7,20.2,243,104,395,P1,False,A,1,,0,216,
North 24 Parganas,128,N24P-128,80,Community Hall 80,294,302,0,596,50.67,34,5.7,280,156,5,485,P1,124,57.7,32.2,283,117,514,P1,False,B,3,,0,251,
North 24 Parganas,128,N24P-128,81,Madrasa 81,365,357,0,722,49.45,42,5.8,279,219,6,554,P1,60,50.4,39.5,345,182,585,P1,False,B,3,,0,304,
North 24 Parganas,128,N24P-128,82,Temple Hall 82,287,286,0,573,49.91,33,5.8,224,101,13,463,P1,103,48.4,21.8,286,112,443,P1,False,B,3,,0,241,
North 24 Parganas,128,N24P-128,83,Madrasa 83,410,407,1,818,49.76,47,5.7,395,240,3,705,P1,155,56.0,34.0,381,247,706,P1,False,B,3,,0,344,
North 24 Parganas,128,N24P-128,84,Post Office 84,243,243,0,486,50.0,17,3.5,288,91,2,421,P1,197,68.4,21.6,206,123,414,P1,False,A,1,,0,205,
North 24 Parganas,128,N24P-128,85,Panchayat Bhavan 85,396,364,1,761,47.83,34,4.5,391,176,6,630,P1,215,62.1,27.9,292,158,588,P1,False,B,3,,0,320,
North 24 Parganas,128,N24P-128,86,Primary School 86,416,394,1,811,48.58,53,6.5,421,206,4,696,P1,215,60.5,29.6,336,145,636,P1,False,B,3,,0,341,
North 24 Parganas,128,N24P-128,87,Health Sub-Centre 87,395,406,1,802,50.62,35,4.4,439,146,6,650,P1,293,67.5,22.5,397,216,681,P1,False,A,1,,0,338,
North 24 Parganas,128,N24P-128,88,High School 88,331,318,0,649,49.0,26,4.0,240,177,9,522,P1,63,46.0,33.9,300,161,512,P1,False,B,3,,0,273,
North 24 Parganas,128,N24P-128,89,Post Office 89,390,368,1,759,48.48,31,4.1,344,175,4,640,P1,169,53.8,27.3,399,154,614,P1,False,B,3,,0,319,
North 24 Parganas,128,N24P-128,90,Post Office 90,267,256,0,523,48.95,29,5.5,253,132,2,432,P1,121,58.6,30.6,241,117,397,P1,False,B,3,,0,220,
North 24 Parganas,128,N24P-128,91,Club Building 91,365,345,1,711,48.52,42,5.9,325,171,3,551,P1,154,59.0,31.0,338,202,600,P1,False,B,3,,0,299,
North 24 Parganas,128,N24P-128,92,High School 92,268,278,1,547,50.82,21,3.8,242,131,4,422,P1,111,57.3,31.0,201,159,451,P1,False,B,3,,0,230,
North 24 Parganas,128,N24P-128,93,High School 93,252,256,1,509,50.29,25,4.9,223,141,2,417,P1,82,53.5,33.8,159,105,400,P1,False,B,3,,0,214,
North 24 Parganas,128,N24P-128,94,Panchayat Bhavan 94,257,240,0,497,48.29,28,5.6,248,113,4,408,P1,135,60.8,27.7,258,99,397,P1,False,B,3,,0,209,
North 24 Parganas,128,N24P-128,95,Panchayat Bhavan 95,249,240,1,490,48.98,18,3.7,193,128,6,415,P1,65,46.5,30.8,233,125,398,P1,False,B,3,,0,206,
North 24 Parganas,128,N24P-128,96,Health Sub-Centre 96,394,373,0,767,48.63,29,3.8,325,200,3,590,P1,125,55.1,33.9,352,139,640,P1,False,B,3,,0,323,
North 24 Parganas,128,N24P-128,97,Health Sub-Centre 97,264,248,1,513,48.34,20,3.9,311,78,4,432,P1,233,72.0,18.1,251,119,411,P1,False,A,1,,0,216,
North 24 Parganas,128,N24P-128,98,Market Building 98,258,231,1,490,47.14,26,5.3,206,151,5,427,P1,55,48.2,35.4,277,106,426,P1,False,B,3,,0,206,
North 24 Parganas,128,N24P-128,99,Club Building 99,394,373,0,767,48.63,44,5.7,265,146,19,587,P1,113,45.1,24.9,356,141,631,P1,False,B,3,,0,323,
North 24 Parganas,128,N24P-128,100,Panchayat Bhavan 100,416,372,1,789,47.15,37,4.7,332,191,13,651,P1,141,51.0,29.3,359,213,644,P1,False,B,3,,0,332,
North 24 Parganas,128,N24P-128,101,Madrasa 101,307,305,1,613,49.76,36,5.9,313,124,3,486,P1,189,64.4,25.5,355,111,518,P1,False,B,3,,0,258,
North 24 Parganas,128,N24P-128,102,Health Sub-Centre 102,255,255,1,511,49.9,26,5.1,256,66,13,444,P1,152,57.7,14.9,238,112,403,P1,False,B,3,,0,215,
North 24 Parganas,128,N24P-128,103,Panchayat Bhavan 103,274,255,1,530,48.11,21,4.0,282,102,4,426,P1,180,66.2,23.9,262,113,417,P1,False,A,1,,0,223,
North 24 Parganas,128,N24P-128,104,Temple Hall 104,405,376,1,782,48.08,47,6.0,343,208,4,647,P1,135,53.0,32.1,349,203,614,P1,False,B,3,,0,329,
North 24 Parganas,128,N24P-128,105,Govt Office 105,410,377,1,788,47.84,43,5.5,334,252,5,651,P1,82,51.3,38.7,421,127,609,P1,False,B,3,,0,332,
North 24 Parganas,128,N24P-128,106,High School 106,345,346,1,692,50.0,34,4.9,343,128,2,524,P1,215,65.5,24.4,342,104,533,P1,False,A,1,,0,291,
North 24 Parganas,128,N24P-128,107,Temple Hall 107,384,395,0,779,50.71,32,4.1,370,167,11,636,P1,203,58.2,26.3,328,223,616,P1,False,B,3,,0,328,
North 24 Parganas,128,N24P-128,108,Panchayat Bhavan 108,303,293,0,596,49.16,29,4.9,329,124,2,504,P1,205,65.3,24.6,319,121,489,P1,False,A,1,,0,251,
North 24 Parganas,128,N24P-128,109,High School 109,307,315,1,623,50.56,33,5.3,360,93,4,503,P1,267,71.6,18.5,262,145,479,P1,False,A,1,,0,262,
North 24 Parganas,128,N24P-128,110,Anganwadi Centre 110,318,325,0,643,50.54,27,4.2,261,179,10,561,P1,82,46.5,31.9,321,112,522,P1,False,B,3,,0,271,
North 24 Parganas,128,N24P-128,111,Post Office 111,415,380,1,796,47.74,52,6.5,314,190,7,602,P1,124,52.2,31.6,349,215,626,P1,False,B,3,,0,335,
North 24 Parganas,128,N24P-128,112,Health Sub-Centre 112,373,338,1,712,47.47,45,6.3,333,194,4,594,P1,139,56.1,32.7,306,170,598,P1,False,B,3,,0,300,
North 24 Parganas,128,N24P-128,113,High School 113,402,393,1,796,49.37,30,3.8,410,201,2,679,P1,209,60.4,29.6,331,241,689,P1,False,B,3,,0,335,
North 24 Parganas,128,N24P-128,114,Panchayat Bhavan 114,358,322,0,680,47.35,25,3.7,368,98,3,535,P1,270,68.8,18.3,321,192,570,P1,False,A,1,,0,286,
North 24 Parganas,128,N24P-128,115,Health Sub-Centre 115,278,254,1,533,47.65,28,5.3,267,149,4,462,P1,118,57.8,32.3,251,154,451,P1,False,B,3,,0,224,
North 24 Parganas,128,N24P-128,116,Market Building 116,371,335,1,707,47.38,43,6.1,327,173,5,555,P1,154,58.9,31.2,364,162,585,P1,False,B,3,,0,298,
North 24 Parganas,128,N24P-128,117,Anganwadi Centre 117,395,395,0,790,50.0,51,6.5,422,122,4,605,P1,300,69.8,20.2,348,223,634,P1,False,A,1,,0,332,
North 24 Parganas,128,N24P-128,118,Post Office 118,317,286,0,603,47.43,22,3.6,315,142,3,508,P1,173,62.0,28.0,298,167,517,P1,False,B,3,,0,254,
North 24 Parganas,128,N24P-128,119,Health Sub-Centre 119,376,344,1,721,47.71,28,3.9,359,171,6,589,P1,188,61.0,29.0,343,185,616,P1,False,B,3,,0,303,
North 24 Parganas,128,N24P-128,120,Anganwadi Centre 120,333,299,0,632,47.31,26,4.1,299,186,2,546,P1,113,54.8,34.1,232,121,491,P1,False,B,3,,0,266,
North 24 Parganas,128,N24P-128,121,Govt Office 121,425,382,1,808,47.28,35,4.3,301,244,15,686,P1,57,43.9,35.6,382,219,668,P1,False,B,3,,0,340,
North 24 Parganas,128,N24P-128,122,Club Building 122,414,389,1,804,48.38,38,4.7,383,221,6,686,P1,162,55.8,32.2,357,219,677,P1,False,B,3,,0,338,
North 24 Parganas,128,N24P-128,123,Madrasa 123,341,335,0,676,49.56,26,3.8,280,122,19,576,P1,131,48.6,21.2,257,190,512,P1,False,B,3,,0,284,
North 24 Parganas,128,N24P-128,124,Govt Office 124,246,234,0,480,48.75,30,6.2,220,127,2,385,P1,93,57.1,33.0,264,96,412,P1,False,B,3,,0,202,
North 24 Parganas,128,N24P-128,125,Health Sub-Centre 125,334,332,0,666,49.85,26,3.9,322,150,6,524,P1,172,61.5,28.6,246,217,533,P1,False,B,3,,0,280,
North 24 Parganas,128,N24P-128,126,Panchayat Bhavan 126,372,373,1,746,50.0,35,4.7,410,117,4,586,P1,293,70.0,20.0,421,161,647,P1,False,A,1,,0,314,
North 24 Parganas,128,N24P-128,127,Primary School 127,360,354,1,715,49.51,30,4.2,344,135,8,569,P1,209,60.5,23.7,376,182,620,P1,False,B,3,,0,301,
North 24 Parganas,128,N24P-128,128,High School 128,355,350,1,706,49.58,32,4.5,241,128,12,553,P1,75,43.6,23.1,327,166,568,P1,False,B,3,,0,297,
North 24 Parganas,128,N24P-128,129,High School 129,409,367,1,777,47.23,30,3.9,417,148,7,628,P1,269,66.4,23.6,319,204,649,P1,False,A,1,,0,327,
North 24 Parganas,128,N24P-128,130,Post Office 130,340,350,0,690,50.72,40,5.8,297,215,2,569,P1,82,52.2,37.8,338,180,591,P1,False,B,3,,0,290,
North 24 Parganas,128,N24P-128,131,Post Office 131,349,360,0,709,50.78,30,4.2,333,128,12,577,P1,205,57.7,22.2,407,123,588,P1,False,B,3,,0,298,
North 24 Parganas,128,N24P-128,132,Primary School 132,390,381,0,771,49.42,46,6.0,278,235,8,607,P1,43,45.8,38.7,370,202,636,P1,False,B,3,,0,324,
North 24 Parganas,128,N24P-128,133,Panchayat Bhavan 133,382,387,1,770,50.26,39,5.1,341,197,6,638,P1,144,53.4,30.9,379,179,624,P1,False,B,3,,0,324,
North 24 Parganas,128,N24P-128,134,Market Building 134,290,289,0,579,49.91,21,3.6,230,183,4,460,P1,47,50.0,39.8,315,132,497,P1,False,B,3,,0,244,
North 24 Parganas,128,N24P-128,135,Health Sub-Centre 135,408,374,0,782,47.83,50,6.4,382,193,6,639,P1,189,59.8,30.2,356,118,637,P1,False,B,3,,0,329,
North 24 Parganas,128,N24P-128,136,Community Hall 136,361,337,0,698,48.28,33,4.7,364,165,2,588,P1,199,61.9,28.1,301,218,600,P1,False,B,3,,0,294,
North 24 Parganas,128,N24P-128,137,Primary School 137,385,364,1,750,48.53,37,4.9,331,191,5,580,P1,140,57.1,32.9,294,219,651,P1,False,B,3,,0,316,
North 24 Parganas,128,N24P-128,138,Post Office 138,295,272,0,567,47.97,27,4.8,273,116,2,433,P1,157,63.0,26.8,239,168,452,P1,False,B,3,,0,239,
North 24 Parganas,128,N24P-128,139,High School 139,316,313,1,630,49.68,39,6.2,281,148,4,511,P1,133,55.0,29.0,298,123,541,P1,False,B,3,,0,265,
North 24 Parganas,128,N24P-128,140,Primary School 140,324,331,1,656,50.46,25,3.8,320,118,7,506,P1,202,63.2,23.3,310,153,515,P1,False,B,3,,0,276,
North 24 Parganas,128,N24P-128,141,Madrasa 141,295,296,0,591,50.08,36,6.1,240,123,9,498,P1,117,48.2,24.7,289,117,503,P1,False,B,3,,0,249,
North 24 Parganas,128,N24P-128,142,Health Sub-Centre 142,260,234,1,495,47.27,20,4.0,268,119,5,430,P1,149,62.3,27.7,247,114,401,P1,False,B,3,,0,208,
North 24 Parganas,128,N24P-128,143,Club Building 143,386,357,0,743,48.05,42,5.7,342,162,5,565,P1,180,60.5,28.7,326,209,646,P1,False,B,3,,0,313,
North 24 Parganas,128,N24P-128,144,High School 144,395,360,0,755,47.68,47,6.2,379,151,2,589,P1,228,64.3,25.6,335,198,592,P1,False,B,3,,0,318,
North 24 Parganas,128,N24P-128,145,Madrasa 145,291,262,0,553,47.38,36,6.5,252,144,4,440,P1,108,57.3,32.7,257,129,436,P1,False,B,3,,0,233,
North 24 Parganas,128,N24P-128,146,Primary School 146,284,269,0,553,48.64,22,4.0,237,147,8,458,P1,90,51.7,32.1,272,115,430,P1,False,B,3,,0,233,
North 24 Parganas,128,N24P-128,147,Market Building 147,366,360,1,727,49.52,26,3.6,302,157,13,587,P1,145,51.4,26.7,372,194,628,P1,False,B,3,,0,306,
North 24 Parganas,128,N24P-128,148,Madrasa 148,365,355,1,721,49.24,41,5.7,353,175,2,587,P1,178,60.1,29.8,313,223,629,P1,False,B,3,,0,303,
North 24 Parganas,128,N24P-128,149,Anganwadi Centre 149,374,341,1,716,47.63,25,3.5,283,230,5,606,P1,53,46.7,38.0,343,159,557,P1,False,B,3,,0,301,
North 24 Parganas,128,N24P-128,150,Primary School 150,371,338,0,709,47.67,34,4.8,316,233,6,610,P1,83,51.8,38.2,372,127,554,P1,False,B,3,,0,298,
North 24 Parganas,128,N24P-128,151,Panchayat Bhavan 151,349,353,1,703,50.21,36,5.1,323,149,3,540,P1,174,59.8,27.6,395,155,611,P1,False,B,3,,0,296,
North 24 Parganas,128,N24P-128,152,Temple Hall 152,358,337,1,696,48.42,45,6.5,339,164,8,585,P1,175,57.9,28.0,358,149,564,P1,False,B,3,,0,293,
North 24 Parganas,128,N24P-128,153,Anganwadi Centre 153,406,402,1,809,49.69,41,5.1,408,160,6,632,P1,248,64.6,25.3,400,172,635,P1,False,B,3,,0,340,
North 24 Parganas,128,N24P-128,154,High School 154,276,279,0,555,50.27,33,5.9,248,144,3,439,P1,104,56.5,32.8,235,120,453,P1,False,B,3,,0,234,
North 24 Parganas,128,N24P-128,155,Primary School 155,414,389,0,803,48.44,30,3.7,365,244,7,676,P1,121,54.0,36.1,388,215,686,P1,False,B,3,,0,338,
North 24 Parganas,128,N24P-128,156,Health Sub-Centre 156,407,396,1,804,49.25,42,5.2,392,194,2,651,P1,198,60.2,29.8,371,203,687,P1,False,B,3,,0,338,
North 24 Parganas,128,N24P-128,157,Madrasa 157,305,276,0,581,47.5,29,5.0,241,180,3,487,P1,61,49.5,37.0,248,161,505,P1,False,B,3,,0,245,
North 24 Parganas,128,N24P-128,158,Anganwadi Centre 158,375,339,0,714,47.48,29,4.1,401,155,2,618,P1,246,64.9,25.1,289,153,557,P1,False,B,3,,0,300,
North 24 Parganas,128,N24P-128,159,Club Building 159,291,288,1,580,49.66,38,6.6,275,175,4,500,P1,100,55.0,35.0,332,100,480,P1,False,B,3,,0,244,
North 24 Parganas,128,N24P-128,160,Madrasa 160,273,262,1,536,48.88,26,4.9,239,155,5,438,P1,84,54.6,35.4,242,156,460,P1,False,B,3,,0,226,
North 24 Parganas,128,N24P-128,161,Health Sub-Centre 161,364,375,0,739,50.74,30,4.1,325,218,6,604,P1,107,53.8,36.1,347,171,576,P1,False,B,3,,0,311,
North 24 Parganas,128,N24P-128,162,Post Office 162,368,373,0,741,50.34,39,5.3,415,108,3,581,P1,307,71.4,18.6,387,145,591,P1,False,A,1,,0,312,
North 24 Parganas,128,N24P-128,163,High School 163,331,341,1,673,50.67,34,5.1,286,96,8,515,P1,166,55.5,18.6,323,159,535,P1,False,B,3,,0,283,
North 24 Parganas,128,N24P-128,164,Govt Office 164,408,404,0,812,49.75,47,5.8,358,186,9,632,P1,172,56.6,29.4,334,196,631,P1,False,B,3,,0,342,
North 24 Parganas,128,N24P-128,165,Post Office 165,341,320,0,661,48.41,25,3.8,347,155,4,558,P1,192,62.2,27.8,327,175,558,P1,False,B,3,,0,278,
North 24 Parganas,128,N24P-128,166,Anganwadi Centre 166,334,322,0,656,49.09,39,5.9,307,198,5,561,P1,109,54.7,35.3,315,163,553,P1,False,B,3,,0,276,
North 24 Parganas,128,N24P-128,167,Health Sub-Centre 167,268,270,1,539,50.09,33,6.1,231,110,4,437,P1,121,52.9,25.2,209,161,421,P1,False,B,3,,0,227,
North 24 Parganas,128,N24P-128,168,Community Hall 168,278,282,1,561,50.27,23,4.1,252,144,8,478,P1,108,52.7,30.1,315,77,436,P1,False,B,3,,0,236,
North 24 Parganas,128,N24P-128,169,Community Hall 169,254,255,0,509,50.1,19,3.7,259,128,2,429,P1,131,60.4,29.8,264,133,441,P1,False,B,3,,0,214,
North 24 Parganas,128,N24P-128,170,Community Hall 170,424,394,0,818,48.17,39,4.8,407,158,7,694,P1,249,58.6,22.8,365,210,659,P1,False,B,3,,0,344,
North 24 Parganas,128,N24P-128,171,Temple Hall 171,265,245,1,511,47.95,32,6.3,226,125,2,390,P1,101,57.9,32.1,247,154,446,P1,False,B,3,,0,215,
North 24 Parganas,128,N24P-128,172,Primary School 172,324,316,0,640,49.38,23,3.6,252,159,8,510,P1,93,49.4,31.2,317,176,548,P1,False,B,3,,0,269,
North 24 Parganas,128,N24P-128,173,Post Office 173,379,362,0,741,48.85,36,4.9,324,190,8,593,P1,134,54.6,32.0,382,140,615,P1,False,B,3,,0,312,
North 24 Parganas,128,N24P-128,174,Temple Hall 174,318,321,1,640,50.16,25,3.9,267,185,5,503,P1,82,53.1,36.8,313,119,519,P1,False,B,3,,0,269,
North 24 Parganas,128,N24P-128,175,Panchayat Bhavan 175,313,293,0,606,48.35,31,5.1,240,104,10,501,P1,98,47.9,20.8,285,184,521,P1,False,B,3,,0,255,
North 24 Parganas,128,N24P-128,176,Health Sub-Centre 176,387,351,1,739,47.5,31,4.2,314,191,3,575,P1,123,54.6,33.2,362,165,586,P1,False,B,3,,0,311,
North 24 Parganas,128,N24P-128,177,Post Office 177,304,279,0,583,47.86,23,3.9,331,114,3,495,P1,217,66.9,23.0,274,133,452,P1,False,A,1,,0,245,
North 24 Parganas,128,N24P-128,178,Madrasa 178,296,287,1,584,49.14,34,5.8,259,200,2,510,P1,59,50.8,39.2,284,139,471,P1,False,B,3,,0,246,
North 24 Parganas,128,N24P-128,179,High School 179,326,302,0,628,48.09,26,4.1,358,112,3,523,P1,246,68.5,21.4,327,113,489,P1,False,A,1,,0,264,
North 24 Parganas,128,N24P-128,180,Anganwadi Centre 180,283,258,1,542,47.6,27,5.0,213,124,5,418,P1,89,51.0,29.7,243,157,444,P1,False,B,3,,0,228,
North 24 Parganas,128,N24P-128,181,Market Building 181,405,373,1,779,47.88,29,3.7,338,205,2,603,P1,133,56.1,34.0,415,193,675,P1,False,B,3,,0,328,
North 24 Parganas,128,N24P-128,182,Club Building 182,286,262,1,549,47.72,25,4.6,246,158,4,453,P1,88,54.3,34.9,320,101,468,P1,False,B,3,,0,231,
North 24 Parganas,128,N24P-128,183,Community Hall 183,260,266,0,526,50.57,29,5.5,281,88,6,458,P1,193,61.4,19.2,258,149,452,P1,False,B,3,,0,221,
North 24 Parganas,128,N24P-128,184,Primary School 184,383,369,1,753,49.0,47,6.2,370,181,8,650,P1,189,56.9,27.8,365,196,624,P1,False,B,3,,0,317,
North 24 Parganas,128,N24P-128,185,Temple Hall 185,275,254,0,529,48.02,25,4.7,241,117,7,425,P1,124,56.7,27.5,260,136,440,P1,False,B,3,,0,223,
North 24 Parganas,128,N24P-128,186,Govt Office 186,406,392,1,799,49.06,44,5.5,351,233,3,675,P1,118,52.0,34.5,422,131,614,P1,False,B,3,,0,336,
North 24 Parganas,128,N24P-128,187,High School 187,316,297,0,613,48.45,40,6.5,230,172,7,499,P1,58,46.1,34.5,275,162,523,P1,False,B,3,,0,258,
North 24 Parganas,128,N24P-128,188,Health Sub-Centre 188,321,319,0,640,49.84,32,5.0,296,185,2,534,P1,111,55.4,34.6,286,196,535,P1,False,B,3,,0,269,
North 24 Parganas,128,N24P-128,189,Govt Office 189,275,275,1,551,49.91,31,5.6,282,94,3,418,P1,188,67.5,22.5,276,136,457,P1,False,A,1,,0,232,
North 24 Parganas,128,N24P-128,190,Temple Hall 190,284,288,0,572,50.35,33,5.8,266,165,6,479,P1,101,55.5,34.4,241,126,456,P1,False,B,3,,0,241,
North 24 Parganas,128,N24P-128,191,Club Building 191,248,235,1,484,48.55,21,4.3,266,96,5,403,P1,170,66.0,23.8,273,75,386,P1,False,A,1,,0,204,
North 24 Parganas,129,N24P-129,1,Madrasa 1,361,341,1,703,48.51,83,11.8,355,88,5,591,P1,218,60.1,14.9,325,157,536,P1,False,D,4,,0,296,
North 24 Parganas,129,N24P-129,2,Govt Office 2,392,364,1,757,48.08,82,10.8,397,138,5,594,P1,259,66.8,23.2,462,123,650,P1,False,D,4,,0,319,
North 24 Parganas,129,N24P-129,3,Market Building 3,404,401,0,805,49.81,111,13.8,330,149,8,621,P1,181,53.1,24.0,456,124,645,P1,False,D,4,,0,339,
North 24 Parganas,129,N24P-129,4,Community Hall 4,265,245,1,511,47.95,67,13.1,277,106,2,426,P1,171,65.0,24.9,247,113,416,P1,False,D,4,,0,215,
North 24 Parganas,129,N24P-129,5,Club Building 5,384,394,0,778,50.64,100,12.9,396,192,7,653,P1,204,60.6,29.4,295,184,650,P1,False,D,4,,0,327,
North 24 Parganas,129,N24P-129,6,High School 6,325,307,1,633,48.5,79,12.5,308,141,9,548,P1,167,56.2,25.7,403,93,551,P1,False,D,4,,0,266,
North 24 Parganas,129,N24P-129,7,Community Hall 7,280,281,0,561,50.09,76,13.5,208,176,7,441,P1,32,47.2,39.9,247,140,457,P1,False,D,4,,0,236,
North 24 Parganas,129,N24P-129,8,Club Building 8,401,389,1,791,49.18,82,10.4,344,208,5,613,P1,136,56.1,33.9,455,107,625,P1,False,D,4,,0,333,
North 24 Parganas,129,N24P-129,9,Madrasa 9,400,407,0,807,50.43,112,13.9,330,242,3,635,P1,88,52.0,38.1,401,140,613,P1,False,D,4,,0,340,
North 24 Parganas,129,N24P-129,10,High School 10,337,323,0,660,48.94,74,11.2,280,156,9,547,P1,124,51.2,28.5,314,136,523,P1,False,D,4,,0,278,
North 24 Parganas,129,N24P-129,11,Temple Hall 11,299,307,0,606,50.66,92,15.2,288,138,8,503,P1,150,57.3,27.4,351,69,466,P1,False,D,4,,0,255,
North 24 Parganas,129,N24P-129,12,Health Sub-Centre 12,418,379,1,798,47.49,80,10.0,353,233,5,652,P1,120,54.1,35.7,304,251,652,P1,False,B,3,,0,336,
North 24 Parganas,129,N24P-129,13,Govt Office 13,301,302,0,603,50.08,82,13.6,288,154,5,491,P1,134,58.7,31.4,338,90,476,P1,False,D,4,,0,254,
North 24 Parganas,129,N24P-129,14,Club Building 14,383,352,1,736,47.83,74,10.1,311,169,13,608,P1,142,51.2,27.8,316,170,627,P1,False,D,4,,0,310,
North 24 Parganas,129,N24P-129,15,Primary School 15,365,363,0,728,49.86,96,13.2,342,152,4,621,P1,190,55.1,24.5,285,189,585,P1,False,D,4,,0,306,
North 24 Parganas,129,N24P-129,16,Market Building 16,366,367,0,733,50.07,113,15.4,338,217,2,616,P1,121,54.9,35.2,319,188,624,P1,False,D,4,,0,308,
North 24 Parganas,129,N24P-129,17,Primary School 17,269,249,1,519,47.98,45,8.7,248,150,2,449,P1,98,55.2,33.4,249,108,421,P1,False,B,3,,0,218,
North 24 Parganas,129,N24P-129,18,Club Building 18,406,402,0,808,49.75,120,14.9,306,172,12,639,P1,134,47.9,26.9,392,195,652,P1,False,D,4,,0,340,
North 24 Parganas,129,N24P-129,19,Anganwadi Centre 19,351,339,1,691,49.06,101,14.6,306,211,8,597,P1,95,51.3,35.3,265,168,567,P1,False,D,4,,0,291,
North 24 Parganas,129,N24P-129,20,Health Sub-Centre 20,316,310,1,627,49.44,97,15.5,341,148,5,544,P1,193,62.7,27.2,369,87,507,P1,False,D,4,,0,264,
North 24 Parganas,129,N24P-129,21,Community Hall 21,299,285,1,585,48.72,51,8.7,262,197,3,510,P1,65,51.4,38.6,188,134,469,P1,False,B,3,,0,246,
North 24 Parganas,129,N24P-129,22,Community Hall 22,322,309,0,631,48.97,81,12.8,301,162,5,534,P1,139,56.4,30.3,330,157,541,P1,False,D,4,,0,266,
North 24 Parganas,129,N24P-129,23,Madrasa 23,331,317,1,649,48.84,82,12.6,293,147,5,509,P1,146,57.6,28.9,346,141,541,P1,False,D,4,,0,273,
North 24 Parganas,129,N24P-129,24,Health Sub-Centre 24,313,304,1,618,49.19,85,13.8,317,130,3,497,P1,187,63.8,26.2,350,96,495,P1,False,D,4,,0,260,
North 24 Parganas,129,N24P-129,25,Market Building 25,310,298,1,609,48.93,82,13.5,227,198,5,510,P1,29,44.5,38.8,268,187,514,P1,False,D,4,,0,256,
North 24 Parganas,129,N24P-129,26,Temple Hall 26,361,324,0,685,47.3,106,15.5,309,173,3,535,P1,136,57.8,32.3,311,186,552,P1,False,D,4,,0,288,
North 24 Parganas,129,N24P-129,27,Post Office 27,282,287,0,569,50.44,87,15.3,253,140,4,457,P1,113,55.4,30.6,235,112,466,P1,False,D,4,,0,239,
North 24 Parganas,129,N24P-129,28,Club Building 28,385,350,0,735,47.62,108,14.7,330,176,10,613,P1,154,53.8,28.7,314,222,596,P1,False,D,4,,0,309,
North 24 Parganas,129,N24P-129,29,Community Hall 29,394,384,1,779,49.29,81,10.4,355,198,7,614,P1,157,57.8,32.2,386,209,662,P1,False,D,4,,0,328,
North 24 Parganas,129,N24P-129,30,Anganwadi Centre 30,333,305,0,638,47.81,97,15.2,364,90,2,505,P1,274,72.1,17.8,276,164,497,P1,False,D,4,,0,268,
North 24 Parganas,129,N24P-129,31,Community Hall 31,350,323,0,673,47.99,75,11.1,278,239,3,574,P1,39,48.4,41.6,369,158,586,P1,False,D,4,,0,283,
North 24 Parganas,129,N24P-129,32,Community Hall 32,385,347,0,732,47.4,99,13.5,337,160,5,553,P1,177,60.9,28.9,270,235,567,P1,False,D,4,,0,308,
North 24 Parganas,129,N24P-129,33,Madrasa 33,285,279,1,565,49.38,72,12.7,273,165,6,487,P1,108,56.1,33.9,312,128,489,P1,False,D,4,,0,238,
North 24 Parganas,129,N24P-129,34,High School 34,303,314,1,618,50.81,75,12.1,294,132,3,474,P1,162,62.0,27.8,268,96,473,P1,False,D,4,,0,260,
North 24 Parganas,129,N24P-129,35,Panchayat Bhavan 35,296,267,1,564,47.34,81,14.4,284,129,3,459,P1,155,61.9,28.1,332,96,475,P1,False,D,4,,0,237,
North 24 Parganas,129,N24P-129,36,Health Sub-Centre 36,270,255,0,525,48.57,56,10.7,257,118,3,416,P1,139,61.8,28.4,270,91,403,P1,False,D,4,,0,221,
North 24 Parganas,129,N24P-129,37,Community Hall 37,258,244,0,502,48.61,63,12.5,252,114,3,407,P1,138,61.9,28.0,225,136,414,P1,False,D,4,,0,211,
North 24 Parganas,129,N24P-129,38,Market Building 38,286,265,1,552,48.01,69,12.5,268,122,4,433,P1,146,61.9,28.2,215,75,423,P1,False,D,4,,0,232,
North 24 Parganas,129,N24P-129,39,Madrasa 39,361,342,1,704,48.58,91,12.9,374,128,5,565,P1,246,66.2,22.7,344,109,576,P1,False,D,4,,0,296,
North 24 Parganas,129,N24P-129,40,Anganwadi Centre 40,304,277,0,581,47.68,73,12.6,270,164,5,482,P1,106,56.0,34.0,206,141,456,P1,False,D,4,,0,245,
North 24 Parganas,129,N24P-129,41,Anganwadi Centre 41,269,261,1,531,49.15,81,15.3,232,132,5,438,P1,100,53.0,30.1,218,160,419,P1,False,D,4,,0,223,
North 24 Parganas,129,N24P-129,42,High School 42,406,366,1,773,47.35,96,12.4,400,153,5,614,P1,247,65.1,24.9,404,129,604,P1,False,D,4,,0,325,
North 24 Parganas,129,N24P-129,43,Health Sub-Centre 43,388,389,1,778,50.0,95,12.2,381,205,10,680,P1,176,56.0,30.1,385,132,605,P1,False,D,4,,0,327,
North 24 Parganas,129,N24P-129,44,Market Building 44,296,276,1,573,48.17,51,8.9,252,151,2,448,P1,101,56.2,33.7,304,119,470,P1,False,B,3,,0,241,
North 24 Parganas,129,N24P-129,45,Panchayat Bhavan 45,283,256,0,539,47.5,76,14.1,287,113,8,464,P1,174,61.9,24.4,211,150,443,P1,False,D,4,,0,227,
North 24 Parganas,129,N24P-129,46,Temple Hall 46,317,301,0,618,48.71,52,8.4,337,135,6,536,P1,202,62.9,25.2,212,165,477,P1,False,B,3,,0,260,
North 24 Parganas,129,N24P-129,47,Anganwadi Centre 47,250,238,1,489,48.67,62,12.7,207,145,5,415,P1,62,49.9,34.9,247,135,424,P1,False,D,4,,0,206,
North 24 Parganas,129,N24P-129,48,Post Office 48,299,289,1,589,49.07,77,13.1,288,131,5,465,P1,157,61.9,28.2,299,98,454,P1,False,D,4,,0,248,
North 24 Parganas,129,N24P-129,49,Temple Hall 49,307,295,0,602,49.0,86,14.3,334,117,6,502,P1,217,66.5,23.3,289,147,485,P1,False,D,4,,0,253,
North 24 Parganas,129,N24P-129,50,Market Building 50,354,328,0,682,48.09,89,13.0,335,145,5,533,P1,190,62.9,27.2,368,93,542,P1,False,D,4,,0,287,
North 24 Parganas,129,N24P-129,51,Primary School 51,366,337,1,704,47.87,104,14.8,365,169,5,593,P1,196,61.6,28.5,301,243,604,P1,False,D,4,,0,296,
North 24 Parganas,129,N24P-129,52,High School 52,400,366,1,767,47.72,85,11.1,311,137,24,660,P1,130,47.1,20.8,268,232,640,P1,False,D,4,,0,323,
North 24 Parganas,129,N24P-129,53,Madrasa 53,355,329,0,684,48.1,98,14.3,359,153,2,569,P1,206,63.1,26.9,360,127,541,P1,False,D,4,,0,288,
North 24 Parganas,129,N24P-129,54,Anganwadi Centre 54,320,303,1,624,48.56,62,9.9,269,138,15,534,P1,131,50.4,25.8,299,141,489,P1,False,B,3,,0,263,
North 24 Parganas,129,N24P-129,55,Madrasa 55,244,245,1,490,50.0,67,13.7,242,122,3,404,P1,120,59.9,30.2,234,104,375,P1,False,D,4,,0,206,
North 24 Parganas,129,N24P-129,56,Temple Hall 56,283,284,0,567,50.09,78,13.8,307,110,5,463,P1,197,66.3,23.8,294,134,475,P1,False,D,4,,0,239,
North 24 Parganas,129,N24P-129,57,Madrasa 57,253,230,1,484,47.52,74,15.3,188,110,7,367,P1,78,51.2,30.0,226,128,394,P1,False,D,4,,0,204,
North 24 Parganas,129,N24P-129,58,Madrasa 58,255,237,0,492,48.17,49,10.0,279,105,3,426,P1,174,65.5,24.6,189,128,398,P1,False,A,1,,0,207,
North 24 Parganas,129,N24P-129,59,High School 59,360,349,1,710,49.15,105,14.8,285,133,13,591,P1,131,48.2,22.5,330,172,558,P1,False,D,4,,0,299,
North 24 Parganas,129,N24P-129,60,Primary School 60,274,282,1,557,50.63,63,11.3,298,117,4,461,P1,181,64.6,25.4,253,174,474,P1,False,D,4,,0,234,
North 24 Parganas,129,N24P-129,61,Panchayat Bhavan 61,257,260,1,518,50.19,65,12.5,217,168,3,447,P1,49,48.5,37.6,256,83,408,P1,False,D,4,,0,218,
North 24 Parganas,129,N24P-129,62,Anganwadi Centre 62,285,293,1,579,50.6,66,11.4,270,130,4,445,P1,140,60.7,29.2,285,148,481,P1,False,D,4,,0,244,
North 24 Parganas,129,N24P-129,63,Anganwadi Centre 63,277,272,0,549,49.54,67,12.2,187,160,8,425,P1,27,44.0,37.6,270,145,471,P1,False,D,4,,0,231,
North 24 Parganas,129,N24P-129,64,Panchayat Bhavan 64,287,279,0,566,49.29,63,11.1,261,140,3,446,P1,121,58.5,31.4,266,143,454,P1,False,D,4,,0,238,
North 24 Parganas,129,N24P-129,65,Market Building 65,371,366,0,737,49.66,107,14.5,400,135,5,595,P1,265,67.2,22.7,355,184,599,P1,False,D,4,,0,310,
North 24 Parganas,129,N24P-129,66,Market Building 66,376,386,1,763,50.59,113,14.8,333,193,7,624,P1,140,53.4,30.9,287,187,586,P1,False,D,4,,0,321,
North 24 Parganas,129,N24P-129,67,Community Hall 67,264,238,1,503,47.32,47,9.3,203,162,4,406,P1,41,50.0,39.9,260,93,392,P1,False,B,3,,0,212,
North 24 Parganas,129,N24P-129,68,Govt Office 68,297,296,1,594,49.83,85,14.3,248,145,5,464,P1,103,53.4,31.2,241,169,464,P1,False,D,4,,0,250,
North 24 Parganas,129,N24P-129,69,Panchayat Bhavan 69,373,380,1,754,50.4,96,12.7,441,82,2,581,P1,359,75.9,14.1,376,181,619,P1,False,D,4,,0,317,
North 24 Parganas,129,N24P-129,70,Club Building 70,278,286,1,565,50.62,74,13.1,255,143,4,488,P1,112,52.3,29.3,233,157,434,P1,False,D,4,,0,238,
North 24 Parganas,129,N24P-129,71,Madrasa 71,247,254,0,501,50.7,64,12.8,202,135,5,416,P1,67,48.6,32.5,225,154,421,P1,False,D,4,,0,211,
North 24 Parganas,129,N24P-129,72,Anganwadi Centre 72,344,329,0,673,48.89,92,13.7,314,146,5,511,P1,168,61.4,28.6,373,145,584,P1,False,D,4,,0,283,
North 24 Parganas,129,N24P-129,73,Community Hall 73,322,300,0,622,48.23,77,12.4,217,182,10,482,P1,35,45.0,37.8,263,153,472,P1,False,D,4,,0,262,
North 24 Parganas,129,N24P-129,74,Govt Office 74,379,347,0,726,47.8,87,12.0,383,175,7,619,P1,208,61.9,28.3,335,138,575,P1,False,D,4,,0,306,
North 24 Parganas,129,N24P-129,75,Govt Office 75,359,336,1,696,48.28,80,11.5,266,183,4,532,P1,83,50.0,34.4,327,177,560,P1,False,D,4,,0,293,
North 24 Parganas,129,N24P-129,76,Panchayat Bhavan 76,366,370,0,736,50.27,93,12.6,379,184,4,625,P1,195,60.6,29.4,291,166,586,P1,False,D,4,,0,310,
North 24 Parganas,129,N24P-129,77,Market Building 77,319,317,0,636,49.84,94,14.8,289,143,9,548,P1,146,52.7,26.1,325,157,535,P1,False,D,4,,0,268,
North 24 Parganas,129,N24P-129,78,Govt Office 78,354,319,0,673,47.4,57,8.5,305,196,4,585,P1,109,52.1,33.5,320,122,542,P1,False,B,3,,0,283,
North 24 Parganas,129,N24P-129,79,Madrasa 79,286,262,1,549,47.72,77,14.0,240,166,4,468,P1,74,51.3,35.5,264,158,469,P1,False,D,4,,0,231,
North 24 Parganas,129,N24P-129,80,Health Sub-Centre 80,351,320,1,672,47.62,69,10.3,269,202,6,525,P1,67,51.2,38.5,351,162,570,P1,False,D,4,,0,283,
North 24 Parganas,129,N24P-129,81,Market Building 81,304,284,1,589,48.22,69,11.7,267,149,3,467,P1,118,57.2,31.9,251,130,512,P1,False,D,4,,0,248,
North 24 Parganas,129,N24P-129,82,Primary School 82,257,259,0,516,50.19,75,14.5,298,97,2,438,P1,201,68.0,22.1,278,90,409,P1,False,D,4,,0,217,
North 24 Parganas,129,N24P-129,83,Temple Hall 83,398,401,0,799,50.19,84,10.5,320,241,9,683,P1,79,46.9,35.3,342,131,625,P1,False,D,4,,0,336,
North 24 Parganas,129,N24P-129,84,Community Hall 84,372,371,0,743,49.93,107,14.4,344,186,8,625,P1,158,55.0,29.8,408,99,563,P1,False,D,4,,0,313,
North 24 Parganas,129,N24P-129,85,Govt Office 85,427,390,0,817,47.74,80,9.8,278,233,9,626,P1,45,44.4,37.2,310,159,637,P1,False,B,3,,0,344,
North 24 Parganas,129,N24P-129,86,Madrasa 86,403,383,0,786,48.73,113,14.4,358,184,9,646,P1,174,55.4,28.5,356,150,633,P1,False,D,4,,0,331,
North 24 Parganas,129,N24P-129,87,Govt Office 87,402,386,0,788,48.98,68,8.6,291,185,12,603,P1,106,48.3,30.7,313,210,616,P1,False,B,3,,0,332,
North 24 Parganas,129,N24P-129,88,Govt Office 88,373,369,0,742,49.73,88,11.9,319,225,3,605,P1,94,52.7,37.2,341,159,642,P1,False,D,4,,0,312,
North 24 Parganas,129,N24P-129,89,Anganwadi Centre 89,248,247,0,495,49.9,55,11.1,251,133,3,426,P1,118,58.9,31.2,235,115,404,P1,False,D,4,,0,208,
North 24 Parganas,129,N24P-129,90,Primary School 90,365,365,0,730,50.0,64,8.8,339,181,4,581,P1,158,58.3,31.2,325,164,629,P1,False,B,3,,0,307,
North 24 Parganas,129,N24P-129,91,Club Building 91,412,378,0,790,47.85,83,10.5,360,216,2,640,P1,144,56.2,33.8,439,173,680,P1,False,D,4,,0,332,
North 24 Parganas,129,N24P-129,92,High School 92,361,344,1,706,48.73,100,14.2,347,175,6,583,P1,172,59.5,30.0,330,180,566,P1,False,D,4,,0,297,
North 24 Parganas,129,N24P-129,93,Community Hall 93,306,314,1,621,50.56,75,12.1,256,132,7,513,P1,124,49.9,25.7,280,203,536,P1,False,D,4,,0,261,
North 24 Parganas,129,N24P-129,94,Temple Hall 94,404,379,1,784,48.34,68,8.7,347,203,3,611,P1,144,56.8,33.2,407,152,621,P1,False,B,3,,0,330,
North 24 Parganas,129,N24P-129,95,Panchayat Bhavan 95,332,303,1,636,47.64,80,12.6,320,135,6,532,P1,185,60.2,25.4,342,109,501,P1,False,D,4,,0,268,
North 24 Parganas,129,N24P-129,96,Govt Office 96,382,348,0,730,47.67,63,8.6,320,180,5,589,P1,140,54.3,30.6,279,107,565,P1,False,B,3,,0,307,
North 24 Parganas,129,N24P-129,97,Health Sub-Centre 97,310,287,1,598,47.99,84,14.0,283,133,6,473,P1,150,59.8,28.1,235,116,492,P1,False,D,4,,0,252,
North 24 Parganas,129,N24P-129,98,Madrasa 98,306,282,1,589,47.88,60,10.2,217,114,10,455,P1,103,47.7,25.1,270,187,508,P1,False,D,4,,0,248,
North 24 Parganas,129,N24P-129,99,Post Office 99,358,351,0,709,49.51,94,13.3,333,208,7,604,P1,125,55.1,34.4,291,204,551,P1,False,D,4,,0,298,
North 24 Parganas,129,N24P-129,100,Anganwadi Centre 100,390,367,0,757,48.48,100,13.2,376,151,4,595,P1,225,63.2,25.4,349,189,658,P1,False,D,4,,0,319,
North 24 Parganas,129,N24P-129,101,High School 101,286,294,0,580,50.69,58,10.0,283,158,6,506,P1,125,55.9,31.2,304,125,477,P1,False,B,3,,0,244,
North 24 Parganas,129,N24P-129,102,Govt Office 102,350,329,0,679,48.45,88,13.0,224,180,5,514,P1,44,43.6,35.0,365,162,586,P1,False,D,4,,0,286,
North 24 Parganas,129,N24P-129,103,Temple Hall 103,360,334,1,695,48.06,90,12.9,333,147,7,570,P1,186,58.4,25.8,297,186,552,P1,False,D,4,,0,292,
North 24 Parganas,129,N24P-129,104,Post Office 104,408,386,1,795,48.55,71,8.9,323,227,17,690,P1,96,46.8,32.9,444,160,671,P1,False,B,3,,0,335,
North 24 Parganas,129,N24P-129,105,Post Office 105,256,241,0,497,48.49,65,13.1,203,79,8,382,P1,116,53.1,20.7,301,51,391,P1,False,D,4,,0,209,
North 24 Parganas,129,N24P-129,106,Market Building 106,271,256,0,527,48.58,81,15.4,269,90,2,399,P1,179,67.4,22.6,276,86,402,P1,False,D,4,,0,222,
North 24 Parganas,129,N24P-129,107,Panchayat Bhavan 107,393,363,0,756,48.02,74,9.8,310,207,3,587,P1,103,52.8,35.3,426,146,636,P1,False,B,3,,0,318,
North 24 Parganas,129,N24P-129,108,Market Building 108,308,290,0,598,48.49,83,13.9,307,150,2,507,P1,157,60.6,29.6,316,121,486,P1,False,D,4,,0,252,
North 24 Parganas,129,N24P-129,109,Primary School 109,405,408,1,814,50.12,120,14.7,379,171,8,641,P1,208,59.1,26.7,383,191,663,P1,False,D,4,,0,343,
North 24 Parganas,129,N24P-129,110,High School 110,281,260,1,542,47.97,60,11.1,246,123,4,410,P1,123,60.0,30.0,249,133,424,P1,False,D,4,,0,228,
North 24 Parganas,129,N24P-129,111,Temple Hall 111,255,253,0,508,49.8,54,10.6,260,129,3,432,P1,131,60.2,29.9,275,94,432,P1,False,D,4,,0,214,
North 24 Parganas,129,N24P-129,112,Post Office 112,322,291,0,613,47.47,52,8.5,270,191,4,513,P1,79,52.6,37.2,283,135,487,P1,False,B,3,,0,258,
North 24 Parganas,129,N24P-129,113,Primary School 113,288,290,0,578,50.17,80,13.8,204,153,7,454,P1,51,44.9,33.7,290,157,497,P1,False,D,4,,0,243,
North 24 Parganas,129,N24P-129,114,Govt Office 114,413,405,0,818,49.51,78,9.5,312,232,14,669,P1,80,46.6,34.7,438,127,628,P1,False,B,3,,0,344,
North 24 Parganas,129,N24P-129,115,Panchayat Bhavan 115,259,236,1,496,47.58,77,15.5,245,104,4,387,P1,141,63.3,26.9,230,137,407,P1,False,D,4,,0,209,
North 24 Parganas,129,N24P-129,116,Market Building 116,372,384,0,756,50.79,103,13.6,267,213,12,632,P1,54,42.2,33.7,366,149,572,P1,False,D,4,,0,318,
North 24 Parganas,129,N24P-129,117,Club Building 117,350,350,0,700,50.0,73,10.4,358,162,6,578,P1,196,61.9,28.0,386,148,593,P1,False,D,4,,0,295,
North 24 Parganas,129,N24P-129,118,Club Building 118,387,367,1,755,48.61,70,9.3,349,206,5,617,P1,143,56.6,33.4,337,164,585,P1,False,B,3,,0,318,
North 24 Parganas,129,N24P-129,119,Primary School 119,314,282,1,597,47.24,85,14.2,282,137,2,465,P1,145,60.6,29.5,290,138,518,P1,False,D,4,,0,251,
North 24 Parganas,129,N24P-129,120,Community Hall 120,403,395,1,799,49.44,90,11.3,383,166,8,662,P1,217,57.9,25.1,359,215,682,P1,False,D,4,,0,336,
North 24 Parganas,129,N24P-129,121,Panchayat Bhavan 121,373,384,1,758,50.66,78,10.3,283,178,13,598,P1,105,47.3,29.8,376,180,654,P1,False,D,4,,0,319,
North 24 Parganas,129,N24P-129,122,Madrasa 122,392,391,1,784,49.87,68,8.7,308,233,12,638,P1,75,48.3,36.5,372,194,664,P1,False,B,3,,0,330,
North 24 Parganas,129,N24P-129,123,Anganwadi Centre 123,355,344,0,699,49.21,102,14.6,325,156,5,534,P1,169,60.9,29.2,365,117,568,P1,False,D,4,,0,294,
North 24 Parganas,129,N24P-129,124,Anganwadi Centre 124,285,280,1,566,49.47,71,12.5,198,174,6,480,P1,24,41.2,36.2,272,155,482,P1,False,D,4,,0,238,
North 24 Parganas,129,N24P-129,125,Govt Office 125,273,248,0,521,47.6,49,9.4,272,111,6,448,P1,161,60.7,24.8,263,131,447,P1,False,B,3,,0,219,
North 24 Parganas,129,N24P-129,126,Anganwadi Centre 126,392,403,1,796,50.63,107,13.4,387,207,8,660,P1,180,58.6,31.4,395,172,655,P1,False,D,4,,0,335,
North 24 Parganas,129,N24P-129,127,Madrasa 127,423,389,0,812,47.91,71,8.7,396,161,7,678,P1,235,58.4,23.7,399,181,645,P1,False,B,3,,0,342,
North 24 Parganas,129,N24P-129,128,Govt Office 128,243,244,0,487,50.1,50,10.3,221,128,4,397,P1,93,55.7,32.2,230,92,419,P1,False,D,4,,0,205,
North 24 Parganas,129,N24P-129,129,Anganwadi Centre 129,363,343,0,706,48.58,70,9.9,392,114,2,562,P1,278,69.8,20.3,317,201,575,P1,False,A,1,,0,297,
North 24 Parganas,129,N24P-129,130,Panchayat Bhavan 130,342,335,1,678,49.41,81,11.9,310,193,6,559,P1,117,55.5,34.5,351,113,516,P1,False,D,4,,0,285,
North 24 Parganas,129,N24P-129,131,Panchayat Bhavan 131,428,390,0,818,47.68,97,11.9,354,238,8,657,P1,116,53.9,36.2,249,196,655,P1,False,D,4,,0,344,
North 24 Parganas,129,N24P-129,132,Panchayat Bhavan 132,241,244,1,486,50.21,70,14.4,224,136,5,402,P1,88,55.7,33.8,210,119,373,P1,False,D,4,,0,205,
North 24 Parganas,129,N24P-129,133,Anganwadi Centre 133,303,279,1,583,47.86,77,13.2,329,99,3,476,P1,230,69.1,20.8,259,112,488,P1,False,D,4,,0,245,
North 24 Parganas,129,N24P-129,134,Club Building 134,256,259,1,516,50.19,44,8.5,240,120,5,440,P1,120,54.5,27.3,289,115,449,P1,False,B,3,,0,217,
North 24 Parganas,129,N24P-129,135,High School 135,317,321,0,638,50.31,67,10.5,362,126,5,542,P1,236,66.8,23.2,302,169,523,P1,False,D,4,,0,268,
North 24 Parganas,129,N24P-129,136,Community Hall 136,342,310,1,653,47.47,86,13.2,294,183,2,534,P1,111,55.1,34.3,336,125,512,P1,False,D,4,,0,275,
North 24 Parganas,129,N24P-129,137,Anganwadi Centre 137,300,308,1,609,50.57,90,14.8,271,156,3,475,P1,115,57.1,32.8,242,175,485,P1,False,D,4,,0,256,
North 24 Parganas,129,N24P-129,138,Madrasa 138,288,266,1,555,47.93,84,15.1,299,136,2,483,P1,163,61.9,28.2,245,87,421,P1,False,D,4,,0,234,
North 24 Parganas,129,N24P-129,139,Club Building 139,401,383,0,784,48.85,103,13.1,382,153,6,595,P1,229,64.2,25.7,307,239,606,P1,False,D,4,,0,330,
North 24 Parganas,129,N24P-129,140,Primary School 140,411,368,0,779,47.24,119,15.3,423,178,7,668,P1,245,63.3,26.6,415,178,659,P1,False,D,4,,0,328,
North 24 Parganas,129,N24P-129,141,Govt Office 141,319,305,0,624,48.88,83,13.3,348,121,3,521,P1,227,66.8,23.2,358,132,544,P1,False,D,4,,0,263,
North 24 Parganas,129,N24P-129,142,Health Sub-Centre 142,288,274,0,562,48.75,64,11.4,250,122,7,473,P1,128,52.9,25.8,323,100,470,P1,False,D,4,,0,237,
North 24 Parganas,129,N24P-129,143,Market Building 143,368,369,1,738,50.0,102,13.8,337,174,4,568,P1,163,59.3,30.6,464,94,620,P1,False,D,4,,0,311,
North 24 Parganas,129,N24P-129,144,Panchayat Bhavan 144,286,291,0,577,50.43,54,9.4,257,159,5,472,P1,98,54.4,33.7,288,116,449,P1,False,B,3,,0,243,
North 24 Parganas,129,N24P-129,145,High School 145,312,304,0,616,49.35,75,12.2,393,89,5,535,P1,304,73.5,16.6,323,157,533,P1,False,D,4,,0,259,
North 24 Parganas,129,N24P-129,146,Health Sub-Centre 146,242,248,0,490,50.61,70,14.3,237,142,5,421,P1,95,56.3,33.7,225,123,421,P1,False,D,4,,0,206,
North 24 Parganas,129,N24P-129,147,High School 147,379,366,0,745,49.13,111,14.9,345,159,3,585,P1,186,59.0,27.2,314,205,584,P1,False,D,4,,0,314,
North 24 Parganas,129,N24P-129,148,Community Hall 148,284,278,0,562,49.47,75,13.3,260,116,5,451,P1,144,57.6,25.7,252,164,465,P1,False,D,4,,0,237,
North 24 Parganas,129,N24P-129,149,Panchayat Bhavan 149,323,296,0,619,47.82,90,14.5,339,127,3,517,P1,212,65.6,24.6,281,168,499,P1,False,D,4,,0,260,
North 24 Parganas,129,N24P-129,150,High School 150,364,331,0,695,47.63,74,10.6,348,130,5,531,P1,218,65.5,24.5,374,167,601,P1,False,D,4,,0,292,
North 24 Parganas,129,N24P-129,151,Govt Office 151,246,243,1,490,49.59,47,9.6,226,84,7,393,P1,142,57.5,21.4,266,87,392,P1,False,B,3,,0,206,
North 24 Parganas,129,N24P-129,152,Temple Hall 152,387,379,0,766,49.48,114,14.9,399,191,6,656,P1,208,60.8,29.1,313,212,613,P1,False,D,4,,0,322,
North 24 Parganas,129,N24P-129,153,Temple Hall 153,392,360,0,752,47.87,81,10.8,399,129,6,587,P1,270,68.0,22.0,422,111,592,P1,False,D,4,,0,316,
North 24 Parganas,129,N24P-129,154,Madrasa 154,423,384,0,807,47.58,125,15.5,373,179,6,614,P1,194,60.7,29.2,485,93,643,P1,False,D,4,,0,340,
North 24 Parganas,129,N24P-129,155,Primary School 155,279,250,1,530,47.17,66,12.5,219,130,8,461,P1,89,47.5,28.2,274,140,460,P1,False,D,4,,0,223,
North 24 Parganas,129,N24P-129,156,Anganwadi Centre 156,400,385,1,786,48.98,67,8.5,370,206,4,643,P1,164,57.5,32.0,468,139,675,P1,False,B,3,,0,331,
North 24 Parganas,129,N24P-129,157,Market Building 157,365,360,1,726,49.59,99,13.6,366,170,3,606,P1,196,60.4,28.1,317,215,595,P1,False,D,4,,0,306,
North 24 Parganas,129,N24P-129,158,Anganwadi Centre 158,422,385,0,807,47.71,71,8.8,434,195,3,699,P1,239,62.1,27.9,308,239,657,P1,False,B,3,,0,340,
North 24 Parganas,129,N24P-129,159,Market Building 159,354,349,1,704,49.57,61,8.7,327,157,5,538,P1,170,60.8,29.2,302,205,563,P1,False,B,3,,0,296,
North 24 Parganas,129,N24P-129,160,Market Building 160,341,345,1,687,50.22,98,14.3,334,188,6,580,P1,146,57.6,32.4,339,169,564,P1,False,D,4,,0,289,
North 24 Parganas,129,N24P-129,161,Primary School 161,316,287,0,603,47.6,73,12.1,213,147,12,488,P1,66,43.6,30.1,226,146,479,P1,False,D,4,,0,254,
North 24 Parganas,129,N24P-129,162,Panchayat Bhavan 162,388,399,1,788,50.63,81,10.3,421,141,5,625,P1,280,67.4,22.6,462,100,624,P1,False,D,4,,0,332,
North 24 Parganas,129,N24P-129,163,Govt Office 163,262,256,1,519,49.33,69,13.3,243,103,6,437,P1,140,55.6,23.6,206,113,401,P1,False,D,4,,0,218,
North 24 Parganas,129,N24P-129,164,Madrasa 164,270,277,1,548,50.55,57,10.4,304,126,3,478,P1,178,63.6,26.4,221,128,444,P1,False,D,4,,0,231,
North 24 Parganas,129,N24P-129,165,Community Hall 165,314,288,0,602,47.84,80,13.3,314,139,4,503,P1,175,62.4,27.6,245,131,479,P1,False,D,4,,0,253,
North 24 Parganas,129,N24P-129,166,Market Building 166,363,363,0,726,50.0,69,9.5,384,144,7,587,P1,240,65.4,24.5,432,137,633,P1,False,A,1,,0,306,
North 24 Parganas,129,N24P-129,167,Govt Office 167,346,310,1,657,47.18,91,13.9,249,167,10,544,P1,82,45.8,30.7,354,140,549,P1,False,D,4,,0,276,
North 24 Parganas,129,N24P-129,168,Post Office 168,301,279,0,580,48.1,54,9.3,248,135,7,465,P1,113,53.3,29.0,252,106,461,P1,False,B,3,,0,244,
North 24 Parganas,129,N24P-129,169,Community Hall 169,352,317,1,670,47.31,71,10.6,353,154,5,563,P1,199,62.7,27.4,313,192,561,P1,False,D,4,,0,282,
North 24 Parganas,129,N24P-129,170,Post Office 170,312,300,0,612,49.02,91,14.9,360,96,5,507,P1,264,71.0,18.9,261,188,498,P1,False,D,4,,0,258,
North 24 Parganas,129,N24P-129,171,Club Building 171,404,416,0,820,50.73,104,12.7,475,151,6,696,P1,324,68.2,21.7,307,289,694,P1,False,D,4,,0,345,
North 24 Parganas,129,N24P-129,172,Club Building 172,242,242,0,484,50.0,50,10.3,274,96,4,411,P1,178,66.7,23.4,225,116,379,P1,False,D,4,,0,204,
North 24 Parganas,129,N24P-129,173,Temple Hall 173,266,254,1,521,48.75,68,13.1,237,114,4,407,P1,123,58.2,28.0,236,110,448,P1,False,D,4,,0,219,
North 24 Parganas,129,N24P-129,174,Post Office 174,351,325,0,676,48.08,73,10.8,345,162,3,563,P1,183,61.3,28.8,317,134,557,P1,False,D,4,,0,284,
North 24 Parganas,129,N24P-129,175,Market Building 175,298,284,0,582,48.8,67,11.5,311,129,3,489,P1,182,63.6,26.4,299,142,490,P1,False,D,4,,0,245,
North 24 Parganas,129,N24P-129,176,Health Sub-Centre 176,326,314,1,641,48.99,76,11.9,336,134,2,523,P1,202,64.2,25.6,317,143,511,P1,False,D,4,,0,270,
North 24 Parganas,129,N24P-129,177,Post Office 177,310,293,0,603,48.59,86,14.3,275,171,2,497,P1,104,55.3,34.4,263,147,460,P1,False,D,4,,0,254,
North 24 Parganas,129,N24P-129,178,Health Sub-Centre 178,260,236,0,496,47.58,60,12.1,156,114,8,382,P1,42,40.8,29.8,183,149,389,P1,False,D,4,,0,209,
North 24 Parganas,129,N24P-129,179,Primary School 179,403,391,0,794,49.24,84,10.6,293,187,16,630,P1,106,46.5,29.7,320,222,653,P1,False,D,4,,0,334,
North 24 Parganas,129,N24P-129,180,Health Sub-Centre 180,280,272,1,553,49.19,61,11.0,270,151,5,468,P1,119,57.7,32.3,232,155,446,P1,False,D,4,,0,233,
North 24 Parganas,129,N24P-129,181,Panchayat Bhavan 181,390,356,0,746,47.72,72,9.7,328,227,9,649,P1,101,50.5,35.0,387,170,619,P1,False,B,3,,0,314,
North 24 Parganas,129,N24P-129,182,Panchayat Bhavan 182,332,320,0,652,49.08,86,13.2,240,103,13,538,P1,62,44.6,19.1,271,205,541,P1,False,D,4,,0,274,
North 24 Parganas,129,N24P-129,183,Market Building 183,305,315,0,620,50.81,61,9.8,312,143,3,515,P1,169,60.6,27.8,332,122,505,P1,False,B,3,,0,261,
North 24 Parganas,129,N24P-129,184,Govt Office 184,283,263,1,547,48.08,80,14.6,221,129,4,419,P1,92,52.7,30.8,249,87,429,P1,False,D,4,,0,230,
North 24 Parganas,129,N24P-129,185,Primary School 185,284,269,0,553,48.64,56,10.1,249,146,4,449,P1,103,55.5,32.5,221,182,474,P1,False,D,4,,0,233,
North 24 Parganas,129,N24P-129,186,Govt Office 186,280,261,1,542,48.15,68,12.5,230,190,5,468,P1,40,49.1,40.6,264,160,472,P1,False,D,4,,0,228,
North 24 Parganas,129,N24P-129,187,Club Building 187,286,291,1,578,50.35,54,9.3,264,111,7,447,P1,153,59.1,24.8,256,160,470,P1,False,B,3,,0,243,
North 24 Parganas,129,N24P-129,188,Post Office 188,338,340,1,679,50.07,95,14.0,307,185,7,586,P1,122,52.4,31.6,366,156,580,P1,False,D,4,,0,286,
North 24 Parganas,129,N24P-129,189,High School 189,366,328,1,695,47.19,74,10.6,403,131,4,593,P1,272,68.0,22.1,294,187,538,P1,False,D,4,,0,292,
North 24 Parganas,129,N24P-129,190,High School 190,405,397,1,803,49.44,84,10.5,346,208,6,616,P1,138,56.2,33.8,458,162,689,P1,False,D,4,,0,338,
North 24 Parganas,129,N24P-129,191,Govt Office 191,377,350,1,728,48.08,97,13.3,347,170,5,575,P1,177,60.3,29.6,309,127,559,P1,False,D,4,,0,306,
North 24 Parganas,129,N24P-129,192,Panchayat Bhavan 192,285,257,1,543,47.33,50,9.2,218,134,3,424,P1,84,51.4,31.6,209,140,423,P1,False,B,3,,0,229,
North 24 Parganas,129,N24P-129,193,Temple Hall 193,404,391,0,795,49.18,69,8.7,369,212,8,677,P1,157,54.5,31.3,341,241,679,P1,False,B,3,,0,335,
North 24 Parganas,130,N24P-130,1,Anganwadi Centre 1,304,302,1,607,49.75,70,11.5,339,134,3,529,P1,205,64.1,25.3,287,150,491,P1,False,D,4,,0,255,
North 24 Parganas,130,N24P-130,2,Health Sub-Centre 2,357,332,1,690,48.12,72,10.4,271,137,12,526,P1,134,51.5,26.0,373,155,587,P1,False,D,4,,0,290,
North 24 Parganas,130,N24P-130,3,Club Building 3,243,242,0,485,49.9,45,9.3,218,134,2,391,P1,84,55.8,34.3,189,130,377,P1,False,B,3,,0,204,
North 24 Parganas,130,N24P-130,4,Community Hall 4,406,413,1,820,50.37,83,10.1,320,220,6,651,P1,100,49.2,33.8,400,190,655,P1,False,D,4,,0,345,
North 24 Parganas,130,N24P-130,5,Post Office 5,395,371,0,766,48.43,77,10.1,341,189,8,664,P1,152,51.4,28.5,265,153,590,P1,False,D,4,,0,322,
North 24 Parganas,130,N24P-130,6,High School 6,350,346,1,697,49.64,75,10.8,275,161,8,533,P1,114,51.6,30.2,342,174,573,P1,False,D,4,,0,293,
North 24 Parganas,130,N24P-130,7,Market Building 7,286,268,1,555,48.29,59,10.6,287,135,2,470,P1,152,61.1,28.7,269,84,467,P1,False,D,4,,0,234,
North 24 Parganas,130,N24P-130,8,Club Building 8,392,369,1,762,48.43,57,7.5,349,142,13,602,P1,207,58.0,23.6,301,183,594,P1,False,B,3,,0,321,
North 24 Parganas,130,N24P-130,9,Anganwadi Centre 9,359,337,1,697,48.35,89,12.8,331,87,9,580,P1,183,57.1,15.0,342,167,566,P1,False,D,4,,0,293,
North 24 Parganas,130,N24P-130,10,Anganwadi Centre 10,276,283,1,560,50.54,64,11.4,258,128,5,428,P1,130,60.3,29.9,284,133,463,P1,False,D,4,,0,236,
North 24 Parganas,130,N24P-130,11,Health Sub-Centre 11,397,409,0,806,50.74,97,12.0,445,162,7,675,P1,283,65.9,24.0,371,232,670,P1,False,D,4,,0,339,
North 24 Parganas,130,N24P-130,12,Temple Hall 12,286,274,1,561,48.84,55,9.8,262,159,4,483,P1,103,54.2,32.9,221,155,433,P1,False,B,3,,0,236,
North 24 Parganas,130,N24P-130,13,Temple Hall 13,323,308,1,632,48.73,54,8.5,313,171,5,537,P1,142,58.3,31.8,298,173,525,P1,False,B,3,,0,266,
North 24 Parganas,130,N24P-130,14,Madrasa 14,394,363,1,758,47.89,59,7.8,332,185,9,598,P1,147,55.5,30.9,304,189,578,P1,False,B,3,,0,319,
North 24 Parganas,130,N24P-130,15,Community Hall 15,369,349,1,719,48.54,59,8.2,319,128,15,580,P1,191,55.0,22.1,396,131,585,P1,False,B,3,,0,303,
North 24 Parganas,130,N24P-130,16,Primary School 16,358,353,0,711,49.65,91,12.8,289,188,7,569,P1,101,50.8,33.0,344,156,555,P1,False,D,4,,0,299,
North 24 Parganas,130,N24P-130,17,Market Building 17,263,240,1,504,47.62,52,10.3,260,87,3,386,P1,173,67.4,22.5,278,88,426,P1,False,D,4,,0,212,
North 24 Parganas,130,N24P-130,18,Govt Office 18,344,332,1,677,49.04,68,10.0,292,148,11,534,P1,144,54.7,27.7,290,189,563,P1,False,B,3,,0,285,
North 24 Parganas,130,N24P-130,19,Govt Office 19,391,355,1,747,47.52,58,7.8,354,156,10,624,P1,198,56.7,25.0,338,174,569,P1,False,B,3,,0,314,
North 24 Parganas,130,N24P-130,20,Community Hall 20,321,294,0,615,47.8,60,9.8,274,193,6,525,P1,81,52.2,36.8,357,89,496,P1,False,B,3,,0,259,
North 24 Parganas,130,N24P-130,21,Madrasa 21,348,346,0,694,49.86,85,12.2,332,150,2,549,P1,182,60.5,27.3,340,147,542,P1,False,D,4,,0,292,
North 24 Parganas,130,N24P-130,22,Market Building 22,294,266,1,561,47.42,48,8.6,235,137,6,441,P1,98,53.3,31.1,226,150,436,P1,False,B,3,,0,236,
North 24 Parganas,130,N24P-130,23,Govt Office 23,251,259,1,511,50.68,47,9.2,267,131,5,442,P1,136,60.4,29.6,238,112,424,P1,False,B,3,,0,215,
North 24 Parganas,130,N24P-130,24,Anganwadi Centre 24,335,337,1,673,50.07,49,7.3,273,177,4,509,P1,96,53.6,34.8,284,169,575,P1,False,B,3,,0,283,
North 24 Parganas,130,N24P-130,25,Primary School 25,397,364,0,761,47.83,92,12.1,398,170,6,632,P1,228,63.0,26.9,282,254,635,P1,False,D,4,,0,320,
North 24 Parganas,130,N24P-130,26,Panchayat Bhavan 26,278,276,0,554,49.82,63,11.4,298,133,5,478,P1,165,62.3,27.8,245,113,444,P1,False,D,4,,0,233,
North 24 Parganas,130,N24P-130,27,Primary School 27,259,240,0,499,48.1,49,9.8,260,118,4,420,P1,142,61.9,28.1,263,105,408,P1,False,B,3,,0,210,
North 24 Parganas,130,N24P-130,28,Temple Hall 28,372,356,0,728,48.9,63,8.7,332,178,2,582,P1,154,57.0,30.6,403,138,602,P1,False,B,3,,0,306,
North 24 Parganas,130,N24P-130,29,High School 29,250,244,0,494,49.39,51,10.3,206,119,6,381,P1,87,54.1,31.2,259,97,396,P1,False,D,4,,0,208,
North 24 Parganas,130,N24P-130,30,Panchayat Bhavan 30,330,334,0,664,50.3,82,12.3,274,221,2,550,P1,53,49.8,40.2,301,167,520,P1,False,D,4,,0,279,
North 24 Parganas,130,N24P-130,31,Anganwadi Centre 31,375,362,0,737,49.12,61,8.3,346,156,4,558,P1,190,62.0,28.0,339,168,566,P1,False,B,3,,0,310,
North 24 Parganas,130,N24P-130,32,Primary School 32,408,384,1,793,48.42,65,8.2,320,211,5,613,P1,109,52.2,34.4,374,164,602,P1,False,B,3,,0,334,
North 24 Parganas,130,N24P-130,33,High School 33,347,351,1,699,50.21,81,11.6,284,212,2,551,P1,72,51.5,38.5,301,225,584,P1,False,D,4,,0,294,
North 24 Parganas,130,N24P-130,34,Panchayat Bhavan 34,400,364,1,765,47.58,55,7.2,412,183,3,661,P1,229,62.3,27.7,368,172,626,P1,False,B,3,,0,322,
North 24 Parganas,130,N24P-130,35,Community Hall 35,260,255,1,516,49.42,52,10.1,215,136,5,411,P1,79,52.3,33.1,224,160,427,P1,False,D,4,,0,217,
North 24 Parganas,130,N24P-130,36,Club Building 36,311,310,0,621,49.92,69,11.1,278,146,5,471,P1,132,59.0,31.0,256,175,534,P1,False,D,4,,0,261,
North 24 Parganas,130,N24P-130,37,Community Hall 37,347,331,1,679,48.75,68,10.0,357,149,5,562,P1,208,63.5,26.5,325,164,543,P1,False,B,3,,0,286,
North 24 Parganas,130,N24P-130,38,Market Building 38,367,334,0,701,47.65,52,7.4,356,139,6,550,P1,217,64.7,25.3,349,143,576,P1,False,B,3,,0,295,
North 24 Parganas,130,N24P-130,39,Madrasa 39,358,336,1,695,48.35,59,8.5,362,113,5,594,P1,249,60.9,19.0,344,157,557,P1,False,B,3,,0,292,
North 24 Parganas,130,N24P-130,40,Madrasa 40,273,249,1,523,47.61,65,12.4,227,111,2,398,P1,116,57.0,27.9,240,159,443,P1,False,D,4,,0,220,
North 24 Parganas,130,N24P-130,41,Post Office 41,301,307,0,608,50.49,47,7.7,281,86,7,461,P1,195,61.0,18.7,255,155,461,P1,False,B,3,,0,256,
North 24 Parganas,130,N24P-130,42,Community Hall 42,259,240,0,499,48.1,42,8.4,243,129,3,434,P1,114,56.0,29.7,230,99,385,P1,False,B,3,,0,210,
North 24 Parganas,130,N24P-130,43,Health Sub-Centre 43,279,262,0,541,48.43,51,9.4,271,136,4,452,P1,135,60.0,30.1,356,52,453,P1,False,B,3,,0,228,
North 24 Parganas,130,N24P-130,44,Primary School 44,363,346,1,710,48.73,75,10.6,281,143,7,545,P1,138,51.6,26.2,365,178,604,P1,False,D,4,,0,299,
North 24 Parganas,130,N24P-130,45,Community Hall 45,259,233,1,493,47.26,61,12.4,226,143,4,415,P1,83,54.5,34.5,273,111,426,P1,False,D,4,,0,207,
North 24 Parganas,130,N24P-130,46,Madrasa 46,346,311,0,657,47.34,68,10.4,348,141,3,546,P1,207,63.7,25.8,295,154,518,P1,False,D,4,,0,276,
North 24 Parganas,130,N24P-130,47,Market Building 47,409,391,0,800,48.88,65,8.1,411,148,3,621,P1,263,66.2,23.8,362,187,620,P1,False,A,1,,0,337,
North 24 Parganas,130,N24P-130,48,Govt Office 48,298,287,0,585,49.06,59,10.1,309,115,2,493,P1,194,62.7,23.3,266,100,464,P1,False,D,4,,0,246,
North 24 Parganas,130,N24P-130,49,Market Building 49,286,292,1,579,50.43,57,9.8,209,144,9,461,P1,65,45.3,31.2,283,126,484,P1,False,B,3,,0,244,
North 24 Parganas,130,N24P-130,50,Club Building 50,286,293,0,579,50.6,49,8.5,267,156,4,470,P1,111,56.8,33.2,233,147,449,P1,False,B,3,,0,244,
North 24 Parganas,130,N24P-130,51,Primary School 51,248,255,0,503,50.7,52,10.3,246,112,3,399,P1,134,61.7,28.1,230,127,397,P1,False,D,4,,0,212,
North 24 Parganas,130,N24P-130,52,Primary School 52,297,287,1,585,49.06,61,10.4,291,129,5,466,P1,162,62.4,27.7,252,147,484,P1,False,D,4,,0,246,
North 24 Parganas,130,N24P-130,53,Market Building 53,276,270,0,546,49.45,55,10.1,286,112,4,442,P1,174,64.7,25.3,262,127,432,P1,False,D,4,,0,230,
North 24 Parganas,130,N24P-130,54,Post Office 54,387,348,0,735,47.35,94,12.8,396,125,7,579,P1,271,68.4,21.6,322,142,574,P1,False,D,4,,0,309,
North 24 Parganas,130,N24P-130,55,Health Sub-Centre 55,297,303,1,601,50.42,49,8.2,307,123,4,478,P1,184,64.2,25.7,322,109,495,P1,False,B,3,,0,253,
North 24 Parganas,130,N24P-130,56,Anganwadi Centre 56,260,241,1,502,48.01,50,10.0,237,153,2,434,P1,84,54.6,35.3,281,89,426,P1,False,B,3,,0,211,
North 24 Parganas,130,N24P-130,57,Post Office 57,414,395,0,809,48.83,93,11.5,378,233,8,679,P1,145,55.7,34.3,300,206,642,P1,False,D,4,,0,340,
North 24 Parganas,130,N24P-130,58,Market Building 58,416,373,1,790,47.22,84,10.6,343,202,2,605,P1,141,56.7,33.4,344,212,618,P1,False,D,4,,0,332,
North 24 Parganas,130,N24P-130,59,Madrasa 59,368,331,1,700,47.29,53,7.6,355,165,4,578,P1,190,61.4,28.5,352,169,586,P1,False,B,3,,0,295,
North 24 Parganas,130,N24P-130,60,Anganwadi Centre 60,392,390,0,782,49.87,88,11.3,345,200,6,606,P1,145,56.9,33.0,363,235,665,P1,False,D,4,,0,329,
North 24 Parganas,130,N24P-130,61,Community Hall 61,402,374,0,776,48.2,68,8.8,375,165,4,600,P1,210,62.5,27.5,414,144,632,P1,False,B,3,,0,327,
North 24 Parganas,130,N24P-130,62,Market Building 62,312,305,0,617,49.43,79,12.8,266,162,4,512,P1,104,52.0,31.6,300,155,505,P1,False,D,4,,0,260,
North 24 Parganas,130,N24P-130,63,Anganwadi Centre 63,417,395,1,813,48.59,97,11.9,333,221,7,633,P1,112,52.6,34.9,363,120,625,P1,False,D,4,,0,342,
North 24 Parganas,130,N24P-130,64,Anganwadi Centre 64,261,240,1,502,47.81,46,9.2,238,142,2,434,P1,96,54.8,32.7,245,113,438,P1,False,B,3,,0,211,
North 24 Parganas,130,N24P-130,65,Market Building 65,380,386,1,767,50.33,81,10.6,320,116,11,589,P1,183,54.3,19.7,433,163,663,P1,False,D,4,,0,323,
North 24 Parganas,130,N24P-130,66,Madrasa 66,296,271,1,568,47.71,70,12.3,273,121,4,443,P1,152,61.6,27.3,239,185,472,P1,False,D,4,,0,239,
North 24 Parganas,130,N24P-130,67,High School 67,332,317,1,650,48.77,56,8.6,305,130,6,495,P1,175,61.6,26.3,303,155,509,P1,False,B,3,,0,274,
North 24 Parganas,130,N24P-130,68,Market Building 68,394,402,1,797,50.44,97,12.2,306,273,11,685,P1,33,44.7,39.9,400,155,617,P1,False,D,4,,0,335,
North 24 Parganas,130,N24P-130,69,Club Building 69,256,246,0,502,49.0,37,7.4,271,116,5,430,P1,155,63.0,27.0,203,97,408,P1,False,B,3,,0,211,
North 24 Parganas,130,N24P-130,70,Panchayat Bhavan 70,355,320,1,676,47.34,74,10.9,295,197,7,578,P1,98,51.0,34.1,295,138,553,P1,False,D,4,,0,284,
North 24 Parganas,130,N24P-130,71,Temple Hall 71,325,291,0,616,47.24,74,12.0,296,171,4,518,P1,125,57.1,33.0,302,150,513,P1,False,D,4,,0,259,
North 24 Parganas,130,N24P-130,72,Club Building 72,335,339,0,674,50.3,52,7.7,311,180,2,546,P1,131,57.0,33.0,324,166,545,P1,False,B,3,,0,284,
North 24 Parganas,130,N24P-130,73,Panchayat Bhavan 73,400,369,0,769,47.98,89,11.6,405,195,6,667,P1,210,60.7,29.2,361,191,635,P1,False,D,4,,0,324,
North 24 Parganas,130,N24P-130,74,Madrasa 74,311,295,1,607,48.6,56,9.2,236,116,18,515,P1,95,45.8,22.5,302,152,505,P1,False,B,3,,0,255,
North 24 Parganas,130,N24P-130,75,Market Building 75,288,279,1,568,49.12,64,11.3,215,145,8,450,P1,70,47.8,32.2,250,142,436,P1,False,D,4,,0,239,
North 24 Parganas,130,N24P-130,76,Community Hall 76,308,283,1,592,47.8,42,7.1,291,137,4,475,P1,154,61.3,28.8,243,205,512,P1,False,B,3,,0,249,
North 24 Parganas,130,N24P-130,77,Health Sub-Centre 77,321,300,1,622,48.23,50,8.0,259,189,2,513,P1,70,50.5,36.8,348,130,531,P1,False,B,3,,0,262,
North 24 Parganas,130,N24P-130,78,Club Building 78,270,257,1,528,48.67,44,8.3,271,110,5,434,P1,161,62.4,25.3,288,85,415,P1,False,B,3,,0,222,
North 24 Parganas,130,N24P-130,79,Market Building 79,264,265,0,529,50.09,67,12.7,268,132,3,459,P1,136,58.4,28.8,189,125,426,P1,False,D,4,,0,223,
North 24 Parganas,130,N24P-130,80,Madrasa 80,379,359,0,738,48.64,59,8.0,368,140,2,564,P1,228,65.2,24.8,306,241,608,P1,False,A,1,,0,311,
North 24 Parganas,130,N24P-130,81,Post Office 81,415,377,1,793,47.54,101,12.7,434,113,7,608,P1,321,71.4,18.6,380,227,674,P1,False,D,4,,0,334,
North 24 Parganas,130,N24P-130,82,Market Building 82,320,314,0,634,49.53,52,8.2,295,171,4,518,P1,124,56.9,33.0,299,174,526,P1,False,B,3,,0,267,
North 24 Parganas,130,N24P-130,83,Anganwadi Centre 83,366,362,1,729,49.66,86,11.8,331,202,4,592,P1,129,55.9,34.1,273,112,552,P1,False,D,4,,0,307,
North 24 Parganas,130,N24P-130,84,Club Building 84,270,258,0,528,48.86,47,8.9,243,158,3,445,P1,85,54.6,35.5,202,128,414,P1,False,B,3,,0,222,
North 24 Parganas,130,N24P-130,85,Govt Office 85,246,242,0,488,49.59,40,8.2,233,126,2,399,P1,107,58.4,31.6,210,119,401,P1,False,B,3,,0,205,
North 24 Parganas,130,N24P-130,86,Club Building 86,336,320,0,656,48.78,66,10.1,328,156,3,537,P1,172,61.1,29.1,343,116,510,P1,False,D,4,,0,276,
North 24 Parganas,130,N24P-130,87,Govt Office 87,259,236,0,495,47.68,45,9.1,273,99,3,413,P1,174,66.1,24.0,204,115,385,P1,False,A,1,,0,208,
North 24 Parganas,130,N24P-130,88,High School 88,304,310,1,615,50.41,44,7.2,273,141,7,504,P1,132,54.2,28.0,331,148,532,P1,False,B,3,,0,259,
North 24 Parganas,130,N24P-130,89,Post Office 89,325,313,1,639,48.98,57,8.9,280,156,5,555,P1,124,50.5,28.1,316,152,537,P1,False,B,3,,0,269,
North 24 Parganas,130,N24P-130,90,Primary School 90,332,325,1,658,49.39,70,10.6,301,157,2,509,P1,144,59.1,30.8,361,105,517,P1,False,D,4,,0,277,
North 24 Parganas,130,N24P-130,91,Govt Office 91,245,244,0,489,49.9,44,9.0,202,137,4,425,P1,65,47.5,32.2,230,136,421,P1,False,B,3,,0,206,
North 24 Parganas,130,N24P-130,92,Anganwadi Centre 92,269,267,1,537,49.72,62,11.5,269,143,5,458,P1,126,58.7,31.2,240,104,418,P1,False,D,4,,0,226,
North 24 Parganas,130,N24P-130,93,Community Hall 93,349,358,1,708,50.56,77,10.9,350,164,11,608,P1,186,57.6,27.0,285,138,564,P1,False,D,4,,0,298,
North 24 Parganas,130,N24P-130,94,Temple Hall 94,414,395,1,810,48.77,79,9.8,360,234,4,687,P1,126,52.4,34.1,335,204,638,P1,False,B,3,,0,341,
North 24 Parganas,130,N24P-130,95,High School 95,393,372,0,765,48.63,63,8.2,379,192,7,634,P1,187,59.8,30.3,377,185,624,P1,False,B,3,,0,322,
North 24 Parganas,130,N24P-130,96,Govt Office 96,354,332,0,686,48.4,86,12.5,302,184,6,540,P1,118,55.9,34.1,412,95,563,P1,False,D,4,,0,289,
North 24 Parganas,130,N24P-130,97,Madrasa 97,327,311,0,638,48.75,48,7.5,246,159,10,506,P1,87,48.6,31.4,255,152,484,P1,False,B,3,,0,268,
North 24 Parganas,130,N24P-130,98,High School 98,339,351,1,691,50.8,65,9.4,364,145,4,565,P1,219,64.4,25.7,314,167,534,P1,False,B,3,,0,291,
North 24 Parganas,130,N24P-130,99,Club Building 99,275,277,0,552,50.18,58,10.5,326,83,4,455,P1,243,71.6,18.2,260,130,434,P1,False,D,4,,0,232,
North 24 Parganas,130,N24P-130,100,Govt Office 100,280,269,0,549,49.0,62,11.3,255,134,4,433,P1,121,58.9,30.9,277,121,443,P1,False,D,4,,0,231,
North 24 Parganas,130,N24P-130,101,Govt Office 101,333,341,1,675,50.52,80,11.9,314,133,10,528,P1,181,59.5,25.2,293,170,543,P1,False,D,4,,0,284,
North 24 Parganas,130,N24P-130,102,Post Office 102,277,279,1,557,50.09,64,11.5,278,122,8,466,P1,156,59.7,26.2,283,142,472,P1,False,D,4,,0,234,
North 24 Parganas,130,N24P-130,103,Health Sub-Centre 103,321,304,1,626,48.56,70,11.2,243,176,5,483,P1,67,50.3,36.4,284,191,528,P1,False,D,4,,0,263,
North 24 Parganas,130,N24P-130,104,Club Building 104,325,331,0,656,50.46,54,8.2,426,59,4,539,P1,367,79.0,10.9,367,144,568,P1,False,A,1,,0,276,
North 24 Parganas,130,N24P-130,105,Health Sub-Centre 105,393,356,1,750,47.47,67,8.9,339,183,3,591,P1,156,57.4,31.0,321,216,643,P1,False,B,3,,0,316,
North 24 Parganas,130,N24P-130,106,Temple Hall 106,247,243,1,491,49.49,47,9.6,229,154,4,425,P1,75,53.9,36.2,283,93,417,P1,False,B,3,,0,207,
North 24 Parganas,130,N24P-130,107,Market Building 107,348,323,1,672,48.07,47,7.0,382,138,2,578,P1,244,66.1,23.9,375,90,577,P1,False,A,1,,0,283,
North 24 Parganas,130,N24P-130,108,Temple Hall 108,375,386,0,761,50.72,88,11.6,310,221,5,590,P1,89,52.5,37.5,383,202,650,P1,False,D,4,,0,320,
North 24 Parganas,130,N24P-130,109,Govt Office 109,406,399,1,806,49.5,66,8.2,365,230,4,661,P1,135,55.2,34.8,391,176,629,P1,False,B,3,,0,339,
North 24 Parganas,130,N24P-130,110,Community Hall 110,416,376,0,792,47.47,84,10.6,386,170,3,617,P1,216,62.6,27.6,434,159,664,P1,False,D,4,,0,333,
North 24 Parganas,130,N24P-130,111,Govt Office 111,285,258,0,543,47.51,56,10.3,281,94,3,417,P1,187,67.4,22.5,223,148,416,P1,False,D,4,,0,229,
North 24 Parganas,130,N24P-130,112,Health Sub-Centre 112,416,375,1,792,47.35,92,11.6,327,156,6,627,P1,171,52.2,24.9,381,233,690,P1,False,D,4,,0,333,
North 24 Parganas,130,N24P-130,113,High School 113,363,373,1,737,50.61,57,7.7,428,144,7,636,P1,284,67.3,22.6,341,218,621,P1,False,A,1,,0,310,
North 24 Parganas,130,N24P-130,114,Market Building 114,382,395,1,778,50.77,65,8.4,382,165,6,656,P1,217,58.2,25.2,260,238,623,P1,False,B,3,,0,327,
North 24 Parganas,130,N24P-130,115,Club Building 115,403,400,0,803,49.81,95,11.8,305,215,8,672,P1,90,45.4,32.0,331,152,673,P1,False,D,4,,0,338,
North 24 Parganas,130,N24P-130,116,High School 116,399,403,0,802,50.25,96,12.0,486,126,7,681,P1,360,71.4,18.5,385,195,644,P1,False,D,4,,0,338,
North 24 Parganas,130,N24P-130,117,Anganwadi Centre 117,291,301,1,593,50.76,75,12.6,307,142,2,499,P1,165,61.5,28.5,307,100,452,P1,False,D,4,,0,250,
North 24 Parganas,130,N24P-130,118,Health Sub-Centre 118,312,297,1,610,48.69,55,9.0,273,171,5,493,P1,102,55.4,34.7,305,131,493,P1,False,B,3,,0,257,
North 24 Parganas,130,N24P-130,119,Anganwadi Centre 119,259,256,0,515,49.71,62,12.0,207,161,3,413,P1,46,50.1,39.0,264,123,430,P1,False,D,4,,0,217,
North 24 Parganas,130,N24P-130,120,High School 120,322,330,0,652,50.61,59,9.0,329,170,5,554,P1,159,59.4,30.7,303,168,524,P1,False,B,3,,0,274,
North 24 Parganas,130,N24P-130,121,Govt Office 121,393,387,1,781,49.55,56,7.2,360,225,6,651,P1,135,55.3,34.6,347,234,645,P1,False,B,3,,0,329,
North 24 Parganas,130,N24P-130,122,High School 122,286,262,0,548,47.81,58,10.6,244,132,9,472,P1,112,51.7,28.0,182,132,418,P1,False,D,4,,0,231,
North 24 Parganas,130,N24P-130,123,Panchayat Bhavan 123,265,248,0,513,48.34,41,8.0,258,141,4,444,P1,117,58.1,31.8,271,109,423,P1,False,B,3,,0,216,
North 24 Parganas,130,N24P-130,124,Post Office 124,272,247,1,520,47.5,44,8.5,271,133,3,449,P1,138,60.4,29.6,321,78,443,P1,False,B,3,,0,219,
North 24 Parganas,130,N24P-130,125,Community Hall 125,391,386,0,777,49.68,84,10.8,397,171,5,631,P1,226,62.9,27.1,482,60,602,P1,False,D,4,,0,327,
North 24 Parganas,130,N24P-130,126,High School 126,401,398,0,799,49.81,61,7.6,342,156,8,643,P1,186,53.2,24.3,424,177,668,P1,False,B,3,,0,336,
North 24 Parganas,130,N24P-130,127,Madrasa 127,300,269,0,569,47.28,72,12.7,293,119,3,458,P1,174,64.0,26.0,270,127,441,P1,False,D,4,,0,239,
North 24 Parganas,130,N24P-130,128,Panchayat Bhavan 128,302,294,1,597,49.25,56,9.4,290,119,2,454,P1,171,63.9,26.2,297,126,469,P1,False,B,3,,0,251,
North 24 Parganas,130,N24P-130,129,Madrasa 129,279,285,1,565,50.44,47,8.3,233,133,14,487,P1,100,47.8,27.3,280,143,470,P1,False,B,3,,0,238,
North 24 Parganas,130,N24P-130,130,Anganwadi Centre 130,425,384,0,809,47.47,80,9.9,417,135,3,613,P1,282,68.0,22.0,399,212,682,P1,False,A,1,,0,340,
North 24 Parganas,130,N24P-130,131,Health Sub-Centre 131,411,409,0,820,49.88,84,10.2,361,162,6,692,P1,199,52.2,23.4,394,217,685,P1,False,D,4,,0,345,
North 24 Parganas,130,N24P-130,132,Panchayat Bhavan 132,358,355,1,714,49.72,72,10.1,395,151,3,607,P1,244,65.1,24.9,295,158,542,P1,False,D,4,,0,300,
North 24 Parganas,130,N24P-130,133,Anganwadi Centre 133,273,245,1,519,47.21,37,7.1,263,109,3,413,P1,154,63.7,26.4,216,167,449,P1,False,B,3,,0,218,
North 24 Parganas,130,N24P-130,134,Club Building 134,269,251,1,521,48.18,63,12.1,302,93,5,439,P1,209,68.8,21.2,253,113,407,P1,False,D,4,,0,219,
North 24 Parganas,130,N24P-130,135,Primary School 135,325,298,0,623,47.83,63,10.1,317,149,2,517,P1,168,61.3,28.8,304,153,508,P1,False,D,4,,0,262,
North 24 Parganas,130,N24P-130,136,High School 136,245,238,0,483,49.28,38,7.9,217,126,2,397,P1,91,54.7,31.7,166,101,386,P1,False,B,3,,0,203,
North 24 Parganas,130,N24P-130,137,Primary School 137,381,370,1,752,49.2,55,7.3,265,147,14,573,P1,118,46.2,25.7,393,146,599,P1,False,B,3,,0,316,
North 24 Parganas,130,N24P-130,138,Govt Office 138,351,343,0,694,49.42,53,7.6,310,168,4,532,P1,142,58.3,31.6,336,143,532,P1,False,B,3,,0,292,
North 24 Parganas,130,N24P-130,139,Primary School 139,403,368,1,772,47.67,87,11.3,312,217,3,588,P1,95,53.1,36.9,347,173,617,P1,False,D,4,,0,325,
North 24 Parganas,130,N24P-130,140,Health Sub-Centre 140,272,248,0,520,47.69,48,9.2,225,123,5,424,P1,102,53.1,29.0,242,108,443,P1,False,B,3,,0,219,
North 24 Parganas,130,N24P-130,141,Health Sub-Centre 141,256,233,1,490,47.55,40,8.2,209,116,3,376,P1,93,55.6,30.9,208,153,426,P1,False,B,3,,0,206,
North 24 Parganas,130,N24P-130,142,Panchayat Bhavan 142,245,251,1,497,50.5,56,11.3,285,74,2,398,P1,211,71.6,18.6,275,103,420,P1,False,D,4,,0,209,
North 24 Parganas,130,N24P-130,143,Anganwadi Centre 143,281,286,0,567,50.44,51,9.0,266,133,9,473,P1,133,56.2,28.1,218,153,456,P1,False,B,3,,0,239,
North 24 Parganas,130,N24P-130,144,Post Office 144,356,361,0,717,50.35,66,9.2,335,169,5,590,P1,166,56.8,28.6,409,143,613,P1,False,B,3,,0,302,
North 24 Parganas,130,N24P-130,145,Club Building 145,382,349,0,731,47.74,85,11.6,307,160,4,561,P1,147,54.7,28.5,352,210,625,P1,False,D,4,,0,308,
North 24 Parganas,130,N24P-130,146,Market Building 146,343,350,1,694,50.43,78,11.2,390,130,7,578,P1,260,67.5,22.5,356,149,561,P1,False,D,4,,0,292,
North 24 Parganas,130,N24P-130,147,Madrasa 147,255,252,1,508,49.61,62,12.2,232,82,12,432,P1,130,53.7,19.0,238,133,421,P1,False,D,4,,0,214,
North 24 Parganas,130,N24P-130,148,Primary School 148,348,321,0,669,47.98,85,12.7,267,158,8,507,P1,109,52.7,31.2,263,174,506,P1,False,D,4,,0,282,
North 24 Parganas,130,N24P-130,149,High School 149,284,271,1,556,48.74,68,12.2,263,143,4,463,P1,120,56.8,30.9,261,155,463,P1,False,D,4,,0,234,
North 24 Parganas,130,N24P-130,150,Post Office 150,363,327,0,690,47.39,49,7.1,280,145,14,548,P1,135,51.1,26.5,308,173,534,P1,False,B,3,,0,290,
North 24 Parganas,130,N24P-130,151,Community Hall 151,364,342,1,707,48.37,89,12.6,298,176,10,575,P1,122,51.8,30.6,308,205,574,P1,False,D,4,,0,298,
North 24 Parganas,130,N24P-130,152,High School 152,295,291,1,587,49.57,71,12.1,298,104,5,478,P1,194,62.3,21.8,288,121,455,P1,False,D,4,,0,247,
North 24 Parganas,130,N24P-130,153,Community Hall 153,263,254,0,517,49.13,65,12.6,254,113,1,408,P1,141,62.3,27.7,251,147,442,P1,False,D,4,,0,218,
North 24 Parganas,130,N24P-130,154,Health Sub-Centre 154,287,281,0,568,49.47,53,9.3,268,93,4,443,P1,175,60.5,21.0,303,137,489,P1,False,B,3,,0,239,
North 24 Parganas,130,N24P-130,155,Primary School 155,339,330,0,669,49.33,73,10.9,288,165,8,541,P1,123,53.2,30.5,290,220,570,P1,False,D,4,,0,282,
North 24 Parganas,130,N24P-130,156,Anganwadi Centre 156,243,248,1,492,50.41,57,11.6,239,145,4,427,P1,94,56.0,34.0,248,106,393,P1,False,D,4,,0,207,
North 24 Parganas,130,N24P-130,157,Club Building 157,288,265,1,554,47.83,54,9.7,266,161,6,475,P1,105,56.0,33.9,233,162,439,P1,False,B,3,,0,233,
North 24 Parganas,130,N24P-130,158,Market Building 158,384,377,1,762,49.48,77,10.1,344,84,10,592,P1,196,58.1,14.2,413,127,627,P1,False,D,4,,0,321,
North 24 Parganas,130,N24P-130,159,High School 159,272,259,1,532,48.68,49,9.2,324,76,3,445,P1,248,72.8,17.1,275,140,461,P1,False,A,1,,0,224,
North 24 Parganas,130,N24P-130,160,Primary School 160,273,265,1,539,49.17,70,13.0,261,137,5,443,P1,124,58.9,30.9,315,92,452,P1,False,D,4,,0,227,
North 24 Parganas,130,N24P-130,161,Anganwadi Centre 161,265,240,0,505,47.52,46,9.1,208,152,3,401,P1,56,51.9,37.9,262,116,420,P1,False,B,3,,0,213,
North 24 Parganas,130,N24P-130,162,Panchayat Bhavan 162,293,266,1,560,47.5,42,7.5,310,106,2,462,P1,204,67.1,22.9,234,163,476,P1,False,A,1,,0,236,
North 24 Parganas,130,N24P-130,163,Club Building 163,358,347,1,706,49.15,82,11.6,329,189,3,576,P1,140,57.1,32.8,331,177,582,P1,False,D,4,,0,297,
North 24 Parganas,130,N24P-130,164,High School 164,331,312,1,644,48.45,69,10.7,245,151,6,500,P1,94,49.0,30.2,263,149,501,P1,False,D,4,,0,271,
North 24 Parganas,130,N24P-130,165,Post Office 165,407,383,1,791,48.42,102,12.9,414,161,4,639,P1,253,64.8,25.2,420,162,647,P1,False,D,4,,0,333,
North 24 Parganas,130,N24P-130,166,Community Hall 166,286,278,0,564,49.29,71,12.6,317,103,5,467,P1,214,67.9,22.1,254,140,446,P1,False,D,4,,0,237,
North 24 Parganas,130,N24P-130,167,Madrasa 167,259,255,1,515,49.51,39,7.6,305,80,4,428,P1,225,71.3,18.7,238,131,437,P1,False,A,1,,0,217,
North 24 Parganas,130,N24P-130,168,Market Building 168,263,252,1,516,48.84,60,11.6,187,144,7,414,P1,43,45.2,34.8,274,109,426,P1,False,D,4,,0,217,
North 24 Parganas,130,N24P-130,169,Market Building 169,404,413,0,817,50.55,65,8.0,406,188,3,660,P1,218,61.5,28.5,420,151,634,P1,False,B,3,,0,344,
North 24 Parganas,130,N24P-130,170,Govt Office 170,377,346,1,724,47.79,86,11.9,327,152,7,549,P1,175,59.6,27.7,313,202,592,P1,False,D,4,,0,305,
North 24 Parganas,130,N24P-130,171,Club Building 171,327,329,0,656,50.15,69,10.5,313,188,4,557,P1,125,56.2,33.8,349,161,567,P1,False,D,4,,0,276,
North 24 Parganas,130,N24P-130,172,High School 172,298,279,0,577,48.35,42,7.3,217,168,8,483,P1,49,44.9,34.8,312,135,497,P1,False,B,3,,0,243,
North 24 Parganas,130,N24P-130,173,High School 173,279,280,1,560,50.0,50,8.9,334,102,4,485,P1,232,68.9,21.0,304,126,477,P1,False,A,1,,0,236,
North 24 Parganas,130,N24P-130,174,Anganwadi Centre 174,405,414,0,819,50.55,67,8.2,348,165,13,631,P1,183,55.2,26.1,408,204,680,P1,False,B,3,,0,345,
North 24 Parganas,130,N24P-130,175,Govt Office 175,388,398,0,786,50.64,94,12.0,415,185,4,667,P1,230,62.2,27.7,361,228,667,P1,False,D,4,,0,331,
North 24 Parganas,130,N24P-130,176,Temple Hall 176,397,402,0,799,50.31,84,10.5,303,203,12,676,P1,100,44.8,30.0,430,155,650,P1,False,D,4,,0,336,
North 24 Parganas,130,N24P-130,177,High School 177,314,304,1,619,49.11,58,9.4,324,158,2,535,P1,166,60.6,29.5,349,125,527,P1,False,B,3,,0,260,
North 24 Parganas,130,N24P-130,178,Primary School 178,297,294,0,591,49.75,72,12.2,246,158,5,456,P1,88,53.9,34.6,287,148,484,P1,False,D,4,,0,249,
North 24 Parganas,130,N24P-130,179,Post Office 179,286,291,0,577,50.43,57,9.9,260,152,3,458,P1,108,56.8,33.2,292,125,463,P1,False,B,3,,0,243,
North 24 Parganas,130,N24P-130,180,Primary School 180,357,361,0,718,50.28,69,9.6,381,163,5,605,P1,218,63.0,26.9,367,175,602,P1,False,B,3,,0,302,
North 24 Parganas,131,N24P-131,1,Temple Hall 1,296,268,1,565,47.43,69,12.2,289,128,2,463,P1,161,62.4,27.6,240,160,444,P1,False,D,4,,0,238,
North 24 Parganas,131,N24P-131,2,Health Sub-Centre 2,326,328,0,654,50.15,76,11.6,316,151,4,518,P1,165,61.0,29.2,304,183,541,P1,False,D,4,,0,275,
North 24 Parganas,131,N24P-131,3,Panchayat Bhavan 3,365,357,1,723,49.38,110,15.2,366,195,5,629,P1,171,58.2,31.0,326,215,613,P1,False,D,4,,0,304,
North 24 Parganas,131,N24P-131,4,Panchayat Bhavan 4,376,370,1,747,49.53,63,8.4,325,163,9,580,P1,162,56.0,28.1,349,209,620,P1,False,B,3,,0,314,
North 24 Parganas,131,N24P-131,5,Health Sub-Centre 5,323,322,1,646,49.85,59,9.1,304,167,2,523,P1,137,58.1,31.9,363,127,544,P1,False,B,3,,0,272,
North 24 Parganas,131,N24P-131,6,Govt Office 6,271,266,1,538,49.44,62,11.5,291,106,5,441,P1,185,66.0,24.0,330,74,449,P1,False,D,4,,0,226,
North 24 Parganas,131,N24P-131,7,Primary School 7,287,291,0,578,50.35,85,14.7,270,155,5,472,P1,115,57.2,32.8,288,119,463,P1,False,D,4,,0,243,
North 24 Parganas,131,N24P-131,8,Club Building 8,287,290,0,577,50.26,50,8.7,240,164,5,450,P1,76,53.3,36.4,271,125,441,P1,False,B,3,,0,243,
North 24 Parganas,131,N24P-131,9,Post Office 9,296,283,1,580,48.79,64,11.0,265,138,3,447,P1,127,59.3,30.9,284,129,459,P1,False,D,4,,0,244,
North 24 Parganas,131,N24P-131,10,High School 10,253,244,1,498,49.0,46,9.2,253,123,3,424,P1,130,59.7,29.0,277,78,394,P1,False,B,3,,0,210,
North 24 Parganas,131,N24P-131,11,Temple Hall 11,376,379,0,755,50.2,117,15.5,332,142,15,612,P1,190,54.2,23.2,384,171,616,P1,False,D,4,,0,318,
North 24 Parganas,131,N24P-131,12,Panchayat Bhavan 12,364,349,0,713,48.95,79,11.1,369,139,6,564,P1,230,65.4,24.6,381,104,539,P1,False,D,4,,0,300,
North 24 Parganas,131,N24P-131,13,High School 13,354,343,1,698,49.14,59,8.5,390,130,2,577,P1,260,67.6,22.5,347,168,581,P1,False,A,1,,0,294,
North 24 Parganas,131,N24P-131,14,Club Building 14,315,312,1,628,49.68,57,9.1,263,167,3,477,P1,96,55.1,35.0,268,152,493,P1,False,B,3,,0,264,
North 24 Parganas,131,N24P-131,15,Madrasa 15,304,310,1,615,50.41,72,11.7,283,122,7,496,P1,161,57.1,24.6,159,166,478,P2,True,D,4,,0,259,
North 24 Parganas,131,N24P-131,16,High School 16,365,344,0,709,48.52,105,14.8,353,174,3,586,P1,179,60.2,29.7,303,124,615,P1,False,D,4,,0,298,
North 24 Parganas,131,N24P-131,17,Club Building 17,253,258,0,511,50.49,75,14.7,254,116,2,446,P1,138,57.0,26.0,201,139,415,P1,False,D,4,,0,215,
North 24 Parganas,131,N24P-131,18,Community Hall 18,344,354,1,699,50.64,102,14.6,237,164,16,583,P1,73,40.7,28.1,334,194,587,P1,False,D,4,,0,294,
North 24 Parganas,131,N24P-131,19,High School 19,292,280,1,573,48.87,51,8.9,256,146,5,447,P1,110,57.3,32.7,219,131,437,P1,False,B,3,,0,241,
North 24 Parganas,131,N24P-131,20,Govt Office 20,315,304,0,619,49.11,78,12.6,294,151,3,495,P1,143,59.4,30.5,322,124,496,P1,False,D,4,,0,260,
North 24 Parganas,131,N24P-131,21,Market Building 21,345,325,0,670,48.51,59,8.8,331,150,6,534,P1,181,62.0,28.1,285,133,568,P1,False,B,3,,0,282,
North 24 Parganas,131,N24P-131,22,Anganwadi Centre 22,353,333,1,687,48.47,106,15.4,300,202,6,561,P1,98,53.5,36.0,273,171,556,P1,False,D,4,,0,289,
North 24 Parganas,131,N24P-131,23,Primary School 23,314,293,1,608,48.19,71,11.7,232,179,4,504,P1,53,46.0,35.5,305,162,519,P1,False,D,4,,0,256,
North 24 Parganas,131,N24P-131,24,Health Sub-Centre 24,258,254,1,513,49.51,60,11.7,259,97,2,396,P1,162,65.4,24.5,190,106,415,P1,False,D,4,,0,216,
North 24 Parganas,131,N24P-131,25,Health Sub-Centre 25,415,395,1,811,48.71,113,13.9,439,141,7,644,P1,298,68.2,21.9,349,212,647,P1,False,D,4,,0,341,
North 24 Parganas,131,N24P-131,26,Post Office 26,309,315,0,624,50.48,76,12.2,298,111,14,530,P1,187,56.2,20.9,321,126,497,P1,False,D,4,,0,263,
North 24 Parganas,131,N24P-131,27,Govt Office 27,288,272,1,561,48.48,83,14.8,235,172,3,452,P1,63,52.0,38.1,275,150,472,P1,False,D,4,,0,236,
North 24 Parganas,131,N24P-131,28,Community Hall 28,391,360,0,751,47.94,66,8.8,391,189,2,645,P1,202,60.6,29.3,363,198,624,P1,False,B,3,,0,316,
North 24 Parganas,131,N24P-131,29,Panchayat Bhavan 29,246,248,0,494,50.2,46,9.3,230,128,3,398,P1,102,57.8,32.2,215,120,428,P1,False,B,3,,0,208,
North 24 Parganas,131,N24P-131,30,Govt Office 30,244,252,0,496,50.81,42,8.5,275,114,4,432,P1,161,63.7,26.4,267,120,430,P1,False,B,3,,0,209,
North 24 Parganas,131,N24P-131,31,Panchayat Bhavan 31,278,283,1,562,50.36,75,13.3,251,143,5,437,P1,108,57.4,32.7,236,139,435,P1,False,D,4,,0,237,
North 24 Parganas,131,N24P-131,32,Primary School 32,406,388,1,795,48.81,86,10.8,463,151,2,682,P1,312,67.9,22.1,335,136,614,P1,False,D,4,,0,335,
North 24 Parganas,131,N24P-131,33,Anganwadi Centre 33,281,253,0,534,47.38,64,12.0,317,96,5,458,P1,221,69.2,21.0,296,118,461,P1,False,D,4,,0,225,
North 24 Parganas,131,N24P-131,34,Market Building 34,331,301,0,632,47.63,67,10.6,370,97,3,519,P1,273,71.3,18.7,364,81,494,P1,False,D,4,,0,266,
North 24 Parganas,131,N24P-131,35,Primary School 35,410,370,1,781,47.38,115,14.7,372,203,6,639,P1,169,58.2,31.8,353,242,661,P1,False,D,4,,0,329,
North 24 Parganas,131,N24P-131,36,Temple Hall 36,277,264,1,542,48.71,56,10.3,293,129,3,468,P1,164,62.6,27.6,240,144,444,P1,False,D,4,,0,228,
North 24 Parganas,131,N24P-131,37,Anganwadi Centre 37,310,303,0,613,49.43,62,10.1,316,155,3,523,P1,161,60.4,29.6,278,152,509,P1,False,D,4,,0,258,
North 24 Parganas,131,N24P-131,38,Govt Office 38,281,288,0,569,50.62,79,13.9,266,169,7,495,P1,97,53.7,34.1,250,140,454,P1,False,D,4,,0,239,
North 24 Parganas,131,N24P-131,39,High School 39,320,311,0,631,49.29,56,8.9,270,141,8,518,P1,129,52.1,27.2,214,169,484,P1,False,B,3,,0,266,
North 24 Parganas,131,N24P-131,40,Temple Hall 40,244,238,1,483,49.28,75,15.5,228,139,3,408,P1,89,55.9,34.1,229,131,400,P1,False,D,4,,0,203,
North 24 Parganas,131,N24P-131,41,Community Hall 41,375,336,0,711,47.26,60,8.4,338,151,6,543,P1,187,62.2,27.8,331,173,560,P1,False,B,3,,0,299,
North 24 Parganas,131,N24P-131,42,Anganwadi Centre 42,419,378,1,798,47.37,67,8.4,412,195,4,675,P1,217,61.0,28.9,355,143,684,P1,False,B,3,,0,336,
North 24 Parganas,131,N24P-131,43,Temple Hall 43,410,380,1,791,48.04,79,10.0,348,201,8,653,P1,147,53.3,30.8,373,239,680,P1,False,B,3,,0,333,
North 24 Parganas,131,N24P-131,44,Post Office 44,359,354,1,714,49.58,78,10.9,340,219,2,621,P1,121,54.8,35.3,367,165,591,P1,False,D,4,,0,300,
North 24 Parganas,131,N24P-131,45,Community Hall 45,361,330,1,692,47.69,64,9.2,355,170,5,583,P1,185,60.9,29.2,239,197,536,P1,False,B,3,,0,291,
North 24 Parganas,131,N24P-131,46,Primary School 46,348,331,0,679,48.75,62,9.1,275,218,6,548,P1,57,50.2,39.8,317,175,547,P1,False,B,3,,0,286,
North 24 Parganas,131,N24P-131,47,Health Sub-Centre 47,373,342,1,716,47.77,80,11.2,427,101,7,587,P1,326,72.7,17.2,351,178,588,P1,False,D,4,,0,301,
North 24 Parganas,131,N24P-131,48,Post Office 48,299,270,0,569,47.45,62,10.9,291,119,2,460,P1,172,63.3,25.9,278,124,447,P1,False,D,4,,0,239,
North 24 Parganas,131,N24P-131,49,Club Building 49,394,395,0,789,50.06,88,11.2,381,158,4,599,P1,223,63.6,26.4,387,221,680,P1,False,D,4,,0,332,
North 24 Parganas,131,N24P-131,50,Community Hall 50,373,368,1,742,49.6,100,13.5,346,167,3,570,P1,179,60.7,29.3,347,168,572,P1,False,D,4,,0,312,
North 24 Parganas,131,N24P-131,51,Community Hall 51,290,280,0,570,49.12,66,11.6,342,95,6,485,P1,247,70.5,19.6,252,143,439,P1,False,D,4,,0,240,
North 24 Parganas,131,N24P-131,52,Panchayat Bhavan 52,335,331,1,667,49.63,73,10.9,300,138,6,532,P1,162,56.4,25.9,317,123,561,P1,False,D,4,,0,281,
North 24 Parganas,131,N24P-131,53,Panchayat Bhavan 53,339,327,1,667,49.03,85,12.7,314,148,4,514,P1,166,61.1,28.8,348,127,527,P1,False,D,4,,0,281,
North 24 Parganas,131,N24P-131,54,Madrasa 54,278,251,0,529,47.45,62,11.7,230,131,2,401,P1,99,57.4,32.7,173,97,402,P1,False,D,4,,0,223,
North 24 Parganas,131,N24P-131,55,Madrasa 55,315,312,0,627,49.76,75,12.0,308,145,6,526,P1,163,58.6,27.6,267,191,509,P1,False,D,4,,0,264,
North 24 Parganas,131,N24P-131,56,Madrasa 56,393,373,1,767,48.63,109,14.2,382,145,8,640,P1,237,59.7,22.7,420,182,669,P1,False,D,4,,0,323,
North 24 Parganas,131,N24P-131,57,Community Hall 57,343,344,1,688,50.0,87,12.6,265,203,9,575,P1,62,46.1,35.3,352,138,545,P1,False,D,4,,0,290,
North 24 Parganas,131,N24P-131,58,Health Sub-Centre 58,311,283,0,594,47.64,72,12.1,312,97,7,467,P1,215,66.8,20.8,248,147,481,P1,False,D,4,,0,250,
North 24 Parganas,131,N24P-131,59,Club Building 59,265,270,1,536,50.37,80,14.9,264,135,3,443,P1,129,59.6,30.5,245,102,422,P1,False,D,4,,0,226,
North 24 Parganas,131,N24P-131,60,Panchayat Bhavan 60,270,249,0,519,47.98,77,14.8,275,80,2,395,P1,195,69.6,20.3,237,139,418,P1,False,D,4,,0,218,
North 24 Parganas,131,N24P-131,61,Anganwadi Centre 61,296,304,0,600,50.67,61,10.2,358,102,4,511,P1,256,70.1,20.0,305,134,524,P1,False,D,4,,0,253,
North 24 Parganas,131,N24P-131,62,Primary School 62,249,247,1,497,49.7,42,8.5,299,77,1,418,P1,222,71.5,18.4,238,138,421,P1,False,A,1,,0,209,
North 24 Parganas,131,N24P-131,63,Market Building 63,366,377,1,744,50.67,114,15.3,354,187,3,601,P1,167,58.9,31.1,324,154,577,P1,False,D,4,,0,313,
North 24 Parganas,131,N24P-131,64,Post Office 64,348,358,0,706,50.71,80,11.3,396,157,6,615,P1,239,64.4,25.5,368,137,561,P1,False,D,4,,0,297,
North 24 Parganas,131,N24P-131,65,Temple Hall 65,284,264,0,548,48.18,52,9.5,289,136,5,473,P1,153,61.1,28.8,211,169,475,P1,False,B,3,,0,231,
North 24 Parganas,131,N24P-131,66,High School 66,272,262,1,535,48.97,47,8.8,300,69,5,410,P1,231,73.2,16.8,226,132,417,P1,False,A,1,,0,225,
North 24 Parganas,131,N24P-131,67,Health Sub-Centre 67,361,368,0,729,50.48,92,12.6,352,162,6,588,P1,190,59.9,27.6,392,110,558,P1,False,D,4,,0,307,
North 24 Parganas,131,N24P-131,68,Temple Hall 68,309,300,1,610,49.18,73,12.0,352,116,5,520,P1,236,67.7,22.3,327,145,524,P1,False,D,4,,0,257,
North 24 Parganas,131,N24P-131,69,High School 69,286,275,0,561,49.02,83,14.8,307,106,5,459,P1,201,66.9,23.1,275,155,478,P1,False,D,4,,0,236,
North 24 Parganas,131,N24P-131,70,Post Office 70,333,330,0,663,49.77,64,9.7,284,180,6,516,P1,104,55.0,34.9,300,205,562,P1,False,B,3,,0,279,
North 24 Parganas,131,N24P-131,71,Market Building 71,323,320,1,644,49.69,56,8.7,377,113,2,545,P1,264,69.2,20.7,341,146,556,P1,False,A,1,,0,271,
North 24 Parganas,131,N24P-131,72,High School 72,287,296,1,584,50.68,61,10.4,307,137,2,494,P1,170,62.1,27.7,299,135,483,P1,False,D,4,,0,246,
North 24 Parganas,131,N24P-131,73,Primary School 73,313,288,1,602,47.84,84,14.0,249,191,5,489,P1,58,50.9,39.1,269,165,492,P1,False,D,4,,0,253,
North 24 Parganas,131,N24P-131,74,Govt Office 74,340,343,0,683,50.22,73,10.7,456,80,4,595,P1,376,76.6,13.4,282,130,592,P1,False,D,4,,0,287,
North 24 Parganas,131,N24P-131,75,Market Building 75,298,281,0,579,48.53,55,9.5,274,164,2,497,P1,110,55.1,33.0,267,121,443,P1,False,B,3,,0,244,
North 24 Parganas,131,N24P-131,76,Anganwadi Centre 76,387,389,1,777,50.06,65,8.4,314,177,5,628,P1,137,50.0,28.2,385,165,644,P1,False,B,3,,0,327,
North 24 Parganas,131,N24P-131,77,High School 77,394,404,0,798,50.63,107,13.4,411,165,5,640,P1,246,64.2,25.8,276,171,629,P1,False,D,4,,0,336,
North 24 Parganas,131,N24P-131,78,Panchayat Bhavan 78,271,250,1,522,47.89,51,9.8,192,142,12,448,P1,50,42.9,31.7,264,103,408,P1,False,B,3,,0,220,
North 24 Parganas,131,N24P-131,79,Post Office 79,356,338,1,695,48.63,59,8.5,395,135,2,589,P1,260,67.1,22.9,358,149,563,P1,False,A,1,,0,292,
North 24 Parganas,131,N24P-131,80,Anganwadi Centre 80,271,264,1,536,49.25,82,15.3,230,123,2,422,P1,107,54.5,29.1,275,138,459,P1,False,D,4,,0,226,
North 24 Parganas,131,N24P-131,81,Govt Office 81,357,346,1,704,49.15,94,13.4,329,134,3,554,P1,195,59.4,24.2,341,197,598,P1,False,D,4,,0,296,
North 24 Parganas,131,N24P-131,82,Community Hall 82,352,333,0,685,48.61,85,12.4,324,191,7,572,P1,133,56.6,33.4,285,152,523,P1,False,D,4,,0,288,
North 24 Parganas,131,N24P-131,83,Club Building 83,262,250,0,512,48.83,72,14.1,262,103,3,436,P1,159,60.1,23.6,233,138,427,P1,False,D,4,,0,215,
North 24 Parganas,131,N24P-131,84,Primary School 84,411,407,1,819,49.69,111,13.6,409,226,2,706,P1,183,57.9,32.0,482,160,713,P1,False,D,4,,0,345,
North 24 Parganas,131,N24P-131,85,High School 85,260,247,0,507,48.72,50,9.9,164,159,3,385,P1,5,42.6,41.3,277,119,440,P1,False,B,3,,0,213,
North 24 Parganas,131,N24P-131,86,High School 86,281,269,0,550,48.91,75,13.6,267,125,7,463,P1,142,57.7,27.0,261,161,469,P1,False,D,4,,0,231,
North 24 Parganas,131,N24P-131,87,Market Building 87,345,315,1,661,47.66,92,13.9,322,130,4,502,P1,192,64.1,25.9,329,187,573,P1,False,D,4,,0,278,
North 24 Parganas,131,N24P-131,88,Govt Office 88,247,241,1,489,49.28,71,14.5,245,140,2,427,P1,105,57.4,32.8,170,167,397,P1,False,D,4,,0,206,
North 24 Parganas,131,N24P-131,89,Post Office 89,370,343,1,714,48.04,70,9.8,361,151,4,623,P1,210,57.9,24.2,317,149,570,P1,False,B,3,,0,300,
North 24 Parganas,131,N24P-131,90,Health Sub-Centre 90,291,293,0,584,50.17,55,9.4,263,183,5,509,P1,80,51.7,36.0,263,176,488,P1,False,B,3,,0,246,
North 24 Parganas,131,N24P-131,91,Health Sub-Centre 91,319,292,1,612,47.71,89,14.5,286,139,2,472,P1,147,60.6,29.4,328,149,531,P1,False,D,4,,0,258,
North 24 Parganas,131,N24P-131,92,Health Sub-Centre 92,346,345,1,692,49.86,85,12.3,340,150,6,544,P1,190,62.5,27.6,361,127,542,P1,False,D,4,,0,291,
North 24 Parganas,131,N24P-131,93,Health Sub-Centre 93,328,294,1,623,47.19,76,12.2,334,114,2,514,P1,220,65.0,22.2,302,150,530,P1,False,D,4,,0,262,
North 24 Parganas,131,N24P-131,94,Govt Office 94,326,332,0,658,50.46,92,14.0,307,178,8,564,P1,129,54.4,31.6,359,114,525,P1,False,D,4,,0,277,
North 24 Parganas,131,N24P-131,95,Temple Hall 95,251,237,0,488,48.57,44,9.0,289,87,4,417,P1,202,69.3,20.9,203,94,391,P1,False,A,1,,0,205,
North 24 Parganas,131,N24P-131,96,Panchayat Bhavan 96,342,330,1,673,49.03,96,14.3,231,172,12,576,P1,59,40.1,29.9,344,132,529,P1,False,D,4,,0,283,
North 24 Parganas,131,N24P-131,97,Community Hall 97,379,340,1,720,47.22,83,11.5,340,182,4,580,P1,158,58.6,31.4,377,117,549,P1,False,D,4,,0,303,
North 24 Parganas,131,N24P-131,98,Post Office 98,400,395,1,796,49.62,119,14.9,349,263,6,689,P1,86,50.7,38.2,319,249,631,P1,False,D,4,,0,335,
North 24 Parganas,131,N24P-131,99,Health Sub-Centre 99,262,268,1,531,50.47,58,10.9,191,93,4,424,P1,59,45.0,21.9,216,135,422,P1,False,D,4,,0,223,
North 24 Parganas,131,N24P-131,100,Post Office 100,403,408,0,811,50.31,110,13.6,358,190,10,654,P1,168,54.7,29.1,396,157,680,P1,False,D,4,,0,341,
North 24 Parganas,131,N24P-131,101,Market Building 101,381,383,0,764,50.13,65,8.5,382,148,6,589,P1,234,64.9,25.1,470,108,642,P1,False,B,3,,0,322,
North 24 Parganas,131,N24P-131,102,Panchayat Bhavan 102,336,327,0,663,49.32,85,12.8,367,119,3,540,P1,248,68.0,22.0,270,172,539,P1,False,D,4,,0,279,
North 24 Parganas,131,N24P-131,103,Anganwadi Centre 103,387,381,0,768,49.61,103,13.4,410,146,2,618,P1,264,66.3,23.6,404,170,638,P1,False,D,4,,0,323,
North 24 Parganas,131,N24P-131,104,Club Building 104,363,368,0,731,50.34,70,9.6,384,181,2,627,P1,203,61.2,28.9,396,126,580,P1,False,B,3,,0,308,
North 24 Parganas,131,N24P-131,105,Govt Office 105,376,359,1,736,48.78,110,14.9,324,199,10,615,P1,125,52.7,32.4,347,200,608,P1,False,D,4,,0,310,
North 24 Parganas,131,N24P-131,106,Temple Hall 106,279,261,0,540,48.33,60,11.1,285,124,4,454,P1,161,62.8,27.3,293,121,461,P1,False,D,4,,0,227,
North 24 Parganas,131,N24P-131,107,High School 107,274,273,1,548,49.82,53,9.7,334,76,4,456,P1,258,73.2,16.7,308,105,459,P1,False,A,1,,0,231,
North 24 Parganas,131,N24P-131,108,Temple Hall 108,245,238,0,483,49.28,65,13.5,224,107,2,368,P1,117,60.9,29.1,208,113,366,P1,False,D,4,,0,203,
North 24 Parganas,131,N24P-131,109,Post Office 109,279,270,0,549,49.18,56,10.2,204,169,6,472,P1,35,43.2,35.8,257,131,431,P1,False,D,4,,0,231,
North 24 Parganas,131,N24P-131,110,Panchayat Bhavan 110,376,352,1,729,48.29,87,11.9,438,123,6,624,P1,315,70.2,19.7,388,136,582,P1,False,D,4,,0,307,
North 24 Parganas,131,N24P-131,111,Post Office 111,401,389,0,790,49.24,99,12.5,357,236,6,659,P1,121,54.2,35.8,356,233,654,P1,False,D,4,,0,332,
North 24 Parganas,131,N24P-131,112,Panchayat Bhavan 112,350,348,1,699,49.79,96,13.7,269,123,7,536,P1,137,50.2,22.9,344,173,574,P1,False,D,4,,0,294,
North 24 Parganas,131,N24P-131,113,Govt Office 113,286,273,1,560,48.75,72,12.9,260,136,4,441,P1,124,59.0,30.8,220,121,429,P1,False,D,4,,0,236,
North 24 Parganas,131,N24P-131,114,Post Office 114,353,349,1,703,49.64,80,11.4,373,144,3,575,P1,229,64.9,25.0,307,181,542,P1,False,D,4,,0,296,
North 24 Parganas,131,N24P-131,115,Govt Office 115,309,278,1,588,47.28,78,13.3,293,157,3,500,P1,136,58.6,31.4,283,123,501,P1,False,D,4,,0,247,
North 24 Parganas,131,N24P-131,116,Post Office 116,301,282,0,583,48.37,86,14.8,268,185,2,504,P1,83,53.2,36.7,283,132,461,P1,False,D,4,,0,245,
North 24 Parganas,131,N24P-131,117,Community Hall 117,400,394,0,794,49.62,103,13.0,430,181,7,678,P1,249,63.4,26.7,356,158,631,P1,False,D,4,,0,334,
North 24 Parganas,131,N24P-131,118,High School 118,245,253,1,499,50.7,48,9.6,208,118,7,432,P1,90,48.1,27.3,213,87,391,P1,False,B,3,,0,210,
North 24 Parganas,131,N24P-131,119,Club Building 119,358,328,1,687,47.74,67,9.8,309,161,5,541,P1,148,57.1,29.8,272,92,525,P1,False,B,3,,0,289,
North 24 Parganas,131,N24P-131,120,Health Sub-Centre 120,364,338,1,703,48.08,84,11.9,315,216,4,611,P1,99,51.6,35.4,328,188,579,P1,False,D,4,,0,296,
North 24 Parganas,131,N24P-131,121,Club Building 121,369,332,1,702,47.29,70,10.0,393,153,7,606,P1,240,64.9,25.2,283,246,599,P1,False,B,3,,0,295,
North 24 Parganas,131,N24P-131,122,Panchayat Bhavan 122,299,309,0,608,50.82,90,14.8,287,170,3,509,P1,117,56.4,33.4,325,132,509,P1,False,D,4,,0,256,
North 24 Parganas,131,N24P-131,123,Club Building 123,260,259,1,520,49.81,47,9.0,243,148,5,434,P1,95,56.0,34.1,248,120,408,P1,False,B,3,,0,219,
North 24 Parganas,131,N24P-131,124,Temple Hall 124,337,344,0,681,50.51,82,12.0,340,160,3,556,P1,180,61.2,28.8,232,151,527,P1,False,D,4,,0,287,
North 24 Parganas,131,N24P-131,125,Govt Office 125,281,276,1,558,49.46,70,12.5,271,124,4,438,P1,147,61.9,28.3,237,156,467,P1,False,D,4,,0,235,
North 24 Parganas,131,N24P-131,126,Panchayat Bhavan 126,411,384,0,795,48.3,113,14.2,395,150,5,606,P1,245,65.2,24.8,403,139,634,P1,False,D,4,,0,335,
North 24 Parganas,131,N24P-131,127,Anganwadi Centre 127,328,333,0,661,50.38,96,14.5,289,140,5,550,P1,149,52.5,25.5,301,193,548,P1,False,D,4,,0,278,
North 24 Parganas,131,N24P-131,128,Health Sub-Centre 128,411,371,1,783,47.38,89,11.4,281,244,9,606,P1,37,46.4,40.3,361,218,643,P1,False,D,4,,0,330,
North 24 Parganas,131,N24P-131,129,Primary School 129,250,237,0,487,48.67,70,14.4,254,127,2,424,P1,127,59.9,30.0,284,94,420,P1,False,D,4,,0,205,
North 24 Parganas,131,N24P-131,130,Market Building 130,352,346,1,699,49.5,89,12.7,330,171,7,559,P1,159,59.0,30.6,309,184,547,P1,False,D,4,,0,294,
North 24 Parganas,131,N24P-131,131,Panchayat Bhavan 131,236,243,1,480,50.62,47,9.8,237,109,2,385,P1,128,61.6,28.3,220,119,377,P1,False,B,3,,0,202,
North 24 Parganas,131,N24P-131,132,Post Office 132,284,271,0,555,48.83,80,14.4,346,48,2,438,P1,298,79.0,11.0,286,108,437,P1,False,D,4,,0,234,
North 24 Parganas,131,N24P-131,133,Panchayat Bhavan 133,339,305,1,645,47.29,66,10.2,311,137,4,551,P1,174,56.4,24.9,300,197,552,P1,False,D,4,,0,271,
North 24 Parganas,131,N24P-131,134,Primary School 134,274,283,1,558,50.72,75,13.4,303,97,4,445,P1,206,68.1,21.8,224,152,452,P1,False,D,4,,0,235,
North 24 Parganas,131,N24P-131,135,Club Building 135,285,275,1,561,49.02,48,8.6,255,163,6,480,P1,92,53.1,34.0,255,99,441,P1,False,B,3,,0,236,
North 24 Parganas,131,N24P-131,136,Club Building 136,297,276,0,573,48.17,52,9.1,322,119,4,490,P1,203,65.7,24.3,303,115,465,P1,False,A,1,,0,241,
North 24 Parganas,131,N24P-131,137,Madrasa 137,386,357,1,744,47.98,73,9.8,369,204,7,645,P1,165,57.2,31.6,361,182,604,P1,False,B,3,,0,313,
North 24 Parganas,131,N24P-131,138,Temple Hall 138,392,391,1,784,49.87,116,14.8,343,91,12,624,P1,171,55.0,14.6,426,136,625,P1,False,D,4,,0,330,
North 24 Parganas,131,N24P-131,139,Govt Office 139,337,325,0,662,49.09,80,12.1,274,103,14,502,P1,169,54.6,20.5,341,140,534,P1,False,D,4,,0,279,
North 24 Parganas,131,N24P-131,140,Market Building 140,294,294,1,589,49.92,67,11.4,212,206,7,491,P1,6,43.2,42.0,229,162,465,P1,False,D,4,,0,248,
North 24 Parganas,131,N24P-131,141,Club Building 141,269,243,1,513,47.37,59,11.5,236,151,5,444,P1,85,53.2,34.0,284,110,437,P1,False,D,4,,0,216,
North 24 Parganas,131,N24P-131,142,Club Building 142,335,301,0,636,47.33,55,8.6,271,142,8,514,P1,129,52.7,27.6,268,178,526,P1,False,B,3,,0,268,
North 24 Parganas,131,N24P-131,143,Madrasa 143,351,359,0,710,50.56,76,10.7,300,187,4,557,P1,113,53.9,33.6,329,155,589,P1,False,D,4,,0,299,
North 24 Parganas,131,N24P-131,144,Market Building 144,384,363,1,748,48.53,85,11.4,320,111,12,572,P1,197,55.9,19.4,396,136,591,P1,False,D,4,,0,315,
North 24 Parganas,131,N24P-131,145,Market Building 145,283,264,0,547,48.26,50,9.1,258,143,2,446,P1,115,57.8,32.1,213,120,438,P1,False,B,3,,0,230,
North 24 Parganas,131,N24P-131,146,High School 146,384,369,1,754,48.94,92,12.2,347,198,4,618,P1,149,56.1,32.0,346,233,644,P1,False,D,4,,0,317,
North 24 Parganas,131,N24P-131,147,Primary School 147,320,320,1,641,49.92,61,9.5,279,142,4,517,P1,137,54.0,27.5,228,143,532,P1,False,B,3,,0,270,
North 24 Parganas,131,N24P-131,148,Community Hall 148,366,345,1,712,48.46,66,9.3,314,178,13,600,P1,136,52.3,29.7,372,142,571,P1,False,B,3,,0,300,
North 24 Parganas,131,N24P-131,149,Anganwadi Centre 149,323,313,0,636,49.21,78,12.3,286,129,3,481,P1,157,59.5,26.8,301,183,538,P1,False,D,4,,0,268,
North 24 Parganas,131,N24P-131,150,Anganwadi Centre 150,301,272,0,573,47.47,66,11.5,273,125,4,450,P1,148,60.7,27.8,253,69,470,P1,False,D,4,,0,241,
North 24 Parganas,131,N24P-131,151,Temple Hall 151,351,329,1,681,48.31,106,15.6,305,163,4,524,P1,142,58.2,31.1,285,154,547,P1,False,D,4,,0,287,
North 24 Parganas,131,N24P-131,152,Club Building 152,254,257,0,511,50.29,62,12.1,171,88,9,405,P1,38,42.2,21.7,255,102,396,P1,False,D,4,,0,215,
North 24 Parganas,131,N24P-131,153,High School 153,344,322,1,667,48.28,67,10.0,253,194,3,515,P1,59,49.1,37.7,325,161,540,P1,False,B,3,,0,281,
North 24 Parganas,131,N24P-131,154,Primary School 154,384,397,1,782,50.77,83,10.6,317,191,3,599,P1,126,52.9,31.9,422,140,624,P1,False,D,4,,0,329,
North 24 Parganas,131,N24P-131,155,Govt Office 155,255,250,0,505,49.5,61,12.1,189,125,8,403,P1,64,46.9,31.0,227,119,421,P1,False,D,4,,0,213,
North 24 Parganas,131,N24P-131,156,Temple Hall 156,350,347,1,698,49.71,78,11.2,288,204,3,547,P1,84,52.7,37.3,297,188,542,P1,False,D,4,,0,294,
North 24 Parganas,131,N24P-131,157,Club Building 157,355,341,0,696,48.99,66,9.5,291,160,11,592,P1,131,49.2,27.0,349,150,554,P1,False,B,3,,0,293,
North 24 Parganas,131,N24P-131,158,Community Hall 158,352,320,0,672,47.62,76,11.3,378,117,6,550,P1,261,68.7,21.3,364,152,574,P1,False,D,4,,0,283,
North 24 Parganas,131,N24P-131,159,Community Hall 159,262,267,0,529,50.47,68,12.9,287,127,4,460,P1,160,62.4,27.6,211,97,417,P1,False,D,4,,0,223,
North 24 Parganas,131,N24P-131,160,Health Sub-Centre 160,376,371,0,747,49.67,86,11.5,321,233,4,619,P1,88,51.9,37.6,308,228,637,P1,False,D,4,,0,314,
North 24 Parganas,131,N24P-131,161,Madrasa 161,397,394,1,792,49.75,104,13.1,431,190,3,690,P1,241,62.5,27.5,454,148,669,P1,False,D,4,,0,333,
North 24 Parganas,131,N24P-131,162,High School 162,401,410,1,812,50.49,74,9.1,442,157,4,666,P1,285,66.4,23.6,357,218,656,P1,False,A,1,,0,342,
North 24 Parganas,131,N24P-131,163,Market Building 163,324,308,0,632,48.73,76,12.0,338,110,2,497,P1,228,68.0,22.1,364,97,513,P1,False,D,4,,0,266,
North 24 Parganas,131,N24P-131,164,Market Building 164,271,268,0,539,49.72,80,14.8,243,150,7,467,P1,93,52.0,32.1,235,155,455,P1,False,D,4,,0,227,
North 24 Parganas,131,N24P-131,165,Post Office 165,342,332,1,675,49.19,59,8.7,312,202,2,571,P1,110,54.6,35.4,321,186,563,P1,False,B,3,,0,284,
North 24 Parganas,131,N24P-131,166,Govt Office 166,305,315,0,620,50.81,80,12.9,323,143,5,517,P1,180,62.5,27.7,252,149,475,P1,False,D,4,,0,261,
North 24 Parganas,131,N24P-131,167,Primary School 167,377,362,1,740,48.92,78,10.5,388,185,7,637,P1,203,60.9,29.0,331,200,590,P1,False,D,4,,0,311,
North 24 Parganas,131,N24P-131,168,High School 168,314,293,1,608,48.19,64,10.5,336,103,2,488,P1,233,68.9,21.1,255,133,521,P1,False,D,4,,0,256,
North 24 Parganas,131,N24P-131,169,Market Building 169,387,367,1,755,48.61,71,9.4,339,149,15,650,P1,190,52.2,22.9,343,200,603,P1,False,B,3,,0,318,
North 24 Parganas,131,N24P-131,170,Community Hall 170,266,246,0,512,48.05,61,11.9,208,123,6,416,P1,85,50.0,29.6,226,137,404,P1,False,D,4,,0,215,
North 24 Parganas,131,N24P-131,171,Govt Office 171,252,245,1,498,49.2,66,13.3,242,122,3,404,P1,120,59.9,30.2,226,142,416,P1,False,D,4,,0,210,
North 24 Parganas,131,N24P-131,172,Madrasa 172,373,373,0,746,50.0,64,8.6,275,193,18,630,P1,82,43.7,30.6,351,166,578,P1,False,B,3,,0,314,
North 24 Parganas,131,N24P-131,173,Community Hall 173,327,320,0,647,49.46,61,9.4,292,152,10,562,P1,140,52.0,27.0,316,134,500,P1,False,B,3,,0,272,
North 24 Parganas,131,N24P-131,174,High School 174,293,281,0,574,48.95,52,9.1,272,169,2,490,P1,103,55.5,34.5,267,124,434,P1,False,B,3,,0,242,
North 24 Parganas,131,N24P-131,175,Temple Hall 175,412,372,0,784,47.45,89,11.4,380,207,4,652,P1,173,58.3,31.7,322,177,655,P1,False,D,4,,0,330,
North 24 Parganas,131,N24P-131,176,Panchayat Bhavan 176,267,244,1,512,47.66,49,9.6,233,126,3,409,P1,107,57.0,30.8,188,150,430,P1,False,B,3,,0,215,
North 24 Parganas,131,N24P-131,177,Temple Hall 177,339,312,0,651,47.93,81,12.4,343,135,4,543,P1,208,63.2,24.9,269,164,505,P1,False,D,4,,0,274,
North 24 Parganas,131,N24P-131,178,Club Building 178,327,299,1,627,47.69,77,12.3,380,93,2,525,P1,287,72.4,17.7,301,162,514,P1,False,D,4,,0,264,
North 24 Parganas,131,N24P-131,179,Club Building 179,345,341,0,686,49.71,83,12.1,336,201,6,596,P1,135,56.4,33.7,283,191,534,P1,False,D,4,,0,289,
North 24 Parganas,131,N24P-131,180,Club Building 180,379,387,1,767,50.46,76,9.9,369,181,7,611,P1,188,60.4,29.6,381,181,624,P1,False,B,3,,0,323,
North 24 Parganas,131,N24P-131,181,Temple Hall 181,250,252,0,502,50.2,69,13.7,276,108,4,426,P1,168,64.8,25.4,283,73,396,P1,False,D,4,,0,211,
North 24 Parganas,131,N24P-131,182,Community Hall 182,283,273,1,557,49.01,65,11.7,277,150,5,474,P1,127,58.4,31.6,234,182,464,P1,False,D,4,,0,234,
North 24 Parganas,132,N24P-132,1,Market Building 1,256,259,0,515,50.29,72,14.0,272,100,4,413,P1,172,65.9,24.2,251,126,419,P1,False,D,4,,0,217,
North 24 Parganas,132,N24P-132,2,Primary School 2,287,259,1,547,47.35,44,8.0,255,132,5,430,P1,123,59.3,30.7,214,129,450,P1,False,B,3,,0,230,
North 24 Parganas,132,N24P-132,3,Madrasa 3,279,280,0,559,50.09,65,11.6,252,165,3,463,P1,87,54.4,35.6,221,105,460,P1,False,D,4,,0,235,
North 24 Parganas,132,N24P-132,4,Temple Hall 4,331,337,1,669,50.37,71,10.6,342,148,7,579,P1,194,59.1,25.6,324,150,556,P1,False,D,4,,0,282,
North 24 Parganas,132,N24P-132,5,Market Building 5,284,272,1,557,48.83,57,10.2,216,143,4,445,P1,73,48.5,32.1,311,117,475,P1,False,D,4,,0,234,
North 24 Parganas,132,N24P-132,6,Primary School 6,266,260,0,526,49.43,42,8.0,242,146,2,431,P1,96,56.1,33.9,257,134,434,P1,False,B,3,,0,221,
North 24 Parganas,132,N24P-132,7,Health Sub-Centre 7,316,323,0,639,50.55,55,8.6,273,129,16,544,P1,144,50.2,23.7,285,184,525,P1,False,B,3,,0,269,
North 24 Parganas,132,N24P-132,8,Temple Hall 8,384,369,1,754,48.94,67,8.9,353,151,8,618,P1,202,57.1,24.4,363,195,620,P1,False,B,3,,0,317,
North 24 Parganas,132,N24P-132,9,Anganwadi Centre 9,357,344,0,701,49.07,98,14.0,387,105,6,547,P1,282,70.7,19.2,371,162,592,P1,False,D,4,,0,295,
North 24 Parganas,132,N24P-132,10,Anganwadi Centre 10,246,245,1,492,49.8,52,10.6,267,92,3,399,P1,175,66.9,23.1,214,143,396,P1,False,D,4,,0,207,
North 24 Parganas,132,N24P-132,11,Madrasa 11,336,308,0,644,47.83,86,13.4,381,120,4,557,P1,261,68.4,21.5,292,149,501,P1,False,D,4,,0,271,
North 24 Parganas,132,N24P-132,12,Community Hall 12,263,271,1,535,50.65,44,8.2,258,155,4,459,P1,103,56.2,33.8,255,151,452,P1,False,B,3,,0,225,
North 24 Parganas,132,N24P-132,13,Panchayat Bhavan 13,350,326,0,676,48.22,89,13.2,333,176,4,566,P1,157,58.8,31.1,276,144,529,P1,False,D,4,,0,284,
North 24 Parganas,132,N24P-132,14,High School 14,381,347,0,728,47.66,77,10.6,378,122,9,624,P1,256,60.6,19.6,370,152,580,P1,False,D,4,,0,306,
North 24 Parganas,132,N24P-132,15,Community Hall 15,284,261,0,545,47.89,43,7.9,265,107,4,413,P1,158,64.2,25.9,244,137,465,P1,False,B,3,,0,229,
North 24 Parganas,132,N24P-132,16,Panchayat Bhavan 16,311,302,1,614,49.19,50,8.1,277,166,4,514,P1,111,53.9,32.3,321,161,535,P1,False,B,3,,0,258,
North 24 Parganas,132,N24P-132,17,Govt Office 17,355,337,0,692,48.7,82,11.8,321,185,5,595,P1,136,53.9,31.1,386,136,581,P1,False,D,4,,0,291,
North 24 Parganas,132,N24P-132,18,Health Sub-Centre 18,408,382,1,791,48.29,84,10.6,390,173,4,625,P1,217,62.4,27.7,448,148,662,P1,False,D,4,,0,333,
North 24 Parganas,132,N24P-132,19,Madrasa 19,327,327,1,655,49.92,54,8.2,289,153,11,544,P1,136,53.1,28.1,317,136,503,P1,False,B,3,,0,276,
North 24 Parganas,132,N24P-132,20,Post Office 20,284,289,1,574,50.35,58,10.1,298,116,5,460,P1,182,64.8,25.2,274,165,495,P1,False,D,4,,0,242,
North 24 Parganas,132,N24P-132,21,Club Building 21,248,250,1,499,50.1,60,12.0,228,109,11,430,P1,119,53.0,25.3,183,148,401,P1,False,D,4,,0,210,
North 24 Parganas,132,N24P-132,22,Community Hall 22,280,270,1,551,49.0,68,12.3,210,113,7,471,P1,74,44.6,24.0,310,96,451,P1,False,D,4,,0,232,
North 24 Parganas,132,N24P-132,23,Anganwadi Centre 23,287,291,0,578,50.35,62,10.7,282,140,5,469,P1,142,60.1,29.9,268,129,441,P1,False,D,4,,0,243,
North 24 Parganas,132,N24P-132,24,Temple Hall 24,426,382,0,808,47.28,72,8.9,267,242,13,627,P1,25,42.6,38.6,427,146,637,P1,False,B,3,,0,340,
North 24 Parganas,132,N24P-132,25,Govt Office 25,269,257,1,527,48.77,67,12.7,241,115,4,405,P1,126,59.5,28.4,245,118,418,P1,False,D,4,,0,222,
North 24 Parganas,132,N24P-132,26,Temple Hall 26,399,394,1,794,49.62,101,12.7,377,183,11,670,P1,194,56.3,27.3,324,182,666,P1,False,D,4,,0,334,
North 24 Parganas,132,N24P-132,27,Club Building 27,413,393,0,806,48.76,111,13.8,349,219,7,631,P1,130,55.3,34.7,412,147,621,P1,False,D,4,,0,339,
North 24 Parganas,132,N24P-132,28,Primary School 28,272,255,0,527,48.39,57,10.8,270,141,4,457,P1,129,59.1,30.9,237,90,419,P1,False,D,4,,0,222,
North 24 Parganas,132,N24P-132,29,Market Building 29,250,232,1,483,48.03,52,10.8,211,133,5,386,P1,78,54.7,34.5,277,92,410,P1,False,D,4,,0,203,
North 24 Parganas,132,N24P-132,30,High School 30,400,405,0,805,50.31,103,12.8,368,186,9,661,P1,182,55.7,28.1,383,201,649,P1,False,D,4,,0,339,
North 24 Parganas,132,N24P-132,31,Anganwadi Centre 31,273,282,1,556,50.72,53,9.5,208,143,9,430,P1,65,48.4,33.3,233,161,438,P1,False,B,3,,0,234,
North 24 Parganas,132,N24P-132,32,Primary School 32,371,371,0,742,50.0,62,8.4,428,108,7,596,P1,320,71.8,18.1,400,157,619,P1,False,A,1,,0,312,
North 24 Parganas,132,N24P-132,33,Post Office 33,374,359,1,734,48.91,66,9.0,360,177,4,597,P1,183,60.3,29.6,417,142,621,P1,False,B,3,,0,309,
North 24 Parganas,132,N24P-132,34,Club Building 34,270,256,1,527,48.58,67,12.7,285,90,3,417,P1,195,68.3,21.6,239,113,429,P1,False,D,4,,0,222,
North 24 Parganas,132,N24P-132,35,Anganwadi Centre 35,271,279,0,550,50.73,62,11.3,264,152,2,468,P1,112,56.4,32.5,258,110,471,P1,False,D,4,,0,231,
North 24 Parganas,132,N24P-132,36,Club Building 36,318,306,1,625,48.96,64,10.2,356,117,4,525,P1,239,67.8,22.3,249,145,493,P1,False,D,4,,0,263,
North 24 Parganas,132,N24P-132,37,Madrasa 37,417,377,1,795,47.42,72,9.1,431,145,5,640,P1,286,67.3,22.7,354,195,610,P1,False,A,1,,0,335,
North 24 Parganas,132,N24P-132,38,Anganwadi Centre 38,362,350,1,713,49.09,78,10.9,331,168,5,554,P1,163,59.7,30.3,302,153,546,P1,False,D,4,,0,300,
North 24 Parganas,132,N24P-132,39,High School 39,410,408,1,819,49.82,109,13.3,319,155,12,637,P1,164,50.1,24.3,357,163,688,P1,False,D,4,,0,345,
North 24 Parganas,132,N24P-132,40,Anganwadi Centre 40,395,393,0,788,49.87,80,10.2,444,141,2,650,P1,303,68.3,21.7,431,188,687,P1,False,D,4,,0,332,
North 24 Parganas,132,N24P-132,41,Madrasa 41,324,316,0,640,49.38,62,9.7,297,155,5,502,P1,142,59.2,30.9,324,125,499,P1,False,B,3,,0,269,
North 24 Parganas,132,N24P-132,42,Govt Office 42,354,318,0,672,47.32,58,8.6,352,138,6,544,P1,214,64.7,25.4,232,193,522,P1,False,B,3,,0,283,
North 24 Parganas,132,N24P-132,43,Govt Office 43,337,341,1,679,50.22,84,12.4,270,164,12,534,P1,106,50.6,30.7,381,115,551,P1,False,D,4,,0,286,
North 24 Parganas,132,N24P-132,44,Panchayat Bhavan 44,328,326,0,654,49.85,75,11.5,366,129,3,550,P1,237,66.5,23.5,342,162,560,P1,False,D,4,,0,275,
North 24 Parganas,132,N24P-132,45,Primary School 45,272,257,0,529,48.58,72,13.6,212,142,5,410,P1,70,51.7,34.6,248,143,435,P1,False,D,4,,0,223,
North 24 Parganas,132,N24P-132,46,Panchayat Bhavan 46,378,362,0,740,48.92,87,11.8,391,136,2,585,P1,255,66.8,23.2,285,191,589,P1,False,D,4,,0,311,
North 24 Parganas,132,N24P-132,47,Community Hall 47,315,281,0,596,47.15,69,11.6,303,135,3,487,P1,168,62.2,27.7,320,126,495,P1,False,D,4,,0,251,
North 24 Parganas,132,N24P-132,48,Club Building 48,351,338,1,690,48.99,80,11.6,381,153,6,594,P1,228,64.1,25.8,342,130,564,P1,False,D,4,,0,290,
North 24 Parganas,132,N24P-132,49,Health Sub-Centre 49,414,405,1,820,49.39,91,11.1,448,189,8,708,P1,259,63.3,26.7,404,167,634,P1,False,D,4,,0,345,
North 24 Parganas,132,N24P-132,50,Temple Hall 50,413,400,1,814,49.14,106,13.0,319,203,12,623,P1,116,51.2,32.6,386,195,645,P1,False,D,4,,0,343,
North 24 Parganas,132,N24P-132,51,High School 51,246,235,1,482,48.76,56,11.6,247,88,7,410,P1,159,60.2,21.5,182,123,408,P1,False,D,4,,0,203,
North 24 Parganas,132,N24P-132,52,Primary School 52,259,249,0,508,49.02,70,13.8,274,111,2,427,P1,163,64.2,26.0,231,92,384,P1,False,D,4,,0,214,
North 24 Parganas,132,N24P-132,53,Post Office 53,362,357,1,720,49.58,84,11.7,373,177,6,611,P1,196,61.0,29.0,313,208,597,P1,False,D,4,,0,303,
North 24 Parganas,132,N24P-132,54,Madrasa 54,295,271,1,567,47.8,44,7.8,280,128,2,454,P1,152,61.7,28.2,287,140,492,P1,False,B,3,,0,239,
North 24 Parganas,132,N24P-132,55,Primary School 55,277,261,1,539,48.42,46,8.5,255,132,4,431,P1,123,59.2,30.6,226,155,423,P1,False,B,3,,0,227,
North 24 Parganas,132,N24P-132,56,Anganwadi Centre 56,301,281,1,583,48.2,49,8.4,277,173,2,500,P1,104,55.4,34.6,290,134,472,P1,False,B,3,,0,245,
North 24 Parganas,132,N24P-132,57,Market Building 57,270,257,0,527,48.77,56,10.6,255,140,1,439,P1,115,58.1,31.9,260,145,458,P1,False,D,4,,0,222,
North 24 Parganas,132,N24P-132,58,Post Office 58,265,239,1,505,47.33,39,7.7,247,130,4,420,P1,117,58.8,31.0,205,118,435,P1,False,B,3,,0,213,
North 24 Parganas,132,N24P-132,59,Market Building 59,421,379,0,800,47.38,80,10.0,334,215,6,628,P1,119,53.2,34.2,344,205,610,P1,False,B,3,,0,337,
North 24 Parganas,132,N24P-132,60,Anganwadi Centre 60,291,300,1,592,50.68,50,8.4,320,103,4,470,P1,217,68.1,21.9,296,121,510,P1,False,A,1,,0,249,
North 24 Parganas,132,N24P-132,61,Community Hall 61,322,300,1,623,48.15,81,13.0,349,136,3,538,P1,213,64.9,25.3,287,167,505,P1,False,D,4,,0,262,
North 24 Parganas,132,N24P-132,62,Panchayat Bhavan 62,375,355,1,731,48.56,65,8.9,413,100,5,570,P1,313,72.5,17.5,374,156,620,P1,False,A,1,,0,308,
North 24 Parganas,132,N24P-132,63,Panchayat Bhavan 63,338,346,1,685,50.51,85,12.4,354,138,9,576,P1,216,61.5,24.0,389,88,531,P1,False,D,4,,0,288,
North 24 Parganas,132,N24P-132,64,Health Sub-Centre 64,388,380,0,768,49.48,108,14.1,385,201,3,651,P1,184,59.1,30.9,257,228,593,P1,False,D,4,,0,323,
North 24 Parganas,132,N24P-132,65,Anganwadi Centre 65,342,341,1,684,49.85,65,9.5,365,113,6,531,P1,252,68.7,21.3,307,167,526,P1,False,A,1,,0,288,
North 24 Parganas,132,N24P-132,66,Community Hall 66,409,404,0,813,49.69,70,8.6,439,130,5,632,P1,309,69.5,20.6,323,156,630,P1,False,A,1,,0,342,
North 24 Parganas,132,N24P-132,67,Govt Office 67,255,264,1,520,50.77,44,8.5,225,141,4,430,P1,84,52.3,32.8,258,148,451,P1,False,B,3,,0,219,
North 24 Parganas,132,N24P-132,68,Market Building 68,340,322,0,662,48.64,93,14.0,308,109,9,541,P1,199,56.9,20.1,294,178,561,P1,False,D,4,,0,279,
North 24 Parganas,132,N24P-132,69,Club Building 69,352,332,0,684,48.54,73,10.7,349,152,5,556,P1,197,62.8,27.3,337,151,542,P1,False,D,4,,0,288,
North 24 Parganas,132,N24P-132,70,Primary School 70,328,303,0,631,48.02,64,10.1,342,113,4,541,P1,229,63.2,20.9,252,155,494,P1,False,D,4,,0,266,
North 24 Parganas,132,N24P-132,71,Anganwadi Centre 71,338,317,1,656,48.32,70,10.7,330,141,6,523,P1,189,63.1,27.0,314,163,564,P1,False,D,4,,0,276,
North 24 Parganas,132,N24P-132,72,Health Sub-Centre 72,358,338,1,697,48.49,64,9.2,286,204,3,544,P1,82,52.6,37.5,255,175,533,P1,False,B,3,,0,293,
North 24 Parganas,132,N24P-132,73,Post Office 73,284,268,0,552,48.55,55,10.0,241,140,4,423,P1,101,57.0,33.1,256,92,422,P1,False,B,3,,0,232,
North 24 Parganas,132,N24P-132,74,Anganwadi Centre 74,285,267,0,552,48.37,73,13.2,269,128,3,441,P1,141,61.0,29.0,256,136,435,P1,False,D,4,,0,232,
North 24 Parganas,132,N24P-132,75,Market Building 75,319,287,0,606,47.36,75,12.4,253,160,5,485,P1,93,52.2,33.0,310,157,519,P1,False,D,4,,0,255,
North 24 Parganas,132,N24P-132,76,High School 76,290,269,0,559,48.12,63,11.3,244,117,5,438,P1,127,55.7,26.7,266,149,462,P1,False,D,4,,0,235,
North 24 Parganas,132,N24P-132,77,Madrasa 77,368,353,1,722,48.89,82,11.4,359,196,3,617,P1,163,58.2,31.8,326,170,574,P1,False,D,4,,0,304,
North 24 Parganas,132,N24P-132,78,Panchayat Bhavan 78,295,282,1,578,48.79,73,12.6,256,133,4,460,P1,123,55.7,28.9,313,125,486,P1,False,D,4,,0,243,
North 24 Parganas,132,N24P-132,79,Govt Office 79,269,267,1,537,49.72,68,12.7,269,144,2,459,P1,125,58.6,31.4,315,89,449,P1,False,D,4,,0,226,
North 24 Parganas,132,N24P-132,80,High School 80,269,244,0,513,47.56,62,12.1,217,152,8,434,P1,65,50.0,35.0,246,106,391,P1,False,D,4,,0,216,
North 24 Parganas,132,N24P-132,81,Club Building 81,384,393,0,777,50.58,86,11.1,274,191,12,593,P1,83,46.2,32.2,415,143,620,P1,False,D,4,,0,327,
North 24 Parganas,132,N24P-132,82,Primary School 82,389,397,1,787,50.44,73,9.3,429,168,8,663,P1,261,64.7,25.3,371,189,682,P1,False,B,3,,0,331,
North 24 Parganas,132,N24P-132,83,Post Office 83,393,382,0,775,49.29,100,12.9,345,222,2,647,P1,123,53.3,34.3,458,143,668,P1,False,D,4,,0,326,
North 24 Parganas,132,N24P-132,84,Madrasa 84,286,290,1,577,50.26,82,14.2,257,150,3,462,P1,107,55.6,32.5,318,122,488,P1,False,D,4,,0,243,
North 24 Parganas,132,N24P-132,85,Panchayat Bhavan 85,276,255,0,531,48.02,59,11.1,266,118,3,426,P1,148,62.4,27.7,318,52,411,P1,False,D,4,,0,223,
North 24 Parganas,132,N24P-132,86,Health Sub-Centre 86,398,403,1,802,50.25,101,12.6,379,228,5,700,P1,151,54.1,32.6,375,230,673,P1,False,D,4,,0,338,
North 24 Parganas,132,N24P-132,87,Panchayat Bhavan 87,368,377,1,746,50.54,101,13.5,357,145,7,598,P1,212,59.7,24.2,384,145,588,P1,False,D,4,,0,314,
North 24 Parganas,132,N24P-132,88,Govt Office 88,329,321,0,650,49.38,58,8.9,280,144,11,533,P1,136,52.5,27.0,333,115,498,P1,False,B,3,,0,274,
North 24 Parganas,132,N24P-132,89,Madrasa 89,313,281,1,595,47.23,58,9.7,343,73,5,462,P1,270,74.2,15.8,282,144,491,P1,False,A,1,,0,250,
North 24 Parganas,132,N24P-132,90,Madrasa 90,336,336,1,673,49.93,65,9.7,339,168,5,564,P1,171,60.1,29.8,323,149,558,P1,False,B,3,,0,283,
North 24 Parganas,132,N24P-132,91,Primary School 91,309,297,1,607,48.93,56,9.2,270,148,3,465,P1,122,58.1,31.8,333,121,505,P1,False,B,3,,0,255,
North 24 Parganas,132,N24P-132,92,Govt Office 92,406,385,0,791,48.67,108,13.7,315,233,6,662,P1,82,47.6,35.2,411,202,681,P1,False,D,4,,0,333,
North 24 Parganas,132,N24P-132,93,High School 93,341,325,1,667,48.73,94,14.1,296,227,2,581,P1,69,50.9,39.1,303,157,511,P1,False,D,4,,0,281,
North 24 Parganas,132,N24P-132,94,High School 94,370,332,0,702,47.29,86,12.3,291,124,13,554,P1,167,52.5,22.4,304,167,555,P1,False,D,4,,0,295,
North 24 Parganas,132,N24P-132,95,Community Hall 95,294,265,0,559,47.41,55,9.8,275,137,4,458,P1,138,60.0,29.9,245,140,427,P1,False,B,3,,0,235,
North 24 Parganas,132,N24P-132,96,Health Sub-Centre 96,322,293,0,615,47.64,71,11.5,299,103,3,482,P1,196,62.0,21.4,305,177,536,P1,False,D,4,,0,259,
North 24 Parganas,132,N24P-132,97,Primary School 97,268,251,1,520,48.27,58,11.2,257,130,4,430,P1,127,59.8,30.2,206,151,398,P1,False,D,4,,0,219,
North 24 Parganas,132,N24P-132,98,High School 98,315,289,1,605,47.77,51,8.4,295,133,5,475,P1,162,62.1,28.0,262,127,487,P1,False,B,3,,0,255,
North 24 Parganas,132,N24P-132,99,Govt Office 99,339,315,1,655,48.09,53,8.1,314,138,2,510,P1,176,61.6,27.1,271,192,514,P1,False,B,3,,0,276,
North 24 Parganas,132,N24P-132,100,Govt Office 100,288,271,0,559,48.48,74,13.2,283,140,6,470,P1,143,60.2,29.8,218,138,433,P1,False,D,4,,0,235,
North 24 Parganas,132,N24P-132,101,Market Building 101,386,349,0,735,47.48,81,11.0,432,122,3,615,P1,310,70.2,19.8,276,208,591,P1,False,D,4,,0,309,
North 24 Parganas,132,N24P-132,102,High School 102,246,237,1,484,48.97,47,9.7,246,101,2,386,P1,145,63.7,26.2,219,95,397,P1,False,B,3,,0,204,
North 24 Parganas,132,N24P-132,103,Govt Office 103,275,258,1,534,48.31,64,12.0,296,91,4,430,P1,205,68.8,21.2,274,132,451,P1,False,D,4,,0,225,
North 24 Parganas,132,N24P-132,104,Health Sub-Centre 104,393,397,1,791,50.19,84,10.6,353,186,6,657,P1,167,53.7,28.3,404,166,633,P1,False,D,4,,0,333,
North 24 Parganas,132,N24P-132,105,Madrasa 105,283,292,1,576,50.69,81,14.1,334,109,5,493,P1,225,67.7,22.1,232,150,453,P1,False,D,4,,0,242,
North 24 Parganas,132,N24P-132,106,Anganwadi Centre 106,294,284,0,578,49.13,52,9.0,276,121,4,441,P1,155,62.6,27.4,287,134,469,P1,False,B,3,,0,243,
North 24 Parganas,132,N24P-132,107,Club Building 107,268,274,1,543,50.46,52,9.6,284,122,3,452,P1,162,62.8,27.0,294,106,445,P1,False,B,3,,0,229,
North 24 Parganas,132,N24P-132,108,Temple Hall 108,253,256,0,509,50.29,51,10.0,201,137,6,428,P1,64,47.0,32.0,214,128,422,P1,False,B,3,,0,214,
North 24 Parganas,132,N24P-132,109,Temple Hall 109,248,246,0,494,49.8,68,13.8,253,83,3,374,P1,170,67.6,22.2,280,102,425,P1,False,D,4,,0,208,
North 24 Parganas,132,N24P-132,110,Primary School 110,353,342,1,696,49.14,59,8.5,351,149,4,555,P1,202,63.2,26.8,307,190,561,P1,False,B,3,,0,293,
North 24 Parganas,132,N24P-132,111,Madrasa 111,262,251,0,513,48.93,49,9.6,327,66,5,436,P1,261,75.0,15.1,237,151,446,P1,False,A,1,,0,216,
North 24 Parganas,132,N24P-132,112,Market Building 112,266,257,1,524,49.05,54,10.3,265,110,2,420,P1,155,63.1,26.2,247,110,456,P1,False,D,4,,0,221,
North 24 Parganas,132,N24P-132,113,Community Hall 113,353,364,1,718,50.7,72,10.0,379,153,2,597,P1,226,63.5,25.6,309,192,557,P1,False,B,3,,0,302,
North 24 Parganas,132,N24P-132,114,Community Hall 114,262,238,1,501,47.5,71,14.2,225,116,3,379,P1,109,59.4,30.6,196,145,426,P1,False,D,4,,0,211,
North 24 Parganas,132,N24P-132,115,Govt Office 115,306,301,0,607,49.59,77,12.7,263,167,4,486,P1,96,54.1,34.4,294,164,514,P1,False,D,4,,0,255,
North 24 Parganas,132,N24P-132,116,Community Hall 116,282,280,1,563,49.73,59,10.5,279,141,5,467,P1,138,59.7,30.2,277,165,491,P1,False,D,4,,0,237,
North 24 Parganas,132,N24P-132,117,Govt Office 117,384,394,0,778,50.64,110,14.1,316,202,5,634,P1,114,49.8,31.9,326,186,611,P1,False,D,4,,0,327,
North 24 Parganas,132,N24P-132,118,Market Building 118,368,337,1,706,47.73,59,8.4,380,146,2,586,P1,234,64.8,24.9,335,167,589,P1,False,B,3,,0,297,
North 24 Parganas,132,N24P-132,119,Panchayat Bhavan 119,405,399,0,804,49.63,72,9.0,412,175,3,654,P1,237,63.0,26.8,279,220,641,P1,False,B,3,,0,338,
North 24 Parganas,132,N24P-132,120,Community Hall 120,374,363,0,737,49.25,77,10.4,304,224,8,610,P1,80,49.8,36.7,370,153,630,P1,False,D,4,,0,310,
North 24 Parganas,132,N24P-132,121,Anganwadi Centre 121,371,354,1,726,48.76,100,13.8,349,163,7,569,P1,186,61.3,28.6,368,129,553,P1,False,D,4,,0,306,
North 24 Parganas,132,N24P-132,122,Govt Office 122,402,377,0,779,48.4,108,13.9,402,172,2,638,P1,230,63.0,27.0,391,140,590,P1,False,D,4,,0,328,
North 24 Parganas,132,N24P-132,123,Post Office 123,334,308,1,643,47.9,88,13.7,259,180,3,487,P1,79,53.2,37.0,237,120,505,P1,False,D,4,,0,271,
North 24 Parganas,132,N24P-132,124,Govt Office 124,419,391,0,810,48.27,93,11.5,389,229,3,706,P1,160,55.1,32.4,342,217,624,P1,False,D,4,,0,341,
North 24 Parganas,132,N24P-132,125,High School 125,413,393,1,807,48.7,74,9.2,345,127,10,632,P1,201,54.6,20.1,414,203,686,P1,False,B,3,,0,340,
North 24 Parganas,132,N24P-132,126,Panchayat Bhavan 126,348,325,1,674,48.22,69,10.2,356,156,3,569,P1,200,62.6,27.4,304,127,519,P1,False,D,4,,0,284,
North 24 Parganas,132,N24P-132,127,Community Hall 127,342,313,1,656,47.71,65,9.9,409,102,6,568,P1,307,72.0,18.0,268,240,564,P1,False,A,1,,0,276,
North 24 Parganas,132,N24P-132,128,Madrasa 128,359,328,0,687,47.74,72,10.5,304,132,11,539,P1,172,56.4,24.5,283,164,540,P1,False,D,4,,0,289,
North 24 Parganas,132,N24P-132,129,Madrasa 129,339,315,1,655,48.09,82,12.5,269,202,6,528,P1,67,50.9,38.3,329,131,511,P1,False,D,4,,0,276,
North 24 Parganas,132,N24P-132,130,Anganwadi Centre 130,334,324,1,659,49.17,74,11.2,323,153,8,552,P1,170,58.5,27.7,270,142,530,P1,False,D,4,,0,277,
North 24 Parganas,132,N24P-132,131,Panchayat Bhavan 131,410,371,0,781,47.5,90,11.5,415,181,7,662,P1,234,62.7,27.3,448,163,679,P1,False,D,4,,0,329,
North 24 Parganas,132,N24P-132,132,Community Hall 132,314,302,1,617,48.95,83,13.5,284,159,4,492,P1,125,57.7,32.3,253,207,518,P1,False,D,4,,0,260,
North 24 Parganas,132,N24P-132,133,Panchayat Bhavan 133,402,392,1,795,49.31,71,8.9,386,199,3,650,P1,187,59.4,30.6,281,193,611,P1,False,B,3,,0,335,
North 24 Parganas,132,N24P-132,134,High School 134,396,395,0,791,49.94,108,13.7,371,209,4,679,P1,162,54.6,30.8,382,173,655,P1,False,D,4,,0,333,
North 24 Parganas,132,N24P-132,135,Health Sub-Centre 135,268,247,0,515,47.96,67,13.0,215,125,4,410,P1,90,52.4,30.5,272,122,438,P1,False,D,4,,0,217,
North 24 Parganas,132,N24P-132,136,Govt Office 136,306,280,0,586,47.78,51,8.7,273,171,3,493,P1,102,55.4,34.7,235,115,492,P1,False,B,3,,0,247,
North 24 Parganas,132,N24P-132,137,High School 137,264,268,1,533,50.28,63,11.8,231,96,5,456,P1,111,50.7,21.1,258,140,442,P1,False,D,4,,0,224,
North 24 Parganas,132,N24P-132,138,Govt Office 138,401,409,1,811,50.43,75,9.2,309,229,10,646,P1,80,47.8,35.4,319,178,623,P1,False,B,3,,0,341,
North 24 Parganas,132,N24P-132,139,Panchayat Bhavan 139,326,335,1,662,50.6,90,13.6,320,189,2,565,P1,131,56.6,33.5,255,186,521,P1,False,D,4,,0,279,
North 24 Parganas,132,N24P-132,140,Market Building 140,268,263,0,531,49.53,58,10.9,267,134,2,445,P1,133,60.0,30.1,206,151,449,P1,False,D,4,,0,223,
North 24 Parganas,132,N24P-132,141,Panchayat Bhavan 141,415,404,0,819,49.33,112,13.7,357,173,12,633,P1,184,56.4,27.3,417,187,671,P1,False,D,4,,0,345,
North 24 Parganas,132,N24P-132,142,Govt Office 142,275,252,1,528,47.73,52,9.8,225,157,7,440,P1,68,51.1,35.7,241,95,419,P1,False,B,3,,0,222,
North 24 Parganas,132,N24P-132,143,Primary School 143,415,399,0,814,49.02,104,12.8,363,220,3,648,P1,143,56.0,34.0,374,199,636,P1,False,D,4,,0,343,
North 24 Parganas,132,N24P-132,144,High School 144,365,341,1,707,48.23,61,8.6,305,229,4,593,P1,76,51.4,38.6,248,179,551,P1,False,B,3,,0,298,
North 24 Parganas,132,N24P-132,145,Primary School 145,248,235,1,484,48.55,48,9.9,233,100,8,416,P1,133,56.0,24.0,227,91,388,P1,False,B,3,,0,204,
North 24 Parganas,132,N24P-132,146,Primary School 146,310,310,0,620,50.0,59,9.5,290,146,3,534,P1,144,54.3,27.3,296,97,477,P1,False,B,3,,0,261,
North 24 Parganas,132,N24P-132,147,Club Building 147,373,383,1,757,50.59,90,11.9,327,225,8,622,P1,102,52.6,36.2,328,111,572,P1,False,D,4,,0,319,
North 24 Parganas,132,N24P-132,148,Madrasa 148,331,318,0,649,49.0,61,9.4,228,200,8,515,P1,28,44.3,38.8,301,142,492,P1,False,B,3,,0,273,
North 24 Parganas,132,N24P-132,149,Govt Office 149,295,290,1,586,49.49,71,12.1,319,131,5,500,P1,188,63.8,26.2,247,107,453,P1,False,D,4,,0,247,
North 24 Parganas,132,N24P-132,150,Panchayat Bhavan 150,275,279,0,554,50.36,75,13.5,304,123,2,474,P1,181,64.1,25.9,318,105,470,P1,False,D,4,,0,233,
North 24 Parganas,132,N24P-132,151,Community Hall 151,390,403,1,794,50.76,72,9.1,395,172,3,630,P1,223,62.7,27.3,344,215,650,P1,False,B,3,,0,334,
North 24 Parganas,132,N24P-132,152,Anganwadi Centre 152,354,344,1,699,49.21,96,13.7,304,155,12,605,P1,149,50.2,25.6,267,216,562,P1,False,D,4,,0,294,
North 24 Parganas,132,N24P-132,153,Temple Hall 153,326,312,1,639,48.83,91,14.2,249,195,8,527,P1,54,47.2,37.0,315,179,549,P1,False,D,4,,0,269,
North 24 Parganas,132,N24P-132,154,Primary School 154,380,388,0,768,50.52,60,7.8,356,230,7,651,P1,126,54.7,35.3,318,229,607,P1,False,B,3,,0,323,
North 24 Parganas,132,N24P-132,155,Primary School 155,343,321,1,665,48.27,75,11.3,314,147,5,513,P1,167,61.2,28.7,330,150,534,P1,False,D,4,,0,280,
North 24 Parganas,132,N24P-132,156,Madrasa 156,356,363,0,719,50.49,65,9.0,245,167,12,544,P1,78,45.0,30.7,273,198,582,P1,False,B,3,,0,303,
North 24 Parganas,132,N24P-132,157,Govt Office 157,362,354,1,717,49.37,98,13.7,427,122,4,610,P1,305,70.0,20.0,405,122,586,P1,False,D,4,,0,302,
North 24 Parganas,132,N24P-132,158,Post Office 158,413,405,0,818,49.51,64,7.8,398,182,12,701,P1,216,56.8,26.0,347,188,692,P1,False,B,3,,0,344,
North 24 Parganas,132,N24P-132,159,Madrasa 159,378,346,0,724,47.79,74,10.2,325,182,12,613,P1,143,53.0,29.7,298,195,578,P1,False,D,4,,0,305,
North 24 Parganas,132,N24P-132,160,Primary School 160,299,276,0,575,48.0,75,13.0,320,127,3,496,P1,193,64.5,25.6,301,133,482,P1,False,D,4,,0,242,
North 24 Parganas,132,N24P-132,161,Club Building 161,398,389,1,788,49.37,64,8.1,387,161,2,609,P1,226,63.5,26.4,327,262,658,P1,False,B,3,,0,332,
North 24 Parganas,132,N24P-132,162,Madrasa 162,283,271,0,554,48.92,66,11.9,265,74,16,474,P1,151,55.9,15.6,256,156,461,P1,False,D,4,,0,233,
North 24 Parganas,132,N24P-132,163,Govt Office 163,254,243,0,497,48.89,46,9.3,237,132,2,410,P1,105,57.8,32.2,244,126,431,P1,False,B,3,,0,209,
North 24 Parganas,132,N24P-132,164,Primary School 164,262,236,1,499,47.29,53,10.6,312,79,2,434,P1,233,71.9,18.2,225,119,383,P1,False,D,4,,0,210,
North 24 Parganas,132,N24P-132,165,Govt Office 165,372,351,0,723,48.55,89,12.3,326,166,11,596,P1,160,54.7,27.9,288,239,585,P1,False,D,4,,0,304,
North 24 Parganas,132,N24P-132,166,Health Sub-Centre 166,282,271,1,554,48.92,73,13.2,324,110,5,482,P1,214,67.2,22.8,335,74,454,P1,False,D,4,,0,233,
North 24 Parganas,132,N24P-132,167,High School 167,326,318,0,644,49.38,82,12.7,261,135,7,529,P1,126,49.3,25.5,291,123,494,P1,False,D,4,,0,271,
North 24 Parganas,132,N24P-132,168,Health Sub-Centre 168,372,360,1,733,49.11,76,10.4,326,201,3,586,P1,125,55.6,34.3,273,219,596,P1,False,D,4,,0,308,
North 24 Parganas,132,N24P-132,169,Panchayat Bhavan 169,367,353,1,721,48.96,93,12.9,387,157,4,604,P1,230,64.1,26.0,352,168,578,P1,False,D,4,,0,303,
North 24 Parganas,132,N24P-132,170,Panchayat Bhavan 170,325,293,1,619,47.33,76,12.3,291,131,2,469,P1,160,62.0,27.9,321,164,539,P1,False,D,4,,0,260,
North 24 Parganas,132,N24P-132,171,Temple Hall 171,387,368,1,756,48.68,82,10.8,399,152,8,627,P1,247,63.6,24.2,325,178,622,P1,False,D,4,,0,318,
North 24 Parganas,132,N24P-132,172,Market Building 172,351,335,0,686,48.83,73,10.6,334,176,8,575,P1,158,58.1,30.6,336,174,566,P1,False,D,4,,0,289,
North 24 Parganas,132,N24P-132,173,Post Office 173,286,290,0,576,50.35,79,13.7,304,115,10,500,P1,189,60.8,23.0,227,117,447,P1,False,D,4,,0,242,
North 24 Parganas,132,N24P-132,174,Govt Office 174,382,386,1,769,50.2,107,13.9,436,117,6,615,P1,319,70.9,19.0,272,201,661,P1,False,D,4,,0,324,
North 24 Parganas,132,N24P-132,175,Club Building 175,381,383,0,764,50.13,87,11.4,406,171,4,649,P1,235,62.6,26.3,261,90,582,P1,False,D,4,,0,322,
North 24 Parganas,132,N24P-132,176,Market Building 176,349,356,1,706,50.42,69,9.8,319,208,2,590,P1,111,54.1,35.3,298,171,564,P1,False,B,3,,0,297,
North 24 Parganas,132,N24P-132,177,High School 177,344,342,0,686,49.85,93,13.6,308,183,3,555,P1,125,55.5,33.0,307,92,524,P1,False,D,4,,0,289,
North 24 Parganas,132,N24P-132,178,Post Office 178,299,275,1,575,47.83,82,14.3,277,122,1,443,P1,155,62.5,27.5,245,172,466,P1,False,D,4,,0,242,
North 24 Parganas,132,N24P-132,179,Panchayat Bhavan 179,392,357,0,749,47.66,78,10.4,288,214,3,588,P1,74,49.0,36.4,318,215,615,P1,False,D,4,,0,315,
North 24 Parganas,132,N24P-132,180,Primary School 180,407,399,1,807,49.44,108,13.4,368,256,5,694,P1,112,53.0,36.9,462,129,656,P1,False,D,4,,0,340,
North 24 Parganas,132,N24P-132,181,Club Building 181,394,363,0,757,47.95,62,8.2,405,175,7,649,P1,230,62.4,27.0,391,156,608,P1,False,B,3,,0,319,
North 24 Parganas,132,N24P-132,182,Market Building 182,286,270,1,557,48.47,66,11.8,220,106,12,445,P1,114,49.4,23.8,289,125,468,P1,False,D,4,,0,234,
North 24 Parganas,133,N24P-133,1,Community Hall 1,352,330,0,682,48.39,61,8.9,324,120,7,536,P1,204,60.4,22.4,347,163,566,P1,False,B,3,,0,287,
North 24 Parganas,133,N24P-133,2,Post Office 2,374,380,1,755,50.33,79,10.5,285,192,17,628,P1,93,45.4,30.6,317,201,604,P1,False,D,4,,0,318,
North 24 Parganas,133,N24P-133,3,High School 3,415,388,1,804,48.26,60,7.5,430,196,6,695,P1,234,61.9,28.2,346,185,638,P1,False,B,3,,0,338,
North 24 Parganas,133,N24P-133,4,Health Sub-Centre 4,373,362,1,736,49.18,84,11.4,381,191,6,636,P1,190,59.9,30.0,402,128,589,P1,False,D,4,,0,310,
North 24 Parganas,133,N24P-133,5,Anganwadi Centre 5,245,237,0,482,49.17,40,8.3,233,114,3,411,P1,119,56.7,27.7,273,104,419,P1,False,B,3,,0,203,
North 24 Parganas,133,N24P-133,6,Anganwadi Centre 6,301,276,1,578,47.75,53,9.2,238,117,7,445,P1,121,53.5,26.3,248,176,476,P1,False,B,3,,0,243,
North 24 Parganas,133,N24P-133,7,Post Office 7,352,327,0,679,48.16,54,8.0,376,137,6,571,P1,239,65.8,24.0,410,122,591,P1,False,A,1,,0,286,
North 24 Parganas,133,N24P-133,8,Govt Office 8,325,335,1,661,50.68,42,6.4,312,165,7,547,P1,147,57.0,30.2,240,177,542,P1,False,B,3,,0,278,
North 24 Parganas,133,N24P-133,9,Anganwadi Centre 9,324,327,0,651,50.23,62,9.5,308,202,4,567,P1,106,54.3,35.6,230,180,543,P1,False,B,3,,0,274,
North 24 Parganas,133,N24P-133,10,Madrasa 10,258,254,1,513,49.51,43,8.4,234,120,2,414,P1,114,56.5,29.0,273,115,431,P1,False,B,3,,0,216,
North 24 Parganas,133,N24P-133,11,Primary School 11,272,278,0,550,50.55,57,10.4,268,110,4,420,P1,158,63.8,26.2,206,118,454,P1,False,D,4,,0,231,
North 24 Parganas,133,N24P-133,12,Panchayat Bhavan 12,303,274,1,578,47.4,62,10.7,228,85,8,438,P1,116,52.1,19.4,296,149,498,P1,False,D,4,,0,243,
North 24 Parganas,133,N24P-133,13,Market Building 13,359,364,0,723,50.35,54,7.5,337,194,5,590,P1,143,57.1,32.9,346,193,613,P1,False,B,3,,0,304,
North 24 Parganas,133,N24P-133,14,Primary School 14,290,278,1,569,48.86,44,7.7,246,140,6,454,P1,106,54.2,30.8,287,138,472,P1,False,B,3,,0,239,
North 24 Parganas,133,N24P-133,15,Govt Office 15,287,294,0,581,50.6,43,7.4,305,149,4,505,P1,156,60.4,29.5,308,78,503,P1,False,B,3,,0,245,
North 24 Parganas,133,N24P-133,16,Health Sub-Centre 16,267,270,1,538,50.19,48,8.9,313,100,2,459,P1,213,68.2,21.8,280,134,460,P1,False,A,1,,0,226,
North 24 Parganas,133,N24P-133,17,Primary School 17,297,290,0,587,49.4,66,11.2,266,150,5,462,P1,116,57.6,32.5,281,179,511,P1,False,D,4,,0,247,
North 24 Parganas,133,N24P-133,18,Health Sub-Centre 18,291,289,0,580,49.83,62,10.7,271,117,5,456,P1,154,59.4,25.7,302,132,482,P1,False,D,4,,0,244,
North 24 Parganas,133,N24P-133,19,Post Office 19,333,322,1,656,49.09,58,8.8,268,167,4,546,P1,101,49.1,30.6,259,107,509,P1,False,B,3,,0,276,
North 24 Parganas,133,N24P-133,20,Primary School 20,320,297,1,618,48.06,40,6.5,395,65,5,511,P1,330,77.3,12.7,373,109,535,P1,False,A,1,,0,260,
North 24 Parganas,133,N24P-133,21,Panchayat Bhavan 21,321,308,0,629,48.97,56,8.9,321,169,3,544,P1,152,59.0,31.1,283,183,518,P1,False,B,3,,0,265,
North 24 Parganas,133,N24P-133,22,Post Office 22,356,324,0,680,47.65,67,9.9,248,191,10,561,P1,57,44.2,34.0,364,142,563,P1,False,B,3,,0,286,
North 24 Parganas,133,N24P-133,23,Temple Hall 23,339,303,0,642,47.2,65,10.1,338,131,10,552,P1,207,61.2,23.7,348,111,510,P1,False,D,4,,0,270,
North 24 Parganas,133,N24P-133,24,High School 24,404,377,1,782,48.21,80,10.2,337,207,5,604,P1,130,55.8,34.3,420,164,664,P1,False,D,4,,0,329,
North 24 Parganas,133,N24P-133,25,Market Building 25,376,377,0,753,50.07,52,6.9,402,183,7,650,P1,219,61.8,28.2,424,153,641,P1,False,B,3,,0,317,
North 24 Parganas,133,N24P-133,26,High School 26,341,337,1,679,49.63,53,7.8,323,201,6,582,P1,122,55.5,34.5,331,161,574,P1,False,B,3,,0,286,
North 24 Parganas,133,N24P-133,27,Community Hall 27,314,285,0,599,47.58,65,10.9,266,126,8,489,P1,140,54.4,25.8,285,128,482,P1,False,D,4,,0,252,
North 24 Parganas,133,N24P-133,28,Panchayat Bhavan 28,285,277,1,563,49.2,38,6.7,281,129,2,456,P1,152,61.6,28.3,344,83,474,P1,False,B,3,,0,237,
North 24 Parganas,133,N24P-133,29,Health Sub-Centre 29,248,238,1,487,48.87,52,10.7,233,107,4,405,P1,126,57.5,26.4,279,102,424,P1,False,D,4,,0,205,
North 24 Parganas,133,N24P-133,30,Community Hall 30,339,339,1,679,49.93,68,10.0,296,176,5,559,P1,120,53.0,31.5,379,149,586,P1,False,B,3,,0,286,
North 24 Parganas,133,N24P-133,31,Temple Hall 31,338,341,0,679,50.22,74,10.9,270,211,4,549,P1,59,49.2,38.4,289,165,541,P1,False,D,4,,0,286,
North 24 Parganas,133,N24P-133,32,Govt Office 32,362,351,0,713,49.23,48,6.7,347,181,3,587,P1,166,59.1,30.8,335,157,546,P1,False,B,3,,0,300,
North 24 Parganas,133,N24P-133,33,Anganwadi Centre 33,363,347,1,711,48.8,58,8.2,254,148,16,560,P1,106,45.4,26.4,316,169,539,P1,False,B,3,,0,299,
North 24 Parganas,133,N24P-133,34,Madrasa 34,276,265,1,542,48.89,54,10.0,238,149,2,430,P1,89,55.3,34.7,243,129,419,P1,False,B,3,,0,228,
North 24 Parganas,133,N24P-133,35,Panchayat Bhavan 35,368,374,0,742,50.4,60,8.1,313,125,4,572,P1,188,54.7,21.9,317,181,574,P1,False,B,3,,0,312,
North 24 Parganas,133,N24P-133,36,Post Office 36,413,373,0,786,47.46,54,6.9,366,172,8,613,P1,194,59.7,28.1,438,160,665,P1,False,B,3,,0,331,
North 24 Parganas,133,N24P-133,37,Community Hall 37,257,240,0,497,48.29,49,9.9,239,130,2,410,P1,109,58.3,31.7,254,99,392,P1,False,B,3,,0,209,
North 24 Parganas,133,N24P-133,38,Club Building 38,422,385,1,808,47.65,61,7.5,413,147,4,629,P1,266,65.7,23.4,369,217,662,P1,False,A,1,,0,340,
North 24 Parganas,133,N24P-133,39,Health Sub-Centre 39,283,262,0,545,48.07,52,9.5,227,141,4,436,P1,86,52.1,32.3,225,130,421,P1,False,B,3,,0,229,
North 24 Parganas,133,N24P-133,40,Govt Office 40,314,286,1,601,47.59,47,7.8,327,119,4,496,P1,208,65.9,24.0,280,133,490,P1,False,A,1,,0,253,
North 24 Parganas,133,N24P-133,41,Post Office 41,409,368,0,777,47.36,65,8.4,355,174,5,627,P1,181,56.6,27.8,426,168,660,P1,False,B,3,,0,327,
North 24 Parganas,133,N24P-133,42,Market Building 42,272,278,1,551,50.45,54,9.8,283,118,2,445,P1,165,63.6,26.5,239,149,431,P1,False,B,3,,0,232,
North 24 Parganas,133,N24P-133,43,High School 43,362,368,1,731,50.34,52,7.1,215,155,11,571,P1,31,37.7,27.1,343,161,617,P1,False,B,3,,0,308,
North 24 Parganas,133,N24P-133,44,Panchayat Bhavan 44,391,402,0,793,50.69,93,11.7,364,184,4,609,P1,180,59.8,30.2,350,216,629,P1,False,D,4,,0,334,
North 24 Parganas,133,N24P-133,45,Madrasa 45,257,248,1,506,49.01,32,6.3,136,140,4,393,P2,4,34.6,35.6,238,106,409,P1,True,B,3,,0,213,
North 24 Parganas,133,N24P-133,46,Market Building 46,274,281,0,555,50.63,46,8.3,343,82,2,472,P1,261,72.7,17.4,269,154,470,P1,False,A,1,,0,234,
North 24 Parganas,133,N24P-133,47,Market Building 47,252,232,0,484,47.93,52,10.7,224,104,8,398,P1,120,56.3,26.1,262,107,410,P1,False,D,4,,0,204,
North 24 Parganas,133,N24P-133,48,Market Building 48,241,248,1,490,50.61,44,9.0,264,83,2,386,P1,181,68.4,21.5,243,77,421,P1,False,A,1,,0,206,
North 24 Parganas,133,N24P-133,49,Anganwadi Centre 49,247,250,0,497,50.3,36,7.2,185,108,5,383,P1,77,48.3,28.2,197,147,382,P1,False,B,3,,0,209,
North 24 Parganas,133,N24P-133,50,Club Building 50,273,274,0,547,50.09,46,8.4,313,113,5,474,P1,200,66.0,23.8,246,105,468,P1,False,A,1,,0,230,
North 24 Parganas,133,N24P-133,51,Panchayat Bhavan 51,301,302,0,603,50.08,56,9.3,257,90,4,483,P1,130,53.2,18.6,262,151,472,P1,False,B,3,,0,254,
North 24 Parganas,133,N24P-133,52,Market Building 52,259,248,0,507,48.92,58,11.4,247,123,4,411,P1,124,60.1,29.9,240,106,418,P1,False,D,4,,0,213,
North 24 Parganas,133,N24P-133,53,Community Hall 53,385,348,1,734,47.41,70,9.5,388,165,6,615,P1,223,63.1,26.8,376,120,615,P1,False,B,3,,0,309,
North 24 Parganas,133,N24P-133,54,Temple Hall 54,278,276,1,555,49.73,49,8.8,249,153,7,479,P1,96,52.0,31.9,314,121,483,P1,False,B,3,,0,234,
North 24 Parganas,133,N24P-133,55,Market Building 55,359,326,1,686,47.52,59,8.6,293,143,8,545,P1,150,53.8,26.2,269,215,593,P1,False,B,3,,0,289,
North 24 Parganas,133,N24P-133,56,Temple Hall 56,369,361,0,730,49.45,70,9.6,298,139,8,575,P1,159,51.8,24.2,387,179,629,P1,False,B,3,,0,307,
North 24 Parganas,133,N24P-133,57,Market Building 57,294,270,0,564,47.87,43,7.6,343,98,6,490,P1,245,70.0,20.0,311,113,471,P1,False,A,1,,0,237,
North 24 Parganas,133,N24P-133,58,Primary School 58,342,353,0,695,50.79,75,10.8,337,189,3,601,P1,148,56.1,31.4,367,171,598,P1,False,D,4,,0,292,
North 24 Parganas,133,N24P-133,59,Market Building 59,380,376,0,756,49.74,64,8.5,265,201,12,603,P1,64,43.9,33.3,378,150,592,P1,False,B,3,,0,318,
North 24 Parganas,133,N24P-133,60,High School 60,344,326,0,670,48.66,46,6.9,284,199,2,537,P1,85,52.9,37.1,393,116,566,P1,False,B,3,,0,282,
North 24 Parganas,133,N24P-133,61,Temple Hall 61,312,317,0,629,50.4,71,11.3,265,131,11,490,P1,134,54.1,26.7,217,218,491,P2,True,D,4,,0,265,
North 24 Parganas,133,N24P-133,62,Health Sub-Centre 62,272,256,0,528,48.48,47,8.9,278,104,5,425,P1,174,65.4,24.5,262,107,410,P1,False,A,1,,0,222,
North 24 Parganas,133,N24P-133,63,Govt Office 63,243,244,0,487,50.1,52,10.7,253,122,2,416,P1,131,60.8,29.3,200,162,402,P1,False,D,4,,0,205,
North 24 Parganas,133,N24P-133,64,Post Office 64,356,359,0,715,50.21,56,7.8,345,195,3,600,P1,150,57.5,32.5,320,171,546,P1,False,B,3,,0,301,
North 24 Parganas,133,N24P-133,65,Govt Office 65,371,359,0,730,49.18,70,9.6,389,179,3,637,P1,210,61.1,28.1,389,169,621,P1,False,B,3,,0,307,
North 24 Parganas,133,N24P-133,66,Govt Office 66,376,366,0,742,49.33,61,8.2,404,166,9,645,P1,238,62.6,25.7,370,114,613,P1,False,B,3,,0,312,
North 24 Parganas,133,N24P-133,67,Community Hall 67,306,285,1,592,48.14,63,10.6,314,110,5,493,P1,204,63.7,22.3,263,138,513,P1,False,D,4,,0,249,
North 24 Parganas,133,N24P-133,68,Market Building 68,277,273,0,550,49.64,36,6.5,250,118,4,420,P1,132,59.5,28.1,248,118,460,P1,False,B,3,,0,231,
North 24 Parganas,133,N24P-133,69,Market Building 69,428,388,1,817,47.49,62,7.6,370,226,3,663,P1,144,55.8,34.1,410,204,683,P1,False,B,3,,0,344,
North 24 Parganas,133,N24P-133,70,Govt Office 70,373,361,1,735,49.12,59,8.0,369,137,6,562,P1,232,65.7,24.4,386,178,627,P1,False,A,1,,0,309,
North 24 Parganas,133,N24P-133,71,Post Office 71,269,268,0,537,49.91,37,6.9,199,130,7,426,P1,69,46.7,30.5,292,114,456,P1,False,B,3,,0,226,
North 24 Parganas,133,N24P-133,72,Madrasa 72,355,336,1,692,48.55,72,10.4,332,116,10,601,P1,196,55.2,19.3,346,152,553,P1,False,D,4,,0,291,
North 24 Parganas,133,N24P-133,73,Club Building 73,350,353,1,704,50.14,47,6.7,362,181,3,607,P1,181,59.6,29.8,351,167,575,P1,False,B,3,,0,296,
North 24 Parganas,133,N24P-133,74,High School 74,292,264,1,557,47.4,55,9.9,255,115,7,457,P1,140,55.8,25.2,267,155,469,P1,False,B,3,,0,234,
North 24 Parganas,133,N24P-133,75,Primary School 75,357,331,1,689,48.04,79,11.5,273,210,4,543,P1,63,50.3,38.7,323,155,539,P1,False,D,4,,0,290,
North 24 Parganas,133,N24P-133,76,High School 76,290,261,0,551,47.37,53,9.6,275,136,2,457,P1,139,60.2,29.8,244,98,426,P1,False,B,3,,0,232,
North 24 Parganas,133,N24P-133,77,High School 77,253,238,0,491,48.47,42,8.6,186,115,3,396,P1,71,47.0,29.0,205,126,378,P1,False,B,3,,0,207,
North 24 Parganas,133,N24P-133,78,Temple Hall 78,305,309,0,614,50.33,69,11.2,330,139,4,527,P1,191,62.6,26.4,373,109,536,P1,False,D,4,,0,258,
North 24 Parganas,133,N24P-133,79,Madrasa 79,334,344,1,679,50.66,51,7.5,222,153,13,515,P1,69,43.1,29.7,324,207,592,P1,False,B,3,,0,286,
North 24 Parganas,133,N24P-133,80,Market Building 80,384,353,0,737,47.9,71,9.6,303,236,3,605,P1,67,50.1,39.0,346,220,640,P1,False,B,3,,0,310,
North 24 Parganas,133,N24P-133,81,Temple Hall 81,401,372,0,773,48.12,72,9.3,350,193,4,603,P1,157,58.0,32.0,371,187,620,P1,False,B,3,,0,325,
North 24 Parganas,133,N24P-133,82,Madrasa 82,271,273,1,545,50.09,45,8.3,251,112,5,455,P1,139,55.2,24.6,258,128,429,P1,False,B,3,,0,229,
North 24 Parganas,133,N24P-133,83,Club Building 83,278,264,1,543,48.62,46,8.5,251,127,3,420,P1,124,59.8,30.2,318,83,446,P1,False,B,3,,0,229,
North 24 Parganas,133,N24P-133,84,Primary School 84,336,313,1,650,48.15,76,11.7,275,130,4,494,P1,145,55.7,26.3,273,181,504,P1,False,D,4,,0,274,
North 24 Parganas,133,N24P-133,85,Anganwadi Centre 85,416,382,1,799,47.81,59,7.4,312,240,5,613,P1,72,50.9,39.2,430,140,633,P1,False,B,3,,0,336,
North 24 Parganas,133,N24P-133,86,Market Building 86,371,374,0,745,50.2,50,6.7,339,135,14,603,P1,204,56.2,22.4,447,137,649,P1,False,B,3,,0,314,
North 24 Parganas,133,N24P-133,87,Temple Hall 87,310,284,0,594,47.81,46,7.7,310,96,3,451,P1,214,68.7,21.3,280,130,462,P1,False,A,1,,0,250,
North 24 Parganas,133,N24P-133,88,Primary School 88,331,342,1,674,50.74,64,9.5,306,159,2,516,P1,147,59.3,30.8,279,140,566,P1,False,B,3,,0,284,
North 24 Parganas,133,N24P-133,89,Panchayat Bhavan 89,398,386,1,785,49.17,81,10.3,414,145,3,621,P1,269,66.7,23.3,317,166,601,P1,False,D,4,,0,330,
North 24 Parganas,133,N24P-133,90,Temple Hall 90,310,321,1,632,50.79,41,6.5,254,193,5,496,P1,61,51.2,38.9,347,133,549,P1,False,B,3,,0,266,
North 24 Parganas,133,N24P-133,91,Panchayat Bhavan 91,262,251,0,513,48.93,44,8.6,245,132,6,426,P1,113,57.5,31.0,258,97,395,P1,False,B,3,,0,216,
North 24 Parganas,133,N24P-133,92,Market Building 92,327,315,0,642,49.07,75,11.7,248,137,10,517,P1,111,48.0,26.5,311,176,552,P1,False,D,4,,0,270,
North 24 Parganas,133,N24P-133,93,Madrasa 93,292,267,1,560,47.68,43,7.7,314,105,1,466,P1,209,67.4,22.5,260,125,428,P1,False,A,1,,0,236,
North 24 Parganas,133,N24P-133,94,Primary School 94,284,264,0,548,48.18,50,9.1,219,136,7,459,P1,83,47.7,29.6,203,125,442,P1,False,B,3,,0,231,
North 24 Parganas,133,N24P-133,95,Primary School 95,377,361,0,738,48.92,74,10.0,403,135,7,631,P1,268,63.9,21.4,376,137,570,P1,False,B,3,,0,311,
North 24 Parganas,133,N24P-133,96,Community Hall 96,273,259,0,532,48.68,44,8.3,242,109,3,455,P1,133,53.2,24.0,222,142,424,P1,False,B,3,,0,224,
North 24 Parganas,133,N24P-133,97,High School 97,270,245,0,515,47.57,48,9.3,284,100,4,426,P1,184,66.7,23.5,184,150,411,P1,False,A,1,,0,217,
North 24 Parganas,133,N24P-133,98,Primary School 98,428,390,0,818,47.68,89,10.9,401,224,3,694,P1,177,57.8,32.3,329,216,677,P1,False,D,4,,0,344,
North 24 Parganas,133,N24P-133,99,Club Building 99,394,388,0,782,49.62,84,10.7,401,210,6,679,P1,191,59.1,30.9,360,177,598,P1,False,D,4,,0,329,
North 24 Parganas,133,N24P-133,100,Temple Hall 100,284,256,0,540,47.41,51,9.4,287,103,2,439,P1,184,65.4,23.5,249,116,434,P1,False,A,1,,0,227,
North 24 Parganas,133,N24P-133,101,Post Office 101,385,386,1,772,50.0,51,6.6,399,174,7,637,P1,225,62.6,27.3,375,166,601,P1,False,B,3,,0,325,
North 24 Parganas,133,N24P-133,102,Post Office 102,303,312,1,616,50.65,54,8.8,245,190,3,512,P1,55,47.9,37.1,269,164,481,P1,False,B,3,,0,259,
North 24 Parganas,133,N24P-133,103,Anganwadi Centre 103,390,350,1,741,47.23,51,6.9,354,191,3,606,P1,163,58.4,31.5,339,224,625,P1,False,B,3,,0,312,
North 24 Parganas,133,N24P-133,104,Temple Hall 104,304,275,0,579,47.5,43,7.4,321,128,5,499,P1,193,64.3,25.7,291,112,472,P1,False,B,3,,0,244,
North 24 Parganas,133,N24P-133,105,Health Sub-Centre 105,385,398,1,784,50.77,51,6.5,406,202,5,676,P1,204,60.1,29.9,300,257,628,P1,False,B,3,,0,330,
North 24 Parganas,133,N24P-133,106,Community Hall 106,308,291,1,600,48.5,56,9.3,250,185,7,497,P1,65,50.3,37.2,306,151,507,P1,False,B,3,,0,253,
North 24 Parganas,133,N24P-133,107,Post Office 107,407,367,1,775,47.35,84,10.8,408,190,6,664,P1,218,61.4,28.6,279,208,669,P1,False,D,4,,0,326,
North 24 Parganas,133,N24P-133,108,High School 108,311,321,1,633,50.71,69,10.9,376,80,2,506,P1,296,74.3,15.8,275,146,487,P1,False,D,4,,0,266,
North 24 Parganas,133,N24P-133,109,Madrasa 109,373,357,1,731,48.84,50,6.8,363,148,8,596,P1,215,60.9,24.8,413,138,612,P1,False,B,3,,0,308,
North 24 Parganas,133,N24P-133,110,Community Hall 110,356,332,1,689,48.19,71,10.3,419,83,3,558,P1,336,75.1,14.9,308,91,523,P1,False,D,4,,0,290,
North 24 Parganas,133,N24P-133,111,Club Building 111,313,286,1,600,47.67,46,7.7,359,100,2,510,P1,259,70.4,19.6,261,179,490,P1,False,A,1,,0,253,
North 24 Parganas,133,N24P-133,112,Health Sub-Centre 112,401,379,0,780,48.59,59,7.6,453,154,7,675,P1,299,67.1,22.8,381,191,653,P1,False,A,1,,0,328,
North 24 Parganas,133,N24P-133,113,Primary School 113,421,382,1,804,47.51,93,11.6,318,255,4,637,P1,63,49.9,40.0,341,172,620,P1,False,D,4,,0,338,
North 24 Parganas,133,N24P-133,114,Club Building 114,395,385,0,780,49.36,84,10.8,396,205,7,667,P1,191,59.4,30.7,358,180,597,P1,False,D,4,,0,328,
North 24 Parganas,133,N24P-133,115,Anganwadi Centre 115,303,280,0,583,48.03,55,9.4,324,93,10,504,P1,231,64.3,18.5,241,199,506,P1,False,B,3,,0,245,
North 24 Parganas,133,N24P-133,116,Community Hall 116,285,271,0,556,48.74,56,10.1,223,133,3,435,P1,90,51.3,30.6,224,178,460,P1,False,D,4,,0,234,
North 24 Parganas,133,N24P-133,117,High School 117,388,354,0,742,47.71,54,7.3,400,154,4,615,P1,246,65.0,25.0,281,220,598,P1,False,B,3,,0,312,
North 24 Parganas,133,N24P-133,118,Panchayat Bhavan 118,342,314,1,657,47.79,46,7.0,338,157,3,552,P1,181,61.2,28.4,284,136,500,P1,False,B,3,,0,276,
North 24 Parganas,133,N24P-133,119,Market Building 119,396,360,0,756,47.62,73,9.7,419,131,2,611,P1,288,68.6,21.4,340,179,628,P1,False,A,1,,0,318,
North 24 Parganas,133,N24P-133,120,Panchayat Bhavan 120,371,375,1,747,50.2,64,8.6,334,191,4,608,P1,143,54.9,31.4,424,137,623,P1,False,B,3,,0,314,
North 24 Parganas,133,N24P-133,121,Community Hall 121,294,291,0,585,49.74,53,9.1,255,183,6,490,P1,72,52.0,37.3,216,128,449,P1,False,B,3,,0,246,
North 24 Parganas,133,N24P-133,122,Madrasa 122,380,344,0,724,47.51,69,9.5,305,201,10,611,P1,104,49.9,32.9,355,189,632,P1,False,B,3,,0,305,
North 24 Parganas,133,N24P-133,123,Post Office 123,377,387,1,765,50.59,73,9.5,319,175,10,582,P1,144,54.8,30.1,386,206,658,P1,False,B,3,,0,322,
North 24 Parganas,133,N24P-133,124,High School 124,303,296,0,599,49.42,48,8.0,261,146,6,479,P1,115,54.5,30.5,290,124,506,P1,False,B,3,,0,252,
North 24 Parganas,133,N24P-133,125,Health Sub-Centre 125,344,334,0,678,49.26,56,8.3,269,172,7,523,P1,97,51.4,32.9,322,157,532,P1,False,B,3,,0,285,
North 24 Parganas,133,N24P-133,126,Market Building 126,262,269,1,532,50.56,41,7.7,206,164,9,443,P1,42,46.5,37.0,299,103,447,P1,False,B,3,,0,224,
North 24 Parganas,133,N24P-133,127,Panchayat Bhavan 127,390,362,1,753,48.07,77,10.2,363,203,4,629,P1,160,57.7,32.3,312,141,598,P1,False,D,4,,0,317,
North 24 Parganas,133,N24P-133,128,Market Building 128,326,302,0,628,48.09,48,7.6,253,132,5,487,P1,121,52.0,27.1,329,115,493,P1,False,B,3,,0,264,
North 24 Parganas,133,N24P-133,129,Temple Hall 129,391,369,1,761,48.49,69,9.1,406,170,7,640,P1,236,63.4,26.6,325,196,607,P1,False,B,3,,0,320,
North 24 Parganas,133,N24P-133,130,Temple Hall 130,304,283,1,588,48.13,42,7.1,361,77,3,486,P1,284,74.3,15.8,297,122,466,P1,False,A,1,,0,247,
North 24 Parganas,133,N24P-133,131,Primary School 131,368,347,1,716,48.46,70,9.8,344,121,4,594,P1,223,57.9,20.4,336,160,551,P1,False,B,3,,0,301,
North 24 Parganas,133,N24P-133,132,Govt Office 132,259,267,1,527,50.66,54,10.2,297,91,5,431,P1,206,68.9,21.1,199,151,411,P1,False,D,4,,0,222,
North 24 Parganas,133,N24P-133,133,Primary School 133,428,391,1,820,47.68,62,7.6,319,219,7,650,P1,100,49.1,33.7,464,173,708,P1,False,B,3,,0,345,
North 24 Parganas,133,N24P-133,134,Madrasa 134,392,404,1,797,50.69,54,6.8,365,220,5,652,P1,145,56.0,33.7,303,185,616,P1,False,B,3,,0,335,
North 24 Parganas,133,N24P-133,135,Primary School 135,370,353,0,723,48.82,68,9.4,349,155,7,560,P1,194,62.3,27.7,334,217,623,P1,False,B,3,,0,304,
North 24 Parganas,133,N24P-133,136,Club Building 136,253,251,0,504,49.8,48,9.5,245,114,3,427,P1,131,57.4,26.7,288,91,421,P1,False,B,3,,0,212,
North 24 Parganas,133,N24P-133,137,Health Sub-Centre 137,380,381,0,761,50.07,84,11.0,375,164,11,642,P1,211,58.4,25.5,476,121,664,P1,False,D,4,,0,320,
North 24 Parganas,133,N24P-133,138,Madrasa 138,397,378,0,775,48.77,85,11.0,425,180,2,672,P1,245,63.2,26.8,353,157,630,P1,False,D,4,,0,326,
North 24 Parganas,133,N24P-133,139,Primary School 139,301,304,0,605,50.25,60,9.9,299,106,6,462,P1,193,64.7,22.9,320,129,499,P1,False,B,3,,0,255,
North 24 Parganas,133,N24P-133,140,Club Building 140,270,261,1,532,49.06,35,6.6,251,137,1,431,P1,114,58.2,31.8,205,133,449,P1,False,B,3,,0,224,
North 24 Parganas,133,N24P-133,141,Anganwadi Centre 141,358,353,0,711,49.65,82,11.5,297,161,11,595,P1,136,49.9,27.1,304,151,621,P1,False,D,4,,0,299,
North 24 Parganas,133,N24P-133,142,Temple Hall 142,304,312,1,617,50.57,69,11.2,297,138,3,483,P1,159,61.5,28.6,252,136,485,P1,False,D,4,,0,260,
North 24 Parganas,133,N24P-133,143,Panchayat Bhavan 143,256,262,1,519,50.48,36,6.9,293,97,2,433,P1,196,67.7,22.4,211,144,406,P1,False,A,1,,0,218,
North 24 Parganas,133,N24P-133,144,Govt Office 144,424,379,0,803,47.2,64,8.0,398,179,2,641,P1,219,62.1,27.9,313,243,629,P1,False,B,3,,0,338,
North 24 Parganas,133,N24P-133,145,Panchayat Bhavan 145,366,365,1,732,49.86,71,9.7,386,172,3,620,P1,214,62.3,27.7,352,139,557,P1,False,B,3,,0,308,
North 24 Parganas,133,N24P-133,146,Club Building 146,348,329,0,677,48.6,65,9.6,232,182,11,537,P1,50,43.2,33.9,350,156,562,P1,False,B,3,,0,285,
North 24 Parganas,133,N24P-133,147,Post Office 147,404,406,0,810,50.12,54,6.7,432,144,7,640,P1,288,67.5,22.5,344,177,615,P1,False,A,1,,0,341,
North 24 Parganas,133,N24P-133,148,Post Office 148,281,262,1,544,48.16,48,8.8,238,168,3,457,P1,70,52.1,36.8,213,135,422,P1,False,B,3,,0,229,
North 24 Parganas,133,N24P-133,149,Post Office 149,241,244,1,486,50.21,50,10.3,254,102,2,395,P1,152,64.3,25.8,173,172,388,P1,False,D,4,,0,205,
North 24 Parganas,133,N24P-133,150,High School 150,315,297,1,613,48.45,63,10.3,278,174,2,505,P1,104,55.0,34.5,360,115,528,P1,False,D,4,,0,258,
North 24 Parganas,133,N24P-133,151,Madrasa 151,366,335,0,701,47.79,59,8.4,336,167,3,558,P1,169,60.2,29.9,367,140,563,P1,False,B,3,,0,295,
North 24 Parganas,133,N24P-133,152,Market Building 152,280,267,1,548,48.72,57,10.4,238,192,2,478,P1,46,49.8,40.2,269,127,458,P1,False,D,4,,0,231,
North 24 Parganas,133,N24P-133,153,Madrasa 153,343,322,1,666,48.35,76,11.4,289,163,4,520,P1,126,55.6,31.3,302,165,519,P1,False,D,4,,0,280,
North 24 Parganas,133,N24P-133,154,High School 154,363,344,0,707,48.66,67,9.5,317,136,11,564,P1,181,56.2,24.1,312,210,594,P1,False,B,3,,0,298,
North 24 Parganas,133,N24P-133,155,Primary School 155,280,283,0,563,50.27,52,9.2,249,154,8,472,P1,95,52.8,32.6,275,141,462,P1,False,B,3,,0,237,
North 24 Parganas,133,N24P-133,156,Market Building 156,339,323,1,663,48.72,49,7.4,410,89,4,554,P1,321,74.0,16.1,301,118,516,P1,False,A,1,,0,279,
North 24 Parganas,133,N24P-133,157,Primary School 157,331,311,0,642,48.44,74,11.5,319,157,2,529,P1,162,60.3,29.7,276,125,487,P1,False,D,4,,0,270,
North 24 Parganas,133,N24P-133,158,Temple Hall 158,425,394,1,820,48.05,55,6.7,350,170,7,637,P1,180,54.9,26.7,353,167,657,P1,False,B,3,,0,345,
North 24 Parganas,133,N24P-133,159,Health Sub-Centre 159,324,298,0,622,47.91,53,8.5,280,150,5,478,P1,130,58.6,31.4,275,152,483,P1,False,B,3,,0,262,
North 24 Parganas,133,N24P-133,160,Primary School 160,372,341,1,714,47.76,68,9.5,301,142,5,555,P1,159,54.2,25.6,324,167,606,P1,False,B,3,,0,300,
North 24 Parganas,133,N24P-133,161,Anganwadi Centre 161,364,358,1,723,49.52,58,8.0,360,201,2,623,P1,159,57.8,32.3,316,125,595,P1,False,B,3,,0,304,
North 24 Parganas,133,N24P-133,162,Community Hall 162,306,283,0,589,48.05,54,9.2,286,162,3,512,P1,124,55.9,31.6,284,157,490,P1,False,B,3,,0,248,
North 24 Parganas,133,N24P-133,163,Community Hall 163,293,271,1,565,47.96,59,10.4,209,177,3,463,P1,32,45.1,38.2,212,149,449,P1,False,D,4,,0,238,
North 24 Parganas,133,N24P-133,164,Panchayat Bhavan 164,378,385,0,763,50.46,81,10.6,406,115,5,579,P1,291,70.1,19.9,335,182,579,P1,False,D,4,,0,321,
North 24 Parganas,133,N24P-133,165,High School 165,283,274,0,557,49.19,39,7.0,289,135,4,471,P1,154,61.4,28.7,252,91,447,P1,False,B,3,,0,234,
North 24 Parganas,133,N24P-133,166,Panchayat Bhavan 166,378,342,1,721,47.43,53,7.4,373,190,6,625,P1,183,59.7,30.4,348,186,617,P1,False,B,3,,0,303,
North 24 Parganas,133,N24P-133,167,Temple Hall 167,371,358,0,729,49.11,49,6.7,363,189,6,613,P1,174,59.2,30.8,358,162,578,P1,False,B,3,,0,307,
North 24 Parganas,133,N24P-133,168,Health Sub-Centre 168,276,266,0,542,49.08,34,6.3,245,99,8,425,P1,146,57.6,23.3,229,138,455,P1,False,B,3,,0,228,
North 24 Parganas,133,N24P-133,169,Community Hall 169,297,290,1,588,49.32,48,8.2,309,131,2,489,P1,178,63.2,26.8,278,125,447,P1,False,B,3,,0,247,
North 24 Parganas,133,N24P-133,170,Post Office 170,298,278,1,577,48.18,43,7.5,233,109,11,500,P1,91,46.6,21.8,274,156,478,P1,False,B,3,,0,243,
North 24 Parganas,133,N24P-133,171,Primary School 171,271,247,1,519,47.59,60,11.6,265,106,3,412,P1,159,64.3,25.7,234,79,449,P1,False,D,4,,0,218,
North 24 Parganas,133,N24P-133,172,Primary School 172,295,295,1,591,49.92,60,10.2,285,163,2,498,P1,122,57.2,32.7,303,154,508,P1,False,D,4,,0,249,
North 24 Parganas,133,N24P-133,173,Primary School 173,338,329,1,668,49.25,59,8.8,332,141,2,548,P1,191,60.6,25.7,280,157,518,P1,False,B,3,,0,281,
North 24 Parganas,133,N24P-133,174,Anganwadi Centre 174,302,306,0,608,50.33,59,9.7,222,153,7,469,P1,69,47.3,32.6,306,140,495,P1,False,B,3,,0,256,
North 24 Parganas,133,N24P-133,175,Panchayat Bhavan 175,289,291,1,581,50.09,45,7.7,312,115,5,489,P1,197,63.8,23.5,316,87,448,P1,False,B,3,,0,245,
North 24 Parganas,133,N24P-133,176,Madrasa 176,284,262,0,546,47.99,61,11.2,227,162,5,434,P1,65,52.3,37.3,302,115,464,P1,False,D,4,,0,230,
North 24 Parganas,133,N24P-133,177,Primary School 177,269,262,1,532,49.25,60,11.3,222,146,1,409,P1,76,54.3,35.7,189,106,418,P1,False,D,4,,0,224,
North 24 Parganas,133,N24P-133,178,Panchayat Bhavan 178,408,387,0,795,48.68,69,8.7,364,211,6,649,P1,153,56.1,32.5,349,158,615,P1,False,B,3,,0,335,
North 24 Parganas,133,N24P-133,179,Market Building 179,313,293,0,606,48.35,49,8.1,273,140,3,459,P1,133,59.5,30.5,259,128,514,P1,False,B,3,,0,255,
North 24 Parganas,133,N24P-133,180,Health Sub-Centre 180,328,338,0,666,50.75,61,9.2,282,107,13,507,P1,175,55.6,21.1,243,176,548,P1,False,B,3,,0,280,
North 24 Parganas,133,N24P-133,181,Panchayat Bhavan 181,404,391,0,795,49.18,72,9.1,418,144,7,633,P1,274,66.0,22.7,367,201,631,P1,False,A,1,,0,335,
North 24 Parganas,133,N24P-133,182,Panchayat Bhavan 182,300,286,1,587,48.72,68,11.6,274,131,3,450,P1,143,60.9,29.1,290,143,481,P1,False,D,4,,0,247,
North 24 Parganas,133,N24P-133,183,Madrasa 183,425,392,0,817,47.98,83,10.2,355,204,3,621,P1,151,57.2,32.9,423,200,693,P1,False,D,4,,0,344,
North 24 Parganas,133,N24P-133,184,Anganwadi Centre 184,396,364,1,761,47.83,82,10.8,379,122,5,578,P1,257,65.6,21.1,365,216,652,P1,False,D,4,,0,320,
North 24 Parganas,133,N24P-133,185,Madrasa 185,387,350,0,737,47.49,72,9.8,326,214,5,624,P1,112,52.2,34.3,357,131,601,P1,False,B,3,,0,310,
North 24 Parganas,133,N24P-133,186,Madrasa 186,409,384,1,794,48.36,59,7.4,381,220,5,667,P1,161,57.1,33.0,344,203,608,P1,False,B,3,,0,334,
North 24 Parganas,133,N24P-133,187,Community Hall 187,351,338,1,690,48.99,60,8.7,284,166,9,542,P1,118,52.4,30.6,358,132,578,P1,False,B,3,,0,290,
