district,ac_code,ac_name,part_no,booth_name,male,female,third_gender,total,female_pct,adj_count,adj_pct,votes_P1_2021,votes_P2_2021,votes_P3_2021,total_votes_2021,winner_2021,margin_2021,P1_share_2021,P2_share_2021,votes_P1_2019,votes_P2_2019,total_votes_2019,winner_2019,flipped_19_21,booth_category,priority_score,worker_assigned,contact_count,votes_to_win_est,notes
South 24 Parganas,201,S24P-201,1,Post Office 1,310,293,1,604,48.51,94,15.6,221,108,10,481,P1,84,45.9,22.5,293,130,470,P1,False,D,4,,0,257,
South 24 Parganas,201,S24P-201,2,Govt Office 2,354,339,0,693,48.92,94,13.6,395,121,6,573,P1,274,68.9,21.1,411,113,582,P1,False,D,4,,0,295,
South 24 Parganas,201,S24P-201,3,Post Office 3,399,393,1,793,49.56,143,18.0,440,156,6,663,P1,284,66.4,23.5,404,159,625,P1,False,D,4,,0,338,
South 24 Parganas,201,S24P-201,4,Health Sub-Centre 4,313,288,1,602,47.84,66,11.0,349,86,4,484,P1,263,72.1,17.8,284,140,481,P1,False,D,4,,0,256,
South 24 Parganas,201,S24P-201,5,Health Sub-Centre 5,279,261,0,540,48.33,74,13.7,276,110,5,428,P1,166,64.5,25.7,286,119,451,P1,False,D,4,,0,230,
South 24 Parganas,201,S24P-201,6,Post Office 6,328,335,0,663,50.53,71,10.7,326,82,10,523,P1,226,62.3,15.7,363,141,560,P1,False,D,4,,0,282,
South 24 Parganas,201,S24P-201,7,Govt Office 7,265,252,0,517,48.74,57,11.0,293,94,2,430,P1,199,68.1,21.9,274,87,401,P1,False,D,4,,0,220,
South 24 Parganas,201,S24P-201,8,Market Building 8,319,295,0,614,48.05,101,16.4,246,140,10,525,P1,106,46.9,26.7,298,141,488,P1,False,D,4,,0,261,
South 24 Parganas,201,S24P-201,9,Health Sub-Centre 9,315,294,0,609,48.28,64,10.5,268,118,12,499,P1,150,53.7,23.6,280,111,481,P1,False,D,4,,0,259,
South 24 Parganas,201,S24P-201,10,Post Office 10,286,267,0,553,48.28,90,16.3,258,136,8,469,P1,122,55.0,29.0,263,121,427,P1,False,D,4,,0,235,
South 24 Parganas,201,S24P-201,11,Health Sub-Centre 11,249,232,1,482,48.13,82,17.0,225,85,5,374,P1,140,60.2,22.7,274,40,400,P1,False,D,4,,0,205,
South 24 Parganas,201,S24P-201,12,Health Sub-Centre 12,400,371,1,772,48.06,147,19.0,393,205,5,664,P1,188,59.2,30.9,469,78,607,P1,False,D,4,,0,329,
South 24 Parganas,201,S24P-201,13,Community Hall 13,392,400,0,792,50.51,115,14.5,383,137,9,656,P1,246,58.4,20.9,304,154,630,P1,False,D,4,,0,337,
South 24 Parganas,201,S24P-201,14,Govt Office 14,325,328,0,653,50.23,70,10.7,382,92,2,527,P1,290,72.5,17.5,300,157,509,P1,False,D,4,,0,278,
South 24 Parganas,201,S24P-201,15,Market Building 15,384,350,0,734,47.68,127,17.3,322,189,2,568,P1,133,56.7,33.3,347,176,586,P1,False,D,4,,0,313,
South 24 Parganas,201,S24P-201,16,Community Hall 16,381,344,1,726,47.38,112,15.4,340,162,3,563,P1,178,60.4,28.8,310,194,562,P1,False,D,4,,0,309,
South 24 Parganas,201,S24P-201,17,High School 17,386,357,0,743,48.05,111,14.9,396,149,5,606,P1,247,65.3,24.6,369,163,642,P1,False,D,4,,0,316,
South 24 Parganas,201,S24P-201,18,Post Office 18,245,246,0,491,50.1,84,17.1,271,80,5,390,P1,191,69.5,20.5,195,76,379,P1,False,D,4,,0,209,
South 24 Parganas,201,S24P-201,19,Madrasa 19,330,300,0,630,47.62,86,13.7,315,84,7,554,P1,172,56.9,15.2,315,153,521,P1,False,D,4,,0,268,
South 24 Parganas,201,S24P-201,20,Anganwadi Centre 20,270,250,1,521,47.98,88,16.9,246,135,7,439,P1,111,56.0,30.8,226,142,409,P1,False,D,4,,0,222,
South 24 Parganas,201,S24P-201,21,Anganwadi Centre 21,333,318,0,651,48.85,119,18.3,320,137,8,525,P1,183,61.0,26.1,338,140,531,P1,False,D,4,,0,277,
South 24 Parganas,201,S24P-201,22,Club Building 22,304,313,1,618,50.65,88,14.2,363,121,2,538,P1,242,67.5,22.5,258,162,483,P1,False,D,4,,0,263,
South 24 Parganas,201,S24P-201,23,Govt Office 23,397,394,0,791,49.81,118,14.9,422,175,7,663,P1,247,63.7,26.4,353,174,652,P1,False,D,4,,0,337,
South 24 Parganas,201,S24P-201,24,Govt Office 24,277,256,0,533,48.03,72,13.5,208,78,14,411,P1,100,50.6,19.0,261,136,441,P1,False,D,4,,0,227,
South 24 Parganas,201,S24P-201,25,Health Sub-Centre 25,383,345,0,728,47.39,115,15.8,329,134,8,573,P1,195,57.4,23.4,355,142,570,P1,False,D,4,,0,310,
South 24 Parganas,201,S24P-201,26,High School 26,371,380,0,751,50.6,112,14.9,318,153,8,609,P1,165,52.2,25.1,390,153,603,P1,False,D,4,,0,320,
South 24 Parganas,201,S24P-201,27,Govt Office 27,400,406,1,807,50.31,156,19.3,472,150,4,691,P1,322,68.3,21.7,438,123,623,P1,False,D,4,,0,344,
South 24 Parganas,201,S24P-201,28,Panchayat Bhavan 28,310,308,1,619,49.76,66,10.7,317,174,2,546,P1,143,58.1,31.9,300,160,522,P1,False,D,4,,0,264,
South 24 Parganas,201,S24P-201,29,Post Office 29,257,237,0,494,47.98,92,18.6,278,110,2,431,P1,168,64.5,25.5,203,101,393,P1,False,D,4,,0,210,
South 24 Parganas,201,S24P-201,30,Primary School 30,319,318,1,638,49.84,103,16.1,322,119,6,490,P1,203,65.7,24.3,298,148,561,P1,False,D,4,,0,272,
South 24 Parganas,201,S24P-201,31,Temple Hall 31,421,383,1,805,47.58,155,19.3,357,182,7,643,P1,175,55.5,28.3,387,148,625,P1,False,D,4,,0,343,
South 24 Parganas,201,S24P-201,32,Temple Hall 32,311,302,0,613,49.27,95,15.5,322,153,4,528,P1,169,61.0,29.0,251,133,487,P1,False,D,4,,0,261,
South 24 Parganas,201,S24P-201,33,Panchayat Bhavan 33,380,389,0,769,50.59,106,13.8,327,165,4,592,P1,162,55.2,27.9,394,187,645,P1,False,D,4,,0,327,
South 24 Parganas,201,S24P-201,34,Primary School 34,395,400,0,795,50.31,141,17.7,389,237,6,696,P1,152,55.9,34.1,367,162,659,P1,False,D,4,,0,339,
South 24 Parganas,201,S24P-201,35,Market Building 35,251,247,0,498,49.6,94,18.9,249,109,4,398,P1,140,62.6,27.4,267,115,425,P1,False,D,4,,0,212,
South 24 Parganas,201,S24P-201,36,Club Building 36,348,319,1,668,47.75,103,15.4,386,133,2,577,P1,253,66.9,23.1,326,147,525,P1,False,D,4,,0,284,
South 24 Parganas,201,S24P-201,37,Club Building 37,306,303,1,610,49.67,87,14.3,343,94,9,521,P1,249,65.8,18.0,283,166,499,P1,False,D,4,,0,260,
South 24 Parganas,201,S24P-201,38,Madrasa 38,288,281,0,569,49.38,85,14.9,266,143,3,455,P1,123,58.5,31.4,282,142,472,P1,False,D,4,,0,242,
South 24 Parganas,201,S24P-201,39,Market Building 39,249,233,1,483,48.24,88,18.2,246,66,6,390,P1,177,63.1,16.9,267,107,415,P1,False,D,4,,0,206,
South 24 Parganas,201,S24P-201,40,Anganwadi Centre 40,382,381,1,764,49.87,117,15.3,372,180,2,614,P1,192,60.6,29.3,388,177,628,P1,False,D,4,,0,325,
South 24 Parganas,201,S24P-201,41,Temple Hall 41,428,392,0,820,47.8,112,13.7,428,151,9,672,P1,277,63.7,22.5,415,217,702,P1,False,D,4,,0,349,
South 24 Parganas,201,S24P-201,42,Community Hall 42,317,284,0,601,47.25,78,13.0,280,166,6,497,P1,114,56.3,33.4,288,131,524,P1,False,D,4,,0,256,
South 24 Parganas,201,S24P-201,43,Health Sub-Centre 43,390,386,1,777,49.68,93,12.0,443,121,5,627,P1,322,70.7,19.3,503,113,684,P1,False,D,4,,0,331,
South 24 Parganas,201,S24P-201,44,Health Sub-Centre 44,414,399,1,814,49.02,124,15.2,421,152,5,710,P1,269,59.3,21.4,417,97,668,P1,False,D,4,,0,347,
South 24 Parganas,201,S24P-201,45,Club Building 45,372,359,1,732,49.04,117,16.0,390,128,4,576,P1,262,67.7,22.2,377,161,620,P1,False,D,4,,0,312,
South 24 Parganas,201,S24P-201,46,Govt Office 46,380,355,0,735,48.3,110,15.0,436,139,3,639,P1,297,68.2,21.8,399,158,619,P1,False,D,4,,0,313,
South 24 Parganas,201,S24P-201,47,Community Hall 47,399,404,1,804,50.25,148,18.4,459,139,2,664,P1,320,69.1,20.9,455,114,632,P1,False,D,4,,0,342,
South 24 Parganas,201,S24P-201,48,Community Hall 48,372,346,1,719,48.12,109,15.2,407,96,6,559,P1,311,72.8,17.2,308,168,623,P1,False,D,4,,0,306,
South 24 Parganas,201,S24P-201,49,Anganwadi Centre 49,410,368,1,779,47.24,132,16.9,335,141,8,632,P1,193,53.0,22.3,270,150,616,P1,False,D,4,,0,332,
South 24 Parganas,201,S24P-201,50,Community Hall 50,325,292,0,617,47.33,82,13.3,321,154,6,538,P1,167,59.7,28.6,332,101,482,P1,False,D,4,,0,263,
South 24 Parganas,201,S24P-201,51,Madrasa 51,357,366,0,723,50.62,96,13.3,329,210,7,604,P1,119,54.5,34.8,343,162,617,P1,False,D,4,,0,308,
South 24 Parganas,201,S24P-201,52,Temple Hall 52,275,268,0,543,49.36,70,12.9,249,71,5,419,P1,160,59.4,16.9,273,155,475,P1,False,D,4,,0,231,
South 24 Parganas,201,S24P-201,53,Post Office 53,296,304,1,601,50.58,65,10.8,329,103,2,495,P1,226,66.5,20.8,258,80,480,P1,False,D,4,,0,256,
South 24 Parganas,201,S24P-201,54,Club Building 54,303,312,0,615,50.73,114,18.5,373,114,3,541,P1,259,68.9,21.1,382,94,529,P1,False,D,4,,0,262,
South 24 Parganas,201,S24P-201,55,Health Sub-Centre 55,332,333,0,665,50.08,112,16.8,313,179,6,552,P1,134,56.7,32.4,352,139,546,P1,False,D,4,,0,283,
South 24 Parganas,201,S24P-201,56,High School 56,329,321,1,651,49.31,91,14.0,339,121,6,555,P1,218,61.1,21.8,352,117,521,P1,False,D,4,,0,277,
South 24 Parganas,201,S24P-201,57,Post Office 57,389,393,1,783,50.19,110,14.0,427,142,2,632,P1,285,67.6,22.5,431,145,640,P1,False,D,4,,0,333,
South 24 Parganas,201,S24P-201,58,High School 58,302,288,1,591,48.73,84,14.2,267,146,3,488,P1,121,54.7,29.9,339,118,508,P1,False,D,4,,0,252,
South 24 Parganas,201,S24P-201,59,Market Building 59,393,354,0,747,47.39,124,16.6,410,109,5,577,P1,301,71.1,18.9,361,186,608,P1,False,D,4,,0,318,
South 24 Parganas,201,S24P-201,60,Market Building 60,373,379,0,752,50.4,140,18.6,429,164,5,658,P1,265,65.2,24.9,396,200,664,P1,False,D,4,,0,320,
South 24 Parganas,201,S24P-201,61,Temple Hall 61,382,348,1,731,47.61,129,17.6,315,181,7,567,P1,134,55.6,31.9,286,149,576,P1,False,D,4,,0,311,
South 24 Parganas,201,S24P-201,62,Market Building 62,286,258,1,545,47.34,104,19.1,267,136,3,448,P1,131,59.6,30.4,263,97,467,P1,False,D,4,,0,232,
South 24 Parganas,201,S24P-201,63,Anganwadi Centre 63,374,343,0,717,47.84,116,16.2,396,114,4,629,P1,282,63.0,18.1,328,186,603,P1,False,D,4,,0,305,
South 24 Parganas,201,S24P-201,64,Anganwadi Centre 64,370,349,1,720,48.47,111,15.4,374,165,7,599,P1,209,62.4,27.5,381,161,602,P1,False,D,4,,0,307,
South 24 Parganas,201,S24P-201,65,Madrasa 65,355,326,1,682,47.8,88,12.9,287,197,4,538,P1,90,53.3,36.6,333,171,563,P1,False,D,4,,0,290,
South 24 Parganas,201,S24P-201,66,Temple Hall 66,402,416,1,819,50.79,109,13.3,452,172,3,693,P1,280,65.2,24.8,306,204,658,P1,False,D,4,,0,349,
South 24 Parganas,201,S24P-201,67,Club Building 67,378,382,1,761,50.2,141,18.5,368,91,11,620,P1,224,59.4,14.7,380,136,650,P1,False,D,4,,0,324,
South 24 Parganas,201,S24P-201,68,Panchayat Bhavan 68,328,297,0,625,47.52,85,13.6,324,123,2,497,P1,201,65.2,24.7,348,100,497,P1,False,D,4,,0,266,
South 24 Parganas,201,S24P-201,69,Community Hall 69,303,295,1,599,49.25,83,13.9,339,106,4,495,P1,233,68.5,21.4,278,137,461,P1,False,D,4,,0,255,
South 24 Parganas,201,S24P-201,70,Primary School 70,290,276,1,567,48.68,70,12.3,298,113,5,457,P1,185,65.2,24.7,294,136,496,P1,False,D,4,,0,241,
South 24 Parganas,201,S24P-201,71,Temple Hall 71,307,308,0,615,50.08,90,14.6,335,82,5,494,P1,253,67.8,16.6,258,109,491,P1,False,D,4,,0,262,
South 24 Parganas,201,S24P-201,72,Community Hall 72,398,398,0,796,50.0,152,19.1,472,151,7,692,P1,321,68.2,21.8,411,169,645,P1,False,D,4,,0,339,
South 24 Parganas,201,S24P-201,73,Anganwadi Centre 73,303,303,0,606,50.0,103,17.0,290,158,6,519,P1,132,55.9,30.4,328,96,472,P1,False,D,4,,0,258,
South 24 Parganas,201,S24P-201,74,Madrasa 74,338,314,0,652,48.16,102,15.6,340,133,2,525,P1,207,64.8,25.3,348,87,574,P1,False,D,4,,0,278,
South 24 Parganas,201,S24P-201,75,Panchayat Bhavan 75,356,334,1,691,48.34,88,12.7,400,79,2,533,P1,321,75.0,14.8,396,82,531,P1,False,D,4,,0,294,
South 24 Parganas,201,S24P-201,76,High School 76,376,365,1,742,49.19,114,15.4,409,125,3,593,P1,284,69.0,21.1,326,130,616,P1,False,D,4,,0,316,
South 24 Parganas,201,S24P-201,77,Market Building 77,248,234,1,483,48.45,68,14.1,260,124,4,427,P1,136,60.9,29.0,177,110,388,P1,False,D,4,,0,206,
South 24 Parganas,201,S24P-201,78,Temple Hall 78,253,245,1,499,49.1,87,17.4,211,159,2,419,P1,52,50.4,37.9,215,99,422,P1,False,D,4,,0,212,
South 24 Parganas,201,S24P-201,79,Temple Hall 79,348,348,1,697,49.93,110,15.8,369,158,4,585,P1,211,63.1,27.0,353,133,540,P1,False,D,4,,0,297,
South 24 Parganas,201,S24P-201,80,Govt Office 80,336,327,0,663,49.32,80,12.1,285,166,12,577,P1,119,49.4,28.8,322,146,573,P1,False,D,4,,0,282,
South 24 Parganas,201,S24P-201,81,Community Hall 81,377,340,0,717,47.42,93,13.0,381,157,6,598,P1,224,63.7,26.3,364,175,598,P1,False,D,4,,0,305,
South 24 Parganas,201,S24P-201,82,Govt Office 82,399,407,1,807,50.43,141,17.5,404,192,6,663,P1,212,60.9,29.0,432,201,712,P1,False,D,4,,0,344,
South 24 Parganas,201,S24P-201,83,Club Building 83,281,278,0,559,49.73,89,15.9,266,142,4,470,P1,124,56.6,30.2,357,80,486,P1,False,D,4,,0,238,
South 24 Parganas,201,S24P-201,84,High School 84,298,305,1,604,50.5,89,14.7,402,61,4,514,P1,341,78.2,11.9,332,138,522,P1,False,D,4,,0,257,
South 24 Parganas,201,S24P-201,85,Panchayat Bhavan 85,333,312,0,645,48.37,115,17.8,436,75,3,568,P1,361,76.8,13.2,403,72,528,P1,False,D,4,,0,275,
South 24 Parganas,201,S24P-201,86,High School 86,308,309,1,618,50.0,93,15.0,267,163,3,478,P1,104,55.9,34.1,326,148,539,P1,False,D,4,,0,263,
South 24 Parganas,201,S24P-201,87,Club Building 87,366,373,1,740,50.41,117,15.8,349,142,5,614,P1,207,56.8,23.1,362,139,653,P1,False,D,4,,0,315,
South 24 Parganas,201,S24P-201,88,Anganwadi Centre 88,259,261,1,521,50.1,57,10.9,228,110,4,441,P1,118,51.7,24.9,234,125,460,P1,False,D,4,,0,222,
South 24 Parganas,201,S24P-201,89,Primary School 89,353,340,0,693,49.06,120,17.3,349,170,6,584,P1,179,59.8,29.1,391,136,585,P1,False,D,4,,0,295,
South 24 Parganas,201,S24P-201,90,Govt Office 90,256,233,0,489,47.65,91,18.6,261,104,4,412,P1,157,63.3,25.2,321,51,414,P1,False,D,4,,0,208,
South 24 Parganas,201,S24P-201,91,Anganwadi Centre 91,283,270,1,554,48.74,91,16.4,229,106,15,471,P1,113,48.6,22.5,261,126,430,P1,False,D,4,,0,236,
South 24 Parganas,201,S24P-201,92,Temple Hall 92,368,361,1,730,49.45,81,11.1,451,84,2,594,P1,367,75.9,14.1,408,130,598,P1,False,D,4,,0,311,
South 24 Parganas,201,S24P-201,93,Club Building 93,322,314,1,637,49.29,103,16.2,283,160,4,492,P1,123,57.5,32.5,370,124,549,P1,False,D,4,,0,271,
South 24 Parganas,201,S24P-201,94,Community Hall 94,317,326,1,644,50.62,124,19.3,266,148,9,504,P1,118,52.8,29.4,294,112,508,P1,False,D,4,,0,274,
South 24 Parganas,201,S24P-201,95,Primary School 95,335,318,0,653,48.7,72,11.0,297,154,4,527,P1,143,56.4,29.2,262,125,509,P1,False,D,4,,0,278,
South 24 Parganas,201,S24P-201,96,Health Sub-Centre 96,265,249,1,515,48.35,83,16.1,285,86,3,412,P1,199,69.2,20.9,258,100,402,P1,False,D,4,,0,219,
South 24 Parganas,201,S24P-201,97,Primary School 97,274,259,1,534,48.5,100,18.7,290,106,5,441,P1,184,65.8,24.0,325,66,434,P1,False,D,4,,0,227,
South 24 Parganas,201,S24P-201,98,Club Building 98,255,245,0,500,49.0,92,18.4,253,116,2,413,P1,137,61.3,28.1,253,136,432,P1,False,D,4,,0,213,
South 24 Parganas,201,S24P-201,99,Temple Hall 99,346,339,1,686,49.42,81,11.8,323,184,4,563,P1,139,57.4,32.7,374,100,592,P1,False,D,4,,0,292,
South 24 Parganas,201,S24P-201,100,Market Building 100,386,399,1,786,50.76,136,17.3,383,171,3,615,P1,212,62.3,27.8,390,210,666,P1,False,D,4,,0,335,
South 24 Parganas,201,S24P-201,101,High School 101,384,352,1,737,47.76,141,19.1,377,126,5,607,P1,251,62.1,20.8,360,71,574,P1,False,D,4,,0,314,
South 24 Parganas,201,S24P-201,102,Club Building 102,300,277,0,577,48.01,110,19.1,281,106,4,457,P1,175,61.5,23.2,313,96,497,P1,False,D,4,,0,246,
South 24 Parganas,201,S24P-201,103,Health Sub-Centre 103,390,365,0,755,48.34,86,11.4,409,164,4,648,P1,245,63.1,25.3,316,183,606,P1,False,D,4,,0,322,
South 24 Parganas,201,S24P-201,104,Community Hall 104,255,246,0,501,49.1,89,17.8,229,91,5,409,P1,138,56.0,22.2,251,106,410,P1,False,D,4,,0,213,
South 24 Parganas,201,S24P-201,105,Health Sub-Centre 105,267,273,1,541,50.46,96,17.7,302,81,3,426,P1,221,70.9,19.0,289,129,470,P1,False,D,4,,0,230,
South 24 Parganas,201,S24P-201,106,Club Building 106,371,381,1,753,50.6,127,16.9,348,209,7,619,P1,139,56.2,33.8,375,124,624,P1,False,D,4,,0,321,
South 24 Parganas,201,S24P-201,107,Govt Office 107,295,295,1,591,49.92,86,14.6,285,158,4,492,P1,127,57.9,32.1,276,139,471,P1,False,D,4,,0,252,
South 24 Parganas,201,S24P-201,108,High School 108,299,303,0,602,50.33,73,12.1,335,119,6,504,P1,216,66.5,23.6,237,84,465,P1,False,D,4,,0,256,
South 24 Parganas,201,S24P-201,109,High School 109,380,348,0,728,47.8,82,11.3,317,145,5,608,P1,172,52.1,23.8,354,137,559,P1,False,D,4,,0,310,
South 24 Parganas,201,S24P-201,110,Primary School 110,270,243,1,514,47.28,100,19.5,251,51,6,414,P1,150,60.6,12.3,288,78,407,P1,False,D,4,,0,219,
South 24 Parganas,201,S24P-201,111,Primary School 111,257,264,0,521,50.67,100,19.2,261,123,2,432,P1,138,60.4,28.5,230,98,448,P1,False,D,4,,0,222,
South 24 Parganas,201,S24P-201,112,Market Building 112,266,247,1,514,48.05,85,16.5,270,91,3,401,P1,179,67.3,22.7,268,86,414,P1,False,D,4,,0,219,
South 24 Parganas,201,S24P-201,113,Health Sub-Centre 113,274,278,1,553,50.27,107,19.3,250,118,8,478,P1,132,52.3,24.7,311,93,449,P1,False,D,4,,0,235,
South 24 Parganas,201,S24P-201,114,Govt Office 114,312,298,0,610,48.85,98,16.1,318,113,5,478,P1,205,66.5,23.6,277,143,467,P1,False,D,4,,0,260,
South 24 Parganas,201,S24P-201,115,Community Hall 115,418,385,0,803,47.95,126,15.7,355,240,7,661,P1,115,53.7,36.3,341,266,674,P1,False,D,4,,0,342,
South 24 Parganas,201,S24P-201,116,Panchayat Bhavan 116,335,307,0,642,47.82,112,17.4,339,131,2,522,P1,208,64.9,25.1,303,155,540,P1,False,D,4,,0,273,
South 24 Parganas,201,S24P-201,117,Anganwadi Centre 117,340,350,1,691,50.65,100,14.5,352,146,9,610,P1,206,57.7,23.9,342,120,597,P1,False,D,4,,0,294,
South 24 Parganas,201,S24P-201,118,Madrasa 118,240,245,0,485,50.52,81,16.7,226,128,3,393,P1,98,57.5,32.6,229,144,415,P1,False,D,4,,0,207,
South 24 Parganas,201,S24P-201,119,Market Building 119,341,320,0,661,48.41,73,11.0,311,146,7,549,P1,165,56.6,26.6,352,74,541,P1,False,D,4,,0,281,
South 24 Parganas,201,S24P-201,120,Health Sub-Centre 120,365,359,1,725,49.52,78,10.8,382,168,7,611,P1,214,62.5,27.5,384,130,571,P1,False,D,4,,0,309,
South 24 Parganas,201,S24P-201,121,Anganwadi Centre 121,414,405,1,820,49.39,116,14.1,364,171,11,637,P1,193,57.1,26.8,469,105,657,P1,False,D,4,,0,349,
South 24 Parganas,201,S24P-201,122,Club Building 122,402,372,1,775,48.0,115,14.8,357,136,9,620,P1,221,57.6,21.9,378,197,655,P1,False,D,4,,0,330,
South 24 Parganas,201,S24P-201,123,Club Building 123,382,368,0,750,49.07,106,14.1,315,161,6,614,P1,154,51.3,26.2,376,149,583,P1,False,D,4,,0,319,
South 24 Parganas,201,S24P-201,124,Market Building 124,392,352,0,744,47.31,132,17.7,452,124,4,639,P1,328,70.7,19.4,380,170,612,P1,False,D,4,,0,317,
South 24 Parganas,201,S24P-201,125,Health Sub-Centre 125,308,318,1,627,50.72,72,11.5,276,112,7,521,P1,154,53.0,21.5,334,116,519,P1,False,D,4,,0,267,
South 24 Parganas,201,S24P-201,126,Temple Hall 126,271,244,1,516,47.29,85,16.5,208,129,4,395,P1,79,52.7,32.7,272,93,405,P1,False,D,4,,0,220,
South 24 Parganas,201,S24P-201,127,Govt Office 127,365,353,0,718,49.16,103,14.3,406,141,5,608,P1,265,66.8,23.2,416,124,633,P1,False,D,4,,0,306,
South 24 Parganas,201,S24P-201,128,Panchayat Bhavan 128,396,380,1,777,48.91,135,17.4,415,148,7,626,P1,267,66.3,23.6,394,119,596,P1,False,D,4,,0,331,
South 24 Parganas,201,S24P-201,129,Community Hall 129,346,355,1,702,50.57,100,14.2,292,209,4,572,P1,83,51.0,36.5,263,156,586,P1,False,D,4,,0,299,
South 24 Parganas,201,S24P-201,130,Club Building 130,301,297,1,599,49.58,68,11.4,280,141,4,506,P1,139,55.3,27.9,286,98,511,P1,False,D,4,,0,255,
South 24 Parganas,201,S24P-201,131,Govt Office 131,338,307,0,645,47.6,102,15.8,323,136,5,510,P1,187,63.3,26.7,271,169,517,P1,False,D,4,,0,275,
South 24 Parganas,201,S24P-201,132,Health Sub-Centre 132,351,317,1,669,47.38,125,18.7,341,147,8,575,P1,194,59.3,25.6,395,106,557,P1,False,D,4,,0,285,
South 24 Parganas,201,S24P-201,133,Panchayat Bhavan 133,324,301,1,626,48.08,77,12.3,304,143,3,497,P1,161,61.2,28.8,320,123,498,P1,False,D,4,,0,267,
South 24 Parganas,201,S24P-201,134,Market Building 134,403,415,1,819,50.67,92,11.2,418,198,3,685,P1,220,61.0,28.9,445,185,700,P1,False,D,4,,0,349,
South 24 Parganas,201,S24P-201,135,High School 135,308,318,0,626,50.8,105,16.8,232,149,18,532,P1,83,43.6,28.0,272,152,529,P1,False,D,4,,0,267,
South 24 Parganas,201,S24P-201,136,High School 136,292,290,1,583,49.74,64,11.0,314,121,2,483,P1,193,65.0,25.1,312,115,475,P1,False,D,4,,0,248,
South 24 Parganas,201,S24P-201,137,Club Building 137,382,343,0,725,47.31,92,12.7,387,133,5,578,P1,254,67.0,23.0,337,184,620,P1,False,D,4,,0,309,
South 24 Parganas,201,S24P-201,138,Market Building 138,341,341,1,683,49.93,108,15.8,361,71,4,544,P1,259,66.4,13.1,315,178,548,P1,False,D,4,,0,291,
South 24 Parganas,201,S24P-201,139,Health Sub-Centre 139,246,252,1,499,50.5,72,14.4,253,109,3,409,P1,144,61.9,26.7,246,70,395,P1,False,D,4,,0,212,
South 24 Parganas,201,S24P-201,140,High School 140,302,300,0,602,49.83,90,15.0,235,146,3,488,P1,89,48.2,29.9,325,125,500,P1,False,D,4,,0,256,
South 24 Parganas,201,S24P-201,141,Club Building 141,308,303,0,611,49.59,94,15.4,319,158,6,532,P1,161,60.0,29.7,286,118,491,P1,False,D,4,,0,260,
South 24 Parganas,201,S24P-201,142,Panchayat Bhavan 142,384,369,0,753,49.0,108,14.3,419,152,3,634,P1,267,66.1,24.0,453,108,623,P1,False,D,4,,0,321,
South 24 Parganas,201,S24P-201,143,Post Office 143,289,259,0,548,47.26,99,18.1,254,124,6,432,P1,130,58.8,28.7,260,159,466,P1,False,D,4,,0,233,
South 24 Parganas,201,S24P-201,144,Panchayat Bhavan 144,306,303,1,610,49.67,110,18.0,267,104,5,498,P1,150,53.6,20.9,286,142,475,P1,False,D,4,,0,260,
South 24 Parganas,201,S24P-201,145,Market Building 145,413,385,0,798,48.25,101,12.7,389,150,3,618,P1,239,62.9,24.3,411,180,657,P1,False,D,4,,0,340,
South 24 Parganas,201,S24P-201,146,Post Office 146,312,297,1,610,48.69,64,10.5,378,88,5,518,P1,290,73.0,17.0,304,107,467,P1,False,D,4,,0,260,
South 24 Parganas,201,S24P-201,147,Market Building 147,391,376,0,767,49.02,123,16.0,407,146,2,614,P1,261,66.3,23.8,353,178,597,P1,False,D,4,,0,327,
South 24 Parganas,201,S24P-201,148,Community Hall 148,276,269,1,546,49.27,100,18.3,296,94,3,434,P1,202,68.2,21.7,266,102,425,P1,False,D,4,,0,233,
South 24 Parganas,201,S24P-201,149,Govt Office 149,274,266,1,541,49.17,77,14.2,286,128,2,475,P1,158,60.2,26.9,318,100,464,P1,False,D,4,,0,230,
South 24 Parganas,201,S24P-201,150,Panchayat Bhavan 150,335,328,1,664,49.4,91,13.7,343,125,6,520,P1,218,66.0,24.0,386,139,583,P1,False,D,4,,0,283,
South 24 Parganas,201,S24P-201,151,Primary School 151,391,397,1,789,50.32,140,17.7,385,89,14,618,P1,262,62.3,14.4,396,143,610,P1,False,D,4,,0,336,
South 24 Parganas,201,S24P-201,152,Primary School 152,389,387,0,776,49.87,121,15.6,357,186,4,603,P1,171,59.2,30.8,386,195,646,P1,False,D,4,,0,330,
South 24 Parganas,201,S24P-201,153,High School 153,390,401,1,792,50.63,153,19.3,421,172,6,662,P1,249,63.6,26.0,395,167,686,P1,False,D,4,,0,337,
South 24 Parganas,201,S24P-201,154,Anganwadi Centre 154,277,267,0,544,49.08,91,16.7,274,105,1,421,P1,169,65.1,24.9,232,115,432,P1,False,D,4,,0,232,
South 24 Parganas,201,S24P-201,155,Post Office 155,321,302,0,623,48.48,116,18.6,312,153,2,521,P1,159,59.9,29.4,356,136,547,P1,False,D,4,,0,265,
South 24 Parganas,201,S24P-201,156,Panchayat Bhavan 156,281,290,1,572,50.7,101,17.7,290,125,9,500,P1,165,58.0,25.0,268,123,484,P1,False,D,4,,0,244,
South 24 Parganas,201,S24P-201,157,Anganwadi Centre 157,366,362,0,728,49.73,134,18.4,360,90,6,601,P1,221,59.9,15.0,378,139,574,P1,False,D,4,,0,310,
South 24 Parganas,201,S24P-201,158,Madrasa 158,302,305,1,608,50.16,84,13.8,240,163,6,466,P1,77,51.5,35.0,308,111,480,P1,False,D,4,,0,259,
South 24 Parganas,201,S24P-201,159,Market Building 159,290,273,0,563,48.49,100,17.8,278,113,3,434,P1,165,64.1,26.0,312,112,471,P1,False,D,4,,0,240,
South 24 Parganas,201,S24P-201,160,Market Building 160,287,278,1,566,49.12,75,13.3,264,140,5,489,P1,124,54.0,28.6,244,126,446,P1,False,D,4,,0,241,
South 24 Parganas,201,S24P-201,161,Temple Hall 161,378,386,0,764,50.52,80,10.5,346,249,3,661,P1,97,52.3,37.7,324,161,597,P1,False,D,4,,0,325,
South 24 Parganas,201,S24P-201,162,Temple Hall 162,396,384,1,781,49.17,91,11.7,372,197,6,663,P1,175,56.1,29.7,390,150,600,P1,False,D,4,,0,333,
South 24 Parganas,201,S24P-201,163,Community Hall 163,380,353,0,733,48.16,107,14.6,375,133,5,587,P1,242,63.9,22.7,370,203,637,P1,False,D,4,,0,312,
South 24 Parganas,201,S24P-201,164,Temple Hall 164,345,317,0,662,47.89,102,15.4,344,58,20,580,P1,192,59.3,10.0,322,163,538,P1,False,D,4,,0,282,
South 24 Parganas,201,S24P-201,165,Anganwadi Centre 165,383,344,1,728,47.25,110,15.1,322,190,2,569,P1,132,56.6,33.4,424,115,599,P1,False,D,4,,0,310,
South 24 Parganas,201,S24P-201,166,Health Sub-Centre 166,368,359,0,727,49.38,86,11.8,365,103,5,572,P1,262,63.8,18.0,414,141,628,P1,False,D,4,,0,310,
South 24 Parganas,201,S24P-201,167,Temple Hall 167,378,379,0,757,50.07,83,11.0,435,152,3,652,P1,283,66.7,23.3,335,167,648,P1,False,D,4,,0,322,
South 24 Parganas,201,S24P-201,168,Govt Office 168,300,273,1,574,47.56,72,12.5,313,140,4,503,P1,173,62.2,27.8,315,88,448,P1,False,D,4,,0,244,
South 24 Parganas,201,S24P-201,169,Club Building 169,418,400,0,818,48.9,125,15.3,479,165,6,716,P1,314,66.9,23.0,400,209,706,P1,False,D,4,,0,348,
South 24 Parganas,201,S24P-201,170,Club Building 170,279,253,1,533,47.47,77,14.4,299,80,4,421,P1,219,71.0,19.0,248,125,451,P1,False,D,4,,0,227,
South 24 Parganas,201,S24P-201,171,Anganwadi Centre 171,412,373,1,786,47.46,134,17.0,441,109,5,611,P1,332,72.2,17.8,451,82,683,P1,False,D,4,,0,335,
South 24 Parganas,201,S24P-201,172,Market Building 172,266,276,1,543,50.83,78,14.4,240,88,7,418,P1,152,57.4,21.1,239,153,436,P1,False,D,4,,0,231,
South 24 Parganas,201,S24P-201,173,Govt Office 173,242,243,1,486,50.0,88,18.1,273,85,5,416,P1,188,65.6,20.4,219,108,406,P1,False,D,4,,0,207,
South 24 Parganas,202,S24P-202,1,Anganwadi Centre 1,256,239,1,496,48.19,44,8.9,232,120,3,402,P1,112,57.7,29.9,210,64,386,P1,False,B,3,,0,211,
South 24 Parganas,202,S24P-202,2,Club Building 2,277,268,0,545,49.17,48,8.8,269,84,3,443,P1,185,60.7,19.0,259,123,424,P1,False,B,3,,0,232,
South 24 Parganas,202,S24P-202,3,Primary School 3,247,247,0,494,50.0,50,10.1,231,96,4,420,P1,135,55.0,22.9,231,104,410,P1,False,D,4,,0,210,
South 24 Parganas,202,S24P-202,4,Health Sub-Centre 4,322,307,0,629,48.81,47,7.5,335,149,3,538,P1,186,62.3,27.7,279,114,507,P1,False,B,3,,0,268,
South 24 Parganas,202,S24P-202,5,Community Hall 5,413,402,0,815,49.33,71,8.7,495,141,5,707,P1,354,70.0,19.9,464,162,695,P1,False,A,1,,0,347,
South 24 Parganas,202,S24P-202,6,Temple Hall 6,408,397,1,806,49.26,74,9.2,389,128,4,622,P1,261,62.5,20.6,418,164,647,P1,False,B,3,,0,343,
South 24 Parganas,202,S24P-202,7,Post Office 7,279,268,1,548,48.91,52,9.5,264,106,2,432,P1,158,61.1,24.5,226,138,461,P1,False,B,3,,0,233,
South 24 Parganas,202,S24P-202,8,Primary School 8,410,399,1,810,49.26,70,8.6,350,158,8,669,P1,192,52.3,23.6,368,120,688,P1,False,B,3,,0,345,
South 24 Parganas,202,S24P-202,9,Club Building 9,306,296,1,603,49.09,41,6.8,266,113,9,470,P1,153,56.6,24.0,305,135,489,P1,False,B,3,,0,257,
South 24 Parganas,202,S24P-202,10,Govt Office 10,330,327,1,658,49.7,61,9.3,323,153,7,544,P1,170,59.4,28.1,297,153,579,P1,False,B,3,,0,280,
South 24 Parganas,202,S24P-202,11,Post Office 11,303,298,1,602,49.5,61,10.1,330,97,3,475,P1,233,69.5,20.4,331,111,491,P1,False,D,4,,0,256,
South 24 Parganas,202,S24P-202,12,High School 12,399,368,1,768,47.92,50,6.5,408,134,6,678,P1,274,60.2,19.8,372,93,629,P1,False,B,3,,0,327,
South 24 Parganas,202,S24P-202,13,Panchayat Bhavan 13,307,302,0,609,49.59,61,10.0,367,108,2,528,P1,259,69.5,20.5,247,165,513,P1,False,A,1,,0,259,
South 24 Parganas,202,S24P-202,14,Community Hall 14,290,296,0,586,50.51,44,7.5,303,114,2,463,P1,189,65.4,24.6,289,122,456,P1,False,A,1,,0,250,
South 24 Parganas,202,S24P-202,15,Market Building 15,284,264,0,548,48.18,47,8.6,273,117,2,441,P1,156,61.9,26.5,274,112,429,P1,False,B,3,,0,233,
South 24 Parganas,202,S24P-202,16,Temple Hall 16,311,306,0,617,49.59,59,9.6,278,134,3,485,P1,144,57.3,27.6,328,111,526,P1,False,B,3,,0,263,
South 24 Parganas,202,S24P-202,17,Madrasa 17,346,312,0,658,47.42,54,8.2,357,112,4,521,P1,245,68.5,21.5,260,175,537,P1,False,A,1,,0,280,
South 24 Parganas,202,S24P-202,18,Community Hall 18,401,392,1,794,49.37,68,8.6,430,173,9,691,P1,257,62.2,25.0,316,243,621,P1,False,B,3,,0,338,
South 24 Parganas,202,S24P-202,19,Community Hall 19,400,376,0,776,48.45,58,7.5,456,127,6,648,P1,329,70.4,19.6,389,179,631,P1,False,A,1,,0,330,
South 24 Parganas,202,S24P-202,20,Madrasa 20,401,385,1,787,48.92,64,8.1,334,142,6,681,P1,142,49.0,20.9,416,189,672,P1,False,B,3,,0,335,
South 24 Parganas,202,S24P-202,21,High School 21,382,358,0,740,48.38,51,6.9,373,125,7,599,P1,248,62.3,20.9,330,164,587,P1,False,B,3,,0,315,
South 24 Parganas,202,S24P-202,22,Community Hall 22,311,310,0,621,49.92,49,7.9,307,106,6,492,P1,201,62.4,21.5,312,136,498,P1,False,B,3,,0,264,
South 24 Parganas,202,S24P-202,23,High School 23,255,231,1,487,47.43,45,9.2,258,78,2,373,P1,180,69.2,20.9,232,98,374,P1,False,A,1,,0,207,
South 24 Parganas,202,S24P-202,24,Club Building 24,377,382,1,760,50.26,54,7.1,436,167,4,670,P1,269,65.1,24.9,359,175,645,P1,False,A,1,,0,324,
South 24 Parganas,202,S24P-202,25,Health Sub-Centre 25,327,335,1,663,50.53,55,8.3,318,180,4,553,P1,138,57.5,32.5,287,171,547,P1,False,B,3,,0,282,
South 24 Parganas,202,S24P-202,26,Temple Hall 26,248,251,1,500,50.2,40,8.0,233,74,10,397,P1,157,58.7,18.6,208,101,387,P1,False,B,3,,0,213,
South 24 Parganas,202,S24P-202,27,Health Sub-Centre 27,281,253,0,534,47.38,51,9.6,309,96,2,450,P1,213,68.7,21.3,229,123,431,P1,False,A,1,,0,227,
South 24 Parganas,202,S24P-202,28,Post Office 28,331,318,1,650,48.92,55,8.5,344,128,5,525,P1,216,65.5,24.4,346,122,521,P1,False,A,1,,0,277,
South 24 Parganas,202,S24P-202,29,Community Hall 29,337,330,0,667,49.48,50,7.5,315,117,10,587,P1,176,53.7,19.9,270,145,517,P1,False,B,3,,0,284,
South 24 Parganas,202,S24P-202,30,Club Building 30,307,280,0,587,47.7,49,8.3,289,143,6,483,P1,146,59.8,29.6,279,156,499,P1,False,B,3,,0,250,
South 24 Parganas,202,S24P-202,31,Madrasa 31,267,243,0,510,47.65,50,9.8,255,134,3,432,P1,121,59.0,31.0,246,106,447,P1,False,B,3,,0,217,
South 24 Parganas,202,S24P-202,32,Govt Office 32,286,264,1,551,47.91,56,10.2,362,73,5,483,P1,289,74.9,15.1,364,63,474,P1,False,D,4,,0,235,
South 24 Parganas,202,S24P-202,33,Post Office 33,292,288,1,581,49.57,44,7.6,314,91,3,450,P1,223,69.8,20.2,336,108,493,P1,False,A,1,,0,247,
South 24 Parganas,202,S24P-202,34,Market Building 34,331,338,1,670,50.45,52,7.8,345,121,9,542,P1,224,63.7,22.3,299,117,554,P1,False,B,3,,0,285,
South 24 Parganas,202,S24P-202,35,Panchayat Bhavan 35,314,296,0,610,48.52,51,8.4,297,86,10,501,P1,194,59.3,17.2,282,145,490,P1,False,B,3,,0,260,
South 24 Parganas,202,S24P-202,36,High School 36,315,286,0,601,47.59,40,6.7,303,113,5,462,P1,190,65.6,24.5,283,145,490,P1,False,A,1,,0,256,
South 24 Parganas,202,S24P-202,37,Anganwadi Centre 37,348,330,1,679,48.6,52,7.7,285,109,10,552,P1,143,51.6,19.7,353,151,560,P1,False,B,3,,0,289,
South 24 Parganas,202,S24P-202,38,Community Hall 38,342,327,1,670,48.81,70,10.4,326,137,7,587,P1,189,55.5,23.3,358,128,539,P1,False,D,4,,0,285,
South 24 Parganas,202,S24P-202,39,Market Building 39,395,379,0,774,48.97,58,7.5,411,160,4,635,P1,251,64.7,25.2,423,164,652,P1,False,B,3,,0,330,
South 24 Parganas,202,S24P-202,40,Madrasa 40,244,244,0,488,50.0,38,7.8,263,107,2,411,P1,156,64.0,26.0,226,56,395,P1,False,B,3,,0,208,
South 24 Parganas,202,S24P-202,41,Madrasa 41,274,269,0,543,49.54,44,8.1,223,85,6,449,P1,93,49.7,18.9,231,74,433,P1,False,B,3,,0,231,
South 24 Parganas,202,S24P-202,42,Community Hall 42,349,323,1,673,47.99,46,6.8,297,123,5,529,P1,174,56.1,23.3,293,173,585,P1,False,B,3,,0,287,
South 24 Parganas,202,S24P-202,43,Govt Office 43,408,411,0,819,50.18,66,8.1,483,153,7,707,P1,330,68.3,21.6,394,205,665,P1,False,A,1,,0,349,
South 24 Parganas,202,S24P-202,44,Madrasa 44,330,322,1,653,49.31,59,9.0,312,146,2,509,P1,166,61.3,28.7,363,125,543,P1,False,B,3,,0,278,
South 24 Parganas,202,S24P-202,45,Primary School 45,260,259,0,519,49.9,52,10.0,192,129,8,399,P1,63,48.1,32.3,237,128,421,P1,False,B,3,,0,221,
South 24 Parganas,202,S24P-202,46,Panchayat Bhavan 46,390,364,1,755,48.21,84,11.1,334,190,6,587,P1,144,56.9,32.4,295,147,631,P1,False,D,4,,0,322,
South 24 Parganas,202,S24P-202,47,Madrasa 47,279,271,0,550,49.27,35,6.4,312,78,6,485,P1,228,64.3,16.1,246,50,455,P1,False,B,3,,0,234,
South 24 Parganas,202,S24P-202,48,Club Building 48,261,257,1,519,49.52,37,7.1,270,106,2,426,P1,164,63.4,24.9,211,142,410,P1,False,B,3,,0,221,
South 24 Parganas,202,S24P-202,49,High School 49,269,270,0,539,50.09,36,6.7,281,105,8,462,P1,176,60.8,22.7,272,108,422,P1,False,B,3,,0,230,
South 24 Parganas,202,S24P-202,50,Anganwadi Centre 50,276,271,0,547,49.54,57,10.4,225,137,6,441,P1,88,51.0,31.1,265,118,426,P1,False,D,4,,0,233,
South 24 Parganas,202,S24P-202,51,Govt Office 51,349,334,0,683,48.9,67,9.8,333,161,6,593,P1,172,56.2,27.2,366,144,585,P1,False,B,3,,0,291,
South 24 Parganas,202,S24P-202,52,Temple Hall 52,295,294,1,590,49.83,66,11.2,232,150,7,462,P1,82,50.2,32.5,352,71,470,P1,False,D,4,,0,251,
South 24 Parganas,202,S24P-202,53,Market Building 53,394,382,0,776,49.23,73,9.4,411,112,12,671,P1,281,61.3,16.7,393,145,598,P1,False,B,3,,0,330,
South 24 Parganas,202,S24P-202,54,Post Office 54,384,373,1,758,49.21,84,11.1,321,170,6,595,P1,151,53.9,28.6,344,162,651,P1,False,D,4,,0,323,
South 24 Parganas,202,S24P-202,55,Market Building 55,314,301,1,616,48.86,41,6.7,278,127,5,518,P1,151,53.7,24.5,308,120,476,P1,False,B,3,,0,262,
South 24 Parganas,202,S24P-202,56,Panchayat Bhavan 56,245,240,0,485,49.48,33,6.8,281,78,3,399,P1,203,70.4,19.5,258,85,394,P1,False,A,1,,0,207,
South 24 Parganas,202,S24P-202,57,Health Sub-Centre 57,278,263,0,541,48.61,37,6.8,208,108,8,439,P1,97,47.4,24.6,282,116,455,P1,False,B,3,,0,230,
South 24 Parganas,202,S24P-202,58,Club Building 58,424,394,1,819,48.11,85,10.4,382,204,6,681,P1,178,56.1,30.0,385,221,673,P1,False,D,4,,0,349,
South 24 Parganas,202,S24P-202,59,Club Building 59,388,380,1,769,49.41,67,8.7,462,142,6,671,P1,320,68.9,21.2,398,132,666,P1,False,A,1,,0,327,
South 24 Parganas,202,S24P-202,60,Primary School 60,413,386,1,800,48.25,73,9.1,354,151,13,639,P1,203,55.4,23.6,337,132,686,P1,False,B,3,,0,341,
South 24 Parganas,202,S24P-202,61,Temple Hall 61,285,262,1,548,47.81,57,10.4,310,98,3,454,P1,212,68.3,21.6,280,106,429,P1,False,D,4,,0,233,
South 24 Parganas,202,S24P-202,62,Market Building 62,342,316,0,658,48.02,72,10.9,404,108,4,569,P1,296,71.0,19.0,335,158,548,P1,False,D,4,,0,280,
South 24 Parganas,202,S24P-202,63,Madrasa 63,274,279,1,554,50.36,64,11.6,277,126,4,449,P1,151,61.7,28.1,194,96,427,P1,False,D,4,,0,236,
South 24 Parganas,202,S24P-202,64,Madrasa 64,388,368,1,757,48.61,72,9.5,370,124,5,590,P1,246,62.7,21.0,354,143,646,P1,False,B,3,,0,322,
South 24 Parganas,202,S24P-202,65,Madrasa 65,312,317,1,630,50.32,53,8.4,396,55,7,547,P1,313,72.4,10.1,281,147,536,P1,False,A,1,,0,268,
South 24 Parganas,202,S24P-202,66,Post Office 66,382,363,1,746,48.66,80,10.7,363,198,6,656,P1,165,55.3,30.2,354,189,604,P1,False,D,4,,0,318,
South 24 Parganas,202,S24P-202,67,Community Hall 67,343,330,1,674,48.96,77,11.4,346,160,5,562,P1,186,61.6,28.5,388,110,554,P1,False,D,4,,0,287,
South 24 Parganas,202,S24P-202,68,Madrasa 68,381,388,1,770,50.39,76,9.9,342,160,3,595,P1,182,57.5,26.9,345,160,621,P1,False,B,3,,0,328,
South 24 Parganas,202,S24P-202,69,Madrasa 69,352,361,1,714,50.56,75,10.5,424,139,5,625,P1,285,67.8,22.2,415,126,601,P1,False,D,4,,0,304,
South 24 Parganas,202,S24P-202,70,Anganwadi Centre 70,393,356,0,749,47.53,82,10.9,379,140,8,622,P1,239,60.9,22.5,344,171,619,P1,False,D,4,,0,319,
South 24 Parganas,202,S24P-202,71,Community Hall 71,367,334,0,701,47.65,58,8.3,397,141,2,598,P1,256,66.4,23.6,378,133,567,P1,False,A,1,,0,299,
South 24 Parganas,202,S24P-202,72,Temple Hall 72,403,403,0,806,50.0,62,7.7,402,155,10,685,P1,247,58.7,22.6,372,206,643,P1,False,B,3,,0,343,
South 24 Parganas,202,S24P-202,73,Primary School 73,391,370,1,762,48.56,75,9.8,349,206,6,646,P1,143,54.0,31.9,329,113,586,P1,False,B,3,,0,324,
South 24 Parganas,202,S24P-202,74,Community Hall 74,250,247,1,498,49.6,38,7.6,234,117,5,412,P1,117,56.8,28.4,207,95,403,P1,False,B,3,,0,212,
South 24 Parganas,202,S24P-202,75,Community Hall 75,392,392,0,784,50.0,59,7.5,392,169,8,639,P1,223,61.3,26.4,330,215,621,P1,False,B,3,,0,334,
South 24 Parganas,202,S24P-202,76,Primary School 76,275,265,1,541,48.98,36,6.7,271,115,4,428,P1,156,63.3,26.9,306,103,454,P1,False,B,3,,0,230,
South 24 Parganas,202,S24P-202,77,Temple Hall 77,396,391,1,788,49.62,59,7.5,365,189,4,615,P1,176,59.3,30.7,399,196,673,P1,False,B,3,,0,336,
South 24 Parganas,202,S24P-202,78,Govt Office 78,336,344,0,680,50.59,45,6.6,355,143,5,554,P1,212,64.1,25.8,346,160,562,P1,False,B,3,,0,290,
South 24 Parganas,202,S24P-202,79,Temple Hall 79,344,311,1,656,47.41,43,6.6,368,149,4,575,P1,219,64.0,25.9,317,181,553,P1,False,B,3,,0,279,
South 24 Parganas,202,S24P-202,80,High School 80,386,367,1,754,48.67,54,7.2,307,152,13,579,P1,155,53.0,26.3,315,200,594,P1,False,B,3,,0,321,
South 24 Parganas,202,S24P-202,81,Market Building 81,402,373,0,775,48.13,90,11.6,397,133,5,594,P1,264,66.8,22.4,362,168,665,P1,False,D,4,,0,330,
South 24 Parganas,202,S24P-202,82,Health Sub-Centre 82,268,252,1,521,48.37,51,9.8,328,66,5,437,P1,262,75.1,15.1,286,120,451,P1,False,A,1,,0,222,
South 24 Parganas,202,S24P-202,83,Health Sub-Centre 83,308,282,0,590,47.8,61,10.3,262,158,5,480,P1,104,54.6,32.9,281,145,482,P1,False,D,4,,0,251,
South 24 Parganas,202,S24P-202,84,Club Building 84,392,357,0,749,47.66,51,6.8,449,137,5,652,P1,312,68.9,21.0,436,109,606,P1,False,A,1,,0,319,
South 24 Parganas,202,S24P-202,85,Panchayat Bhavan 85,310,290,1,601,48.25,67,11.1,321,153,2,529,P1,168,60.7,28.9,275,137,485,P1,False,D,4,,0,256,
South 24 Parganas,202,S24P-202,86,Madrasa 86,413,383,1,797,48.06,54,6.8,371,199,5,638,P1,172,58.2,31.2,355,229,693,P1,False,B,3,,0,339,
South 24 Parganas,202,S24P-202,87,Community Hall 87,382,372,0,754,49.34,87,11.5,439,121,7,622,P1,318,70.6,19.5,386,144,589,P1,False,D,4,,0,321,
South 24 Parganas,202,S24P-202,88,Post Office 88,305,291,1,597,48.74,49,8.2,409,61,6,522,P1,348,78.4,11.7,222,117,528,P1,False,A,1,,0,254,
South 24 Parganas,202,S24P-202,89,High School 89,407,369,0,776,47.55,83,10.7,359,186,6,624,P1,173,57.5,29.8,342,205,608,P1,False,D,4,,0,330,
South 24 Parganas,202,S24P-202,90,Temple Hall 90,246,251,0,497,50.5,56,11.3,209,125,2,411,P1,84,50.9,30.4,232,132,430,P1,False,D,4,,0,212,
South 24 Parganas,202,S24P-202,91,Temple Hall 91,326,324,1,651,49.77,64,9.8,411,91,6,557,P1,320,73.8,16.3,256,133,536,P1,False,A,1,,0,277,
South 24 Parganas,202,S24P-202,92,Post Office 92,378,365,1,744,49.06,69,9.3,380,141,7,579,P1,239,65.6,24.4,398,118,574,P1,False,A,1,,0,317,
South 24 Parganas,202,S24P-202,93,Anganwadi Centre 93,386,393,0,779,50.45,75,9.6,318,147,7,602,P1,171,52.8,24.4,354,186,599,P1,False,B,3,,0,332,
South 24 Parganas,202,S24P-202,94,Health Sub-Centre 94,345,337,1,683,49.34,70,10.2,352,120,13,582,P1,232,60.5,20.6,373,113,539,P1,False,D,4,,0,291,
South 24 Parganas,202,S24P-202,95,High School 95,331,321,1,653,49.16,58,8.9,350,108,3,556,P1,242,62.9,19.4,271,146,503,P1,False,B,3,,0,278,
South 24 Parganas,202,S24P-202,96,Madrasa 96,379,373,0,752,49.6,50,6.6,401,165,3,629,P1,236,63.8,26.2,360,210,663,P1,False,B,3,,0,320,
South 24 Parganas,202,S24P-202,97,Temple Hall 97,311,318,0,629,50.56,52,8.3,367,112,5,533,P1,255,68.9,21.0,308,131,508,P1,False,A,1,,0,268,
South 24 Parganas,202,S24P-202,98,Govt Office 98,276,276,0,552,50.0,37,6.7,244,156,4,444,P1,88,55.0,35.1,271,114,427,P1,False,B,3,,0,235,
South 24 Parganas,202,S24P-202,99,Post Office 99,332,321,1,654,49.08,55,8.4,331,114,6,506,P1,217,65.4,22.5,317,133,500,P1,False,A,1,,0,279,
South 24 Parganas,202,S24P-202,100,Post Office 100,359,323,0,682,47.36,59,8.7,308,173,6,582,P1,135,52.9,29.7,365,150,587,P1,False,B,3,,0,290,
South 24 Parganas,202,S24P-202,101,Anganwadi Centre 101,315,315,1,631,49.92,52,8.2,322,159,6,534,P1,163,60.3,29.8,318,130,549,P1,False,B,3,,0,269,
South 24 Parganas,202,S24P-202,102,Health Sub-Centre 102,361,358,1,720,49.72,48,6.7,360,139,8,569,P1,221,63.3,24.4,391,179,634,P1,False,B,3,,0,307,
South 24 Parganas,202,S24P-202,103,Club Building 103,314,290,0,604,48.01,40,6.6,335,109,2,493,P1,226,68.0,22.1,229,145,515,P1,False,A,1,,0,257,
South 24 Parganas,202,S24P-202,104,Health Sub-Centre 104,378,377,0,755,49.93,69,9.1,433,154,2,653,P1,279,66.3,23.6,380,138,607,P1,False,A,1,,0,322,
South 24 Parganas,202,S24P-202,105,Primary School 105,347,311,0,658,47.26,55,8.4,339,128,8,545,P1,211,62.2,23.5,301,116,523,P1,False,B,3,,0,280,
South 24 Parganas,202,S24P-202,106,Community Hall 106,325,322,0,647,49.77,41,6.3,282,152,5,556,P1,130,50.7,27.3,286,162,568,P1,False,B,3,,0,276,
South 24 Parganas,202,S24P-202,107,High School 107,372,348,1,721,48.27,50,6.9,368,83,14,596,P1,243,61.7,13.9,347,63,621,P1,False,B,3,,0,307,
South 24 Parganas,202,S24P-202,108,Post Office 108,381,370,0,751,49.27,66,8.8,314,166,7,591,P1,148,53.1,28.1,379,155,629,P1,False,B,3,,0,320,
South 24 Parganas,202,S24P-202,109,Health Sub-Centre 109,382,376,0,758,49.6,53,7.0,357,143,5,585,P1,214,61.0,24.4,424,134,620,P1,False,B,3,,0,323,
South 24 Parganas,202,S24P-202,110,Govt Office 110,330,298,1,629,47.38,44,7.0,259,149,6,496,P1,110,52.2,30.0,356,87,492,P1,False,B,3,,0,268,
South 24 Parganas,202,S24P-202,111,Panchayat Bhavan 111,265,262,0,527,49.72,38,7.2,247,103,6,416,P1,144,59.4,24.8,233,60,411,P1,False,B,3,,0,224,
South 24 Parganas,202,S24P-202,112,Post Office 112,329,320,0,649,49.31,66,10.2,342,117,2,510,P1,225,67.1,22.9,294,142,505,P1,False,D,4,,0,276,
South 24 Parganas,202,S24P-202,113,Club Building 113,254,262,0,516,50.78,55,10.7,283,66,5,411,P1,217,68.9,16.1,204,127,446,P1,False,D,4,,0,220,
South 24 Parganas,202,S24P-202,114,Anganwadi Centre 114,293,291,1,585,49.74,53,9.1,293,127,4,466,P1,166,62.9,27.3,274,117,448,P1,False,B,3,,0,249,
South 24 Parganas,202,S24P-202,115,High School 115,288,271,0,559,48.48,47,8.4,298,97,3,477,P1,201,62.5,20.3,234,152,490,P1,False,B,3,,0,238,
South 24 Parganas,202,S24P-202,116,Post Office 116,238,246,0,484,50.83,49,10.1,222,116,5,415,P1,106,53.5,28.0,254,125,421,P1,False,D,4,,0,206,
South 24 Parganas,202,S24P-202,117,Govt Office 117,380,372,0,752,49.47,63,8.4,349,183,6,592,P1,166,59.0,30.9,434,99,593,P1,False,B,3,,0,320,
South 24 Parganas,202,S24P-202,118,Primary School 118,245,243,1,489,49.69,41,8.4,222,127,4,388,P1,95,57.2,32.7,199,119,431,P1,False,B,3,,0,208,
South 24 Parganas,202,S24P-202,119,Madrasa 119,257,239,0,496,48.19,57,11.5,266,98,6,430,P1,168,61.9,22.8,247,105,404,P1,False,D,4,,0,211,
South 24 Parganas,202,S24P-202,120,Primary School 120,274,270,1,545,49.54,43,7.9,277,147,5,475,P1,130,58.3,30.9,223,88,424,P1,False,B,3,,0,232,
South 24 Parganas,202,S24P-202,121,Health Sub-Centre 121,415,398,1,814,48.89,86,10.6,426,150,6,640,P1,276,66.6,23.4,408,190,678,P1,False,D,4,,0,347,
South 24 Parganas,202,S24P-202,122,Panchayat Bhavan 122,368,344,0,712,48.31,49,6.9,345,105,13,560,P1,240,61.6,18.8,272,160,563,P1,False,B,3,,0,303,
South 24 Parganas,202,S24P-202,123,Market Building 123,316,300,1,617,48.62,66,10.7,322,166,4,542,P1,156,59.4,30.6,308,151,510,P1,False,D,4,,0,263,
South 24 Parganas,202,S24P-202,124,Temple Hall 124,366,362,1,729,49.66,83,11.4,417,152,6,632,P1,265,66.0,24.1,314,181,616,P1,False,D,4,,0,310,
South 24 Parganas,202,S24P-202,125,Anganwadi Centre 125,360,349,0,709,49.22,45,6.3,384,99,5,573,P1,285,67.0,17.3,368,134,588,P1,False,A,1,,0,302,
South 24 Parganas,202,S24P-202,126,Temple Hall 126,389,359,1,749,47.93,56,7.5,377,176,9,627,P1,201,60.1,28.1,384,154,597,P1,False,B,3,,0,319,
South 24 Parganas,202,S24P-202,127,Primary School 127,375,387,0,762,50.79,52,6.8,324,163,14,633,P1,161,51.2,25.8,402,140,602,P1,False,B,3,,0,324,
South 24 Parganas,202,S24P-202,128,Panchayat Bhavan 128,410,406,1,817,49.69,80,9.8,480,125,8,684,P1,355,70.2,18.3,383,188,655,P1,False,A,1,,0,348,
South 24 Parganas,202,S24P-202,129,Club Building 129,252,236,1,489,48.26,52,10.6,246,102,6,399,P1,144,61.7,25.6,295,92,430,P1,False,D,4,,0,208,
South 24 Parganas,202,S24P-202,130,Health Sub-Centre 130,312,298,1,611,48.77,40,6.5,349,133,5,540,P1,216,64.6,24.6,331,116,497,P1,False,B,3,,0,260,
South 24 Parganas,202,S24P-202,131,Panchayat Bhavan 131,244,240,0,484,49.59,47,9.7,308,69,4,418,P1,239,73.7,16.5,180,135,383,P1,False,A,1,,0,206,
South 24 Parganas,202,S24P-202,132,Panchayat Bhavan 132,329,311,1,641,48.52,47,7.3,313,118,8,514,P1,195,60.9,23.0,281,132,544,P1,False,B,3,,0,273,
South 24 Parganas,202,S24P-202,133,Community Hall 133,370,342,1,713,47.97,80,11.2,332,204,3,606,P1,128,54.8,33.7,426,129,616,P1,False,D,4,,0,304,
South 24 Parganas,202,S24P-202,134,Govt Office 134,368,343,0,711,48.24,56,7.9,382,181,3,625,P1,201,61.1,29.0,369,162,590,P1,False,B,3,,0,303,
South 24 Parganas,202,S24P-202,135,Govt Office 135,247,253,0,500,50.6,32,6.4,285,72,5,425,P1,213,67.1,16.9,224,88,384,P1,False,A,1,,0,213,
South 24 Parganas,202,S24P-202,136,Club Building 136,257,251,1,509,49.31,45,8.8,229,81,10,413,P1,141,55.4,19.6,287,92,431,P1,False,B,3,,0,217,
South 24 Parganas,202,S24P-202,137,Primary School 137,364,352,1,717,49.09,55,7.7,403,137,3,600,P1,266,67.2,22.8,348,185,628,P1,False,A,1,,0,305,
South 24 Parganas,202,S24P-202,138,Panchayat Bhavan 138,263,241,0,504,47.82,45,8.9,300,49,2,388,P1,251,77.3,12.6,259,114,421,P1,False,A,1,,0,215,
South 24 Parganas,202,S24P-202,139,Community Hall 139,287,290,1,578,50.17,39,6.7,251,75,9,456,P1,135,55.0,16.4,339,109,498,P1,False,B,3,,0,246,
South 24 Parganas,202,S24P-202,140,Govt Office 140,417,379,1,797,47.55,78,9.8,378,171,7,674,P1,207,56.1,25.4,356,200,617,P1,False,B,3,,0,339,
South 24 Parganas,202,S24P-202,141,Panchayat Bhavan 141,329,314,1,644,48.76,69,10.7,385,119,6,561,P1,266,68.6,21.2,389,123,569,P1,False,D,4,,0,274,
South 24 Parganas,202,S24P-202,142,Madrasa 142,370,331,0,701,47.22,63,9.0,341,133,15,619,P1,208,55.1,21.5,334,156,544,P1,False,B,3,,0,299,
South 24 Parganas,202,S24P-202,143,Club Building 143,371,374,0,745,50.2,84,11.3,363,224,8,657,P1,139,55.3,34.1,364,163,618,P1,False,D,4,,0,317,
South 24 Parganas,202,S24P-202,144,Market Building 144,290,298,1,589,50.59,44,7.5,379,87,3,517,P1,292,73.3,16.8,208,120,477,P1,False,A,1,,0,251,
South 24 Parganas,202,S24P-202,145,Primary School 145,252,234,1,487,48.05,41,8.4,252,120,2,414,P1,132,60.9,29.0,303,48,390,P1,False,B,3,,0,207,
South 24 Parganas,202,S24P-202,146,High School 146,249,255,1,505,50.5,57,11.3,226,110,5,397,P1,116,56.9,27.7,252,80,403,P1,False,D,4,,0,215,
South 24 Parganas,202,S24P-202,147,Madrasa 147,309,292,0,601,48.59,56,9.3,241,122,9,466,P1,119,51.7,26.2,254,128,514,P1,False,B,3,,0,256,
South 24 Parganas,202,S24P-202,148,High School 148,343,339,0,682,49.71,50,7.3,395,132,4,585,P1,263,67.5,22.6,327,143,522,P1,False,A,1,,0,290,
South 24 Parganas,202,S24P-202,149,Club Building 149,409,371,0,780,47.56,52,6.7,401,168,5,632,P1,233,63.4,26.6,420,166,651,P1,False,B,3,,0,332,
South 24 Parganas,202,S24P-202,150,Club Building 150,246,236,0,482,48.96,31,6.4,242,76,3,386,P1,166,62.7,19.7,284,99,425,P1,False,B,3,,0,205,
South 24 Parganas,202,S24P-202,151,High School 151,284,271,0,555,48.83,38,6.8,302,94,5,440,P1,208,68.6,21.4,313,124,485,P1,False,A,1,,0,236,
South 24 Parganas,202,S24P-202,152,Panchayat Bhavan 152,350,333,1,684,48.68,50,7.3,303,207,2,566,P1,96,53.5,36.6,395,107,558,P1,False,B,3,,0,291,
South 24 Parganas,202,S24P-202,153,Madrasa 153,375,369,0,744,49.6,55,7.4,377,165,6,602,P1,212,62.6,27.4,349,189,644,P1,False,B,3,,0,317,
South 24 Parganas,202,S24P-202,154,Madrasa 154,415,384,1,800,48.0,52,6.5,408,163,3,635,P1,245,64.3,25.7,400,156,674,P1,False,B,3,,0,341,
South 24 Parganas,202,S24P-202,155,Primary School 155,336,307,1,644,47.67,69,10.7,309,144,12,553,P1,165,55.9,26.0,281,167,498,P1,False,D,4,,0,274,
South 24 Parganas,202,S24P-202,156,Primary School 156,320,329,1,650,50.62,54,8.3,306,102,8,510,P1,204,60.0,20.0,282,152,552,P1,False,B,3,,0,277,
South 24 Parganas,202,S24P-202,157,Panchayat Bhavan 157,318,306,1,625,48.96,54,8.6,286,97,12,484,P1,189,59.1,20.0,363,122,538,P1,False,B,3,,0,266,
South 24 Parganas,202,S24P-202,158,Primary School 158,264,253,1,518,48.84,34,6.6,176,77,11,401,P1,42,43.9,19.2,298,110,453,P1,False,B,3,,0,221,
South 24 Parganas,202,S24P-202,159,Community Hall 159,301,303,1,605,50.08,51,8.4,334,118,5,503,P1,216,66.4,23.5,267,82,515,P1,False,A,1,,0,258,
South 24 Parganas,202,S24P-202,160,High School 160,373,374,0,747,50.07,54,7.2,423,145,4,631,P1,278,67.0,23.0,389,112,638,P1,False,A,1,,0,318,
South 24 Parganas,202,S24P-202,161,Primary School 161,381,378,0,759,49.8,56,7.4,323,213,3,606,P1,110,53.3,35.1,447,129,649,P1,False,B,3,,0,323,
South 24 Parganas,202,S24P-202,162,Panchayat Bhavan 162,333,321,0,654,49.08,57,8.7,283,144,6,528,P1,139,53.6,27.3,322,151,540,P1,False,B,3,,0,279,
South 24 Parganas,202,S24P-202,163,Panchayat Bhavan 163,395,387,0,782,49.49,65,8.3,357,165,5,633,P1,192,56.4,26.1,306,76,612,P1,False,B,3,,0,333,
South 24 Parganas,202,S24P-202,164,Panchayat Bhavan 164,334,331,0,665,49.77,53,8.0,333,149,11,578,P1,184,57.6,25.8,339,134,570,P1,False,B,3,,0,283,
South 24 Parganas,202,S24P-202,165,Madrasa 165,322,321,0,643,49.92,69,10.7,288,155,3,501,P1,133,57.5,30.9,345,145,544,P1,False,D,4,,0,274,
South 24 Parganas,202,S24P-202,166,Panchayat Bhavan 166,329,321,1,651,49.31,71,10.9,287,158,5,572,P1,129,50.2,27.6,261,127,513,P1,False,D,4,,0,277,
South 24 Parganas,202,S24P-202,167,Panchayat Bhavan 167,397,388,0,785,49.43,51,6.5,395,181,2,640,P1,214,61.7,28.3,347,184,663,P1,False,B,3,,0,334,
South 24 Parganas,202,S24P-202,168,Club Building 168,366,351,0,717,48.95,80,11.2,415,108,4,581,P1,307,71.4,18.6,320,184,610,P1,False,D,4,,0,305,
South 24 Parganas,202,S24P-202,169,Madrasa 169,318,293,1,612,47.88,61,10.0,272,166,2,487,P1,106,55.9,34.1,276,147,509,P1,False,B,3,,0,261,
South 24 Parganas,202,S24P-202,170,Govt Office 170,268,249,1,518,48.07,34,6.6,249,83,6,425,P1,166,58.6,19.5,232,118,399,P1,False,B,3,,0,221,
South 24 Parganas,202,S24P-202,171,Panchayat Bhavan 171,256,264,0,520,50.77,44,8.5,209,74,4,408,P1,93,51.2,18.1,229,135,405,P1,False,B,3,,0,221,
South 24 Parganas,202,S24P-202,172,Health Sub-Centre 172,411,385,1,797,48.31,70,8.8,423,203,5,696,P1,220,60.8,29.2,384,171,622,P1,False,B,3,,0,339,
South 24 Parganas,202,S24P-202,173,Primary School 173,348,325,0,673,48.29,50,7.4,269,89,18,528,P1,122,50.9,16.9,313,85,516,P1,False,B,3,,0,287,
South 24 Parganas,203,S24P-203,1,Govt Office 1,420,378,1,799,47.31,109,13.6,427,164,5,657,P1,263,65.0,25.0,390,162,613,P1,False,D,4,,0,340,
South 24 Parganas,203,S24P-203,2,Community Hall 2,416,375,0,791,47.41,89,11.3,359,193,4,642,P1,166,55.9,30.1,457,88,605,P1,False,D,4,,0,337,
South 24 Parganas,203,S24P-203,3,Primary School 3,389,357,1,747,47.79,89,11.9,370,130,5,632,P1,240,58.5,20.6,493,95,653,P1,False,D,4,,0,318,
South 24 Parganas,203,S24P-203,4,Temple Hall 4,310,320,0,630,50.79,61,9.7,393,53,5,496,P1,340,79.2,10.7,269,131,527,P1,False,A,1,,0,268,
South 24 Parganas,203,S24P-203,5,Community Hall 5,351,351,1,703,49.93,97,13.8,280,128,18,604,P1,107,46.4,21.2,414,83,596,P1,False,D,4,,0,299,
South 24 Parganas,203,S24P-203,6,Primary School 6,297,305,1,603,50.58,70,11.6,270,166,8,518,P1,104,52.1,32.0,222,94,473,P1,False,D,4,,0,257,
South 24 Parganas,203,S24P-203,7,Panchayat Bhavan 7,250,251,0,501,50.1,49,9.8,312,73,5,428,P1,239,72.9,17.1,183,97,440,P1,False,A,1,,0,213,
South 24 Parganas,203,S24P-203,8,Panchayat Bhavan 8,410,410,0,820,50.0,92,11.2,403,179,14,708,P1,224,56.9,25.3,414,158,636,P1,False,D,4,,0,349,
South 24 Parganas,203,S24P-203,9,Govt Office 9,311,282,0,593,47.55,71,12.0,250,132,7,461,P1,118,54.2,28.6,243,102,459,P1,False,D,4,,0,253,
South 24 Parganas,203,S24P-203,10,Temple Hall 10,327,337,1,665,50.68,73,11.0,321,126,7,548,P1,195,58.6,23.0,323,135,586,P1,False,D,4,,0,283,
South 24 Parganas,203,S24P-203,11,Temple Hall 11,365,371,1,737,50.34,95,12.9,399,174,7,638,P1,225,62.5,27.3,295,181,614,P1,False,D,4,,0,314,
South 24 Parganas,203,S24P-203,12,Anganwadi Centre 12,332,304,1,637,47.72,51,8.0,352,116,4,520,P1,236,67.7,22.3,221,181,495,P1,False,A,1,,0,271,
South 24 Parganas,203,S24P-203,13,Temple Hall 13,363,335,0,698,47.99,89,12.8,335,159,6,548,P1,176,61.1,29.0,372,116,583,P1,False,D,4,,0,297,
South 24 Parganas,203,S24P-203,14,Anganwadi Centre 14,298,283,1,582,48.63,71,12.2,300,161,3,512,P1,139,58.6,31.4,281,63,509,P1,False,D,4,,0,248,
South 24 Parganas,203,S24P-203,15,Community Hall 15,342,312,0,654,47.71,76,11.6,245,178,4,517,P1,67,47.4,34.4,353,106,537,P1,False,D,4,,0,279,
South 24 Parganas,203,S24P-203,16,Post Office 16,401,393,1,795,49.43,112,14.1,390,175,10,689,P1,215,56.6,25.4,356,265,690,P1,False,D,4,,0,339,
South 24 Parganas,203,S24P-203,17,Health Sub-Centre 17,417,384,1,802,47.88,70,8.7,344,221,10,675,P1,123,51.0,32.7,374,197,672,P1,False,B,3,,0,342,
South 24 Parganas,203,S24P-203,18,Post Office 18,341,333,1,675,49.33,94,13.9,309,183,8,582,P1,126,53.1,31.4,342,143,544,P1,False,D,4,,0,287,
South 24 Parganas,203,S24P-203,19,Govt Office 19,395,405,1,801,50.56,88,11.0,431,193,3,696,P1,238,61.9,27.7,426,135,623,P1,False,D,4,,0,341,
South 24 Parganas,203,S24P-203,20,Temple Hall 20,402,404,1,807,50.06,91,11.3,410,171,4,651,P1,239,63.0,26.3,443,193,706,P1,False,D,4,,0,344,
South 24 Parganas,203,S24P-203,21,Anganwadi Centre 21,285,283,1,569,49.74,69,12.1,314,116,5,478,P1,198,65.7,24.3,316,76,440,P1,False,D,4,,0,242,
South 24 Parganas,203,S24P-203,22,Health Sub-Centre 22,289,268,0,557,48.11,49,8.8,243,126,8,458,P1,117,53.1,27.5,261,105,477,P1,False,B,3,,0,237,
South 24 Parganas,203,S24P-203,23,Market Building 23,292,265,0,557,47.58,62,11.1,306,127,2,481,P1,179,63.6,26.4,247,111,441,P1,False,D,4,,0,237,
South 24 Parganas,203,S24P-203,24,Anganwadi Centre 24,308,281,1,590,47.63,70,11.9,328,101,3,477,P1,227,68.8,21.2,329,108,485,P1,False,D,4,,0,251,
South 24 Parganas,203,S24P-203,25,Primary School 25,411,391,0,802,48.75,109,13.6,363,184,5,693,P1,179,52.4,26.6,411,172,647,P1,False,D,4,,0,342,
South 24 Parganas,203,S24P-203,26,Primary School 26,304,290,0,594,48.82,75,12.6,241,121,7,459,P1,120,52.5,26.4,289,123,489,P1,False,D,4,,0,253,
South 24 Parganas,203,S24P-203,27,Panchayat Bhavan 27,395,359,1,755,47.55,92,12.2,306,100,11,620,P1,109,49.4,16.1,356,210,657,P1,False,D,4,,0,322,
South 24 Parganas,203,S24P-203,28,Health Sub-Centre 28,273,250,0,523,47.8,44,8.4,230,93,4,413,P1,137,55.7,22.5,226,139,443,P1,False,B,3,,0,223,
South 24 Parganas,203,S24P-203,29,Health Sub-Centre 29,284,274,0,558,49.1,65,11.6,238,121,8,484,P1,117,49.2,25.0,241,155,456,P1,False,D,4,,0,238,
South 24 Parganas,203,S24P-203,30,Temple Hall 30,334,337,0,671,50.22,82,12.2,359,138,6,553,P1,221,64.9,25.0,275,159,559,P1,False,D,4,,0,286,
South 24 Parganas,203,S24P-203,31,Primary School 31,357,338,0,695,48.63,75,10.8,364,166,4,604,P1,198,60.3,27.5,352,169,579,P1,False,D,4,,0,296,
South 24 Parganas,203,S24P-203,32,Post Office 32,366,353,0,719,49.1,58,8.1,368,179,4,608,P1,189,60.5,29.4,384,173,619,P1,False,B,3,,0,306,
South 24 Parganas,203,S24P-203,33,Market Building 33,308,288,0,596,48.32,55,9.2,282,118,9,506,P1,164,55.7,23.3,312,112,511,P1,False,B,3,,0,254,
South 24 Parganas,203,S24P-203,34,Primary School 34,272,248,0,520,47.69,59,11.3,300,79,2,422,P1,221,71.1,18.7,239,90,405,P1,False,D,4,,0,221,
South 24 Parganas,203,S24P-203,35,Madrasa 35,275,281,0,556,50.54,58,10.4,315,93,4,453,P1,222,69.5,20.5,267,97,486,P1,False,D,4,,0,237,
South 24 Parganas,203,S24P-203,36,Panchayat Bhavan 36,249,257,1,507,50.69,47,9.3,204,117,7,408,P1,87,50.0,28.7,272,112,426,P1,False,B,3,,0,216,
South 24 Parganas,203,S24P-203,37,Primary School 37,278,268,0,546,49.08,66,12.1,242,119,7,419,P1,123,57.8,28.4,202,140,444,P1,False,D,4,,0,233,
South 24 Parganas,203,S24P-203,38,Govt Office 38,389,375,1,765,49.02,94,12.3,408,123,6,590,P1,285,69.2,20.8,364,151,621,P1,False,D,4,,0,326,
South 24 Parganas,203,S24P-203,39,Post Office 39,370,337,1,708,47.6,97,13.7,232,185,23,620,P1,47,37.4,29.8,446,112,620,P1,False,D,4,,0,302,
South 24 Parganas,203,S24P-203,40,Panchayat Bhavan 40,295,286,0,581,49.23,58,10.0,255,152,3,461,P1,103,55.3,33.0,317,127,514,P1,False,B,3,,0,247,
South 24 Parganas,203,S24P-203,41,Club Building 41,273,260,1,534,48.69,49,9.2,328,68,1,440,P1,260,74.5,15.5,280,123,448,P1,False,A,1,,0,227,
South 24 Parganas,203,S24P-203,42,Anganwadi Centre 42,277,254,1,532,47.74,51,9.6,245,72,6,451,P1,122,54.3,16.0,225,81,418,P1,False,B,3,,0,227,
South 24 Parganas,203,S24P-203,43,Market Building 43,259,261,1,521,50.1,69,13.2,197,79,12,437,P1,53,45.1,18.1,208,136,425,P1,False,D,4,,0,222,
South 24 Parganas,203,S24P-203,44,Panchayat Bhavan 44,405,402,1,808,49.75,62,7.7,371,225,8,682,P1,146,54.4,33.0,423,159,709,P1,False,B,3,,0,344,
South 24 Parganas,203,S24P-203,45,Market Building 45,308,296,1,605,48.93,86,14.2,265,131,10,496,P1,134,53.4,26.4,300,122,469,P1,False,D,4,,0,258,
South 24 Parganas,203,S24P-203,46,Community Hall 46,300,270,0,570,47.37,77,13.5,280,120,6,475,P1,160,58.9,25.3,289,87,474,P1,False,D,4,,0,243,
South 24 Parganas,203,S24P-203,47,Anganwadi Centre 47,303,277,1,581,47.68,62,10.7,390,60,3,499,P1,330,78.2,12.0,232,107,472,P1,False,D,4,,0,247,
South 24 Parganas,203,S24P-203,48,Temple Hall 48,275,268,0,543,49.36,48,8.8,246,123,5,426,P1,123,57.7,28.9,295,113,453,P1,False,B,3,,0,231,
South 24 Parganas,203,S24P-203,49,Health Sub-Centre 49,307,314,1,622,50.48,74,11.9,307,156,7,521,P1,151,58.9,29.9,334,157,545,P1,False,D,4,,0,265,
South 24 Parganas,203,S24P-203,50,Health Sub-Centre 50,314,318,1,633,50.24,60,9.5,308,139,4,497,P1,169,62.0,28.0,347,127,526,P1,False,B,3,,0,270,
South 24 Parganas,203,S24P-203,51,Govt Office 51,248,253,1,502,50.4,63,12.5,242,123,3,406,P1,119,59.6,30.3,238,86,431,P1,False,D,4,,0,214,
South 24 Parganas,203,S24P-203,52,Health Sub-Centre 52,296,287,1,584,49.14,65,11.1,281,130,6,464,P1,151,60.6,28.0,336,97,481,P1,False,D,4,,0,249,
South 24 Parganas,203,S24P-203,53,Post Office 53,336,303,1,640,47.34,53,8.3,323,77,8,500,P1,236,64.6,15.4,348,140,542,P1,False,B,3,,0,273,
South 24 Parganas,203,S24P-203,54,Health Sub-Centre 54,387,350,1,738,47.43,75,10.2,375,153,5,599,P1,222,62.6,25.5,354,151,596,P1,False,D,4,,0,314,
South 24 Parganas,203,S24P-203,55,Govt Office 55,319,287,1,607,47.28,84,13.8,333,144,2,530,P1,189,62.8,27.2,298,129,506,P1,False,D,4,,0,258,
South 24 Parganas,203,S24P-203,56,Health Sub-Centre 56,351,325,1,677,48.01,86,12.7,378,110,5,543,P1,268,69.6,20.3,333,170,559,P1,False,D,4,,0,288,
South 24 Parganas,203,S24P-203,57,Primary School 57,334,303,1,638,47.49,81,12.7,302,143,4,501,P1,159,60.3,28.5,329,127,507,P1,False,D,4,,0,272,
South 24 Parganas,203,S24P-203,58,Health Sub-Centre 58,407,396,0,803,49.32,96,12.0,268,176,6,615,P1,92,43.6,28.6,462,152,682,P1,False,D,4,,0,342,
South 24 Parganas,203,S24P-203,59,Anganwadi Centre 59,370,371,0,741,50.07,61,8.2,326,201,10,644,P1,125,50.6,31.2,418,128,622,P1,False,B,3,,0,316,
South 24 Parganas,203,S24P-203,60,Anganwadi Centre 60,308,306,0,614,49.84,80,13.0,238,52,16,501,P1,48,47.5,10.4,290,140,480,P1,False,D,4,,0,261,
South 24 Parganas,203,S24P-203,61,Temple Hall 61,394,357,1,752,47.47,68,9.0,372,202,8,642,P1,170,57.9,31.5,346,133,619,P1,False,B,3,,0,320,
South 24 Parganas,203,S24P-203,62,Panchayat Bhavan 62,288,270,0,558,48.39,54,9.7,280,123,5,491,P1,157,57.0,25.1,281,108,437,P1,False,B,3,,0,238,
South 24 Parganas,203,S24P-203,63,Community Hall 63,315,303,0,618,49.03,76,12.3,291,182,3,526,P1,109,55.3,34.6,284,113,527,P1,False,D,4,,0,263,
South 24 Parganas,203,S24P-203,64,Community Hall 64,399,399,0,798,50.0,82,10.3,356,204,5,622,P1,152,57.2,32.8,392,156,630,P1,False,D,4,,0,340,
South 24 Parganas,203,S24P-203,65,Community Hall 65,291,293,0,584,50.17,78,13.4,296,109,6,513,P1,187,57.7,21.2,256,104,449,P1,False,D,4,,0,249,
South 24 Parganas,203,S24P-203,66,Govt Office 66,246,244,1,491,49.69,45,9.2,252,117,3,428,P1,135,58.9,27.3,232,127,424,P1,False,B,3,,0,209,
South 24 Parganas,203,S24P-203,67,Community Hall 67,343,329,0,672,48.96,67,10.0,317,130,12,566,P1,187,56.0,23.0,334,129,574,P1,False,B,3,,0,286,
South 24 Parganas,203,S24P-203,68,Primary School 68,264,245,0,509,48.13,56,11.0,303,89,3,435,P1,214,69.7,20.5,300,64,404,P1,False,D,4,,0,217,
South 24 Parganas,203,S24P-203,69,High School 69,277,276,1,554,49.82,57,10.3,257,114,7,436,P1,143,58.9,26.1,344,73,470,P1,False,D,4,,0,236,
South 24 Parganas,203,S24P-203,70,Anganwadi Centre 70,407,397,0,804,49.38,109,13.6,416,172,4,654,P1,244,63.6,26.3,399,119,691,P1,False,D,4,,0,342,
South 24 Parganas,203,S24P-203,71,Community Hall 71,373,345,1,719,47.98,73,10.2,347,194,4,618,P1,153,56.1,31.4,310,117,552,P1,False,D,4,,0,306,
South 24 Parganas,203,S24P-203,72,Primary School 72,360,362,1,723,50.07,67,9.3,357,151,2,564,P1,206,63.3,26.8,392,168,622,P1,False,B,3,,0,308,
South 24 Parganas,203,S24P-203,73,Govt Office 73,389,390,1,780,50.0,61,7.8,423,109,4,650,P1,314,65.1,16.8,417,144,639,P1,False,A,1,,0,332,
South 24 Parganas,203,S24P-203,74,High School 74,366,354,1,721,49.1,97,13.5,416,127,3,630,P1,289,66.0,20.2,436,108,604,P1,False,D,4,,0,307,
South 24 Parganas,203,S24P-203,75,Post Office 75,427,384,0,811,47.35,98,12.1,276,156,17,622,P1,109,44.4,25.1,416,134,672,P1,False,D,4,,0,345,
South 24 Parganas,203,S24P-203,76,Panchayat Bhavan 76,344,341,1,686,49.71,67,9.8,338,141,5,551,P1,197,61.3,25.6,337,141,532,P1,False,B,3,,0,292,
South 24 Parganas,203,S24P-203,77,Club Building 77,354,330,0,684,48.25,87,12.7,345,126,4,524,P1,219,65.8,24.0,416,113,588,P1,False,D,4,,0,291,
South 24 Parganas,203,S24P-203,78,Anganwadi Centre 78,297,291,1,589,49.41,83,14.1,306,136,3,491,P1,170,62.3,27.7,189,85,454,P1,False,D,4,,0,251,
South 24 Parganas,203,S24P-203,79,Madrasa 79,307,279,1,587,47.53,59,10.1,250,199,3,508,P1,51,49.2,39.2,367,78,494,P1,False,D,4,,0,250,
South 24 Parganas,203,S24P-203,80,Temple Hall 80,278,254,0,532,47.74,56,10.5,286,123,5,459,P1,163,62.3,26.8,246,123,429,P1,False,D,4,,0,227,
South 24 Parganas,203,S24P-203,81,Govt Office 81,271,254,1,526,48.29,54,10.3,301,114,1,462,P1,187,65.2,24.7,255,117,413,P1,False,D,4,,0,224,
South 24 Parganas,203,S24P-203,82,Madrasa 82,416,383,1,800,47.88,77,9.6,347,152,23,692,P1,184,50.1,22.0,453,141,660,P1,False,B,3,,0,341,
South 24 Parganas,203,S24P-203,83,Govt Office 83,366,343,1,710,48.31,72,10.1,338,138,8,551,P1,200,61.3,25.0,407,118,583,P1,False,D,4,,0,302,
South 24 Parganas,203,S24P-203,84,Madrasa 84,285,276,0,561,49.2,60,10.7,270,146,5,462,P1,124,58.4,31.6,260,145,492,P1,False,D,4,,0,239,
South 24 Parganas,203,S24P-203,85,Health Sub-Centre 85,287,277,1,565,49.03,46,8.1,258,97,10,435,P1,161,59.3,22.3,340,99,487,P1,False,B,3,,0,241,
South 24 Parganas,203,S24P-203,86,Panchayat Bhavan 86,292,295,0,587,50.26,64,10.9,246,90,6,450,P1,142,54.7,20.0,327,110,486,P1,False,D,4,,0,250,
South 24 Parganas,203,S24P-203,87,Anganwadi Centre 87,305,286,0,591,48.39,46,7.8,251,145,8,458,P1,106,54.8,31.7,267,129,500,P1,False,B,3,,0,252,
South 24 Parganas,203,S24P-203,88,Panchayat Bhavan 88,404,387,0,791,48.93,99,12.5,456,172,8,697,P1,284,65.4,24.7,432,117,649,P1,False,D,4,,0,337,
South 24 Parganas,203,S24P-203,89,Market Building 89,364,363,0,727,49.93,75,10.3,339,149,3,581,P1,190,58.3,25.6,326,237,626,P1,False,D,4,,0,310,
South 24 Parganas,203,S24P-203,90,Anganwadi Centre 90,292,287,1,580,49.48,67,11.6,267,141,3,467,P1,126,57.2,30.2,272,119,481,P1,False,D,4,,0,247,
South 24 Parganas,203,S24P-203,91,Club Building 91,249,230,1,480,47.92,43,9.0,249,102,4,390,P1,147,63.8,26.2,197,118,377,P1,False,B,3,,0,204,
South 24 Parganas,203,S24P-203,92,Anganwadi Centre 92,249,250,1,500,50.0,70,14.0,236,112,1,389,P1,124,60.7,28.8,251,134,428,P1,False,D,4,,0,213,
South 24 Parganas,203,S24P-203,93,Health Sub-Centre 93,338,314,0,652,48.16,81,12.4,259,144,6,506,P1,115,51.2,28.5,284,107,542,P1,False,D,4,,0,278,
South 24 Parganas,203,S24P-203,94,Panchayat Bhavan 94,353,329,1,683,48.17,90,13.2,380,72,9,549,P1,297,69.2,13.1,278,88,533,P1,False,D,4,,0,291,
South 24 Parganas,203,S24P-203,95,Market Building 95,263,252,0,515,48.93,44,8.5,307,76,2,426,P1,231,72.1,17.8,232,128,403,P1,False,A,1,,0,219,
South 24 Parganas,203,S24P-203,96,Health Sub-Centre 96,290,260,0,550,47.27,70,12.7,289,135,3,471,P1,154,61.4,28.7,273,151,471,P1,False,D,4,,0,234,
South 24 Parganas,203,S24P-203,97,Temple Hall 97,314,305,1,620,49.19,57,9.2,315,73,13,527,P1,194,59.8,13.9,348,127,528,P1,False,B,3,,0,264,
South 24 Parganas,203,S24P-203,98,Primary School 98,398,372,1,771,48.25,71,9.2,346,147,18,648,P1,199,53.4,22.7,404,180,648,P1,False,B,3,,0,328,
South 24 Parganas,203,S24P-203,99,Panchayat Bhavan 99,410,386,1,797,48.43,77,9.7,350,158,4,629,P1,192,55.6,25.1,396,117,704,P1,False,B,3,,0,339,
South 24 Parganas,203,S24P-203,100,Market Building 100,368,339,1,708,47.88,70,9.9,395,125,12,625,P1,270,63.2,20.0,402,148,611,P1,False,B,3,,0,302,
South 24 Parganas,203,S24P-203,101,Market Building 101,337,311,0,648,47.99,50,7.7,236,153,17,535,P1,83,44.1,28.6,394,55,498,P1,False,B,3,,0,276,
South 24 Parganas,203,S24P-203,102,Primary School 102,282,266,0,548,48.54,64,11.7,258,113,4,427,P1,145,60.4,26.5,256,153,481,P1,False,D,4,,0,233,
South 24 Parganas,203,S24P-203,103,High School 103,403,405,0,808,50.12,83,10.3,351,203,16,704,P1,148,49.9,28.8,358,138,627,P1,False,D,4,,0,344,
South 24 Parganas,203,S24P-203,104,Primary School 104,353,330,1,684,48.25,80,11.7,389,133,5,580,P1,256,67.1,22.9,421,106,585,P1,False,D,4,,0,291,
South 24 Parganas,203,S24P-203,105,Health Sub-Centre 105,367,369,1,737,50.07,98,13.3,384,178,3,638,P1,206,60.2,27.9,317,184,613,P1,False,D,4,,0,314,
South 24 Parganas,203,S24P-203,106,Anganwadi Centre 106,411,406,1,818,49.63,73,8.9,469,156,7,694,P1,313,67.6,22.5,378,133,693,P1,False,A,1,,0,348,
South 24 Parganas,203,S24P-203,107,Madrasa 107,258,259,0,517,50.1,43,8.3,273,121,4,438,P1,152,62.3,27.6,274,90,405,P1,False,B,3,,0,220,
South 24 Parganas,203,S24P-203,108,Madrasa 108,405,375,1,781,48.02,108,13.8,343,158,7,599,P1,185,57.3,26.4,413,110,675,P1,False,D,4,,0,333,
South 24 Parganas,203,S24P-203,109,Market Building 109,336,341,0,677,50.37,79,11.7,228,220,7,533,P1,8,42.8,41.3,305,127,521,P1,False,D,4,,0,288,
South 24 Parganas,203,S24P-203,110,Community Hall 110,333,335,0,668,50.15,81,12.1,311,154,10,553,P1,157,56.2,27.8,323,104,533,P1,False,D,4,,0,284,
South 24 Parganas,203,S24P-203,111,Madrasa 111,292,299,1,592,50.51,56,9.5,258,67,14,467,P1,134,55.2,14.3,270,140,456,P1,False,B,3,,0,252,
South 24 Parganas,203,S24P-203,112,Govt Office 112,366,338,0,704,48.01,67,9.5,326,181,3,563,P1,145,57.9,32.1,354,182,602,P1,False,B,3,,0,300,
South 24 Parganas,203,S24P-203,113,High School 113,256,252,0,508,49.61,57,11.2,285,119,3,449,P1,166,63.5,26.5,252,112,443,P1,False,D,4,,0,216,
South 24 Parganas,203,S24P-203,114,Post Office 114,310,290,1,601,48.25,76,12.6,289,85,8,478,P1,198,60.5,17.8,326,123,509,P1,False,D,4,,0,256,
South 24 Parganas,203,S24P-203,115,Club Building 115,334,320,0,654,48.93,64,9.8,342,173,5,573,P1,169,59.7,30.2,265,143,507,P1,False,B,3,,0,279,
South 24 Parganas,203,S24P-203,116,Govt Office 116,340,326,1,667,48.88,89,13.3,357,126,3,536,P1,231,66.6,23.5,341,171,569,P1,False,D,4,,0,284,
South 24 Parganas,203,S24P-203,117,Temple Hall 117,300,277,1,578,47.92,46,8.0,213,161,7,492,P1,52,43.3,32.7,258,133,452,P1,False,B,3,,0,246,
South 24 Parganas,203,S24P-203,118,Club Building 118,395,382,1,778,49.1,105,13.5,321,221,3,602,P1,100,53.3,36.7,342,111,598,P1,False,D,4,,0,331,
South 24 Parganas,203,S24P-203,119,Primary School 119,318,295,1,614,48.05,78,12.7,303,134,4,513,P1,169,59.1,26.1,291,134,472,P1,False,D,4,,0,261,
South 24 Parganas,203,S24P-203,120,Primary School 120,362,329,1,692,47.54,85,12.3,342,125,8,538,P1,217,63.6,23.2,324,175,585,P1,False,D,4,,0,295,
South 24 Parganas,203,S24P-203,121,Temple Hall 121,292,280,0,572,48.95,76,13.3,267,150,3,463,P1,117,57.7,32.4,303,99,446,P1,False,D,4,,0,244,
South 24 Parganas,203,S24P-203,122,Madrasa 122,316,301,1,618,48.71,67,10.8,326,106,3,480,P1,220,67.9,22.1,347,103,500,P1,False,D,4,,0,263,
South 24 Parganas,203,S24P-203,123,High School 123,317,321,0,638,50.31,72,11.3,312,158,4,542,P1,154,57.6,29.2,237,143,510,P1,False,D,4,,0,272,
South 24 Parganas,203,S24P-203,124,Madrasa 124,390,358,1,749,47.8,85,11.3,323,175,10,585,P1,148,55.2,29.9,361,157,619,P1,False,D,4,,0,319,
South 24 Parganas,203,S24P-203,125,Anganwadi Centre 125,300,294,1,595,49.41,83,13.9,289,120,3,468,P1,169,61.8,25.6,245,100,474,P1,False,D,4,,0,253,
South 24 Parganas,203,S24P-203,126,Anganwadi Centre 126,323,305,0,628,48.57,65,10.4,334,140,6,541,P1,194,61.7,25.9,335,119,505,P1,False,D,4,,0,267,
South 24 Parganas,203,S24P-203,127,High School 127,301,272,0,573,47.47,53,9.2,266,108,11,482,P1,158,55.2,22.4,277,138,461,P1,False,B,3,,0,244,
South 24 Parganas,203,S24P-203,128,Panchayat Bhavan 128,361,354,1,716,49.44,86,12.0,385,177,5,625,P1,208,61.6,28.3,306,96,615,P1,False,D,4,,0,305,
South 24 Parganas,203,S24P-203,129,Club Building 129,398,402,0,800,50.25,73,9.1,259,222,17,681,P1,37,38.0,32.6,402,183,650,P1,False,B,3,,0,341,
South 24 Parganas,203,S24P-203,130,Temple Hall 130,264,271,0,535,50.65,64,12.0,266,106,5,413,P1,160,64.4,25.7,212,88,441,P1,False,D,4,,0,228,
South 24 Parganas,203,S24P-203,131,Post Office 131,350,318,0,668,47.6,90,13.5,393,118,6,577,P1,275,68.1,20.5,399,119,575,P1,False,D,4,,0,284,
South 24 Parganas,203,S24P-203,132,Primary School 132,316,326,1,643,50.7,89,13.8,301,195,4,562,P1,106,53.6,34.7,288,173,512,P1,False,D,4,,0,274,
South 24 Parganas,203,S24P-203,133,Temple Hall 133,312,295,1,608,48.52,68,11.2,271,152,8,493,P1,119,55.0,30.8,313,159,525,P1,False,D,4,,0,259,
South 24 Parganas,203,S24P-203,134,Health Sub-Centre 134,255,263,0,518,50.77,56,10.8,189,110,4,398,P1,79,47.5,27.6,250,119,410,P1,False,D,4,,0,221,
South 24 Parganas,203,S24P-203,135,Health Sub-Centre 135,295,286,0,581,49.23,46,7.9,289,103,6,476,P1,186,60.7,21.6,333,95,476,P1,False,B,3,,0,247,
South 24 Parganas,203,S24P-203,136,Govt Office 136,328,317,0,645,49.15,76,11.8,333,135,4,520,P1,198,64.0,26.0,358,130,543,P1,False,D,4,,0,275,
South 24 Parganas,203,S24P-203,137,Health Sub-Centre 137,310,300,1,611,49.1,54,8.8,328,153,5,534,P1,175,61.4,28.7,322,109,479,P1,False,B,3,,0,260,
South 24 Parganas,203,S24P-203,138,Panchayat Bhavan 138,390,363,0,753,48.21,88,11.7,323,188,5,579,P1,135,55.8,32.5,354,199,642,P1,False,D,4,,0,321,
South 24 Parganas,203,S24P-203,139,Panchayat Bhavan 139,255,241,0,496,48.59,48,9.7,243,66,8,382,P1,177,63.6,17.3,264,89,433,P1,False,B,3,,0,211,
South 24 Parganas,203,S24P-203,140,Temple Hall 140,325,318,1,644,49.38,73,11.3,264,153,6,509,P1,111,51.9,30.1,276,125,493,P1,False,D,4,,0,274,
South 24 Parganas,203,S24P-203,141,Primary School 141,348,312,1,661,47.2,88,13.3,307,124,13,560,P1,183,54.8,22.1,337,130,567,P1,False,D,4,,0,281,
South 24 Parganas,203,S24P-203,142,Community Hall 142,322,328,1,651,50.38,80,12.3,346,120,2,518,P1,226,66.8,23.2,312,173,539,P1,False,D,4,,0,277,
South 24 Parganas,203,S24P-203,143,Health Sub-Centre 143,413,403,1,817,49.33,103,12.6,408,191,3,666,P1,217,61.3,28.7,432,182,682,P1,False,D,4,,0,348,
South 24 Parganas,203,S24P-203,144,Health Sub-Centre 144,342,321,1,664,48.34,89,13.4,446,63,5,566,P1,383,78.8,11.1,392,103,550,P1,False,D,4,,0,283,
South 24 Parganas,203,S24P-203,145,Post Office 145,274,247,0,521,47.41,54,10.4,312,64,5,418,P1,248,74.6,15.3,283,69,428,P1,False,D,4,,0,222,
South 24 Parganas,203,S24P-203,146,Community Hall 146,314,301,1,616,48.86,71,11.5,316,129,4,521,P1,187,60.7,24.8,269,156,511,P1,False,D,4,,0,262,
South 24 Parganas,203,S24P-203,147,Club Building 147,406,403,1,810,49.75,87,10.7,390,168,6,620,P1,222,62.9,27.1,439,180,688,P1,False,D,4,,0,345,
South 24 Parganas,203,S24P-203,148,Market Building 148,355,348,0,703,49.5,57,8.1,353,178,7,590,P1,175,59.8,30.2,394,158,614,P1,False,B,3,,0,299,
South 24 Parganas,203,S24P-203,149,Health Sub-Centre 149,277,248,0,525,47.24,74,14.1,271,96,5,433,P1,175,62.6,22.2,293,80,415,P1,False,D,4,,0,224,
South 24 Parganas,203,S24P-203,150,Community Hall 150,295,267,1,563,47.42,60,10.7,267,92,5,438,P1,175,61.0,21.0,296,114,456,P1,False,D,4,,0,240,
South 24 Parganas,203,S24P-203,151,Health Sub-Centre 151,338,320,0,658,48.63,83,12.6,378,76,4,505,P1,302,74.9,15.0,386,128,571,P1,False,D,4,,0,280,
South 24 Parganas,203,S24P-203,152,Post Office 152,386,363,1,750,48.4,69,9.2,297,241,4,597,P1,56,49.7,40.4,401,154,617,P1,False,B,3,,0,319,
South 24 Parganas,203,S24P-203,153,Community Hall 153,256,251,0,507,49.51,70,13.8,260,89,2,388,P1,171,67.0,22.9,211,130,433,P1,False,D,4,,0,216,
South 24 Parganas,203,S24P-203,154,Community Hall 154,280,278,1,559,49.73,62,11.1,217,128,5,453,P1,89,47.9,28.3,324,84,493,P1,False,D,4,,0,238,
South 24 Parganas,203,S24P-203,155,Market Building 155,399,399,0,798,50.0,95,11.9,280,117,17,651,P1,49,43.0,18.0,321,148,671,P1,False,D,4,,0,340,
South 24 Parganas,203,S24P-203,156,Panchayat Bhavan 156,304,299,0,603,49.59,48,8.0,291,167,7,517,P1,124,56.3,32.3,300,115,489,P1,False,B,3,,0,257,
South 24 Parganas,203,S24P-203,157,Market Building 157,334,315,1,650,48.46,93,14.3,321,170,2,557,P1,151,57.6,30.5,301,117,546,P1,False,D,4,,0,277,
South 24 Parganas,203,S24P-203,158,Post Office 158,407,391,1,799,48.94,63,7.9,393,181,5,665,P1,212,59.1,27.2,353,164,645,P1,False,B,3,,0,340,
South 24 Parganas,203,S24P-203,159,Community Hall 159,379,366,1,746,49.06,89,11.9,289,85,14,574,P1,108,50.3,14.8,408,108,573,P1,False,D,4,,0,318,
South 24 Parganas,203,S24P-203,160,Anganwadi Centre 160,371,340,1,712,47.75,66,9.3,308,175,3,546,P1,133,56.4,32.1,311,177,560,P1,False,B,3,,0,303,
South 24 Parganas,203,S24P-203,161,Club Building 161,323,314,0,637,49.29,85,13.3,262,123,4,511,P1,139,51.3,24.1,384,104,542,P1,False,D,4,,0,271,
South 24 Parganas,203,S24P-203,162,Madrasa 162,355,325,0,680,47.79,76,11.2,337,177,5,571,P1,160,59.0,31.0,341,154,550,P1,False,D,4,,0,290,
South 24 Parganas,203,S24P-203,163,High School 163,351,341,0,692,49.28,99,14.3,392,123,3,572,P1,269,68.5,21.5,371,111,535,P1,False,D,4,,0,295,
South 24 Parganas,203,S24P-203,164,Post Office 164,342,320,1,663,48.27,62,9.4,298,147,4,538,P1,151,55.4,27.3,336,129,517,P1,False,B,3,,0,282,
South 24 Parganas,204,S24P-204,1,Primary School 1,367,376,1,744,50.54,79,10.6,426,112,7,598,P1,314,71.2,18.7,421,141,624,P1,False,D,4,,0,317,
South 24 Parganas,204,S24P-204,2,Primary School 2,270,275,1,546,50.37,85,15.6,242,84,8,460,P1,120,52.6,18.3,268,83,442,P1,False,D,4,,0,233,
South 24 Parganas,204,S24P-204,3,Temple Hall 3,419,383,0,802,47.76,83,10.3,442,171,2,681,P1,271,64.9,25.1,357,149,632,P1,False,D,4,,0,342,
South 24 Parganas,204,S24P-204,4,Market Building 4,256,258,1,515,50.1,52,10.1,280,79,4,399,P1,201,70.2,19.8,236,145,444,P1,False,D,4,,0,219,
South 24 Parganas,204,S24P-204,5,Anganwadi Centre 5,276,268,0,544,49.26,66,12.1,259,135,5,451,P1,124,57.4,29.9,205,186,478,P1,False,D,4,,0,232,
South 24 Parganas,204,S24P-204,6,Market Building 6,327,301,1,629,47.85,104,16.5,402,62,3,516,P1,340,77.9,12.0,318,106,510,P1,False,D,4,,0,268,
South 24 Parganas,204,S24P-204,7,Panchayat Bhavan 7,388,373,0,761,49.01,111,14.6,402,172,9,668,P1,230,60.2,25.7,446,149,661,P1,False,D,4,,0,324,
South 24 Parganas,204,S24P-204,8,Panchayat Bhavan 8,252,254,1,507,50.1,59,11.6,203,85,7,392,P1,110,51.8,21.7,279,103,425,P1,False,D,4,,0,216,
South 24 Parganas,204,S24P-204,9,Community Hall 9,377,354,0,731,48.43,113,15.5,365,168,7,611,P1,197,59.7,27.5,334,133,564,P1,False,D,4,,0,311,
South 24 Parganas,204,S24P-204,10,Temple Hall 10,344,339,0,683,49.63,111,16.3,332,133,4,557,P1,199,59.6,23.9,350,94,576,P1,False,D,4,,0,291,
South 24 Parganas,204,S24P-204,11,Post Office 11,394,356,1,751,47.4,92,12.3,328,171,9,638,P1,157,51.4,26.8,338,176,654,P1,False,D,4,,0,320,
South 24 Parganas,204,S24P-204,12,Market Building 12,362,345,0,707,48.8,97,13.7,287,139,18,613,P1,125,46.8,22.7,312,198,595,P1,False,D,4,,0,301,
South 24 Parganas,204,S24P-204,13,Market Building 13,327,299,0,626,47.76,100,16.0,379,114,3,547,P1,265,69.3,20.8,296,178,546,P1,False,D,4,,0,267,
South 24 Parganas,204,S24P-204,14,Club Building 14,301,286,1,588,48.64,94,16.0,372,72,3,493,P1,300,75.5,14.6,300,141,492,P1,False,D,4,,0,250,
South 24 Parganas,204,S24P-204,15,Temple Hall 15,258,255,0,513,49.71,73,14.2,263,140,2,448,P1,123,58.7,31.2,277,119,449,P1,False,D,4,,0,218,
South 24 Parganas,204,S24P-204,16,Club Building 16,362,337,1,700,48.14,71,10.1,283,133,11,551,P1,150,51.4,24.1,382,156,598,P1,False,D,4,,0,298,
South 24 Parganas,204,S24P-204,17,Madrasa 17,362,363,0,725,50.07,99,13.7,369,120,6,611,P1,249,60.4,19.6,297,160,582,P1,False,D,4,,0,309,
South 24 Parganas,204,S24P-204,18,High School 18,350,324,1,675,48.0,88,13.0,254,164,4,535,P1,90,47.5,30.7,305,160,540,P1,False,D,4,,0,287,
South 24 Parganas,204,S24P-204,19,Temple Hall 19,353,336,1,690,48.7,74,10.7,359,128,11,603,P1,231,59.5,21.2,344,174,589,P1,False,D,4,,0,294,
South 24 Parganas,204,S24P-204,20,Temple Hall 20,353,322,0,675,47.7,95,14.1,363,136,5,555,P1,227,65.4,24.5,414,68,535,P1,False,D,4,,0,287,
South 24 Parganas,204,S24P-204,21,Primary School 21,323,321,1,645,49.77,86,13.3,263,169,7,496,P1,94,53.0,34.1,323,129,525,P1,False,D,4,,0,275,
South 24 Parganas,204,S24P-204,22,Market Building 22,348,352,1,701,50.21,69,9.8,354,174,3,587,P1,180,60.3,29.6,340,157,575,P1,False,B,3,,0,299,
South 24 Parganas,204,S24P-204,23,Market Building 23,339,336,0,675,49.78,109,16.1,387,131,2,575,P1,256,67.3,22.8,314,172,540,P1,False,D,4,,0,287,
South 24 Parganas,204,S24P-204,24,High School 24,303,279,1,583,47.86,92,15.8,221,149,9,494,P1,72,44.7,30.2,245,126,465,P1,False,D,4,,0,248,
South 24 Parganas,204,S24P-204,25,Madrasa 25,408,404,1,813,49.69,116,14.3,348,84,22,624,P1,183,55.8,13.5,416,218,704,P1,False,D,4,,0,346,
South 24 Parganas,204,S24P-204,26,Market Building 26,410,403,0,813,49.57,103,12.7,393,170,8,708,P1,223,55.5,24.0,412,189,711,P1,False,D,4,,0,346,
South 24 Parganas,204,S24P-204,27,Post Office 27,353,332,0,685,48.47,74,10.8,383,157,2,600,P1,226,63.8,26.2,319,152,568,P1,False,D,4,,0,292,
South 24 Parganas,204,S24P-204,28,Club Building 28,365,350,0,715,48.95,85,11.9,279,201,7,568,P1,78,49.1,35.4,345,173,576,P1,False,D,4,,0,304,
South 24 Parganas,204,S24P-204,29,Post Office 29,288,266,0,554,48.01,70,12.6,236,101,4,445,P1,135,53.0,22.7,245,94,433,P1,False,D,4,,0,236,
South 24 Parganas,204,S24P-204,30,Madrasa 30,326,313,0,639,48.98,91,14.2,270,172,7,504,P1,98,53.6,34.1,237,134,504,P1,False,D,4,,0,272,
South 24 Parganas,204,S24P-204,31,Anganwadi Centre 31,364,332,1,697,47.63,69,9.9,345,158,4,559,P1,187,61.7,28.3,356,135,561,P1,False,B,3,,0,297,
South 24 Parganas,204,S24P-204,32,Panchayat Bhavan 32,420,399,1,820,48.66,93,11.3,358,175,10,694,P1,183,51.6,25.2,378,166,693,P1,False,D,4,,0,349,
South 24 Parganas,204,S24P-204,33,Govt Office 33,396,364,1,761,47.83,123,16.2,348,167,8,586,P1,181,59.4,28.5,312,186,596,P1,False,D,4,,0,324,
South 24 Parganas,204,S24P-204,34,Govt Office 34,369,347,1,717,48.4,113,15.8,364,131,4,550,P1,233,66.2,23.8,344,200,613,P1,False,D,4,,0,305,
South 24 Parganas,204,S24P-204,35,Govt Office 35,418,382,1,801,47.69,101,12.6,399,178,5,641,P1,221,62.2,27.8,420,199,688,P1,False,D,4,,0,341,
South 24 Parganas,204,S24P-204,36,Panchayat Bhavan 36,281,265,0,546,48.53,77,14.1,237,174,2,467,P1,63,50.7,37.3,281,123,470,P1,False,D,4,,0,233,
South 24 Parganas,204,S24P-204,37,Govt Office 37,365,373,1,739,50.47,69,9.3,456,83,7,598,P1,373,76.3,13.9,306,174,607,P1,False,A,1,,0,315,
South 24 Parganas,204,S24P-204,38,Health Sub-Centre 38,367,378,1,746,50.67,75,10.1,424,104,6,586,P1,320,72.4,17.7,350,108,571,P1,False,D,4,,0,318,
South 24 Parganas,204,S24P-204,39,Primary School 39,411,406,0,817,49.69,92,11.3,420,174,2,660,P1,246,63.6,26.4,390,135,681,P1,False,D,4,,0,348,
South 24 Parganas,204,S24P-204,40,Temple Hall 40,269,246,0,515,47.77,61,11.8,315,68,3,442,P1,247,71.3,15.4,237,85,412,P1,False,D,4,,0,219,
South 24 Parganas,204,S24P-204,41,Anganwadi Centre 41,332,344,1,677,50.81,89,13.1,265,211,11,592,P1,54,44.8,35.6,340,166,585,P1,False,D,4,,0,288,
South 24 Parganas,204,S24P-204,42,Club Building 42,293,276,0,569,48.51,77,13.5,250,105,11,452,P1,145,55.3,23.2,238,187,484,P1,False,D,4,,0,242,
South 24 Parganas,204,S24P-204,43,High School 43,359,371,1,731,50.75,96,13.1,372,147,5,577,P1,225,64.5,25.5,269,154,568,P1,False,D,4,,0,311,
South 24 Parganas,204,S24P-204,44,Market Building 44,261,238,0,499,47.7,66,13.2,248,116,2,405,P1,132,61.2,28.6,247,112,419,P1,False,D,4,,0,212,
South 24 Parganas,204,S24P-204,45,Community Hall 45,283,257,0,540,47.59,70,13.0,222,121,10,430,P1,101,51.6,28.1,260,113,452,P1,False,D,4,,0,230,
South 24 Parganas,204,S24P-204,46,Club Building 46,409,398,0,807,49.32,89,11.0,404,161,2,627,P1,243,64.4,25.7,379,164,689,P1,False,D,4,,0,344,
South 24 Parganas,204,S24P-204,47,Anganwadi Centre 47,248,242,0,490,49.39,68,13.9,245,116,4,401,P1,129,61.1,28.9,295,82,419,P1,False,D,4,,0,209,
South 24 Parganas,204,S24P-204,48,Madrasa 48,380,357,1,738,48.37,107,14.5,332,145,11,606,P1,187,54.8,23.9,397,167,627,P1,False,D,4,,0,314,
South 24 Parganas,204,S24P-204,49,Health Sub-Centre 49,283,268,0,551,48.64,59,10.7,264,98,3,430,P1,166,61.4,22.8,273,117,434,P1,False,D,4,,0,235,
South 24 Parganas,204,S24P-204,50,Temple Hall 50,375,355,0,730,48.63,103,14.1,364,145,4,565,P1,219,64.4,25.7,278,141,600,P1,False,D,4,,0,311,
South 24 Parganas,204,S24P-204,51,Primary School 51,368,339,1,708,47.88,112,15.8,376,163,9,619,P1,213,60.7,26.3,279,129,591,P1,False,D,4,,0,302,
South 24 Parganas,204,S24P-204,52,Govt Office 52,351,339,1,691,49.06,114,16.5,322,177,3,565,P1,145,57.0,31.3,328,156,579,P1,False,D,4,,0,294,
South 24 Parganas,204,S24P-204,53,Post Office 53,369,374,1,744,50.27,123,16.5,345,121,17,647,P1,188,53.3,18.7,307,196,605,P1,False,D,4,,0,317,
South 24 Parganas,204,S24P-204,54,Health Sub-Centre 54,361,347,0,708,49.01,105,14.8,324,204,10,617,P1,120,52.5,33.1,353,164,595,P1,False,D,4,,0,302,
South 24 Parganas,204,S24P-204,55,Govt Office 55,351,349,0,700,49.86,111,15.9,366,152,6,576,P1,214,63.5,26.4,381,136,605,P1,False,D,4,,0,298,
South 24 Parganas,204,S24P-204,56,Temple Hall 56,399,389,0,788,49.37,100,12.7,467,98,2,628,P1,369,74.4,15.6,437,116,615,P1,False,D,4,,0,336,
South 24 Parganas,204,S24P-204,57,Temple Hall 57,253,246,0,499,49.3,66,13.2,208,124,3,390,P1,84,53.3,31.8,270,88,420,P1,False,D,4,,0,212,
South 24 Parganas,204,S24P-204,58,Community Hall 58,336,348,1,685,50.8,109,15.9,327,174,7,598,P1,153,54.7,29.1,402,131,593,P1,False,D,4,,0,292,
South 24 Parganas,204,S24P-204,59,Market Building 59,255,234,0,489,47.85,48,9.8,208,82,8,409,P1,101,50.9,20.0,265,120,428,P1,False,B,3,,0,208,
South 24 Parganas,204,S24P-204,60,Community Hall 60,305,286,0,591,48.39,90,15.2,355,87,4,492,P1,268,72.2,17.7,335,79,459,P1,False,D,4,,0,252,
South 24 Parganas,204,S24P-204,61,Panchayat Bhavan 61,261,237,1,499,47.49,55,11.0,308,70,5,419,P1,238,73.5,16.7,217,113,383,P1,False,D,4,,0,212,
South 24 Parganas,204,S24P-204,62,High School 62,257,233,1,491,47.45,71,14.5,243,113,4,396,P1,130,61.4,28.5,256,132,431,P1,False,D,4,,0,209,
South 24 Parganas,204,S24P-204,63,Club Building 63,268,245,1,514,47.67,77,15.0,246,84,10,422,P1,162,58.3,19.9,264,132,440,P1,False,D,4,,0,219,
South 24 Parganas,204,S24P-204,64,Madrasa 64,420,395,1,816,48.41,99,12.1,391,195,3,657,P1,196,59.5,29.7,460,181,712,P1,False,D,4,,0,347,
South 24 Parganas,204,S24P-204,65,Post Office 65,322,310,0,632,49.05,99,15.7,323,147,5,557,P1,176,58.0,26.4,285,134,558,P1,False,D,4,,0,269,
South 24 Parganas,204,S24P-204,66,Govt Office 66,298,293,1,592,49.49,69,11.7,307,164,5,523,P1,143,58.7,31.4,274,132,486,P1,False,D,4,,0,252,
South 24 Parganas,204,S24P-204,67,Madrasa 67,356,337,0,693,48.63,117,16.9,339,140,3,532,P1,199,63.7,26.3,371,180,612,P1,False,D,4,,0,295,
South 24 Parganas,204,S24P-204,68,Temple Hall 68,256,242,1,499,48.5,79,15.8,326,67,2,437,P1,259,74.6,15.3,254,96,420,P1,False,D,4,,0,212,
South 24 Parganas,204,S24P-204,69,Govt Office 69,374,337,0,711,47.4,92,12.9,400,106,4,562,P1,294,71.2,18.9,421,79,555,P1,False,D,4,,0,303,
South 24 Parganas,204,S24P-204,70,Govt Office 70,345,355,0,700,50.71,104,14.9,432,124,5,618,P1,308,69.9,20.1,410,113,582,P1,False,D,4,,0,298,
South 24 Parganas,204,S24P-204,71,Temple Hall 71,376,377,1,754,50.0,97,12.9,414,124,3,598,P1,290,69.2,20.7,327,135,656,P1,False,D,4,,0,321,
South 24 Parganas,204,S24P-204,72,Post Office 72,254,239,1,494,48.38,77,15.6,206,154,4,400,P1,52,51.5,38.5,224,114,396,P1,False,D,4,,0,210,
South 24 Parganas,204,S24P-204,73,Temple Hall 73,410,385,0,795,48.43,74,9.3,439,131,7,642,P1,308,68.4,20.4,473,153,695,P1,False,A,1,,0,339,
South 24 Parganas,204,S24P-204,74,Post Office 74,369,338,0,707,47.81,98,13.9,323,107,11,612,P1,158,52.8,17.5,291,133,546,P1,False,D,4,,0,301,
South 24 Parganas,204,S24P-204,75,Post Office 75,250,229,1,480,47.71,52,10.8,247,115,3,403,P1,132,61.3,28.5,254,94,387,P1,False,D,4,,0,204,
South 24 Parganas,204,S24P-204,76,Market Building 76,301,307,0,608,50.49,61,10.0,298,180,3,533,P1,118,55.9,33.8,256,109,497,P1,False,B,3,,0,259,
South 24 Parganas,204,S24P-204,77,Govt Office 77,400,364,1,765,47.58,109,14.2,421,182,7,670,P1,239,62.8,27.2,318,214,601,P1,False,D,4,,0,326,
South 24 Parganas,204,S24P-204,78,Govt Office 78,310,318,1,629,50.56,89,14.1,376,113,4,544,P1,263,69.1,20.8,310,138,498,P1,False,D,4,,0,268,
South 24 Parganas,204,S24P-204,79,Health Sub-Centre 79,266,272,0,538,50.56,53,9.9,223,117,9,415,P1,106,53.7,28.2,275,140,461,P1,False,B,3,,0,229,
South 24 Parganas,204,S24P-204,80,Market Building 80,330,336,1,667,50.37,101,15.1,296,156,8,518,P1,140,57.1,30.1,383,124,563,P1,False,D,4,,0,284,
South 24 Parganas,204,S24P-204,81,Panchayat Bhavan 81,281,260,0,541,48.06,56,10.4,258,97,4,442,P1,161,58.4,21.9,326,62,453,P1,False,D,4,,0,230,
South 24 Parganas,204,S24P-204,82,High School 82,259,238,0,497,47.89,73,14.7,285,87,4,413,P1,198,69.0,21.1,231,142,414,P1,False,D,4,,0,212,
South 24 Parganas,204,S24P-204,83,Primary School 83,294,284,0,578,49.13,97,16.8,290,120,6,460,P1,170,63.0,26.1,268,181,499,P1,False,D,4,,0,246,
South 24 Parganas,204,S24P-204,84,Community Hall 84,294,294,0,588,50.0,62,10.5,246,90,12,468,P1,130,52.6,19.2,322,107,477,P1,False,D,4,,0,250,
South 24 Parganas,204,S24P-204,85,Temple Hall 85,351,348,1,700,49.71,76,10.9,348,171,4,594,P1,177,58.6,28.8,323,172,586,P1,False,D,4,,0,298,
South 24 Parganas,204,S24P-204,86,High School 86,382,368,1,751,49.0,115,15.3,350,119,12,609,P1,228,57.5,19.5,372,151,640,P1,False,D,4,,0,320,
South 24 Parganas,204,S24P-204,87,High School 87,387,395,0,782,50.51,72,9.2,388,218,8,686,P1,170,56.6,31.8,366,186,647,P1,False,B,3,,0,333,
South 24 Parganas,204,S24P-204,88,Anganwadi Centre 88,358,348,1,707,49.22,83,11.7,323,205,7,586,P1,118,55.1,35.0,377,135,569,P1,False,D,4,,0,301,
South 24 Parganas,204,S24P-204,89,Health Sub-Centre 89,318,298,1,617,48.3,98,15.9,321,105,3,473,P1,216,67.9,22.2,273,95,485,P1,False,D,4,,0,263,
South 24 Parganas,204,S24P-204,90,Health Sub-Centre 90,402,364,1,767,47.46,95,12.4,324,162,6,631,P1,162,51.3,25.7,394,189,648,P1,False,D,4,,0,327,
South 24 Parganas,204,S24P-204,91,High School 91,300,297,1,598,49.67,87,14.5,337,121,6,520,P1,216,64.8,23.3,323,144,519,P1,False,D,4,,0,255,
South 24 Parganas,204,S24P-204,92,Community Hall 92,249,245,0,494,49.6,55,11.1,214,133,5,405,P1,81,52.8,32.8,214,135,388,P1,False,D,4,,0,210,
South 24 Parganas,204,S24P-204,93,Post Office 93,319,291,1,611,47.63,63,10.3,337,134,3,524,P1,203,64.3,25.6,347,123,523,P1,False,D,4,,0,260,
South 24 Parganas,204,S24P-204,94,Club Building 94,398,368,0,766,48.04,120,15.7,414,177,6,657,P1,237,63.0,26.9,338,148,643,P1,False,D,4,,0,326,
South 24 Parganas,204,S24P-204,95,Market Building 95,401,408,1,810,50.37,106,13.1,242,211,15,652,P1,31,37.1,32.4,393,173,629,P1,False,D,4,,0,345,
South 24 Parganas,204,S24P-204,96,Madrasa 96,392,390,1,783,49.81,84,10.7,365,162,5,637,P1,203,57.3,25.4,341,201,635,P1,False,D,4,,0,333,
South 24 Parganas,204,S24P-204,97,High School 97,274,284,1,559,50.81,88,15.7,295,134,5,492,P1,161,60.0,27.2,258,101,470,P1,False,D,4,,0,238,
South 24 Parganas,204,S24P-204,98,Panchayat Bhavan 98,243,246,0,489,50.31,62,12.7,264,105,2,411,P1,159,64.2,25.5,245,103,413,P1,False,D,4,,0,208,
South 24 Parganas,204,S24P-204,99,Health Sub-Centre 99,427,382,0,809,47.22,113,14.0,375,142,16,689,P1,226,54.4,20.6,419,175,660,P1,False,D,4,,0,345,
South 24 Parganas,204,S24P-204,100,Health Sub-Centre 100,260,260,1,521,49.9,73,14.0,237,85,6,434,P1,136,54.6,19.6,283,92,417,P1,False,D,4,,0,222,
South 24 Parganas,204,S24P-204,101,Community Hall 101,279,270,1,550,49.09,88,16.0,212,117,11,437,P1,95,48.5,26.8,298,125,472,P1,False,D,4,,0,234,
South 24 Parganas,204,S24P-204,102,Health Sub-Centre 102,422,384,0,806,47.64,77,9.6,409,193,11,700,P1,216,58.4,27.6,419,137,618,P1,False,B,3,,0,343,
South 24 Parganas,204,S24P-204,103,Community Hall 103,325,328,1,654,50.15,104,15.9,332,186,4,575,P1,146,57.7,32.3,358,111,521,P1,False,D,4,,0,279,
South 24 Parganas,204,S24P-204,104,Health Sub-Centre 104,300,293,0,593,49.41,55,9.3,338,73,7,507,P1,253,66.7,14.4,276,111,477,P1,False,A,1,,0,253,
South 24 Parganas,204,S24P-204,105,Temple Hall 105,330,327,0,657,49.77,62,9.4,324,140,6,543,P1,184,59.7,25.8,270,139,520,P1,False,B,3,,0,280,
South 24 Parganas,204,S24P-204,106,High School 106,240,244,0,484,50.41,71,14.7,265,87,3,391,P1,178,67.8,22.3,270,92,402,P1,False,D,4,,0,206,
South 24 Parganas,204,S24P-204,107,Health Sub-Centre 107,262,258,1,521,49.52,68,13.1,242,78,7,415,P1,158,58.3,18.8,259,107,407,P1,False,D,4,,0,222,
South 24 Parganas,204,S24P-204,108,Madrasa 108,400,361,1,762,47.38,73,9.6,396,141,7,596,P1,255,66.4,23.7,310,214,670,P1,False,A,1,,0,324,
South 24 Parganas,204,S24P-204,109,Panchayat Bhavan 109,383,388,1,772,50.26,104,13.5,414,189,3,670,P1,225,61.8,28.2,337,150,623,P1,False,D,4,,0,329,
South 24 Parganas,204,S24P-204,110,Club Building 110,360,364,0,724,50.28,74,10.2,303,120,15,567,P1,180,53.4,21.2,405,110,573,P1,False,D,4,,0,308,
South 24 Parganas,204,S24P-204,111,Primary School 111,286,285,0,571,49.91,70,12.3,267,151,5,465,P1,116,57.4,32.5,289,129,495,P1,False,D,4,,0,243,
South 24 Parganas,204,S24P-204,112,Temple Hall 112,289,297,0,586,50.68,93,15.9,319,123,8,509,P1,196,62.7,24.2,337,125,514,P1,False,D,4,,0,250,
South 24 Parganas,204,S24P-204,113,Temple Hall 113,313,289,0,602,48.01,75,12.5,312,114,3,509,P1,198,61.3,22.4,302,131,529,P1,False,D,4,,0,256,
South 24 Parganas,204,S24P-204,114,Market Building 114,406,409,0,815,50.18,108,13.3,485,148,5,704,P1,337,68.9,21.0,478,163,712,P1,False,D,4,,0,347,
South 24 Parganas,204,S24P-204,115,Panchayat Bhavan 115,277,267,1,545,48.99,80,14.7,241,123,6,477,P1,118,50.5,25.8,279,142,476,P1,False,D,4,,0,232,
South 24 Parganas,204,S24P-204,116,High School 116,312,321,1,634,50.63,89,14.0,272,122,6,493,P1,150,55.2,24.7,312,151,515,P1,False,D,4,,0,270,
South 24 Parganas,204,S24P-204,117,Community Hall 117,249,247,1,497,49.7,66,13.3,245,99,4,382,P1,146,64.1,25.9,231,145,425,P1,False,D,4,,0,212,
South 24 Parganas,204,S24P-204,118,Temple Hall 118,337,329,1,667,49.33,67,10.0,291,177,3,519,P1,114,56.1,34.1,345,157,562,P1,False,B,3,,0,284,
South 24 Parganas,204,S24P-204,119,Club Building 119,253,228,0,481,47.4,51,10.6,238,90,3,396,P1,148,60.1,22.7,236,103,376,P1,False,D,4,,0,205,
South 24 Parganas,204,S24P-204,120,Madrasa 120,252,256,1,509,50.29,49,9.6,278,79,2,396,P1,199,70.2,19.9,287,85,430,P1,False,A,1,,0,217,
South 24 Parganas,204,S24P-204,121,Panchayat Bhavan 121,310,293,0,603,48.59,100,16.6,219,181,8,532,P1,38,41.2,34.0,320,114,497,P1,False,D,4,,0,257,
South 24 Parganas,204,S24P-204,122,Primary School 122,330,301,0,631,47.7,60,9.5,355,128,6,536,P1,227,66.2,23.9,294,145,522,P1,False,A,1,,0,269,
South 24 Parganas,204,S24P-204,123,Anganwadi Centre 123,258,264,1,523,50.48,57,10.9,242,119,7,421,P1,123,57.5,28.3,283,69,412,P1,False,D,4,,0,223,
South 24 Parganas,204,S24P-204,124,Health Sub-Centre 124,347,313,1,661,47.35,107,16.2,311,142,10,562,P1,169,55.3,25.3,439,78,574,P1,False,D,4,,0,281,
South 24 Parganas,204,S24P-204,125,Temple Hall 125,341,349,0,690,50.58,84,12.2,369,126,6,550,P1,243,67.1,22.9,359,160,576,P1,False,D,4,,0,294,
South 24 Parganas,204,S24P-204,126,Anganwadi Centre 126,316,321,1,638,50.31,97,15.2,331,56,12,556,P1,179,59.5,10.1,329,117,496,P1,False,D,4,,0,272,
South 24 Parganas,204,S24P-204,127,Community Hall 127,256,264,1,521,50.67,63,12.1,248,148,5,440,P1,100,56.4,33.6,226,148,446,P1,False,D,4,,0,222,
South 24 Parganas,204,S24P-204,128,Post Office 128,342,319,0,661,48.26,81,12.3,361,129,6,544,P1,232,66.4,23.7,419,98,575,P1,False,D,4,,0,281,
South 24 Parganas,204,S24P-204,129,Primary School 129,332,297,0,629,47.22,92,14.6,317,148,4,517,P1,169,61.3,28.6,273,191,516,P1,False,D,4,,0,268,
South 24 Parganas,204,S24P-204,130,Market Building 130,264,264,0,528,50.0,85,16.1,279,118,2,441,P1,161,63.3,26.8,183,141,404,P1,False,D,4,,0,225,
South 24 Parganas,204,S24P-204,131,Primary School 131,314,308,0,622,49.52,58,9.3,292,162,2,509,P1,130,57.4,31.8,279,131,542,P1,False,B,3,,0,265,
South 24 Parganas,204,S24P-204,132,High School 132,299,304,1,604,50.33,62,10.3,297,144,2,498,P1,153,59.6,28.9,351,81,480,P1,False,D,4,,0,257,
South 24 Parganas,204,S24P-204,133,Madrasa 133,245,241,1,487,49.49,82,16.8,228,112,2,400,P1,116,57.0,28.0,267,101,409,P1,False,D,4,,0,207,
South 24 Parganas,204,S24P-204,134,Panchayat Bhavan 134,339,332,0,671,49.48,100,14.9,357,114,5,538,P1,243,66.4,21.2,300,130,519,P1,False,D,4,,0,286,
South 24 Parganas,204,S24P-204,135,High School 135,302,299,1,602,49.67,68,11.3,325,110,5,484,P1,215,67.1,22.7,313,126,523,P1,False,D,4,,0,256,
South 24 Parganas,204,S24P-204,136,Health Sub-Centre 136,399,360,1,760,47.37,112,14.7,376,194,6,633,P1,182,59.4,30.6,423,125,652,P1,False,D,4,,0,324,
South 24 Parganas,204,S24P-204,137,Temple Hall 137,288,261,1,550,47.45,70,12.7,268,117,5,427,P1,151,62.8,27.4,290,142,480,P1,False,D,4,,0,234,
South 24 Parganas,204,S24P-204,138,Temple Hall 138,311,299,0,610,49.02,82,13.4,252,86,9,502,P1,103,50.2,17.1,345,138,537,P1,False,D,4,,0,260,
South 24 Parganas,204,S24P-204,139,Health Sub-Centre 139,258,235,0,493,47.67,75,15.2,310,39,4,387,P1,271,80.1,10.1,199,125,428,P1,False,D,4,,0,210,
South 24 Parganas,204,S24P-204,140,Market Building 140,299,306,1,606,50.5,75,12.4,310,122,4,510,P1,188,60.8,23.9,245,125,487,P1,False,D,4,,0,258,
South 24 Parganas,204,S24P-204,141,Temple Hall 141,365,363,1,729,49.79,73,10.0,398,159,2,619,P1,239,64.3,25.7,400,157,619,P1,False,B,3,,0,310,
South 24 Parganas,204,S24P-204,142,Health Sub-Centre 142,296,295,0,591,49.92,55,9.3,311,125,2,512,P1,186,60.7,24.4,368,98,517,P1,False,B,3,,0,252,
South 24 Parganas,204,S24P-204,143,Madrasa 143,262,253,1,516,49.03,77,14.9,236,126,7,437,P1,110,54.0,28.8,211,160,412,P1,False,D,4,,0,220,
South 24 Parganas,204,S24P-204,144,Anganwadi Centre 144,310,279,0,589,47.37,67,11.4,253,70,14,477,P1,117,53.0,14.7,321,112,481,P1,False,D,4,,0,251,
South 24 Parganas,204,S24P-204,145,Temple Hall 145,412,374,1,787,47.52,129,16.4,421,154,5,639,P1,267,65.9,24.1,383,196,644,P1,False,D,4,,0,335,
South 24 Parganas,204,S24P-204,146,Post Office 146,395,405,0,800,50.62,96,12.0,425,156,6,646,P1,269,65.8,24.1,452,166,695,P1,False,D,4,,0,341,
South 24 Parganas,204,S24P-204,147,Temple Hall 147,378,357,0,735,48.57,122,16.6,399,107,5,562,P1,292,71.0,19.0,350,144,591,P1,False,D,4,,0,313,
South 24 Parganas,204,S24P-204,148,Madrasa 148,323,296,1,620,47.74,62,10.0,339,148,3,541,P1,191,62.7,27.4,320,125,507,P1,False,B,3,,0,264,
South 24 Parganas,204,S24P-204,149,Primary School 149,386,364,0,750,48.53,121,16.1,377,170,6,607,P1,207,62.1,28.0,394,188,660,P1,False,D,4,,0,319,
South 24 Parganas,204,S24P-204,150,Club Building 150,379,390,0,769,50.72,71,9.2,378,173,3,613,P1,205,61.7,28.2,388,136,603,P1,False,B,3,,0,327,
South 24 Parganas,204,S24P-204,151,Panchayat Bhavan 151,259,256,0,515,49.71,78,15.1,279,102,4,424,P1,177,65.8,24.1,280,109,432,P1,False,D,4,,0,219,
South 24 Parganas,204,S24P-204,152,High School 152,289,287,1,577,49.74,75,13.0,274,150,3,480,P1,124,57.1,31.2,292,134,486,P1,False,D,4,,0,246,
South 24 Parganas,204,S24P-204,153,Anganwadi Centre 153,246,248,1,495,50.1,66,13.3,231,136,2,407,P1,95,56.8,33.4,257,72,397,P1,False,D,4,,0,211,
South 24 Parganas,204,S24P-204,154,Club Building 154,401,414,1,816,50.74,131,16.1,410,161,3,655,P1,249,62.6,24.6,297,162,630,P1,False,D,4,,0,347,
South 24 Parganas,204,S24P-204,155,Post Office 155,343,309,0,652,47.39,69,10.6,346,117,6,515,P1,229,67.2,22.7,378,127,561,P1,False,D,4,,0,278,
South 24 Parganas,204,S24P-204,156,Club Building 156,402,412,0,814,50.61,90,11.1,443,150,5,658,P1,293,67.3,22.8,376,191,661,P1,False,D,4,,0,347,
South 24 Parganas,204,S24P-204,157,Market Building 157,274,252,0,526,47.91,50,9.5,253,123,5,418,P1,130,60.5,29.4,232,107,409,P1,False,B,3,,0,224,
South 24 Parganas,204,S24P-204,158,Post Office 158,375,355,1,731,48.56,93,12.7,439,97,5,595,P1,342,73.8,16.3,357,143,567,P1,False,D,4,,0,311,
South 24 Parganas,204,S24P-204,159,Anganwadi Centre 159,307,309,0,616,50.16,61,9.9,235,162,11,508,P1,73,46.3,31.9,391,90,535,P1,False,B,3,,0,262,
South 24 Parganas,204,S24P-204,160,High School 160,247,250,1,498,50.2,79,15.9,273,100,5,422,P1,173,64.7,23.7,242,118,426,P1,False,D,4,,0,212,
South 24 Parganas,204,S24P-204,161,Market Building 161,270,276,0,546,50.55,82,15.0,236,141,4,421,P1,95,56.1,33.5,265,114,462,P1,False,D,4,,0,233,
South 24 Parganas,204,S24P-204,162,Panchayat Bhavan 162,246,244,1,491,49.69,68,13.8,214,74,6,401,P1,111,53.4,18.5,207,135,393,P1,False,D,4,,0,209,
South 24 Parganas,204,S24P-204,163,Panchayat Bhavan 163,259,259,1,519,49.9,85,16.4,243,122,3,405,P1,121,60.0,30.1,280,82,402,P1,False,D,4,,0,221,
South 24 Parganas,204,S24P-204,164,Club Building 164,378,372,1,751,49.53,106,14.1,316,65,23,611,P1,115,51.7,10.6,448,102,611,P1,False,D,4,,0,320,
South 24 Parganas,204,S24P-204,165,Temple Hall 165,246,248,1,495,50.1,67,13.5,240,94,2,400,P1,146,60.0,23.5,251,122,414,P1,False,D,4,,0,211,
South 24 Parganas,204,S24P-204,166,Community Hall 166,317,302,1,620,48.71,94,15.2,268,164,12,534,P1,104,50.2,30.7,364,100,543,P1,False,D,4,,0,264,
South 24 Parganas,204,S24P-204,167,Post Office 167,407,384,0,791,48.55,130,16.4,361,168,3,614,P1,193,58.8,27.4,389,104,678,P1,False,D,4,,0,337,
South 24 Parganas,204,S24P-204,168,Govt Office 168,308,280,1,589,47.54,66,11.2,357,92,5,499,P1,265,71.5,18.4,304,111,490,P1,False,D,4,,0,251,
South 24 Parganas,205,S24P-205,1,Post Office 1,293,270,0,563,47.96,74,13.1,290,140,3,478,P1,150,60.7,29.3,238,140,464,P1,False,D,4,,0,240,
South 24 Parganas,205,S24P-205,2,Community Hall 2,242,249,1,492,50.61,70,14.2,258,109,6,422,P1,149,61.1,25.8,259,120,434,P1,False,D,4,,0,210,
South 24 Parganas,205,S24P-205,3,Temple Hall 3,303,306,1,610,50.16,63,10.3,300,105,8,494,P1,195,60.7,21.3,333,134,534,P1,False,D,4,,0,260,
South 24 Parganas,205,S24P-205,4,High School 4,293,277,1,571,48.51,73,12.8,240,138,9,462,P1,102,51.9,29.9,352,97,499,P1,False,D,4,,0,243,
South 24 Parganas,205,S24P-205,5,Health Sub-Centre 5,325,334,1,660,50.61,59,8.9,290,123,11,520,P1,167,55.8,23.7,325,142,519,P1,False,B,3,,0,281,
South 24 Parganas,205,S24P-205,6,Market Building 6,270,251,1,522,48.08,61,11.7,224,86,7,420,P1,125,53.3,20.5,306,88,437,P1,False,D,4,,0,222,
South 24 Parganas,205,S24P-205,7,Health Sub-Centre 7,288,298,1,587,50.77,83,14.1,267,118,6,449,P1,149,59.5,26.3,320,132,503,P1,False,D,4,,0,250,
South 24 Parganas,205,S24P-205,8,Club Building 8,335,320,1,656,48.78,74,11.3,385,112,4,553,P1,273,69.6,20.3,318,108,535,P1,False,D,4,,0,279,
South 24 Parganas,205,S24P-205,9,Primary School 9,280,282,1,563,50.09,54,9.6,326,91,4,468,P1,235,69.7,19.4,234,128,482,P1,False,A,1,,0,240,
South 24 Parganas,205,S24P-205,10,Health Sub-Centre 10,334,319,0,653,48.85,64,9.8,345,157,3,558,P1,188,61.8,28.1,366,91,508,P1,False,B,3,,0,278,
South 24 Parganas,205,S24P-205,11,Market Building 11,251,241,1,493,48.88,53,10.8,256,123,5,421,P1,133,60.8,29.2,223,127,424,P1,False,D,4,,0,210,
South 24 Parganas,205,S24P-205,12,Club Building 12,341,330,0,671,49.18,85,12.7,431,97,6,587,P1,334,73.4,16.5,354,151,561,P1,False,D,4,,0,286,
South 24 Parganas,205,S24P-205,13,Community Hall 13,362,349,1,712,49.02,56,7.9,389,152,4,602,P1,237,64.6,25.2,269,159,573,P1,False,B,3,,0,303,
South 24 Parganas,205,S24P-205,14,Anganwadi Centre 14,300,296,1,597,49.58,70,11.7,254,182,5,525,P1,72,48.4,34.7,340,104,493,P1,False,D,4,,0,254,
South 24 Parganas,205,S24P-205,15,Market Building 15,396,373,1,770,48.44,97,12.6,288,121,19,599,P1,123,48.1,20.2,288,122,599,P1,False,D,4,,0,328,
South 24 Parganas,205,S24P-205,16,Temple Hall 16,353,364,0,717,50.77,94,13.1,385,136,3,579,P1,249,66.5,23.5,342,150,588,P1,False,D,4,,0,305,
South 24 Parganas,205,S24P-205,17,Govt Office 17,285,257,1,543,47.33,73,13.4,240,110,7,418,P1,130,57.4,26.3,288,62,425,P1,False,D,4,,0,231,
South 24 Parganas,205,S24P-205,18,Madrasa 18,278,251,1,530,47.36,46,8.7,221,105,9,408,P1,116,54.2,25.7,215,123,437,P1,False,B,3,,0,226,
South 24 Parganas,205,S24P-205,19,Madrasa 19,247,246,0,493,49.9,39,7.9,203,121,6,386,P1,82,52.6,31.3,225,79,413,P1,False,B,3,,0,210,
South 24 Parganas,205,S24P-205,20,Post Office 20,383,355,1,739,48.04,87,11.8,303,206,7,602,P1,97,50.3,34.2,322,178,604,P1,False,D,4,,0,315,
South 24 Parganas,205,S24P-205,21,High School 21,348,342,0,690,49.57,70,10.1,400,132,3,603,P1,268,66.3,21.9,278,202,533,P1,False,D,4,,0,294,
South 24 Parganas,205,S24P-205,22,Temple Hall 22,260,269,0,529,50.85,44,8.3,264,102,4,406,P1,162,65.0,25.1,228,139,450,P1,False,B,3,,0,225,
South 24 Parganas,205,S24P-205,23,Community Hall 23,320,292,0,612,47.71,62,10.1,287,156,3,492,P1,131,58.3,31.7,291,150,540,P1,False,D,4,,0,261,
South 24 Parganas,205,S24P-205,24,Anganwadi Centre 24,325,321,1,647,49.61,54,8.3,310,133,5,546,P1,177,56.8,24.4,333,135,552,P1,False,B,3,,0,276,
South 24 Parganas,205,S24P-205,25,Anganwadi Centre 25,290,281,1,572,49.13,48,8.4,388,52,2,489,P1,336,79.3,10.6,328,118,495,P1,False,A,1,,0,244,
South 24 Parganas,205,S24P-205,26,High School 26,393,398,1,792,50.25,104,13.1,385,159,7,620,P1,226,62.1,25.6,530,88,686,P1,False,D,4,,0,337,
South 24 Parganas,205,S24P-205,27,Post Office 27,271,280,1,552,50.72,62,11.2,259,125,3,427,P1,134,60.7,29.3,264,135,461,P1,False,D,4,,0,235,
South 24 Parganas,205,S24P-205,28,Madrasa 28,385,371,1,757,49.01,101,13.3,381,138,2,580,P1,243,65.7,23.8,390,133,581,P1,False,D,4,,0,322,
South 24 Parganas,205,S24P-205,29,Madrasa 29,294,275,0,569,48.33,59,10.4,302,136,4,492,P1,166,61.4,27.6,214,89,469,P1,False,D,4,,0,242,
South 24 Parganas,205,S24P-205,30,Govt Office 30,369,377,0,746,50.54,95,12.7,380,165,5,635,P1,215,59.8,26.0,323,131,650,P1,False,D,4,,0,318,
South 24 Parganas,205,S24P-205,31,Community Hall 31,359,357,1,717,49.79,83,11.6,273,155,5,552,P1,118,49.5,28.1,301,156,623,P1,False,D,4,,0,305,
South 24 Parganas,205,S24P-205,32,High School 32,381,366,1,748,48.93,83,11.1,363,163,8,616,P1,200,58.9,26.5,348,106,580,P1,False,D,4,,0,319,
South 24 Parganas,205,S24P-205,33,Health Sub-Centre 33,264,242,0,506,47.83,66,13.0,276,93,3,410,P1,183,67.3,22.7,264,135,444,P1,False,D,4,,0,215,
South 24 Parganas,205,S24P-205,34,Market Building 34,288,297,0,585,50.77,83,14.2,228,124,10,451,P1,104,50.6,27.5,274,89,484,P1,False,D,4,,0,249,
South 24 Parganas,205,S24P-205,35,Post Office 35,282,260,0,542,47.97,60,11.1,286,139,3,472,P1,147,60.6,29.4,253,131,427,P1,False,D,4,,0,231,
South 24 Parganas,205,S24P-205,36,Market Building 36,335,305,1,641,47.58,71,11.1,254,157,11,551,P1,97,46.1,28.5,368,108,549,P1,False,D,4,,0,273,
South 24 Parganas,205,S24P-205,37,Govt Office 37,384,394,0,778,50.64,73,9.4,404,135,6,599,P1,269,67.4,22.5,477,120,673,P1,False,A,1,,0,331,
South 24 Parganas,205,S24P-205,38,Primary School 38,312,280,0,592,47.3,78,13.2,348,113,4,513,P1,235,67.8,22.0,377,68,494,P1,False,D,4,,0,252,
South 24 Parganas,205,S24P-205,39,Temple Hall 39,294,267,0,561,47.59,75,13.4,252,129,5,432,P1,123,58.3,29.9,290,119,454,P1,False,D,4,,0,239,
South 24 Parganas,205,S24P-205,40,Govt Office 40,245,235,1,481,48.86,66,13.7,238,83,6,374,P1,155,63.6,22.2,227,110,374,P1,False,D,4,,0,205,
South 24 Parganas,205,S24P-205,41,Panchayat Bhavan 41,308,317,1,626,50.64,58,9.3,316,114,6,486,P1,202,65.0,23.5,349,135,537,P1,False,B,3,,0,267,
South 24 Parganas,205,S24P-205,42,Market Building 42,263,263,0,526,50.0,59,11.2,262,137,2,443,P1,125,59.1,30.9,256,93,413,P1,False,D,4,,0,224,
South 24 Parganas,205,S24P-205,43,Community Hall 43,273,267,0,540,49.44,68,12.6,280,101,5,441,P1,179,63.5,22.9,218,138,430,P1,False,D,4,,0,230,
South 24 Parganas,205,S24P-205,44,Health Sub-Centre 44,280,279,1,560,49.82,65,11.6,268,133,6,464,P1,135,57.8,28.7,223,94,447,P1,False,D,4,,0,238,
South 24 Parganas,205,S24P-205,45,Panchayat Bhavan 45,381,383,1,765,50.07,68,8.9,441,149,6,656,P1,292,67.2,22.7,312,162,630,P1,False,A,1,,0,326,
South 24 Parganas,205,S24P-205,46,Panchayat Bhavan 46,276,274,1,551,49.73,71,12.9,232,141,6,437,P1,91,53.1,32.3,298,97,439,P1,False,D,4,,0,235,
South 24 Parganas,205,S24P-205,47,Health Sub-Centre 47,326,315,0,641,49.14,61,9.5,335,146,3,534,P1,189,62.7,27.3,233,168,496,P1,False,B,3,,0,273,
South 24 Parganas,205,S24P-205,48,Market Building 48,258,263,1,522,50.38,72,13.8,227,96,9,424,P1,131,53.5,22.6,256,98,422,P1,False,D,4,,0,222,
South 24 Parganas,205,S24P-205,49,Market Building 49,341,336,0,677,49.63,65,9.6,259,242,2,556,P1,17,46.6,43.5,270,194,526,P1,False,B,3,,0,288,
South 24 Parganas,205,S24P-205,50,Panchayat Bhavan 50,279,288,1,568,50.7,78,13.7,282,130,4,465,P1,152,60.6,28.0,240,140,467,P1,False,D,4,,0,242,
South 24 Parganas,205,S24P-205,51,Primary School 51,284,275,1,560,49.11,57,10.2,333,101,5,482,P1,232,69.1,21.0,247,113,441,P1,False,D,4,,0,238,
South 24 Parganas,205,S24P-205,52,Madrasa 52,344,345,0,689,50.07,93,13.5,326,159,5,539,P1,167,60.5,29.5,306,162,547,P1,False,D,4,,0,293,
South 24 Parganas,205,S24P-205,53,Community Hall 53,249,258,1,508,50.79,51,10.0,222,120,6,396,P1,102,56.1,30.3,263,90,411,P1,False,B,3,,0,216,
South 24 Parganas,205,S24P-205,54,Health Sub-Centre 54,333,318,1,652,48.77,76,11.7,330,143,4,561,P1,187,58.8,25.5,411,105,573,P1,False,D,4,,0,278,
South 24 Parganas,205,S24P-205,55,Madrasa 55,391,360,0,751,47.94,70,9.3,386,162,5,623,P1,224,62.0,26.0,401,174,644,P1,False,B,3,,0,320,
South 24 Parganas,205,S24P-205,56,Health Sub-Centre 56,258,242,0,500,48.4,40,8.0,300,80,3,422,P1,220,71.1,19.0,327,59,429,P1,False,A,1,,0,213,
South 24 Parganas,205,S24P-205,57,Madrasa 57,306,294,0,600,49.0,72,12.0,292,97,3,500,P1,189,58.4,19.4,269,162,480,P1,False,D,4,,0,256,
South 24 Parganas,205,S24P-205,58,Community Hall 58,328,339,0,667,50.82,65,9.7,345,122,4,584,P1,223,59.1,20.9,284,171,548,P1,False,B,3,,0,284,
South 24 Parganas,205,S24P-205,59,Health Sub-Centre 59,320,311,0,631,49.29,88,13.9,315,138,3,538,P1,177,58.6,25.7,291,159,547,P1,False,D,4,,0,269,
South 24 Parganas,205,S24P-205,60,Community Hall 60,326,294,1,621,47.34,82,13.2,271,91,15,518,P1,135,52.3,17.6,330,109,488,P1,False,D,4,,0,264,
South 24 Parganas,205,S24P-205,61,Temple Hall 61,296,274,0,570,48.07,46,8.1,296,127,2,486,P1,169,60.9,26.1,256,153,460,P1,False,B,3,,0,243,
South 24 Parganas,205,S24P-205,62,Market Building 62,372,354,0,726,48.76,96,13.2,311,73,10,607,P1,103,51.2,12.0,311,205,641,P1,False,D,4,,0,309,
South 24 Parganas,205,S24P-205,63,Community Hall 63,278,272,0,550,49.45,71,12.9,330,84,4,461,P1,246,71.6,18.2,242,132,450,P1,False,D,4,,0,234,
South 24 Parganas,205,S24P-205,64,Temple Hall 64,278,287,0,565,50.8,51,9.0,275,103,8,472,P1,172,58.3,21.8,360,79,488,P1,False,B,3,,0,241,
South 24 Parganas,205,S24P-205,65,Govt Office 65,330,314,1,645,48.68,86,13.3,341,125,4,517,P1,216,66.0,24.2,315,156,548,P1,False,D,4,,0,275,
South 24 Parganas,205,S24P-205,66,High School 66,285,294,0,579,50.78,67,11.6,280,133,3,499,P1,147,56.1,26.7,274,153,474,P1,False,D,4,,0,247,
South 24 Parganas,205,S24P-205,67,Primary School 67,347,348,0,695,50.07,67,9.6,299,205,8,573,P1,94,52.2,35.8,336,166,558,P1,False,B,3,,0,296,
South 24 Parganas,205,S24P-205,68,High School 68,306,291,1,598,48.66,80,13.4,284,136,7,477,P1,148,59.5,28.5,303,105,471,P1,False,D,4,,0,255,
South 24 Parganas,205,S24P-205,69,Madrasa 69,354,342,0,696,49.14,91,13.1,401,150,3,612,P1,251,65.5,24.5,312,163,551,P1,False,D,4,,0,296,
South 24 Parganas,205,S24P-205,70,Community Hall 70,355,348,0,703,49.5,84,11.9,402,149,3,612,P1,253,65.7,24.3,372,183,617,P1,False,D,4,,0,299,
South 24 Parganas,205,S24P-205,71,Panchayat Bhavan 71,315,311,1,627,49.6,81,12.9,285,149,7,548,P1,136,52.0,27.2,353,118,524,P1,False,D,4,,0,267,
South 24 Parganas,205,S24P-205,72,High School 72,325,295,1,621,47.5,50,8.1,258,133,8,531,P1,125,48.6,25.0,319,105,498,P1,False,B,3,,0,264,
South 24 Parganas,205,S24P-205,73,Health Sub-Centre 73,299,289,1,589,49.07,77,13.1,313,109,3,468,P1,204,66.9,23.3,320,112,509,P1,False,D,4,,0,251,
South 24 Parganas,205,S24P-205,74,Panchayat Bhavan 74,371,336,1,708,47.46,98,13.8,356,189,6,612,P1,167,58.2,30.9,371,128,554,P1,False,D,4,,0,302,
South 24 Parganas,205,S24P-205,75,Anganwadi Centre 75,274,268,0,542,49.45,47,8.7,247,56,4,415,P1,143,59.5,13.5,289,117,474,P1,False,B,3,,0,231,
South 24 Parganas,205,S24P-205,76,Anganwadi Centre 76,351,338,1,690,48.99,62,9.0,320,119,5,533,P1,201,60.0,22.3,318,144,545,P1,False,B,3,,0,294,
South 24 Parganas,205,S24P-205,77,Post Office 77,386,380,1,767,49.54,95,12.4,385,167,4,614,P1,218,62.7,27.2,324,198,593,P1,False,D,4,,0,327,
South 24 Parganas,205,S24P-205,78,Temple Hall 78,412,402,0,814,49.39,99,12.2,415,187,2,669,P1,228,62.0,28.0,440,115,697,P1,False,D,4,,0,347,
South 24 Parganas,205,S24P-205,79,Market Building 79,242,240,1,483,49.69,65,13.5,240,95,4,372,P1,145,64.5,25.5,211,138,388,P1,False,D,4,,0,206,
South 24 Parganas,205,S24P-205,80,Anganwadi Centre 80,364,363,0,727,49.93,96,13.2,390,127,8,591,P1,263,66.0,21.5,424,142,629,P1,False,D,4,,0,310,
South 24 Parganas,205,S24P-205,81,Govt Office 81,368,344,1,713,48.25,67,9.4,337,154,6,565,P1,183,59.6,27.3,363,143,563,P1,False,B,3,,0,304,
South 24 Parganas,205,S24P-205,82,Primary School 82,268,265,0,533,49.72,58,10.9,291,82,3,414,P1,209,70.3,19.8,202,117,420,P1,False,D,4,,0,227,
South 24 Parganas,205,S24P-205,83,Anganwadi Centre 83,398,376,0,774,48.58,60,7.8,500,105,3,672,P1,395,74.4,15.6,379,170,659,P1,False,A,1,,0,330,
South 24 Parganas,205,S24P-205,84,Panchayat Bhavan 84,273,255,1,529,48.2,67,12.7,290,126,2,463,P1,164,62.6,27.2,291,117,456,P1,False,D,4,,0,225,
South 24 Parganas,205,S24P-205,85,Govt Office 85,341,348,1,690,50.43,74,10.7,418,123,5,601,P1,295,69.6,20.5,338,199,604,P1,False,D,4,,0,294,
South 24 Parganas,205,S24P-205,86,Health Sub-Centre 86,404,404,0,808,50.0,101,12.5,441,141,4,660,P1,300,66.8,21.4,415,184,711,P1,False,D,4,,0,344,
South 24 Parganas,205,S24P-205,87,Club Building 87,354,360,1,715,50.35,64,9.0,285,160,6,551,P1,125,51.7,29.0,312,204,573,P1,False,B,3,,0,304,
South 24 Parganas,205,S24P-205,88,Primary School 88,313,300,1,614,48.86,62,10.1,305,126,6,502,P1,179,60.8,25.1,330,122,527,P1,False,D,4,,0,261,
South 24 Parganas,205,S24P-205,89,Govt Office 89,281,288,1,570,50.53,72,12.6,306,88,5,494,P1,216,61.9,17.8,234,126,439,P1,False,D,4,,0,243,
South 24 Parganas,205,S24P-205,90,Primary School 90,308,277,1,586,47.27,69,11.8,279,57,14,469,P1,164,59.5,12.2,300,106,464,P1,False,D,4,,0,250,
South 24 Parganas,205,S24P-205,91,Health Sub-Centre 91,337,306,0,643,47.59,69,10.7,382,61,5,493,P1,321,77.5,12.4,351,155,562,P1,False,D,4,,0,274,
South 24 Parganas,205,S24P-205,92,Market Building 92,377,345,0,722,47.78,92,12.7,340,190,4,606,P1,150,56.1,31.4,382,163,636,P1,False,D,4,,0,307,
South 24 Parganas,205,S24P-205,93,Temple Hall 93,325,322,0,647,49.77,83,12.8,312,140,5,525,P1,172,59.4,26.7,220,138,504,P1,False,D,4,,0,276,
South 24 Parganas,205,S24P-205,94,Community Hall 94,330,311,1,642,48.44,89,13.9,269,133,6,508,P1,136,53.0,26.2,296,162,520,P1,False,D,4,,0,273,
South 24 Parganas,205,S24P-205,95,Club Building 95,307,303,1,611,49.59,83,13.6,321,137,3,538,P1,184,59.7,25.5,289,155,515,P1,False,D,4,,0,260,
South 24 Parganas,205,S24P-205,96,Madrasa 96,335,344,1,680,50.59,85,12.5,343,169,6,569,P1,174,60.3,29.7,290,194,539,P1,False,D,4,,0,290,
South 24 Parganas,205,S24P-205,97,Madrasa 97,384,345,0,729,47.33,60,8.2,323,203,10,641,P1,120,50.4,31.7,359,171,588,P1,False,B,3,,0,310,
South 24 Parganas,205,S24P-205,98,Post Office 98,291,263,1,555,47.39,79,14.2,234,108,8,451,P1,126,51.9,23.9,294,95,432,P1,False,D,4,,0,236,
South 24 Parganas,205,S24P-205,99,Temple Hall 99,286,276,1,563,49.02,48,8.5,254,108,4,450,P1,146,56.4,24.0,271,80,488,P1,False,B,3,,0,240,
South 24 Parganas,205,S24P-205,100,Temple Hall 100,373,358,1,732,48.91,88,12.0,386,173,4,621,P1,213,62.2,27.9,436,127,625,P1,False,D,4,,0,312,
South 24 Parganas,205,S24P-205,101,Health Sub-Centre 101,412,392,0,804,48.76,111,13.8,466,92,4,620,P1,374,75.2,14.8,393,171,627,P1,False,D,4,,0,342,
South 24 Parganas,205,S24P-205,102,Club Building 102,387,383,0,770,49.74,69,9.0,327,195,6,623,P1,132,52.5,31.3,309,189,663,P1,False,B,3,,0,328,
South 24 Parganas,205,S24P-205,103,Madrasa 103,254,237,0,491,48.27,64,13.0,309,60,4,410,P1,249,75.4,14.6,188,80,388,P1,False,D,4,,0,209,
South 24 Parganas,205,S24P-205,104,Panchayat Bhavan 104,323,314,0,637,49.29,65,10.2,353,124,5,530,P1,229,66.6,23.4,343,114,508,P1,False,D,4,,0,271,
South 24 Parganas,205,S24P-205,105,Govt Office 105,324,323,1,648,49.85,55,8.5,305,171,3,529,P1,134,57.7,32.3,345,96,552,P1,False,B,3,,0,276,
South 24 Parganas,205,S24P-205,106,Primary School 106,256,255,1,512,49.8,62,12.1,274,93,7,434,P1,181,63.1,21.4,254,98,395,P1,False,D,4,,0,218,
South 24 Parganas,205,S24P-205,107,Govt Office 107,290,286,1,577,49.57,63,10.9,269,160,6,496,P1,109,54.2,32.3,335,102,492,P1,False,D,4,,0,246,
South 24 Parganas,205,S24P-205,108,Anganwadi Centre 108,333,301,0,634,47.48,79,12.5,360,100,2,511,P1,260,70.5,19.6,379,115,549,P1,False,D,4,,0,270,
South 24 Parganas,205,S24P-205,109,Primary School 109,316,295,1,612,48.2,81,13.2,233,62,17,490,P1,60,47.6,12.7,277,146,470,P1,False,D,4,,0,261,
South 24 Parganas,205,S24P-205,110,High School 110,393,353,0,746,47.32,97,13.0,392,165,5,618,P1,227,63.4,26.7,313,141,580,P1,False,D,4,,0,318,
South 24 Parganas,205,S24P-205,111,Health Sub-Centre 111,317,303,0,620,48.87,81,13.1,323,149,4,528,P1,174,61.2,28.2,413,76,544,P1,False,D,4,,0,264,
South 24 Parganas,205,S24P-205,112,Temple Hall 112,324,320,0,644,49.69,87,13.5,352,141,3,548,P1,211,64.2,25.7,241,123,509,P1,False,D,4,,0,274,
South 24 Parganas,205,S24P-205,113,Health Sub-Centre 113,396,402,0,798,50.38,66,8.3,419,147,6,629,P1,272,66.6,23.4,504,127,701,P1,False,A,1,,0,340,
South 24 Parganas,205,S24P-205,114,Post Office 114,332,301,1,634,47.48,89,14.0,299,186,3,539,P1,113,55.5,34.5,293,177,523,P1,False,D,4,,0,270,
South 24 Parganas,205,S24P-205,115,High School 115,262,266,1,529,50.28,75,14.2,318,66,3,427,P1,252,74.5,15.5,265,84,408,P1,False,D,4,,0,225,
South 24 Parganas,205,S24P-205,116,Club Building 116,246,236,0,482,48.96,54,11.2,215,123,3,385,P1,92,55.8,31.9,224,126,389,P1,False,D,4,,0,205,
South 24 Parganas,205,S24P-205,117,High School 117,410,395,0,805,49.07,62,7.7,361,219,6,645,P1,142,56.0,34.0,241,209,692,P1,False,B,3,,0,343,
South 24 Parganas,205,S24P-205,118,Panchayat Bhavan 118,324,325,1,650,50.0,60,9.2,288,101,13,501,P1,187,57.5,20.2,367,150,574,P1,False,B,3,,0,277,
South 24 Parganas,205,S24P-205,119,Temple Hall 119,297,285,1,583,48.89,46,7.9,317,135,4,502,P1,182,63.1,26.9,264,151,510,P1,False,B,3,,0,248,
South 24 Parganas,205,S24P-205,120,Club Building 120,291,277,0,568,48.77,67,11.8,236,158,4,449,P1,78,52.6,35.2,334,109,492,P1,False,D,4,,0,242,
South 24 Parganas,205,S24P-205,121,Primary School 121,410,385,0,795,48.43,76,9.6,379,159,6,656,P1,220,57.8,24.2,343,184,626,P1,False,B,3,,0,339,
South 24 Parganas,205,S24P-205,122,Primary School 122,306,299,0,605,49.42,76,12.6,315,117,5,481,P1,198,65.5,24.3,321,99,521,P1,False,D,4,,0,258,
South 24 Parganas,205,S24P-205,123,Govt Office 123,426,393,0,819,47.99,66,8.1,331,189,13,646,P1,142,51.2,29.3,442,143,650,P1,False,B,3,,0,349,
South 24 Parganas,205,S24P-205,124,Govt Office 124,329,305,1,635,48.03,54,8.5,288,179,5,519,P1,109,55.5,34.5,313,149,519,P1,False,B,3,,0,270,
South 24 Parganas,205,S24P-205,125,Govt Office 125,400,377,0,777,48.52,97,12.5,399,185,4,649,P1,214,61.5,28.5,388,194,669,P1,False,D,4,,0,331,
South 24 Parganas,205,S24P-205,126,Primary School 126,401,395,1,797,49.56,111,13.9,352,254,3,677,P1,98,52.0,37.5,399,174,665,P1,False,D,4,,0,339,
South 24 Parganas,205,S24P-205,127,Club Building 127,334,321,1,656,48.93,79,12.0,296,128,7,520,P1,168,56.9,24.6,309,116,551,P1,False,D,4,,0,279,
South 24 Parganas,205,S24P-205,128,Club Building 128,315,290,0,605,47.93,70,11.6,237,129,6,491,P1,108,48.3,26.3,298,142,533,P1,False,D,4,,0,258,
South 24 Parganas,205,S24P-205,129,Panchayat Bhavan 129,315,306,0,621,49.28,80,12.9,314,134,3,497,P1,180,63.2,27.0,253,153,480,P1,False,D,4,,0,264,
South 24 Parganas,205,S24P-205,130,Primary School 130,375,366,1,742,49.33,101,13.6,394,116,13,620,P1,278,63.5,18.7,383,118,577,P1,False,D,4,,0,316,
South 24 Parganas,205,S24P-205,131,Primary School 131,369,369,0,738,50.0,100,13.6,323,172,6,577,P1,151,56.0,29.8,350,159,565,P1,False,D,4,,0,314,
South 24 Parganas,205,S24P-205,132,Temple Hall 132,414,378,1,793,47.67,66,8.3,500,65,5,628,P1,435,79.6,10.4,318,161,649,P1,False,A,1,,0,338,
South 24 Parganas,205,S24P-205,133,Primary School 133,288,272,1,561,48.48,68,12.1,260,125,9,475,P1,135,54.7,26.3,268,155,470,P1,False,D,4,,0,239,
South 24 Parganas,205,S24P-205,134,Market Building 134,410,374,1,785,47.64,95,12.1,452,166,3,687,P1,286,65.8,24.2,381,175,664,P1,False,D,4,,0,334,
South 24 Parganas,205,S24P-205,135,Community Hall 135,327,317,0,644,49.22,73,11.3,349,124,6,533,P1,225,65.5,23.3,350,104,504,P1,False,D,4,,0,274,
South 24 Parganas,205,S24P-205,136,Community Hall 136,391,398,0,789,50.44,83,10.5,381,192,7,637,P1,189,59.8,30.1,444,134,642,P1,False,D,4,,0,336,
South 24 Parganas,205,S24P-205,137,Health Sub-Centre 137,362,342,0,704,48.58,58,8.2,428,113,4,601,P1,315,71.2,18.8,397,147,616,P1,False,A,1,,0,300,
South 24 Parganas,205,S24P-205,138,Health Sub-Centre 138,251,256,0,507,50.49,59,11.6,291,89,5,422,P1,202,69.0,21.1,327,66,437,P1,False,D,4,,0,216,
South 24 Parganas,205,S24P-205,139,Market Building 139,369,357,0,726,49.17,83,11.4,394,142,7,604,P1,252,65.2,23.5,439,113,614,P1,False,D,4,,0,309,
South 24 Parganas,205,S24P-205,140,Temple Hall 140,385,393,0,778,50.51,85,10.9,436,150,4,674,P1,286,64.7,22.3,389,158,608,P1,False,D,4,,0,331,
South 24 Parganas,205,S24P-205,141,Health Sub-Centre 141,286,282,0,568,49.65,50,8.8,288,116,2,449,P1,172,64.1,25.8,283,149,480,P1,False,B,3,,0,242,
South 24 Parganas,205,S24P-205,142,Community Hall 142,401,375,0,776,48.32,94,12.1,343,143,14,611,P1,200,56.1,23.4,354,95,646,P1,False,D,4,,0,330,
South 24 Parganas,205,S24P-205,143,Market Building 143,285,256,0,541,47.32,55,10.2,245,126,7,471,P1,119,52.0,26.8,263,133,441,P1,False,D,4,,0,230,
South 24 Parganas,205,S24P-205,144,Govt Office 144,318,307,1,626,49.04,79,12.6,309,136,6,514,P1,173,60.1,26.5,257,133,481,P1,False,D,4,,0,267,
South 24 Parganas,205,S24P-205,145,Club Building 145,259,236,0,495,47.68,54,10.9,251,128,2,421,P1,123,59.6,30.4,243,85,386,P1,False,D,4,,0,211,
South 24 Parganas,205,S24P-205,146,Post Office 146,295,284,0,579,49.05,70,12.1,307,115,4,469,P1,192,65.5,24.5,318,122,489,P1,False,D,4,,0,247,
South 24 Parganas,205,S24P-205,147,Post Office 147,346,340,1,687,49.49,87,12.7,327,170,8,592,P1,157,55.2,28.7,355,139,575,P1,False,D,4,,0,293,
South 24 Parganas,205,S24P-205,148,Club Building 148,300,271,0,571,47.46,82,14.4,276,108,6,450,P1,168,61.3,24.0,325,80,503,P1,False,D,4,,0,243,
South 24 Parganas,205,S24P-205,149,Club Building 149,307,296,0,603,49.09,67,11.1,298,144,8,510,P1,154,58.4,28.2,279,118,486,P1,False,D,4,,0,257,
South 24 Parganas,205,S24P-205,150,Market Building 150,382,390,0,772,50.52,93,12.0,410,129,5,598,P1,281,68.6,21.6,262,144,601,P1,False,D,4,,0,329,
South 24 Parganas,205,S24P-205,151,High School 151,397,374,0,771,48.51,107,13.9,305,165,7,603,P1,140,50.6,27.4,412,197,677,P1,False,D,4,,0,328,
South 24 Parganas,205,S24P-205,152,Club Building 152,393,362,1,756,47.88,62,8.2,376,142,6,631,P1,234,59.6,22.5,443,87,589,P1,False,B,3,,0,322,
South 24 Parganas,205,S24P-205,153,Post Office 153,349,333,0,682,48.83,89,13.0,289,176,13,594,P1,113,48.7,29.6,463,58,579,P1,False,D,4,,0,290,
South 24 Parganas,205,S24P-205,154,High School 154,362,348,0,710,49.01,74,10.4,295,189,5,596,P1,106,49.5,31.7,354,93,605,P1,False,D,4,,0,302,
South 24 Parganas,205,S24P-205,155,Club Building 155,253,242,0,495,48.89,66,13.3,206,124,4,418,P1,82,49.3,29.7,244,100,402,P1,False,D,4,,0,211,
South 24 Parganas,205,S24P-205,156,Madrasa 156,301,276,0,577,47.83,47,8.1,264,109,8,450,P1,155,58.7,24.2,385,63,498,P1,False,B,3,,0,246,
South 24 Parganas,205,S24P-205,157,Temple Hall 157,303,307,1,611,50.25,54,8.8,289,122,4,504,P1,167,57.3,24.2,245,189,485,P1,False,B,3,,0,260,
South 24 Parganas,205,S24P-205,158,Madrasa 158,346,312,0,658,47.42,75,11.4,354,134,5,542,P1,220,65.3,24.7,230,167,525,P1,False,D,4,,0,280,
South 24 Parganas,205,S24P-205,159,Madrasa 159,284,276,0,560,49.29,71,12.7,266,143,4,455,P1,123,58.5,31.4,267,109,474,P1,False,D,4,,0,238,
South 24 Parganas,205,S24P-205,160,Govt Office 160,377,363,1,741,48.99,58,7.8,313,114,16,584,P1,178,53.6,19.5,359,153,569,P1,False,B,3,,0,316,
South 24 Parganas,205,S24P-205,161,Panchayat Bhavan 161,252,244,0,496,49.19,63,12.7,219,136,8,428,P1,83,51.2,31.8,255,102,434,P1,False,D,4,,0,211,
South 24 Parganas,205,S24P-205,162,Health Sub-Centre 162,356,359,1,716,50.14,79,11.0,286,208,6,594,P1,78,48.1,35.0,364,122,569,P1,False,D,4,,0,305,
South 24 Parganas,206,S24P-206,1,Panchayat Bhavan 1,347,335,1,683,49.05,111,16.3,358,144,4,558,P1,214,64.2,25.8,348,135,536,P1,False,D,4,,0,291,
South 24 Parganas,206,S24P-206,2,Post Office 2,253,245,1,499,49.1,72,14.4,276,111,2,430,P1,165,64.2,25.8,237,119,396,P1,False,D,4,,0,212,
South 24 Parganas,206,S24P-206,3,Anganwadi Centre 3,348,329,0,677,48.6,109,16.1,340,173,4,576,P1,167,59.0,30.0,419,93,569,P1,False,D,4,,0,288,
South 24 Parganas,206,S24P-206,4,Anganwadi Centre 4,428,389,1,818,47.56,126,15.4,455,147,7,669,P1,308,68.0,22.0,366,156,660,P1,False,D,4,,0,348,
South 24 Parganas,206,S24P-206,5,Panchayat Bhavan 5,282,277,1,560,49.46,64,11.4,265,119,8,460,P1,146,57.6,25.9,264,135,451,P1,False,D,4,,0,238,
South 24 Parganas,206,S24P-206,6,Post Office 6,369,344,0,713,48.25,129,18.1,412,148,3,622,P1,264,66.2,23.8,306,135,583,P1,False,D,4,,0,304,
South 24 Parganas,206,S24P-206,7,Market Building 7,408,376,1,785,47.9,89,11.3,330,189,9,665,P1,141,49.6,28.4,460,93,615,P1,False,D,4,,0,334,
South 24 Parganas,206,S24P-206,8,Govt Office 8,274,267,1,542,49.26,72,13.3,248,97,14,466,P1,145,53.2,20.8,261,145,479,P1,False,D,4,,0,231,
South 24 Parganas,206,S24P-206,9,Anganwadi Centre 9,346,351,0,697,50.36,110,15.8,329,184,4,570,P1,145,57.7,32.3,272,155,551,P1,False,D,4,,0,297,
South 24 Parganas,206,S24P-206,10,Primary School 10,374,358,1,733,48.84,120,16.4,324,165,7,603,P1,159,53.7,27.4,382,176,620,P1,False,D,4,,0,312,
South 24 Parganas,206,S24P-206,11,Club Building 11,305,314,1,620,50.65,77,12.4,341,131,3,525,P1,210,65.0,25.0,343,138,540,P1,False,D,4,,0,264,
South 24 Parganas,206,S24P-206,12,Madrasa 12,403,393,1,797,49.31,145,18.2,436,178,6,682,P1,258,63.9,26.1,461,70,663,P1,False,D,4,,0,339,
South 24 Parganas,206,S24P-206,13,Madrasa 13,255,256,1,512,50.0,87,17.0,280,82,3,402,P1,198,69.7,20.4,247,106,392,P1,False,D,4,,0,218,
South 24 Parganas,206,S24P-206,14,Club Building 14,244,239,1,484,49.38,49,10.1,218,116,2,371,P1,102,58.8,31.3,237,104,382,P1,False,D,4,,0,206,
South 24 Parganas,206,S24P-206,15,Panchayat Bhavan 15,252,256,0,508,50.39,76,15.0,274,111,5,428,P1,163,64.0,25.9,223,102,404,P1,False,D,4,,0,216,
South 24 Parganas,206,S24P-206,16,Govt Office 16,258,250,1,509,49.12,53,10.4,280,109,4,432,P1,171,64.8,25.2,225,98,419,P1,False,D,4,,0,217,
South 24 Parganas,206,S24P-206,17,Post Office 17,410,369,0,779,47.37,82,10.5,335,179,12,656,P1,156,51.1,27.3,343,114,627,P1,False,D,4,,0,332,
South 24 Parganas,206,S24P-206,18,Temple Hall 18,278,278,1,557,49.91,69,12.4,320,106,6,473,P1,214,67.7,22.4,276,124,485,P1,False,D,4,,0,237,
South 24 Parganas,206,S24P-206,19,Market Building 19,357,333,0,690,48.26,123,17.8,312,171,7,605,P1,141,51.6,28.3,272,173,536,P1,False,D,4,,0,294,
South 24 Parganas,206,S24P-206,20,High School 20,295,299,0,594,50.34,100,16.8,303,114,9,523,P1,189,57.9,21.8,352,105,508,P1,False,D,4,,0,253,
South 24 Parganas,206,S24P-206,21,Market Building 21,343,322,0,665,48.42,113,17.0,370,151,2,579,P1,219,63.9,26.1,317,186,558,P1,False,D,4,,0,283,
South 24 Parganas,206,S24P-206,22,Health Sub-Centre 22,288,295,0,583,50.6,58,9.9,327,90,2,477,P1,237,68.6,18.9,276,140,514,P1,False,A,1,,0,248,
South 24 Parganas,206,S24P-206,23,Market Building 23,417,388,0,805,48.2,131,16.3,385,178,2,628,P1,207,61.3,28.3,428,126,683,P1,False,D,4,,0,343,
South 24 Parganas,206,S24P-206,24,Primary School 24,339,311,1,651,47.77,73,11.2,391,94,5,539,P1,297,72.5,17.4,280,175,506,P1,False,D,4,,0,277,
South 24 Parganas,206,S24P-206,25,Club Building 25,326,293,0,619,47.33,101,16.3,343,125,2,520,P1,218,66.0,24.0,265,183,518,P1,False,D,4,,0,264,
South 24 Parganas,206,S24P-206,26,Club Building 26,382,349,1,732,47.68,105,14.3,351,157,6,564,P1,194,62.2,27.8,378,159,597,P1,False,D,4,,0,312,
South 24 Parganas,206,S24P-206,27,Primary School 27,373,346,0,719,48.12,126,17.5,373,115,14,618,P1,258,60.4,18.6,354,164,596,P1,False,D,4,,0,306,
South 24 Parganas,206,S24P-206,28,Govt Office 28,308,318,0,626,50.8,61,9.7,331,151,2,536,P1,180,61.8,28.2,293,129,485,P1,False,B,3,,0,267,
South 24 Parganas,206,S24P-206,29,Community Hall 29,318,328,1,647,50.7,87,13.4,222,159,12,536,P1,63,41.4,29.7,258,174,498,P1,False,D,4,,0,276,
South 24 Parganas,206,S24P-206,30,Club Building 30,410,405,1,816,49.63,117,14.3,381,248,4,699,P1,133,54.5,35.5,442,96,699,P1,False,D,4,,0,347,
South 24 Parganas,206,S24P-206,31,Market Building 31,359,367,1,727,50.48,82,11.3,389,155,5,634,P1,234,61.4,24.4,307,151,557,P1,False,D,4,,0,310,
South 24 Parganas,206,S24P-206,32,Community Hall 32,281,278,1,560,49.64,63,11.2,217,109,6,444,P1,108,48.9,24.5,271,91,490,P1,False,D,4,,0,238,
South 24 Parganas,206,S24P-206,33,Panchayat Bhavan 33,405,407,0,812,50.12,111,13.7,372,219,5,657,P1,153,56.6,33.3,325,208,643,P1,False,D,4,,0,346,
South 24 Parganas,206,S24P-206,34,Temple Hall 34,317,293,0,610,48.03,102,16.7,271,103,7,513,P1,144,52.8,20.1,377,98,528,P1,False,D,4,,0,260,
South 24 Parganas,206,S24P-206,35,Temple Hall 35,284,289,0,573,50.44,85,14.8,339,82,2,468,P1,257,72.4,17.5,297,99,490,P1,False,D,4,,0,244,
South 24 Parganas,206,S24P-206,36,Govt Office 36,330,298,0,628,47.45,64,10.2,361,131,5,548,P1,230,65.9,23.9,268,83,502,P1,False,D,4,,0,267,
South 24 Parganas,206,S24P-206,37,Club Building 37,256,249,1,506,49.21,73,14.4,209,120,9,430,P1,89,48.6,27.9,215,56,395,P1,False,D,4,,0,215,
South 24 Parganas,206,S24P-206,38,Club Building 38,365,329,0,694,47.41,91,13.1,361,129,5,544,P1,232,66.4,23.7,323,151,557,P1,False,D,4,,0,296,
South 24 Parganas,206,S24P-206,39,Post Office 39,394,402,1,797,50.44,111,13.9,364,189,10,649,P1,175,56.1,29.1,451,145,694,P1,False,D,4,,0,339,
South 24 Parganas,206,S24P-206,40,Club Building 40,271,244,0,515,47.38,71,13.8,256,116,3,415,P1,140,61.7,28.0,310,83,437,P1,False,D,4,,0,219,
South 24 Parganas,206,S24P-206,41,Madrasa 41,306,306,1,613,49.92,103,16.8,254,175,4,488,P1,79,52.0,35.9,322,155,530,P1,False,D,4,,0,261,
South 24 Parganas,206,S24P-206,42,High School 42,337,343,1,681,50.37,112,16.4,326,165,8,595,P1,161,54.8,27.7,302,213,578,P1,False,D,4,,0,290,
South 24 Parganas,206,S24P-206,43,Market Building 43,335,342,0,677,50.52,97,14.3,260,223,9,576,P1,37,45.1,38.7,321,156,530,P1,False,D,4,,0,288,
South 24 Parganas,206,S24P-206,44,Govt Office 44,260,256,1,517,49.52,67,13.0,285,111,4,440,P1,174,64.8,25.2,237,160,442,P1,False,D,4,,0,220,
South 24 Parganas,206,S24P-206,45,Market Building 45,370,345,1,716,48.18,127,17.7,334,164,8,583,P1,170,57.3,28.1,369,162,589,P1,False,D,4,,0,305,
South 24 Parganas,206,S24P-206,46,Anganwadi Centre 46,385,353,0,738,47.83,103,14.0,314,170,10,621,P1,144,50.6,27.4,281,172,614,P1,False,D,4,,0,314,
South 24 Parganas,206,S24P-206,47,Govt Office 47,317,318,1,636,50.0,102,16.0,355,132,6,542,P1,223,65.5,24.4,323,60,539,P1,False,D,4,,0,271,
South 24 Parganas,206,S24P-206,48,Anganwadi Centre 48,243,248,0,491,50.51,88,17.9,213,98,4,384,P1,115,55.5,25.5,206,92,385,P1,False,D,4,,0,209,
South 24 Parganas,206,S24P-206,49,High School 49,275,247,0,522,47.32,77,14.8,279,132,3,457,P1,147,61.1,28.9,261,89,431,P1,False,D,4,,0,222,
South 24 Parganas,206,S24P-206,50,Anganwadi Centre 50,391,352,0,743,47.38,87,11.7,352,177,7,597,P1,175,59.0,29.6,368,160,586,P1,False,D,4,,0,316,
South 24 Parganas,206,S24P-206,51,Post Office 51,351,335,0,686,48.83,69,10.1,296,202,7,602,P1,94,49.2,33.6,287,173,578,P1,False,D,4,,0,292,
South 24 Parganas,206,S24P-206,52,Anganwadi Centre 52,284,263,0,547,48.08,80,14.6,252,116,6,481,P1,136,52.4,24.1,300,111,478,P1,False,D,4,,0,233,
South 24 Parganas,206,S24P-206,53,Panchayat Bhavan 53,420,380,0,800,47.5,131,16.4,351,183,8,678,P1,168,51.8,27.0,388,149,666,P1,False,D,4,,0,341,
South 24 Parganas,206,S24P-206,54,Anganwadi Centre 54,304,309,1,614,50.33,108,17.6,298,144,6,494,P1,154,60.3,29.1,270,138,536,P1,False,D,4,,0,261,
South 24 Parganas,206,S24P-206,55,Health Sub-Centre 55,299,284,1,584,48.63,63,10.8,257,68,5,461,P1,131,55.7,14.8,281,141,489,P1,False,D,4,,0,249,
South 24 Parganas,206,S24P-206,56,Madrasa 56,349,320,0,669,47.83,114,17.0,334,103,5,533,P1,231,62.7,19.3,325,149,527,P1,False,D,4,,0,285,
South 24 Parganas,206,S24P-206,57,Madrasa 57,345,345,1,691,49.93,112,16.2,334,177,6,603,P1,157,55.4,29.4,292,190,583,P1,False,D,4,,0,294,
South 24 Parganas,206,S24P-206,58,Govt Office 58,306,288,0,594,48.48,73,12.3,344,75,2,465,P1,269,74.0,16.1,283,119,484,P1,False,D,4,,0,253,
South 24 Parganas,206,S24P-206,59,High School 59,428,391,0,819,47.74,136,16.6,402,175,6,641,P1,227,62.7,27.3,481,133,682,P1,False,D,4,,0,349,
South 24 Parganas,206,S24P-206,60,Panchayat Bhavan 60,274,260,1,535,48.6,88,16.4,299,112,3,456,P1,187,65.6,24.6,290,99,461,P1,False,D,4,,0,228,
South 24 Parganas,206,S24P-206,61,Temple Hall 61,264,244,1,509,47.94,69,13.6,229,142,4,412,P1,87,55.6,34.5,263,100,423,P1,False,D,4,,0,217,
South 24 Parganas,206,S24P-206,62,Community Hall 62,344,315,1,660,47.73,103,15.6,249,136,7,520,P1,113,47.9,26.2,311,170,580,P1,False,D,4,,0,281,
South 24 Parganas,206,S24P-206,63,High School 63,261,271,1,533,50.84,88,16.5,258,114,3,413,P1,144,62.5,27.6,231,147,437,P1,False,D,4,,0,227,
South 24 Parganas,206,S24P-206,64,Club Building 64,301,282,1,584,48.29,72,12.3,317,119,5,485,P1,198,65.4,24.5,214,150,484,P1,False,D,4,,0,249,
South 24 Parganas,206,S24P-206,65,Madrasa 65,257,247,0,504,49.01,75,14.9,275,88,9,438,P1,187,62.8,20.1,263,106,433,P1,False,D,4,,0,215,
South 24 Parganas,206,S24P-206,66,Panchayat Bhavan 66,398,404,0,802,50.37,114,14.2,382,166,9,664,P1,216,57.5,25.0,360,190,636,P1,False,D,4,,0,342,
South 24 Parganas,206,S24P-206,67,Govt Office 67,303,293,0,596,49.16,68,11.4,267,171,5,486,P1,96,54.9,35.2,209,149,459,P1,False,D,4,,0,254,
South 24 Parganas,206,S24P-206,68,High School 68,297,304,0,601,50.58,108,18.0,341,81,2,469,P1,260,72.7,17.3,273,148,473,P1,False,D,4,,0,256,
South 24 Parganas,206,S24P-206,69,Panchayat Bhavan 69,326,336,0,662,50.76,108,16.3,225,158,13,551,P1,67,40.8,28.7,285,161,580,P1,False,D,4,,0,282,
South 24 Parganas,206,S24P-206,70,Health Sub-Centre 70,413,385,0,798,48.25,139,17.4,394,169,6,664,P1,225,59.3,25.5,369,187,639,P1,False,D,4,,0,340,
South 24 Parganas,206,S24P-206,71,Market Building 71,418,380,0,798,47.62,80,10.0,413,141,5,615,P1,272,67.2,22.9,366,159,644,P1,False,A,1,,0,340,
South 24 Parganas,206,S24P-206,72,Madrasa 72,407,404,0,811,49.82,114,14.1,377,139,15,684,P1,231,55.1,20.3,428,156,686,P1,False,D,4,,0,345,
South 24 Parganas,206,S24P-206,73,Panchayat Bhavan 73,259,255,0,514,49.61,74,14.4,225,131,4,422,P1,94,53.3,31.0,231,114,407,P1,False,D,4,,0,219,
South 24 Parganas,206,S24P-206,74,Anganwadi Centre 74,315,283,0,598,47.32,89,14.9,269,152,6,478,P1,117,56.3,31.8,385,78,514,P1,False,D,4,,0,255,
South 24 Parganas,206,S24P-206,75,Health Sub-Centre 75,264,263,0,527,49.91,94,17.8,242,75,6,430,P1,140,56.3,17.4,268,111,421,P1,False,D,4,,0,224,
South 24 Parganas,206,S24P-206,76,Govt Office 76,283,282,0,565,49.91,64,11.3,252,110,3,441,P1,142,57.1,24.9,281,132,459,P1,False,D,4,,0,241,
South 24 Parganas,206,S24P-206,77,Madrasa 77,263,266,0,529,50.28,69,13.0,219,126,8,418,P1,93,52.4,30.1,364,45,455,P1,False,D,4,,0,225,
South 24 Parganas,206,S24P-206,78,Temple Hall 78,391,363,0,754,48.14,123,16.3,386,87,12,599,P1,278,64.4,14.5,320,175,584,P1,False,D,4,,0,321,
South 24 Parganas,206,S24P-206,79,Madrasa 79,273,246,0,519,47.4,80,15.4,247,111,7,443,P1,136,55.8,25.1,247,77,410,P1,False,D,4,,0,221,
South 24 Parganas,206,S24P-206,80,Anganwadi Centre 80,376,366,0,742,49.33,129,17.4,474,112,7,652,P1,362,72.7,17.2,349,151,587,P1,False,D,4,,0,316,
South 24 Parganas,206,S24P-206,81,Market Building 81,398,376,0,774,48.58,111,14.3,486,116,6,669,P1,370,72.6,17.3,452,154,674,P1,False,D,4,,0,330,
South 24 Parganas,206,S24P-206,82,Health Sub-Centre 82,338,304,0,642,47.35,113,17.6,285,190,2,527,P1,95,54.1,36.1,280,106,497,P1,False,D,4,,0,273,
South 24 Parganas,206,S24P-206,83,Community Hall 83,292,280,1,573,48.87,100,17.5,270,100,8,463,P1,170,58.3,21.6,274,111,486,P1,False,D,4,,0,244,
South 24 Parganas,206,S24P-206,84,Post Office 84,282,268,0,550,48.73,86,15.6,276,119,3,438,P1,157,63.0,27.2,233,162,458,P1,False,D,4,,0,234,
South 24 Parganas,206,S24P-206,85,Community Hall 85,358,369,1,728,50.69,78,10.7,427,133,5,623,P1,294,68.5,21.3,336,163,587,P1,False,D,4,,0,310,
South 24 Parganas,206,S24P-206,86,Govt Office 86,389,362,1,752,48.14,132,17.6,308,135,10,654,P1,114,47.1,20.6,310,175,587,P1,False,D,4,,0,320,
South 24 Parganas,206,S24P-206,87,Temple Hall 87,365,377,1,743,50.74,80,10.8,396,148,4,651,P1,248,60.8,22.7,354,157,633,P1,False,D,4,,0,316,
South 24 Parganas,206,S24P-206,88,Health Sub-Centre 88,336,333,1,670,49.7,82,12.2,290,172,7,551,P1,118,52.6,31.2,347,107,543,P1,False,D,4,,0,285,
South 24 Parganas,206,S24P-206,89,Health Sub-Centre 89,305,275,0,580,47.41,62,10.7,245,161,4,473,P1,84,51.8,34.0,255,118,453,P1,False,D,4,,0,247,
South 24 Parganas,206,S24P-206,90,Govt Office 90,293,268,1,562,47.69,86,15.3,229,161,5,462,P1,68,49.6,34.8,322,87,487,P1,False,D,4,,0,239,
South 24 Parganas,206,S24P-206,91,Panchayat Bhavan 91,276,282,1,559,50.45,73,13.1,215,76,9,470,P1,50,45.7,16.2,230,171,449,P1,False,D,4,,0,238,
South 24 Parganas,206,S24P-206,92,High School 92,339,343,0,682,50.29,96,14.1,342,134,4,529,P1,208,64.7,25.3,241,111,531,P1,False,D,4,,0,290,
South 24 Parganas,206,S24P-206,93,Temple Hall 93,286,263,0,549,47.91,93,16.9,326,103,3,476,P1,223,68.5,21.6,277,109,453,P1,False,D,4,,0,234,
South 24 Parganas,206,S24P-206,94,Temple Hall 94,389,377,0,766,49.22,111,14.5,362,140,4,618,P1,222,58.6,22.7,395,196,656,P1,False,D,4,,0,326,
South 24 Parganas,206,S24P-206,95,Post Office 95,419,391,0,810,48.27,112,13.8,341,148,8,644,P1,193,53.0,23.0,309,121,661,P1,False,D,4,,0,345,
South 24 Parganas,206,S24P-206,96,Club Building 96,270,242,0,512,47.27,77,15.0,297,106,5,447,P1,191,66.4,23.7,221,127,411,P1,False,D,4,,0,218,
South 24 Parganas,206,S24P-206,97,Anganwadi Centre 97,363,336,0,699,48.07,111,15.9,303,162,12,569,P1,141,53.3,28.5,302,176,537,P1,False,D,4,,0,298,
South 24 Parganas,206,S24P-206,98,Panchayat Bhavan 98,405,381,0,786,48.47,84,10.7,317,125,10,608,P1,166,52.1,20.6,330,159,625,P1,False,D,4,,0,335,
South 24 Parganas,206,S24P-206,99,Community Hall 99,301,270,0,571,47.29,82,14.4,306,113,5,478,P1,193,64.0,23.6,264,156,467,P1,False,D,4,,0,243,
South 24 Parganas,206,S24P-206,100,Market Building 100,393,379,1,773,49.03,79,10.2,335,165,7,600,P1,170,55.8,27.5,458,132,656,P1,False,D,4,,0,329,
South 24 Parganas,206,S24P-206,101,Madrasa 101,293,283,1,577,49.05,65,11.3,284,126,5,456,P1,158,62.3,27.6,265,136,446,P1,False,D,4,,0,246,
South 24 Parganas,206,S24P-206,102,Anganwadi Centre 102,296,285,0,581,49.05,101,17.4,316,133,6,499,P1,183,63.3,26.7,317,85,447,P1,False,D,4,,0,247,
South 24 Parganas,206,S24P-206,103,Post Office 103,274,248,1,523,47.42,85,16.3,279,115,3,438,P1,164,63.7,26.3,278,99,419,P1,False,D,4,,0,223,
South 24 Parganas,206,S24P-206,104,Club Building 104,344,316,1,661,47.81,98,14.8,338,143,6,575,P1,195,58.8,24.9,309,147,507,P1,False,D,4,,0,281,
South 24 Parganas,206,S24P-206,105,Temple Hall 105,355,353,1,709,49.79,106,15.0,404,153,3,619,P1,251,65.3,24.7,342,152,549,P1,False,D,4,,0,302,
South 24 Parganas,206,S24P-206,106,Govt Office 106,344,352,1,697,50.5,69,9.9,335,164,4,587,P1,171,57.1,27.9,340,159,592,P1,False,B,3,,0,297,
South 24 Parganas,206,S24P-206,107,Community Hall 107,339,317,1,657,48.25,75,11.4,372,122,3,549,P1,250,67.8,22.2,340,131,534,P1,False,D,4,,0,280,
South 24 Parganas,206,S24P-206,108,High School 108,365,350,1,716,48.88,86,12.0,288,189,11,614,P1,99,46.9,30.8,369,128,624,P1,False,D,4,,0,305,
South 24 Parganas,206,S24P-206,109,Post Office 109,257,236,1,494,47.77,60,12.1,191,110,9,389,P1,81,49.1,28.3,250,82,399,P1,False,D,4,,0,210,
South 24 Parganas,206,S24P-206,110,Health Sub-Centre 110,347,339,0,686,49.42,84,12.2,350,151,10,602,P1,199,58.1,25.1,329,118,575,P1,False,D,4,,0,292,
South 24 Parganas,206,S24P-206,111,Post Office 111,251,241,0,492,48.98,52,10.6,258,61,8,405,P1,184,63.7,15.1,170,160,425,P1,False,D,4,,0,210,
South 24 Parganas,206,S24P-206,112,Govt Office 112,270,247,0,517,47.78,67,13.0,279,114,2,437,P1,165,63.8,26.1,257,145,447,P1,False,D,4,,0,220,
South 24 Parganas,206,S24P-206,113,Anganwadi Centre 113,258,266,0,524,50.76,77,14.7,304,103,5,452,P1,201,67.3,22.8,236,127,431,P1,False,D,4,,0,223,
South 24 Parganas,206,S24P-206,114,Primary School 114,308,278,0,586,47.44,85,14.5,298,114,3,475,P1,184,62.7,24.0,332,78,455,P1,False,D,4,,0,250,
South 24 Parganas,206,S24P-206,115,Temple Hall 115,267,245,1,513,47.76,78,15.2,237,159,2,448,P1,78,52.9,35.5,285,97,424,P1,False,D,4,,0,218,
South 24 Parganas,206,S24P-206,116,Post Office 116,355,320,0,675,47.41,97,14.4,358,117,3,527,P1,241,67.9,22.2,299,152,578,P1,False,D,4,,0,287,
South 24 Parganas,206,S24P-206,117,Primary School 117,400,396,1,797,49.69,135,16.9,444,124,4,639,P1,320,69.5,19.4,353,122,656,P1,False,D,4,,0,339,
South 24 Parganas,206,S24P-206,118,Govt Office 118,387,350,0,737,47.49,131,17.8,408,157,5,633,P1,251,64.5,24.8,283,147,602,P1,False,D,4,,0,314,
South 24 Parganas,206,S24P-206,119,Anganwadi Centre 119,258,257,1,516,49.81,69,13.4,228,96,3,425,P1,132,53.6,22.6,249,88,430,P1,False,D,4,,0,220,
South 24 Parganas,206,S24P-206,120,Club Building 120,277,267,1,545,48.99,74,13.6,273,120,4,437,P1,153,62.5,27.5,242,82,457,P1,False,D,4,,0,232,
South 24 Parganas,206,S24P-206,121,Community Hall 121,320,311,1,632,49.21,85,13.4,292,158,8,525,P1,134,55.6,30.1,330,111,491,P1,False,D,4,,0,269,
South 24 Parganas,206,S24P-206,122,Govt Office 122,342,334,0,676,49.41,105,15.5,386,151,6,597,P1,235,64.7,25.3,235,151,518,P1,False,D,4,,0,288,
South 24 Parganas,206,S24P-206,123,Primary School 123,358,324,0,682,47.51,105,15.4,328,152,8,585,P1,176,56.1,26.0,315,158,595,P1,False,D,4,,0,290,
South 24 Parganas,206,S24P-206,124,Anganwadi Centre 124,280,288,0,568,50.7,60,10.6,262,116,4,436,P1,146,60.1,26.6,276,135,479,P1,False,D,4,,0,242,
South 24 Parganas,206,S24P-206,125,Post Office 125,303,298,1,602,49.5,98,16.3,276,142,5,472,P1,134,58.5,30.1,346,114,512,P1,False,D,4,,0,256,
South 24 Parganas,206,S24P-206,126,Temple Hall 126,395,407,0,802,50.75,103,12.8,355,163,13,683,P1,192,52.0,23.9,395,165,694,P1,False,D,4,,0,342,
South 24 Parganas,206,S24P-206,127,Health Sub-Centre 127,361,328,1,690,47.54,68,9.9,341,133,6,560,P1,208,60.9,23.8,365,159,582,P1,False,B,3,,0,294,
South 24 Parganas,206,S24P-206,128,Primary School 128,296,296,0,592,50.0,70,11.8,220,165,8,477,P1,55,46.1,34.6,251,153,471,P1,False,D,4,,0,252,
South 24 Parganas,206,S24P-206,129,Health Sub-Centre 129,336,339,1,676,50.15,123,18.2,341,137,5,590,P1,204,57.8,23.2,348,136,538,P1,False,D,4,,0,288,
South 24 Parganas,206,S24P-206,130,Temple Hall 130,317,325,1,643,50.54,94,14.6,320,128,5,497,P1,192,64.4,25.8,348,136,538,P1,False,D,4,,0,274,
South 24 Parganas,206,S24P-206,131,Madrasa 131,348,332,1,681,48.75,88,12.9,361,134,8,601,P1,227,60.1,22.3,291,121,548,P1,False,D,4,,0,290,
South 24 Parganas,206,S24P-206,132,Temple Hall 132,415,397,1,813,48.83,136,16.7,319,225,4,658,P1,94,48.5,34.2,453,125,642,P1,False,D,4,,0,346,
South 24 Parganas,206,S24P-206,133,Panchayat Bhavan 133,392,366,0,758,48.28,89,11.7,452,133,5,650,P1,319,69.5,20.5,318,163,583,P1,False,D,4,,0,323,
South 24 Parganas,206,S24P-206,134,Club Building 134,315,307,1,623,49.28,105,16.9,339,119,5,514,P1,220,66.0,23.2,311,110,497,P1,False,D,4,,0,265,
South 24 Parganas,206,S24P-206,135,Madrasa 135,308,302,1,611,49.43,91,14.9,280,120,11,531,P1,160,52.7,22.6,342,128,537,P1,False,D,4,,0,260,
South 24 Parganas,206,S24P-206,136,Club Building 136,316,300,1,617,48.62,62,10.0,247,129,13,503,P1,118,49.1,25.6,325,116,539,P1,False,B,3,,0,263,
South 24 Parganas,206,S24P-206,137,Health Sub-Centre 137,302,294,0,596,49.33,106,17.8,304,156,6,523,P1,148,58.1,29.8,319,101,467,P1,False,D,4,,0,254,
South 24 Parganas,206,S24P-206,138,Govt Office 138,326,328,1,655,50.08,70,10.7,326,135,3,527,P1,191,61.9,25.6,352,101,536,P1,False,D,4,,0,279,
South 24 Parganas,206,S24P-206,139,Primary School 139,256,265,1,522,50.77,74,14.2,242,139,7,450,P1,103,53.8,30.9,257,117,450,P1,False,D,4,,0,222,
South 24 Parganas,206,S24P-206,140,Market Building 140,384,380,1,765,49.67,121,15.8,380,149,5,604,P1,231,62.9,24.7,326,201,656,P1,False,D,4,,0,326,
South 24 Parganas,206,S24P-206,141,Madrasa 141,400,373,1,774,48.19,85,11.0,414,143,7,619,P1,271,66.9,23.1,360,172,592,P1,False,D,4,,0,330,
South 24 Parganas,206,S24P-206,142,Community Hall 142,386,367,0,753,48.74,116,15.4,379,203,3,646,P1,176,58.7,31.4,373,152,641,P1,False,D,4,,0,321,
South 24 Parganas,206,S24P-206,143,Health Sub-Centre 143,262,253,0,515,49.13,65,12.6,248,114,4,455,P1,134,54.5,25.1,236,129,430,P1,False,D,4,,0,219,
South 24 Parganas,206,S24P-206,144,Club Building 144,386,369,1,756,48.81,106,14.0,346,207,4,614,P1,139,56.4,33.7,390,181,634,P1,False,D,4,,0,322,
South 24 Parganas,206,S24P-206,145,Panchayat Bhavan 145,357,362,1,720,50.28,123,17.1,309,184,6,564,P1,125,54.8,32.6,328,190,576,P1,False,D,4,,0,307,
South 24 Parganas,206,S24P-206,146,Temple Hall 146,391,388,1,780,49.74,124,15.9,392,179,8,647,P1,213,60.6,27.7,504,88,658,P1,False,D,4,,0,332,
South 24 Parganas,206,S24P-206,147,Temple Hall 147,394,384,0,778,49.36,134,17.2,415,186,8,668,P1,229,62.1,27.8,404,209,681,P1,False,D,4,,0,331,
South 24 Parganas,206,S24P-206,148,Club Building 148,268,270,1,539,50.09,55,10.2,198,109,16,452,P1,74,43.8,24.1,292,124,462,P1,False,D,4,,0,230,
South 24 Parganas,206,S24P-206,149,Community Hall 149,312,314,0,626,50.16,111,17.7,261,162,3,510,P1,99,51.2,31.8,304,138,491,P1,False,D,4,,0,267,
South 24 Parganas,206,S24P-206,150,Anganwadi Centre 150,293,289,0,582,49.66,86,14.8,282,138,5,466,P1,144,60.5,29.6,252,115,497,P1,False,D,4,,0,248,
South 24 Parganas,206,S24P-206,151,Anganwadi Centre 151,410,389,1,800,48.62,104,13.0,477,139,3,684,P1,338,69.7,20.3,460,154,682,P1,False,D,4,,0,341,
South 24 Parganas,206,S24P-206,152,Market Building 152,392,358,0,750,47.73,132,17.6,264,234,9,613,P1,30,43.1,38.2,416,110,584,P1,False,D,4,,0,319,
South 24 Parganas,206,S24P-206,153,Panchayat Bhavan 153,266,248,0,514,48.25,52,10.1,228,131,9,444,P1,97,51.4,29.5,208,149,417,P1,False,D,4,,0,219,
South 24 Parganas,206,S24P-206,154,Madrasa 154,266,243,1,510,47.65,92,18.0,311,78,3,432,P1,233,72.0,18.1,274,111,438,P1,False,D,4,,0,217,
South 24 Parganas,206,S24P-206,155,Panchayat Bhavan 155,329,303,1,633,47.87,67,10.6,371,124,6,550,P1,247,67.5,22.5,285,175,517,P1,False,D,4,,0,270,
South 24 Parganas,206,S24P-206,156,Market Building 156,264,259,0,523,49.52,78,14.9,278,82,6,433,P1,196,64.2,18.9,195,81,440,P1,False,D,4,,0,223,
South 24 Parganas,206,S24P-206,157,High School 157,321,294,1,616,47.73,85,13.8,303,110,7,506,P1,193,59.9,21.7,334,105,487,P1,False,D,4,,0,262,
South 24 Parganas,206,S24P-206,158,Primary School 158,355,362,0,717,50.49,80,11.2,370,190,7,622,P1,180,59.5,30.5,387,137,582,P1,False,D,4,,0,305,
South 24 Parganas,206,S24P-206,159,Govt Office 159,277,257,0,534,48.13,84,15.7,282,103,2,439,P1,179,64.2,23.5,238,101,443,P1,False,D,4,,0,227,
South 24 Parganas,206,S24P-206,160,Panchayat Bhavan 160,303,307,0,610,50.33,100,16.4,251,181,5,516,P1,70,48.6,35.1,242,146,491,P1,False,D,4,,0,260,
South 24 Parganas,206,S24P-206,161,Club Building 161,396,357,1,754,47.35,132,17.5,299,241,3,619,P1,58,48.3,38.9,354,238,659,P1,False,D,4,,0,321,
South 24 Parganas,206,S24P-206,162,Post Office 162,395,366,1,762,48.03,124,16.3,382,79,8,611,P1,247,62.5,12.9,400,152,619,P1,False,D,4,,0,324,
South 24 Parganas,207,S24P-207,1,Madrasa 1,406,394,1,801,49.19,99,12.4,306,143,16,618,P1,159,49.5,23.1,328,237,661,P1,False,D,4,,0,341,
South 24 Parganas,207,S24P-207,2,Market Building 2,258,249,0,507,49.11,55,10.8,187,124,5,403,P1,63,46.4,30.8,252,99,406,P1,False,D,4,,0,216,
South 24 Parganas,207,S24P-207,3,Community Hall 3,386,364,1,751,48.47,60,8.0,393,129,5,580,P1,264,67.8,22.2,319,240,656,P1,False,A,1,,0,320,
South 24 Parganas,207,S24P-207,4,Club Building 4,293,283,0,576,49.13,75,13.0,271,124,5,453,P1,147,59.8,27.4,329,106,483,P1,False,D,4,,0,245,
South 24 Parganas,207,S24P-207,5,Post Office 5,326,306,1,633,48.34,76,12.0,278,118,7,509,P1,160,54.6,23.2,283,127,487,P1,False,D,4,,0,270,
South 24 Parganas,207,S24P-207,6,Temple Hall 6,369,352,0,721,48.82,67,9.3,368,108,4,579,P1,260,63.6,18.7,371,162,629,P1,False,B,3,,0,307,
South 24 Parganas,207,S24P-207,7,High School 7,336,320,1,657,48.71,90,13.7,302,151,4,534,P1,151,56.6,28.3,300,157,555,P1,False,D,4,,0,280,
South 24 Parganas,207,S24P-207,8,Post Office 8,341,345,1,687,50.22,76,11.1,349,123,6,582,P1,226,60.0,21.1,263,145,528,P1,False,D,4,,0,293,
South 24 Parganas,207,S24P-207,9,Health Sub-Centre 9,268,244,0,512,47.66,57,11.1,240,117,7,428,P1,123,56.1,27.3,264,106,411,P1,False,D,4,,0,218,
South 24 Parganas,207,S24P-207,10,Madrasa 10,340,347,1,688,50.44,54,7.8,378,143,4,589,P1,235,64.2,24.3,302,175,531,P1,False,B,3,,0,293,
South 24 Parganas,207,S24P-207,11,Club Building 11,394,370,1,765,48.37,95,12.4,348,150,14,630,P1,198,55.2,23.8,416,154,633,P1,False,D,4,,0,326,
South 24 Parganas,207,S24P-207,12,Panchayat Bhavan 12,256,247,1,504,49.01,58,11.5,244,116,5,400,P1,128,61.0,29.0,242,117,409,P1,False,D,4,,0,215,
South 24 Parganas,207,S24P-207,13,Club Building 13,381,380,1,762,49.87,65,8.5,442,150,4,657,P1,292,67.3,22.8,388,186,646,P1,False,A,1,,0,324,
South 24 Parganas,207,S24P-207,14,Temple Hall 14,334,329,0,663,49.62,84,12.7,321,125,3,511,P1,196,62.8,24.5,335,123,509,P1,False,D,4,,0,282,
South 24 Parganas,207,S24P-207,15,Market Building 15,287,271,1,559,48.48,55,9.8,301,123,2,471,P1,178,63.9,26.1,247,160,471,P1,False,B,3,,0,238,
South 24 Parganas,207,S24P-207,16,Post Office 16,311,289,0,600,48.17,61,10.2,285,136,5,468,P1,149,60.9,29.1,300,162,513,P1,False,D,4,,0,256,
South 24 Parganas,207,S24P-207,17,Govt Office 17,358,347,0,705,49.22,59,8.4,343,167,4,566,P1,176,60.6,29.5,307,117,576,P1,False,B,3,,0,300,
South 24 Parganas,207,S24P-207,18,Panchayat Bhavan 18,246,241,0,487,49.49,64,13.1,252,98,4,389,P1,154,64.8,25.2,208,148,398,P1,False,D,4,,0,207,
South 24 Parganas,207,S24P-207,19,Health Sub-Centre 19,362,348,1,711,48.95,64,9.0,317,189,9,587,P1,128,54.0,32.2,314,146,576,P1,False,B,3,,0,303,
South 24 Parganas,207,S24P-207,20,Madrasa 20,392,397,1,790,50.25,101,12.8,379,213,5,658,P1,166,57.6,32.4,420,204,693,P1,False,D,4,,0,336,
South 24 Parganas,207,S24P-207,21,Post Office 21,257,249,1,507,49.11,46,9.1,261,96,3,396,P1,165,65.9,24.2,246,105,415,P1,False,A,1,,0,216,
South 24 Parganas,207,S24P-207,22,Market Building 22,405,365,0,770,47.4,93,12.1,372,154,2,603,P1,218,61.7,25.5,374,193,629,P1,False,D,4,,0,328,
South 24 Parganas,207,S24P-207,23,Govt Office 23,260,265,1,526,50.38,75,14.3,187,143,7,406,P1,44,46.1,35.2,292,96,457,P1,False,D,4,,0,224,
South 24 Parganas,207,S24P-207,24,Anganwadi Centre 24,367,372,0,739,50.34,69,9.3,437,143,5,645,P1,294,67.8,22.2,434,127,624,P1,False,A,1,,0,315,
South 24 Parganas,207,S24P-207,25,High School 25,359,329,1,689,47.75,90,13.1,295,186,5,608,P1,109,48.5,30.6,327,137,536,P1,False,D,4,,0,293,
South 24 Parganas,207,S24P-207,26,Club Building 26,252,240,1,493,48.68,57,11.6,230,104,3,378,P1,126,60.8,27.5,229,95,389,P1,False,D,4,,0,210,
South 24 Parganas,207,S24P-207,27,Health Sub-Centre 27,267,248,0,515,48.16,55,10.7,237,125,5,435,P1,112,54.5,28.7,262,146,453,P1,False,D,4,,0,219,
South 24 Parganas,207,S24P-207,28,Panchayat Bhavan 28,414,384,0,798,48.12,101,12.7,441,142,7,658,P1,299,67.0,21.6,350,199,666,P1,False,D,4,,0,340,
South 24 Parganas,207,S24P-207,29,Community Hall 29,405,410,0,815,50.31,112,13.7,414,207,5,690,P1,207,60.0,30.0,459,146,673,P1,False,D,4,,0,347,
South 24 Parganas,207,S24P-207,30,Panchayat Bhavan 30,276,282,0,558,50.54,77,13.8,202,154,6,438,P1,48,46.1,35.2,290,97,437,P1,False,D,4,,0,238,
South 24 Parganas,207,S24P-207,31,Primary School 31,387,374,1,762,49.08,74,9.7,433,170,3,670,P1,263,64.6,25.4,389,211,667,P1,False,B,3,,0,324,
South 24 Parganas,207,S24P-207,32,Post Office 32,394,358,0,752,47.61,99,13.2,415,147,6,664,P1,268,62.5,22.1,417,108,656,P1,False,D,4,,0,320,
South 24 Parganas,207,S24P-207,33,Govt Office 33,367,354,1,722,49.03,76,10.5,362,189,3,612,P1,173,59.2,30.9,329,148,578,P1,False,D,4,,0,307,
South 24 Parganas,207,S24P-207,34,Market Building 34,255,239,0,494,48.38,69,14.0,247,94,3,388,P1,153,63.7,24.2,216,128,383,P1,False,D,4,,0,210,
South 24 Parganas,207,S24P-207,35,Market Building 35,399,410,0,809,50.68,104,12.9,406,207,5,706,P1,199,57.5,29.3,384,178,657,P1,False,D,4,,0,345,
South 24 Parganas,207,S24P-207,36,Panchayat Bhavan 36,321,288,0,609,47.29,69,11.3,401,71,4,524,P1,330,76.5,13.5,278,167,523,P1,False,D,4,,0,259,
South 24 Parganas,207,S24P-207,37,Temple Hall 37,353,340,0,693,49.06,80,11.5,311,165,10,565,P1,146,55.0,29.2,363,120,594,P1,False,D,4,,0,295,
South 24 Parganas,207,S24P-207,38,Post Office 38,397,405,0,802,50.5,112,14.0,433,193,2,695,P1,240,62.3,27.8,406,225,701,P1,False,D,4,,0,342,
South 24 Parganas,207,S24P-207,39,Primary School 39,316,294,0,610,48.2,79,13.0,356,127,5,536,P1,229,66.4,23.7,326,138,516,P1,False,D,4,,0,260,
South 24 Parganas,207,S24P-207,40,Post Office 40,269,257,0,526,48.86,55,10.5,206,103,7,411,P1,103,50.1,25.1,309,83,435,P1,False,D,4,,0,224,
South 24 Parganas,207,S24P-207,41,Club Building 41,244,243,1,488,49.8,54,11.1,235,139,4,426,P1,96,55.2,32.6,232,115,388,P1,False,D,4,,0,208,
South 24 Parganas,207,S24P-207,42,Primary School 42,323,327,0,650,50.31,74,11.4,319,131,7,521,P1,188,61.2,25.1,374,107,535,P1,False,D,4,,0,277,
South 24 Parganas,207,S24P-207,43,Post Office 43,297,270,1,568,47.54,72,12.7,313,79,2,435,P1,234,72.0,18.2,324,108,480,P1,False,D,4,,0,242,
South 24 Parganas,207,S24P-207,44,Anganwadi Centre 44,248,238,1,487,48.87,44,9.0,240,100,8,427,P1,140,56.2,23.4,184,99,395,P1,False,B,3,,0,207,
South 24 Parganas,207,S24P-207,45,Madrasa 45,364,354,0,718,49.3,97,13.5,363,148,4,580,P1,215,62.6,25.5,280,106,561,P1,False,D,4,,0,306,
South 24 Parganas,207,S24P-207,46,Primary School 46,392,396,0,788,50.25,93,11.8,365,120,11,678,P1,190,53.8,17.7,382,181,625,P1,False,D,4,,0,336,
South 24 Parganas,207,S24P-207,47,Panchayat Bhavan 47,295,295,1,591,49.92,50,8.5,283,159,4,491,P1,124,57.6,32.4,290,114,506,P1,False,B,3,,0,252,
South 24 Parganas,207,S24P-207,48,Panchayat Bhavan 48,284,283,0,567,49.91,67,11.8,244,103,10,445,P1,141,54.8,23.1,266,59,439,P1,False,D,4,,0,241,
South 24 Parganas,207,S24P-207,49,Govt Office 49,414,395,0,809,48.83,97,12.0,321,174,20,674,P1,147,47.6,25.8,408,120,627,P1,False,D,4,,0,345,
South 24 Parganas,207,S24P-207,50,Govt Office 50,335,335,1,671,49.93,69,10.3,335,171,3,565,P1,164,59.3,30.3,388,124,569,P1,False,D,4,,0,286,
South 24 Parganas,207,S24P-207,51,Primary School 51,344,332,0,676,49.11,86,12.7,281,146,11,528,P1,135,53.2,27.7,364,114,559,P1,False,D,4,,0,288,
South 24 Parganas,207,S24P-207,52,Temple Hall 52,266,263,1,530,49.62,72,13.6,297,93,2,433,P1,204,68.6,21.5,273,104,457,P1,False,D,4,,0,226,
South 24 Parganas,207,S24P-207,53,Govt Office 53,415,404,1,820,49.27,116,14.1,459,126,10,709,P1,333,64.7,17.8,357,216,637,P1,False,D,4,,0,349,
South 24 Parganas,207,S24P-207,54,Panchayat Bhavan 54,422,381,1,804,47.39,114,14.2,352,221,6,637,P1,131,55.3,34.7,342,160,684,P1,False,D,4,,0,342,
South 24 Parganas,207,S24P-207,55,Primary School 55,394,352,0,746,47.18,66,8.8,373,110,6,571,P1,263,65.3,19.3,350,134,575,P1,False,A,1,,0,318,
South 24 Parganas,207,S24P-207,56,High School 56,291,279,0,570,48.95,71,12.5,370,62,5,481,P1,308,76.9,12.9,227,104,442,P1,False,D,4,,0,243,
South 24 Parganas,207,S24P-207,57,Anganwadi Centre 57,240,242,1,483,50.1,68,14.1,186,111,5,388,P1,75,47.9,28.6,264,100,404,P1,False,D,4,,0,206,
South 24 Parganas,207,S24P-207,58,Community Hall 58,358,351,0,709,49.51,93,13.1,432,83,5,572,P1,349,75.5,14.5,326,169,577,P1,False,D,4,,0,302,
South 24 Parganas,207,S24P-207,59,Club Building 59,264,270,1,535,50.47,44,8.2,239,123,11,463,P1,116,51.6,26.6,292,85,419,P1,False,B,3,,0,228,
South 24 Parganas,207,S24P-207,60,Health Sub-Centre 60,385,346,0,731,47.33,69,9.4,305,129,13,585,P1,173,52.1,22.1,431,96,639,P1,False,B,3,,0,311,
South 24 Parganas,207,S24P-207,61,Primary School 61,373,365,1,739,49.39,64,8.7,303,149,12,590,P1,154,51.4,25.3,434,133,630,P1,False,B,3,,0,315,
South 24 Parganas,207,S24P-207,62,Community Hall 62,291,285,1,577,49.39,57,9.9,307,127,5,505,P1,180,60.8,25.1,261,149,456,P1,False,B,3,,0,246,
South 24 Parganas,207,S24P-207,63,Market Building 63,417,380,0,797,47.68,111,13.9,362,139,5,677,P1,198,53.5,20.5,479,138,686,P1,False,D,4,,0,339,
South 24 Parganas,207,S24P-207,64,Market Building 64,391,361,1,753,47.94,63,8.4,308,115,16,582,P1,171,52.9,19.8,337,163,659,P1,False,B,3,,0,321,
South 24 Parganas,207,S24P-207,65,Post Office 65,313,292,0,605,48.26,64,10.6,298,122,2,467,P1,176,63.8,26.1,284,85,476,P1,False,D,4,,0,258,
South 24 Parganas,207,S24P-207,66,High School 66,345,342,0,687,49.78,54,7.9,448,87,5,595,P1,361,75.3,14.6,300,167,545,P1,False,A,1,,0,293,
South 24 Parganas,207,S24P-207,67,Community Hall 67,375,355,0,730,48.63,102,14.0,354,156,7,590,P1,198,60.0,26.4,349,200,632,P1,False,D,4,,0,311,
South 24 Parganas,207,S24P-207,68,Panchayat Bhavan 68,250,242,1,493,49.09,53,10.8,238,133,6,429,P1,105,55.5,31.0,249,127,417,P1,False,D,4,,0,210,
South 24 Parganas,207,S24P-207,69,Madrasa 69,389,376,1,766,49.09,102,13.3,411,120,4,590,P1,291,69.7,20.3,276,164,587,P1,False,D,4,,0,326,
South 24 Parganas,207,S24P-207,70,Govt Office 70,293,267,1,561,47.59,65,11.6,284,109,5,467,P1,175,60.8,23.3,269,121,435,P1,False,D,4,,0,239,
South 24 Parganas,207,S24P-207,71,Madrasa 71,264,270,0,534,50.56,54,10.1,269,103,4,430,P1,166,62.6,24.0,236,106,409,P1,False,D,4,,0,227,
South 24 Parganas,207,S24P-207,72,Market Building 72,369,339,0,708,47.88,65,9.2,319,169,5,542,P1,150,58.9,31.2,368,167,604,P1,False,B,3,,0,302,
South 24 Parganas,207,S24P-207,73,High School 73,299,278,0,577,48.18,54,9.4,262,159,3,467,P1,103,56.1,34.0,272,162,482,P1,False,B,3,,0,246,
South 24 Parganas,207,S24P-207,74,Madrasa 74,257,232,1,490,47.35,45,9.2,265,88,2,392,P1,177,67.6,22.4,265,103,408,P1,False,A,1,,0,209,
South 24 Parganas,207,S24P-207,75,Temple Hall 75,346,318,0,664,47.89,87,13.1,323,127,4,521,P1,196,62.0,24.4,282,169,560,P1,False,D,4,,0,283,
South 24 Parganas,207,S24P-207,76,Panchayat Bhavan 76,260,250,0,510,49.02,73,14.3,268,78,6,421,P1,190,63.7,18.5,235,103,435,P1,False,D,4,,0,217,
South 24 Parganas,207,S24P-207,77,Community Hall 77,331,303,0,634,47.79,81,12.8,406,85,3,545,P1,321,74.5,15.6,344,125,521,P1,False,D,4,,0,270,
South 24 Parganas,207,S24P-207,78,Post Office 78,363,373,0,736,50.68,68,9.2,331,191,3,580,P1,140,57.1,32.9,318,184,575,P1,False,B,3,,0,313,
South 24 Parganas,207,S24P-207,79,Anganwadi Centre 79,354,365,1,720,50.69,61,8.5,422,125,8,635,P1,297,66.5,19.7,449,75,582,P1,False,A,1,,0,307,
South 24 Parganas,207,S24P-207,80,Govt Office 80,347,327,0,674,48.52,70,10.4,353,105,5,588,P1,234,60.0,17.9,350,103,539,P1,False,D,4,,0,287,
South 24 Parganas,207,S24P-207,81,Community Hall 81,413,378,1,792,47.73,112,14.1,395,196,7,683,P1,199,57.8,28.7,407,183,655,P1,False,D,4,,0,337,
South 24 Parganas,207,S24P-207,82,Anganwadi Centre 82,346,311,0,657,47.34,90,13.7,255,170,10,536,P1,85,47.6,31.7,256,142,503,P1,False,D,4,,0,280,
South 24 Parganas,207,S24P-207,83,Primary School 83,317,319,0,636,50.16,85,13.4,241,121,8,487,P1,120,49.5,24.8,301,189,545,P1,False,D,4,,0,271,
South 24 Parganas,207,S24P-207,84,Club Building 84,261,240,0,501,47.9,46,9.2,261,57,5,386,P1,201,67.6,14.8,215,57,385,P1,False,A,1,,0,213,
South 24 Parganas,207,S24P-207,85,Community Hall 85,345,351,1,697,50.36,88,12.6,321,191,4,572,P1,130,56.1,33.4,346,161,564,P1,False,D,4,,0,297,
South 24 Parganas,207,S24P-207,86,Govt Office 86,314,311,0,625,49.76,66,10.6,323,81,3,501,P1,235,64.5,16.2,337,110,501,P1,False,D,4,,0,266,
South 24 Parganas,207,S24P-207,87,Madrasa 87,381,376,1,758,49.6,96,12.7,419,117,2,596,P1,302,70.3,19.6,371,216,661,P1,False,D,4,,0,323,
South 24 Parganas,207,S24P-207,88,Anganwadi Centre 88,314,295,1,610,48.36,59,9.7,387,97,2,538,P1,290,71.9,18.0,307,117,471,P1,False,A,1,,0,260,
South 24 Parganas,207,S24P-207,89,Club Building 89,275,278,1,554,50.18,66,11.9,265,119,1,429,P1,146,61.8,27.7,307,85,435,P1,False,D,4,,0,236,
South 24 Parganas,207,S24P-207,90,Community Hall 90,396,359,0,755,47.55,80,10.6,420,137,3,619,P1,283,67.9,22.1,346,172,584,P1,False,D,4,,0,322,
South 24 Parganas,207,S24P-207,91,Anganwadi Centre 91,308,295,1,604,48.84,52,8.6,314,118,3,483,P1,196,65.0,24.4,300,116,519,P1,False,B,3,,0,257,
South 24 Parganas,207,S24P-207,92,Govt Office 92,307,288,0,595,48.4,69,11.6,299,137,3,485,P1,162,61.6,28.2,286,169,506,P1,False,D,4,,0,253,
South 24 Parganas,207,S24P-207,93,Anganwadi Centre 93,419,378,1,798,47.37,90,11.3,390,165,6,616,P1,225,63.3,26.8,457,168,695,P1,False,D,4,,0,340,
South 24 Parganas,207,S24P-207,94,Primary School 94,338,310,0,648,47.84,51,7.9,360,123,6,536,P1,237,67.2,22.9,294,90,496,P1,False,A,1,,0,276,
South 24 Parganas,207,S24P-207,95,Post Office 95,333,329,1,663,49.62,60,9.0,368,118,9,569,P1,250,64.7,20.7,330,156,542,P1,False,B,3,,0,282,
South 24 Parganas,207,S24P-207,96,Madrasa 96,289,288,1,578,49.83,72,12.5,315,94,3,455,P1,221,69.2,20.7,379,68,497,P1,False,D,4,,0,246,
South 24 Parganas,207,S24P-207,97,Madrasa 97,292,290,1,583,49.74,48,8.2,303,158,3,513,P1,145,59.1,30.8,272,150,494,P1,False,B,3,,0,248,
South 24 Parganas,207,S24P-207,98,Anganwadi Centre 98,368,358,0,726,49.31,88,12.1,369,171,7,600,P1,198,61.5,28.5,316,142,575,P1,False,D,4,,0,309,
South 24 Parganas,207,S24P-207,99,High School 99,272,268,0,540,49.63,54,10.0,231,158,3,456,P1,73,50.7,34.6,182,141,429,P1,False,B,3,,0,230,
South 24 Parganas,207,S24P-207,100,Market Building 100,305,284,0,589,48.22,72,12.2,306,113,3,507,P1,193,60.4,22.3,328,81,454,P1,False,D,4,,0,251,
South 24 Parganas,207,S24P-207,101,Post Office 101,295,266,1,562,47.33,77,13.7,333,103,4,485,P1,230,68.7,21.2,306,114,491,P1,False,D,4,,0,239,
South 24 Parganas,207,S24P-207,102,Temple Hall 102,345,334,1,680,49.12,75,11.0,341,131,3,524,P1,210,65.1,25.0,337,182,588,P1,False,D,4,,0,290,
South 24 Parganas,207,S24P-207,103,Govt Office 103,389,378,1,768,49.22,79,10.3,413,159,4,635,P1,254,65.0,25.0,383,195,643,P1,False,D,4,,0,327,
South 24 Parganas,207,S24P-207,104,Temple Hall 104,317,326,0,643,50.7,85,13.2,339,130,6,522,P1,209,64.9,24.9,249,117,517,P1,False,D,4,,0,274,
South 24 Parganas,207,S24P-207,105,Govt Office 105,366,364,0,730,49.86,102,14.0,362,157,9,626,P1,205,57.8,25.1,425,151,640,P1,False,D,4,,0,311,
South 24 Parganas,207,S24P-207,106,Madrasa 106,339,329,0,668,49.25,70,10.5,428,82,4,566,P1,346,75.6,14.5,355,108,514,P1,False,D,4,,0,284,
South 24 Parganas,207,S24P-207,107,Primary School 107,381,363,0,744,48.79,106,14.2,337,166,7,590,P1,171,57.1,28.1,392,168,654,P1,False,D,4,,0,317,
South 24 Parganas,207,S24P-207,108,Club Building 108,264,265,0,529,50.09,56,10.6,221,118,6,433,P1,103,51.0,27.3,256,119,445,P1,False,D,4,,0,225,
South 24 Parganas,207,S24P-207,109,Govt Office 109,242,238,0,480,49.58,47,9.8,228,107,3,372,P1,121,61.3,28.8,246,94,378,P1,False,B,3,,0,204,
South 24 Parganas,207,S24P-207,110,Govt Office 110,248,248,1,497,49.9,62,12.5,265,62,11,427,P1,179,62.1,14.5,261,101,402,P1,False,D,4,,0,212,
South 24 Parganas,207,S24P-207,111,Panchayat Bhavan 111,358,330,0,688,47.97,72,10.5,282,178,6,533,P1,104,52.9,33.4,354,148,601,P1,False,D,4,,0,293,
South 24 Parganas,207,S24P-207,112,Panchayat Bhavan 112,279,280,0,559,50.09,70,12.5,301,115,4,462,P1,186,65.2,24.9,293,139,482,P1,False,D,4,,0,238,
South 24 Parganas,207,S24P-207,113,Post Office 113,263,261,0,524,49.81,45,8.6,256,109,3,405,P1,147,63.2,26.9,246,111,419,P1,False,B,3,,0,223,
South 24 Parganas,207,S24P-207,114,Panchayat Bhavan 114,330,323,1,654,49.39,72,11.0,379,116,5,550,P1,263,68.9,21.1,264,154,542,P1,False,D,4,,0,279,
South 24 Parganas,207,S24P-207,115,High School 115,285,280,0,565,49.56,61,10.8,319,75,2,438,P1,244,72.8,17.1,270,98,477,P1,False,D,4,,0,241,
South 24 Parganas,207,S24P-207,116,Madrasa 116,365,361,1,727,49.66,58,8.0,404,119,3,595,P1,285,67.9,20.0,405,118,581,P1,False,A,1,,0,310,
South 24 Parganas,207,S24P-207,117,Health Sub-Centre 117,416,395,1,812,48.65,115,14.2,370,231,11,710,P1,139,52.1,32.5,401,202,672,P1,False,D,4,,0,346,
South 24 Parganas,207,S24P-207,118,Health Sub-Centre 118,265,267,1,533,50.09,54,10.1,224,125,2,419,P1,99,53.5,29.8,239,91,419,P1,False,D,4,,0,227,
South 24 Parganas,207,S24P-207,119,Market Building 119,293,265,1,559,47.41,76,13.6,273,152,4,492,P1,121,55.5,30.9,235,141,460,P1,False,D,4,,0,238,
South 24 Parganas,207,S24P-207,120,Post Office 120,271,253,0,524,48.28,71,13.5,226,115,5,407,P1,111,55.5,28.3,226,116,439,P1,False,D,4,,0,223,
South 24 Parganas,207,S24P-207,121,Anganwadi Centre 121,273,249,1,523,47.61,54,10.3,195,130,5,414,P1,65,47.1,31.4,219,125,460,P1,False,D,4,,0,223,
South 24 Parganas,207,S24P-207,122,Post Office 122,293,285,1,579,49.22,54,9.3,319,106,6,494,P1,213,64.6,21.5,238,128,445,P1,False,B,3,,0,247,
South 24 Parganas,207,S24P-207,123,Post Office 123,401,363,0,764,47.51,64,8.4,354,192,3,606,P1,162,58.4,31.7,342,186,642,P1,False,B,3,,0,325,
South 24 Parganas,207,S24P-207,124,Primary School 124,279,254,0,533,47.65,61,11.4,193,148,6,425,P1,45,45.4,34.8,250,110,425,P1,False,D,4,,0,227,
South 24 Parganas,207,S24P-207,125,Panchayat Bhavan 125,280,286,0,566,50.53,76,13.4,269,151,9,498,P1,118,54.0,30.3,254,141,439,P1,False,D,4,,0,241,
South 24 Parganas,207,S24P-207,126,Temple Hall 126,409,385,0,794,48.49,98,12.3,390,179,3,657,P1,211,59.4,27.2,359,182,637,P1,False,D,4,,0,338,
South 24 Parganas,207,S24P-207,127,Club Building 127,375,349,0,724,48.2,99,13.7,328,155,8,621,P1,173,52.8,25.0,404,138,602,P1,False,D,4,,0,308,
South 24 Parganas,207,S24P-207,128,Madrasa 128,291,301,0,592,50.84,56,9.5,257,147,13,520,P1,110,49.4,28.3,362,72,482,P1,False,B,3,,0,252,
South 24 Parganas,207,S24P-207,129,Club Building 129,362,367,1,730,50.27,71,9.7,428,93,2,579,P1,335,73.9,16.1,421,151,636,P1,False,A,1,,0,311,
South 24 Parganas,207,S24P-207,130,Market Building 130,301,286,1,588,48.64,66,11.2,303,146,3,498,P1,157,60.8,29.3,353,98,501,P1,False,D,4,,0,250,
South 24 Parganas,207,S24P-207,131,High School 131,354,353,1,708,49.86,69,9.7,388,125,4,570,P1,263,68.1,21.9,373,180,626,P1,False,A,1,,0,302,
South 24 Parganas,207,S24P-207,132,Govt Office 132,419,377,1,797,47.3,68,8.5,379,165,8,652,P1,214,58.1,25.3,406,167,637,P1,False,B,3,,0,339,
South 24 Parganas,207,S24P-207,133,Community Hall 133,267,271,1,539,50.28,62,11.5,285,108,5,437,P1,177,65.2,24.7,268,115,472,P1,False,D,4,,0,230,
South 24 Parganas,207,S24P-207,134,Club Building 134,373,372,1,746,49.87,96,12.9,294,203,10,632,P1,91,46.5,32.1,377,122,573,P1,False,D,4,,0,318,
South 24 Parganas,207,S24P-207,135,Govt Office 135,423,385,1,809,47.59,63,7.8,385,185,6,653,P1,200,59.0,28.3,362,208,634,P1,False,B,3,,0,345,
South 24 Parganas,207,S24P-207,136,Govt Office 136,249,243,0,492,49.39,58,11.8,280,72,3,391,P1,208,71.6,18.4,249,112,401,P1,False,D,4,,0,210,
South 24 Parganas,207,S24P-207,137,Govt Office 137,275,263,0,538,48.88,73,13.6,267,112,3,438,P1,155,61.0,25.6,271,120,434,P1,False,D,4,,0,229,
South 24 Parganas,207,S24P-207,138,Temple Hall 138,291,278,1,570,48.77,64,11.2,300,134,7,493,P1,166,60.9,27.2,323,76,444,P1,False,D,4,,0,243,
South 24 Parganas,207,S24P-207,139,Anganwadi Centre 139,320,324,0,644,50.31,78,12.1,321,148,4,526,P1,173,61.0,28.1,315,118,507,P1,False,D,4,,0,274,
South 24 Parganas,207,S24P-207,140,Govt Office 140,298,279,0,577,48.35,73,12.7,342,92,3,482,P1,250,71.0,19.1,244,149,447,P1,False,D,4,,0,246,
South 24 Parganas,207,S24P-207,141,Market Building 141,385,385,1,771,49.94,67,8.7,309,241,8,619,P1,68,49.9,38.9,378,119,680,P1,False,B,3,,0,328,
South 24 Parganas,207,S24P-207,142,Health Sub-Centre 142,343,343,0,686,50.0,91,13.3,431,112,3,603,P1,319,71.5,18.6,361,97,593,P1,False,D,4,,0,292,
South 24 Parganas,207,S24P-207,143,Primary School 143,251,236,1,488,48.36,63,12.9,254,89,2,381,P1,165,66.7,23.4,242,141,426,P1,False,D,4,,0,208,
South 24 Parganas,207,S24P-207,144,Post Office 144,314,314,1,629,49.92,77,12.2,303,170,7,530,P1,133,57.2,32.1,286,192,553,P1,False,D,4,,0,268,
South 24 Parganas,207,S24P-207,145,Market Building 145,343,312,1,656,47.56,58,8.8,290,156,8,518,P1,134,56.0,30.1,315,158,526,P1,False,B,3,,0,279,
South 24 Parganas,207,S24P-207,146,Anganwadi Centre 146,277,261,0,538,48.51,67,12.5,259,119,3,433,P1,140,59.8,27.5,297,91,457,P1,False,D,4,,0,229,
South 24 Parganas,207,S24P-207,147,Govt Office 147,327,328,1,656,50.0,75,11.4,329,76,11,533,P1,217,61.7,14.3,286,124,546,P1,False,D,4,,0,279,
South 24 Parganas,207,S24P-207,148,Anganwadi Centre 148,313,285,0,598,47.66,47,7.9,306,128,9,512,P1,178,59.8,25.0,373,100,526,P1,False,B,3,,0,255,
South 24 Parganas,207,S24P-207,149,Govt Office 149,321,315,0,636,49.53,67,10.5,262,133,13,503,P1,129,52.1,26.4,261,163,558,P1,False,D,4,,0,271,
South 24 Parganas,207,S24P-207,150,Madrasa 150,369,369,0,738,50.0,71,9.6,285,156,14,602,P1,129,47.3,25.9,310,119,620,P1,False,B,3,,0,314,
South 24 Parganas,207,S24P-207,151,Temple Hall 151,350,334,0,684,48.83,55,8.0,246,167,6,534,P1,79,46.1,31.3,332,166,557,P1,False,B,3,,0,291,
South 24 Parganas,207,S24P-207,152,Post Office 152,385,360,1,746,48.26,92,12.3,443,141,3,649,P1,302,68.3,21.7,370,146,614,P1,False,D,4,,0,318,
South 24 Parganas,207,S24P-207,153,Market Building 153,292,263,0,555,47.39,65,11.7,286,115,5,467,P1,171,61.2,24.6,383,48,479,P1,False,D,4,,0,236,
South 24 Parganas,207,S24P-207,154,Primary School 154,250,237,1,488,48.57,68,13.9,250,106,2,396,P1,144,63.1,26.8,269,68,374,P1,False,D,4,,0,208,
South 24 Parganas,207,S24P-207,155,Anganwadi Centre 155,372,380,0,752,50.53,78,10.4,363,176,5,601,P1,187,60.4,29.3,338,115,664,P1,False,D,4,,0,320,
South 24 Parganas,207,S24P-207,156,Health Sub-Centre 156,390,385,0,775,49.68,69,8.9,355,207,6,631,P1,148,56.3,32.8,440,140,644,P1,False,B,3,,0,330,
South 24 Parganas,207,S24P-207,157,Post Office 157,270,271,1,542,50.0,76,14.0,312,114,5,473,P1,198,66.0,24.1,271,139,456,P1,False,D,4,,0,231,
South 24 Parganas,207,S24P-207,158,Govt Office 158,376,349,1,726,48.07,70,9.6,295,135,17,576,P1,160,51.2,23.4,360,158,576,P1,False,B,3,,0,309,
South 24 Parganas,207,S24P-207,159,Temple Hall 159,407,366,1,774,47.29,79,10.2,379,149,5,619,P1,230,61.2,24.1,424,164,653,P1,False,D,4,,0,330,
South 24 Parganas,207,S24P-207,160,Health Sub-Centre 160,342,341,0,683,49.93,72,10.5,382,114,5,551,P1,268,69.3,20.7,259,134,565,P1,False,D,4,,0,291,
South 24 Parganas,207,S24P-207,161,Madrasa 161,255,229,0,484,47.31,38,7.9,230,112,4,400,P1,118,57.5,28.0,231,87,413,P1,False,B,3,,0,206,
South 24 Parganas,207,S24P-207,162,High School 162,245,249,1,495,50.3,58,11.7,254,60,6,391,P1,187,65.0,15.3,166,119,406,P1,False,D,4,,0,211,
South 24 Parganas,207,S24P-207,163,Govt Office 163,357,360,0,717,50.21,56,7.8,411,159,3,634,P1,252,64.8,25.1,373,135,620,P1,False,B,3,,0,305,
South 24 Parganas,207,S24P-207,164,Primary School 164,303,303,0,606,50.0,72,11.9,355,96,5,501,P1,259,70.9,19.2,237,96,470,P1,False,D,4,,0,258,
South 24 Parganas,207,S24P-207,165,Temple Hall 165,314,282,1,597,47.24,74,12.4,260,124,6,478,P1,136,54.4,25.9,259,81,460,P1,False,D,4,,0,254,
South 24 Parganas,207,S24P-207,166,Health Sub-Centre 166,249,241,1,491,49.08,58,11.8,271,107,4,420,P1,164,64.5,25.5,228,85,412,P1,False,D,4,,0,209,
South 24 Parganas,207,S24P-207,167,Primary School 167,310,307,0,617,49.76,79,12.8,233,134,7,484,P1,99,48.1,27.7,241,140,476,P1,False,D,4,,0,263,
South 24 Parganas,208,S24P-208,1,Club Building 1,310,307,0,617,49.76,86,13.9,311,129,11,542,P1,182,57.4,23.8,332,113,495,P1,False,D,4,,0,263,
South 24 Parganas,208,S24P-208,2,Post Office 2,282,292,1,575,50.78,67,11.7,292,148,5,489,P1,144,59.7,30.3,278,158,500,P1,False,D,4,,0,245,
South 24 Parganas,208,S24P-208,3,Anganwadi Centre 3,312,294,0,606,48.51,66,10.9,254,114,7,521,P1,112,48.8,21.9,371,91,514,P1,False,D,4,,0,258,
South 24 Parganas,208,S24P-208,4,Market Building 4,373,378,1,752,50.27,89,11.8,370,151,3,579,P1,219,63.9,26.1,336,169,659,P1,False,D,4,,0,320,
South 24 Parganas,208,S24P-208,5,High School 5,302,311,1,614,50.65,55,9.0,290,141,3,501,P1,149,57.9,28.1,356,87,492,P1,False,B,3,,0,261,
South 24 Parganas,208,S24P-208,6,Primary School 6,339,313,0,652,48.01,68,10.4,243,126,6,501,P1,117,48.5,25.1,314,166,536,P1,False,D,4,,0,278,
South 24 Parganas,208,S24P-208,7,Post Office 7,303,273,1,577,47.31,81,14.0,277,114,9,492,P1,163,56.3,23.2,271,147,483,P1,False,D,4,,0,246,
South 24 Parganas,208,S24P-208,8,Health Sub-Centre 8,365,360,0,725,49.66,85,11.7,358,201,7,627,P1,157,57.1,32.1,371,132,591,P1,False,D,4,,0,309,
South 24 Parganas,208,S24P-208,9,Health Sub-Centre 9,258,235,1,494,47.57,72,14.6,251,93,2,383,P1,158,65.5,24.3,309,82,434,P1,False,D,4,,0,210,
South 24 Parganas,208,S24P-208,10,Post Office 10,291,295,1,587,50.26,85,14.5,223,140,8,500,P1,83,44.6,28.0,354,107,512,P1,False,D,4,,0,250,
South 24 Parganas,208,S24P-208,11,Madrasa 11,250,255,0,505,50.5,56,11.1,268,96,2,405,P1,172,66.2,23.7,263,131,438,P1,False,D,4,,0,215,
South 24 Parganas,208,S24P-208,12,Market Building 12,342,347,0,689,50.36,60,8.7,458,86,4,605,P1,372,75.7,14.2,384,128,569,P1,False,A,1,,0,293,
South 24 Parganas,208,S24P-208,13,Anganwadi Centre 13,369,345,1,715,48.25,72,10.1,270,142,9,553,P1,128,48.8,25.7,236,145,569,P1,False,D,4,,0,304,
South 24 Parganas,208,S24P-208,14,Madrasa 14,286,284,1,571,49.74,52,9.1,244,82,9,465,P1,118,52.5,17.6,317,100,464,P1,False,B,3,,0,243,
South 24 Parganas,208,S24P-208,15,Post Office 15,334,307,0,641,47.89,99,15.4,288,176,2,519,P1,112,55.5,33.9,322,143,516,P1,False,D,4,,0,273,
South 24 Parganas,208,S24P-208,16,Madrasa 16,428,391,0,819,47.74,111,13.6,419,160,9,663,P1,259,63.2,24.1,262,224,706,P1,False,D,4,,0,349,
South 24 Parganas,208,S24P-208,17,Primary School 17,380,386,0,766,50.39,79,10.3,336,180,7,637,P1,156,52.7,28.3,419,143,624,P1,False,D,4,,0,326,
South 24 Parganas,208,S24P-208,18,Health Sub-Centre 18,297,272,0,569,47.8,54,9.5,310,113,2,470,P1,197,66.0,24.0,272,96,452,P1,False,A,1,,0,242,
South 24 Parganas,208,S24P-208,19,Post Office 19,274,269,1,544,49.45,66,12.1,271,114,4,428,P1,157,63.3,26.6,255,113,438,P1,False,D,4,,0,232,
South 24 Parganas,208,S24P-208,20,Club Building 20,343,332,0,675,49.19,77,11.4,341,153,6,549,P1,188,62.1,27.9,388,128,573,P1,False,D,4,,0,287,
South 24 Parganas,208,S24P-208,21,High School 21,265,260,0,525,49.52,55,10.5,290,99,3,432,P1,191,67.1,22.9,287,101,431,P1,False,D,4,,0,224,
South 24 Parganas,208,S24P-208,22,Anganwadi Centre 22,370,342,1,713,47.97,71,10.0,391,158,4,610,P1,233,64.1,25.9,340,171,581,P1,False,B,3,,0,304,
South 24 Parganas,208,S24P-208,23,High School 23,372,365,0,737,49.53,86,11.7,353,158,7,591,P1,195,59.7,26.7,301,108,573,P1,False,D,4,,0,314,
South 24 Parganas,208,S24P-208,24,Madrasa 24,373,361,0,734,49.18,78,10.6,322,83,15,639,P1,109,50.4,13.0,442,129,634,P1,False,D,4,,0,313,
South 24 Parganas,208,S24P-208,25,Govt Office 25,267,256,1,524,48.85,58,11.1,233,129,3,402,P1,104,58.0,32.1,281,91,414,P1,False,D,4,,0,223,
South 24 Parganas,208,S24P-208,26,Madrasa 26,281,285,0,566,50.35,48,8.5,352,64,5,462,P1,288,76.2,13.9,266,137,453,P1,False,A,1,,0,241,
South 24 Parganas,208,S24P-208,27,Community Hall 27,343,340,0,683,49.78,100,14.6,362,167,4,595,P1,195,60.8,28.1,237,193,555,P1,False,D,4,,0,291,
South 24 Parganas,208,S24P-208,28,Health Sub-Centre 28,291,281,1,573,49.04,83,14.5,267,130,2,441,P1,137,60.5,29.5,289,166,506,P1,False,D,4,,0,244,
South 24 Parganas,208,S24P-208,29,Anganwadi Centre 29,375,386,0,761,50.72,109,14.3,379,196,8,639,P1,183,59.3,30.7,370,180,633,P1,False,D,4,,0,324,
South 24 Parganas,208,S24P-208,30,Temple Hall 30,277,270,0,547,49.36,74,13.5,311,115,3,473,P1,196,65.8,24.3,270,111,423,P1,False,D,4,,0,233,
South 24 Parganas,208,S24P-208,31,Primary School 31,281,270,0,551,49.0,74,13.4,299,121,2,467,P1,178,64.0,25.9,205,106,462,P1,False,D,4,,0,235,
South 24 Parganas,208,S24P-208,32,Primary School 32,374,375,0,749,50.07,108,14.4,446,110,2,618,P1,336,72.2,17.8,312,186,595,P1,False,D,4,,0,319,
South 24 Parganas,208,S24P-208,33,Anganwadi Centre 33,315,293,0,608,48.19,91,15.0,315,134,2,499,P1,181,63.1,26.9,301,119,496,P1,False,D,4,,0,259,
South 24 Parganas,208,S24P-208,34,Health Sub-Centre 34,297,290,0,587,49.4,84,14.3,277,173,7,518,P1,104,53.5,33.4,272,110,474,P1,False,D,4,,0,250,
South 24 Parganas,208,S24P-208,35,Panchayat Bhavan 35,365,378,1,744,50.81,99,13.3,371,160,3,592,P1,211,62.7,27.0,377,142,600,P1,False,D,4,,0,317,
South 24 Parganas,208,S24P-208,36,Temple Hall 36,309,309,0,618,50.0,89,14.4,342,148,6,544,P1,194,62.9,27.2,245,170,475,P1,False,D,4,,0,263,
South 24 Parganas,208,S24P-208,37,Post Office 37,377,388,0,765,50.72,66,8.6,400,166,3,654,P1,234,61.2,25.4,349,191,676,P1,False,B,3,,0,326,
South 24 Parganas,208,S24P-208,38,Post Office 38,305,285,1,591,48.22,51,8.6,297,86,7,491,P1,200,60.5,17.5,305,119,471,P1,False,B,3,,0,252,
South 24 Parganas,208,S24P-208,39,Club Building 39,249,249,0,498,50.0,64,12.9,235,108,3,401,P1,127,58.6,26.9,246,145,435,P1,False,D,4,,0,212,
South 24 Parganas,208,S24P-208,40,Health Sub-Centre 40,399,408,0,807,50.56,76,9.4,452,124,7,641,P1,328,70.5,19.3,380,193,691,P1,False,A,1,,0,344,
South 24 Parganas,208,S24P-208,41,Club Building 41,335,323,0,658,49.09,67,10.2,357,101,3,524,P1,256,68.1,19.3,276,158,513,P1,False,D,4,,0,280,
South 24 Parganas,208,S24P-208,42,Temple Hall 42,250,232,1,483,48.03,72,14.9,273,107,2,422,P1,166,64.7,25.4,231,123,415,P1,False,D,4,,0,206,
South 24 Parganas,208,S24P-208,43,Madrasa 43,304,310,0,614,50.49,62,10.1,356,92,3,497,P1,264,71.6,18.5,257,164,520,P1,False,D,4,,0,261,
South 24 Parganas,208,S24P-208,44,Anganwadi Centre 44,285,283,0,568,49.82,57,10.0,288,133,2,468,P1,155,61.5,28.4,324,103,475,P1,False,B,3,,0,242,
South 24 Parganas,208,S24P-208,45,Panchayat Bhavan 45,317,305,0,622,49.04,73,11.7,334,105,8,541,P1,229,61.7,19.4,323,156,532,P1,False,D,4,,0,265,
South 24 Parganas,208,S24P-208,46,High School 46,277,286,0,563,50.8,79,14.0,309,103,2,474,P1,206,65.2,21.7,194,168,484,P1,False,D,4,,0,240,
South 24 Parganas,208,S24P-208,47,Post Office 47,260,265,1,526,50.38,46,8.7,303,104,3,453,P1,199,66.9,23.0,280,99,463,P1,False,A,1,,0,224,
South 24 Parganas,208,S24P-208,48,Panchayat Bhavan 48,314,314,0,628,50.0,84,13.4,276,131,11,518,P1,145,53.3,25.3,299,119,516,P1,False,D,4,,0,267,
South 24 Parganas,208,S24P-208,49,Temple Hall 49,366,331,1,698,47.42,94,13.5,360,149,2,565,P1,211,63.7,26.4,347,151,553,P1,False,D,4,,0,297,
South 24 Parganas,208,S24P-208,50,Temple Hall 50,284,269,0,553,48.64,72,13.0,276,103,8,472,P1,173,58.5,21.8,329,74,486,P1,False,D,4,,0,235,
South 24 Parganas,208,S24P-208,51,Market Building 51,288,269,0,557,48.29,67,12.0,236,172,8,483,P1,64,48.9,35.6,279,119,443,P1,False,D,4,,0,237,
South 24 Parganas,208,S24P-208,52,Anganwadi Centre 52,372,359,1,732,49.04,87,11.9,368,187,5,617,P1,181,59.6,30.3,327,169,630,P1,False,D,4,,0,312,
South 24 Parganas,208,S24P-208,53,Temple Hall 53,365,339,1,705,48.09,71,10.1,355,188,5,603,P1,167,58.9,31.2,345,107,568,P1,False,D,4,,0,300,
South 24 Parganas,208,S24P-208,54,Madrasa 54,360,348,0,708,49.15,85,12.0,371,155,6,585,P1,216,63.4,26.5,344,108,624,P1,False,D,4,,0,302,
South 24 Parganas,208,S24P-208,55,Anganwadi Centre 55,402,387,0,789,49.05,102,12.9,323,173,12,607,P1,150,53.2,28.5,351,154,671,P1,False,D,4,,0,336,
South 24 Parganas,208,S24P-208,56,Madrasa 56,270,272,0,542,50.18,71,13.1,234,107,12,456,P1,127,51.3,23.5,297,84,424,P1,False,D,4,,0,231,
South 24 Parganas,208,S24P-208,57,Madrasa 57,323,331,0,654,50.61,87,13.3,350,147,2,553,P1,203,63.3,26.6,325,115,506,P1,False,D,4,,0,279,
South 24 Parganas,208,S24P-208,58,Community Hall 58,311,289,1,601,48.09,66,11.0,323,93,2,487,P1,230,66.3,19.1,263,106,504,P1,False,D,4,,0,256,
South 24 Parganas,208,S24P-208,59,Anganwadi Centre 59,317,313,1,631,49.6,90,14.3,306,118,6,515,P1,188,59.4,22.9,326,171,552,P1,False,D,4,,0,269,
South 24 Parganas,208,S24P-208,60,Community Hall 60,362,332,0,694,47.84,84,12.1,323,165,9,576,P1,158,56.1,28.6,348,163,568,P1,False,D,4,,0,296,
South 24 Parganas,208,S24P-208,61,Panchayat Bhavan 61,378,343,0,721,47.57,76,10.5,379,145,6,586,P1,234,64.7,24.7,346,210,626,P1,False,D,4,,0,307,
South 24 Parganas,208,S24P-208,62,Panchayat Bhavan 62,325,302,0,627,48.17,96,15.3,325,142,4,523,P1,183,62.1,27.2,238,155,495,P1,False,D,4,,0,267,
South 24 Parganas,208,S24P-208,63,Panchayat Bhavan 63,354,352,1,707,49.79,97,13.7,404,152,4,618,P1,252,65.4,24.6,394,153,608,P1,False,D,4,,0,301,
South 24 Parganas,208,S24P-208,64,Temple Hall 64,394,362,1,757,47.82,75,9.9,249,173,9,584,P1,76,42.6,29.6,355,115,632,P1,False,B,3,,0,322,
South 24 Parganas,208,S24P-208,65,Temple Hall 65,417,401,0,818,49.02,125,15.3,462,143,3,672,P1,319,68.8,21.3,380,150,678,P1,False,D,4,,0,348,
South 24 Parganas,208,S24P-208,66,Health Sub-Centre 66,275,271,0,546,49.63,52,9.5,294,104,2,442,P1,190,66.5,23.5,292,98,471,P1,False,A,1,,0,233,
South 24 Parganas,208,S24P-208,67,Temple Hall 67,394,398,0,792,50.25,121,15.3,343,145,14,640,P1,198,53.6,22.7,413,208,690,P1,False,D,4,,0,337,
South 24 Parganas,208,S24P-208,68,Post Office 68,327,320,0,647,49.46,69,10.7,321,137,4,554,P1,184,57.9,24.7,394,98,547,P1,False,D,4,,0,276,
South 24 Parganas,208,S24P-208,69,Club Building 69,317,301,0,618,48.71,67,10.8,333,148,5,534,P1,185,62.4,27.7,384,98,535,P1,False,D,4,,0,263,
South 24 Parganas,208,S24P-208,70,Madrasa 70,308,311,0,619,50.24,92,14.9,298,130,6,475,P1,168,62.7,27.4,323,118,490,P1,False,D,4,,0,264,
South 24 Parganas,208,S24P-208,71,Anganwadi Centre 71,363,355,1,719,49.37,83,11.5,389,121,7,567,P1,268,68.6,21.3,398,162,622,P1,False,D,4,,0,306,
South 24 Parganas,208,S24P-208,72,High School 72,408,367,1,776,47.29,76,9.8,405,152,5,619,P1,253,65.4,24.6,378,216,660,P1,False,A,1,,0,330,
South 24 Parganas,208,S24P-208,73,Market Building 73,270,258,0,528,48.86,47,8.9,240,111,6,423,P1,129,56.7,26.2,220,121,421,P1,False,B,3,,0,225,
South 24 Parganas,208,S24P-208,74,Community Hall 74,295,285,1,581,49.05,54,9.3,297,122,4,476,P1,175,62.4,25.6,284,147,484,P1,False,B,3,,0,247,
South 24 Parganas,208,S24P-208,75,Community Hall 75,393,365,0,758,48.15,113,14.9,424,176,3,666,P1,248,63.7,26.4,353,123,609,P1,False,D,4,,0,323,
South 24 Parganas,208,S24P-208,76,Temple Hall 76,384,355,1,740,47.97,80,10.8,272,152,6,590,P1,119,46.1,25.8,420,131,612,P1,False,D,4,,0,315,
South 24 Parganas,208,S24P-208,77,Panchayat Bhavan 77,335,327,1,663,49.32,90,13.6,324,150,7,555,P1,174,58.4,27.0,263,106,521,P1,False,D,4,,0,282,
South 24 Parganas,208,S24P-208,78,Post Office 78,260,239,0,499,47.9,47,9.4,269,105,3,416,P1,164,64.7,25.2,255,92,403,P1,False,B,3,,0,212,
South 24 Parganas,208,S24P-208,79,Market Building 79,270,252,1,523,48.18,55,10.5,292,106,2,446,P1,186,65.5,23.8,280,92,444,P1,False,D,4,,0,223,
South 24 Parganas,208,S24P-208,80,Anganwadi Centre 80,256,255,1,512,49.8,50,9.8,282,93,4,417,P1,189,67.6,22.3,183,111,417,P1,False,A,1,,0,218,
South 24 Parganas,208,S24P-208,81,Health Sub-Centre 81,364,332,0,696,47.7,75,10.8,299,124,11,557,P1,175,53.7,22.3,269,205,569,P1,False,D,4,,0,296,
South 24 Parganas,208,S24P-208,82,Community Hall 82,419,379,1,799,47.43,70,8.8,408,182,4,700,P1,226,58.3,26.0,386,123,650,P1,False,B,3,,0,340,
South 24 Parganas,208,S24P-208,83,Health Sub-Centre 83,357,324,1,682,47.51,86,12.6,334,117,6,593,P1,203,56.3,19.7,330,178,564,P1,False,D,4,,0,290,
South 24 Parganas,208,S24P-208,84,Post Office 84,326,320,1,647,49.46,83,12.8,288,186,3,536,P1,102,53.7,34.7,430,68,553,P1,False,D,4,,0,276,
South 24 Parganas,208,S24P-208,85,Health Sub-Centre 85,405,369,0,774,47.67,81,10.5,368,195,6,626,P1,173,58.8,31.2,348,192,600,P1,False,D,4,,0,330,
South 24 Parganas,208,S24P-208,86,Community Hall 86,408,370,0,778,47.56,83,10.7,402,151,6,644,P1,251,62.4,23.4,433,146,644,P1,False,D,4,,0,331,
South 24 Parganas,208,S24P-208,87,Madrasa 87,386,349,0,735,47.48,92,12.5,337,210,5,630,P1,127,53.5,33.3,368,165,645,P1,False,D,4,,0,313,
South 24 Parganas,208,S24P-208,88,Health Sub-Centre 88,322,302,0,624,48.4,87,13.9,312,128,5,521,P1,184,59.9,24.6,270,130,478,P1,False,D,4,,0,266,
South 24 Parganas,208,S24P-208,89,Panchayat Bhavan 89,386,365,0,751,48.6,79,10.5,413,160,7,636,P1,253,64.9,25.2,355,148,641,P1,False,D,4,,0,320,
South 24 Parganas,208,S24P-208,90,Market Building 90,292,293,1,586,50.0,66,11.3,346,105,6,501,P1,241,69.1,21.0,299,120,507,P1,False,D,4,,0,250,
South 24 Parganas,208,S24P-208,91,Post Office 91,368,364,1,733,49.66,81,11.1,406,125,7,645,P1,281,62.9,19.4,372,98,629,P1,False,D,4,,0,312,
South 24 Parganas,208,S24P-208,92,Community Hall 92,281,285,0,566,50.35,74,13.1,299,103,3,447,P1,196,66.9,23.0,233,83,468,P1,False,D,4,,0,241,
South 24 Parganas,208,S24P-208,93,Market Building 93,363,358,1,722,49.58,103,14.3,323,153,8,562,P1,170,57.5,27.2,382,140,580,P1,False,D,4,,0,307,
South 24 Parganas,208,S24P-208,94,Primary School 94,258,247,1,506,48.81,65,12.8,218,145,1,404,P1,73,54.0,35.9,236,126,440,P1,False,D,4,,0,215,
South 24 Parganas,208,S24P-208,95,High School 95,382,369,1,752,49.07,107,14.2,384,144,5,641,P1,240,59.9,22.5,401,133,625,P1,False,D,4,,0,320,
South 24 Parganas,208,S24P-208,96,Community Hall 96,353,340,0,693,49.06,87,12.6,326,166,7,558,P1,160,58.4,29.7,331,164,575,P1,False,D,4,,0,295,
South 24 Parganas,208,S24P-208,97,High School 97,372,379,0,751,50.47,101,13.4,403,173,4,640,P1,230,63.0,27.0,351,145,576,P1,False,D,4,,0,320,
South 24 Parganas,208,S24P-208,98,High School 98,338,335,1,674,49.7,99,14.7,387,141,2,587,P1,246,65.9,24.0,290,157,576,P1,False,D,4,,0,287,
South 24 Parganas,208,S24P-208,99,Primary School 99,305,293,0,598,49.0,84,14.0,332,119,2,502,P1,213,66.1,23.7,292,132,471,P1,False,D,4,,0,255,
South 24 Parganas,208,S24P-208,100,Panchayat Bhavan 100,344,313,0,657,47.64,71,10.8,262,143,12,574,P1,111,45.6,24.9,357,132,543,P1,False,D,4,,0,280,
South 24 Parganas,208,S24P-208,101,Temple Hall 101,411,380,0,791,48.04,96,12.1,457,124,6,645,P1,333,70.9,19.2,444,162,674,P1,False,D,4,,0,337,
South 24 Parganas,208,S24P-208,102,Club Building 102,247,235,0,482,48.76,62,12.9,261,91,2,391,P1,170,66.8,23.3,245,79,417,P1,False,D,4,,0,205,
South 24 Parganas,208,S24P-208,103,High School 103,299,275,0,574,47.91,50,8.7,293,111,3,452,P1,182,64.8,24.6,290,114,487,P1,False,B,3,,0,244,
South 24 Parganas,208,S24P-208,104,Anganwadi Centre 104,284,263,1,548,47.99,74,13.5,271,131,5,479,P1,140,56.6,27.3,306,58,456,P1,False,D,4,,0,233,
South 24 Parganas,208,S24P-208,105,Madrasa 105,401,378,0,779,48.52,95,12.2,356,191,3,607,P1,165,58.6,31.5,311,203,625,P1,False,D,4,,0,332,
South 24 Parganas,208,S24P-208,106,Club Building 106,263,271,0,534,50.75,81,15.2,322,99,5,468,P1,223,68.8,21.2,249,134,453,P1,False,D,4,,0,227,
South 24 Parganas,208,S24P-208,107,Madrasa 107,301,290,0,591,49.07,64,10.8,343,127,4,522,P1,216,65.7,24.3,319,147,517,P1,False,D,4,,0,252,
South 24 Parganas,208,S24P-208,108,High School 108,394,371,1,766,48.43,114,14.9,385,167,5,628,P1,218,61.3,26.6,443,155,668,P1,False,D,4,,0,326,
South 24 Parganas,208,S24P-208,109,Temple Hall 109,391,399,0,790,50.51,67,8.5,393,162,6,617,P1,231,63.7,26.3,425,124,610,P1,False,B,3,,0,336,
South 24 Parganas,208,S24P-208,110,Post Office 110,293,298,0,591,50.42,50,8.5,275,136,8,496,P1,139,55.4,27.4,330,115,495,P1,False,B,3,,0,252,
South 24 Parganas,208,S24P-208,111,Govt Office 111,367,369,1,737,50.07,101,13.7,360,180,4,621,P1,180,58.0,29.0,405,139,605,P1,False,D,4,,0,314,
South 24 Parganas,208,S24P-208,112,High School 112,308,286,1,595,48.07,82,13.8,318,123,8,522,P1,195,60.9,23.6,270,155,490,P1,False,D,4,,0,253,
South 24 Parganas,208,S24P-208,113,Community Hall 113,372,344,1,717,47.98,79,11.0,338,189,8,603,P1,149,56.1,31.3,416,117,593,P1,False,D,4,,0,305,
South 24 Parganas,208,S24P-208,114,Post Office 114,319,301,0,620,48.55,56,9.0,343,142,5,539,P1,201,63.6,26.3,322,127,542,P1,False,B,3,,0,264,
South 24 Parganas,208,S24P-208,115,Market Building 115,298,274,0,572,47.9,74,12.9,306,139,6,501,P1,167,61.1,27.7,246,162,479,P1,False,D,4,,0,244,
South 24 Parganas,208,S24P-208,116,High School 116,267,253,1,521,48.56,65,12.5,290,120,4,456,P1,170,63.6,26.3,229,141,412,P1,False,D,4,,0,222,
South 24 Parganas,208,S24P-208,117,Madrasa 117,382,390,1,773,50.45,95,12.3,387,180,5,681,P1,207,56.8,26.4,385,136,612,P1,False,D,4,,0,329,
South 24 Parganas,208,S24P-208,118,Temple Hall 118,344,330,0,674,48.96,89,13.2,336,181,4,578,P1,155,58.1,31.3,375,142,575,P1,False,D,4,,0,287,
South 24 Parganas,208,S24P-208,119,Primary School 119,366,362,1,729,49.66,70,9.6,392,142,5,611,P1,250,64.2,23.2,395,144,623,P1,False,B,3,,0,310,
South 24 Parganas,208,S24P-208,120,Primary School 120,413,391,0,804,48.63,102,12.7,529,105,6,704,P1,424,75.1,14.9,395,150,668,P1,False,D,4,,0,342,
South 24 Parganas,208,S24P-208,121,Health Sub-Centre 121,255,253,0,508,49.8,44,8.7,241,112,4,392,P1,129,61.5,28.6,237,83,446,P1,False,B,3,,0,216,
South 24 Parganas,208,S24P-208,122,Govt Office 122,361,362,0,723,50.07,70,9.7,336,142,9,561,P1,194,59.9,25.3,324,155,596,P1,False,B,3,,0,308,
South 24 Parganas,208,S24P-208,123,Govt Office 123,306,294,0,600,49.0,77,12.8,295,161,3,506,P1,134,58.3,31.8,270,149,508,P1,False,D,4,,0,256,
South 24 Parganas,208,S24P-208,124,Community Hall 124,398,356,0,754,47.21,79,10.5,312,180,4,608,P1,132,51.3,29.6,393,116,648,P1,False,D,4,,0,321,
South 24 Parganas,208,S24P-208,125,High School 125,294,263,0,557,47.22,58,10.4,297,108,4,450,P1,189,66.0,24.0,345,76,467,P1,False,D,4,,0,237,
South 24 Parganas,208,S24P-208,126,Temple Hall 126,337,322,1,660,48.79,72,10.9,343,161,2,560,P1,182,61.3,28.7,317,173,561,P1,False,D,4,,0,281,
South 24 Parganas,208,S24P-208,127,Madrasa 127,300,294,1,595,49.41,90,15.1,353,80,4,481,P1,273,73.4,16.6,342,101,492,P1,False,D,4,,0,253,
South 24 Parganas,208,S24P-208,128,Anganwadi Centre 128,272,255,0,527,48.39,64,12.1,252,115,6,430,P1,137,58.6,26.7,281,128,457,P1,False,D,4,,0,224,
South 24 Parganas,208,S24P-208,129,Market Building 129,337,328,1,666,49.25,99,14.9,296,163,6,511,P1,133,57.9,31.9,400,110,567,P1,False,D,4,,0,284,
South 24 Parganas,208,S24P-208,130,Health Sub-Centre 130,336,312,0,648,48.15,92,14.2,351,124,4,527,P1,227,66.6,23.5,334,120,568,P1,False,D,4,,0,276,
South 24 Parganas,208,S24P-208,131,Club Building 131,264,251,0,515,48.74,75,14.6,317,91,2,454,P1,226,69.8,20.0,243,137,422,P1,False,D,4,,0,219,
South 24 Parganas,208,S24P-208,132,Health Sub-Centre 132,272,275,1,548,50.18,56,10.2,253,137,6,459,P1,116,55.1,29.8,290,135,473,P1,False,D,4,,0,233,
South 24 Parganas,208,S24P-208,133,Club Building 133,383,363,1,747,48.59,82,11.0,398,148,6,607,P1,250,65.6,24.4,381,182,626,P1,False,D,4,,0,318,
South 24 Parganas,208,S24P-208,134,Panchayat Bhavan 134,351,355,1,707,50.21,109,15.4,376,120,3,551,P1,256,68.2,21.8,338,190,610,P1,False,D,4,,0,301,
South 24 Parganas,208,S24P-208,135,Govt Office 135,322,317,0,639,49.61,93,14.6,377,111,4,542,P1,266,69.6,20.5,337,131,527,P1,False,D,4,,0,272,
South 24 Parganas,208,S24P-208,136,Panchayat Bhavan 136,295,267,1,563,47.42,61,10.8,286,125,4,461,P1,161,62.0,27.1,269,159,484,P1,False,D,4,,0,240,
South 24 Parganas,208,S24P-208,137,Madrasa 137,404,374,0,778,48.07,70,9.0,358,202,8,653,P1,156,54.8,30.9,386,217,671,P1,False,B,3,,0,331,
South 24 Parganas,208,S24P-208,138,Temple Hall 138,248,249,1,498,50.0,67,13.5,200,143,3,412,P1,57,48.5,34.7,209,132,381,P1,False,D,4,,0,212,
South 24 Parganas,208,S24P-208,139,Post Office 139,355,340,1,696,48.85,60,8.6,340,85,8,538,P1,242,63.2,15.8,296,191,603,P1,False,B,3,,0,296,
South 24 Parganas,208,S24P-208,140,Primary School 140,267,259,1,527,49.15,67,12.7,307,107,5,460,P1,200,66.7,23.3,271,93,428,P1,False,D,4,,0,224,
South 24 Parganas,208,S24P-208,141,Madrasa 141,392,391,1,784,49.87,104,13.3,368,219,2,653,P1,149,56.4,33.5,417,185,669,P1,False,D,4,,0,334,
South 24 Parganas,208,S24P-208,142,Panchayat Bhavan 142,334,342,1,677,50.52,64,9.5,376,135,3,568,P1,241,66.2,23.8,352,164,574,P1,False,A,1,,0,288,
South 24 Parganas,208,S24P-208,143,Club Building 143,309,278,0,587,47.36,90,15.3,269,104,2,453,P1,165,59.4,23.0,284,126,502,P1,False,D,4,,0,250,
South 24 Parganas,208,S24P-208,144,Temple Hall 144,404,382,0,786,48.6,72,9.2,415,171,5,651,P1,244,63.7,26.3,352,157,623,P1,False,B,3,,0,335,
South 24 Parganas,208,S24P-208,145,Club Building 145,250,239,1,490,48.78,58,11.8,239,122,3,433,P1,117,55.2,28.2,216,100,389,P1,False,D,4,,0,209,
South 24 Parganas,208,S24P-208,146,Primary School 146,256,241,0,497,48.49,55,11.1,292,98,4,433,P1,194,67.4,22.6,204,167,412,P1,False,D,4,,0,212,
South 24 Parganas,208,S24P-208,147,Post Office 147,286,261,1,548,47.63,60,10.9,289,113,3,458,P1,176,63.1,24.7,214,157,472,P1,False,D,4,,0,233,
South 24 Parganas,208,S24P-208,148,Market Building 148,417,375,0,792,47.35,90,11.4,455,152,4,675,P1,303,67.4,22.5,337,210,629,P1,False,D,4,,0,337,
South 24 Parganas,208,S24P-208,149,Club Building 149,376,365,1,742,49.19,115,15.5,389,187,3,640,P1,202,60.8,29.2,377,124,639,P1,False,D,4,,0,316,
South 24 Parganas,208,S24P-208,150,Post Office 150,367,339,0,706,48.02,75,10.6,283,111,10,540,P1,153,52.4,20.6,385,168,614,P1,False,D,4,,0,301,
South 24 Parganas,208,S24P-208,151,Community Hall 151,367,360,0,727,49.52,80,11.0,390,119,8,593,P1,271,65.8,20.1,419,126,606,P1,False,D,4,,0,310,
South 24 Parganas,208,S24P-208,152,Club Building 152,391,393,1,785,50.06,119,15.2,523,96,4,688,P1,427,76.0,14.0,346,150,681,P1,False,D,4,,0,334,
South 24 Parganas,208,S24P-208,153,High School 153,272,259,1,532,48.68,83,15.6,224,100,6,407,P1,124,55.0,24.6,244,148,446,P1,False,D,4,,0,227,
South 24 Parganas,208,S24P-208,154,Anganwadi Centre 154,386,370,1,757,48.88,68,9.0,362,210,2,635,P1,152,57.0,33.1,319,97,641,P1,False,B,3,,0,322,
South 24 Parganas,208,S24P-208,155,Market Building 155,310,319,1,630,50.63,68,10.8,311,126,2,485,P1,185,64.1,26.0,313,138,502,P1,False,D,4,,0,268,
South 24 Parganas,208,S24P-208,156,Market Building 156,424,390,0,814,47.91,89,10.9,352,129,13,651,P1,201,54.1,19.8,296,204,649,P1,False,D,4,,0,347,
South 24 Parganas,208,S24P-208,157,Temple Hall 157,252,259,1,512,50.59,66,12.9,272,99,2,413,P1,173,65.9,24.0,254,122,418,P1,False,D,4,,0,218,
South 24 Parganas,208,S24P-208,158,Market Building 158,358,331,0,689,48.04,62,9.0,376,160,2,596,P1,216,63.1,26.8,325,167,553,P1,False,B,3,,0,293,
South 24 Parganas,208,S24P-208,159,Market Building 159,248,239,1,488,48.98,62,12.7,236,127,4,403,P1,109,58.6,31.5,228,97,381,P1,False,D,4,,0,208,
South 24 Parganas,208,S24P-208,160,Health Sub-Centre 160,310,290,1,601,48.25,87,14.5,272,132,6,505,P1,140,53.9,26.1,291,115,473,P1,False,D,4,,0,256,
South 24 Parganas,208,S24P-208,161,High School 161,268,252,0,520,48.46,49,9.4,243,101,4,421,P1,142,57.7,24.0,259,124,426,P1,False,B,3,,0,221,
South 24 Parganas,208,S24P-208,162,Market Building 162,375,355,0,730,48.63,90,12.3,350,134,12,593,P1,216,59.0,22.6,361,138,644,P1,False,D,4,,0,311,
South 24 Parganas,208,S24P-208,163,Club Building 163,390,381,0,771,49.42,95,12.3,359,245,4,671,P1,114,53.5,36.5,357,181,597,P1,False,D,4,,0,328,
South 24 Parganas,208,S24P-208,164,Primary School 164,390,378,0,768,49.22,106,13.8,376,182,8,650,P1,194,57.8,28.0,380,92,654,P1,False,D,4,,0,327,
South 24 Parganas,208,S24P-208,165,Govt Office 165,331,312,0,643,48.52,79,12.3,275,138,8,495,P1,137,55.6,27.9,383,89,524,P1,False,D,4,,0,274,
South 24 Parganas,208,S24P-208,166,Health Sub-Centre 166,306,298,0,604,49.34,86,14.2,289,103,6,509,P1,183,56.8,20.2,314,128,501,P1,False,D,4,,0,257,
South 24 Parganas,208,S24P-208,167,Community Hall 167,419,379,0,798,47.49,84,10.5,414,152,4,629,P1,262,65.8,24.2,420,178,665,P1,False,D,4,,0,340,
South 24 Parganas,208,S24P-208,168,Club Building 168,394,391,1,786,49.75,99,12.6,431,175,4,673,P1,256,64.0,26.0,436,139,680,P1,False,D,4,,0,335,
South 24 Parganas,208,S24P-208,169,Club Building 169,415,386,1,802,48.13,87,10.8,455,140,2,661,P1,315,68.8,21.2,348,215,626,P1,False,D,4,,0,342,
South 24 Parganas,208,S24P-208,170,High School 170,336,315,0,651,48.39,93,14.3,315,150,5,545,P1,165,57.8,27.5,282,103,525,P1,False,D,4,,0,277,
South 24 Parganas,208,S24P-208,171,Temple Hall 171,276,283,1,560,50.54,81,14.5,304,142,5,495,P1,162,61.4,28.7,268,136,448,P1,False,D,4,,0,238,
South 24 Parganas,208,S24P-208,172,Market Building 172,304,310,1,615,50.41,93,15.1,293,144,9,532,P1,149,55.1,27.1,335,130,517,P1,False,D,4,,0,262,
South 24 Parganas,208,S24P-208,173,Market Building 173,397,406,1,804,50.5,121,15.0,348,228,3,650,P1,120,53.5,35.1,446,152,665,P1,False,D,4,,0,342,
South 24 Parganas,208,S24P-208,174,Temple Hall 174,390,396,0,786,50.38,119,15.1,456,129,3,649,P1,327,70.3,19.9,335,192,605,P1,False,D,4,,0,335,
South 24 Parganas,209,S24P-209,1,Temple Hall 1,269,248,0,517,47.97,28,5.4,261,114,7,442,P1,147,59.0,25.8,256,106,420,P1,False,B,3,,0,220,
South 24 Parganas,209,S24P-209,2,Community Hall 2,412,406,0,818,49.63,50,6.1,411,176,4,713,P1,235,57.6,24.7,447,202,722,P1,False,B,3,,0,348,
South 24 Parganas,209,S24P-209,3,Madrasa 3,407,400,0,807,49.57,32,4.0,297,228,15,662,P1,69,44.9,34.4,357,171,656,P1,False,B,3,,0,344,
South 24 Parganas,209,S24P-209,4,High School 4,382,393,0,775,50.71,35,4.5,350,169,10,638,P1,181,54.9,26.5,365,213,655,P1,False,B,3,,0,330,
South 24 Parganas,209,S24P-209,5,Health Sub-Centre 5,343,344,0,687,50.07,28,4.1,383,152,4,602,P1,231,63.6,25.2,349,142,545,P1,False,B,3,,0,293,
South 24 Parganas,209,S24P-209,6,Anganwadi Centre 6,386,379,0,765,49.54,30,3.9,340,200,5,650,P1,140,52.3,30.8,366,181,649,P1,False,B,3,,0,326,
South 24 Parganas,209,S24P-209,7,Post Office 7,378,369,0,747,49.4,45,6.0,381,143,7,600,P1,238,63.5,23.8,402,188,655,P1,False,B,3,,0,318,
South 24 Parganas,209,S24P-209,8,Anganwadi Centre 8,362,328,1,691,47.47,43,6.2,262,168,11,529,P1,94,49.5,31.8,362,147,565,P1,False,B,3,,0,294,
South 24 Parganas,209,S24P-209,9,Madrasa 9,382,363,0,745,48.72,42,5.6,411,162,6,637,P1,249,64.5,25.4,447,138,650,P1,False,B,3,,0,317,
South 24 Parganas,209,S24P-209,10,Anganwadi Centre 10,384,354,1,739,47.9,28,3.8,337,110,5,568,P1,226,59.3,19.4,402,168,633,P1,False,B,3,,0,315,
South 24 Parganas,209,S24P-209,11,Panchayat Bhavan 11,332,324,1,657,49.32,29,4.4,305,142,4,564,P1,163,54.1,25.2,319,163,536,P1,False,B,3,,0,280,
South 24 Parganas,209,S24P-209,12,Primary School 12,296,294,1,591,49.75,30,5.1,310,107,5,464,P1,203,66.8,23.1,384,76,511,P1,False,A,1,,0,252,
South 24 Parganas,209,S24P-209,13,Community Hall 13,321,312,1,634,49.21,32,5.0,313,178,6,545,P1,135,57.4,32.7,343,155,553,P1,False,B,3,,0,270,
South 24 Parganas,209,S24P-209,14,Club Building 14,341,342,0,683,50.07,44,6.4,407,98,6,562,P1,309,72.4,17.4,287,206,597,P1,False,A,1,,0,291,
South 24 Parganas,209,S24P-209,15,Govt Office 15,264,264,0,528,50.0,31,5.9,285,104,5,432,P1,181,66.0,24.1,280,134,460,P1,False,A,1,,0,225,
South 24 Parganas,209,S24P-209,16,Madrasa 16,322,322,0,644,50.0,32,5.0,344,137,6,545,P1,207,63.1,25.1,315,134,505,P1,False,B,3,,0,274,
South 24 Parganas,209,S24P-209,17,Temple Hall 17,380,348,0,728,47.8,45,6.2,400,151,8,616,P1,249,64.9,24.5,283,199,638,P1,False,B,3,,0,310,
South 24 Parganas,209,S24P-209,18,Govt Office 18,288,278,0,566,49.12,21,3.7,298,105,2,458,P1,193,65.1,22.9,296,131,479,P1,False,A,1,,0,241,
South 24 Parganas,209,S24P-209,19,Anganwadi Centre 19,399,380,0,779,48.78,31,4.0,363,189,6,614,P1,174,59.1,30.8,392,167,688,P1,False,B,3,,0,332,
South 24 Parganas,209,S24P-209,20,Primary School 20,406,395,1,802,49.25,46,5.7,454,181,5,705,P1,273,64.4,25.7,347,163,625,P1,False,B,3,,0,342,
South 24 Parganas,209,S24P-209,21,Madrasa 21,320,314,0,634,49.53,41,6.5,293,179,2,525,P1,114,55.8,34.1,334,149,537,P1,False,B,3,,0,270,
South 24 Parganas,209,S24P-209,22,Madrasa 22,374,386,1,761,50.72,44,5.8,397,182,4,643,P1,215,61.7,28.3,408,133,601,P1,False,B,3,,0,324,
South 24 Parganas,209,S24P-209,23,Community Hall 23,410,393,0,803,48.94,29,3.6,396,190,6,661,P1,206,59.9,28.7,417,189,699,P1,False,B,3,,0,342,
South 24 Parganas,209,S24P-209,24,Temple Hall 24,404,364,1,769,47.33,32,4.2,320,132,6,613,P1,171,52.2,21.5,319,224,603,P1,False,B,3,,0,327,
South 24 Parganas,209,S24P-209,25,Madrasa 25,290,295,1,586,50.34,38,6.5,293,132,5,472,P1,161,62.1,28.0,229,149,500,P1,False,B,3,,0,250,
South 24 Parganas,209,S24P-209,26,Primary School 26,410,367,0,777,47.23,42,5.4,480,88,6,669,P1,392,71.7,13.2,353,102,611,P1,False,A,1,,0,331,
South 24 Parganas,209,S24P-209,27,Anganwadi Centre 27,240,245,0,485,50.52,29,6.0,268,98,5,414,P1,170,64.7,23.7,226,102,414,P1,False,B,3,,0,207,
South 24 Parganas,209,S24P-209,28,Panchayat Bhavan 28,253,239,0,492,48.58,31,6.3,256,87,4,428,P1,169,59.8,20.3,247,106,399,P1,False,B,3,,0,210,
South 24 Parganas,209,S24P-209,29,Temple Hall 29,302,292,0,594,49.16,28,4.7,231,147,6,463,P1,84,49.9,31.7,268,124,485,P1,False,B,3,,0,253,
South 24 Parganas,209,S24P-209,30,Health Sub-Centre 30,380,375,0,755,49.67,48,6.4,424,162,3,651,P1,262,65.1,24.9,370,175,637,P1,False,A,1,,0,322,
South 24 Parganas,209,S24P-209,31,Temple Hall 31,344,350,1,695,50.36,28,4.0,314,117,8,581,P1,178,54.0,20.1,397,124,579,P1,False,B,3,,0,296,
South 24 Parganas,209,S24P-209,32,Anganwadi Centre 32,269,258,1,528,48.86,22,4.2,281,122,3,448,P1,159,62.7,27.2,306,88,443,P1,False,B,3,,0,225,
South 24 Parganas,209,S24P-209,33,Madrasa 33,335,300,1,636,47.17,38,6.0,411,71,3,536,P1,340,76.7,13.2,306,123,525,P1,False,A,1,,0,271,
South 24 Parganas,209,S24P-209,34,Community Hall 34,336,325,0,661,49.17,36,5.4,305,109,13,558,P1,180,54.7,19.5,343,143,540,P1,False,B,3,,0,281,
South 24 Parganas,209,S24P-209,35,Anganwadi Centre 35,372,349,0,721,48.4,33,4.6,297,218,4,588,P1,79,50.5,37.1,383,171,616,P1,False,B,3,,0,307,
South 24 Parganas,209,S24P-209,36,Temple Hall 36,370,344,1,715,48.11,42,5.9,296,90,11,568,P1,130,52.1,15.8,308,181,565,P1,False,B,3,,0,304,
South 24 Parganas,209,S24P-209,37,Panchayat Bhavan 37,295,264,0,559,47.23,25,4.5,283,126,2,455,P1,157,62.2,27.7,315,73,431,P1,False,B,3,,0,238,
South 24 Parganas,209,S24P-209,38,High School 38,364,363,0,727,49.93,34,4.7,475,102,7,641,P1,373,74.1,15.9,338,164,562,P1,False,A,1,,0,310,
South 24 Parganas,209,S24P-209,39,Govt Office 39,317,296,1,614,48.21,24,3.9,288,124,10,519,P1,164,55.5,23.9,326,143,528,P1,False,B,3,,0,261,
South 24 Parganas,209,S24P-209,40,Community Hall 40,305,287,1,593,48.4,35,5.9,352,81,3,481,P1,271,73.2,16.8,259,172,483,P1,False,A,1,,0,253,
South 24 Parganas,209,S24P-209,41,Madrasa 41,262,266,1,529,50.28,22,4.2,206,149,6,433,P1,57,47.6,34.4,295,86,423,P1,False,B,3,,0,225,
South 24 Parganas,209,S24P-209,42,Health Sub-Centre 42,284,287,1,572,50.17,22,3.8,293,120,4,459,P1,173,63.8,26.1,306,88,438,P1,False,B,3,,0,244,
South 24 Parganas,209,S24P-209,43,Anganwadi Centre 43,304,314,1,619,50.73,24,3.9,342,110,6,522,P1,232,65.5,21.1,343,120,546,P1,False,A,1,,0,264,
South 24 Parganas,209,S24P-209,44,Community Hall 44,272,250,0,522,47.89,31,5.9,293,87,4,422,P1,206,69.4,20.6,278,111,443,P1,False,A,1,,0,222,
South 24 Parganas,209,S24P-209,45,Health Sub-Centre 45,369,346,0,715,48.39,46,6.4,307,186,9,574,P1,121,53.5,32.4,361,144,582,P1,False,B,3,,0,304,
South 24 Parganas,209,S24P-209,46,Temple Hall 46,316,301,1,618,48.71,22,3.6,363,102,2,517,P1,261,70.2,19.7,331,151,536,P1,False,A,1,,0,263,
South 24 Parganas,209,S24P-209,47,Temple Hall 47,365,341,1,707,48.23,45,6.4,356,142,9,580,P1,214,61.4,24.5,299,144,544,P1,False,B,3,,0,301,
South 24 Parganas,209,S24P-209,48,Madrasa 48,351,333,0,684,48.68,33,4.8,350,128,12,596,P1,222,58.7,21.5,325,121,557,P1,False,B,3,,0,291,
South 24 Parganas,209,S24P-209,49,Primary School 49,407,400,1,808,49.5,47,5.8,378,176,9,646,P1,202,58.5,27.2,478,120,664,P1,False,B,3,,0,344,
South 24 Parganas,209,S24P-209,50,Health Sub-Centre 50,245,240,0,485,49.48,19,3.9,261,59,4,424,P1,166,61.6,13.9,232,73,375,P1,False,B,3,,0,207,
South 24 Parganas,209,S24P-209,51,Health Sub-Centre 51,299,300,1,600,50.0,24,4.0,285,99,12,496,P1,186,57.5,20.0,280,135,480,P1,False,B,3,,0,256,
South 24 Parganas,209,S24P-209,52,Madrasa 52,316,320,1,637,50.24,36,5.7,261,222,3,536,P1,39,48.7,41.4,312,165,530,P1,False,B,3,,0,271,
South 24 Parganas,209,S24P-209,53,High School 53,339,312,1,652,47.85,37,5.7,295,93,8,575,P1,123,51.3,16.2,335,121,552,P1,False,B,3,,0,278,
South 24 Parganas,209,S24P-209,54,Temple Hall 54,374,343,0,717,47.84,45,6.3,346,169,5,572,P1,177,60.5,29.5,343,225,631,P1,False,B,3,,0,305,
South 24 Parganas,209,S24P-209,55,Community Hall 55,281,262,1,544,48.16,20,3.7,244,144,6,468,P1,100,52.1,30.8,269,96,430,P1,False,B,3,,0,232,
South 24 Parganas,209,S24P-209,56,Govt Office 56,297,280,1,578,48.44,27,4.7,308,136,2,494,P1,172,62.3,27.5,347,56,448,P1,False,B,3,,0,246,
South 24 Parganas,209,S24P-209,57,Temple Hall 57,270,272,1,543,50.09,32,5.9,311,67,2,420,P1,244,74.0,16.0,256,111,424,P1,False,A,1,,0,231,
South 24 Parganas,209,S24P-209,58,Primary School 58,394,357,1,752,47.47,30,4.0,371,181,5,614,P1,190,60.4,29.5,419,131,612,P1,False,B,3,,0,320,
South 24 Parganas,209,S24P-209,59,Temple Hall 59,278,273,0,551,49.55,24,4.4,290,101,3,434,P1,189,66.8,23.3,280,108,431,P1,False,A,1,,0,235,
South 24 Parganas,209,S24P-209,60,Anganwadi Centre 60,355,340,1,696,48.85,34,4.9,358,156,5,572,P1,202,62.6,27.3,262,139,549,P1,False,B,3,,0,296,
South 24 Parganas,209,S24P-209,61,Market Building 61,271,249,1,521,47.79,24,4.6,264,100,2,415,P1,164,63.6,24.1,222,140,402,P1,False,B,3,,0,222,
South 24 Parganas,209,S24P-209,62,Community Hall 62,315,300,0,615,48.78,29,4.7,284,172,5,506,P1,112,56.1,34.0,285,135,509,P1,False,B,3,,0,262,
South 24 Parganas,209,S24P-209,63,Temple Hall 63,403,404,1,808,50.0,50,6.2,480,143,6,692,P1,337,69.4,20.7,385,202,681,P1,False,A,1,,0,344,
South 24 Parganas,209,S24P-209,64,Madrasa 64,297,295,0,592,49.83,31,5.2,299,124,4,470,P1,175,63.6,26.4,358,83,490,P1,False,B,3,,0,252,
South 24 Parganas,209,S24P-209,65,Health Sub-Centre 65,412,397,0,809,49.07,46,5.7,392,224,3,703,P1,168,55.8,31.9,318,197,623,P1,False,B,3,,0,345,
South 24 Parganas,209,S24P-209,66,Market Building 66,385,372,0,757,49.14,28,3.7,326,81,17,644,P1,113,50.6,12.6,357,167,582,P1,False,B,3,,0,322,
South 24 Parganas,209,S24P-209,67,Post Office 67,323,327,0,650,50.31,30,4.6,377,129,4,563,P1,248,67.0,22.9,328,130,558,P1,False,A,1,,0,277,
South 24 Parganas,209,S24P-209,68,Govt Office 68,342,340,0,682,49.85,38,5.6,366,137,8,593,P1,229,61.7,23.1,348,146,549,P1,False,B,3,,0,290,
South 24 Parganas,209,S24P-209,69,Primary School 69,345,314,0,659,47.65,42,6.4,314,133,3,551,P1,181,57.0,24.1,354,104,509,P1,False,B,3,,0,281,
South 24 Parganas,209,S24P-209,70,Temple Hall 70,332,339,1,672,50.45,36,5.4,388,136,5,585,P1,252,66.3,23.2,302,150,548,P1,False,A,1,,0,286,
South 24 Parganas,209,S24P-209,71,Club Building 71,300,289,1,590,48.98,29,4.9,283,73,10,498,P1,155,56.8,14.7,272,119,487,P1,False,B,3,,0,251,
South 24 Parganas,209,S24P-209,72,Govt Office 72,386,392,0,778,50.39,36,4.6,418,165,5,683,P1,253,61.2,24.2,312,140,646,P1,False,B,3,,0,331,
South 24 Parganas,209,S24P-209,73,Post Office 73,331,332,1,664,50.0,37,5.6,372,103,6,582,P1,269,63.9,17.7,369,157,585,P1,False,B,3,,0,283,
South 24 Parganas,209,S24P-209,74,Primary School 74,350,340,1,691,49.2,31,4.5,394,146,6,600,P1,248,65.7,24.3,360,186,606,P1,False,A,1,,0,294,
South 24 Parganas,209,S24P-209,75,Temple Hall 75,262,270,0,532,50.75,27,5.1,294,90,3,426,P1,204,69.0,21.1,284,83,454,P1,False,A,1,,0,227,
South 24 Parganas,209,S24P-209,76,Govt Office 76,331,326,0,657,49.62,42,6.4,263,128,15,537,P1,135,49.0,23.8,251,97,514,P1,False,B,3,,0,280,
South 24 Parganas,209,S24P-209,77,Post Office 77,412,398,0,810,49.14,52,6.4,368,193,6,631,P1,175,58.3,30.6,386,218,713,P1,False,B,3,,0,345,
South 24 Parganas,209,S24P-209,78,High School 78,265,269,0,534,50.37,25,4.7,233,109,11,448,P1,124,52.0,24.3,218,57,417,P1,False,B,3,,0,227,
South 24 Parganas,209,S24P-209,79,Primary School 79,343,345,0,688,50.15,37,5.4,314,139,5,534,P1,175,58.8,26.0,331,110,580,P1,False,B,3,,0,293,
South 24 Parganas,209,S24P-209,80,Panchayat Bhavan 80,379,350,0,729,48.01,26,3.6,430,113,2,604,P1,317,71.2,18.7,324,99,560,P1,False,A,1,,0,310,
South 24 Parganas,209,S24P-209,81,Anganwadi Centre 81,273,267,1,541,49.35,24,4.4,269,121,3,437,P1,148,61.6,27.7,279,88,456,P1,False,B,3,,0,230,
South 24 Parganas,209,S24P-209,82,Anganwadi Centre 82,315,293,0,608,48.19,34,5.6,291,91,13,496,P1,195,58.7,18.3,337,146,537,P1,False,B,3,,0,259,
South 24 Parganas,209,S24P-209,83,Market Building 83,358,347,1,706,49.15,37,5.2,385,139,2,582,P1,246,66.2,23.9,364,161,624,P1,False,A,1,,0,301,
South 24 Parganas,209,S24P-209,84,High School 84,329,326,1,656,49.7,31,4.7,326,170,7,575,P1,156,56.7,29.6,301,120,515,P1,False,B,3,,0,279,
South 24 Parganas,209,S24P-209,85,Primary School 85,331,336,0,667,50.37,43,6.4,324,142,2,517,P1,182,62.7,27.5,354,145,564,P1,False,B,3,,0,284,
South 24 Parganas,209,S24P-209,86,Club Building 86,335,337,1,673,50.07,29,4.3,328,136,6,516,P1,192,63.6,26.4,317,153,530,P1,False,B,3,,0,287,
South 24 Parganas,209,S24P-209,87,Govt Office 87,248,236,0,484,48.76,20,4.1,232,109,3,398,P1,123,58.3,27.4,239,115,393,P1,False,B,3,,0,206,
South 24 Parganas,209,S24P-209,88,Panchayat Bhavan 88,304,297,1,602,49.34,38,6.3,267,95,9,462,P1,172,57.8,20.6,304,132,490,P1,False,B,3,,0,256,
South 24 Parganas,209,S24P-209,89,Primary School 89,357,361,1,719,50.21,28,3.9,336,138,6,557,P1,198,60.3,24.8,265,198,616,P1,False,B,3,,0,306,
South 24 Parganas,209,S24P-209,90,Community Hall 90,368,352,1,721,48.82,33,4.6,406,166,7,635,P1,240,63.9,26.1,394,161,617,P1,False,B,3,,0,307,
South 24 Parganas,209,S24P-209,91,Community Hall 91,343,330,1,674,48.96,27,4.0,358,157,5,590,P1,201,60.7,26.6,383,137,578,P1,False,B,3,,0,287,
South 24 Parganas,209,S24P-209,92,Community Hall 92,256,251,0,507,49.51,20,3.9,228,133,3,407,P1,95,56.0,32.7,216,110,420,P1,False,B,3,,0,216,
South 24 Parganas,209,S24P-209,93,Govt Office 93,315,322,0,637,50.55,41,6.4,340,81,3,489,P1,259,69.5,16.6,312,137,501,P1,False,A,1,,0,271,
South 24 Parganas,209,S24P-209,94,Club Building 94,377,341,1,719,47.43,39,5.4,385,132,7,574,P1,253,67.1,23.0,422,139,623,P1,False,A,1,,0,306,
South 24 Parganas,209,S24P-209,95,Health Sub-Centre 95,370,371,0,741,50.07,42,5.7,348,192,5,600,P1,156,58.0,32.0,311,151,616,P1,False,B,3,,0,316,
South 24 Parganas,209,S24P-209,96,Primary School 96,304,295,0,599,49.25,33,5.5,337,84,2,468,P1,253,72.0,17.9,282,140,469,P1,False,A,1,,0,255,
South 24 Parganas,209,S24P-209,97,Panchayat Bhavan 97,403,412,0,815,50.55,51,6.3,316,165,9,657,P1,151,48.1,25.1,490,156,718,P1,False,B,3,,0,347,
South 24 Parganas,209,S24P-209,98,Club Building 98,258,239,1,498,47.99,21,4.2,243,92,9,422,P1,151,57.6,21.8,265,106,428,P1,False,B,3,,0,212,
South 24 Parganas,209,S24P-209,99,Govt Office 99,263,259,0,522,49.62,33,6.3,234,67,6,406,P1,138,57.6,16.5,321,70,435,P1,False,B,3,,0,222,
South 24 Parganas,209,S24P-209,100,Market Building 100,392,363,1,756,48.02,43,5.7,384,160,3,604,P1,224,63.6,26.5,411,187,664,P1,False,B,3,,0,322,
South 24 Parganas,209,S24P-209,101,Govt Office 101,392,380,1,773,49.16,48,6.2,476,74,7,611,P1,402,77.9,12.1,300,280,664,P1,False,A,1,,0,329,
South 24 Parganas,209,S24P-209,102,Health Sub-Centre 102,299,299,0,598,50.0,31,5.2,311,122,4,525,P1,189,59.2,23.2,335,133,521,P1,False,B,3,,0,255,
South 24 Parganas,209,S24P-209,103,Temple Hall 103,344,325,0,669,48.58,24,3.6,341,151,4,547,P1,190,62.3,27.6,352,140,546,P1,False,B,3,,0,285,
South 24 Parganas,209,S24P-209,104,Panchayat Bhavan 104,396,387,1,784,49.36,47,6.0,346,185,9,671,P1,161,51.6,27.6,387,228,683,P1,False,B,3,,0,334,
South 24 Parganas,209,S24P-209,105,Madrasa 105,315,300,1,616,48.7,26,4.2,357,129,5,540,P1,228,66.1,23.9,226,86,474,P1,False,A,1,,0,262,
South 24 Parganas,209,S24P-209,106,Panchayat Bhavan 106,290,287,0,577,49.74,30,5.2,333,78,8,495,P1,255,67.3,15.8,264,96,456,P1,False,A,1,,0,246,
South 24 Parganas,209,S24P-209,107,Community Hall 107,328,309,1,638,48.43,28,4.4,304,152,3,512,P1,152,59.4,29.7,291,166,561,P1,False,B,3,,0,272,
South 24 Parganas,209,S24P-209,108,Community Hall 108,376,358,0,734,48.77,46,6.3,398,173,5,639,P1,225,62.3,27.1,357,62,563,P1,False,B,3,,0,313,
South 24 Parganas,209,S24P-209,109,Anganwadi Centre 109,346,312,1,659,47.34,42,6.4,268,166,7,505,P1,102,53.1,32.9,404,50,505,P1,False,B,3,,0,281,
South 24 Parganas,209,S24P-209,110,Anganwadi Centre 110,378,341,0,719,47.43,42,5.8,321,130,14,595,P1,191,53.9,21.8,316,132,575,P1,False,B,3,,0,306,
South 24 Parganas,209,S24P-209,111,Panchayat Bhavan 111,277,255,1,533,47.84,30,5.6,257,100,9,463,P1,157,55.5,21.6,295,88,465,P1,False,B,3,,0,227,
South 24 Parganas,209,S24P-209,112,High School 112,275,265,0,540,49.07,33,6.1,259,96,2,428,P1,163,60.5,22.4,241,104,418,P1,False,B,3,,0,230,
South 24 Parganas,209,S24P-209,113,Community Hall 113,243,245,1,489,50.1,31,6.3,222,87,6,388,P1,135,57.2,22.4,255,85,378,P1,False,B,3,,0,208,
South 24 Parganas,209,S24P-209,114,Govt Office 114,390,360,0,750,48.0,36,4.8,395,183,5,642,P1,212,61.5,28.5,421,120,601,P1,False,B,3,,0,319,
South 24 Parganas,209,S24P-209,115,Health Sub-Centre 115,382,385,1,768,50.13,31,4.0,356,227,5,654,P1,129,54.4,34.7,340,175,640,P1,False,B,3,,0,327,
South 24 Parganas,209,S24P-209,116,Temple Hall 116,393,355,1,749,47.4,46,6.1,391,169,6,626,P1,222,62.5,27.0,375,171,658,P1,False,B,3,,0,319,
South 24 Parganas,209,S24P-209,117,Anganwadi Centre 117,378,366,0,744,49.19,28,3.8,313,218,7,633,P1,95,49.4,34.4,418,134,635,P1,False,B,3,,0,317,
South 24 Parganas,209,S24P-209,118,Market Building 118,350,323,0,673,47.99,30,4.5,363,114,5,530,P1,249,68.5,21.5,438,94,591,P1,False,A,1,,0,287,
South 24 Parganas,209,S24P-209,119,Anganwadi Centre 119,414,399,1,814,49.02,29,3.6,420,100,7,665,P1,289,63.2,15.0,434,173,701,P1,False,B,3,,0,347,
South 24 Parganas,209,S24P-209,120,Madrasa 120,331,326,0,657,49.62,24,3.7,358,128,3,540,P1,230,66.3,23.7,310,172,543,P1,False,A,1,,0,280,
South 24 Parganas,209,S24P-209,121,Panchayat Bhavan 121,296,305,0,601,50.75,35,5.8,270,155,6,481,P1,115,56.1,32.2,305,139,493,P1,False,B,3,,0,256,
South 24 Parganas,209,S24P-209,122,Temple Hall 122,324,290,1,615,47.15,32,5.2,305,147,5,512,P1,158,59.6,28.7,355,120,528,P1,False,B,3,,0,262,
South 24 Parganas,209,S24P-209,123,Panchayat Bhavan 123,257,260,1,518,50.19,26,5.0,228,127,5,409,P1,101,55.7,31.1,269,126,439,P1,False,B,3,,0,221,
South 24 Parganas,209,S24P-209,124,Health Sub-Centre 124,415,381,0,796,47.86,45,5.7,366,187,12,699,P1,179,52.4,26.8,424,71,622,P1,False,B,3,,0,339,
South 24 Parganas,209,S24P-209,125,Market Building 125,351,356,0,707,50.35,31,4.4,320,125,12,577,P1,195,55.5,21.7,414,102,573,P1,False,B,3,,0,301,
South 24 Parganas,209,S24P-209,126,Community Hall 126,244,246,0,490,50.2,21,4.3,233,142,4,423,P1,91,55.1,33.6,226,85,385,P1,False,B,3,,0,209,
South 24 Parganas,209,S24P-209,127,Panchayat Bhavan 127,292,295,0,587,50.26,38,6.5,307,125,3,480,P1,182,64.0,26.0,320,93,504,P1,False,B,3,,0,250,
South 24 Parganas,209,S24P-209,128,Madrasa 128,257,236,0,493,47.87,24,4.9,264,110,2,415,P1,154,63.6,26.5,256,76,407,P1,False,B,3,,0,210,
South 24 Parganas,209,S24P-209,129,High School 129,346,353,1,700,50.43,45,6.4,388,118,3,563,P1,270,68.9,21.0,427,127,616,P1,False,A,1,,0,298,
South 24 Parganas,209,S24P-209,130,Temple Hall 130,339,339,1,679,49.93,37,5.4,302,151,4,555,P1,151,54.4,27.2,296,159,528,P1,False,B,3,,0,289,
South 24 Parganas,209,S24P-209,131,High School 131,350,314,0,664,47.29,39,5.9,347,154,5,556,P1,193,62.4,27.7,258,159,520,P1,False,B,3,,0,283,
South 24 Parganas,209,S24P-209,132,Anganwadi Centre 132,361,332,1,694,47.84,29,4.2,329,154,6,550,P1,175,59.8,28.0,273,133,545,P1,False,B,3,,0,296,
South 24 Parganas,209,S24P-209,133,Health Sub-Centre 133,377,343,0,720,47.64,31,4.3,382,132,11,630,P1,250,60.6,21.0,326,168,608,P1,False,B,3,,0,307,
South 24 Parganas,209,S24P-209,134,Primary School 134,260,259,1,520,49.81,23,4.4,242,121,4,403,P1,121,60.0,30.0,243,111,440,P1,False,B,3,,0,221,
South 24 Parganas,209,S24P-209,135,Community Hall 135,292,293,0,585,50.09,34,5.8,278,134,4,480,P1,144,57.9,27.9,225,189,463,P1,False,B,3,,0,249,
South 24 Parganas,209,S24P-209,136,Primary School 136,319,290,1,610,47.54,31,5.1,222,141,3,472,P1,81,47.0,29.9,321,126,512,P1,False,B,3,,0,260,
South 24 Parganas,209,S24P-209,137,Panchayat Bhavan 137,359,356,1,716,49.72,28,3.9,281,151,5,550,P1,130,51.1,27.5,448,118,629,P1,False,B,3,,0,305,
South 24 Parganas,209,S24P-209,138,Govt Office 138,415,395,1,811,48.71,34,4.2,377,217,4,674,P1,160,55.9,32.2,380,192,705,P1,False,B,3,,0,345,
South 24 Parganas,209,S24P-209,139,Panchayat Bhavan 139,324,293,1,618,47.41,30,4.9,310,97,13,524,P1,212,59.2,18.5,296,160,541,P1,False,B,3,,0,263,
South 24 Parganas,209,S24P-209,140,Market Building 140,295,269,1,565,47.61,34,6.0,337,91,4,476,P1,246,70.8,19.1,288,154,491,P1,False,A,1,,0,241,
South 24 Parganas,209,S24P-209,141,Panchayat Bhavan 141,277,274,0,551,49.73,22,4.0,274,142,4,462,P1,132,59.3,30.7,295,127,469,P1,False,B,3,,0,235,
South 24 Parganas,209,S24P-209,142,Panchayat Bhavan 142,348,314,0,662,47.43,34,5.1,389,123,2,569,P1,266,68.4,21.6,342,129,524,P1,False,A,1,,0,282,
South 24 Parganas,209,S24P-209,143,Govt Office 143,371,347,1,719,48.26,34,4.7,282,190,5,591,P1,92,47.7,32.1,364,131,623,P1,False,B,3,,0,306,
South 24 Parganas,209,S24P-209,144,Primary School 144,320,289,0,609,47.45,29,4.8,257,125,10,472,P1,132,54.4,26.5,280,140,467,P1,False,B,3,,0,259,
South 24 Parganas,209,S24P-209,145,Market Building 145,300,302,1,603,50.08,37,6.1,224,130,8,478,P1,94,46.9,27.2,306,102,519,P1,False,B,3,,0,257,
South 24 Parganas,209,S24P-209,146,Temple Hall 146,389,402,1,792,50.76,34,4.3,361,201,3,625,P1,160,57.8,32.2,373,179,614,P1,False,B,3,,0,337,
South 24 Parganas,209,S24P-209,147,Madrasa 147,319,301,1,621,48.47,27,4.3,328,150,5,531,P1,178,61.8,28.2,368,114,535,P1,False,B,3,,0,264,
South 24 Parganas,209,S24P-209,148,Govt Office 148,324,330,0,654,50.46,25,3.8,285,116,11,531,P1,169,53.7,21.8,324,152,529,P1,False,B,3,,0,279,
South 24 Parganas,209,S24P-209,149,Post Office 149,283,277,1,561,49.38,29,5.2,343,101,2,493,P1,242,69.6,20.5,272,127,472,P1,False,A,1,,0,239,
South 24 Parganas,209,S24P-209,150,Madrasa 150,275,253,1,529,47.83,32,6.0,343,65,4,454,P1,278,75.6,14.3,289,84,414,P1,False,A,1,,0,225,
South 24 Parganas,209,S24P-209,151,Market Building 151,385,346,0,731,47.33,39,5.3,303,187,14,613,P1,116,49.4,30.5,359,113,640,P1,False,B,3,,0,311,
South 24 Parganas,209,S24P-209,152,Madrasa 152,370,339,0,709,47.81,33,4.7,442,107,7,610,P1,335,72.5,17.5,335,140,576,P1,False,A,1,,0,302,
South 24 Parganas,209,S24P-209,153,Madrasa 153,299,301,1,601,50.08,30,5.0,280,132,6,476,P1,148,58.8,27.7,273,116,481,P1,False,B,3,,0,256,
South 24 Parganas,209,S24P-209,154,Panchayat Bhavan 154,269,272,1,542,50.18,32,5.9,320,100,5,467,P1,220,68.5,21.4,279,109,455,P1,False,A,1,,0,231,
South 24 Parganas,209,S24P-209,155,Health Sub-Centre 155,342,335,0,677,49.48,35,5.2,274,150,10,578,P1,124,47.4,26.0,285,142,591,P1,False,B,3,,0,288,
South 24 Parganas,209,S24P-209,156,Club Building 156,291,293,1,585,50.09,33,5.6,354,68,4,469,P1,286,75.5,14.5,328,101,476,P1,False,A,1,,0,249,
South 24 Parganas,209,S24P-209,157,Community Hall 157,394,390,1,785,49.68,43,5.5,476,92,8,631,P1,384,75.4,14.6,456,140,693,P1,False,A,1,,0,334,
South 24 Parganas,209,S24P-209,158,Anganwadi Centre 158,381,388,1,770,50.39,37,4.8,416,133,7,610,P1,283,68.2,21.8,428,154,646,P1,False,A,1,,0,328,
South 24 Parganas,209,S24P-209,159,High School 159,372,338,1,711,47.54,30,4.2,341,117,10,556,P1,224,61.3,21.0,363,138,556,P1,False,B,3,,0,303,
South 24 Parganas,209,S24P-209,160,Madrasa 160,251,234,0,485,48.25,28,5.8,243,112,1,395,P1,131,61.5,28.4,251,101,408,P1,False,B,3,,0,207,
South 24 Parganas,209,S24P-209,161,Community Hall 161,303,297,0,600,49.5,22,3.7,253,125,7,515,P1,128,49.1,24.3,272,103,474,P1,False,B,3,,0,256,
South 24 Parganas,209,S24P-209,162,Panchayat Bhavan 162,299,280,0,579,48.36,33,5.7,330,102,4,486,P1,228,67.9,21.0,272,155,494,P1,False,A,1,,0,247,
South 24 Parganas,209,S24P-209,163,Market Building 163,326,330,1,657,50.23,38,5.8,305,161,4,517,P1,144,59.0,31.1,369,153,580,P1,False,B,3,,0,280,
South 24 Parganas,209,S24P-209,164,Club Building 164,274,261,0,535,48.79,33,6.2,268,109,3,419,P1,159,64.0,26.0,274,117,437,P1,False,B,3,,0,228,
South 24 Parganas,209,S24P-209,165,Health Sub-Centre 165,286,279,0,565,49.38,26,4.6,273,102,12,480,P1,171,56.9,21.2,284,126,484,P1,False,B,3,,0,241,
South 24 Parganas,210,S24P-210,1,Market Building 1,273,268,1,542,49.45,36,6.6,253,122,3,417,P1,131,60.7,29.3,261,130,435,P1,False,B,3,,0,231,
South 24 Parganas,210,S24P-210,2,Panchayat Bhavan 2,314,318,1,633,50.24,44,7.0,358,121,6,532,P1,237,67.3,22.7,328,65,534,P1,False,A,1,,0,270,
South 24 Parganas,210,S24P-210,3,Govt Office 3,341,307,1,649,47.3,50,7.7,280,107,9,498,P1,173,56.2,21.5,342,131,526,P1,False,B,3,,0,276,
South 24 Parganas,210,S24P-210,4,Club Building 4,260,264,1,525,50.29,34,6.5,261,111,1,413,P1,150,63.2,26.9,280,113,437,P1,False,B,3,,0,224,
South 24 Parganas,210,S24P-210,5,Post Office 5,414,405,0,819,49.45,70,8.5,291,116,8,636,P1,77,45.8,18.2,424,172,662,P1,False,B,3,,0,349,
South 24 Parganas,210,S24P-210,6,Primary School 6,359,346,0,705,49.08,63,8.9,274,149,13,545,P1,125,50.3,27.3,387,100,541,P1,False,B,3,,0,300,
South 24 Parganas,210,S24P-210,7,Market Building 7,353,316,0,669,47.23,34,5.1,351,159,4,567,P1,192,61.9,28.0,294,188,535,P1,False,B,3,,0,285,
South 24 Parganas,210,S24P-210,8,Anganwadi Centre 8,318,297,1,616,48.21,51,8.3,262,163,2,473,P1,99,55.4,34.5,325,136,513,P1,False,B,3,,0,262,
South 24 Parganas,210,S24P-210,9,Madrasa 9,327,316,0,643,49.14,40,6.2,300,137,8,543,P1,163,55.2,25.2,315,148,515,P1,False,B,3,,0,274,
South 24 Parganas,210,S24P-210,10,Community Hall 10,308,276,0,584,47.26,32,5.5,282,129,2,466,P1,153,60.5,27.7,257,121,467,P1,False,B,3,,0,249,
South 24 Parganas,210,S24P-210,11,Primary School 11,349,330,0,679,48.6,49,7.2,349,129,2,531,P1,220,65.7,24.3,396,140,595,P1,False,A,1,,0,289,
South 24 Parganas,210,S24P-210,12,Madrasa 12,304,282,1,587,48.04,52,8.9,257,107,6,474,P1,150,54.2,22.6,283,155,494,P1,False,B,3,,0,250,
South 24 Parganas,210,S24P-210,13,Health Sub-Centre 13,332,317,1,650,48.77,36,5.5,323,160,2,557,P1,163,58.0,28.7,338,116,509,P1,False,B,3,,0,277,
South 24 Parganas,210,S24P-210,14,Panchayat Bhavan 14,266,274,1,541,50.65,32,5.9,274,140,5,469,P1,134,58.4,29.9,258,135,472,P1,False,B,3,,0,230,
South 24 Parganas,210,S24P-210,15,High School 15,334,329,0,663,49.62,56,8.4,288,147,7,512,P1,141,56.2,28.7,378,135,570,P1,False,B,3,,0,282,
South 24 Parganas,210,S24P-210,16,Anganwadi Centre 16,307,303,0,610,49.67,34,5.6,319,139,8,532,P1,180,60.0,26.1,345,115,511,P1,False,B,3,,0,260,
South 24 Parganas,210,S24P-210,17,Madrasa 17,376,371,0,747,49.67,43,5.8,334,187,4,578,P1,147,57.8,32.4,373,132,627,P1,False,B,3,,0,318,
South 24 Parganas,210,S24P-210,18,High School 18,275,257,0,532,48.31,40,7.5,264,96,10,466,P1,168,56.7,20.6,323,67,433,P1,False,B,3,,0,227,
South 24 Parganas,210,S24P-210,19,Market Building 19,312,281,0,593,47.39,54,9.1,291,99,5,466,P1,192,62.4,21.2,251,177,523,P1,False,B,3,,0,253,
South 24 Parganas,210,S24P-210,20,Temple Hall 20,405,401,1,807,49.69,72,8.9,357,194,5,679,P1,163,52.6,28.6,454,122,640,P1,False,B,3,,0,344,
South 24 Parganas,210,S24P-210,21,Govt Office 21,371,341,1,713,47.83,53,7.4,308,117,21,607,P1,153,50.7,19.3,414,114,587,P1,False,B,3,,0,304,
South 24 Parganas,210,S24P-210,22,Market Building 22,403,372,0,775,48.0,55,7.1,435,139,4,638,P1,296,68.2,21.8,392,213,672,P1,False,A,1,,0,330,
South 24 Parganas,210,S24P-210,23,Health Sub-Centre 23,285,257,1,543,47.33,48,8.8,356,63,2,465,P1,293,76.6,13.5,290,109,443,P1,False,A,1,,0,231,
South 24 Parganas,210,S24P-210,24,Health Sub-Centre 24,295,281,0,576,48.78,38,6.6,288,127,2,461,P1,161,62.5,27.5,294,89,455,P1,False,B,3,,0,245,
South 24 Parganas,210,S24P-210,25,High School 25,238,246,0,484,50.83,43,8.9,208,105,12,426,P1,103,48.8,24.6,213,134,405,P1,False,B,3,,0,206,
South 24 Parganas,210,S24P-210,26,Club Building 26,321,304,1,626,48.56,35,5.6,319,94,5,529,P1,214,60.3,17.8,236,111,499,P1,False,B,3,,0,267,
South 24 Parganas,210,S24P-210,27,Temple Hall 27,275,274,0,549,49.91,35,6.4,253,137,5,443,P1,116,57.1,30.9,221,89,485,P1,False,B,3,,0,234,
South 24 Parganas,210,S24P-210,28,Club Building 28,410,379,1,790,47.97,41,5.2,422,143,7,628,P1,279,67.2,22.8,384,181,659,P1,False,A,1,,0,336,
South 24 Parganas,210,S24P-210,29,Market Building 29,411,394,0,805,48.94,70,8.7,409,172,6,646,P1,237,63.3,26.6,415,199,694,P1,False,B,3,,0,343,
South 24 Parganas,210,S24P-210,30,High School 30,309,307,0,616,49.84,38,6.2,302,59,5,528,P1,146,57.2,11.2,360,118,531,P1,False,B,3,,0,262,
South 24 Parganas,210,S24P-210,31,Govt Office 31,430,389,1,820,47.44,41,5.0,445,141,6,651,P1,304,68.4,21.7,341,168,680,P1,False,A,1,,0,349,
South 24 Parganas,210,S24P-210,32,Club Building 32,261,258,1,520,49.62,40,7.7,275,134,4,458,P1,141,60.0,29.3,255,106,401,P1,False,B,3,,0,221,
South 24 Parganas,210,S24P-210,33,Club Building 33,284,293,1,578,50.69,51,8.8,289,95,4,466,P1,194,62.0,20.4,280,137,464,P1,False,B,3,,0,246,
South 24 Parganas,210,S24P-210,34,Health Sub-Centre 34,281,266,0,547,48.63,47,8.6,277,104,3,423,P1,173,65.5,24.6,353,74,474,P1,False,A,1,,0,233,
South 24 Parganas,210,S24P-210,35,Market Building 35,365,332,0,697,47.63,42,6.0,339,142,5,584,P1,197,58.0,24.3,375,123,553,P1,False,B,3,,0,297,
South 24 Parganas,210,S24P-210,36,Post Office 36,255,233,0,488,47.75,28,5.7,271,88,4,418,P1,183,64.8,21.1,257,103,399,P1,False,B,3,,0,208,
South 24 Parganas,210,S24P-210,37,Anganwadi Centre 37,418,402,0,820,49.02,59,7.2,437,140,3,641,P1,297,68.2,21.8,414,165,643,P1,False,A,1,,0,349,
South 24 Parganas,210,S24P-210,38,Market Building 38,366,356,0,722,49.31,51,7.1,345,176,3,594,P1,169,58.1,29.6,308,175,598,P1,False,B,3,,0,307,
South 24 Parganas,210,S24P-210,39,Market Building 39,253,238,0,491,48.47,41,8.4,264,87,3,390,P1,177,67.7,22.3,251,127,421,P1,False,A,1,,0,209,
South 24 Parganas,210,S24P-210,40,Temple Hall 40,282,268,0,550,48.73,39,7.1,307,78,2,428,P1,229,71.7,18.2,247,129,438,P1,False,A,1,,0,234,
South 24 Parganas,210,S24P-210,41,Temple Hall 41,400,383,1,784,48.85,67,8.5,240,153,27,626,P1,41,38.3,24.4,299,236,684,P1,False,B,3,,0,334,
South 24 Parganas,210,S24P-210,42,Anganwadi Centre 42,347,340,1,688,49.42,40,5.8,357,185,7,603,P1,172,59.2,30.7,372,111,537,P1,False,B,3,,0,293,
South 24 Parganas,210,S24P-210,43,Govt Office 43,397,391,1,789,49.56,68,8.6,292,188,7,613,P1,104,47.6,30.7,363,227,656,P1,False,B,3,,0,336,
South 24 Parganas,210,S24P-210,44,Panchayat Bhavan 44,298,289,0,587,49.23,35,6.0,188,137,17,477,P1,51,39.4,28.7,372,93,517,P1,False,B,3,,0,250,
South 24 Parganas,210,S24P-210,45,Community Hall 45,345,353,0,698,50.57,46,6.6,315,181,8,597,P1,134,52.8,30.3,341,102,547,P1,False,B,3,,0,297,
South 24 Parganas,210,S24P-210,46,Post Office 46,415,395,1,811,48.71,49,6.0,392,212,5,697,P1,180,56.2,30.4,392,195,653,P1,False,B,3,,0,345,
South 24 Parganas,210,S24P-210,47,Club Building 47,388,351,0,739,47.5,59,8.0,298,150,10,579,P1,148,51.5,25.9,300,163,597,P1,False,B,3,,0,315,
South 24 Parganas,210,S24P-210,48,Post Office 48,297,300,0,597,50.25,50,8.4,287,131,2,465,P1,156,61.7,28.2,318,116,482,P1,False,B,3,,0,254,
South 24 Parganas,210,S24P-210,49,Post Office 49,289,286,0,575,49.74,33,5.7,278,120,3,442,P1,158,62.9,27.1,291,138,477,P1,False,B,3,,0,245,
South 24 Parganas,210,S24P-210,50,Govt Office 50,355,362,0,717,50.49,55,7.7,383,118,4,556,P1,265,68.9,21.2,370,171,602,P1,False,A,1,,0,305,
South 24 Parganas,210,S24P-210,51,Temple Hall 51,394,356,1,751,47.4,45,6.0,411,177,8,654,P1,234,62.8,27.1,331,120,596,P1,False,B,3,,0,320,
South 24 Parganas,210,S24P-210,52,Temple Hall 52,351,352,1,704,50.0,49,7.0,392,151,3,604,P1,241,64.9,25.0,339,166,596,P1,False,B,3,,0,300,
South 24 Parganas,210,S24P-210,53,Madrasa 53,250,249,0,499,49.9,26,5.2,210,116,8,407,P1,94,51.6,28.5,293,82,435,P1,False,B,3,,0,212,
South 24 Parganas,210,S24P-210,54,Health Sub-Centre 54,417,382,1,800,47.75,67,8.4,378,179,14,690,P1,199,54.8,25.9,366,169,659,P1,False,B,3,,0,341,
South 24 Parganas,210,S24P-210,55,High School 55,268,262,0,530,49.43,42,7.9,310,83,3,437,P1,227,70.9,19.0,286,80,407,P1,False,A,1,,0,226,
South 24 Parganas,210,S24P-210,56,Panchayat Bhavan 56,342,315,0,657,47.95,35,5.3,344,155,6,558,P1,189,61.6,27.8,346,166,569,P1,False,B,3,,0,280,
South 24 Parganas,210,S24P-210,57,Temple Hall 57,339,323,0,662,48.79,38,5.7,314,100,8,524,P1,214,59.9,19.1,379,129,564,P1,False,B,3,,0,282,
South 24 Parganas,210,S24P-210,58,Community Hall 58,429,390,1,820,47.56,45,5.5,425,146,6,635,P1,279,66.9,23.0,450,129,643,P1,False,A,1,,0,349,
South 24 Parganas,210,S24P-210,59,Club Building 59,379,348,0,727,47.87,54,7.4,347,154,4,635,P1,193,54.6,24.3,466,88,616,P1,False,B,3,,0,310,
South 24 Parganas,210,S24P-210,60,Post Office 60,329,296,0,625,47.36,35,5.6,313,124,3,485,P1,189,64.5,25.6,318,110,500,P1,False,B,3,,0,266,
South 24 Parganas,210,S24P-210,61,Health Sub-Centre 61,343,351,0,694,50.58,53,7.6,354,154,5,564,P1,200,62.8,27.3,345,165,566,P1,False,B,3,,0,296,
South 24 Parganas,210,S24P-210,62,Anganwadi Centre 62,375,359,0,734,48.91,54,7.4,427,137,7,626,P1,290,68.2,21.9,312,156,587,P1,False,A,1,,0,313,
South 24 Parganas,210,S24P-210,63,Anganwadi Centre 63,317,323,0,640,50.47,46,7.2,313,138,3,501,P1,175,62.5,27.5,330,166,552,P1,False,B,3,,0,273,
South 24 Parganas,210,S24P-210,64,High School 64,365,375,0,740,50.68,59,8.0,410,123,7,592,P1,287,69.3,20.8,323,215,651,P1,False,A,1,,0,315,
South 24 Parganas,210,S24P-210,65,Temple Hall 65,409,388,0,797,48.68,43,5.4,401,162,9,680,P1,239,59.0,23.8,461,166,697,P1,False,B,3,,0,339,
South 24 Parganas,210,S24P-210,66,Govt Office 66,347,319,1,667,47.83,59,8.8,314,143,8,533,P1,171,58.9,26.8,289,182,551,P1,False,B,3,,0,284,
South 24 Parganas,210,S24P-210,67,Post Office 67,254,234,0,488,47.95,43,8.8,184,128,6,387,P1,56,47.5,33.1,244,102,384,P1,False,B,3,,0,208,
South 24 Parganas,210,S24P-210,68,Primary School 68,347,315,0,662,47.58,51,7.7,265,133,15,526,P1,132,50.4,25.3,291,226,574,P1,False,B,3,,0,282,
South 24 Parganas,210,S24P-210,69,Temple Hall 69,256,245,0,501,48.9,32,6.4,237,131,2,416,P1,106,57.0,31.5,236,101,409,P1,False,B,3,,0,213,
South 24 Parganas,210,S24P-210,70,High School 70,294,273,0,567,48.15,48,8.5,227,107,13,460,P1,118,49.3,23.3,290,122,479,P1,False,B,3,,0,241,
South 24 Parganas,210,S24P-210,71,Primary School 71,429,386,1,816,47.3,49,6.0,354,203,16,707,P1,151,50.1,28.7,400,225,704,P1,False,B,3,,0,347,
South 24 Parganas,210,S24P-210,72,Anganwadi Centre 72,314,311,1,626,49.68,37,5.9,318,119,3,485,P1,199,65.6,24.5,366,129,550,P1,False,A,1,,0,267,
South 24 Parganas,210,S24P-210,73,Temple Hall 73,350,344,1,695,49.5,63,9.1,286,195,8,555,P1,91,51.5,35.1,337,156,603,P1,False,B,3,,0,296,
South 24 Parganas,210,S24P-210,74,Health Sub-Centre 74,375,338,1,714,47.34,43,6.0,368,129,3,572,P1,239,64.3,22.6,282,220,605,P1,False,B,3,,0,304,
South 24 Parganas,210,S24P-210,75,Govt Office 75,381,384,1,766,50.13,46,6.0,435,150,7,650,P1,285,66.9,23.1,364,163,631,P1,False,A,1,,0,326,
South 24 Parganas,210,S24P-210,76,High School 76,280,289,1,570,50.7,35,6.1,276,120,7,489,P1,156,56.4,24.5,308,95,448,P1,False,B,3,,0,243,
South 24 Parganas,210,S24P-210,77,Community Hall 77,284,275,0,559,49.19,42,7.5,250,131,6,450,P1,119,55.6,29.1,262,133,490,P1,False,B,3,,0,238,
South 24 Parganas,210,S24P-210,78,Govt Office 78,345,353,0,698,50.57,44,6.3,342,184,5,601,P1,158,56.9,30.6,421,64,539,P1,False,B,3,,0,297,
South 24 Parganas,210,S24P-210,79,Health Sub-Centre 79,423,386,0,809,47.71,53,6.6,492,138,6,699,P1,354,70.4,19.7,342,225,632,P1,False,A,1,,0,345,
South 24 Parganas,210,S24P-210,80,Community Hall 80,348,358,1,707,50.64,61,8.6,383,145,6,586,P1,238,65.4,24.7,461,85,607,P1,False,A,1,,0,301,
South 24 Parganas,210,S24P-210,81,High School 81,408,410,0,818,50.12,55,6.7,495,88,7,648,P1,407,76.4,13.6,374,212,651,P1,False,A,1,,0,348,
South 24 Parganas,210,S24P-210,82,High School 82,313,281,1,595,47.23,32,5.4,313,114,3,474,P1,199,66.0,24.1,317,136,503,P1,False,A,1,,0,253,
South 24 Parganas,210,S24P-210,83,Temple Hall 83,252,241,0,493,48.88,42,8.5,247,120,2,408,P1,127,60.5,29.4,246,116,402,P1,False,B,3,,0,210,
South 24 Parganas,210,S24P-210,84,Panchayat Bhavan 84,339,337,1,677,49.78,42,6.2,385,82,6,519,P1,303,74.2,15.8,377,106,551,P1,False,A,1,,0,288,
South 24 Parganas,210,S24P-210,85,Anganwadi Centre 85,267,260,0,527,49.34,29,5.5,303,108,5,457,P1,195,66.3,23.6,288,80,409,P1,False,A,1,,0,224,
South 24 Parganas,210,S24P-210,86,Temple Hall 86,329,311,1,641,48.52,46,7.2,326,156,5,535,P1,170,60.9,29.2,339,127,524,P1,False,B,3,,0,273,
South 24 Parganas,210,S24P-210,87,Anganwadi Centre 87,302,303,0,605,50.08,33,5.5,289,136,6,493,P1,153,58.6,27.6,256,158,504,P1,False,B,3,,0,258,
South 24 Parganas,210,S24P-210,88,Temple Hall 88,380,367,1,748,49.06,62,8.3,366,153,2,576,P1,213,63.5,26.6,393,131,583,P1,False,B,3,,0,319,
South 24 Parganas,210,S24P-210,89,Community Hall 89,362,335,0,697,48.06,38,5.5,388,100,3,543,P1,288,71.5,18.4,309,183,547,P1,False,A,1,,0,297,
South 24 Parganas,210,S24P-210,90,Health Sub-Centre 90,374,353,0,727,48.56,63,8.7,388,185,7,637,P1,203,60.9,29.0,383,165,629,P1,False,B,3,,0,310,
South 24 Parganas,210,S24P-210,91,Govt Office 91,357,350,1,708,49.44,35,4.9,309,205,2,571,P1,104,54.1,35.9,281,157,561,P1,False,B,3,,0,302,
South 24 Parganas,210,S24P-210,92,Post Office 92,277,277,1,555,49.91,37,6.7,304,81,3,428,P1,223,71.0,18.9,252,122,435,P1,False,A,1,,0,236,
South 24 Parganas,210,S24P-210,93,Madrasa 93,391,363,0,754,48.14,50,6.6,499,98,4,663,P1,401,75.3,14.8,467,128,661,P1,False,A,1,,0,321,
South 24 Parganas,210,S24P-210,94,Madrasa 94,306,283,1,590,47.97,38,6.4,258,167,7,500,P1,91,51.6,33.4,233,95,472,P1,False,B,3,,0,251,
South 24 Parganas,210,S24P-210,95,Club Building 95,284,265,0,549,48.27,50,9.1,257,128,2,432,P1,129,59.5,29.6,293,122,461,P1,False,B,3,,0,234,
South 24 Parganas,210,S24P-210,96,Club Building 96,255,250,1,506,49.41,40,7.9,228,92,3,398,P1,136,57.3,23.1,221,113,429,P1,False,B,3,,0,215,
South 24 Parganas,210,S24P-210,97,Temple Hall 97,344,308,0,652,47.24,33,5.1,315,128,3,519,P1,187,60.7,24.7,370,114,537,P1,False,B,3,,0,278,
South 24 Parganas,210,S24P-210,98,Govt Office 98,349,354,1,704,50.28,44,6.2,327,159,7,545,P1,168,60.0,29.2,397,98,550,P1,False,B,3,,0,300,
South 24 Parganas,210,S24P-210,99,Anganwadi Centre 99,325,322,0,647,49.77,50,7.7,344,132,6,529,P1,212,65.0,25.0,309,139,506,P1,False,B,3,,0,276,
South 24 Parganas,210,S24P-210,100,Govt Office 100,346,326,1,673,48.44,39,5.8,270,143,6,529,P1,127,51.0,27.0,313,179,546,P1,False,B,3,,0,287,
South 24 Parganas,210,S24P-210,101,Post Office 101,301,305,0,606,50.33,42,6.9,290,106,9,514,P1,184,56.4,20.6,302,140,491,P1,False,B,3,,0,258,
South 24 Parganas,210,S24P-210,102,Govt Office 102,344,346,1,691,50.07,40,5.8,380,149,4,588,P1,231,64.6,25.3,339,115,555,P1,False,B,3,,0,294,
South 24 Parganas,210,S24P-210,103,Govt Office 103,294,278,1,573,48.52,46,8.0,223,122,6,475,P1,101,46.9,25.7,306,103,455,P1,False,B,3,,0,244,
South 24 Parganas,210,S24P-210,104,Health Sub-Centre 104,355,319,1,675,47.26,43,6.4,315,112,10,523,P1,203,60.2,21.4,334,158,575,P1,False,B,3,,0,287,
South 24 Parganas,210,S24P-210,105,Madrasa 105,331,314,0,645,48.68,49,7.6,274,183,2,511,P1,91,53.6,35.8,375,127,558,P1,False,B,3,,0,275,
South 24 Parganas,210,S24P-210,106,Post Office 106,328,312,1,641,48.67,37,5.8,293,156,9,539,P1,137,54.4,28.9,328,158,540,P1,False,B,3,,0,273,
South 24 Parganas,210,S24P-210,107,Madrasa 107,362,346,1,709,48.8,56,7.9,429,121,4,611,P1,308,70.2,19.8,338,149,560,P1,False,A,1,,0,302,
South 24 Parganas,210,S24P-210,108,Anganwadi Centre 108,316,323,0,639,50.55,55,8.6,305,185,3,544,P1,120,56.1,34.0,324,129,539,P1,False,B,3,,0,272,
South 24 Parganas,210,S24P-210,109,Community Hall 109,358,351,0,709,49.51,36,5.1,333,125,10,555,P1,208,60.0,22.5,293,67,548,P1,False,B,3,,0,302,
South 24 Parganas,210,S24P-210,110,Primary School 110,253,235,1,489,48.06,30,6.1,252,95,7,432,P1,157,58.3,22.0,282,96,420,P1,False,B,3,,0,208,
South 24 Parganas,210,S24P-210,111,Govt Office 111,259,243,1,503,48.31,35,7.0,240,79,10,402,P1,161,59.7,19.7,222,105,393,P1,False,B,3,,0,214,
South 24 Parganas,210,S24P-210,112,Anganwadi Centre 112,324,330,1,655,50.38,55,8.4,319,107,11,525,P1,212,60.8,20.4,302,143,524,P1,False,B,3,,0,279,
South 24 Parganas,210,S24P-210,113,Market Building 113,315,299,1,615,48.62,33,5.4,341,145,5,542,P1,196,62.9,26.8,308,100,487,P1,False,B,3,,0,262,
South 24 Parganas,210,S24P-210,114,Anganwadi Centre 114,256,239,1,496,48.19,24,4.8,246,104,7,418,P1,142,58.9,24.9,299,77,418,P1,False,B,3,,0,211,
South 24 Parganas,210,S24P-210,115,High School 115,391,367,0,758,48.42,69,9.1,376,167,10,658,P1,209,57.1,25.4,374,147,628,P1,False,B,3,,0,323,
South 24 Parganas,210,S24P-210,116,Club Building 116,276,284,1,561,50.62,29,5.2,206,181,7,454,P1,25,45.4,39.9,300,114,461,P1,False,B,3,,0,239,
South 24 Parganas,210,S24P-210,117,Post Office 117,348,342,1,691,49.49,53,7.7,311,146,5,564,P1,165,55.1,25.9,319,114,579,P1,False,B,3,,0,294,
South 24 Parganas,210,S24P-210,118,High School 118,377,347,1,725,47.86,55,7.6,313,108,15,566,P1,189,55.3,19.1,326,211,621,P1,False,B,3,,0,309,
South 24 Parganas,210,S24P-210,119,Post Office 119,334,313,1,648,48.3,57,8.8,328,130,6,509,P1,198,64.4,25.5,365,95,511,P1,False,B,3,,0,276,
South 24 Parganas,210,S24P-210,120,Madrasa 120,413,376,0,789,47.66,48,6.1,480,142,7,691,P1,338,69.5,20.5,369,96,618,P1,False,A,1,,0,336,
South 24 Parganas,210,S24P-210,121,Primary School 121,365,352,1,718,49.03,63,8.8,350,120,8,554,P1,230,63.2,21.7,414,97,567,P1,False,B,3,,0,306,
South 24 Parganas,210,S24P-210,122,Anganwadi Centre 122,277,284,1,562,50.53,43,7.7,265,123,3,431,P1,142,61.5,28.5,238,174,481,P1,False,B,3,,0,239,
South 24 Parganas,210,S24P-210,123,Club Building 123,353,355,0,708,50.14,39,5.5,346,137,7,593,P1,209,58.3,23.1,299,161,561,P1,False,B,3,,0,302,
South 24 Parganas,210,S24P-210,124,Post Office 124,407,390,1,798,48.87,57,7.1,409,133,7,642,P1,276,63.7,20.7,371,198,658,P1,False,B,3,,0,340,
South 24 Parganas,210,S24P-210,125,Madrasa 125,345,321,1,667,48.13,45,6.7,324,149,5,525,P1,175,61.7,28.4,356,143,582,P1,False,B,3,,0,284,
South 24 Parganas,210,S24P-210,126,Health Sub-Centre 126,404,396,0,800,49.5,54,6.8,411,104,14,636,P1,307,64.6,16.4,364,175,657,P1,False,B,3,,0,341,
South 24 Parganas,210,S24P-210,127,Post Office 127,395,380,0,775,49.03,39,5.0,441,106,6,671,P1,331,65.7,15.8,317,173,622,P1,False,A,1,,0,330,
South 24 Parganas,210,S24P-210,128,Market Building 128,310,278,0,588,47.28,50,8.5,345,115,3,512,P1,230,67.4,22.5,262,124,491,P1,False,A,1,,0,250,
South 24 Parganas,210,S24P-210,129,Post Office 129,288,270,1,559,48.3,41,7.3,343,99,4,491,P1,244,69.9,20.2,299,119,492,P1,False,A,1,,0,238,
South 24 Parganas,210,S24P-210,130,Anganwadi Centre 130,287,276,0,563,49.02,47,8.3,322,120,2,491,P1,202,65.6,24.4,263,120,476,P1,False,A,1,,0,240,
South 24 Parganas,210,S24P-210,131,Post Office 131,283,256,0,539,47.5,38,7.1,254,101,2,415,P1,153,61.2,24.3,254,92,430,P1,False,B,3,,0,230,
South 24 Parganas,210,S24P-210,132,Community Hall 132,255,238,0,493,48.28,34,6.9,287,88,3,416,P1,199,69.0,21.2,255,109,405,P1,False,A,1,,0,210,
South 24 Parganas,210,S24P-210,133,Madrasa 133,357,335,1,693,48.34,52,7.5,377,112,2,543,P1,265,69.4,20.6,315,199,602,P1,False,A,1,,0,295,
South 24 Parganas,210,S24P-210,134,Market Building 134,359,350,0,709,49.37,42,5.9,407,147,5,616,P1,260,66.1,23.9,320,120,583,P1,False,A,1,,0,302,
South 24 Parganas,210,S24P-210,135,Post Office 135,392,353,0,745,47.38,44,5.9,349,148,8,579,P1,201,60.3,25.6,418,100,575,P1,False,B,3,,0,317,
South 24 Parganas,210,S24P-210,136,High School 136,271,261,1,533,48.97,30,5.6,299,120,3,465,P1,179,64.3,25.8,224,120,425,P1,False,B,3,,0,227,
South 24 Parganas,210,S24P-210,137,Temple Hall 137,321,291,0,612,47.55,41,6.7,349,109,4,509,P1,240,68.6,21.4,247,182,497,P1,False,A,1,,0,261,
South 24 Parganas,210,S24P-210,138,Temple Hall 138,334,342,0,676,50.59,43,6.4,351,142,5,564,P1,209,62.2,25.2,272,174,529,P1,False,B,3,,0,288,
South 24 Parganas,210,S24P-210,139,Market Building 139,373,338,0,711,47.54,47,6.6,350,144,2,554,P1,206,63.2,26.0,350,146,605,P1,False,B,3,,0,303,
South 24 Parganas,210,S24P-210,140,Govt Office 140,333,328,1,662,49.55,40,6.0,331,173,2,560,P1,158,59.1,30.9,289,111,520,P1,False,B,3,,0,282,
South 24 Parganas,210,S24P-210,141,Madrasa 141,377,348,0,725,48.0,43,5.9,449,109,3,620,P1,340,72.4,17.6,364,164,586,P1,False,A,1,,0,309,
South 24 Parganas,210,S24P-210,142,Panchayat Bhavan 142,283,264,1,548,48.18,41,7.5,252,93,7,457,P1,152,55.1,20.4,251,127,420,P1,False,B,3,,0,233,
South 24 Parganas,210,S24P-210,143,Panchayat Bhavan 143,395,355,1,751,47.27,65,8.7,421,176,5,663,P1,245,63.5,26.5,348,172,623,P1,False,B,3,,0,320,
South 24 Parganas,210,S24P-210,144,Madrasa 144,378,385,1,764,50.39,60,7.9,334,181,14,639,P1,153,52.3,28.3,354,193,607,P1,False,B,3,,0,325,
South 24 Parganas,210,S24P-210,145,Temple Hall 145,261,258,0,519,49.71,44,8.5,224,137,3,434,P1,87,51.6,31.6,196,92,407,P1,False,B,3,,0,221,
South 24 Parganas,210,S24P-210,146,Temple Hall 146,391,381,0,772,49.35,61,7.9,363,207,3,633,P1,156,57.3,32.7,385,170,633,P1,False,B,3,,0,329,
South 24 Parganas,210,S24P-210,147,Panchayat Bhavan 147,255,251,1,507,49.51,35,6.9,223,124,4,392,P1,99,56.9,31.6,289,86,417,P1,False,B,3,,0,216,
South 24 Parganas,210,S24P-210,148,Govt Office 148,357,364,1,722,50.42,59,8.2,371,182,7,620,P1,189,59.8,29.4,409,131,600,P1,False,B,3,,0,307,
South 24 Parganas,210,S24P-210,149,Market Building 149,328,332,0,660,50.3,40,6.1,355,106,6,517,P1,249,68.7,20.5,342,74,518,P1,False,A,1,,0,281,
South 24 Parganas,210,S24P-210,150,Post Office 150,305,291,1,597,48.74,47,7.9,270,146,11,517,P1,124,52.2,28.2,333,138,524,P1,False,B,3,,0,254,
South 24 Parganas,210,S24P-210,151,Panchayat Bhavan 151,380,345,1,726,47.52,58,8.0,345,151,8,601,P1,194,57.4,25.1,361,169,589,P1,False,B,3,,0,309,
South 24 Parganas,210,S24P-210,152,Anganwadi Centre 152,408,366,1,775,47.23,41,5.3,380,142,14,639,P1,238,59.5,22.2,409,166,639,P1,False,B,3,,0,330,
South 24 Parganas,210,S24P-210,153,Panchayat Bhavan 153,263,240,0,503,47.71,44,8.7,269,91,5,400,P1,178,67.2,22.8,202,96,399,P1,False,A,1,,0,214,
South 24 Parganas,210,S24P-210,154,Govt Office 154,298,288,1,587,49.06,52,8.9,263,153,2,465,P1,110,56.6,32.9,234,115,459,P1,False,B,3,,0,250,
South 24 Parganas,210,S24P-210,155,Post Office 155,271,267,1,539,49.54,41,7.6,246,100,11,449,P1,146,54.8,22.3,227,131,413,P1,False,B,3,,0,230,
South 24 Parganas,210,S24P-210,156,Govt Office 156,370,343,1,714,48.04,48,6.7,418,123,3,618,P1,295,67.6,19.9,327,148,553,P1,False,A,1,,0,304,
South 24 Parganas,210,S24P-210,157,Primary School 157,276,259,0,535,48.41,32,6.0,257,133,5,434,P1,124,59.2,30.6,187,153,413,P1,False,B,3,,0,228,
South 24 Parganas,210,S24P-210,158,Club Building 158,296,297,1,594,50.0,51,8.6,305,123,3,476,P1,182,64.1,25.8,230,115,488,P1,False,B,3,,0,253,
South 24 Parganas,210,S24P-210,159,Temple Hall 159,293,295,0,588,50.17,31,5.3,249,120,9,453,P1,129,55.0,26.5,302,121,500,P1,False,B,3,,0,250,
South 24 Parganas,210,S24P-210,160,Health Sub-Centre 160,358,351,0,709,49.51,36,5.1,351,163,4,579,P1,188,60.6,28.2,322,164,625,P1,False,B,3,,0,302,
South 24 Parganas,210,S24P-210,161,Anganwadi Centre 161,303,303,0,606,50.0,50,8.3,276,167,7,519,P1,109,53.2,32.2,306,129,484,P1,False,B,3,,0,258,
South 24 Parganas,210,S24P-210,162,Anganwadi Centre 162,331,318,1,650,48.92,52,8.0,308,151,3,511,P1,157,60.3,29.5,320,130,511,P1,False,B,3,,0,277,
South 24 Parganas,210,S24P-210,163,High School 163,291,302,1,594,50.84,33,5.6,348,104,5,503,P1,244,69.2,20.7,361,102,514,P1,False,A,1,,0,253,
South 24 Parganas,210,S24P-210,164,Panchayat Bhavan 164,294,291,0,585,49.74,49,8.4,214,64,14,492,P1,20,43.5,13.0,295,140,488,P1,False,B,3,,0,249,
South 24 Parganas,210,S24P-210,165,Madrasa 165,280,269,1,550,48.91,34,6.2,303,101,4,480,P1,202,63.1,21.0,278,134,458,P1,False,B,3,,0,234,
South 24 Parganas,210,S24P-210,166,Primary School 166,412,389,0,801,48.56,45,5.6,369,139,6,629,P1,230,58.7,22.1,459,116,638,P1,False,B,3,,0,341,
South 24 Parganas,210,S24P-210,167,Temple Hall 167,421,393,0,814,48.28,69,8.5,463,158,4,691,P1,305,67.0,22.9,430,185,707,P1,False,A,1,,0,347,
South 24 Parganas,210,S24P-210,168,Post Office 168,268,252,1,521,48.37,32,6.1,256,135,5,434,P1,121,59.0,31.1,273,109,425,P1,False,B,3,,0,222,
South 24 Parganas,210,S24P-210,169,Market Building 169,354,362,0,716,50.56,36,5.0,326,212,4,627,P1,114,52.0,33.8,318,106,550,P1,False,B,3,,0,305,
South 24 Parganas,211,S24P-211,1,Anganwadi Centre 1,318,289,0,607,47.61,36,5.9,253,107,16,501,P1,132,50.5,21.4,303,113,464,P1,False,B,3,,0,258,
South 24 Parganas,211,S24P-211,2,Temple Hall 2,356,351,0,707,49.65,45,6.4,342,156,5,553,P1,186,61.8,28.2,311,145,606,P1,False,B,3,,0,301,
South 24 Parganas,211,S24P-211,3,Madrasa 3,254,248,0,502,49.4,35,7.0,285,104,3,437,P1,181,65.2,23.8,301,77,420,P1,False,A,1,,0,214,
South 24 Parganas,211,S24P-211,4,Govt Office 4,335,325,0,660,49.24,46,7.0,276,158,6,565,P1,118,48.8,28.0,277,117,514,P1,False,B,3,,0,281,
South 24 Parganas,211,S24P-211,5,Post Office 5,301,288,1,590,48.81,57,9.7,300,105,5,467,P1,195,64.2,22.5,262,121,519,P1,False,B,3,,0,251,
South 24 Parganas,211,S24P-211,6,Anganwadi Centre 6,294,265,1,560,47.32,40,7.1,314,75,3,442,P1,239,71.0,17.0,269,79,465,P1,False,A,1,,0,238,
South 24 Parganas,211,S24P-211,7,Temple Hall 7,270,272,0,542,50.18,37,6.8,233,77,9,429,P1,127,54.3,17.9,207,164,438,P1,False,B,3,,0,231,
South 24 Parganas,211,S24P-211,8,Community Hall 8,319,318,1,638,49.84,62,9.7,351,117,5,519,P1,234,67.6,22.5,319,167,554,P1,False,A,1,,0,272,
South 24 Parganas,211,S24P-211,9,Primary School 9,364,349,1,714,48.88,62,8.7,411,151,3,625,P1,260,65.8,24.2,432,119,617,P1,False,A,1,,0,304,
South 24 Parganas,211,S24P-211,10,Madrasa 10,256,235,0,491,47.86,49,10.0,236,131,1,408,P1,105,57.8,32.1,232,89,431,P1,False,B,3,,0,209,
South 24 Parganas,211,S24P-211,11,Market Building 11,425,388,0,813,47.72,52,6.4,413,152,11,701,P1,261,58.9,21.7,421,138,666,P1,False,B,3,,0,346,
South 24 Parganas,211,S24P-211,12,Anganwadi Centre 12,413,370,1,784,47.19,69,8.8,435,156,4,657,P1,279,66.2,23.7,390,155,606,P1,False,A,1,,0,334,
South 24 Parganas,211,S24P-211,13,Madrasa 13,296,290,1,587,49.4,60,10.2,321,114,3,498,P1,207,64.5,22.9,294,117,456,P1,False,D,4,,0,250,
South 24 Parganas,211,S24P-211,14,Anganwadi Centre 14,261,268,1,530,50.57,46,8.7,203,128,6,428,P1,75,47.4,29.9,267,88,456,P1,False,B,3,,0,226,
South 24 Parganas,211,S24P-211,15,Club Building 15,251,233,1,485,48.04,43,8.9,203,79,5,384,P1,110,52.9,20.6,224,115,412,P1,False,B,3,,0,207,
South 24 Parganas,211,S24P-211,16,Community Hall 16,382,355,0,737,48.17,74,10.0,358,183,4,601,P1,175,59.6,30.4,381,113,571,P1,False,B,3,,0,314,
South 24 Parganas,211,S24P-211,17,Govt Office 17,245,252,0,497,50.7,39,7.8,270,78,7,424,P1,192,63.7,18.4,252,121,414,P1,False,B,3,,0,212,
South 24 Parganas,211,S24P-211,18,Panchayat Bhavan 18,361,355,1,717,49.51,54,7.5,371,149,5,578,P1,222,64.2,25.8,392,121,629,P1,False,B,3,,0,305,
South 24 Parganas,211,S24P-211,19,Panchayat Bhavan 19,366,359,0,725,49.52,75,10.3,339,165,4,626,P1,174,54.2,26.4,419,133,613,P1,False,D,4,,0,309,
South 24 Parganas,211,S24P-211,20,Primary School 20,253,229,0,482,47.51,46,9.5,205,148,5,392,P1,57,52.3,37.8,248,110,398,P1,False,B,3,,0,205,
South 24 Parganas,211,S24P-211,21,Primary School 21,266,261,1,528,49.43,52,9.8,293,94,3,432,P1,199,67.8,21.8,265,127,436,P1,False,A,1,,0,225,
South 24 Parganas,211,S24P-211,22,Panchayat Bhavan 22,257,248,1,506,49.01,45,8.9,236,90,3,403,P1,146,58.6,22.3,232,98,390,P1,False,B,3,,0,215,
South 24 Parganas,211,S24P-211,23,Health Sub-Centre 23,327,313,0,640,48.91,55,8.6,296,154,2,499,P1,142,59.3,30.9,319,127,560,P1,False,B,3,,0,273,
South 24 Parganas,211,S24P-211,24,Post Office 24,340,346,0,686,50.44,53,7.7,308,208,3,587,P1,100,52.5,35.4,298,79,526,P1,False,B,3,,0,292,
South 24 Parganas,211,S24P-211,25,Market Building 25,405,395,0,800,49.38,51,6.4,397,161,14,680,P1,236,58.4,23.7,337,113,622,P1,False,B,3,,0,341,
South 24 Parganas,211,S24P-211,26,Market Building 26,343,335,1,679,49.34,58,8.5,324,103,6,596,P1,167,54.4,17.3,375,108,537,P1,False,B,3,,0,289,
South 24 Parganas,211,S24P-211,27,Primary School 27,360,371,1,732,50.68,64,8.7,352,157,7,566,P1,195,62.2,27.7,410,138,609,P1,False,B,3,,0,312,
South 24 Parganas,211,S24P-211,28,Market Building 28,407,365,1,773,47.22,45,5.8,391,169,3,646,P1,222,60.5,26.2,428,137,628,P1,False,B,3,,0,329,
South 24 Parganas,211,S24P-211,29,Madrasa 29,254,231,0,485,47.63,42,8.7,241,98,3,427,P1,143,56.4,23.0,183,128,410,P1,False,B,3,,0,207,
South 24 Parganas,211,S24P-211,30,Club Building 30,355,350,1,706,49.58,63,8.9,340,160,3,556,P1,180,61.2,28.8,298,158,575,P1,False,B,3,,0,301,
South 24 Parganas,211,S24P-211,31,Club Building 31,356,321,0,677,47.42,63,9.3,403,124,7,586,P1,279,68.8,21.2,400,124,582,P1,False,A,1,,0,288,
South 24 Parganas,211,S24P-211,32,Panchayat Bhavan 32,273,255,1,529,48.2,54,10.2,257,158,2,461,P1,99,55.7,34.3,241,141,425,P1,False,D,4,,0,225,
South 24 Parganas,211,S24P-211,33,Panchayat Bhavan 33,395,356,1,752,47.34,70,9.3,334,157,4,579,P1,177,57.7,27.1,298,182,622,P1,False,B,3,,0,320,
South 24 Parganas,211,S24P-211,34,Madrasa 34,370,371,1,742,50.0,66,8.9,452,112,2,626,P1,340,72.2,17.9,321,170,619,P1,False,A,1,,0,316,
South 24 Parganas,211,S24P-211,35,Govt Office 35,264,239,1,504,47.42,42,8.3,269,124,2,436,P1,145,61.7,28.4,213,90,408,P1,False,B,3,,0,215,
South 24 Parganas,211,S24P-211,36,Market Building 36,358,338,1,697,48.49,71,10.2,418,120,2,598,P1,298,69.9,20.1,336,216,613,P1,False,D,4,,0,297,
South 24 Parganas,211,S24P-211,37,Club Building 37,327,324,0,651,49.77,46,7.1,315,174,3,556,P1,141,56.7,31.3,370,132,558,P1,False,B,3,,0,277,
South 24 Parganas,211,S24P-211,38,Health Sub-Centre 38,403,390,0,793,49.18,65,8.2,395,171,4,633,P1,224,62.4,27.0,353,231,652,P1,False,B,3,,0,338,
South 24 Parganas,211,S24P-211,39,Primary School 39,289,286,0,575,49.74,39,6.8,245,135,3,450,P1,110,54.4,30.0,239,112,482,P1,False,B,3,,0,245,
South 24 Parganas,211,S24P-211,40,Temple Hall 40,262,256,1,519,49.33,45,8.7,291,90,2,423,P1,201,68.8,21.3,252,94,407,P1,False,A,1,,0,221,
South 24 Parganas,211,S24P-211,41,Govt Office 41,338,309,1,648,47.69,65,10.0,369,108,4,529,P1,261,69.8,20.4,374,125,555,P1,False,A,1,,0,276,
South 24 Parganas,211,S24P-211,42,Anganwadi Centre 42,257,247,0,504,49.01,48,9.5,266,103,2,410,P1,163,64.9,25.1,177,112,399,P1,False,B,3,,0,215,
South 24 Parganas,211,S24P-211,43,Panchayat Bhavan 43,304,294,1,599,49.08,46,7.7,273,89,5,462,P1,182,59.1,19.3,336,124,511,P1,False,B,3,,0,255,
South 24 Parganas,211,S24P-211,44,Health Sub-Centre 44,384,386,0,770,50.13,80,10.4,320,164,6,599,P1,156,53.4,27.4,304,155,643,P1,False,D,4,,0,328,
South 24 Parganas,211,S24P-211,45,Health Sub-Centre 45,329,300,1,630,47.62,41,6.5,358,104,2,513,P1,254,69.8,20.3,257,186,503,P1,False,A,1,,0,268,
South 24 Parganas,211,S24P-211,46,Temple Hall 46,336,342,0,678,50.44,64,9.4,269,141,13,594,P1,104,45.3,23.7,346,141,541,P1,False,B,3,,0,289,
South 24 Parganas,211,S24P-211,47,Health Sub-Centre 47,410,382,0,792,48.23,80,10.1,452,161,8,697,P1,291,64.8,23.1,352,166,648,P1,False,D,4,,0,337,
South 24 Parganas,211,S24P-211,48,Madrasa 48,359,334,1,694,48.13,60,8.6,369,145,6,586,P1,224,63.0,24.7,288,211,569,P1,False,B,3,,0,296,
South 24 Parganas,211,S24P-211,49,Club Building 49,299,297,1,597,49.75,48,8.0,279,143,4,469,P1,136,59.5,30.5,287,156,519,P1,False,B,3,,0,254,
South 24 Parganas,211,S24P-211,50,Health Sub-Centre 50,268,256,0,524,48.85,41,7.8,226,135,4,425,P1,91,53.2,31.8,239,103,414,P1,False,B,3,,0,223,
South 24 Parganas,211,S24P-211,51,Health Sub-Centre 51,298,306,1,605,50.58,54,8.9,275,96,11,471,P1,179,58.4,20.4,337,139,528,P1,False,B,3,,0,258,
South 24 Parganas,211,S24P-211,52,Panchayat Bhavan 52,379,346,1,726,47.66,69,9.5,416,161,4,641,P1,255,64.9,25.1,368,137,561,P1,False,B,3,,0,309,
South 24 Parganas,211,S24P-211,53,Post Office 53,275,260,1,536,48.51,44,8.2,288,128,3,464,P1,160,62.1,27.6,251,82,471,P1,False,B,3,,0,228,
South 24 Parganas,211,S24P-211,54,Market Building 54,357,364,0,721,50.49,63,8.7,341,147,9,631,P1,194,54.0,23.3,366,158,582,P1,False,B,3,,0,307,
South 24 Parganas,211,S24P-211,55,Primary School 55,311,311,0,622,50.0,55,8.8,279,131,7,528,P1,148,52.8,24.8,329,162,545,P1,False,B,3,,0,265,
South 24 Parganas,211,S24P-211,56,Market Building 56,296,305,0,601,50.75,41,6.8,268,123,3,466,P1,145,57.5,26.4,287,132,492,P1,False,B,3,,0,256,
South 24 Parganas,211,S24P-211,57,Panchayat Bhavan 57,395,387,0,782,49.49,75,9.6,349,186,3,598,P1,163,58.4,31.1,281,132,679,P1,False,B,3,,0,333,
South 24 Parganas,211,S24P-211,58,Anganwadi Centre 58,275,279,0,554,50.36,41,7.4,283,142,7,489,P1,141,57.9,29.0,308,130,487,P1,False,B,3,,0,236,
South 24 Parganas,211,S24P-211,59,Post Office 59,376,345,1,722,47.78,65,9.0,329,122,16,595,P1,207,55.3,20.5,426,101,625,P1,False,B,3,,0,307,
South 24 Parganas,211,S24P-211,60,Club Building 60,278,285,0,563,50.62,51,9.1,294,139,4,482,P1,155,61.0,28.8,351,56,452,P1,False,B,3,,0,240,
South 24 Parganas,211,S24P-211,61,Anganwadi Centre 61,249,239,1,489,48.88,49,10.0,207,130,1,374,P1,77,55.3,34.8,207,100,401,P1,False,B,3,,0,208,
South 24 Parganas,211,S24P-211,62,Community Hall 62,269,277,1,547,50.64,44,8.0,301,122,2,470,P1,179,64.0,26.0,213,102,422,P1,False,B,3,,0,233,
South 24 Parganas,211,S24P-211,63,Health Sub-Centre 63,340,309,0,649,47.61,66,10.2,278,135,3,497,P1,143,55.9,27.2,300,149,513,P1,False,D,4,,0,276,
South 24 Parganas,211,S24P-211,64,Govt Office 64,405,412,1,818,50.37,80,9.8,398,141,15,671,P1,257,59.3,21.0,454,159,681,P1,False,B,3,,0,348,
South 24 Parganas,211,S24P-211,65,Club Building 65,360,331,0,691,47.9,57,8.2,370,116,4,540,P1,254,68.5,21.5,313,141,574,P1,False,A,1,,0,294,
South 24 Parganas,211,S24P-211,66,Club Building 66,329,312,1,642,48.6,49,7.6,365,117,2,536,P1,248,68.1,21.8,303,105,513,P1,False,A,1,,0,273,
South 24 Parganas,211,S24P-211,67,Market Building 67,348,329,0,677,48.6,38,5.6,247,163,17,578,P1,84,42.7,28.2,300,145,518,P1,False,B,3,,0,288,
South 24 Parganas,211,S24P-211,68,Market Building 68,416,404,0,820,49.27,72,8.8,391,206,8,664,P1,185,58.9,31.0,431,151,647,P1,False,B,3,,0,349,
South 24 Parganas,211,S24P-211,69,Madrasa 69,388,381,1,770,49.48,62,8.1,362,166,5,605,P1,196,59.8,27.4,429,165,660,P1,False,B,3,,0,328,
South 24 Parganas,211,S24P-211,70,High School 70,382,367,1,750,48.93,75,10.0,364,188,2,613,P1,176,59.4,30.7,425,170,661,P1,False,B,3,,0,319,
South 24 Parganas,211,S24P-211,71,Anganwadi Centre 71,272,265,1,538,49.26,45,8.4,228,78,7,424,P1,122,53.8,18.4,270,108,420,P1,False,B,3,,0,229,
South 24 Parganas,211,S24P-211,72,Community Hall 72,407,391,0,798,49.0,78,9.8,417,177,4,678,P1,240,61.5,26.1,470,142,680,P1,False,B,3,,0,340,
South 24 Parganas,211,S24P-211,73,Anganwadi Centre 73,387,353,0,740,47.7,42,5.7,364,167,4,612,P1,197,59.5,27.3,431,145,640,P1,False,B,3,,0,315,
South 24 Parganas,211,S24P-211,74,Club Building 74,303,311,0,614,50.65,52,8.5,283,168,8,540,P1,115,52.4,31.1,278,155,509,P1,False,B,3,,0,261,
South 24 Parganas,211,S24P-211,75,Panchayat Bhavan 75,389,353,0,742,47.57,45,6.1,452,139,5,656,P1,313,68.9,21.2,377,174,612,P1,False,A,1,,0,316,
South 24 Parganas,211,S24P-211,76,Primary School 76,378,389,0,767,50.72,45,5.9,364,222,2,651,P1,142,55.9,34.1,410,163,636,P1,False,B,3,,0,327,
South 24 Parganas,211,S24P-211,77,Temple Hall 77,244,239,1,484,49.38,43,8.9,262,108,5,411,P1,154,63.7,26.3,224,112,380,P1,False,B,3,,0,206,
South 24 Parganas,211,S24P-211,78,Club Building 78,412,399,1,812,49.14,76,9.4,374,194,4,631,P1,180,59.3,30.7,528,109,708,P1,False,B,3,,0,346,
South 24 Parganas,211,S24P-211,79,Post Office 79,339,325,0,664,48.95,59,8.9,344,156,3,555,P1,188,62.0,28.1,320,148,527,P1,False,B,3,,0,283,
South 24 Parganas,211,S24P-211,80,Market Building 80,296,271,0,567,47.8,48,8.5,259,112,6,457,P1,147,56.7,24.5,262,115,490,P1,False,B,3,,0,241,
South 24 Parganas,211,S24P-211,81,Temple Hall 81,396,401,0,797,50.31,56,7.0,357,195,6,623,P1,162,57.3,31.3,434,156,656,P1,False,B,3,,0,339,
South 24 Parganas,211,S24P-211,82,High School 82,251,229,1,481,47.61,28,5.8,233,86,5,395,P1,147,59.0,21.8,278,96,416,P1,False,B,3,,0,205,
South 24 Parganas,211,S24P-211,83,Health Sub-Centre 83,249,246,0,495,49.7,42,8.5,224,94,4,407,P1,130,55.0,23.1,235,104,437,P1,False,B,3,,0,211,
South 24 Parganas,211,S24P-211,84,Club Building 84,326,294,0,620,47.42,52,8.4,263,142,16,544,P1,121,48.3,26.1,325,102,490,P1,False,B,3,,0,264,
South 24 Parganas,211,S24P-211,85,Primary School 85,390,378,1,769,49.15,64,8.3,321,196,5,640,P1,125,50.2,30.6,321,163,660,P1,False,B,3,,0,327,
South 24 Parganas,211,S24P-211,86,Primary School 86,359,353,1,713,49.51,70,9.8,354,147,3,575,P1,207,61.6,25.6,308,217,620,P1,False,B,3,,0,304,
South 24 Parganas,211,S24P-211,87,Panchayat Bhavan 87,361,335,0,696,48.13,68,9.8,282,211,10,582,P1,71,48.5,36.3,276,209,539,P1,False,B,3,,0,296,
South 24 Parganas,211,S24P-211,88,Primary School 88,399,373,1,773,48.25,71,9.2,369,174,10,637,P1,195,57.9,27.3,361,186,638,P1,False,B,3,,0,329,
South 24 Parganas,211,S24P-211,89,Club Building 89,369,333,0,702,47.44,49,7.0,392,140,6,591,P1,252,66.3,23.7,454,63,574,P1,False,A,1,,0,299,
South 24 Parganas,211,S24P-211,90,Madrasa 90,275,267,1,543,49.17,45,8.3,280,106,4,429,P1,174,65.3,24.7,311,116,475,P1,False,A,1,,0,231,
South 24 Parganas,211,S24P-211,91,Post Office 91,321,333,1,655,50.84,42,6.4,355,138,5,550,P1,217,64.5,25.1,295,135,527,P1,False,B,3,,0,279,
South 24 Parganas,211,S24P-211,92,Post Office 92,408,372,1,781,47.63,47,6.0,389,200,7,668,P1,189,58.2,29.9,395,149,604,P1,False,B,3,,0,333,
South 24 Parganas,211,S24P-211,93,Market Building 93,276,271,1,548,49.45,34,6.2,318,95,4,459,P1,223,69.3,20.7,248,107,469,P1,False,A,1,,0,233,
South 24 Parganas,211,S24P-211,94,Club Building 94,397,395,0,792,49.87,64,8.1,395,151,3,606,P1,244,65.2,24.9,421,175,662,P1,False,A,1,,0,337,
South 24 Parganas,211,S24P-211,95,Health Sub-Centre 95,348,356,0,704,50.57,51,7.2,406,138,2,604,P1,268,67.2,22.8,290,177,593,P1,False,A,1,,0,300,
South 24 Parganas,211,S24P-211,96,Club Building 96,373,342,1,716,47.77,50,7.0,364,161,7,584,P1,203,62.3,27.6,326,148,593,P1,False,B,3,,0,305,
South 24 Parganas,211,S24P-211,97,Anganwadi Centre 97,323,317,1,641,49.45,46,7.2,328,142,5,523,P1,186,62.7,27.2,279,149,523,P1,False,B,3,,0,273,
South 24 Parganas,211,S24P-211,98,Anganwadi Centre 98,353,345,0,698,49.43,40,5.7,422,127,2,610,P1,295,69.2,20.8,351,135,539,P1,False,A,1,,0,297,
South 24 Parganas,211,S24P-211,99,Temple Hall 99,349,327,1,677,48.3,62,9.2,448,80,5,587,P1,368,76.3,13.6,335,120,526,P1,False,A,1,,0,288,
South 24 Parganas,211,S24P-211,100,Madrasa 100,311,280,1,592,47.3,45,7.6,263,152,5,461,P1,111,57.0,33.0,319,122,512,P1,False,B,3,,0,252,
South 24 Parganas,211,S24P-211,101,Community Hall 101,349,343,1,693,49.49,61,8.8,295,167,7,536,P1,128,55.0,31.2,328,212,613,P1,False,B,3,,0,295,
South 24 Parganas,211,S24P-211,102,Temple Hall 102,345,355,0,700,50.71,50,7.1,351,167,8,590,P1,184,59.5,28.3,394,136,589,P1,False,B,3,,0,298,
South 24 Parganas,211,S24P-211,103,Club Building 103,298,270,1,569,47.45,43,7.6,269,126,4,475,P1,143,56.6,26.5,288,110,488,P1,False,B,3,,0,242,
South 24 Parganas,211,S24P-211,104,Post Office 104,333,299,1,633,47.24,50,7.9,406,71,5,531,P1,335,76.5,13.4,320,102,485,P1,False,A,1,,0,270,
South 24 Parganas,211,S24P-211,105,Madrasa 105,268,273,0,541,50.46,51,9.4,294,96,3,434,P1,198,67.7,22.1,295,133,476,P1,False,A,1,,0,230,
South 24 Parganas,211,S24P-211,106,Panchayat Bhavan 106,280,265,0,545,48.62,31,5.7,332,66,3,442,P1,266,75.1,14.9,265,150,461,P1,False,A,1,,0,232,
South 24 Parganas,211,S24P-211,107,Anganwadi Centre 107,383,352,0,735,47.89,48,6.5,442,139,5,646,P1,303,68.4,21.5,348,186,593,P1,False,A,1,,0,313,
South 24 Parganas,211,S24P-211,108,Govt Office 108,304,313,0,617,50.73,57,9.2,274,96,9,480,P1,177,57.1,20.0,267,142,501,P1,False,B,3,,0,263,
South 24 Parganas,211,S24P-211,109,Anganwadi Centre 109,359,328,0,687,47.74,67,9.8,436,105,6,601,P1,331,72.5,17.5,383,99,535,P1,False,A,1,,0,293,
South 24 Parganas,211,S24P-211,110,Post Office 110,356,363,0,719,50.49,68,9.5,360,162,6,580,P1,198,62.1,27.9,317,116,563,P1,False,B,3,,0,306,
South 24 Parganas,211,S24P-211,111,Govt Office 111,310,315,1,626,50.32,53,8.5,250,120,9,495,P1,130,50.5,24.2,245,144,500,P1,False,B,3,,0,267,
South 24 Parganas,211,S24P-211,112,Govt Office 112,419,389,1,809,48.08,57,7.0,368,229,13,705,P1,139,52.2,32.5,381,180,626,P1,False,B,3,,0,345,
South 24 Parganas,211,S24P-211,113,Madrasa 113,285,259,1,545,47.52,46,8.4,246,139,4,427,P1,107,57.6,32.6,299,98,441,P1,False,B,3,,0,232,
South 24 Parganas,211,S24P-211,114,Anganwadi Centre 114,293,270,1,564,47.87,58,10.3,261,155,4,496,P1,106,52.6,31.2,275,156,479,P1,False,D,4,,0,240,
South 24 Parganas,211,S24P-211,115,Market Building 115,274,262,1,537,48.79,51,9.5,249,123,2,415,P1,126,60.0,29.6,212,120,467,P1,False,B,3,,0,229,
South 24 Parganas,211,S24P-211,116,Community Hall 116,271,268,1,540,49.63,31,5.7,259,128,5,431,P1,131,60.1,29.7,232,99,423,P1,False,B,3,,0,230,
South 24 Parganas,211,S24P-211,117,High School 117,294,287,0,581,49.4,49,8.4,246,154,3,471,P1,92,52.2,32.7,276,122,469,P1,False,B,3,,0,247,
South 24 Parganas,211,S24P-211,118,Community Hall 118,353,338,0,691,48.91,59,8.5,309,156,9,566,P1,153,54.6,27.6,348,180,587,P1,False,B,3,,0,294,
South 24 Parganas,211,S24P-211,119,Post Office 119,376,384,1,761,50.46,48,6.3,332,131,5,621,P1,185,53.5,21.1,310,163,604,P1,False,B,3,,0,324,
South 24 Parganas,211,S24P-211,120,High School 120,307,305,0,612,49.84,55,9.0,363,116,5,532,P1,247,68.2,21.8,243,144,501,P1,False,A,1,,0,261,
South 24 Parganas,211,S24P-211,121,Health Sub-Centre 121,280,270,0,550,49.09,49,8.9,300,112,4,458,P1,188,65.5,24.5,358,72,477,P1,False,A,1,,0,234,
South 24 Parganas,211,S24P-211,122,Primary School 122,315,301,0,616,48.86,62,10.1,297,133,3,478,P1,164,62.1,27.8,426,58,538,P1,False,D,4,,0,262,
South 24 Parganas,211,S24P-211,123,Panchayat Bhavan 123,259,248,0,507,48.92,45,8.9,271,84,3,394,P1,187,68.8,21.3,280,77,397,P1,False,A,1,,0,216,
South 24 Parganas,211,S24P-211,124,Post Office 124,290,270,0,560,48.21,42,7.5,266,127,6,444,P1,139,59.9,28.6,257,136,459,P1,False,B,3,,0,238,
South 24 Parganas,211,S24P-211,125,Community Hall 125,263,265,1,529,50.09,31,5.9,286,80,1,407,P1,206,70.3,19.7,209,129,435,P1,False,A,1,,0,225,
South 24 Parganas,211,S24P-211,126,Primary School 126,423,382,1,806,47.39,53,6.6,394,226,8,689,P1,168,57.2,32.8,409,196,673,P1,False,B,3,,0,343,
South 24 Parganas,211,S24P-211,127,Madrasa 127,395,353,0,748,47.19,76,10.2,356,190,6,607,P1,166,58.6,31.3,421,163,649,P1,False,D,4,,0,319,
South 24 Parganas,211,S24P-211,128,Market Building 128,359,326,0,685,47.59,42,6.1,321,183,7,561,P1,138,57.2,32.6,278,231,586,P1,False,B,3,,0,292,
South 24 Parganas,211,S24P-211,129,Madrasa 129,375,347,1,723,47.99,49,6.8,396,102,5,553,P1,294,71.6,18.4,414,101,596,P1,False,A,1,,0,308,
South 24 Parganas,211,S24P-211,130,Panchayat Bhavan 130,245,242,0,487,49.69,43,8.8,268,112,4,422,P1,156,63.5,26.5,242,105,386,P1,False,B,3,,0,207,
South 24 Parganas,211,S24P-211,131,Post Office 131,282,254,0,536,47.39,38,7.1,321,98,6,466,P1,223,68.9,21.0,261,104,446,P1,False,A,1,,0,228,
South 24 Parganas,211,S24P-211,132,Primary School 132,406,409,0,815,50.18,56,6.9,476,108,7,649,P1,368,73.3,16.6,296,206,625,P1,False,A,1,,0,347,
South 24 Parganas,211,S24P-211,133,Club Building 133,300,278,0,578,48.1,41,7.1,316,138,5,505,P1,178,62.6,27.3,274,104,453,P1,False,B,3,,0,246,
South 24 Parganas,211,S24P-211,134,Market Building 134,261,265,1,527,50.28,39,7.4,250,60,6,446,P1,123,56.1,13.5,274,125,454,P1,False,B,3,,0,224,
South 24 Parganas,211,S24P-211,135,Post Office 135,410,397,0,807,49.19,74,9.2,395,203,12,699,P1,192,56.5,29.0,440,178,686,P1,False,B,3,,0,344,
South 24 Parganas,211,S24P-211,136,Club Building 136,391,387,0,778,49.74,78,10.0,333,100,18,628,P1,163,53.0,15.9,382,149,632,P1,False,B,3,,0,331,
South 24 Parganas,211,S24P-211,137,Community Hall 137,319,325,0,644,50.47,60,9.3,336,111,7,561,P1,225,59.9,19.8,277,133,540,P1,False,B,3,,0,274,
South 24 Parganas,211,S24P-211,138,Govt Office 138,294,284,1,579,49.05,41,7.1,301,136,3,485,P1,165,62.1,28.0,202,171,486,P1,False,B,3,,0,247,
South 24 Parganas,211,S24P-211,139,Health Sub-Centre 139,313,294,0,607,48.43,57,9.4,253,92,15,480,P1,139,52.7,19.2,268,95,479,P1,False,B,3,,0,258,
South 24 Parganas,211,S24P-211,140,Anganwadi Centre 140,311,303,0,614,49.35,49,8.0,346,95,5,489,P1,251,70.8,19.4,321,130,501,P1,False,A,1,,0,261,
South 24 Parganas,211,S24P-211,141,Temple Hall 141,395,360,1,756,47.62,50,6.6,398,184,4,646,P1,214,61.6,28.5,360,110,580,P1,False,B,3,,0,322,
South 24 Parganas,211,S24P-211,142,Panchayat Bhavan 142,396,374,0,770,48.57,56,7.3,309,152,13,677,P1,114,45.6,22.5,322,113,638,P1,False,B,3,,0,328,
South 24 Parganas,211,S24P-211,143,Post Office 143,353,348,1,702,49.57,67,9.5,372,101,9,558,P1,271,66.7,18.1,328,195,581,P1,False,A,1,,0,299,
South 24 Parganas,211,S24P-211,144,Post Office 144,241,248,1,490,50.61,48,9.8,275,83,4,398,P1,192,69.1,20.9,265,91,396,P1,False,A,1,,0,209,
South 24 Parganas,211,S24P-211,145,Govt Office 145,255,235,1,491,47.86,32,6.5,241,110,4,390,P1,131,61.8,28.2,228,92,431,P1,False,B,3,,0,209,
South 24 Parganas,211,S24P-211,146,Govt Office 146,282,280,1,563,49.73,42,7.5,304,132,6,484,P1,172,62.8,27.3,207,50,445,P1,False,B,3,,0,240,
South 24 Parganas,211,S24P-211,147,Temple Hall 147,393,381,1,775,49.16,44,5.7,342,160,5,621,P1,182,55.1,25.8,394,123,652,P1,False,B,3,,0,330,
South 24 Parganas,211,S24P-211,148,Club Building 148,318,292,1,611,47.79,56,9.2,271,147,5,506,P1,124,53.6,29.1,303,119,522,P1,False,B,3,,0,260,
South 24 Parganas,211,S24P-211,149,High School 149,300,277,0,577,48.01,40,6.9,237,89,14,452,P1,129,52.4,19.7,268,177,507,P1,False,B,3,,0,246,
South 24 Parganas,211,S24P-211,150,Health Sub-Centre 150,420,381,0,801,47.57,64,8.0,430,164,11,698,P1,266,61.6,23.5,300,229,628,P1,False,B,3,,0,341,
South 24 Parganas,211,S24P-211,151,Primary School 151,329,325,1,655,49.62,52,7.9,330,148,5,531,P1,182,62.1,27.9,314,112,530,P1,False,B,3,,0,279,
South 24 Parganas,211,S24P-211,152,Primary School 152,348,360,0,708,50.85,72,10.2,301,159,5,574,P1,142,52.4,27.7,295,158,569,P1,False,D,4,,0,302,
South 24 Parganas,211,S24P-211,153,Anganwadi Centre 153,269,256,0,525,48.76,48,9.1,257,144,2,445,P1,113,57.8,32.4,283,87,411,P1,False,B,3,,0,224,
South 24 Parganas,211,S24P-211,154,Panchayat Bhavan 154,382,359,0,741,48.45,42,5.7,340,169,3,574,P1,171,59.2,29.4,410,173,648,P1,False,B,3,,0,316,
South 24 Parganas,211,S24P-211,155,Market Building 155,261,245,0,506,48.42,32,6.3,233,105,11,442,P1,128,52.7,23.8,206,117,394,P1,False,B,3,,0,215,
South 24 Parganas,211,S24P-211,156,High School 156,326,317,1,644,49.22,41,6.4,318,123,8,523,P1,195,60.8,23.5,351,126,530,P1,False,B,3,,0,274,
South 24 Parganas,211,S24P-211,157,High School 157,400,403,1,804,50.12,59,7.3,394,194,11,688,P1,200,57.3,28.2,460,179,710,P1,False,B,3,,0,342,
South 24 Parganas,211,S24P-211,158,Market Building 158,372,379,1,752,50.4,68,9.0,399,108,4,576,P1,291,69.3,18.8,401,131,592,P1,False,A,1,,0,320,
South 24 Parganas,211,S24P-211,159,Panchayat Bhavan 159,389,356,0,745,47.79,53,7.1,290,179,10,592,P1,111,49.0,30.2,389,140,588,P1,False,B,3,,0,317,
South 24 Parganas,212,S24P-212,1,Market Building 1,340,338,1,679,49.78,49,7.2,376,138,5,571,P1,238,65.8,24.2,331,141,524,P1,False,A,1,,0,289,
South 24 Parganas,212,S24P-212,2,Club Building 2,339,314,0,653,48.09,49,7.5,323,132,6,538,P1,191,60.0,24.5,284,123,529,P1,False,B,3,,0,278,
South 24 Parganas,212,S24P-212,3,Anganwadi Centre 3,303,278,0,581,47.85,29,5.0,317,141,6,509,P1,176,62.3,27.7,345,80,473,P1,False,B,3,,0,247,
South 24 Parganas,212,S24P-212,4,Madrasa 4,267,269,1,537,50.09,28,5.2,265,142,2,452,P1,123,58.6,31.4,262,117,421,P1,False,B,3,,0,229,
South 24 Parganas,212,S24P-212,5,Health Sub-Centre 5,386,372,0,758,49.08,53,7.0,498,93,3,657,P1,405,75.8,14.2,320,160,618,P1,False,A,1,,0,323,
South 24 Parganas,212,S24P-212,6,Temple Hall 6,401,383,1,785,48.79,45,5.7,406,143,6,610,P1,263,66.6,23.4,339,100,605,P1,False,A,1,,0,334,
South 24 Parganas,212,S24P-212,7,Madrasa 7,320,328,0,648,50.62,35,5.4,340,141,5,572,P1,199,59.4,24.7,357,104,512,P1,False,B,3,,0,276,
South 24 Parganas,212,S24P-212,8,Club Building 8,261,247,0,508,48.62,24,4.7,275,95,2,411,P1,180,66.9,23.1,224,133,441,P1,False,A,1,,0,216,
South 24 Parganas,212,S24P-212,9,Market Building 9,377,358,0,735,48.71,48,6.5,357,165,7,582,P1,192,61.3,28.4,418,159,641,P1,False,B,3,,0,313,
South 24 Parganas,212,S24P-212,10,Health Sub-Centre 10,331,338,1,670,50.45,47,7.0,322,183,10,588,P1,139,54.8,31.1,295,83,540,P1,False,B,3,,0,285,
South 24 Parganas,212,S24P-212,11,Govt Office 11,307,313,1,621,50.4,47,7.6,322,143,4,516,P1,179,62.4,27.7,289,154,492,P1,False,B,3,,0,264,
South 24 Parganas,212,S24P-212,12,Market Building 12,331,327,0,658,49.7,42,6.4,363,116,3,532,P1,247,68.2,21.8,357,150,566,P1,False,A,1,,0,280,
South 24 Parganas,212,S24P-212,13,Anganwadi Centre 13,388,360,1,749,48.06,52,6.9,400,137,4,596,P1,263,67.1,23.0,334,121,631,P1,False,A,1,,0,319,
South 24 Parganas,212,S24P-212,14,Madrasa 14,359,361,0,720,50.14,56,7.8,314,168,3,555,P1,146,56.6,30.3,405,107,569,P1,False,B,3,,0,307,
South 24 Parganas,212,S24P-212,15,Govt Office 15,308,298,0,606,49.17,32,5.3,313,128,6,505,P1,185,62.0,25.3,308,150,521,P1,False,B,3,,0,258,
South 24 Parganas,212,S24P-212,16,Post Office 16,303,293,0,596,49.16,37,6.2,367,73,5,488,P1,294,75.2,15.0,258,125,458,P1,False,A,1,,0,254,
South 24 Parganas,212,S24P-212,17,High School 17,252,249,0,501,49.7,34,6.8,224,98,7,397,P1,126,56.4,24.7,284,95,421,P1,False,B,3,,0,213,
South 24 Parganas,212,S24P-212,18,Post Office 18,287,268,0,555,48.29,33,5.9,310,129,5,487,P1,181,63.7,26.5,285,100,452,P1,False,B,3,,0,236,
South 24 Parganas,212,S24P-212,19,Post Office 19,268,263,1,532,49.44,26,4.9,251,65,4,409,P1,166,61.4,15.9,324,90,460,P1,False,B,3,,0,227,
South 24 Parganas,212,S24P-212,20,Primary School 20,373,362,1,736,49.18,51,6.9,419,136,6,617,P1,283,67.9,22.0,283,235,650,P1,False,A,1,,0,313,
South 24 Parganas,212,S24P-212,21,Primary School 21,256,229,1,486,47.12,36,7.4,258,79,5,410,P1,179,62.9,19.3,236,123,401,P1,False,B,3,,0,207,
South 24 Parganas,212,S24P-212,22,Club Building 22,423,381,0,804,47.39,54,6.7,281,177,14,639,P1,104,44.0,27.7,476,145,690,P1,False,B,3,,0,342,
South 24 Parganas,212,S24P-212,23,Health Sub-Centre 23,419,376,0,795,47.3,47,5.9,449,150,8,666,P1,299,67.4,22.5,391,127,695,P1,False,A,1,,0,339,
South 24 Parganas,212,S24P-212,24,Govt Office 24,380,388,0,768,50.52,52,6.8,351,196,6,607,P1,155,57.8,32.3,350,143,675,P1,False,B,3,,0,327,
South 24 Parganas,212,S24P-212,25,Market Building 25,291,298,1,590,50.51,43,7.3,244,113,11,469,P1,131,52.0,24.1,259,126,468,P1,False,B,3,,0,251,
South 24 Parganas,212,S24P-212,26,Temple Hall 26,254,253,0,507,49.9,32,6.3,263,80,4,399,P1,183,65.9,20.1,225,139,405,P1,False,A,1,,0,216,
South 24 Parganas,212,S24P-212,27,Community Hall 27,420,387,1,808,47.9,43,5.3,359,105,20,665,P1,184,54.0,15.8,398,171,632,P1,False,B,3,,0,344,
South 24 Parganas,212,S24P-212,28,Health Sub-Centre 28,263,250,1,514,48.64,34,6.6,238,117,3,407,P1,121,58.5,28.7,266,132,442,P1,False,B,3,,0,219,
South 24 Parganas,212,S24P-212,29,Club Building 29,326,326,1,653,49.92,51,7.8,370,99,5,521,P1,271,71.0,19.0,306,153,510,P1,False,A,1,,0,278,
South 24 Parganas,212,S24P-212,30,Health Sub-Centre 30,253,237,0,490,48.37,34,6.9,231,87,6,393,P1,144,58.8,22.1,243,107,396,P1,False,B,3,,0,209,
South 24 Parganas,212,S24P-212,31,Health Sub-Centre 31,347,314,0,661,47.5,45,6.8,291,174,6,530,P1,117,54.9,32.8,371,136,572,P1,False,B,3,,0,281,
South 24 Parganas,212,S24P-212,32,Health Sub-Centre 32,249,245,1,495,49.49,35,7.1,255,125,2,433,P1,130,58.9,28.9,268,94,417,P1,False,B,3,,0,211,
South 24 Parganas,212,S24P-212,33,Madrasa 33,327,337,1,665,50.68,30,4.5,283,142,4,510,P1,141,55.5,27.8,325,162,541,P1,False,B,3,,0,283,
South 24 Parganas,212,S24P-212,34,Market Building 34,418,384,0,802,47.88,56,7.0,324,81,20,623,P1,132,52.0,13.0,310,135,614,P1,False,B,3,,0,342,
South 24 Parganas,212,S24P-212,35,High School 35,335,329,1,665,49.47,52,7.8,343,120,4,515,P1,223,66.6,23.3,245,174,534,P1,False,A,1,,0,283,
South 24 Parganas,212,S24P-212,36,Market Building 36,401,414,1,816,50.74,49,6.0,400,179,7,643,P1,221,62.2,27.8,476,162,709,P1,False,B,3,,0,347,
South 24 Parganas,212,S24P-212,37,Post Office 37,406,409,0,815,50.18,44,5.4,424,174,3,665,P1,250,63.8,26.2,537,99,707,P1,False,B,3,,0,347,
South 24 Parganas,212,S24P-212,38,Post Office 38,281,285,1,567,50.26,31,5.5,283,154,4,491,P1,129,57.6,31.4,278,100,478,P1,False,B,3,,0,241,
South 24 Parganas,212,S24P-212,39,High School 39,253,255,0,508,50.2,28,5.5,226,76,7,389,P1,150,58.1,19.5,269,117,444,P1,False,B,3,,0,216,
South 24 Parganas,212,S24P-212,40,Club Building 40,246,234,0,480,48.75,34,7.1,212,91,6,375,P1,121,56.5,24.3,240,102,380,P1,False,B,3,,0,204,
South 24 Parganas,212,S24P-212,41,Panchayat Bhavan 41,329,327,0,656,49.85,37,5.6,297,98,5,524,P1,178,56.7,18.7,340,114,570,P1,False,B,3,,0,279,
South 24 Parganas,212,S24P-212,42,Market Building 42,334,318,1,653,48.7,42,6.4,327,174,4,576,P1,153,56.8,30.2,451,56,564,P1,False,B,3,,0,278,
South 24 Parganas,212,S24P-212,43,Panchayat Bhavan 43,280,278,1,559,49.73,34,6.1,348,76,5,471,P1,272,73.9,16.1,289,87,490,P1,False,A,1,,0,238,
South 24 Parganas,212,S24P-212,44,Primary School 44,261,259,1,521,49.71,35,6.7,209,107,5,402,P1,102,52.0,26.6,244,105,413,P1,False,B,3,,0,222,
South 24 Parganas,212,S24P-212,45,Health Sub-Centre 45,265,263,1,529,49.72,29,5.5,253,145,3,442,P1,108,57.2,32.8,240,114,422,P1,False,B,3,,0,225,
South 24 Parganas,212,S24P-212,46,Club Building 46,261,243,1,505,48.12,30,5.9,220,123,5,424,P1,97,51.9,29.0,247,137,427,P1,False,B,3,,0,215,
South 24 Parganas,212,S24P-212,47,Temple Hall 47,358,361,0,719,50.21,39,5.4,281,159,8,605,P1,122,46.4,26.3,344,137,572,P1,False,B,3,,0,306,
South 24 Parganas,212,S24P-212,48,Govt Office 48,396,392,1,789,49.68,33,4.2,410,184,4,660,P1,226,62.1,27.9,415,95,641,P1,False,B,3,,0,336,
South 24 Parganas,212,S24P-212,49,Post Office 49,392,375,1,768,48.83,57,7.4,361,133,15,679,P1,197,53.2,19.6,391,132,612,P1,False,B,3,,0,327,
South 24 Parganas,212,S24P-212,50,Community Hall 50,383,381,1,765,49.8,35,4.6,359,194,8,642,P1,165,55.9,30.2,404,174,643,P1,False,B,3,,0,326,
South 24 Parganas,212,S24P-212,51,Anganwadi Centre 51,264,248,1,513,48.34,32,6.2,292,102,2,446,P1,190,65.5,22.9,256,118,451,P1,False,A,1,,0,218,
South 24 Parganas,212,S24P-212,52,Madrasa 52,387,401,1,789,50.82,50,6.3,437,139,5,640,P1,298,68.3,21.7,302,138,647,P1,False,A,1,,0,336,
South 24 Parganas,212,S24P-212,53,Market Building 53,291,265,1,557,47.58,33,5.9,226,155,3,450,P1,71,50.2,34.4,280,121,451,P1,False,B,3,,0,237,
South 24 Parganas,212,S24P-212,54,Health Sub-Centre 54,281,284,0,565,50.27,34,6.0,307,115,4,469,P1,192,65.5,24.5,347,70,463,P1,False,A,1,,0,241,
South 24 Parganas,212,S24P-212,55,Panchayat Bhavan 55,263,243,1,507,47.93,24,4.7,315,84,4,444,P1,231,70.9,18.9,288,106,438,P1,False,A,1,,0,216,
South 24 Parganas,212,S24P-212,56,High School 56,315,303,1,619,48.95,47,7.6,328,111,2,487,P1,217,67.4,22.8,370,72,491,P1,False,A,1,,0,264,
South 24 Parganas,212,S24P-212,57,High School 57,405,372,0,777,47.88,57,7.3,289,62,15,624,P1,38,46.3,9.9,392,193,650,P1,False,B,3,,0,331,
South 24 Parganas,212,S24P-212,58,Madrasa 58,414,385,1,800,48.12,36,4.5,405,127,14,646,P1,278,62.7,19.7,317,153,665,P1,False,B,3,,0,341,
South 24 Parganas,212,S24P-212,59,Temple Hall 59,251,252,0,503,50.1,38,7.6,267,82,2,388,P1,185,68.8,21.1,291,67,398,P1,False,A,1,,0,214,
South 24 Parganas,212,S24P-212,60,Panchayat Bhavan 60,315,313,1,629,49.76,48,7.6,301,105,5,489,P1,196,61.6,21.5,285,140,552,P1,False,B,3,,0,268,
South 24 Parganas,212,S24P-212,61,Anganwadi Centre 61,362,334,0,696,47.99,40,5.7,260,182,9,551,P1,78,47.2,33.0,293,171,557,P1,False,B,3,,0,296,
South 24 Parganas,212,S24P-212,62,Community Hall 62,399,376,0,775,48.52,51,6.6,384,152,11,637,P1,232,60.3,23.9,352,170,606,P1,False,B,3,,0,330,
South 24 Parganas,212,S24P-212,63,Govt Office 63,412,382,1,795,48.05,59,7.4,361,167,6,622,P1,194,58.0,26.8,326,229,657,P1,False,B,3,,0,339,
South 24 Parganas,212,S24P-212,64,Anganwadi Centre 64,335,323,1,659,49.01,45,6.8,342,92,3,510,P1,250,67.1,18.0,329,177,562,P1,False,A,1,,0,281,
South 24 Parganas,212,S24P-212,65,Madrasa 65,273,247,0,520,47.5,32,6.2,272,82,3,444,P1,190,61.3,18.5,269,110,451,P1,False,B,3,,0,221,
South 24 Parganas,212,S24P-212,66,Govt Office 66,246,248,1,495,50.1,37,7.5,244,109,6,409,P1,135,59.7,26.7,289,84,414,P1,False,B,3,,0,211,
South 24 Parganas,212,S24P-212,67,Anganwadi Centre 67,252,258,0,510,50.59,29,5.7,266,66,6,424,P1,184,62.7,15.6,259,136,439,P1,False,B,3,,0,217,
South 24 Parganas,212,S24P-212,68,Anganwadi Centre 68,363,359,0,722,49.72,48,6.6,370,69,6,604,P1,217,61.3,11.4,290,150,557,P1,False,B,3,,0,307,
South 24 Parganas,212,S24P-212,69,Market Building 69,394,361,0,755,47.81,37,4.9,314,250,6,667,P1,64,47.1,37.5,309,157,621,P1,False,B,3,,0,322,
South 24 Parganas,212,S24P-212,70,Primary School 70,262,243,1,506,48.02,38,7.5,242,114,5,437,P1,128,55.4,26.1,274,124,442,P1,False,B,3,,0,215,
South 24 Parganas,212,S24P-212,71,Primary School 71,251,252,0,503,50.1,39,7.8,214,112,7,398,P1,102,53.8,28.1,282,108,434,P1,False,B,3,,0,214,
South 24 Parganas,212,S24P-212,72,Club Building 72,294,296,0,590,50.17,44,7.5,334,125,5,510,P1,209,65.5,24.5,323,97,467,P1,False,A,1,,0,251,
South 24 Parganas,212,S24P-212,73,Community Hall 73,330,333,1,664,50.15,31,4.7,284,182,4,518,P1,102,54.8,35.1,315,160,528,P1,False,B,3,,0,283,
South 24 Parganas,212,S24P-212,74,Community Hall 74,273,257,0,530,48.49,37,7.0,257,135,4,436,P1,122,58.9,31.0,219,105,419,P1,False,B,3,,0,226,
South 24 Parganas,212,S24P-212,75,High School 75,325,292,1,618,47.25,31,5.0,310,120,5,512,P1,190,60.5,23.4,352,117,521,P1,False,B,3,,0,263,
South 24 Parganas,212,S24P-212,76,Madrasa 76,343,325,1,669,48.58,50,7.5,276,162,9,567,P1,114,48.7,28.6,311,173,537,P1,False,B,3,,0,285,
South 24 Parganas,212,S24P-212,77,Madrasa 77,305,296,0,601,49.25,33,5.5,238,124,10,507,P1,107,46.9,24.5,289,112,474,P1,False,B,3,,0,256,
South 24 Parganas,212,S24P-212,78,Govt Office 78,383,348,1,732,47.54,53,7.2,359,161,7,578,P1,198,62.1,27.9,409,115,604,P1,False,B,3,,0,312,
South 24 Parganas,212,S24P-212,79,Primary School 79,263,257,0,520,49.42,35,6.7,281,112,2,448,P1,169,62.7,25.0,227,105,418,P1,False,B,3,,0,221,
South 24 Parganas,212,S24P-212,80,Club Building 80,308,299,0,607,49.26,27,4.4,298,174,2,525,P1,124,56.8,33.1,277,145,507,P1,False,B,3,,0,258,
South 24 Parganas,212,S24P-212,81,Madrasa 81,370,373,1,744,50.13,57,7.7,373,157,7,592,P1,216,63.0,26.5,365,109,572,P1,False,B,3,,0,317,
South 24 Parganas,212,S24P-212,82,Post Office 82,297,276,0,573,48.17,33,5.8,255,101,6,457,P1,154,55.8,22.1,291,119,461,P1,False,B,3,,0,244,
South 24 Parganas,212,S24P-212,83,Market Building 83,341,347,1,689,50.36,35,5.1,280,187,12,586,P1,93,47.8,31.9,374,121,551,P1,False,B,3,,0,293,
South 24 Parganas,212,S24P-212,84,Madrasa 84,317,318,1,636,50.0,31,4.9,342,145,3,553,P1,197,61.8,26.2,341,129,522,P1,False,B,3,,0,271,
South 24 Parganas,212,S24P-212,85,Market Building 85,294,290,0,584,49.66,38,6.5,274,139,2,458,P1,135,59.8,30.3,268,86,478,P1,False,B,3,,0,249,
South 24 Parganas,212,S24P-212,86,Community Hall 86,321,289,1,611,47.3,40,6.5,280,150,2,477,P1,130,58.7,31.4,314,64,491,P1,False,B,3,,0,260,
South 24 Parganas,212,S24P-212,87,Madrasa 87,392,372,0,764,48.69,54,7.1,417,147,6,627,P1,270,66.5,23.4,430,146,640,P1,False,A,1,,0,325,
South 24 Parganas,212,S24P-212,88,High School 88,272,255,1,528,48.3,41,7.8,285,93,7,438,P1,192,65.1,21.2,276,116,436,P1,False,A,1,,0,225,
South 24 Parganas,212,S24P-212,89,Market Building 89,247,247,0,494,50.0,28,5.7,308,78,2,428,P1,230,72.0,18.2,218,83,415,P1,False,A,1,,0,210,
South 24 Parganas,212,S24P-212,90,Temple Hall 90,402,399,1,802,49.75,61,7.6,329,172,9,616,P1,157,53.4,27.9,341,152,641,P1,False,B,3,,0,342,
South 24 Parganas,212,S24P-212,91,Panchayat Bhavan 91,362,340,1,703,48.36,30,4.3,321,155,8,554,P1,166,57.9,28.0,379,141,578,P1,False,B,3,,0,299,
South 24 Parganas,212,S24P-212,92,Madrasa 92,287,275,0,562,48.93,43,7.7,240,113,9,448,P1,127,53.6,25.2,278,129,481,P1,False,B,3,,0,239,
South 24 Parganas,212,S24P-212,93,Club Building 93,272,245,0,517,47.39,37,7.2,227,136,5,403,P1,91,56.3,33.7,239,151,441,P1,False,B,3,,0,220,
South 24 Parganas,212,S24P-212,94,Govt Office 94,295,299,1,595,50.25,44,7.4,280,132,4,458,P1,148,61.1,28.8,320,110,478,P1,False,B,3,,0,253,
South 24 Parganas,212,S24P-212,95,Panchayat Bhavan 95,261,252,0,513,49.12,30,5.8,262,91,2,393,P1,171,66.7,23.2,265,80,430,P1,False,A,1,,0,218,
South 24 Parganas,212,S24P-212,96,Club Building 96,401,360,0,761,47.31,44,5.8,365,203,6,670,P1,162,54.5,30.3,353,131,611,P1,False,B,3,,0,324,
South 24 Parganas,212,S24P-212,97,Health Sub-Centre 97,424,391,0,815,47.98,58,7.1,365,193,4,632,P1,172,57.8,30.5,404,162,651,P1,False,B,3,,0,347,
South 24 Parganas,212,S24P-212,98,Post Office 98,400,367,0,767,47.85,46,6.0,461,135,7,663,P1,326,69.5,20.4,361,208,656,P1,False,A,1,,0,327,
South 24 Parganas,212,S24P-212,99,Madrasa 99,297,294,0,591,49.75,45,7.6,315,104,4,482,P1,211,65.4,21.6,238,133,457,P1,False,A,1,,0,252,
South 24 Parganas,212,S24P-212,100,Temple Hall 100,300,299,1,600,49.83,42,7.0,279,99,11,480,P1,180,58.1,20.6,302,153,505,P1,False,B,3,,0,256,
South 24 Parganas,212,S24P-212,101,Market Building 101,366,347,0,713,48.67,47,6.6,354,184,7,598,P1,170,59.2,30.8,265,129,561,P1,False,B,3,,0,304,
South 24 Parganas,212,S24P-212,102,Club Building 102,362,357,0,719,49.65,53,7.4,409,118,6,601,P1,291,68.1,19.6,340,138,566,P1,False,A,1,,0,306,
South 24 Parganas,212,S24P-212,103,Post Office 103,259,238,0,497,47.89,31,6.2,260,108,2,410,P1,152,63.4,26.3,221,133,394,P1,False,B,3,,0,212,
South 24 Parganas,212,S24P-212,104,Community Hall 104,301,291,0,592,49.16,38,6.4,333,101,3,482,P1,232,69.1,21.0,255,185,489,P1,False,A,1,,0,252,
South 24 Parganas,212,S24P-212,105,Temple Hall 105,290,296,0,586,50.51,39,6.7,325,138,2,515,P1,187,63.1,26.8,284,122,451,P1,False,B,3,,0,250,
South 24 Parganas,212,S24P-212,106,Madrasa 106,357,359,0,716,50.14,34,4.7,291,210,6,616,P1,81,47.2,34.1,440,90,589,P1,False,B,3,,0,305,
South 24 Parganas,212,S24P-212,107,High School 107,257,256,1,514,49.81,31,6.0,238,125,2,403,P1,113,59.1,31.0,254,125,421,P1,False,B,3,,0,219,
South 24 Parganas,212,S24P-212,108,Club Building 108,356,361,1,718,50.28,56,7.8,350,161,4,588,P1,189,59.5,27.4,343,168,568,P1,False,B,3,,0,306,
South 24 Parganas,212,S24P-212,109,Panchayat Bhavan 109,279,258,1,538,47.96,38,7.1,232,104,7,422,P1,128,55.0,24.6,261,111,413,P1,False,B,3,,0,229,
South 24 Parganas,212,S24P-212,110,Health Sub-Centre 110,401,371,0,772,48.06,34,4.4,401,133,3,593,P1,268,67.6,22.4,401,177,642,P1,False,A,1,,0,329,
South 24 Parganas,212,S24P-212,111,Panchayat Bhavan 111,255,252,1,508,49.61,32,6.3,251,95,3,424,P1,156,59.2,22.4,236,116,418,P1,False,B,3,,0,216,
South 24 Parganas,212,S24P-212,112,Health Sub-Centre 112,381,378,0,759,49.8,45,5.9,302,181,8,636,P1,121,47.5,28.5,441,95,595,P1,False,B,3,,0,323,
South 24 Parganas,212,S24P-212,113,Market Building 113,412,398,1,811,49.08,49,6.0,481,132,7,681,P1,349,70.6,19.4,371,196,697,P1,False,A,1,,0,345,
South 24 Parganas,212,S24P-212,114,Health Sub-Centre 114,376,367,0,743,49.39,45,6.1,384,150,2,593,P1,234,64.8,25.3,397,160,619,P1,False,B,3,,0,316,
South 24 Parganas,212,S24P-212,115,Market Building 115,288,279,1,568,49.12,43,7.6,250,108,5,442,P1,142,56.6,24.4,296,135,478,P1,False,B,3,,0,242,
South 24 Parganas,212,S24P-212,116,Anganwadi Centre 116,337,325,1,663,49.02,33,5.0,281,183,4,516,P1,98,54.5,35.5,296,159,529,P1,False,B,3,,0,282,
South 24 Parganas,212,S24P-212,117,Anganwadi Centre 117,332,330,1,663,49.77,48,7.2,307,168,2,528,P1,139,58.1,31.8,393,117,578,P1,False,B,3,,0,282,
South 24 Parganas,212,S24P-212,118,Market Building 118,271,247,1,519,47.59,30,5.8,248,99,7,453,P1,149,54.7,21.9,267,111,421,P1,False,B,3,,0,221,
South 24 Parganas,212,S24P-212,119,Temple Hall 119,418,383,0,801,47.82,41,5.1,420,166,6,651,P1,254,64.5,25.5,415,176,657,P1,False,B,3,,0,341,
South 24 Parganas,212,S24P-212,120,Post Office 120,259,240,0,499,48.1,34,6.8,215,131,7,424,P1,84,50.7,30.9,210,90,415,P1,False,B,3,,0,212,
South 24 Parganas,212,S24P-212,121,Anganwadi Centre 121,333,328,1,662,49.55,30,4.5,449,76,2,583,P1,373,77.0,13.0,414,113,585,P1,False,A,1,,0,282,
South 24 Parganas,212,S24P-212,122,High School 122,354,359,1,714,50.28,44,6.2,326,182,6,578,P1,144,56.4,31.5,315,165,558,P1,False,B,3,,0,304,
South 24 Parganas,212,S24P-212,123,Primary School 123,343,348,0,691,50.36,39,5.6,372,149,3,579,P1,223,64.2,25.7,359,160,577,P1,False,B,3,,0,294,
South 24 Parganas,212,S24P-212,124,Club Building 124,308,306,1,615,49.76,26,4.2,290,126,5,515,P1,164,56.3,24.5,317,116,510,P1,False,B,3,,0,262,
South 24 Parganas,212,S24P-212,125,High School 125,283,262,0,545,48.07,28,5.1,297,73,6,418,P1,224,71.1,17.5,287,114,446,P1,False,A,1,,0,232,
South 24 Parganas,212,S24P-212,126,Govt Office 126,375,358,0,733,48.84,48,6.5,356,125,13,599,P1,231,59.4,20.9,377,155,631,P1,False,B,3,,0,312,
South 24 Parganas,212,S24P-212,127,Govt Office 127,392,379,0,771,49.16,50,6.5,334,160,11,639,P1,174,52.3,25.0,435,128,625,P1,False,B,3,,0,328,
South 24 Parganas,212,S24P-212,128,Market Building 128,324,316,1,641,49.3,33,5.1,332,160,5,547,P1,172,60.7,29.3,299,167,517,P1,False,B,3,,0,273,
South 24 Parganas,212,S24P-212,129,Club Building 129,320,301,0,621,48.47,44,7.1,296,157,5,503,P1,139,58.8,31.2,305,172,530,P1,False,B,3,,0,264,
South 24 Parganas,212,S24P-212,130,Post Office 130,327,308,1,636,48.43,48,7.5,326,166,4,549,P1,160,59.4,30.2,328,103,491,P1,False,B,3,,0,271,
South 24 Parganas,212,S24P-212,131,Community Hall 131,351,339,1,691,49.06,34,4.9,311,144,6,532,P1,167,58.5,27.1,417,132,609,P1,False,B,3,,0,294,
South 24 Parganas,212,S24P-212,132,Primary School 132,271,251,0,522,48.08,22,4.2,233,103,12,437,P1,130,53.3,23.6,282,126,453,P1,False,B,3,,0,222,
South 24 Parganas,212,S24P-212,133,Health Sub-Centre 133,367,358,0,725,49.38,43,5.9,350,93,4,563,P1,241,62.2,16.5,341,157,621,P1,False,B,3,,0,309,
South 24 Parganas,212,S24P-212,134,Health Sub-Centre 134,385,397,0,782,50.77,36,4.6,371,130,4,618,P1,241,60.0,21.0,393,176,643,P1,False,B,3,,0,333,
South 24 Parganas,212,S24P-212,135,High School 135,362,343,1,706,48.58,33,4.7,351,173,4,586,P1,178,59.9,29.5,301,153,542,P1,False,B,3,,0,301,
South 24 Parganas,212,S24P-212,136,Anganwadi Centre 136,271,246,1,518,47.49,25,4.8,294,91,2,428,P1,203,68.7,21.3,299,83,425,P1,False,A,1,,0,221,
South 24 Parganas,212,S24P-212,137,Health Sub-Centre 137,315,302,0,617,48.95,37,6.0,322,135,3,533,P1,187,60.4,25.3,353,122,528,P1,False,B,3,,0,263,
South 24 Parganas,212,S24P-212,138,Temple Hall 138,278,263,0,541,48.61,38,7.0,296,68,8,441,P1,228,67.1,15.4,248,135,446,P1,False,A,1,,0,230,
South 24 Parganas,212,S24P-212,139,Club Building 139,378,380,0,758,50.13,35,4.6,387,182,3,633,P1,205,61.1,28.8,315,157,589,P1,False,B,3,,0,323,
South 24 Parganas,212,S24P-212,140,Health Sub-Centre 140,387,392,1,780,50.26,47,6.0,335,238,4,636,P1,97,52.7,37.4,414,159,637,P1,False,B,3,,0,332,
South 24 Parganas,212,S24P-212,141,Market Building 141,341,311,0,652,47.7,47,7.2,232,168,5,509,P1,64,45.6,33.0,280,117,526,P1,False,B,3,,0,278,
South 24 Parganas,212,S24P-212,142,Community Hall 142,249,240,0,489,49.08,30,6.1,296,49,3,383,P1,247,77.3,12.8,250,84,408,P1,False,A,1,,0,208,
South 24 Parganas,212,S24P-212,143,Club Building 143,315,319,0,634,50.32,27,4.3,278,132,12,517,P1,146,53.8,25.5,321,75,541,P1,False,B,3,,0,270,
South 24 Parganas,212,S24P-212,144,Madrasa 144,276,280,0,556,50.36,41,7.4,280,123,3,448,P1,157,62.5,27.5,335,79,460,P1,False,B,3,,0,237,
South 24 Parganas,212,S24P-212,145,Govt Office 145,348,334,0,682,48.97,40,5.9,329,179,6,572,P1,150,57.5,31.3,303,123,543,P1,False,B,3,,0,290,
South 24 Parganas,212,S24P-212,146,Temple Hall 146,371,370,0,741,49.93,47,6.3,437,144,8,646,P1,293,67.6,22.3,425,146,634,P1,False,A,1,,0,316,
South 24 Parganas,212,S24P-212,147,Community Hall 147,379,346,0,725,47.72,42,5.8,268,173,4,576,P1,95,46.5,30.0,305,161,615,P1,False,B,3,,0,309,
South 24 Parganas,212,S24P-212,148,Market Building 148,328,320,0,648,49.38,34,5.2,272,132,15,553,P1,140,49.2,23.9,337,158,550,P1,False,B,3,,0,276,
South 24 Parganas,212,S24P-212,149,Panchayat Bhavan 149,391,370,0,761,48.62,34,4.5,361,178,6,599,P1,183,60.3,29.7,399,163,625,P1,False,B,3,,0,324,
South 24 Parganas,212,S24P-212,150,Community Hall 150,248,236,0,484,48.76,27,5.6,320,63,4,425,P1,257,75.3,14.8,214,113,371,P1,False,A,1,,0,206,
South 24 Parganas,212,S24P-212,151,Primary School 151,396,401,1,798,50.25,34,4.3,468,133,7,668,P1,335,70.1,19.9,415,154,644,P1,False,A,1,,0,340,
South 24 Parganas,212,S24P-212,152,High School 152,285,273,0,558,48.92,32,5.7,295,105,7,470,P1,190,62.8,22.3,314,125,488,P1,False,B,3,,0,238,
South 24 Parganas,212,S24P-212,153,Primary School 153,326,299,1,626,47.76,36,5.8,284,143,9,521,P1,141,54.5,27.4,256,127,549,P1,False,B,3,,0,267,
South 24 Parganas,212,S24P-212,154,Primary School 154,328,294,0,622,47.27,37,5.9,240,174,4,504,P1,66,47.6,34.5,319,116,509,P1,False,B,3,,0,265,
South 24 Parganas,212,S24P-212,155,Club Building 155,349,316,1,666,47.45,43,6.5,306,110,11,515,P1,196,59.4,21.4,308,164,529,P1,False,B,3,,0,284,
South 24 Parganas,212,S24P-212,156,Health Sub-Centre 156,280,258,1,539,47.87,37,6.9,289,110,5,467,P1,179,61.9,23.6,281,134,473,P1,False,B,3,,0,230,
South 24 Parganas,212,S24P-212,157,High School 157,261,265,1,527,50.28,38,7.2,290,117,2,452,P1,173,64.2,25.9,280,129,455,P1,False,B,3,,0,224,
South 24 Parganas,212,S24P-212,158,Market Building 158,344,353,0,697,50.65,41,5.9,324,157,3,535,P1,167,60.6,29.3,313,186,555,P1,False,B,3,,0,297,
South 24 Parganas,212,S24P-212,159,Club Building 159,283,283,0,566,50.0,33,5.8,263,106,4,468,P1,157,56.2,22.6,259,107,452,P1,False,B,3,,0,241,
South 24 Parganas,212,S24P-212,160,Panchayat Bhavan 160,367,353,0,720,49.03,31,4.3,387,172,5,622,P1,215,62.2,27.7,378,99,584,P1,False,B,3,,0,307,
South 24 Parganas,212,S24P-212,161,Market Building 161,410,402,1,813,49.45,46,5.7,403,138,5,655,P1,265,61.5,21.1,408,160,664,P1,False,B,3,,0,346,
South 24 Parganas,212,S24P-212,162,Primary School 162,297,288,0,585,49.23,41,7.0,242,101,18,503,P1,105,48.1,20.1,294,135,477,P1,False,B,3,,0,249,
South 24 Parganas,212,S24P-212,163,Post Office 163,329,317,1,647,49.0,33,5.1,331,145,3,529,P1,186,62.6,27.4,293,182,527,P1,False,B,3,,0,276,
South 24 Parganas,212,S24P-212,164,Market Building 164,272,263,1,536,49.07,30,5.6,288,127,2,470,P1,161,61.3,27.0,238,134,420,P1,False,B,3,,0,228,
South 24 Parganas,212,S24P-212,165,Panchayat Bhavan 165,347,324,1,672,48.21,34,5.1,365,109,6,527,P1,256,69.3,20.7,318,167,554,P1,False,A,1,,0,286,
South 24 Parganas,212,S24P-212,166,Anganwadi Centre 166,347,332,1,680,48.82,51,7.5,336,125,5,578,P1,211,58.1,21.6,297,223,578,P1,False,B,3,,0,290,
South 24 Parganas,212,S24P-212,167,Post Office 167,322,295,1,618,47.73,48,7.8,285,128,3,484,P1,157,58.9,26.4,276,137,495,P1,False,B,3,,0,263,
South 24 Parganas,212,S24P-212,168,Temple Hall 168,395,358,0,753,47.54,37,4.9,363,163,2,585,P1,200,62.1,27.9,390,175,628,P1,False,B,3,,0,321,
South 24 Parganas,212,S24P-212,169,Govt Office 169,390,374,1,765,48.89,41,5.4,444,159,7,671,P1,285,66.2,23.7,339,103,589,P1,False,A,1,,0,326,
South 24 Parganas,212,S24P-212,170,High School 170,344,345,0,689,50.07,42,6.1,353,127,3,533,P1,226,66.2,23.8,176,155,547,P4,True,B,3,,0,293,
South 24 Parganas,212,S24P-212,171,Market Building 171,329,301,0,630,47.78,40,6.3,299,118,4,490,P1,181,61.0,24.1,305,135,509,P1,False,B,3,,0,268,
South 24 Parganas,212,S24P-212,172,Market Building 172,276,278,0,554,50.18,36,6.5,225,140,6,433,P1,85,52.0,32.3,282,99,431,P1,False,B,3,,0,236,
South 24 Parganas,213,S24P-213,1,Govt Office 1,238,242,0,480,50.42,30,6.2,210,107,2,368,P1,103,57.1,29.1,269,91,401,P1,False,B,3,,0,204,
South 24 Parganas,213,S24P-213,2,Panchayat Bhavan 2,336,302,1,639,47.26,36,5.6,303,156,7,525,P1,147,57.7,29.7,326,157,553,P1,False,B,3,,0,272,
South 24 Parganas,213,S24P-213,3,Anganwadi Centre 3,267,261,1,529,49.34,32,6.0,228,119,2,418,P1,109,54.5,28.5,251,114,406,P1,False,B,3,,0,225,
South 24 Parganas,213,S24P-213,4,Anganwadi Centre 4,313,303,1,617,49.11,52,8.4,311,170,4,542,P1,141,57.4,31.4,319,133,519,P1,False,B,3,,0,263,
South 24 Parganas,213,S24P-213,5,Govt Office 5,271,262,1,534,49.06,44,8.2,224,113,7,430,P1,111,52.1,26.3,325,73,442,P1,False,B,3,,0,227,
South 24 Parganas,213,S24P-213,6,Health Sub-Centre 6,413,392,1,806,48.64,42,5.2,414,167,3,645,P1,247,64.2,25.9,291,181,636,P1,False,B,3,,0,343,
South 24 Parganas,213,S24P-213,7,Market Building 7,339,332,1,672,49.4,47,7.0,367,128,3,551,P1,239,66.6,23.2,331,142,525,P1,False,A,1,,0,286,
South 24 Parganas,213,S24P-213,8,Temple Hall 8,393,402,1,796,50.5,40,5.0,373,212,9,668,P1,161,55.8,31.7,406,156,647,P1,False,B,3,,0,339,
South 24 Parganas,213,S24P-213,9,Health Sub-Centre 9,253,254,0,507,50.1,46,9.1,281,103,3,427,P1,178,65.8,24.1,219,139,398,P1,False,A,1,,0,216,
South 24 Parganas,213,S24P-213,10,Market Building 10,357,325,0,682,47.65,47,6.9,298,175,3,552,P1,123,54.0,31.7,309,146,564,P1,False,B,3,,0,290,
South 24 Parganas,213,S24P-213,11,High School 11,322,316,1,639,49.45,54,8.5,311,163,7,562,P1,148,55.3,29.0,231,170,533,P1,False,B,3,,0,272,
South 24 Parganas,213,S24P-213,12,Temple Hall 12,370,338,1,709,47.67,50,7.1,393,136,7,608,P1,257,64.6,22.4,334,214,625,P1,False,B,3,,0,302,
South 24 Parganas,213,S24P-213,13,Primary School 13,361,347,1,709,48.94,46,6.5,359,190,4,625,P1,169,57.4,30.4,319,135,564,P1,False,B,3,,0,302,
South 24 Parganas,213,S24P-213,14,Anganwadi Centre 14,282,276,0,558,49.46,29,5.2,322,69,1,434,P1,253,74.2,15.9,300,61,479,P1,False,A,1,,0,238,
South 24 Parganas,213,S24P-213,15,Panchayat Bhavan 15,284,288,0,572,50.35,31,5.4,292,137,6,487,P1,155,60.0,28.1,282,123,468,P1,False,B,3,,0,244,
South 24 Parganas,213,S24P-213,16,Madrasa 16,397,390,0,787,49.56,66,8.4,457,121,8,642,P1,336,71.2,18.8,400,161,623,P1,False,A,1,,0,335,
South 24 Parganas,213,S24P-213,17,Panchayat Bhavan 17,327,333,1,661,50.38,43,6.5,266,167,10,573,P1,99,46.4,29.1,372,123,550,P1,False,B,3,,0,281,
South 24 Parganas,213,S24P-213,18,Anganwadi Centre 18,385,373,1,759,49.14,43,5.7,493,107,4,667,P1,386,73.9,16.0,438,144,654,P1,False,A,1,,0,323,
South 24 Parganas,213,S24P-213,19,Panchayat Bhavan 19,266,263,0,529,49.72,47,8.9,313,75,5,435,P1,238,72.0,17.2,270,102,413,P1,False,A,1,,0,225,
South 24 Parganas,213,S24P-213,20,Madrasa 20,344,347,0,691,50.22,51,7.4,364,152,4,580,P1,212,62.8,26.2,322,170,550,P1,False,B,3,,0,294,
South 24 Parganas,213,S24P-213,21,High School 21,280,255,0,535,47.66,45,8.4,284,103,4,451,P1,181,63.0,22.8,264,62,421,P1,False,B,3,,0,228,
South 24 Parganas,213,S24P-213,22,Market Building 22,356,345,0,701,49.22,63,9.0,372,163,6,594,P1,209,62.6,27.4,374,161,595,P1,False,B,3,,0,299,
South 24 Parganas,213,S24P-213,23,Govt Office 23,258,233,1,492,47.36,26,5.3,221,141,5,402,P1,80,55.0,35.1,289,100,432,P1,False,B,3,,0,210,
South 24 Parganas,213,S24P-213,24,Madrasa 24,336,303,0,639,47.42,57,8.9,315,163,2,532,P1,152,59.2,30.6,328,157,539,P1,False,B,3,,0,272,
South 24 Parganas,213,S24P-213,25,Club Building 25,281,281,1,563,49.91,42,7.5,321,116,5,486,P1,205,66.0,23.9,284,112,449,P1,False,A,1,,0,240,
South 24 Parganas,213,S24P-213,26,Temple Hall 26,362,340,1,703,48.36,49,7.0,361,176,6,598,P1,185,60.4,29.4,318,137,548,P1,False,B,3,,0,299,
South 24 Parganas,213,S24P-213,27,Temple Hall 27,253,243,0,496,48.99,39,7.9,259,92,3,417,P1,167,62.1,22.1,204,126,429,P1,False,B,3,,0,211,
South 24 Parganas,213,S24P-213,28,Anganwadi Centre 28,388,401,1,790,50.76,68,8.6,398,209,5,674,P1,189,59.1,31.0,348,218,663,P1,False,B,3,,0,336,
South 24 Parganas,213,S24P-213,29,Govt Office 29,351,354,1,706,50.14,38,5.4,325,199,3,583,P1,126,55.7,34.1,345,114,576,P1,False,B,3,,0,301,
South 24 Parganas,213,S24P-213,30,Post Office 30,346,353,0,699,50.5,54,7.7,337,149,8,589,P1,188,57.2,25.3,375,178,615,P1,False,B,3,,0,298,
South 24 Parganas,213,S24P-213,31,Panchayat Bhavan 31,397,397,0,794,50.0,65,8.2,373,235,3,685,P1,138,54.5,34.3,427,122,610,P1,False,B,3,,0,338,
South 24 Parganas,213,S24P-213,32,Anganwadi Centre 32,413,378,1,792,47.73,60,7.6,432,133,4,628,P1,299,68.8,21.2,351,213,651,P1,False,A,1,,0,337,
South 24 Parganas,213,S24P-213,33,Post Office 33,345,321,1,667,48.13,54,8.1,326,153,11,585,P1,173,55.7,26.2,341,131,525,P1,False,B,3,,0,284,
South 24 Parganas,213,S24P-213,34,Panchayat Bhavan 34,369,350,0,719,48.68,52,7.2,346,132,9,560,P1,214,61.8,23.6,363,177,600,P1,False,B,3,,0,306,
South 24 Parganas,213,S24P-213,35,High School 35,277,249,1,527,47.25,28,5.3,219,86,8,407,P1,128,53.8,21.1,252,64,422,P1,False,B,3,,0,224,
South 24 Parganas,213,S24P-213,36,Health Sub-Centre 36,245,250,1,496,50.4,32,6.5,227,140,2,408,P1,87,55.6,34.3,233,143,418,P1,False,B,3,,0,211,
South 24 Parganas,213,S24P-213,37,Madrasa 37,353,340,1,694,48.99,45,6.5,340,178,5,613,P1,162,55.5,29.0,408,94,558,P1,False,B,3,,0,296,
South 24 Parganas,213,S24P-213,38,Club Building 38,386,368,0,754,48.81,64,8.5,328,144,4,590,P1,184,55.6,24.4,443,135,643,P1,False,B,3,,0,321,
South 24 Parganas,213,S24P-213,39,Primary School 39,323,310,0,633,48.97,44,7.0,354,135,3,543,P1,219,65.2,24.9,345,100,494,P1,False,A,1,,0,270,
South 24 Parganas,213,S24P-213,40,Health Sub-Centre 40,264,241,0,505,47.72,30,5.9,245,64,6,420,P1,144,58.3,15.2,271,95,417,P1,False,B,3,,0,215,
South 24 Parganas,213,S24P-213,41,Post Office 41,285,258,1,544,47.43,33,6.1,265,116,6,472,P1,149,56.1,24.6,297,118,468,P1,False,B,3,,0,232,
South 24 Parganas,213,S24P-213,42,Govt Office 42,362,369,0,731,50.48,48,6.6,350,189,8,636,P1,161,55.0,29.7,432,129,623,P1,False,B,3,,0,311,
South 24 Parganas,213,S24P-213,43,Temple Hall 43,284,284,0,568,50.0,29,5.1,291,128,6,479,P1,163,60.8,26.7,284,89,487,P1,False,B,3,,0,242,
South 24 Parganas,213,S24P-213,44,High School 44,345,330,1,676,48.82,42,6.2,362,129,2,545,P1,233,66.4,23.7,342,93,553,P1,False,A,1,,0,288,
South 24 Parganas,213,S24P-213,45,Post Office 45,339,325,0,664,48.95,50,7.5,310,119,9,524,P1,191,59.2,22.7,395,112,564,P1,False,B,3,,0,283,
South 24 Parganas,213,S24P-213,46,Community Hall 46,411,379,1,791,47.91,42,5.3,252,180,17,617,P1,72,40.8,29.2,480,112,658,P1,False,B,3,,0,337,
South 24 Parganas,213,S24P-213,47,Community Hall 47,316,289,0,605,47.77,46,7.6,304,119,3,471,P1,185,64.5,25.3,330,125,510,P1,False,B,3,,0,258,
South 24 Parganas,213,S24P-213,48,Primary School 48,331,339,0,670,50.6,53,7.9,300,98,4,527,P1,180,56.9,18.6,308,117,584,P1,False,B,3,,0,285,
South 24 Parganas,213,S24P-213,49,Temple Hall 49,415,403,1,819,49.21,46,5.6,439,189,6,700,P1,250,62.7,27.0,405,203,705,P1,False,B,3,,0,349,
South 24 Parganas,213,S24P-213,50,Panchayat Bhavan 50,382,371,0,753,49.27,62,8.2,428,135,3,652,P1,293,65.6,20.7,419,149,632,P1,False,A,1,,0,321,
South 24 Parganas,213,S24P-213,51,Post Office 51,373,371,0,744,49.87,42,5.6,367,186,3,641,P1,181,57.3,29.0,394,195,654,P1,False,B,3,,0,317,
South 24 Parganas,213,S24P-213,52,Anganwadi Centre 52,383,375,0,758,49.47,43,5.7,292,247,11,654,P1,45,44.6,37.8,386,189,638,P1,False,B,3,,0,323,
South 24 Parganas,213,S24P-213,53,Market Building 53,337,333,1,671,49.63,45,6.7,352,117,2,521,P1,235,67.6,22.5,410,69,532,P1,False,A,1,,0,286,
South 24 Parganas,213,S24P-213,54,Club Building 54,381,346,0,727,47.59,59,8.1,328,169,5,592,P1,159,55.4,28.5,295,152,626,P1,False,B,3,,0,310,
South 24 Parganas,213,S24P-213,55,Primary School 55,352,363,1,716,50.7,36,5.0,329,139,15,620,P1,190,53.1,22.4,325,144,573,P1,False,B,3,,0,305,
South 24 Parganas,213,S24P-213,56,Madrasa 56,267,272,1,540,50.37,42,7.8,255,117,4,445,P1,138,57.3,26.3,248,82,432,P1,False,B,3,,0,230,
South 24 Parganas,213,S24P-213,57,Primary School 57,257,247,1,505,48.91,31,6.1,269,107,1,418,P1,162,64.4,25.6,276,100,434,P1,False,B,3,,0,215,
South 24 Parganas,213,S24P-213,58,Govt Office 58,319,300,0,619,48.47,55,8.9,247,155,11,508,P1,92,48.6,30.5,291,137,476,P1,False,B,3,,0,264,
South 24 Parganas,213,S24P-213,59,Panchayat Bhavan 59,337,344,0,681,50.51,60,8.8,369,132,4,557,P1,237,66.2,23.7,350,162,589,P1,False,A,1,,0,290,
South 24 Parganas,213,S24P-213,60,Temple Hall 60,329,296,0,625,47.36,48,7.7,277,124,7,520,P1,153,53.3,23.8,266,151,494,P1,False,B,3,,0,266,
South 24 Parganas,213,S24P-213,61,Govt Office 61,417,374,0,791,47.28,47,5.9,372,177,8,622,P1,195,59.8,28.5,294,196,641,P1,False,B,3,,0,337,
South 24 Parganas,213,S24P-213,62,Community Hall 62,418,382,1,801,47.69,63,7.9,384,199,7,648,P1,185,59.3,30.7,456,134,656,P1,False,B,3,,0,341,
South 24 Parganas,213,S24P-213,63,Health Sub-Centre 63,344,341,1,686,49.71,55,8.0,351,171,3,580,P1,180,60.5,29.5,345,159,560,P1,False,B,3,,0,292,
South 24 Parganas,213,S24P-213,64,Govt Office 64,345,328,0,673,48.74,44,6.5,355,145,4,568,P1,210,62.5,25.5,281,140,530,P1,False,B,3,,0,287,
South 24 Parganas,213,S24P-213,65,Madrasa 65,324,312,1,637,48.98,53,8.3,354,121,5,528,P1,233,67.0,22.9,322,166,542,P1,False,A,1,,0,271,
South 24 Parganas,213,S24P-213,66,Health Sub-Centre 66,362,337,1,700,48.14,40,5.7,345,151,6,551,P1,194,62.6,27.4,416,132,609,P1,False,B,3,,0,298,
South 24 Parganas,213,S24P-213,67,Anganwadi Centre 67,400,375,1,776,48.32,53,6.8,481,116,5,663,P1,365,72.5,17.5,385,108,622,P1,False,A,1,,0,330,
South 24 Parganas,213,S24P-213,68,Club Building 68,412,379,0,791,47.91,66,8.3,463,118,4,646,P1,345,71.7,18.3,376,123,686,P1,False,A,1,,0,337,
South 24 Parganas,213,S24P-213,69,Market Building 69,392,383,0,775,49.42,65,8.4,401,120,8,608,P1,281,66.0,19.7,404,166,633,P1,False,A,1,,0,330,
South 24 Parganas,213,S24P-213,70,Govt Office 70,314,293,0,607,48.27,52,8.6,301,155,3,527,P1,146,57.1,29.4,243,129,497,P1,False,B,3,,0,258,
South 24 Parganas,213,S24P-213,71,Community Hall 71,271,265,1,537,49.35,38,7.1,243,99,7,418,P1,144,58.1,23.7,257,93,444,P1,False,B,3,,0,229,
South 24 Parganas,213,S24P-213,72,Panchayat Bhavan 72,386,371,0,757,49.01,63,8.3,356,165,3,587,P1,191,60.6,28.1,311,103,597,P1,False,B,3,,0,322,
South 24 Parganas,213,S24P-213,73,Community Hall 73,391,403,1,795,50.69,50,6.3,364,212,6,651,P1,152,55.9,32.6,433,195,698,P1,False,B,3,,0,339,
South 24 Parganas,213,S24P-213,74,High School 74,292,279,1,572,48.78,43,7.5,299,119,3,464,P1,180,64.4,25.6,294,149,501,P1,False,B,3,,0,244,
South 24 Parganas,213,S24P-213,75,Temple Hall 75,364,346,1,711,48.66,36,5.1,362,159,4,619,P1,203,58.5,25.7,411,136,612,P1,False,B,3,,0,303,
South 24 Parganas,213,S24P-213,76,Post Office 76,378,351,0,729,48.15,61,8.4,372,186,8,637,P1,186,58.4,29.2,364,178,602,P1,False,B,3,,0,310,
South 24 Parganas,213,S24P-213,77,Govt Office 77,359,369,1,729,50.62,38,5.2,357,90,9,566,P1,253,63.1,15.9,365,159,583,P1,False,B,3,,0,310,
South 24 Parganas,213,S24P-213,78,Market Building 78,298,295,1,594,49.66,37,6.2,312,108,4,467,P1,204,66.8,23.1,291,117,495,P1,False,A,1,,0,253,
South 24 Parganas,213,S24P-213,79,Market Building 79,324,296,0,620,47.74,51,8.2,297,132,3,499,P1,165,59.5,26.5,304,161,517,P1,False,B,3,,0,264,
South 24 Parganas,213,S24P-213,80,Market Building 80,404,407,1,812,50.12,64,7.9,434,206,3,711,P1,228,61.0,29.0,268,209,696,P1,False,B,3,,0,346,
South 24 Parganas,213,S24P-213,81,Club Building 81,390,364,0,754,48.28,58,7.7,282,198,13,594,P1,84,47.5,33.3,332,160,627,P1,False,B,3,,0,321,
South 24 Parganas,213,S24P-213,82,Temple Hall 82,310,279,1,590,47.29,31,5.3,339,124,5,518,P1,215,65.4,23.9,301,120,468,P1,False,A,1,,0,251,
South 24 Parganas,213,S24P-213,83,Post Office 83,360,342,0,702,48.72,39,5.6,387,169,4,618,P1,218,62.6,27.3,297,139,601,P1,False,B,3,,0,299,
South 24 Parganas,213,S24P-213,84,Panchayat Bhavan 84,393,375,1,769,48.76,68,8.8,403,133,4,595,P1,270,67.7,22.4,440,143,647,P1,False,A,1,,0,327,
South 24 Parganas,213,S24P-213,85,Temple Hall 85,389,378,0,767,49.28,47,6.1,371,194,3,628,P1,177,59.1,30.9,416,173,677,P1,False,B,3,,0,327,
South 24 Parganas,213,S24P-213,86,Temple Hall 86,333,305,0,638,47.81,57,8.9,350,149,5,555,P1,201,63.1,26.8,350,137,541,P1,False,B,3,,0,272,
South 24 Parganas,213,S24P-213,87,Health Sub-Centre 87,305,302,1,608,49.67,44,7.2,281,160,3,490,P1,121,57.3,32.7,344,117,513,P1,False,B,3,,0,259,
South 24 Parganas,213,S24P-213,88,Health Sub-Centre 88,331,324,0,655,49.47,42,6.4,257,115,14,568,P1,81,45.2,20.2,319,142,512,P1,False,B,3,,0,279,
South 24 Parganas,213,S24P-213,89,Community Hall 89,356,333,1,690,48.26,62,9.0,332,113,3,531,P1,219,62.5,21.3,323,192,606,P1,False,B,3,,0,294,
South 24 Parganas,213,S24P-213,90,Health Sub-Centre 90,256,244,0,500,48.8,37,7.4,259,128,2,430,P1,131,60.2,29.8,255,107,402,P1,False,B,3,,0,213,
South 24 Parganas,213,S24P-213,91,Panchayat Bhavan 91,289,263,0,552,47.64,33,6.0,210,107,8,465,P1,74,45.2,23.0,273,132,466,P1,False,B,3,,0,235,
South 24 Parganas,213,S24P-213,92,Market Building 92,283,290,1,574,50.52,32,5.6,295,120,7,488,P1,175,60.5,24.6,285,124,470,P1,False,B,3,,0,244,
South 24 Parganas,213,S24P-213,93,Primary School 93,302,307,0,609,50.41,44,7.2,338,113,3,501,P1,225,67.5,22.6,249,125,527,P1,False,A,1,,0,259,
South 24 Parganas,213,S24P-213,94,Govt Office 94,384,358,1,743,48.18,43,5.8,389,167,6,617,P1,222,63.0,27.1,324,179,575,P1,False,B,3,,0,316,
South 24 Parganas,213,S24P-213,95,Club Building 95,331,301,1,633,47.55,44,7.0,337,165,5,558,P1,172,60.4,29.6,335,143,532,P1,False,B,3,,0,270,
South 24 Parganas,213,S24P-213,96,Madrasa 96,323,317,1,641,49.45,35,5.5,375,129,5,560,P1,246,67.0,23.0,291,161,502,P1,False,A,1,,0,273,
South 24 Parganas,213,S24P-213,97,Panchayat Bhavan 97,303,272,0,575,47.3,37,6.4,315,122,6,486,P1,193,64.8,25.1,278,127,451,P1,False,B,3,,0,245,
South 24 Parganas,213,S24P-213,98,Govt Office 98,371,368,0,739,49.8,54,7.3,322,176,5,595,P1,146,54.1,29.6,383,128,598,P1,False,B,3,,0,315,
South 24 Parganas,213,S24P-213,99,Club Building 99,318,287,1,606,47.36,42,6.9,275,145,6,477,P1,130,57.7,30.4,320,148,520,P1,False,B,3,,0,258,
South 24 Parganas,213,S24P-213,100,Primary School 100,319,297,0,616,48.21,50,8.1,308,113,7,491,P1,195,62.7,23.0,311,133,525,P1,False,B,3,,0,262,
South 24 Parganas,213,S24P-213,101,Panchayat Bhavan 101,363,358,0,721,49.65,37,5.1,336,183,8,602,P1,153,55.8,30.4,317,160,609,P1,False,B,3,,0,307,
South 24 Parganas,213,S24P-213,102,Anganwadi Centre 102,391,397,0,788,50.38,40,5.1,374,170,6,605,P1,204,61.8,28.1,416,206,691,P1,False,B,3,,0,336,
South 24 Parganas,213,S24P-213,103,Anganwadi Centre 103,317,318,1,636,50.0,43,6.8,315,145,8,532,P1,170,59.2,27.3,316,178,558,P1,False,B,3,,0,271,
South 24 Parganas,213,S24P-213,104,Panchayat Bhavan 104,287,273,1,561,48.66,28,5.0,291,115,6,460,P1,176,63.3,25.0,267,124,435,P1,False,B,3,,0,239,
South 24 Parganas,213,S24P-213,105,Primary School 105,393,377,0,770,48.96,42,5.5,374,137,7,610,P1,237,61.3,22.5,435,176,679,P1,False,B,3,,0,328,
South 24 Parganas,213,S24P-213,106,Anganwadi Centre 106,241,240,1,482,49.79,42,8.7,243,88,6,388,P1,155,62.6,22.7,259,101,400,P1,False,B,3,,0,205,
South 24 Parganas,213,S24P-213,107,High School 107,270,264,1,535,49.35,29,5.4,277,92,9,472,P1,185,58.7,19.5,271,154,472,P1,False,B,3,,0,228,
South 24 Parganas,213,S24P-213,108,Panchayat Bhavan 108,270,273,1,544,50.18,28,5.1,262,133,6,451,P1,129,58.1,29.5,245,153,466,P1,False,B,3,,0,232,
South 24 Parganas,213,S24P-213,109,Madrasa 109,289,280,1,570,49.12,39,6.8,273,168,5,490,P1,105,55.7,34.3,306,122,476,P1,False,B,3,,0,243,
South 24 Parganas,213,S24P-213,110,Health Sub-Centre 110,281,257,0,538,47.77,43,8.0,266,132,9,475,P1,134,56.0,27.8,163,151,415,P1,False,B,3,,0,229,
South 24 Parganas,213,S24P-213,111,High School 111,347,349,0,696,50.14,51,7.3,347,187,6,593,P1,160,58.5,31.5,351,132,600,P1,False,B,3,,0,296,
South 24 Parganas,213,S24P-213,112,Anganwadi Centre 112,305,299,0,604,49.5,45,7.5,294,127,10,515,P1,167,57.1,24.7,309,106,475,P1,False,B,3,,0,257,
South 24 Parganas,213,S24P-213,113,Panchayat Bhavan 113,379,383,1,763,50.2,45,5.9,352,243,7,661,P1,109,53.3,36.8,342,126,594,P1,False,B,3,,0,325,
South 24 Parganas,213,S24P-213,114,Govt Office 114,373,385,1,759,50.72,38,5.0,432,107,4,599,P1,325,72.1,17.9,352,197,612,P1,False,A,1,,0,323,
South 24 Parganas,213,S24P-213,115,Market Building 115,323,299,0,622,48.07,31,5.0,337,129,2,518,P1,208,65.1,24.9,317,138,523,P1,False,A,1,,0,265,
South 24 Parganas,213,S24P-213,116,Madrasa 116,384,370,1,755,49.01,53,7.0,296,205,4,602,P1,91,49.2,34.1,358,225,657,P1,False,B,3,,0,322,
South 24 Parganas,213,S24P-213,117,Madrasa 117,338,348,0,686,50.73,56,8.2,358,151,2,565,P1,207,63.4,26.7,340,181,579,P1,False,B,3,,0,292,
South 24 Parganas,213,S24P-213,118,Temple Hall 118,330,317,0,647,49.0,38,5.9,311,132,11,544,P1,179,57.2,24.3,348,119,519,P1,False,B,3,,0,276,
South 24 Parganas,213,S24P-213,119,Community Hall 119,420,386,0,806,47.89,57,7.1,355,193,7,639,P1,162,55.6,30.2,379,169,621,P1,False,B,3,,0,343,
South 24 Parganas,213,S24P-213,120,Club Building 120,317,288,0,605,47.6,38,6.3,308,163,4,524,P1,145,58.8,31.1,278,153,496,P1,False,B,3,,0,258,
South 24 Parganas,213,S24P-213,121,Temple Hall 121,311,310,1,622,49.84,45,7.2,347,137,2,538,P1,210,64.5,25.5,339,146,544,P1,False,B,3,,0,265,
South 24 Parganas,213,S24P-213,122,Panchayat Bhavan 122,409,407,1,817,49.82,60,7.3,387,236,6,692,P1,151,55.9,34.1,428,188,685,P1,False,B,3,,0,348,
South 24 Parganas,213,S24P-213,123,Anganwadi Centre 123,249,231,0,480,48.12,39,8.1,217,148,3,414,P1,69,52.4,35.7,226,65,413,P1,False,B,3,,0,204,
South 24 Parganas,213,S24P-213,124,Primary School 124,363,326,0,689,47.31,35,5.1,337,190,5,585,P1,147,57.6,32.5,279,122,567,P1,False,B,3,,0,293,
South 24 Parganas,213,S24P-213,125,Market Building 125,290,270,1,561,48.13,34,6.1,277,116,10,492,P1,161,56.3,23.6,209,140,433,P1,False,B,3,,0,239,
South 24 Parganas,213,S24P-213,126,Community Hall 126,281,287,0,568,50.53,34,6.0,268,56,14,442,P1,168,60.6,12.7,323,121,493,P1,False,B,3,,0,242,
South 24 Parganas,213,S24P-213,127,Community Hall 127,352,315,0,667,47.23,49,7.3,286,121,11,571,P1,139,50.1,21.2,366,128,563,P1,False,B,3,,0,284,
South 24 Parganas,213,S24P-213,128,Primary School 128,244,250,1,495,50.51,38,7.7,240,141,1,430,P1,99,55.8,32.8,236,137,414,P1,False,B,3,,0,211,
South 24 Parganas,213,S24P-213,129,Community Hall 129,257,232,1,490,47.35,27,5.5,228,99,5,388,P1,129,58.8,25.5,233,109,380,P1,False,B,3,,0,209,
South 24 Parganas,213,S24P-213,130,Govt Office 130,383,352,0,735,47.89,67,9.1,360,151,6,568,P1,209,63.4,26.6,417,157,637,P1,False,B,3,,0,313,
South 24 Parganas,213,S24P-213,131,Panchayat Bhavan 131,362,349,0,711,49.09,36,5.1,338,155,12,606,P1,183,55.8,25.6,401,129,589,P1,False,B,3,,0,303,
South 24 Parganas,213,S24P-213,132,Anganwadi Centre 132,282,269,1,552,48.73,34,6.2,313,74,4,430,P1,239,72.8,17.2,303,91,438,P1,False,A,1,,0,235,
South 24 Parganas,213,S24P-213,133,Panchayat Bhavan 133,354,326,0,680,47.94,45,6.6,318,172,4,544,P1,146,58.5,31.6,335,174,566,P1,False,B,3,,0,290,
South 24 Parganas,213,S24P-213,134,High School 134,341,330,1,672,49.11,37,5.5,402,105,2,563,P1,297,71.4,18.7,293,131,555,P1,False,A,1,,0,286,
South 24 Parganas,213,S24P-213,135,Community Hall 135,248,234,1,483,48.45,42,8.7,297,87,2,426,P1,210,69.7,20.4,281,91,414,P1,False,A,1,,0,206,
South 24 Parganas,213,S24P-213,136,Madrasa 136,396,359,0,755,47.55,61,8.1,360,126,7,591,P1,234,60.9,21.3,428,99,592,P1,False,B,3,,0,322,
South 24 Parganas,213,S24P-213,137,Club Building 137,321,313,1,635,49.29,50,7.9,294,195,4,547,P1,99,53.7,35.6,273,212,542,P1,False,B,3,,0,270,
South 24 Parganas,213,S24P-213,138,Community Hall 138,388,401,1,790,50.76,57,7.2,430,195,8,695,P1,235,61.9,28.1,338,192,613,P1,False,B,3,,0,336,
South 24 Parganas,213,S24P-213,139,Health Sub-Centre 139,268,260,1,529,49.15,29,5.5,304,85,4,432,P1,219,70.4,19.7,286,115,445,P1,False,A,1,,0,225,
South 24 Parganas,213,S24P-213,140,Post Office 140,275,248,0,523,47.42,31,5.9,225,104,6,441,P1,121,51.0,23.6,307,84,434,P1,False,B,3,,0,223,
South 24 Parganas,213,S24P-213,141,Market Building 141,366,331,0,697,47.49,53,7.6,345,162,4,563,P1,183,61.3,28.8,331,156,542,P1,False,B,3,,0,297,
South 24 Parganas,213,S24P-213,142,Temple Hall 142,269,275,0,544,50.55,36,6.6,318,112,2,478,P1,206,66.5,23.4,269,126,439,P1,False,A,1,,0,232,
South 24 Parganas,213,S24P-213,143,Post Office 143,345,320,1,666,48.05,47,7.1,342,140,4,535,P1,202,63.9,26.2,374,147,579,P1,False,B,3,,0,284,
South 24 Parganas,213,S24P-213,144,Post Office 144,284,266,0,550,48.36,30,5.5,310,99,4,455,P1,211,68.1,21.8,221,135,432,P1,False,A,1,,0,234,
South 24 Parganas,213,S24P-213,145,Club Building 145,256,257,1,514,50.0,26,5.1,260,114,2,416,P1,146,62.5,27.4,284,84,415,P1,False,B,3,,0,219,
South 24 Parganas,213,S24P-213,146,Community Hall 146,324,309,0,633,48.82,37,5.8,303,146,2,518,P1,157,58.5,28.2,347,95,491,P1,False,B,3,,0,270,
South 24 Parganas,213,S24P-213,147,Post Office 147,371,338,1,710,47.61,51,7.2,395,115,6,567,P1,280,69.7,20.3,396,142,598,P1,False,A,1,,0,302,
South 24 Parganas,213,S24P-213,148,Panchayat Bhavan 148,367,351,1,719,48.82,65,9.0,285,162,14,574,P1,123,49.7,28.2,322,168,576,P1,False,B,3,,0,306,
South 24 Parganas,213,S24P-213,149,Anganwadi Centre 149,371,341,0,712,47.89,40,5.6,390,156,4,607,P1,234,64.3,25.7,400,158,620,P1,False,B,3,,0,303,
South 24 Parganas,213,S24P-213,150,Post Office 150,297,286,1,584,48.97,45,7.7,281,128,4,454,P1,153,61.9,28.2,370,90,511,P1,False,B,3,,0,249,
South 24 Parganas,213,S24P-213,151,Post Office 151,405,390,1,796,48.99,67,8.4,501,81,2,647,P1,420,77.4,12.5,421,161,653,P1,False,A,1,,0,339,
South 24 Parganas,213,S24P-213,152,Health Sub-Centre 152,316,323,0,639,50.55,50,7.8,281,102,10,513,P1,166,54.8,19.9,314,163,531,P1,False,B,3,,0,272,
South 24 Parganas,213,S24P-213,153,Market Building 153,347,333,0,680,48.97,40,5.9,232,146,13,531,P1,86,43.7,27.5,349,95,532,P1,False,B,3,,0,290,
South 24 Parganas,213,S24P-213,154,Primary School 154,306,293,0,599,48.91,49,8.2,301,127,2,476,P1,174,63.2,26.7,266,134,486,P1,False,B,3,,0,255,
South 24 Parganas,213,S24P-213,155,Madrasa 155,239,247,1,487,50.72,40,8.2,255,109,4,405,P1,146,63.0,26.9,229,78,399,P1,False,B,3,,0,207,
South 24 Parganas,213,S24P-213,156,Panchayat Bhavan 156,403,390,1,794,49.12,70,8.8,451,148,3,665,P1,303,67.8,22.3,331,208,619,P1,False,A,1,,0,338,
South 24 Parganas,213,S24P-213,157,Club Building 157,282,260,0,542,47.97,46,8.5,286,89,3,417,P1,197,68.6,21.3,260,108,445,P1,False,A,1,,0,231,
South 24 Parganas,213,S24P-213,158,Health Sub-Centre 158,288,280,1,569,49.21,32,5.6,313,92,3,451,P1,221,69.4,20.4,276,155,484,P1,False,A,1,,0,242,
South 24 Parganas,213,S24P-213,159,Primary School 159,253,240,1,494,48.58,42,8.5,236,124,6,434,P1,112,54.4,28.6,248,97,383,P1,False,B,3,,0,210,
South 24 Parganas,213,S24P-213,160,Primary School 160,243,246,1,490,50.2,41,8.4,263,122,1,427,P1,141,61.6,28.6,270,110,422,P1,False,B,3,,0,209,
South 24 Parganas,213,S24P-213,161,Market Building 161,275,252,0,527,47.82,34,6.5,223,178,3,446,P1,45,50.0,39.9,319,93,459,P1,False,B,3,,0,224,
South 24 Parganas,213,S24P-213,162,Govt Office 162,351,354,1,706,50.14,59,8.4,403,91,2,549,P1,312,73.4,16.6,360,157,602,P1,False,A,1,,0,301,
South 24 Parganas,213,S24P-213,163,Temple Hall 163,381,375,1,757,49.54,47,6.2,367,167,6,630,P1,200,58.3,26.5,359,123,651,P1,False,B,3,,0,322,
South 24 Parganas,213,S24P-213,164,Panchayat Bhavan 164,378,346,1,725,47.72,55,7.6,360,144,2,565,P1,216,63.7,25.5,416,153,632,P1,False,B,3,,0,309,
South 24 Parganas,213,S24P-213,165,Primary School 165,275,264,1,540,48.89,47,8.7,330,87,2,464,P1,243,71.1,18.8,228,152,422,P1,False,A,1,,0,230,
South 24 Parganas,213,S24P-213,166,Post Office 166,311,308,1,620,49.68,43,6.9,324,128,8,521,P1,196,62.2,24.6,310,105,501,P1,False,B,3,,0,264,
South 24 Parganas,213,S24P-213,167,Community Hall 167,385,372,1,758,49.08,46,6.1,283,197,9,593,P1,86,47.7,33.2,375,148,581,P1,False,B,3,,0,323,
South 24 Parganas,213,S24P-213,168,Anganwadi Centre 168,247,254,1,502,50.6,43,8.6,166,64,15,395,P1,19,42.0,16.2,257,91,386,P1,False,B,3,,0,214,
South 24 Parganas,213,S24P-213,169,Primary School 169,429,386,1,816,47.3,69,8.5,335,128,20,635,P1,189,52.8,20.2,430,141,666,P1,False,B,3,,0,347,
South 24 Parganas,213,S24P-213,170,Madrasa 170,317,298,1,616,48.38,39,6.3,368,104,2,524,P1,264,70.2,19.8,319,116,483,P1,False,A,1,,0,262,
South 24 Parganas,213,S24P-213,171,Primary School 171,335,328,0,663,49.47,48,7.2,409,96,5,561,P1,313,72.9,17.1,370,95,517,P1,False,A,1,,0,282,
South 24 Parganas,213,S24P-213,172,Primary School 172,377,337,0,714,47.2,38,5.3,421,121,3,603,P1,300,69.8,20.1,325,174,554,P1,False,A,1,,0,304,
South 24 Parganas,214,S24P-214,1,Govt Office 1,386,362,0,748,48.4,52,7.0,375,163,4,598,P1,212,62.7,27.3,420,100,577,P1,False,B,3,,0,319,
South 24 Parganas,214,S24P-214,2,Primary School 2,263,259,1,523,49.52,29,5.5,248,108,9,450,P1,140,55.1,24.0,238,95,407,P1,False,B,3,,0,223,
South 24 Parganas,214,S24P-214,3,Community Hall 3,408,391,1,800,48.88,40,5.0,329,198,15,684,P1,131,48.1,28.9,393,213,673,P1,False,B,3,,0,341,
South 24 Parganas,214,S24P-214,4,Health Sub-Centre 4,388,397,1,786,50.51,46,5.9,310,191,9,648,P1,119,47.8,29.5,504,95,665,P1,False,B,3,,0,335,
South 24 Parganas,214,S24P-214,5,Primary School 5,398,376,1,775,48.52,40,5.2,363,236,5,666,P1,127,54.5,35.4,443,127,682,P1,False,B,3,,0,330,
South 24 Parganas,214,S24P-214,6,Club Building 6,276,283,1,560,50.54,39,7.0,284,107,5,441,P1,177,64.4,24.3,277,129,456,P1,False,B,3,,0,238,
South 24 Parganas,214,S24P-214,7,Madrasa 7,370,346,1,717,48.26,54,7.5,321,127,9,590,P1,194,54.4,21.5,374,149,581,P1,False,B,3,,0,305,
South 24 Parganas,214,S24P-214,8,Community Hall 8,330,323,1,654,49.39,31,4.7,321,186,6,563,P1,135,57.0,33.0,282,140,533,P1,False,B,3,,0,279,
South 24 Parganas,214,S24P-214,9,Primary School 9,259,243,1,503,48.31,36,7.2,245,115,4,427,P1,130,57.4,26.9,289,90,429,P1,False,B,3,,0,214,
South 24 Parganas,214,S24P-214,10,Community Hall 10,357,349,0,706,49.43,34,4.8,335,162,6,552,P1,173,60.7,29.3,306,183,554,P1,False,B,3,,0,301,
South 24 Parganas,214,S24P-214,11,Primary School 11,283,256,0,539,47.5,41,7.6,314,81,4,439,P1,233,71.5,18.5,269,108,431,P1,False,A,1,,0,230,
South 24 Parganas,214,S24P-214,12,Temple Hall 12,290,287,1,578,49.65,24,4.2,269,86,11,461,P1,179,58.4,18.7,265,134,449,P1,False,B,3,,0,246,
South 24 Parganas,214,S24P-214,13,Anganwadi Centre 13,307,315,1,623,50.56,42,6.7,368,117,5,538,P1,251,68.4,21.7,312,139,501,P1,False,A,1,,0,265,
South 24 Parganas,214,S24P-214,14,Primary School 14,313,284,1,598,47.49,43,7.2,343,121,6,516,P1,222,66.5,23.4,290,151,490,P1,False,A,1,,0,255,
South 24 Parganas,214,S24P-214,15,High School 15,291,297,1,589,50.42,46,7.8,296,140,4,499,P1,156,59.3,28.1,330,131,512,P1,False,B,3,,0,251,
South 24 Parganas,214,S24P-214,16,Anganwadi Centre 16,258,255,1,514,49.61,22,4.3,245,138,4,443,P1,107,55.3,31.2,254,102,396,P1,False,B,3,,0,219,
South 24 Parganas,214,S24P-214,17,Panchayat Bhavan 17,341,314,1,656,47.87,35,5.3,372,133,3,562,P1,239,66.2,23.7,330,124,505,P1,False,A,1,,0,279,
South 24 Parganas,214,S24P-214,18,Primary School 18,306,312,1,619,50.4,31,5.0,275,137,8,489,P1,138,56.2,28.0,275,170,495,P1,False,B,3,,0,264,
South 24 Parganas,214,S24P-214,19,Market Building 19,384,375,1,760,49.34,37,4.9,403,154,2,619,P1,249,65.1,24.9,399,135,629,P1,False,A,1,,0,324,
South 24 Parganas,214,S24P-214,20,Post Office 20,302,271,1,574,47.21,38,6.6,294,137,2,478,P1,157,61.5,28.7,250,141,446,P1,False,B,3,,0,244,
South 24 Parganas,214,S24P-214,21,Community Hall 21,305,273,0,578,47.23,29,5.0,339,120,2,510,P1,219,66.5,23.5,277,148,472,P1,False,A,1,,0,246,
South 24 Parganas,214,S24P-214,22,Madrasa 22,250,238,1,489,48.67,25,5.1,284,79,5,404,P1,205,70.3,19.6,295,86,424,P1,False,A,1,,0,208,
South 24 Parganas,214,S24P-214,23,High School 23,252,257,1,510,50.39,22,4.3,223,112,6,434,P1,111,51.4,25.8,215,135,396,P1,False,B,3,,0,217,
South 24 Parganas,214,S24P-214,24,Govt Office 24,275,268,1,544,49.26,24,4.4,289,101,9,473,P1,188,61.1,21.4,280,107,430,P1,False,B,3,,0,232,
South 24 Parganas,214,S24P-214,25,High School 25,393,400,1,794,50.38,44,5.5,460,159,8,688,P1,301,66.9,23.1,517,92,677,P1,False,A,1,,0,338,
South 24 Parganas,214,S24P-214,26,Health Sub-Centre 26,319,297,1,617,48.14,47,7.6,339,111,6,500,P1,228,67.8,22.2,281,152,481,P1,False,A,1,,0,263,
South 24 Parganas,214,S24P-214,27,Health Sub-Centre 27,300,271,1,572,47.38,28,4.9,327,124,3,502,P1,203,65.1,24.7,330,119,499,P1,False,A,1,,0,244,
South 24 Parganas,214,S24P-214,28,Anganwadi Centre 28,363,360,1,724,49.72,40,5.5,419,143,7,625,P1,276,67.0,22.9,305,193,606,P1,False,A,1,,0,308,
South 24 Parganas,214,S24P-214,29,Health Sub-Centre 29,284,277,0,561,49.38,37,6.6,224,106,10,479,P1,90,46.8,22.1,273,153,487,P1,False,B,3,,0,239,
South 24 Parganas,214,S24P-214,30,Market Building 30,415,399,0,814,49.02,51,6.3,375,102,12,628,P1,243,59.7,16.2,349,162,631,P1,False,B,3,,0,347,
South 24 Parganas,214,S24P-214,31,Govt Office 31,263,241,0,504,47.82,31,6.2,239,129,4,419,P1,110,57.0,30.8,210,102,440,P1,False,B,3,,0,215,
South 24 Parganas,214,S24P-214,32,Madrasa 32,342,333,0,675,49.33,39,5.8,372,142,4,582,P1,230,63.9,24.4,334,177,593,P1,False,B,3,,0,287,
South 24 Parganas,214,S24P-214,33,Panchayat Bhavan 33,375,387,1,763,50.72,50,6.6,345,184,3,616,P1,161,56.0,29.9,507,99,674,P1,False,B,3,,0,325,
South 24 Parganas,214,S24P-214,34,Primary School 34,413,391,0,804,48.63,35,4.4,332,234,11,709,P1,98,46.8,33.0,455,180,706,P1,False,B,3,,0,342,
South 24 Parganas,214,S24P-214,35,Govt Office 35,346,332,0,678,48.97,40,5.9,323,90,5,523,P1,224,61.8,17.2,352,147,555,P1,False,B,3,,0,289,
South 24 Parganas,214,S24P-214,36,Community Hall 36,266,263,1,530,49.62,39,7.4,251,111,2,416,P1,140,60.3,26.7,249,107,419,P1,False,B,3,,0,226,
South 24 Parganas,214,S24P-214,37,Primary School 37,401,404,1,806,50.12,43,5.3,354,236,3,655,P1,118,54.0,36.0,318,176,631,P1,False,B,3,,0,343,
South 24 Parganas,214,S24P-214,38,Health Sub-Centre 38,357,368,1,726,50.69,53,7.3,336,215,5,612,P1,121,54.9,35.1,327,176,610,P1,False,B,3,,0,309,
South 24 Parganas,214,S24P-214,39,Govt Office 39,300,294,0,594,49.49,42,7.1,257,85,6,489,P1,121,52.6,17.4,311,109,491,P1,False,B,3,,0,253,
South 24 Parganas,214,S24P-214,40,Health Sub-Centre 40,361,367,0,728,50.41,50,6.9,382,156,4,614,P1,226,62.2,25.4,322,210,591,P1,False,B,3,,0,310,
South 24 Parganas,214,S24P-214,41,Community Hall 41,329,306,0,635,48.19,36,5.7,327,118,2,494,P1,209,66.2,23.9,261,182,496,P1,False,A,1,,0,270,
South 24 Parganas,214,S24P-214,42,Anganwadi Centre 42,383,363,1,747,48.59,58,7.8,323,202,3,583,P1,121,55.4,34.6,390,135,583,P1,False,B,3,,0,318,
South 24 Parganas,214,S24P-214,43,Panchayat Bhavan 43,342,315,1,658,47.87,39,5.9,262,122,15,537,P1,129,48.8,22.7,411,80,545,P1,False,B,3,,0,280,
South 24 Parganas,214,S24P-214,44,Community Hall 44,256,243,1,500,48.6,35,7.0,233,112,3,400,P1,121,58.2,28.0,262,100,418,P1,False,B,3,,0,213,
South 24 Parganas,214,S24P-214,45,Health Sub-Centre 45,388,397,1,786,50.51,56,7.1,401,204,7,693,P1,197,57.9,29.4,330,176,615,P1,False,B,3,,0,335,
South 24 Parganas,214,S24P-214,46,Community Hall 46,301,295,1,597,49.41,42,7.0,305,128,2,481,P1,177,63.4,26.6,292,132,471,P1,False,B,3,,0,254,
South 24 Parganas,214,S24P-214,47,Community Hall 47,309,309,0,618,50.0,44,7.1,316,150,2,518,P1,166,61.0,29.0,342,114,506,P1,False,B,3,,0,263,
South 24 Parganas,214,S24P-214,48,Primary School 48,379,360,1,740,48.65,36,4.9,351,173,4,604,P1,178,58.1,28.6,386,185,649,P1,False,B,3,,0,315,
South 24 Parganas,214,S24P-214,49,Temple Hall 49,357,347,0,704,49.29,50,7.1,378,149,10,619,P1,229,61.1,24.1,422,94,573,P1,False,B,3,,0,300,
South 24 Parganas,214,S24P-214,50,Market Building 50,278,280,0,558,50.18,36,6.5,261,135,4,440,P1,126,59.3,30.7,331,96,474,P1,False,B,3,,0,238,
South 24 Parganas,214,S24P-214,51,Panchayat Bhavan 51,380,341,1,722,47.23,34,4.7,334,178,3,570,P1,156,58.6,31.2,387,154,601,P1,False,B,3,,0,307,
South 24 Parganas,214,S24P-214,52,Post Office 52,277,268,1,546,49.08,37,6.8,221,147,8,449,P1,74,49.2,32.7,369,63,480,P1,False,B,3,,0,233,
South 24 Parganas,214,S24P-214,53,Temple Hall 53,324,314,0,638,49.22,45,7.1,312,171,4,536,P1,141,58.2,31.9,229,167,491,P1,False,B,3,,0,272,
South 24 Parganas,214,S24P-214,54,Community Hall 54,416,386,0,802,48.13,34,4.2,416,162,7,642,P1,254,64.8,25.2,487,141,698,P1,False,B,3,,0,342,
South 24 Parganas,214,S24P-214,55,Govt Office 55,328,327,0,655,49.92,45,6.9,279,173,6,513,P1,106,54.4,33.7,359,116,546,P1,False,B,3,,0,279,
South 24 Parganas,214,S24P-214,56,Health Sub-Centre 56,365,339,0,704,48.15,48,6.8,331,155,7,572,P1,176,57.9,27.1,362,148,579,P1,False,B,3,,0,300,
South 24 Parganas,214,S24P-214,57,High School 57,379,374,1,754,49.6,43,5.7,356,143,9,584,P1,213,61.0,24.5,449,119,632,P1,False,B,3,,0,321,
South 24 Parganas,214,S24P-214,58,Madrasa 58,333,314,0,647,48.53,46,7.1,342,114,7,560,P1,228,61.1,20.4,331,125,507,P1,False,B,3,,0,276,
South 24 Parganas,214,S24P-214,59,Temple Hall 59,245,254,1,500,50.8,27,5.4,245,126,3,413,P1,119,59.3,30.5,290,73,404,P1,False,B,3,,0,213,
South 24 Parganas,214,S24P-214,60,Temple Hall 60,291,273,0,564,48.4,37,6.6,251,99,9,438,P1,152,57.3,22.6,291,150,490,P1,False,B,3,,0,240,
South 24 Parganas,214,S24P-214,61,Community Hall 61,388,370,0,758,48.81,43,5.7,299,153,11,604,P1,146,49.5,25.3,430,94,630,P1,False,B,3,,0,323,
South 24 Parganas,214,S24P-214,62,Post Office 62,274,250,0,524,47.71,30,5.7,225,99,8,424,P1,126,53.1,23.3,271,83,428,P1,False,B,3,,0,223,
South 24 Parganas,214,S24P-214,63,High School 63,421,391,0,812,48.15,45,5.5,352,179,6,680,P1,173,51.8,26.3,447,152,665,P1,False,B,3,,0,346,
South 24 Parganas,214,S24P-214,64,Primary School 64,313,288,1,602,47.84,39,6.5,280,110,5,523,P1,157,53.5,21.0,232,162,528,P1,False,B,3,,0,256,
South 24 Parganas,214,S24P-214,65,Madrasa 65,295,284,0,579,49.05,37,6.4,309,110,9,502,P1,199,61.6,21.9,252,134,498,P1,False,B,3,,0,247,
South 24 Parganas,214,S24P-214,66,Post Office 66,332,334,1,667,50.07,44,6.6,320,90,14,542,P1,207,59.0,16.6,321,164,549,P1,False,B,3,,0,284,
South 24 Parganas,214,S24P-214,67,Community Hall 67,284,281,1,566,49.65,31,5.5,240,172,7,488,P1,68,49.2,35.2,277,84,451,P1,False,B,3,,0,241,
South 24 Parganas,214,S24P-214,68,Govt Office 68,255,240,0,495,48.48,38,7.7,217,130,3,418,P1,87,51.9,31.1,292,85,419,P1,False,B,3,,0,211,
South 24 Parganas,214,S24P-214,69,Health Sub-Centre 69,273,257,1,531,48.4,40,7.5,254,86,10,426,P1,168,59.6,20.2,225,120,432,P1,False,B,3,,0,226,
South 24 Parganas,214,S24P-214,70,High School 70,370,347,1,718,48.33,36,5.0,335,163,6,553,P1,172,60.6,29.5,289,140,618,P1,False,B,3,,0,306,
South 24 Parganas,214,S24P-214,71,High School 71,336,339,1,676,50.15,52,7.7,289,179,4,537,P1,110,53.8,33.3,313,184,552,P1,False,B,3,,0,288,
South 24 Parganas,214,S24P-214,72,Madrasa 72,313,287,1,601,47.75,35,5.8,287,125,3,485,P1,162,59.2,25.8,317,141,509,P1,False,B,3,,0,256,
South 24 Parganas,214,S24P-214,73,Temple Hall 73,342,308,0,650,47.38,50,7.7,438,55,2,548,P1,383,79.9,10.0,372,111,537,P1,False,A,1,,0,277,
South 24 Parganas,214,S24P-214,74,Community Hall 74,373,383,1,757,50.59,32,4.2,315,139,6,596,P1,176,52.9,23.3,381,158,628,P1,False,B,3,,0,322,
South 24 Parganas,214,S24P-214,75,Temple Hall 75,396,406,0,802,50.62,58,7.2,436,177,2,681,P1,259,64.0,26.0,395,213,686,P1,False,B,3,,0,342,
South 24 Parganas,214,S24P-214,76,Temple Hall 76,260,264,0,524,50.38,26,5.0,241,135,4,417,P1,106,57.8,32.4,168,109,402,P1,False,B,3,,0,223,
South 24 Parganas,214,S24P-214,77,High School 77,266,240,1,507,47.34,22,4.3,218,151,1,411,P1,67,53.0,36.7,279,78,397,P1,False,B,3,,0,216,
South 24 Parganas,214,S24P-214,78,Anganwadi Centre 78,382,362,1,745,48.59,56,7.5,246,151,17,578,P1,88,42.6,26.1,352,152,577,P1,False,B,3,,0,317,
South 24 Parganas,214,S24P-214,79,Health Sub-Centre 79,327,329,1,657,50.08,42,6.4,333,106,11,564,P1,225,59.0,18.8,332,143,575,P1,False,B,3,,0,280,
South 24 Parganas,214,S24P-214,80,Temple Hall 80,333,299,0,632,47.31,34,5.4,280,180,2,511,P1,100,54.8,35.2,289,156,494,P1,False,B,3,,0,269,
South 24 Parganas,214,S24P-214,81,Panchayat Bhavan 81,351,319,0,670,47.61,51,7.6,383,128,5,567,P1,255,67.5,22.6,384,86,522,P1,False,A,1,,0,285,
South 24 Parganas,214,S24P-214,82,Temple Hall 82,373,382,0,755,50.6,50,6.6,407,125,5,591,P1,282,68.9,21.2,393,178,661,P1,False,A,1,,0,322,
South 24 Parganas,214,S24P-214,83,Health Sub-Centre 83,409,393,0,802,49.0,44,5.5,379,176,6,617,P1,203,61.4,28.5,463,120,648,P1,False,B,3,,0,342,
South 24 Parganas,214,S24P-214,84,Club Building 84,305,284,0,589,48.22,42,7.1,296,117,3,459,P1,179,64.5,25.5,334,111,521,P1,False,B,3,,0,251,
South 24 Parganas,214,S24P-214,85,Community Hall 85,319,307,0,626,49.04,35,5.6,300,131,12,539,P1,169,55.7,24.3,336,155,546,P1,False,B,3,,0,267,
South 24 Parganas,214,S24P-214,86,Post Office 86,427,393,0,820,47.93,48,5.9,373,207,13,719,P1,166,51.9,28.8,430,142,635,P1,False,B,3,,0,349,
South 24 Parganas,214,S24P-214,87,Health Sub-Centre 87,352,325,1,678,47.94,38,5.6,356,128,5,538,P1,228,66.2,23.8,379,130,566,P1,False,A,1,,0,289,
South 24 Parganas,214,S24P-214,88,High School 88,285,256,0,541,47.32,40,7.4,272,141,6,469,P1,131,58.0,30.1,243,120,423,P1,False,B,3,,0,230,
South 24 Parganas,214,S24P-214,89,Health Sub-Centre 89,335,325,0,660,49.24,44,6.7,267,121,14,526,P1,146,50.8,23.0,328,141,521,P1,False,B,3,,0,281,
South 24 Parganas,214,S24P-214,90,Club Building 90,342,347,1,690,50.29,50,7.2,408,141,3,610,P1,267,66.9,23.1,368,174,602,P1,False,A,1,,0,294,
South 24 Parganas,214,S24P-214,91,Temple Hall 91,351,320,1,672,47.62,47,7.0,310,188,6,566,P1,122,54.8,33.2,274,156,520,P1,False,B,3,,0,286,
South 24 Parganas,214,S24P-214,92,High School 92,412,385,1,798,48.25,48,6.0,372,195,7,677,P1,177,54.9,28.8,499,104,669,P1,False,B,3,,0,340,
South 24 Parganas,214,S24P-214,93,Govt Office 93,305,299,0,604,49.5,41,6.8,269,154,7,526,P1,115,51.1,29.3,248,165,505,P1,False,B,3,,0,257,
South 24 Parganas,214,S24P-214,94,Health Sub-Centre 94,341,350,0,691,50.65,41,5.9,366,152,5,575,P1,214,63.7,26.4,336,167,569,P1,False,B,3,,0,294,
South 24 Parganas,214,S24P-214,95,Health Sub-Centre 95,270,256,1,527,48.58,28,5.3,247,106,7,415,P1,141,59.5,25.5,258,123,450,P1,False,B,3,,0,224,
South 24 Parganas,214,S24P-214,96,Community Hall 96,281,258,1,540,47.78,30,5.6,244,126,2,416,P1,118,58.7,30.3,252,127,421,P1,False,B,3,,0,230,
South 24 Parganas,214,S24P-214,97,High School 97,383,388,1,772,50.26,38,4.9,431,173,3,671,P1,258,64.2,25.8,381,204,680,P1,False,B,3,,0,329,
South 24 Parganas,214,S24P-214,98,Panchayat Bhavan 98,264,247,1,512,48.24,30,5.9,296,108,5,448,P1,188,66.1,24.1,226,105,398,P1,False,A,1,,0,218,
South 24 Parganas,214,S24P-214,99,Health Sub-Centre 99,398,396,1,795,49.81,46,5.8,350,151,6,650,P1,199,53.8,23.2,366,143,682,P1,False,B,3,,0,339,
South 24 Parganas,214,S24P-214,100,Madrasa 100,365,344,0,709,48.52,49,6.9,398,96,4,549,P1,302,72.5,17.5,376,174,612,P1,False,A,1,,0,302,
South 24 Parganas,214,S24P-214,101,Madrasa 101,247,235,1,483,48.65,29,6.0,243,84,6,424,P1,156,57.3,19.8,214,71,392,P1,False,B,3,,0,206,
South 24 Parganas,214,S24P-214,102,High School 102,406,369,1,776,47.55,39,5.0,315,226,6,601,P1,89,52.4,37.6,408,193,668,P1,False,B,3,,0,330,
South 24 Parganas,214,S24P-214,103,Club Building 103,357,366,1,724,50.55,42,5.8,346,109,5,555,P1,237,62.3,19.6,362,212,638,P1,False,B,3,,0,308,
South 24 Parganas,214,S24P-214,104,Panchayat Bhavan 104,253,235,1,489,48.06,21,4.3,203,67,15,429,P1,63,47.3,15.6,253,99,407,P1,False,B,3,,0,208,
South 24 Parganas,214,S24P-214,105,Temple Hall 105,402,388,0,790,49.11,39,4.9,340,185,5,607,P1,155,56.0,30.5,390,167,619,P1,False,B,3,,0,336,
South 24 Parganas,214,S24P-214,106,Temple Hall 106,258,258,1,517,49.9,39,7.5,255,101,2,396,P1,154,64.4,25.5,237,110,413,P1,False,B,3,,0,220,
South 24 Parganas,214,S24P-214,107,Market Building 107,406,414,0,820,50.49,52,6.3,360,236,4,704,P1,124,51.1,33.5,361,223,668,P1,False,B,3,,0,349,
South 24 Parganas,214,S24P-214,108,Post Office 108,327,310,0,637,48.67,34,5.3,274,124,10,492,P1,150,55.7,25.2,328,160,542,P1,False,B,3,,0,271,
South 24 Parganas,214,S24P-214,109,Health Sub-Centre 109,398,400,0,798,50.13,41,5.1,309,123,9,618,P1,138,50.0,19.9,431,199,700,P1,False,B,3,,0,340,
South 24 Parganas,214,S24P-214,110,Govt Office 110,324,296,1,621,47.67,45,7.2,354,130,4,538,P1,224,65.8,24.2,296,142,505,P1,False,A,1,,0,264,
South 24 Parganas,214,S24P-214,111,Primary School 111,407,383,1,791,48.42,54,6.8,367,118,11,619,P1,249,59.3,19.1,387,219,673,P1,False,B,3,,0,337,
South 24 Parganas,214,S24P-214,112,Health Sub-Centre 112,269,264,1,534,49.44,40,7.5,282,80,8,459,P1,197,61.4,17.4,331,77,453,P1,False,B,3,,0,227,
South 24 Parganas,214,S24P-214,113,Madrasa 113,307,309,1,617,50.08,26,4.2,293,120,3,484,P1,173,60.5,24.8,305,129,509,P1,False,B,3,,0,263,
South 24 Parganas,214,S24P-214,114,Health Sub-Centre 114,276,284,0,560,50.71,27,4.8,249,166,7,473,P1,83,52.6,35.1,306,126,479,P1,False,B,3,,0,238,
South 24 Parganas,214,S24P-214,115,Panchayat Bhavan 115,268,250,1,519,48.17,36,6.9,250,95,9,422,P1,155,59.2,22.5,247,147,450,P1,False,B,3,,0,221,
South 24 Parganas,214,S24P-214,116,Club Building 116,291,292,0,583,50.09,26,4.5,359,89,3,501,P1,270,71.7,17.8,311,120,479,P1,False,A,1,,0,248,
South 24 Parganas,214,S24P-214,117,Temple Hall 117,299,273,0,572,47.73,41,7.2,275,121,4,440,P1,154,62.5,27.5,272,129,445,P1,False,B,3,,0,244,
South 24 Parganas,214,S24P-214,118,Community Hall 118,369,365,0,734,49.73,53,7.2,411,141,4,614,P1,270,66.9,23.0,377,184,623,P1,False,A,1,,0,313,
South 24 Parganas,214,S24P-214,119,Anganwadi Centre 119,278,281,0,559,50.27,35,6.3,237,180,4,483,P1,57,49.1,37.3,319,97,491,P1,False,B,3,,0,238,
South 24 Parganas,214,S24P-214,120,Temple Hall 120,275,263,0,538,48.88,30,5.6,231,106,6,413,P1,125,55.9,25.7,284,110,438,P1,False,B,3,,0,229,
South 24 Parganas,214,S24P-214,121,Anganwadi Centre 121,426,386,0,812,47.54,46,5.7,388,179,2,630,P1,209,61.6,28.4,366,162,677,P1,False,B,3,,0,346,
South 24 Parganas,214,S24P-214,122,Post Office 122,315,296,0,611,48.45,27,4.4,296,161,7,540,P1,135,54.8,29.8,356,91,496,P1,False,B,3,,0,260,
South 24 Parganas,214,S24P-214,123,Health Sub-Centre 123,282,283,1,566,50.0,37,6.5,290,108,5,497,P1,182,58.4,21.7,309,112,494,P1,False,B,3,,0,241,
South 24 Parganas,214,S24P-214,124,Panchayat Bhavan 124,266,264,0,530,49.81,23,4.3,277,80,4,465,P1,177,59.6,17.2,222,108,406,P1,False,B,3,,0,226,
South 24 Parganas,214,S24P-214,125,Primary School 125,311,309,1,621,49.76,32,5.2,307,103,10,507,P1,204,60.6,20.3,318,101,480,P1,False,B,3,,0,264,
South 24 Parganas,214,S24P-214,126,Club Building 126,390,401,0,791,50.7,39,4.9,417,205,5,691,P1,212,60.3,29.7,458,153,679,P1,False,B,3,,0,337,
South 24 Parganas,214,S24P-214,127,Community Hall 127,295,299,0,594,50.34,38,6.4,281,116,8,483,P1,165,58.2,24.0,274,132,505,P1,False,B,3,,0,253,
South 24 Parganas,214,S24P-214,128,Govt Office 128,407,399,1,807,49.44,56,6.9,423,157,6,645,P1,266,65.6,24.3,477,156,704,P1,False,A,1,,0,344,
South 24 Parganas,214,S24P-214,129,High School 129,365,329,0,694,47.41,50,7.2,402,143,5,606,P1,259,66.3,23.6,417,126,604,P1,False,A,1,,0,296,
South 24 Parganas,214,S24P-214,130,Temple Hall 130,317,292,0,609,47.95,31,5.1,333,133,3,517,P1,200,64.4,25.7,222,130,492,P1,False,B,3,,0,259,
South 24 Parganas,214,S24P-214,131,Primary School 131,273,280,0,553,50.63,27,4.9,310,100,5,455,P1,210,68.1,22.0,221,117,477,P1,False,A,1,,0,235,
South 24 Parganas,214,S24P-214,132,Panchayat Bhavan 132,309,278,1,588,47.28,39,6.6,327,116,4,492,P1,211,66.5,23.6,265,150,461,P1,False,A,1,,0,250,
South 24 Parganas,214,S24P-214,133,Temple Hall 133,323,314,0,637,49.29,36,5.7,262,110,7,537,P1,109,48.8,20.5,330,145,528,P1,False,B,3,,0,271,
South 24 Parganas,214,S24P-214,134,Post Office 134,318,299,1,618,48.38,27,4.4,255,187,5,492,P1,68,51.8,38.0,338,92,477,P1,False,B,3,,0,263,
South 24 Parganas,214,S24P-214,135,Anganwadi Centre 135,351,318,1,670,47.46,44,6.6,350,110,6,547,P1,240,64.0,20.1,323,163,567,P1,False,B,3,,0,285,
South 24 Parganas,214,S24P-214,136,Club Building 136,341,306,0,647,47.3,30,4.6,343,145,3,542,P1,198,63.3,26.8,299,168,519,P1,False,B,3,,0,276,
South 24 Parganas,214,S24P-214,137,High School 137,255,252,1,508,49.61,22,4.3,236,109,2,390,P1,127,60.5,27.9,258,76,449,P1,False,B,3,,0,216,
South 24 Parganas,214,S24P-214,138,Post Office 138,320,299,0,619,48.3,32,5.2,305,83,5,484,P1,219,63.0,17.1,296,188,538,P1,False,B,3,,0,264,
South 24 Parganas,214,S24P-214,139,Temple Hall 139,294,291,1,586,49.66,38,6.5,283,121,5,451,P1,162,62.7,26.8,281,157,486,P1,False,B,3,,0,250,
South 24 Parganas,214,S24P-214,140,Panchayat Bhavan 140,289,262,0,551,47.55,33,6.0,245,126,3,442,P1,119,55.4,28.5,270,123,437,P1,False,B,3,,0,235,
South 24 Parganas,214,S24P-214,141,Market Building 141,412,381,1,794,47.98,40,5.0,297,141,10,615,P1,137,48.3,22.9,383,245,698,P1,False,B,3,,0,338,
South 24 Parganas,214,S24P-214,142,Primary School 142,306,276,0,582,47.42,40,6.9,240,146,5,446,P1,94,53.8,32.7,267,105,473,P1,False,B,3,,0,248,
South 24 Parganas,214,S24P-214,143,Club Building 143,267,257,0,524,49.05,24,4.6,219,169,6,453,P1,50,48.3,37.3,276,118,437,P1,False,B,3,,0,223,
South 24 Parganas,214,S24P-214,144,Temple Hall 144,418,382,0,800,47.75,41,5.1,367,121,17,635,P1,244,57.8,19.1,354,224,642,P1,False,B,3,,0,341,
South 24 Parganas,214,S24P-214,145,Market Building 145,251,254,0,505,50.3,33,6.5,256,105,4,401,P1,151,63.8,26.2,226,148,415,P1,False,B,3,,0,215,
South 24 Parganas,214,S24P-214,146,Health Sub-Centre 146,363,354,1,718,49.3,54,7.5,359,136,7,557,P1,223,64.5,24.4,345,176,579,P1,False,B,3,,0,306,
South 24 Parganas,214,S24P-214,147,Primary School 147,246,250,1,497,50.3,25,5.0,249,106,6,409,P1,143,60.9,25.9,300,75,416,P1,False,B,3,,0,212,
South 24 Parganas,214,S24P-214,148,Govt Office 148,369,358,0,727,49.24,52,7.2,368,182,9,630,P1,186,58.4,28.9,349,121,612,P1,False,B,3,,0,310,
South 24 Parganas,214,S24P-214,149,Primary School 149,299,287,0,586,48.98,40,6.8,318,133,6,501,P1,185,63.5,26.5,259,144,448,P1,False,B,3,,0,250,
South 24 Parganas,214,S24P-214,150,Primary School 150,314,297,0,611,48.61,38,6.2,332,129,8,536,P1,203,61.9,24.1,317,104,515,P1,False,B,3,,0,260,
South 24 Parganas,214,S24P-214,151,Club Building 151,420,388,0,808,48.02,53,6.6,439,203,8,714,P1,236,61.5,28.4,456,139,661,P1,False,B,3,,0,344,
South 24 Parganas,214,S24P-214,152,Panchayat Bhavan 152,391,391,0,782,50.0,52,6.6,479,125,4,671,P1,354,71.4,18.6,376,185,632,P1,False,A,1,,0,333,
South 24 Parganas,214,S24P-214,153,Club Building 153,348,316,0,664,47.59,32,4.8,419,84,6,558,P1,335,75.1,15.1,309,138,525,P1,False,A,1,,0,283,
South 24 Parganas,214,S24P-214,154,Post Office 154,402,415,1,818,50.73,42,5.1,375,228,6,682,P1,147,55.0,33.4,283,160,660,P1,False,B,3,,0,348,
South 24 Parganas,214,S24P-214,155,Govt Office 155,394,371,1,766,48.43,35,4.6,368,167,4,612,P1,201,60.1,27.3,358,170,587,P1,False,B,3,,0,326,
South 24 Parganas,214,S24P-214,156,Govt Office 156,257,246,1,504,48.81,35,6.9,237,115,3,394,P1,122,60.2,29.2,321,70,443,P1,False,B,3,,0,215,
South 24 Parganas,214,S24P-214,157,Health Sub-Centre 157,395,379,1,775,48.9,37,4.8,406,166,4,636,P1,240,63.8,26.1,359,118,635,P1,False,B,3,,0,330,
South 24 Parganas,214,S24P-214,158,Primary School 158,377,374,0,751,49.8,49,6.5,330,168,17,657,P1,162,50.2,25.6,399,165,626,P1,False,B,3,,0,320,
South 24 Parganas,214,S24P-214,159,Club Building 159,366,359,0,725,49.52,43,5.9,288,69,18,573,P1,96,50.3,12.0,279,222,565,P1,False,B,3,,0,309,
South 24 Parganas,214,S24P-214,160,Club Building 160,312,319,1,632,50.47,27,4.3,330,137,5,528,P1,193,62.5,25.9,254,150,496,P1,False,B,3,,0,269,
South 24 Parganas,214,S24P-214,161,Club Building 161,392,398,1,791,50.32,37,4.7,445,135,3,680,P1,310,65.4,19.9,381,161,633,P1,False,A,1,,0,337,
South 24 Parganas,214,S24P-214,162,Community Hall 162,279,261,1,541,48.24,25,4.6,250,159,3,454,P1,91,55.1,35.0,258,142,444,P1,False,B,3,,0,230,
South 24 Parganas,214,S24P-214,163,Primary School 163,238,245,0,483,50.72,37,7.7,212,100,7,376,P1,112,56.4,26.6,227,133,422,P1,False,B,3,,0,206,
South 24 Parganas,214,S24P-214,164,Panchayat Bhavan 164,387,367,0,754,48.67,45,6.0,395,135,11,638,P1,260,61.9,21.2,301,243,608,P1,False,B,3,,0,321,
South 24 Parganas,214,S24P-214,165,Post Office 165,376,364,0,740,49.19,35,4.7,366,178,11,638,P1,188,57.4,27.9,474,82,618,P1,False,B,3,,0,315,
South 24 Parganas,214,S24P-214,166,Post Office 166,327,311,0,638,48.75,35,5.5,364,117,7,553,P1,247,65.8,21.2,226,166,507,P1,False,A,1,,0,272,
South 24 Parganas,215,S24P-215,1,Anganwadi Centre 1,267,266,0,533,49.91,38,7.1,197,109,4,422,P1,88,46.7,25.8,290,77,408,P1,False,B,3,,0,227,
South 24 Parganas,215,S24P-215,2,Post Office 2,419,395,1,815,48.47,73,9.0,300,216,14,653,P1,84,45.9,33.1,374,172,661,P1,False,B,3,,0,347,
South 24 Parganas,215,S24P-215,3,Community Hall 3,253,259,1,513,50.49,51,9.9,244,57,6,410,P1,146,59.5,13.9,202,136,406,P1,False,B,3,,0,218,
South 24 Parganas,215,S24P-215,4,Health Sub-Centre 4,317,320,0,637,50.24,56,8.8,337,128,3,560,P1,209,60.2,22.9,430,58,542,P1,False,B,3,,0,271,
South 24 Parganas,215,S24P-215,5,Madrasa 5,280,273,0,553,49.37,33,6.0,278,141,5,474,P1,137,58.6,29.7,331,86,463,P1,False,B,3,,0,235,
South 24 Parganas,215,S24P-215,6,Health Sub-Centre 6,342,326,0,668,48.8,41,6.1,324,158,5,539,P1,166,60.1,29.3,303,188,560,P1,False,B,3,,0,284,
South 24 Parganas,215,S24P-215,7,Madrasa 7,328,326,1,655,49.77,64,9.8,361,99,6,512,P1,262,70.5,19.3,241,169,509,P1,False,A,1,,0,279,
South 24 Parganas,215,S24P-215,8,Temple Hall 8,264,252,0,516,48.84,35,6.8,242,112,4,401,P1,130,60.3,27.9,226,65,396,P1,False,B,3,,0,220,
South 24 Parganas,215,S24P-215,9,Govt Office 9,362,355,0,717,49.51,68,9.5,330,170,6,583,P1,160,56.6,29.2,352,125,630,P1,False,B,3,,0,305,
South 24 Parganas,215,S24P-215,10,High School 10,279,267,0,546,48.9,54,9.9,310,72,3,425,P1,238,72.9,16.9,299,131,477,P1,False,A,1,,0,233,
South 24 Parganas,215,S24P-215,11,Club Building 11,402,401,1,804,49.88,75,9.3,478,128,5,674,P1,350,70.9,19.0,341,209,651,P1,False,A,1,,0,342,
South 24 Parganas,215,S24P-215,12,Market Building 12,360,345,1,706,48.87,56,7.9,404,157,7,623,P1,247,64.8,25.2,247,147,556,P1,False,B,3,,0,301,
South 24 Parganas,215,S24P-215,13,Madrasa 13,317,297,1,615,48.29,54,8.8,330,124,3,504,P1,206,65.5,24.6,319,99,530,P1,False,A,1,,0,262,
South 24 Parganas,215,S24P-215,14,Temple Hall 14,411,383,1,795,48.18,48,6.0,417,150,7,658,P1,267,63.4,22.8,354,215,650,P1,False,B,3,,0,339,
South 24 Parganas,215,S24P-215,15,Health Sub-Centre 15,257,250,0,507,49.31,33,6.5,218,129,5,432,P1,89,50.5,29.9,237,81,405,P1,False,B,3,,0,216,
South 24 Parganas,215,S24P-215,16,Temple Hall 16,268,246,0,514,47.86,33,6.4,225,131,3,409,P1,94,55.0,32.0,300,84,426,P1,False,B,3,,0,219,
South 24 Parganas,215,S24P-215,17,Govt Office 17,354,359,1,714,50.28,71,9.9,345,129,9,562,P1,216,61.4,23.0,405,121,604,P1,False,B,3,,0,304,
South 24 Parganas,215,S24P-215,18,Post Office 18,248,254,1,503,50.5,43,8.5,203,91,8,386,P1,112,52.6,23.6,269,117,433,P1,False,B,3,,0,214,
South 24 Parganas,215,S24P-215,19,Panchayat Bhavan 19,272,274,0,546,50.18,37,6.8,252,131,1,426,P1,121,59.2,30.8,278,121,443,P1,False,B,3,,0,233,
South 24 Parganas,215,S24P-215,20,Anganwadi Centre 20,391,376,1,768,48.96,54,7.0,355,193,7,660,P1,162,53.8,29.2,260,162,608,P1,False,B,3,,0,327,
South 24 Parganas,215,S24P-215,21,Anganwadi Centre 21,290,288,1,579,49.74,53,9.2,269,88,4,444,P1,181,60.6,19.8,248,133,452,P1,False,B,3,,0,247,
South 24 Parganas,215,S24P-215,22,Post Office 22,337,339,1,677,50.07,40,5.9,312,173,4,539,P1,139,57.9,32.1,398,117,572,P1,False,B,3,,0,288,
South 24 Parganas,215,S24P-215,23,Madrasa 23,340,321,0,661,48.56,63,9.5,306,147,15,582,P1,159,52.6,25.3,339,127,518,P1,False,B,3,,0,281,
South 24 Parganas,215,S24P-215,24,Panchayat Bhavan 24,313,293,0,606,48.35,35,5.8,277,152,3,481,P1,125,57.6,31.6,288,167,506,P1,False,B,3,,0,258,
South 24 Parganas,215,S24P-215,25,Post Office 25,341,321,1,663,48.42,54,8.1,293,129,8,540,P1,164,54.3,23.9,343,135,531,P1,False,B,3,,0,282,
South 24 Parganas,215,S24P-215,26,Post Office 26,347,345,0,692,49.86,57,8.2,313,133,5,547,P1,180,57.2,24.3,372,104,577,P1,False,B,3,,0,295,
South 24 Parganas,215,S24P-215,27,Community Hall 27,286,287,1,574,50.0,43,7.5,236,152,6,439,P1,84,53.8,34.6,312,117,499,P1,False,B,3,,0,244,
South 24 Parganas,215,S24P-215,28,Panchayat Bhavan 28,337,347,0,684,50.73,68,9.9,277,122,13,550,P1,144,50.4,22.2,298,137,559,P1,False,B,3,,0,291,
South 24 Parganas,215,S24P-215,29,Temple Hall 29,405,399,0,804,49.63,63,7.8,361,223,6,649,P1,138,55.6,34.4,356,120,643,P1,False,B,3,,0,342,
South 24 Parganas,215,S24P-215,30,Panchayat Bhavan 30,414,395,1,810,48.77,61,7.5,454,155,4,677,P1,299,67.1,22.9,431,135,629,P1,False,A,1,,0,345,
South 24 Parganas,215,S24P-215,31,Panchayat Bhavan 31,250,256,1,507,50.49,43,8.5,251,108,6,438,P1,143,57.3,24.7,256,95,390,P1,False,B,3,,0,216,
South 24 Parganas,215,S24P-215,32,Primary School 32,342,313,1,656,47.71,48,7.3,267,169,9,522,P1,98,51.1,32.4,328,158,555,P1,False,B,3,,0,279,
South 24 Parganas,215,S24P-215,33,Madrasa 33,400,383,0,783,48.91,58,7.4,399,181,13,689,P1,218,57.9,26.3,282,150,626,P1,False,B,3,,0,333,
South 24 Parganas,215,S24P-215,34,High School 34,261,247,0,508,48.62,51,10.0,243,127,3,434,P1,116,56.0,29.3,280,87,408,P1,False,B,3,,0,216,
South 24 Parganas,215,S24P-215,35,Panchayat Bhavan 35,311,285,0,596,47.82,33,5.5,312,137,3,503,P1,175,62.0,27.2,276,88,463,P1,False,B,3,,0,254,
South 24 Parganas,215,S24P-215,36,Temple Hall 36,362,336,0,698,48.14,72,10.3,333,102,10,536,P1,231,62.1,19.0,291,220,575,P1,False,D,4,,0,297,
South 24 Parganas,215,S24P-215,37,Panchayat Bhavan 37,399,391,1,791,49.43,46,5.8,440,120,5,622,P1,320,70.7,19.3,375,108,636,P1,False,A,1,,0,337,
South 24 Parganas,215,S24P-215,38,Temple Hall 38,389,385,0,774,49.74,75,9.7,330,145,18,653,P1,177,50.5,22.2,416,137,615,P1,False,B,3,,0,330,
South 24 Parganas,215,S24P-215,39,Anganwadi Centre 39,327,312,0,639,48.83,45,7.0,275,159,5,494,P1,116,55.7,32.2,328,135,548,P1,False,B,3,,0,272,
South 24 Parganas,215,S24P-215,40,Anganwadi Centre 40,273,283,1,557,50.81,41,7.4,248,126,4,437,P1,122,56.8,28.8,309,64,477,P1,False,B,3,,0,237,
South 24 Parganas,215,S24P-215,41,Primary School 41,283,262,1,546,47.99,41,7.5,246,140,8,459,P1,106,53.6,30.5,260,94,431,P1,False,B,3,,0,233,
South 24 Parganas,215,S24P-215,42,Club Building 42,290,280,0,570,49.12,46,8.1,349,56,2,450,P1,293,77.6,12.4,346,105,501,P1,False,A,1,,0,243,
South 24 Parganas,215,S24P-215,43,Post Office 43,401,397,1,799,49.69,74,9.3,364,183,5,691,P1,181,52.7,26.5,424,172,663,P1,False,B,3,,0,340,
South 24 Parganas,215,S24P-215,44,High School 44,286,281,0,567,49.56,38,6.7,330,121,2,501,P1,209,65.9,24.2,330,91,468,P1,False,A,1,,0,241,
South 24 Parganas,215,S24P-215,45,Post Office 45,350,352,0,702,50.14,54,7.7,414,113,3,585,P1,301,70.8,19.3,373,151,582,P1,False,A,1,,0,299,
South 24 Parganas,215,S24P-215,46,Health Sub-Centre 46,393,373,1,767,48.63,79,10.3,474,90,2,626,P1,384,75.7,14.4,397,152,610,P1,False,D,4,,0,327,
South 24 Parganas,215,S24P-215,47,Health Sub-Centre 47,370,342,1,713,47.97,42,5.9,349,75,10,570,P1,219,61.2,13.2,347,92,568,P1,False,B,3,,0,304,
South 24 Parganas,215,S24P-215,48,Govt Office 48,275,256,0,531,48.21,36,6.8,216,92,12,447,P1,93,48.3,20.6,226,159,428,P1,False,B,3,,0,226,
South 24 Parganas,215,S24P-215,49,Post Office 49,328,325,1,654,49.69,41,6.3,296,174,5,546,P1,122,54.2,31.9,308,171,532,P1,False,B,3,,0,279,
South 24 Parganas,215,S24P-215,50,Health Sub-Centre 50,396,376,0,772,48.7,45,5.8,409,156,7,628,P1,253,65.1,24.8,441,129,669,P1,False,A,1,,0,329,
South 24 Parganas,215,S24P-215,51,Club Building 51,318,299,1,618,48.38,35,5.7,331,119,6,500,P1,212,66.2,23.8,334,93,475,P1,False,A,1,,0,263,
South 24 Parganas,215,S24P-215,52,Community Hall 52,325,322,1,648,49.69,36,5.6,370,110,10,570,P1,260,64.9,19.3,321,144,541,P1,False,B,3,,0,276,
South 24 Parganas,215,S24P-215,53,Madrasa 53,364,350,1,715,48.95,47,6.6,368,150,4,585,P1,218,62.9,25.6,388,126,572,P1,False,B,3,,0,304,
South 24 Parganas,215,S24P-215,54,Club Building 54,248,239,0,487,49.08,39,8.0,192,100,7,377,P1,92,50.9,26.5,297,87,427,P1,False,B,3,,0,207,
South 24 Parganas,215,S24P-215,55,Community Hall 55,275,258,0,533,48.41,43,8.1,309,114,4,470,P1,195,65.7,24.3,291,101,436,P1,False,A,1,,0,227,
South 24 Parganas,215,S24P-215,56,Temple Hall 56,322,312,1,635,49.13,61,9.6,377,64,3,491,P1,313,76.8,13.0,364,136,556,P1,False,A,1,,0,270,
South 24 Parganas,215,S24P-215,57,Madrasa 57,251,230,0,481,47.82,34,7.1,236,98,2,399,P1,138,59.1,24.6,193,85,372,P1,False,B,3,,0,205,
South 24 Parganas,215,S24P-215,58,Primary School 58,315,295,0,610,48.36,57,9.3,331,148,5,532,P1,183,62.2,27.8,320,144,516,P1,False,B,3,,0,260,
South 24 Parganas,215,S24P-215,59,Panchayat Bhavan 59,389,378,0,767,49.28,49,6.4,399,126,6,646,P1,273,61.8,19.5,409,184,659,P1,False,B,3,,0,327,
South 24 Parganas,215,S24P-215,60,High School 60,267,264,1,532,49.62,31,5.8,274,111,5,428,P1,163,64.0,25.9,268,107,416,P1,False,B,3,,0,227,
South 24 Parganas,215,S24P-215,61,Temple Hall 61,244,243,0,487,49.9,38,7.8,219,100,4,427,P1,119,51.3,23.4,251,100,390,P1,False,B,3,,0,207,
South 24 Parganas,215,S24P-215,62,Market Building 62,238,247,1,486,50.82,42,8.6,223,103,6,381,P1,120,58.5,27.0,224,114,375,P1,False,B,3,,0,207,
South 24 Parganas,215,S24P-215,63,Temple Hall 63,255,235,0,490,47.96,29,5.9,229,86,4,399,P1,143,57.4,21.6,256,125,423,P1,False,B,3,,0,209,
South 24 Parganas,215,S24P-215,64,Health Sub-Centre 64,332,317,0,649,48.84,52,8.0,265,188,5,507,P1,77,52.3,37.1,328,183,568,P1,False,B,3,,0,276,
South 24 Parganas,215,S24P-215,65,Market Building 65,242,250,0,492,50.81,50,10.2,179,124,7,377,P1,55,47.5,32.9,262,123,430,P1,False,D,4,,0,210,
South 24 Parganas,215,S24P-215,66,Market Building 66,331,312,1,644,48.45,57,8.9,355,126,3,535,P1,229,66.4,23.6,291,178,569,P1,False,A,1,,0,274,
South 24 Parganas,215,S24P-215,67,Post Office 67,308,303,0,611,49.59,62,10.1,298,110,8,502,P1,188,59.4,21.9,276,146,469,P1,False,D,4,,0,260,
South 24 Parganas,215,S24P-215,68,Govt Office 68,273,255,1,529,48.2,33,6.2,216,88,12,445,P1,91,48.5,19.8,267,98,449,P1,False,B,3,,0,225,
South 24 Parganas,215,S24P-215,69,Market Building 69,341,340,1,682,49.85,47,6.9,394,142,7,596,P1,252,66.1,23.8,311,196,591,P1,False,A,1,,0,290,
South 24 Parganas,215,S24P-215,70,Anganwadi Centre 70,257,249,0,506,49.21,47,9.3,243,118,5,405,P1,125,60.0,29.1,250,87,410,P1,False,B,3,,0,215,
South 24 Parganas,215,S24P-215,71,Market Building 71,264,261,0,525,49.71,34,6.5,286,76,4,402,P1,210,71.1,18.9,280,133,462,P1,False,A,1,,0,224,
South 24 Parganas,215,S24P-215,72,Market Building 72,378,347,1,726,47.8,58,8.0,314,141,8,567,P1,173,55.4,24.9,362,183,621,P1,False,B,3,,0,309,
South 24 Parganas,215,S24P-215,73,Panchayat Bhavan 73,315,308,0,623,49.44,53,8.5,267,117,12,493,P1,150,54.2,23.7,301,149,500,P1,False,B,3,,0,265,
South 24 Parganas,215,S24P-215,74,Club Building 74,351,342,1,694,49.28,51,7.3,237,185,14,550,P1,52,43.1,33.6,391,104,604,P1,False,B,3,,0,296,
South 24 Parganas,215,S24P-215,75,Community Hall 75,258,237,1,496,47.78,41,8.3,166,102,4,384,P1,58,43.2,26.6,274,93,435,P1,False,B,3,,0,211,
South 24 Parganas,215,S24P-215,76,High School 76,418,398,1,817,48.71,62,7.6,414,204,5,693,P1,210,59.7,29.4,341,199,632,P1,False,B,3,,0,348,
South 24 Parganas,215,S24P-215,77,Post Office 77,250,246,0,496,49.6,51,10.3,207,84,10,381,P1,123,54.3,22.0,266,91,397,P1,False,D,4,,0,211,
South 24 Parganas,215,S24P-215,78,Market Building 78,369,363,1,733,49.52,74,10.1,374,182,4,617,P1,192,60.6,29.5,403,173,640,P1,False,D,4,,0,312,
South 24 Parganas,215,S24P-215,79,Market Building 79,377,346,1,724,47.79,50,6.9,390,138,6,586,P1,252,66.6,23.5,293,147,571,P1,False,A,1,,0,308,
South 24 Parganas,215,S24P-215,80,Club Building 80,305,291,0,596,48.83,57,9.6,288,175,2,515,P1,113,55.9,34.0,370,90,511,P1,False,B,3,,0,254,
South 24 Parganas,215,S24P-215,81,Anganwadi Centre 81,275,268,1,544,49.26,33,6.1,273,116,2,433,P1,157,63.0,26.8,258,109,468,P1,False,B,3,,0,232,
South 24 Parganas,215,S24P-215,82,Panchayat Bhavan 82,366,337,1,704,47.87,64,9.1,328,164,5,547,P1,164,60.0,30.0,392,124,574,P1,False,B,3,,0,300,
South 24 Parganas,215,S24P-215,83,Market Building 83,395,406,1,802,50.62,64,8.0,403,207,4,678,P1,196,59.4,30.5,335,222,701,P1,False,B,3,,0,342,
South 24 Parganas,215,S24P-215,84,Primary School 84,261,268,1,530,50.57,50,9.4,252,144,2,458,P1,108,55.0,31.4,241,113,425,P1,False,B,3,,0,226,
South 24 Parganas,215,S24P-215,85,Club Building 85,355,356,0,711,50.07,45,6.3,324,134,3,554,P1,190,58.5,24.2,359,146,562,P1,False,B,3,,0,303,
South 24 Parganas,215,S24P-215,86,High School 86,362,362,0,724,50.0,53,7.3,358,146,3,560,P1,212,63.9,26.1,397,170,629,P1,False,B,3,,0,308,
South 24 Parganas,215,S24P-215,87,Primary School 87,383,357,1,741,48.18,60,8.1,467,105,6,635,P1,362,73.5,16.5,274,192,583,P1,False,A,1,,0,316,
South 24 Parganas,215,S24P-215,88,Madrasa 88,342,328,0,670,48.96,60,9.0,373,109,4,536,P1,264,69.6,20.3,343,119,513,P1,False,A,1,,0,285,
South 24 Parganas,215,S24P-215,89,High School 89,378,352,0,730,48.22,60,8.2,428,116,3,605,P1,312,70.7,19.2,387,176,639,P1,False,A,1,,0,311,
South 24 Parganas,215,S24P-215,90,Madrasa 90,359,329,1,689,47.75,58,8.4,393,139,4,591,P1,254,66.5,23.5,405,109,571,P1,False,A,1,,0,293,
South 24 Parganas,215,S24P-215,91,Govt Office 91,401,379,0,780,48.59,64,8.2,375,205,5,681,P1,170,55.1,30.1,388,211,685,P1,False,B,3,,0,332,
South 24 Parganas,215,S24P-215,92,Primary School 92,300,291,0,591,49.24,48,8.1,296,114,10,503,P1,182,58.8,22.7,308,74,516,P1,False,B,3,,0,252,
South 24 Parganas,215,S24P-215,93,Community Hall 93,271,259,0,530,48.87,33,6.2,253,107,4,446,P1,146,56.7,24.0,250,149,466,P1,False,B,3,,0,226,
South 24 Parganas,215,S24P-215,94,Primary School 94,321,311,1,633,49.13,52,8.2,294,199,6,553,P1,95,53.2,36.0,333,147,557,P1,False,B,3,,0,270,
South 24 Parganas,215,S24P-215,95,Primary School 95,378,372,1,751,49.53,57,7.6,284,115,7,575,P1,121,49.4,20.0,371,176,643,P1,False,B,3,,0,320,
South 24 Parganas,215,S24P-215,96,Primary School 96,311,306,0,617,49.59,59,9.6,314,143,4,508,P1,171,61.8,28.1,294,172,518,P1,False,B,3,,0,263,
South 24 Parganas,215,S24P-215,97,High School 97,331,301,1,633,47.55,45,7.1,350,135,7,550,P1,215,63.6,24.5,333,104,485,P1,False,B,3,,0,270,
South 24 Parganas,215,S24P-215,98,Community Hall 98,334,342,0,676,50.59,56,8.3,418,117,2,595,P1,301,70.3,19.7,339,128,519,P1,False,A,1,,0,288,
South 24 Parganas,215,S24P-215,99,Anganwadi Centre 99,388,368,0,756,48.68,61,8.1,345,142,10,632,P1,203,54.6,22.5,395,183,654,P1,False,B,3,,0,322,
South 24 Parganas,215,S24P-215,100,Market Building 100,372,363,1,736,49.32,53,7.2,326,181,7,641,P1,145,50.9,28.2,305,130,579,P1,False,B,3,,0,313,
South 24 Parganas,215,S24P-215,101,Primary School 101,405,402,0,807,49.81,75,9.3,342,219,5,638,P1,123,53.6,34.3,471,111,647,P1,False,B,3,,0,344,
South 24 Parganas,215,S24P-215,102,Panchayat Bhavan 102,362,344,0,706,48.73,65,9.2,390,105,3,550,P1,285,70.9,19.1,319,183,609,P1,False,A,1,,0,301,
South 24 Parganas,215,S24P-215,103,High School 103,266,240,0,506,47.43,38,7.5,256,78,10,424,P1,178,60.4,18.4,199,136,443,P1,False,B,3,,0,215,
South 24 Parganas,215,S24P-215,104,Community Hall 104,389,397,1,787,50.44,46,5.8,404,199,4,669,P1,205,60.4,29.7,385,187,647,P1,False,B,3,,0,335,
South 24 Parganas,215,S24P-215,105,Madrasa 105,351,350,1,702,49.86,72,10.3,295,153,11,608,P1,142,48.5,25.2,321,107,618,P1,False,D,4,,0,299,
South 24 Parganas,215,S24P-215,106,Post Office 106,336,342,0,678,50.44,64,9.4,297,160,4,574,P1,137,51.7,27.9,312,159,538,P1,False,B,3,,0,289,
South 24 Parganas,215,S24P-215,107,Anganwadi Centre 107,277,278,0,555,50.09,57,10.3,260,122,5,438,P1,138,59.4,27.9,247,107,469,P1,False,D,4,,0,236,
South 24 Parganas,215,S24P-215,108,Market Building 108,338,336,0,674,49.85,58,8.6,393,140,7,592,P1,253,66.4,23.6,379,88,518,P1,False,A,1,,0,287,
South 24 Parganas,215,S24P-215,109,Market Building 109,243,241,0,484,49.79,44,9.1,226,93,5,387,P1,133,58.4,24.0,233,81,397,P1,False,B,3,,0,206,
South 24 Parganas,215,S24P-215,110,Post Office 110,411,392,1,804,48.76,79,9.8,468,147,3,683,P1,321,68.5,21.5,543,87,699,P1,False,A,1,,0,342,
South 24 Parganas,215,S24P-215,111,Primary School 111,370,342,1,713,47.97,58,8.1,301,210,4,573,P1,91,52.5,36.6,398,116,571,P1,False,B,3,,0,304,
South 24 Parganas,215,S24P-215,112,Govt Office 112,258,234,0,492,47.56,36,7.3,326,62,4,431,P1,264,75.6,14.4,281,108,432,P1,False,A,1,,0,210,
South 24 Parganas,215,S24P-215,113,Govt Office 113,290,279,0,569,49.03,48,8.4,284,137,2,468,P1,147,60.7,29.3,236,167,448,P1,False,B,3,,0,242,
South 24 Parganas,215,S24P-215,114,Market Building 114,400,392,0,792,49.49,60,7.6,334,178,9,611,P1,156,54.7,29.1,420,131,613,P1,False,B,3,,0,337,
South 24 Parganas,215,S24P-215,115,High School 115,306,293,1,600,48.83,62,10.3,331,118,5,502,P1,213,65.9,23.5,307,81,528,P1,False,D,4,,0,256,
South 24 Parganas,215,S24P-215,116,High School 116,354,318,0,672,47.32,70,10.4,416,96,6,569,P1,320,73.1,16.9,299,168,525,P1,False,D,4,,0,286,
South 24 Parganas,215,S24P-215,117,Club Building 117,420,385,0,805,47.83,74,9.2,443,185,6,698,P1,258,63.5,26.5,363,206,694,P1,False,B,3,,0,343,
South 24 Parganas,215,S24P-215,118,Anganwadi Centre 118,304,294,0,598,49.16,35,5.9,319,146,4,516,P1,173,61.8,28.3,269,168,503,P1,False,B,3,,0,255,
South 24 Parganas,215,S24P-215,119,Anganwadi Centre 119,390,364,1,755,48.21,57,7.5,383,162,10,646,P1,221,59.3,25.1,361,171,661,P1,False,B,3,,0,322,
South 24 Parganas,215,S24P-215,120,Panchayat Bhavan 120,404,375,0,779,48.14,66,8.5,412,167,9,684,P1,245,60.2,24.4,372,139,674,P1,False,B,3,,0,332,
South 24 Parganas,215,S24P-215,121,Govt Office 121,388,355,0,743,47.78,43,5.8,371,153,4,582,P1,218,63.7,26.3,305,167,604,P1,False,B,3,,0,316,
South 24 Parganas,215,S24P-215,122,Health Sub-Centre 122,371,337,1,709,47.53,66,9.3,260,91,9,556,P1,70,46.8,16.4,326,207,626,P1,False,B,3,,0,302,
South 24 Parganas,215,S24P-215,123,Primary School 123,351,335,1,687,48.76,66,9.6,332,173,5,598,P1,159,55.5,28.9,330,144,543,P1,False,B,3,,0,293,
South 24 Parganas,215,S24P-215,124,Post Office 124,247,243,1,491,49.49,29,5.9,246,84,3,388,P1,162,63.4,21.6,224,121,417,P1,False,B,3,,0,209,
South 24 Parganas,215,S24P-215,125,Health Sub-Centre 125,405,385,1,791,48.67,65,8.2,412,193,5,672,P1,219,61.3,28.7,434,181,683,P1,False,B,3,,0,337,
South 24 Parganas,215,S24P-215,126,Market Building 126,375,374,0,749,49.93,67,8.9,439,144,6,647,P1,295,67.9,22.3,365,182,648,P1,False,A,1,,0,319,
South 24 Parganas,215,S24P-215,127,Health Sub-Centre 127,327,300,0,627,47.85,35,5.6,359,118,2,530,P1,241,67.7,22.3,301,124,494,P1,False,A,1,,0,267,
South 24 Parganas,215,S24P-215,128,Community Hall 128,376,371,0,747,49.67,67,9.0,424,151,3,639,P1,273,66.4,23.6,290,182,575,P1,False,A,1,,0,318,
South 24 Parganas,215,S24P-215,129,Club Building 129,413,394,1,808,48.76,74,9.2,341,243,6,708,P1,98,48.2,34.3,382,169,645,P1,False,B,3,,0,344,
South 24 Parganas,215,S24P-215,130,Anganwadi Centre 130,320,287,0,607,47.28,60,9.9,312,122,4,503,P1,190,62.0,24.3,281,174,506,P1,False,B,3,,0,258,
South 24 Parganas,215,S24P-215,131,Post Office 131,390,366,0,756,48.41,73,9.7,441,140,7,645,P1,301,68.4,21.7,349,201,611,P1,False,A,1,,0,322,
South 24 Parganas,215,S24P-215,132,Madrasa 132,401,407,1,809,50.31,56,6.9,379,199,12,710,P1,180,53.4,28.0,442,155,664,P1,False,B,3,,0,345,
South 24 Parganas,215,S24P-215,133,Govt Office 133,316,317,1,634,50.0,52,8.2,295,151,3,495,P1,144,59.6,30.5,349,135,538,P1,False,B,3,,0,270,
South 24 Parganas,215,S24P-215,134,Health Sub-Centre 134,361,330,1,692,47.69,44,6.4,318,134,18,608,P1,184,52.3,22.0,359,137,551,P1,False,B,3,,0,295,
South 24 Parganas,215,S24P-215,135,Health Sub-Centre 135,260,235,1,496,47.38,31,6.2,183,129,5,382,P1,54,47.9,33.8,284,108,435,P1,False,B,3,,0,211,
South 24 Parganas,215,S24P-215,136,Temple Hall 136,365,356,1,722,49.31,54,7.5,383,180,4,626,P1,203,61.2,28.8,448,115,626,P1,False,B,3,,0,307,
South 24 Parganas,215,S24P-215,137,Madrasa 137,358,358,1,717,49.93,64,8.9,331,195,8,611,P1,136,54.2,31.9,380,118,623,P1,False,B,3,,0,305,
South 24 Parganas,215,S24P-215,138,Govt Office 138,403,396,1,800,49.5,53,6.6,395,222,8,685,P1,173,57.7,32.4,442,172,682,P1,False,B,3,,0,341,
South 24 Parganas,215,S24P-215,139,Post Office 139,385,384,1,770,49.87,48,6.2,374,154,6,649,P1,220,57.6,23.7,374,175,610,P1,False,B,3,,0,328,
South 24 Parganas,215,S24P-215,140,Madrasa 140,429,390,0,819,47.62,47,5.7,471,164,4,706,P1,307,66.7,23.2,478,128,673,P1,False,A,1,,0,349,
South 24 Parganas,215,S24P-215,141,Panchayat Bhavan 141,288,274,0,562,48.75,40,7.1,307,126,4,489,P1,181,62.8,25.8,290,110,444,P1,False,B,3,,0,239,
South 24 Parganas,215,S24P-215,142,Anganwadi Centre 142,380,347,0,727,47.73,53,7.3,354,152,3,563,P1,202,62.9,27.0,386,180,629,P1,False,B,3,,0,310,
South 24 Parganas,215,S24P-215,143,Primary School 143,333,304,1,638,47.65,62,9.7,299,198,6,553,P1,101,54.1,35.8,262,149,489,P1,False,B,3,,0,272,
South 24 Parganas,215,S24P-215,144,Panchayat Bhavan 144,373,368,1,742,49.6,69,9.3,313,192,5,592,P1,121,52.9,32.4,392,169,623,P1,False,B,3,,0,316,
South 24 Parganas,215,S24P-215,145,High School 145,396,397,1,794,50.0,61,7.7,387,172,4,621,P1,215,62.3,27.7,376,186,624,P1,False,B,3,,0,338,
South 24 Parganas,215,S24P-215,146,Health Sub-Centre 146,309,292,1,602,48.5,55,9.1,288,141,5,476,P1,147,60.5,29.6,347,106,503,P1,False,B,3,,0,256,
South 24 Parganas,215,S24P-215,147,Govt Office 147,292,276,1,569,48.51,52,9.1,228,133,6,460,P1,95,49.6,28.9,251,175,480,P1,False,B,3,,0,242,
South 24 Parganas,215,S24P-215,148,Club Building 148,299,280,1,580,48.28,48,8.3,296,138,2,482,P1,158,61.4,28.6,271,132,448,P1,False,B,3,,0,247,
South 24 Parganas,215,S24P-215,149,Club Building 149,284,289,0,573,50.44,33,5.8,381,73,4,505,P1,308,75.4,14.5,313,113,474,P1,False,A,1,,0,244,
South 24 Parganas,215,S24P-215,150,Panchayat Bhavan 150,348,313,1,662,47.28,46,6.9,364,162,3,585,P1,202,62.2,27.7,263,190,557,P1,False,B,3,,0,282,
South 24 Parganas,215,S24P-215,151,High School 151,411,390,0,801,48.69,53,6.6,396,170,5,647,P1,226,61.2,26.3,529,78,675,P1,False,B,3,,0,341,
South 24 Parganas,215,S24P-215,152,Post Office 152,332,338,0,670,50.45,64,9.6,281,119,6,539,P1,154,52.1,22.1,326,171,553,P1,False,B,3,,0,285,
South 24 Parganas,215,S24P-215,153,High School 153,414,374,1,789,47.4,63,8.0,324,208,4,629,P1,116,51.5,33.1,421,171,657,P1,False,B,3,,0,336,
South 24 Parganas,215,S24P-215,154,Health Sub-Centre 154,318,313,0,631,49.6,45,7.1,338,132,7,534,P1,206,63.3,24.7,286,148,483,P1,False,B,3,,0,269,
South 24 Parganas,215,S24P-215,155,Club Building 155,427,388,1,816,47.55,57,7.0,471,176,5,719,P1,295,65.5,24.5,449,168,687,P1,False,A,1,,0,347,
South 24 Parganas,215,S24P-215,156,High School 156,288,266,0,554,48.01,34,6.1,298,110,5,471,P1,188,63.3,23.4,274,140,460,P1,False,B,3,,0,236,
South 24 Parganas,215,S24P-215,157,Market Building 157,256,246,1,503,48.91,35,7.0,221,66,11,430,P1,93,51.4,15.3,236,73,389,P1,False,B,3,,0,214,
South 24 Parganas,215,S24P-215,158,Post Office 158,285,282,1,568,49.65,53,9.3,301,92,2,437,P1,209,68.9,21.1,258,150,458,P1,False,A,1,,0,242,
South 24 Parganas,215,S24P-215,159,Post Office 159,362,341,0,703,48.51,56,8.0,377,152,8,602,P1,225,62.6,25.2,433,111,605,P1,False,B,3,,0,299,
South 24 Parganas,215,S24P-215,160,Health Sub-Centre 160,345,329,1,675,48.74,63,9.3,322,171,6,548,P1,151,58.8,31.2,360,128,542,P1,False,B,3,,0,287,
South 24 Parganas,215,S24P-215,161,Anganwadi Centre 161,323,331,1,655,50.53,57,8.7,341,167,2,564,P1,174,60.5,29.6,302,161,515,P1,False,B,3,,0,279,
South 24 Parganas,215,S24P-215,162,Anganwadi Centre 162,290,294,0,584,50.34,44,7.5,326,88,3,460,P1,238,70.9,19.1,258,155,499,P1,False,A,1,,0,249,
South 24 Parganas,215,S24P-215,163,Post Office 163,282,266,0,548,48.54,36,6.6,219,147,5,471,P1,72,46.5,31.2,282,130,468,P1,False,B,3,,0,233,
South 24 Parganas,215,S24P-215,164,Temple Hall 164,403,395,1,799,49.44,51,6.4,378,182,11,659,P1,196,57.4,27.6,371,213,649,P1,False,B,3,,0,340,
South 24 Parganas,215,S24P-215,165,Temple Hall 165,320,324,1,645,50.23,65,10.1,384,118,7,561,P1,266,68.4,21.0,269,150,495,P1,False,D,4,,0,275,
South 24 Parganas,215,S24P-215,166,Market Building 166,275,255,1,531,48.02,40,7.5,214,123,14,456,P1,91,46.9,27.0,206,108,433,P1,False,B,3,,0,226,
South 24 Parganas,215,S24P-215,167,Post Office 167,386,398,1,785,50.7,74,9.4,415,190,3,676,P1,225,61.4,28.1,416,143,621,P1,False,B,3,,0,334,
South 24 Parganas,215,S24P-215,168,Community Hall 168,325,331,0,656,50.46,62,9.5,291,169,3,549,P1,122,53.0,30.8,358,114,525,P1,False,B,3,,0,279,
South 24 Parganas,216,S24P-216,1,Anganwadi Centre 1,395,371,0,766,48.43,65,8.5,386,200,9,671,P1,186,57.5,29.8,348,134,589,P1,False,B,3,,0,326,
South 24 Parganas,216,S24P-216,2,Govt Office 2,283,273,0,556,49.1,75,13.5,222,182,2,456,P1,40,48.7,39.9,273,141,469,P1,False,D,4,,0,237,
South 24 Parganas,216,S24P-216,3,Madrasa 3,345,347,0,692,50.14,70,10.1,341,111,7,609,P1,197,56.0,18.2,377,107,537,P1,False,D,4,,0,295,
South 24 Parganas,216,S24P-216,4,Post Office 4,304,279,1,584,47.77,62,10.6,192,129,8,469,P1,57,40.9,27.5,258,122,453,P1,False,D,4,,0,249,
South 24 Parganas,216,S24P-216,5,Anganwadi Centre 5,321,316,1,638,49.53,59,9.2,280,152,5,539,P1,128,51.9,28.2,234,98,548,P1,False,B,3,,0,272,
South 24 Parganas,216,S24P-216,6,Madrasa 6,271,257,1,529,48.58,67,12.7,304,108,2,457,P1,196,66.5,23.6,323,85,454,P1,False,D,4,,0,225,
South 24 Parganas,216,S24P-216,7,Govt Office 7,313,307,1,621,49.44,54,8.7,309,121,7,501,P1,188,61.7,24.2,356,93,509,P1,False,B,3,,0,264,
South 24 Parganas,216,S24P-216,8,Govt Office 8,296,302,0,598,50.5,77,12.9,274,105,10,474,P1,169,57.8,22.2,288,127,499,P1,False,D,4,,0,255,
South 24 Parganas,216,S24P-216,9,Community Hall 9,276,266,1,543,48.99,62,11.4,261,121,2,455,P1,140,57.4,26.6,286,101,430,P1,False,D,4,,0,231,
South 24 Parganas,216,S24P-216,10,Madrasa 10,278,279,1,558,50.0,48,8.6,223,126,15,475,P1,97,46.9,26.5,230,98,459,P1,False,B,3,,0,238,
South 24 Parganas,216,S24P-216,11,Health Sub-Centre 11,344,324,1,669,48.43,94,14.1,343,128,3,523,P1,215,65.6,24.5,324,138,513,P1,False,D,4,,0,285,
South 24 Parganas,216,S24P-216,12,Health Sub-Centre 12,376,351,1,728,48.21,103,14.1,401,122,2,582,P1,279,68.9,21.0,366,164,603,P1,False,D,4,,0,310,
South 24 Parganas,216,S24P-216,13,Primary School 13,250,231,1,482,47.93,46,9.5,265,95,4,400,P1,170,66.2,23.8,268,65,370,P1,False,A,1,,0,205,
South 24 Parganas,216,S24P-216,14,Market Building 14,387,360,1,748,48.13,78,10.4,424,122,6,607,P1,302,69.9,20.1,321,127,628,P1,False,D,4,,0,319,
South 24 Parganas,216,S24P-216,15,Club Building 15,380,349,0,729,47.87,92,12.6,405,134,5,598,P1,271,67.7,22.4,374,154,586,P1,False,D,4,,0,310,
South 24 Parganas,216,S24P-216,16,Anganwadi Centre 16,350,357,1,708,50.42,97,13.7,344,111,11,549,P1,233,62.7,20.2,403,137,616,P1,False,D,4,,0,302,
South 24 Parganas,216,S24P-216,17,Panchayat Bhavan 17,387,384,0,771,49.81,79,10.2,436,158,3,660,P1,278,66.1,23.9,513,91,671,P1,False,D,4,,0,328,
South 24 Parganas,216,S24P-216,18,Govt Office 18,402,376,1,779,48.27,80,10.3,328,162,13,599,P1,166,54.8,27.0,255,222,602,P1,False,D,4,,0,332,
South 24 Parganas,216,S24P-216,19,Temple Hall 19,246,236,0,482,48.96,42,8.7,258,89,2,386,P1,169,66.8,23.1,274,109,425,P1,False,A,1,,0,205,
South 24 Parganas,216,S24P-216,20,Post Office 20,366,330,1,697,47.35,91,13.1,377,125,5,558,P1,252,67.6,22.4,323,128,554,P1,False,D,4,,0,297,
South 24 Parganas,216,S24P-216,21,High School 21,289,267,0,556,48.02,48,8.6,262,138,2,444,P1,124,59.0,31.1,229,115,429,P1,False,B,3,,0,237,
South 24 Parganas,216,S24P-216,22,Primary School 22,298,298,1,597,49.92,55,9.2,247,172,3,495,P1,75,49.9,34.7,239,95,474,P1,False,B,3,,0,254,
South 24 Parganas,216,S24P-216,23,Govt Office 23,271,245,0,516,47.48,41,7.9,266,112,5,420,P1,154,63.3,26.7,198,95,407,P1,False,B,3,,0,220,
South 24 Parganas,216,S24P-216,24,Community Hall 24,256,254,1,511,49.71,42,8.2,260,74,10,424,P1,185,61.3,17.5,199,139,439,P1,False,B,3,,0,218,
South 24 Parganas,216,S24P-216,25,Community Hall 25,355,323,1,679,47.57,66,9.7,360,156,5,573,P1,204,62.8,27.2,375,160,594,P1,False,B,3,,0,289,
South 24 Parganas,216,S24P-216,26,Madrasa 26,420,400,0,820,48.78,78,9.5,369,157,3,629,P1,212,58.7,25.0,465,101,628,P1,False,B,3,,0,349,
South 24 Parganas,216,S24P-216,27,Post Office 27,259,245,0,504,48.61,54,10.7,246,64,9,423,P1,147,58.2,15.1,233,93,443,P1,False,D,4,,0,215,
South 24 Parganas,216,S24P-216,28,Community Hall 28,309,311,1,621,50.08,88,14.2,300,126,4,497,P1,174,60.4,25.4,304,142,495,P1,False,D,4,,0,264,
South 24 Parganas,216,S24P-216,29,Govt Office 29,339,317,1,657,48.25,64,9.7,310,184,3,549,P1,126,56.5,33.5,231,156,533,P1,False,B,3,,0,280,
South 24 Parganas,216,S24P-216,30,Primary School 30,326,328,0,654,50.15,58,8.9,252,151,18,562,P1,101,44.8,26.9,287,132,541,P1,False,B,3,,0,279,
South 24 Parganas,216,S24P-216,31,Temple Hall 31,252,260,0,512,50.78,69,13.5,290,112,4,447,P1,178,64.9,25.1,207,138,409,P1,False,D,4,,0,218,
South 24 Parganas,216,S24P-216,32,Govt Office 32,426,382,0,808,47.28,97,12.0,343,239,10,669,P1,104,51.3,35.7,433,197,700,P1,False,D,4,,0,344,
South 24 Parganas,216,S24P-216,33,Market Building 33,295,277,1,573,48.34,50,8.7,323,109,4,480,P1,214,67.3,22.7,296,153,499,P1,False,A,1,,0,244,
South 24 Parganas,216,S24P-216,34,High School 34,272,251,0,523,47.99,49,9.4,288,114,3,447,P1,174,64.4,25.5,260,149,455,P1,False,B,3,,0,223,
South 24 Parganas,216,S24P-216,35,Club Building 35,307,302,1,610,49.51,82,13.4,302,125,6,474,P1,177,63.7,26.4,350,81,519,P1,False,D,4,,0,260,
South 24 Parganas,216,S24P-216,36,Community Hall 36,412,379,1,792,47.85,68,8.6,414,181,5,661,P1,233,62.6,27.4,391,229,688,P1,False,B,3,,0,337,
South 24 Parganas,216,S24P-216,37,Panchayat Bhavan 37,251,254,1,506,50.2,39,7.7,267,123,3,434,P1,144,61.5,28.3,260,100,400,P1,False,B,3,,0,215,
South 24 Parganas,216,S24P-216,38,Market Building 38,326,291,0,617,47.16,74,12.0,267,159,5,483,P1,108,55.3,32.9,308,141,513,P1,False,D,4,,0,263,
South 24 Parganas,216,S24P-216,39,High School 39,400,378,1,779,48.52,64,8.2,389,193,7,647,P1,196,60.1,29.8,487,105,658,P1,False,B,3,,0,332,
South 24 Parganas,216,S24P-216,40,Madrasa 40,252,240,0,492,48.78,41,8.3,221,119,4,386,P1,102,57.3,30.8,276,97,414,P1,False,B,3,,0,210,
South 24 Parganas,216,S24P-216,41,Primary School 41,246,235,1,482,48.76,56,11.6,210,139,2,412,P1,71,51.0,33.7,251,85,374,P1,False,D,4,,0,205,
South 24 Parganas,216,S24P-216,42,Panchayat Bhavan 42,413,383,1,797,48.06,110,13.8,357,126,15,612,P1,231,58.3,20.6,381,189,634,P1,False,D,4,,0,339,
South 24 Parganas,216,S24P-216,43,Market Building 43,245,249,0,494,50.4,59,11.9,273,97,6,434,P1,176,62.9,22.4,224,126,390,P1,False,D,4,,0,210,
South 24 Parganas,216,S24P-216,44,Temple Hall 44,314,290,1,605,47.93,56,9.3,272,115,4,491,P1,157,55.4,23.4,258,124,465,P1,False,B,3,,0,258,
South 24 Parganas,216,S24P-216,45,Anganwadi Centre 45,312,315,1,628,50.16,79,12.6,265,131,12,505,P1,134,52.5,25.9,313,145,508,P1,False,D,4,,0,267,
South 24 Parganas,216,S24P-216,46,Temple Hall 46,335,335,0,670,50.0,60,9.0,392,109,2,557,P1,283,70.4,19.6,447,67,571,P1,False,A,1,,0,285,
South 24 Parganas,216,S24P-216,47,Health Sub-Centre 47,292,284,1,577,49.22,75,13.0,268,164,3,480,P1,104,55.8,34.2,276,116,468,P1,False,D,4,,0,246,
South 24 Parganas,216,S24P-216,48,Community Hall 48,259,245,0,504,48.61,56,11.1,278,85,5,404,P1,193,68.8,21.0,195,150,386,P1,False,D,4,,0,215,
South 24 Parganas,216,S24P-216,49,Govt Office 49,409,398,1,808,49.26,75,9.3,429,184,4,712,P1,245,60.3,25.8,396,213,677,P1,False,B,3,,0,344,
South 24 Parganas,216,S24P-216,50,Community Hall 50,287,291,1,579,50.26,77,13.3,271,131,8,472,P1,140,57.4,27.8,273,107,449,P1,False,D,4,,0,247,
South 24 Parganas,216,S24P-216,51,Primary School 51,359,344,1,704,48.86,70,9.9,330,163,9,581,P1,167,56.8,28.1,308,155,571,P1,False,B,3,,0,300,
South 24 Parganas,216,S24P-216,52,Madrasa 52,306,280,1,587,47.7,50,8.5,281,153,8,501,P1,128,56.1,30.5,224,106,486,P1,False,B,3,,0,250,
South 24 Parganas,216,S24P-216,53,Temple Hall 53,281,288,0,569,50.62,78,13.7,268,127,5,439,P1,141,61.0,28.9,252,139,483,P1,False,D,4,,0,242,
South 24 Parganas,216,S24P-216,54,Health Sub-Centre 54,350,341,0,691,49.35,83,12.0,360,161,6,578,P1,199,62.3,27.9,345,150,550,P1,False,D,4,,0,294,
South 24 Parganas,216,S24P-216,55,Primary School 55,391,403,1,795,50.69,103,13.0,380,179,4,621,P1,201,61.2,28.8,357,223,683,P1,False,D,4,,0,339,
South 24 Parganas,216,S24P-216,56,Panchayat Bhavan 56,327,325,1,653,49.77,84,12.9,365,140,5,561,P1,225,65.1,25.0,255,172,525,P1,False,D,4,,0,278,
South 24 Parganas,216,S24P-216,57,Madrasa 57,327,308,1,636,48.43,66,10.4,264,181,4,494,P1,83,53.4,36.6,277,86,518,P1,False,D,4,,0,271,
South 24 Parganas,216,S24P-216,58,Community Hall 58,329,319,0,648,49.23,66,10.2,366,98,4,521,P1,268,70.2,18.8,349,101,500,P1,False,D,4,,0,276,
South 24 Parganas,216,S24P-216,59,Community Hall 59,324,313,0,637,49.14,62,9.7,372,108,6,557,P1,264,66.8,19.4,365,114,533,P1,False,A,1,,0,271,
South 24 Parganas,216,S24P-216,60,High School 60,322,319,1,642,49.69,50,7.8,309,176,3,539,P1,133,57.3,32.7,279,132,503,P1,False,B,3,,0,273,
South 24 Parganas,216,S24P-216,61,Anganwadi Centre 61,348,335,0,683,49.05,79,11.6,301,166,14,598,P1,135,50.3,27.8,322,178,586,P1,False,D,4,,0,291,
South 24 Parganas,216,S24P-216,62,Anganwadi Centre 62,320,311,0,631,49.29,65,10.3,261,165,4,537,P1,96,48.6,30.7,328,152,533,P1,False,D,4,,0,269,
South 24 Parganas,216,S24P-216,63,Temple Hall 63,407,378,1,786,48.09,111,14.1,376,163,4,629,P1,213,59.8,25.9,444,178,691,P1,False,D,4,,0,335,
South 24 Parganas,216,S24P-216,64,Community Hall 64,364,363,0,727,49.93,80,11.0,382,136,2,576,P1,246,66.3,23.6,354,82,613,P1,False,D,4,,0,310,
South 24 Parganas,216,S24P-216,65,Panchayat Bhavan 65,319,317,1,637,49.76,90,14.1,303,139,4,535,P1,164,56.6,26.0,288,171,535,P1,False,D,4,,0,271,
South 24 Parganas,216,S24P-216,66,Health Sub-Centre 66,421,398,1,820,48.54,114,13.9,418,175,12,713,P1,243,58.6,24.5,370,145,690,P1,False,D,4,,0,349,
South 24 Parganas,216,S24P-216,67,Panchayat Bhavan 67,364,343,1,708,48.45,70,9.9,411,146,5,619,P1,265,66.4,23.6,368,137,561,P1,False,A,1,,0,302,
South 24 Parganas,216,S24P-216,68,Madrasa 68,391,373,0,764,48.82,63,8.2,473,117,5,656,P1,356,72.1,17.8,330,175,616,P1,False,A,1,,0,325,
South 24 Parganas,216,S24P-216,69,Market Building 69,402,395,1,798,49.5,89,11.2,397,126,9,627,P1,271,63.3,20.1,383,200,651,P1,False,D,4,,0,340,
South 24 Parganas,216,S24P-216,70,Club Building 70,320,318,1,639,49.77,77,12.1,272,165,7,502,P1,107,54.2,32.9,226,189,528,P1,False,D,4,,0,272,
South 24 Parganas,216,S24P-216,71,Panchayat Bhavan 71,326,323,0,649,49.77,56,8.6,411,98,6,565,P1,313,72.7,17.3,323,166,544,P1,False,A,1,,0,276,
South 24 Parganas,216,S24P-216,72,High School 72,343,326,1,670,48.66,58,8.7,319,169,6,543,P1,150,58.7,31.1,323,188,579,P1,False,B,3,,0,285,
South 24 Parganas,216,S24P-216,73,Panchayat Bhavan 73,385,349,0,734,47.55,65,8.9,393,141,5,630,P1,252,62.4,22.4,378,88,605,P1,False,B,3,,0,313,
South 24 Parganas,216,S24P-216,74,Post Office 74,418,398,1,817,48.71,99,12.1,339,237,4,640,P1,102,53.0,37.0,403,218,691,P1,False,D,4,,0,348,
South 24 Parganas,216,S24P-216,75,Govt Office 75,316,304,1,621,48.95,82,13.2,187,114,15,476,P1,32,39.3,23.9,298,148,495,P1,False,D,4,,0,264,
South 24 Parganas,216,S24P-216,76,Panchayat Bhavan 76,295,278,1,574,48.43,68,11.8,303,94,6,482,P1,209,62.9,19.5,286,122,453,P1,False,D,4,,0,244,
South 24 Parganas,216,S24P-216,77,Post Office 77,297,302,1,600,50.33,69,11.5,242,165,4,505,P1,77,47.9,32.7,299,153,502,P1,False,D,4,,0,256,
South 24 Parganas,216,S24P-216,78,Panchayat Bhavan 78,374,349,1,724,48.2,65,9.0,389,160,2,610,P1,229,63.8,26.2,362,154,574,P1,False,B,3,,0,308,
South 24 Parganas,216,S24P-216,79,Health Sub-Centre 79,391,387,1,779,49.68,92,11.8,282,184,11,611,P1,98,46.2,30.1,393,180,682,P1,False,D,4,,0,332,
South 24 Parganas,216,S24P-216,80,High School 80,353,329,0,682,48.24,54,7.9,323,156,7,567,P1,167,57.0,27.5,361,127,542,P1,False,B,3,,0,290,
South 24 Parganas,216,S24P-216,81,Community Hall 81,411,371,0,782,47.44,78,10.0,378,141,18,672,P1,237,56.2,21.0,340,143,601,P1,False,B,3,,0,333,
South 24 Parganas,216,S24P-216,82,Club Building 82,268,248,0,516,48.06,67,13.0,195,112,4,396,P1,83,49.2,28.3,278,119,451,P1,False,D,4,,0,220,
South 24 Parganas,216,S24P-216,83,Temple Hall 83,323,329,0,652,50.46,93,14.3,273,90,6,534,P1,113,51.1,16.9,254,140,542,P1,False,D,4,,0,278,
South 24 Parganas,216,S24P-216,84,Primary School 84,398,395,1,794,49.75,113,14.2,344,153,13,651,P1,191,52.8,23.5,460,126,651,P1,False,D,4,,0,338,
South 24 Parganas,216,S24P-216,85,Anganwadi Centre 85,331,315,0,646,48.76,64,9.9,335,167,2,564,P1,168,59.4,29.6,301,171,524,P1,False,B,3,,0,275,
South 24 Parganas,216,S24P-216,86,High School 86,327,308,1,636,48.43,51,8.0,395,108,5,559,P1,287,70.7,19.3,285,144,507,P1,False,A,1,,0,271,
South 24 Parganas,216,S24P-216,87,Anganwadi Centre 87,251,255,1,507,50.3,50,9.9,265,114,2,442,P1,151,60.0,25.8,294,94,431,P1,False,B,3,,0,216,
South 24 Parganas,216,S24P-216,88,Anganwadi Centre 88,267,251,0,518,48.46,48,9.3,249,96,7,424,P1,153,58.7,22.6,269,84,411,P1,False,B,3,,0,221,
South 24 Parganas,216,S24P-216,89,Panchayat Bhavan 89,297,295,1,593,49.75,68,11.5,278,162,8,515,P1,116,54.0,31.5,282,128,455,P1,False,D,4,,0,253,
South 24 Parganas,216,S24P-216,90,Govt Office 90,394,357,0,751,47.54,65,8.7,350,175,5,584,P1,175,59.9,30.0,338,174,607,P1,False,B,3,,0,320,
South 24 Parganas,216,S24P-216,91,High School 91,359,355,0,714,49.72,81,11.3,384,171,6,616,P1,213,62.3,27.8,410,130,600,P1,False,D,4,,0,304,
South 24 Parganas,216,S24P-216,92,Anganwadi Centre 92,331,317,1,649,48.84,71,10.9,338,129,5,519,P1,209,65.1,24.9,353,159,569,P1,False,D,4,,0,276,
South 24 Parganas,216,S24P-216,93,Health Sub-Centre 93,381,385,0,766,50.26,76,9.9,376,215,9,664,P1,161,56.6,32.4,360,189,649,P1,False,B,3,,0,326,
South 24 Parganas,216,S24P-216,94,Market Building 94,316,312,1,629,49.6,74,11.8,263,171,6,493,P1,92,53.3,34.7,321,134,506,P1,False,D,4,,0,268,
South 24 Parganas,216,S24P-216,95,Primary School 95,375,365,1,741,49.26,99,13.4,361,163,3,582,P1,198,62.0,28.0,417,149,629,P1,False,D,4,,0,316,
South 24 Parganas,216,S24P-216,96,Health Sub-Centre 96,383,359,0,742,48.38,66,8.9,342,148,8,584,P1,194,58.6,25.3,343,177,637,P1,False,B,3,,0,316,
South 24 Parganas,216,S24P-216,97,Community Hall 97,407,387,1,795,48.68,100,12.6,393,190,4,648,P1,203,60.6,29.3,428,140,631,P1,False,D,4,,0,339,
South 24 Parganas,216,S24P-216,98,Anganwadi Centre 98,354,331,1,686,48.25,63,9.2,357,186,5,604,P1,171,59.1,30.8,329,108,557,P1,False,B,3,,0,292,
South 24 Parganas,216,S24P-216,99,Community Hall 99,267,253,1,521,48.56,64,12.3,239,91,12,460,P1,125,52.0,19.8,228,140,449,P1,False,D,4,,0,222,
South 24 Parganas,216,S24P-216,100,Panchayat Bhavan 100,330,339,1,670,50.6,85,12.7,342,125,5,519,P1,217,65.9,24.1,393,122,581,P1,False,D,4,,0,285,
South 24 Parganas,216,S24P-216,101,Health Sub-Centre 101,343,338,1,682,49.56,80,11.7,417,77,4,549,P1,340,76.0,14.0,333,131,542,P1,False,D,4,,0,290,
South 24 Parganas,216,S24P-216,102,Temple Hall 102,309,297,0,606,49.01,57,9.4,258,75,11,475,P1,132,54.3,15.8,261,165,511,P1,False,B,3,,0,258,
South 24 Parganas,216,S24P-216,103,Primary School 103,366,344,0,710,48.45,60,8.5,290,137,14,545,P1,153,53.2,25.1,387,147,594,P1,False,B,3,,0,302,
South 24 Parganas,216,S24P-216,104,Club Building 104,351,340,0,691,49.2,91,13.2,317,190,6,575,P1,127,55.1,33.0,351,125,569,P1,False,D,4,,0,294,
South 24 Parganas,216,S24P-216,105,Primary School 105,337,306,0,643,47.59,57,8.9,355,151,4,562,P1,204,63.2,26.9,296,177,543,P1,False,B,3,,0,274,
South 24 Parganas,216,S24P-216,106,Madrasa 106,380,349,0,729,47.87,66,9.1,330,158,11,586,P1,172,56.3,27.0,388,101,559,P1,False,B,3,,0,310,
South 24 Parganas,216,S24P-216,107,Govt Office 107,323,329,0,652,50.46,86,13.2,313,143,6,573,P1,170,54.6,25.0,346,157,560,P1,False,D,4,,0,278,
South 24 Parganas,216,S24P-216,108,Panchayat Bhavan 108,290,286,1,577,49.57,72,12.5,278,119,6,480,P1,159,57.9,24.8,259,101,457,P1,False,D,4,,0,246,
South 24 Parganas,216,S24P-216,109,High School 109,344,314,1,659,47.65,72,10.9,367,144,2,567,P1,223,64.7,25.4,326,138,515,P1,False,D,4,,0,281,
South 24 Parganas,216,S24P-216,110,Club Building 110,273,247,1,521,47.41,53,10.2,307,86,4,437,P1,221,70.3,19.7,224,82,423,P1,False,D,4,,0,222,
South 24 Parganas,216,S24P-216,111,Health Sub-Centre 111,326,332,1,659,50.38,80,12.1,345,177,2,580,P1,168,59.5,30.5,289,155,546,P1,False,D,4,,0,281,
South 24 Parganas,216,S24P-216,112,Panchayat Bhavan 112,387,348,0,735,47.35,101,13.7,355,159,3,580,P1,196,61.2,27.4,356,138,622,P1,False,D,4,,0,313,
South 24 Parganas,216,S24P-216,113,Community Hall 113,249,235,0,484,48.55,61,12.6,221,109,5,381,P1,112,58.0,28.6,230,102,381,P1,False,D,4,,0,206,
South 24 Parganas,216,S24P-216,114,Primary School 114,292,264,0,556,47.48,57,10.3,277,123,2,445,P1,154,62.2,27.6,270,146,475,P1,False,D,4,,0,237,
South 24 Parganas,216,S24P-216,115,Primary School 115,329,315,0,644,48.91,54,8.4,314,129,13,560,P1,185,56.1,23.0,330,134,516,P1,False,B,3,,0,274,
South 24 Parganas,216,S24P-216,116,Primary School 116,409,393,1,803,48.94,78,9.7,480,142,6,691,P1,338,69.5,20.5,346,145,694,P1,False,A,1,,0,342,
South 24 Parganas,216,S24P-216,117,Club Building 117,255,247,0,502,49.2,50,10.0,274,98,2,413,P1,176,66.3,23.7,245,132,419,P1,False,A,1,,0,214,
South 24 Parganas,216,S24P-216,118,Panchayat Bhavan 118,352,340,0,692,49.13,59,8.5,312,192,8,605,P1,120,51.6,31.7,374,134,564,P1,False,B,3,,0,295,
South 24 Parganas,216,S24P-216,119,Health Sub-Centre 119,281,266,0,547,48.63,65,11.9,284,123,4,452,P1,161,62.8,27.2,267,135,446,P1,False,D,4,,0,233,
South 24 Parganas,216,S24P-216,120,Primary School 120,364,351,0,715,49.09,66,9.2,320,181,8,576,P1,139,55.6,31.4,308,238,606,P1,False,B,3,,0,304,
South 24 Parganas,216,S24P-216,121,Club Building 121,377,350,0,727,48.14,99,13.6,331,119,16,604,P1,199,54.8,19.7,411,156,631,P1,False,D,4,,0,310,
South 24 Parganas,216,S24P-216,122,Community Hall 122,309,283,1,593,47.72,57,9.6,293,152,3,495,P1,141,59.2,30.7,188,131,474,P1,False,B,3,,0,253,
South 24 Parganas,216,S24P-216,123,Health Sub-Centre 123,402,392,0,794,49.37,69,8.7,430,167,5,664,P1,263,64.8,25.2,365,208,677,P1,False,B,3,,0,338,
South 24 Parganas,216,S24P-216,124,Post Office 124,322,299,1,622,48.07,54,8.7,303,65,9,500,P1,185,60.6,13.0,311,118,540,P1,False,B,3,,0,265,
South 24 Parganas,216,S24P-216,125,Panchayat Bhavan 125,350,324,0,674,48.07,56,8.3,289,152,4,554,P1,137,52.2,27.4,342,170,568,P1,False,B,3,,0,287,
South 24 Parganas,216,S24P-216,126,High School 126,243,238,0,481,49.48,61,12.7,264,96,7,425,P1,168,62.1,22.6,197,75,381,P1,False,D,4,,0,205,
South 24 Parganas,216,S24P-216,127,Club Building 127,374,371,1,746,49.73,74,9.9,320,134,14,617,P1,177,51.9,21.7,399,143,603,P1,False,B,3,,0,318,
South 24 Parganas,216,S24P-216,128,Market Building 128,290,265,1,556,47.66,79,14.2,254,150,9,490,P1,104,51.8,30.6,233,142,448,P1,False,D,4,,0,237,
South 24 Parganas,216,S24P-216,129,Anganwadi Centre 129,312,311,1,624,49.84,75,12.0,308,160,3,532,P1,148,57.9,30.1,345,101,496,P1,False,D,4,,0,266,
South 24 Parganas,216,S24P-216,130,Community Hall 130,266,267,1,534,50.0,71,13.3,288,94,4,424,P1,194,67.9,22.2,272,119,434,P1,False,D,4,,0,227,
South 24 Parganas,216,S24P-216,131,Temple Hall 131,409,398,0,807,49.32,68,8.4,416,193,4,676,P1,223,61.5,28.6,409,144,618,P1,False,B,3,,0,344,
South 24 Parganas,216,S24P-216,132,Govt Office 132,349,326,1,676,48.22,92,13.6,297,174,5,552,P1,123,53.8,31.5,362,110,580,P1,False,D,4,,0,288,
South 24 Parganas,216,S24P-216,133,Panchayat Bhavan 133,328,322,1,651,49.46,78,12.0,337,133,4,522,P1,204,64.6,25.5,324,144,520,P1,False,D,4,,0,277,
South 24 Parganas,216,S24P-216,134,Post Office 134,401,384,1,786,48.85,106,13.5,374,179,11,666,P1,195,56.2,26.9,371,125,623,P1,False,D,4,,0,335,
South 24 Parganas,216,S24P-216,135,Madrasa 135,362,333,1,696,47.84,87,12.5,327,181,4,573,P1,146,57.1,31.6,302,122,604,P1,False,D,4,,0,296,
South 24 Parganas,216,S24P-216,136,High School 136,308,294,1,603,48.76,80,13.3,294,120,10,503,P1,174,58.4,23.9,230,109,464,P1,False,D,4,,0,257,
South 24 Parganas,216,S24P-216,137,Madrasa 137,256,256,1,513,49.9,68,13.3,297,80,4,419,P1,217,70.9,19.1,242,125,408,P1,False,D,4,,0,218,
South 24 Parganas,216,S24P-216,138,Primary School 138,376,386,1,763,50.59,83,10.9,413,164,3,663,P1,249,62.3,24.7,404,178,667,P1,False,D,4,,0,325,
South 24 Parganas,216,S24P-216,139,Govt Office 139,290,268,0,558,48.03,57,10.2,282,145,4,490,P1,137,57.6,29.6,274,94,436,P1,False,D,4,,0,238,
South 24 Parganas,216,S24P-216,140,Madrasa 140,270,273,1,544,50.18,75,13.8,240,96,9,432,P1,144,55.6,22.2,235,83,424,P1,False,D,4,,0,232,
South 24 Parganas,216,S24P-216,141,Govt Office 141,398,376,0,774,48.58,98,12.7,486,99,7,650,P1,387,74.8,15.2,451,160,679,P1,False,D,4,,0,330,
South 24 Parganas,216,S24P-216,142,Temple Hall 142,384,386,1,771,50.06,84,10.9,395,158,10,674,P1,237,58.6,23.4,366,174,601,P1,False,D,4,,0,328,
South 24 Parganas,216,S24P-216,143,Govt Office 143,336,310,0,646,47.99,86,13.3,344,140,3,538,P1,204,63.9,26.0,328,135,528,P1,False,D,4,,0,275,
South 24 Parganas,216,S24P-216,144,Panchayat Bhavan 144,341,345,1,687,50.22,64,9.3,347,149,7,607,P1,198,57.2,24.5,324,74,606,P1,False,B,3,,0,293,
South 24 Parganas,216,S24P-216,145,Primary School 145,340,322,0,662,48.64,63,9.5,220,153,19,547,P1,67,40.2,28.0,275,127,552,P1,False,B,3,,0,282,
South 24 Parganas,216,S24P-216,146,Panchayat Bhavan 146,329,309,0,638,48.43,57,8.9,321,158,2,533,P1,163,60.2,29.6,331,118,499,P1,False,B,3,,0,272,
South 24 Parganas,216,S24P-216,147,Primary School 147,366,353,1,720,49.03,79,11.0,328,176,13,613,P1,152,53.5,28.7,305,138,614,P1,False,D,4,,0,307,
South 24 Parganas,216,S24P-216,148,Community Hall 148,270,252,1,523,48.18,44,8.4,221,135,6,447,P1,86,49.4,30.2,214,135,417,P1,False,B,3,,0,223,
South 24 Parganas,216,S24P-216,149,Govt Office 149,280,278,1,559,49.73,66,11.8,230,164,5,438,P1,66,52.5,37.4,291,118,469,P1,False,D,4,,0,238,
South 24 Parganas,216,S24P-216,150,Health Sub-Centre 150,323,313,0,636,49.21,63,9.9,349,130,4,532,P1,219,65.6,24.4,334,154,542,P1,False,A,1,,0,271,
South 24 Parganas,216,S24P-216,151,High School 151,278,256,0,534,47.94,63,11.8,287,99,6,456,P1,188,62.9,21.7,291,103,461,P1,False,D,4,,0,227,
South 24 Parganas,216,S24P-216,152,Madrasa 152,247,254,0,501,50.7,69,13.8,190,129,8,413,P1,61,46.0,31.2,202,119,406,P1,False,D,4,,0,213,
South 24 Parganas,216,S24P-216,153,Govt Office 153,322,310,1,633,48.97,71,11.2,258,211,2,522,P1,47,49.4,40.4,276,131,521,P1,False,D,4,,0,270,
South 24 Parganas,216,S24P-216,154,Panchayat Bhavan 154,412,405,1,818,49.51,98,12.0,446,142,9,673,P1,304,66.3,21.1,342,191,637,P1,False,D,4,,0,348,
South 24 Parganas,216,S24P-216,155,Panchayat Bhavan 155,252,254,1,507,50.1,70,13.8,217,93,6,410,P1,124,52.9,22.7,228,128,396,P1,False,D,4,,0,216,
South 24 Parganas,216,S24P-216,156,Club Building 156,268,242,1,511,47.36,66,12.9,206,88,15,419,P1,100,49.2,21.0,227,122,396,P1,False,D,4,,0,218,
South 24 Parganas,216,S24P-216,157,Club Building 157,348,329,1,678,48.53,69,10.2,332,144,7,556,P1,188,59.7,25.9,320,150,522,P1,False,D,4,,0,289,
South 24 Parganas,216,S24P-216,158,Post Office 158,387,361,0,748,48.26,98,13.1,375,114,6,627,P1,250,59.8,18.2,279,191,596,P1,False,D,4,,0,319,
South 24 Parganas,216,S24P-216,159,Madrasa 159,370,363,0,733,49.52,100,13.6,356,212,3,631,P1,144,56.4,33.6,342,175,574,P1,False,D,4,,0,312,
South 24 Parganas,216,S24P-216,160,High School 160,334,333,1,668,49.85,60,9.0,278,134,5,544,P1,144,51.1,24.6,332,181,569,P1,False,B,3,,0,284,
South 24 Parganas,216,S24P-216,161,Anganwadi Centre 161,311,294,0,605,48.6,74,12.2,298,108,7,470,P1,190,63.4,23.0,276,112,516,P1,False,D,4,,0,258,
South 24 Parganas,217,S24P-217,1,Madrasa 1,306,296,0,602,49.17,70,11.6,333,77,5,477,P1,256,69.8,16.1,295,171,526,P1,False,D,4,,0,256,
South 24 Parganas,217,S24P-217,2,Market Building 2,264,268,1,533,50.28,39,7.3,298,112,3,456,P1,186,65.4,24.6,217,130,418,P1,False,A,1,,0,227,
South 24 Parganas,217,S24P-217,3,Panchayat Bhavan 3,293,296,0,589,50.25,68,11.5,249,121,7,473,P1,128,52.6,25.6,300,98,474,P1,False,D,4,,0,251,
South 24 Parganas,217,S24P-217,4,Anganwadi Centre 4,394,387,0,781,49.55,72,9.2,331,203,8,614,P1,128,53.9,33.1,371,192,629,P1,False,B,3,,0,333,
South 24 Parganas,217,S24P-217,5,Govt Office 5,378,347,1,726,47.8,61,8.4,338,191,5,639,P1,147,52.9,29.9,379,164,604,P1,False,B,3,,0,309,
South 24 Parganas,217,S24P-217,6,Market Building 6,402,363,1,766,47.39,72,9.4,319,196,15,660,P1,123,48.3,29.7,353,158,588,P1,False,B,3,,0,326,
South 24 Parganas,217,S24P-217,7,Primary School 7,350,336,1,687,48.91,48,7.0,382,111,3,548,P1,271,69.7,20.3,351,153,560,P1,False,A,1,,0,293,
South 24 Parganas,217,S24P-217,8,Market Building 8,249,233,1,483,48.24,33,6.8,241,81,9,408,P1,160,59.1,19.9,307,38,384,P1,False,B,3,,0,206,
South 24 Parganas,217,S24P-217,9,High School 9,333,301,1,635,47.4,67,10.6,369,121,3,544,P1,248,67.8,22.2,337,83,556,P1,False,D,4,,0,270,
South 24 Parganas,217,S24P-217,10,Anganwadi Centre 10,373,369,1,743,49.66,56,7.5,397,124,3,579,P1,273,68.6,21.4,334,195,609,P1,False,A,1,,0,316,
South 24 Parganas,217,S24P-217,11,Govt Office 11,345,319,0,664,48.04,66,9.9,368,141,5,566,P1,227,65.0,24.9,295,138,522,P1,False,B,3,,0,283,
South 24 Parganas,217,S24P-217,12,Club Building 12,283,282,1,566,49.82,64,11.3,312,98,2,456,P1,214,68.4,21.5,316,126,491,P1,False,D,4,,0,241,
South 24 Parganas,217,S24P-217,13,Club Building 13,354,336,1,691,48.63,60,8.7,355,121,7,565,P1,234,62.8,21.4,326,177,558,P1,False,B,3,,0,294,
South 24 Parganas,217,S24P-217,14,Madrasa 14,404,373,1,778,47.94,66,8.5,405,130,15,687,P1,274,59.0,18.9,371,218,654,P1,False,B,3,,0,331,
South 24 Parganas,217,S24P-217,15,Temple Hall 15,303,282,1,586,48.12,37,6.3,239,175,3,460,P1,64,52.0,38.0,297,134,479,P1,False,B,3,,0,250,
South 24 Parganas,217,S24P-217,16,Community Hall 16,412,384,0,796,48.24,90,11.3,421,129,2,612,P1,292,68.8,21.1,390,212,678,P1,False,D,4,,0,339,
South 24 Parganas,217,S24P-217,17,Temple Hall 17,295,281,1,577,48.7,50,8.7,247,104,9,447,P1,143,55.3,23.3,268,147,471,P1,False,B,3,,0,246,
South 24 Parganas,217,S24P-217,18,Community Hall 18,263,268,1,532,50.38,44,8.3,239,117,6,419,P1,122,57.0,27.9,285,83,409,P1,False,B,3,,0,227,
South 24 Parganas,217,S24P-217,19,Club Building 19,325,316,0,641,49.3,49,7.6,322,133,5,505,P1,189,63.8,26.3,317,154,545,P1,False,B,3,,0,273,
South 24 Parganas,217,S24P-217,20,Panchayat Bhavan 20,346,311,1,658,47.26,54,8.2,318,136,3,504,P1,182,63.1,27.0,305,142,511,P1,False,B,3,,0,280,
South 24 Parganas,217,S24P-217,21,Health Sub-Centre 21,252,251,0,503,49.9,54,10.7,235,97,8,419,P1,138,56.1,23.2,294,99,437,P1,False,D,4,,0,214,
South 24 Parganas,217,S24P-217,22,Club Building 22,355,345,0,700,49.29,52,7.4,311,177,3,551,P1,134,56.4,32.1,320,132,579,P1,False,B,3,,0,298,
South 24 Parganas,217,S24P-217,23,High School 23,392,384,1,777,49.42,67,8.6,372,220,6,658,P1,152,56.5,33.4,315,201,610,P1,False,B,3,,0,331,
South 24 Parganas,217,S24P-217,24,Post Office 24,332,304,0,636,47.8,42,6.6,303,155,5,512,P1,148,59.2,30.3,276,127,493,P1,False,B,3,,0,271,
South 24 Parganas,217,S24P-217,25,Panchayat Bhavan 25,346,336,1,683,49.19,58,8.5,308,173,5,568,P1,135,54.2,30.5,319,155,559,P1,False,B,3,,0,291,
South 24 Parganas,217,S24P-217,26,Panchayat Bhavan 26,284,278,0,562,49.47,50,8.9,224,129,3,433,P1,95,51.7,29.8,247,126,447,P1,False,B,3,,0,239,
South 24 Parganas,217,S24P-217,27,High School 27,389,368,0,757,48.61,57,7.5,405,165,10,662,P1,240,61.2,24.9,359,176,665,P1,False,B,3,,0,322,
South 24 Parganas,217,S24P-217,28,Govt Office 28,338,317,1,656,48.32,68,10.4,304,94,10,576,P1,142,52.8,16.3,332,131,543,P1,False,D,4,,0,279,
South 24 Parganas,217,S24P-217,29,Community Hall 29,408,384,1,793,48.42,72,9.1,391,109,7,609,P1,282,64.2,17.9,369,192,623,P1,False,B,3,,0,338,
South 24 Parganas,217,S24P-217,30,Club Building 30,319,322,0,641,50.23,64,10.0,319,96,6,530,P1,215,60.2,18.1,348,131,532,P1,False,B,3,,0,273,
South 24 Parganas,217,S24P-217,31,Club Building 31,342,313,0,655,47.79,67,10.2,289,157,5,542,P1,132,53.3,29.0,293,165,515,P1,False,D,4,,0,279,
South 24 Parganas,217,S24P-217,32,Anganwadi Centre 32,258,250,1,509,49.12,33,6.5,255,103,2,398,P1,152,64.1,25.9,243,129,413,P1,False,B,3,,0,217,
South 24 Parganas,217,S24P-217,33,Post Office 33,257,236,1,494,47.77,54,10.9,206,115,6,386,P1,91,53.4,29.8,242,103,385,P1,False,D,4,,0,210,
South 24 Parganas,217,S24P-217,34,Anganwadi Centre 34,346,331,0,677,48.89,73,10.8,329,142,7,529,P1,187,62.2,26.8,356,175,590,P1,False,D,4,,0,288,
South 24 Parganas,217,S24P-217,35,Anganwadi Centre 35,265,237,0,502,47.21,32,6.4,259,95,2,393,P1,164,65.9,24.2,328,41,410,P1,False,A,1,,0,214,
South 24 Parganas,217,S24P-217,36,High School 36,268,256,1,525,48.76,44,8.4,315,81,5,441,P1,234,71.4,18.4,299,119,464,P1,False,A,1,,0,224,
South 24 Parganas,217,S24P-217,37,Club Building 37,423,386,0,809,47.71,70,8.7,500,98,3,664,P1,402,75.3,14.8,339,153,658,P1,False,A,1,,0,345,
South 24 Parganas,217,S24P-217,38,Primary School 38,260,257,1,518,49.61,56,10.8,231,91,3,403,P1,140,57.3,22.6,254,109,413,P1,False,D,4,,0,221,
South 24 Parganas,217,S24P-217,39,Post Office 39,292,295,1,588,50.17,45,7.7,317,104,4,518,P1,213,61.2,20.1,284,125,460,P1,False,B,3,,0,250,
South 24 Parganas,217,S24P-217,40,Market Building 40,256,248,1,505,49.11,45,8.9,259,89,6,418,P1,170,62.0,21.3,232,121,432,P1,False,B,3,,0,215,
South 24 Parganas,217,S24P-217,41,Panchayat Bhavan 41,295,272,1,568,47.89,50,8.8,320,118,2,487,P1,202,65.7,24.2,241,136,468,P1,False,A,1,,0,242,
South 24 Parganas,217,S24P-217,42,Market Building 42,400,366,0,766,47.78,73,9.5,375,155,13,671,P1,220,55.9,23.1,360,172,632,P1,False,B,3,,0,326,
South 24 Parganas,217,S24P-217,43,High School 43,311,307,1,619,49.6,49,7.9,300,133,10,517,P1,167,58.0,25.7,297,107,497,P1,False,B,3,,0,264,
South 24 Parganas,217,S24P-217,44,Temple Hall 44,375,364,1,740,49.19,80,10.8,233,139,18,574,P1,55,40.6,24.2,435,94,587,P1,False,D,4,,0,315,
South 24 Parganas,217,S24P-217,45,Govt Office 45,271,244,1,516,47.29,55,10.7,203,120,3,417,P1,83,48.7,28.8,278,96,416,P1,False,D,4,,0,220,
South 24 Parganas,217,S24P-217,46,Health Sub-Centre 46,335,315,1,651,48.39,61,9.4,374,114,6,542,P1,260,69.0,21.0,366,145,568,P1,False,A,1,,0,277,
South 24 Parganas,217,S24P-217,47,Primary School 47,384,357,1,742,48.11,68,9.2,392,136,5,587,P1,256,66.8,23.2,440,81,579,P1,False,A,1,,0,316,
South 24 Parganas,217,S24P-217,48,Madrasa 48,325,298,1,624,47.76,68,10.9,321,128,3,513,P1,193,62.6,25.0,299,94,488,P1,False,D,4,,0,266,
South 24 Parganas,217,S24P-217,49,Market Building 49,366,365,1,732,49.86,49,6.7,332,182,3,606,P1,150,54.8,30.0,354,145,646,P1,False,B,3,,0,312,
South 24 Parganas,217,S24P-217,50,Temple Hall 50,305,281,0,586,47.95,53,9.0,306,106,5,458,P1,200,66.8,23.1,278,121,451,P1,False,A,1,,0,250,
South 24 Parganas,217,S24P-217,51,Madrasa 51,385,344,0,729,47.19,69,9.5,381,129,6,575,P1,252,66.3,22.4,304,154,570,P1,False,A,1,,0,310,
South 24 Parganas,217,S24P-217,52,Govt Office 52,302,300,1,603,49.75,55,9.1,252,131,9,508,P1,121,49.6,25.8,287,105,509,P1,False,B,3,,0,257,
South 24 Parganas,217,S24P-217,53,Govt Office 53,302,292,1,595,49.08,65,10.9,237,166,2,456,P1,71,52.0,36.4,285,113,519,P1,False,D,4,,0,253,
South 24 Parganas,217,S24P-217,54,Market Building 54,343,337,1,681,49.49,74,10.9,323,125,7,575,P1,198,56.2,21.7,387,115,557,P1,False,D,4,,0,290,
South 24 Parganas,217,S24P-217,55,Temple Hall 55,260,254,1,515,49.32,55,10.7,268,118,4,432,P1,150,62.0,27.3,257,110,408,P1,False,D,4,,0,219,
South 24 Parganas,217,S24P-217,56,Madrasa 56,398,409,1,808,50.62,75,9.3,371,189,4,622,P1,182,59.6,30.4,374,187,623,P1,False,B,3,,0,344,
South 24 Parganas,217,S24P-217,57,Madrasa 57,382,347,0,729,47.6,74,10.2,282,158,7,567,P1,124,49.7,27.9,320,188,564,P1,False,D,4,,0,310,
South 24 Parganas,217,S24P-217,58,Club Building 58,315,313,0,628,49.84,58,9.2,335,133,9,549,P1,202,61.0,24.2,286,182,520,P1,False,B,3,,0,267,
South 24 Parganas,217,S24P-217,59,Post Office 59,309,292,1,602,48.5,42,7.0,297,118,9,511,P1,179,58.1,23.1,274,146,466,P1,False,B,3,,0,256,
South 24 Parganas,217,S24P-217,60,Panchayat Bhavan 60,389,375,1,765,49.02,57,7.5,374,137,17,674,P1,235,55.5,20.3,388,173,623,P1,False,B,3,,0,326,
South 24 Parganas,217,S24P-217,61,Post Office 61,277,273,0,550,49.64,38,6.9,216,148,11,466,P1,68,46.4,31.8,234,151,447,P1,False,B,3,,0,234,
South 24 Parganas,217,S24P-217,62,Panchayat Bhavan 62,375,384,1,760,50.53,75,9.9,385,142,12,630,P1,243,61.1,22.5,347,165,631,P1,False,B,3,,0,324,
South 24 Parganas,217,S24P-217,63,Primary School 63,316,296,1,613,48.29,57,9.3,296,131,3,475,P1,165,62.3,27.6,281,139,522,P1,False,B,3,,0,261,
South 24 Parganas,217,S24P-217,64,Health Sub-Centre 64,304,285,1,590,48.31,47,8.0,248,135,6,466,P1,113,53.2,29.0,268,128,470,P1,False,B,3,,0,251,
South 24 Parganas,217,S24P-217,65,Anganwadi Centre 65,395,381,0,776,49.1,74,9.5,414,115,4,633,P1,299,65.4,18.2,368,211,643,P1,False,A,1,,0,330,
South 24 Parganas,217,S24P-217,66,Panchayat Bhavan 66,327,296,0,623,47.51,53,8.5,397,93,3,544,P1,304,73.0,17.1,337,122,547,P1,False,A,1,,0,265,
South 24 Parganas,217,S24P-217,67,Madrasa 67,277,284,1,562,50.53,43,7.7,270,171,3,490,P1,99,55.1,34.9,286,155,490,P1,False,B,3,,0,239,
South 24 Parganas,217,S24P-217,68,Club Building 68,291,298,1,590,50.51,64,10.8,298,121,2,466,P1,177,63.9,26.0,265,120,487,P1,False,D,4,,0,251,
South 24 Parganas,217,S24P-217,69,Anganwadi Centre 69,410,409,0,819,49.94,85,10.4,449,91,14,709,P1,302,63.3,12.8,374,82,673,P1,False,D,4,,0,349,
South 24 Parganas,217,S24P-217,70,Govt Office 70,419,395,1,815,48.47,94,11.5,490,102,5,658,P1,388,74.5,15.5,422,145,639,P1,False,D,4,,0,347,
South 24 Parganas,217,S24P-217,71,Anganwadi Centre 71,359,366,0,725,50.48,78,10.8,349,193,3,628,P1,156,55.6,30.7,387,148,595,P1,False,D,4,,0,309,
South 24 Parganas,217,S24P-217,72,Community Hall 72,270,272,0,542,50.18,59,10.9,261,142,3,465,P1,119,56.1,30.5,303,118,468,P1,False,D,4,,0,231,
South 24 Parganas,217,S24P-217,73,Panchayat Bhavan 73,373,350,0,723,48.41,55,7.6,328,112,7,588,P1,192,55.8,19.0,387,116,559,P1,False,B,3,,0,308,
South 24 Parganas,217,S24P-217,74,Primary School 74,315,293,0,608,48.19,63,10.4,308,120,5,495,P1,188,62.2,24.2,345,96,490,P1,False,D,4,,0,259,
South 24 Parganas,217,S24P-217,75,Market Building 75,362,368,0,730,50.41,67,9.2,400,119,3,577,P1,281,69.3,20.6,267,165,583,P1,False,A,1,,0,311,
South 24 Parganas,217,S24P-217,76,Anganwadi Centre 76,370,336,0,706,47.59,57,8.1,363,85,14,566,P1,264,64.1,15.0,321,117,620,P1,False,B,3,,0,301,
South 24 Parganas,217,S24P-217,77,Anganwadi Centre 77,393,381,1,775,49.16,89,11.5,369,138,7,652,P1,231,56.6,21.2,350,195,614,P1,False,D,4,,0,330,
South 24 Parganas,217,S24P-217,78,Panchayat Bhavan 78,377,350,1,728,48.08,69,9.5,348,177,2,583,P1,171,59.7,30.4,358,164,598,P1,False,B,3,,0,310,
South 24 Parganas,217,S24P-217,79,Club Building 79,305,312,1,618,50.49,56,9.1,283,161,6,494,P1,122,57.3,32.6,247,187,514,P1,False,B,3,,0,263,
South 24 Parganas,217,S24P-217,80,Post Office 80,259,268,0,527,50.85,55,10.4,284,69,10,452,P1,199,62.8,15.3,234,103,406,P1,False,D,4,,0,224,
South 24 Parganas,217,S24P-217,81,Community Hall 81,380,370,1,751,49.27,73,9.7,345,153,5,579,P1,192,59.6,26.4,489,107,663,P1,False,B,3,,0,320,
South 24 Parganas,217,S24P-217,82,Temple Hall 82,295,267,0,562,47.51,65,11.6,307,134,4,490,P1,173,62.7,27.3,287,123,456,P1,False,D,4,,0,239,
South 24 Parganas,217,S24P-217,83,Temple Hall 83,336,314,0,650,48.31,70,10.8,303,98,14,521,P1,202,58.2,18.8,325,151,529,P1,False,D,4,,0,277,
South 24 Parganas,217,S24P-217,84,Govt Office 84,303,288,0,591,48.73,61,10.3,288,101,10,486,P1,187,59.3,20.8,292,116,493,P1,False,D,4,,0,252,
South 24 Parganas,217,S24P-217,85,Govt Office 85,400,402,0,802,50.12,56,7.0,353,170,10,674,P1,183,52.4,25.2,459,145,671,P1,False,B,3,,0,342,
South 24 Parganas,217,S24P-217,86,Market Building 86,360,365,0,725,50.34,77,10.6,353,167,8,640,P1,186,55.2,26.1,333,172,601,P1,False,D,4,,0,309,
South 24 Parganas,217,S24P-217,87,Govt Office 87,275,266,1,542,49.08,55,10.1,275,146,2,475,P1,129,57.9,30.7,272,108,423,P1,False,D,4,,0,231,
South 24 Parganas,217,S24P-217,88,Anganwadi Centre 88,246,244,0,490,49.8,37,7.6,256,132,3,431,P1,124,59.4,30.6,253,130,425,P1,False,B,3,,0,209,
South 24 Parganas,217,S24P-217,89,Community Hall 89,361,352,0,713,49.37,56,7.9,357,185,7,603,P1,172,59.2,30.7,358,159,610,P1,False,B,3,,0,304,
South 24 Parganas,217,S24P-217,90,Club Building 90,383,374,1,758,49.34,51,6.7,354,179,3,605,P1,175,58.5,29.6,353,160,581,P1,False,B,3,,0,323,
South 24 Parganas,217,S24P-217,91,Primary School 91,346,340,0,686,49.56,46,6.7,378,139,5,574,P1,239,65.9,24.2,295,143,587,P1,False,A,1,,0,292,
South 24 Parganas,217,S24P-217,92,Post Office 92,410,385,0,795,48.43,75,9.4,383,207,5,655,P1,176,58.5,31.6,453,176,699,P1,False,B,3,,0,339,
South 24 Parganas,217,S24P-217,93,Panchayat Bhavan 93,286,275,1,562,48.93,43,7.7,326,109,2,483,P1,217,67.5,22.6,326,91,463,P1,False,A,1,,0,239,
South 24 Parganas,217,S24P-217,94,Madrasa 94,397,382,0,779,49.04,55,7.1,367,165,7,602,P1,202,61.0,27.4,459,149,684,P1,False,B,3,,0,332,
South 24 Parganas,217,S24P-217,95,Primary School 95,409,392,0,801,48.94,57,7.1,357,186,6,648,P1,171,55.1,28.7,370,188,658,P1,False,B,3,,0,341,
South 24 Parganas,217,S24P-217,96,Govt Office 96,303,302,1,606,49.83,54,8.9,324,146,4,522,P1,178,62.1,28.0,301,102,525,P1,False,B,3,,0,258,
South 24 Parganas,217,S24P-217,97,Govt Office 97,293,262,0,555,47.21,41,7.4,273,109,6,469,P1,164,58.2,23.2,281,130,484,P1,False,B,3,,0,236,
South 24 Parganas,217,S24P-217,98,Community Hall 98,380,365,1,746,48.93,78,10.5,440,125,2,633,P1,315,69.5,19.7,287,208,591,P1,False,D,4,,0,318,
South 24 Parganas,217,S24P-217,99,Club Building 99,251,233,0,484,48.14,43,8.9,278,102,2,422,P1,176,65.9,24.2,216,123,377,P1,False,A,1,,0,206,
South 24 Parganas,217,S24P-217,100,Club Building 100,333,319,0,652,48.93,66,10.1,327,132,12,567,P1,195,57.7,23.3,353,97,554,P1,False,D,4,,0,278,
South 24 Parganas,217,S24P-217,101,Health Sub-Centre 101,365,342,0,707,48.37,81,11.5,369,95,5,546,P1,274,67.6,17.4,304,197,577,P1,False,D,4,,0,301,
South 24 Parganas,217,S24P-217,102,Temple Hall 102,348,335,1,684,48.98,54,7.9,480,61,4,601,P1,419,79.9,10.1,426,113,599,P1,False,A,1,,0,291,
South 24 Parganas,217,S24P-217,103,Club Building 103,418,379,0,797,47.55,64,8.0,416,121,8,636,P1,295,65.4,19.0,451,179,700,P1,False,A,1,,0,339,
South 24 Parganas,217,S24P-217,104,Community Hall 104,306,286,0,592,48.31,43,7.3,274,148,5,469,P1,126,58.4,31.6,283,84,495,P1,False,B,3,,0,252,
South 24 Parganas,217,S24P-217,105,Health Sub-Centre 105,359,353,1,713,49.51,73,10.2,377,178,3,616,P1,199,61.2,28.9,315,78,546,P1,False,D,4,,0,304,
South 24 Parganas,217,S24P-217,106,High School 106,296,280,1,577,48.53,63,10.9,257,84,7,453,P1,157,56.7,18.5,291,94,460,P1,False,D,4,,0,246,
South 24 Parganas,217,S24P-217,107,Club Building 107,418,393,1,812,48.4,53,6.5,376,192,5,632,P1,184,59.5,30.4,424,163,668,P1,False,B,3,,0,346,
South 24 Parganas,217,S24P-217,108,Community Hall 108,297,304,0,601,50.58,41,6.8,286,160,6,519,P1,126,55.1,30.8,333,91,471,P1,False,B,3,,0,256,
South 24 Parganas,217,S24P-217,109,Market Building 109,399,391,1,791,49.43,80,10.1,441,110,4,612,P1,331,72.1,18.0,446,159,672,P1,False,D,4,,0,337,
South 24 Parganas,217,S24P-217,110,Govt Office 110,326,314,0,640,49.06,50,7.8,373,71,6,493,P1,302,75.7,14.4,362,122,559,P1,False,A,1,,0,273,
South 24 Parganas,217,S24P-217,111,Temple Hall 111,269,249,1,519,47.98,39,7.5,246,153,4,444,P1,93,55.4,34.5,295,108,448,P1,False,B,3,,0,221,
South 24 Parganas,217,S24P-217,112,Health Sub-Centre 112,262,257,1,520,49.42,60,11.5,225,119,7,413,P1,106,54.5,28.8,245,133,420,P1,False,D,4,,0,221,
South 24 Parganas,217,S24P-217,113,Madrasa 113,301,296,0,597,49.58,54,9.0,325,113,4,487,P1,212,66.7,23.2,211,120,459,P1,False,A,1,,0,254,
South 24 Parganas,217,S24P-217,114,Community Hall 114,262,270,1,533,50.66,59,11.1,226,130,5,416,P1,96,54.3,31.2,235,116,414,P1,False,D,4,,0,227,
South 24 Parganas,217,S24P-217,115,High School 115,301,274,0,575,47.65,40,7.0,226,148,9,466,P1,78,48.5,31.8,225,128,468,P1,False,B,3,,0,245,
South 24 Parganas,217,S24P-217,116,Primary School 116,379,348,1,728,47.8,53,7.3,406,99,6,561,P1,307,72.4,17.6,298,141,574,P1,False,A,1,,0,310,
South 24 Parganas,217,S24P-217,117,Madrasa 117,289,289,1,579,49.91,48,8.3,261,133,3,480,P1,128,54.4,27.7,333,112,495,P1,False,B,3,,0,247,
South 24 Parganas,217,S24P-217,118,Temple Hall 118,414,372,0,786,47.33,82,10.4,317,177,18,668,P1,140,47.5,26.5,324,161,676,P1,False,D,4,,0,335,
South 24 Parganas,217,S24P-217,119,Market Building 119,417,388,0,805,48.2,87,10.8,390,174,3,626,P1,216,62.3,27.8,364,199,669,P1,False,D,4,,0,343,
South 24 Parganas,217,S24P-217,120,Community Hall 120,321,305,0,626,48.72,41,6.5,263,147,5,532,P1,116,49.4,27.6,316,146,513,P1,False,B,3,,0,267,
South 24 Parganas,217,S24P-217,121,Market Building 121,296,297,1,594,50.0,41,6.9,300,122,8,506,P1,178,59.3,24.1,257,89,461,P1,False,B,3,,0,253,
South 24 Parganas,217,S24P-217,122,Primary School 122,324,292,0,616,47.4,62,10.1,333,147,2,533,P1,186,62.5,27.6,254,138,476,P1,False,D,4,,0,262,
South 24 Parganas,217,S24P-217,123,Govt Office 123,293,297,1,591,50.25,40,6.8,315,153,4,520,P1,162,60.6,29.4,321,86,507,P1,False,B,3,,0,252,
South 24 Parganas,217,S24P-217,124,Community Hall 124,375,372,0,747,49.8,87,11.6,383,135,5,575,P1,248,66.6,23.5,390,153,604,P1,False,D,4,,0,318,
South 24 Parganas,217,S24P-217,125,Health Sub-Centre 125,261,237,1,499,47.49,48,9.6,241,68,3,392,P1,165,61.5,17.3,225,87,384,P1,False,B,3,,0,212,
South 24 Parganas,217,S24P-217,126,Panchayat Bhavan 126,286,284,0,570,49.82,56,9.8,327,74,4,445,P1,253,73.5,16.6,254,92,466,P1,False,A,1,,0,243,
South 24 Parganas,217,S24P-217,127,Post Office 127,373,380,0,753,50.46,76,10.1,375,172,3,608,P1,203,61.7,28.3,315,85,582,P1,False,D,4,,0,321,
South 24 Parganas,217,S24P-217,128,Madrasa 128,323,317,0,640,49.53,51,8.0,314,127,12,548,P1,187,57.3,23.2,240,197,494,P1,False,B,3,,0,273,
South 24 Parganas,217,S24P-217,129,Anganwadi Centre 129,413,375,1,789,47.53,70,8.9,361,194,6,633,P1,167,57.0,30.6,345,211,641,P1,False,B,3,,0,336,
South 24 Parganas,217,S24P-217,130,Health Sub-Centre 130,394,408,1,803,50.81,53,6.6,409,197,4,673,P1,212,60.8,29.3,347,85,641,P1,False,B,3,,0,342,
South 24 Parganas,217,S24P-217,131,Market Building 131,247,236,1,484,48.76,53,11.0,228,115,3,381,P1,113,59.8,30.2,252,84,405,P1,False,D,4,,0,206,
South 24 Parganas,217,S24P-217,132,Anganwadi Centre 132,281,257,1,539,47.68,61,11.3,277,104,1,423,P1,173,65.5,24.6,213,153,458,P1,False,D,4,,0,230,
South 24 Parganas,217,S24P-217,133,Primary School 133,341,340,1,682,49.85,59,8.7,337,122,7,522,P1,215,64.6,23.4,324,140,568,P1,False,B,3,,0,290,
South 24 Parganas,217,S24P-217,134,Post Office 134,413,387,1,801,48.31,61,7.6,423,159,2,646,P1,264,65.5,24.6,449,154,670,P1,False,A,1,,0,341,
South 24 Parganas,217,S24P-217,135,Community Hall 135,331,301,1,633,47.55,69,10.9,287,188,10,556,P1,99,51.6,33.8,327,170,552,P1,False,D,4,,0,270,
South 24 Parganas,217,S24P-217,136,Temple Hall 136,376,366,1,743,49.26,73,9.8,358,152,6,621,P1,206,57.6,24.5,426,161,653,P1,False,B,3,,0,316,
South 24 Parganas,217,S24P-217,137,Club Building 137,278,263,0,541,48.61,48,8.9,244,92,6,432,P1,152,56.5,21.3,289,124,459,P1,False,B,3,,0,230,
South 24 Parganas,217,S24P-217,138,Madrasa 138,358,326,0,684,47.66,52,7.6,268,239,5,563,P1,29,47.6,42.5,318,197,573,P1,False,B,3,,0,291,
South 24 Parganas,217,S24P-217,139,Post Office 139,358,339,1,698,48.57,48,6.9,396,88,2,538,P1,308,73.6,16.4,345,169,571,P1,False,A,1,,0,297,
South 24 Parganas,217,S24P-217,140,Community Hall 140,331,336,0,667,50.37,46,6.9,330,97,14,550,P1,226,60.0,17.6,313,103,532,P1,False,B,3,,0,284,
South 24 Parganas,217,S24P-217,141,Club Building 141,354,349,0,703,49.64,78,11.1,451,98,6,610,P1,353,73.9,16.1,429,81,566,P1,False,D,4,,0,299,
South 24 Parganas,217,S24P-217,142,Market Building 142,268,251,0,519,48.36,43,8.3,287,117,3,449,P1,170,63.9,26.1,281,123,449,P1,False,B,3,,0,221,
South 24 Parganas,217,S24P-217,143,Health Sub-Centre 143,392,370,0,762,48.56,85,11.2,341,166,4,589,P1,175,57.9,28.2,416,187,670,P1,False,D,4,,0,324,
South 24 Parganas,217,S24P-217,144,Primary School 144,400,366,1,767,47.72,82,10.7,335,206,3,651,P1,129,51.5,31.6,357,147,611,P1,False,D,4,,0,327,
South 24 Parganas,217,S24P-217,145,Club Building 145,254,228,0,482,47.3,37,7.7,205,136,7,403,P1,69,50.9,33.7,254,113,418,P1,False,B,3,,0,205,
South 24 Parganas,217,S24P-217,146,Govt Office 146,262,266,0,528,50.38,36,6.8,280,94,5,434,P1,186,64.5,21.7,211,121,408,P1,False,B,3,,0,225,
South 24 Parganas,217,S24P-217,147,Anganwadi Centre 147,333,334,0,667,50.07,49,7.3,337,95,11,584,P1,202,57.7,16.3,380,130,566,P1,False,B,3,,0,284,
South 24 Parganas,217,S24P-217,148,Primary School 148,349,350,1,700,50.0,55,7.9,376,114,3,544,P1,262,69.1,21.0,344,148,572,P1,False,A,1,,0,298,
South 24 Parganas,217,S24P-217,149,High School 149,328,332,0,660,50.3,65,9.8,295,177,2,540,P1,118,54.6,32.8,343,131,527,P1,False,B,3,,0,281,
South 24 Parganas,217,S24P-217,150,Market Building 150,331,341,1,673,50.67,57,8.5,336,184,2,581,P1,152,57.8,31.7,410,58,520,P1,False,B,3,,0,287,
South 24 Parganas,217,S24P-217,151,High School 151,287,278,1,566,49.12,62,11.0,331,111,3,491,P1,220,67.4,22.6,313,116,489,P1,False,D,4,,0,241,
South 24 Parganas,217,S24P-217,152,Temple Hall 152,387,391,0,778,50.26,86,11.1,347,151,4,616,P1,196,56.3,24.5,359,210,675,P1,False,D,4,,0,331,
South 24 Parganas,217,S24P-217,153,Anganwadi Centre 153,251,231,1,483,47.83,39,8.1,203,118,9,399,P1,85,50.9,29.6,241,101,381,P1,False,B,3,,0,206,
South 24 Parganas,217,S24P-217,154,Temple Hall 154,283,258,1,542,47.6,57,10.5,280,58,7,431,P1,199,65.0,13.5,305,103,454,P1,False,D,4,,0,231,
South 24 Parganas,217,S24P-217,155,Market Building 155,370,353,0,723,48.82,76,10.5,307,205,4,568,P1,102,54.0,36.1,330,176,591,P1,False,D,4,,0,308,
South 24 Parganas,217,S24P-217,156,Anganwadi Centre 156,349,341,1,691,49.35,50,7.2,253,103,9,533,P1,91,47.5,19.3,442,88,589,P1,False,B,3,,0,294,
South 24 Parganas,217,S24P-217,157,Govt Office 157,307,282,0,589,47.88,68,11.5,243,132,9,456,P1,111,53.3,28.9,312,141,516,P1,False,D,4,,0,251,
South 24 Parganas,217,S24P-217,158,Community Hall 158,266,242,1,509,47.54,39,7.7,285,105,5,433,P1,180,65.8,24.2,239,92,394,P1,False,A,1,,0,217,
South 24 Parganas,217,S24P-217,159,Health Sub-Centre 159,411,392,1,804,48.76,71,8.8,327,147,5,622,P1,180,52.6,23.6,468,168,706,P1,False,B,3,,0,342,
South 24 Parganas,217,S24P-217,160,High School 160,361,349,0,710,49.15,69,9.7,329,147,11,582,P1,182,56.5,25.3,348,162,567,P1,False,B,3,,0,302,
South 24 Parganas,218,S24P-218,1,Govt Office 1,250,243,0,493,49.29,37,7.5,212,126,6,398,P1,86,53.3,31.7,277,115,435,P1,False,B,3,,0,210,
South 24 Parganas,218,S24P-218,2,Panchayat Bhavan 2,410,406,1,817,49.69,74,9.1,385,151,8,716,P1,220,53.8,21.1,304,183,632,P1,False,B,3,,0,348,
South 24 Parganas,218,S24P-218,3,Club Building 3,396,378,0,774,48.84,84,10.9,341,142,17,659,P1,188,51.7,21.5,326,170,615,P1,False,D,4,,0,330,
South 24 Parganas,218,S24P-218,4,Community Hall 4,282,261,1,544,47.98,42,7.7,209,135,9,430,P1,74,48.6,31.4,372,58,478,P1,False,B,3,,0,232,
South 24 Parganas,218,S24P-218,5,Temple Hall 5,262,254,1,517,49.13,43,8.3,211,115,11,444,P1,96,47.5,25.9,268,115,431,P1,False,B,3,,0,220,
South 24 Parganas,218,S24P-218,6,Club Building 6,341,316,1,658,48.02,57,8.7,331,142,5,527,P1,189,62.8,26.9,393,124,574,P1,False,B,3,,0,280,
South 24 Parganas,218,S24P-218,7,Panchayat Bhavan 7,301,277,0,578,47.92,45,7.8,258,149,5,454,P1,109,56.8,32.8,296,144,489,P1,False,B,3,,0,246,
South 24 Parganas,218,S24P-218,8,Panchayat Bhavan 8,267,273,0,540,50.56,62,11.5,310,112,1,469,P1,198,66.1,23.9,236,123,456,P1,False,D,4,,0,230,
South 24 Parganas,218,S24P-218,9,Health Sub-Centre 9,358,333,1,692,48.12,54,7.8,311,153,2,533,P1,158,58.3,28.7,386,80,548,P1,False,B,3,,0,295,
South 24 Parganas,218,S24P-218,10,Post Office 10,362,350,1,713,49.09,83,11.6,377,163,5,600,P1,214,62.8,27.2,313,137,565,P1,False,D,4,,0,304,
South 24 Parganas,218,S24P-218,11,Health Sub-Centre 11,278,287,0,565,50.8,47,8.3,241,124,3,433,P1,117,55.7,28.6,250,137,452,P1,False,B,3,,0,241,
South 24 Parganas,218,S24P-218,12,High School 12,409,365,0,774,47.16,60,7.8,452,162,8,683,P1,290,66.2,23.7,360,190,654,P1,False,A,1,,0,330,
South 24 Parganas,218,S24P-218,13,Health Sub-Centre 13,375,335,0,710,47.18,61,8.6,422,113,7,623,P1,309,67.7,18.1,332,208,600,P1,False,A,1,,0,302,
South 24 Parganas,218,S24P-218,14,Temple Hall 14,399,393,0,792,49.62,81,10.2,444,124,3,631,P1,320,70.4,19.7,388,217,672,P1,False,D,4,,0,337,
South 24 Parganas,218,S24P-218,15,High School 15,352,361,0,713,50.63,81,11.4,353,141,5,549,P1,212,64.3,25.7,307,169,619,P1,False,D,4,,0,304,
South 24 Parganas,218,S24P-218,16,Community Hall 16,255,257,0,512,50.2,54,10.5,273,97,6,419,P1,176,65.2,23.2,286,83,434,P1,False,D,4,,0,218,
South 24 Parganas,218,S24P-218,17,Primary School 17,260,268,0,528,50.76,48,9.1,280,130,2,456,P1,150,61.4,28.5,298,118,462,P1,False,B,3,,0,225,
South 24 Parganas,218,S24P-218,18,Club Building 18,391,387,0,778,49.74,54,6.9,409,161,6,634,P1,248,64.5,25.4,390,212,669,P1,False,B,3,,0,331,
South 24 Parganas,218,S24P-218,19,Govt Office 19,374,368,0,742,49.6,58,7.8,422,128,10,635,P1,294,66.5,20.2,381,93,625,P1,False,A,1,,0,316,
South 24 Parganas,218,S24P-218,20,Temple Hall 20,271,246,1,518,47.49,48,9.3,250,126,3,418,P1,124,59.8,30.1,252,148,452,P1,False,B,3,,0,221,
South 24 Parganas,218,S24P-218,21,Market Building 21,314,282,1,597,47.24,48,8.0,298,165,3,514,P1,133,58.0,32.1,332,112,493,P1,False,B,3,,0,254,
South 24 Parganas,218,S24P-218,22,Primary School 22,292,265,0,557,47.58,63,11.3,304,129,3,482,P1,175,63.1,26.8,201,142,460,P1,False,D,4,,0,237,
South 24 Parganas,218,S24P-218,23,Community Hall 23,297,296,1,594,49.83,62,10.4,283,136,5,465,P1,147,60.9,29.2,341,127,520,P1,False,D,4,,0,253,
South 24 Parganas,218,S24P-218,24,Govt Office 24,331,307,0,638,48.12,42,6.6,363,117,2,534,P1,246,68.0,21.9,328,152,534,P1,False,A,1,,0,272,
South 24 Parganas,218,S24P-218,25,Temple Hall 25,363,331,0,694,47.69,68,9.8,305,182,3,541,P1,123,56.4,33.6,285,186,607,P1,False,B,3,,0,296,
South 24 Parganas,218,S24P-218,26,Community Hall 26,390,368,0,758,48.55,83,10.9,344,192,4,657,P1,152,52.4,29.2,327,185,585,P1,False,D,4,,0,323,
South 24 Parganas,218,S24P-218,27,Market Building 27,375,371,0,746,49.73,52,7.0,385,186,3,635,P1,199,60.6,29.3,355,160,580,P1,False,B,3,,0,318,
South 24 Parganas,218,S24P-218,28,Panchayat Bhavan 28,355,336,0,691,48.63,61,8.8,413,131,5,604,P1,282,68.4,21.7,285,189,537,P1,False,A,1,,0,294,
South 24 Parganas,218,S24P-218,29,Panchayat Bhavan 29,389,387,1,777,49.81,65,8.4,328,190,5,618,P1,138,53.1,30.7,312,182,607,P1,False,B,3,,0,331,
South 24 Parganas,218,S24P-218,30,Temple Hall 30,297,280,0,577,48.53,47,8.1,296,131,4,498,P1,165,59.4,26.3,298,115,500,P1,False,B,3,,0,246,
South 24 Parganas,218,S24P-218,31,Temple Hall 31,403,404,0,807,50.06,73,9.0,366,219,3,650,P1,147,56.3,33.7,465,148,681,P1,False,B,3,,0,344,
South 24 Parganas,218,S24P-218,32,Panchayat Bhavan 32,414,386,0,800,48.25,62,7.8,396,167,12,681,P1,229,58.1,24.5,383,139,693,P1,False,B,3,,0,341,
South 24 Parganas,218,S24P-218,33,Primary School 33,315,319,1,635,50.24,72,11.3,369,80,3,498,P1,289,74.1,16.1,290,103,495,P1,False,D,4,,0,270,
South 24 Parganas,218,S24P-218,34,Market Building 34,334,304,1,639,47.57,63,9.9,299,82,18,548,P1,155,54.6,15.0,334,110,493,P1,False,B,3,,0,272,
South 24 Parganas,218,S24P-218,35,High School 35,369,349,1,719,48.54,62,8.6,359,165,4,605,P1,194,59.3,27.3,360,108,580,P1,False,B,3,,0,306,
South 24 Parganas,218,S24P-218,36,Govt Office 36,290,282,1,573,49.21,40,7.0,378,77,5,506,P1,301,74.7,15.2,253,105,506,P1,False,A,1,,0,244,
South 24 Parganas,218,S24P-218,37,Madrasa 37,334,329,1,664,49.55,43,6.5,434,88,7,581,P1,346,74.7,15.1,281,116,555,P1,False,A,1,,0,283,
South 24 Parganas,218,S24P-218,38,Anganwadi Centre 38,312,312,0,624,50.0,42,6.7,257,88,5,495,P1,117,51.9,17.8,301,112,539,P1,False,B,3,,0,266,
South 24 Parganas,218,S24P-218,39,Market Building 39,308,288,0,596,48.32,42,7.0,280,147,6,487,P1,133,57.5,30.2,351,100,502,P1,False,B,3,,0,254,
South 24 Parganas,218,S24P-218,40,Club Building 40,247,240,0,487,49.28,47,9.7,191,96,9,396,P1,95,48.2,24.2,231,139,411,P1,False,B,3,,0,207,
South 24 Parganas,218,S24P-218,41,Panchayat Bhavan 41,299,297,0,596,49.83,41,6.9,301,154,3,505,P1,147,59.6,30.5,322,95,512,P1,False,B,3,,0,254,
South 24 Parganas,218,S24P-218,42,Madrasa 42,324,323,1,648,49.85,51,7.9,344,169,2,570,P1,175,60.4,29.6,282,125,498,P1,False,B,3,,0,276,
South 24 Parganas,218,S24P-218,43,High School 43,253,240,1,494,48.58,39,7.9,258,105,2,404,P1,153,63.9,26.0,228,86,379,P1,False,B,3,,0,210,
South 24 Parganas,218,S24P-218,44,Govt Office 44,265,270,0,535,50.47,38,7.1,255,126,9,465,P1,129,54.8,27.1,239,111,432,P1,False,B,3,,0,228,
South 24 Parganas,218,S24P-218,45,Club Building 45,249,251,0,500,50.2,50,10.0,271,105,2,417,P1,166,65.0,25.2,223,110,425,P1,False,B,3,,0,213,
South 24 Parganas,218,S24P-218,46,Community Hall 46,427,385,1,813,47.36,69,8.5,410,210,6,688,P1,200,59.6,30.5,374,202,646,P1,False,B,3,,0,346,
South 24 Parganas,218,S24P-218,47,Health Sub-Centre 47,390,391,0,781,50.06,87,11.1,400,138,7,625,P1,262,64.0,22.1,389,198,664,P1,False,D,4,,0,333,
South 24 Parganas,218,S24P-218,48,Panchayat Bhavan 48,376,347,1,724,47.93,58,8.0,346,196,3,602,P1,150,57.5,32.6,381,157,598,P1,False,B,3,,0,308,
South 24 Parganas,218,S24P-218,49,High School 49,383,344,0,727,47.32,64,8.8,372,175,4,607,P1,197,61.3,28.8,361,154,579,P1,False,B,3,,0,310,
South 24 Parganas,218,S24P-218,50,Community Hall 50,306,278,0,584,47.6,54,9.2,254,99,12,472,P1,152,53.8,21.0,261,129,454,P1,False,B,3,,0,249,
South 24 Parganas,218,S24P-218,51,Anganwadi Centre 51,325,336,1,662,50.76,64,9.7,315,149,8,575,P1,166,54.8,25.9,307,155,514,P1,False,B,3,,0,282,
South 24 Parganas,218,S24P-218,52,Community Hall 52,245,247,0,492,50.2,50,10.2,295,84,4,421,P1,211,70.1,20.0,202,88,382,P1,False,D,4,,0,210,
South 24 Parganas,218,S24P-218,53,Market Building 53,308,306,1,615,49.76,51,8.3,242,124,6,480,P1,118,50.4,25.8,347,89,484,P1,False,B,3,,0,262,
South 24 Parganas,218,S24P-218,54,Panchayat Bhavan 54,410,384,1,795,48.3,59,7.4,344,189,9,640,P1,155,53.8,29.5,463,125,654,P1,False,B,3,,0,339,
South 24 Parganas,218,S24P-218,55,High School 55,320,322,1,643,50.08,63,9.8,313,186,5,567,P1,127,55.2,32.8,364,108,524,P1,False,B,3,,0,274,
South 24 Parganas,218,S24P-218,56,Anganwadi Centre 56,393,390,1,784,49.74,51,6.5,403,193,5,669,P1,210,60.2,28.8,361,157,605,P1,False,B,3,,0,334,
South 24 Parganas,218,S24P-218,57,Post Office 57,290,280,1,571,49.04,40,7.0,304,109,4,459,P1,195,66.2,23.7,280,122,478,P1,False,A,1,,0,243,
South 24 Parganas,218,S24P-218,58,Madrasa 58,332,322,0,654,49.24,54,8.3,290,152,4,504,P1,138,57.5,30.2,236,216,572,P1,False,B,3,,0,279,
South 24 Parganas,218,S24P-218,59,Govt Office 59,391,394,0,785,50.19,86,11.0,361,201,10,661,P1,160,54.6,30.4,365,175,648,P1,False,D,4,,0,334,
South 24 Parganas,218,S24P-218,60,Anganwadi Centre 60,245,241,1,487,49.49,39,8.0,239,94,6,390,P1,145,61.3,24.1,178,107,391,P1,False,B,3,,0,207,
South 24 Parganas,218,S24P-218,61,Market Building 61,399,384,0,783,49.04,66,8.4,418,127,4,605,P1,291,69.1,21.0,355,182,685,P1,False,A,1,,0,333,
South 24 Parganas,218,S24P-218,62,Temple Hall 62,375,342,0,717,47.7,53,7.4,375,165,2,599,P1,210,62.6,27.5,305,193,554,P1,False,B,3,,0,305,
South 24 Parganas,218,S24P-218,63,Health Sub-Centre 63,413,390,0,803,48.57,66,8.2,386,194,3,644,P1,192,59.9,30.1,472,153,694,P1,False,B,3,,0,342,
South 24 Parganas,218,S24P-218,64,Community Hall 64,252,257,1,510,50.39,57,11.2,245,54,7,395,P1,161,62.0,13.7,282,114,440,P1,False,D,4,,0,217,
South 24 Parganas,218,S24P-218,65,Community Hall 65,329,327,0,656,49.85,56,8.5,284,148,7,507,P1,136,56.0,29.2,255,155,509,P1,False,B,3,,0,279,
South 24 Parganas,218,S24P-218,66,Panchayat Bhavan 66,277,252,1,530,47.55,43,8.1,316,66,3,424,P1,250,74.5,15.6,188,155,451,P1,False,A,1,,0,226,
South 24 Parganas,218,S24P-218,67,Anganwadi Centre 67,268,261,0,529,49.34,44,8.3,257,60,8,443,P1,143,58.0,13.5,237,117,407,P1,False,B,3,,0,225,
South 24 Parganas,218,S24P-218,68,Market Building 68,397,368,1,766,48.04,72,9.4,446,131,7,641,P1,315,69.6,20.4,368,181,619,P1,False,A,1,,0,326,
South 24 Parganas,218,S24P-218,69,Anganwadi Centre 69,363,353,0,716,49.3,75,10.5,396,152,7,609,P1,244,65.0,25.0,392,138,588,P1,False,D,4,,0,305,
South 24 Parganas,218,S24P-218,70,Primary School 70,274,259,0,533,48.59,61,11.4,218,144,6,438,P1,74,49.8,32.9,306,109,461,P1,False,D,4,,0,227,
South 24 Parganas,218,S24P-218,71,Panchayat Bhavan 71,278,276,0,554,49.82,64,11.6,194,99,10,426,P1,75,45.5,23.2,231,135,446,P1,False,D,4,,0,236,
South 24 Parganas,218,S24P-218,72,Govt Office 72,311,308,0,619,49.76,58,9.4,287,99,9,477,P1,188,60.2,20.8,289,141,481,P1,False,B,3,,0,264,
South 24 Parganas,218,S24P-218,73,Primary School 73,305,309,1,615,50.24,59,9.6,331,121,6,502,P1,210,65.9,24.1,309,105,509,P1,False,A,1,,0,262,
South 24 Parganas,218,S24P-218,74,Panchayat Bhavan 74,242,239,0,481,49.69,43,8.9,212,94,8,387,P1,118,54.8,24.3,285,90,417,P1,False,B,3,,0,205,
South 24 Parganas,218,S24P-218,75,Madrasa 75,423,379,0,802,47.26,92,11.5,332,178,9,617,P1,154,53.8,28.8,465,138,670,P1,False,D,4,,0,342,
South 24 Parganas,218,S24P-218,76,Primary School 76,329,303,0,632,47.94,47,7.4,400,77,3,531,P1,323,75.3,14.5,373,114,541,P1,False,A,1,,0,269,
South 24 Parganas,218,S24P-218,77,Panchayat Bhavan 77,301,276,0,577,47.83,44,7.6,326,119,5,495,P1,207,65.9,24.0,320,108,500,P1,False,A,1,,0,246,
South 24 Parganas,218,S24P-218,78,Post Office 78,367,352,0,719,48.96,62,8.6,332,118,12,572,P1,214,58.0,20.6,389,141,589,P1,False,B,3,,0,306,
South 24 Parganas,218,S24P-218,79,Health Sub-Centre 79,408,404,1,813,49.69,58,7.1,451,138,6,654,P1,313,69.0,21.1,392,193,690,P1,False,A,1,,0,346,
South 24 Parganas,218,S24P-218,80,Community Hall 80,330,313,0,643,48.68,50,7.8,275,139,10,518,P1,136,53.1,26.8,262,183,495,P1,False,B,3,,0,274,
South 24 Parganas,218,S24P-218,81,Madrasa 81,255,258,0,513,50.29,50,9.7,241,121,9,438,P1,120,55.0,27.6,205,60,398,P1,False,B,3,,0,218,
South 24 Parganas,218,S24P-218,82,Govt Office 82,259,255,0,514,49.61,51,9.9,252,99,2,403,P1,153,62.5,24.6,219,101,436,P1,False,B,3,,0,219,
South 24 Parganas,218,S24P-218,83,Health Sub-Centre 83,263,236,0,499,47.29,55,11.0,248,117,4,405,P1,131,61.2,28.9,263,101,405,P1,False,D,4,,0,212,
South 24 Parganas,218,S24P-218,84,Panchayat Bhavan 84,308,319,1,628,50.8,64,10.2,293,123,5,491,P1,170,59.7,25.1,312,130,491,P1,False,D,4,,0,267,
South 24 Parganas,218,S24P-218,85,Community Hall 85,361,353,1,715,49.37,73,10.2,312,141,5,586,P1,171,53.2,24.1,328,192,581,P1,False,D,4,,0,304,
South 24 Parganas,218,S24P-218,86,High School 86,371,351,1,723,48.55,75,10.4,344,115,11,638,P1,182,53.9,18.0,465,101,629,P1,False,D,4,,0,308,
South 24 Parganas,218,S24P-218,87,Market Building 87,316,298,0,614,48.53,60,9.8,324,120,6,519,P1,204,62.4,23.1,290,155,505,P1,False,B,3,,0,261,
South 24 Parganas,218,S24P-218,88,Health Sub-Centre 88,313,310,0,623,49.76,64,10.3,266,121,12,521,P1,145,51.1,23.2,304,123,512,P1,False,D,4,,0,265,
South 24 Parganas,218,S24P-218,89,Community Hall 89,258,230,0,488,47.13,35,7.2,223,130,3,410,P1,93,54.4,31.7,244,73,393,P1,False,B,3,,0,208,
South 24 Parganas,218,S24P-218,90,Temple Hall 90,288,268,1,557,48.11,46,8.3,286,109,4,438,P1,177,65.3,24.9,276,124,456,P1,False,A,1,,0,237,
South 24 Parganas,218,S24P-218,91,Govt Office 91,257,235,0,492,47.76,57,11.6,257,104,4,412,P1,153,62.4,25.2,263,93,395,P1,False,D,4,,0,210,
South 24 Parganas,218,S24P-218,92,Temple Hall 92,405,411,1,817,50.31,92,11.3,494,109,2,670,P1,385,73.7,16.3,371,176,681,P1,False,D,4,,0,348,
South 24 Parganas,218,S24P-218,93,Madrasa 93,270,273,1,544,50.18,55,10.1,279,97,5,418,P1,182,66.7,23.2,289,96,448,P1,False,D,4,,0,232,
South 24 Parganas,218,S24P-218,94,Temple Hall 94,281,257,1,539,47.68,60,11.1,191,103,8,437,P1,60,43.7,23.6,283,105,468,P1,False,D,4,,0,230,
South 24 Parganas,218,S24P-218,95,Madrasa 95,297,284,1,582,48.8,64,11.0,289,120,2,455,P1,169,63.5,26.4,272,153,489,P1,False,D,4,,0,248,
South 24 Parganas,218,S24P-218,96,Temple Hall 96,377,388,0,765,50.72,84,11.0,414,128,8,608,P1,286,68.1,21.1,398,106,590,P1,False,D,4,,0,326,
South 24 Parganas,218,S24P-218,97,Anganwadi Centre 97,368,342,1,711,48.1,62,8.7,339,200,4,625,P1,139,54.2,32.0,339,152,589,P1,False,B,3,,0,303,
South 24 Parganas,218,S24P-218,98,Anganwadi Centre 98,325,300,1,626,47.92,45,7.2,283,117,4,518,P1,166,54.6,22.6,366,130,551,P1,False,B,3,,0,267,
South 24 Parganas,218,S24P-218,99,Govt Office 99,325,324,1,650,49.85,45,6.9,283,79,13,519,P1,144,54.5,15.2,338,176,571,P1,False,B,3,,0,277,
South 24 Parganas,218,S24P-218,100,Anganwadi Centre 100,311,297,1,609,48.77,46,7.6,341,131,5,525,P1,210,65.0,25.0,310,160,522,P1,False,B,3,,0,259,
South 24 Parganas,218,S24P-218,101,Market Building 101,413,388,0,801,48.44,58,7.2,457,98,7,616,P1,359,74.2,15.9,333,187,656,P1,False,A,1,,0,341,
South 24 Parganas,218,S24P-218,102,Community Hall 102,367,378,1,746,50.67,59,7.9,369,176,5,606,P1,193,60.9,29.0,316,193,586,P1,False,B,3,,0,318,
South 24 Parganas,218,S24P-218,103,Temple Hall 103,365,345,1,711,48.52,77,10.8,374,139,5,570,P1,235,65.6,24.4,357,140,552,P1,False,D,4,,0,303,
South 24 Parganas,218,S24P-218,104,Temple Hall 104,354,317,0,671,47.24,64,9.5,273,176,9,564,P1,97,48.4,31.2,314,173,566,P1,False,B,3,,0,286,
South 24 Parganas,218,S24P-218,105,Panchayat Bhavan 105,365,377,1,743,50.74,61,8.2,386,194,2,644,P1,192,59.9,30.1,334,189,581,P1,False,B,3,,0,316,
South 24 Parganas,218,S24P-218,106,Temple Hall 106,383,384,0,767,50.07,64,8.3,369,202,3,635,P1,167,58.1,31.8,288,166,626,P1,False,B,3,,0,327,
South 24 Parganas,218,S24P-218,107,Madrasa 107,393,381,0,774,49.22,70,9.0,444,124,3,632,P1,320,70.3,19.6,412,121,592,P1,False,A,1,,0,330,
South 24 Parganas,218,S24P-218,108,Health Sub-Centre 108,394,367,0,761,48.23,60,7.9,451,142,5,663,P1,309,68.0,21.4,386,118,609,P1,False,A,1,,0,324,
South 24 Parganas,218,S24P-218,109,Anganwadi Centre 109,327,295,0,622,47.43,63,10.1,294,129,2,479,P1,165,61.4,26.9,248,141,510,P1,False,D,4,,0,265,
South 24 Parganas,218,S24P-218,110,Community Hall 110,413,386,1,800,48.25,52,6.5,318,201,15,670,P1,117,47.5,30.0,382,201,686,P1,False,B,3,,0,341,
South 24 Parganas,218,S24P-218,111,Anganwadi Centre 111,377,344,0,721,47.71,69,9.6,437,71,7,565,P1,366,77.3,12.6,278,138,585,P1,False,A,1,,0,307,
South 24 Parganas,218,S24P-218,112,Market Building 112,337,335,0,672,49.85,51,7.6,333,178,2,567,P1,155,58.7,31.4,260,219,532,P1,False,B,3,,0,286,
South 24 Parganas,218,S24P-218,113,Anganwadi Centre 113,255,231,0,486,47.53,44,9.1,236,88,6,411,P1,148,57.4,21.4,246,103,388,P1,False,B,3,,0,207,
South 24 Parganas,218,S24P-218,114,Panchayat Bhavan 114,299,280,0,579,48.36,49,8.5,278,134,3,459,P1,144,60.6,29.2,307,74,479,P1,False,B,3,,0,247,
South 24 Parganas,218,S24P-218,115,Panchayat Bhavan 115,272,278,1,551,50.45,64,11.6,290,91,2,423,P1,199,68.6,21.5,216,118,425,P1,False,D,4,,0,235,
South 24 Parganas,218,S24P-218,116,Primary School 116,337,303,0,640,47.34,48,7.5,365,88,2,504,P1,277,72.4,17.5,263,145,508,P1,False,A,1,,0,273,
South 24 Parganas,218,S24P-218,117,Primary School 117,297,269,1,567,47.44,46,8.1,323,94,3,464,P1,229,69.6,20.3,300,114,461,P1,False,A,1,,0,241,
South 24 Parganas,218,S24P-218,118,Market Building 118,398,394,1,793,49.68,67,8.4,350,227,6,659,P1,123,53.1,34.4,372,217,654,P1,False,B,3,,0,338,
South 24 Parganas,218,S24P-218,119,Temple Hall 119,336,325,1,662,49.09,63,9.5,366,125,3,545,P1,241,67.2,22.9,381,142,581,P1,False,A,1,,0,282,
South 24 Parganas,218,S24P-218,120,Madrasa 120,335,319,1,655,48.7,66,10.1,294,182,3,529,P1,112,55.6,34.4,280,172,505,P1,False,D,4,,0,279,
South 24 Parganas,218,S24P-218,121,Temple Hall 121,258,266,0,524,50.76,52,9.9,236,153,7,453,P1,83,52.1,33.8,262,108,411,P1,False,B,3,,0,223,
South 24 Parganas,218,S24P-218,122,Market Building 122,397,359,1,757,47.42,59,7.8,368,175,8,648,P1,193,56.8,27.0,379,152,657,P1,False,B,3,,0,322,
South 24 Parganas,218,S24P-218,123,Govt Office 123,287,290,0,577,50.26,40,6.9,238,125,9,449,P1,113,53.0,27.8,279,134,497,P1,False,B,3,,0,246,
South 24 Parganas,218,S24P-218,124,Anganwadi Centre 124,319,306,1,626,48.88,68,10.9,309,123,2,480,P1,186,64.4,25.6,308,117,495,P1,False,D,4,,0,267,
South 24 Parganas,218,S24P-218,125,Club Building 125,309,300,1,610,49.18,71,11.6,292,170,2,513,P1,122,56.9,33.1,296,174,522,P1,False,D,4,,0,260,
South 24 Parganas,218,S24P-218,126,Health Sub-Centre 126,366,347,1,714,48.6,79,11.1,338,153,4,552,P1,185,61.2,27.7,360,155,609,P1,False,D,4,,0,304,
South 24 Parganas,218,S24P-218,127,Community Hall 127,370,340,0,710,47.89,49,6.9,282,165,11,590,P1,117,47.8,28.0,347,165,576,P1,False,B,3,,0,302,
South 24 Parganas,218,S24P-218,128,Community Hall 128,318,305,1,624,48.88,41,6.6,260,158,6,520,P1,102,50.0,30.4,330,104,548,P1,False,B,3,,0,266,
South 24 Parganas,218,S24P-218,129,Post Office 129,345,356,1,702,50.71,51,7.3,351,130,4,554,P1,221,63.4,23.5,321,73,555,P1,False,B,3,,0,299,
South 24 Parganas,218,S24P-218,130,Market Building 130,297,297,0,594,50.0,44,7.4,264,142,5,455,P1,122,58.0,31.2,256,143,463,P1,False,B,3,,0,253,
South 24 Parganas,218,S24P-218,131,Primary School 131,403,400,0,803,49.81,51,6.4,509,91,5,667,P1,418,76.3,13.6,358,120,640,P1,False,A,1,,0,342,
South 24 Parganas,218,S24P-218,132,Panchayat Bhavan 132,297,292,0,589,49.58,44,7.5,225,116,15,470,P1,109,47.9,24.7,289,138,488,P1,False,B,3,,0,251,
South 24 Parganas,218,S24P-218,133,Market Building 133,257,245,1,503,48.71,59,11.7,262,121,4,432,P1,141,60.6,28.0,261,109,411,P1,False,D,4,,0,214,
South 24 Parganas,218,S24P-218,134,Govt Office 134,312,292,1,605,48.26,43,7.1,254,134,6,475,P1,120,53.5,28.2,369,109,531,P1,False,B,3,,0,258,
South 24 Parganas,218,S24P-218,135,Madrasa 135,426,390,0,816,47.79,92,11.3,425,153,2,642,P1,272,66.2,23.8,374,178,632,P1,False,D,4,,0,347,
South 24 Parganas,218,S24P-218,136,Temple Hall 136,412,387,1,800,48.38,78,9.8,370,146,8,656,P1,224,56.4,22.3,435,156,657,P1,False,B,3,,0,341,
South 24 Parganas,218,S24P-218,137,Madrasa 137,323,307,0,630,48.73,45,7.1,316,153,10,554,P1,163,57.0,27.6,312,128,489,P1,False,B,3,,0,268,
South 24 Parganas,218,S24P-218,138,Health Sub-Centre 138,271,270,0,541,49.91,58,10.7,255,112,3,454,P1,143,56.2,24.7,280,95,443,P1,False,D,4,,0,230,
South 24 Parganas,218,S24P-218,139,Club Building 139,324,305,1,630,48.41,65,10.3,279,129,9,534,P1,150,52.2,24.2,226,175,499,P1,False,D,4,,0,268,
South 24 Parganas,218,S24P-218,140,Post Office 140,334,315,0,649,48.54,47,7.2,362,124,5,540,P1,238,67.0,23.0,347,130,554,P1,False,A,1,,0,276,
South 24 Parganas,218,S24P-218,141,Madrasa 141,346,320,1,667,47.98,45,6.7,374,148,3,581,P1,226,64.4,25.5,321,196,574,P1,False,B,3,,0,284,
South 24 Parganas,218,S24P-218,142,Club Building 142,256,258,1,515,50.1,57,11.1,231,158,3,433,P1,73,53.3,36.5,315,86,445,P1,False,D,4,,0,219,
South 24 Parganas,218,S24P-218,143,Panchayat Bhavan 143,291,289,0,580,49.83,65,11.2,239,125,7,494,P1,114,48.4,25.3,211,142,460,P1,False,D,4,,0,247,
South 24 Parganas,218,S24P-218,144,Govt Office 144,373,343,0,716,47.91,57,8.0,356,174,3,590,P1,182,60.3,29.5,396,115,568,P1,False,B,3,,0,305,
South 24 Parganas,218,S24P-218,145,Primary School 145,380,381,0,761,50.07,89,11.7,347,147,8,634,P1,200,54.7,23.2,356,161,583,P1,False,D,4,,0,324,
South 24 Parganas,218,S24P-218,146,Post Office 146,309,286,0,595,48.07,60,10.1,380,53,9,524,P1,303,72.5,10.1,248,145,512,P1,False,D,4,,0,253,
South 24 Parganas,218,S24P-218,147,High School 147,310,308,0,618,49.84,64,10.4,311,139,3,507,P1,172,61.3,27.4,288,130,510,P1,False,D,4,,0,263,
South 24 Parganas,218,S24P-218,148,Health Sub-Centre 148,403,362,0,765,47.32,79,10.3,257,164,9,586,P1,93,43.9,28.0,395,122,624,P1,False,D,4,,0,326,
South 24 Parganas,218,S24P-218,149,High School 149,255,238,1,494,48.18,56,11.3,275,104,4,421,P1,171,65.3,24.7,266,104,411,P1,False,D,4,,0,210,
South 24 Parganas,218,S24P-218,150,Govt Office 150,336,345,1,682,50.59,49,7.2,363,153,3,573,P1,210,63.4,26.7,324,151,528,P1,False,B,3,,0,290,
South 24 Parganas,218,S24P-218,151,Health Sub-Centre 151,423,386,1,810,47.65,70,8.6,327,157,5,622,P1,170,52.6,25.2,319,190,655,P1,False,B,3,,0,345,
South 24 Parganas,218,S24P-218,152,Primary School 152,385,390,0,775,50.32,70,9.0,430,126,7,618,P1,304,69.6,20.4,256,131,612,P1,False,A,1,,0,330,
South 24 Parganas,218,S24P-218,153,Anganwadi Centre 153,381,359,0,740,48.51,59,8.0,391,150,7,642,P1,241,60.9,23.4,258,192,637,P1,False,B,3,,0,315,
South 24 Parganas,218,S24P-218,154,Govt Office 154,404,373,0,777,48.01,51,6.6,391,157,3,609,P1,234,64.2,25.8,424,178,669,P1,False,B,3,,0,331,
South 24 Parganas,218,S24P-218,155,Primary School 155,308,296,0,604,49.01,40,6.6,300,161,5,527,P1,139,56.9,30.6,331,91,524,P1,False,B,3,,0,257,
South 24 Parganas,218,S24P-218,156,Madrasa 156,345,342,1,688,49.71,61,8.9,350,118,5,568,P1,232,61.6,20.8,318,164,546,P1,False,B,3,,0,293,
South 24 Parganas,218,S24P-218,157,High School 157,303,301,1,605,49.75,48,7.9,303,140,4,493,P1,163,61.5,28.4,287,135,529,P1,False,B,3,,0,258,
South 24 Parganas,218,S24P-218,158,Club Building 158,312,306,1,619,49.43,48,7.8,226,126,10,485,P1,100,46.6,26.0,300,131,479,P1,False,B,3,,0,264,
South 24 Parganas,218,S24P-218,159,Community Hall 159,411,368,0,779,47.24,68,8.7,400,201,5,668,P1,199,59.9,30.1,456,142,664,P1,False,B,3,,0,332,
South 24 Parganas,218,S24P-218,160,Govt Office 160,282,254,0,536,47.39,51,9.5,315,105,3,466,P1,210,67.6,22.5,301,71,413,P1,False,A,1,,0,228,
South 24 Parganas,218,S24P-218,161,Govt Office 161,347,348,1,696,50.0,45,6.5,354,151,6,600,P1,203,59.0,25.2,428,90,576,P1,False,B,3,,0,296,
South 24 Parganas,218,S24P-218,162,Club Building 162,282,288,1,571,50.44,43,7.5,258,83,6,476,P1,134,54.2,17.4,293,142,484,P1,False,B,3,,0,243,
South 24 Parganas,218,S24P-218,163,Health Sub-Centre 163,351,356,1,708,50.28,72,10.2,433,111,2,604,P1,322,71.7,18.4,332,124,575,P1,False,D,4,,0,302,
South 24 Parganas,218,S24P-218,164,High School 164,375,355,0,730,48.63,55,7.5,374,147,12,633,P1,227,59.1,23.2,308,133,567,P1,False,B,3,,0,311,
South 24 Parganas,218,S24P-218,165,Govt Office 165,308,296,1,605,48.93,55,9.1,297,108,11,516,P1,189,57.6,20.9,244,90,485,P1,False,B,3,,0,258,
South 24 Parganas,218,S24P-218,166,Anganwadi Centre 166,373,348,0,721,48.27,70,9.7,324,211,5,609,P1,113,53.2,34.6,361,138,554,P1,False,B,3,,0,307,
South 24 Parganas,219,S24P-219,1,High School 1,282,290,0,572,50.7,52,9.1,196,114,11,468,P1,54,41.9,24.4,277,117,438,P1,False,B,3,,0,244,
South 24 Parganas,219,S24P-219,2,Post Office 2,271,250,0,521,47.98,42,8.1,247,90,6,441,P1,153,56.0,20.4,276,101,419,P1,False,B,3,,0,222,
South 24 Parganas,219,S24P-219,3,Govt Office 3,384,380,1,765,49.67,38,5.0,370,159,8,622,P1,211,59.5,25.6,331,188,658,P1,False,B,3,,0,326,
South 24 Parganas,219,S24P-219,4,Govt Office 4,393,389,0,782,49.74,56,7.2,353,221,4,638,P1,132,55.3,34.6,358,171,616,P1,False,B,3,,0,333,
South 24 Parganas,219,S24P-219,5,Post Office 5,310,294,0,604,48.68,39,6.5,352,91,4,492,P1,261,71.5,18.5,276,148,472,P1,False,A,1,,0,257,
South 24 Parganas,219,S24P-219,6,Club Building 6,375,375,1,751,49.93,61,8.1,329,105,8,594,P1,183,55.4,17.7,428,146,637,P1,False,B,3,,0,320,
South 24 Parganas,219,S24P-219,7,Panchayat Bhavan 7,388,355,1,744,47.72,60,8.1,427,158,2,650,P1,269,65.7,24.3,381,179,622,P1,False,A,1,,0,317,
South 24 Parganas,219,S24P-219,8,Anganwadi Centre 8,317,300,1,618,48.54,53,8.6,318,123,6,510,P1,195,62.4,24.1,292,122,512,P1,False,B,3,,0,263,
South 24 Parganas,219,S24P-219,9,Panchayat Bhavan 9,279,273,1,553,49.37,35,6.3,248,157,4,459,P1,91,54.0,34.2,265,71,458,P1,False,B,3,,0,235,
South 24 Parganas,219,S24P-219,10,Health Sub-Centre 10,285,257,0,542,47.42,37,6.8,228,54,7,427,P1,94,53.4,12.6,276,105,423,P1,False,B,3,,0,231,
South 24 Parganas,219,S24P-219,11,Health Sub-Centre 11,255,232,1,488,47.54,35,7.2,237,110,4,386,P1,127,61.4,28.5,252,105,396,P1,False,B,3,,0,208,
South 24 Parganas,219,S24P-219,12,High School 12,381,357,1,739,48.31,56,7.6,373,127,7,570,P1,246,65.4,22.3,261,168,577,P1,False,A,1,,0,315,
South 24 Parganas,219,S24P-219,13,Madrasa 13,247,234,1,482,48.55,32,6.6,255,85,4,390,P1,170,65.4,21.8,218,117,372,P1,False,A,1,,0,205,
South 24 Parganas,219,S24P-219,14,Market Building 14,259,259,1,519,49.9,43,8.3,235,113,2,401,P1,122,58.6,28.2,248,125,415,P1,False,B,3,,0,221,
South 24 Parganas,219,S24P-219,15,Anganwadi Centre 15,267,264,0,531,49.72,36,6.8,294,86,3,422,P1,208,69.7,20.4,282,120,456,P1,False,A,1,,0,226,
South 24 Parganas,219,S24P-219,16,Health Sub-Centre 16,310,281,1,592,47.47,45,7.6,261,97,8,464,P1,164,56.2,20.9,279,136,486,P1,False,B,3,,0,252,
South 24 Parganas,219,S24P-219,17,Primary School 17,340,311,0,651,47.77,50,7.7,335,117,4,502,P1,218,66.7,23.3,383,122,561,P1,False,A,1,,0,277,
South 24 Parganas,219,S24P-219,18,Post Office 18,312,305,1,618,49.35,40,6.5,356,79,3,483,P1,277,73.7,16.4,312,132,516,P1,False,A,1,,0,263,
South 24 Parganas,219,S24P-219,19,Community Hall 19,314,321,1,636,50.47,45,7.1,353,89,6,498,P1,264,70.9,17.9,417,76,548,P1,False,A,1,,0,271,
South 24 Parganas,219,S24P-219,20,Anganwadi Centre 20,381,369,0,750,49.2,62,8.3,355,137,7,597,P1,218,59.5,22.9,366,207,637,P1,False,B,3,,0,319,
South 24 Parganas,219,S24P-219,21,Govt Office 21,392,350,0,742,47.17,65,8.8,336,180,4,574,P1,156,58.5,31.4,438,83,579,P1,False,B,3,,0,316,
South 24 Parganas,219,S24P-219,22,Club Building 22,251,236,1,488,48.36,27,5.5,249,122,4,413,P1,127,60.3,29.5,217,113,373,P1,False,B,3,,0,208,
South 24 Parganas,219,S24P-219,23,Temple Hall 23,280,286,0,566,50.53,28,4.9,265,112,4,464,P1,153,57.1,24.1,263,160,495,P1,False,B,3,,0,241,
South 24 Parganas,219,S24P-219,24,Market Building 24,373,361,0,734,49.18,48,6.5,316,222,9,629,P1,94,50.2,35.3,300,179,641,P1,False,B,3,,0,313,
South 24 Parganas,219,S24P-219,25,Panchayat Bhavan 25,327,303,0,630,48.1,39,6.2,329,124,7,510,P1,205,64.5,24.3,306,106,509,P1,False,B,3,,0,268,
South 24 Parganas,219,S24P-219,26,Temple Hall 26,347,328,1,676,48.52,41,6.1,280,126,6,557,P1,141,50.3,22.6,244,75,553,P1,False,B,3,,0,288,
South 24 Parganas,219,S24P-219,27,Govt Office 27,377,363,0,740,49.05,37,5.0,270,89,20,585,P1,70,46.2,15.2,365,213,642,P1,False,B,3,,0,315,
South 24 Parganas,219,S24P-219,28,Market Building 28,301,304,1,606,50.17,40,6.6,357,122,6,534,P1,235,66.9,22.8,225,160,495,P1,False,A,1,,0,258,
South 24 Parganas,219,S24P-219,29,Temple Hall 29,244,240,0,484,49.59,31,6.4,230,113,4,393,P1,117,58.5,28.8,185,114,414,P1,False,B,3,,0,206,
South 24 Parganas,219,S24P-219,30,Club Building 30,317,322,1,640,50.31,55,8.6,289,142,3,504,P1,147,57.3,28.2,327,114,490,P1,False,B,3,,0,273,
South 24 Parganas,219,S24P-219,31,Post Office 31,368,349,0,717,48.68,65,9.1,311,180,9,571,P1,131,54.5,31.5,419,139,620,P1,False,B,3,,0,305,
South 24 Parganas,219,S24P-219,32,Club Building 32,315,285,0,600,47.5,34,5.7,334,127,2,513,P1,207,65.1,24.8,269,125,491,P1,False,A,1,,0,256,
South 24 Parganas,219,S24P-219,33,Community Hall 33,313,310,1,624,49.68,51,8.2,253,117,9,483,P1,136,52.4,24.2,284,143,478,P1,False,B,3,,0,266,
South 24 Parganas,219,S24P-219,34,Govt Office 34,379,347,1,727,47.73,59,8.1,384,135,2,577,P1,249,66.6,23.4,330,186,574,P1,False,A,1,,0,310,
South 24 Parganas,219,S24P-219,35,Govt Office 35,263,241,0,504,47.82,39,7.7,238,112,4,395,P1,126,60.3,28.4,293,86,421,P1,False,B,3,,0,215,
South 24 Parganas,219,S24P-219,36,High School 36,262,267,0,529,50.47,42,7.9,193,107,16,454,P1,59,42.5,23.6,300,88,431,P1,False,B,3,,0,225,
South 24 Parganas,219,S24P-219,37,Temple Hall 37,277,264,0,541,48.8,46,8.5,265,125,9,473,P1,140,56.0,26.4,233,135,467,P1,False,B,3,,0,230,
South 24 Parganas,219,S24P-219,38,Temple Hall 38,301,288,1,590,48.81,43,7.3,364,93,4,507,P1,271,71.8,18.3,293,146,496,P1,False,A,1,,0,251,
South 24 Parganas,219,S24P-219,39,Primary School 39,255,230,0,485,47.42,37,7.6,258,107,4,405,P1,151,63.7,26.4,287,95,425,P1,False,B,3,,0,207,
South 24 Parganas,219,S24P-219,40,Health Sub-Centre 40,420,386,1,807,47.83,72,8.9,460,169,2,699,P1,291,65.8,24.2,429,172,708,P1,False,A,1,,0,344,
South 24 Parganas,219,S24P-219,41,Temple Hall 41,379,341,0,720,47.36,36,5.0,352,124,4,609,P1,228,57.8,20.4,365,164,629,P1,False,B,3,,0,307,
South 24 Parganas,219,S24P-219,42,Govt Office 42,417,390,1,808,48.27,60,7.4,347,205,11,661,P1,142,52.5,31.0,455,149,671,P1,False,B,3,,0,344,
South 24 Parganas,219,S24P-219,43,Temple Hall 43,268,270,0,538,50.19,38,7.1,233,107,3,416,P1,126,56.0,25.7,254,118,431,P1,False,B,3,,0,229,
South 24 Parganas,219,S24P-219,44,High School 44,289,281,0,570,49.3,42,7.4,262,151,5,459,P1,111,57.1,32.9,244,131,453,P1,False,B,3,,0,243,
South 24 Parganas,219,S24P-219,45,Govt Office 45,322,290,0,612,47.39,35,5.7,364,119,5,537,P1,245,67.8,22.2,322,147,537,P1,False,A,1,,0,261,
South 24 Parganas,219,S24P-219,46,Anganwadi Centre 46,256,248,1,505,49.11,26,5.1,228,87,9,445,P1,112,51.2,19.6,249,108,397,P1,False,B,3,,0,215,
South 24 Parganas,219,S24P-219,47,Market Building 47,378,363,0,741,48.99,64,8.6,333,184,12,617,P1,149,54.0,29.8,372,156,586,P1,False,B,3,,0,316,
South 24 Parganas,219,S24P-219,48,Health Sub-Centre 48,286,265,1,552,48.01,45,8.2,321,94,6,464,P1,227,69.2,20.3,303,128,479,P1,False,A,1,,0,235,
South 24 Parganas,219,S24P-219,49,High School 49,408,369,1,778,47.43,54,6.9,302,129,6,596,P1,148,50.7,21.6,421,172,688,P1,False,B,3,,0,331,
South 24 Parganas,219,S24P-219,50,Club Building 50,374,373,0,747,49.93,64,8.6,370,151,11,653,P1,219,56.7,23.1,349,168,601,P1,False,B,3,,0,318,
South 24 Parganas,219,S24P-219,51,Govt Office 51,390,366,0,756,48.41,47,6.2,312,139,19,643,P1,146,48.5,21.6,321,174,611,P1,False,B,3,,0,322,
South 24 Parganas,219,S24P-219,52,Temple Hall 52,303,298,0,601,49.58,51,8.5,242,152,5,463,P1,90,52.3,32.8,298,130,519,P1,False,B,3,,0,256,
South 24 Parganas,219,S24P-219,53,Community Hall 53,375,348,0,723,48.13,46,6.4,428,125,3,633,P1,303,67.6,19.7,376,137,578,P1,False,A,1,,0,308,
South 24 Parganas,219,S24P-219,54,Health Sub-Centre 54,369,357,0,726,49.17,58,8.0,375,148,4,581,P1,227,64.5,25.5,323,91,589,P1,False,B,3,,0,309,
South 24 Parganas,219,S24P-219,55,Health Sub-Centre 55,373,385,1,759,50.72,42,5.5,431,143,2,637,P1,288,67.7,22.4,396,145,646,P1,False,A,1,,0,323,
South 24 Parganas,219,S24P-219,56,Govt Office 56,362,370,0,732,50.55,61,8.3,365,138,6,581,P1,227,62.8,23.8,358,134,580,P1,False,B,3,,0,312,
South 24 Parganas,219,S24P-219,57,Post Office 57,352,328,1,681,48.16,48,7.0,428,100,4,587,P1,328,72.9,17.0,381,118,555,P1,False,A,1,,0,290,
South 24 Parganas,219,S24P-219,58,Panchayat Bhavan 58,366,353,1,720,49.03,64,8.9,383,153,11,628,P1,230,61.0,24.4,378,119,553,P1,False,B,3,,0,307,
South 24 Parganas,219,S24P-219,59,Govt Office 59,389,396,0,785,50.45,71,9.0,303,122,24,632,P1,126,47.9,19.3,391,181,636,P1,False,B,3,,0,334,
South 24 Parganas,219,S24P-219,60,Health Sub-Centre 60,398,370,0,768,48.18,47,6.1,392,156,3,609,P1,236,64.4,25.6,385,148,678,P1,False,B,3,,0,327,
South 24 Parganas,219,S24P-219,61,Post Office 61,303,273,0,576,47.4,33,5.7,312,97,5,454,P1,215,68.7,21.4,301,151,502,P1,False,A,1,,0,245,
South 24 Parganas,219,S24P-219,62,Club Building 62,321,315,1,637,49.45,42,6.6,309,154,4,523,P1,155,59.1,29.4,291,152,493,P1,False,B,3,,0,271,
South 24 Parganas,219,S24P-219,63,Club Building 63,362,326,1,689,47.31,35,5.1,313,215,5,603,P1,98,51.9,35.7,338,196,594,P1,False,B,3,,0,293,
South 24 Parganas,219,S24P-219,64,Primary School 64,248,246,1,495,49.7,45,9.1,205,94,7,389,P1,111,52.7,24.2,245,130,416,P1,False,B,3,,0,211,
South 24 Parganas,219,S24P-219,65,Primary School 65,244,247,0,491,50.31,41,8.4,186,105,5,398,P1,81,46.7,26.4,231,109,378,P1,False,B,3,,0,209,
South 24 Parganas,219,S24P-219,66,High School 66,403,372,0,775,48.0,46,5.9,399,161,5,627,P1,238,63.6,25.7,305,120,605,P1,False,B,3,,0,330,
South 24 Parganas,219,S24P-219,67,Temple Hall 67,253,244,1,498,49.0,39,7.8,226,91,10,403,P1,135,56.1,22.6,218,132,428,P1,False,B,3,,0,212,
South 24 Parganas,219,S24P-219,68,Post Office 68,396,371,0,767,48.37,44,5.7,321,131,15,614,P1,180,52.3,21.3,348,183,641,P1,False,B,3,,0,327,
South 24 Parganas,219,S24P-219,69,Anganwadi Centre 69,390,370,0,760,48.68,52,6.8,330,160,6,588,P1,170,56.1,27.2,486,82,631,P1,False,B,3,,0,324,
South 24 Parganas,219,S24P-219,70,Club Building 70,340,343,1,684,50.15,37,5.4,264,143,15,533,P1,121,49.5,26.8,299,152,563,P1,False,B,3,,0,291,
South 24 Parganas,219,S24P-219,71,Market Building 71,301,290,0,591,49.07,37,6.3,290,133,2,475,P1,157,61.1,28.0,377,61,487,P1,False,B,3,,0,252,
South 24 Parganas,219,S24P-219,72,Govt Office 72,262,241,1,504,47.82,41,8.1,251,88,3,387,P1,163,64.9,22.7,242,109,390,P1,False,B,3,,0,215,
South 24 Parganas,219,S24P-219,73,Temple Hall 73,381,389,1,771,50.45,45,5.8,307,155,16,652,P1,139,47.1,23.8,441,152,659,P1,False,B,3,,0,328,
South 24 Parganas,219,S24P-219,74,Panchayat Bhavan 74,305,289,0,594,48.65,30,5.1,302,132,5,513,P1,170,58.9,25.7,256,153,476,P1,False,B,3,,0,253,
South 24 Parganas,219,S24P-219,75,High School 75,329,338,0,667,50.67,38,5.7,315,152,6,519,P1,163,60.7,29.3,289,171,511,P1,False,B,3,,0,284,
South 24 Parganas,219,S24P-219,76,Health Sub-Centre 76,256,256,0,512,50.0,42,8.2,248,122,3,413,P1,126,60.0,29.5,251,91,412,P1,False,B,3,,0,218,
South 24 Parganas,219,S24P-219,77,Anganwadi Centre 77,306,284,0,590,48.14,47,8.0,353,96,5,502,P1,257,70.3,19.1,250,149,473,P1,False,A,1,,0,251,
South 24 Parganas,219,S24P-219,78,Primary School 78,311,288,1,600,48.0,54,9.0,260,96,10,478,P1,152,54.4,20.1,311,104,461,P1,False,B,3,,0,256,
South 24 Parganas,219,S24P-219,79,Post Office 79,328,328,1,657,49.92,57,8.7,312,54,18,527,P1,174,59.2,10.2,267,112,530,P1,False,B,3,,0,280,
South 24 Parganas,219,S24P-219,80,Community Hall 80,301,282,1,584,48.29,37,6.3,305,116,4,468,P1,189,65.2,24.8,367,92,510,P1,False,A,1,,0,249,
South 24 Parganas,219,S24P-219,81,Anganwadi Centre 81,385,372,0,757,49.14,62,8.2,399,157,6,667,P1,242,59.8,23.5,414,157,634,P1,False,B,3,,0,322,
South 24 Parganas,219,S24P-219,82,Post Office 82,386,347,0,733,47.34,55,7.5,361,152,2,570,P1,209,63.3,26.7,339,188,596,P1,False,B,3,,0,312,
South 24 Parganas,219,S24P-219,83,Post Office 83,272,247,0,519,47.59,27,5.2,262,117,2,421,P1,145,62.2,27.8,281,124,450,P1,False,B,3,,0,221,
South 24 Parganas,219,S24P-219,84,Community Hall 84,264,237,0,501,47.31,38,7.6,247,92,7,397,P1,155,62.2,23.2,278,94,418,P1,False,B,3,,0,213,
South 24 Parganas,219,S24P-219,85,Panchayat Bhavan 85,275,273,0,548,49.82,30,5.5,232,104,7,465,P1,115,49.9,22.4,276,104,423,P1,False,B,3,,0,233,
South 24 Parganas,219,S24P-219,86,Panchayat Bhavan 86,383,393,1,777,50.58,40,5.1,391,172,7,626,P1,219,62.5,27.5,445,138,647,P1,False,B,3,,0,331,
South 24 Parganas,219,S24P-219,87,Club Building 87,365,344,0,709,48.52,61,8.6,338,137,3,573,P1,201,59.0,23.9,429,130,621,P1,False,B,3,,0,302,
South 24 Parganas,219,S24P-219,88,Temple Hall 88,318,289,1,608,47.53,48,7.9,258,151,6,500,P1,107,51.6,30.2,312,109,468,P1,False,B,3,,0,259,
South 24 Parganas,219,S24P-219,89,Govt Office 89,307,285,1,593,48.06,50,8.4,306,128,8,522,P1,178,58.6,24.5,298,122,521,P1,False,B,3,,0,253,
South 24 Parganas,219,S24P-219,90,High School 90,248,251,0,499,50.3,29,5.8,275,87,3,402,P1,188,68.4,21.6,256,108,404,P1,False,A,1,,0,212,
South 24 Parganas,219,S24P-219,91,Community Hall 91,303,287,0,590,48.64,31,5.3,351,100,6,501,P1,251,70.1,20.0,334,112,495,P1,False,A,1,,0,251,
South 24 Parganas,219,S24P-219,92,Post Office 92,370,336,1,707,47.52,55,7.8,424,103,2,585,P1,321,72.5,17.6,322,131,553,P1,False,A,1,,0,301,
South 24 Parganas,219,S24P-219,93,Panchayat Bhavan 93,283,288,0,571,50.44,30,5.3,302,120,6,469,P1,182,64.4,25.6,279,118,442,P1,False,B,3,,0,243,
South 24 Parganas,219,S24P-219,94,Panchayat Bhavan 94,289,283,1,573,49.39,46,8.0,290,156,4,495,P1,134,58.6,31.5,304,109,459,P1,False,B,3,,0,244,
South 24 Parganas,219,S24P-219,95,Govt Office 95,337,302,0,639,47.26,54,8.5,285,203,6,542,P1,82,52.6,37.5,289,134,525,P1,False,B,3,,0,272,
South 24 Parganas,219,S24P-219,96,Govt Office 96,273,269,0,542,49.63,29,5.4,278,133,3,457,P1,145,60.8,29.1,247,89,476,P1,False,B,3,,0,231,
South 24 Parganas,219,S24P-219,97,Market Building 97,362,356,1,719,49.51,47,6.5,331,119,19,612,P1,194,54.1,19.4,321,192,593,P1,False,B,3,,0,306,
South 24 Parganas,219,S24P-219,98,Club Building 98,386,376,0,762,49.34,40,5.2,372,101,15,618,P1,249,60.2,16.3,349,186,594,P1,False,B,3,,0,324,
South 24 Parganas,219,S24P-219,99,Post Office 99,341,351,1,693,50.65,47,6.8,336,150,3,539,P1,186,62.3,27.8,469,73,603,P1,False,B,3,,0,295,
South 24 Parganas,219,S24P-219,100,Madrasa 100,302,285,1,588,48.47,52,8.8,336,124,4,516,P1,212,65.1,24.0,358,102,511,P1,False,A,1,,0,250,
South 24 Parganas,219,S24P-219,101,Madrasa 101,304,303,0,607,49.92,53,8.7,209,85,14,511,P1,12,40.9,16.6,268,132,513,P1,False,B,3,,0,258,
South 24 Parganas,219,S24P-219,102,High School 102,333,305,1,639,47.73,46,7.2,286,97,8,501,P1,181,57.1,19.4,331,134,516,P1,False,B,3,,0,272,
South 24 Parganas,219,S24P-219,103,Market Building 103,391,399,1,791,50.44,54,6.8,343,196,4,625,P1,147,54.9,31.4,401,181,690,P1,False,B,3,,0,337,
South 24 Parganas,219,S24P-219,104,Market Building 104,308,293,0,601,48.75,35,5.8,267,149,3,462,P1,118,57.8,32.3,261,120,489,P1,False,B,3,,0,256,
South 24 Parganas,219,S24P-219,105,Panchayat Bhavan 105,368,350,0,718,48.75,38,5.3,345,147,11,620,P1,198,55.6,23.7,408,151,621,P1,False,B,3,,0,306,
South 24 Parganas,219,S24P-219,106,Market Building 106,366,339,1,706,48.02,39,5.5,339,126,9,566,P1,213,59.9,22.3,321,178,555,P1,False,B,3,,0,301,
South 24 Parganas,219,S24P-219,107,Primary School 107,250,242,1,493,49.09,44,8.9,298,48,2,384,P1,250,77.6,12.5,239,101,393,P1,False,A,1,,0,210,
South 24 Parganas,219,S24P-219,108,Madrasa 108,380,366,1,747,49.0,65,8.7,454,140,3,660,P1,314,68.8,21.2,321,194,576,P1,False,A,1,,0,318,
South 24 Parganas,219,S24P-219,109,Primary School 109,316,310,0,626,49.52,40,6.4,313,119,3,480,P1,194,65.2,24.8,323,150,526,P1,False,A,1,,0,267,
South 24 Parganas,219,S24P-219,110,Market Building 110,297,295,0,592,49.83,46,7.8,335,132,5,519,P1,203,64.5,25.4,249,144,472,P1,False,B,3,,0,252,
South 24 Parganas,219,S24P-219,111,Club Building 111,405,365,1,771,47.34,55,7.1,360,152,11,608,P1,208,59.2,25.0,398,214,680,P1,False,B,3,,0,328,
South 24 Parganas,219,S24P-219,112,Govt Office 112,383,352,1,736,47.83,65,8.8,438,146,4,649,P1,292,67.5,22.5,387,132,597,P1,False,A,1,,0,313,
South 24 Parganas,219,S24P-219,113,Club Building 113,355,358,0,713,50.21,38,5.3,368,167,9,619,P1,201,59.5,27.0,386,134,577,P1,False,B,3,,0,304,
South 24 Parganas,219,S24P-219,114,Govt Office 114,291,299,0,590,50.68,32,5.4,292,85,12,480,P1,206,60.8,17.7,264,161,491,P1,False,B,3,,0,251,
South 24 Parganas,219,S24P-219,115,High School 115,323,315,0,638,49.37,41,6.4,249,172,8,540,P1,77,46.1,31.9,380,92,524,P1,False,B,3,,0,272,
South 24 Parganas,219,S24P-219,116,High School 116,376,365,0,741,49.26,58,7.8,349,137,7,633,P1,212,55.1,21.6,431,94,583,P1,False,B,3,,0,316,
South 24 Parganas,219,S24P-219,117,Temple Hall 117,404,416,0,820,50.73,46,5.6,388,160,8,679,P1,228,57.1,23.6,388,193,646,P1,False,B,3,,0,349,
South 24 Parganas,219,S24P-219,118,High School 118,307,299,0,606,49.34,37,6.1,354,123,6,531,P1,231,66.7,23.2,305,123,494,P1,False,A,1,,0,258,
South 24 Parganas,219,S24P-219,119,Health Sub-Centre 119,372,378,1,751,50.33,67,8.9,438,148,7,651,P1,290,67.3,22.7,298,158,590,P1,False,A,1,,0,320,
South 24 Parganas,219,S24P-219,120,Community Hall 120,337,318,1,656,48.48,37,5.6,321,154,2,528,P1,167,60.8,29.2,305,171,529,P1,False,B,3,,0,279,
South 24 Parganas,219,S24P-219,121,Post Office 121,322,316,0,638,49.53,56,8.8,256,163,4,500,P1,93,51.2,32.6,349,123,524,P1,False,B,3,,0,272,
South 24 Parganas,219,S24P-219,122,Health Sub-Centre 122,265,251,1,517,48.55,40,7.7,295,98,5,451,P1,197,65.4,21.7,311,59,411,P1,False,A,1,,0,220,
South 24 Parganas,219,S24P-219,123,Temple Hall 123,252,246,0,498,49.4,36,7.2,254,107,2,401,P1,147,63.3,26.7,227,118,392,P1,False,B,3,,0,212,
South 24 Parganas,219,S24P-219,124,High School 124,337,331,1,669,49.48,36,5.4,329,169,4,554,P1,160,59.4,30.5,315,118,541,P1,False,B,3,,0,285,
South 24 Parganas,219,S24P-219,125,Anganwadi Centre 125,322,331,0,653,50.69,47,7.2,300,130,12,569,P1,170,52.7,22.8,375,127,558,P1,False,B,3,,0,278,
South 24 Parganas,219,S24P-219,126,Community Hall 126,293,270,0,563,47.96,37,6.6,331,97,4,475,P1,234,69.7,20.4,277,141,469,P1,False,A,1,,0,240,
South 24 Parganas,219,S24P-219,127,Post Office 127,319,314,1,634,49.53,33,5.2,367,123,6,545,P1,244,67.3,22.6,308,117,536,P1,False,A,1,,0,270,
South 24 Parganas,219,S24P-219,128,Market Building 128,276,276,0,552,50.0,35,6.3,309,107,4,479,P1,202,64.5,22.3,263,106,424,P1,False,B,3,,0,235,
South 24 Parganas,219,S24P-219,129,Post Office 129,263,250,0,513,48.73,30,5.8,289,84,4,414,P1,205,69.8,20.3,252,102,444,P1,False,A,1,,0,218,
South 24 Parganas,219,S24P-219,130,Anganwadi Centre 130,316,314,1,631,49.76,51,8.1,286,197,6,537,P1,89,53.3,36.7,333,149,535,P1,False,B,3,,0,269,
South 24 Parganas,219,S24P-219,131,Madrasa 131,369,334,1,704,47.44,58,8.2,328,142,7,539,P1,186,60.9,26.3,471,89,622,P1,False,B,3,,0,300,
South 24 Parganas,219,S24P-219,132,Anganwadi Centre 132,342,351,0,693,50.65,55,7.9,291,140,5,560,P1,151,52.0,25.0,292,188,536,P1,False,B,3,,0,295,
South 24 Parganas,219,S24P-219,133,Temple Hall 133,364,374,1,739,50.61,61,8.3,306,124,9,583,P1,168,52.5,21.3,435,123,620,P1,False,B,3,,0,315,
South 24 Parganas,219,S24P-219,134,Club Building 134,302,289,1,592,48.82,52,8.8,289,105,7,467,P1,184,61.9,22.5,336,119,521,P1,False,B,3,,0,252,
South 24 Parganas,219,S24P-219,135,Community Hall 135,303,275,1,579,47.5,30,5.2,222,97,12,449,P1,109,49.4,21.6,353,105,509,P1,False,B,3,,0,247,
South 24 Parganas,219,S24P-219,136,Primary School 136,328,308,1,637,48.35,44,6.9,283,133,6,518,P1,150,54.6,25.7,293,146,530,P1,False,B,3,,0,271,
South 24 Parganas,219,S24P-219,137,High School 137,356,354,1,711,49.79,46,6.5,357,163,7,578,P1,194,61.8,28.2,385,120,587,P1,False,B,3,,0,303,
South 24 Parganas,219,S24P-219,138,Club Building 138,337,305,0,642,47.51,51,7.9,293,171,6,544,P1,122,53.9,31.4,282,148,510,P1,False,B,3,,0,273,
South 24 Parganas,219,S24P-219,139,High School 139,255,232,1,488,47.54,26,5.3,293,83,6,431,P1,210,68.0,19.3,284,94,420,P1,False,A,1,,0,208,
South 24 Parganas,219,S24P-219,140,Club Building 140,395,369,1,765,48.24,69,9.0,323,99,15,589,P1,177,54.8,16.8,346,148,648,P1,False,B,3,,0,326,
South 24 Parganas,219,S24P-219,141,Madrasa 141,403,378,1,782,48.34,49,6.3,375,207,7,646,P1,168,58.0,32.0,326,223,622,P1,False,B,3,,0,333,
South 24 Parganas,219,S24P-219,142,Health Sub-Centre 142,246,245,0,491,49.9,26,5.3,220,102,9,419,P1,118,52.5,24.3,234,75,406,P1,False,B,3,,0,209,
South 24 Parganas,219,S24P-219,143,Madrasa 143,394,390,1,785,49.68,55,7.0,385,211,2,669,P1,174,57.5,31.5,417,162,643,P1,False,B,3,,0,334,
South 24 Parganas,219,S24P-219,144,Govt Office 144,393,400,0,793,50.44,53,6.7,398,147,7,656,P1,251,60.7,22.4,404,155,621,P1,False,B,3,,0,338,
South 24 Parganas,219,S24P-219,145,Market Building 145,371,359,1,731,49.11,65,8.9,326,117,10,568,P1,209,57.4,20.6,351,184,595,P1,False,B,3,,0,311,
South 24 Parganas,219,S24P-219,146,Panchayat Bhavan 146,333,336,0,669,50.22,40,6.0,325,142,5,519,P1,183,62.6,27.4,274,156,529,P1,False,B,3,,0,285,
South 24 Parganas,219,S24P-219,147,Anganwadi Centre 147,247,244,0,491,49.69,29,5.9,205,132,5,379,P1,73,54.1,34.8,267,74,379,P1,False,B,3,,0,209,
South 24 Parganas,219,S24P-219,148,Govt Office 148,249,236,0,485,48.66,36,7.4,262,72,2,371,P1,190,70.6,19.4,261,95,396,P1,False,A,1,,0,207,
South 24 Parganas,219,S24P-219,149,Anganwadi Centre 149,352,348,1,701,49.64,61,8.7,302,154,8,561,P1,148,53.8,27.5,258,167,579,P1,False,B,3,,0,299,
South 24 Parganas,219,S24P-219,150,Primary School 150,239,248,1,488,50.82,28,5.7,289,98,4,429,P1,191,67.4,22.8,229,96,381,P1,False,A,1,,0,208,
South 24 Parganas,219,S24P-219,151,Madrasa 151,314,315,1,630,50.0,33,5.2,286,156,8,534,P1,130,53.6,29.2,288,144,513,P1,False,B,3,,0,268,
South 24 Parganas,219,S24P-219,152,Market Building 152,256,243,1,500,48.6,36,7.2,213,137,2,395,P1,76,53.9,34.7,286,102,431,P1,False,B,3,,0,213,
South 24 Parganas,219,S24P-219,153,Primary School 153,274,265,0,539,49.17,35,6.5,230,83,10,454,P1,104,50.7,18.3,261,85,415,P1,False,B,3,,0,230,
South 24 Parganas,219,S24P-219,154,Panchayat Bhavan 154,270,255,0,525,48.57,38,7.2,279,109,3,444,P1,170,62.8,24.5,276,106,427,P1,False,B,3,,0,224,
South 24 Parganas,219,S24P-219,155,Govt Office 155,306,284,1,591,48.05,30,5.1,315,120,5,485,P1,195,64.9,24.7,358,73,479,P1,False,B,3,,0,252,
South 24 Parganas,219,S24P-219,156,Club Building 156,260,241,0,501,48.1,43,8.6,199,76,13,386,P1,105,51.6,19.7,292,86,420,P1,False,B,3,,0,213,
South 24 Parganas,219,S24P-219,157,Madrasa 157,341,315,1,657,47.95,36,5.5,298,142,5,528,P1,156,56.4,26.9,256,159,548,P1,False,B,3,,0,280,
South 24 Parganas,219,S24P-219,158,Market Building 158,378,379,1,758,50.0,37,4.9,398,180,9,659,P1,218,60.4,27.3,298,213,658,P1,False,B,3,,0,323,
South 24 Parganas,219,S24P-219,159,Govt Office 159,306,279,0,585,47.69,37,6.3,267,185,2,502,P1,82,53.2,36.9,309,113,471,P1,False,B,3,,0,249,
South 24 Parganas,219,S24P-219,160,Panchayat Bhavan 160,397,401,1,799,50.19,61,7.6,346,207,4,614,P1,139,56.4,33.7,512,64,640,P1,False,B,3,,0,340,
South 24 Parganas,219,S24P-219,161,Panchayat Bhavan 161,279,264,1,544,48.53,40,7.4,266,136,2,446,P1,130,59.6,30.5,262,132,438,P1,False,B,3,,0,232,
South 24 Parganas,219,S24P-219,162,Anganwadi Centre 162,390,378,0,768,49.22,38,4.9,388,176,6,626,P1,212,62.0,28.1,487,104,656,P1,False,B,3,,0,327,
South 24 Parganas,219,S24P-219,163,Govt Office 163,320,302,0,622,48.55,42,6.8,214,115,9,489,P1,68,43.8,23.5,287,160,496,P1,False,B,3,,0,265,
South 24 Parganas,219,S24P-219,164,Panchayat Bhavan 164,359,323,0,682,47.36,43,6.3,271,205,4,543,P1,66,49.9,37.8,283,179,589,P1,False,B,3,,0,290,
South 24 Parganas,219,S24P-219,165,Primary School 165,358,330,0,688,47.97,60,8.7,326,118,9,527,P1,208,61.9,22.4,347,125,550,P1,False,B,3,,0,293,
South 24 Parganas,220,S24P-220,1,Anganwadi Centre 1,384,377,0,761,49.54,70,9.2,380,180,4,645,P1,200,58.9,27.9,413,152,634,P1,False,B,3,,0,324,
South 24 Parganas,220,S24P-220,2,Market Building 2,351,360,0,711,50.63,57,8.0,363,133,7,551,P1,230,65.9,24.1,328,129,626,P1,False,A,1,,0,303,
South 24 Parganas,220,S24P-220,3,Community Hall 3,268,253,0,521,48.56,46,8.8,220,95,5,444,P1,101,49.5,21.4,278,86,405,P1,False,B,3,,0,222,
South 24 Parganas,220,S24P-220,4,Madrasa 4,271,246,0,517,47.58,47,9.1,323,75,3,442,P1,248,73.1,17.0,259,89,437,P1,False,A,1,,0,220,
South 24 Parganas,220,S24P-220,5,High School 5,269,251,0,520,48.27,54,10.4,255,122,2,419,P1,133,60.9,29.1,226,151,432,P1,False,D,4,,0,221,
South 24 Parganas,220,S24P-220,6,Primary School 6,395,400,0,795,50.31,79,9.9,411,207,5,686,P1,204,59.9,30.2,381,157,627,P1,False,B,3,,0,339,
South 24 Parganas,220,S24P-220,7,Health Sub-Centre 7,258,260,0,518,50.19,36,6.9,267,104,4,412,P1,163,64.8,25.2,268,93,436,P1,False,B,3,,0,221,
South 24 Parganas,220,S24P-220,8,High School 8,314,286,1,601,47.59,53,8.8,251,164,5,464,P1,87,54.1,35.3,272,127,483,P1,False,B,3,,0,256,
South 24 Parganas,220,S24P-220,9,Primary School 9,348,341,1,690,49.42,41,5.9,415,75,6,544,P1,340,76.3,13.8,326,87,542,P1,False,A,1,,0,294,
South 24 Parganas,220,S24P-220,10,Health Sub-Centre 10,248,245,1,494,49.6,45,9.1,276,97,3,414,P1,179,66.7,23.4,331,41,414,P1,False,A,1,,0,210,
South 24 Parganas,220,S24P-220,11,High School 11,336,317,0,653,48.55,53,8.1,315,169,5,537,P1,146,58.7,31.5,378,128,562,P1,False,B,3,,0,278,
South 24 Parganas,220,S24P-220,12,Govt Office 12,340,333,0,673,49.48,48,7.1,377,124,3,557,P1,253,67.7,22.3,274,139,532,P1,False,A,1,,0,287,
South 24 Parganas,220,S24P-220,13,High School 13,291,282,0,573,49.21,41,7.2,355,88,5,492,P1,267,72.2,17.9,264,105,479,P1,False,A,1,,0,244,
South 24 Parganas,220,S24P-220,14,Madrasa 14,269,266,1,536,49.63,55,10.3,247,111,5,412,P1,136,60.0,26.9,261,119,447,P1,False,D,4,,0,228,
South 24 Parganas,220,S24P-220,15,Health Sub-Centre 15,360,338,0,698,48.42,44,6.3,335,200,2,612,P1,135,54.7,32.7,331,128,568,P1,False,B,3,,0,297,
South 24 Parganas,220,S24P-220,16,Govt Office 16,400,359,0,759,47.3,52,6.9,404,168,5,635,P1,236,63.6,26.5,369,94,635,P1,False,B,3,,0,323,
South 24 Parganas,220,S24P-220,17,Market Building 17,284,283,0,567,49.91,36,6.3,280,111,10,476,P1,169,58.8,23.3,210,134,442,P1,False,B,3,,0,241,
South 24 Parganas,220,S24P-220,18,Community Hall 18,262,248,1,511,48.53,50,9.8,241,110,7,409,P1,131,58.9,26.9,298,88,429,P1,False,B,3,,0,218,
South 24 Parganas,220,S24P-220,19,Anganwadi Centre 19,384,389,0,773,50.32,60,7.8,418,131,7,655,P1,287,63.8,20.0,423,176,666,P1,False,B,3,,0,329,
South 24 Parganas,220,S24P-220,20,Community Hall 20,284,290,0,574,50.52,56,9.8,308,132,2,489,P1,176,63.0,27.0,254,101,455,P1,False,B,3,,0,244,
South 24 Parganas,220,S24P-220,21,Club Building 21,423,393,1,817,48.1,52,6.4,401,133,9,674,P1,268,59.5,19.7,436,209,717,P1,False,B,3,,0,348,
South 24 Parganas,220,S24P-220,22,Health Sub-Centre 22,315,285,1,601,47.42,39,6.5,337,116,5,503,P1,221,67.0,23.1,308,106,461,P1,False,A,1,,0,256,
South 24 Parganas,220,S24P-220,23,Primary School 23,344,325,1,670,48.51,38,5.7,269,180,7,524,P1,89,51.3,34.4,313,106,541,P1,False,B,3,,0,285,
South 24 Parganas,220,S24P-220,24,Community Hall 24,308,316,1,625,50.56,43,6.9,286,119,7,479,P1,167,59.7,24.8,353,129,536,P1,False,B,3,,0,266,
South 24 Parganas,220,S24P-220,25,High School 25,367,366,1,734,49.86,69,9.4,463,97,3,622,P1,366,74.4,15.6,331,186,575,P1,False,A,1,,0,313,
South 24 Parganas,220,S24P-220,26,Health Sub-Centre 26,378,388,0,766,50.65,76,9.9,341,172,9,612,P1,169,55.7,28.1,353,179,653,P1,False,B,3,,0,326,
South 24 Parganas,220,S24P-220,27,Community Hall 27,407,371,1,779,47.63,50,6.4,357,192,5,636,P1,165,56.1,30.2,349,172,651,P1,False,B,3,,0,332,
South 24 Parganas,220,S24P-220,28,Health Sub-Centre 28,375,339,0,714,47.48,61,8.5,314,131,12,627,P1,150,50.1,20.9,309,170,605,P1,False,B,3,,0,304,
South 24 Parganas,220,S24P-220,29,Madrasa 29,415,387,1,803,48.19,55,6.8,396,181,7,641,P1,215,61.8,28.2,375,189,626,P1,False,B,3,,0,342,
South 24 Parganas,220,S24P-220,30,High School 30,238,243,0,481,50.52,40,8.3,193,72,11,370,P1,103,52.2,19.5,243,80,375,P1,False,B,3,,0,205,
South 24 Parganas,220,S24P-220,31,Health Sub-Centre 31,377,369,0,746,49.46,57,7.6,322,102,19,588,P1,183,54.8,17.3,325,189,582,P1,False,B,3,,0,318,
South 24 Parganas,220,S24P-220,32,Club Building 32,269,277,1,547,50.64,36,6.6,291,129,2,472,P1,162,61.7,27.3,299,98,442,P1,False,B,3,,0,233,
South 24 Parganas,220,S24P-220,33,Club Building 33,345,345,1,691,49.93,52,7.5,390,127,5,574,P1,263,67.9,22.1,340,189,595,P1,False,A,1,,0,294,
South 24 Parganas,220,S24P-220,34,Market Building 34,297,272,1,570,47.72,48,8.4,270,142,5,458,P1,128,59.0,31.0,260,113,478,P1,False,B,3,,0,243,
South 24 Parganas,220,S24P-220,35,Market Building 35,361,340,1,702,48.43,58,8.3,329,138,7,619,P1,190,53.2,22.3,280,154,539,P1,False,B,3,,0,299,
South 24 Parganas,220,S24P-220,36,Post Office 36,337,323,0,660,48.94,59,8.9,280,145,3,516,P1,135,54.3,28.1,375,114,560,P1,False,B,3,,0,281,
South 24 Parganas,220,S24P-220,37,Govt Office 37,410,370,0,780,47.44,79,10.1,492,128,4,689,P1,364,71.4,18.6,333,157,604,P1,False,D,4,,0,332,
South 24 Parganas,220,S24P-220,38,Community Hall 38,389,400,0,789,50.7,52,6.6,466,95,2,623,P1,371,74.8,15.2,490,101,656,P1,False,A,1,,0,336,
South 24 Parganas,220,S24P-220,39,Post Office 39,249,247,1,497,49.7,31,6.2,244,92,6,434,P1,152,56.2,21.2,242,125,426,P1,False,B,3,,0,212,
South 24 Parganas,220,S24P-220,40,Madrasa 40,265,245,0,510,48.04,36,7.1,267,86,4,392,P1,181,68.1,21.9,265,93,398,P1,False,A,1,,0,217,
South 24 Parganas,220,S24P-220,41,Govt Office 41,398,400,1,799,50.06,56,7.0,438,113,11,676,P1,325,64.8,16.7,392,154,659,P1,False,B,3,,0,340,
South 24 Parganas,220,S24P-220,42,Health Sub-Centre 42,334,324,0,658,49.24,42,6.4,297,156,2,504,P1,141,58.9,31.0,336,166,560,P1,False,B,3,,0,280,
South 24 Parganas,220,S24P-220,43,Primary School 43,269,249,1,519,47.98,51,9.8,220,99,10,430,P1,121,51.2,23.0,285,90,417,P1,False,B,3,,0,221,
South 24 Parganas,220,S24P-220,44,Post Office 44,243,245,1,489,50.1,42,8.6,262,108,3,411,P1,154,63.7,26.3,210,73,378,P1,False,B,3,,0,208,
South 24 Parganas,220,S24P-220,45,Club Building 45,340,345,0,685,50.36,42,6.1,256,181,5,601,P1,75,42.6,30.1,341,120,551,P1,False,B,3,,0,292,
South 24 Parganas,220,S24P-220,46,Club Building 46,337,321,0,658,48.78,47,7.1,319,171,3,544,P1,148,58.6,31.4,327,76,561,P1,False,B,3,,0,280,
South 24 Parganas,220,S24P-220,47,Market Building 47,384,378,0,762,49.61,57,7.5,367,177,4,636,P1,190,57.7,27.8,387,162,632,P1,False,B,3,,0,324,
South 24 Parganas,220,S24P-220,48,Panchayat Bhavan 48,395,396,1,792,50.0,60,7.6,376,120,14,626,P1,256,60.1,19.2,424,171,661,P1,False,B,3,,0,337,
South 24 Parganas,220,S24P-220,49,Community Hall 49,265,248,0,513,48.34,35,6.8,227,124,6,421,P1,103,53.9,29.5,289,92,423,P1,False,B,3,,0,218,
South 24 Parganas,220,S24P-220,50,Anganwadi Centre 50,254,239,1,494,48.38,36,7.3,233,96,10,412,P1,137,56.6,23.3,279,107,429,P1,False,B,3,,0,210,
South 24 Parganas,220,S24P-220,51,Madrasa 51,411,378,1,790,47.85,50,6.3,399,183,6,647,P1,216,61.7,28.3,373,234,679,P1,False,B,3,,0,336,
South 24 Parganas,220,S24P-220,52,Post Office 52,395,398,0,793,50.19,55,6.9,356,215,5,634,P1,141,56.2,33.9,212,168,614,P1,False,B,3,,0,338,
South 24 Parganas,220,S24P-220,53,Panchayat Bhavan 53,292,263,1,556,47.3,56,10.1,303,95,2,442,P1,208,68.6,21.5,297,104,475,P1,False,D,4,,0,237,
South 24 Parganas,220,S24P-220,54,Anganwadi Centre 54,404,384,0,788,48.73,81,10.3,386,166,7,674,P1,220,57.3,24.6,420,138,619,P1,False,D,4,,0,336,
South 24 Parganas,220,S24P-220,55,Club Building 55,302,301,0,603,49.92,39,6.5,323,93,3,504,P1,230,64.1,18.5,328,120,498,P1,False,B,3,,0,257,
South 24 Parganas,220,S24P-220,56,Market Building 56,298,276,0,574,48.08,59,10.3,258,146,5,449,P1,112,57.5,32.5,283,123,451,P1,False,D,4,,0,244,
South 24 Parganas,220,S24P-220,57,Govt Office 57,391,403,1,795,50.69,75,9.4,373,170,4,672,P1,203,55.5,25.3,367,211,662,P1,False,B,3,,0,339,
South 24 Parganas,220,S24P-220,58,Club Building 58,416,390,0,806,48.39,71,8.8,333,201,7,619,P1,132,53.8,32.5,361,170,696,P1,False,B,3,,0,343,
South 24 Parganas,220,S24P-220,59,Madrasa 59,356,326,1,683,47.73,64,9.4,387,153,6,600,P1,234,64.5,25.5,387,100,597,P1,False,B,3,,0,291,
South 24 Parganas,220,S24P-220,60,Temple Hall 60,286,292,1,579,50.43,50,8.6,234,149,6,456,P1,85,51.3,32.7,313,116,477,P1,False,B,3,,0,247,
South 24 Parganas,220,S24P-220,61,Madrasa 61,319,298,0,617,48.3,60,9.7,360,74,6,483,P1,286,74.5,15.3,305,103,506,P1,False,A,1,,0,263,
South 24 Parganas,220,S24P-220,62,Panchayat Bhavan 62,366,377,0,743,50.74,72,9.7,377,135,8,597,P1,242,63.1,22.6,314,148,593,P1,False,B,3,,0,316,
South 24 Parganas,220,S24P-220,63,Health Sub-Centre 63,378,349,1,728,47.94,56,7.7,377,174,6,612,P1,203,61.6,28.4,407,100,563,P1,False,B,3,,0,310,
South 24 Parganas,220,S24P-220,64,High School 64,303,306,0,609,50.25,35,5.7,311,100,5,484,P1,211,64.3,20.7,290,106,494,P1,False,B,3,,0,259,
South 24 Parganas,220,S24P-220,65,Community Hall 65,387,350,1,738,47.43,74,10.0,352,148,13,618,P1,204,57.0,23.9,334,210,618,P1,False,B,3,,0,314,
South 24 Parganas,220,S24P-220,66,Market Building 66,269,244,1,514,47.47,30,5.8,228,145,5,415,P1,83,54.9,34.9,250,111,412,P1,False,B,3,,0,219,
South 24 Parganas,220,S24P-220,67,Market Building 67,404,374,0,778,48.07,59,7.6,387,196,3,648,P1,191,59.7,30.2,355,173,602,P1,False,B,3,,0,331,
South 24 Parganas,220,S24P-220,68,Govt Office 68,402,385,1,788,48.86,77,9.8,359,143,13,613,P1,216,58.6,23.3,409,131,635,P1,False,B,3,,0,336,
South 24 Parganas,220,S24P-220,69,Post Office 69,377,338,0,715,47.27,57,8.0,355,147,4,557,P1,208,63.7,26.4,345,132,553,P1,False,B,3,,0,304,
South 24 Parganas,220,S24P-220,70,Madrasa 70,328,312,0,640,48.75,54,8.4,337,150,5,541,P1,187,62.3,27.7,300,161,533,P1,False,B,3,,0,273,
South 24 Parganas,220,S24P-220,71,Panchayat Bhavan 71,430,386,0,816,47.3,55,6.7,398,186,2,653,P1,212,60.9,28.5,448,159,684,P1,False,B,3,,0,347,
South 24 Parganas,220,S24P-220,72,Anganwadi Centre 72,291,274,1,566,48.41,56,9.9,264,142,3,451,P1,122,58.5,31.5,315,105,479,P1,False,B,3,,0,241,
South 24 Parganas,220,S24P-220,73,Club Building 73,313,320,0,633,50.55,49,7.7,272,119,9,501,P1,153,54.3,23.8,393,105,554,P1,False,B,3,,0,270,
South 24 Parganas,220,S24P-220,74,Govt Office 74,402,399,0,801,49.81,81,10.1,347,208,3,616,P1,139,56.3,33.8,378,245,704,P1,False,D,4,,0,341,
South 24 Parganas,220,S24P-220,75,Community Hall 75,266,251,0,517,48.55,51,9.9,305,98,3,448,P1,207,68.1,21.9,229,133,417,P1,False,A,1,,0,220,
South 24 Parganas,220,S24P-220,76,Temple Hall 76,360,365,1,726,50.28,70,9.6,312,149,7,573,P1,163,54.5,26.0,333,123,564,P1,False,B,3,,0,309,
South 24 Parganas,220,S24P-220,77,Health Sub-Centre 77,385,352,1,738,47.7,44,6.0,395,108,8,583,P1,287,67.8,18.5,347,176,601,P1,False,A,1,,0,314,
South 24 Parganas,220,S24P-220,78,Madrasa 78,311,300,1,612,49.02,62,10.1,286,186,5,524,P1,100,54.6,35.5,299,168,518,P1,False,D,4,,0,261,
South 24 Parganas,220,S24P-220,79,Primary School 79,339,309,0,648,47.69,41,6.3,392,123,3,572,P1,269,68.5,21.5,284,200,562,P1,False,A,1,,0,276,
South 24 Parganas,220,S24P-220,80,Panchayat Bhavan 80,409,400,0,809,49.44,53,6.6,417,176,6,659,P1,241,63.3,26.7,449,99,658,P1,False,B,3,,0,345,
South 24 Parganas,220,S24P-220,81,Market Building 81,426,382,0,808,47.28,49,6.1,358,142,8,667,P1,206,53.7,21.3,322,201,666,P1,False,B,3,,0,344,
South 24 Parganas,220,S24P-220,82,Community Hall 82,387,377,0,764,49.35,52,6.8,407,125,4,592,P1,282,68.8,21.1,366,161,674,P1,False,A,1,,0,325,
South 24 Parganas,220,S24P-220,83,High School 83,338,337,0,675,49.93,52,7.7,303,205,3,565,P1,98,53.6,36.3,341,143,557,P1,False,B,3,,0,287,
South 24 Parganas,220,S24P-220,84,Primary School 84,287,288,0,575,50.09,50,8.7,322,115,3,485,P1,207,66.4,23.7,269,154,470,P1,False,A,1,,0,245,
South 24 Parganas,220,S24P-220,85,Post Office 85,326,313,0,639,48.98,49,7.7,355,86,3,490,P1,269,72.4,17.6,334,123,508,P1,False,A,1,,0,272,
South 24 Parganas,220,S24P-220,86,Govt Office 86,337,332,0,669,49.63,47,7.0,367,158,4,584,P1,209,62.8,27.1,349,113,513,P1,False,B,3,,0,285,
South 24 Parganas,220,S24P-220,87,Madrasa 87,324,303,1,628,48.25,46,7.3,293,145,6,498,P1,148,58.8,29.1,287,122,517,P1,False,B,3,,0,267,
South 24 Parganas,220,S24P-220,88,Community Hall 88,376,382,0,758,50.4,72,9.5,352,160,8,595,P1,192,59.2,26.9,302,152,621,P1,False,B,3,,0,323,
South 24 Parganas,220,S24P-220,89,Club Building 89,336,310,0,646,47.99,49,7.6,363,83,2,508,P1,280,71.5,16.3,306,157,514,P1,False,A,1,,0,275,
South 24 Parganas,220,S24P-220,90,Govt Office 90,264,263,0,527,49.91,54,10.2,261,108,3,411,P1,153,63.5,26.3,247,119,434,P1,False,D,4,,0,224,
South 24 Parganas,220,S24P-220,91,Govt Office 91,410,377,1,788,47.84,49,6.2,399,207,6,673,P1,192,59.3,30.8,429,132,624,P1,False,B,3,,0,336,
South 24 Parganas,220,S24P-220,92,High School 92,308,290,1,599,48.41,49,8.2,334,112,2,496,P1,222,67.3,22.6,302,117,466,P1,False,A,1,,0,255,
South 24 Parganas,220,S24P-220,93,High School 93,309,311,0,620,50.16,49,7.9,325,129,2,504,P1,196,64.5,25.6,268,151,511,P1,False,B,3,,0,264,
South 24 Parganas,220,S24P-220,94,Market Building 94,295,269,0,564,47.7,50,8.9,315,127,3,492,P1,188,64.0,25.8,326,115,490,P1,False,B,3,,0,240,
South 24 Parganas,220,S24P-220,95,Anganwadi Centre 95,359,330,1,690,47.83,57,8.3,315,172,3,541,P1,143,58.2,31.8,374,111,543,P1,False,B,3,,0,294,
South 24 Parganas,220,S24P-220,96,Temple Hall 96,267,265,1,533,49.72,50,9.4,318,105,5,469,P1,213,67.8,22.4,269,126,448,P1,False,A,1,,0,227,
South 24 Parganas,220,S24P-220,97,Govt Office 97,395,371,0,766,48.43,72,9.4,403,190,4,663,P1,213,60.8,28.7,392,149,601,P1,False,B,3,,0,326,
South 24 Parganas,220,S24P-220,98,Community Hall 98,388,353,1,742,47.57,70,9.4,301,166,11,620,P1,135,48.5,26.8,325,146,649,P1,False,B,3,,0,316,
South 24 Parganas,220,S24P-220,99,Temple Hall 99,400,380,0,780,48.72,53,6.8,341,144,6,610,P1,197,55.9,23.6,338,219,626,P1,False,B,3,,0,332,
South 24 Parganas,220,S24P-220,100,Community Hall 100,367,357,0,724,49.31,50,6.9,337,98,12,569,P1,221,59.2,17.2,345,197,602,P1,False,B,3,,0,308,
South 24 Parganas,220,S24P-220,101,Temple Hall 101,277,266,1,544,48.9,49,9.0,284,107,2,434,P1,177,65.4,24.7,303,90,437,P1,False,A,1,,0,232,
South 24 Parganas,220,S24P-220,102,Primary School 102,343,354,0,697,50.79,66,9.5,346,150,7,612,P1,196,56.5,24.5,410,98,564,P1,False,B,3,,0,297,
South 24 Parganas,220,S24P-220,103,High School 103,320,300,1,621,48.31,62,10.0,261,138,4,479,P1,123,54.5,28.8,310,121,479,P1,False,B,3,,0,264,
South 24 Parganas,220,S24P-220,104,Primary School 104,327,330,1,658,50.15,39,5.9,378,134,4,569,P1,244,66.4,23.6,290,124,581,P1,False,A,1,,0,280,
South 24 Parganas,220,S24P-220,105,Primary School 105,339,341,0,680,50.15,71,10.4,322,208,4,589,P1,114,54.7,35.3,240,141,581,P1,False,D,4,,0,290,
South 24 Parganas,220,S24P-220,106,Govt Office 106,347,346,0,693,49.93,66,9.5,286,157,8,569,P1,129,50.3,27.6,261,161,532,P1,False,B,3,,0,295,
South 24 Parganas,220,S24P-220,107,Market Building 107,273,266,0,539,49.35,44,8.2,252,73,4,443,P1,142,56.9,16.5,312,86,442,P1,False,B,3,,0,230,
South 24 Parganas,220,S24P-220,108,Panchayat Bhavan 108,342,340,0,682,49.85,52,7.6,281,165,13,552,P1,116,50.9,29.9,352,164,573,P1,False,B,3,,0,290,
South 24 Parganas,220,S24P-220,109,Panchayat Bhavan 109,354,318,1,673,47.25,53,7.9,255,214,3,540,P1,41,47.2,39.6,298,129,533,P1,False,B,3,,0,287,
South 24 Parganas,220,S24P-220,110,High School 110,325,317,1,643,49.3,44,6.8,286,152,5,499,P1,134,57.3,30.5,333,122,505,P1,False,B,3,,0,274,
South 24 Parganas,220,S24P-220,111,Community Hall 111,282,279,1,562,49.64,54,9.6,327,88,4,464,P1,239,70.5,19.0,293,105,442,P1,False,A,1,,0,239,
South 24 Parganas,220,S24P-220,112,Market Building 112,382,353,1,736,47.96,61,8.3,321,116,13,570,P1,205,56.3,20.4,361,202,626,P1,False,B,3,,0,313,
South 24 Parganas,220,S24P-220,113,Anganwadi Centre 113,364,335,0,699,47.93,50,7.2,339,173,6,569,P1,166,59.6,30.4,382,108,545,P1,False,B,3,,0,298,
South 24 Parganas,220,S24P-220,114,Panchayat Bhavan 114,351,323,1,675,47.85,54,8.0,322,139,4,536,P1,183,60.1,25.9,299,153,583,P1,False,B,3,,0,287,
South 24 Parganas,220,S24P-220,115,Health Sub-Centre 115,415,373,1,789,47.28,44,5.6,370,185,7,666,P1,185,55.6,27.8,437,120,654,P1,False,B,3,,0,336,
South 24 Parganas,220,S24P-220,116,High School 116,261,247,1,509,48.53,35,6.9,256,108,5,408,P1,148,62.7,26.5,259,121,423,P1,False,B,3,,0,217,
South 24 Parganas,220,S24P-220,117,Temple Hall 117,351,342,1,694,49.28,42,6.1,378,99,4,531,P1,279,71.2,18.6,332,177,566,P1,False,A,1,,0,296,
South 24 Parganas,220,S24P-220,118,Temple Hall 118,318,305,1,624,48.88,40,6.4,273,171,7,548,P1,102,49.8,31.2,244,135,498,P1,False,B,3,,0,266,
South 24 Parganas,220,S24P-220,119,Primary School 119,398,375,0,773,48.51,57,7.4,402,172,12,673,P1,230,59.7,25.6,347,192,670,P1,False,B,3,,0,329,
South 24 Parganas,220,S24P-220,120,Panchayat Bhavan 120,362,356,1,719,49.51,74,10.3,339,146,6,550,P1,193,61.6,26.5,372,151,581,P1,False,D,4,,0,306,
South 24 Parganas,220,S24P-220,121,Anganwadi Centre 121,375,356,1,732,48.63,52,7.1,333,210,5,604,P1,123,55.1,34.8,363,170,607,P1,False,B,3,,0,312,
South 24 Parganas,220,S24P-220,122,Panchayat Bhavan 122,274,272,1,547,49.73,40,7.3,230,91,16,458,P1,113,50.2,19.9,265,130,439,P1,False,B,3,,0,233,
South 24 Parganas,220,S24P-220,123,Panchayat Bhavan 123,420,391,0,811,48.21,83,10.2,357,214,8,644,P1,143,55.4,33.2,357,257,682,P1,False,D,4,,0,345,
South 24 Parganas,220,S24P-220,124,Community Hall 124,244,239,1,484,49.38,34,7.0,256,84,2,378,P1,172,67.7,22.2,269,92,415,P1,False,A,1,,0,206,
South 24 Parganas,220,S24P-220,125,Temple Hall 125,290,276,1,567,48.68,36,6.3,264,116,7,442,P1,148,59.7,26.2,349,94,492,P1,False,B,3,,0,241,
South 24 Parganas,220,S24P-220,126,Post Office 126,382,389,1,772,50.39,78,10.1,345,199,5,619,P1,146,55.7,32.1,377,167,605,P1,False,D,4,,0,329,
South 24 Parganas,220,S24P-220,127,Club Building 127,270,276,0,546,50.55,55,10.1,226,119,4,424,P1,107,53.3,28.1,246,64,464,P1,False,D,4,,0,233,
South 24 Parganas,220,S24P-220,128,Anganwadi Centre 128,395,368,1,764,48.17,69,9.0,386,200,4,651,P1,186,59.3,30.7,381,170,612,P1,False,B,3,,0,325,
South 24 Parganas,220,S24P-220,129,Health Sub-Centre 129,264,270,1,535,50.47,45,8.4,237,144,9,466,P1,93,50.9,30.9,345,54,443,P1,False,B,3,,0,228,
South 24 Parganas,220,S24P-220,130,Post Office 130,346,323,0,669,48.28,42,6.3,268,178,5,590,P1,90,45.4,30.2,285,179,563,P1,False,B,3,,0,285,
South 24 Parganas,220,S24P-220,131,Market Building 131,418,389,0,807,48.2,67,8.3,431,134,6,641,P1,297,67.2,20.9,421,140,623,P1,False,A,1,,0,344,
South 24 Parganas,220,S24P-220,132,Anganwadi Centre 132,242,243,1,486,50.0,34,7.0,235,128,2,410,P1,107,57.3,31.2,223,134,397,P1,False,B,3,,0,207,
South 24 Parganas,220,S24P-220,133,Govt Office 133,350,317,0,667,47.53,57,8.5,369,88,8,551,P1,281,67.0,16.0,230,154,532,P1,False,A,1,,0,284,
South 24 Parganas,220,S24P-220,134,High School 134,350,344,0,694,49.57,56,8.1,285,116,18,596,P1,113,47.8,19.5,361,147,564,P1,False,B,3,,0,296,
South 24 Parganas,220,S24P-220,135,Govt Office 135,371,378,0,749,50.47,72,9.6,331,190,11,657,P1,141,50.4,28.9,390,132,647,P1,False,B,3,,0,319,
South 24 Parganas,220,S24P-220,136,Panchayat Bhavan 136,352,322,0,674,47.77,38,5.6,401,107,2,564,P1,294,71.1,19.0,423,82,562,P1,False,A,1,,0,287,
South 24 Parganas,220,S24P-220,137,Temple Hall 137,415,385,0,800,48.12,59,7.4,363,215,11,707,P1,148,51.3,30.4,413,196,676,P1,False,B,3,,0,341,
South 24 Parganas,220,S24P-220,138,Madrasa 138,333,306,0,639,47.89,40,6.3,346,124,4,523,P1,222,66.2,23.7,355,90,494,P1,False,A,1,,0,272,
South 24 Parganas,220,S24P-220,139,Post Office 139,350,325,0,675,48.15,63,9.3,300,99,21,594,P1,131,50.5,16.7,299,169,544,P1,False,B,3,,0,287,
South 24 Parganas,220,S24P-220,140,Panchayat Bhavan 140,298,306,1,605,50.58,61,10.1,340,99,3,487,P1,241,69.8,20.3,353,113,518,P1,False,D,4,,0,258,
South 24 Parganas,220,S24P-220,141,Anganwadi Centre 141,351,339,0,690,49.13,53,7.7,381,160,3,608,P1,221,62.7,26.3,310,221,590,P1,False,B,3,,0,294,
South 24 Parganas,220,S24P-220,142,Community Hall 142,311,303,0,614,49.35,53,8.6,216,133,11,492,P1,83,43.9,27.0,308,133,490,P1,False,B,3,,0,261,
South 24 Parganas,220,S24P-220,143,Club Building 143,404,375,0,779,48.14,63,8.1,340,185,10,616,P1,155,55.2,30.0,390,217,676,P1,False,B,3,,0,332,
South 24 Parganas,220,S24P-220,144,Community Hall 144,240,243,0,483,50.31,32,6.6,262,115,5,427,P1,147,61.4,26.9,271,64,373,P1,False,B,3,,0,206,
South 24 Parganas,220,S24P-220,145,Madrasa 145,283,267,1,551,48.46,40,7.3,296,134,3,478,P1,162,61.9,28.0,260,133,465,P1,False,B,3,,0,235,
South 24 Parganas,220,S24P-220,146,Post Office 146,322,314,1,637,49.29,60,9.4,337,161,5,553,P1,176,60.9,29.1,294,155,499,P1,False,B,3,,0,271,
South 24 Parganas,220,S24P-220,147,Govt Office 147,377,354,0,731,48.43,49,6.7,405,167,5,635,P1,238,63.8,26.3,422,110,591,P1,False,B,3,,0,311,
South 24 Parganas,220,S24P-220,148,Primary School 148,320,295,0,615,47.97,51,8.3,327,119,5,496,P1,208,65.9,24.0,375,101,529,P1,False,A,1,,0,262,
South 24 Parganas,220,S24P-220,149,Panchayat Bhavan 149,246,251,1,498,50.4,45,9.0,210,130,2,390,P1,80,53.8,33.3,247,93,424,P1,False,B,3,,0,212,
South 24 Parganas,220,S24P-220,150,Market Building 150,372,369,1,742,49.73,42,5.7,431,114,3,605,P1,317,71.2,18.8,305,124,569,P1,False,A,1,,0,316,
South 24 Parganas,220,S24P-220,151,Madrasa 151,403,380,1,784,48.47,45,5.7,344,148,10,639,P1,196,53.8,23.2,397,226,692,P1,False,B,3,,0,334,
South 24 Parganas,220,S24P-220,152,Health Sub-Centre 152,276,269,1,546,49.27,32,5.9,296,131,2,478,P1,165,61.9,27.4,270,74,429,P1,False,B,3,,0,233,
South 24 Parganas,220,S24P-220,153,High School 153,336,322,1,659,48.86,44,6.7,314,136,6,541,P1,178,58.0,25.1,349,141,545,P1,False,B,3,,0,281,
South 24 Parganas,220,S24P-220,154,Madrasa 154,282,253,1,536,47.2,53,9.9,261,115,2,417,P1,146,62.6,27.6,277,96,415,P1,False,B,3,,0,228,
South 24 Parganas,220,S24P-220,155,High School 155,339,345,0,684,50.44,49,7.2,355,168,6,581,P1,187,61.1,28.9,344,142,556,P1,False,B,3,,0,291,
South 24 Parganas,220,S24P-220,156,Panchayat Bhavan 156,301,303,1,605,50.08,51,8.4,330,117,4,500,P1,213,66.0,23.4,319,117,485,P1,False,A,1,,0,258,
South 24 Parganas,220,S24P-220,157,Primary School 157,363,349,1,713,48.95,61,8.6,371,139,5,570,P1,232,65.1,24.4,358,191,610,P1,False,A,1,,0,304,
South 24 Parganas,220,S24P-220,158,Anganwadi Centre 158,410,380,0,790,48.1,56,7.1,446,163,2,676,P1,283,66.0,24.1,367,231,673,P1,False,A,1,,0,336,
South 24 Parganas,220,S24P-220,159,Govt Office 159,303,313,1,617,50.73,59,9.6,340,126,3,518,P1,214,65.6,24.3,317,101,483,P1,False,A,1,,0,263,
South 24 Parganas,221,S24P-221,1,Primary School 1,293,267,1,561,47.59,67,11.9,260,132,5,435,P1,128,59.8,30.3,277,137,461,P1,False,D,4,,0,239,
South 24 Parganas,221,S24P-221,2,Community Hall 2,333,307,0,640,47.97,98,15.3,355,152,3,564,P1,203,62.9,27.0,312,100,520,P1,False,D,4,,0,273,
South 24 Parganas,221,S24P-221,3,Madrasa 3,412,372,0,784,47.45,95,12.1,363,161,4,644,P1,202,56.4,25.0,477,78,616,P1,False,D,4,,0,334,
South 24 Parganas,221,S24P-221,4,Market Building 4,425,393,1,819,47.99,90,11.0,447,183,7,700,P1,264,63.9,26.1,370,173,701,P1,False,D,4,,0,349,
South 24 Parganas,221,S24P-221,5,Market Building 5,400,399,1,800,49.88,124,15.5,407,164,13,680,P1,243,59.9,24.1,377,235,680,P1,False,D,4,,0,341,
South 24 Parganas,221,S24P-221,6,Govt Office 6,304,310,0,614,50.49,82,13.4,304,178,2,535,P1,126,56.8,33.3,341,143,537,P1,False,D,4,,0,261,
South 24 Parganas,221,S24P-221,7,High School 7,351,317,1,669,47.38,121,18.1,309,124,9,590,P1,167,52.4,21.0,317,156,526,P1,False,D,4,,0,285,
South 24 Parganas,221,S24P-221,8,Madrasa 8,289,291,1,581,50.09,72,12.4,295,108,3,448,P1,187,65.8,24.1,295,138,481,P1,False,D,4,,0,247,
South 24 Parganas,221,S24P-221,9,Community Hall 9,374,342,1,717,47.7,80,11.2,409,110,4,576,P1,299,71.0,19.1,389,111,593,P1,False,D,4,,0,305,
South 24 Parganas,221,S24P-221,10,Club Building 10,394,371,1,766,48.43,102,13.3,325,146,12,586,P1,179,55.5,24.9,410,147,619,P1,False,D,4,,0,326,
South 24 Parganas,221,S24P-221,11,Health Sub-Centre 11,372,349,0,721,48.4,99,13.7,326,219,9,631,P1,107,51.7,34.7,376,170,606,P1,False,D,4,,0,307,
South 24 Parganas,221,S24P-221,12,Temple Hall 12,319,326,1,646,50.46,112,17.3,328,127,8,549,P1,201,59.7,23.1,351,98,535,P1,False,D,4,,0,275,
South 24 Parganas,221,S24P-221,13,Market Building 13,261,238,1,500,47.6,69,13.8,257,112,3,410,P1,145,62.7,27.3,233,121,395,P1,False,D,4,,0,213,
South 24 Parganas,221,S24P-221,14,Club Building 14,285,276,1,562,49.11,88,15.7,295,142,3,486,P1,153,60.7,29.2,278,84,465,P1,False,D,4,,0,239,
South 24 Parganas,221,S24P-221,15,Club Building 15,259,233,0,492,47.36,72,14.6,292,68,4,434,P1,224,67.3,15.7,275,104,423,P1,False,D,4,,0,210,
South 24 Parganas,221,S24P-221,16,Govt Office 16,405,383,1,789,48.54,92,11.7,472,151,6,692,P1,321,68.2,21.8,365,173,685,P1,False,D,4,,0,336,
South 24 Parganas,221,S24P-221,17,Primary School 17,419,400,1,820,48.78,127,15.5,402,152,10,663,P1,250,60.6,22.9,372,214,723,P1,False,D,4,,0,349,
South 24 Parganas,221,S24P-221,18,Primary School 18,358,329,1,688,47.82,114,16.6,410,115,2,584,P1,295,70.2,19.7,376,134,566,P1,False,D,4,,0,293,
South 24 Parganas,221,S24P-221,19,High School 19,295,266,1,562,47.33,77,13.7,317,121,4,487,P1,196,65.1,24.8,215,70,461,P1,False,D,4,,0,239,
South 24 Parganas,221,S24P-221,20,Post Office 20,264,262,0,526,49.81,84,16.0,267,115,6,462,P1,152,57.8,24.9,318,83,446,P1,False,D,4,,0,224,
South 24 Parganas,221,S24P-221,21,Anganwadi Centre 21,265,259,0,524,49.43,88,16.8,218,109,10,417,P1,109,52.3,26.1,239,128,433,P1,False,D,4,,0,223,
South 24 Parganas,221,S24P-221,22,Community Hall 22,307,312,0,619,50.4,89,14.4,218,187,5,496,P1,31,44.0,37.7,292,131,490,P1,False,D,4,,0,264,
South 24 Parganas,221,S24P-221,23,Anganwadi Centre 23,289,274,1,564,48.58,68,12.1,259,147,6,465,P1,112,55.7,31.6,265,125,454,P1,False,D,4,,0,240,
South 24 Parganas,221,S24P-221,24,Primary School 24,371,347,1,719,48.26,81,11.3,316,192,8,623,P1,124,50.7,30.8,282,157,571,P1,False,D,4,,0,306,
South 24 Parganas,221,S24P-221,25,Temple Hall 25,399,366,1,766,47.78,96,12.5,376,178,5,633,P1,198,59.4,28.1,434,169,670,P1,False,D,4,,0,326,
South 24 Parganas,221,S24P-221,26,Govt Office 26,367,329,1,697,47.2,81,11.6,454,68,3,580,P1,386,78.3,11.7,320,178,553,P1,False,D,4,,0,297,
South 24 Parganas,221,S24P-221,27,Community Hall 27,303,273,0,576,47.4,95,16.5,246,134,9,494,P1,112,49.8,27.1,283,135,465,P1,False,D,4,,0,245,
South 24 Parganas,221,S24P-221,28,Market Building 28,367,356,1,724,49.17,111,15.3,378,196,3,638,P1,182,59.2,30.7,345,166,603,P1,False,D,4,,0,308,
South 24 Parganas,221,S24P-221,29,Post Office 29,386,392,1,779,50.32,82,10.5,323,187,5,616,P1,136,52.4,30.4,296,122,606,P1,False,D,4,,0,332,
South 24 Parganas,221,S24P-221,30,Market Building 30,411,391,0,802,48.75,108,13.5,409,189,6,664,P1,220,61.6,28.5,460,156,685,P1,False,D,4,,0,342,
South 24 Parganas,221,S24P-221,31,Govt Office 31,284,269,0,553,48.64,75,13.6,251,162,3,458,P1,89,54.8,35.4,312,79,441,P1,False,D,4,,0,235,
South 24 Parganas,221,S24P-221,32,Health Sub-Centre 32,403,396,1,800,49.5,88,11.0,353,207,12,667,P1,146,52.9,31.0,380,139,687,P1,False,D,4,,0,341,
South 24 Parganas,221,S24P-221,33,Primary School 33,418,384,1,803,47.82,94,11.7,369,143,17,658,P1,226,56.1,21.7,363,227,671,P1,False,D,4,,0,342,
South 24 Parganas,221,S24P-221,34,Panchayat Bhavan 34,267,249,0,516,48.26,93,18.0,243,152,5,453,P1,91,53.6,33.6,219,131,418,P1,False,D,4,,0,220,
South 24 Parganas,221,S24P-221,35,Govt Office 35,412,378,0,790,47.85,138,17.5,334,215,8,659,P1,119,50.7,32.6,390,189,643,P1,False,D,4,,0,336,
South 24 Parganas,221,S24P-221,36,Post Office 36,246,254,0,500,50.8,70,14.0,284,85,6,420,P1,199,67.6,20.2,177,106,390,P1,False,D,4,,0,213,
South 24 Parganas,221,S24P-221,37,High School 37,239,240,1,480,50.0,57,11.9,224,105,4,375,P1,119,59.7,28.0,278,86,404,P1,False,D,4,,0,204,
South 24 Parganas,221,S24P-221,38,Club Building 38,363,335,1,699,47.93,75,10.7,325,182,8,595,P1,143,54.6,30.6,328,156,588,P1,False,D,4,,0,298,
South 24 Parganas,221,S24P-221,39,Club Building 39,404,386,1,791,48.8,91,11.5,403,148,8,626,P1,255,64.4,23.6,495,109,672,P1,False,D,4,,0,337,
South 24 Parganas,221,S24P-221,40,Govt Office 40,387,398,1,786,50.64,118,15.0,350,173,4,622,P1,177,56.3,27.8,357,133,627,P1,False,D,4,,0,335,
South 24 Parganas,221,S24P-221,41,Madrasa 41,386,346,0,732,47.27,124,16.9,330,178,11,645,P1,152,51.2,27.6,352,167,583,P1,False,D,4,,0,312,
South 24 Parganas,221,S24P-221,42,Govt Office 42,273,271,0,544,49.82,85,15.6,286,128,3,460,P1,158,62.2,27.8,279,115,438,P1,False,D,4,,0,232,
South 24 Parganas,221,S24P-221,43,Club Building 43,359,337,0,696,48.42,121,17.4,370,167,7,607,P1,203,61.0,27.5,265,164,608,P1,False,D,4,,0,296,
South 24 Parganas,221,S24P-221,44,Madrasa 44,337,316,1,654,48.32,97,14.8,375,87,9,556,P1,288,67.4,15.6,311,134,519,P1,False,D,4,,0,279,
South 24 Parganas,221,S24P-221,45,Community Hall 45,419,392,0,811,48.34,103,12.7,441,130,2,634,P1,311,69.6,20.5,405,210,711,P1,False,D,4,,0,345,
South 24 Parganas,221,S24P-221,46,Community Hall 46,265,251,1,517,48.55,64,12.4,290,91,2,423,P1,199,68.6,21.5,246,94,455,P1,False,D,4,,0,220,
South 24 Parganas,221,S24P-221,47,Panchayat Bhavan 47,285,259,0,544,47.61,70,12.9,232,141,4,424,P1,91,54.7,33.3,320,72,436,P1,False,D,4,,0,232,
South 24 Parganas,221,S24P-221,48,Temple Hall 48,281,257,0,538,47.77,59,11.0,276,104,5,422,P1,172,65.4,24.6,286,103,432,P1,False,D,4,,0,229,
South 24 Parganas,221,S24P-221,49,Panchayat Bhavan 49,254,229,1,484,47.31,82,16.9,244,117,4,402,P1,127,60.7,29.1,241,57,409,P1,False,D,4,,0,206,
South 24 Parganas,221,S24P-221,50,Community Hall 50,249,251,0,500,50.2,77,15.4,231,117,5,400,P1,114,57.8,29.2,258,78,428,P1,False,D,4,,0,213,
South 24 Parganas,221,S24P-221,51,Market Building 51,348,343,0,691,49.64,107,15.5,364,158,2,580,P1,206,62.8,27.2,349,146,550,P1,False,D,4,,0,294,
South 24 Parganas,221,S24P-221,52,Club Building 52,357,352,1,710,49.58,119,16.8,297,166,14,618,P1,131,48.1,26.9,316,118,575,P1,False,D,4,,0,302,
South 24 Parganas,221,S24P-221,53,Post Office 53,284,282,0,566,49.82,57,10.1,296,114,4,455,P1,182,65.1,25.1,308,128,488,P1,False,D,4,,0,241,
South 24 Parganas,221,S24P-221,54,Health Sub-Centre 54,399,383,0,782,48.98,131,16.8,400,196,8,668,P1,204,59.9,29.3,380,156,646,P1,False,D,4,,0,333,
South 24 Parganas,221,S24P-221,55,Govt Office 55,343,348,1,692,50.29,77,11.1,342,122,15,609,P1,219,56.2,20.0,328,205,594,P1,False,D,4,,0,295,
South 24 Parganas,221,S24P-221,56,Health Sub-Centre 56,309,319,1,629,50.72,97,15.4,331,157,5,542,P1,174,61.1,29.0,340,146,540,P1,False,D,4,,0,268,
South 24 Parganas,221,S24P-221,57,High School 57,283,279,0,562,49.64,72,12.8,263,163,5,473,P1,100,55.6,34.5,299,108,475,P1,False,D,4,,0,239,
South 24 Parganas,221,S24P-221,58,Post Office 58,355,365,1,721,50.62,108,15.0,336,156,8,580,P1,180,57.9,26.9,416,148,627,P1,False,D,4,,0,307,
South 24 Parganas,221,S24P-221,59,Club Building 59,350,317,1,668,47.46,102,15.3,332,192,4,582,P1,140,57.0,33.0,320,109,558,P1,False,D,4,,0,284,
South 24 Parganas,221,S24P-221,60,High School 60,295,277,0,572,48.43,104,18.2,297,96,7,492,P1,201,60.4,19.5,317,118,483,P1,False,D,4,,0,244,
South 24 Parganas,221,S24P-221,61,High School 61,268,242,0,510,47.45,60,11.8,316,82,3,442,P1,234,71.5,18.6,231,114,403,P1,False,D,4,,0,217,
South 24 Parganas,221,S24P-221,62,Panchayat Bhavan 62,320,318,0,638,49.84,67,10.5,331,127,6,516,P1,204,64.1,24.6,213,157,509,P1,False,D,4,,0,272,
South 24 Parganas,221,S24P-221,63,Temple Hall 63,414,386,0,800,48.25,127,15.9,362,162,5,625,P1,200,57.9,25.9,523,66,654,P1,False,D,4,,0,341,
South 24 Parganas,221,S24P-221,64,Panchayat Bhavan 64,390,359,0,749,47.93,108,14.4,395,159,3,646,P1,236,61.1,24.6,375,154,618,P1,False,D,4,,0,319,
South 24 Parganas,221,S24P-221,65,Panchayat Bhavan 65,303,311,1,615,50.57,89,14.5,264,133,10,501,P1,131,52.7,26.5,357,123,538,P1,False,D,4,,0,262,
South 24 Parganas,221,S24P-221,66,Club Building 66,350,336,1,687,48.91,122,17.8,271,162,13,594,P1,109,45.6,27.3,336,163,561,P1,False,D,4,,0,293,
South 24 Parganas,221,S24P-221,67,Health Sub-Centre 67,291,274,0,565,48.5,102,18.1,272,88,5,487,P1,155,55.9,18.1,237,148,490,P1,False,D,4,,0,241,
South 24 Parganas,221,S24P-221,68,Govt Office 68,395,360,1,756,47.62,122,16.1,377,204,9,662,P1,173,56.9,30.8,394,147,602,P1,False,D,4,,0,322,
South 24 Parganas,221,S24P-221,69,Health Sub-Centre 69,278,250,1,529,47.26,72,13.6,302,94,3,440,P1,208,68.6,21.4,242,79,413,P1,False,D,4,,0,225,
South 24 Parganas,221,S24P-221,70,Market Building 70,364,341,1,706,48.3,119,16.9,389,124,5,585,P1,265,66.5,21.2,372,152,591,P1,False,D,4,,0,301,
South 24 Parganas,221,S24P-221,71,Primary School 71,387,360,1,748,48.13,99,13.2,439,154,4,659,P1,285,66.6,23.4,365,184,641,P1,False,D,4,,0,319,
South 24 Parganas,221,S24P-221,72,Anganwadi Centre 72,323,297,1,621,47.83,73,11.8,327,129,3,512,P1,198,63.9,25.2,372,93,517,P1,False,D,4,,0,264,
South 24 Parganas,221,S24P-221,73,Anganwadi Centre 73,336,300,0,636,47.17,110,17.3,370,103,2,526,P1,267,70.3,19.6,344,123,519,P1,False,D,4,,0,271,
South 24 Parganas,221,S24P-221,74,Anganwadi Centre 74,291,281,1,573,49.04,84,14.7,294,109,2,448,P1,185,65.6,24.3,257,137,471,P1,False,D,4,,0,244,
South 24 Parganas,221,S24P-221,75,Madrasa 75,250,238,0,488,48.77,65,13.3,255,89,2,382,P1,166,66.8,23.3,268,118,429,P1,False,D,4,,0,208,
South 24 Parganas,221,S24P-221,76,Health Sub-Centre 76,270,266,1,537,49.53,95,17.7,354,72,3,473,P1,282,74.8,15.2,250,101,425,P1,False,D,4,,0,229,
South 24 Parganas,221,S24P-221,77,Club Building 77,317,306,1,624,49.04,102,16.3,367,92,5,510,P1,275,72.0,18.0,277,91,503,P1,False,D,4,,0,266,
South 24 Parganas,221,S24P-221,78,Community Hall 78,353,332,1,686,48.4,112,16.3,407,68,4,527,P1,339,77.2,12.9,386,135,602,P1,False,D,4,,0,292,
South 24 Parganas,221,S24P-221,79,Primary School 79,268,264,0,532,49.62,77,14.5,276,100,2,418,P1,176,66.0,23.9,222,94,421,P1,False,D,4,,0,227,
South 24 Parganas,221,S24P-221,80,Club Building 80,253,246,1,500,49.2,64,12.8,253,116,4,415,P1,137,61.0,28.0,273,88,401,P1,False,D,4,,0,213,
South 24 Parganas,221,S24P-221,81,Community Hall 81,256,240,1,497,48.29,61,12.3,261,120,4,424,P1,141,61.6,28.3,255,109,423,P1,False,D,4,,0,212,
South 24 Parganas,221,S24P-221,82,Health Sub-Centre 82,309,316,1,626,50.48,108,17.3,338,102,5,488,P1,236,69.3,20.9,322,116,494,P1,False,D,4,,0,267,
South 24 Parganas,221,S24P-221,83,Post Office 83,270,278,0,548,50.73,89,16.2,275,128,6,475,P1,147,57.9,26.9,272,100,464,P1,False,D,4,,0,233,
South 24 Parganas,221,S24P-221,84,Madrasa 84,324,293,0,617,47.49,105,17.0,274,97,16,522,P1,144,52.5,18.6,301,145,530,P1,False,D,4,,0,263,
South 24 Parganas,221,S24P-221,85,Panchayat Bhavan 85,369,361,1,731,49.38,93,12.7,359,128,8,589,P1,231,61.0,21.7,312,190,623,P1,False,D,4,,0,311,
South 24 Parganas,221,S24P-221,86,Panchayat Bhavan 86,346,346,1,693,49.93,87,12.6,269,161,7,588,P1,108,45.7,27.4,288,172,573,P1,False,D,4,,0,295,
South 24 Parganas,221,S24P-221,87,Madrasa 87,391,394,0,785,50.19,133,16.9,419,125,4,604,P1,294,69.4,20.7,365,146,657,P1,False,D,4,,0,334,
South 24 Parganas,221,S24P-221,88,Community Hall 88,329,326,1,656,49.7,109,16.6,276,195,8,558,P1,81,49.5,34.9,252,118,518,P1,False,D,4,,0,279,
South 24 Parganas,221,S24P-221,89,Primary School 89,422,392,1,815,48.1,118,14.5,426,202,6,697,P1,224,61.1,29.0,396,137,689,P1,False,D,4,,0,347,
South 24 Parganas,221,S24P-221,90,Community Hall 90,290,288,0,578,49.83,64,11.1,278,149,7,494,P1,129,56.3,30.2,343,83,473,P1,False,D,4,,0,246,
South 24 Parganas,221,S24P-221,91,Panchayat Bhavan 91,330,306,1,637,48.04,67,10.5,287,94,19,549,P1,144,52.3,17.1,309,85,520,P1,False,D,4,,0,271,
South 24 Parganas,221,S24P-221,92,Temple Hall 92,309,278,0,587,47.36,88,15.0,353,96,8,517,P1,257,68.3,18.6,300,146,495,P1,False,D,4,,0,250,
South 24 Parganas,221,S24P-221,93,Primary School 93,352,343,0,695,49.35,122,17.6,371,152,3,582,P1,219,63.7,26.1,416,121,597,P1,False,D,4,,0,296,
South 24 Parganas,221,S24P-221,94,Health Sub-Centre 94,242,245,1,488,50.2,50,10.2,236,110,3,384,P1,126,61.5,28.6,224,101,400,P1,False,D,4,,0,208,
South 24 Parganas,221,S24P-221,95,Govt Office 95,288,264,1,553,47.74,85,15.4,261,128,3,481,P1,133,54.3,26.6,292,105,466,P1,False,D,4,,0,235,
South 24 Parganas,221,S24P-221,96,Health Sub-Centre 96,377,339,0,716,47.35,119,16.6,430,91,4,579,P1,339,74.3,15.7,366,136,558,P1,False,D,4,,0,305,
South 24 Parganas,221,S24P-221,97,Health Sub-Centre 97,258,262,1,521,50.29,67,12.9,271,124,7,451,P1,147,60.1,27.5,222,116,423,P1,False,D,4,,0,222,
South 24 Parganas,221,S24P-221,98,Primary School 98,359,341,1,701,48.64,110,15.7,361,168,3,588,P1,193,61.4,28.6,289,150,604,P1,False,D,4,,0,299,
South 24 Parganas,221,S24P-221,99,Primary School 99,269,252,1,522,48.28,57,10.9,271,112,3,445,P1,159,60.9,25.2,227,84,454,P1,False,D,4,,0,222,
South 24 Parganas,221,S24P-221,100,Temple Hall 100,317,315,0,632,49.84,109,17.2,319,154,4,526,P1,165,60.6,29.3,304,130,524,P1,False,D,4,,0,269,
South 24 Parganas,221,S24P-221,101,Community Hall 101,364,331,0,695,47.63,69,9.9,338,162,6,555,P1,176,60.9,29.2,403,123,585,P1,False,B,3,,0,296,
South 24 Parganas,221,S24P-221,102,Health Sub-Centre 102,265,272,0,537,50.65,89,16.6,336,75,3,457,P1,261,73.5,16.4,261,112,467,P1,False,D,4,,0,229,
South 24 Parganas,221,S24P-221,103,High School 103,342,307,1,650,47.23,79,12.2,311,53,10,500,P1,191,62.2,10.6,342,141,537,P1,False,D,4,,0,277,
South 24 Parganas,221,S24P-221,104,Panchayat Bhavan 104,250,231,0,481,48.02,65,13.5,248,107,4,400,P1,141,62.0,26.8,214,142,413,P1,False,D,4,,0,205,
South 24 Parganas,221,S24P-221,105,High School 105,301,286,1,588,48.64,100,17.0,258,133,5,489,P1,125,52.8,27.2,254,137,459,P1,False,D,4,,0,250,
South 24 Parganas,221,S24P-221,106,Govt Office 106,311,282,1,594,47.47,101,17.0,250,156,7,480,P1,94,52.1,32.5,221,124,465,P1,False,D,4,,0,253,
South 24 Parganas,221,S24P-221,107,Market Building 107,401,377,1,779,48.4,104,13.4,391,110,10,636,P1,273,61.5,17.3,439,126,662,P1,False,D,4,,0,332,
South 24 Parganas,221,S24P-221,108,Market Building 108,284,276,0,560,49.29,85,15.2,274,85,9,438,P1,189,62.6,19.4,264,129,437,P1,False,D,4,,0,238,
South 24 Parganas,221,S24P-221,109,Govt Office 109,272,259,1,532,48.68,97,18.2,208,124,7,422,P1,84,49.3,29.4,258,131,433,P1,False,D,4,,0,227,
South 24 Parganas,221,S24P-221,110,Govt Office 110,355,319,1,675,47.26,79,11.7,299,82,18,574,P1,130,52.1,14.3,334,159,548,P1,False,D,4,,0,287,
South 24 Parganas,221,S24P-221,111,Market Building 111,345,312,1,658,47.42,107,16.3,399,83,3,535,P1,316,74.6,15.5,261,153,573,P1,False,D,4,,0,280,
South 24 Parganas,221,S24P-221,112,Primary School 112,412,396,1,809,48.95,85,10.5,485,150,4,706,P1,335,68.7,21.2,405,198,670,P1,False,D,4,,0,345,
South 24 Parganas,221,S24P-221,113,Anganwadi Centre 113,396,367,1,764,48.04,76,9.9,393,161,4,616,P1,232,63.8,26.1,429,86,625,P1,False,B,3,,0,325,
South 24 Parganas,221,S24P-221,114,Club Building 114,357,320,0,677,47.27,102,15.1,251,101,7,521,P1,94,48.2,19.4,337,118,519,P1,False,D,4,,0,288,
South 24 Parganas,221,S24P-221,115,Market Building 115,309,312,1,622,50.16,102,16.4,323,72,11,491,P1,244,65.8,14.7,315,93,513,P1,False,D,4,,0,265,
South 24 Parganas,221,S24P-221,116,Community Hall 116,256,251,1,508,49.41,81,15.9,293,109,5,448,P1,184,65.4,24.3,230,113,391,P1,False,D,4,,0,216,
South 24 Parganas,221,S24P-221,117,Post Office 117,370,350,0,720,48.61,84,11.7,381,157,7,597,P1,224,63.8,26.3,386,133,576,P1,False,D,4,,0,307,
South 24 Parganas,221,S24P-221,118,Madrasa 118,376,350,0,726,48.21,72,9.9,300,133,8,561,P1,167,53.5,23.7,320,164,561,P1,False,B,3,,0,309,
South 24 Parganas,221,S24P-221,119,High School 119,307,317,1,625,50.72,102,16.3,318,144,5,513,P1,174,62.0,28.1,278,121,504,P1,False,D,4,,0,266,
South 24 Parganas,221,S24P-221,120,Primary School 120,302,292,0,594,49.16,96,16.2,272,143,4,462,P1,129,58.9,31.0,250,115,490,P1,False,D,4,,0,253,
South 24 Parganas,221,S24P-221,121,Panchayat Bhavan 121,252,258,1,511,50.49,83,16.2,251,104,2,411,P1,147,61.1,25.3,233,90,419,P1,False,D,4,,0,218,
South 24 Parganas,221,S24P-221,122,Health Sub-Centre 122,282,258,1,541,47.69,64,11.8,270,118,2,431,P1,152,62.6,27.4,314,81,439,P1,False,D,4,,0,230,
South 24 Parganas,221,S24P-221,123,Primary School 123,356,348,0,704,49.43,83,11.8,377,113,4,544,P1,264,69.3,20.8,342,150,578,P1,False,D,4,,0,300,
South 24 Parganas,221,S24P-221,124,Club Building 124,385,389,0,774,50.26,133,17.2,459,128,5,652,P1,331,70.4,19.6,319,105,666,P1,False,D,4,,0,330,
South 24 Parganas,221,S24P-221,125,Madrasa 125,265,243,0,508,47.83,72,14.2,238,131,5,415,P1,107,57.3,31.6,230,54,423,P1,False,D,4,,0,216,
South 24 Parganas,221,S24P-221,126,Primary School 126,426,388,1,815,47.61,97,11.9,375,202,9,669,P1,173,56.1,30.2,474,160,704,P1,False,D,4,,0,347,
South 24 Parganas,221,S24P-221,127,Temple Hall 127,299,307,1,607,50.58,106,17.5,338,131,4,526,P1,207,64.3,24.9,239,106,473,P1,False,D,4,,0,258,
South 24 Parganas,221,S24P-221,128,Post Office 128,314,322,0,636,50.63,89,14.0,290,123,10,522,P1,167,55.6,23.6,342,163,561,P1,False,D,4,,0,271,
South 24 Parganas,221,S24P-221,129,Anganwadi Centre 129,382,360,1,743,48.45,116,15.6,363,161,6,583,P1,202,62.3,27.6,347,99,635,P1,False,D,4,,0,316,
South 24 Parganas,221,S24P-221,130,Post Office 130,339,314,1,654,48.01,102,15.6,303,127,11,544,P1,176,55.7,23.3,316,140,507,P1,False,D,4,,0,279,
South 24 Parganas,221,S24P-221,131,Madrasa 131,253,237,0,490,48.37,65,13.3,215,109,5,391,P1,106,55.0,27.9,280,91,412,P1,False,D,4,,0,209,
South 24 Parganas,221,S24P-221,132,Primary School 132,296,269,0,565,47.61,64,11.3,258,147,3,465,P1,111,55.5,31.6,326,113,488,P1,False,D,4,,0,241,
South 24 Parganas,221,S24P-221,133,Post Office 133,274,252,0,526,47.91,92,17.5,288,80,3,425,P1,208,67.8,18.8,206,105,413,P1,False,D,4,,0,224,
South 24 Parganas,221,S24P-221,134,Madrasa 134,409,371,1,781,47.5,77,9.9,375,136,9,606,P1,239,61.9,22.4,401,139,600,P1,False,B,3,,0,333,
South 24 Parganas,221,S24P-221,135,Temple Hall 135,249,248,1,498,49.8,72,14.5,289,102,3,435,P1,187,66.4,23.4,227,97,395,P1,False,D,4,,0,212,
South 24 Parganas,221,S24P-221,136,Health Sub-Centre 136,339,340,0,679,50.07,80,11.8,251,114,12,570,P1,64,44.0,20.0,361,170,590,P1,False,D,4,,0,289,
South 24 Parganas,221,S24P-221,137,Community Hall 137,399,365,0,764,47.77,78,10.2,362,198,3,622,P1,164,58.2,31.8,412,170,647,P1,False,D,4,,0,325,
South 24 Parganas,221,S24P-221,138,Panchayat Bhavan 138,343,354,1,698,50.72,73,10.5,331,169,3,556,P1,162,59.5,30.4,381,155,595,P1,False,D,4,,0,297,
South 24 Parganas,221,S24P-221,139,Market Building 139,311,305,1,617,49.43,88,14.3,256,128,11,516,P1,128,49.6,24.8,313,135,511,P1,False,D,4,,0,263,
South 24 Parganas,221,S24P-221,140,Community Hall 140,406,407,1,814,50.0,139,17.1,354,161,6,632,P1,193,56.0,25.5,398,209,674,P1,False,D,4,,0,347,
South 24 Parganas,221,S24P-221,141,Govt Office 141,272,259,0,531,48.78,89,16.8,237,82,5,431,P1,134,55.0,19.0,291,103,457,P1,False,D,4,,0,226,
South 24 Parganas,221,S24P-221,142,Panchayat Bhavan 142,394,384,1,779,49.29,129,16.6,347,175,8,627,P1,172,55.3,27.9,497,75,635,P1,False,D,4,,0,332,
South 24 Parganas,221,S24P-221,143,Post Office 143,344,335,1,680,49.26,117,17.2,268,131,13,535,P1,137,50.1,24.5,336,123,529,P1,False,D,4,,0,290,
South 24 Parganas,221,S24P-221,144,Post Office 144,410,410,0,820,50.0,148,18.0,302,157,19,652,P1,134,46.3,24.1,432,209,712,P1,False,D,4,,0,349,
South 24 Parganas,221,S24P-221,145,Market Building 145,387,351,0,738,47.56,78,10.6,326,80,18,582,P1,174,56.0,13.7,313,123,571,P1,False,D,4,,0,314,
South 24 Parganas,221,S24P-221,146,Primary School 146,297,269,1,567,47.44,65,11.5,233,137,11,476,P1,96,48.9,28.8,284,107,434,P1,False,D,4,,0,241,
South 24 Parganas,221,S24P-221,147,Market Building 147,289,297,1,587,50.6,68,11.6,319,113,2,479,P1,206,66.6,23.6,256,155,457,P1,False,D,4,,0,250,
South 24 Parganas,221,S24P-221,148,Govt Office 148,237,244,1,482,50.62,85,17.6,265,88,3,392,P1,177,67.6,22.4,247,94,379,P1,False,D,4,,0,205,
South 24 Parganas,221,S24P-221,149,Madrasa 149,378,371,0,749,49.53,109,14.6,452,133,4,650,P1,319,69.5,20.5,388,174,625,P1,False,D,4,,0,319,
South 24 Parganas,221,S24P-221,150,Madrasa 150,397,364,1,762,47.77,109,14.3,386,155,9,649,P1,231,59.5,23.9,284,188,606,P1,False,D,4,,0,324,
South 24 Parganas,221,S24P-221,151,High School 151,261,253,1,515,49.13,74,14.4,326,58,2,427,P1,268,76.3,13.6,207,118,430,P1,False,D,4,,0,219,
South 24 Parganas,221,S24P-221,152,Primary School 152,418,374,0,792,47.22,121,15.3,396,200,10,695,P1,196,57.0,28.8,361,184,618,P1,False,D,4,,0,337,
South 24 Parganas,221,S24P-221,153,Temple Hall 153,294,294,1,589,49.92,62,10.5,338,121,3,510,P1,217,66.3,23.7,264,104,457,P1,False,D,4,,0,251,
South 24 Parganas,221,S24P-221,154,Club Building 154,305,291,1,597,48.74,78,13.1,305,130,3,483,P1,175,63.1,26.9,318,98,462,P1,False,D,4,,0,254,
South 24 Parganas,221,S24P-221,155,Govt Office 155,275,270,0,545,49.54,71,13.0,235,158,3,436,P1,77,53.9,36.2,340,91,478,P1,False,D,4,,0,232,
South 24 Parganas,221,S24P-221,156,Post Office 156,274,252,1,527,47.82,76,14.4,293,94,5,430,P1,199,68.1,21.9,264,102,416,P1,False,D,4,,0,224,
South 24 Parganas,221,S24P-221,157,Temple Hall 157,381,366,1,748,48.93,76,10.2,337,148,4,588,P1,189,57.3,25.2,408,144,613,P1,False,D,4,,0,319,
South 24 Parganas,221,S24P-221,158,Health Sub-Centre 158,373,346,1,720,48.06,100,13.9,375,169,9,624,P1,206,60.1,27.1,376,169,605,P1,False,D,4,,0,307,
South 24 Parganas,221,S24P-221,159,Health Sub-Centre 159,264,268,0,532,50.38,81,15.2,289,108,4,441,P1,181,65.5,24.5,276,115,448,P1,False,D,4,,0,227,
South 24 Parganas,221,S24P-221,160,Madrasa 160,365,376,1,742,50.67,108,14.6,414,174,5,653,P1,240,63.4,26.6,320,192,628,P1,False,D,4,,0,316,
South 24 Parganas,221,S24P-221,161,Market Building 161,364,346,0,710,48.73,121,17.0,363,144,7,619,P1,219,58.6,23.3,295,160,566,P1,False,D,4,,0,302,
South 24 Parganas,221,S24P-221,162,Madrasa 162,256,249,1,506,49.21,58,11.5,239,132,6,438,P1,107,54.6,30.1,284,74,397,P1,False,D,4,,0,215,
South 24 Parganas,221,S24P-221,163,Post Office 163,403,388,1,792,48.99,96,12.1,356,123,5,629,P1,217,56.6,19.6,418,79,625,P1,False,D,4,,0,337,
South 24 Parganas,221,S24P-221,164,Primary School 164,367,332,0,699,47.5,111,15.9,361,171,6,591,P1,190,61.1,28.9,265,148,560,P1,False,D,4,,0,298,
South 24 Parganas,221,S24P-221,165,Health Sub-Centre 165,388,374,1,763,49.02,118,15.5,412,149,4,624,P1,263,66.0,23.9,405,131,627,P1,False,D,4,,0,325,
South 24 Parganas,221,S24P-221,166,Anganwadi Centre 166,317,290,0,607,47.78,68,11.2,244,134,7,474,P1,110,51.5,28.3,327,112,487,P1,False,D,4,,0,258,
South 24 Parganas,221,S24P-221,167,Post Office 167,351,323,0,674,47.92,75,11.1,372,117,5,544,P1,255,68.4,21.5,374,94,538,P1,False,D,4,,0,287,
South 24 Parganas,221,S24P-221,168,Panchayat Bhavan 168,401,414,1,816,50.74,128,15.7,392,186,9,669,P1,206,58.6,27.8,419,171,655,P1,False,D,4,,0,347,
South 24 Parganas,221,S24P-221,169,Primary School 169,382,365,0,747,48.86,75,10.0,440,105,10,641,P1,335,68.6,16.4,338,59,590,P1,False,A,1,,0,318,
South 24 Parganas,221,S24P-221,170,Market Building 170,394,361,0,755,47.81,134,17.7,370,196,7,635,P1,174,58.3,30.9,349,157,616,P1,False,D,4,,0,322,
South 24 Parganas,222,S24P-222,1,Market Building 1,347,356,1,704,50.57,79,11.2,372,176,5,609,P1,196,61.1,28.9,397,110,585,P1,False,D,4,,0,300,
South 24 Parganas,222,S24P-222,2,Panchayat Bhavan 2,396,359,0,755,47.55,107,14.2,444,156,8,666,P1,288,66.7,23.4,346,138,589,P1,False,D,4,,0,322,
South 24 Parganas,222,S24P-222,3,Community Hall 3,281,283,1,565,50.09,57,10.1,286,83,12,490,P1,182,58.4,16.9,322,102,471,P1,False,D,4,,0,241,
South 24 Parganas,222,S24P-222,4,Anganwadi Centre 4,245,248,1,494,50.2,52,10.5,223,69,8,397,P1,130,56.2,17.4,243,127,411,P1,False,D,4,,0,210,
South 24 Parganas,222,S24P-222,5,Govt Office 5,359,343,1,703,48.79,65,9.2,298,175,9,566,P1,123,52.7,30.9,343,154,553,P1,False,B,3,,0,299,
South 24 Parganas,222,S24P-222,6,Madrasa 6,273,249,0,522,47.7,61,11.7,251,145,4,440,P1,106,57.0,33.0,312,95,454,P1,False,D,4,,0,222,
South 24 Parganas,222,S24P-222,7,High School 7,386,398,0,784,50.77,96,12.2,347,164,6,625,P1,183,55.5,26.2,368,155,681,P1,False,D,4,,0,334,
South 24 Parganas,222,S24P-222,8,Madrasa 8,411,403,1,815,49.45,65,8.0,323,185,5,657,P1,138,49.2,28.2,407,201,675,P1,False,B,3,,0,347,
South 24 Parganas,222,S24P-222,9,Madrasa 9,372,379,1,752,50.4,99,13.2,316,190,10,651,P1,126,48.5,29.2,348,124,665,P1,False,D,4,,0,320,
South 24 Parganas,222,S24P-222,10,Panchayat Bhavan 10,341,335,0,676,49.56,75,11.1,312,159,3,548,P1,153,56.9,29.0,248,183,588,P1,False,D,4,,0,288,
South 24 Parganas,222,S24P-222,11,Health Sub-Centre 11,279,254,0,533,47.65,61,11.4,311,88,1,443,P1,223,70.2,19.9,190,121,419,P1,False,D,4,,0,227,
South 24 Parganas,222,S24P-222,12,Market Building 12,390,388,1,779,49.81,76,9.8,425,193,4,687,P1,232,61.9,28.1,332,184,619,P1,False,B,3,,0,332,
South 24 Parganas,222,S24P-222,13,Health Sub-Centre 13,322,330,1,653,50.54,63,9.6,365,106,3,523,P1,259,69.8,20.3,277,109,511,P1,False,A,1,,0,278,
South 24 Parganas,222,S24P-222,14,Anganwadi Centre 14,332,304,0,636,47.8,76,11.9,283,198,5,534,P1,85,53.0,37.1,323,111,509,P1,False,D,4,,0,271,
South 24 Parganas,222,S24P-222,15,Govt Office 15,298,296,0,594,49.83,70,11.8,312,131,7,519,P1,181,60.1,25.2,326,103,477,P1,False,D,4,,0,253,
South 24 Parganas,222,S24P-222,16,Panchayat Bhavan 16,249,238,0,487,48.87,54,11.1,264,68,3,414,P1,188,63.8,16.4,260,97,396,P1,False,D,4,,0,207,
South 24 Parganas,222,S24P-222,17,High School 17,247,234,0,481,48.65,44,9.1,232,124,3,416,P1,108,55.8,29.8,208,112,397,P1,False,B,3,,0,205,
South 24 Parganas,222,S24P-222,18,Market Building 18,293,302,0,595,50.76,77,12.9,248,170,4,497,P1,78,49.9,34.2,262,131,512,P1,False,D,4,,0,253,
South 24 Parganas,222,S24P-222,19,Community Hall 19,264,259,0,523,49.52,43,8.2,268,98,4,427,P1,170,62.8,23.0,239,93,413,P1,False,B,3,,0,223,
South 24 Parganas,222,S24P-222,20,Panchayat Bhavan 20,349,323,1,673,47.99,87,12.9,302,103,11,552,P1,171,54.7,18.7,361,140,556,P1,False,D,4,,0,287,
South 24 Parganas,222,S24P-222,21,Govt Office 21,409,379,0,788,48.1,94,11.9,392,133,5,660,P1,259,59.4,20.2,329,181,628,P1,False,D,4,,0,336,
South 24 Parganas,222,S24P-222,22,High School 22,330,339,0,669,50.67,52,7.8,384,85,4,521,P1,299,73.7,16.3,323,172,591,P1,False,A,1,,0,285,
South 24 Parganas,222,S24P-222,23,Health Sub-Centre 23,351,346,0,697,49.64,75,10.8,327,181,5,567,P1,146,57.7,31.9,331,147,550,P1,False,D,4,,0,297,
South 24 Parganas,222,S24P-222,24,Anganwadi Centre 24,352,333,0,685,48.61,71,10.4,317,158,5,528,P1,159,60.0,29.9,378,154,592,P1,False,D,4,,0,292,
South 24 Parganas,222,S24P-222,25,Club Building 25,313,310,1,624,49.68,67,10.7,323,145,7,548,P1,178,58.9,26.5,323,156,551,P1,False,D,4,,0,266,
South 24 Parganas,222,S24P-222,26,Health Sub-Centre 26,278,269,1,548,49.09,72,13.1,239,53,6,456,P1,86,52.4,11.6,248,148,440,P1,False,D,4,,0,233,
South 24 Parganas,222,S24P-222,27,Market Building 27,267,264,0,531,49.72,67,12.6,246,146,4,464,P1,100,53.0,31.5,272,122,458,P1,False,D,4,,0,226,
South 24 Parganas,222,S24P-222,28,Market Building 28,280,268,0,548,48.91,59,10.8,249,125,4,470,P1,124,53.0,26.6,298,128,474,P1,False,D,4,,0,233,
South 24 Parganas,222,S24P-222,29,Temple Hall 29,413,386,0,799,48.31,92,11.5,456,166,8,691,P1,290,66.0,24.0,444,152,695,P1,False,D,4,,0,340,
South 24 Parganas,222,S24P-222,30,Anganwadi Centre 30,253,253,1,507,49.9,43,8.5,160,73,7,393,P1,12,40.7,18.6,281,91,431,P1,False,B,3,,0,216,
South 24 Parganas,222,S24P-222,31,Anganwadi Centre 31,258,262,1,521,50.29,46,8.8,284,82,5,406,P1,202,70.0,20.2,276,133,454,P1,False,A,1,,0,222,
South 24 Parganas,222,S24P-222,32,Club Building 32,262,258,0,520,49.62,64,12.3,204,169,3,446,P1,35,45.7,37.9,287,83,447,P1,False,D,4,,0,221,
South 24 Parganas,222,S24P-222,33,Health Sub-Centre 33,376,365,1,742,49.19,72,9.7,345,98,10,595,P1,210,58.0,16.5,330,206,596,P1,False,B,3,,0,316,
South 24 Parganas,222,S24P-222,34,Temple Hall 34,424,387,0,811,47.72,114,14.1,286,208,5,635,P1,78,45.0,32.8,424,76,654,P1,False,D,4,,0,345,
South 24 Parganas,222,S24P-222,35,Primary School 35,287,273,1,561,48.66,66,11.8,231,87,9,438,P1,124,52.7,19.9,308,81,432,P1,False,D,4,,0,239,
South 24 Parganas,222,S24P-222,36,Market Building 36,317,301,1,619,48.63,67,10.8,358,105,6,514,P1,253,69.6,20.4,355,102,508,P1,False,D,4,,0,264,
South 24 Parganas,222,S24P-222,37,Health Sub-Centre 37,409,385,0,794,48.49,70,8.8,432,176,5,675,P1,256,64.0,26.1,420,188,676,P1,False,B,3,,0,338,
South 24 Parganas,222,S24P-222,38,Anganwadi Centre 38,401,366,0,767,47.72,98,12.8,385,169,12,658,P1,216,58.5,25.7,346,108,612,P1,False,D,4,,0,327,
South 24 Parganas,222,S24P-222,39,Primary School 39,332,339,1,672,50.45,77,11.5,372,155,5,586,P1,217,63.5,26.5,298,107,577,P1,False,D,4,,0,286,
South 24 Parganas,222,S24P-222,40,Club Building 40,289,266,0,555,47.93,47,8.5,244,141,3,444,P1,103,55.0,31.8,266,151,463,P1,False,B,3,,0,236,
South 24 Parganas,222,S24P-222,41,Govt Office 41,300,301,1,602,50.0,49,8.1,259,115,4,468,P1,144,55.3,24.6,281,94,474,P1,False,B,3,,0,256,
South 24 Parganas,222,S24P-222,42,Post Office 42,405,409,0,814,50.25,100,12.3,426,92,8,653,P1,307,65.2,14.1,460,180,711,P1,False,D,4,,0,347,
South 24 Parganas,222,S24P-222,43,Market Building 43,256,244,0,500,48.8,63,12.6,282,95,3,418,P1,187,67.5,22.7,251,110,402,P1,False,D,4,,0,213,
South 24 Parganas,222,S24P-222,44,Post Office 44,352,348,1,701,49.64,59,8.4,278,235,11,606,P1,43,45.9,38.8,330,123,563,P1,False,B,3,,0,299,
South 24 Parganas,222,S24P-222,45,Post Office 45,252,255,1,508,50.2,55,10.8,219,78,8,398,P1,130,55.0,19.6,254,133,430,P1,False,D,4,,0,216,
South 24 Parganas,222,S24P-222,46,Anganwadi Centre 46,423,382,0,805,47.45,82,10.2,354,176,6,648,P1,178,54.6,27.2,489,122,678,P1,False,D,4,,0,343,
South 24 Parganas,222,S24P-222,47,Anganwadi Centre 47,385,346,1,732,47.27,77,10.5,364,198,9,644,P1,166,56.5,30.7,416,163,643,P1,False,D,4,,0,312,
South 24 Parganas,222,S24P-222,48,High School 48,317,285,1,603,47.26,63,10.4,346,87,3,481,P1,259,71.9,18.1,326,100,504,P1,False,D,4,,0,257,
South 24 Parganas,222,S24P-222,49,Panchayat Bhavan 49,403,404,1,808,50.0,103,12.7,366,203,7,632,P1,163,57.9,32.1,465,165,699,P1,False,D,4,,0,344,
South 24 Parganas,222,S24P-222,50,Health Sub-Centre 50,243,250,1,494,50.61,48,9.7,244,111,6,420,P1,133,58.1,26.4,235,110,383,P1,False,B,3,,0,210,
South 24 Parganas,222,S24P-222,51,Anganwadi Centre 51,275,282,1,558,50.54,63,11.3,305,91,8,478,P1,214,63.8,19.0,288,146,493,P1,False,D,4,,0,238,
South 24 Parganas,222,S24P-222,52,Panchayat Bhavan 52,385,392,0,777,50.45,98,12.6,448,133,7,652,P1,315,68.7,20.4,402,134,674,P1,False,D,4,,0,331,
South 24 Parganas,222,S24P-222,53,Club Building 53,424,391,1,816,47.92,74,9.1,421,224,3,717,P1,197,58.7,31.2,394,123,644,P1,False,B,3,,0,347,
South 24 Parganas,222,S24P-222,54,Market Building 54,301,280,1,582,48.11,80,13.7,314,69,11,507,P1,207,61.9,13.6,259,160,468,P1,False,D,4,,0,248,
South 24 Parganas,222,S24P-222,55,Panchayat Bhavan 55,267,248,0,515,48.16,52,10.1,249,63,10,412,P1,163,60.4,15.3,225,84,395,P1,False,D,4,,0,219,
South 24 Parganas,222,S24P-222,56,Anganwadi Centre 56,326,299,0,625,47.84,69,11.0,253,155,12,519,P1,98,48.7,29.9,340,113,503,P1,False,D,4,,0,266,
South 24 Parganas,222,S24P-222,57,Temple Hall 57,370,369,0,739,49.93,94,12.7,351,104,9,603,P1,219,58.2,17.2,260,207,620,P1,False,D,4,,0,315,
South 24 Parganas,222,S24P-222,58,Health Sub-Centre 58,374,359,1,734,48.91,105,14.3,309,149,16,600,P1,160,51.5,24.8,362,209,634,P1,False,D,4,,0,313,
South 24 Parganas,222,S24P-222,59,Anganwadi Centre 59,329,338,0,667,50.67,83,12.4,283,164,4,531,P1,119,53.3,30.9,309,165,565,P1,False,D,4,,0,284,
South 24 Parganas,222,S24P-222,60,Health Sub-Centre 60,285,264,0,549,48.09,43,7.8,277,128,2,463,P1,149,59.8,27.6,241,147,431,P1,False,B,3,,0,234,
South 24 Parganas,222,S24P-222,61,Panchayat Bhavan 61,279,262,0,541,48.43,69,12.8,269,96,4,421,P1,173,63.9,22.8,266,118,427,P1,False,D,4,,0,230,
South 24 Parganas,222,S24P-222,62,Health Sub-Centre 62,386,371,1,758,48.94,69,9.1,443,101,2,604,P1,342,73.3,16.7,415,123,597,P1,False,A,1,,0,323,
South 24 Parganas,222,S24P-222,63,Community Hall 63,384,382,0,766,49.87,62,8.1,399,145,13,658,P1,254,60.6,22.0,392,155,671,P1,False,B,3,,0,326,
South 24 Parganas,222,S24P-222,64,High School 64,259,266,0,525,50.67,75,14.3,295,100,3,439,P1,195,67.2,22.8,248,75,423,P1,False,D,4,,0,224,
South 24 Parganas,222,S24P-222,65,Club Building 65,320,326,0,646,50.46,59,9.1,300,159,10,561,P1,141,53.5,28.3,365,147,568,P1,False,B,3,,0,275,
South 24 Parganas,222,S24P-222,66,Govt Office 66,292,294,1,587,50.09,48,8.2,325,124,3,499,P1,201,65.1,24.8,291,122,464,P1,False,A,1,,0,250,
South 24 Parganas,222,S24P-222,67,Madrasa 67,346,328,1,675,48.59,82,12.1,316,106,8,539,P1,210,58.6,19.7,353,122,527,P1,False,D,4,,0,287,
South 24 Parganas,222,S24P-222,68,Community Hall 68,355,360,1,716,50.28,71,9.9,359,140,5,554,P1,219,64.8,25.3,311,132,577,P1,False,B,3,,0,305,
South 24 Parganas,222,S24P-222,69,Primary School 69,410,385,1,796,48.37,97,12.2,379,151,12,654,P1,228,58.0,23.1,356,209,650,P1,False,D,4,,0,339,
South 24 Parganas,222,S24P-222,70,Govt Office 70,264,258,1,523,49.33,52,9.9,275,124,7,460,P1,151,59.8,27.0,273,129,459,P1,False,B,3,,0,223,
South 24 Parganas,222,S24P-222,71,Anganwadi Centre 71,339,324,0,663,48.87,60,9.0,254,148,11,517,P1,106,49.1,28.6,320,181,557,P1,False,B,3,,0,282,
South 24 Parganas,222,S24P-222,72,Community Hall 72,397,410,1,808,50.74,102,12.6,437,195,8,706,P1,242,61.9,27.6,426,156,685,P1,False,D,4,,0,344,
South 24 Parganas,222,S24P-222,73,Madrasa 73,417,400,1,818,48.9,97,11.9,406,202,8,676,P1,204,60.1,29.9,483,164,719,P1,False,D,4,,0,348,
South 24 Parganas,222,S24P-222,74,Post Office 74,377,340,0,717,47.42,74,10.3,360,158,5,577,P1,202,62.4,27.4,344,169,598,P1,False,D,4,,0,305,
South 24 Parganas,222,S24P-222,75,Post Office 75,252,234,0,486,48.15,42,8.6,194,116,9,411,P1,78,47.2,28.2,222,113,389,P1,False,B,3,,0,207,
South 24 Parganas,222,S24P-222,76,Club Building 76,347,329,1,677,48.6,96,14.2,331,176,3,563,P1,155,58.8,31.3,317,158,570,P1,False,D,4,,0,288,
South 24 Parganas,222,S24P-222,77,Anganwadi Centre 77,319,290,0,609,47.62,80,13.1,289,137,2,481,P1,152,60.1,28.5,285,181,523,P1,False,D,4,,0,259,
South 24 Parganas,222,S24P-222,78,Community Hall 78,380,366,1,747,49.0,92,12.3,409,121,6,589,P1,288,69.4,20.5,383,166,630,P1,False,D,4,,0,318,
South 24 Parganas,222,S24P-222,79,Govt Office 79,306,306,1,613,49.92,49,8.0,336,116,5,502,P1,220,66.9,23.1,330,73,486,P1,False,A,1,,0,261,
South 24 Parganas,222,S24P-222,80,High School 80,275,280,1,556,50.36,68,12.2,292,88,8,453,P1,204,64.5,19.4,220,101,429,P1,False,D,4,,0,237,
South 24 Parganas,222,S24P-222,81,Govt Office 81,252,242,1,495,48.89,44,8.9,338,42,3,422,P1,296,80.1,10.0,308,74,425,P1,False,A,1,,0,211,
South 24 Parganas,222,S24P-222,82,Anganwadi Centre 82,324,314,0,638,49.22,62,9.7,298,148,4,507,P1,150,58.8,29.2,259,129,527,P1,False,B,3,,0,272,
South 24 Parganas,222,S24P-222,83,Health Sub-Centre 83,306,282,1,589,47.88,80,13.6,272,156,3,476,P1,116,57.1,32.8,255,67,455,P1,False,D,4,,0,251,
South 24 Parganas,222,S24P-222,84,Temple Hall 84,353,362,1,716,50.56,66,9.2,291,155,7,573,P1,136,50.8,27.1,332,198,589,P1,False,B,3,,0,305,
South 24 Parganas,222,S24P-222,85,Temple Hall 85,257,253,0,510,49.61,52,10.2,255,96,4,400,P1,159,63.7,24.0,230,125,401,P1,False,D,4,,0,217,
South 24 Parganas,222,S24P-222,86,Market Building 86,327,327,1,655,49.92,54,8.2,363,111,4,562,P1,252,64.6,19.8,309,139,515,P1,False,B,3,,0,279,
South 24 Parganas,222,S24P-222,87,Panchayat Bhavan 87,401,377,1,779,48.4,88,11.3,408,142,5,640,P1,266,63.7,22.2,326,234,666,P1,False,D,4,,0,332,
South 24 Parganas,222,S24P-222,88,Madrasa 88,285,267,0,552,48.37,55,10.0,295,107,4,446,P1,188,66.1,24.0,305,104,455,P1,False,A,1,,0,235,
South 24 Parganas,222,S24P-222,89,Health Sub-Centre 89,263,244,1,508,48.03,42,8.3,233,137,4,411,P1,96,56.7,33.3,236,79,414,P1,False,B,3,,0,216,
South 24 Parganas,222,S24P-222,90,Community Hall 90,363,328,0,691,47.47,92,13.3,276,166,10,544,P1,110,50.7,30.5,335,180,584,P1,False,D,4,,0,294,
South 24 Parganas,222,S24P-222,91,Post Office 91,398,387,0,785,49.3,104,13.2,324,169,19,656,P1,155,49.4,25.8,373,169,602,P1,False,D,4,,0,334,
South 24 Parganas,222,S24P-222,92,Health Sub-Centre 92,322,318,0,640,49.69,54,8.4,336,122,4,508,P1,214,66.1,24.0,280,183,546,P1,False,A,1,,0,273,
South 24 Parganas,222,S24P-222,93,Market Building 93,381,345,1,727,47.46,70,9.6,282,165,12,596,P1,117,47.3,27.7,372,143,601,P1,False,B,3,,0,310,
South 24 Parganas,222,S24P-222,94,Community Hall 94,266,246,1,513,47.95,68,13.3,304,52,3,396,P1,252,76.8,13.1,228,119,410,P1,False,D,4,,0,218,
South 24 Parganas,222,S24P-222,95,Govt Office 95,312,284,1,597,47.57,64,10.7,255,112,10,473,P1,143,53.9,23.7,312,161,526,P1,False,D,4,,0,254,
South 24 Parganas,222,S24P-222,96,Market Building 96,418,377,0,795,47.42,95,11.9,473,123,4,691,P1,350,68.5,17.8,397,182,644,P1,False,D,4,,0,339,
South 24 Parganas,222,S24P-222,97,Madrasa 97,336,306,0,642,47.66,61,9.5,402,96,5,553,P1,306,72.7,17.4,290,153,497,P1,False,A,1,,0,273,
South 24 Parganas,222,S24P-222,98,Temple Hall 98,285,267,1,553,48.28,79,14.3,203,81,8,442,P1,57,45.9,18.3,282,89,440,P1,False,D,4,,0,235,
South 24 Parganas,222,S24P-222,99,Club Building 99,286,295,0,581,50.77,77,13.3,271,129,5,445,P1,142,60.9,29.0,320,131,501,P1,False,D,4,,0,247,
South 24 Parganas,222,S24P-222,100,Community Hall 100,329,311,1,641,48.52,59,9.2,192,147,10,491,P1,45,39.1,29.9,272,82,494,P1,False,B,3,,0,273,
South 24 Parganas,222,S24P-222,101,Primary School 101,424,389,1,814,47.79,86,10.6,404,212,6,684,P1,192,59.1,31.0,342,168,642,P1,False,D,4,,0,347,
South 24 Parganas,222,S24P-222,102,Anganwadi Centre 102,418,378,0,796,47.49,66,8.3,420,149,2,632,P1,271,66.5,23.6,434,147,674,P1,False,A,1,,0,339,
South 24 Parganas,222,S24P-222,103,Post Office 103,324,331,1,656,50.46,81,12.3,368,130,6,565,P1,238,65.1,23.0,310,127,503,P1,False,D,4,,0,279,
South 24 Parganas,222,S24P-222,104,Market Building 104,305,276,0,581,47.5,60,10.3,238,151,5,458,P1,87,52.0,33.0,294,127,512,P1,False,D,4,,0,247,
South 24 Parganas,222,S24P-222,105,Anganwadi Centre 105,296,280,1,577,48.53,70,12.1,318,95,4,504,P1,223,63.1,18.8,302,121,470,P1,False,D,4,,0,246,
South 24 Parganas,222,S24P-222,106,Club Building 106,333,336,0,669,50.22,95,14.2,390,126,2,577,P1,264,67.6,21.8,373,94,569,P1,False,D,4,,0,285,
South 24 Parganas,222,S24P-222,107,Primary School 107,337,341,0,678,50.29,54,8.0,411,84,2,550,P1,327,74.7,15.3,342,150,579,P1,False,A,1,,0,289,
South 24 Parganas,222,S24P-222,108,Club Building 108,265,247,0,512,48.24,62,12.1,256,102,5,398,P1,154,64.3,25.6,218,109,447,P1,False,D,4,,0,218,
South 24 Parganas,222,S24P-222,109,Community Hall 109,412,406,1,819,49.57,87,10.6,390,244,6,704,P1,146,55.4,34.7,315,207,643,P1,False,D,4,,0,349,
South 24 Parganas,222,S24P-222,110,Primary School 110,332,311,1,644,48.29,76,11.8,295,156,3,532,P1,139,55.5,29.3,309,113,566,P1,False,D,4,,0,274,
South 24 Parganas,222,S24P-222,111,Club Building 111,359,354,0,713,49.65,71,10.0,352,122,8,582,P1,230,60.5,21.0,361,128,563,P1,False,B,3,,0,304,
South 24 Parganas,222,S24P-222,112,Post Office 112,245,240,1,486,49.38,38,7.8,272,102,4,416,P1,170,65.4,24.5,325,44,410,P1,False,A,1,,0,207,
South 24 Parganas,222,S24P-222,113,Anganwadi Centre 113,388,353,1,742,47.57,68,9.2,312,166,8,621,P1,146,50.2,26.7,325,176,610,P1,False,B,3,,0,316,
South 24 Parganas,222,S24P-222,114,Community Hall 114,295,287,0,582,49.31,79,13.6,325,96,3,467,P1,229,69.6,20.6,287,110,485,P1,False,D,4,,0,248,
South 24 Parganas,222,S24P-222,115,Health Sub-Centre 115,369,356,0,725,49.1,86,11.9,276,154,9,559,P1,122,49.4,27.5,352,216,631,P1,False,D,4,,0,309,
South 24 Parganas,222,S24P-222,116,Madrasa 116,253,255,0,508,50.2,59,11.6,307,94,2,446,P1,213,68.8,21.1,232,119,430,P1,False,D,4,,0,216,
South 24 Parganas,222,S24P-222,117,Community Hall 117,332,332,1,665,49.92,70,10.5,327,166,2,549,P1,161,59.6,30.2,314,118,560,P1,False,D,4,,0,283,
South 24 Parganas,222,S24P-222,118,Anganwadi Centre 118,272,276,0,548,50.36,72,13.1,242,124,12,473,P1,118,51.2,26.2,295,110,450,P1,False,D,4,,0,233,
South 24 Parganas,222,S24P-222,119,Anganwadi Centre 119,387,394,0,781,50.45,79,10.1,366,188,10,653,P1,178,56.0,28.8,292,217,679,P1,False,D,4,,0,333,
South 24 Parganas,222,S24P-222,120,Panchayat Bhavan 120,313,304,1,618,49.19,85,13.8,345,92,4,486,P1,253,71.0,18.9,299,150,543,P1,False,D,4,,0,263,
South 24 Parganas,222,S24P-222,121,Health Sub-Centre 121,378,377,0,755,49.93,66,8.7,383,171,12,655,P1,212,58.5,26.1,385,195,654,P1,False,B,3,,0,322,
South 24 Parganas,222,S24P-222,122,Market Building 122,254,232,0,486,47.74,42,8.6,249,85,8,429,P1,164,58.0,19.8,246,105,390,P1,False,B,3,,0,207,
South 24 Parganas,222,S24P-222,123,Govt Office 123,261,257,0,518,49.61,59,11.4,318,83,5,446,P1,235,71.3,18.6,238,101,443,P1,False,D,4,,0,221,
South 24 Parganas,222,S24P-222,124,Health Sub-Centre 124,405,396,0,801,49.44,72,9.0,427,132,3,621,P1,295,68.8,21.3,436,137,695,P1,False,A,1,,0,341,
South 24 Parganas,222,S24P-222,125,Govt Office 125,414,382,0,796,47.99,82,10.3,390,115,16,658,P1,260,59.3,17.5,341,231,658,P1,False,D,4,,0,339,
South 24 Parganas,222,S24P-222,126,Panchayat Bhavan 126,269,241,0,510,47.25,40,7.8,295,107,2,447,P1,188,66.0,23.9,247,109,396,P1,False,A,1,,0,217,
South 24 Parganas,222,S24P-222,127,Madrasa 127,404,392,1,797,49.18,94,11.8,399,196,8,693,P1,203,57.6,28.3,466,94,623,P1,False,D,4,,0,339,
South 24 Parganas,222,S24P-222,128,Temple Hall 128,290,287,0,577,49.74,80,13.9,277,151,4,476,P1,126,58.2,31.7,273,160,481,P1,False,D,4,,0,246,
South 24 Parganas,222,S24P-222,129,Market Building 129,385,380,1,766,49.61,105,13.7,393,179,4,635,P1,214,61.9,28.2,335,147,675,P1,False,D,4,,0,326,
South 24 Parganas,222,S24P-222,130,High School 130,299,297,0,596,49.83,83,13.9,295,138,6,496,P1,157,59.5,27.8,295,120,476,P1,False,D,4,,0,254,
South 24 Parganas,222,S24P-222,131,Market Building 131,289,270,0,559,48.3,65,11.6,246,167,3,458,P1,79,53.7,36.5,273,130,448,P1,False,D,4,,0,238,
South 24 Parganas,222,S24P-222,132,Panchayat Bhavan 132,316,307,0,623,49.28,74,11.9,337,145,2,536,P1,192,62.9,27.1,420,69,543,P1,False,D,4,,0,265,
South 24 Parganas,222,S24P-222,133,Community Hall 133,278,258,1,537,48.04,49,9.1,242,82,5,445,P1,130,54.4,18.4,289,129,464,P1,False,B,3,,0,229,
South 24 Parganas,222,S24P-222,134,Health Sub-Centre 134,289,298,0,587,50.77,47,8.0,319,86,3,450,P1,233,70.9,19.1,277,77,508,P1,False,A,1,,0,250,
South 24 Parganas,222,S24P-222,135,Market Building 135,302,296,0,598,49.5,49,8.2,300,133,4,481,P1,167,62.4,27.7,336,121,508,P1,False,B,3,,0,255,
South 24 Parganas,222,S24P-222,136,Madrasa 136,312,305,1,618,49.35,62,10.0,268,87,14,523,P1,120,51.2,16.6,299,76,487,P1,False,B,3,,0,263,
South 24 Parganas,222,S24P-222,137,High School 137,352,353,1,706,50.0,55,7.8,320,210,5,589,P1,110,54.3,35.7,350,200,611,P1,False,B,3,,0,301,
South 24 Parganas,222,S24P-222,138,High School 138,381,381,1,763,49.93,95,12.5,379,208,7,671,P1,171,56.5,31.0,376,135,669,P1,False,D,4,,0,325,
South 24 Parganas,222,S24P-222,139,Anganwadi Centre 139,303,291,1,595,48.91,49,8.2,258,155,4,473,P1,103,54.5,32.8,360,103,515,P1,False,B,3,,0,253,
South 24 Parganas,222,S24P-222,140,Temple Hall 140,412,378,0,790,47.85,99,12.5,375,170,2,606,P1,205,61.9,28.1,422,114,626,P1,False,D,4,,0,336,
South 24 Parganas,222,S24P-222,141,Panchayat Bhavan 141,371,350,1,722,48.48,60,8.3,334,180,5,624,P1,154,53.5,28.8,426,99,583,P1,False,B,3,,0,307,
South 24 Parganas,222,S24P-222,142,Post Office 142,295,292,0,587,49.74,46,7.8,217,130,5,482,P1,87,45.0,27.0,310,157,518,P1,False,B,3,,0,250,
South 24 Parganas,222,S24P-222,143,Govt Office 143,306,280,1,587,47.7,79,13.5,293,146,6,518,P1,147,56.6,28.2,240,117,505,P1,False,D,4,,0,250,
South 24 Parganas,222,S24P-222,144,Temple Hall 144,399,387,1,787,49.17,97,12.3,380,166,5,607,P1,214,62.6,27.3,452,124,640,P1,False,D,4,,0,335,
South 24 Parganas,222,S24P-222,145,Anganwadi Centre 145,399,390,1,790,49.37,88,11.1,434,183,8,685,P1,251,63.4,26.7,414,143,619,P1,False,D,4,,0,336,
South 24 Parganas,222,S24P-222,146,Temple Hall 146,375,382,0,757,50.46,91,12.0,378,200,5,662,P1,178,57.1,30.2,298,142,641,P1,False,D,4,,0,322,
South 24 Parganas,222,S24P-222,147,Govt Office 147,390,366,1,757,48.35,91,12.0,391,124,8,625,P1,267,62.6,19.8,385,138,648,P1,False,D,4,,0,322,
South 24 Parganas,222,S24P-222,148,Temple Hall 148,358,341,0,699,48.78,81,11.6,313,85,19,573,P1,163,54.6,14.8,248,137,560,P1,False,D,4,,0,298,
South 24 Parganas,222,S24P-222,149,Post Office 149,312,313,1,626,50.0,81,12.9,327,128,7,527,P1,199,62.0,24.3,356,80,485,P1,False,D,4,,0,267,
South 24 Parganas,222,S24P-222,150,Govt Office 150,389,349,0,738,47.29,87,11.8,361,160,4,588,P1,201,61.4,27.2,313,129,621,P1,False,D,4,,0,314,
South 24 Parganas,222,S24P-222,151,Anganwadi Centre 151,421,382,1,804,47.51,104,12.9,364,85,16,624,P1,212,58.3,13.6,352,144,618,P1,False,D,4,,0,342,
South 24 Parganas,222,S24P-222,152,High School 152,276,262,1,539,48.61,65,12.1,353,75,3,475,P1,278,74.3,15.8,272,132,449,P1,False,D,4,,0,230,
South 24 Parganas,222,S24P-222,153,Health Sub-Centre 153,251,242,1,494,48.99,62,12.6,217,109,8,404,P1,108,53.7,27.0,217,116,381,P1,False,D,4,,0,210,
South 24 Parganas,222,S24P-222,154,Temple Hall 154,370,370,0,740,50.0,83,11.2,369,135,11,605,P1,234,61.0,22.3,422,167,654,P1,False,D,4,,0,315,
South 24 Parganas,222,S24P-222,155,Panchayat Bhavan 155,423,391,1,815,47.98,105,12.9,426,135,3,642,P1,291,66.4,21.0,444,188,702,P1,False,D,4,,0,347,
South 24 Parganas,222,S24P-222,156,Temple Hall 156,377,382,0,759,50.33,97,12.8,254,142,15,610,P1,62,41.6,23.3,419,134,614,P1,False,D,4,,0,323,
South 24 Parganas,222,S24P-222,157,Govt Office 157,418,382,0,800,47.75,64,8.0,345,112,15,683,P1,141,50.5,16.4,410,169,644,P1,False,B,3,,0,341,
South 24 Parganas,222,S24P-222,158,Health Sub-Centre 158,253,227,1,481,47.19,58,12.1,226,153,3,421,P1,73,53.7,36.3,243,89,401,P1,False,D,4,,0,205,
South 24 Parganas,222,S24P-222,159,Market Building 159,376,349,0,725,48.14,61,8.4,384,124,5,565,P1,260,68.0,21.9,391,159,612,P1,False,A,1,,0,309,
South 24 Parganas,222,S24P-222,160,Health Sub-Centre 160,294,284,1,579,49.05,63,10.9,279,162,7,507,P1,117,55.0,32.0,304,155,510,P1,False,D,4,,0,247,
South 24 Parganas,222,S24P-222,161,Post Office 161,282,285,0,567,50.26,56,9.9,261,88,9,442,P1,173,59.0,19.9,348,48,439,P1,False,B,3,,0,241,
South 24 Parganas,222,S24P-222,162,Community Hall 162,300,306,1,607,50.41,67,11.0,276,110,14,512,P1,166,53.9,21.5,299,177,528,P1,False,D,4,,0,258,
South 24 Parganas,223,S24P-223,1,Anganwadi Centre 1,276,251,0,527,47.63,45,8.5,261,138,5,443,P1,123,58.9,31.2,265,101,407,P1,False,B,3,,0,224,
South 24 Parganas,223,S24P-223,2,Club Building 2,381,362,1,744,48.66,102,13.7,395,175,7,634,P1,220,62.3,27.6,337,183,606,P1,False,D,4,,0,317,
South 24 Parganas,223,S24P-223,3,Community Hall 3,344,313,1,658,47.57,51,7.8,307,150,5,508,P1,157,60.4,29.5,351,143,549,P1,False,B,3,,0,280,
South 24 Parganas,223,S24P-223,4,Govt Office 4,390,366,1,757,48.35,71,9.4,368,172,6,600,P1,196,61.3,28.7,428,152,665,P1,False,B,3,,0,322,
South 24 Parganas,223,S24P-223,5,Govt Office 5,289,261,1,551,47.37,47,8.5,259,138,4,441,P1,121,58.7,31.3,251,122,453,P1,False,B,3,,0,235,
South 24 Parganas,223,S24P-223,6,Post Office 6,254,237,1,492,48.17,45,9.1,167,72,10,378,P1,42,44.2,19.0,195,79,400,P1,False,B,3,,0,210,
South 24 Parganas,223,S24P-223,7,Post Office 7,283,268,0,551,48.64,64,11.6,273,123,3,440,P1,150,62.0,28.0,264,70,442,P1,False,D,4,,0,235,
South 24 Parganas,223,S24P-223,8,Health Sub-Centre 8,382,362,0,744,48.66,102,13.7,382,178,4,623,P1,204,61.3,28.6,429,125,616,P1,False,D,4,,0,317,
South 24 Parganas,223,S24P-223,9,Madrasa 9,418,391,0,809,48.33,88,10.9,312,210,8,642,P1,102,48.6,32.7,430,144,638,P1,False,D,4,,0,345,
South 24 Parganas,223,S24P-223,10,Madrasa 10,363,346,0,709,48.8,55,7.8,360,130,9,589,P1,230,61.1,22.1,404,101,561,P1,False,B,3,,0,302,
South 24 Parganas,223,S24P-223,11,Health Sub-Centre 11,374,350,1,725,48.28,75,10.3,409,161,3,634,P1,248,64.5,25.4,331,121,561,P1,False,D,4,,0,309,
South 24 Parganas,223,S24P-223,12,Community Hall 12,409,402,1,812,49.51,81,10.0,365,191,12,660,P1,174,55.3,28.9,430,164,660,P1,False,B,3,,0,346,
South 24 Parganas,223,S24P-223,13,Community Hall 13,282,257,1,540,47.59,74,13.7,248,125,5,436,P1,123,56.9,28.7,294,119,459,P1,False,D,4,,0,230,
South 24 Parganas,223,S24P-223,14,Primary School 14,254,252,1,507,49.7,53,10.5,253,92,8,430,P1,161,58.8,21.4,250,113,404,P1,False,D,4,,0,216,
South 24 Parganas,223,S24P-223,15,Club Building 15,266,272,0,538,50.56,60,11.2,216,92,10,421,P1,118,51.3,21.9,225,84,469,P1,False,D,4,,0,229,
South 24 Parganas,223,S24P-223,16,Market Building 16,308,289,0,597,48.41,71,11.9,345,117,6,514,P1,228,67.1,22.8,280,118,503,P1,False,D,4,,0,254,
South 24 Parganas,223,S24P-223,17,Govt Office 17,283,288,1,572,50.35,48,8.4,307,122,3,493,P1,185,62.3,24.7,360,94,505,P1,False,B,3,,0,244,
South 24 Parganas,223,S24P-223,18,Panchayat Bhavan 18,332,331,0,663,49.92,56,8.4,346,120,7,574,P1,226,60.3,20.9,352,115,581,P1,False,B,3,,0,282,
South 24 Parganas,223,S24P-223,19,Club Building 19,390,373,1,764,48.82,72,9.4,422,117,2,598,P1,305,70.6,19.6,369,202,634,P1,False,A,1,,0,325,
South 24 Parganas,223,S24P-223,20,Post Office 20,351,328,1,680,48.24,78,11.5,386,147,5,592,P1,239,65.2,24.8,304,178,596,P1,False,D,4,,0,290,
South 24 Parganas,223,S24P-223,21,Madrasa 21,312,293,1,606,48.35,82,13.5,360,96,6,506,P1,264,71.1,19.0,285,164,506,P1,False,D,4,,0,258,
South 24 Parganas,223,S24P-223,22,High School 22,300,301,0,601,50.08,74,12.3,278,123,3,466,P1,155,59.7,26.4,300,102,506,P1,False,D,4,,0,256,
South 24 Parganas,223,S24P-223,23,Panchayat Bhavan 23,406,367,1,774,47.42,106,13.7,409,192,5,668,P1,217,61.2,28.7,417,147,678,P1,False,D,4,,0,330,
South 24 Parganas,223,S24P-223,24,Post Office 24,296,301,1,598,50.33,75,12.5,277,138,8,483,P1,139,57.3,28.6,233,146,460,P1,False,D,4,,0,255,
South 24 Parganas,223,S24P-223,25,Post Office 25,402,374,1,777,48.13,62,8.0,409,166,4,639,P1,243,64.0,26.0,408,166,678,P1,False,B,3,,0,331,
South 24 Parganas,223,S24P-223,26,Club Building 26,403,401,1,805,49.81,114,14.2,436,176,6,680,P1,260,64.1,25.9,429,116,686,P1,False,D,4,,0,343,
South 24 Parganas,223,S24P-223,27,Club Building 27,395,365,1,761,47.96,78,10.2,371,150,11,626,P1,221,59.3,24.0,416,119,595,P1,False,D,4,,0,324,
South 24 Parganas,223,S24P-223,28,High School 28,385,359,1,745,48.19,102,13.7,366,159,13,648,P1,207,56.5,24.5,397,180,641,P1,False,D,4,,0,317,
South 24 Parganas,223,S24P-223,29,Govt Office 29,409,374,0,783,47.77,100,12.8,386,168,14,678,P1,218,56.9,24.8,385,200,658,P1,False,D,4,,0,333,
South 24 Parganas,223,S24P-223,30,Community Hall 30,254,258,1,513,50.29,71,13.8,198,118,7,439,P1,80,45.1,26.9,327,45,451,P1,False,D,4,,0,218,
South 24 Parganas,223,S24P-223,31,Govt Office 31,393,359,1,753,47.68,63,8.4,347,173,8,660,P1,174,52.6,26.2,358,167,583,P1,False,B,3,,0,321,
South 24 Parganas,223,S24P-223,32,Madrasa 32,369,376,0,745,50.47,91,12.2,342,183,7,589,P1,159,58.1,31.1,481,104,651,P1,False,D,4,,0,317,
South 24 Parganas,223,S24P-223,33,High School 33,397,361,0,758,47.63,95,12.5,449,76,6,584,P1,373,76.9,13.0,336,189,583,P1,False,D,4,,0,323,
South 24 Parganas,223,S24P-223,34,Panchayat Bhavan 34,380,362,0,742,48.79,69,9.3,426,154,7,644,P1,272,66.1,23.9,325,189,600,P1,False,A,1,,0,316,
South 24 Parganas,223,S24P-223,35,High School 35,315,307,1,623,49.28,67,10.8,354,71,7,489,P1,283,72.4,14.5,328,141,528,P1,False,D,4,,0,265,
South 24 Parganas,223,S24P-223,36,Temple Hall 36,372,337,1,710,47.46,99,13.9,356,150,12,615,P1,206,57.9,24.4,362,164,584,P1,False,D,4,,0,302,
South 24 Parganas,223,S24P-223,37,Community Hall 37,317,294,1,612,48.04,55,9.0,278,122,11,496,P1,156,56.0,24.6,283,125,516,P1,False,B,3,,0,261,
South 24 Parganas,223,S24P-223,38,Temple Hall 38,295,267,1,563,47.42,46,8.2,298,100,9,472,P1,198,63.1,21.2,275,98,442,P1,False,B,3,,0,240,
South 24 Parganas,223,S24P-223,39,Post Office 39,333,336,1,670,50.15,53,7.9,333,134,5,541,P1,199,61.6,24.8,318,176,549,P1,False,B,3,,0,285,
South 24 Parganas,223,S24P-223,40,Market Building 40,381,388,1,770,50.39,60,7.8,315,141,5,609,P1,173,51.7,23.2,385,208,675,P1,False,B,3,,0,328,
South 24 Parganas,223,S24P-223,41,High School 41,429,385,0,814,47.3,70,8.6,302,178,5,644,P1,124,46.9,27.6,292,148,642,P1,False,B,3,,0,347,
South 24 Parganas,223,S24P-223,42,Govt Office 42,256,241,1,498,48.39,67,13.5,196,124,3,395,P1,72,49.6,31.4,217,107,397,P1,False,D,4,,0,212,
South 24 Parganas,223,S24P-223,43,Primary School 43,333,336,0,669,50.22,81,12.1,375,125,4,556,P1,250,67.4,22.5,238,178,522,P1,False,D,4,,0,285,
South 24 Parganas,223,S24P-223,44,Post Office 44,343,354,1,698,50.72,61,8.7,399,96,2,549,P1,303,72.7,17.5,397,138,595,P1,False,A,1,,0,297,
South 24 Parganas,223,S24P-223,45,Primary School 45,267,266,1,534,49.81,73,13.7,275,128,4,448,P1,147,61.4,28.6,230,121,436,P1,False,D,4,,0,227,
South 24 Parganas,223,S24P-223,46,High School 46,339,318,1,658,48.33,70,10.6,319,150,5,562,P1,169,56.8,26.7,338,139,560,P1,False,D,4,,0,280,
South 24 Parganas,223,S24P-223,47,Anganwadi Centre 47,252,258,1,511,50.49,66,12.9,236,129,6,417,P1,107,56.6,30.9,192,113,421,P1,False,D,4,,0,218,
South 24 Parganas,223,S24P-223,48,Market Building 48,258,238,1,497,47.89,69,13.9,235,142,4,419,P1,93,56.1,33.9,270,117,430,P1,False,D,4,,0,212,
South 24 Parganas,223,S24P-223,49,High School 49,299,272,1,572,47.55,74,12.9,258,145,6,462,P1,113,55.8,31.4,263,125,447,P1,False,D,4,,0,244,
South 24 Parganas,223,S24P-223,50,Health Sub-Centre 50,346,327,1,674,48.52,53,7.9,258,147,6,549,P1,111,47.0,26.8,301,204,569,P1,False,B,3,,0,287,
South 24 Parganas,223,S24P-223,51,Primary School 51,353,359,1,713,50.35,79,11.1,338,158,7,571,P1,180,59.2,27.7,355,194,611,P1,False,D,4,,0,304,
South 24 Parganas,223,S24P-223,52,Govt Office 52,313,302,1,616,49.03,64,10.4,301,131,4,488,P1,170,61.7,26.8,331,143,527,P1,False,D,4,,0,262,
South 24 Parganas,223,S24P-223,53,High School 53,351,327,0,678,48.23,77,11.4,334,112,4,541,P1,222,61.7,20.7,295,135,521,P1,False,D,4,,0,289,
South 24 Parganas,223,S24P-223,54,Temple Hall 54,329,302,1,632,47.78,78,12.3,249,116,6,499,P1,127,49.9,23.2,329,172,556,P1,False,D,4,,0,269,
South 24 Parganas,223,S24P-223,55,High School 55,392,389,1,782,49.74,64,8.2,469,140,4,676,P1,329,69.4,20.7,364,167,640,P1,False,A,1,,0,333,
South 24 Parganas,223,S24P-223,56,Primary School 56,425,388,0,813,47.72,106,13.0,398,174,5,681,P1,224,58.4,25.6,440,132,636,P1,False,D,4,,0,346,
South 24 Parganas,223,S24P-223,57,Panchayat Bhavan 57,306,309,1,616,50.16,88,14.3,223,214,6,485,P1,9,46.0,44.1,395,76,524,P1,False,D,4,,0,262,
South 24 Parganas,223,S24P-223,58,Club Building 58,312,296,0,608,48.68,69,11.3,286,110,6,492,P1,176,58.1,22.4,298,153,501,P1,False,D,4,,0,259,
South 24 Parganas,223,S24P-223,59,Market Building 59,360,343,1,704,48.72,56,8.0,357,192,3,610,P1,165,58.5,31.5,327,169,583,P1,False,B,3,,0,300,
South 24 Parganas,223,S24P-223,60,Community Hall 60,326,333,0,659,50.53,79,12.0,377,121,6,554,P1,256,68.1,21.8,339,128,518,P1,False,D,4,,0,281,
South 24 Parganas,223,S24P-223,61,Temple Hall 61,276,281,0,557,50.45,53,9.5,327,112,2,488,P1,215,67.0,23.0,280,146,473,P1,False,A,1,,0,237,
South 24 Parganas,223,S24P-223,62,Post Office 62,243,248,0,491,50.51,56,11.4,204,134,5,386,P1,70,52.8,34.7,214,91,386,P1,False,D,4,,0,209,
South 24 Parganas,223,S24P-223,63,Market Building 63,278,260,1,539,48.24,58,10.8,246,136,6,467,P1,110,52.7,29.1,226,146,458,P1,False,D,4,,0,230,
South 24 Parganas,223,S24P-223,64,Health Sub-Centre 64,321,331,1,653,50.69,78,11.9,305,179,8,566,P1,126,53.9,31.6,253,144,506,P1,False,D,4,,0,278,
South 24 Parganas,223,S24P-223,65,Primary School 65,387,352,0,739,47.63,89,12.0,360,131,3,577,P1,229,62.4,22.7,325,143,595,P1,False,D,4,,0,315,
South 24 Parganas,223,S24P-223,66,Community Hall 66,303,290,0,593,48.9,58,9.8,323,78,4,477,P1,245,67.7,16.4,256,105,470,P1,False,A,1,,0,253,
South 24 Parganas,223,S24P-223,67,Panchayat Bhavan 67,306,309,1,616,50.16,49,8.0,342,111,5,504,P1,231,67.9,22.0,251,171,478,P1,False,A,1,,0,262,
South 24 Parganas,223,S24P-223,68,Primary School 68,393,353,1,747,47.26,85,11.4,400,168,7,631,P1,232,63.4,26.6,404,125,587,P1,False,D,4,,0,318,
South 24 Parganas,223,S24P-223,69,Club Building 69,345,340,1,686,49.56,60,8.7,266,161,3,540,P1,105,49.3,29.8,398,126,583,P1,False,B,3,,0,292,
South 24 Parganas,223,S24P-223,70,Club Building 70,374,339,0,713,47.55,73,10.2,352,161,7,570,P1,191,61.8,28.2,342,128,548,P1,False,D,4,,0,304,
South 24 Parganas,223,S24P-223,71,Panchayat Bhavan 71,383,366,0,749,48.87,71,9.5,370,121,7,574,P1,249,64.5,21.1,327,166,584,P1,False,B,3,,0,319,
South 24 Parganas,223,S24P-223,72,Market Building 72,356,318,0,674,47.18,75,11.1,324,173,7,593,P1,151,54.6,29.2,329,76,549,P1,False,D,4,,0,287,
South 24 Parganas,223,S24P-223,73,Club Building 73,271,265,1,537,49.35,45,8.4,251,120,3,456,P1,131,55.0,26.3,252,163,471,P1,False,B,3,,0,229,
South 24 Parganas,223,S24P-223,74,Primary School 74,356,358,0,714,50.14,71,9.9,319,185,12,607,P1,134,52.6,30.5,381,181,624,P1,False,B,3,,0,304,
South 24 Parganas,223,S24P-223,75,Market Building 75,323,327,0,650,50.31,68,10.5,287,165,8,546,P1,122,52.6,30.2,443,65,565,P1,False,D,4,,0,277,
South 24 Parganas,223,S24P-223,76,Community Hall 76,273,270,0,543,49.72,42,7.7,215,119,10,423,P1,96,50.8,28.1,268,120,431,P1,False,B,3,,0,231,
South 24 Parganas,223,S24P-223,77,High School 77,322,316,1,639,49.45,74,11.6,362,117,4,532,P1,245,68.0,22.0,300,90,538,P1,False,D,4,,0,272,
South 24 Parganas,223,S24P-223,78,Govt Office 78,343,338,0,681,49.63,69,10.1,312,167,5,532,P1,145,58.6,31.4,316,140,554,P1,False,D,4,,0,290,
South 24 Parganas,223,S24P-223,79,Club Building 79,381,385,0,766,50.26,82,10.7,432,152,7,649,P1,280,66.6,23.4,327,232,637,P1,False,D,4,,0,326,
South 24 Parganas,223,S24P-223,80,Madrasa 80,338,329,0,667,49.33,71,10.6,340,104,7,578,P1,219,58.8,18.0,291,138,518,P1,False,D,4,,0,284,
South 24 Parganas,223,S24P-223,81,Temple Hall 81,312,319,0,631,50.55,60,9.5,303,165,4,521,P1,138,58.2,31.7,262,121,496,P1,False,B,3,,0,269,
South 24 Parganas,223,S24P-223,82,Madrasa 82,370,355,1,726,48.9,102,14.0,338,210,10,642,P1,128,52.6,32.7,367,102,637,P1,False,D,4,,0,309,
South 24 Parganas,223,S24P-223,83,Community Hall 83,348,312,1,661,47.2,71,10.7,337,134,5,526,P1,203,64.1,25.5,314,159,563,P1,False,D,4,,0,281,
South 24 Parganas,223,S24P-223,84,Club Building 84,286,264,0,550,48.0,67,12.2,274,130,3,457,P1,144,60.0,28.4,293,101,437,P1,False,D,4,,0,234,
South 24 Parganas,223,S24P-223,85,Community Hall 85,385,378,0,763,49.54,68,8.9,364,231,3,661,P1,133,55.1,34.9,391,157,609,P1,False,B,3,,0,325,
South 24 Parganas,223,S24P-223,86,Madrasa 86,364,375,1,740,50.68,81,10.9,400,138,3,598,P1,262,66.9,23.1,408,171,646,P1,False,D,4,,0,315,
South 24 Parganas,223,S24P-223,87,Community Hall 87,385,363,0,748,48.53,70,9.4,307,189,8,597,P1,118,51.4,31.7,287,275,650,P1,False,B,3,,0,319,
South 24 Parganas,223,S24P-223,88,Health Sub-Centre 88,267,252,1,520,48.46,68,13.1,236,71,3,398,P1,152,59.3,17.8,228,98,403,P1,False,D,4,,0,221,
South 24 Parganas,223,S24P-223,89,Community Hall 89,266,252,0,518,48.65,56,10.8,258,115,4,426,P1,143,60.6,27.0,251,118,420,P1,False,D,4,,0,221,
South 24 Parganas,223,S24P-223,90,Health Sub-Centre 90,276,266,1,543,48.99,46,8.5,258,116,4,416,P1,142,62.0,27.9,287,127,478,P1,False,B,3,,0,231,
South 24 Parganas,223,S24P-223,91,Primary School 91,307,295,0,602,49.0,79,13.1,315,142,4,525,P1,173,60.0,27.0,273,126,522,P1,False,D,4,,0,256,
South 24 Parganas,223,S24P-223,92,Primary School 92,359,326,1,686,47.52,72,10.5,381,142,3,582,P1,239,65.5,24.4,325,120,528,P1,False,D,4,,0,292,
South 24 Parganas,223,S24P-223,93,Temple Hall 93,318,325,0,643,50.54,76,11.8,286,141,8,514,P1,145,55.6,27.4,400,104,560,P1,False,D,4,,0,274,
South 24 Parganas,223,S24P-223,94,Govt Office 94,297,281,0,578,48.62,75,13.0,296,106,3,447,P1,190,66.2,23.7,330,69,495,P1,False,D,4,,0,246,
South 24 Parganas,223,S24P-223,95,Community Hall 95,402,406,0,808,50.25,77,9.5,446,132,8,642,P1,314,69.5,20.6,315,71,643,P1,False,A,1,,0,344,
South 24 Parganas,223,S24P-223,96,Anganwadi Centre 96,333,338,0,671,50.37,83,12.4,377,101,5,531,P1,276,71.0,19.0,360,111,534,P1,False,D,4,,0,286,
South 24 Parganas,223,S24P-223,97,Community Hall 97,351,331,1,683,48.46,79,11.6,329,159,6,542,P1,170,60.7,29.3,370,128,575,P1,False,D,4,,0,291,
South 24 Parganas,223,S24P-223,98,Club Building 98,292,262,1,555,47.21,63,11.4,255,137,5,435,P1,118,58.6,31.5,256,131,433,P1,False,D,4,,0,236,
South 24 Parganas,223,S24P-223,99,Temple Hall 99,361,373,1,735,50.75,57,7.8,346,173,5,595,P1,173,58.2,29.1,411,171,647,P1,False,B,3,,0,313,
South 24 Parganas,223,S24P-223,100,Madrasa 100,287,270,1,558,48.39,62,11.1,236,86,4,436,P1,131,54.1,19.7,317,107,472,P1,False,D,4,,0,238,
South 24 Parganas,223,S24P-223,101,Temple Hall 101,274,256,1,531,48.21,44,8.3,297,71,4,409,P1,226,72.6,17.4,225,117,462,P1,False,A,1,,0,226,
South 24 Parganas,223,S24P-223,102,Temple Hall 102,289,295,1,585,50.43,52,8.9,262,155,6,489,P1,107,53.6,31.7,343,66,455,P1,False,B,3,,0,249,
South 24 Parganas,223,S24P-223,103,Post Office 103,351,340,1,692,49.13,66,9.5,389,89,6,531,P1,300,73.3,16.8,345,202,608,P1,False,A,1,,0,295,
South 24 Parganas,223,S24P-223,104,Community Hall 104,395,392,0,787,49.81,93,11.8,445,116,4,624,P1,329,71.3,18.6,420,150,634,P1,False,D,4,,0,335,
South 24 Parganas,223,S24P-223,105,Club Building 105,391,371,1,763,48.62,67,8.8,384,202,10,674,P1,182,57.0,30.0,340,202,640,P1,False,B,3,,0,325,
South 24 Parganas,223,S24P-223,106,Primary School 106,281,285,0,566,50.35,45,8.0,343,86,6,483,P1,257,71.0,17.8,236,76,446,P1,False,A,1,,0,241,
South 24 Parganas,223,S24P-223,107,Madrasa 107,305,308,0,613,50.24,48,7.8,310,117,5,488,P1,193,63.5,24.0,278,96,508,P1,False,B,3,,0,261,
South 24 Parganas,223,S24P-223,108,Club Building 108,271,267,0,538,49.63,48,8.9,288,74,2,440,P1,214,65.5,16.8,280,93,415,P1,False,A,1,,0,229,
South 24 Parganas,223,S24P-223,109,Anganwadi Centre 109,422,388,1,811,47.84,83,10.2,436,181,7,686,P1,255,63.6,26.4,378,223,675,P1,False,D,4,,0,345,
South 24 Parganas,223,S24P-223,110,Primary School 110,343,327,0,670,48.81,62,9.3,394,99,2,548,P1,295,71.9,18.1,379,110,543,P1,False,A,1,,0,285,
South 24 Parganas,223,S24P-223,111,High School 111,290,276,0,566,48.76,63,11.1,284,108,3,443,P1,176,64.1,24.4,307,127,482,P1,False,D,4,,0,241,
South 24 Parganas,223,S24P-223,112,Panchayat Bhavan 112,314,292,1,607,48.11,55,9.1,321,110,5,479,P1,211,67.0,23.0,332,136,522,P1,False,A,1,,0,258,
South 24 Parganas,223,S24P-223,113,Govt Office 113,256,261,1,518,50.39,40,7.7,244,109,7,436,P1,135,56.0,25.0,305,99,449,P1,False,B,3,,0,221,
South 24 Parganas,223,S24P-223,114,Primary School 114,259,250,1,510,49.02,59,11.6,190,78,6,400,P1,69,47.5,19.5,271,129,451,P1,False,D,4,,0,217,
South 24 Parganas,223,S24P-223,115,Temple Hall 115,338,314,1,653,48.09,63,9.6,319,128,7,510,P1,191,62.5,25.1,357,147,560,P1,False,B,3,,0,278,
South 24 Parganas,223,S24P-223,116,Post Office 116,284,260,1,545,47.71,63,11.6,253,140,5,474,P1,113,53.4,29.5,199,134,459,P1,False,D,4,,0,232,
South 24 Parganas,223,S24P-223,117,Panchayat Bhavan 117,383,351,1,735,47.76,87,11.8,353,158,3,567,P1,195,62.3,27.9,358,150,606,P1,False,D,4,,0,313,
South 24 Parganas,223,S24P-223,118,Post Office 118,318,309,1,628,49.2,71,11.3,244,102,10,503,P1,102,48.5,20.3,365,113,531,P1,False,D,4,,0,267,
South 24 Parganas,223,S24P-223,119,Community Hall 119,333,339,0,672,50.45,65,9.7,366,142,7,565,P1,224,64.8,25.1,346,156,588,P1,False,B,3,,0,286,
South 24 Parganas,223,S24P-223,120,Temple Hall 120,406,397,1,804,49.38,64,8.0,427,178,3,672,P1,249,63.5,26.5,352,210,624,P1,False,B,3,,0,342,
South 24 Parganas,223,S24P-223,121,Community Hall 121,409,385,0,794,48.49,66,8.3,425,127,7,614,P1,298,69.2,20.7,374,246,695,P1,False,A,1,,0,338,
South 24 Parganas,223,S24P-223,122,Market Building 122,339,343,1,683,50.22,65,9.5,309,175,4,551,P1,134,56.1,31.8,360,150,586,P1,False,B,3,,0,291,
South 24 Parganas,223,S24P-223,123,Anganwadi Centre 123,396,366,0,762,48.03,75,9.8,368,216,4,649,P1,152,56.7,33.3,366,166,591,P1,False,B,3,,0,324,
South 24 Parganas,223,S24P-223,124,Temple Hall 124,365,344,1,710,48.45,87,12.3,372,155,6,586,P1,217,63.5,26.5,334,168,620,P1,False,D,4,,0,302,
South 24 Parganas,223,S24P-223,125,High School 125,394,352,0,746,47.18,104,13.9,352,186,6,598,P1,166,58.9,31.1,412,113,583,P1,False,D,4,,0,318,
South 24 Parganas,223,S24P-223,126,Health Sub-Centre 126,367,356,1,724,49.17,75,10.4,418,139,6,619,P1,279,67.5,22.5,378,93,628,P1,False,D,4,,0,308,
South 24 Parganas,223,S24P-223,127,Club Building 127,297,294,1,592,49.66,68,11.5,316,104,5,467,P1,212,67.7,22.3,239,127,497,P1,False,D,4,,0,252,
South 24 Parganas,223,S24P-223,128,Govt Office 128,294,287,1,582,49.31,72,12.4,273,136,6,469,P1,137,58.2,29.0,308,119,474,P1,False,D,4,,0,248,
South 24 Parganas,223,S24P-223,129,Temple Hall 129,386,393,0,779,50.45,81,10.4,418,166,5,687,P1,252,60.8,24.2,384,168,614,P1,False,D,4,,0,332,
South 24 Parganas,223,S24P-223,130,Market Building 130,291,301,1,593,50.76,58,9.8,294,114,4,454,P1,180,64.8,25.1,368,92,511,P1,False,B,3,,0,253,
South 24 Parganas,223,S24P-223,131,Madrasa 131,331,300,1,632,47.47,86,13.6,301,159,9,540,P1,142,55.7,29.4,250,112,524,P1,False,D,4,,0,269,
South 24 Parganas,223,S24P-223,132,Madrasa 132,359,322,0,681,47.28,76,11.2,320,149,11,575,P1,171,55.7,25.9,320,121,544,P1,False,D,4,,0,290,
South 24 Parganas,223,S24P-223,133,Panchayat Bhavan 133,286,256,0,542,47.23,54,10.0,261,99,6,421,P1,162,62.0,23.5,230,98,441,P1,False,B,3,,0,231,
South 24 Parganas,223,S24P-223,134,Post Office 134,265,274,1,540,50.74,58,10.7,254,156,4,456,P1,98,55.7,34.2,282,136,465,P1,False,D,4,,0,230,
South 24 Parganas,223,S24P-223,135,Anganwadi Centre 135,351,350,0,701,49.93,59,8.4,367,126,8,618,P1,241,59.4,20.4,446,107,614,P1,False,B,3,,0,299,
South 24 Parganas,223,S24P-223,136,Panchayat Bhavan 136,378,356,1,735,48.44,79,10.7,346,191,6,612,P1,155,56.5,31.2,394,137,590,P1,False,D,4,,0,313,
South 24 Parganas,223,S24P-223,137,Panchayat Bhavan 137,361,328,0,689,47.61,72,10.4,382,163,4,606,P1,219,63.0,26.9,349,156,595,P1,False,D,4,,0,293,
South 24 Parganas,223,S24P-223,138,Madrasa 138,344,341,0,685,49.78,68,9.9,317,187,7,576,P1,130,55.0,32.5,318,134,593,P1,False,B,3,,0,292,
South 24 Parganas,223,S24P-223,139,Temple Hall 139,359,338,1,698,48.42,72,10.3,435,114,5,610,P1,321,71.3,18.7,274,199,615,P1,False,D,4,,0,297,
South 24 Parganas,223,S24P-223,140,Anganwadi Centre 140,289,265,1,555,47.75,59,10.6,288,102,4,467,P1,186,61.7,21.8,252,130,434,P1,False,D,4,,0,236,
South 24 Parganas,223,S24P-223,141,Market Building 141,255,240,1,496,48.39,61,12.3,298,88,2,429,P1,210,69.5,20.5,255,93,412,P1,False,D,4,,0,211,
South 24 Parganas,223,S24P-223,142,Club Building 142,255,256,0,511,50.1,60,11.7,231,112,6,435,P1,119,53.1,25.7,238,106,394,P1,False,D,4,,0,218,
South 24 Parganas,223,S24P-223,143,High School 143,413,389,0,802,48.5,71,8.9,394,192,4,652,P1,202,60.4,29.4,387,185,636,P1,False,B,3,,0,342,
South 24 Parganas,223,S24P-223,144,Primary School 144,278,286,0,564,50.71,63,11.2,349,93,4,491,P1,256,71.1,18.9,225,118,443,P1,False,D,4,,0,240,
South 24 Parganas,223,S24P-223,145,Anganwadi Centre 145,378,381,0,759,50.2,94,12.4,438,144,5,671,P1,294,65.3,21.5,344,180,647,P1,False,D,4,,0,323,
South 24 Parganas,223,S24P-223,146,Panchayat Bhavan 146,352,341,0,693,49.21,72,10.4,342,145,5,542,P1,197,63.1,26.8,311,187,553,P1,False,D,4,,0,295,
South 24 Parganas,223,S24P-223,147,Madrasa 147,409,390,1,800,48.75,107,13.4,416,138,5,615,P1,278,67.6,22.4,381,178,622,P1,False,D,4,,0,341,
South 24 Parganas,223,S24P-223,148,Health Sub-Centre 148,419,383,0,802,47.76,76,9.5,453,106,7,621,P1,347,72.9,17.1,413,217,700,P1,False,A,1,,0,342,
South 24 Parganas,223,S24P-223,149,Anganwadi Centre 149,298,298,1,597,49.92,75,12.6,364,104,6,520,P1,260,70.0,20.0,291,95,479,P1,False,D,4,,0,254,
South 24 Parganas,223,S24P-223,150,Market Building 150,348,338,0,686,49.27,79,11.5,349,62,16,580,P1,202,60.2,10.7,385,124,566,P1,False,D,4,,0,292,
South 24 Parganas,223,S24P-223,151,Primary School 151,404,398,1,803,49.56,107,13.3,378,196,5,638,P1,182,59.2,30.7,418,176,660,P1,False,D,4,,0,342,
South 24 Parganas,223,S24P-223,152,High School 152,275,275,1,551,49.91,43,7.8,310,70,9,487,P1,217,63.7,14.4,215,113,475,P1,False,B,3,,0,235,
South 24 Parganas,223,S24P-223,153,Govt Office 153,266,254,1,521,48.75,63,12.1,266,111,3,419,P1,155,63.5,26.5,266,129,441,P1,False,D,4,,0,222,
South 24 Parganas,223,S24P-223,154,Primary School 154,390,398,1,789,50.44,89,11.3,415,153,11,684,P1,262,60.7,22.4,431,121,650,P1,False,D,4,,0,336,
South 24 Parganas,223,S24P-223,155,Health Sub-Centre 155,293,296,0,589,50.25,83,14.1,233,146,5,482,P1,87,48.3,30.3,282,155,509,P1,False,D,4,,0,251,
South 24 Parganas,223,S24P-223,156,High School 156,371,345,0,716,48.18,101,14.1,316,208,5,582,P1,108,54.3,35.7,260,176,597,P1,False,D,4,,0,305,
South 24 Parganas,223,S24P-223,157,Post Office 157,363,357,0,720,49.58,70,9.7,307,135,18,624,P1,149,49.2,21.6,367,171,598,P1,False,B,3,,0,307,
South 24 Parganas,223,S24P-223,158,High School 158,260,255,0,515,49.51,68,13.2,292,54,3,447,P1,199,65.3,12.1,232,154,430,P1,False,D,4,,0,219,
South 24 Parganas,223,S24P-223,159,Market Building 159,345,333,0,678,49.12,96,14.2,368,135,4,586,P1,233,62.8,23.0,253,180,559,P1,False,D,4,,0,289,
South 24 Parganas,223,S24P-223,160,Club Building 160,294,286,1,581,49.23,48,8.3,298,107,2,450,P1,191,66.2,23.8,242,110,453,P1,False,A,1,,0,247,
South 24 Parganas,223,S24P-223,161,High School 161,365,361,0,726,49.72,65,9.0,326,176,5,560,P1,150,58.2,31.4,325,133,585,P1,False,B,3,,0,309,
South 24 Parganas,223,S24P-223,162,Primary School 162,355,341,0,696,48.99,71,10.2,295,172,12,573,P1,123,51.5,30.0,397,155,613,P1,False,D,4,,0,296,
South 24 Parganas,223,S24P-223,163,Community Hall 163,380,343,1,724,47.38,84,11.6,319,237,6,618,P1,82,51.6,38.3,324,155,582,P1,False,D,4,,0,308,
South 24 Parganas,223,S24P-223,164,Health Sub-Centre 164,296,286,0,582,49.14,64,11.0,281,153,2,482,P1,128,58.3,31.7,321,131,502,P1,False,D,4,,0,248,
South 24 Parganas,223,S24P-223,165,High School 165,336,328,1,665,49.32,67,10.1,391,130,2,579,P1,261,67.5,22.5,347,140,568,P1,False,D,4,,0,283,
South 24 Parganas,223,S24P-223,166,Primary School 166,287,286,1,574,49.83,62,10.8,260,144,2,470,P1,116,55.3,30.6,286,105,458,P1,False,D,4,,0,244,
South 24 Parganas,223,S24P-223,167,Health Sub-Centre 167,397,375,1,773,48.51,101,13.1,424,177,2,668,P1,247,63.5,26.5,398,159,679,P1,False,D,4,,0,329,
South 24 Parganas,223,S24P-223,168,Community Hall 168,351,353,0,704,50.14,76,10.8,342,101,13,596,P1,208,57.4,16.9,334,162,551,P1,False,D,4,,0,300,
South 24 Parganas,223,S24P-223,169,Madrasa 169,343,336,1,680,49.41,76,11.2,291,207,3,585,P1,84,49.7,35.4,357,175,600,P1,False,D,4,,0,290,
South 24 Parganas,223,S24P-223,170,High School 170,313,313,1,627,49.92,50,8.0,282,178,7,543,P1,104,51.9,32.8,283,200,554,P1,False,B,3,,0,267,
South 24 Parganas,224,S24P-224,1,Anganwadi Centre 1,277,261,1,539,48.42,45,8.3,282,115,2,453,P1,167,62.3,25.4,215,155,461,P1,False,B,3,,0,230,
South 24 Parganas,224,S24P-224,2,Health Sub-Centre 2,317,291,0,608,47.86,46,7.6,289,103,5,477,P1,186,60.6,21.6,276,124,522,P1,False,B,3,,0,259,
South 24 Parganas,224,S24P-224,3,Temple Hall 3,357,333,1,691,48.19,55,8.0,324,167,5,554,P1,157,58.5,30.1,317,142,588,P1,False,B,3,,0,294,
South 24 Parganas,224,S24P-224,4,Primary School 4,270,274,1,545,50.28,28,5.1,233,145,2,419,P1,88,55.6,34.6,266,134,447,P1,False,B,3,,0,232,
South 24 Parganas,224,S24P-224,5,Community Hall 5,288,288,1,577,49.91,47,8.1,318,81,3,444,P1,237,71.6,18.2,239,137,448,P1,False,A,1,,0,246,
South 24 Parganas,224,S24P-224,6,Health Sub-Centre 6,425,391,0,816,47.92,63,7.7,449,147,7,662,P1,302,67.8,22.2,359,131,713,P1,False,A,1,,0,347,
South 24 Parganas,224,S24P-224,7,Govt Office 7,290,266,1,557,47.76,28,5.0,179,92,13,461,P1,8,38.8,20.0,349,72,468,P1,False,B,3,,0,237,
South 24 Parganas,224,S24P-224,8,Anganwadi Centre 8,258,257,0,515,49.9,31,6.0,226,137,3,403,P1,89,56.1,34.0,219,111,408,P1,False,B,3,,0,219,
South 24 Parganas,224,S24P-224,9,Temple Hall 9,337,335,1,673,49.78,36,5.3,367,146,5,571,P1,221,64.3,25.6,347,57,547,P1,False,B,3,,0,287,
South 24 Parganas,224,S24P-224,10,Panchayat Bhavan 10,385,355,0,740,47.97,48,6.5,346,212,5,654,P1,134,52.9,32.4,318,113,581,P1,False,B,3,,0,315,
South 24 Parganas,224,S24P-224,11,Primary School 11,323,313,1,637,49.14,41,6.4,293,178,3,523,P1,115,56.0,34.0,385,118,559,P1,False,B,3,,0,271,
South 24 Parganas,224,S24P-224,12,Market Building 12,268,242,0,510,47.45,27,5.3,275,77,2,392,P1,198,70.2,19.6,177,127,391,P1,False,A,1,,0,217,
South 24 Parganas,224,S24P-224,13,Temple Hall 13,344,310,1,655,47.33,40,6.1,276,179,6,543,P1,97,50.8,33.0,298,167,517,P1,False,B,3,,0,279,
South 24 Parganas,224,S24P-224,14,Community Hall 14,398,369,1,768,48.05,55,7.2,375,210,2,657,P1,165,57.1,32.0,423,153,640,P1,False,B,3,,0,327,
South 24 Parganas,224,S24P-224,15,Govt Office 15,330,316,0,646,48.92,57,8.8,261,143,11,497,P1,118,52.5,28.8,324,144,536,P1,False,B,3,,0,275,
South 24 Parganas,224,S24P-224,16,Anganwadi Centre 16,394,400,0,794,50.38,45,5.7,421,148,6,633,P1,273,66.5,23.4,306,195,627,P1,False,A,1,,0,338,
South 24 Parganas,224,S24P-224,17,Primary School 17,328,317,0,645,49.15,49,7.6,332,135,2,519,P1,197,64.0,26.0,309,109,567,P1,False,B,3,,0,275,
South 24 Parganas,224,S24P-224,18,Market Building 18,300,304,1,605,50.25,52,8.6,337,136,2,525,P1,201,64.2,25.9,303,160,515,P1,False,B,3,,0,258,
South 24 Parganas,224,S24P-224,19,Market Building 19,275,272,0,547,49.73,46,8.4,326,57,6,437,P1,269,74.6,13.0,275,118,436,P1,False,A,1,,0,233,
South 24 Parganas,224,S24P-224,20,Panchayat Bhavan 20,286,269,1,556,48.38,34,6.1,302,97,6,472,P1,205,64.0,20.6,310,109,466,P1,False,B,3,,0,237,
South 24 Parganas,224,S24P-224,21,Madrasa 21,285,276,0,561,49.2,46,8.2,297,114,5,456,P1,183,65.1,25.0,295,123,464,P1,False,A,1,,0,239,
South 24 Parganas,224,S24P-224,22,Primary School 22,364,334,1,699,47.78,53,7.6,279,205,11,576,P1,74,48.4,35.6,272,144,569,P1,False,B,3,,0,298,
South 24 Parganas,224,S24P-224,23,Panchayat Bhavan 23,326,314,0,640,49.06,56,8.8,323,162,6,539,P1,161,59.9,30.1,268,165,499,P1,False,B,3,,0,273,
South 24 Parganas,224,S24P-224,24,Post Office 24,286,276,0,562,49.11,41,7.3,266,130,6,462,P1,136,57.6,28.1,284,110,438,P1,False,B,3,,0,239,
South 24 Parganas,224,S24P-224,25,Govt Office 25,245,239,1,485,49.28,38,7.8,238,111,4,391,P1,127,60.9,28.4,263,95,409,P1,False,B,3,,0,207,
South 24 Parganas,224,S24P-224,26,Temple Hall 26,389,380,1,770,49.35,51,6.6,419,143,5,677,P1,276,61.9,21.1,437,119,617,P1,False,B,3,,0,328,
South 24 Parganas,224,S24P-224,27,Anganwadi Centre 27,407,379,1,787,48.16,46,5.8,441,159,3,673,P1,282,65.5,23.6,322,172,631,P1,False,A,1,,0,335,
South 24 Parganas,224,S24P-224,28,Club Building 28,386,384,0,770,49.87,45,5.8,388,185,3,658,P1,203,59.0,28.1,403,138,619,P1,False,B,3,,0,328,
South 24 Parganas,224,S24P-224,29,Panchayat Bhavan 29,312,303,0,615,49.27,55,8.9,288,131,9,511,P1,157,56.4,25.6,298,141,487,P1,False,B,3,,0,262,
South 24 Parganas,224,S24P-224,30,Health Sub-Centre 30,342,328,0,670,48.96,44,6.6,247,128,6,562,P1,72,44.0,22.8,345,148,547,P1,False,B,3,,0,285,
South 24 Parganas,224,S24P-224,31,Market Building 31,393,365,0,758,48.15,66,8.7,386,116,6,600,P1,270,64.3,19.3,386,181,634,P1,False,B,3,,0,323,
South 24 Parganas,224,S24P-224,32,Post Office 32,342,346,0,688,50.29,57,8.3,367,121,5,542,P1,246,67.7,22.3,372,136,582,P1,False,A,1,,0,293,
South 24 Parganas,224,S24P-224,33,Post Office 33,386,372,0,758,49.08,57,7.5,402,131,4,592,P1,271,67.9,22.1,355,187,637,P1,False,A,1,,0,323,
South 24 Parganas,224,S24P-224,34,Market Building 34,315,307,1,623,49.28,56,9.0,307,134,2,508,P1,173,60.4,26.4,326,114,525,P1,False,B,3,,0,265,
South 24 Parganas,224,S24P-224,35,Club Building 35,341,319,0,660,48.33,46,7.0,318,174,3,546,P1,144,58.2,31.9,322,101,513,P1,False,B,3,,0,281,
South 24 Parganas,224,S24P-224,36,Temple Hall 36,310,305,1,616,49.51,51,8.3,294,108,6,481,P1,186,61.1,22.5,252,155,514,P1,False,B,3,,0,262,
South 24 Parganas,224,S24P-224,37,Post Office 37,385,366,1,752,48.67,45,6.0,323,157,8,625,P1,166,51.7,25.1,339,161,583,P1,False,B,3,,0,320,
South 24 Parganas,224,S24P-224,38,Madrasa 38,387,359,1,747,48.06,63,8.4,239,187,13,633,P1,52,37.8,29.5,297,166,579,P1,False,B,3,,0,318,
South 24 Parganas,224,S24P-224,39,High School 39,335,305,1,641,47.58,49,7.6,395,113,5,564,P1,282,70.0,20.0,334,120,504,P1,False,A,1,,0,273,
South 24 Parganas,224,S24P-224,40,Temple Hall 40,264,246,1,511,48.14,41,8.0,307,87,3,438,P1,220,70.1,19.9,248,56,400,P1,False,A,1,,0,218,
South 24 Parganas,224,S24P-224,41,Market Building 41,333,332,0,665,49.92,34,5.1,321,185,4,562,P1,136,57.1,32.9,351,116,519,P1,False,B,3,,0,283,
South 24 Parganas,224,S24P-224,42,Madrasa 42,256,234,1,491,47.66,26,5.3,259,97,3,395,P1,162,65.6,24.6,233,111,399,P1,False,A,1,,0,209,
South 24 Parganas,224,S24P-224,43,High School 43,403,382,1,786,48.6,56,7.1,470,142,3,680,P1,328,69.1,20.9,286,215,649,P1,False,A,1,,0,335,
South 24 Parganas,224,S24P-224,44,Govt Office 44,363,355,0,718,49.44,62,8.6,347,187,3,623,P1,160,55.7,30.0,399,103,597,P1,False,B,3,,0,306,
South 24 Parganas,224,S24P-224,45,Community Hall 45,389,377,0,766,49.22,48,6.3,473,124,2,663,P1,349,71.3,18.7,363,103,615,P1,False,A,1,,0,326,
South 24 Parganas,224,S24P-224,46,Govt Office 46,305,287,1,593,48.4,46,7.8,245,176,1,468,P1,69,52.4,37.6,292,156,498,P1,False,B,3,,0,253,
South 24 Parganas,224,S24P-224,47,Govt Office 47,411,383,1,795,48.18,56,7.0,529,101,7,700,P1,428,75.6,14.4,378,236,683,P1,False,A,1,,0,339,
South 24 Parganas,224,S24P-224,48,Market Building 48,275,280,1,556,50.36,33,5.9,378,47,5,473,P1,331,79.9,9.9,270,133,447,P1,False,A,1,,0,237,
South 24 Parganas,224,S24P-224,49,Club Building 49,337,344,0,681,50.51,39,5.7,356,161,3,574,P1,195,62.0,28.0,357,124,534,P1,False,B,3,,0,290,
South 24 Parganas,224,S24P-224,50,Madrasa 50,329,334,1,664,50.3,43,6.5,303,201,5,580,P1,102,52.2,34.7,376,92,519,P1,False,B,3,,0,283,
South 24 Parganas,224,S24P-224,51,Club Building 51,324,333,0,657,50.68,56,8.5,260,115,17,549,P1,108,47.4,20.9,275,190,519,P1,False,B,3,,0,280,
South 24 Parganas,224,S24P-224,52,Anganwadi Centre 52,314,303,1,618,49.03,40,6.5,267,146,4,489,P1,121,54.6,29.9,277,116,494,P1,False,B,3,,0,263,
South 24 Parganas,224,S24P-224,53,Madrasa 53,403,401,1,805,49.81,40,5.0,481,154,4,705,P1,327,68.2,21.8,368,171,681,P1,False,A,1,,0,343,
South 24 Parganas,224,S24P-224,54,Post Office 54,317,302,1,620,48.71,47,7.6,356,96,3,502,P1,260,70.9,19.1,316,149,527,P1,False,A,1,,0,264,
South 24 Parganas,224,S24P-224,55,Govt Office 55,373,367,0,740,49.59,55,7.4,405,118,2,581,P1,287,69.7,20.3,263,163,567,P1,False,A,1,,0,315,
South 24 Parganas,224,S24P-224,56,Anganwadi Centre 56,307,295,0,602,49.0,38,6.3,347,123,3,522,P1,224,66.5,23.6,293,155,497,P1,False,A,1,,0,256,
South 24 Parganas,224,S24P-224,57,Club Building 57,297,303,0,600,50.5,34,5.7,267,117,8,460,P1,150,58.0,25.4,293,81,465,P1,False,B,3,,0,256,
South 24 Parganas,224,S24P-224,58,Club Building 58,286,293,0,579,50.6,34,5.9,356,94,4,500,P1,262,71.2,18.8,304,101,449,P1,False,A,1,,0,247,
South 24 Parganas,224,S24P-224,59,Madrasa 59,369,340,1,710,47.89,38,5.4,365,128,2,564,P1,237,64.7,22.7,401,134,595,P1,False,B,3,,0,302,
South 24 Parganas,224,S24P-224,60,Community Hall 60,385,376,1,762,49.34,62,8.1,346,187,5,592,P1,159,58.4,31.6,391,126,605,P1,False,B,3,,0,324,
South 24 Parganas,224,S24P-224,61,Panchayat Bhavan 61,360,338,1,699,48.35,50,7.2,296,211,5,563,P1,85,52.6,37.5,386,165,612,P1,False,B,3,,0,298,
South 24 Parganas,224,S24P-224,62,High School 62,247,254,1,502,50.6,31,6.2,237,86,5,419,P1,151,56.6,20.5,285,84,410,P1,False,B,3,,0,214,
South 24 Parganas,224,S24P-224,63,Post Office 63,300,297,0,597,49.75,46,7.7,401,68,6,521,P1,333,77.0,13.1,379,62,490,P1,False,A,1,,0,254,
South 24 Parganas,224,S24P-224,64,Post Office 64,301,310,1,612,50.65,34,5.6,384,96,5,534,P1,288,71.9,18.0,281,134,491,P1,False,A,1,,0,261,
South 24 Parganas,224,S24P-224,65,Govt Office 65,424,386,1,811,47.6,69,8.5,386,167,8,649,P1,219,59.5,25.7,475,107,647,P1,False,B,3,,0,345,
South 24 Parganas,224,S24P-224,66,Temple Hall 66,293,298,0,591,50.42,34,5.8,289,105,4,452,P1,184,63.9,23.2,268,138,468,P1,False,B,3,,0,252,
South 24 Parganas,224,S24P-224,67,Primary School 67,417,388,1,806,48.14,47,5.8,443,196,3,710,P1,247,62.4,27.6,445,166,681,P1,False,B,3,,0,343,
South 24 Parganas,224,S24P-224,68,Primary School 68,407,384,0,791,48.55,66,8.3,376,172,9,647,P1,204,58.1,26.6,402,164,633,P1,False,B,3,,0,337,
South 24 Parganas,224,S24P-224,69,Madrasa 69,296,275,1,572,48.08,32,5.6,266,125,5,444,P1,141,59.9,28.2,310,107,463,P1,False,B,3,,0,244,
South 24 Parganas,224,S24P-224,70,Post Office 70,370,340,1,711,47.82,59,8.3,309,164,6,586,P1,145,52.7,28.0,337,198,610,P1,False,B,3,,0,303,
South 24 Parganas,224,S24P-224,71,High School 71,269,247,1,517,47.78,36,7.0,255,114,1,410,P1,141,62.2,27.8,276,57,440,P1,False,B,3,,0,220,
South 24 Parganas,224,S24P-224,72,Temple Hall 72,342,318,0,660,48.18,49,7.4,297,160,7,535,P1,137,55.5,29.9,427,91,576,P1,False,B,3,,0,281,
South 24 Parganas,224,S24P-224,73,Govt Office 73,321,331,1,653,50.69,43,6.6,294,166,5,539,P1,128,54.5,30.8,411,72,537,P1,False,B,3,,0,278,
South 24 Parganas,224,S24P-224,74,Health Sub-Centre 74,382,354,1,737,48.03,67,9.1,383,192,5,639,P1,191,59.9,30.0,334,163,583,P1,False,B,3,,0,314,
South 24 Parganas,224,S24P-224,75,Health Sub-Centre 75,312,311,0,623,49.92,41,6.6,329,132,4,512,P1,197,64.3,25.8,260,171,480,P1,False,B,3,,0,265,
South 24 Parganas,224,S24P-224,76,Primary School 76,290,267,0,557,47.94,39,7.0,250,166,5,474,P1,84,52.7,35.0,259,138,445,P1,False,B,3,,0,237,
South 24 Parganas,224,S24P-224,77,Anganwadi Centre 77,278,258,1,537,48.04,46,8.6,277,131,5,453,P1,146,61.1,28.9,280,91,412,P1,False,B,3,,0,229,
South 24 Parganas,224,S24P-224,78,Anganwadi Centre 78,354,358,1,713,50.21,46,6.5,360,173,2,593,P1,187,60.7,29.2,324,153,556,P1,False,B,3,,0,304,
South 24 Parganas,224,S24P-224,79,Panchayat Bhavan 79,300,307,0,607,50.58,38,6.3,317,156,4,526,P1,161,60.3,29.7,294,150,493,P1,False,B,3,,0,258,
South 24 Parganas,224,S24P-224,80,Temple Hall 80,428,387,1,816,47.43,58,7.1,429,199,3,697,P1,230,61.5,28.6,389,178,700,P1,False,B,3,,0,347,
South 24 Parganas,224,S24P-224,81,Post Office 81,354,353,0,707,49.93,60,8.5,325,137,10,550,P1,188,59.1,24.9,351,136,554,P1,False,B,3,,0,301,
South 24 Parganas,224,S24P-224,82,Madrasa 82,262,254,1,517,49.13,30,5.8,259,100,6,437,P1,159,59.3,22.9,318,78,447,P1,False,B,3,,0,220,
South 24 Parganas,224,S24P-224,83,Govt Office 83,291,268,0,559,47.94,40,7.2,228,132,6,439,P1,96,51.9,30.1,240,64,435,P1,False,B,3,,0,238,
South 24 Parganas,224,S24P-224,84,Health Sub-Centre 84,293,292,1,586,49.83,37,6.3,252,141,6,465,P1,111,54.2,30.3,236,133,471,P1,False,B,3,,0,250,
South 24 Parganas,224,S24P-224,85,Post Office 85,426,386,0,812,47.54,65,8.0,455,170,4,694,P1,285,65.6,24.5,407,130,624,P1,False,A,1,,0,346,
South 24 Parganas,224,S24P-224,86,Anganwadi Centre 86,275,259,0,534,48.5,44,8.2,263,105,4,413,P1,158,63.7,25.4,290,108,450,P1,False,B,3,,0,227,
South 24 Parganas,224,S24P-224,87,Govt Office 87,333,300,1,634,47.32,44,6.9,321,136,5,508,P1,185,63.2,26.8,322,128,500,P1,False,B,3,,0,270,
South 24 Parganas,224,S24P-224,88,Club Building 88,268,260,0,528,49.24,45,8.5,257,123,7,443,P1,134,58.0,27.8,240,123,429,P1,False,B,3,,0,225,
South 24 Parganas,224,S24P-224,89,Govt Office 89,252,232,1,485,47.84,28,5.8,251,108,6,419,P1,143,59.9,25.8,238,96,407,P1,False,B,3,,0,207,
South 24 Parganas,224,S24P-224,90,Market Building 90,310,301,1,612,49.18,42,6.9,214,138,11,483,P1,76,44.3,28.6,279,144,495,P1,False,B,3,,0,261,
South 24 Parganas,224,S24P-224,91,Anganwadi Centre 91,336,316,1,653,48.39,50,7.7,364,85,4,572,P1,250,63.6,14.9,343,132,561,P1,False,B,3,,0,278,
South 24 Parganas,224,S24P-224,92,Club Building 92,330,323,0,653,49.46,47,7.2,317,113,9,547,P1,204,58.0,20.7,343,146,572,P1,False,B,3,,0,278,
South 24 Parganas,224,S24P-224,93,Panchayat Bhavan 93,341,342,1,684,50.0,36,5.3,322,192,2,584,P1,130,55.1,32.9,328,182,577,P1,False,B,3,,0,291,
South 24 Parganas,224,S24P-224,94,Market Building 94,269,265,0,534,49.63,29,5.4,277,97,2,448,P1,180,61.8,21.7,251,101,421,P1,False,B,3,,0,227,
South 24 Parganas,224,S24P-224,95,Health Sub-Centre 95,256,241,1,498,48.39,34,6.8,267,76,8,424,P1,191,63.0,17.9,252,112,404,P1,False,B,3,,0,212,
South 24 Parganas,224,S24P-224,96,High School 96,290,276,0,566,48.76,42,7.4,285,113,4,473,P1,172,60.3,23.9,320,110,492,P1,False,B,3,,0,241,
South 24 Parganas,224,S24P-224,97,Primary School 97,289,259,1,549,47.18,29,5.3,295,113,5,453,P1,182,65.1,24.9,272,159,479,P1,False,A,1,,0,234,
South 24 Parganas,224,S24P-224,98,Post Office 98,334,310,1,645,48.06,37,5.7,369,141,3,567,P1,228,65.1,24.9,256,157,559,P1,False,A,1,,0,275,
South 24 Parganas,224,S24P-224,99,Primary School 99,310,304,0,614,49.51,34,5.5,290,157,5,497,P1,133,58.4,31.6,315,118,481,P1,False,B,3,,0,261,
South 24 Parganas,224,S24P-224,100,Market Building 100,270,264,0,534,49.44,32,6.0,282,131,5,459,P1,151,61.4,28.5,186,124,413,P1,False,B,3,,0,227,
South 24 Parganas,224,S24P-224,101,Post Office 101,271,258,0,529,48.77,41,7.8,329,84,3,459,P1,245,71.7,18.3,244,80,414,P1,False,A,1,,0,225,
South 24 Parganas,224,S24P-224,102,Temple Hall 102,317,321,0,638,50.31,56,8.8,285,97,5,491,P1,186,58.0,19.8,242,83,544,P1,False,B,3,,0,272,
South 24 Parganas,224,S24P-224,103,Temple Hall 103,361,361,1,723,49.93,57,7.9,308,159,13,590,P1,149,52.2,26.9,338,142,563,P1,False,B,3,,0,308,
South 24 Parganas,224,S24P-224,104,Anganwadi Centre 104,368,369,0,737,50.07,45,6.1,347,166,3,570,P1,181,60.9,29.1,363,181,617,P1,False,B,3,,0,314,
South 24 Parganas,224,S24P-224,105,Primary School 105,340,349,0,689,50.65,54,7.8,305,175,6,533,P1,130,57.2,32.8,359,183,602,P1,False,B,3,,0,293,
South 24 Parganas,224,S24P-224,106,Health Sub-Centre 106,245,239,0,484,49.38,34,7.0,263,104,2,407,P1,159,64.6,25.6,241,96,425,P1,False,B,3,,0,206,
South 24 Parganas,224,S24P-224,107,Club Building 107,289,271,1,561,48.31,45,8.0,242,114,8,436,P1,128,55.5,26.1,240,112,436,P1,False,B,3,,0,239,
South 24 Parganas,224,S24P-224,108,Temple Hall 108,394,394,0,788,50.0,39,4.9,461,91,4,613,P1,370,75.2,14.8,399,186,681,P1,False,A,1,,0,336,
South 24 Parganas,224,S24P-224,109,Community Hall 109,339,327,1,667,49.03,43,6.4,377,136,3,570,P1,241,66.1,23.9,336,170,588,P1,False,A,1,,0,284,
South 24 Parganas,224,S24P-224,110,Club Building 110,404,409,1,814,50.25,55,6.8,371,219,3,655,P1,152,56.6,33.4,396,200,662,P1,False,B,3,,0,347,
South 24 Parganas,224,S24P-224,111,Market Building 111,321,311,0,632,49.21,47,7.4,276,104,12,487,P1,172,56.7,21.4,303,175,551,P1,False,B,3,,0,269,
South 24 Parganas,224,S24P-224,112,Madrasa 112,399,399,1,799,49.94,59,7.4,481,141,3,691,P1,340,69.6,20.4,319,241,622,P1,False,A,1,,0,340,
South 24 Parganas,224,S24P-224,113,Govt Office 113,303,296,1,600,49.33,51,8.5,297,106,5,497,P1,191,59.8,21.3,271,132,528,P1,False,B,3,,0,256,
South 24 Parganas,224,S24P-224,114,Post Office 114,305,293,1,599,48.91,54,9.0,274,117,12,523,P1,157,52.4,22.4,345,96,490,P1,False,B,3,,0,255,
South 24 Parganas,224,S24P-224,115,Community Hall 115,383,360,1,744,48.39,50,6.7,363,167,5,588,P1,196,61.7,28.4,365,180,606,P1,False,B,3,,0,317,
South 24 Parganas,224,S24P-224,116,Club Building 116,329,323,1,653,49.46,46,7.0,314,138,7,520,P1,176,60.4,26.5,320,143,514,P1,False,B,3,,0,278,
South 24 Parganas,224,S24P-224,117,Community Hall 117,414,384,1,799,48.06,57,7.1,436,166,3,669,P1,270,65.2,24.8,363,132,640,P1,False,A,1,,0,340,
South 24 Parganas,224,S24P-224,118,Health Sub-Centre 118,297,278,0,575,48.35,30,5.2,273,143,3,486,P1,130,56.2,29.4,282,136,464,P1,False,B,3,,0,245,
South 24 Parganas,224,S24P-224,119,Govt Office 119,395,359,0,754,47.61,54,7.2,281,180,13,632,P1,101,44.5,28.5,331,97,577,P1,False,B,3,,0,321,
South 24 Parganas,224,S24P-224,120,Club Building 120,330,301,0,631,47.7,54,8.6,323,131,6,505,P1,192,64.0,25.9,231,152,508,P1,False,B,3,,0,269,
South 24 Parganas,224,S24P-224,121,Community Hall 121,274,253,1,528,47.92,41,7.8,280,133,3,459,P1,147,61.0,29.0,232,104,423,P1,False,B,3,,0,225,
South 24 Parganas,224,S24P-224,122,Post Office 122,262,245,0,507,48.32,31,6.1,283,117,4,444,P1,166,63.7,26.4,246,106,415,P1,False,B,3,,0,216,
South 24 Parganas,224,S24P-224,123,Post Office 123,301,285,0,586,48.63,31,5.3,269,187,4,508,P1,82,53.0,36.8,250,111,469,P1,False,B,3,,0,250,
South 24 Parganas,224,S24P-224,124,Market Building 124,355,362,0,717,50.49,55,7.7,363,159,5,580,P1,204,62.6,27.4,403,153,618,P1,False,B,3,,0,305,
South 24 Parganas,224,S24P-224,125,Primary School 125,403,385,1,789,48.8,45,5.7,377,216,5,659,P1,161,57.2,32.8,298,213,608,P1,False,B,3,,0,336,
South 24 Parganas,224,S24P-224,126,Madrasa 126,332,298,0,630,47.3,47,7.5,301,134,10,551,P1,167,54.6,24.3,317,147,551,P1,False,B,3,,0,268,
South 24 Parganas,224,S24P-224,127,Govt Office 127,254,255,1,510,50.0,44,8.6,267,107,3,415,P1,160,64.3,25.8,244,115,442,P1,False,B,3,,0,217,
South 24 Parganas,224,S24P-224,128,Primary School 128,363,358,1,722,49.58,41,5.7,372,132,2,560,P1,240,66.4,23.6,344,173,583,P1,False,A,1,,0,307,
South 24 Parganas,224,S24P-224,129,Temple Hall 129,239,246,1,486,50.62,31,6.4,260,101,5,402,P1,159,64.7,25.1,260,88,393,P1,False,B,3,,0,207,
South 24 Parganas,224,S24P-224,130,Temple Hall 130,387,376,1,764,49.21,60,7.9,414,143,6,619,P1,271,66.9,23.1,378,140,617,P1,False,A,1,,0,325,
South 24 Parganas,224,S24P-224,131,Govt Office 131,347,328,0,675,48.59,38,5.6,271,158,14,592,P1,113,45.8,26.7,352,117,521,P1,False,B,3,,0,287,
South 24 Parganas,224,S24P-224,132,Community Hall 132,310,306,0,616,49.68,50,8.1,346,134,2,534,P1,212,64.8,25.1,296,142,487,P1,False,B,3,,0,262,
South 24 Parganas,224,S24P-224,133,Govt Office 133,396,408,0,804,50.75,56,7.0,393,162,4,666,P1,231,59.0,24.3,369,168,629,P1,False,B,3,,0,342,
South 24 Parganas,224,S24P-224,134,High School 134,256,257,1,514,50.0,44,8.6,262,101,2,403,P1,161,65.0,25.1,212,125,401,P1,False,B,3,,0,219,
South 24 Parganas,224,S24P-224,135,Health Sub-Centre 135,314,302,0,616,49.03,45,7.3,337,95,4,502,P1,242,67.1,18.9,349,118,519,P1,False,A,1,,0,262,
South 24 Parganas,224,S24P-224,136,Govt Office 136,268,255,0,523,48.76,26,5.0,287,128,2,461,P1,159,62.3,27.8,265,121,429,P1,False,B,3,,0,223,
South 24 Parganas,224,S24P-224,137,Health Sub-Centre 137,253,239,0,492,48.58,33,6.7,251,99,3,391,P1,152,64.2,25.3,222,74,385,P1,False,B,3,,0,210,
South 24 Parganas,224,S24P-224,138,Madrasa 138,309,286,0,595,48.07,45,7.6,293,136,6,524,P1,157,55.9,26.0,327,88,469,P1,False,B,3,,0,253,
South 24 Parganas,224,S24P-224,139,Madrasa 139,310,299,0,609,49.1,33,5.4,316,96,10,505,P1,220,62.6,19.0,277,184,517,P1,False,B,3,,0,259,
South 24 Parganas,224,S24P-224,140,Market Building 140,333,319,0,652,48.93,39,6.0,329,127,5,507,P1,202,64.9,25.0,374,144,576,P1,False,B,3,,0,278,
South 24 Parganas,224,S24P-224,141,High School 141,248,237,1,486,48.77,27,5.6,248,105,3,393,P1,143,63.1,26.7,228,89,372,P1,False,B,3,,0,207,
South 24 Parganas,224,S24P-224,142,Community Hall 142,274,261,1,536,48.69,32,6.0,284,102,2,428,P1,182,66.4,23.8,257,110,451,P1,False,A,1,,0,228,
South 24 Parganas,224,S24P-224,143,Community Hall 143,407,408,0,815,50.06,56,6.9,430,185,7,699,P1,245,61.5,26.5,323,217,641,P1,False,B,3,,0,347,
South 24 Parganas,224,S24P-224,144,Club Building 144,377,369,1,747,49.4,65,8.7,399,135,3,593,P1,264,67.3,22.8,361,176,656,P1,False,A,1,,0,318,
South 24 Parganas,224,S24P-224,145,High School 145,376,385,0,761,50.59,46,6.0,339,228,5,635,P1,111,53.4,35.9,342,214,644,P1,False,B,3,,0,324,
South 24 Parganas,224,S24P-224,146,Govt Office 146,243,237,0,480,49.38,25,5.2,202,147,3,388,P1,55,52.1,37.9,301,59,400,P1,False,B,3,,0,204,
South 24 Parganas,224,S24P-224,147,Panchayat Bhavan 147,380,352,1,733,48.02,50,6.8,349,148,7,604,P1,201,57.8,24.5,392,186,642,P1,False,B,3,,0,312,
South 24 Parganas,224,S24P-224,148,High School 148,311,298,1,610,48.85,41,6.7,307,128,4,529,P1,179,58.0,24.2,312,120,480,P1,False,B,3,,0,260,
South 24 Parganas,224,S24P-224,149,Market Building 149,269,250,0,519,48.17,47,9.1,219,135,4,401,P1,84,54.6,33.7,233,144,419,P1,False,B,3,,0,221,
South 24 Parganas,224,S24P-224,150,Market Building 150,412,404,1,817,49.45,48,5.9,379,171,4,683,P1,208,55.5,25.0,439,187,695,P1,False,B,3,,0,348,
South 24 Parganas,224,S24P-224,151,High School 151,397,398,0,795,50.06,52,6.5,443,122,2,628,P1,321,70.5,19.4,329,99,684,P1,False,A,1,,0,339,
South 24 Parganas,224,S24P-224,152,Club Building 152,306,294,0,600,49.0,53,8.8,326,135,6,528,P1,191,61.7,25.6,266,88,460,P1,False,B,3,,0,256,
South 24 Parganas,224,S24P-224,153,Madrasa 153,406,367,1,774,47.42,44,5.7,293,214,8,646,P1,79,45.4,33.1,378,174,677,P1,False,B,3,,0,330,
South 24 Parganas,224,S24P-224,154,Club Building 154,374,336,0,710,47.32,59,8.3,334,63,7,567,P1,178,58.9,11.1,419,111,589,P1,False,B,3,,0,302,
South 24 Parganas,224,S24P-224,155,Club Building 155,353,323,0,676,47.78,43,6.4,314,167,2,553,P1,147,56.8,30.2,297,157,591,P1,False,B,3,,0,288,
South 24 Parganas,224,S24P-224,156,Club Building 156,286,289,1,576,50.17,34,5.9,260,102,7,443,P1,158,58.7,23.0,285,136,492,P1,False,B,3,,0,245,
South 24 Parganas,224,S24P-224,157,Market Building 157,293,301,0,594,50.67,53,8.9,254,179,2,487,P1,75,52.2,36.8,275,161,484,P1,False,B,3,,0,253,
South 24 Parganas,224,S24P-224,158,High School 158,332,318,1,651,48.85,54,8.3,333,117,3,500,P1,216,66.6,23.4,300,200,555,P1,False,A,1,,0,277,
South 24 Parganas,224,S24P-224,159,Anganwadi Centre 159,363,361,1,725,49.79,63,8.7,368,179,8,627,P1,189,58.7,28.5,350,194,610,P1,False,B,3,,0,309,
South 24 Parganas,224,S24P-224,160,Primary School 160,280,275,0,555,49.55,37,6.7,284,136,3,466,P1,148,60.9,29.2,215,76,442,P1,False,B,3,,0,236,
South 24 Parganas,224,S24P-224,161,High School 161,354,341,1,696,48.99,45,6.5,371,162,6,592,P1,209,62.7,27.4,362,136,585,P1,False,B,3,,0,296,
South 24 Parganas,224,S24P-224,162,Post Office 162,324,290,1,615,47.15,49,8.0,317,136,2,503,P1,181,63.0,27.0,319,123,491,P1,False,B,3,,0,262,
South 24 Parganas,224,S24P-224,163,Primary School 163,286,269,1,556,48.38,29,5.2,324,91,5,461,P1,233,70.3,19.7,254,129,486,P1,False,A,1,,0,237,
South 24 Parganas,224,S24P-224,164,Anganwadi Centre 164,384,382,1,767,49.8,40,5.2,377,194,8,652,P1,183,57.8,29.8,327,121,587,P1,False,B,3,,0,327,
South 24 Parganas,224,S24P-224,165,High School 165,314,320,1,635,50.39,33,5.2,381,76,4,508,P1,305,75.0,15.0,275,135,533,P1,False,A,1,,0,270,
South 24 Parganas,224,S24P-224,166,Panchayat Bhavan 166,351,346,1,698,49.57,48,6.9,293,109,10,547,P1,163,53.6,19.9,428,68,551,P1,False,B,3,,0,297,
South 24 Parganas,224,S24P-224,167,Community Hall 167,241,239,1,481,49.69,41,8.5,204,58,5,419,P1,56,48.7,13.8,239,137,423,P1,False,B,3,,0,205,
South 24 Parganas,224,S24P-224,168,Health Sub-Centre 168,299,303,0,602,50.33,37,6.1,335,119,3,504,P1,216,66.5,23.6,298,128,499,P1,False,A,1,,0,256,
South 24 Parganas,224,S24P-224,169,Temple Hall 169,412,388,0,800,48.5,57,7.1,359,240,3,665,P1,119,54.0,36.1,339,195,705,P1,False,B,3,,0,341,
South 24 Parganas,224,S24P-224,170,Madrasa 170,369,372,1,742,50.13,64,8.6,452,126,4,643,P1,326,70.3,19.6,418,133,612,P1,False,A,1,,0,316,
South 24 Parganas,225,S24P-225,1,Temple Hall 1,391,361,0,752,48.01,111,14.8,356,166,5,580,P1,190,61.4,28.6,349,100,664,P1,False,D,4,,0,320,
South 24 Parganas,225,S24P-225,2,Community Hall 2,398,364,1,763,47.71,76,10.0,304,146,16,616,P1,158,49.4,23.7,368,180,640,P1,False,B,3,,0,325,
South 24 Parganas,225,S24P-225,3,Club Building 3,397,410,1,808,50.74,95,11.8,363,158,6,636,P1,205,57.1,24.8,371,228,666,P1,False,D,4,,0,344,
South 24 Parganas,225,S24P-225,4,Anganwadi Centre 4,264,252,0,516,48.84,55,10.7,231,118,9,454,P1,113,50.9,26.0,259,110,410,P1,False,D,4,,0,220,
South 24 Parganas,225,S24P-225,5,Health Sub-Centre 5,389,377,1,767,49.15,94,12.3,479,104,2,648,P1,375,73.9,16.0,440,113,614,P1,False,D,4,,0,327,
South 24 Parganas,225,S24P-225,6,Market Building 6,369,357,0,726,49.17,62,8.5,375,195,5,634,P1,180,59.1,30.8,339,163,607,P1,False,B,3,,0,309,
South 24 Parganas,225,S24P-225,7,Club Building 7,306,278,0,584,47.6,52,8.9,270,120,2,464,P1,150,58.2,25.9,273,152,493,P1,False,B,3,,0,249,
South 24 Parganas,225,S24P-225,8,Temple Hall 8,298,283,0,581,48.71,71,12.2,289,127,4,463,P1,162,62.4,27.4,249,134,453,P1,False,D,4,,0,247,
South 24 Parganas,225,S24P-225,9,Community Hall 9,281,276,0,557,49.55,58,10.4,207,128,9,430,P1,79,48.1,29.8,277,113,433,P1,False,D,4,,0,237,
South 24 Parganas,225,S24P-225,10,Panchayat Bhavan 10,397,368,0,765,48.1,67,8.8,434,124,4,621,P1,310,69.9,20.0,396,146,626,P1,False,A,1,,0,326,
South 24 Parganas,225,S24P-225,11,Anganwadi Centre 11,401,378,1,780,48.46,84,10.8,394,181,4,644,P1,213,61.2,28.1,383,139,684,P1,False,D,4,,0,332,
South 24 Parganas,225,S24P-225,12,Anganwadi Centre 12,300,287,1,588,48.81,66,11.2,329,107,4,486,P1,222,67.7,22.0,304,81,475,P1,False,D,4,,0,250,
South 24 Parganas,225,S24P-225,13,Anganwadi Centre 13,361,326,0,687,47.45,74,10.8,373,152,6,587,P1,221,63.5,25.9,313,162,542,P1,False,D,4,,0,293,
South 24 Parganas,225,S24P-225,14,Market Building 14,384,391,1,776,50.39,109,14.0,364,188,7,614,P1,176,59.3,30.6,376,198,662,P1,False,D,4,,0,330,
South 24 Parganas,225,S24P-225,15,Temple Hall 15,370,350,0,720,48.61,93,12.9,372,176,7,609,P1,196,61.1,28.9,343,111,555,P1,False,D,4,,0,307,
South 24 Parganas,225,S24P-225,16,Panchayat Bhavan 16,253,247,1,501,49.3,63,12.6,208,114,12,434,P1,94,47.9,26.3,227,131,429,P1,False,D,4,,0,213,
South 24 Parganas,225,S24P-225,17,Market Building 17,312,297,0,609,48.77,53,8.7,281,158,4,497,P1,123,56.5,31.8,303,135,502,P1,False,B,3,,0,259,
South 24 Parganas,225,S24P-225,18,High School 18,364,368,0,732,50.27,88,12.0,383,135,3,575,P1,248,66.6,23.5,432,113,611,P1,False,D,4,,0,312,
South 24 Parganas,225,S24P-225,19,High School 19,276,261,1,538,48.51,55,10.2,284,127,2,474,P1,157,59.9,26.8,301,94,439,P1,False,D,4,,0,229,
South 24 Parganas,225,S24P-225,20,Panchayat Bhavan 20,259,234,0,493,47.46,76,15.4,267,111,4,420,P1,156,63.6,26.4,268,98,407,P1,False,D,4,,0,210,
South 24 Parganas,225,S24P-225,21,Govt Office 21,401,376,1,778,48.33,121,15.6,362,159,13,656,P1,203,55.2,24.2,456,137,659,P1,False,D,4,,0,331,
South 24 Parganas,225,S24P-225,22,Post Office 22,384,365,1,750,48.67,78,10.4,376,100,5,590,P1,273,63.7,16.9,443,121,627,P1,False,D,4,,0,319,
South 24 Parganas,225,S24P-225,23,Anganwadi Centre 23,271,255,1,527,48.39,62,11.8,344,72,5,462,P1,272,74.5,15.6,297,110,452,P1,False,D,4,,0,224,
South 24 Parganas,225,S24P-225,24,Madrasa 24,280,256,1,537,47.67,65,12.1,295,103,4,443,P1,192,66.6,23.3,277,110,430,P1,False,D,4,,0,229,
South 24 Parganas,225,S24P-225,25,Panchayat Bhavan 25,352,348,1,701,49.64,97,13.8,411,141,3,614,P1,270,66.9,23.0,278,144,541,P1,False,D,4,,0,299,
South 24 Parganas,225,S24P-225,26,High School 26,385,363,0,748,48.53,74,9.9,336,166,5,579,P1,170,58.0,28.7,383,144,586,P1,False,B,3,,0,319,
South 24 Parganas,225,S24P-225,27,Post Office 27,293,299,1,593,50.42,54,9.1,274,136,7,472,P1,138,58.1,28.8,288,165,517,P1,False,B,3,,0,253,
South 24 Parganas,225,S24P-225,28,Primary School 28,297,272,0,569,47.8,82,14.4,301,137,2,487,P1,164,61.8,28.1,311,102,459,P1,False,D,4,,0,242,
South 24 Parganas,225,S24P-225,29,Community Hall 29,293,286,0,579,49.4,78,13.5,273,120,6,453,P1,153,60.3,26.5,287,153,489,P1,False,D,4,,0,247,
South 24 Parganas,225,S24P-225,30,Panchayat Bhavan 30,247,237,1,485,48.87,48,9.9,225,121,5,384,P1,104,58.6,31.5,267,88,395,P1,False,B,3,,0,207,
South 24 Parganas,225,S24P-225,31,Health Sub-Centre 31,334,321,0,655,49.01,96,14.7,353,116,2,521,P1,237,67.8,22.3,345,172,574,P1,False,D,4,,0,279,
South 24 Parganas,225,S24P-225,32,Govt Office 32,403,397,1,801,49.56,70,8.7,407,132,6,699,P1,259,58.2,18.9,385,149,680,P1,False,B,3,,0,341,
South 24 Parganas,225,S24P-225,33,Community Hall 33,325,292,0,617,47.33,60,9.7,373,108,6,535,P1,265,69.7,20.2,277,152,476,P1,False,A,1,,0,263,
South 24 Parganas,225,S24P-225,34,Health Sub-Centre 34,318,324,1,643,50.39,79,12.3,378,89,4,519,P1,289,72.8,17.1,314,134,497,P1,False,D,4,,0,274,
South 24 Parganas,225,S24P-225,35,Market Building 35,254,242,0,496,48.79,48,9.7,291,86,2,419,P1,205,69.5,20.5,271,101,434,P1,False,A,1,,0,211,
South 24 Parganas,225,S24P-225,36,Community Hall 36,326,332,0,658,50.46,91,13.8,275,144,4,538,P1,131,51.1,26.8,389,98,542,P1,False,D,4,,0,280,
South 24 Parganas,225,S24P-225,37,Madrasa 37,379,359,0,738,48.64,81,11.0,432,107,6,598,P1,325,72.2,17.9,326,181,579,P1,False,D,4,,0,314,
South 24 Parganas,225,S24P-225,38,Health Sub-Centre 38,412,381,0,793,48.05,77,9.7,434,166,5,686,P1,268,63.3,24.2,425,150,648,P1,False,B,3,,0,338,
South 24 Parganas,225,S24P-225,39,Post Office 39,331,328,1,660,49.7,70,10.6,342,144,5,548,P1,198,62.4,26.3,325,120,548,P1,False,D,4,,0,281,
South 24 Parganas,225,S24P-225,40,Primary School 40,261,267,0,528,50.57,49,9.3,233,118,6,417,P1,115,55.9,28.3,251,108,451,P1,False,B,3,,0,225,
South 24 Parganas,225,S24P-225,41,Community Hall 41,395,373,1,769,48.5,102,13.3,421,125,3,619,P1,296,68.0,20.2,389,160,610,P1,False,D,4,,0,327,
South 24 Parganas,225,S24P-225,42,Post Office 42,301,297,0,598,49.67,86,14.4,275,120,6,463,P1,155,59.4,25.9,234,172,480,P1,False,D,4,,0,255,
South 24 Parganas,225,S24P-225,43,Panchayat Bhavan 43,278,258,1,537,48.04,74,13.8,276,102,2,421,P1,174,65.6,24.2,286,101,448,P1,False,D,4,,0,229,
South 24 Parganas,225,S24P-225,44,Panchayat Bhavan 44,272,272,0,544,50.0,59,10.8,271,134,2,451,P1,137,60.1,29.7,267,101,421,P1,False,D,4,,0,232,
South 24 Parganas,225,S24P-225,45,Community Hall 45,329,310,1,640,48.44,74,11.6,362,81,4,514,P1,281,70.4,15.8,304,174,531,P1,False,D,4,,0,273,
South 24 Parganas,225,S24P-225,46,Post Office 46,344,342,1,687,49.78,59,8.6,358,157,3,572,P1,201,62.6,27.4,263,113,553,P1,False,B,3,,0,293,
South 24 Parganas,225,S24P-225,47,Market Building 47,409,392,0,801,48.94,111,13.9,423,203,5,696,P1,220,60.8,29.2,342,208,701,P1,False,D,4,,0,341,
South 24 Parganas,225,S24P-225,48,Madrasa 48,382,364,0,746,48.79,109,14.6,473,95,3,631,P1,378,75.0,15.1,384,142,640,P1,False,D,4,,0,318,
South 24 Parganas,225,S24P-225,49,High School 49,254,245,1,500,49.0,76,15.2,257,112,4,410,P1,145,62.7,27.3,219,122,409,P1,False,D,4,,0,213,
South 24 Parganas,225,S24P-225,50,Health Sub-Centre 50,295,299,1,595,50.25,68,11.4,275,143,4,474,P1,132,58.0,30.2,302,120,513,P1,False,D,4,,0,253,
South 24 Parganas,225,S24P-225,51,Post Office 51,317,321,0,638,50.31,68,10.7,336,111,7,519,P1,225,64.7,21.4,309,131,489,P1,False,D,4,,0,272,
South 24 Parganas,225,S24P-225,52,Market Building 52,358,329,0,687,47.89,85,12.4,356,136,6,547,P1,220,65.1,24.9,281,150,550,P1,False,D,4,,0,293,
South 24 Parganas,225,S24P-225,53,Post Office 53,412,396,0,808,49.01,110,13.6,359,163,11,632,P1,196,56.8,25.8,352,195,667,P1,False,D,4,,0,344,
South 24 Parganas,225,S24P-225,54,Post Office 54,289,268,1,558,48.03,69,12.4,291,139,4,478,P1,152,60.9,29.1,316,128,493,P1,False,D,4,,0,238,
South 24 Parganas,225,S24P-225,55,Panchayat Bhavan 55,367,345,1,713,48.39,67,9.4,387,160,8,629,P1,227,61.5,25.4,290,137,559,P1,False,B,3,,0,304,
South 24 Parganas,225,S24P-225,56,Market Building 56,357,328,1,686,47.81,67,9.8,406,119,2,584,P1,287,69.5,20.4,324,134,565,P1,False,A,1,,0,292,
South 24 Parganas,225,S24P-225,57,Club Building 57,288,280,0,568,49.3,71,12.5,240,133,5,436,P1,107,55.0,30.5,262,109,439,P1,False,D,4,,0,242,
South 24 Parganas,225,S24P-225,58,Market Building 58,347,355,0,702,50.57,93,13.2,380,160,2,600,P1,220,63.3,26.7,285,221,567,P1,False,D,4,,0,299,
South 24 Parganas,225,S24P-225,59,Primary School 59,246,240,1,487,49.28,64,13.1,232,87,4,379,P1,145,61.2,23.0,237,108,392,P1,False,D,4,,0,207,
South 24 Parganas,225,S24P-225,60,Panchayat Bhavan 60,249,251,1,501,50.1,78,15.6,236,114,1,389,P1,122,60.7,29.3,232,123,394,P1,False,D,4,,0,213,
South 24 Parganas,225,S24P-225,61,Club Building 61,314,323,0,637,50.71,56,8.8,347,112,3,518,P1,235,67.0,21.6,363,113,529,P1,False,A,1,,0,271,
South 24 Parganas,225,S24P-225,62,Anganwadi Centre 62,263,240,0,503,47.71,62,12.3,233,95,7,393,P1,138,59.3,24.2,238,136,419,P1,False,D,4,,0,214,
South 24 Parganas,225,S24P-225,63,Panchayat Bhavan 63,304,306,0,610,50.16,84,13.8,222,181,7,471,P1,41,47.1,38.4,311,122,525,P1,False,D,4,,0,260,
South 24 Parganas,225,S24P-225,64,Market Building 64,258,261,1,520,50.19,79,15.2,241,123,2,418,P1,118,57.7,29.4,254,130,426,P1,False,D,4,,0,221,
South 24 Parganas,225,S24P-225,65,Club Building 65,365,333,0,698,47.71,73,10.5,292,110,18,577,P1,140,50.6,19.1,385,152,596,P1,False,D,4,,0,297,
South 24 Parganas,225,S24P-225,66,Health Sub-Centre 66,243,247,0,490,50.41,63,12.9,264,94,3,398,P1,170,66.3,23.6,252,94,402,P1,False,D,4,,0,209,
South 24 Parganas,225,S24P-225,67,Anganwadi Centre 67,289,263,0,552,47.64,54,9.8,281,103,8,457,P1,178,61.5,22.5,288,139,475,P1,False,B,3,,0,235,
South 24 Parganas,225,S24P-225,68,Market Building 68,311,314,0,625,50.24,77,12.3,279,107,13,518,P1,166,53.9,20.7,330,157,541,P1,False,D,4,,0,266,
South 24 Parganas,225,S24P-225,69,Panchayat Bhavan 69,403,410,1,814,50.37,85,10.4,354,127,8,636,P1,213,55.7,20.0,368,182,639,P1,False,D,4,,0,347,
South 24 Parganas,225,S24P-225,70,Community Hall 70,274,283,1,558,50.72,59,10.6,218,106,10,433,P1,112,50.3,24.5,244,124,461,P1,False,D,4,,0,238,
South 24 Parganas,225,S24P-225,71,Madrasa 71,262,245,0,507,48.32,46,9.1,259,111,3,411,P1,148,63.0,27.0,252,86,418,P1,False,B,3,,0,216,
South 24 Parganas,225,S24P-225,72,Health Sub-Centre 72,251,232,1,484,47.93,49,10.1,219,106,5,426,P1,113,51.4,24.9,241,107,387,P1,False,D,4,,0,206,
South 24 Parganas,225,S24P-225,73,Community Hall 73,353,361,1,715,50.49,72,10.1,306,243,2,610,P1,63,50.2,39.8,388,175,625,P1,False,D,4,,0,304,
South 24 Parganas,225,S24P-225,74,Club Building 74,372,373,1,746,50.0,102,13.7,422,152,5,638,P1,270,66.1,23.8,370,167,642,P1,False,D,4,,0,318,
South 24 Parganas,225,S24P-225,75,Panchayat Bhavan 75,270,253,1,524,48.28,60,11.5,198,154,3,401,P1,44,49.4,38.4,265,97,456,P1,False,D,4,,0,223,
South 24 Parganas,225,S24P-225,76,Panchayat Bhavan 76,335,301,0,636,47.33,65,10.2,306,142,5,561,P1,164,54.5,25.3,287,122,508,P1,False,D,4,,0,271,
South 24 Parganas,225,S24P-225,77,Temple Hall 77,250,251,0,501,50.1,56,11.2,240,121,4,401,P1,119,59.9,30.2,280,86,407,P1,False,D,4,,0,213,
South 24 Parganas,225,S24P-225,78,Temple Hall 78,377,367,0,744,49.33,82,11.0,380,190,7,657,P1,190,57.8,28.9,391,121,569,P1,False,D,4,,0,317,
South 24 Parganas,225,S24P-225,79,High School 79,381,351,0,732,47.95,80,10.9,328,173,10,644,P1,155,50.9,26.9,270,146,596,P1,False,D,4,,0,312,
South 24 Parganas,225,S24P-225,80,Community Hall 80,290,289,1,580,49.83,68,11.7,275,144,2,466,P1,131,59.0,30.9,276,106,484,P1,False,D,4,,0,247,
South 24 Parganas,225,S24P-225,81,Club Building 81,388,385,0,773,49.81,72,9.3,361,210,7,660,P1,151,54.7,31.8,409,189,665,P1,False,B,3,,0,329,
South 24 Parganas,225,S24P-225,82,High School 82,333,312,0,645,48.37,59,9.1,294,126,7,500,P1,168,58.8,25.2,371,92,514,P1,False,B,3,,0,275,
South 24 Parganas,225,S24P-225,83,Govt Office 83,279,279,0,558,50.0,77,13.8,290,128,2,465,P1,162,62.4,27.5,234,171,450,P1,False,D,4,,0,238,
South 24 Parganas,225,S24P-225,84,Health Sub-Centre 84,354,340,1,695,48.92,104,15.0,292,122,6,549,P1,169,53.2,22.2,445,78,582,P1,False,D,4,,0,296,
South 24 Parganas,225,S24P-225,85,Temple Hall 85,401,412,0,813,50.68,95,11.7,515,126,7,713,P1,389,72.2,17.7,423,207,700,P1,False,D,4,,0,346,
South 24 Parganas,225,S24P-225,86,Panchayat Bhavan 86,416,401,1,818,49.02,123,15.0,318,246,6,722,P1,72,44.0,34.1,440,191,702,P1,False,D,4,,0,348,
South 24 Parganas,225,S24P-225,87,High School 87,379,387,1,767,50.46,110,14.3,380,141,6,589,P1,239,64.5,23.9,370,123,656,P1,False,D,4,,0,327,
South 24 Parganas,225,S24P-225,88,High School 88,366,349,1,716,48.74,95,13.3,320,185,5,573,P1,135,55.8,32.3,402,114,574,P1,False,D,4,,0,305,
South 24 Parganas,225,S24P-225,89,Temple Hall 89,326,295,1,622,47.43,75,12.1,275,163,5,505,P1,112,54.5,32.3,271,149,516,P1,False,D,4,,0,265,
South 24 Parganas,225,S24P-225,90,Panchayat Bhavan 90,372,338,1,711,47.54,67,9.4,325,151,3,544,P1,174,59.7,27.8,364,150,571,P1,False,B,3,,0,303,
South 24 Parganas,225,S24P-225,91,High School 91,332,309,0,641,48.21,81,12.6,247,124,9,543,P1,90,45.5,22.8,259,136,508,P1,False,D,4,,0,273,
South 24 Parganas,225,S24P-225,92,Govt Office 92,266,240,1,507,47.34,54,10.7,271,70,2,397,P1,201,68.3,17.6,257,124,423,P1,False,D,4,,0,216,
South 24 Parganas,225,S24P-225,93,Temple Hall 93,307,313,0,620,50.48,75,12.1,379,87,3,518,P1,292,73.2,16.8,288,82,508,P1,False,D,4,,0,264,
South 24 Parganas,225,S24P-225,94,Post Office 94,346,331,1,678,48.82,99,14.6,349,122,4,542,P1,227,64.4,22.5,273,142,528,P1,False,D,4,,0,289,
South 24 Parganas,225,S24P-225,95,Market Building 95,399,386,0,785,49.17,115,14.6,473,124,6,663,P1,349,71.3,18.7,408,208,685,P1,False,D,4,,0,334,
South 24 Parganas,225,S24P-225,96,Health Sub-Centre 96,358,328,1,687,47.74,78,11.4,423,69,5,547,P1,354,77.3,12.6,347,129,560,P1,False,D,4,,0,293,
South 24 Parganas,225,S24P-225,97,Temple Hall 97,311,282,1,594,47.47,65,10.9,284,141,5,473,P1,143,60.0,29.8,294,165,511,P1,False,D,4,,0,253,
South 24 Parganas,225,S24P-225,98,Primary School 98,326,312,0,638,48.9,74,11.6,350,131,5,538,P1,219,65.1,24.3,343,164,563,P1,False,D,4,,0,272,
South 24 Parganas,225,S24P-225,99,Govt Office 99,293,280,1,574,48.78,64,11.1,253,83,12,458,P1,147,55.2,18.1,260,129,478,P1,False,D,4,,0,244,
South 24 Parganas,225,S24P-225,100,High School 100,309,278,0,587,47.36,89,15.2,253,150,5,453,P1,103,55.8,33.1,316,100,462,P1,False,D,4,,0,250,
South 24 Parganas,225,S24P-225,101,Panchayat Bhavan 101,301,309,1,611,50.57,79,12.9,387,48,3,484,P1,339,80.0,9.9,323,113,485,P1,False,D,4,,0,260,
South 24 Parganas,225,S24P-225,102,Madrasa 102,372,355,0,727,48.83,94,12.9,360,111,5,567,P1,249,63.5,19.6,263,152,578,P1,False,D,4,,0,310,
South 24 Parganas,225,S24P-225,103,Club Building 103,338,323,0,661,48.87,91,13.8,379,115,2,549,P1,264,69.0,20.9,343,156,554,P1,False,D,4,,0,281,
South 24 Parganas,225,S24P-225,104,High School 104,254,229,1,484,47.31,71,14.7,257,115,4,414,P1,142,62.1,27.8,270,90,400,P1,False,D,4,,0,206,
South 24 Parganas,225,S24P-225,105,Club Building 105,318,304,1,623,48.8,80,12.8,228,124,12,518,P1,79,44.0,23.9,296,105,516,P1,False,D,4,,0,265,
South 24 Parganas,225,S24P-225,106,Anganwadi Centre 106,325,312,1,638,48.9,94,14.7,306,98,6,496,P1,208,61.7,19.8,350,115,517,P1,False,D,4,,0,272,
South 24 Parganas,225,S24P-225,107,Primary School 107,270,245,1,516,47.48,78,15.1,244,101,5,422,P1,143,57.8,23.9,169,89,421,P1,False,D,4,,0,220,
South 24 Parganas,225,S24P-225,108,Anganwadi Centre 108,329,340,1,670,50.75,71,10.6,354,162,4,573,P1,192,61.8,28.3,321,155,553,P1,False,D,4,,0,285,
South 24 Parganas,225,S24P-225,109,Temple Hall 109,412,372,0,784,47.45,88,11.2,369,173,12,690,P1,196,53.5,25.1,455,152,675,P1,False,D,4,,0,334,
South 24 Parganas,225,S24P-225,110,Health Sub-Centre 110,344,354,0,698,50.72,66,9.5,334,153,12,604,P1,181,55.3,25.3,350,153,559,P1,False,B,3,,0,297,
South 24 Parganas,225,S24P-225,111,Primary School 111,404,364,1,769,47.33,72,9.4,373,161,15,659,P1,212,56.6,24.4,311,229,630,P1,False,B,3,,0,327,
South 24 Parganas,225,S24P-225,112,Temple Hall 112,389,399,1,789,50.57,85,10.8,460,158,8,695,P1,302,66.2,22.7,355,152,622,P1,False,D,4,,0,336,
South 24 Parganas,225,S24P-225,113,Madrasa 113,291,284,1,576,49.31,86,14.9,250,129,9,477,P1,121,52.4,27.0,276,109,471,P1,False,D,4,,0,245,
South 24 Parganas,225,S24P-225,114,Health Sub-Centre 114,331,312,0,643,48.52,84,13.1,283,119,7,527,P1,164,53.7,22.6,319,99,535,P1,False,D,4,,0,274,
South 24 Parganas,225,S24P-225,115,Market Building 115,293,281,0,574,48.95,55,9.6,329,62,2,458,P1,267,71.8,13.5,296,100,463,P1,False,A,1,,0,244,
South 24 Parganas,225,S24P-225,116,Panchayat Bhavan 116,333,315,0,648,48.61,76,11.7,427,53,3,534,P1,374,80.0,9.9,407,95,558,P1,False,D,4,,0,276,
South 24 Parganas,225,S24P-225,117,Govt Office 117,409,366,1,776,47.16,83,10.7,477,137,5,683,P1,340,69.8,20.1,291,173,600,P1,False,D,4,,0,330,
South 24 Parganas,225,S24P-225,118,Health Sub-Centre 118,295,299,0,594,50.34,91,15.3,346,87,3,481,P1,259,71.9,18.1,300,61,462,P1,False,D,4,,0,253,
South 24 Parganas,225,S24P-225,119,Govt Office 119,358,331,0,689,48.04,75,10.9,369,122,4,595,P1,247,62.0,20.5,407,140,607,P1,False,D,4,,0,293,
South 24 Parganas,225,S24P-225,120,High School 120,416,400,1,817,48.96,89,10.9,469,167,6,706,P1,302,66.4,23.7,358,110,680,P1,False,D,4,,0,348,
South 24 Parganas,225,S24P-225,121,Govt Office 121,338,309,1,648,47.69,86,13.3,364,82,6,496,P1,282,73.4,16.5,276,133,497,P1,False,D,4,,0,276,
South 24 Parganas,225,S24P-225,122,Club Building 122,260,249,0,509,48.92,70,13.8,298,82,5,429,P1,216,69.5,19.1,295,108,448,P1,False,D,4,,0,217,
South 24 Parganas,225,S24P-225,123,Madrasa 123,354,334,0,688,48.55,100,14.5,330,174,5,561,P1,156,58.8,31.0,252,138,543,P1,False,D,4,,0,293,
South 24 Parganas,225,S24P-225,124,Primary School 124,312,282,0,594,47.47,89,15.0,299,162,5,513,P1,137,58.3,31.6,286,74,476,P1,False,D,4,,0,253,
South 24 Parganas,225,S24P-225,125,Market Building 125,326,315,0,641,49.14,76,11.9,251,129,12,505,P1,122,49.7,25.5,273,116,502,P1,False,D,4,,0,273,
South 24 Parganas,225,S24P-225,126,Community Hall 126,381,357,0,738,48.37,66,8.9,380,149,6,588,P1,231,64.6,25.3,406,130,603,P1,False,B,3,,0,314,
South 24 Parganas,225,S24P-225,127,Health Sub-Centre 127,268,258,1,527,48.96,58,11.0,262,92,7,420,P1,170,62.4,21.9,244,146,434,P1,False,D,4,,0,224,
South 24 Parganas,225,S24P-225,128,Madrasa 128,367,349,1,717,48.68,94,13.1,378,132,7,566,P1,246,66.8,23.3,412,128,600,P1,False,D,4,,0,305,
South 24 Parganas,225,S24P-225,129,Temple Hall 129,392,392,1,785,49.94,78,9.9,386,218,5,671,P1,168,57.5,32.5,391,170,624,P1,False,B,3,,0,334,
South 24 Parganas,225,S24P-225,130,Madrasa 130,370,377,0,747,50.47,85,11.4,370,147,4,574,P1,223,64.5,25.6,399,77,626,P1,False,D,4,,0,318,
South 24 Parganas,225,S24P-225,131,Temple Hall 131,411,374,1,786,47.58,115,14.6,406,167,3,637,P1,239,63.7,26.2,457,115,635,P1,False,D,4,,0,335,
South 24 Parganas,225,S24P-225,132,Market Building 132,333,321,0,654,49.08,83,12.7,354,148,3,558,P1,206,63.4,26.5,418,99,574,P1,False,D,4,,0,279,
South 24 Parganas,225,S24P-225,133,Health Sub-Centre 133,391,376,1,768,48.96,72,9.4,423,110,2,592,P1,313,71.5,18.6,394,168,638,P1,False,A,1,,0,327,
South 24 Parganas,225,S24P-225,134,Post Office 134,330,333,0,663,50.23,64,9.7,305,172,9,574,P1,133,53.1,30.0,367,136,586,P1,False,B,3,,0,282,
South 24 Parganas,225,S24P-225,135,Madrasa 135,344,309,0,653,47.32,67,10.3,318,138,7,516,P1,180,61.6,26.7,321,141,514,P1,False,D,4,,0,278,
South 24 Parganas,225,S24P-225,136,Primary School 136,383,359,0,742,48.38,79,10.6,325,194,8,651,P1,131,49.9,29.8,334,191,583,P1,False,D,4,,0,316,
South 24 Parganas,225,S24P-225,137,Post Office 137,424,388,0,812,47.78,101,12.4,419,222,5,712,P1,197,58.8,31.2,356,145,631,P1,False,D,4,,0,346,
South 24 Parganas,225,S24P-225,138,Madrasa 138,280,289,1,570,50.7,72,12.6,314,99,5,459,P1,215,68.4,21.6,303,149,502,P1,False,D,4,,0,243,
South 24 Parganas,225,S24P-225,139,Govt Office 139,378,348,1,727,47.87,99,13.6,333,185,3,575,P1,148,57.9,32.2,363,127,592,P1,False,D,4,,0,310,
South 24 Parganas,225,S24P-225,140,Anganwadi Centre 140,302,304,0,606,50.17,67,11.1,341,103,6,493,P1,238,69.2,20.9,337,141,532,P1,False,D,4,,0,258,
South 24 Parganas,225,S24P-225,141,Post Office 141,402,400,0,802,49.88,71,8.9,392,150,12,681,P1,242,57.6,22.0,360,179,637,P1,False,B,3,,0,342,
South 24 Parganas,225,S24P-225,142,Community Hall 142,332,313,0,645,48.53,91,14.1,331,142,9,552,P1,189,60.0,25.7,344,110,505,P1,False,D,4,,0,275,
South 24 Parganas,225,S24P-225,143,Govt Office 143,346,356,0,702,50.71,72,10.3,336,178,3,584,P1,158,57.5,30.5,387,108,550,P1,False,D,4,,0,299,
South 24 Parganas,225,S24P-225,144,Temple Hall 144,308,280,0,588,47.62,77,13.1,287,114,4,455,P1,173,63.1,25.1,334,127,512,P1,False,D,4,,0,250,
South 24 Parganas,225,S24P-225,145,Primary School 145,266,259,0,525,49.33,67,12.8,196,110,9,425,P1,86,46.1,25.9,260,113,414,P1,False,D,4,,0,224,
South 24 Parganas,225,S24P-225,146,Temple Hall 146,356,333,0,689,48.33,106,15.4,377,134,4,592,P1,243,63.7,22.6,333,116,534,P1,False,D,4,,0,293,
South 24 Parganas,225,S24P-225,147,Health Sub-Centre 147,418,386,1,805,47.95,110,13.7,332,165,14,620,P1,167,53.5,26.6,444,108,651,P1,False,D,4,,0,343,
South 24 Parganas,225,S24P-225,148,High School 148,335,316,0,651,48.54,56,8.6,272,104,16,550,P1,119,49.5,18.9,246,110,501,P1,False,B,3,,0,277,
South 24 Parganas,225,S24P-225,149,Madrasa 149,245,243,0,488,49.8,73,15.0,261,104,5,405,P1,157,64.4,25.7,234,133,407,P1,False,D,4,,0,208,
South 24 Parganas,225,S24P-225,150,Health Sub-Centre 150,384,371,0,755,49.14,102,13.5,362,199,9,654,P1,163,55.4,30.4,357,135,645,P1,False,D,4,,0,322,
South 24 Parganas,225,S24P-225,151,Panchayat Bhavan 151,311,319,0,630,50.63,88,14.0,341,148,4,543,P1,193,62.8,27.3,360,53,531,P1,False,D,4,,0,268,
South 24 Parganas,225,S24P-225,152,Anganwadi Centre 152,297,298,0,595,50.08,73,12.3,293,121,2,460,P1,172,63.7,26.3,225,109,460,P1,False,D,4,,0,253,
South 24 Parganas,225,S24P-225,153,Primary School 153,320,322,1,643,50.08,99,15.4,241,150,12,527,P1,91,45.7,28.5,309,149,509,P1,False,D,4,,0,274,
South 24 Parganas,225,S24P-225,154,Club Building 154,382,353,1,736,47.96,102,13.9,323,171,5,578,P1,152,55.9,29.6,369,149,629,P1,False,D,4,,0,313,
South 24 Parganas,225,S24P-225,155,Panchayat Bhavan 155,420,383,1,804,47.64,89,11.1,312,178,8,635,P1,134,49.1,28.0,350,195,664,P1,False,D,4,,0,342,
South 24 Parganas,225,S24P-225,156,Temple Hall 156,295,280,1,576,48.61,80,13.9,267,99,6,468,P1,168,57.1,21.2,259,149,499,P1,False,D,4,,0,245,
South 24 Parganas,225,S24P-225,157,Health Sub-Centre 157,395,361,0,756,47.75,75,9.9,329,170,3,592,P1,159,55.6,28.7,349,185,629,P1,False,B,3,,0,322,
South 24 Parganas,225,S24P-225,158,Temple Hall 158,367,355,1,723,49.1,64,8.9,362,146,2,565,P1,216,64.1,25.8,398,148,607,P1,False,B,3,,0,308,
South 24 Parganas,225,S24P-225,159,Community Hall 159,364,352,1,717,49.09,86,12.0,337,175,6,578,P1,162,58.3,30.3,313,172,602,P1,False,D,4,,0,305,
South 24 Parganas,225,S24P-225,160,Health Sub-Centre 160,242,244,0,486,50.21,68,14.0,237,78,10,429,P1,137,55.2,18.2,190,103,396,P1,False,D,4,,0,207,
South 24 Parganas,225,S24P-225,161,Panchayat Bhavan 161,304,284,0,588,48.3,88,15.0,313,154,4,519,P1,159,60.3,29.7,321,119,488,P1,False,D,4,,0,250,
South 24 Parganas,225,S24P-225,162,High School 162,256,230,1,487,47.23,62,12.7,242,110,3,391,P1,132,61.9,28.1,214,105,393,P1,False,D,4,,0,207,
South 24 Parganas,225,S24P-225,163,Market Building 163,274,279,0,553,50.45,78,14.1,324,97,5,483,P1,227,67.1,20.1,271,122,436,P1,False,D,4,,0,235,
South 24 Parganas,225,S24P-225,164,Club Building 164,292,295,1,588,50.17,63,10.7,322,128,3,500,P1,194,64.4,25.6,326,131,508,P1,False,D,4,,0,250,
South 24 Parganas,225,S24P-225,165,Temple Hall 165,365,376,1,742,50.67,97,13.1,391,146,6,597,P1,245,65.5,24.5,390,148,610,P1,False,D,4,,0,316,
South 24 Parganas,225,S24P-225,166,Community Hall 166,402,380,0,782,48.59,67,8.6,521,91,5,680,P1,430,76.6,13.4,413,110,689,P1,False,A,1,,0,333,
South 24 Parganas,226,S24P-226,1,Health Sub-Centre 1,384,390,0,774,50.39,68,8.8,389,188,9,653,P1,201,59.6,28.8,522,65,652,P1,False,B,3,,0,330,
South 24 Parganas,226,S24P-226,2,Govt Office 2,268,264,1,533,49.53,46,8.6,279,123,3,447,P1,156,62.4,27.5,252,75,423,P1,False,B,3,,0,227,
South 24 Parganas,226,S24P-226,3,Primary School 3,241,240,0,481,49.9,30,6.2,272,83,3,395,P1,189,68.9,21.0,258,86,405,P1,False,A,1,,0,205,
South 24 Parganas,226,S24P-226,4,Community Hall 4,370,378,1,749,50.47,62,8.3,306,156,12,602,P1,150,50.8,25.9,353,165,593,P1,False,B,3,,0,319,
South 24 Parganas,226,S24P-226,5,Govt Office 5,304,284,0,588,48.3,37,6.3,259,57,13,452,P1,141,57.3,12.6,291,140,479,P1,False,B,3,,0,250,
South 24 Parganas,226,S24P-226,6,Temple Hall 6,384,375,1,760,49.34,40,5.3,347,164,3,592,P1,183,58.6,27.7,327,170,589,P1,False,B,3,,0,324,
South 24 Parganas,226,S24P-226,7,Club Building 7,247,247,1,495,49.9,33,6.7,197,94,12,419,P1,85,47.0,22.4,260,94,393,P1,False,B,3,,0,211,
South 24 Parganas,226,S24P-226,8,Temple Hall 8,356,345,0,701,49.22,51,7.3,295,176,5,609,P1,119,48.4,28.9,316,182,566,P1,False,B,3,,0,299,
South 24 Parganas,226,S24P-226,9,Primary School 9,277,264,1,542,48.71,43,7.9,283,94,4,421,P1,189,67.2,22.3,229,146,417,P1,False,A,1,,0,231,
South 24 Parganas,226,S24P-226,10,Community Hall 10,346,341,0,687,49.64,40,5.8,307,117,14,547,P1,190,56.1,21.4,293,153,573,P1,False,B,3,,0,293,
South 24 Parganas,226,S24P-226,11,Temple Hall 11,264,271,1,536,50.56,27,5.0,253,126,4,464,P1,127,54.5,27.2,258,111,442,P1,False,B,3,,0,228,
South 24 Parganas,226,S24P-226,12,Anganwadi Centre 12,364,353,0,717,49.23,46,6.4,432,102,6,593,P1,330,72.8,17.2,408,144,613,P1,False,A,1,,0,305,
South 24 Parganas,226,S24P-226,13,Community Hall 13,393,372,0,765,48.63,47,6.1,372,135,5,655,P1,235,56.8,20.6,420,143,626,P1,False,B,3,,0,326,
South 24 Parganas,226,S24P-226,14,High School 14,304,309,0,613,50.41,40,6.5,201,126,14,522,P1,26,38.5,24.1,266,84,482,P1,False,B,3,,0,261,
South 24 Parganas,226,S24P-226,15,Govt Office 15,365,366,1,732,50.0,57,7.8,343,168,4,587,P1,175,58.4,28.6,390,145,599,P1,False,B,3,,0,312,
South 24 Parganas,226,S24P-226,16,Govt Office 16,344,334,0,678,49.26,55,8.1,337,122,4,570,P1,215,59.1,21.4,329,64,549,P1,False,B,3,,0,289,
South 24 Parganas,226,S24P-226,17,Anganwadi Centre 17,281,272,0,553,49.19,45,8.1,248,135,7,457,P1,113,54.3,29.5,278,152,486,P1,False,B,3,,0,235,
South 24 Parganas,226,S24P-226,18,High School 18,415,382,0,797,47.93,58,7.3,394,164,7,620,P1,230,63.5,26.5,315,186,636,P1,False,B,3,,0,339,
South 24 Parganas,226,S24P-226,19,Primary School 19,285,289,1,575,50.26,43,7.5,233,154,5,463,P1,79,50.3,33.3,302,120,469,P1,False,B,3,,0,245,
South 24 Parganas,226,S24P-226,20,Anganwadi Centre 20,304,314,0,618,50.81,53,8.6,291,155,4,496,P1,136,58.7,31.2,246,144,494,P1,False,B,3,,0,263,
South 24 Parganas,226,S24P-226,21,Madrasa 21,350,356,1,707,50.35,55,7.8,301,103,6,570,P1,146,52.8,18.1,382,102,562,P1,False,B,3,,0,301,
South 24 Parganas,226,S24P-226,22,Market Building 22,303,301,1,605,49.75,36,6.0,294,176,3,525,P1,118,56.0,33.5,300,145,494,P1,False,B,3,,0,258,
South 24 Parganas,226,S24P-226,23,Panchayat Bhavan 23,269,256,0,525,48.76,31,5.9,206,105,5,430,P1,97,47.9,24.4,230,105,430,P1,False,B,3,,0,224,
South 24 Parganas,226,S24P-226,24,Primary School 24,362,336,0,698,48.14,63,9.0,343,174,6,574,P1,169,59.8,30.3,327,161,560,P1,False,B,3,,0,297,
South 24 Parganas,226,S24P-226,25,Anganwadi Centre 25,372,370,0,742,49.87,56,7.5,234,189,8,571,P1,45,41.0,33.1,377,189,629,P1,False,B,3,,0,316,
South 24 Parganas,226,S24P-226,26,Govt Office 26,391,394,1,786,50.13,53,6.7,299,149,19,611,P1,150,48.9,24.4,426,172,664,P1,False,B,3,,0,335,
South 24 Parganas,226,S24P-226,27,Market Building 27,319,306,0,625,48.96,56,9.0,251,137,7,544,P1,108,46.1,25.2,304,174,531,P1,False,B,3,,0,266,
South 24 Parganas,226,S24P-226,28,High School 28,371,380,0,751,50.6,58,7.7,390,128,2,576,P1,262,67.7,22.2,361,179,631,P1,False,A,1,,0,320,
South 24 Parganas,226,S24P-226,29,Temple Hall 29,260,264,0,524,50.38,40,7.6,279,124,5,459,P1,155,60.8,27.0,248,116,406,P1,False,B,3,,0,223,
South 24 Parganas,226,S24P-226,30,Madrasa 30,286,264,0,550,48.0,29,5.3,323,98,3,468,P1,225,69.0,20.9,302,124,473,P1,False,A,1,,0,234,
South 24 Parganas,226,S24P-226,31,Panchayat Bhavan 31,277,251,0,528,47.54,30,5.7,321,45,3,407,P1,276,78.9,11.1,255,77,419,P1,False,A,1,,0,225,
South 24 Parganas,226,S24P-226,32,Health Sub-Centre 32,431,387,0,818,47.31,41,5.0,426,194,3,698,P1,232,61.0,27.8,439,194,704,P1,False,B,3,,0,348,
South 24 Parganas,226,S24P-226,33,Health Sub-Centre 33,317,285,0,602,47.34,43,7.1,262,127,12,525,P1,135,49.9,24.2,318,134,502,P1,False,B,3,,0,256,
South 24 Parganas,226,S24P-226,34,High School 34,316,303,0,619,48.95,51,8.2,387,72,3,511,P1,315,75.7,14.1,272,158,478,P1,False,A,1,,0,264,
South 24 Parganas,226,S24P-226,35,Market Building 35,354,336,1,691,48.63,46,6.7,341,152,10,575,P1,189,59.3,26.4,361,146,563,P1,False,B,3,,0,294,
South 24 Parganas,226,S24P-226,36,Temple Hall 36,311,283,1,595,47.56,49,8.2,333,99,5,484,P1,234,68.8,20.5,378,65,492,P1,False,A,1,,0,253,
South 24 Parganas,226,S24P-226,37,Govt Office 37,326,313,0,639,48.98,53,8.3,333,152,5,538,P1,181,61.9,28.3,362,138,556,P1,False,B,3,,0,272,
South 24 Parganas,226,S24P-226,38,Community Hall 38,348,355,1,704,50.43,37,5.3,360,155,3,572,P1,205,62.9,27.1,286,128,563,P1,False,B,3,,0,300,
South 24 Parganas,226,S24P-226,39,Panchayat Bhavan 39,275,256,0,531,48.21,28,5.3,248,117,5,422,P1,131,58.8,27.7,227,159,428,P1,False,B,3,,0,226,
South 24 Parganas,226,S24P-226,40,Madrasa 40,365,360,1,726,49.59,46,6.3,338,125,8,635,P1,180,53.2,19.7,406,147,614,P1,False,B,3,,0,309,
South 24 Parganas,226,S24P-226,41,Primary School 41,296,292,0,588,49.66,50,8.5,294,124,2,476,P1,170,61.8,26.1,240,153,493,P1,False,B,3,,0,250,
South 24 Parganas,226,S24P-226,42,Post Office 42,401,407,0,808,50.37,43,5.3,466,167,7,704,P1,299,66.2,23.7,342,125,637,P1,False,A,1,,0,344,
South 24 Parganas,226,S24P-226,43,Temple Hall 43,282,278,0,560,49.64,32,5.7,305,113,4,465,P1,192,65.6,24.3,231,125,430,P1,False,A,1,,0,238,
South 24 Parganas,226,S24P-226,44,Post Office 44,371,348,0,719,48.4,38,5.3,410,135,6,606,P1,275,67.7,22.3,382,118,555,P1,False,A,1,,0,306,
South 24 Parganas,226,S24P-226,45,Govt Office 45,300,280,0,580,48.28,52,9.0,265,116,9,492,P1,149,53.9,23.6,252,122,476,P1,False,B,3,,0,247,
South 24 Parganas,226,S24P-226,46,Temple Hall 46,418,388,0,806,48.14,66,8.2,320,220,6,620,P1,100,51.6,35.5,383,152,644,P1,False,B,3,,0,343,
South 24 Parganas,226,S24P-226,47,Govt Office 47,319,289,0,608,47.53,41,6.7,339,132,4,523,P1,207,64.8,25.2,330,114,512,P1,False,B,3,,0,259,
South 24 Parganas,226,S24P-226,48,Club Building 48,298,270,0,568,47.54,40,7.0,277,139,1,462,P1,138,60.0,30.1,283,139,483,P1,False,B,3,,0,242,
South 24 Parganas,226,S24P-226,49,Govt Office 49,249,231,1,481,48.02,41,8.5,229,111,3,415,P1,118,55.2,26.7,203,88,373,P1,False,B,3,,0,205,
South 24 Parganas,226,S24P-226,50,High School 50,278,250,0,528,47.35,38,7.2,283,86,4,410,P1,197,69.0,21.0,236,109,409,P1,False,A,1,,0,225,
South 24 Parganas,226,S24P-226,51,Primary School 51,397,390,0,787,49.56,44,5.6,373,225,7,664,P1,148,56.2,33.9,385,135,618,P1,False,B,3,,0,335,
South 24 Parganas,226,S24P-226,52,Community Hall 52,244,247,0,491,50.31,25,5.1,255,101,3,421,P1,154,60.6,24.0,201,107,392,P1,False,B,3,,0,209,
South 24 Parganas,226,S24P-226,53,Madrasa 53,253,260,0,513,50.68,44,8.6,260,118,5,420,P1,142,61.9,28.1,293,106,443,P1,False,B,3,,0,218,
South 24 Parganas,226,S24P-226,54,Madrasa 54,303,289,0,592,48.82,35,5.9,378,81,6,511,P1,297,74.0,15.9,283,113,494,P1,False,A,1,,0,252,
South 24 Parganas,226,S24P-226,55,High School 55,398,377,1,776,48.58,56,7.2,335,215,13,666,P1,120,50.3,32.3,389,187,659,P1,False,B,3,,0,330,
South 24 Parganas,226,S24P-226,56,Market Building 56,407,370,0,777,47.62,61,7.9,382,152,3,619,P1,230,61.7,24.6,393,170,673,P1,False,B,3,,0,331,
South 24 Parganas,226,S24P-226,57,Primary School 57,329,328,0,657,49.92,40,6.1,342,150,5,546,P1,192,62.6,27.5,355,114,578,P1,False,B,3,,0,280,
South 24 Parganas,226,S24P-226,58,Health Sub-Centre 58,266,251,0,517,48.55,41,7.9,256,121,4,432,P1,135,59.3,28.0,225,130,427,P1,False,B,3,,0,220,
South 24 Parganas,226,S24P-226,59,Panchayat Bhavan 59,345,331,1,677,48.89,56,8.3,244,116,15,555,P1,69,44.0,20.9,339,166,561,P1,False,B,3,,0,288,
South 24 Parganas,226,S24P-226,60,Club Building 60,381,353,1,735,48.03,65,8.8,336,118,9,596,P1,209,56.4,19.8,356,194,616,P1,False,B,3,,0,313,
South 24 Parganas,226,S24P-226,61,Madrasa 61,260,239,0,499,47.9,27,5.4,271,94,4,406,P1,177,66.7,23.2,272,118,441,P1,False,A,1,,0,212,
South 24 Parganas,226,S24P-226,62,Health Sub-Centre 62,303,280,0,583,48.03,31,5.3,357,95,4,502,P1,262,71.1,18.9,328,104,480,P1,False,A,1,,0,248,
South 24 Parganas,226,S24P-226,63,Community Hall 63,370,345,0,715,48.25,36,5.0,380,150,7,589,P1,230,64.5,25.5,325,175,563,P1,False,B,3,,0,304,
South 24 Parganas,226,S24P-226,64,Community Hall 64,296,281,1,578,48.62,30,5.2,284,117,7,477,P1,167,59.5,24.5,258,90,460,P1,False,B,3,,0,246,
South 24 Parganas,226,S24P-226,65,Madrasa 65,365,378,1,744,50.81,66,8.9,346,161,7,571,P1,185,60.6,28.2,460,117,641,P1,False,B,3,,0,317,
South 24 Parganas,226,S24P-226,66,Post Office 66,386,372,1,759,49.01,50,6.6,272,167,7,590,P1,105,46.1,28.3,357,183,600,P1,False,B,3,,0,323,
South 24 Parganas,226,S24P-226,67,Post Office 67,315,300,1,616,48.7,43,7.0,307,132,2,487,P1,175,63.0,27.1,290,161,522,P1,False,B,3,,0,262,
South 24 Parganas,226,S24P-226,68,Club Building 68,392,381,1,774,49.22,48,6.2,419,117,5,595,P1,302,70.4,19.7,295,253,680,P1,False,A,1,,0,330,
South 24 Parganas,226,S24P-226,69,Anganwadi Centre 69,269,271,0,540,50.19,27,5.0,264,109,1,414,P1,155,63.8,26.3,247,157,461,P1,False,B,3,,0,230,
South 24 Parganas,226,S24P-226,70,Health Sub-Centre 70,260,244,1,505,48.32,27,5.3,267,110,3,419,P1,157,63.7,26.3,220,136,436,P1,False,B,3,,0,215,
South 24 Parganas,226,S24P-226,71,Panchayat Bhavan 71,375,376,0,751,50.07,41,5.5,359,163,8,618,P1,196,58.1,26.4,398,161,622,P1,False,B,3,,0,320,
South 24 Parganas,226,S24P-226,72,Primary School 72,318,314,0,632,49.68,35,5.5,328,172,6,555,P1,156,59.1,31.0,346,100,495,P1,False,B,3,,0,269,
South 24 Parganas,226,S24P-226,73,High School 73,415,375,0,790,47.47,70,8.9,373,148,8,661,P1,225,56.4,22.4,333,146,614,P1,False,B,3,,0,336,
South 24 Parganas,226,S24P-226,74,Panchayat Bhavan 74,383,382,1,766,49.87,49,6.4,361,179,6,601,P1,182,60.1,29.8,372,161,592,P1,False,B,3,,0,326,
South 24 Parganas,226,S24P-226,75,Govt Office 75,414,395,1,810,48.77,51,6.3,374,171,8,676,P1,203,55.3,25.3,389,198,652,P1,False,B,3,,0,345,
South 24 Parganas,226,S24P-226,76,Panchayat Bhavan 76,417,378,1,796,47.49,69,8.7,342,202,4,635,P1,140,53.9,31.8,330,189,669,P1,False,B,3,,0,339,
South 24 Parganas,226,S24P-226,77,Primary School 77,428,392,0,820,47.8,42,5.1,367,221,5,673,P1,146,54.5,32.8,347,244,708,P1,False,B,3,,0,349,
South 24 Parganas,226,S24P-226,78,High School 78,257,253,0,510,49.61,33,6.5,205,169,4,416,P1,36,49.3,40.6,242,128,439,P1,False,B,3,,0,217,
South 24 Parganas,226,S24P-226,79,Post Office 79,389,378,0,767,49.28,66,8.6,454,152,5,673,P1,302,67.5,22.6,424,125,649,P1,False,A,1,,0,327,
South 24 Parganas,226,S24P-226,80,Madrasa 80,398,361,0,759,47.56,69,9.1,380,193,3,636,P1,187,59.7,30.3,395,202,664,P1,False,B,3,,0,323,
South 24 Parganas,226,S24P-226,81,Primary School 81,278,268,1,547,48.99,32,5.9,254,102,11,472,P1,152,53.8,21.6,323,70,437,P1,False,B,3,,0,233,
South 24 Parganas,226,S24P-226,82,Govt Office 82,396,369,1,766,48.17,63,8.2,374,149,5,638,P1,225,58.6,23.4,287,140,650,P1,False,B,3,,0,326,
South 24 Parganas,226,S24P-226,83,Anganwadi Centre 83,421,386,0,807,47.83,53,6.6,364,231,6,685,P1,133,53.1,33.7,448,131,644,P1,False,B,3,,0,344,
South 24 Parganas,226,S24P-226,84,Health Sub-Centre 84,299,294,0,593,49.58,30,5.1,311,107,3,464,P1,204,67.0,23.1,304,133,486,P1,False,A,1,,0,253,
South 24 Parganas,226,S24P-226,85,Panchayat Bhavan 85,288,274,1,563,48.67,33,5.9,272,121,4,456,P1,151,59.6,26.5,335,97,480,P1,False,B,3,,0,240,
South 24 Parganas,226,S24P-226,86,Club Building 86,364,335,0,699,47.93,49,7.0,363,183,5,610,P1,180,59.5,30.0,327,122,552,P1,False,B,3,,0,298,
South 24 Parganas,226,S24P-226,87,Health Sub-Centre 87,300,294,0,594,49.49,42,7.1,325,112,4,486,P1,213,66.9,23.0,297,99,477,P1,False,A,1,,0,253,
South 24 Parganas,226,S24P-226,88,Panchayat Bhavan 88,349,360,0,709,50.78,58,8.2,299,147,5,585,P1,152,51.1,25.1,346,152,605,P1,False,B,3,,0,302,
South 24 Parganas,226,S24P-226,89,Club Building 89,376,357,1,734,48.64,57,7.8,344,142,8,578,P1,202,59.5,24.6,418,97,573,P1,False,B,3,,0,313,
South 24 Parganas,226,S24P-226,90,Temple Hall 90,255,257,0,512,50.2,34,6.6,226,125,4,411,P1,101,55.0,30.4,261,124,437,P1,False,B,3,,0,218,
South 24 Parganas,226,S24P-226,91,Primary School 91,252,231,1,484,47.73,28,5.8,220,68,7,401,P1,119,54.9,17.0,210,138,410,P1,False,B,3,,0,206,
South 24 Parganas,226,S24P-226,92,Primary School 92,399,362,1,762,47.51,43,5.6,379,165,11,673,P1,214,56.3,24.5,400,154,652,P1,False,B,3,,0,324,
South 24 Parganas,226,S24P-226,93,High School 93,338,348,1,687,50.66,47,6.8,311,151,7,549,P1,160,56.6,27.5,338,171,565,P1,False,B,3,,0,293,
South 24 Parganas,226,S24P-226,94,Club Building 94,273,282,0,555,50.81,39,7.0,288,102,2,434,P1,186,66.4,23.5,254,140,467,P1,False,A,1,,0,236,
South 24 Parganas,226,S24P-226,95,Health Sub-Centre 95,339,311,1,651,47.77,42,6.5,325,72,4,503,P1,228,64.6,14.3,287,183,522,P1,False,B,3,,0,277,
South 24 Parganas,226,S24P-226,96,Primary School 96,317,311,0,628,49.52,44,7.0,295,135,5,493,P1,160,59.8,27.4,252,154,485,P1,False,B,3,,0,267,
South 24 Parganas,226,S24P-226,97,Anganwadi Centre 97,363,363,0,726,50.0,46,6.3,464,109,7,637,P1,355,72.8,17.1,367,151,594,P1,False,A,1,,0,309,
South 24 Parganas,226,S24P-226,98,Market Building 98,356,321,1,678,47.35,46,6.8,324,154,5,538,P1,170,60.2,28.6,418,118,595,P1,False,B,3,,0,289,
South 24 Parganas,226,S24P-226,99,Market Building 99,351,340,1,692,49.13,60,8.7,305,174,3,561,P1,131,54.4,31.0,379,157,595,P1,False,B,3,,0,295,
South 24 Parganas,226,S24P-226,100,Govt Office 100,375,375,1,751,49.93,66,8.8,272,186,16,616,P1,86,44.2,30.2,321,188,651,P1,False,B,3,,0,320,
South 24 Parganas,226,S24P-226,101,Govt Office 101,325,294,1,620,47.42,39,6.3,295,144,9,534,P1,151,55.2,27.0,301,156,512,P1,False,B,3,,0,264,
South 24 Parganas,226,S24P-226,102,Anganwadi Centre 102,403,412,1,816,50.49,50,6.1,335,179,14,638,P1,156,52.5,28.1,416,183,666,P1,False,B,3,,0,347,
South 24 Parganas,226,S24P-226,103,Panchayat Bhavan 103,388,401,0,789,50.82,41,5.2,345,148,7,662,P1,190,52.1,22.4,387,148,640,P1,False,B,3,,0,336,
South 24 Parganas,226,S24P-226,104,Health Sub-Centre 104,381,377,0,758,49.74,50,6.6,312,156,8,629,P1,156,49.6,24.8,415,186,668,P1,False,B,3,,0,323,
South 24 Parganas,226,S24P-226,105,Panchayat Bhavan 105,285,285,0,570,50.0,45,7.9,297,147,3,493,P1,150,60.2,29.8,224,121,441,P1,False,B,3,,0,243,
South 24 Parganas,226,S24P-226,106,Panchayat Bhavan 106,340,346,1,687,50.36,35,5.1,345,115,9,555,P1,230,62.2,20.7,294,103,560,P1,False,B,3,,0,293,
South 24 Parganas,226,S24P-226,107,Anganwadi Centre 107,357,366,0,723,50.62,42,5.8,317,147,17,625,P1,170,50.7,23.5,345,197,603,P1,False,B,3,,0,308,
South 24 Parganas,226,S24P-226,108,Madrasa 108,242,245,1,488,50.2,39,8.0,234,89,6,413,P1,145,56.7,21.5,272,99,412,P1,False,B,3,,0,208,
South 24 Parganas,226,S24P-226,109,Market Building 109,381,355,1,737,48.17,57,7.7,442,131,7,637,P1,311,69.4,20.6,372,212,648,P1,False,A,1,,0,314,
South 24 Parganas,226,S24P-226,110,Panchayat Bhavan 110,390,376,0,766,49.09,64,8.4,463,80,15,671,P1,356,69.0,11.9,367,91,632,P1,False,A,1,,0,326,
South 24 Parganas,226,S24P-226,111,Post Office 111,336,318,1,655,48.55,46,7.0,280,162,6,513,P1,118,54.6,31.6,293,128,527,P1,False,B,3,,0,279,
South 24 Parganas,226,S24P-226,112,Temple Hall 112,308,317,1,626,50.64,32,5.1,296,91,8,491,P1,205,60.3,18.5,365,85,500,P1,False,B,3,,0,267,
South 24 Parganas,226,S24P-226,113,Govt Office 113,317,324,0,641,50.55,39,6.1,229,105,15,511,P1,73,44.8,20.5,288,155,492,P1,False,B,3,,0,273,
South 24 Parganas,226,S24P-226,114,Panchayat Bhavan 114,259,235,0,494,47.57,44,8.9,225,145,2,422,P1,80,53.3,34.4,295,81,430,P1,False,B,3,,0,210,
South 24 Parganas,226,S24P-226,115,Govt Office 115,265,252,1,518,48.65,35,6.8,214,84,5,405,P1,116,52.8,20.7,288,79,408,P1,False,B,3,,0,221,
South 24 Parganas,226,S24P-226,116,High School 116,395,359,0,754,47.61,38,5.0,418,116,9,619,P1,302,67.5,18.7,320,179,621,P1,False,A,1,,0,321,
South 24 Parganas,226,S24P-226,117,Market Building 117,259,243,1,503,48.31,40,8.0,268,79,4,386,P1,189,69.4,20.5,244,114,398,P1,False,A,1,,0,214,
South 24 Parganas,226,S24P-226,118,Club Building 118,383,385,0,768,50.13,51,6.6,355,183,6,598,P1,172,59.4,30.6,349,184,592,P1,False,B,3,,0,327,
South 24 Parganas,226,S24P-226,119,Temple Hall 119,291,300,0,591,50.76,37,6.3,354,112,6,518,P1,242,68.3,21.6,261,151,458,P1,False,A,1,,0,252,
South 24 Parganas,226,S24P-226,120,Market Building 120,250,244,1,495,49.29,27,5.5,241,107,3,387,P1,134,62.3,27.6,234,68,393,P1,False,B,3,,0,211,
South 24 Parganas,226,S24P-226,121,Madrasa 121,258,259,1,518,50.0,39,7.5,280,108,3,443,P1,172,63.2,24.4,232,143,445,P1,False,B,3,,0,221,
South 24 Parganas,226,S24P-226,122,Madrasa 122,338,345,0,683,50.51,50,7.3,373,147,5,578,P1,226,64.5,25.4,320,114,575,P1,False,B,3,,0,291,
South 24 Parganas,226,S24P-226,123,High School 123,326,292,0,618,47.25,35,5.7,296,120,4,476,P1,176,62.2,25.2,297,148,495,P1,False,B,3,,0,263,
South 24 Parganas,226,S24P-226,124,Temple Hall 124,296,286,0,582,49.14,42,7.2,319,118,2,493,P1,201,64.7,23.9,270,143,508,P1,False,B,3,,0,248,
South 24 Parganas,226,S24P-226,125,Primary School 125,280,289,1,570,50.7,47,8.2,282,130,5,461,P1,152,61.2,28.2,282,163,495,P1,False,B,3,,0,243,
South 24 Parganas,226,S24P-226,126,Anganwadi Centre 126,341,310,1,652,47.55,41,6.3,343,82,6,535,P1,244,64.1,15.3,367,143,567,P1,False,B,3,,0,278,
South 24 Parganas,226,S24P-226,127,Community Hall 127,378,375,1,754,49.73,64,8.5,445,98,2,604,P1,347,73.7,16.2,356,121,646,P1,False,A,1,,0,321,
South 24 Parganas,226,S24P-226,128,Madrasa 128,266,245,1,512,47.85,40,7.8,254,120,5,434,P1,134,58.5,27.6,245,136,445,P1,False,B,3,,0,218,
South 24 Parganas,226,S24P-226,129,Community Hall 129,313,285,0,598,47.66,50,8.4,351,124,4,528,P1,227,66.5,23.5,198,146,491,P1,False,A,1,,0,255,
South 24 Parganas,226,S24P-226,130,Primary School 130,320,307,1,628,48.89,39,6.2,336,152,6,542,P1,184,62.0,28.0,260,94,484,P1,False,B,3,,0,267,
South 24 Parganas,226,S24P-226,131,Temple Hall 131,394,354,0,748,47.33,58,7.8,398,183,2,658,P1,215,60.5,27.8,361,161,579,P1,False,B,3,,0,319,
South 24 Parganas,226,S24P-226,132,High School 132,321,304,1,626,48.56,41,6.5,314,131,5,495,P1,183,63.4,26.5,278,110,525,P1,False,B,3,,0,267,
South 24 Parganas,226,S24P-226,133,Community Hall 133,402,386,0,788,48.98,51,6.5,357,206,11,683,P1,151,52.3,30.2,414,136,611,P1,False,B,3,,0,336,
South 24 Parganas,226,S24P-226,134,Panchayat Bhavan 134,349,353,0,702,50.28,45,6.4,309,130,4,537,P1,179,57.5,24.2,351,163,571,P1,False,B,3,,0,299,
South 24 Parganas,226,S24P-226,135,Govt Office 135,298,272,1,571,47.64,38,6.7,247,154,9,490,P1,93,50.4,31.4,260,171,490,P1,False,B,3,,0,243,
South 24 Parganas,226,S24P-226,136,Primary School 136,386,365,1,752,48.54,53,7.0,387,171,4,619,P1,216,62.5,27.6,525,66,656,P1,False,B,3,,0,320,
South 24 Parganas,226,S24P-226,137,Post Office 137,395,372,1,768,48.44,47,6.1,367,170,3,622,P1,197,59.0,27.3,314,239,617,P1,False,B,3,,0,327,
South 24 Parganas,226,S24P-226,138,Panchayat Bhavan 138,430,388,0,818,47.43,72,8.8,446,147,5,675,P1,299,66.1,21.8,408,186,689,P1,False,A,1,,0,348,
South 24 Parganas,226,S24P-226,139,Madrasa 139,249,240,0,489,49.08,43,8.8,221,88,11,420,P1,126,52.6,21.0,276,84,400,P1,False,B,3,,0,208,
South 24 Parganas,226,S24P-226,140,Madrasa 140,251,254,1,506,50.2,31,6.1,223,112,8,403,P1,111,55.3,27.8,248,141,434,P1,False,B,3,,0,215,
South 24 Parganas,226,S24P-226,141,Temple Hall 141,387,356,1,744,47.85,63,8.5,368,159,3,586,P1,209,62.8,27.1,368,152,578,P1,False,B,3,,0,317,
South 24 Parganas,226,S24P-226,142,Club Building 142,328,334,1,663,50.38,43,6.5,399,96,2,550,P1,303,72.5,17.5,431,85,574,P1,False,A,1,,0,282,
South 24 Parganas,226,S24P-226,143,Post Office 143,413,375,1,789,47.53,49,6.2,430,175,3,696,P1,255,61.8,25.1,395,145,616,P1,False,B,3,,0,336,
South 24 Parganas,226,S24P-226,144,Post Office 144,274,248,0,522,47.51,32,6.1,213,121,7,420,P1,92,50.7,28.8,281,115,441,P1,False,B,3,,0,222,
South 24 Parganas,226,S24P-226,145,Primary School 145,293,294,1,588,50.0,46,7.8,305,132,6,492,P1,173,62.0,26.8,325,100,472,P1,False,B,3,,0,250,
South 24 Parganas,226,S24P-226,146,Madrasa 146,291,283,0,574,49.3,36,6.3,253,94,4,440,P1,159,57.5,21.4,237,158,439,P1,False,B,3,,0,244,
South 24 Parganas,226,S24P-226,147,Community Hall 147,406,404,0,810,49.88,69,8.5,377,204,10,675,P1,173,55.9,30.2,437,165,669,P1,False,B,3,,0,345,
South 24 Parganas,226,S24P-226,148,Primary School 148,371,378,0,749,50.47,44,5.9,354,192,4,618,P1,162,57.3,31.1,398,123,583,P1,False,B,3,,0,319,
South 24 Parganas,226,S24P-226,149,High School 149,321,326,1,648,50.31,48,7.4,284,169,9,548,P1,115,51.8,30.8,334,158,547,P1,False,B,3,,0,276,
South 24 Parganas,226,S24P-226,150,Primary School 150,385,394,0,779,50.58,63,8.1,377,198,3,649,P1,179,58.1,30.5,387,200,687,P1,False,B,3,,0,332,
South 24 Parganas,226,S24P-226,151,Anganwadi Centre 151,320,298,0,618,48.22,32,5.2,276,88,12,482,P1,176,57.3,18.3,302,179,534,P1,False,B,3,,0,263,
South 24 Parganas,226,S24P-226,152,Anganwadi Centre 152,362,355,0,717,49.51,58,8.1,393,89,7,554,P1,304,70.9,16.1,378,73,557,P1,False,A,1,,0,305,
South 24 Parganas,226,S24P-226,153,Post Office 153,308,280,0,588,47.62,47,8.0,246,131,10,459,P1,115,53.6,28.5,343,102,494,P1,False,B,3,,0,250,
South 24 Parganas,226,S24P-226,154,Panchayat Bhavan 154,245,240,0,485,49.48,44,9.1,251,91,6,406,P1,160,61.8,22.4,287,79,406,P1,False,B,3,,0,207,
South 24 Parganas,226,S24P-226,155,Primary School 155,309,317,0,626,50.64,51,8.1,360,68,6,513,P1,286,70.2,13.3,295,141,496,P1,False,A,1,,0,267,
South 24 Parganas,226,S24P-226,156,Primary School 156,369,332,0,701,47.36,45,6.4,376,135,4,567,P1,241,66.3,23.8,340,147,542,P1,False,A,1,,0,299,
South 24 Parganas,226,S24P-226,157,Madrasa 157,412,370,0,782,47.31,61,7.8,461,130,4,657,P1,331,70.2,19.8,430,109,605,P1,False,A,1,,0,333,
South 24 Parganas,226,S24P-226,158,Market Building 158,412,398,0,810,49.14,49,6.0,338,202,6,635,P1,136,53.2,31.8,367,69,636,P1,False,B,3,,0,345,
South 24 Parganas,226,S24P-226,159,Community Hall 159,327,299,0,626,47.76,32,5.1,368,105,2,526,P1,263,70.0,20.0,383,87,522,P1,False,A,1,,0,267,
South 24 Parganas,226,S24P-226,160,High School 160,337,349,1,687,50.8,51,7.4,351,129,4,533,P1,222,65.9,24.2,367,126,548,P1,False,A,1,,0,293,
South 24 Parganas,226,S24P-226,161,Primary School 161,285,279,0,564,49.47,29,5.1,268,131,5,443,P1,137,60.5,29.6,281,79,463,P1,False,B,3,,0,240,
South 24 Parganas,226,S24P-226,162,Market Building 162,355,328,1,684,47.95,40,5.8,395,145,3,600,P1,250,65.8,24.2,380,140,578,P1,False,A,1,,0,291,
South 24 Parganas,226,S24P-226,163,Community Hall 163,300,304,1,605,50.25,50,8.3,304,125,6,519,P1,179,58.6,24.1,285,176,516,P1,False,B,3,,0,258,
South 24 Parganas,226,S24P-226,164,High School 164,287,270,0,557,48.47,40,7.2,253,137,6,472,P1,116,53.6,29.0,217,144,426,P1,False,B,3,,0,237,
South 24 Parganas,226,S24P-226,165,Madrasa 165,382,344,1,727,47.32,52,7.2,390,184,5,638,P1,206,61.1,28.8,362,180,602,P1,False,B,3,,0,310,
South 24 Parganas,226,S24P-226,166,Anganwadi Centre 166,276,253,0,529,47.83,42,7.9,277,104,7,462,P1,173,60.0,22.5,325,96,468,P1,False,B,3,,0,225,
South 24 Parganas,226,S24P-226,167,Community Hall 167,387,384,0,771,49.81,60,7.8,308,148,25,670,P1,125,46.0,22.1,335,234,633,P1,False,B,3,,0,328,
South 24 Parganas,226,S24P-226,168,Anganwadi Centre 168,315,296,1,612,48.37,40,6.5,293,137,5,478,P1,156,61.3,28.7,273,145,502,P1,False,B,3,,0,261,
South 24 Parganas,226,S24P-226,169,Club Building 169,296,286,0,582,49.14,48,8.2,283,103,3,482,P1,180,58.7,21.4,336,116,502,P1,False,B,3,,0,248,
South 24 Parganas,226,S24P-226,170,Temple Hall 170,239,246,1,486,50.62,27,5.6,206,94,10,416,P1,104,49.5,22.6,259,105,405,P1,False,B,3,,0,207,
South 24 Parganas,226,S24P-226,171,Temple Hall 171,424,387,1,812,47.66,46,5.7,366,124,13,676,P1,200,54.1,18.3,323,160,637,P1,False,B,3,,0,346,
South 24 Parganas,226,S24P-226,172,Primary School 172,296,270,0,566,47.7,35,6.2,259,143,8,476,P1,116,54.4,30.0,269,138,470,P1,False,B,3,,0,241,
South 24 Parganas,226,S24P-226,173,Health Sub-Centre 173,277,260,0,537,48.42,43,8.0,297,111,5,453,P1,186,65.6,24.5,268,88,452,P1,False,A,1,,0,229,
