district,ac_code,ac_name,part_no,booth_name,male,female,third_gender,total,female_pct,adj_count,adj_pct,votes_P1_2021,votes_P2_2021,votes_P3_2021,total_votes_2021,winner_2021,margin_2021,P1_share_2021,P2_share_2021,votes_P1_2019,votes_P2_2019,total_votes_2019,winner_2019,flipped_19_21,booth_category,priority_score,worker_assigned,contact_count,votes_to_win_est,notes
Purulia,1601,Prl-1601,1,Anganwadi Centre 1,331,339,0,670,50.6,12,1.8,346,130,6,529,P1,216,65.4,24.6,260,243,559,P1,False,A,1,,0,276,
Purulia,1601,Prl-1601,2,Temple Hall 2,394,395,1,790,50.0,17,2.2,304,223,2,592,P1,81,51.4,37.7,336,253,670,P1,False,B,3,,0,326,
Purulia,1601,Prl-1601,3,Post Office 3,303,277,0,580,47.76,13,2.2,297,104,5,445,P1,193,66.7,23.4,236,156,476,P1,False,A,1,,0,239,
Purulia,1601,Prl-1601,4,Madrasa 4,275,259,1,535,48.41,10,1.9,239,150,6,455,P1,89,52.5,33.0,182,167,437,P1,False,B,3,,0,221,
Purulia,1601,Prl-1601,5,Madrasa 5,357,347,0,704,49.29,13,1.8,307,200,6,564,P1,107,54.4,35.5,242,160,542,P1,False,B,3,,0,290,
Purulia,1601,Prl-1601,6,Club Building 6,390,393,1,784,50.13,19,2.4,308,236,7,663,P1,72,46.5,35.6,315,216,616,P1,False,B,3,,0,323,
Purulia,1601,Prl-1601,7,Temple Hall 7,403,378,0,781,48.4,13,1.7,308,174,5,594,P1,134,51.9,29.3,302,262,668,P1,False,B,3,,0,322,
Purulia,1601,Prl-1601,8,Temple Hall 8,355,346,0,701,49.36,10,1.4,324,148,10,555,P1,176,58.4,26.7,230,208,561,P1,False,B,3,,0,289,
Purulia,1601,Prl-1601,9,Primary School 9,403,414,0,817,50.67,17,2.1,326,234,4,639,P1,92,51.0,36.6,340,197,615,P1,False,B,3,,0,337,
Purulia,1601,Prl-1601,10,Community Hall 10,338,318,1,657,48.4,11,1.7,266,164,10,523,P1,102,50.9,31.4,246,173,538,P1,False,B,3,,0,271,
Purulia,1601,Prl-1601,11,Club Building 11,327,301,1,629,47.85,14,2.2,205,146,12,491,P1,59,41.8,29.7,296,148,493,P1,False,B,3,,0,259,
Purulia,1601,Prl-1601,12,Market Building 12,309,311,1,621,50.08,10,1.6,252,149,12,500,P1,103,50.4,29.8,244,176,500,P1,False,B,3,,0,256,
Purulia,1601,Prl-1601,13,High School 13,398,382,0,780,48.97,12,1.5,351,234,6,653,P1,117,53.8,35.8,376,209,651,P1,False,B,3,,0,322,
Purulia,1601,Prl-1601,14,Madrasa 14,399,388,1,788,49.24,13,1.6,391,154,2,606,P1,237,64.5,25.4,348,176,660,P1,False,B,3,,0,325,
Purulia,1601,Prl-1601,15,Panchayat Bhavan 15,338,331,1,670,49.4,13,1.9,199,188,4,516,P1,11,38.6,36.4,311,179,544,P1,False,B,3,,0,276,
Purulia,1601,Prl-1601,16,High School 16,245,246,0,491,50.1,11,2.2,176,144,7,395,P1,32,44.6,36.5,189,112,374,P1,False,B,3,,0,202,
Purulia,1601,Prl-1601,17,Anganwadi Centre 17,256,247,1,504,49.01,9,1.8,218,124,5,400,P1,94,54.5,31.0,152,155,380,P2,True,B,3,,0,208,
Purulia,1601,Prl-1601,18,Temple Hall 18,361,362,1,724,50.0,17,2.3,275,231,4,584,P1,44,47.1,39.6,359,198,619,P1,False,B,3,,0,299,
Purulia,1601,Prl-1601,19,Primary School 19,378,341,1,720,47.36,16,2.2,310,180,9,570,P1,130,54.4,31.6,367,182,610,P1,False,B,3,,0,297,
Purulia,1601,Prl-1601,20,Club Building 20,311,315,1,627,50.24,14,2.2,218,184,4,529,P1,34,41.2,34.8,278,157,483,P1,False,B,3,,0,259,
Purulia,1601,Prl-1601,21,Club Building 21,276,283,1,560,50.54,9,1.6,248,158,4,452,P1,90,54.9,35.0,189,140,428,P1,False,B,3,,0,231,
Purulia,1601,Prl-1601,22,High School 22,315,296,1,612,48.37,11,1.8,268,152,6,483,P1,116,55.5,31.5,246,181,475,P1,False,B,3,,0,252,
Purulia,1601,Prl-1601,23,Temple Hall 23,289,298,1,588,50.68,10,1.7,221,176,2,441,P1,45,50.1,39.9,246,161,453,P1,False,B,3,,0,242,
Purulia,1601,Prl-1601,24,Health Sub-Centre 24,318,323,0,641,50.39,14,2.2,242,156,5,497,P1,86,48.7,31.4,227,178,517,P1,False,B,3,,0,264,
Purulia,1601,Prl-1601,25,Club Building 25,422,391,0,813,48.09,20,2.5,345,278,4,692,P1,67,49.9,40.2,380,239,688,P1,False,B,3,,0,335,
Purulia,1601,Prl-1601,26,Market Building 26,421,395,0,816,48.41,16,2.0,262,228,8,611,P1,34,42.9,37.3,366,234,689,P1,False,B,3,,0,336,
Purulia,1601,Prl-1601,27,Anganwadi Centre 27,329,337,0,666,50.6,10,1.5,219,212,6,512,P1,7,42.8,41.4,290,195,539,P1,False,B,3,,0,275,
Purulia,1601,Prl-1601,28,Panchayat Bhavan 28,296,283,1,580,48.79,9,1.6,228,149,5,431,P1,79,52.9,34.6,282,144,473,P1,False,B,3,,0,239,
Purulia,1601,Prl-1601,29,Primary School 29,267,265,1,533,49.72,10,1.9,176,172,4,442,P1,4,39.8,38.9,191,113,414,P1,False,B,3,,0,220,
Purulia,1601,Prl-1601,30,Community Hall 30,346,312,0,658,47.42,15,2.3,268,154,4,505,P1,114,53.1,30.5,259,201,511,P1,False,B,3,,0,271,
Purulia,1601,Prl-1601,31,Govt Office 31,321,291,1,613,47.47,14,2.3,354,101,4,505,P1,253,70.1,20.0,244,170,482,P1,False,A,1,,0,253,
Purulia,1601,Prl-1601,32,Panchayat Bhavan 32,259,253,1,513,49.32,9,1.8,172,141,5,388,P1,31,44.3,36.3,203,149,391,P1,False,B,3,,0,212,
Purulia,1601,Prl-1601,33,Panchayat Bhavan 33,410,369,1,780,47.31,19,2.4,331,219,6,611,P1,112,54.2,35.8,277,167,651,P1,False,B,3,,0,322,
Purulia,1601,Prl-1601,34,Market Building 34,340,310,1,651,47.62,10,1.5,281,157,4,491,P1,124,57.2,32.0,280,120,500,P1,False,B,3,,0,268,
Purulia,1601,Prl-1601,35,Panchayat Bhavan 35,321,330,0,651,50.69,14,2.2,230,179,4,498,P1,51,46.2,35.9,289,162,501,P1,False,B,3,,0,268,
Purulia,1601,Prl-1601,36,Market Building 36,313,293,1,607,48.27,9,1.5,228,198,6,508,P1,30,44.9,39.0,243,107,458,P1,False,B,3,,0,250,
Purulia,1601,Prl-1601,37,High School 37,379,390,0,769,50.72,17,2.2,292,232,11,651,P1,60,44.9,35.6,265,204,646,P1,False,B,3,,0,317,
Purulia,1601,Prl-1601,38,Govt Office 38,326,304,0,630,48.25,15,2.4,265,165,2,478,P1,100,55.4,34.5,262,159,511,P1,False,B,3,,0,260,
Purulia,1601,Prl-1601,39,Community Hall 39,370,381,0,751,50.73,14,1.9,363,184,3,607,P1,179,59.8,30.3,292,234,601,P1,False,B,3,,0,310,
Purulia,1601,Prl-1601,40,High School 40,407,398,1,806,49.38,16,2.0,327,256,2,648,P1,71,50.5,39.5,330,183,597,P1,False,B,3,,0,332,
Purulia,1601,Prl-1601,41,Health Sub-Centre 41,273,259,0,532,48.68,8,1.5,270,110,4,423,P1,160,63.8,26.0,236,124,404,P1,False,B,3,,0,219,
Purulia,1601,Prl-1601,42,Club Building 42,318,312,0,630,49.52,15,2.4,296,171,3,518,P1,125,57.1,33.0,359,121,534,P1,False,B,3,,0,260,
Purulia,1601,Prl-1601,43,Post Office 43,261,253,1,515,49.13,12,2.3,223,150,4,427,P1,73,52.2,35.1,232,156,433,P1,False,B,3,,0,212,
Purulia,1601,Prl-1601,44,Anganwadi Centre 44,350,337,0,687,49.05,17,2.5,355,170,3,584,P1,185,60.8,29.1,312,156,540,P1,False,B,3,,0,283,
Purulia,1601,Prl-1601,45,Club Building 45,407,382,1,790,48.35,14,1.8,367,160,4,586,P1,207,62.6,27.3,271,256,586,P1,False,B,3,,0,326,
Purulia,1601,Prl-1601,46,Govt Office 46,354,317,0,671,47.24,10,1.5,276,195,3,523,P1,81,52.8,37.3,188,190,558,P2,True,B,3,,0,277,
Purulia,1601,Prl-1601,47,Community Hall 47,308,318,0,626,50.8,16,2.6,247,133,5,469,P1,114,52.7,28.4,305,163,532,P1,False,B,3,,0,258,
Purulia,1601,Prl-1601,48,Panchayat Bhavan 48,387,363,1,751,48.34,14,1.9,299,245,5,613,P1,54,48.8,40.0,306,247,615,P1,False,B,3,,0,310,
Purulia,1601,Prl-1601,49,Club Building 49,249,240,0,489,49.08,9,1.8,237,122,5,399,P1,115,59.4,30.6,163,141,376,P1,False,B,3,,0,202,
Purulia,1601,Prl-1601,50,Madrasa 50,254,238,0,492,48.37,10,2.0,208,122,4,378,P1,86,55.0,32.3,202,147,388,P1,False,B,3,,0,203,
Purulia,1601,Prl-1601,51,Panchayat Bhavan 51,371,375,1,747,50.2,11,1.5,229,198,8,603,P1,31,38.0,32.8,346,191,596,P1,False,B,3,,0,308,
Purulia,1601,Prl-1601,52,Community Hall 52,306,289,1,596,48.49,12,2.0,214,172,5,456,P1,42,46.9,37.7,247,152,466,P1,False,B,3,,0,246,
Purulia,1601,Prl-1601,53,Post Office 53,294,286,1,581,49.23,13,2.2,215,186,4,445,P1,29,48.3,41.8,214,158,477,P1,False,B,3,,0,240,
Purulia,1601,Prl-1601,54,Post Office 54,349,349,0,698,50.0,14,2.0,310,200,7,569,P1,110,54.5,35.1,284,185,521,P1,False,B,3,,0,288,
Purulia,1601,Prl-1601,55,Health Sub-Centre 55,360,346,0,706,49.01,14,2.0,290,227,7,575,P1,63,50.4,39.5,301,222,582,P1,False,B,3,,0,291,
Purulia,1601,Prl-1601,56,Temple Hall 56,375,355,1,731,48.56,12,1.6,212,168,12,562,P1,44,37.7,29.9,280,220,556,P1,False,B,3,,0,301,
Purulia,1601,Prl-1601,57,Primary School 57,285,283,0,568,49.82,9,1.6,206,100,6,423,P1,100,48.7,23.6,223,161,431,P1,False,B,3,,0,234,
Purulia,1601,Prl-1601,58,Post Office 58,323,314,0,637,49.29,12,1.9,297,170,2,519,P1,127,57.2,32.8,307,172,533,P1,False,B,3,,0,263,
Purulia,1601,Prl-1601,59,Community Hall 59,373,366,0,739,49.53,16,2.2,283,200,11,578,P1,83,49.0,34.6,305,159,570,P1,False,B,3,,0,305,
Purulia,1601,Prl-1601,60,Panchayat Bhavan 60,265,246,0,511,48.14,12,2.3,242,131,1,414,P1,111,58.5,31.6,178,149,418,P1,False,B,3,,0,211,
Purulia,1601,Prl-1601,61,Market Building 61,311,308,0,619,49.76,16,2.6,273,183,3,517,P1,90,52.8,35.4,338,115,503,P1,False,B,3,,0,255,
Purulia,1601,Prl-1601,62,Club Building 62,411,384,0,795,48.3,14,1.8,479,119,6,665,P1,360,72.0,17.9,363,180,603,P1,False,A,1,,0,328,
Purulia,1601,Prl-1601,63,High School 63,350,326,1,677,48.15,15,2.2,260,231,4,545,P1,29,47.7,42.4,226,239,537,P2,True,B,3,,0,279,
Purulia,1601,Prl-1601,64,Post Office 64,397,385,1,783,49.17,13,1.7,325,132,6,637,P1,156,51.0,20.7,239,186,584,P1,False,B,3,,0,323,
Purulia,1601,Prl-1601,65,Market Building 65,391,382,1,774,49.35,13,1.7,307,226,6,607,P1,81,50.6,37.2,366,158,582,P1,False,B,3,,0,319,
Purulia,1601,Prl-1601,66,Panchayat Bhavan 66,403,391,0,794,49.24,17,2.1,262,174,20,624,P1,88,42.0,27.9,341,198,599,P1,False,B,3,,0,327,
Purulia,1601,Prl-1601,67,Market Building 67,281,284,0,565,50.27,12,2.1,244,134,3,466,P1,110,52.4,28.8,223,170,452,P1,False,B,3,,0,233,
Purulia,1601,Prl-1601,68,Club Building 68,281,256,0,537,47.67,8,1.5,270,92,3,402,P1,178,67.2,22.9,277,113,433,P1,False,A,1,,0,221,
Purulia,1601,Prl-1601,69,Temple Hall 69,307,284,0,591,48.05,13,2.2,262,152,7,503,P1,110,52.1,30.2,285,156,490,P1,False,B,3,,0,244,
Purulia,1601,Prl-1601,70,Panchayat Bhavan 70,382,382,0,764,50.0,14,1.8,306,213,6,576,P1,93,53.1,37.0,325,206,589,P1,False,B,3,,0,315,
Purulia,1601,Prl-1601,71,Health Sub-Centre 71,283,285,1,569,50.09,11,1.9,206,174,10,465,P1,32,44.3,37.4,207,164,463,P1,False,B,3,,0,235,
Purulia,1601,Prl-1601,72,Madrasa 72,390,401,0,791,50.7,16,2.0,349,212,3,624,P1,137,55.9,34.0,433,159,658,P1,False,B,3,,0,326,
Purulia,1601,Prl-1601,73,High School 73,343,331,0,674,49.11,14,2.1,308,189,7,567,P1,119,54.3,33.3,219,215,552,P1,False,B,3,,0,278,
Purulia,1601,Prl-1601,74,Temple Hall 74,393,394,1,788,50.0,17,2.2,365,232,4,673,P1,133,54.2,34.5,360,207,632,P1,False,B,3,,0,325,
Purulia,1601,Prl-1601,75,Health Sub-Centre 75,239,241,1,481,50.1,8,1.7,192,172,2,405,P1,20,47.4,42.5,196,101,363,P1,False,B,3,,0,198,
Purulia,1601,Prl-1601,76,Madrasa 76,396,397,0,793,50.06,13,1.6,313,226,10,663,P1,87,47.2,34.1,363,184,608,P1,False,B,3,,0,327,
Purulia,1601,Prl-1601,77,Club Building 77,397,373,0,770,48.44,12,1.6,321,202,2,581,P1,119,55.2,34.8,271,246,587,P1,False,B,3,,0,317,
Purulia,1601,Prl-1601,78,Market Building 78,341,310,1,652,47.55,10,1.5,292,162,5,505,P1,130,57.8,32.1,277,186,514,P1,False,B,3,,0,269,
Purulia,1601,Prl-1601,79,Community Hall 79,411,369,0,780,47.31,17,2.2,282,262,7,615,P1,20,45.9,42.6,345,242,667,P1,False,B,3,,0,322,
Purulia,1601,Prl-1601,80,Health Sub-Centre 80,282,286,0,568,50.35,11,1.9,231,143,5,457,P1,88,50.5,31.3,227,139,443,P1,False,B,3,,0,234,
Purulia,1601,Prl-1601,81,Club Building 81,297,302,0,599,50.42,9,1.5,182,214,2,456,P2,32,39.9,46.9,250,152,447,P1,True,B,3,,0,247,
Purulia,1601,Prl-1601,82,Govt Office 82,245,244,1,490,49.8,8,1.6,227,136,3,408,P1,91,55.6,33.3,201,140,379,P1,False,B,3,,0,202,
Purulia,1601,Prl-1601,83,Panchayat Bhavan 83,317,297,0,614,48.37,12,2.0,288,166,3,504,P1,122,57.1,32.9,329,136,517,P1,False,B,3,,0,253,
Purulia,1601,Prl-1601,84,Post Office 84,241,245,0,486,50.41,9,1.9,209,137,3,384,P1,72,54.4,35.7,208,98,368,P1,False,B,3,,0,200,
Purulia,1601,Prl-1601,85,Market Building 85,396,398,1,795,50.06,13,1.6,387,199,4,651,P1,188,59.4,30.6,303,199,634,P1,False,B,3,,0,328,
Purulia,1601,Prl-1601,86,Post Office 86,390,366,0,756,48.41,16,2.1,332,186,6,630,P1,146,52.7,29.5,321,233,616,P1,False,B,3,,0,312,
Purulia,1601,Prl-1601,87,Health Sub-Centre 87,347,315,0,662,47.58,11,1.7,245,156,9,498,P1,89,49.2,31.3,338,167,563,P1,False,B,3,,0,273,
Purulia,1601,Prl-1601,88,Primary School 88,300,275,1,576,47.74,9,1.6,255,115,6,451,P1,140,56.5,25.5,300,132,485,P1,False,B,3,,0,237,
Purulia,1601,Prl-1601,89,Anganwadi Centre 89,268,267,0,535,49.91,11,2.1,249,143,6,448,P1,106,55.6,31.9,243,149,435,P1,False,B,3,,0,221,
Purulia,1601,Prl-1601,90,Anganwadi Centre 90,359,340,1,700,48.57,11,1.6,227,184,11,526,P1,43,43.2,35.0,368,104,524,P1,False,B,3,,0,289,
Purulia,1601,Prl-1601,91,High School 91,299,306,1,606,50.5,11,1.8,263,159,4,469,P1,104,56.1,33.9,238,189,474,P1,False,B,3,,0,250,
Purulia,1601,Prl-1601,92,Govt Office 92,408,377,1,786,47.96,12,1.5,291,207,10,608,P1,84,47.9,34.0,325,218,650,P1,False,B,3,,0,324,
Purulia,1601,Prl-1601,93,Market Building 93,259,264,1,524,50.38,8,1.5,249,145,4,438,P1,104,56.8,33.1,249,142,434,P1,False,B,3,,0,216,
Purulia,1601,Prl-1601,94,Panchayat Bhavan 94,300,302,1,603,50.08,9,1.5,253,146,2,453,P1,107,55.8,32.2,299,143,491,P1,False,B,3,,0,249,
Purulia,1601,Prl-1601,95,Primary School 95,311,281,0,592,47.47,11,1.9,216,207,5,480,P1,9,45.0,43.1,255,156,469,P1,False,B,3,,0,244,
Purulia,1601,Prl-1601,96,Primary School 96,382,376,0,758,49.6,18,2.4,282,250,3,591,P1,32,47.7,42.3,311,201,586,P1,False,B,3,,0,313,
Purulia,1601,Prl-1601,97,Club Building 97,374,338,1,713,47.41,18,2.5,237,264,8,605,P2,27,39.2,43.6,274,198,570,P1,True,B,3,,0,294,
Purulia,1601,Prl-1601,98,Health Sub-Centre 98,281,271,1,553,49.01,14,2.5,166,149,10,412,P1,17,40.3,36.2,228,126,441,P1,False,B,3,,0,228,
Purulia,1601,Prl-1601,99,High School 99,291,285,1,577,49.39,9,1.6,221,203,5,471,P1,18,46.9,43.1,211,154,443,P1,False,B,3,,0,238,
Purulia,1601,Prl-1601,100,Govt Office 100,293,286,1,580,49.31,10,1.7,216,146,10,450,P1,70,48.0,32.4,237,177,459,P1,False,B,3,,0,239,
Purulia,1601,Prl-1601,101,High School 101,419,386,1,806,47.89,17,2.1,311,256,9,665,P1,55,46.8,38.5,347,212,639,P1,False,B,3,,0,332,
Purulia,1601,Prl-1601,102,Market Building 102,315,318,0,633,50.24,16,2.5,268,204,2,525,P1,64,51.0,38.9,220,183,515,P1,False,B,3,,0,261,
Purulia,1601,Prl-1601,103,Panchayat Bhavan 103,388,350,1,739,47.36,18,2.4,295,185,10,589,P1,110,50.1,31.4,266,168,626,P1,False,B,3,,0,305,
Purulia,1601,Prl-1601,104,Health Sub-Centre 104,300,309,1,610,50.66,9,1.5,294,141,5,483,P1,153,60.9,29.2,287,166,504,P1,False,B,3,,0,252,
Purulia,1601,Prl-1601,105,High School 105,266,251,0,517,48.55,10,1.9,185,186,5,440,P2,1,42.0,42.3,273,125,442,P1,True,B,3,,0,213,
Purulia,1601,Prl-1601,106,Madrasa 106,333,323,0,656,49.24,15,2.3,309,162,4,523,P1,147,59.1,31.0,230,180,491,P1,False,B,3,,0,270,
Purulia,1601,Prl-1601,107,Post Office 107,253,234,1,488,47.95,12,2.5,224,130,1,394,P1,94,56.9,33.0,235,131,415,P1,False,B,3,,0,201,
Purulia,1601,Prl-1601,108,Madrasa 108,304,308,0,612,50.33,11,1.8,226,176,5,466,P1,50,48.5,37.8,248,168,463,P1,False,B,3,,0,252,
Purulia,1601,Prl-1601,109,High School 109,304,275,1,580,47.41,9,1.6,179,110,10,449,P1,33,39.9,24.5,222,178,459,P1,False,B,3,,0,239,
Purulia,1601,Prl-1601,110,Market Building 110,353,359,1,713,50.35,15,2.1,283,172,6,571,P1,111,49.6,30.1,346,153,554,P1,False,B,3,,0,294,
Purulia,1601,Prl-1601,111,Market Building 111,317,324,0,641,50.55,9,1.4,217,230,7,539,P2,13,40.3,42.7,221,116,480,P1,True,B,3,,0,264,
Purulia,1601,Prl-1601,112,High School 112,409,406,1,816,49.75,19,2.3,433,186,2,688,P1,247,62.9,27.0,329,196,616,P1,False,B,3,,0,336,
Purulia,1601,Prl-1601,113,Govt Office 113,327,333,0,660,50.45,14,2.1,269,172,2,491,P1,97,54.8,35.0,199,191,542,P1,False,B,3,,0,272,
Purulia,1601,Prl-1601,114,Post Office 114,243,248,0,491,50.51,11,2.2,233,142,4,417,P1,91,55.9,34.1,235,140,417,P1,False,B,3,,0,202,
Purulia,1601,Prl-1601,115,Community Hall 115,341,328,0,669,49.03,16,2.4,261,200,5,526,P1,61,49.6,38.0,302,135,503,P1,False,B,3,,0,276,
Purulia,1601,Prl-1601,116,Community Hall 116,371,383,1,755,50.73,17,2.3,307,205,3,569,P1,102,54.0,36.0,283,227,576,P1,False,B,3,,0,311,
Purulia,1601,Prl-1601,117,High School 117,368,364,1,733,49.66,16,2.2,213,226,13,606,P2,13,35.1,37.3,268,167,563,P1,True,B,3,,0,302,
Purulia,1601,Prl-1601,118,Primary School 118,364,338,0,702,48.15,13,1.9,210,160,24,593,P1,17,35.4,27.0,282,209,567,P1,False,B,3,,0,289,
Purulia,1601,Prl-1601,119,Temple Hall 119,356,324,0,680,47.65,10,1.5,306,204,5,567,P1,102,54.0,36.0,260,183,522,P1,False,B,3,,0,280,
Purulia,1601,Prl-1601,120,Market Building 120,420,389,1,810,48.02,13,1.6,300,249,3,610,P1,51,49.2,40.8,346,206,645,P1,False,B,3,,0,334,
Purulia,1601,Prl-1601,121,Govt Office 121,283,291,1,575,50.61,11,1.9,240,167,3,452,P1,73,53.1,36.9,242,175,464,P1,False,B,3,,0,237,
Purulia,1601,Prl-1601,122,Temple Hall 122,319,320,0,639,50.08,11,1.7,190,196,14,532,P2,6,35.7,36.8,289,161,505,P1,True,B,3,,0,263,
Purulia,1601,Prl-1601,123,Post Office 123,416,378,0,794,47.61,15,1.9,281,152,12,607,P1,124,46.3,25.0,289,257,607,P1,False,B,3,,0,327,
Purulia,1601,Prl-1601,124,Health Sub-Centre 124,411,370,1,782,47.31,13,1.7,373,181,7,616,P1,192,60.6,29.4,340,223,626,P1,False,B,3,,0,322,
Purulia,1601,Prl-1601,125,Temple Hall 125,273,265,0,538,49.26,8,1.5,187,169,4,443,P1,18,42.2,38.1,193,130,426,P1,False,B,3,,0,222,
Purulia,1601,Prl-1601,126,Primary School 126,395,372,0,767,48.5,17,2.2,305,194,9,584,P1,111,52.2,33.2,272,163,631,P1,False,B,3,,0,316,
Purulia,1601,Prl-1601,127,High School 127,362,335,0,697,48.06,11,1.6,308,200,2,564,P1,108,54.6,35.5,239,170,518,P1,False,B,3,,0,287,
Purulia,1601,Prl-1601,128,Post Office 128,393,358,0,751,47.67,16,2.1,272,239,7,568,P1,33,47.9,42.1,360,182,603,P1,False,B,3,,0,310,
Purulia,1601,Prl-1601,129,Panchayat Bhavan 129,373,382,1,756,50.53,13,1.7,271,153,11,590,P1,118,45.9,25.9,305,178,634,P1,False,B,3,,0,312,
Purulia,1601,Prl-1601,130,Panchayat Bhavan 130,330,303,0,633,47.87,10,1.6,213,205,2,470,P1,8,45.3,43.6,265,183,498,P1,False,B,3,,0,261,
Purulia,1601,Prl-1601,131,Post Office 131,368,342,1,711,48.1,15,2.1,383,147,2,589,P1,236,65.0,25.0,360,181,601,P1,False,B,3,,0,293,
Purulia,1601,Prl-1601,132,Market Building 132,393,374,0,767,48.76,19,2.5,363,182,2,606,P1,181,59.9,30.0,271,244,637,P1,False,B,3,,0,316,
Purulia,1601,Prl-1601,133,Primary School 133,252,242,0,494,48.99,7,1.4,179,127,9,408,P1,52,43.9,31.1,207,131,376,P1,False,B,3,,0,204,
Purulia,1601,Prl-1601,134,High School 134,310,291,0,601,48.42,11,1.8,251,153,10,486,P1,98,51.6,31.5,234,149,448,P1,False,B,3,,0,248,
Purulia,1601,Prl-1601,135,Anganwadi Centre 135,357,357,1,715,49.93,18,2.5,295,203,6,603,P1,92,48.9,33.7,274,205,598,P1,False,B,3,,0,295,
Purulia,1601,Prl-1601,136,Primary School 136,270,251,0,521,48.18,11,2.1,193,157,4,389,P1,36,49.6,40.4,250,112,402,P1,False,B,3,,0,215,
Purulia,1601,Prl-1601,137,Community Hall 137,379,359,1,739,48.58,12,1.6,324,209,5,604,P1,115,53.6,34.6,352,194,623,P1,False,B,3,,0,305,
Purulia,1601,Prl-1601,138,Temple Hall 138,400,384,1,785,48.92,13,1.7,271,186,7,595,P1,85,45.5,31.3,426,166,657,P1,False,B,3,,0,324,
Purulia,1601,Prl-1601,139,Post Office 139,361,359,0,720,49.86,15,2.1,271,206,7,563,P1,65,48.1,36.6,389,155,604,P1,False,B,3,,0,297,
Purulia,1601,Prl-1601,140,Panchayat Bhavan 140,326,335,0,661,50.68,16,2.4,252,188,2,498,P1,64,50.6,37.8,254,201,506,P1,False,B,3,,0,273,
Purulia,1601,Prl-1601,141,Club Building 141,357,345,1,703,49.08,11,1.6,320,176,4,552,P1,144,58.0,31.9,266,217,562,P1,False,B,3,,0,290,
Purulia,1601,Prl-1601,142,Temple Hall 142,409,409,1,819,49.94,17,2.1,417,182,8,665,P1,235,62.7,27.4,284,266,646,P1,False,B,3,,0,338,
Purulia,1601,Prl-1601,143,Temple Hall 143,358,355,0,713,49.79,11,1.5,279,175,4,585,P1,104,47.7,29.9,317,178,550,P1,False,B,3,,0,294,
Purulia,1601,Prl-1601,144,Govt Office 144,374,387,1,762,50.79,14,1.8,244,164,15,595,P1,78,41.0,27.6,259,201,577,P1,False,B,3,,0,314,
Purulia,1601,Prl-1601,145,Primary School 145,343,324,0,667,48.58,15,2.2,284,178,3,513,P1,106,55.4,34.7,282,199,534,P1,False,B,3,,0,275,
Purulia,1601,Prl-1601,146,Govt Office 146,293,280,1,574,48.78,10,1.7,280,142,2,468,P1,138,59.8,30.3,213,180,471,P1,False,B,3,,0,237,
Purulia,1601,Prl-1601,147,Post Office 147,426,393,1,820,47.93,18,2.2,280,206,13,647,P1,74,43.3,31.8,285,168,657,P1,False,B,3,,0,338,
Purulia,1601,Prl-1601,148,Madrasa 148,409,370,0,779,47.5,16,2.1,286,251,7,666,P1,35,42.9,37.7,263,245,630,P1,False,B,3,,0,321,
Purulia,1601,Prl-1601,149,Club Building 149,255,242,1,498,48.59,9,1.8,183,180,6,424,P1,3,43.2,42.5,205,164,409,P1,False,B,3,,0,205,
Purulia,1601,Prl-1601,150,Anganwadi Centre 150,375,369,1,745,49.53,18,2.4,325,190,7,621,P1,135,52.3,30.6,392,163,617,P1,False,B,3,,0,307,
Purulia,1601,Prl-1601,151,Market Building 151,334,331,1,666,49.7,17,2.6,324,137,2,512,P1,187,63.3,26.8,268,210,536,P1,False,B,3,,0,275,
Purulia,1601,Prl-1601,152,Temple Hall 152,291,285,1,577,49.39,10,1.7,212,161,8,446,P1,51,47.5,36.1,235,174,454,P1,False,B,3,,0,238,
Purulia,1601,Prl-1601,153,Club Building 153,332,340,0,672,50.6,11,1.6,255,199,9,563,P1,56,45.3,35.3,274,164,506,P1,False,B,3,,0,277,
Purulia,1601,Prl-1601,154,Club Building 154,365,365,0,730,50.0,16,2.2,290,192,4,578,P1,98,50.2,33.2,316,239,622,P1,False,B,3,,0,301,
Purulia,1601,Prl-1601,155,Anganwadi Centre 155,293,294,1,588,50.0,9,1.5,259,138,6,474,P1,121,54.6,29.1,272,151,469,P1,False,B,3,,0,242,
Purulia,1601,Prl-1601,156,Govt Office 156,361,372,1,734,50.68,12,1.6,274,206,8,623,P1,68,44.0,33.1,342,180,581,P1,False,B,3,,0,303,
Purulia,1601,Prl-1601,157,Market Building 157,259,246,0,505,48.71,11,2.2,199,127,7,430,P1,72,46.3,29.5,204,177,424,P1,False,B,3,,0,208,
Purulia,1601,Prl-1601,158,Anganwadi Centre 158,255,263,1,519,50.67,9,1.7,216,102,3,389,P1,114,55.5,26.2,150,141,415,P1,False,B,3,,0,214,
Purulia,1601,Prl-1601,159,Post Office 159,279,270,0,549,49.18,11,2.0,229,112,9,424,P1,117,54.0,26.4,194,124,448,P1,False,B,3,,0,226,
Purulia,1601,Prl-1601,160,Anganwadi Centre 160,276,271,0,547,49.54,13,2.4,235,141,5,418,P1,94,56.2,33.7,251,122,415,P1,False,B,3,,0,226,
Purulia,1601,Prl-1601,161,Health Sub-Centre 161,274,263,1,538,48.88,12,2.2,224,136,6,444,P1,88,50.5,30.6,249,128,419,P1,False,B,3,,0,222,
Purulia,1601,Prl-1601,162,Govt Office 162,255,231,0,486,47.53,7,1.4,208,140,2,405,P1,68,51.4,34.6,174,130,371,P1,False,B,3,,0,200,
Purulia,1601,Prl-1601,163,Primary School 163,307,288,0,595,48.4,9,1.5,259,145,6,472,P1,114,54.9,30.7,251,143,477,P1,False,B,3,,0,245,
Purulia,1601,Prl-1601,164,Market Building 164,382,383,0,765,50.07,16,2.1,343,198,5,602,P1,145,57.0,32.9,356,224,644,P1,False,B,3,,0,315,
Purulia,1601,Prl-1601,165,Anganwadi Centre 165,379,378,1,758,49.87,13,1.7,315,229,7,648,P1,86,48.6,35.3,343,192,619,P1,False,B,3,,0,313,
Purulia,1601,Prl-1601,166,Health Sub-Centre 166,358,367,0,725,50.62,13,1.8,327,229,3,618,P1,98,52.9,37.1,304,232,595,P1,False,B,3,,0,299,
Purulia,1601,Prl-1601,167,Community Hall 167,408,375,0,783,47.89,12,1.5,435,165,5,666,P1,270,65.3,24.8,392,192,649,P1,False,A,1,,0,323,
Purulia,1601,Prl-1601,168,Club Building 168,404,379,0,783,48.4,18,2.3,304,187,14,616,P1,117,49.4,30.4,354,247,668,P1,False,B,3,,0,323,
Purulia,1601,Prl-1601,169,Madrasa 169,258,252,0,510,49.41,13,2.5,238,124,2,402,P1,114,59.2,30.8,216,126,380,P1,False,B,3,,0,210,
Purulia,1601,Prl-1601,170,Post Office 170,378,342,0,720,47.5,13,1.8,282,214,5,599,P1,68,47.1,35.7,296,192,542,P1,False,B,3,,0,297,
Purulia,1601,Prl-1601,171,Post Office 171,325,328,0,653,50.23,10,1.5,217,177,10,514,P1,40,42.2,34.4,271,199,523,P1,False,B,3,,0,269,
Purulia,1601,Prl-1601,172,Club Building 172,291,274,1,566,48.41,12,2.1,215,166,6,438,P1,49,49.1,37.9,258,144,462,P1,False,B,3,,0,233,
Purulia,1601,Prl-1601,173,Panchayat Bhavan 173,288,286,1,575,49.74,14,2.4,190,201,6,456,P2,11,41.7,44.1,250,165,461,P1,True,B,3,,0,237,
Purulia,1601,Prl-1601,174,Market Building 174,326,305,0,631,48.34,11,1.7,225,215,3,488,P1,10,46.1,44.1,250,174,521,P1,False,B,3,,0,260,
Purulia,1602,Prl-1602,1,Post Office 1,350,327,1,678,48.23,18,2.7,261,157,9,538,P1,104,48.5,29.2,259,187,577,P1,False,B,3,,0,280,
Purulia,1602,Prl-1602,2,Health Sub-Centre 2,346,347,0,693,50.07,18,2.6,333,131,3,516,P1,202,64.5,25.4,254,210,529,P1,False,B,3,,0,286,
Purulia,1602,Prl-1602,3,Govt Office 3,380,361,1,742,48.65,18,2.4,350,187,2,598,P1,163,58.5,31.3,349,149,553,P1,False,B,3,,0,306,
Purulia,1602,Prl-1602,4,Post Office 4,315,311,1,627,49.6,24,3.8,342,130,5,525,P1,212,65.1,24.8,270,144,499,P1,False,A,1,,0,259,
Purulia,1602,Prl-1602,5,Club Building 5,291,299,0,590,50.68,18,3.1,275,144,5,465,P1,131,59.1,31.0,240,123,478,P1,False,B,3,,0,243,
Purulia,1602,Prl-1602,6,Primary School 6,287,286,0,573,49.91,17,3.0,183,176,8,440,P1,7,41.6,40.0,152,184,445,P2,True,B,3,,0,236,
Purulia,1602,Prl-1602,7,High School 7,412,381,0,793,48.05,21,2.6,383,208,3,657,P1,175,58.3,31.7,315,260,646,P1,False,B,3,,0,327,
Purulia,1602,Prl-1602,8,Community Hall 8,370,382,1,753,50.73,26,3.5,264,224,12,605,P1,40,43.6,37.0,296,244,622,P1,False,B,3,,0,310,
Purulia,1602,Prl-1602,9,Anganwadi Centre 9,343,338,0,681,49.63,20,2.9,285,183,6,520,P1,102,54.8,35.2,204,173,534,P1,False,B,3,,0,281,
Purulia,1602,Prl-1602,10,Govt Office 10,278,262,0,540,48.52,18,3.3,183,143,4,410,P1,40,44.6,34.9,215,125,460,P1,False,B,3,,0,223,
Purulia,1602,Prl-1602,11,Panchayat Bhavan 11,261,257,0,518,49.61,19,3.7,215,143,5,402,P1,72,53.5,35.6,208,155,414,P1,False,B,3,,0,214,
Purulia,1602,Prl-1602,12,Primary School 12,374,367,0,741,49.53,27,3.6,331,227,7,620,P1,104,53.4,36.6,267,163,554,P1,False,B,3,,0,306,
Purulia,1602,Prl-1602,13,Post Office 13,338,317,1,656,48.32,18,2.7,271,213,5,537,P1,58,50.5,39.7,252,171,528,P1,False,B,3,,0,270,
Purulia,1602,Prl-1602,14,Madrasa 14,352,365,1,718,50.84,16,2.2,359,150,4,565,P1,209,63.5,26.5,291,196,586,P1,False,B,3,,0,296,
Purulia,1602,Prl-1602,15,Health Sub-Centre 15,312,322,1,635,50.71,16,2.5,248,175,8,514,P1,73,48.2,34.0,260,172,541,P1,False,B,3,,0,262,
Purulia,1602,Prl-1602,16,Health Sub-Centre 16,292,301,0,593,50.76,18,3.0,271,132,2,458,P1,139,59.2,28.8,256,171,502,P1,False,B,3,,0,245,
Purulia,1602,Prl-1602,17,Panchayat Bhavan 17,416,397,0,813,48.83,23,2.8,269,188,14,631,P1,81,42.6,29.8,371,211,647,P1,False,B,3,,0,335,
Purulia,1602,Prl-1602,18,Anganwadi Centre 18,332,304,0,636,47.8,17,2.7,251,199,8,536,P1,52,46.8,37.1,234,194,476,P1,False,B,3,,0,262,
Purulia,1602,Prl-1602,19,Post Office 19,270,253,0,523,48.37,11,2.1,207,144,4,390,P1,63,53.1,36.9,216,129,388,P1,False,B,3,,0,216,
Purulia,1602,Prl-1602,20,Anganwadi Centre 20,311,312,1,624,50.0,22,3.5,237,190,2,474,P1,47,50.0,40.1,216,132,512,P1,False,B,3,,0,257,
Purulia,1602,Prl-1602,21,Post Office 21,346,359,1,706,50.85,23,3.3,255,239,4,589,P1,16,43.3,40.6,310,178,542,P1,False,B,3,,0,291,
Purulia,1602,Prl-1602,22,Community Hall 22,259,256,0,515,49.71,14,2.7,229,151,5,429,P1,78,53.4,35.2,226,116,428,P1,False,B,3,,0,212,
Purulia,1602,Prl-1602,23,Govt Office 23,259,238,0,497,47.89,19,3.8,203,146,5,387,P1,57,52.5,37.7,198,131,398,P1,False,B,3,,0,205,
Purulia,1602,Prl-1602,24,Govt Office 24,249,254,1,504,50.4,18,3.6,203,145,4,387,P1,58,52.5,37.5,249,136,428,P1,False,B,3,,0,208,
Purulia,1602,Prl-1602,25,Madrasa 25,278,276,1,555,49.73,14,2.5,310,60,3,411,P1,250,75.4,14.6,198,123,434,P1,False,A,1,,0,229,
Purulia,1602,Prl-1602,26,Health Sub-Centre 26,353,329,1,683,48.17,23,3.4,307,201,3,564,P1,106,54.4,35.6,262,183,547,P1,False,B,3,,0,282,
Purulia,1602,Prl-1602,27,Govt Office 27,273,259,0,532,48.68,17,3.2,146,236,2,429,P2,90,34.0,55.0,215,136,398,P1,True,B,3,,0,219,
Purulia,1602,Prl-1602,28,Govt Office 28,379,349,1,729,47.87,26,3.6,315,215,7,624,P1,100,50.5,34.5,349,178,585,P1,False,B,3,,0,301,
Purulia,1602,Prl-1602,29,Market Building 29,291,285,0,576,49.48,14,2.4,264,171,3,484,P1,93,54.5,35.3,297,108,449,P1,False,B,3,,0,237,
Purulia,1602,Prl-1602,30,Panchayat Bhavan 30,401,385,0,786,48.98,30,3.8,374,207,7,646,P1,167,57.9,32.0,376,199,665,P1,False,B,3,,0,324,
Purulia,1602,Prl-1602,31,Community Hall 31,410,401,1,812,49.38,20,2.5,308,225,12,667,P1,83,46.2,33.7,369,217,651,P1,False,B,3,,0,335,
Purulia,1602,Prl-1602,32,Post Office 32,408,377,1,786,47.96,20,2.5,326,198,3,602,P1,128,54.2,32.9,381,211,658,P1,False,B,3,,0,324,
Purulia,1602,Prl-1602,33,Market Building 33,304,301,0,605,49.75,16,2.6,240,193,5,481,P1,47,49.9,40.1,240,184,503,P1,False,B,3,,0,249,
Purulia,1602,Prl-1602,34,Community Hall 34,266,250,0,516,48.45,19,3.7,192,141,10,414,P1,51,46.4,34.1,253,104,396,P1,False,B,3,,0,213,
Purulia,1602,Prl-1602,35,Anganwadi Centre 35,332,310,1,643,48.21,19,3.0,227,142,12,505,P1,85,45.0,28.1,238,217,545,P1,False,B,3,,0,265,
Purulia,1602,Prl-1602,36,Madrasa 36,333,333,0,666,50.0,24,3.6,245,186,10,562,P1,59,43.6,33.1,329,123,502,P1,False,B,3,,0,275,
Purulia,1602,Prl-1602,37,Govt Office 37,302,294,0,596,49.33,22,3.7,318,114,3,480,P1,204,66.2,23.8,239,156,452,P1,False,A,1,,0,246,
Purulia,1602,Prl-1602,38,Primary School 38,394,369,1,764,48.3,29,3.8,295,234,5,589,P1,61,50.1,39.7,304,234,637,P1,False,B,3,,0,315,
Purulia,1602,Prl-1602,39,Panchayat Bhavan 39,321,301,1,623,48.31,21,3.4,178,190,8,486,P2,12,36.6,39.1,291,181,525,P1,True,B,3,,0,257,
Purulia,1602,Prl-1602,40,Health Sub-Centre 40,253,235,0,488,48.16,17,3.5,232,136,3,409,P1,96,56.7,33.3,179,98,376,P1,False,B,3,,0,201,
Purulia,1602,Prl-1602,41,Anganwadi Centre 41,278,260,1,539,48.24,17,3.2,217,157,3,439,P1,60,49.4,35.8,248,148,450,P1,False,B,3,,0,222,
Purulia,1602,Prl-1602,42,Health Sub-Centre 42,344,353,0,697,50.65,25,3.6,242,226,6,574,P1,16,42.2,39.4,364,148,569,P1,False,B,3,,0,287,
Purulia,1602,Prl-1602,43,Community Hall 43,260,255,0,515,49.51,14,2.7,219,158,2,419,P1,61,52.3,37.7,222,106,419,P1,False,B,3,,0,212,
Purulia,1602,Prl-1602,44,Anganwadi Centre 44,377,352,1,730,48.22,20,2.7,300,186,6,541,P1,114,55.5,34.4,254,161,600,P1,False,B,3,,0,301,
Purulia,1602,Prl-1602,45,Post Office 45,403,413,0,816,50.61,22,2.7,318,252,15,695,P1,66,45.8,36.3,330,176,617,P1,False,B,3,,0,336,
Purulia,1602,Prl-1602,46,Health Sub-Centre 46,413,370,0,783,47.25,23,2.9,416,160,5,641,P1,256,64.9,25.0,319,202,619,P1,False,B,3,,0,323,
Purulia,1602,Prl-1602,47,Anganwadi Centre 47,271,256,0,527,48.58,19,3.6,216,126,6,412,P1,90,52.4,30.6,227,155,424,P1,False,B,3,,0,217,
Purulia,1602,Prl-1602,48,Panchayat Bhavan 48,269,273,1,543,50.28,17,3.1,270,103,4,415,P1,167,65.1,24.8,283,135,464,P1,False,A,1,,0,224,
Purulia,1602,Prl-1602,49,Govt Office 49,330,308,1,639,48.2,22,3.4,215,169,13,496,P1,46,43.3,34.1,235,198,538,P1,False,B,3,,0,263,
Purulia,1602,Prl-1602,50,High School 50,292,290,1,583,49.74,22,3.8,315,103,2,464,P1,212,67.9,22.2,225,138,448,P1,False,A,1,,0,240,
Purulia,1602,Prl-1602,51,High School 51,421,393,1,815,48.22,18,2.2,346,230,5,640,P1,116,54.1,35.9,351,216,630,P1,False,B,3,,0,336,
Purulia,1602,Prl-1602,52,Panchayat Bhavan 52,388,358,1,747,47.93,20,2.7,267,155,9,559,P1,112,47.8,27.7,285,203,602,P1,False,B,3,,0,308,
Purulia,1602,Prl-1602,53,Anganwadi Centre 53,396,378,0,774,48.84,24,3.1,358,196,3,615,P1,162,58.2,31.9,332,200,624,P1,False,B,3,,0,319,
Purulia,1602,Prl-1602,54,Health Sub-Centre 54,406,377,1,784,48.09,30,3.8,304,247,6,638,P1,57,47.6,38.7,291,215,582,P1,False,B,3,,0,323,
Purulia,1602,Prl-1602,55,Panchayat Bhavan 55,348,311,0,659,47.19,18,2.7,333,126,2,510,P1,207,65.3,24.7,310,163,526,P1,False,A,1,,0,272,
Purulia,1602,Prl-1602,56,Panchayat Bhavan 56,389,365,1,755,48.34,18,2.4,269,239,4,601,P1,30,44.8,39.8,275,231,562,P1,False,B,3,,0,311,
Purulia,1602,Prl-1602,57,Madrasa 57,251,237,1,489,48.47,14,2.9,172,142,10,413,P1,30,41.6,34.4,225,129,394,P1,False,B,3,,0,202,
Purulia,1602,Prl-1602,58,Temple Hall 58,347,320,0,667,47.98,23,3.4,274,152,6,526,P1,122,52.1,28.9,281,203,538,P1,False,B,3,,0,275,
Purulia,1602,Prl-1602,59,Primary School 59,396,377,0,773,48.77,24,3.1,362,191,2,615,P1,171,58.9,31.1,371,170,601,P1,False,B,3,,0,319,
Purulia,1602,Prl-1602,60,Govt Office 60,339,305,0,644,47.36,17,2.6,255,183,5,504,P1,72,50.6,36.3,261,159,536,P1,False,B,3,,0,266,
Purulia,1602,Prl-1602,61,Govt Office 61,243,244,0,487,50.1,11,2.3,228,141,5,413,P1,87,55.2,34.1,179,109,365,P1,False,B,3,,0,201,
Purulia,1602,Prl-1602,62,Health Sub-Centre 62,353,330,1,684,48.25,27,3.9,288,184,4,524,P1,104,55.0,35.1,200,154,546,P1,False,B,3,,0,282,
Purulia,1602,Prl-1602,63,Primary School 63,317,290,1,608,47.7,17,2.8,220,169,7,473,P1,51,46.5,35.7,183,198,457,P2,True,B,3,,0,251,
Purulia,1602,Prl-1602,64,Anganwadi Centre 64,254,232,1,487,47.64,13,2.7,180,139,5,413,P1,41,43.6,33.7,181,123,369,P1,False,B,3,,0,201,
Purulia,1602,Prl-1602,65,Govt Office 65,296,303,0,599,50.58,22,3.7,263,171,3,483,P1,92,54.5,35.4,241,167,467,P1,False,B,3,,0,247,
Purulia,1602,Prl-1602,66,Post Office 66,372,356,1,729,48.83,27,3.7,228,199,13,559,P1,29,40.8,35.6,334,221,617,P1,False,B,3,,0,301,
Purulia,1602,Prl-1602,67,Govt Office 67,279,259,0,538,48.14,14,2.6,191,159,9,434,P1,32,44.0,36.6,192,159,427,P1,False,B,3,,0,222,
Purulia,1602,Prl-1602,68,High School 68,379,370,1,750,49.33,22,2.9,273,273,6,632,P1,0,43.2,43.2,295,181,604,P1,False,B,3,,0,309,
Purulia,1602,Prl-1602,69,Club Building 69,282,274,0,556,49.28,15,2.7,241,150,5,435,P1,91,55.4,34.5,243,140,458,P1,False,B,3,,0,229,
Purulia,1602,Prl-1602,70,Anganwadi Centre 70,282,263,1,546,48.17,18,3.3,233,146,4,421,P1,87,55.3,34.7,229,151,422,P1,False,B,3,,0,225,
Purulia,1602,Prl-1602,71,Govt Office 71,380,353,1,734,48.09,28,3.8,294,175,14,609,P1,119,48.3,28.7,362,157,607,P1,False,B,3,,0,303,
Purulia,1602,Prl-1602,72,Post Office 72,392,396,1,789,50.19,21,2.7,379,226,4,673,P1,153,56.3,33.6,356,227,675,P1,False,B,3,,0,325,
Purulia,1602,Prl-1602,73,Temple Hall 73,326,313,1,640,48.91,23,3.6,227,198,5,489,P1,29,46.4,40.5,202,177,494,P1,False,B,3,,0,264,
Purulia,1602,Prl-1602,74,Club Building 74,282,289,0,571,50.61,17,3.0,251,150,4,463,P1,101,54.2,32.4,323,113,485,P1,False,B,3,,0,235,
Purulia,1602,Prl-1602,75,Anganwadi Centre 75,388,372,1,761,48.88,24,3.2,352,195,3,631,P1,157,55.8,30.9,277,150,601,P1,False,B,3,,0,314,
Purulia,1602,Prl-1602,76,High School 76,343,351,1,695,50.5,17,2.4,284,199,9,574,P1,85,49.5,34.7,298,169,583,P1,False,B,3,,0,287,
Purulia,1602,Prl-1602,77,Post Office 77,369,342,1,712,48.03,21,2.9,242,178,8,560,P1,64,43.2,31.8,301,203,560,P1,False,B,3,,0,294,
Purulia,1602,Prl-1602,78,Madrasa 78,279,276,1,556,49.64,21,3.8,224,122,6,423,P1,102,53.0,28.8,266,141,453,P1,False,B,3,,0,229,
Purulia,1602,Prl-1602,79,Primary School 79,248,253,0,501,50.5,12,2.4,203,135,4,382,P1,68,53.1,35.3,191,143,405,P1,False,B,3,,0,207,
Purulia,1602,Prl-1602,80,Panchayat Bhavan 80,294,278,0,572,48.6,17,3.0,244,152,2,441,P1,92,55.3,34.5,259,142,446,P1,False,B,3,,0,236,
Purulia,1602,Prl-1602,81,Health Sub-Centre 81,395,360,0,755,47.68,26,3.4,298,165,11,643,P1,133,46.3,25.7,280,236,640,P1,False,B,3,,0,311,
Purulia,1602,Prl-1602,82,Community Hall 82,286,276,0,562,49.11,21,3.7,196,169,4,450,P1,27,43.6,37.6,265,144,455,P1,False,B,3,,0,232,
Purulia,1602,Prl-1602,83,Panchayat Bhavan 83,357,323,0,680,47.5,21,3.1,266,185,8,577,P1,81,46.1,32.1,313,162,528,P1,False,B,3,,0,280,
Purulia,1602,Prl-1602,84,Health Sub-Centre 84,316,288,0,604,47.68,14,2.3,256,188,6,493,P1,68,51.9,38.1,287,149,484,P1,False,B,3,,0,249,
Purulia,1602,Prl-1602,85,Panchayat Bhavan 85,246,233,1,480,48.54,17,3.5,217,111,4,365,P1,106,59.5,30.4,162,123,364,P1,False,B,3,,0,198,
Purulia,1602,Prl-1602,86,High School 86,381,352,1,734,47.96,25,3.4,381,162,5,603,P1,219,63.2,26.9,363,171,593,P1,False,B,3,,0,303,
Purulia,1602,Prl-1602,87,Health Sub-Centre 87,310,311,0,621,50.08,20,3.2,267,190,2,507,P1,77,52.7,37.5,245,163,500,P1,False,B,3,,0,256,
Purulia,1602,Prl-1602,88,High School 88,280,279,1,560,49.82,21,3.8,254,131,3,428,P1,123,59.3,30.6,248,130,420,P1,False,B,3,,0,231,
Purulia,1602,Prl-1602,89,Health Sub-Centre 89,297,274,0,571,47.99,14,2.5,263,133,2,440,P1,130,59.8,30.2,226,170,459,P1,False,B,3,,0,235,
Purulia,1602,Prl-1602,90,Club Building 90,304,272,0,576,47.22,18,3.1,216,183,4,447,P1,33,48.3,40.9,178,158,460,P1,False,B,3,,0,237,
Purulia,1602,Prl-1602,91,Market Building 91,330,336,1,667,50.37,14,2.1,297,154,5,502,P1,143,59.2,30.7,233,192,519,P1,False,B,3,,0,275,
Purulia,1602,Prl-1602,92,Market Building 92,417,384,0,801,47.94,31,3.9,365,234,5,665,P1,131,54.9,35.2,335,143,674,P1,False,B,3,,0,330,
Purulia,1602,Prl-1602,93,Govt Office 93,395,379,1,775,48.9,29,3.7,297,237,11,638,P1,60,46.6,37.1,336,210,638,P1,False,B,3,,0,320,
Purulia,1602,Prl-1602,94,Panchayat Bhavan 94,329,317,1,647,49.0,14,2.2,341,152,4,548,P1,189,62.2,27.7,249,177,546,P1,False,B,3,,0,267,
Purulia,1602,Prl-1602,95,Anganwadi Centre 95,340,305,0,645,47.29,25,3.9,255,196,9,550,P1,59,46.4,35.6,246,168,547,P1,False,B,3,,0,266,
Purulia,1602,Prl-1602,96,Post Office 96,254,247,0,501,49.3,13,2.6,247,119,3,407,P1,128,60.7,29.2,240,118,423,P1,False,B,3,,0,207,
Purulia,1602,Prl-1602,97,Panchayat Bhavan 97,295,265,0,560,47.32,17,3.0,268,138,5,451,P1,130,59.4,30.6,243,133,428,P1,False,B,3,,0,231,
Purulia,1602,Prl-1602,98,Post Office 98,285,283,0,568,49.82,15,2.6,254,125,3,439,P1,129,57.9,28.5,207,190,441,P1,False,B,3,,0,234,
Purulia,1602,Prl-1602,99,High School 99,341,317,0,658,48.18,25,3.8,310,137,5,496,P1,173,62.5,27.6,214,214,555,P1,False,B,3,,0,271,
Purulia,1602,Prl-1602,100,Panchayat Bhavan 100,340,321,0,661,48.56,18,2.7,308,191,2,555,P1,117,55.5,34.4,224,111,495,P1,False,B,3,,0,273,
Purulia,1602,Prl-1602,101,Health Sub-Centre 101,286,290,0,576,50.35,18,3.1,307,116,4,471,P1,191,65.2,24.6,193,189,435,P1,False,A,1,,0,237,
Purulia,1602,Prl-1602,102,Panchayat Bhavan 102,392,393,1,786,50.0,25,3.2,330,183,17,668,P1,147,49.4,27.4,372,185,619,P1,False,B,3,,0,324,
Purulia,1602,Prl-1602,103,Anganwadi Centre 103,252,256,0,508,50.39,12,2.4,214,140,5,408,P1,74,52.5,34.3,263,113,418,P1,False,B,3,,0,209,
Purulia,1602,Prl-1602,104,Panchayat Bhavan 104,385,396,1,782,50.64,23,2.9,314,204,13,637,P1,110,49.3,32.0,328,233,624,P1,False,B,3,,0,322,
Purulia,1602,Prl-1602,105,Primary School 105,349,334,0,683,48.9,20,2.9,267,171,10,569,P1,96,46.9,30.1,245,186,526,P1,False,B,3,,0,282,
Purulia,1602,Prl-1602,106,Temple Hall 106,368,352,1,721,48.82,15,2.1,324,182,6,598,P1,142,54.2,30.4,365,182,608,P1,False,B,3,,0,297,
Purulia,1602,Prl-1602,107,Market Building 107,265,270,1,536,50.37,20,3.7,219,140,4,399,P1,79,54.9,35.1,281,85,406,P1,False,B,3,,0,221,
Purulia,1602,Prl-1602,108,High School 108,340,316,1,657,48.1,21,3.2,226,148,6,503,P1,78,44.9,29.4,263,198,540,P1,False,B,3,,0,271,
Purulia,1602,Prl-1602,109,Community Hall 109,298,276,0,574,48.08,14,2.4,224,167,7,456,P1,57,49.1,36.6,238,187,472,P1,False,B,3,,0,237,
Purulia,1602,Prl-1602,110,Primary School 110,337,328,0,665,49.32,24,3.6,244,202,2,496,P1,42,49.2,40.7,309,161,522,P1,False,B,3,,0,274,
Purulia,1602,Prl-1602,111,Post Office 111,303,291,1,595,48.91,18,3.0,287,169,6,506,P1,118,56.7,33.4,267,135,478,P1,False,B,3,,0,245,
Purulia,1602,Prl-1602,112,High School 112,383,347,1,731,47.47,16,2.2,296,226,5,580,P1,70,51.0,39.0,285,210,617,P1,False,B,3,,0,301,
Purulia,1602,Prl-1602,113,Post Office 113,368,365,1,734,49.73,17,2.3,352,155,10,613,P1,197,57.4,25.3,352,208,623,P1,False,B,3,,0,303,
Purulia,1602,Prl-1602,114,Market Building 114,411,407,0,818,49.76,20,2.4,355,228,10,698,P1,127,50.9,32.7,392,193,669,P1,False,B,3,,0,337,
Purulia,1602,Prl-1602,115,Market Building 115,380,371,0,751,49.4,22,2.9,362,181,7,603,P1,181,60.0,30.0,321,170,595,P1,False,B,3,,0,310,
Purulia,1602,Prl-1602,116,Primary School 116,409,380,0,789,48.16,20,2.5,340,187,5,586,P1,153,58.0,31.9,282,210,593,P1,False,B,3,,0,325,
Purulia,1602,Prl-1602,117,Govt Office 117,301,272,0,573,47.47,16,2.8,274,128,2,447,P1,146,61.3,28.6,220,170,434,P1,False,B,3,,0,236,
Purulia,1602,Prl-1602,118,Panchayat Bhavan 118,323,331,0,654,50.61,19,2.9,276,153,4,494,P1,123,55.9,31.0,255,198,516,P1,False,B,3,,0,270,
Purulia,1602,Prl-1602,119,Post Office 119,391,389,0,780,49.87,24,3.1,298,201,9,651,P1,97,45.8,30.9,418,131,610,P1,False,B,3,,0,322,
Purulia,1602,Prl-1602,120,Primary School 120,362,326,1,689,47.31,17,2.5,289,169,6,540,P1,120,53.5,31.3,292,176,549,P1,False,B,3,,0,284,
Purulia,1602,Prl-1602,121,High School 121,379,343,1,723,47.44,24,3.3,324,224,4,609,P1,100,53.2,36.8,299,202,604,P1,False,B,3,,0,298,
Purulia,1602,Prl-1602,122,Anganwadi Centre 122,424,392,0,816,48.04,30,3.7,376,234,4,678,P1,142,55.5,34.5,291,239,677,P1,False,B,3,,0,336,
Purulia,1602,Prl-1602,123,Market Building 123,256,231,1,488,47.34,11,2.3,201,110,7,411,P1,91,48.9,26.8,178,118,383,P1,False,B,3,,0,201,
Purulia,1602,Prl-1602,124,High School 124,349,328,1,678,48.38,19,2.8,284,222,6,562,P1,62,50.5,39.5,323,181,560,P1,False,B,3,,0,280,
Purulia,1602,Prl-1602,125,Madrasa 125,360,326,1,687,47.45,19,2.8,252,241,3,560,P1,11,45.0,43.0,242,124,537,P1,False,B,3,,0,283,
Purulia,1602,Prl-1602,126,Govt Office 126,250,258,1,509,50.69,19,3.7,249,130,4,421,P1,119,59.1,30.9,144,143,409,P1,False,B,3,,0,210,
Purulia,1602,Prl-1602,127,Community Hall 127,411,381,0,792,48.11,30,3.8,292,223,8,599,P1,69,48.7,37.2,294,228,635,P1,False,B,3,,0,327,
Purulia,1602,Prl-1602,128,Govt Office 128,296,267,1,564,47.34,18,3.2,254,122,4,421,P1,132,60.3,29.0,266,161,474,P1,False,B,3,,0,233,
Purulia,1602,Prl-1602,129,Anganwadi Centre 129,361,324,1,686,47.23,17,2.5,253,161,15,563,P1,92,44.9,28.6,222,211,510,P1,False,B,3,,0,283,
Purulia,1602,Prl-1602,130,Club Building 130,276,262,1,539,48.61,14,2.6,222,132,8,433,P1,90,51.3,30.5,202,160,442,P1,False,B,3,,0,222,
Purulia,1602,Prl-1602,131,Health Sub-Centre 131,325,298,0,623,47.83,17,2.7,249,185,4,483,P1,64,51.6,38.3,264,163,504,P1,False,B,3,,0,257,
Purulia,1602,Prl-1602,132,Community Hall 132,255,247,1,503,49.11,13,2.6,193,151,3,389,P1,42,49.6,38.8,173,136,394,P1,False,B,3,,0,207,
Purulia,1602,Prl-1602,133,Community Hall 133,406,374,1,781,47.89,28,3.6,312,168,10,595,P1,144,52.4,28.2,337,220,664,P1,False,B,3,,0,322,
Purulia,1602,Prl-1602,134,Health Sub-Centre 134,395,367,0,762,48.16,30,3.9,295,216,7,592,P1,79,49.8,36.5,356,215,635,P1,False,B,3,,0,314,
Purulia,1602,Prl-1602,135,High School 135,318,318,1,637,49.92,21,3.3,280,171,3,502,P1,109,55.8,34.1,308,157,516,P1,False,B,3,,0,263,
Purulia,1602,Prl-1602,136,Panchayat Bhavan 136,362,365,0,727,50.21,27,3.7,226,222,5,597,P1,4,37.9,37.2,300,196,590,P1,False,B,3,,0,300,
Purulia,1602,Prl-1602,137,Temple Hall 137,399,372,1,772,48.19,27,3.5,245,244,14,640,P1,1,38.3,38.1,279,237,578,P1,False,B,3,,0,318,
Purulia,1602,Prl-1602,138,Primary School 138,421,388,0,809,47.96,21,2.6,316,215,9,620,P1,101,51.0,34.7,285,156,602,P1,False,B,3,,0,334,
Purulia,1602,Prl-1602,139,Community Hall 139,406,405,1,812,49.88,20,2.5,289,250,5,616,P1,39,46.9,40.6,328,176,629,P1,False,B,3,,0,335,
Purulia,1602,Prl-1602,140,Panchayat Bhavan 140,346,327,1,674,48.52,17,2.5,248,118,18,549,P1,88,45.2,21.5,311,146,508,P1,False,B,3,,0,278,
Purulia,1602,Prl-1602,141,Madrasa 141,354,344,0,698,49.28,24,3.4,219,191,5,520,P1,28,42.1,36.7,348,156,560,P1,False,B,3,,0,288,
Purulia,1602,Prl-1602,142,Primary School 142,270,242,0,512,47.27,11,2.1,226,150,1,418,P1,76,54.1,35.9,254,127,424,P1,False,B,3,,0,211,
Purulia,1602,Prl-1602,143,Madrasa 143,331,301,1,633,47.55,19,3.0,241,164,5,474,P1,77,50.8,34.6,247,169,478,P1,False,B,3,,0,261,
Purulia,1602,Prl-1602,144,High School 144,428,388,0,816,47.55,30,3.7,314,251,5,638,P1,63,49.2,39.3,386,195,646,P1,False,B,3,,0,336,
Purulia,1602,Prl-1602,145,High School 145,339,344,1,684,50.29,16,2.3,203,230,5,547,P2,27,37.1,42.0,326,156,535,P1,True,B,3,,0,282,
Purulia,1602,Prl-1602,146,Market Building 146,380,387,1,768,50.39,23,3.0,316,240,2,632,P1,76,50.0,38.0,333,196,640,P1,False,B,3,,0,317,
Purulia,1602,Prl-1602,147,Panchayat Bhavan 147,263,263,0,526,50.0,14,2.7,271,92,3,403,P1,179,67.2,22.8,211,128,447,P1,False,A,1,,0,217,
Purulia,1602,Prl-1602,148,Primary School 148,332,308,1,641,48.05,21,3.3,280,161,5,538,P1,119,52.0,29.9,292,163,508,P1,False,B,3,,0,264,
Purulia,1602,Prl-1602,149,Govt Office 149,339,312,1,652,47.85,14,2.1,284,199,7,549,P1,85,51.7,36.2,228,166,503,P1,False,B,3,,0,269,
Purulia,1602,Prl-1602,150,Post Office 150,255,262,1,518,50.58,18,3.5,289,106,4,439,P1,183,65.8,24.1,191,143,436,P1,False,A,1,,0,214,
Purulia,1602,Prl-1602,151,High School 151,312,317,0,629,50.4,17,2.7,305,119,2,471,P1,186,64.8,25.3,249,187,484,P1,False,B,3,,0,259,
Purulia,1602,Prl-1602,152,Post Office 152,305,298,0,603,49.42,16,2.7,290,154,5,493,P1,136,58.8,31.2,297,110,452,P1,False,B,3,,0,249,
Purulia,1602,Prl-1602,153,Govt Office 153,244,251,1,496,50.6,11,2.2,194,118,10,398,P1,76,48.7,29.6,192,130,413,P1,False,B,3,,0,205,
Purulia,1602,Prl-1602,154,Community Hall 154,278,281,0,559,50.27,16,2.9,259,141,3,445,P1,118,58.2,31.7,204,165,420,P1,False,B,3,,0,230,
Purulia,1602,Prl-1602,155,Community Hall 155,318,314,0,632,49.68,17,2.7,280,170,3,500,P1,110,56.0,34.0,241,151,469,P1,False,B,3,,0,261,
Purulia,1602,Prl-1602,156,Market Building 156,248,252,0,500,50.4,11,2.2,238,127,4,406,P1,111,58.6,31.3,203,140,381,P1,False,B,3,,0,206,
Purulia,1602,Prl-1602,157,Anganwadi Centre 157,404,398,1,803,49.56,22,2.7,371,223,7,659,P1,148,56.3,33.8,407,149,618,P1,False,B,3,,0,331,
Purulia,1602,Prl-1602,158,Primary School 158,270,266,1,537,49.53,20,3.7,257,132,4,432,P1,125,59.5,30.6,258,118,417,P1,False,B,3,,0,221,
Purulia,1602,Prl-1602,159,Post Office 159,308,305,1,614,49.67,24,3.9,251,213,3,519,P1,38,48.4,41.0,263,193,520,P1,False,B,3,,0,253,
Purulia,1602,Prl-1602,160,Club Building 160,321,309,0,630,49.05,15,2.4,197,186,3,469,P1,11,42.0,39.7,219,174,482,P1,False,B,3,,0,260,
Purulia,1602,Prl-1602,161,High School 161,381,355,0,736,48.23,17,2.3,283,177,12,570,P1,106,49.6,31.1,364,201,627,P1,False,B,3,,0,303,
Purulia,1602,Prl-1602,162,Community Hall 162,340,329,1,670,49.1,19,2.8,285,187,6,524,P1,98,54.4,35.7,232,240,562,P2,True,B,3,,0,276,
Purulia,1602,Prl-1602,163,Community Hall 163,407,389,0,796,48.87,26,3.3,340,219,6,633,P1,121,53.7,34.6,357,244,668,P1,False,B,3,,0,328,
Purulia,1602,Prl-1602,164,Health Sub-Centre 164,367,359,1,727,49.38,27,3.7,293,205,3,554,P1,88,52.9,37.0,309,197,605,P1,False,B,3,,0,300,
Purulia,1602,Prl-1602,165,Panchayat Bhavan 165,290,296,0,586,50.51,15,2.6,233,166,7,491,P1,67,47.5,33.8,186,194,442,P2,True,B,3,,0,242,
Purulia,1602,Prl-1602,166,High School 166,247,232,1,480,48.33,14,2.9,229,113,3,380,P1,116,60.3,29.7,198,130,364,P1,False,B,3,,0,198,
Purulia,1602,Prl-1602,167,Temple Hall 167,290,278,0,568,48.94,17,3.0,251,162,6,478,P1,89,52.5,33.9,212,119,427,P1,False,B,3,,0,234,
Purulia,1602,Prl-1602,168,High School 168,269,248,0,517,47.97,20,3.9,220,140,3,417,P1,80,52.8,33.6,218,145,404,P1,False,B,3,,0,213,
Purulia,1602,Prl-1602,169,Community Hall 169,401,383,1,785,48.79,23,2.9,228,192,22,642,P1,34,35.5,29.9,351,224,638,P1,False,B,3,,0,324,
Purulia,1602,Prl-1602,170,Market Building 170,359,339,0,698,48.57,20,2.9,259,210,4,522,P1,49,49.6,40.2,326,159,539,P1,False,B,3,,0,288,
Purulia,1602,Prl-1602,171,Post Office 171,267,257,1,525,48.95,16,3.0,166,118,7,398,P1,48,41.7,29.6,212,181,444,P1,False,B,3,,0,216,
Purulia,1603,Prl-1603,1,Club Building 1,313,296,0,609,48.6,8,1.3,264,176,8,510,P1,88,51.8,34.5,228,194,469,P1,False,B,3,,0,251,
Purulia,1603,Prl-1603,2,High School 2,350,336,0,686,48.98,6,0.9,296,190,6,559,P1,106,53.0,34.0,290,189,532,P1,False,B,3,,0,283,
Purulia,1603,Prl-1603,3,Panchayat Bhavan 3,381,350,1,732,47.81,6,0.8,308,203,7,568,P1,105,54.2,35.7,341,152,548,P1,False,B,3,,0,302,
Purulia,1603,Prl-1603,4,Temple Hall 4,242,248,0,490,50.61,4,0.8,177,151,4,365,P1,26,48.5,41.4,240,116,395,P1,False,B,3,,0,202,
Purulia,1603,Prl-1603,5,Govt Office 5,280,268,1,549,48.82,6,1.1,358,45,2,448,P1,313,79.9,10.0,281,137,464,P1,False,A,1,,0,226,
Purulia,1603,Prl-1603,6,Madrasa 6,385,396,0,781,50.7,7,0.9,299,222,11,645,P1,77,46.4,34.4,355,175,589,P1,False,B,3,,0,322,
Purulia,1603,Prl-1603,7,Health Sub-Centre 7,346,327,0,673,48.59,7,1.0,359,140,3,554,P1,219,64.8,25.3,328,136,516,P1,False,B,3,,0,277,
Purulia,1603,Prl-1603,8,Market Building 8,340,336,0,676,49.7,6,0.9,307,189,3,557,P1,118,55.1,33.9,254,210,516,P1,False,B,3,,0,279,
Purulia,1603,Prl-1603,9,Panchayat Bhavan 9,362,329,0,691,47.61,7,1.0,259,204,6,559,P1,55,46.3,36.5,215,151,546,P1,False,B,3,,0,285,
Purulia,1603,Prl-1603,10,Panchayat Bhavan 10,326,315,1,642,49.07,6,0.9,201,165,14,494,P1,36,40.7,33.4,268,179,496,P1,False,B,3,,0,265,
Purulia,1603,Prl-1603,11,Health Sub-Centre 11,320,291,0,611,47.63,6,1.0,284,137,6,468,P1,147,60.7,29.3,272,152,490,P1,False,B,3,,0,252,
Purulia,1603,Prl-1603,12,Community Hall 12,326,302,0,628,48.09,5,0.8,286,64,6,497,P1,150,57.5,12.9,200,171,518,P1,False,B,3,,0,259,
Purulia,1603,Prl-1603,13,Post Office 13,397,391,1,789,49.56,6,0.8,363,207,2,633,P1,156,57.3,32.7,364,184,635,P1,False,B,3,,0,325,
Purulia,1603,Prl-1603,14,Panchayat Bhavan 14,262,259,1,522,49.62,6,1.1,217,157,6,433,P1,60,50.1,36.3,223,123,387,P1,False,B,3,,0,215,
Purulia,1603,Prl-1603,15,Market Building 15,345,327,0,672,48.66,6,0.9,253,162,4,505,P1,91,50.1,32.1,285,164,550,P1,False,B,3,,0,277,
Purulia,1603,Prl-1603,16,Govt Office 16,410,401,1,812,49.38,7,0.9,424,199,5,692,P1,225,61.3,28.8,445,164,676,P1,False,B,3,,0,335,
Purulia,1603,Prl-1603,17,Govt Office 17,287,271,0,558,48.57,5,0.9,196,128,6,425,P1,68,46.1,30.1,304,121,472,P1,False,B,3,,0,230,
Purulia,1603,Prl-1603,18,Health Sub-Centre 18,337,329,0,666,49.4,5,0.8,309,194,5,558,P1,115,55.4,34.8,251,244,551,P1,False,B,3,,0,275,
Purulia,1603,Prl-1603,19,Post Office 19,391,384,1,776,49.48,8,1.0,270,216,16,629,P1,54,42.9,34.3,308,242,613,P1,False,B,3,,0,320,
Purulia,1603,Prl-1603,20,Temple Hall 20,370,338,0,708,47.74,7,1.0,331,176,8,601,P1,155,55.1,29.3,261,199,566,P1,False,B,3,,0,292,
Purulia,1603,Prl-1603,21,High School 21,253,243,1,497,48.89,5,1.0,147,128,6,408,P1,19,36.0,31.4,196,148,382,P1,False,B,3,,0,205,
Purulia,1603,Prl-1603,22,Post Office 22,300,296,0,596,49.66,5,0.8,237,122,8,467,P1,115,50.7,26.1,223,195,480,P1,False,B,3,,0,246,
Purulia,1603,Prl-1603,23,High School 23,292,275,0,567,48.5,5,0.9,182,153,6,457,P1,29,39.8,33.5,259,120,422,P1,False,B,3,,0,234,
Purulia,1603,Prl-1603,24,Govt Office 24,379,379,0,758,50.0,7,0.9,325,169,9,607,P1,156,53.5,27.8,257,242,587,P1,False,B,3,,0,313,
Purulia,1603,Prl-1603,25,Anganwadi Centre 25,268,251,1,520,48.27,5,1.0,251,101,1,392,P1,150,64.0,25.8,173,173,434,P1,False,B,3,,0,214,
Purulia,1603,Prl-1603,26,Market Building 26,354,333,1,688,48.4,6,0.9,280,213,3,550,P1,67,50.9,38.7,298,186,538,P1,False,B,3,,0,284,
Purulia,1603,Prl-1603,27,Club Building 27,281,271,0,552,49.09,4,0.7,177,183,9,440,P2,6,40.2,41.6,210,182,443,P1,True,B,3,,0,228,
Purulia,1603,Prl-1603,28,Panchayat Bhavan 28,405,370,1,776,47.68,7,0.9,369,179,3,609,P1,190,60.6,29.4,284,255,642,P1,False,B,3,,0,320,
Purulia,1603,Prl-1603,29,Panchayat Bhavan 29,251,247,1,499,49.5,5,1.0,210,111,3,377,P1,99,55.7,29.4,217,119,374,P1,False,B,3,,0,206,
Purulia,1603,Prl-1603,30,Club Building 30,260,264,0,524,50.38,4,0.8,228,123,3,390,P1,105,58.5,31.5,283,113,440,P1,False,B,3,,0,216,
Purulia,1603,Prl-1603,31,Community Hall 31,317,316,1,634,49.84,5,0.8,254,176,2,478,P1,78,53.1,36.8,275,184,510,P1,False,B,3,,0,261,
Purulia,1603,Prl-1603,32,Post Office 32,389,363,0,752,48.27,10,1.3,364,205,7,632,P1,159,57.6,32.4,305,197,640,P1,False,B,3,,0,310,
Purulia,1603,Prl-1603,33,High School 33,311,315,1,627,50.24,4,0.6,326,156,3,535,P1,170,60.9,29.2,290,130,467,P1,False,B,3,,0,259,
Purulia,1603,Prl-1603,34,Post Office 34,406,399,1,806,49.5,9,1.1,350,190,6,600,P1,160,58.3,31.7,275,197,615,P1,False,B,3,,0,332,
Purulia,1603,Prl-1603,35,Community Hall 35,251,260,1,512,50.78,6,1.2,205,133,4,403,P1,72,50.9,33.0,189,153,380,P1,False,B,3,,0,211,
Purulia,1603,Prl-1603,36,Madrasa 36,423,385,0,808,47.65,10,1.2,411,202,6,681,P1,209,60.4,29.7,367,185,613,P1,False,B,3,,0,333,
Purulia,1603,Prl-1603,37,Post Office 37,298,298,0,596,50.0,7,1.2,303,137,7,506,P1,166,59.9,27.1,251,179,506,P1,False,B,3,,0,246,
Purulia,1603,Prl-1603,38,Primary School 38,334,304,1,639,47.57,7,1.1,226,176,7,487,P1,50,46.4,36.1,276,159,483,P1,False,B,3,,0,263,
Purulia,1603,Prl-1603,39,Market Building 39,398,372,1,771,48.25,6,0.8,295,130,10,576,P1,159,51.2,22.6,362,174,610,P1,False,B,3,,0,318,
Purulia,1603,Prl-1603,40,Anganwadi Centre 40,259,263,0,522,50.38,4,0.8,208,149,4,396,P1,59,52.5,37.6,234,141,417,P1,False,B,3,,0,215,
Purulia,1603,Prl-1603,41,Madrasa 41,349,327,1,677,48.3,6,0.9,265,187,2,502,P1,78,52.8,37.3,256,214,571,P1,False,B,3,,0,279,
Purulia,1603,Prl-1603,42,Health Sub-Centre 42,402,378,0,780,48.46,9,1.2,258,234,13,602,P1,24,42.9,38.9,371,170,601,P1,False,B,3,,0,322,
Purulia,1603,Prl-1603,43,Market Building 43,272,250,1,523,47.8,5,1.0,199,153,8,424,P1,46,46.9,36.1,292,101,437,P1,False,B,3,,0,216,
Purulia,1603,Prl-1603,44,Market Building 44,352,355,1,708,50.14,5,0.7,305,186,5,545,P1,119,56.0,34.1,293,191,537,P1,False,B,3,,0,292,
Purulia,1603,Prl-1603,45,Panchayat Bhavan 45,262,254,0,516,49.22,6,1.2,186,144,7,397,P1,42,46.9,36.3,241,148,432,P1,False,B,3,,0,213,
Purulia,1603,Prl-1603,46,Market Building 46,280,274,0,554,49.46,6,1.1,199,188,4,446,P1,11,44.6,42.2,238,147,453,P1,False,B,3,,0,228,
Purulia,1603,Prl-1603,47,Madrasa 47,269,269,0,538,50.0,6,1.1,233,130,2,403,P1,103,57.8,32.3,247,139,429,P1,False,B,3,,0,222,
Purulia,1603,Prl-1603,48,Community Hall 48,373,334,1,708,47.18,8,1.1,317,205,5,581,P1,112,54.6,35.3,256,200,536,P1,False,B,3,,0,292,
Purulia,1603,Prl-1603,49,High School 49,379,359,0,738,48.64,6,0.8,284,218,2,558,P1,66,50.9,39.1,275,216,584,P1,False,B,3,,0,304,
Purulia,1603,Prl-1603,50,High School 50,245,238,0,483,49.28,4,0.8,159,136,4,360,P1,23,44.2,37.8,181,146,364,P1,False,B,3,,0,199,
Purulia,1603,Prl-1603,51,Primary School 51,328,327,0,655,49.92,8,1.2,282,207,6,550,P1,75,51.3,37.6,300,153,526,P1,False,B,3,,0,270,
Purulia,1603,Prl-1603,52,Temple Hall 52,314,291,0,605,48.1,5,0.8,210,151,11,456,P1,59,46.1,33.1,280,138,514,P1,False,B,3,,0,249,
Purulia,1603,Prl-1603,53,Madrasa 53,400,403,1,804,50.12,7,0.9,353,192,6,605,P1,161,58.3,31.7,329,207,661,P1,False,B,3,,0,332,
Purulia,1603,Prl-1603,54,Club Building 54,260,234,0,494,47.37,4,0.8,213,111,5,375,P1,102,56.8,29.6,203,159,402,P1,False,B,3,,0,204,
Purulia,1603,Prl-1603,55,Panchayat Bhavan 55,255,254,1,510,49.8,5,1.0,208,137,4,401,P1,71,51.9,34.2,243,114,419,P1,False,B,3,,0,210,
Purulia,1603,Prl-1603,56,Health Sub-Centre 56,364,369,0,733,50.34,5,0.7,347,190,7,614,P1,157,56.5,30.9,294,210,560,P1,False,B,3,,0,302,
Purulia,1603,Prl-1603,57,High School 57,404,372,1,777,47.88,8,1.0,311,259,3,633,P1,52,49.1,40.9,303,235,638,P1,False,B,3,,0,320,
Purulia,1603,Prl-1603,58,Govt Office 58,375,377,0,752,50.13,8,1.1,243,199,16,608,P1,44,40.0,32.7,339,164,561,P1,False,B,3,,0,310,
Purulia,1603,Prl-1603,59,Club Building 59,298,306,1,605,50.58,7,1.2,274,142,2,462,P1,132,59.3,30.7,217,145,470,P1,False,B,3,,0,249,
Purulia,1603,Prl-1603,60,Market Building 60,350,342,1,693,49.35,9,1.3,256,164,9,528,P1,92,48.5,31.1,236,221,580,P1,False,B,3,,0,286,
Purulia,1603,Prl-1603,61,Post Office 61,295,295,0,590,50.0,5,0.8,232,182,6,472,P1,50,49.2,38.6,286,120,464,P1,False,B,3,,0,243,
Purulia,1603,Prl-1603,62,Panchayat Bhavan 62,357,321,0,678,47.35,8,1.2,226,161,18,562,P1,65,40.2,28.6,271,148,541,P1,False,B,3,,0,280,
Purulia,1603,Prl-1603,63,Govt Office 63,327,336,1,664,50.6,6,0.9,287,208,2,550,P1,79,52.2,37.8,266,181,502,P1,False,B,3,,0,274,
Purulia,1603,Prl-1603,64,Govt Office 64,281,255,0,536,47.57,6,1.1,190,160,8,446,P1,30,42.6,35.9,242,115,458,P1,False,B,3,,0,221,
Purulia,1603,Prl-1603,65,Anganwadi Centre 65,273,248,1,522,47.51,5,1.0,224,136,3,400,P1,88,56.0,34.0,205,158,403,P1,False,B,3,,0,215,
Purulia,1603,Prl-1603,66,Market Building 66,387,364,0,751,48.47,8,1.1,337,131,9,613,P1,206,55.0,21.4,296,195,590,P1,False,B,3,,0,310,
Purulia,1603,Prl-1603,67,Govt Office 67,406,371,0,777,47.75,7,0.9,347,237,5,662,P1,110,52.4,35.8,291,201,595,P1,False,B,3,,0,320,
Purulia,1603,Prl-1603,68,Market Building 68,380,357,0,737,48.44,6,0.8,293,178,9,627,P1,115,46.7,28.4,307,232,622,P1,False,B,3,,0,304,
Purulia,1603,Prl-1603,69,Primary School 69,301,277,0,578,47.92,5,0.9,247,161,3,453,P1,86,54.5,35.5,196,151,490,P1,False,B,3,,0,238,
Purulia,1603,Prl-1603,70,Community Hall 70,345,340,0,685,49.64,5,0.7,297,198,5,575,P1,99,51.7,34.4,247,177,535,P1,False,B,3,,0,282,
Purulia,1603,Prl-1603,71,Govt Office 71,378,382,0,760,50.26,9,1.2,317,244,8,649,P1,73,48.8,37.6,315,213,586,P1,False,B,3,,0,313,
Purulia,1603,Prl-1603,72,Market Building 72,250,238,0,488,48.77,5,1.0,209,134,2,381,P1,75,54.9,35.2,198,130,364,P1,False,B,3,,0,201,
Purulia,1603,Prl-1603,73,Anganwadi Centre 73,278,261,1,540,48.33,6,1.1,241,132,5,415,P1,109,58.1,31.8,233,159,436,P1,False,B,3,,0,223,
Purulia,1603,Prl-1603,74,Madrasa 74,400,412,1,813,50.68,11,1.4,359,216,7,666,P1,143,53.9,32.4,377,248,694,P1,False,B,3,,0,335,
Purulia,1603,Prl-1603,75,Madrasa 75,315,317,0,632,50.16,7,1.1,237,150,11,515,P1,87,46.0,29.1,256,168,537,P1,False,B,3,,0,261,
Purulia,1603,Prl-1603,76,Primary School 76,293,264,1,558,47.31,6,1.1,215,148,6,438,P1,67,49.1,33.8,228,130,439,P1,False,B,3,,0,230,
Purulia,1603,Prl-1603,77,Anganwadi Centre 77,275,250,0,525,47.62,5,1.0,213,161,2,415,P1,52,51.3,38.8,248,113,444,P1,False,B,3,,0,216,
Purulia,1603,Prl-1603,78,Primary School 78,356,330,1,687,48.03,8,1.2,219,256,5,546,P2,37,40.1,46.9,243,182,532,P1,True,B,3,,0,283,
Purulia,1603,Prl-1603,79,Market Building 79,371,345,0,716,48.18,8,1.1,287,206,7,590,P1,81,48.6,34.9,187,182,561,P1,False,B,3,,0,295,
Purulia,1603,Prl-1603,80,Club Building 80,382,390,1,773,50.45,7,0.9,309,221,9,612,P1,88,50.5,36.1,317,242,626,P1,False,B,3,,0,319,
Purulia,1603,Prl-1603,81,Madrasa 81,408,398,0,806,49.38,9,1.1,255,212,6,604,P1,43,42.2,35.1,285,274,677,P1,False,B,3,,0,332,
Purulia,1603,Prl-1603,82,Market Building 82,349,357,0,706,50.57,8,1.1,278,195,5,549,P1,83,50.6,35.5,335,170,599,P1,False,B,3,,0,291,
Purulia,1603,Prl-1603,83,Market Building 83,348,319,0,667,47.83,5,0.7,196,153,10,500,P1,43,39.2,30.6,271,211,535,P1,False,B,3,,0,275,
Purulia,1603,Prl-1603,84,Madrasa 84,357,357,1,715,49.93,7,1.0,258,173,3,530,P1,85,48.7,32.6,286,190,536,P1,False,B,3,,0,295,
Purulia,1603,Prl-1603,85,Post Office 85,293,282,0,575,49.04,6,1.0,208,152,7,467,P1,56,44.5,32.5,249,167,474,P1,False,B,3,,0,237,
Purulia,1603,Prl-1603,86,Primary School 86,372,337,0,709,47.53,8,1.1,234,154,5,540,P1,80,43.3,28.5,297,180,530,P1,False,B,3,,0,292,
Purulia,1603,Prl-1603,87,Madrasa 87,302,297,1,600,49.5,6,1.0,302,136,5,499,P1,166,60.5,27.3,264,159,470,P1,False,B,3,,0,247,
Purulia,1603,Prl-1603,88,Govt Office 88,407,396,0,803,49.32,7,0.9,354,184,5,604,P1,170,58.6,30.5,345,187,655,P1,False,B,3,,0,331,
Purulia,1603,Prl-1603,89,Health Sub-Centre 89,331,312,1,644,48.45,6,0.9,232,135,6,490,P1,97,47.3,27.6,280,166,496,P1,False,B,3,,0,266,
Purulia,1603,Prl-1603,90,Madrasa 90,400,403,1,804,50.12,10,1.2,337,240,4,654,P1,97,51.5,36.7,270,256,667,P1,False,B,3,,0,332,
Purulia,1603,Prl-1603,91,Post Office 91,320,291,1,612,47.55,6,1.0,286,169,3,505,P1,117,56.6,33.5,298,172,522,P1,False,B,3,,0,252,
Purulia,1603,Prl-1603,92,Club Building 92,257,233,1,491,47.45,4,0.8,185,133,7,380,P1,52,48.7,35.0,209,114,370,P1,False,B,3,,0,202,
Purulia,1603,Prl-1603,93,Community Hall 93,252,235,1,488,48.16,5,1.0,226,100,1,362,P1,126,62.4,27.6,137,93,366,P1,False,B,3,,0,201,
Purulia,1603,Prl-1603,94,Temple Hall 94,328,312,1,641,48.67,7,1.1,278,192,3,539,P1,86,51.6,35.6,312,131,547,P1,False,B,3,,0,264,
Purulia,1603,Prl-1603,95,Temple Hall 95,349,331,1,681,48.6,8,1.2,233,223,4,526,P1,10,44.3,42.4,194,211,535,P2,True,B,3,,0,281,
Purulia,1603,Prl-1603,96,Primary School 96,332,316,1,649,48.69,7,1.1,263,188,3,505,P1,75,52.1,37.2,263,187,499,P1,False,B,3,,0,268,
Purulia,1603,Prl-1603,97,Anganwadi Centre 97,269,256,0,525,48.76,6,1.1,176,116,6,415,P1,60,42.4,28.0,203,127,398,P1,False,B,3,,0,216,
Purulia,1603,Prl-1603,98,Primary School 98,345,317,1,663,47.81,5,0.8,287,120,6,502,P1,167,57.2,23.9,295,150,495,P1,False,B,3,,0,273,
Purulia,1603,Prl-1603,99,Anganwadi Centre 99,390,392,0,782,50.13,10,1.3,346,230,6,640,P1,116,54.1,35.9,420,136,618,P1,False,B,3,,0,322,
Purulia,1603,Prl-1603,100,Madrasa 100,357,362,0,719,50.35,6,0.8,268,137,6,593,P1,92,45.2,23.1,349,183,591,P1,False,B,3,,0,296,
Purulia,1603,Prl-1603,101,Post Office 101,368,351,1,720,48.75,6,0.8,281,211,3,578,P1,70,48.6,36.5,292,163,578,P1,False,B,3,,0,297,
Purulia,1603,Prl-1603,102,Club Building 102,413,392,0,805,48.7,6,0.7,376,212,7,654,P1,164,57.5,32.4,378,200,683,P1,False,B,3,,0,332,
Purulia,1603,Prl-1603,103,Market Building 103,388,351,0,739,47.5,6,0.8,435,117,4,613,P1,318,71.0,19.1,307,238,606,P1,False,A,1,,0,305,
Purulia,1603,Prl-1603,104,Community Hall 104,382,382,0,764,50.0,6,0.8,311,158,7,599,P1,153,51.9,26.4,267,205,577,P1,False,B,3,,0,315,
Purulia,1603,Prl-1603,105,Panchayat Bhavan 105,322,329,0,651,50.54,5,0.8,276,204,5,536,P1,72,51.5,38.1,324,150,527,P1,False,B,3,,0,268,
Purulia,1603,Prl-1603,106,Anganwadi Centre 106,314,291,0,605,48.1,7,1.2,259,146,4,450,P1,113,57.6,32.4,212,194,514,P1,False,B,3,,0,249,
Purulia,1603,Prl-1603,107,Market Building 107,407,412,0,819,50.31,10,1.2,334,239,8,636,P1,95,52.5,37.6,291,275,677,P1,False,B,3,,0,338,
Purulia,1603,Prl-1603,108,Club Building 108,330,316,1,647,48.84,8,1.2,273,159,4,496,P1,114,55.0,32.1,309,162,524,P1,False,B,3,,0,267,
Purulia,1603,Prl-1603,109,Community Hall 109,263,272,1,536,50.75,5,0.9,262,143,3,450,P1,119,58.2,31.8,171,114,412,P1,False,B,3,,0,221,
Purulia,1603,Prl-1603,110,Temple Hall 110,322,334,1,657,50.84,8,1.2,247,143,13,552,P1,104,44.7,25.9,295,176,523,P1,False,B,3,,0,271,
Purulia,1603,Prl-1603,111,Temple Hall 111,381,343,1,725,47.31,8,1.1,285,122,14,606,P1,106,47.0,20.1,348,139,541,P1,False,B,3,,0,299,
Purulia,1603,Prl-1603,112,High School 112,378,357,0,735,48.57,8,1.1,357,128,5,553,P1,229,64.6,23.1,247,217,592,P1,False,B,3,,0,303,
Purulia,1603,Prl-1603,113,High School 113,413,406,1,820,49.51,10,1.2,253,287,3,625,P2,34,40.5,45.9,357,218,638,P1,True,B,3,,0,338,
Purulia,1603,Prl-1603,114,Govt Office 114,339,320,1,660,48.48,8,1.2,317,158,5,545,P1,159,58.2,29.0,271,173,493,P1,False,B,3,,0,272,
Purulia,1603,Prl-1603,115,Club Building 115,371,356,0,727,48.97,9,1.2,252,150,6,561,P1,102,44.9,26.7,334,174,565,P1,False,B,3,,0,300,
Purulia,1603,Prl-1603,116,Community Hall 116,343,344,1,688,50.0,7,1.0,315,184,6,583,P1,131,54.0,31.6,314,186,555,P1,False,B,3,,0,284,
Purulia,1603,Prl-1603,117,Primary School 117,274,253,1,528,47.92,5,0.9,214,88,7,445,P1,82,48.1,19.8,178,105,450,P1,False,B,3,,0,218,
Purulia,1603,Prl-1603,118,Govt Office 118,276,270,0,546,49.45,4,0.7,221,153,3,415,P1,68,53.3,36.9,174,188,452,P2,True,B,3,,0,225,
Purulia,1603,Prl-1603,119,Madrasa 119,386,362,1,749,48.33,8,1.1,412,144,4,617,P1,268,66.8,23.3,323,230,614,P1,False,A,1,,0,309,
Purulia,1603,Prl-1603,120,Primary School 120,248,237,0,485,48.87,6,1.2,194,137,7,398,P1,57,48.7,34.4,226,133,399,P1,False,B,3,,0,200,
Purulia,1603,Prl-1603,121,Club Building 121,329,319,0,648,49.23,5,0.8,245,214,9,554,P1,31,44.2,38.6,288,194,535,P1,False,B,3,,0,267,
Purulia,1603,Prl-1603,122,Post Office 122,257,265,1,523,50.67,4,0.8,209,148,5,412,P1,61,50.7,35.9,171,141,422,P1,False,B,3,,0,216,
Purulia,1603,Prl-1603,123,Market Building 123,389,366,1,756,48.41,6,0.8,291,226,14,644,P1,65,45.2,35.1,276,253,588,P1,False,B,3,,0,312,
Purulia,1603,Prl-1603,124,Govt Office 124,272,269,0,541,49.72,6,1.1,197,190,5,451,P1,7,43.7,42.1,187,137,441,P1,False,B,3,,0,223,
Purulia,1603,Prl-1603,125,Govt Office 125,360,337,1,698,48.28,9,1.3,296,185,4,535,P1,111,55.3,34.6,274,153,573,P1,False,B,3,,0,288,
Purulia,1603,Prl-1603,126,Primary School 126,339,309,1,649,47.61,5,0.8,277,201,3,533,P1,76,52.0,37.7,251,122,541,P1,False,B,3,,0,268,
Purulia,1603,Prl-1603,127,Temple Hall 127,347,311,0,658,47.26,6,0.9,360,121,3,535,P1,239,67.3,22.6,322,155,530,P1,False,A,1,,0,271,
Purulia,1603,Prl-1603,128,Madrasa 128,319,310,1,630,49.21,6,1.0,228,242,6,527,P2,14,43.3,45.9,201,167,480,P1,True,B,3,,0,260,
Purulia,1603,Prl-1603,129,Madrasa 129,259,266,0,525,50.67,5,1.0,202,137,6,426,P1,65,47.4,32.2,176,162,389,P1,False,B,3,,0,216,
Purulia,1603,Prl-1603,130,Panchayat Bhavan 130,430,388,0,818,47.43,6,0.7,394,225,7,688,P1,169,57.3,32.7,315,208,615,P1,False,B,3,,0,337,
Purulia,1603,Prl-1603,131,Primary School 131,325,326,0,651,50.08,6,0.9,307,192,5,554,P1,115,55.4,34.7,299,153,502,P1,False,B,3,,0,268,
Purulia,1603,Prl-1603,132,High School 132,345,314,0,659,47.65,8,1.2,243,197,6,489,P1,46,49.7,40.3,284,185,522,P1,False,B,3,,0,272,
Purulia,1603,Prl-1603,133,Health Sub-Centre 133,378,360,1,739,48.71,7,0.9,307,254,6,629,P1,53,48.8,40.4,290,180,577,P1,False,B,3,,0,305,
Purulia,1603,Prl-1603,134,Club Building 134,281,286,0,567,50.44,7,1.2,230,170,2,444,P1,60,51.8,38.3,185,171,424,P1,False,B,3,,0,234,
Purulia,1603,Prl-1603,135,Club Building 135,429,388,0,817,47.49,10,1.2,286,250,5,645,P1,36,44.3,38.8,381,245,696,P1,False,B,3,,0,337,
Purulia,1603,Prl-1603,136,Club Building 136,357,364,1,722,50.42,6,0.8,274,213,5,541,P1,61,50.6,39.4,341,164,562,P1,False,B,3,,0,298,
Purulia,1603,Prl-1603,137,Madrasa 137,402,384,1,787,48.79,10,1.3,281,249,7,589,P1,32,47.7,42.3,406,142,609,P1,False,B,3,,0,324,
Purulia,1603,Prl-1603,138,Primary School 138,401,377,1,779,48.4,8,1.0,311,218,7,605,P1,93,51.4,36.0,304,167,577,P1,False,B,3,,0,321,
Purulia,1603,Prl-1603,139,High School 139,396,399,1,796,50.13,8,1.0,320,233,3,628,P1,87,51.0,37.1,449,156,672,P1,False,B,3,,0,328,
Purulia,1603,Prl-1603,140,High School 140,265,245,1,511,47.95,4,0.8,146,152,6,384,P2,6,38.0,39.6,189,171,429,P1,True,B,3,,0,211,
Purulia,1603,Prl-1603,141,Temple Hall 141,307,303,1,611,49.59,7,1.1,237,157,3,454,P1,80,52.2,34.6,252,158,494,P1,False,B,3,,0,252,
Purulia,1603,Prl-1603,142,Community Hall 142,375,361,1,737,48.98,8,1.1,338,193,4,591,P1,145,57.2,32.7,343,189,591,P1,False,B,3,,0,304,
Purulia,1603,Prl-1603,143,High School 143,341,308,1,650,47.38,6,0.9,275,163,5,487,P1,112,56.5,33.5,245,167,546,P1,False,B,3,,0,268,
Purulia,1603,Prl-1603,144,Post Office 144,288,284,0,572,49.65,4,0.7,250,171,4,468,P1,79,53.4,36.5,245,143,431,P1,False,B,3,,0,236,
Purulia,1603,Prl-1603,145,Market Building 145,294,295,0,589,50.08,5,0.8,288,141,5,476,P1,147,60.5,29.6,272,153,472,P1,False,B,3,,0,243,
Purulia,1603,Prl-1603,146,Temple Hall 146,280,257,0,537,47.86,5,0.9,283,109,2,435,P1,174,65.1,25.1,273,102,417,P1,False,A,1,,0,221,
Purulia,1603,Prl-1603,147,Primary School 147,304,289,0,593,48.74,7,1.2,212,168,6,463,P1,44,45.8,36.3,237,161,476,P1,False,B,3,,0,245,
Purulia,1603,Prl-1603,148,Club Building 148,263,239,0,502,47.61,4,0.8,216,74,9,414,P1,104,52.2,17.9,219,158,419,P1,False,B,3,,0,207,
Purulia,1603,Prl-1603,149,Primary School 149,379,386,1,766,50.39,7,0.9,299,192,11,606,P1,107,49.3,31.7,293,217,628,P1,False,B,3,,0,316,
Purulia,1603,Prl-1603,150,Club Building 150,284,293,0,577,50.78,7,1.2,254,137,9,483,P1,117,52.6,28.4,239,159,481,P1,False,B,3,,0,238,
Purulia,1603,Prl-1603,151,Govt Office 151,284,274,1,559,49.02,6,1.1,252,156,4,453,P1,96,55.6,34.4,237,155,469,P1,False,B,3,,0,230,
Purulia,1603,Prl-1603,152,Health Sub-Centre 152,244,243,1,488,49.8,5,1.0,191,102,7,398,P1,89,48.0,25.6,244,114,398,P1,False,B,3,,0,201,
Purulia,1603,Prl-1603,153,Post Office 153,370,334,1,705,47.38,6,0.9,272,203,10,565,P1,69,48.1,35.9,324,153,530,P1,False,B,3,,0,291,
Purulia,1603,Prl-1603,154,Anganwadi Centre 154,269,256,0,525,48.76,4,0.8,168,159,6,395,P1,9,42.5,40.3,213,138,393,P1,False,B,3,,0,216,
Purulia,1603,Prl-1603,155,Madrasa 155,357,328,0,685,47.88,8,1.2,300,205,3,581,P1,95,51.6,35.3,313,150,532,P1,False,B,3,,0,282,
Purulia,1603,Prl-1603,156,Anganwadi Centre 156,329,324,1,654,49.54,7,1.1,347,153,6,555,P1,194,62.5,27.6,238,198,536,P1,False,B,3,,0,270,
Purulia,1603,Prl-1603,157,Club Building 157,258,254,0,512,49.61,4,0.8,224,120,2,405,P1,104,55.3,29.6,172,117,415,P1,False,B,3,,0,211,
Purulia,1603,Prl-1603,158,Health Sub-Centre 158,361,346,0,707,48.94,9,1.3,409,125,3,594,P1,284,68.9,21.0,335,157,547,P1,False,A,1,,0,292,
Purulia,1603,Prl-1603,159,Health Sub-Centre 159,399,391,0,790,49.49,7,0.9,365,184,4,610,P1,181,59.8,30.2,359,205,626,P1,False,B,3,,0,326,
Purulia,1603,Prl-1603,160,Health Sub-Centre 160,325,293,1,619,47.33,6,1.0,306,135,3,490,P1,171,62.4,27.6,241,196,491,P1,False,B,3,,0,255,
Purulia,1603,Prl-1603,161,Panchayat Bhavan 161,297,305,1,603,50.58,7,1.2,282,158,2,489,P1,124,57.7,32.3,214,180,450,P1,False,B,3,,0,249,
Purulia,1603,Prl-1603,162,Panchayat Bhavan 162,275,259,1,535,48.41,6,1.1,271,111,4,441,P1,160,61.5,25.2,215,186,445,P1,False,B,3,,0,221,
Purulia,1603,Prl-1603,163,Madrasa 163,395,388,1,784,49.49,6,0.8,339,208,9,633,P1,131,53.6,32.9,358,203,623,P1,False,B,3,,0,323,
Purulia,1603,Prl-1603,164,Temple Hall 164,357,325,0,682,47.65,8,1.2,213,194,12,547,P1,19,38.9,35.5,274,156,511,P1,False,B,3,,0,281,
Purulia,1603,Prl-1603,165,Community Hall 165,383,350,1,734,47.68,6,0.8,330,161,3,558,P1,169,59.1,28.9,236,253,625,P2,True,B,3,,0,303,
Purulia,1603,Prl-1603,166,Market Building 166,345,338,0,683,49.49,6,0.9,291,175,5,518,P1,116,56.2,33.8,239,141,537,P1,False,B,3,,0,282,
Purulia,1603,Prl-1603,167,Panchayat Bhavan 167,248,250,1,499,50.1,5,1.0,237,128,4,406,P1,109,58.4,31.5,216,137,399,P1,False,B,3,,0,206,
Purulia,1603,Prl-1603,168,Govt Office 168,288,289,0,577,50.09,5,0.9,212,141,12,470,P1,71,45.1,30.0,237,143,441,P1,False,B,3,,0,238,
Purulia,1603,Prl-1603,169,Club Building 169,273,254,1,528,48.11,7,1.3,252,116,1,409,P1,136,61.6,28.4,217,137,450,P1,False,B,3,,0,218,
Purulia,1604,Prl-1604,1,Madrasa 1,360,340,1,701,48.5,24,3.4,268,145,6,528,P1,123,50.8,27.5,271,152,522,P1,False,B,3,,0,289,
Purulia,1604,Prl-1604,2,Govt Office 2,248,235,1,484,48.55,14,2.9,237,97,4,371,P1,140,63.9,26.1,257,97,394,P1,False,B,3,,0,200,
Purulia,1604,Prl-1604,3,Madrasa 3,327,323,0,650,49.69,17,2.6,243,237,9,552,P1,6,44.0,42.9,255,159,486,P1,False,B,3,,0,268,
Purulia,1604,Prl-1604,4,Club Building 4,284,278,1,563,49.38,17,3.0,249,163,4,458,P1,86,54.4,35.6,234,157,434,P1,False,B,3,,0,232,
Purulia,1604,Prl-1604,5,Temple Hall 5,358,358,0,716,50.0,26,3.6,284,177,11,566,P1,107,50.2,31.3,340,160,556,P1,False,B,3,,0,295,
Purulia,1604,Prl-1604,6,Market Building 6,383,385,0,768,50.13,22,2.9,331,188,3,576,P1,143,57.5,32.6,362,131,579,P1,False,B,3,,0,317,
Purulia,1604,Prl-1604,7,Club Building 7,371,356,0,727,48.97,21,2.9,313,189,5,558,P1,124,56.1,33.9,382,151,592,P1,False,B,3,,0,300,
Purulia,1604,Prl-1604,8,Temple Hall 8,371,334,1,706,47.31,19,2.7,315,194,3,574,P1,121,54.9,33.8,297,187,596,P1,False,B,3,,0,291,
Purulia,1604,Prl-1604,9,Community Hall 9,381,388,1,770,50.39,27,3.5,320,214,5,593,P1,106,54.0,36.1,311,218,612,P1,False,B,3,,0,317,
Purulia,1604,Prl-1604,10,Club Building 10,372,353,1,726,48.62,24,3.3,269,228,10,613,P1,41,43.9,37.2,261,155,605,P1,False,B,3,,0,299,
Purulia,1604,Prl-1604,11,Madrasa 11,318,298,1,617,48.3,22,3.6,260,172,5,490,P1,88,53.1,35.1,287,111,470,P1,False,B,3,,0,254,
Purulia,1604,Prl-1604,12,High School 12,363,332,0,695,47.77,23,3.3,270,190,11,560,P1,80,48.2,33.9,284,207,546,P1,False,B,3,,0,287,
Purulia,1604,Prl-1604,13,Community Hall 13,242,240,0,482,49.79,19,3.9,204,127,8,411,P1,77,49.6,30.9,196,128,394,P1,False,B,3,,0,199,
Purulia,1604,Prl-1604,14,Panchayat Bhavan 14,395,358,1,754,47.48,29,3.8,296,168,16,636,P1,128,46.5,26.4,284,234,576,P1,False,B,3,,0,311,
Purulia,1604,Prl-1604,15,Market Building 15,389,384,0,773,49.68,26,3.4,311,201,14,656,P1,110,47.4,30.6,338,156,602,P1,False,B,3,,0,319,
Purulia,1604,Prl-1604,16,Health Sub-Centre 16,266,263,0,529,49.72,14,2.6,245,117,4,402,P1,128,60.9,29.1,204,196,445,P1,False,B,3,,0,218,
Purulia,1604,Prl-1604,17,Club Building 17,371,349,0,720,48.47,28,3.9,388,153,3,601,P1,235,64.6,25.5,282,203,582,P1,False,B,3,,0,297,
Purulia,1604,Prl-1604,18,Club Building 18,338,309,0,647,47.76,17,2.6,231,156,5,505,P1,75,45.7,30.9,216,185,500,P1,False,B,3,,0,267,
Purulia,1604,Prl-1604,19,Panchayat Bhavan 19,424,384,1,809,47.47,20,2.5,358,162,5,668,P1,196,53.6,24.3,238,283,601,P2,True,B,3,,0,334,
Purulia,1604,Prl-1604,20,Club Building 20,293,265,0,558,47.49,22,3.9,264,117,5,424,P1,147,62.3,27.6,237,192,477,P1,False,B,3,,0,230,
Purulia,1604,Prl-1604,21,Temple Hall 21,314,303,1,618,49.03,20,3.2,261,170,5,479,P1,91,54.5,35.5,311,139,505,P1,False,B,3,,0,255,
Purulia,1604,Prl-1604,22,Madrasa 22,318,305,1,624,48.88,15,2.4,238,165,7,482,P1,73,49.4,34.2,243,191,507,P1,False,B,3,,0,257,
Purulia,1604,Prl-1604,23,Panchayat Bhavan 23,251,238,0,489,48.67,18,3.7,260,88,2,386,P1,172,67.4,22.8,192,138,395,P1,False,A,1,,0,202,
Purulia,1604,Prl-1604,24,Temple Hall 24,427,392,0,819,47.86,23,2.8,375,253,8,697,P1,122,53.8,36.3,273,248,683,P1,False,B,3,,0,338,
Purulia,1604,Prl-1604,25,High School 25,401,384,1,786,48.85,19,2.4,336,232,4,631,P1,104,53.2,36.8,334,223,619,P1,False,B,3,,0,324,
Purulia,1604,Prl-1604,26,Madrasa 26,322,304,1,627,48.48,14,2.2,196,161,10,475,P1,35,41.3,33.9,266,165,479,P1,False,B,3,,0,259,
Purulia,1604,Prl-1604,27,Panchayat Bhavan 27,339,317,0,656,48.32,24,3.7,209,192,5,497,P1,17,42.1,38.6,235,162,489,P1,False,B,3,,0,270,
Purulia,1604,Prl-1604,28,Community Hall 28,361,325,0,686,47.38,24,3.5,277,135,13,522,P1,142,53.1,25.9,255,209,515,P1,False,B,3,,0,283,
Purulia,1604,Prl-1604,29,High School 29,397,409,0,806,50.74,30,3.7,317,235,8,661,P1,82,48.0,35.6,335,267,669,P1,False,B,3,,0,332,
Purulia,1604,Prl-1604,30,Primary School 30,318,314,0,632,49.68,17,2.7,296,163,3,510,P1,133,58.0,32.0,316,115,479,P1,False,B,3,,0,261,
Purulia,1604,Prl-1604,31,Market Building 31,322,297,0,619,47.98,21,3.4,250,154,4,499,P1,96,50.1,30.9,270,177,515,P1,False,B,3,,0,255,
Purulia,1604,Prl-1604,32,Anganwadi Centre 32,303,292,0,595,49.08,18,3.0,284,156,4,489,P1,128,58.1,31.9,273,155,475,P1,False,B,3,,0,245,
Purulia,1604,Prl-1604,33,High School 33,328,326,0,654,49.85,25,3.8,278,207,2,538,P1,71,51.7,38.5,266,179,494,P1,False,B,3,,0,270,
Purulia,1604,Prl-1604,34,High School 34,278,275,0,553,49.73,18,3.3,261,147,5,453,P1,114,57.6,32.5,270,129,450,P1,False,B,3,,0,228,
Purulia,1604,Prl-1604,35,Govt Office 35,423,380,0,803,47.32,19,2.4,318,214,10,637,P1,104,49.9,33.6,336,247,655,P1,False,B,3,,0,331,
Purulia,1604,Prl-1604,36,High School 36,253,250,0,503,49.7,16,3.2,170,174,4,382,P2,4,44.5,45.5,226,127,412,P1,True,B,3,,0,207,
Purulia,1604,Prl-1604,37,Panchayat Bhavan 37,319,306,1,626,48.88,15,2.4,245,195,5,489,P1,50,50.1,39.9,240,208,509,P1,False,B,3,,0,258,
Purulia,1604,Prl-1604,38,Panchayat Bhavan 38,301,305,0,606,50.33,18,3.0,255,164,7,501,P1,91,50.9,32.7,250,153,496,P1,False,B,3,,0,250,
Purulia,1604,Prl-1604,39,Community Hall 39,324,322,1,647,49.77,25,3.9,257,168,8,504,P1,89,51.0,33.3,287,149,542,P1,False,B,3,,0,267,
Purulia,1604,Prl-1604,40,Temple Hall 40,336,324,1,661,49.02,16,2.4,297,192,5,543,P1,105,54.7,35.4,347,114,512,P1,False,B,3,,0,273,
Purulia,1604,Prl-1604,41,Panchayat Bhavan 41,404,372,0,776,47.94,20,2.6,292,222,2,589,P1,70,49.6,37.7,329,205,593,P1,False,B,3,,0,320,
Purulia,1604,Prl-1604,42,Temple Hall 42,325,329,1,655,50.23,23,3.5,294,158,4,503,P1,136,58.4,31.4,220,195,505,P1,False,B,3,,0,270,
Purulia,1604,Prl-1604,43,Temple Hall 43,360,365,0,725,50.34,22,3.0,235,249,4,612,P2,14,38.4,40.7,345,205,612,P1,True,B,3,,0,299,
Purulia,1604,Prl-1604,44,Anganwadi Centre 44,329,316,0,645,48.99,15,2.3,297,104,12,532,P1,183,55.8,19.5,306,132,530,P1,False,B,3,,0,266,
Purulia,1604,Prl-1604,45,Community Hall 45,280,283,0,563,50.27,14,2.5,233,156,5,432,P1,77,53.9,36.1,228,161,435,P1,False,B,3,,0,232,
Purulia,1604,Prl-1604,46,Club Building 46,380,381,0,761,50.07,23,3.0,247,177,19,600,P1,70,41.2,29.5,387,166,614,P1,False,B,3,,0,314,
Purulia,1604,Prl-1604,47,Club Building 47,283,262,1,546,47.99,13,2.4,192,150,4,439,P1,42,43.7,34.2,265,141,451,P1,False,B,3,,0,225,
Purulia,1604,Prl-1604,48,Club Building 48,326,313,1,640,48.91,21,3.3,284,194,3,531,P1,90,53.5,36.5,193,212,503,P2,True,B,3,,0,264,
Purulia,1604,Prl-1604,49,Post Office 49,344,333,0,677,49.19,23,3.4,326,193,3,577,P1,133,56.5,33.4,273,237,567,P1,False,B,3,,0,279,
Purulia,1604,Prl-1604,50,Health Sub-Centre 50,364,339,0,703,48.22,25,3.6,333,144,3,530,P1,189,62.8,27.2,318,188,571,P1,False,B,3,,0,290,
Purulia,1604,Prl-1604,51,Club Building 51,272,249,1,522,47.7,15,2.9,191,137,6,409,P1,54,46.7,33.5,195,135,399,P1,False,B,3,,0,215,
Purulia,1604,Prl-1604,52,High School 52,333,332,0,665,49.92,20,3.0,326,150,4,529,P1,176,61.6,28.4,326,122,498,P1,False,B,3,,0,274,
Purulia,1604,Prl-1604,53,High School 53,365,344,0,709,48.52,26,3.7,339,172,3,567,P1,167,59.8,30.3,223,239,556,P2,True,B,3,,0,292,
Purulia,1604,Prl-1604,54,Anganwadi Centre 54,348,351,0,699,50.21,26,3.7,259,204,7,541,P1,55,47.9,37.7,294,189,560,P1,False,B,3,,0,288,
Purulia,1604,Prl-1604,55,Madrasa 55,303,296,0,599,49.42,19,3.2,337,119,6,506,P1,218,66.6,23.5,186,187,462,P2,True,B,3,,0,247,
Purulia,1604,Prl-1604,56,Madrasa 56,355,333,0,688,48.4,25,3.6,324,185,3,566,P1,139,57.2,32.7,234,200,512,P1,False,B,3,,0,284,
Purulia,1604,Prl-1604,57,Temple Hall 57,391,372,1,764,48.69,17,2.2,336,177,4,571,P1,159,58.8,31.0,294,262,633,P1,False,B,3,,0,315,
Purulia,1604,Prl-1604,58,Madrasa 58,327,321,0,648,49.54,20,3.1,288,147,6,520,P1,141,55.4,28.3,241,172,499,P1,False,B,3,,0,267,
Purulia,1604,Prl-1604,59,Health Sub-Centre 59,420,379,0,799,47.43,21,2.6,342,170,8,679,P1,172,50.4,25.0,336,202,597,P1,False,B,3,,0,329,
Purulia,1604,Prl-1604,60,Madrasa 60,339,350,1,690,50.72,19,2.8,274,215,8,560,P1,59,48.9,38.4,317,181,554,P1,False,B,3,,0,285,
Purulia,1604,Prl-1604,61,Community Hall 61,417,390,0,807,48.33,20,2.5,301,244,12,667,P1,57,45.1,36.6,311,251,638,P1,False,B,3,,0,333,
Purulia,1604,Prl-1604,62,Market Building 62,394,396,1,791,50.06,27,3.4,257,137,22,589,P1,90,43.6,23.3,402,200,669,P1,False,B,3,,0,326,
Purulia,1604,Prl-1604,63,Club Building 63,279,251,0,530,47.36,20,3.8,231,112,5,434,P1,119,53.2,25.8,218,147,405,P1,False,B,3,,0,219,
Purulia,1604,Prl-1604,64,High School 64,327,331,1,659,50.23,17,2.6,266,168,7,554,P1,98,48.0,30.3,228,146,513,P1,False,B,3,,0,272,
Purulia,1604,Prl-1604,65,Temple Hall 65,398,403,1,802,50.25,21,2.6,327,219,6,625,P1,108,52.3,35.0,355,229,649,P1,False,B,3,,0,331,
Purulia,1604,Prl-1604,66,Govt Office 66,243,249,0,492,50.61,12,2.4,195,134,4,365,P1,61,53.4,36.7,243,127,411,P1,False,B,3,,0,203,
Purulia,1604,Prl-1604,67,Community Hall 67,396,380,0,776,48.97,26,3.4,297,254,4,659,P1,43,45.1,38.5,253,188,590,P1,False,B,3,,0,320,
Purulia,1604,Prl-1604,68,Primary School 68,281,274,0,555,49.37,17,3.1,220,171,4,440,P1,49,50.0,38.9,230,150,422,P1,False,B,3,,0,229,
Purulia,1604,Prl-1604,69,Club Building 69,287,258,1,546,47.25,18,3.3,267,127,4,438,P1,140,61.0,29.0,218,142,412,P1,False,B,3,,0,225,
Purulia,1604,Prl-1604,70,Madrasa 70,429,383,0,812,47.17,21,2.6,336,212,5,678,P1,124,49.6,31.3,333,222,657,P1,False,B,3,,0,335,
Purulia,1604,Prl-1604,71,Primary School 71,371,342,1,714,47.9,22,3.1,372,175,6,608,P1,197,61.2,28.8,272,127,534,P1,False,B,3,,0,294,
Purulia,1604,Prl-1604,72,Anganwadi Centre 72,325,307,0,632,48.58,21,3.3,245,196,5,490,P1,49,50.0,40.0,237,148,475,P1,False,B,3,,0,261,
Purulia,1604,Prl-1604,73,Club Building 73,271,246,0,517,47.58,17,3.3,247,130,3,419,P1,117,58.9,31.0,240,149,433,P1,False,B,3,,0,213,
Purulia,1604,Prl-1604,74,Community Hall 74,257,259,0,516,50.19,15,2.9,213,140,6,405,P1,73,52.6,34.6,228,133,401,P1,False,B,3,,0,213,
Purulia,1604,Prl-1604,75,Post Office 75,288,277,1,566,48.94,17,3.0,259,131,2,434,P1,128,59.7,30.2,281,146,474,P1,False,B,3,,0,233,
Purulia,1604,Prl-1604,76,Madrasa 76,345,351,0,696,50.43,25,3.6,240,148,10,562,P1,82,42.7,26.3,305,166,524,P1,False,B,3,,0,287,
Purulia,1604,Prl-1604,77,Temple Hall 77,279,272,1,552,49.28,12,2.2,185,199,4,445,P2,14,41.6,44.7,271,137,472,P1,True,B,3,,0,228,
Purulia,1604,Prl-1604,78,High School 78,369,337,0,706,47.73,27,3.8,316,165,5,534,P1,151,59.2,30.9,339,195,593,P1,False,B,3,,0,291,
Purulia,1604,Prl-1604,79,Temple Hall 79,402,384,0,786,48.85,21,2.7,281,269,5,662,P1,12,42.4,40.6,362,218,644,P1,False,B,3,,0,324,
Purulia,1604,Prl-1604,80,Panchayat Bhavan 80,421,378,0,799,47.31,23,2.9,266,222,7,642,P1,44,41.4,34.6,432,172,671,P1,False,B,3,,0,329,
Purulia,1604,Prl-1604,81,Health Sub-Centre 81,279,253,1,533,47.47,19,3.6,271,123,4,438,P1,148,61.9,28.1,230,98,425,P1,False,B,3,,0,220,
Purulia,1604,Prl-1604,82,Post Office 82,362,341,1,704,48.44,16,2.3,376,146,5,580,P1,230,64.8,25.2,265,219,586,P1,False,B,3,,0,290,
Purulia,1604,Prl-1604,83,Panchayat Bhavan 83,341,326,1,668,48.8,19,2.8,223,198,14,551,P1,25,40.5,35.9,309,164,525,P1,False,B,3,,0,275,
Purulia,1604,Prl-1604,84,Govt Office 84,340,326,1,667,48.88,25,3.7,230,215,5,495,P1,15,46.5,43.4,279,223,558,P1,False,B,3,,0,275,
Purulia,1604,Prl-1604,85,Health Sub-Centre 85,263,238,0,501,47.5,16,3.2,205,135,2,394,P1,70,52.0,34.3,207,147,399,P1,False,B,3,,0,207,
Purulia,1604,Prl-1604,86,Club Building 86,237,243,0,480,50.62,12,2.5,201,119,1,356,P1,82,56.5,33.4,187,109,399,P1,False,B,3,,0,198,
Purulia,1604,Prl-1604,87,Govt Office 87,404,402,1,807,49.81,27,3.3,320,207,14,683,P1,113,46.9,30.3,376,129,669,P1,False,B,3,,0,333,
Purulia,1604,Prl-1604,88,Panchayat Bhavan 88,396,357,1,754,47.35,27,3.6,247,153,14,561,P1,94,44.0,27.3,314,200,580,P1,False,B,3,,0,311,
Purulia,1604,Prl-1604,89,Temple Hall 89,354,355,0,709,50.07,22,3.1,349,168,4,574,P1,181,60.8,29.3,283,236,583,P1,False,B,3,,0,292,
Purulia,1604,Prl-1604,90,Market Building 90,404,370,1,775,47.74,25,3.2,319,221,6,613,P1,98,52.0,36.1,343,197,615,P1,False,B,3,,0,320,
Purulia,1604,Prl-1604,91,Health Sub-Centre 91,300,271,1,572,47.38,16,2.8,255,150,5,449,P1,105,56.8,33.4,220,152,473,P1,False,B,3,,0,236,
Purulia,1604,Prl-1604,92,Post Office 92,316,310,0,626,49.52,20,3.2,332,139,5,523,P1,193,63.5,26.6,211,174,477,P1,False,B,3,,0,258,
Purulia,1604,Prl-1604,93,Temple Hall 93,374,358,0,732,48.91,16,2.2,296,160,5,571,P1,136,51.8,28.0,308,241,624,P1,False,B,3,,0,302,
Purulia,1604,Prl-1604,94,Post Office 94,318,322,1,641,50.23,14,2.2,294,145,2,488,P1,149,60.2,29.7,273,92,495,P1,False,B,3,,0,264,
Purulia,1604,Prl-1604,95,Market Building 95,380,363,1,744,48.79,16,2.2,240,192,15,620,P1,48,38.7,31.0,234,159,598,P1,False,B,3,,0,307,
Purulia,1604,Prl-1604,96,Anganwadi Centre 96,266,265,1,532,49.81,19,3.6,216,135,3,412,P1,81,52.4,32.8,204,157,419,P1,False,B,3,,0,219,
Purulia,1604,Prl-1604,97,Health Sub-Centre 97,313,308,0,621,49.6,17,2.7,212,200,5,467,P1,12,45.4,42.8,248,188,488,P1,False,B,3,,0,256,
Purulia,1604,Prl-1604,98,Madrasa 98,354,348,0,702,49.57,25,3.6,281,238,5,589,P1,43,47.7,40.4,277,211,582,P1,False,B,3,,0,289,
Purulia,1604,Prl-1604,99,Health Sub-Centre 99,243,245,0,488,50.2,17,3.5,243,114,6,408,P1,129,59.6,27.9,217,145,403,P1,False,B,3,,0,201,
Purulia,1604,Prl-1604,100,Club Building 100,404,383,0,787,48.67,27,3.4,323,246,3,632,P1,77,51.1,38.9,351,187,598,P1,False,B,3,,0,324,
Purulia,1604,Prl-1604,101,Market Building 101,389,395,1,785,50.32,17,2.2,284,221,7,660,P1,63,43.0,33.5,354,206,623,P1,False,B,3,,0,324,
Purulia,1604,Prl-1604,102,Post Office 102,312,282,1,595,47.39,21,3.5,301,139,5,509,P1,162,59.1,27.3,181,88,478,P4,True,B,3,,0,245,
Purulia,1604,Prl-1604,103,Community Hall 103,277,261,1,539,48.42,19,3.5,186,117,7,423,P1,69,44.0,27.7,251,154,450,P1,False,B,3,,0,222,
Purulia,1604,Prl-1604,104,Market Building 104,323,305,0,628,48.57,15,2.4,281,177,5,509,P1,104,55.2,34.8,319,142,512,P1,False,B,3,,0,259,
Purulia,1604,Prl-1604,105,Temple Hall 105,343,308,0,651,47.31,16,2.5,291,145,2,484,P1,146,60.1,30.0,225,145,511,P1,False,B,3,,0,268,
Purulia,1604,Prl-1604,106,Market Building 106,401,394,1,796,49.5,25,3.1,363,207,7,643,P1,156,56.5,32.2,294,182,603,P1,False,B,3,,0,328,
Purulia,1604,Prl-1604,107,Anganwadi Centre 107,348,334,1,683,48.9,21,3.1,288,188,3,529,P1,100,54.4,35.5,233,202,517,P1,False,B,3,,0,282,
Purulia,1604,Prl-1604,108,Govt Office 108,343,337,0,680,49.56,20,2.9,235,202,7,520,P1,33,45.2,38.8,214,173,522,P1,False,B,3,,0,280,
Purulia,1604,Prl-1604,109,Health Sub-Centre 109,250,245,0,495,49.49,14,2.8,164,142,7,375,P1,22,43.7,37.9,240,129,410,P1,False,B,3,,0,204,
Purulia,1604,Prl-1604,110,High School 110,291,271,0,562,48.22,13,2.3,212,142,6,427,P1,70,49.6,33.3,182,171,422,P1,False,B,3,,0,232,
Purulia,1604,Prl-1604,111,Madrasa 111,337,313,0,650,48.15,18,2.8,274,162,8,527,P1,112,52.0,30.7,239,161,502,P1,False,B,3,,0,268,
Purulia,1604,Prl-1604,112,Club Building 112,256,242,0,498,48.59,18,3.6,271,110,4,423,P1,161,64.1,26.0,235,146,423,P1,False,B,3,,0,205,
Purulia,1604,Prl-1604,113,High School 113,407,366,0,773,47.35,27,3.5,342,213,5,660,P1,129,51.8,32.3,370,161,590,P1,False,B,3,,0,319,
Purulia,1604,Prl-1604,114,Anganwadi Centre 114,244,251,0,495,50.71,14,2.8,241,131,2,414,P1,110,58.2,31.6,224,122,398,P1,False,B,3,,0,204,
Purulia,1604,Prl-1604,115,Club Building 115,273,265,1,539,49.17,17,3.2,232,142,2,415,P1,90,55.9,34.2,201,112,452,P1,False,B,3,,0,222,
Purulia,1604,Prl-1604,116,Post Office 116,268,260,0,528,49.24,14,2.7,231,100,7,405,P1,131,57.0,24.7,159,153,408,P1,False,B,3,,0,218,
Purulia,1604,Prl-1604,117,High School 117,324,312,1,637,48.98,23,3.6,222,177,8,473,P1,45,46.9,37.4,221,205,473,P1,False,B,3,,0,263,
Purulia,1604,Prl-1604,118,Govt Office 118,382,379,0,761,49.8,19,2.5,260,151,14,593,P1,97,43.8,25.5,312,201,569,P1,False,B,3,,0,314,
Purulia,1604,Prl-1604,119,Govt Office 119,334,320,0,654,48.93,14,2.1,233,140,19,534,P1,93,43.6,26.2,285,167,522,P1,False,B,3,,0,270,
Purulia,1604,Prl-1604,120,Primary School 120,315,307,1,623,49.28,24,3.9,237,161,5,528,P1,76,44.9,30.5,233,141,487,P1,False,B,3,,0,257,
Purulia,1604,Prl-1604,121,Market Building 121,372,356,1,729,48.83,28,3.8,260,190,4,553,P1,70,47.0,34.4,322,190,569,P1,False,B,3,,0,301,
Purulia,1604,Prl-1604,122,High School 122,286,280,1,567,49.38,18,3.2,278,104,2,424,P1,174,65.6,24.5,239,197,484,P1,False,A,1,,0,234,
Purulia,1604,Prl-1604,123,Health Sub-Centre 123,261,255,0,516,49.42,13,2.5,224,153,2,419,P1,71,53.5,36.5,193,114,412,P1,False,B,3,,0,213,
Purulia,1604,Prl-1604,124,Community Hall 124,344,338,0,682,49.56,25,3.7,279,188,3,572,P1,91,48.8,32.9,235,192,505,P1,False,B,3,,0,281,
Purulia,1604,Prl-1604,125,Post Office 125,361,367,1,729,50.34,28,3.8,269,228,9,588,P1,41,45.7,38.8,327,207,623,P1,False,B,3,,0,301,
Purulia,1604,Prl-1604,126,Club Building 126,268,246,1,515,47.77,11,2.1,186,152,5,411,P1,34,45.3,37.0,231,121,391,P1,False,B,3,,0,212,
Purulia,1604,Prl-1604,127,Temple Hall 127,361,354,0,715,49.51,26,3.6,266,168,13,568,P1,98,46.8,29.6,256,219,537,P1,False,B,3,,0,295,
Purulia,1604,Prl-1604,128,Temple Hall 128,242,239,0,481,49.69,12,2.5,249,105,2,393,P1,144,63.4,26.7,220,123,381,P1,False,B,3,,0,198,
Purulia,1604,Prl-1604,129,Madrasa 129,247,254,1,502,50.6,11,2.2,192,167,5,401,P1,25,47.9,41.6,174,105,400,P1,False,B,3,,0,207,
Purulia,1604,Prl-1604,130,Primary School 130,341,347,1,689,50.36,16,2.3,305,203,6,564,P1,102,54.1,36.0,304,161,528,P1,False,B,3,,0,284,
Purulia,1604,Prl-1604,131,Market Building 131,414,375,1,790,47.47,24,3.0,305,259,5,631,P1,46,48.3,41.0,363,228,657,P1,False,B,3,,0,326,
Purulia,1604,Prl-1604,132,Market Building 132,401,400,0,801,49.94,19,2.4,280,220,11,631,P1,60,44.4,34.9,395,191,651,P1,False,B,3,,0,330,
Purulia,1604,Prl-1604,133,Govt Office 133,301,282,0,583,48.37,12,2.1,198,180,9,463,P1,18,42.8,38.9,219,169,444,P1,False,B,3,,0,240,
Purulia,1604,Prl-1604,134,Temple Hall 134,292,284,0,576,49.31,22,3.8,221,154,8,469,P1,67,47.1,32.8,265,132,441,P1,False,B,3,,0,237,
Purulia,1604,Prl-1604,135,Govt Office 135,298,285,1,584,48.8,16,2.7,321,121,4,491,P1,200,65.4,24.6,227,173,444,P1,False,A,1,,0,241,
Purulia,1604,Prl-1604,136,Post Office 136,401,411,1,813,50.55,21,2.6,294,286,9,660,P1,8,44.5,43.3,295,263,672,P1,False,B,3,,0,335,
Purulia,1604,Prl-1604,137,Panchayat Bhavan 137,332,324,0,656,49.39,18,2.7,286,208,2,549,P1,78,52.1,37.9,298,171,521,P1,False,B,3,,0,270,
Purulia,1604,Prl-1604,138,Madrasa 138,404,397,0,801,49.56,21,2.6,354,246,3,667,P1,108,53.1,36.9,310,233,638,P1,False,B,3,,0,330,
Purulia,1604,Prl-1604,139,High School 139,303,284,1,588,48.3,18,3.1,181,140,11,460,P1,41,39.3,30.4,308,139,497,P1,False,B,3,,0,242,
Purulia,1604,Prl-1604,140,High School 140,291,290,1,582,49.83,17,2.9,216,184,3,477,P1,32,45.3,38.6,262,160,469,P1,False,B,3,,0,240,
Purulia,1604,Prl-1604,141,Panchayat Bhavan 141,424,380,0,804,47.26,28,3.5,365,200,8,662,P1,165,55.1,30.2,357,220,642,P1,False,B,3,,0,332,
Purulia,1604,Prl-1604,142,Govt Office 142,270,243,1,514,47.28,12,2.3,256,97,4,392,P1,159,65.3,24.7,255,118,414,P1,False,A,1,,0,212,
Purulia,1604,Prl-1604,143,Community Hall 143,281,284,0,565,50.27,19,3.4,260,129,3,432,P1,131,60.2,29.9,241,151,451,P1,False,B,3,,0,233,
Purulia,1604,Prl-1604,144,Primary School 144,386,371,0,757,49.01,27,3.6,339,157,6,631,P1,182,53.7,24.9,319,263,647,P1,False,B,3,,0,312,
Purulia,1604,Prl-1604,145,Temple Hall 145,333,332,0,665,49.92,16,2.4,221,169,9,515,P1,52,42.9,32.8,312,190,558,P1,False,B,3,,0,274,
Purulia,1604,Prl-1604,146,Market Building 146,326,295,0,621,47.5,21,3.4,304,164,6,520,P1,140,58.5,31.5,326,123,498,P1,False,B,3,,0,256,
Purulia,1604,Prl-1604,147,Panchayat Bhavan 147,428,391,0,819,47.74,26,3.2,333,239,5,666,P1,94,50.0,35.9,353,243,662,P1,False,B,3,,0,338,
Purulia,1604,Prl-1604,148,Panchayat Bhavan 148,262,237,0,499,47.49,16,3.2,161,153,7,386,P1,8,41.7,39.6,184,114,397,P1,False,B,3,,0,206,
Purulia,1604,Prl-1604,149,High School 149,266,260,0,526,49.43,13,2.5,193,193,5,443,P1,0,43.6,43.6,177,149,396,P1,False,B,3,,0,217,
Purulia,1604,Prl-1604,150,Madrasa 150,387,388,0,775,50.06,21,2.7,372,198,5,634,P1,174,58.7,31.2,279,177,621,P1,False,B,3,,0,320,
Purulia,1604,Prl-1604,151,Anganwadi Centre 151,249,246,0,495,49.7,16,3.2,197,117,4,392,P1,80,50.3,29.8,213,143,395,P1,False,B,3,,0,204,
Purulia,1604,Prl-1604,152,Primary School 152,315,283,1,599,47.25,16,2.7,223,192,5,510,P1,31,43.7,37.6,306,143,499,P1,False,B,3,,0,247,
Purulia,1604,Prl-1604,153,Community Hall 153,305,291,0,596,48.83,13,2.2,220,203,3,470,P1,17,46.8,43.2,263,175,499,P1,False,B,3,,0,246,
Purulia,1604,Prl-1604,154,Club Building 154,385,389,0,774,50.26,21,2.7,356,160,7,579,P1,196,61.5,27.6,247,231,575,P1,False,B,3,,0,319,
Purulia,1604,Prl-1604,155,Post Office 155,348,360,0,708,50.85,17,2.4,271,207,7,585,P1,64,46.3,35.4,308,192,576,P1,False,B,3,,0,292,
Purulia,1604,Prl-1604,156,Community Hall 156,353,322,1,676,47.63,18,2.7,290,227,5,574,P1,63,50.5,39.5,307,150,507,P1,False,B,3,,0,279,
Purulia,1604,Prl-1604,157,Market Building 157,285,259,0,544,47.61,16,2.9,211,185,2,440,P1,26,48.0,42.0,254,140,446,P1,False,B,3,,0,224,
Purulia,1604,Prl-1604,158,Post Office 158,269,248,1,518,47.88,14,2.7,225,111,6,394,P1,114,57.1,28.2,212,130,417,P1,False,B,3,,0,214,
Purulia,1604,Prl-1604,159,Market Building 159,385,351,1,737,47.63,28,3.8,374,190,4,627,P1,184,59.6,30.3,346,203,628,P1,False,B,3,,0,304,
Purulia,1604,Prl-1604,160,Panchayat Bhavan 160,396,396,1,793,49.94,20,2.5,365,237,3,669,P1,128,54.6,35.4,309,232,603,P1,False,B,3,,0,327,
Purulia,1604,Prl-1604,161,Market Building 161,377,358,0,735,48.71,20,2.7,333,172,2,561,P1,161,59.4,30.7,300,244,604,P1,False,B,3,,0,303,
Purulia,1604,Prl-1604,162,Anganwadi Centre 162,354,349,1,704,49.57,21,3.0,323,207,6,593,P1,116,54.5,34.9,256,211,550,P1,False,B,3,,0,290,
Purulia,1604,Prl-1604,163,High School 163,290,298,0,588,50.68,14,2.4,271,177,3,498,P1,94,54.4,35.5,280,139,466,P1,False,B,3,,0,242,
Purulia,1604,Prl-1604,164,Community Hall 164,249,234,1,484,48.35,16,3.3,200,124,3,368,P1,76,54.3,33.7,181,124,374,P1,False,B,3,,0,200,
Purulia,1604,Prl-1604,165,Primary School 165,330,313,0,643,48.68,20,3.1,269,179,5,497,P1,90,54.1,36.0,293,161,505,P1,False,B,3,,0,265,
Purulia,1604,Prl-1604,166,High School 166,366,341,0,707,48.23,21,3.0,323,185,6,564,P1,138,57.3,32.8,308,166,558,P1,False,B,3,,0,292,
Purulia,1604,Prl-1604,167,Health Sub-Centre 167,388,372,0,760,48.95,19,2.5,315,174,6,578,P1,141,54.5,30.1,318,209,585,P1,False,B,3,,0,313,
Purulia,1604,Prl-1604,168,Primary School 168,336,327,0,663,49.32,23,3.5,320,170,3,553,P1,150,57.9,30.7,263,170,541,P1,False,B,3,,0,273,
Purulia,1604,Prl-1604,169,Anganwadi Centre 169,247,253,1,501,50.5,11,2.2,210,137,3,385,P1,73,54.5,35.6,218,115,412,P1,False,B,3,,0,207,
Purulia,1604,Prl-1604,170,Post Office 170,273,265,1,539,49.17,12,2.2,223,132,4,434,P1,91,51.4,30.4,259,146,450,P1,False,B,3,,0,222,
Purulia,1605,Prl-1605,1,Govt Office 1,247,235,1,483,48.65,5,1.0,207,156,2,403,P1,51,51.4,38.7,135,145,364,P2,True,B,3,,0,199,
Purulia,1605,Prl-1605,2,Panchayat Bhavan 2,329,315,1,645,48.84,8,1.2,198,209,11,522,P2,11,37.9,40.0,282,157,488,P1,True,B,3,,0,266,
Purulia,1605,Prl-1605,3,Madrasa 3,390,402,0,792,50.76,10,1.3,341,203,4,605,P1,138,56.4,33.6,360,213,637,P1,False,B,3,,0,327,
Purulia,1605,Prl-1605,4,Anganwadi Centre 4,372,346,0,718,48.19,7,1.0,270,182,13,575,P1,88,47.0,31.7,308,202,584,P1,False,B,3,,0,296,
Purulia,1605,Prl-1605,5,Govt Office 5,247,233,1,481,48.44,5,1.0,228,125,4,392,P1,103,58.2,31.9,224,125,388,P1,False,B,3,,0,198,
Purulia,1605,Prl-1605,6,Community Hall 6,366,342,0,708,48.31,8,1.1,269,159,9,559,P1,110,48.1,28.4,286,244,595,P1,False,B,3,,0,292,
Purulia,1605,Prl-1605,7,Madrasa 7,322,320,1,643,49.77,7,1.1,260,177,2,488,P1,83,53.3,36.3,295,143,502,P1,False,B,3,,0,265,
Purulia,1605,Prl-1605,8,Primary School 8,399,371,0,770,48.18,8,1.0,284,261,4,613,P1,23,46.3,42.6,286,192,596,P1,False,B,3,,0,317,
Purulia,1605,Prl-1605,9,Panchayat Bhavan 9,354,366,0,720,50.83,7,1.0,227,217,9,568,P1,10,40.0,38.2,334,169,559,P1,False,B,3,,0,297,
Purulia,1605,Prl-1605,10,Club Building 10,274,282,1,557,50.63,5,0.9,248,142,1,434,P1,106,57.1,32.7,225,148,414,P1,False,B,3,,0,230,
Purulia,1605,Prl-1605,11,Club Building 11,264,264,0,528,50.0,7,1.3,197,128,8,417,P1,69,47.2,30.7,220,113,429,P1,False,B,3,,0,218,
Purulia,1605,Prl-1605,12,Post Office 12,313,303,1,617,49.11,6,1.0,303,150,3,513,P1,153,59.1,29.2,252,166,479,P1,False,B,3,,0,254,
Purulia,1605,Prl-1605,13,Market Building 13,303,292,1,596,48.99,6,1.0,241,147,5,495,P1,94,48.7,29.7,192,219,479,P2,True,B,3,,0,246,
Purulia,1605,Prl-1605,14,Club Building 14,263,258,0,521,49.52,5,1.0,284,115,5,443,P1,169,64.1,26.0,165,112,390,P1,False,B,3,,0,215,
Purulia,1605,Prl-1605,15,Community Hall 15,409,386,1,796,48.49,6,0.8,365,169,5,593,P1,196,61.6,28.5,331,196,613,P1,False,B,3,,0,328,
Purulia,1605,Prl-1605,16,Primary School 16,348,332,1,681,48.75,9,1.3,241,215,10,556,P1,26,43.3,38.7,303,153,523,P1,False,B,3,,0,281,
Purulia,1605,Prl-1605,17,Club Building 17,320,314,0,634,49.53,5,0.8,251,169,3,479,P1,82,52.4,35.3,184,191,477,P2,True,B,3,,0,261,
Purulia,1605,Prl-1605,18,Govt Office 18,269,247,1,517,47.78,5,1.0,228,106,8,424,P1,122,53.8,25.0,203,152,395,P1,False,B,3,,0,213,
Purulia,1605,Prl-1605,19,Market Building 19,365,345,1,711,48.52,7,1.0,295,220,5,572,P1,75,51.6,38.5,294,189,544,P1,False,B,3,,0,293,
Purulia,1605,Prl-1605,20,Madrasa 20,408,392,0,800,49.0,7,0.9,338,200,6,598,P1,138,56.5,33.4,392,218,677,P1,False,B,3,,0,330,
Purulia,1605,Prl-1605,21,Panchayat Bhavan 21,337,306,1,644,47.52,7,1.1,246,249,4,550,P2,3,44.7,45.3,270,164,482,P1,True,B,3,,0,266,
Purulia,1605,Prl-1605,22,Market Building 22,399,376,1,776,48.45,7,0.9,341,219,3,625,P1,122,54.6,35.0,284,235,590,P1,False,B,3,,0,320,
Purulia,1605,Prl-1605,23,Primary School 23,410,374,1,785,47.64,8,1.0,341,227,7,636,P1,114,53.6,35.7,321,251,635,P1,False,B,3,,0,324,
Purulia,1605,Prl-1605,24,Panchayat Bhavan 24,365,355,1,721,49.24,8,1.1,373,147,4,578,P1,226,64.5,25.4,278,250,587,P1,False,B,3,,0,297,
Purulia,1605,Prl-1605,25,Primary School 25,393,393,0,786,50.0,10,1.3,330,205,7,594,P1,125,55.6,34.5,380,193,636,P1,False,B,3,,0,324,
Purulia,1605,Prl-1605,26,Market Building 26,338,318,1,657,48.4,5,0.8,208,197,5,556,P1,11,37.4,35.4,292,165,518,P1,False,B,3,,0,271,
Purulia,1605,Prl-1605,27,Anganwadi Centre 27,412,391,0,803,48.69,7,0.9,298,205,12,620,P1,93,48.1,33.1,388,216,671,P1,False,B,3,,0,331,
Purulia,1605,Prl-1605,28,Govt Office 28,317,322,1,640,50.31,8,1.2,165,204,8,489,P2,39,33.7,41.7,300,174,527,P1,True,B,3,,0,264,
Purulia,1605,Prl-1605,29,High School 29,241,245,0,486,50.41,4,0.8,204,124,2,375,P1,80,54.4,33.1,204,100,375,P1,False,B,3,,0,200,
Purulia,1605,Prl-1605,30,Madrasa 30,325,299,1,625,47.84,5,0.8,295,177,2,524,P1,118,56.3,33.8,351,99,500,P1,False,B,3,,0,258,
Purulia,1605,Prl-1605,31,Post Office 31,242,239,0,481,49.69,4,0.8,217,143,2,400,P1,74,54.2,35.8,184,176,408,P1,False,B,3,,0,198,
Purulia,1605,Prl-1605,32,Anganwadi Centre 32,285,281,0,566,49.65,5,0.9,279,142,5,468,P1,137,59.6,30.3,219,151,444,P1,False,B,3,,0,233,
Purulia,1605,Prl-1605,33,Post Office 33,284,266,0,550,48.36,5,0.9,201,169,5,429,P1,32,46.9,39.4,233,115,413,P1,False,B,3,,0,227,
Purulia,1605,Prl-1605,34,Anganwadi Centre 34,320,318,0,638,49.84,6,0.9,275,118,8,480,P1,157,57.3,24.6,247,191,504,P1,False,B,3,,0,263,
Purulia,1605,Prl-1605,35,High School 35,267,272,1,540,50.37,6,1.1,209,187,3,460,P1,22,45.4,40.7,218,181,443,P1,False,B,3,,0,223,
Purulia,1605,Prl-1605,36,Post Office 36,386,387,0,773,50.06,9,1.2,268,293,10,655,P2,25,40.9,44.7,319,180,639,P1,True,B,3,,0,319,
Purulia,1605,Prl-1605,37,Madrasa 37,348,330,0,678,48.67,6,0.9,258,184,6,518,P1,74,49.8,35.5,246,182,555,P1,False,B,3,,0,280,
Purulia,1605,Prl-1605,38,Madrasa 38,396,382,1,779,49.04,6,0.8,311,215,4,589,P1,96,52.8,36.5,310,238,627,P1,False,B,3,,0,321,
Purulia,1605,Prl-1605,39,Primary School 39,395,364,0,759,47.96,7,0.9,428,110,3,598,P1,318,71.6,18.4,322,179,635,P1,False,A,1,,0,313,
Purulia,1605,Prl-1605,40,Health Sub-Centre 40,334,339,1,674,50.3,8,1.2,264,148,8,535,P1,116,49.3,27.7,260,183,551,P1,False,B,3,,0,278,
Purulia,1605,Prl-1605,41,Anganwadi Centre 41,273,271,1,545,49.72,5,0.9,175,154,4,426,P1,21,41.1,36.2,192,141,440,P1,False,B,3,,0,225,
Purulia,1605,Prl-1605,42,Health Sub-Centre 42,282,286,1,569,50.26,6,1.1,232,140,5,422,P1,92,55.0,33.2,258,166,471,P1,False,B,3,,0,235,
Purulia,1605,Prl-1605,43,Primary School 43,353,360,0,713,50.49,9,1.3,291,204,7,567,P1,87,51.3,36.0,261,166,586,P1,False,B,3,,0,294,
Purulia,1605,Prl-1605,44,Govt Office 44,343,340,1,684,49.71,6,0.9,271,209,3,537,P1,62,50.5,38.9,275,114,562,P1,False,B,3,,0,282,
Purulia,1605,Prl-1605,45,Madrasa 45,366,330,0,696,47.41,7,1.0,304,184,3,581,P1,120,52.3,31.7,287,185,524,P1,False,B,3,,0,287,
Purulia,1605,Prl-1605,46,Market Building 46,386,391,1,778,50.26,6,0.8,387,182,7,632,P1,205,61.2,28.8,385,183,631,P1,False,B,3,,0,321,
Purulia,1605,Prl-1605,47,Anganwadi Centre 47,393,391,1,785,49.81,10,1.3,324,231,5,653,P1,93,49.6,35.4,347,200,612,P1,False,B,3,,0,324,
Purulia,1605,Prl-1605,48,Temple Hall 48,371,353,0,724,48.76,7,1.0,326,176,5,558,P1,150,58.4,31.5,263,215,620,P1,False,B,3,,0,299,
Purulia,1605,Prl-1605,49,Govt Office 49,367,355,1,723,49.1,7,1.0,304,199,6,566,P1,105,53.7,35.2,304,187,597,P1,False,B,3,,0,298,
Purulia,1605,Prl-1605,50,Club Building 50,316,298,0,614,48.53,5,0.8,223,174,10,489,P1,49,45.6,35.6,223,155,497,P1,False,B,3,,0,253,
Purulia,1605,Prl-1605,51,Post Office 51,353,341,0,694,49.14,7,1.0,279,168,9,549,P1,111,50.8,30.6,312,204,576,P1,False,B,3,,0,286,
Purulia,1605,Prl-1605,52,Community Hall 52,262,256,1,519,49.33,5,1.0,248,132,1,422,P1,116,58.8,31.3,261,125,429,P1,False,B,3,,0,214,
Purulia,1605,Prl-1605,53,Temple Hall 53,351,363,1,715,50.77,6,0.8,363,146,2,566,P1,217,64.1,25.8,232,249,535,P2,True,B,3,,0,295,
Purulia,1605,Prl-1605,54,Community Hall 54,419,384,0,803,47.82,10,1.2,338,204,4,609,P1,134,55.5,33.5,377,164,682,P1,False,B,3,,0,331,
Purulia,1605,Prl-1605,55,Health Sub-Centre 55,368,377,1,746,50.54,10,1.3,290,198,8,620,P1,92,46.8,31.9,385,160,606,P1,False,B,3,,0,308,
Purulia,1605,Prl-1605,56,Market Building 56,395,366,0,761,48.09,8,1.1,259,210,15,604,P1,49,42.9,34.8,331,205,596,P1,False,B,3,,0,314,
Purulia,1605,Prl-1605,57,Anganwadi Centre 57,282,257,1,540,47.59,5,0.9,222,172,4,446,P1,50,49.8,38.6,265,138,448,P1,False,B,3,,0,223,
Purulia,1605,Prl-1605,58,Anganwadi Centre 58,397,375,0,772,48.58,8,1.0,449,133,4,646,P1,316,69.5,20.6,315,199,606,P1,False,A,1,,0,318,
Purulia,1605,Prl-1605,59,Madrasa 59,368,348,0,716,48.6,8,1.1,326,179,3,561,P1,147,58.1,31.9,309,183,546,P1,False,B,3,,0,295,
Purulia,1605,Prl-1605,60,Madrasa 60,270,268,1,539,49.72,7,1.3,275,137,4,458,P1,138,60.0,29.9,234,123,403,P1,False,B,3,,0,222,
Purulia,1605,Prl-1605,61,Community Hall 61,359,328,1,688,47.67,7,1.0,276,191,5,519,P1,85,53.2,36.8,286,217,559,P1,False,B,3,,0,284,
Purulia,1605,Prl-1605,62,Community Hall 62,297,301,1,599,50.25,6,1.0,197,173,11,465,P1,24,42.4,37.2,250,163,484,P1,False,B,3,,0,247,
Purulia,1605,Prl-1605,63,Anganwadi Centre 63,400,402,1,803,50.06,10,1.2,449,157,3,673,P1,292,66.7,23.3,321,196,661,P1,False,A,1,,0,331,
Purulia,1605,Prl-1605,64,High School 64,403,382,1,786,48.6,10,1.3,305,192,9,586,P1,113,52.0,32.8,405,196,668,P1,False,B,3,,0,324,
Purulia,1605,Prl-1605,65,Market Building 65,331,310,0,641,48.36,6,0.9,238,165,9,488,P1,73,48.8,33.8,205,131,478,P1,False,B,3,,0,264,
Purulia,1605,Prl-1605,66,Post Office 66,388,371,1,760,48.82,9,1.2,324,180,7,575,P1,144,56.3,31.3,285,213,611,P1,False,B,3,,0,313,
Purulia,1605,Prl-1605,67,High School 67,250,242,1,493,49.09,6,1.2,193,110,3,370,P1,83,52.2,29.7,178,110,374,P1,False,B,3,,0,203,
Purulia,1605,Prl-1605,68,Temple Hall 68,338,329,1,668,49.25,6,0.9,294,179,4,552,P1,115,53.3,32.4,261,221,565,P1,False,B,3,,0,275,
Purulia,1605,Prl-1605,69,Anganwadi Centre 69,285,281,0,566,49.65,5,0.9,255,130,6,446,P1,125,57.2,29.1,223,197,481,P1,False,B,3,,0,233,
Purulia,1605,Prl-1605,70,Market Building 70,264,259,0,523,49.52,5,1.0,252,98,2,389,P1,154,64.8,25.2,252,112,443,P1,False,B,3,,0,216,
Purulia,1605,Prl-1605,71,High School 71,400,392,0,792,49.49,10,1.3,232,248,10,593,P2,16,39.1,41.8,330,211,605,P1,True,B,3,,0,327,
Purulia,1605,Prl-1605,72,Post Office 72,246,239,1,486,49.18,3,0.6,180,119,5,367,P1,61,49.0,32.4,187,147,371,P1,False,B,3,,0,200,
Purulia,1605,Prl-1605,73,Anganwadi Centre 73,328,314,1,643,48.83,6,0.9,231,205,13,545,P1,26,42.4,37.6,281,171,502,P1,False,B,3,,0,265,
Purulia,1605,Prl-1605,74,Temple Hall 74,350,355,0,705,50.35,6,0.9,324,198,3,580,P1,126,55.9,34.1,240,211,533,P1,False,B,3,,0,291,
Purulia,1605,Prl-1605,75,Market Building 75,249,243,0,492,49.39,6,1.2,232,144,5,418,P1,88,55.5,34.4,239,102,403,P1,False,B,3,,0,203,
Purulia,1605,Prl-1605,76,Anganwadi Centre 76,290,282,0,572,49.3,5,0.9,168,177,15,486,P2,9,34.6,36.4,231,192,476,P1,True,B,3,,0,236,
Purulia,1605,Prl-1605,77,Primary School 77,324,320,1,645,49.61,6,0.9,281,196,6,530,P1,85,53.0,37.0,322,163,538,P1,False,B,3,,0,266,
Purulia,1605,Prl-1605,78,Club Building 78,245,252,0,497,50.7,4,0.8,171,141,7,370,P1,30,46.2,38.1,216,131,385,P1,False,B,3,,0,205,
Purulia,1605,Prl-1605,79,Health Sub-Centre 79,265,269,1,535,50.28,5,0.9,198,155,4,420,P1,43,47.1,36.9,255,120,417,P1,False,B,3,,0,221,
Purulia,1605,Prl-1605,80,Community Hall 80,358,332,0,690,48.12,8,1.2,316,190,6,562,P1,126,56.2,33.8,276,176,521,P1,False,B,3,,0,285,
Purulia,1605,Prl-1605,81,Panchayat Bhavan 81,296,266,0,562,47.33,4,0.7,224,148,3,443,P1,76,50.6,33.4,203,190,456,P1,False,B,3,,0,232,
Purulia,1605,Prl-1605,82,Club Building 82,262,257,0,519,49.52,6,1.2,221,163,5,426,P1,58,51.9,38.3,259,128,430,P1,False,B,3,,0,214,
Purulia,1605,Prl-1605,83,Post Office 83,387,361,1,749,48.2,10,1.3,245,229,16,612,P1,16,40.0,37.4,311,194,561,P1,False,B,3,,0,309,
Purulia,1605,Prl-1605,84,Health Sub-Centre 84,348,353,1,702,50.28,8,1.1,340,167,2,564,P1,173,60.3,29.6,279,197,569,P1,False,B,3,,0,289,
Purulia,1605,Prl-1605,85,Health Sub-Centre 85,359,323,0,682,47.36,7,1.0,286,169,4,545,P1,117,52.5,31.0,260,215,575,P1,False,B,3,,0,281,
Purulia,1605,Prl-1605,86,Anganwadi Centre 86,261,249,1,511,48.73,6,1.2,221,123,3,382,P1,98,57.9,32.2,238,141,421,P1,False,B,3,,0,211,
Purulia,1605,Prl-1605,87,High School 87,270,261,0,531,49.15,5,0.9,208,143,5,405,P1,65,51.4,35.3,261,141,447,P1,False,B,3,,0,219,
Purulia,1605,Prl-1605,88,Anganwadi Centre 88,375,378,0,753,50.2,7,0.9,340,170,2,567,P1,170,60.0,30.0,311,203,571,P1,False,B,3,,0,310,
Purulia,1605,Prl-1605,89,Community Hall 89,389,367,0,756,48.54,8,1.1,275,215,4,564,P1,60,48.8,38.1,347,226,647,P1,False,B,3,,0,312,
Purulia,1605,Prl-1605,90,Club Building 90,425,390,1,816,47.79,6,0.7,411,192,6,674,P1,219,61.0,28.5,354,166,622,P1,False,B,3,,0,336,
Purulia,1605,Prl-1605,91,Post Office 91,322,314,0,636,49.37,8,1.3,242,160,13,526,P1,82,46.0,30.4,284,152,485,P1,False,B,3,,0,262,
Purulia,1605,Prl-1605,92,Market Building 92,380,342,1,723,47.3,6,0.8,332,210,4,603,P1,122,55.1,34.8,299,110,549,P1,False,B,3,,0,298,
Purulia,1605,Prl-1605,93,Club Building 93,403,391,1,795,49.18,7,0.9,307,220,12,676,P1,87,45.4,32.5,295,154,665,P1,False,B,3,,0,328,
Purulia,1605,Prl-1605,94,Community Hall 94,393,360,0,753,47.81,8,1.1,232,252,11,609,P2,20,38.1,41.4,261,231,574,P1,True,B,3,,0,310,
Purulia,1605,Prl-1605,95,Market Building 95,277,285,0,562,50.71,6,1.1,238,121,6,447,P1,117,53.2,27.1,271,141,458,P1,False,B,3,,0,232,
Purulia,1605,Prl-1605,96,Panchayat Bhavan 96,254,234,1,489,47.85,5,1.0,235,133,5,411,P1,102,57.2,32.4,177,156,406,P1,False,B,3,,0,202,
Purulia,1605,Prl-1605,97,Health Sub-Centre 97,388,398,0,786,50.64,9,1.1,310,182,6,586,P1,128,52.9,31.1,341,229,643,P1,False,B,3,,0,324,
Purulia,1605,Prl-1605,98,Panchayat Bhavan 98,330,306,1,637,48.04,8,1.3,298,167,6,516,P1,131,57.8,32.4,311,147,509,P1,False,B,3,,0,263,
Purulia,1605,Prl-1605,99,Temple Hall 99,392,398,0,790,50.38,6,0.8,260,257,4,617,P1,3,42.1,41.7,385,209,660,P1,False,B,3,,0,326,
Purulia,1605,Prl-1605,100,Club Building 100,263,250,1,514,48.64,6,1.2,216,133,2,388,P1,83,55.7,34.3,244,144,432,P1,False,B,3,,0,212,
Purulia,1605,Prl-1605,101,Primary School 101,315,283,1,599,47.25,8,1.3,238,166,5,476,P1,72,50.0,34.9,302,132,496,P1,False,B,3,,0,247,
Purulia,1605,Prl-1605,102,Madrasa 102,254,254,1,509,49.9,5,1.0,209,144,8,421,P1,65,49.6,34.2,235,137,416,P1,False,B,3,,0,210,
Purulia,1605,Prl-1605,103,Market Building 103,294,292,0,586,49.83,6,1.0,302,134,3,484,P1,168,62.4,27.7,205,183,446,P1,False,B,3,,0,242,
Purulia,1605,Prl-1605,104,High School 104,257,252,1,510,49.41,6,1.2,186,130,4,393,P1,56,47.3,33.1,239,129,408,P1,False,B,3,,0,210,
Purulia,1605,Prl-1605,105,Health Sub-Centre 105,346,327,0,673,48.59,7,1.0,307,159,2,517,P1,148,59.4,30.8,223,191,521,P1,False,B,3,,0,277,
Purulia,1605,Prl-1605,106,Temple Hall 106,327,305,0,632,48.26,6,0.9,254,167,3,468,P1,87,54.3,35.7,208,225,482,P2,True,B,3,,0,261,
Purulia,1605,Prl-1605,107,Anganwadi Centre 107,398,411,1,810,50.74,6,0.7,326,201,7,632,P1,125,51.6,31.8,340,167,651,P1,False,B,3,,0,334,
Purulia,1605,Prl-1605,108,Primary School 108,414,376,1,791,47.53,7,0.9,351,217,4,649,P1,134,54.1,33.4,283,163,595,P1,False,B,3,,0,326,
Purulia,1605,Prl-1605,109,High School 109,241,247,0,488,50.61,5,1.0,196,155,2,404,P1,41,48.5,38.4,162,144,382,P1,False,B,3,,0,201,
Purulia,1605,Prl-1605,110,Primary School 110,238,242,0,480,50.42,6,1.2,194,98,8,363,P1,96,53.4,27.0,229,105,372,P1,False,B,3,,0,198,
Purulia,1605,Prl-1605,111,Anganwadi Centre 111,347,312,1,660,47.27,6,0.9,302,199,5,557,P1,103,54.2,35.7,317,170,557,P1,False,B,3,,0,272,
Purulia,1605,Prl-1605,112,Primary School 112,314,308,0,622,49.52,6,1.0,264,162,8,493,P1,102,53.5,32.9,271,197,520,P1,False,B,3,,0,256,
Purulia,1605,Prl-1605,113,Govt Office 113,335,344,0,679,50.66,6,0.9,259,194,8,521,P1,65,49.7,37.2,257,196,503,P1,False,B,3,,0,280,
Purulia,1605,Prl-1605,114,Panchayat Bhavan 114,317,306,1,624,49.04,7,1.1,225,159,5,464,P1,66,48.5,34.3,257,133,530,P1,False,B,3,,0,257,
Purulia,1605,Prl-1605,115,Health Sub-Centre 115,256,241,1,498,48.39,5,1.0,215,137,5,417,P1,78,51.6,32.9,201,138,377,P1,False,B,3,,0,205,
Purulia,1605,Prl-1605,116,Health Sub-Centre 116,269,250,0,519,48.17,5,1.0,200,138,6,422,P1,62,47.4,32.7,198,119,415,P1,False,B,3,,0,214,
Purulia,1605,Prl-1605,117,Community Hall 117,244,247,1,492,50.2,4,0.8,152,122,9,376,P1,30,40.4,32.4,239,106,389,P1,False,B,3,,0,203,
Purulia,1605,Prl-1605,118,Panchayat Bhavan 118,327,293,1,621,47.18,6,1.0,255,167,6,495,P1,88,51.5,33.7,218,164,508,P1,False,B,3,,0,256,
Purulia,1605,Prl-1605,119,Health Sub-Centre 119,402,411,1,814,50.49,6,0.7,324,213,5,672,P1,111,48.2,31.7,306,223,690,P1,False,B,3,,0,336,
Purulia,1605,Prl-1605,120,Govt Office 120,376,342,0,718,47.63,9,1.3,256,236,5,565,P1,20,45.3,41.8,262,195,564,P1,False,B,3,,0,296,
Purulia,1605,Prl-1605,121,Madrasa 121,253,259,1,513,50.49,4,0.8,188,130,7,388,P1,58,48.5,33.5,211,169,430,P1,False,B,3,,0,212,
Purulia,1605,Prl-1605,122,Post Office 122,353,340,1,694,48.99,6,0.9,286,149,3,530,P1,137,54.0,28.1,345,119,516,P1,False,B,3,,0,286,
Purulia,1605,Prl-1605,123,Community Hall 123,392,370,0,762,48.56,8,1.0,278,193,16,606,P1,85,45.9,31.8,301,214,573,P1,False,B,3,,0,314,
Purulia,1605,Prl-1605,124,Madrasa 124,275,262,0,537,48.79,6,1.1,142,174,6,401,P2,32,35.4,43.4,240,133,415,P1,True,B,3,,0,221,
Purulia,1605,Prl-1605,125,Health Sub-Centre 125,276,255,1,532,47.93,5,0.9,267,114,3,447,P1,153,59.7,25.5,191,123,407,P1,False,B,3,,0,219,
Purulia,1605,Prl-1605,126,Anganwadi Centre 126,337,344,0,681,50.51,7,1.0,249,196,8,527,P1,53,47.2,37.2,273,190,538,P1,False,B,3,,0,281,
Purulia,1605,Prl-1605,127,Post Office 127,409,390,1,800,48.75,9,1.1,341,175,7,622,P1,166,54.8,28.1,352,222,681,P1,False,B,3,,0,330,
Purulia,1605,Prl-1605,128,Primary School 128,339,313,1,653,47.93,7,1.1,255,172,6,498,P1,83,51.2,34.5,323,118,490,P1,False,B,3,,0,269,
Purulia,1605,Prl-1605,129,Primary School 129,330,309,0,639,48.36,8,1.3,242,178,4,500,P1,64,48.4,35.6,263,166,477,P1,False,B,3,,0,263,
Purulia,1605,Prl-1605,130,Community Hall 130,429,387,1,817,47.37,6,0.7,333,154,9,633,P1,179,52.6,24.3,341,219,622,P1,False,B,3,,0,337,
Purulia,1605,Prl-1605,131,Temple Hall 131,338,317,1,656,48.32,7,1.1,276,189,3,516,P1,87,53.5,36.6,371,117,542,P1,False,B,3,,0,270,
Purulia,1605,Prl-1605,132,Temple Hall 132,408,368,0,776,47.42,9,1.2,309,216,8,615,P1,93,50.2,35.1,270,193,608,P1,False,B,3,,0,320,
Purulia,1605,Prl-1605,133,Temple Hall 133,393,399,1,793,50.32,7,0.9,374,139,13,644,P1,235,58.1,21.6,451,149,667,P1,False,B,3,,0,327,
Purulia,1605,Prl-1605,134,Primary School 134,337,333,0,670,49.7,8,1.2,214,178,4,502,P1,36,42.6,35.5,292,212,560,P1,False,B,3,,0,276,
Purulia,1605,Prl-1605,135,High School 135,308,290,1,599,48.41,7,1.2,259,159,3,507,P1,100,51.1,31.4,234,166,454,P1,False,B,3,,0,247,
Purulia,1605,Prl-1605,136,Panchayat Bhavan 136,367,364,0,731,49.79,8,1.1,315,184,10,588,P1,131,53.6,31.3,294,212,562,P1,False,B,3,,0,301,
Purulia,1605,Prl-1605,137,Post Office 137,280,279,0,559,49.91,7,1.3,270,133,4,464,P1,137,58.2,28.7,264,140,470,P1,False,B,3,,0,230,
Purulia,1605,Prl-1605,138,Post Office 138,340,343,0,683,50.22,6,0.9,247,139,20,555,P1,103,44.5,25.0,254,257,568,P2,True,B,3,,0,282,
Purulia,1605,Prl-1605,139,Primary School 139,417,389,0,806,48.26,9,1.1,328,266,3,668,P1,62,49.1,39.8,388,229,685,P1,False,B,3,,0,332,
Purulia,1605,Prl-1605,140,Market Building 140,263,265,1,529,50.09,4,0.8,237,156,6,448,P1,81,52.9,34.8,233,157,435,P1,False,B,3,,0,218,
Purulia,1605,Prl-1605,141,Post Office 141,337,340,1,678,50.15,6,0.9,413,105,4,576,P1,308,71.7,18.2,368,150,576,P1,False,A,1,,0,280,
Purulia,1605,Prl-1605,142,Community Hall 142,261,262,0,523,50.1,6,1.1,232,161,5,438,P1,71,53.0,36.8,187,163,388,P1,False,B,3,,0,216,
Purulia,1605,Prl-1605,143,Temple Hall 143,387,354,1,742,47.71,5,0.7,244,190,9,587,P1,54,41.6,32.4,309,181,585,P1,False,B,3,,0,306,
Purulia,1605,Prl-1605,144,Govt Office 144,330,336,0,666,50.45,5,0.8,349,139,4,542,P1,210,64.4,25.6,213,197,539,P1,False,B,3,,0,275,
Purulia,1605,Prl-1605,145,Govt Office 145,396,395,0,791,49.94,9,1.1,316,250,3,629,P1,66,50.2,39.7,409,187,662,P1,False,B,3,,0,326,
Purulia,1605,Prl-1605,146,Club Building 146,247,247,0,494,50.0,5,1.0,235,113,3,387,P1,122,60.7,29.2,253,120,414,P1,False,B,3,,0,204,
Purulia,1605,Prl-1605,147,High School 147,328,336,1,665,50.53,6,0.9,279,176,5,512,P1,103,54.5,34.4,289,146,499,P1,False,B,3,,0,274,
Purulia,1605,Prl-1605,148,Govt Office 148,266,252,0,518,48.65,5,1.0,252,146,1,442,P1,106,57.0,33.0,230,133,404,P1,False,B,3,,0,214,
Purulia,1605,Prl-1605,149,Anganwadi Centre 149,304,311,0,615,50.57,7,1.1,205,128,9,488,P1,64,42.0,26.2,321,146,519,P1,False,B,3,,0,254,
Purulia,1605,Prl-1605,150,Govt Office 150,269,275,0,544,50.55,4,0.7,229,130,2,416,P1,99,55.0,31.2,159,159,416,P1,False,B,3,,0,224,
Purulia,1605,Prl-1605,151,Panchayat Bhavan 151,347,329,1,677,48.6,7,1.0,240,157,5,524,P1,83,45.8,30.0,232,197,568,P1,False,B,3,,0,279,
Purulia,1605,Prl-1605,152,Post Office 152,352,328,0,680,48.24,8,1.2,287,178,4,517,P1,109,55.5,34.4,290,177,525,P1,False,B,3,,0,280,
Purulia,1605,Prl-1605,153,Temple Hall 153,258,241,0,499,48.3,6,1.2,213,151,3,409,P1,62,52.1,36.9,223,124,402,P1,False,B,3,,0,206,
Purulia,1605,Prl-1605,154,Anganwadi Centre 154,324,320,1,645,49.61,5,0.8,325,166,3,546,P1,159,59.5,30.4,232,204,484,P1,False,B,3,,0,266,
Purulia,1605,Prl-1605,155,Post Office 155,253,248,1,502,49.4,5,1.0,240,125,2,406,P1,115,59.1,30.8,216,132,387,P1,False,B,3,,0,207,
Purulia,1605,Prl-1605,156,Club Building 156,416,381,0,797,47.8,7,0.9,293,272,6,628,P1,21,46.7,43.3,364,250,682,P1,False,B,3,,0,329,
Purulia,1605,Prl-1605,157,Anganwadi Centre 157,344,319,1,664,48.04,5,0.8,265,180,2,494,P1,85,53.6,36.4,314,164,531,P1,False,B,3,,0,274,
Purulia,1605,Prl-1605,158,Community Hall 158,298,280,0,578,48.44,5,0.9,238,141,7,456,P1,97,52.2,30.9,220,184,494,P1,False,B,3,,0,238,
Purulia,1605,Prl-1605,159,Community Hall 159,318,325,1,644,50.47,7,1.1,289,149,5,486,P1,140,59.5,30.7,231,206,521,P1,False,B,3,,0,266,
Purulia,1605,Prl-1605,160,Health Sub-Centre 160,265,238,1,504,47.22,4,0.8,209,132,8,431,P1,77,48.5,30.6,171,158,419,P1,False,B,3,,0,208,
Purulia,1605,Prl-1605,161,High School 161,327,301,0,628,47.93,8,1.3,251,184,4,483,P1,67,52.0,38.1,237,216,533,P1,False,B,3,,0,259,
Purulia,1605,Prl-1605,162,Primary School 162,388,362,0,750,48.27,7,0.9,337,238,3,638,P1,99,52.8,37.3,357,156,570,P1,False,B,3,,0,309,
Purulia,1605,Prl-1605,163,Community Hall 163,356,328,0,684,47.95,6,0.9,267,192,11,561,P1,75,47.6,34.2,243,226,553,P1,False,B,3,,0,282,
Purulia,1605,Prl-1605,164,Madrasa 164,348,342,1,691,49.49,8,1.2,300,163,4,515,P1,137,58.3,31.7,341,123,571,P1,False,B,3,,0,285,
Purulia,1605,Prl-1605,165,Govt Office 165,308,292,0,600,48.67,6,1.0,320,107,2,474,P1,213,67.5,22.6,260,152,458,P1,False,A,1,,0,247,
Purulia,1605,Prl-1605,166,Community Hall 166,367,348,0,715,48.67,8,1.1,321,188,8,588,P1,133,54.6,32.0,267,251,576,P1,False,B,3,,0,295,
Purulia,1605,Prl-1605,167,Club Building 167,259,242,1,502,48.21,5,1.0,189,89,9,417,P1,63,45.3,21.3,218,129,385,P1,False,B,3,,0,207,
Purulia,1605,Prl-1605,168,Temple Hall 168,261,253,1,515,49.13,4,0.8,200,145,5,398,P1,55,50.3,36.4,219,163,425,P1,False,B,3,,0,212,
Purulia,1605,Prl-1605,169,High School 169,269,246,1,516,47.67,5,1.0,230,139,2,426,P1,91,54.0,32.6,211,129,389,P1,False,B,3,,0,213,
Purulia,1605,Prl-1605,170,Panchayat Bhavan 170,366,366,0,732,50.0,6,0.8,272,185,11,573,P1,87,47.5,32.3,311,230,602,P1,False,B,3,,0,302,
Purulia,1605,Prl-1605,171,Madrasa 171,258,254,1,513,49.51,6,1.2,211,157,3,437,P1,54,48.3,35.9,215,149,412,P1,False,B,3,,0,212,
Purulia,1605,Prl-1605,172,Primary School 172,273,280,1,554,50.54,6,1.1,237,133,5,433,P1,104,54.7,30.7,241,134,417,P1,False,B,3,,0,228,
Purulia,1605,Prl-1605,173,Primary School 173,397,401,0,798,50.25,9,1.1,251,242,10,601,P1,9,41.8,40.3,246,204,616,P1,False,B,3,,0,329,
Purulia,1605,Prl-1605,174,Market Building 174,275,282,1,558,50.54,5,0.9,184,148,8,417,P1,36,44.1,35.5,218,145,437,P1,False,B,3,,0,230,
Purulia,1605,Prl-1605,175,Post Office 175,415,381,1,797,47.8,10,1.3,203,214,11,673,P4,24,30.2,31.8,256,204,594,P1,True,B,3,,0,329,
Purulia,1605,Prl-1605,176,Market Building 176,308,291,1,600,48.5,8,1.3,203,197,9,494,P1,6,41.1,39.9,263,176,488,P1,False,B,3,,0,247,
Purulia,1605,Prl-1605,177,Anganwadi Centre 177,294,277,0,571,48.51,6,1.1,263,148,4,465,P1,115,56.6,31.8,246,186,483,P1,False,B,3,,0,235,
Purulia,1605,Prl-1605,178,Club Building 178,387,352,1,740,47.57,9,1.2,228,197,6,558,P1,31,40.9,35.3,318,177,582,P1,False,B,3,,0,305,
Purulia,1605,Prl-1605,179,Panchayat Bhavan 179,251,250,1,502,49.8,4,0.8,235,107,4,380,P1,128,61.8,28.2,194,177,412,P1,False,B,3,,0,207,
Purulia,1606,Prl-1606,1,Madrasa 1,360,359,0,719,49.93,7,1.0,271,195,5,588,P1,76,46.1,33.2,372,141,570,P1,False,B,3,,0,296,
Purulia,1606,Prl-1606,2,High School 2,351,343,1,695,49.35,8,1.2,268,199,7,567,P1,69,47.3,35.1,360,152,569,P1,False,B,3,,0,287,
Purulia,1606,Prl-1606,3,Club Building 3,267,275,0,542,50.74,6,1.1,232,163,5,462,P1,69,50.2,35.3,212,148,405,P1,False,B,3,,0,223,
Purulia,1606,Prl-1606,4,Madrasa 4,414,373,1,788,47.34,6,0.8,362,170,5,591,P1,192,61.3,28.8,293,270,652,P1,False,B,3,,0,325,
Purulia,1606,Prl-1606,5,Govt Office 5,323,296,0,619,47.82,6,1.0,232,181,7,507,P1,51,45.8,35.7,196,222,468,P2,True,B,3,,0,255,
Purulia,1606,Prl-1606,6,Primary School 6,354,349,0,703,49.64,7,1.0,300,180,6,533,P1,120,56.3,33.8,333,161,549,P1,False,B,3,,0,290,
Purulia,1606,Prl-1606,7,Anganwadi Centre 7,317,305,1,623,48.96,5,0.8,227,163,7,473,P1,64,48.0,34.5,327,152,533,P1,False,B,3,,0,257,
Purulia,1606,Prl-1606,8,Health Sub-Centre 8,329,336,0,665,50.53,9,1.4,268,153,14,547,P1,115,49.0,28.0,273,173,495,P1,False,B,3,,0,274,
Purulia,1606,Prl-1606,9,Post Office 9,348,336,1,685,49.05,9,1.3,282,173,6,575,P1,109,49.0,30.1,270,177,552,P1,False,B,3,,0,282,
Purulia,1606,Prl-1606,10,Post Office 10,313,293,1,607,48.27,7,1.2,272,174,5,505,P1,98,53.9,34.5,254,178,488,P1,False,B,3,,0,250,
Purulia,1606,Prl-1606,11,Health Sub-Centre 11,341,314,1,656,47.87,5,0.8,333,158,2,552,P1,175,60.3,28.6,265,179,493,P1,False,B,3,,0,270,
Purulia,1606,Prl-1606,12,Health Sub-Centre 12,304,294,1,599,49.08,7,1.2,275,164,5,492,P1,111,55.9,33.3,260,175,483,P1,False,B,3,,0,247,
Purulia,1606,Prl-1606,13,Panchayat Bhavan 13,395,384,1,780,49.23,7,0.9,359,209,7,631,P1,150,56.9,33.1,429,161,656,P1,False,B,3,,0,322,
Purulia,1606,Prl-1606,14,Temple Hall 14,389,349,1,739,47.23,8,1.1,321,243,6,627,P1,78,51.2,38.8,311,132,564,P1,False,B,3,,0,305,
Purulia,1606,Prl-1606,15,Primary School 15,331,303,1,635,47.72,6,0.9,177,102,14,476,P4,1,37.2,21.4,336,127,514,P1,True,B,3,,0,262,
Purulia,1606,Prl-1606,16,Panchayat Bhavan 16,283,289,0,572,50.52,7,1.2,209,150,3,460,P1,59,45.4,32.6,270,155,484,P1,False,B,3,,0,236,
Purulia,1606,Prl-1606,17,Anganwadi Centre 17,385,364,1,750,48.53,6,0.8,345,179,3,619,P1,166,55.7,28.9,334,215,610,P1,False,B,3,,0,309,
Purulia,1606,Prl-1606,18,Primary School 18,309,291,0,600,48.5,6,1.0,225,199,3,494,P1,26,45.5,40.3,247,157,448,P1,False,B,3,,0,247,
Purulia,1606,Prl-1606,19,High School 19,272,272,1,545,49.91,6,1.1,226,152,4,438,P1,74,51.6,34.7,280,106,428,P1,False,B,3,,0,225,
Purulia,1606,Prl-1606,20,Primary School 20,315,320,0,635,50.39,7,1.1,210,174,9,477,P1,36,44.0,36.5,317,166,536,P1,False,B,3,,0,262,
Purulia,1606,Prl-1606,21,Govt Office 21,332,313,1,646,48.45,6,0.9,225,198,9,517,P1,27,43.5,38.3,261,209,544,P1,False,B,3,,0,266,
Purulia,1606,Prl-1606,22,Community Hall 22,264,261,1,526,49.62,5,1.0,262,104,5,406,P1,158,64.5,25.6,195,156,390,P1,False,B,3,,0,217,
Purulia,1606,Prl-1606,23,Temple Hall 23,339,307,1,647,47.45,7,1.1,249,208,10,550,P1,41,45.3,37.8,352,85,485,P1,False,B,3,,0,267,
Purulia,1606,Prl-1606,24,Temple Hall 24,399,372,0,771,48.25,9,1.2,323,160,10,646,P1,163,50.0,24.8,359,222,646,P1,False,B,3,,0,318,
Purulia,1606,Prl-1606,25,Temple Hall 25,386,381,1,768,49.61,8,1.0,290,235,6,584,P1,55,49.7,40.2,356,214,634,P1,False,B,3,,0,317,
Purulia,1606,Prl-1606,26,Madrasa 26,331,300,1,632,47.47,6,0.9,267,185,5,514,P1,82,51.9,36.0,312,134,496,P1,False,B,3,,0,261,
Purulia,1606,Prl-1606,27,Post Office 27,291,267,1,559,47.76,4,0.7,221,166,3,430,P1,55,51.4,38.6,251,106,454,P1,False,B,3,,0,230,
Purulia,1606,Prl-1606,28,Post Office 28,356,351,0,707,49.65,9,1.3,288,200,6,579,P1,88,49.7,34.5,334,176,567,P1,False,B,3,,0,292,
Purulia,1606,Prl-1606,29,Primary School 29,401,399,1,801,49.81,6,0.7,318,227,4,606,P1,91,52.5,37.5,259,249,658,P1,False,B,3,,0,330,
Purulia,1606,Prl-1606,30,Anganwadi Centre 30,406,399,0,805,49.57,10,1.2,411,160,3,634,P1,251,64.8,25.2,269,246,615,P1,False,B,3,,0,332,
Purulia,1606,Prl-1606,31,Club Building 31,298,269,0,567,47.44,4,0.7,275,113,3,431,P1,162,63.8,26.2,256,141,442,P1,False,B,3,,0,234,
Purulia,1606,Prl-1606,32,Anganwadi Centre 32,262,247,0,509,48.53,7,1.4,211,148,7,430,P1,63,49.1,34.4,194,151,384,P1,False,B,3,,0,210,
Purulia,1606,Prl-1606,33,Health Sub-Centre 33,320,315,0,635,49.61,5,0.8,251,186,11,532,P1,65,47.2,35.0,298,174,525,P1,False,B,3,,0,262,
Purulia,1606,Prl-1606,34,Madrasa 34,283,268,0,551,48.64,6,1.1,216,197,4,459,P1,19,47.1,42.9,274,126,445,P1,False,B,3,,0,227,
Purulia,1606,Prl-1606,35,Health Sub-Centre 35,253,241,0,494,48.79,4,0.8,195,135,5,389,P1,60,50.1,34.7,239,107,385,P1,False,B,3,,0,204,
Purulia,1606,Prl-1606,36,Primary School 36,385,355,0,740,47.97,8,1.1,298,159,13,600,P1,139,49.7,26.5,236,177,592,P1,False,B,3,,0,305,
Purulia,1606,Prl-1606,37,Community Hall 37,339,336,0,675,49.78,5,0.7,339,127,6,518,P1,212,65.4,24.5,326,127,504,P1,False,A,1,,0,278,
Purulia,1606,Prl-1606,38,Govt Office 38,281,267,0,548,48.72,5,0.9,241,126,4,408,P1,115,59.1,30.9,229,176,450,P1,False,B,3,,0,226,
Purulia,1606,Prl-1606,39,High School 39,313,305,0,618,49.35,7,1.1,233,195,2,476,P1,38,48.9,41.0,254,199,504,P1,False,B,3,,0,255,
Purulia,1606,Prl-1606,40,Club Building 40,276,277,1,554,50.0,7,1.3,218,133,4,416,P1,85,52.4,32.0,306,114,466,P1,False,B,3,,0,228,
Purulia,1606,Prl-1606,41,Primary School 41,303,310,0,613,50.57,6,1.0,281,146,2,475,P1,135,59.2,30.7,280,128,513,P1,False,B,3,,0,253,
Purulia,1606,Prl-1606,42,Temple Hall 42,372,376,0,748,50.27,9,1.2,383,152,5,595,P1,231,64.4,25.5,302,182,554,P1,False,B,3,,0,308,
Purulia,1606,Prl-1606,43,Anganwadi Centre 43,364,371,1,736,50.41,6,0.8,231,239,13,590,P2,8,39.2,40.5,226,231,552,P2,False,B,3,,0,303,
Purulia,1606,Prl-1606,44,High School 44,397,380,0,777,48.91,9,1.2,375,222,4,663,P1,153,56.6,33.5,324,223,607,P1,False,B,3,,0,320,
Purulia,1606,Prl-1606,45,Market Building 45,275,281,0,556,50.54,4,0.7,250,152,6,473,P1,98,52.9,32.1,237,144,434,P1,False,B,3,,0,229,
Purulia,1606,Prl-1606,46,Market Building 46,353,352,0,705,49.93,7,1.0,326,189,8,596,P1,137,54.7,31.7,334,140,527,P1,False,B,3,,0,291,
Purulia,1606,Prl-1606,47,Health Sub-Centre 47,416,374,0,790,47.34,7,0.9,310,228,5,597,P1,82,51.9,38.2,369,234,673,P1,False,B,3,,0,326,
Purulia,1606,Prl-1606,48,Market Building 48,371,337,1,709,47.53,8,1.1,290,210,6,555,P1,80,52.3,37.8,316,174,592,P1,False,B,3,,0,292,
Purulia,1606,Prl-1606,49,Health Sub-Centre 49,267,271,0,538,50.37,5,0.9,232,151,4,425,P1,81,54.6,35.5,208,161,411,P1,False,B,3,,0,222,
Purulia,1606,Prl-1606,50,Health Sub-Centre 50,285,293,1,579,50.6,7,1.2,253,144,4,462,P1,109,54.8,31.2,260,137,441,P1,False,B,3,,0,239,
Purulia,1606,Prl-1606,51,Govt Office 51,339,348,0,687,50.66,8,1.2,316,197,4,570,P1,119,55.4,34.6,245,224,552,P1,False,B,3,,0,283,
Purulia,1606,Prl-1606,52,Panchayat Bhavan 52,416,397,0,813,48.83,7,0.9,362,190,6,613,P1,172,59.1,31.0,319,154,653,P1,False,B,3,,0,335,
Purulia,1606,Prl-1606,53,Govt Office 53,248,254,0,502,50.6,6,1.2,229,137,5,406,P1,92,56.4,33.7,237,124,403,P1,False,B,3,,0,207,
Purulia,1606,Prl-1606,54,Govt Office 54,327,316,1,644,49.07,7,1.1,243,192,3,527,P1,51,46.1,36.4,276,171,496,P1,False,B,3,,0,266,
Purulia,1606,Prl-1606,55,Health Sub-Centre 55,326,332,0,658,50.46,6,0.9,234,191,4,505,P1,43,46.3,37.8,241,155,525,P1,False,B,3,,0,271,
Purulia,1606,Prl-1606,56,Primary School 56,312,279,1,592,47.13,5,0.8,251,192,4,492,P1,59,51.0,39.0,212,172,469,P1,False,B,3,,0,244,
Purulia,1606,Prl-1606,57,High School 57,267,258,1,526,49.05,4,0.8,267,108,2,437,P1,159,61.1,24.7,167,147,411,P1,False,B,3,,0,217,
Purulia,1606,Prl-1606,58,High School 58,324,303,0,627,48.33,5,0.8,263,136,8,502,P1,127,52.4,27.1,239,156,508,P1,False,B,3,,0,259,
Purulia,1606,Prl-1606,59,Health Sub-Centre 59,284,293,1,578,50.69,7,1.2,258,149,5,452,P1,109,57.1,33.0,203,138,443,P1,False,B,3,,0,238,
Purulia,1606,Prl-1606,60,Temple Hall 60,366,371,0,737,50.34,6,0.8,387,158,5,606,P1,229,63.9,26.1,360,205,627,P1,False,B,3,,0,304,
Purulia,1606,Prl-1606,61,Club Building 61,299,294,0,593,49.58,6,1.0,202,162,12,480,P1,40,42.1,33.8,227,189,462,P1,False,B,3,,0,245,
Purulia,1606,Prl-1606,62,Club Building 62,281,255,0,536,47.57,7,1.3,224,144,3,408,P1,80,54.9,35.3,238,133,413,P1,False,B,3,,0,221,
Purulia,1606,Prl-1606,63,Community Hall 63,309,318,0,627,50.72,7,1.1,258,179,7,497,P1,79,51.9,36.0,298,130,476,P1,False,B,3,,0,259,
Purulia,1606,Prl-1606,64,Health Sub-Centre 64,426,392,1,819,47.86,7,0.9,312,185,16,640,P1,127,48.8,28.9,366,214,664,P1,False,B,3,,0,338,
Purulia,1606,Prl-1606,65,Govt Office 65,303,292,1,596,48.99,7,1.2,226,135,9,490,P1,91,46.1,27.6,244,196,505,P1,False,B,3,,0,246,
Purulia,1606,Prl-1606,66,Post Office 66,271,259,0,530,48.87,6,1.1,207,187,3,451,P1,20,45.9,41.5,225,105,441,P1,False,B,3,,0,219,
Purulia,1606,Prl-1606,67,Temple Hall 67,333,327,0,660,49.55,7,1.1,246,217,7,543,P1,29,45.3,40.0,352,152,560,P1,False,B,3,,0,272,
Purulia,1606,Prl-1606,68,Community Hall 68,350,348,0,698,49.86,8,1.1,331,172,6,559,P1,159,59.2,30.8,279,189,520,P1,False,B,3,,0,288,
Purulia,1606,Prl-1606,69,Temple Hall 69,406,412,0,818,50.37,7,0.9,395,151,5,606,P1,244,65.2,24.9,355,252,674,P1,False,A,1,,0,337,
Purulia,1606,Prl-1606,70,Market Building 70,355,321,1,677,47.42,9,1.3,274,162,7,511,P1,112,53.6,31.7,291,134,540,P1,False,B,3,,0,279,
Purulia,1606,Prl-1606,71,Primary School 71,311,306,1,618,49.51,6,1.0,215,167,3,471,P1,48,45.6,35.5,212,196,512,P1,False,B,3,,0,255,
Purulia,1606,Prl-1606,72,Primary School 72,408,386,0,794,48.61,6,0.8,377,224,2,668,P1,153,56.4,33.5,324,284,676,P1,False,B,3,,0,327,
Purulia,1606,Prl-1606,73,High School 73,269,274,0,543,50.46,4,0.7,261,150,3,457,P1,111,57.1,32.8,198,152,449,P1,False,B,3,,0,224,
Purulia,1606,Prl-1606,74,Primary School 74,252,231,1,484,47.73,4,0.8,175,124,10,388,P1,51,45.1,32.0,145,136,364,P1,False,B,3,,0,200,
Purulia,1606,Prl-1606,75,Market Building 75,247,246,1,494,49.8,5,1.0,175,118,6,391,P1,57,44.8,30.2,201,131,369,P1,False,B,3,,0,204,
Purulia,1606,Prl-1606,76,Community Hall 76,251,259,0,510,50.78,5,1.0,208,122,5,384,P1,86,54.2,31.8,230,134,405,P1,False,B,3,,0,210,
Purulia,1606,Prl-1606,77,Club Building 77,264,272,1,537,50.65,5,0.9,200,143,9,443,P1,57,45.1,32.3,232,149,423,P1,False,B,3,,0,221,
Purulia,1606,Prl-1606,78,Health Sub-Centre 78,272,275,0,547,50.27,5,0.9,216,118,5,452,P1,98,47.8,26.1,241,116,411,P1,False,B,3,,0,226,
Purulia,1606,Prl-1606,79,Temple Hall 79,320,317,0,637,49.76,5,0.8,253,147,9,481,P1,106,52.6,30.6,296,176,532,P1,False,B,3,,0,263,
Purulia,1606,Prl-1606,80,Primary School 80,289,260,1,550,47.27,6,1.1,249,149,5,443,P1,100,56.2,33.6,166,157,418,P1,False,B,3,,0,227,
Purulia,1606,Prl-1606,81,Post Office 81,371,354,1,726,48.76,8,1.1,214,181,12,566,P1,33,37.8,32.0,377,92,553,P1,False,B,3,,0,299,
Purulia,1606,Prl-1606,82,Club Building 82,417,398,1,816,48.77,8,1.0,339,196,10,646,P1,143,52.5,30.3,271,190,692,P1,False,B,3,,0,336,
Purulia,1606,Prl-1606,83,Anganwadi Centre 83,382,343,0,725,47.31,5,0.7,327,211,7,598,P1,116,54.7,35.3,334,199,592,P1,False,B,3,,0,299,
Purulia,1606,Prl-1606,84,Anganwadi Centre 84,337,313,1,651,48.08,6,0.9,227,217,5,493,P1,10,46.0,44.0,267,146,508,P1,False,B,3,,0,268,
Purulia,1606,Prl-1606,85,High School 85,242,241,1,484,49.79,6,1.2,199,109,7,391,P1,90,50.9,27.9,217,127,397,P1,False,B,3,,0,200,
Purulia,1606,Prl-1606,86,Govt Office 86,249,238,1,488,48.77,4,0.8,160,181,1,381,P2,21,42.0,47.5,228,83,378,P1,True,B,3,,0,201,
Purulia,1606,Prl-1606,87,Govt Office 87,364,339,1,704,48.15,7,1.0,256,144,15,534,P1,112,47.9,27.0,236,163,543,P1,False,B,3,,0,290,
Purulia,1606,Prl-1606,88,Market Building 88,269,276,0,545,50.64,5,0.9,205,163,5,415,P1,42,49.4,39.3,215,143,417,P1,False,B,3,,0,225,
Purulia,1606,Prl-1606,89,Anganwadi Centre 89,373,364,0,737,49.39,8,1.1,228,208,5,589,P1,20,38.7,35.3,329,210,599,P1,False,B,3,,0,304,
Purulia,1606,Prl-1606,90,Anganwadi Centre 90,263,252,0,515,48.93,6,1.2,198,126,8,423,P1,72,46.8,29.8,184,190,426,P2,True,B,3,,0,212,
Purulia,1606,Prl-1606,91,Primary School 91,269,249,1,519,47.98,6,1.2,210,137,5,417,P1,73,50.4,32.9,194,140,390,P1,False,B,3,,0,214,
Purulia,1606,Prl-1606,92,Post Office 92,404,383,1,788,48.6,6,0.8,247,245,9,623,P1,2,39.6,39.3,326,210,596,P1,False,B,3,,0,325,
Purulia,1606,Prl-1606,93,Post Office 93,374,370,0,744,49.73,7,0.9,342,228,7,633,P1,114,54.0,36.0,296,228,614,P1,False,B,3,,0,307,
Purulia,1606,Prl-1606,94,Primary School 94,339,342,1,682,50.15,9,1.3,283,203,6,551,P1,80,51.4,36.8,324,155,535,P1,False,B,3,,0,281,
Purulia,1606,Prl-1606,95,Market Building 95,306,276,0,582,47.42,6,1.0,235,177,5,474,P1,58,49.6,37.3,204,178,497,P1,False,B,3,,0,240,
Purulia,1606,Prl-1606,96,Temple Hall 96,373,362,0,735,49.25,9,1.2,337,193,4,589,P1,144,57.2,32.8,315,176,546,P1,False,B,3,,0,303,
Purulia,1606,Prl-1606,97,Madrasa 97,307,308,1,616,50.0,4,0.6,235,208,6,492,P1,27,47.8,42.3,229,181,478,P1,False,B,3,,0,254,
Purulia,1606,Prl-1606,98,Club Building 98,244,236,1,481,49.06,6,1.2,210,100,10,411,P1,110,51.1,24.3,173,114,384,P1,False,B,3,,0,198,
Purulia,1606,Prl-1606,99,Community Hall 99,399,371,1,771,48.12,9,1.2,266,196,5,622,P1,70,42.8,31.5,292,228,578,P1,False,B,3,,0,318,
Purulia,1606,Prl-1606,100,Panchayat Bhavan 100,317,299,1,617,48.46,5,0.8,240,204,6,502,P1,36,47.8,40.6,304,163,519,P1,False,B,3,,0,254,
Purulia,1606,Prl-1606,101,Community Hall 101,345,345,0,690,50.0,7,1.0,238,180,10,533,P1,58,44.7,33.8,214,227,581,P2,True,B,3,,0,285,
Purulia,1606,Prl-1606,102,Temple Hall 102,249,236,1,486,48.56,4,0.8,164,172,3,373,P2,8,44.0,46.1,229,126,395,P1,True,B,3,,0,200,
Purulia,1606,Prl-1606,103,Panchayat Bhavan 103,259,249,0,508,49.02,5,1.0,190,121,8,391,P1,69,48.6,30.9,201,149,393,P1,False,B,3,,0,209,
Purulia,1606,Prl-1606,104,High School 104,416,379,0,795,47.67,9,1.1,300,221,9,622,P1,79,48.2,35.5,332,172,638,P1,False,B,3,,0,328,
Purulia,1606,Prl-1606,105,Market Building 105,282,263,1,546,48.17,4,0.7,229,174,5,452,P1,55,50.7,38.5,241,157,443,P1,False,B,3,,0,225,
Purulia,1606,Prl-1606,106,Primary School 106,331,330,1,662,49.85,8,1.2,225,163,5,502,P1,62,44.8,32.5,271,204,532,P1,False,B,3,,0,273,
Purulia,1606,Prl-1606,107,Health Sub-Centre 107,286,273,1,560,48.75,7,1.2,232,169,4,449,P1,63,51.7,37.6,263,144,452,P1,False,B,3,,0,231,
Purulia,1606,Prl-1606,108,Market Building 108,328,337,1,666,50.6,6,0.9,360,147,2,563,P1,213,63.9,26.1,304,137,535,P1,False,B,3,,0,275,
Purulia,1606,Prl-1606,109,Madrasa 109,393,393,1,787,49.94,8,1.0,312,228,9,649,P1,84,48.1,35.1,355,205,644,P1,False,B,3,,0,324,
Purulia,1606,Prl-1606,110,Temple Hall 110,262,270,0,532,50.75,6,1.1,197,155,7,438,P1,42,45.0,35.4,139,183,427,P2,True,B,3,,0,219,
Purulia,1606,Prl-1606,111,Temple Hall 111,341,330,0,671,49.18,8,1.2,281,207,6,543,P1,74,51.7,38.1,204,242,572,P2,True,B,3,,0,277,
Purulia,1606,Prl-1606,112,Market Building 112,258,250,1,509,49.12,5,1.0,257,129,3,429,P1,128,59.9,30.1,189,139,380,P1,False,B,3,,0,210,
Purulia,1606,Prl-1606,113,Club Building 113,396,369,1,766,48.17,6,0.8,390,161,5,612,P1,229,63.7,26.3,323,260,647,P1,False,B,3,,0,316,
Purulia,1606,Prl-1606,114,Post Office 114,325,318,1,644,49.38,8,1.2,273,166,12,545,P1,107,50.1,30.5,331,155,541,P1,False,B,3,,0,266,
Purulia,1606,Prl-1606,115,Anganwadi Centre 115,270,245,1,516,47.48,6,1.2,179,114,6,387,P1,65,46.3,29.5,261,119,423,P1,False,B,3,,0,213,
Purulia,1606,Prl-1606,116,Club Building 116,253,241,1,495,48.69,5,1.0,232,144,4,418,P1,88,55.5,34.4,197,142,423,P1,False,B,3,,0,204,
Purulia,1606,Prl-1606,117,Post Office 117,323,305,0,628,48.57,6,1.0,259,193,4,502,P1,66,51.6,38.4,327,69,521,P1,False,B,3,,0,259,
Purulia,1606,Prl-1606,118,Temple Hall 118,294,303,1,598,50.67,7,1.2,281,145,7,494,P1,136,56.9,29.4,208,130,495,P1,False,B,3,,0,247,
Purulia,1606,Prl-1606,119,Temple Hall 119,386,373,1,760,49.08,6,0.8,253,158,10,598,P1,82,42.3,26.4,310,175,601,P1,False,B,3,,0,313,
Purulia,1606,Prl-1606,120,Post Office 120,276,279,0,555,50.27,6,1.1,193,168,3,426,P1,25,45.3,39.4,216,111,441,P1,False,B,3,,0,229,
Purulia,1606,Prl-1606,121,Post Office 121,265,265,0,530,50.0,5,0.9,263,145,2,453,P1,118,58.1,32.0,187,180,412,P1,False,B,3,,0,219,
Purulia,1606,Prl-1606,122,Community Hall 122,253,261,0,514,50.78,5,1.0,232,108,3,424,P1,124,54.7,25.5,142,144,395,P2,True,B,3,,0,212,
Purulia,1606,Prl-1606,123,Govt Office 123,418,394,1,813,48.46,9,1.1,381,190,3,634,P1,191,60.1,30.0,292,197,673,P1,False,B,3,,0,335,
Purulia,1606,Prl-1606,124,Primary School 124,314,306,0,620,49.35,7,1.1,321,122,2,492,P1,199,65.2,24.8,269,116,519,P1,False,A,1,,0,256,
Purulia,1606,Prl-1606,125,Madrasa 125,279,266,0,545,48.81,7,1.3,251,120,3,412,P1,131,60.9,29.1,209,129,443,P1,False,B,3,,0,225,
Purulia,1606,Prl-1606,126,Market Building 126,308,284,0,592,47.97,7,1.2,315,117,4,480,P1,198,65.6,24.4,233,182,485,P1,False,A,1,,0,244,
Purulia,1606,Prl-1606,127,Govt Office 127,265,251,1,517,48.55,6,1.2,227,120,4,409,P1,107,55.5,29.3,229,152,424,P1,False,B,3,,0,213,
Purulia,1606,Prl-1606,128,Community Hall 128,284,278,1,563,49.38,5,0.9,267,143,2,456,P1,124,58.6,31.4,245,117,423,P1,False,B,3,,0,232,
Purulia,1606,Prl-1606,129,Post Office 129,322,288,0,610,47.21,5,0.8,273,143,4,463,P1,130,59.0,30.9,251,181,480,P1,False,B,3,,0,252,
Purulia,1606,Prl-1606,130,Primary School 130,395,355,1,751,47.27,8,1.1,377,189,4,629,P1,188,59.9,30.0,351,191,642,P1,False,B,3,,0,310,
Purulia,1606,Prl-1606,131,Anganwadi Centre 131,384,371,1,756,49.07,7,0.9,342,217,4,621,P1,125,55.1,34.9,294,240,603,P1,False,B,3,,0,312,
Purulia,1606,Prl-1606,132,Madrasa 132,346,328,1,675,48.59,6,0.9,247,162,14,534,P1,85,46.3,30.3,273,187,556,P1,False,B,3,,0,278,
Purulia,1606,Prl-1606,133,Club Building 133,408,387,1,796,48.62,6,0.8,336,258,5,660,P1,78,50.9,39.1,392,180,636,P1,False,B,3,,0,328,
Purulia,1606,Prl-1606,134,Panchayat Bhavan 134,292,290,0,582,49.83,4,0.7,251,152,3,467,P1,99,53.7,32.5,259,154,496,P1,False,B,3,,0,240,
Purulia,1606,Prl-1606,135,Panchayat Bhavan 135,263,251,1,515,48.74,6,1.2,197,144,4,395,P1,53,49.9,36.5,190,161,393,P1,False,B,3,,0,212,
Purulia,1606,Prl-1606,136,Madrasa 136,354,330,0,684,48.25,6,0.9,229,198,10,546,P1,31,41.9,36.3,298,192,554,P1,False,B,3,,0,282,
Purulia,1606,Prl-1606,137,Community Hall 137,374,369,0,743,49.66,6,0.8,346,181,5,586,P1,165,59.0,30.9,318,230,609,P1,False,B,3,,0,306,
Purulia,1606,Prl-1606,138,Club Building 138,315,284,1,600,47.33,8,1.3,286,133,4,465,P1,153,61.5,28.6,296,144,489,P1,False,B,3,,0,247,
Purulia,1606,Prl-1606,139,Health Sub-Centre 139,292,284,0,576,49.31,7,1.2,236,181,4,469,P1,55,50.3,38.6,239,148,430,P1,False,B,3,,0,237,
Purulia,1606,Prl-1606,140,Temple Hall 140,422,397,0,819,48.47,9,1.1,418,146,4,627,P1,272,66.7,23.3,362,231,659,P1,False,A,1,,0,338,
Purulia,1606,Prl-1606,141,Madrasa 141,419,398,0,817,48.71,9,1.1,370,188,5,621,P1,182,59.6,30.3,409,139,609,P1,False,B,3,,0,337,
Purulia,1606,Prl-1606,142,Temple Hall 142,396,385,1,782,49.23,8,1.0,326,231,4,619,P1,95,52.7,37.3,323,184,636,P1,False,B,3,,0,322,
Purulia,1606,Prl-1606,143,Community Hall 143,388,388,1,777,49.94,6,0.8,283,130,9,641,P1,71,44.1,20.3,321,197,576,P1,False,B,3,,0,320,
Purulia,1606,Prl-1606,144,Market Building 144,387,362,0,749,48.33,6,0.8,417,113,3,588,P1,304,70.9,19.2,302,212,571,P1,False,A,1,,0,309,
Purulia,1606,Prl-1606,145,Panchayat Bhavan 145,275,253,1,529,47.83,5,0.9,153,184,4,410,P2,31,37.3,44.9,236,131,408,P1,True,B,3,,0,218,
Purulia,1606,Prl-1606,146,Post Office 146,314,302,1,617,48.95,8,1.3,231,177,5,461,P1,54,50.1,38.4,313,105,464,P1,False,B,3,,0,254,
Purulia,1606,Prl-1606,147,Health Sub-Centre 147,249,246,0,495,49.7,4,0.8,186,151,4,405,P1,35,45.9,37.3,180,175,417,P1,False,B,3,,0,204,
Purulia,1606,Prl-1606,148,Market Building 148,400,392,1,793,49.43,9,1.1,325,229,6,639,P1,96,50.9,35.8,332,165,616,P1,False,B,3,,0,327,
Purulia,1606,Prl-1606,149,Club Building 149,349,355,1,705,50.35,6,0.9,376,106,8,592,P1,270,63.5,17.9,305,171,529,P1,False,B,3,,0,291,
Purulia,1606,Prl-1606,150,Community Hall 150,300,305,0,605,50.41,6,1.0,230,200,5,492,P1,30,46.7,40.7,215,185,464,P1,False,B,3,,0,249,
Purulia,1606,Prl-1606,151,Temple Hall 151,308,310,0,618,50.16,6,1.0,263,192,8,525,P1,71,50.1,36.6,213,164,474,P1,False,B,3,,0,255,
Purulia,1606,Prl-1606,152,Primary School 152,332,322,1,655,49.16,5,0.8,234,165,9,500,P1,69,46.8,33.0,264,171,523,P1,False,B,3,,0,270,
Purulia,1606,Prl-1606,153,Anganwadi Centre 153,291,293,0,584,50.17,7,1.2,228,158,4,449,P1,70,50.8,35.2,232,174,451,P1,False,B,3,,0,241,
Purulia,1606,Prl-1606,154,Madrasa 154,328,315,1,644,48.91,5,0.8,234,204,8,514,P1,30,45.5,39.7,233,182,507,P1,False,B,3,,0,266,
Purulia,1606,Prl-1606,155,Govt Office 155,290,269,1,560,48.04,6,1.1,188,189,2,426,P2,1,44.1,44.4,268,163,479,P1,True,B,3,,0,231,
Purulia,1606,Prl-1606,156,Panchayat Bhavan 156,410,382,0,792,48.23,9,1.1,336,255,2,657,P1,81,51.1,38.8,306,253,621,P1,False,B,3,,0,327,
Purulia,1606,Prl-1606,157,Community Hall 157,271,264,0,535,49.35,6,1.1,192,107,13,409,P1,85,46.9,26.2,175,133,406,P1,False,B,3,,0,221,
Purulia,1606,Prl-1606,158,Govt Office 158,395,403,1,799,50.44,9,1.1,443,170,4,681,P1,273,65.1,25.0,347,266,681,P1,False,A,1,,0,329,
Purulia,1606,Prl-1606,159,Anganwadi Centre 159,421,390,1,812,48.03,7,0.9,305,248,4,621,P1,57,49.1,39.9,320,301,694,P1,False,B,3,,0,335,
Purulia,1606,Prl-1606,160,Temple Hall 160,287,291,0,578,50.35,6,1.0,256,139,4,439,P1,117,58.3,31.7,212,150,446,P1,False,B,3,,0,238,
Purulia,1606,Prl-1606,161,Panchayat Bhavan 161,259,262,0,521,50.29,5,1.0,225,143,4,409,P1,82,55.0,35.0,262,103,406,P1,False,B,3,,0,215,
Purulia,1606,Prl-1606,162,Madrasa 162,336,335,1,672,49.85,7,1.0,259,240,3,568,P1,19,45.6,42.3,196,195,508,P1,False,B,3,,0,277,
Purulia,1606,Prl-1606,163,Community Hall 163,390,401,1,792,50.63,9,1.1,279,183,6,602,P1,96,46.3,30.4,326,199,674,P1,False,B,3,,0,327,
Purulia,1606,Prl-1606,164,Temple Hall 164,389,372,1,762,48.82,8,1.0,332,175,5,571,P1,157,58.1,30.6,351,214,627,P1,False,B,3,,0,314,
Purulia,1606,Prl-1606,165,Community Hall 165,369,360,1,730,49.32,7,1.0,376,169,6,606,P1,207,62.0,27.9,250,195,544,P1,False,B,3,,0,301,
Purulia,1606,Prl-1606,166,Madrasa 166,263,252,1,516,48.84,4,0.8,197,95,11,390,P1,102,50.5,24.4,187,121,387,P1,False,B,3,,0,213,
Purulia,1606,Prl-1606,167,Community Hall 167,332,311,1,644,48.29,7,1.1,253,146,6,479,P1,107,52.8,30.5,245,144,494,P1,False,B,3,,0,266,
Purulia,1606,Prl-1606,168,Panchayat Bhavan 168,254,262,1,517,50.68,5,1.0,239,141,5,422,P1,98,56.6,33.4,217,119,416,P1,False,B,3,,0,213,
Purulia,1606,Prl-1606,169,Market Building 169,394,381,0,775,49.16,7,0.9,290,201,11,626,P1,89,46.3,32.1,339,227,647,P1,False,B,3,,0,320,
Purulia,1606,Prl-1606,170,Temple Hall 170,375,359,1,735,48.84,9,1.2,384,145,5,588,P1,239,65.3,24.7,360,169,588,P1,False,A,1,,0,303,
Purulia,1606,Prl-1606,171,Post Office 171,317,299,0,616,48.54,5,0.8,303,142,3,494,P1,161,61.3,28.7,312,151,514,P1,False,B,3,,0,254,
Purulia,1606,Prl-1606,172,Market Building 172,324,308,1,633,48.66,6,0.9,297,169,4,518,P1,128,57.3,32.6,229,193,517,P1,False,B,3,,0,261,
Purulia,1606,Prl-1606,173,Primary School 173,301,311,0,612,50.82,6,1.0,279,166,5,495,P1,113,56.4,33.5,248,157,488,P1,False,B,3,,0,252,
Purulia,1606,Prl-1606,174,Club Building 174,295,295,0,590,50.0,6,1.0,221,150,12,471,P1,71,46.9,31.8,179,157,493,P1,False,B,3,,0,243,
Purulia,1606,Prl-1606,175,Post Office 175,299,308,0,607,50.74,4,0.7,238,164,5,505,P1,74,47.1,32.5,220,200,466,P1,False,B,3,,0,250,
Purulia,1606,Prl-1606,176,Primary School 176,342,338,1,681,49.63,8,1.2,238,201,8,527,P1,37,45.2,38.1,236,166,510,P1,False,B,3,,0,281,
Purulia,1607,Prl-1607,1,Anganwadi Centre 1,331,331,0,662,50.0,16,2.4,302,147,9,553,P1,155,54.6,26.6,277,188,517,P1,False,B,3,,0,273,
Purulia,1607,Prl-1607,2,Madrasa 2,382,361,1,744,48.52,19,2.6,301,195,13,631,P1,106,47.7,30.9,346,161,610,P1,False,B,3,,0,307,
Purulia,1607,Prl-1607,3,Temple Hall 3,360,348,1,709,49.08,15,2.1,336,192,5,587,P1,144,57.2,32.7,346,166,569,P1,False,B,3,,0,292,
Purulia,1607,Prl-1607,4,Madrasa 4,298,287,0,585,49.06,14,2.4,247,107,9,457,P1,140,54.0,23.4,194,188,467,P1,False,B,3,,0,241,
Purulia,1607,Prl-1607,5,Panchayat Bhavan 5,318,300,1,619,48.47,11,1.8,190,189,15,501,P1,1,37.9,37.7,210,157,488,P1,False,B,3,,0,255,
Purulia,1607,Prl-1607,6,Madrasa 6,402,376,0,778,48.33,13,1.7,314,258,3,642,P1,56,48.9,40.2,285,241,630,P1,False,B,3,,0,321,
Purulia,1607,Prl-1607,7,High School 7,427,388,0,815,47.61,14,1.7,352,228,6,644,P1,124,54.7,35.4,439,106,606,P1,False,B,3,,0,336,
Purulia,1607,Prl-1607,8,Temple Hall 8,261,266,1,528,50.38,10,1.9,245,136,3,423,P1,109,57.9,32.2,223,150,447,P1,False,B,3,,0,218,
Purulia,1607,Prl-1607,9,Health Sub-Centre 9,371,377,1,749,50.33,16,2.1,413,153,4,629,P1,260,65.7,24.3,399,170,633,P1,False,A,1,,0,309,
Purulia,1607,Prl-1607,10,Post Office 10,287,289,1,577,50.09,12,2.1,212,179,9,469,P1,33,45.2,38.2,181,141,456,P1,False,B,3,,0,238,
Purulia,1607,Prl-1607,11,Primary School 11,247,237,0,484,48.97,7,1.4,228,121,1,388,P1,107,58.8,31.2,251,115,406,P1,False,B,3,,0,200,
Purulia,1607,Prl-1607,12,Anganwadi Centre 12,254,229,1,484,47.31,12,2.5,266,90,2,396,P1,176,67.2,22.7,187,147,371,P1,False,A,1,,0,200,
Purulia,1607,Prl-1607,13,Primary School 13,263,241,1,505,47.72,13,2.6,219,125,2,382,P1,94,57.3,32.7,244,135,421,P1,False,B,3,,0,208,
Purulia,1607,Prl-1607,14,Community Hall 14,262,270,0,532,50.75,10,1.9,232,170,3,447,P1,62,51.9,38.0,207,122,425,P1,False,B,3,,0,219,
Purulia,1607,Prl-1607,15,Govt Office 15,337,334,0,671,49.78,15,2.2,267,210,4,530,P1,57,50.4,39.6,279,206,539,P1,False,B,3,,0,277,
Purulia,1607,Prl-1607,16,Anganwadi Centre 16,357,336,1,694,48.41,11,1.6,194,228,6,575,P2,34,33.7,39.7,288,170,531,P1,True,B,3,,0,286,
Purulia,1607,Prl-1607,17,Anganwadi Centre 17,403,374,0,777,48.13,19,2.4,382,200,7,659,P1,182,58.0,30.3,323,208,598,P1,False,B,3,,0,320,
Purulia,1607,Prl-1607,18,Community Hall 18,256,258,0,514,50.19,12,2.3,231,124,3,395,P1,107,58.5,31.4,242,117,421,P1,False,B,3,,0,212,
Purulia,1607,Prl-1607,19,Community Hall 19,358,362,0,720,50.28,14,1.9,292,214,5,563,P1,78,51.9,38.0,325,154,543,P1,False,B,3,,0,297,
Purulia,1607,Prl-1607,20,Primary School 20,304,280,1,585,47.86,13,2.2,208,179,5,491,P1,29,42.4,36.5,202,123,463,P1,False,B,3,,0,241,
Purulia,1607,Prl-1607,21,Panchayat Bhavan 21,372,343,1,716,47.91,14,2.0,278,153,7,538,P1,125,51.7,28.4,254,186,531,P1,False,B,3,,0,295,
Purulia,1607,Prl-1607,22,Primary School 22,391,401,0,792,50.63,17,2.1,432,124,5,617,P1,308,70.0,20.1,321,219,600,P1,False,A,1,,0,327,
Purulia,1607,Prl-1607,23,Anganwadi Centre 23,268,254,1,523,48.57,9,1.7,197,149,3,398,P1,48,49.5,37.4,207,115,389,P1,False,B,3,,0,216,
Purulia,1607,Prl-1607,24,Govt Office 24,407,374,1,782,47.83,13,1.7,317,251,3,631,P1,66,50.2,39.8,310,243,639,P1,False,B,3,,0,322,
Purulia,1607,Prl-1607,25,Community Hall 25,324,292,1,617,47.33,15,2.4,217,172,9,468,P1,45,46.4,36.8,302,152,504,P1,False,B,3,,0,254,
Purulia,1607,Prl-1607,26,Club Building 26,367,347,0,714,48.6,18,2.5,250,237,4,568,P1,13,44.0,41.7,368,168,596,P1,False,B,3,,0,294,
Purulia,1607,Prl-1607,27,Community Hall 27,359,349,0,708,49.29,14,2.0,236,184,12,564,P1,52,41.8,32.6,338,159,552,P1,False,B,3,,0,292,
Purulia,1607,Prl-1607,28,Market Building 28,405,382,0,787,48.54,18,2.3,326,181,13,670,P1,145,48.7,27.0,302,198,654,P1,False,B,3,,0,324,
Purulia,1607,Prl-1607,29,Govt Office 29,417,389,0,806,48.26,15,1.9,421,196,4,686,P1,225,61.4,28.6,293,213,605,P1,False,B,3,,0,332,
Purulia,1607,Prl-1607,30,Market Building 30,309,292,0,601,48.59,10,1.7,224,187,5,458,P1,37,48.9,40.8,268,162,486,P1,False,B,3,,0,248,
Purulia,1607,Prl-1607,31,Primary School 31,302,308,1,611,50.41,11,1.8,198,148,18,498,P1,50,39.8,29.7,206,185,470,P1,False,B,3,,0,252,
Purulia,1607,Prl-1607,32,Govt Office 32,334,324,1,659,49.17,14,2.1,324,167,6,546,P1,157,59.3,30.6,213,206,496,P1,False,B,3,,0,272,
Purulia,1607,Prl-1607,33,High School 33,272,278,1,551,50.45,13,2.4,222,170,9,471,P1,52,47.1,36.1,228,157,444,P1,False,B,3,,0,227,
Purulia,1607,Prl-1607,34,Market Building 34,394,359,1,754,47.61,19,2.5,317,199,8,601,P1,118,52.7,33.1,331,186,574,P1,False,B,3,,0,311,
Purulia,1607,Prl-1607,35,Post Office 35,295,284,0,579,49.05,10,1.7,240,134,8,440,P1,106,54.5,30.5,141,117,462,P4,True,B,3,,0,239,
Purulia,1607,Prl-1607,36,Panchayat Bhavan 36,402,400,0,802,49.88,14,1.7,296,265,4,623,P1,31,47.5,42.5,334,276,677,P1,False,B,3,,0,331,
Purulia,1607,Prl-1607,37,Community Hall 37,286,290,1,577,50.26,11,1.9,188,108,9,435,P1,62,43.2,24.8,315,109,471,P1,False,B,3,,0,238,
Purulia,1607,Prl-1607,38,Post Office 38,257,252,1,510,49.41,8,1.6,227,114,6,389,P1,113,58.4,29.3,238,144,424,P1,False,B,3,,0,210,
Purulia,1607,Prl-1607,39,Health Sub-Centre 39,363,341,0,704,48.44,12,1.7,326,148,3,527,P1,178,61.9,28.1,273,152,552,P1,False,B,3,,0,290,
Purulia,1607,Prl-1607,40,Temple Hall 40,281,266,1,548,48.54,13,2.4,184,172,9,459,P1,12,40.1,37.5,172,138,438,P1,False,B,3,,0,226,
Purulia,1607,Prl-1607,41,Health Sub-Centre 41,424,381,0,805,47.33,16,2.0,352,220,9,649,P1,132,54.2,33.9,290,215,604,P1,False,B,3,,0,332,
Purulia,1607,Prl-1607,42,High School 42,345,315,1,661,47.66,16,2.4,310,182,6,547,P1,128,56.7,33.3,263,166,528,P1,False,B,3,,0,273,
Purulia,1607,Prl-1607,43,Temple Hall 43,290,263,0,553,47.56,10,1.8,170,162,5,430,P1,8,39.5,37.7,256,162,464,P1,False,B,3,,0,228,
Purulia,1607,Prl-1607,44,Post Office 44,392,369,0,761,48.49,17,2.2,278,254,6,611,P1,24,45.5,41.6,340,202,602,P1,False,B,3,,0,314,
Purulia,1607,Prl-1607,45,Anganwadi Centre 45,333,342,1,676,50.59,17,2.5,290,179,4,535,P1,111,54.2,33.5,308,130,503,P1,False,B,3,,0,279,
Purulia,1607,Prl-1607,46,Club Building 46,399,384,1,784,48.98,18,2.3,260,247,5,597,P1,13,43.6,41.4,370,231,668,P1,False,B,3,,0,323,
Purulia,1607,Prl-1607,47,Post Office 47,406,406,1,813,49.94,15,1.8,305,256,7,654,P1,49,46.6,39.1,351,217,659,P1,False,B,3,,0,335,
Purulia,1607,Prl-1607,48,Madrasa 48,341,344,0,685,50.22,15,2.2,229,228,8,569,P1,1,40.2,40.1,281,219,577,P1,False,B,3,,0,282,
Purulia,1607,Prl-1607,49,Panchayat Bhavan 49,364,351,0,715,49.09,13,1.8,223,255,3,531,P2,32,42.0,48.0,373,149,580,P1,True,B,3,,0,295,
Purulia,1607,Prl-1607,50,Primary School 50,343,353,1,697,50.65,10,1.4,289,202,6,546,P1,87,52.9,37.0,258,175,554,P1,False,B,3,,0,287,
Purulia,1607,Prl-1607,51,Panchayat Bhavan 51,385,382,1,768,49.74,19,2.5,357,180,3,597,P1,177,59.8,30.2,284,216,586,P1,False,B,3,,0,317,
Purulia,1607,Prl-1607,52,High School 52,350,357,0,707,50.5,13,1.8,228,161,13,570,P1,65,40.0,28.2,249,175,552,P1,False,B,3,,0,292,
Purulia,1607,Prl-1607,53,Panchayat Bhavan 53,359,336,0,695,48.35,18,2.6,252,164,12,535,P1,88,47.1,30.7,312,156,520,P1,False,B,3,,0,287,
Purulia,1607,Prl-1607,54,Madrasa 54,338,310,0,648,47.84,9,1.4,253,176,10,524,P1,77,48.3,33.6,300,183,536,P1,False,B,3,,0,267,
Purulia,1607,Prl-1607,55,Club Building 55,271,264,0,535,49.35,8,1.5,243,143,2,429,P1,100,56.6,33.3,215,166,431,P1,False,B,3,,0,221,
Purulia,1607,Prl-1607,56,Health Sub-Centre 56,294,300,1,595,50.42,15,2.5,248,141,7,447,P1,107,55.5,31.5,271,142,459,P1,False,B,3,,0,245,
Purulia,1607,Prl-1607,57,Market Building 57,324,311,1,636,48.9,14,2.2,318,148,2,518,P1,170,61.4,28.6,277,185,513,P1,False,B,3,,0,262,
Purulia,1607,Prl-1607,58,Club Building 58,312,298,0,610,48.85,14,2.3,251,158,3,454,P1,93,55.3,34.8,251,183,484,P1,False,B,3,,0,252,
Purulia,1607,Prl-1607,59,Club Building 59,412,408,0,820,49.76,16,2.0,420,168,5,653,P1,252,64.3,25.7,310,247,683,P1,False,B,3,,0,338,
Purulia,1607,Prl-1607,60,Market Building 60,395,370,1,766,48.3,14,1.8,337,220,3,629,P1,117,53.6,35.0,242,267,579,P2,True,B,3,,0,316,
Purulia,1607,Prl-1607,61,Temple Hall 61,384,353,0,737,47.9,15,2.0,286,190,4,566,P1,96,50.5,33.6,347,204,620,P1,False,B,3,,0,304,
Purulia,1607,Prl-1607,62,Club Building 62,262,268,1,531,50.47,9,1.7,235,144,1,421,P1,91,55.8,34.2,217,149,420,P1,False,B,3,,0,219,
Purulia,1607,Prl-1607,63,Panchayat Bhavan 63,341,333,1,675,49.33,17,2.5,264,156,11,551,P1,108,47.9,28.3,260,211,523,P1,False,B,3,,0,278,
Purulia,1607,Prl-1607,64,Temple Hall 64,260,244,0,504,48.41,12,2.4,244,131,5,417,P1,113,58.5,31.4,184,137,383,P1,False,B,3,,0,208,
Purulia,1607,Prl-1607,65,Temple Hall 65,380,385,1,766,50.26,12,1.6,278,245,2,598,P1,33,46.5,41.0,288,230,589,P1,False,B,3,,0,316,
Purulia,1607,Prl-1607,66,Club Building 66,396,364,1,761,47.83,12,1.6,398,135,3,592,P1,263,67.2,22.8,323,200,623,P1,False,A,1,,0,314,
Purulia,1607,Prl-1607,67,High School 67,383,377,0,760,49.61,12,1.6,310,207,3,574,P1,103,54.0,36.1,288,193,563,P1,False,B,3,,0,313,
Purulia,1607,Prl-1607,68,Temple Hall 68,294,283,0,577,49.05,10,1.7,273,168,4,490,P1,105,55.7,34.3,175,191,446,P2,True,B,3,,0,238,
Purulia,1607,Prl-1607,69,Temple Hall 69,398,394,1,793,49.68,20,2.5,303,209,5,612,P1,94,49.5,34.2,322,214,595,P1,False,B,3,,0,327,
Purulia,1607,Prl-1607,70,Post Office 70,285,287,0,572,50.17,12,2.1,247,159,2,451,P1,88,54.8,35.3,297,118,488,P1,False,B,3,,0,236,
Purulia,1607,Prl-1607,71,Govt Office 71,366,336,0,702,47.86,11,1.6,235,218,11,555,P1,17,42.3,39.3,360,154,571,P1,False,B,3,,0,289,
Purulia,1607,Prl-1607,72,Panchayat Bhavan 72,271,253,0,524,48.28,7,1.3,246,140,3,428,P1,106,57.5,32.7,194,127,429,P1,False,B,3,,0,216,
Purulia,1607,Prl-1607,73,Community Hall 73,343,316,0,659,47.95,12,1.8,255,214,5,521,P1,41,48.9,41.1,339,103,492,P1,False,B,3,,0,272,
Purulia,1607,Prl-1607,74,Market Building 74,384,388,1,773,50.19,18,2.3,346,200,7,606,P1,146,57.1,33.0,368,195,626,P1,False,B,3,,0,319,
Purulia,1607,Prl-1607,75,Post Office 75,260,255,1,516,49.42,9,1.7,160,151,10,396,P1,9,40.4,38.1,222,99,414,P1,False,B,3,,0,213,
Purulia,1607,Prl-1607,76,Temple Hall 76,266,242,0,508,47.64,13,2.6,229,115,4,383,P1,114,59.8,30.0,180,138,386,P1,False,B,3,,0,209,
Purulia,1607,Prl-1607,77,Health Sub-Centre 77,292,289,1,582,49.66,15,2.6,239,124,2,433,P1,115,55.2,28.6,266,172,486,P1,False,B,3,,0,240,
Purulia,1607,Prl-1607,78,Anganwadi Centre 78,340,322,0,662,48.64,13,2.0,338,133,3,523,P1,205,64.6,25.4,230,208,563,P1,False,B,3,,0,273,
Purulia,1607,Prl-1607,79,Post Office 79,386,365,1,752,48.54,13,1.7,324,179,5,558,P1,145,58.1,32.1,310,219,616,P1,False,B,3,,0,310,
Purulia,1607,Prl-1607,80,Anganwadi Centre 80,324,326,1,651,50.08,15,2.3,298,187,5,539,P1,111,55.3,34.7,181,237,542,P2,True,B,3,,0,268,
Purulia,1607,Prl-1607,81,Anganwadi Centre 81,364,361,0,725,49.79,12,1.7,216,259,8,586,P2,43,36.9,44.2,371,138,578,P1,True,B,3,,0,299,
Purulia,1607,Prl-1607,82,Post Office 82,404,369,1,774,47.67,11,1.4,290,276,5,652,P1,14,44.5,42.3,272,256,586,P1,False,B,3,,0,319,
Purulia,1607,Prl-1607,83,Primary School 83,323,309,0,632,48.89,10,1.6,299,179,3,533,P1,120,56.1,33.6,294,184,532,P1,False,B,3,,0,261,
Purulia,1607,Prl-1607,84,Primary School 84,382,353,1,736,47.96,16,2.2,361,157,2,575,P1,204,62.8,27.3,253,272,584,P2,True,B,3,,0,303,
Purulia,1607,Prl-1607,85,Health Sub-Centre 85,301,286,0,587,48.72,14,2.4,227,185,5,458,P1,42,49.6,40.4,252,163,461,P1,False,B,3,,0,242,
Purulia,1607,Prl-1607,86,Govt Office 86,315,313,1,629,49.76,12,1.9,281,165,2,495,P1,116,56.8,33.3,259,126,499,P1,False,B,3,,0,259,
Purulia,1607,Prl-1607,87,Panchayat Bhavan 87,282,254,1,537,47.3,13,2.4,252,158,4,456,P1,94,55.3,34.6,227,132,399,P1,False,B,3,,0,221,
Purulia,1607,Prl-1607,88,Govt Office 88,249,253,1,503,50.3,9,1.8,190,153,2,389,P1,37,48.8,39.3,262,123,428,P1,False,B,3,,0,207,
Purulia,1607,Prl-1607,89,Primary School 89,298,268,1,567,47.27,14,2.5,206,225,5,480,P2,19,42.9,46.9,240,166,459,P1,True,B,3,,0,234,
Purulia,1607,Prl-1607,90,Madrasa 90,270,264,0,534,49.44,14,2.6,194,186,5,424,P1,8,45.8,43.9,223,147,446,P1,False,B,3,,0,220,
Purulia,1607,Prl-1607,91,Govt Office 91,272,273,0,545,50.09,8,1.5,208,182,4,459,P1,26,45.3,39.7,163,160,410,P1,False,B,3,,0,225,
Purulia,1607,Prl-1607,92,Temple Hall 92,311,290,1,602,48.17,10,1.7,283,161,6,501,P1,122,56.5,32.1,207,179,488,P1,False,B,3,,0,248,
Purulia,1607,Prl-1607,93,Temple Hall 93,316,321,1,638,50.31,14,2.2,269,165,4,497,P1,104,54.1,33.2,256,149,485,P1,False,B,3,,0,263,
Purulia,1607,Prl-1607,94,Panchayat Bhavan 94,425,390,0,815,47.85,20,2.5,362,187,14,670,P1,175,54.0,27.9,333,222,659,P1,False,B,3,,0,336,
Purulia,1607,Prl-1607,95,Post Office 95,338,332,0,670,49.55,13,1.9,334,158,6,546,P1,176,61.2,28.9,251,218,521,P1,False,B,3,,0,276,
Purulia,1607,Prl-1607,96,Panchayat Bhavan 96,319,322,0,641,50.23,11,1.7,233,162,11,548,P1,71,42.5,29.6,298,172,522,P1,False,B,3,,0,264,
Purulia,1607,Prl-1607,97,Health Sub-Centre 97,395,392,0,787,49.81,18,2.3,273,167,9,646,P1,83,42.3,25.9,268,265,642,P1,False,B,3,,0,324,
Purulia,1607,Prl-1607,98,Health Sub-Centre 98,291,269,0,560,48.04,11,2.0,248,139,4,430,P1,109,57.7,32.3,222,189,457,P1,False,B,3,,0,231,
Purulia,1607,Prl-1607,99,Govt Office 99,269,255,0,524,48.66,13,2.5,163,233,4,446,P2,70,36.5,52.2,197,148,440,P1,True,B,3,,0,216,
Purulia,1607,Prl-1607,100,Madrasa 100,252,232,1,485,47.84,7,1.4,185,111,8,386,P1,74,47.9,28.8,151,147,387,P1,False,B,3,,0,200,
Purulia,1607,Prl-1607,101,Temple Hall 101,363,359,1,723,49.65,17,2.4,337,203,5,600,P1,134,56.2,33.8,270,214,569,P1,False,B,3,,0,298,
Purulia,1607,Prl-1607,102,Anganwadi Centre 102,379,375,0,754,49.73,17,2.3,290,262,4,640,P1,28,45.3,40.9,302,260,624,P1,False,B,3,,0,311,
Purulia,1607,Prl-1607,103,Health Sub-Centre 103,312,317,0,629,50.4,10,1.6,243,199,2,491,P1,44,49.5,40.5,283,199,536,P1,False,B,3,,0,259,
Purulia,1607,Prl-1607,104,Market Building 104,427,393,0,820,47.93,16,2.0,334,213,3,608,P1,121,54.9,35.0,332,223,643,P1,False,B,3,,0,338,
Purulia,1607,Prl-1607,105,Anganwadi Centre 105,282,256,1,539,47.5,9,1.7,194,162,3,403,P1,32,48.1,40.2,220,131,446,P1,False,B,3,,0,222,
Purulia,1607,Prl-1607,106,High School 106,332,313,0,645,48.53,11,1.7,221,199,6,497,P1,22,44.5,40.0,322,161,536,P1,False,B,3,,0,266,
Purulia,1607,Prl-1607,107,Club Building 107,347,352,0,699,50.36,13,1.9,325,160,5,539,P1,165,60.3,29.7,238,212,537,P1,False,B,3,,0,288,
Purulia,1607,Prl-1607,108,Temple Hall 108,374,364,1,739,49.26,17,2.3,264,266,8,603,P2,2,43.8,44.1,281,202,586,P1,True,B,3,,0,305,
Purulia,1607,Prl-1607,109,Club Building 109,384,361,1,746,48.39,17,2.3,239,196,11,570,P1,43,41.9,34.4,269,162,563,P1,False,B,3,,0,308,
Purulia,1607,Prl-1607,110,Temple Hall 110,361,366,1,728,50.27,18,2.5,282,208,10,609,P1,74,46.3,34.2,262,194,566,P1,False,B,3,,0,300,
Purulia,1607,Prl-1607,111,Temple Hall 111,387,350,0,737,47.49,18,2.4,282,223,4,561,P1,59,50.3,39.8,308,208,574,P1,False,B,3,,0,304,
Purulia,1607,Prl-1607,112,Madrasa 112,406,384,0,790,48.61,19,2.4,315,169,13,601,P1,146,52.4,28.1,293,216,620,P1,False,B,3,,0,326,
Purulia,1607,Prl-1607,113,Club Building 113,354,332,0,686,48.4,14,2.0,313,190,9,582,P1,123,53.8,32.6,331,150,579,P1,False,B,3,,0,283,
Purulia,1607,Prl-1607,114,Health Sub-Centre 114,328,308,1,637,48.35,15,2.4,352,132,2,538,P1,220,65.4,24.5,283,122,472,P1,False,A,1,,0,263,
Purulia,1607,Prl-1607,115,Health Sub-Centre 115,379,360,0,739,48.71,12,1.6,310,233,7,606,P1,77,51.2,38.4,298,197,550,P1,False,B,3,,0,305,
Purulia,1607,Prl-1607,116,Madrasa 116,257,243,1,501,48.5,10,2.0,211,143,2,393,P1,68,53.7,36.4,231,136,416,P1,False,B,3,,0,207,
Purulia,1607,Prl-1607,117,Health Sub-Centre 117,395,398,1,794,50.13,14,1.8,350,191,6,664,P1,159,52.7,28.8,363,208,670,P1,False,B,3,,0,327,
Purulia,1607,Prl-1607,118,Club Building 118,364,331,0,695,47.63,17,2.4,290,168,9,581,P1,122,49.9,28.9,285,173,539,P1,False,B,3,,0,287,
Purulia,1607,Prl-1607,119,Post Office 119,414,380,0,794,47.86,18,2.3,381,176,5,621,P1,205,61.4,28.3,349,255,671,P1,False,B,3,,0,327,
Purulia,1607,Prl-1607,120,Market Building 120,246,241,1,488,49.39,7,1.4,205,164,4,417,P1,41,49.2,39.3,221,144,417,P1,False,B,3,,0,201,
Purulia,1607,Prl-1607,121,High School 121,261,248,0,509,48.72,11,2.2,205,140,6,422,P1,65,48.6,33.2,182,158,426,P1,False,B,3,,0,210,
Purulia,1607,Prl-1607,122,Post Office 122,260,249,1,510,48.82,7,1.4,238,103,3,379,P1,135,62.8,27.2,232,151,425,P1,False,B,3,,0,210,
Purulia,1607,Prl-1607,123,Temple Hall 123,267,275,0,542,50.74,14,2.6,210,107,12,428,P1,103,49.1,25.0,215,162,444,P1,False,B,3,,0,223,
Purulia,1607,Prl-1607,124,High School 124,329,332,0,661,50.23,16,2.4,217,173,14,549,P1,44,39.5,31.5,252,162,536,P1,False,B,3,,0,273,
Purulia,1607,Prl-1607,125,Community Hall 125,337,309,0,646,47.83,16,2.5,218,175,3,502,P1,43,43.4,34.9,218,192,531,P1,False,B,3,,0,266,
Purulia,1607,Prl-1607,126,Madrasa 126,360,355,0,715,49.65,16,2.2,327,209,7,595,P1,118,55.0,35.1,309,201,581,P1,False,B,3,,0,295,
Purulia,1607,Prl-1607,127,Primary School 127,266,254,0,520,48.85,12,2.3,173,141,12,414,P1,32,41.8,34.1,239,146,427,P1,False,B,3,,0,214,
Purulia,1607,Prl-1607,128,High School 128,330,309,1,640,48.28,16,2.5,243,175,3,479,P1,68,50.7,36.5,303,186,543,P1,False,B,3,,0,264,
Purulia,1607,Prl-1607,129,Madrasa 129,258,239,0,497,48.09,12,2.4,197,170,5,421,P1,27,46.8,40.4,181,109,374,P1,False,B,3,,0,205,
Purulia,1607,Prl-1607,130,Post Office 130,302,308,1,611,50.41,16,2.6,210,154,7,456,P1,56,46.1,33.8,233,193,483,P1,False,B,3,,0,252,
Purulia,1607,Prl-1607,131,Panchayat Bhavan 131,364,374,1,739,50.61,16,2.2,279,280,5,622,P2,1,44.9,45.0,289,230,576,P1,True,B,3,,0,305,
Purulia,1607,Prl-1607,132,Primary School 132,359,351,0,710,49.44,16,2.3,382,146,2,587,P1,236,65.1,24.9,268,164,569,P1,False,A,1,,0,293,
Purulia,1607,Prl-1607,133,Madrasa 133,257,234,1,492,47.56,7,1.4,215,131,8,421,P1,84,51.1,31.1,174,151,409,P1,False,B,3,,0,203,
Purulia,1607,Prl-1607,134,Primary School 134,248,247,0,495,49.9,11,2.2,216,114,5,387,P1,102,55.8,29.5,207,129,380,P1,False,B,3,,0,204,
Purulia,1607,Prl-1607,135,Govt Office 135,402,414,1,817,50.67,13,1.6,330,152,21,680,P1,160,48.5,22.4,293,226,621,P1,False,B,3,,0,337,
Purulia,1607,Prl-1607,136,Temple Hall 136,409,372,0,781,47.63,12,1.5,278,235,3,583,P1,43,47.7,40.3,384,169,625,P1,False,B,3,,0,322,
Purulia,1607,Prl-1607,137,Govt Office 137,400,364,1,765,47.58,13,1.7,317,150,5,588,P1,167,53.9,25.5,336,196,591,P1,False,B,3,,0,315,
Purulia,1607,Prl-1607,138,Panchayat Bhavan 138,257,257,0,514,50.0,10,1.9,150,77,7,420,P4,32,35.7,18.3,222,107,419,P1,True,B,3,,0,212,
Purulia,1607,Prl-1607,139,Govt Office 139,379,381,1,761,50.07,18,2.4,258,135,15,570,P1,102,45.3,23.7,290,235,599,P1,False,B,3,,0,314,
Purulia,1607,Prl-1607,140,Health Sub-Centre 140,389,353,0,742,47.57,12,1.6,328,216,6,605,P1,112,54.2,35.7,334,224,619,P1,False,B,3,,0,306,
Purulia,1607,Prl-1607,141,Temple Hall 141,328,295,1,624,47.28,11,1.8,283,178,3,513,P1,105,55.2,34.7,200,223,512,P2,True,B,3,,0,257,
Purulia,1607,Prl-1607,142,Govt Office 142,421,390,1,812,48.03,19,2.3,310,275,7,650,P1,35,47.7,42.3,396,203,666,P1,False,B,3,,0,335,
Purulia,1607,Prl-1607,143,Health Sub-Centre 143,380,374,1,755,49.54,14,1.9,190,210,6,566,P2,20,33.6,37.1,259,215,562,P1,True,B,3,,0,311,
Purulia,1607,Prl-1607,144,Primary School 144,388,359,0,747,48.06,13,1.7,286,235,6,579,P1,51,49.4,40.6,401,162,625,P1,False,B,3,,0,308,
Purulia,1607,Prl-1607,145,Health Sub-Centre 145,367,344,1,712,48.31,11,1.5,321,173,3,549,P1,148,58.5,31.5,309,191,556,P1,False,B,3,,0,294,
Purulia,1607,Prl-1607,146,Panchayat Bhavan 146,353,365,1,719,50.76,11,1.5,307,207,4,571,P1,100,53.8,36.3,351,168,576,P1,False,B,3,,0,296,
Purulia,1607,Prl-1607,147,Community Hall 147,357,340,0,697,48.78,14,2.0,303,204,5,575,P1,99,52.7,35.5,294,225,576,P1,False,B,3,,0,287,
Purulia,1607,Prl-1607,148,Community Hall 148,313,316,1,630,50.16,13,2.1,279,181,4,511,P1,98,54.6,35.4,282,165,524,P1,False,B,3,,0,260,
Purulia,1607,Prl-1607,149,Govt Office 149,398,385,1,784,49.11,14,1.8,330,266,7,662,P1,64,49.8,40.2,400,201,667,P1,False,B,3,,0,323,
Purulia,1607,Prl-1607,150,Primary School 150,403,411,0,814,50.49,15,1.8,370,231,7,667,P1,139,55.5,34.6,335,166,606,P1,False,B,3,,0,336,
Purulia,1607,Prl-1607,151,Panchayat Bhavan 151,402,394,0,796,49.5,20,2.5,414,172,7,652,P1,242,63.5,26.4,422,177,665,P1,False,B,3,,0,328,
Purulia,1607,Prl-1607,152,Govt Office 152,285,286,1,572,50.0,14,2.4,226,131,7,429,P1,95,52.7,30.5,264,173,485,P1,False,B,3,,0,236,
Purulia,1607,Prl-1607,153,Govt Office 153,274,266,0,540,49.26,8,1.5,224,143,4,408,P1,81,54.9,35.0,235,142,432,P1,False,B,3,,0,223,
Purulia,1607,Prl-1607,154,Govt Office 154,245,244,0,489,49.9,11,2.2,179,142,5,408,P1,37,43.9,34.8,239,125,404,P1,False,B,3,,0,202,
Purulia,1607,Prl-1607,155,Primary School 155,412,388,0,800,48.5,19,2.4,314,274,3,683,P1,40,46.0,40.1,377,209,651,P1,False,B,3,,0,330,
Purulia,1607,Prl-1607,156,Community Hall 156,378,342,0,720,47.5,18,2.5,336,214,2,611,P1,122,55.0,35.0,214,170,545,P1,False,B,3,,0,297,
Purulia,1607,Prl-1607,157,Madrasa 157,354,324,1,679,47.72,10,1.5,295,162,7,556,P1,133,53.1,29.1,240,230,562,P1,False,B,3,,0,280,
Purulia,1607,Prl-1607,158,Anganwadi Centre 158,272,260,0,532,48.87,11,2.1,182,141,7,424,P1,41,42.9,33.3,207,174,432,P1,False,B,3,,0,219,
Purulia,1607,Prl-1607,159,Madrasa 159,408,373,0,781,47.76,16,2.0,415,150,5,628,P1,265,66.1,23.9,276,174,623,P1,False,A,1,,0,322,
Purulia,1607,Prl-1607,160,Club Building 160,365,332,0,697,47.63,18,2.6,271,199,10,576,P1,72,47.0,34.5,302,211,584,P1,False,B,3,,0,287,
Purulia,1607,Prl-1607,161,Anganwadi Centre 161,290,268,0,558,48.03,11,2.0,218,183,3,467,P1,35,46.7,39.2,250,170,467,P1,False,B,3,,0,230,
Purulia,1607,Prl-1607,162,Health Sub-Centre 162,344,351,1,696,50.43,10,1.4,323,193,7,573,P1,130,56.4,33.7,289,176,528,P1,False,B,3,,0,287,
Purulia,1607,Prl-1607,163,Primary School 163,315,295,0,610,48.36,10,1.6,283,145,4,476,P1,138,59.5,30.5,263,148,457,P1,False,B,3,,0,252,
Purulia,1607,Prl-1607,164,Govt Office 164,326,301,1,628,47.93,12,1.9,188,162,5,501,P1,26,37.5,32.3,245,213,512,P1,False,B,3,,0,259,
Purulia,1607,Prl-1607,165,Madrasa 165,368,372,0,740,50.27,13,1.8,370,180,6,611,P1,190,60.6,29.5,374,157,624,P1,False,B,3,,0,305,
Purulia,1607,Prl-1607,166,Club Building 166,410,380,0,790,48.1,13,1.6,321,218,2,599,P1,103,53.6,36.4,346,220,629,P1,False,B,3,,0,326,
Purulia,1607,Prl-1607,167,Health Sub-Centre 167,343,327,0,670,48.81,15,2.2,326,113,4,526,P1,213,62.0,21.5,285,202,556,P1,False,B,3,,0,276,
Purulia,1607,Prl-1607,168,Market Building 168,407,409,0,816,50.12,15,1.8,342,208,8,637,P1,134,53.7,32.7,325,208,616,P1,False,B,3,,0,336,
Purulia,1607,Prl-1607,169,Temple Hall 169,327,306,0,633,48.34,10,1.6,246,154,4,474,P1,92,51.9,32.5,243,204,500,P1,False,B,3,,0,261,
Purulia,1607,Prl-1607,170,Market Building 170,352,326,0,678,48.08,10,1.5,286,197,2,536,P1,89,53.4,36.8,212,211,545,P1,False,B,3,,0,280,
Purulia,1607,Prl-1607,171,Primary School 171,392,388,0,780,49.74,13,1.7,334,233,4,631,P1,101,52.9,36.9,310,165,601,P1,False,B,3,,0,322,
Purulia,1607,Prl-1607,172,Club Building 172,350,349,0,699,49.93,14,2.0,248,235,4,571,P1,13,43.4,41.2,302,184,540,P1,False,B,3,,0,288,
Purulia,1607,Prl-1607,173,Club Building 173,373,382,0,755,50.6,19,2.5,384,181,8,635,P1,203,60.5,28.5,285,254,608,P1,False,B,3,,0,311,
Purulia,1607,Prl-1607,174,Madrasa 174,388,376,0,764,49.21,15,2.0,289,232,6,579,P1,57,49.9,40.1,292,212,638,P1,False,B,3,,0,315,
Purulia,1608,Prl-1608,1,Health Sub-Centre 1,337,336,1,674,49.85,15,2.2,240,247,5,542,P2,7,44.3,45.6,290,160,500,P1,True,B,3,,0,278,
Purulia,1608,Prl-1608,2,Madrasa 2,350,343,0,693,49.49,17,2.5,237,179,7,535,P1,58,44.3,33.5,287,178,517,P1,False,B,3,,0,286,
Purulia,1608,Prl-1608,3,Post Office 3,333,333,1,667,49.93,13,1.9,221,203,9,528,P1,18,41.9,38.4,350,154,564,P1,False,B,3,,0,275,
Purulia,1608,Prl-1608,4,Primary School 4,389,363,1,753,48.21,17,2.3,282,214,14,619,P1,68,45.6,34.6,287,212,622,P1,False,B,3,,0,310,
Purulia,1608,Prl-1608,5,Temple Hall 5,336,336,1,673,49.93,10,1.5,243,171,7,509,P1,72,47.7,33.6,305,150,506,P1,False,B,3,,0,277,
Purulia,1608,Prl-1608,6,Anganwadi Centre 6,332,297,0,629,47.22,12,1.9,197,227,4,471,P2,30,41.8,48.2,282,175,508,P1,True,B,3,,0,259,
Purulia,1608,Prl-1608,7,High School 7,409,390,1,800,48.75,16,2.0,259,192,13,605,P1,67,42.8,31.7,387,201,653,P1,False,B,3,,0,330,
Purulia,1608,Prl-1608,8,Anganwadi Centre 8,305,309,0,614,50.33,12,2.0,214,145,12,467,P1,69,45.8,31.0,205,166,482,P1,False,B,3,,0,253,
Purulia,1608,Prl-1608,9,Primary School 9,301,288,1,590,48.81,10,1.7,175,182,8,487,P2,7,35.9,37.4,251,185,484,P1,True,B,3,,0,243,
Purulia,1608,Prl-1608,10,Madrasa 10,327,312,1,640,48.75,14,2.2,319,157,6,529,P1,162,60.3,29.7,240,177,526,P1,False,B,3,,0,264,
Purulia,1608,Prl-1608,11,Anganwadi Centre 11,403,361,0,764,47.25,17,2.2,369,200,3,632,P1,169,58.4,31.6,307,224,591,P1,False,B,3,,0,315,
Purulia,1608,Prl-1608,12,Anganwadi Centre 12,382,345,0,727,47.46,13,1.8,273,196,5,554,P1,77,49.3,35.4,279,203,610,P1,False,B,3,,0,300,
Purulia,1608,Prl-1608,13,Health Sub-Centre 13,402,392,1,795,49.31,18,2.3,333,211,7,605,P1,122,55.0,34.9,326,186,597,P1,False,B,3,,0,328,
Purulia,1608,Prl-1608,14,Anganwadi Centre 14,306,283,0,589,48.05,9,1.5,169,164,11,458,P1,5,36.9,35.8,184,134,446,P1,False,B,3,,0,243,
Purulia,1608,Prl-1608,15,Temple Hall 15,378,374,0,752,49.73,18,2.4,305,213,4,576,P1,92,53.0,37.0,261,184,635,P1,False,B,3,,0,310,
Purulia,1608,Prl-1608,16,Temple Hall 16,336,329,1,666,49.4,14,2.1,350,133,5,537,P1,217,65.2,24.8,225,211,496,P1,False,A,1,,0,275,
Purulia,1608,Prl-1608,17,Health Sub-Centre 17,332,339,0,671,50.52,12,1.8,320,165,5,548,P1,155,58.4,30.1,285,222,574,P1,False,B,3,,0,277,
Purulia,1608,Prl-1608,18,High School 18,389,377,0,766,49.22,18,2.3,328,215,2,617,P1,113,53.2,34.8,323,221,605,P1,False,B,3,,0,316,
Purulia,1608,Prl-1608,19,Health Sub-Centre 19,423,388,1,812,47.78,19,2.3,413,135,6,609,P1,278,67.8,22.2,355,239,660,P1,False,A,1,,0,335,
Purulia,1608,Prl-1608,20,Club Building 20,399,395,1,795,49.69,19,2.4,390,176,4,629,P1,214,62.0,28.0,338,132,594,P1,False,B,3,,0,328,
Purulia,1608,Prl-1608,21,Panchayat Bhavan 21,328,339,0,667,50.82,15,2.2,233,189,12,556,P1,44,41.9,34.0,335,136,523,P1,False,B,3,,0,275,
Purulia,1608,Prl-1608,22,Post Office 22,264,264,0,528,50.0,9,1.7,196,176,4,414,P1,20,47.3,42.5,226,139,406,P1,False,B,3,,0,218,
Purulia,1608,Prl-1608,23,Govt Office 23,342,324,1,667,48.58,10,1.5,350,153,3,559,P1,197,62.6,27.4,274,215,544,P1,False,B,3,,0,275,
Purulia,1608,Prl-1608,24,Govt Office 24,319,327,1,647,50.54,15,2.3,244,218,5,513,P1,26,47.6,42.5,271,195,529,P1,False,B,3,,0,267,
Purulia,1608,Prl-1608,25,Post Office 25,304,301,1,606,49.67,13,2.1,289,147,4,485,P1,142,59.6,30.3,345,121,518,P1,False,B,3,,0,250,
Purulia,1608,Prl-1608,26,Govt Office 26,272,250,1,523,47.8,13,2.5,210,148,9,446,P1,62,47.1,33.2,246,132,420,P1,False,B,3,,0,216,
Purulia,1608,Prl-1608,27,Panchayat Bhavan 27,356,343,1,700,49.0,18,2.6,283,206,3,544,P1,77,52.0,37.9,310,148,558,P1,False,B,3,,0,289,
Purulia,1608,Prl-1608,28,High School 28,347,323,1,671,48.14,9,1.3,306,193,4,555,P1,113,55.1,34.8,379,97,529,P1,False,B,3,,0,277,
Purulia,1608,Prl-1608,29,Market Building 29,353,362,1,716,50.56,11,1.5,278,156,16,585,P1,122,47.5,26.7,282,176,532,P1,False,B,3,,0,295,
Purulia,1608,Prl-1608,30,Govt Office 30,334,336,1,671,50.07,12,1.8,344,143,6,565,P1,201,60.9,25.3,233,172,507,P1,False,B,3,,0,277,
Purulia,1608,Prl-1608,31,Govt Office 31,365,358,1,724,49.45,10,1.4,275,127,14,540,P1,148,50.9,23.5,364,125,543,P1,False,B,3,,0,299,
Purulia,1608,Prl-1608,32,Govt Office 32,295,297,0,592,50.17,13,2.2,229,189,5,479,P1,40,47.8,39.5,257,160,475,P1,False,B,3,,0,244,
Purulia,1608,Prl-1608,33,Community Hall 33,286,272,1,559,48.66,11,2.0,261,121,4,425,P1,140,61.4,28.5,240,169,454,P1,False,B,3,,0,230,
Purulia,1608,Prl-1608,34,Post Office 34,393,396,1,790,50.13,12,1.5,323,244,4,630,P1,79,51.3,38.7,219,231,626,P2,True,B,3,,0,326,
Purulia,1608,Prl-1608,35,Govt Office 35,382,366,0,748,48.93,18,2.4,362,162,3,582,P1,200,62.2,27.8,342,183,608,P1,False,B,3,,0,308,
Purulia,1608,Prl-1608,36,Market Building 36,348,357,1,706,50.57,11,1.6,349,164,2,571,P1,185,61.1,28.7,307,192,555,P1,False,B,3,,0,291,
Purulia,1608,Prl-1608,37,Community Hall 37,330,341,1,672,50.74,13,1.9,293,204,3,556,P1,89,52.7,36.7,347,143,545,P1,False,B,3,,0,277,
Purulia,1608,Prl-1608,38,Madrasa 38,293,279,0,572,48.78,11,1.9,268,167,3,483,P1,101,55.5,34.6,241,130,445,P1,False,B,3,,0,236,
Purulia,1608,Prl-1608,39,Market Building 39,274,248,1,523,47.42,8,1.5,168,185,5,405,P2,17,41.5,45.7,236,144,422,P1,True,B,3,,0,216,
Purulia,1608,Prl-1608,40,High School 40,294,264,1,559,47.23,14,2.5,291,132,4,470,P1,159,61.9,28.1,258,118,477,P1,False,B,3,,0,230,
Purulia,1608,Prl-1608,41,High School 41,332,303,0,635,47.72,11,1.7,269,154,5,483,P1,115,55.7,31.9,173,162,517,P1,False,B,3,,0,262,
Purulia,1608,Prl-1608,42,Club Building 42,279,278,1,558,49.82,8,1.4,306,112,5,465,P1,194,65.8,24.1,254,152,470,P1,False,A,1,,0,230,
Purulia,1608,Prl-1608,43,Anganwadi Centre 43,394,362,1,757,47.82,19,2.5,267,246,5,576,P1,21,46.4,42.7,370,177,607,P1,False,B,3,,0,312,
Purulia,1608,Prl-1608,44,Panchayat Bhavan 44,363,330,0,693,47.62,16,2.3,265,224,3,544,P1,41,48.7,41.2,257,163,528,P1,False,B,3,,0,286,
Purulia,1608,Prl-1608,45,Anganwadi Centre 45,274,268,0,542,49.45,13,2.4,231,139,3,447,P1,92,51.7,31.1,182,154,435,P1,False,B,3,,0,223,
Purulia,1608,Prl-1608,46,High School 46,321,293,1,615,47.64,15,2.4,216,168,4,467,P1,48,46.3,36.0,258,187,494,P1,False,B,3,,0,254,
Purulia,1608,Prl-1608,47,Post Office 47,398,391,1,790,49.49,17,2.2,384,201,5,651,P1,183,59.0,30.9,325,208,592,P1,False,B,3,,0,326,
Purulia,1608,Prl-1608,48,Community Hall 48,409,387,1,797,48.56,14,1.8,362,205,9,674,P1,157,53.7,30.4,410,175,650,P1,False,B,3,,0,329,
Purulia,1608,Prl-1608,49,Anganwadi Centre 49,259,239,0,498,47.99,7,1.4,194,109,9,383,P1,85,50.7,28.5,168,126,369,P1,False,B,3,,0,205,
Purulia,1608,Prl-1608,50,Post Office 50,287,275,1,563,48.85,9,1.6,191,144,10,473,P1,47,40.4,30.4,207,173,422,P1,False,B,3,,0,232,
Purulia,1608,Prl-1608,51,Health Sub-Centre 51,414,404,0,818,49.39,13,1.6,375,232,7,674,P1,143,55.6,34.4,312,221,686,P1,False,B,3,,0,337,
Purulia,1608,Prl-1608,52,Panchayat Bhavan 52,339,349,1,689,50.65,13,1.9,254,161,10,573,P1,93,44.3,28.1,285,176,512,P1,False,B,3,,0,284,
Purulia,1608,Prl-1608,53,Club Building 53,278,260,1,539,48.24,11,2.0,292,115,2,452,P1,177,64.6,25.4,224,144,461,P1,False,B,3,,0,222,
Purulia,1608,Prl-1608,54,Market Building 54,321,306,0,627,48.8,14,2.2,341,127,6,521,P1,214,65.5,24.4,244,216,511,P1,False,A,1,,0,259,
Purulia,1608,Prl-1608,55,Madrasa 55,369,339,0,708,47.88,11,1.6,295,186,2,539,P1,109,54.7,34.5,302,148,540,P1,False,B,3,,0,292,
Purulia,1608,Prl-1608,56,Community Hall 56,325,309,0,634,48.74,11,1.7,225,188,4,488,P1,37,46.1,38.5,251,198,499,P1,False,B,3,,0,261,
Purulia,1608,Prl-1608,57,Community Hall 57,253,254,0,507,50.1,7,1.4,216,136,4,391,P1,80,55.2,34.8,200,146,412,P1,False,B,3,,0,209,
Purulia,1608,Prl-1608,58,Club Building 58,407,377,0,784,48.09,17,2.2,366,194,4,622,P1,172,58.8,31.2,324,207,598,P1,False,B,3,,0,323,
Purulia,1608,Prl-1608,59,Madrasa 59,333,338,0,671,50.37,10,1.5,237,181,8,498,P1,56,47.6,36.3,226,198,504,P1,False,B,3,,0,277,
Purulia,1608,Prl-1608,60,Anganwadi Centre 60,270,275,0,545,50.46,13,2.4,276,140,4,462,P1,136,59.7,30.3,218,201,465,P1,False,B,3,,0,225,
Purulia,1608,Prl-1608,61,Panchayat Bhavan 61,423,384,1,808,47.52,15,1.9,338,222,10,665,P1,116,50.8,33.4,284,288,656,P2,True,B,3,,0,333,
Purulia,1608,Prl-1608,62,Post Office 62,258,242,1,501,48.3,13,2.6,197,148,4,407,P1,49,48.4,36.4,199,182,423,P1,False,B,3,,0,207,
Purulia,1608,Prl-1608,63,Panchayat Bhavan 63,332,313,1,646,48.45,10,1.5,274,162,7,533,P1,112,51.4,30.4,284,161,506,P1,False,B,3,,0,266,
Purulia,1608,Prl-1608,64,Market Building 64,331,301,0,632,47.63,15,2.4,311,174,6,538,P1,137,57.8,32.3,266,189,506,P1,False,B,3,,0,261,
Purulia,1608,Prl-1608,65,Temple Hall 65,342,324,1,667,48.58,16,2.4,283,190,3,526,P1,93,53.8,36.1,281,166,529,P1,False,B,3,,0,275,
Purulia,1608,Prl-1608,66,Club Building 66,273,247,0,520,47.5,10,1.9,157,167,10,414,P2,10,37.9,40.3,197,150,426,P1,True,B,3,,0,214,
Purulia,1608,Prl-1608,67,Primary School 67,253,234,1,488,47.95,11,2.3,148,136,5,380,P1,12,38.9,35.8,163,164,384,P2,True,B,3,,0,201,
Purulia,1608,Prl-1608,68,Club Building 68,399,379,0,778,48.71,18,2.3,393,180,5,657,P1,213,59.8,27.4,320,208,662,P1,False,B,3,,0,321,
Purulia,1608,Prl-1608,69,Govt Office 69,371,376,0,747,50.33,15,2.0,314,222,11,639,P1,92,49.1,34.7,292,123,592,P1,False,B,3,,0,308,
Purulia,1608,Prl-1608,70,Market Building 70,257,244,1,502,48.61,9,1.8,188,84,10,393,P1,82,47.8,21.4,212,110,395,P1,False,B,3,,0,207,
Purulia,1608,Prl-1608,71,Club Building 71,291,292,1,584,50.0,13,2.2,225,138,6,465,P1,87,48.4,29.7,214,168,442,P1,False,B,3,,0,241,
Purulia,1608,Prl-1608,72,Post Office 72,400,361,1,762,47.38,16,2.1,325,260,5,649,P1,65,50.1,40.1,261,202,567,P1,False,B,3,,0,314,
Purulia,1608,Prl-1608,73,Post Office 73,374,355,1,730,48.63,17,2.3,258,153,13,585,P1,103,44.1,26.2,328,149,594,P1,False,B,3,,0,301,
Purulia,1608,Prl-1608,74,Community Hall 74,403,364,1,768,47.4,14,1.8,280,193,10,632,P1,87,44.3,30.5,356,214,641,P1,False,B,3,,0,317,
Purulia,1608,Prl-1608,75,Market Building 75,325,314,1,640,49.06,10,1.6,209,187,17,544,P1,22,38.4,34.4,270,216,540,P1,False,B,3,,0,264,
Purulia,1608,Prl-1608,76,Temple Hall 76,243,250,1,494,50.61,10,2.0,174,126,9,397,P1,48,43.8,31.7,206,131,398,P1,False,B,3,,0,204,
Purulia,1608,Prl-1608,77,Community Hall 77,241,245,1,487,50.31,9,1.8,183,105,5,389,P1,78,47.0,27.0,199,113,401,P1,False,B,3,,0,201,
Purulia,1608,Prl-1608,78,Health Sub-Centre 78,265,241,0,506,47.63,7,1.4,179,198,3,422,P2,19,42.4,46.9,205,140,389,P1,True,B,3,,0,209,
Purulia,1608,Prl-1608,79,Club Building 79,342,322,0,664,48.49,17,2.6,273,165,5,502,P1,108,54.4,32.9,253,166,522,P1,False,B,3,,0,274,
Purulia,1608,Prl-1608,80,Govt Office 80,253,231,0,484,47.73,11,2.3,179,171,3,397,P1,8,45.1,43.1,156,135,392,P1,False,B,3,,0,200,
Purulia,1608,Prl-1608,81,Community Hall 81,300,296,0,596,49.66,12,2.0,181,111,16,454,P1,39,39.9,24.4,259,161,467,P1,False,B,3,,0,246,
Purulia,1608,Prl-1608,82,Primary School 82,358,366,0,724,50.55,10,1.4,293,177,6,567,P1,116,51.7,31.2,300,195,550,P1,False,B,3,,0,299,
Purulia,1608,Prl-1608,83,Market Building 83,270,254,1,525,48.38,10,1.9,188,149,6,404,P1,39,46.5,36.9,226,144,411,P1,False,B,3,,0,216,
Purulia,1608,Prl-1608,84,Health Sub-Centre 84,354,340,0,694,48.99,18,2.6,281,183,6,516,P1,98,54.5,35.5,301,161,514,P1,False,B,3,,0,286,
Purulia,1608,Prl-1608,85,Health Sub-Centre 85,348,346,1,695,49.78,15,2.2,354,160,4,571,P1,194,62.0,28.0,236,225,553,P1,False,B,3,,0,287,
Purulia,1608,Prl-1608,86,Community Hall 86,408,384,0,792,48.48,14,1.8,230,283,7,622,P2,53,37.0,45.5,392,199,657,P1,True,B,3,,0,327,
Purulia,1608,Prl-1608,87,Govt Office 87,350,342,1,693,49.35,10,1.4,248,123,17,559,P1,83,44.4,22.0,256,239,568,P1,False,B,3,,0,286,
Purulia,1608,Prl-1608,88,Community Hall 88,413,398,0,811,49.08,18,2.2,348,216,4,627,P1,132,55.5,34.4,374,175,634,P1,False,B,3,,0,334,
Purulia,1608,Prl-1608,89,Madrasa 89,402,400,0,802,49.88,12,1.5,389,189,6,642,P1,200,60.6,29.4,430,155,650,P1,False,B,3,,0,331,
Purulia,1608,Prl-1608,90,Madrasa 90,327,293,0,620,47.26,11,1.8,256,167,2,470,P1,89,54.5,35.5,246,183,477,P1,False,B,3,,0,256,
Purulia,1608,Prl-1608,91,Market Building 91,342,328,0,670,48.96,15,2.2,229,189,9,504,P1,40,45.4,37.5,265,205,522,P1,False,B,3,,0,276,
Purulia,1608,Prl-1608,92,Govt Office 92,380,368,1,749,49.13,15,2.0,278,162,15,607,P1,116,45.8,26.7,278,178,561,P1,False,B,3,,0,309,
Purulia,1608,Prl-1608,93,Temple Hall 93,260,264,0,524,50.38,9,1.7,206,136,5,415,P1,70,49.6,32.8,199,142,394,P1,False,B,3,,0,216,
Purulia,1608,Prl-1608,94,Post Office 94,308,293,1,602,48.67,11,1.8,276,128,5,449,P1,148,61.5,28.5,204,141,449,P1,False,B,3,,0,248,
Purulia,1608,Prl-1608,95,Post Office 95,344,355,1,700,50.71,18,2.6,296,183,7,562,P1,113,52.7,32.6,353,180,592,P1,False,B,3,,0,289,
Purulia,1608,Prl-1608,96,Anganwadi Centre 96,292,294,1,587,50.09,14,2.4,131,143,20,458,P4,17,28.6,31.2,216,175,435,P1,True,B,3,,0,242,
Purulia,1608,Prl-1608,97,Club Building 97,298,270,0,568,47.54,13,2.3,281,141,5,469,P1,140,59.9,30.1,219,111,447,P1,False,B,3,,0,234,
Purulia,1608,Prl-1608,98,Community Hall 98,276,248,0,524,47.33,14,2.7,231,140,4,431,P1,91,53.6,32.5,197,159,446,P1,False,B,3,,0,216,
Purulia,1608,Prl-1608,99,Temple Hall 99,268,240,0,508,47.24,13,2.6,269,110,1,421,P1,159,63.9,26.1,220,152,413,P1,False,B,3,,0,209,
Purulia,1608,Prl-1608,100,Club Building 100,295,267,1,563,47.42,15,2.7,271,145,5,462,P1,126,58.7,31.4,191,156,445,P1,False,B,3,,0,232,
Purulia,1608,Prl-1608,101,Club Building 101,303,307,0,610,50.33,11,1.8,261,204,5,517,P1,57,50.5,39.5,279,190,522,P1,False,B,3,,0,252,
Purulia,1608,Prl-1608,102,High School 102,424,384,1,809,47.47,20,2.5,370,229,6,666,P1,141,55.6,34.4,302,231,609,P1,False,B,3,,0,334,
Purulia,1608,Prl-1608,103,Panchayat Bhavan 103,333,321,1,655,49.01,12,1.8,244,144,9,530,P1,100,46.0,27.2,240,176,487,P1,False,B,3,,0,270,
Purulia,1608,Prl-1608,104,Panchayat Bhavan 104,309,316,1,626,50.48,14,2.2,220,174,11,530,P1,46,41.5,32.8,256,197,527,P1,False,B,3,,0,258,
Purulia,1608,Prl-1608,105,Club Building 105,297,285,1,583,48.89,10,1.7,226,159,3,443,P1,67,51.0,35.9,252,141,470,P1,False,B,3,,0,240,
Purulia,1608,Prl-1608,106,Govt Office 106,417,392,0,809,48.45,17,2.1,431,179,2,678,P1,252,63.6,26.4,286,271,662,P1,False,B,3,,0,334,
Purulia,1608,Prl-1608,107,Community Hall 107,381,391,1,773,50.58,15,1.9,350,213,6,635,P1,137,55.1,33.5,342,226,631,P1,False,B,3,,0,319,
Purulia,1608,Prl-1608,108,Temple Hall 108,260,241,1,502,48.01,8,1.6,227,149,5,427,P1,78,53.2,34.9,249,117,407,P1,False,B,3,,0,207,
Purulia,1608,Prl-1608,109,Temple Hall 109,317,288,0,605,47.6,15,2.5,292,116,5,453,P1,176,64.5,25.6,267,166,481,P1,False,B,3,,0,249,
Purulia,1608,Prl-1608,110,Market Building 110,375,362,0,737,49.12,12,1.6,245,216,12,583,P1,29,42.0,37.0,332,163,586,P1,False,B,3,,0,304,
Purulia,1608,Prl-1608,111,Panchayat Bhavan 111,347,332,0,679,48.9,13,1.9,274,215,7,576,P1,59,47.6,37.3,295,175,575,P1,False,B,3,,0,280,
Purulia,1608,Prl-1608,112,Panchayat Bhavan 112,324,308,0,632,48.73,15,2.4,335,132,6,518,P1,203,64.7,25.5,265,174,497,P1,False,B,3,,0,261,
Purulia,1608,Prl-1608,113,Community Hall 113,366,375,0,741,50.61,12,1.6,306,240,10,632,P1,66,48.4,38.0,346,189,594,P1,False,B,3,,0,306,
Purulia,1608,Prl-1608,114,Community Hall 114,301,287,0,588,48.81,12,2.0,310,99,5,454,P1,211,68.3,21.8,261,146,458,P1,False,A,1,,0,242,
Purulia,1608,Prl-1608,115,Market Building 115,350,321,0,671,47.84,14,2.1,346,138,6,538,P1,208,64.3,25.7,234,175,512,P1,False,B,3,,0,277,
Purulia,1608,Prl-1608,116,High School 116,336,324,1,661,49.02,11,1.7,297,181,6,532,P1,116,55.8,34.0,318,165,536,P1,False,B,3,,0,273,
Purulia,1608,Prl-1608,117,Post Office 117,405,373,0,778,47.94,15,1.9,368,223,8,657,P1,145,56.0,33.9,378,161,601,P1,False,B,3,,0,321,
Purulia,1608,Prl-1608,118,Panchayat Bhavan 118,425,389,1,815,47.73,15,1.8,368,183,6,613,P1,185,60.0,29.9,340,211,612,P1,False,B,3,,0,336,
Purulia,1608,Prl-1608,119,Primary School 119,391,383,0,774,49.48,18,2.3,283,122,20,616,P1,99,45.9,19.8,307,216,619,P1,False,B,3,,0,319,
Purulia,1608,Prl-1608,120,Anganwadi Centre 120,251,240,1,492,48.78,12,2.4,169,171,5,394,P2,2,42.9,43.4,225,140,421,P1,True,B,3,,0,203,
Purulia,1608,Prl-1608,121,Market Building 121,274,272,1,547,49.73,14,2.6,290,92,2,424,P1,198,68.4,21.7,207,133,413,P1,False,A,1,,0,226,
Purulia,1608,Prl-1608,122,Health Sub-Centre 122,364,329,0,693,47.47,15,2.2,215,175,11,519,P1,40,41.4,33.7,255,213,538,P1,False,B,3,,0,286,
Purulia,1608,Prl-1608,123,High School 123,370,345,1,716,48.18,16,2.2,322,202,8,593,P1,120,54.3,34.1,285,165,602,P1,False,B,3,,0,295,
Purulia,1608,Prl-1608,124,Community Hall 124,384,366,1,751,48.74,15,2.0,347,218,7,628,P1,129,55.3,34.7,305,227,591,P1,False,B,3,,0,310,
Purulia,1608,Prl-1608,125,Post Office 125,270,277,1,548,50.55,14,2.6,269,148,3,464,P1,121,58.0,31.9,207,147,466,P1,False,B,3,,0,226,
Purulia,1608,Prl-1608,126,Market Building 126,271,276,0,547,50.46,10,1.8,239,140,6,438,P1,99,54.6,32.0,241,133,415,P1,False,B,3,,0,226,
Purulia,1608,Prl-1608,127,High School 127,269,255,1,525,48.57,12,2.3,208,168,4,429,P1,40,48.5,39.2,190,158,392,P1,False,B,3,,0,216,
Purulia,1608,Prl-1608,128,Market Building 128,304,289,1,594,48.65,9,1.5,284,173,2,508,P1,111,55.9,34.1,225,120,488,P1,False,B,3,,0,245,
Purulia,1608,Prl-1608,129,Primary School 129,337,317,1,655,48.4,12,1.8,264,174,4,486,P1,90,54.3,35.8,273,149,557,P1,False,B,3,,0,270,
Purulia,1608,Prl-1608,130,Anganwadi Centre 130,388,396,0,784,50.51,16,2.0,347,176,7,604,P1,171,57.5,29.1,330,228,653,P1,False,B,3,,0,323,
Purulia,1608,Prl-1608,131,Club Building 131,370,353,1,724,48.76,16,2.2,315,154,4,571,P1,161,55.2,27.0,280,157,537,P1,False,B,3,,0,299,
Purulia,1608,Prl-1608,132,Panchayat Bhavan 132,358,326,0,684,47.66,10,1.5,248,221,6,529,P1,27,46.9,41.8,202,157,582,P1,False,B,3,,0,282,
Purulia,1608,Prl-1608,133,Market Building 133,251,228,1,480,47.5,10,2.1,167,169,3,373,P2,2,44.8,45.3,232,112,382,P1,True,B,3,,0,198,
Purulia,1608,Prl-1608,134,Club Building 134,324,327,1,652,50.15,16,2.5,260,177,2,485,P1,83,53.6,36.5,226,210,556,P1,False,B,3,,0,269,
Purulia,1608,Prl-1608,135,Temple Hall 135,385,364,1,750,48.53,19,2.5,305,248,4,614,P1,57,49.7,40.4,268,153,571,P1,False,B,3,,0,309,
Purulia,1608,Prl-1608,136,Community Hall 136,267,274,0,541,50.65,10,1.8,197,147,5,405,P1,50,48.6,36.3,234,103,403,P1,False,B,3,,0,223,
Purulia,1608,Prl-1608,137,Govt Office 137,258,234,1,493,47.46,11,2.2,226,100,3,390,P1,126,57.9,25.6,208,170,420,P1,False,B,3,,0,203,
Purulia,1608,Prl-1608,138,Health Sub-Centre 138,307,313,0,620,50.48,13,2.1,305,148,4,526,P1,157,58.0,28.1,261,200,527,P1,False,B,3,,0,256,
Purulia,1608,Prl-1608,139,Community Hall 139,372,349,0,721,48.4,15,2.1,251,168,6,600,P1,82,41.8,28.0,239,197,561,P1,False,B,3,,0,297,
Purulia,1608,Prl-1608,140,Market Building 140,370,370,0,740,50.0,13,1.8,315,223,6,601,P1,92,52.4,37.1,313,223,625,P1,False,B,3,,0,305,
Purulia,1608,Prl-1608,141,Market Building 141,317,324,0,641,50.55,11,1.7,279,155,4,482,P1,124,57.9,32.2,264,165,524,P1,False,B,3,,0,264,
Purulia,1608,Prl-1608,142,Club Building 142,294,293,1,588,49.83,13,2.2,266,172,2,487,P1,94,54.6,35.3,230,142,497,P1,False,B,3,,0,242,
Purulia,1608,Prl-1608,143,Primary School 143,298,278,0,576,48.26,9,1.6,297,115,2,458,P1,182,64.8,25.1,240,166,451,P1,False,B,3,,0,237,
Purulia,1608,Prl-1608,144,Temple Hall 144,407,368,0,775,47.48,17,2.2,305,202,4,630,P1,103,48.4,32.1,316,224,600,P1,False,B,3,,0,320,
Purulia,1608,Prl-1608,145,Market Building 145,258,243,0,501,48.5,13,2.6,195,112,7,400,P1,83,48.8,28.0,214,146,401,P1,False,B,3,,0,207,
Purulia,1608,Prl-1608,146,Primary School 146,365,372,1,738,50.41,13,1.8,334,171,4,562,P1,163,59.4,30.4,285,238,581,P1,False,B,3,,0,304,
Purulia,1608,Prl-1608,147,Temple Hall 147,252,231,0,483,47.83,11,2.3,244,81,4,361,P1,163,67.6,22.4,185,130,384,P1,False,A,1,,0,199,
Purulia,1608,Prl-1608,148,Primary School 148,374,353,1,728,48.49,13,1.8,304,199,4,562,P1,105,54.1,35.4,257,227,571,P1,False,B,3,,0,300,
Purulia,1608,Prl-1608,149,High School 149,322,333,1,656,50.76,16,2.4,255,176,3,497,P1,79,51.3,35.4,288,178,544,P1,False,B,3,,0,270,
Purulia,1608,Prl-1608,150,Community Hall 150,320,319,1,640,49.84,15,2.3,239,210,2,498,P1,29,48.0,42.2,251,154,492,P1,False,B,3,,0,264,
Purulia,1608,Prl-1608,151,High School 151,236,244,1,481,50.73,11,2.3,170,131,4,363,P1,39,46.8,36.1,170,155,411,P1,False,B,3,,0,198,
Purulia,1608,Prl-1608,152,Panchayat Bhavan 152,344,332,1,677,49.04,15,2.2,321,173,3,549,P1,148,58.5,31.5,325,151,529,P1,False,B,3,,0,279,
Purulia,1608,Prl-1608,153,Panchayat Bhavan 153,285,294,0,579,50.78,15,2.6,222,185,3,465,P1,37,47.7,39.8,258,133,435,P1,False,B,3,,0,239,
Purulia,1608,Prl-1608,154,Temple Hall 154,326,309,0,635,48.66,16,2.5,288,143,5,531,P1,145,54.2,26.9,199,136,491,P1,False,B,3,,0,262,
Purulia,1608,Prl-1608,155,Madrasa 155,255,262,1,518,50.58,8,1.5,187,155,2,392,P1,32,47.7,39.5,228,154,429,P1,False,B,3,,0,214,
Purulia,1608,Prl-1608,156,Panchayat Bhavan 156,373,345,1,719,47.98,16,2.2,324,196,5,578,P1,128,56.1,33.9,339,162,556,P1,False,B,3,,0,296,
Purulia,1608,Prl-1608,157,Temple Hall 157,265,254,1,520,48.85,12,2.3,210,146,3,395,P1,64,53.2,37.0,180,117,439,P1,False,B,3,,0,214,
Purulia,1608,Prl-1608,158,Govt Office 158,364,330,0,694,47.55,15,2.2,191,240,17,583,P2,49,32.8,41.2,306,168,527,P1,True,B,3,,0,286,
Purulia,1608,Prl-1608,159,Temple Hall 159,276,247,0,523,47.23,8,1.5,201,145,6,395,P1,56,50.9,36.7,185,166,390,P1,False,B,3,,0,216,
Purulia,1608,Prl-1608,160,Market Building 160,290,271,1,562,48.22,13,2.3,293,103,4,440,P1,190,66.6,23.4,200,137,445,P1,False,A,1,,0,232,
Purulia,1608,Prl-1608,161,Govt Office 161,322,301,0,623,48.31,14,2.2,254,162,2,462,P1,92,55.0,35.1,337,140,530,P1,False,B,3,,0,257,
Purulia,1608,Prl-1608,162,Anganwadi Centre 162,276,254,0,530,47.92,9,1.7,241,157,5,442,P1,84,54.5,35.5,234,135,410,P1,False,B,3,,0,219,
Purulia,1608,Prl-1608,163,Community Hall 163,355,362,1,718,50.42,18,2.5,353,154,3,563,P1,199,62.7,27.4,320,185,561,P1,False,B,3,,0,296,
Purulia,1608,Prl-1608,164,Health Sub-Centre 164,283,286,0,569,50.26,13,2.3,227,164,2,435,P1,63,52.2,37.7,209,144,437,P1,False,B,3,,0,235,
Purulia,1608,Prl-1608,165,Community Hall 165,347,334,1,682,48.97,11,1.6,198,152,12,561,P1,6,35.3,27.1,264,186,508,P1,False,B,3,,0,281,
Purulia,1608,Prl-1608,166,High School 166,301,274,1,576,47.57,9,1.6,184,158,4,446,P1,26,41.3,35.4,253,103,467,P1,False,B,3,,0,237,
Purulia,1608,Prl-1608,167,Club Building 167,281,268,1,550,48.73,13,2.4,214,162,3,439,P1,52,48.7,36.9,264,145,454,P1,False,B,3,,0,227,
Purulia,1608,Prl-1608,168,Primary School 168,313,306,0,619,49.43,9,1.5,338,83,4,467,P1,255,72.4,17.8,307,159,517,P1,False,A,1,,0,255,
Purulia,1608,Prl-1608,169,Temple Hall 169,273,263,1,537,48.98,12,2.2,191,173,4,404,P1,18,47.3,42.8,245,124,411,P1,False,B,3,,0,221,
Purulia,1608,Prl-1608,170,Temple Hall 170,413,374,0,787,47.52,13,1.7,292,194,11,626,P1,98,46.6,31.0,364,231,661,P1,False,B,3,,0,324,
Purulia,1608,Prl-1608,171,High School 171,364,326,0,690,47.25,10,1.4,258,211,10,556,P1,47,46.4,37.9,270,212,538,P1,False,B,3,,0,285,
Purulia,1608,Prl-1608,172,Madrasa 172,401,368,0,769,47.85,11,1.4,296,196,6,630,P1,100,47.0,31.1,246,268,607,P2,True,B,3,,0,317,
Purulia,1608,Prl-1608,173,Madrasa 173,253,243,0,496,48.99,11,2.2,187,122,4,379,P1,65,49.3,32.2,239,117,396,P1,False,B,3,,0,205,
Purulia,1608,Prl-1608,174,Club Building 174,365,373,0,738,50.54,16,2.2,329,176,4,561,P1,153,58.6,31.4,259,165,550,P1,False,B,3,,0,304,
Purulia,1608,Prl-1608,175,Primary School 175,391,392,0,783,50.06,16,2.0,351,176,7,650,P1,175,54.0,27.1,332,225,619,P1,False,B,3,,0,323,
Purulia,1608,Prl-1608,176,Market Building 176,402,412,0,814,50.61,12,1.5,355,229,8,649,P1,126,54.7,35.3,342,253,661,P1,False,B,3,,0,336,
Purulia,1608,Prl-1608,177,Health Sub-Centre 177,247,254,0,501,50.7,10,2.0,219,123,4,380,P1,96,57.6,32.4,156,183,377,P2,True,B,3,,0,207,
Purulia,1609,Prl-1609,1,High School 1,265,245,0,510,48.04,5,1.0,168,172,5,396,P2,4,42.4,43.4,233,149,424,P1,True,B,3,,0,210,
Purulia,1609,Prl-1609,2,Market Building 2,347,348,0,695,50.07,9,1.3,262,213,4,548,P1,49,47.8,38.9,331,185,580,P1,False,B,3,,0,287,
Purulia,1609,Prl-1609,3,Health Sub-Centre 3,283,276,1,560,49.29,6,1.1,220,170,4,433,P1,50,50.8,39.3,169,126,458,P1,False,B,3,,0,231,
Purulia,1609,Prl-1609,4,Community Hall 4,369,337,0,706,47.73,6,0.8,295,194,3,544,P1,101,54.2,35.7,322,191,570,P1,False,B,3,,0,291,
Purulia,1609,Prl-1609,5,Club Building 5,271,278,1,550,50.55,4,0.7,215,161,4,433,P1,54,49.7,37.2,318,104,468,P1,False,B,3,,0,227,
Purulia,1609,Prl-1609,6,High School 6,302,278,1,581,47.85,4,0.7,245,123,5,438,P1,122,55.9,28.1,259,171,478,P1,False,B,3,,0,240,
Purulia,1609,Prl-1609,7,Health Sub-Centre 7,353,332,1,686,48.4,7,1.0,281,198,4,532,P1,83,52.8,37.2,256,210,576,P1,False,B,3,,0,283,
Purulia,1609,Prl-1609,8,Club Building 8,341,350,1,692,50.58,8,1.2,265,179,7,523,P1,86,50.7,34.2,313,171,537,P1,False,B,3,,0,285,
Purulia,1609,Prl-1609,9,Market Building 9,324,317,0,641,49.45,7,1.1,247,186,4,481,P1,61,51.4,38.7,281,172,503,P1,False,B,3,,0,264,
Purulia,1609,Prl-1609,10,Temple Hall 10,249,249,1,499,49.9,5,1.0,239,95,4,371,P1,144,64.4,25.6,273,62,372,P1,False,B,3,,0,206,
Purulia,1609,Prl-1609,11,Post Office 11,283,261,0,544,47.98,4,0.7,280,135,2,461,P1,145,60.7,29.3,255,160,462,P1,False,B,3,,0,224,
Purulia,1609,Prl-1609,12,Market Building 12,304,307,1,612,50.16,5,0.8,275,114,4,486,P1,161,56.6,23.5,225,182,476,P1,False,B,3,,0,252,
Purulia,1609,Prl-1609,13,Madrasa 13,327,334,0,661,50.53,7,1.1,237,212,2,499,P1,25,47.5,42.5,252,196,498,P1,False,B,3,,0,273,
Purulia,1609,Prl-1609,14,Anganwadi Centre 14,269,260,1,530,49.06,6,1.1,261,115,5,417,P1,146,62.6,27.6,196,122,407,P1,False,B,3,,0,219,
Purulia,1609,Prl-1609,15,Health Sub-Centre 15,327,335,0,662,50.6,7,1.1,321,136,3,507,P1,185,63.3,26.8,256,230,552,P1,False,B,3,,0,273,
Purulia,1609,Prl-1609,16,Anganwadi Centre 16,295,268,0,563,47.6,6,1.1,184,147,7,424,P1,37,43.4,34.7,193,177,455,P1,False,B,3,,0,232,
Purulia,1609,Prl-1609,17,Market Building 17,351,354,1,706,50.14,9,1.3,289,210,6,573,P1,79,50.4,36.6,317,213,589,P1,False,B,3,,0,291,
Purulia,1609,Prl-1609,18,Health Sub-Centre 18,392,399,1,792,50.38,10,1.3,331,195,8,605,P1,136,54.7,32.2,371,222,672,P1,False,B,3,,0,327,
Purulia,1609,Prl-1609,19,High School 19,258,238,1,497,47.89,5,1.0,207,128,3,378,P1,79,54.8,33.9,243,123,407,P1,False,B,3,,0,205,
Purulia,1609,Prl-1609,20,Community Hall 20,372,357,1,730,48.9,7,1.0,310,189,10,587,P1,121,52.8,32.2,347,205,613,P1,False,B,3,,0,301,
Purulia,1609,Prl-1609,21,High School 21,273,256,1,530,48.3,7,1.3,212,148,5,400,P1,64,53.0,37.0,215,109,400,P1,False,B,3,,0,219,
Purulia,1609,Prl-1609,22,Market Building 22,293,282,0,575,49.04,5,0.9,264,167,3,479,P1,97,55.1,34.9,212,131,486,P1,False,B,3,,0,237,
Purulia,1609,Prl-1609,23,Market Building 23,359,337,0,696,48.42,5,0.7,299,214,2,570,P1,85,52.5,37.5,233,260,583,P2,True,B,3,,0,287,
Purulia,1609,Prl-1609,24,Post Office 24,407,372,1,780,47.69,9,1.2,342,180,2,586,P1,162,58.4,30.7,405,179,649,P1,False,B,3,,0,322,
Purulia,1609,Prl-1609,25,High School 25,297,275,0,572,48.08,7,1.2,220,82,9,454,P1,81,48.5,18.1,230,162,472,P1,False,B,3,,0,236,
Purulia,1609,Prl-1609,26,Primary School 26,404,386,1,791,48.8,10,1.3,307,244,11,659,P1,63,46.6,37.0,343,233,639,P1,False,B,3,,0,326,
Purulia,1609,Prl-1609,27,Govt Office 27,339,340,1,680,50.0,6,0.9,247,190,8,540,P1,57,45.7,35.2,312,172,538,P1,False,B,3,,0,280,
Purulia,1609,Prl-1609,28,Market Building 28,391,360,0,751,47.94,6,0.8,271,194,5,559,P1,77,48.5,34.7,286,232,582,P1,False,B,3,,0,310,
Purulia,1609,Prl-1609,29,Primary School 29,328,327,0,655,49.92,6,0.9,245,177,10,517,P1,68,47.4,34.2,265,185,513,P1,False,B,3,,0,270,
Purulia,1609,Prl-1609,30,Primary School 30,271,273,1,545,50.09,4,0.7,196,144,4,407,P1,52,48.2,35.4,209,135,434,P1,False,B,3,,0,225,
Purulia,1609,Prl-1609,31,Madrasa 31,323,304,1,628,48.41,6,1.0,277,195,4,530,P1,82,52.3,36.8,247,151,477,P1,False,B,3,,0,259,
Purulia,1609,Prl-1609,32,Govt Office 32,344,322,1,667,48.28,6,0.9,179,201,19,552,P2,22,32.4,36.4,226,188,524,P1,True,B,3,,0,275,
Purulia,1609,Prl-1609,33,Govt Office 33,252,237,1,490,48.37,6,1.2,152,122,4,412,P1,22,36.9,29.6,215,131,387,P1,False,B,3,,0,202,
Purulia,1609,Prl-1609,34,Panchayat Bhavan 34,277,261,1,539,48.42,6,1.1,202,147,4,426,P1,55,47.4,34.5,184,187,423,P2,True,B,3,,0,222,
Purulia,1609,Prl-1609,35,Govt Office 35,326,293,1,620,47.26,5,0.8,257,184,4,517,P1,73,49.7,35.6,244,157,473,P1,False,B,3,,0,256,
Purulia,1609,Prl-1609,36,Govt Office 36,320,328,1,649,50.54,7,1.1,236,164,9,553,P1,72,42.7,29.7,242,220,513,P1,False,B,3,,0,268,
Purulia,1609,Prl-1609,37,Primary School 37,344,318,0,662,48.04,6,0.9,328,167,5,550,P1,161,59.6,30.4,240,232,525,P1,False,B,3,,0,273,
Purulia,1609,Prl-1609,38,Primary School 38,283,257,1,541,47.5,5,0.9,236,169,4,458,P1,67,51.5,36.9,214,187,446,P1,False,B,3,,0,223,
Purulia,1609,Prl-1609,39,Panchayat Bhavan 39,344,325,1,670,48.51,6,0.9,346,139,6,539,P1,207,64.2,25.8,277,176,535,P1,False,B,3,,0,276,
Purulia,1609,Prl-1609,40,Community Hall 40,271,246,0,517,47.58,4,0.8,236,134,3,441,P1,102,53.5,30.4,203,140,427,P1,False,B,3,,0,213,
Purulia,1609,Prl-1609,41,Post Office 41,429,388,0,817,47.49,9,1.1,239,200,8,641,P1,39,37.3,31.2,267,197,663,P1,False,B,3,,0,337,
Purulia,1609,Prl-1609,42,High School 42,294,303,0,597,50.75,4,0.7,302,156,3,508,P1,146,59.4,30.7,224,211,484,P1,False,B,3,,0,246,
Purulia,1609,Prl-1609,43,Club Building 43,300,289,1,590,48.98,6,1.0,223,195,4,491,P1,28,45.4,39.7,238,186,473,P1,False,B,3,,0,243,
Purulia,1609,Prl-1609,44,Post Office 44,394,357,1,752,47.47,9,1.2,291,203,11,642,P1,88,45.3,31.6,344,219,625,P1,False,B,3,,0,310,
Purulia,1609,Prl-1609,45,Community Hall 45,382,385,1,768,50.13,5,0.7,388,161,4,610,P1,227,63.6,26.4,279,138,599,P1,False,B,3,,0,317,
Purulia,1609,Prl-1609,46,Madrasa 46,401,414,1,816,50.74,7,0.9,332,238,6,671,P1,94,49.5,35.5,326,229,626,P1,False,B,3,,0,336,
Purulia,1609,Prl-1609,47,Health Sub-Centre 47,401,380,1,782,48.59,8,1.0,291,227,5,586,P1,64,49.7,38.7,374,203,641,P1,False,B,3,,0,322,
Purulia,1609,Prl-1609,48,Primary School 48,374,378,1,753,50.2,8,1.1,254,205,8,620,P1,49,41.0,33.1,246,216,584,P1,False,B,3,,0,310,
Purulia,1609,Prl-1609,49,Anganwadi Centre 49,307,307,0,614,50.0,7,1.1,202,206,9,524,P2,4,38.5,39.3,210,188,468,P1,True,B,3,,0,253,
Purulia,1609,Prl-1609,50,Community Hall 50,377,387,1,765,50.59,6,0.8,281,178,17,604,P1,103,46.5,29.5,294,209,600,P1,False,B,3,,0,315,
Purulia,1609,Prl-1609,51,Madrasa 51,342,336,0,678,49.56,5,0.7,322,152,4,547,P1,170,58.9,27.8,220,225,554,P2,True,B,3,,0,280,
Purulia,1609,Prl-1609,52,Primary School 52,315,289,1,605,47.77,5,0.8,273,144,6,512,P1,129,53.3,28.1,255,168,470,P1,False,B,3,,0,249,
Purulia,1609,Prl-1609,53,Post Office 53,341,342,0,683,50.07,8,1.2,255,186,4,514,P1,69,49.6,36.2,298,175,547,P1,False,B,3,,0,282,
Purulia,1609,Prl-1609,54,Market Building 54,342,341,0,683,49.93,6,0.9,253,205,9,538,P1,48,47.0,38.1,239,190,508,P1,False,B,3,,0,282,
Purulia,1609,Prl-1609,55,Madrasa 55,306,303,0,609,49.75,6,1.0,217,157,8,467,P1,60,46.5,33.6,284,119,484,P1,False,B,3,,0,251,
Purulia,1609,Prl-1609,56,Post Office 56,373,335,1,709,47.25,8,1.1,314,146,4,530,P1,168,59.2,27.5,333,185,604,P1,False,B,3,,0,292,
Purulia,1609,Prl-1609,57,High School 57,360,326,0,686,47.52,8,1.2,294,196,6,545,P1,98,53.9,36.0,306,186,547,P1,False,B,3,,0,283,
Purulia,1609,Prl-1609,58,Post Office 58,357,368,0,725,50.76,6,0.8,253,210,8,563,P1,43,44.9,37.3,290,234,598,P1,False,B,3,,0,299,
Purulia,1609,Prl-1609,59,High School 59,419,385,1,805,47.83,6,0.7,302,228,12,659,P1,74,45.8,34.6,342,197,599,P1,False,B,3,,0,332,
Purulia,1609,Prl-1609,60,Market Building 60,285,288,0,573,50.26,6,1.0,299,107,4,451,P1,192,66.3,23.7,208,172,432,P1,False,A,1,,0,236,
Purulia,1609,Prl-1609,61,Post Office 61,420,392,0,812,48.28,9,1.1,371,205,7,640,P1,166,58.0,32.0,292,218,612,P1,False,B,3,,0,335,
Purulia,1609,Prl-1609,62,Madrasa 62,313,316,1,630,50.16,7,1.1,337,97,4,483,P1,240,69.8,20.1,241,192,481,P1,False,A,1,,0,260,
Purulia,1609,Prl-1609,63,Primary School 63,271,261,1,533,48.97,5,0.9,279,121,2,445,P1,158,62.7,27.2,270,123,437,P1,False,B,3,,0,220,
Purulia,1609,Prl-1609,64,High School 64,339,323,1,663,48.72,6,0.9,315,156,4,524,P1,159,60.1,29.8,317,158,528,P1,False,B,3,,0,273,
Purulia,1609,Prl-1609,65,Madrasa 65,277,261,0,538,48.51,6,1.1,225,148,3,415,P1,77,54.2,35.7,215,141,456,P1,False,B,3,,0,222,
Purulia,1609,Prl-1609,66,Post Office 66,277,251,0,528,47.54,5,0.9,163,160,4,417,P1,3,39.1,38.4,223,99,417,P1,False,B,3,,0,218,
Purulia,1609,Prl-1609,67,High School 67,257,236,1,494,47.77,6,1.2,189,123,6,378,P1,66,50.0,32.5,224,116,378,P1,False,B,3,,0,204,
Purulia,1609,Prl-1609,68,Community Hall 68,279,283,0,562,50.36,7,1.2,254,147,3,474,P1,107,53.6,31.0,317,114,478,P1,False,B,3,,0,232,
Purulia,1609,Prl-1609,69,Madrasa 69,261,249,0,510,48.82,4,0.8,194,139,4,378,P1,55,51.3,36.8,198,116,423,P1,False,B,3,,0,210,
Purulia,1609,Prl-1609,70,Post Office 70,289,264,0,553,47.74,5,0.9,260,123,2,425,P1,137,61.2,28.9,239,180,467,P1,False,B,3,,0,228,
Purulia,1609,Prl-1609,71,Post Office 71,293,289,0,582,49.66,6,1.0,248,143,5,456,P1,105,54.4,31.4,232,135,468,P1,False,B,3,,0,240,
Purulia,1609,Prl-1609,72,Anganwadi Centre 72,350,337,0,687,49.05,8,1.2,285,178,11,572,P1,107,49.8,31.1,298,220,576,P1,False,B,3,,0,283,
Purulia,1609,Prl-1609,73,Temple Hall 73,264,252,1,517,48.74,6,1.2,182,136,9,416,P1,46,43.8,32.7,223,130,426,P1,False,B,3,,0,213,
Purulia,1609,Prl-1609,74,Temple Hall 74,417,376,1,794,47.36,7,0.9,373,179,2,614,P1,194,60.7,29.2,380,194,638,P1,False,B,3,,0,327,
Purulia,1609,Prl-1609,75,High School 75,403,367,0,770,47.66,9,1.2,305,174,5,619,P1,131,49.3,28.1,296,167,572,P1,False,B,3,,0,317,
Purulia,1609,Prl-1609,76,Anganwadi Centre 76,332,319,0,651,49.0,6,0.9,297,153,5,500,P1,144,59.4,30.6,286,197,537,P1,False,B,3,,0,268,
Purulia,1609,Prl-1609,77,Post Office 77,277,257,1,535,48.04,4,0.7,269,127,5,440,P1,142,61.1,28.9,173,191,422,P2,True,B,3,,0,221,
Purulia,1609,Prl-1609,78,Community Hall 78,310,298,1,609,48.93,7,1.1,245,180,2,485,P1,65,50.5,37.1,250,210,511,P1,False,B,3,,0,251,
Purulia,1609,Prl-1609,79,Govt Office 79,255,260,1,516,50.39,5,1.0,205,156,4,407,P1,49,50.4,38.3,217,122,393,P1,False,B,3,,0,213,
Purulia,1609,Prl-1609,80,Madrasa 80,416,390,0,806,48.39,6,0.7,352,215,5,630,P1,137,55.9,34.1,424,174,664,P1,False,B,3,,0,332,
Purulia,1609,Prl-1609,81,Community Hall 81,401,382,0,783,48.79,9,1.1,395,194,6,655,P1,201,60.3,29.6,269,192,604,P1,False,B,3,,0,323,
Purulia,1609,Prl-1609,82,Health Sub-Centre 82,381,375,1,757,49.54,8,1.1,331,177,2,565,P1,154,58.6,31.3,309,268,641,P1,False,B,3,,0,312,
Purulia,1609,Prl-1609,83,Govt Office 83,334,306,1,641,47.74,5,0.8,224,160,18,537,P1,64,41.7,29.8,243,193,484,P1,False,B,3,,0,264,
Purulia,1609,Prl-1609,84,High School 84,327,294,1,622,47.27,8,1.3,195,199,3,492,P2,4,39.6,40.4,232,184,498,P1,True,B,3,,0,256,
Purulia,1609,Prl-1609,85,Post Office 85,320,323,0,643,50.23,7,1.1,296,130,9,511,P1,166,57.9,25.4,281,184,517,P1,False,B,3,,0,265,
Purulia,1609,Prl-1609,86,Primary School 86,328,312,0,640,48.75,6,0.9,277,146,4,502,P1,131,55.2,29.1,238,207,497,P1,False,B,3,,0,264,
Purulia,1609,Prl-1609,87,Govt Office 87,315,309,0,624,49.52,6,1.0,263,192,7,530,P1,71,49.6,36.2,294,141,483,P1,False,B,3,,0,257,
Purulia,1609,Prl-1609,88,Temple Hall 88,401,399,1,801,49.81,9,1.1,351,184,3,595,P1,167,59.0,30.9,386,177,625,P1,False,B,3,,0,330,
Purulia,1609,Prl-1609,89,Club Building 89,378,381,1,760,50.13,5,0.7,375,181,5,639,P1,194,58.7,28.3,363,197,638,P1,False,B,3,,0,313,
Purulia,1609,Prl-1609,90,Club Building 90,367,353,1,721,48.96,8,1.1,243,237,6,560,P1,6,43.4,42.3,310,183,550,P1,False,B,3,,0,297,
Purulia,1609,Prl-1609,91,Post Office 91,380,377,0,757,49.8,8,1.1,351,215,6,628,P1,136,55.9,34.2,324,223,608,P1,False,B,3,,0,312,
Purulia,1609,Prl-1609,92,Community Hall 92,330,336,0,666,50.45,6,0.9,251,144,8,568,P1,92,44.2,25.4,266,174,502,P1,False,B,3,,0,275,
Purulia,1609,Prl-1609,93,Panchayat Bhavan 93,283,274,1,558,49.1,6,1.1,232,147,4,421,P1,85,55.1,34.9,209,138,420,P1,False,B,3,,0,230,
Purulia,1609,Prl-1609,94,Primary School 94,409,407,1,817,49.82,9,1.1,381,169,6,628,P1,212,60.7,26.9,342,233,695,P1,False,B,3,,0,337,
Purulia,1609,Prl-1609,95,Community Hall 95,397,393,1,791,49.68,9,1.1,367,187,5,647,P1,180,56.7,28.9,355,207,625,P1,False,B,3,,0,326,
Purulia,1609,Prl-1609,96,Anganwadi Centre 96,265,259,1,525,49.33,5,1.0,250,94,7,429,P1,156,58.3,21.9,186,130,394,P1,False,B,3,,0,216,
Purulia,1609,Prl-1609,97,Anganwadi Centre 97,333,330,1,664,49.7,7,1.1,255,230,5,541,P1,25,47.1,42.5,244,159,498,P1,False,B,3,,0,274,
Purulia,1609,Prl-1609,98,Club Building 98,264,248,1,513,48.34,5,1.0,217,128,1,383,P1,89,56.7,33.4,286,66,392,P1,False,B,3,,0,212,
Purulia,1609,Prl-1609,99,Primary School 99,248,254,1,503,50.5,6,1.2,171,124,4,402,P1,47,42.5,30.8,225,151,418,P1,False,B,3,,0,207,
Purulia,1609,Prl-1609,100,Community Hall 100,295,301,1,597,50.42,6,1.0,281,159,2,489,P1,122,57.5,32.5,185,152,473,P1,False,B,3,,0,246,
Purulia,1609,Prl-1609,101,Anganwadi Centre 101,316,289,0,605,47.77,8,1.3,263,190,3,504,P1,73,52.2,37.7,224,217,491,P1,False,B,3,,0,249,
Purulia,1609,Prl-1609,102,Govt Office 102,424,385,1,810,47.53,8,1.0,300,240,4,600,P1,60,50.0,40.0,392,215,677,P1,False,B,3,,0,334,
Purulia,1609,Prl-1609,103,Anganwadi Centre 103,367,346,1,714,48.46,6,0.8,372,161,3,593,P1,211,62.7,27.2,291,243,600,P1,False,B,3,,0,294,
Purulia,1609,Prl-1609,104,Panchayat Bhavan 104,360,326,1,687,47.45,8,1.2,295,178,2,532,P1,117,55.5,33.5,223,275,585,P2,True,B,3,,0,283,
Purulia,1609,Prl-1609,105,Community Hall 105,266,245,1,512,47.85,5,1.0,185,131,4,422,P1,54,43.8,31.0,183,164,388,P1,False,B,3,,0,211,
Purulia,1609,Prl-1609,106,Primary School 106,317,290,1,608,47.7,6,1.0,239,207,2,513,P1,32,46.6,40.4,271,164,483,P1,False,B,3,,0,251,
Purulia,1609,Prl-1609,107,Community Hall 107,331,317,0,648,48.92,5,0.8,321,139,3,523,P1,182,61.4,26.6,283,157,489,P1,False,B,3,,0,267,
Purulia,1609,Prl-1609,108,High School 108,341,306,0,647,47.3,6,0.9,266,217,2,537,P1,49,49.5,40.4,248,192,493,P1,False,B,3,,0,267,
Purulia,1609,Prl-1609,109,Govt Office 109,303,275,0,578,47.58,5,0.9,326,105,3,478,P1,221,68.2,22.0,209,160,451,P1,False,A,1,,0,238,
Purulia,1609,Prl-1609,110,Club Building 110,323,290,0,613,47.31,5,0.8,220,148,5,501,P1,72,43.9,29.5,246,175,468,P1,False,B,3,,0,253,
Purulia,1609,Prl-1609,111,Club Building 111,419,378,0,797,47.43,10,1.3,321,223,3,604,P1,98,53.1,36.9,297,251,681,P1,False,B,3,,0,329,
Purulia,1609,Prl-1609,112,Post Office 112,239,241,0,480,50.21,6,1.2,173,88,11,356,P1,85,48.6,24.7,184,152,390,P1,False,B,3,,0,198,
Purulia,1609,Prl-1609,113,Anganwadi Centre 113,324,322,0,646,49.85,8,1.2,265,164,5,490,P1,101,54.1,33.5,194,143,490,P1,False,B,3,,0,266,
Purulia,1609,Prl-1609,114,Primary School 114,362,348,0,710,49.01,6,0.8,301,209,6,588,P1,92,51.2,35.5,362,181,603,P1,False,B,3,,0,293,
Purulia,1609,Prl-1609,115,Post Office 115,342,354,1,697,50.79,9,1.3,266,222,3,542,P1,44,49.1,41.0,237,216,571,P1,False,B,3,,0,287,
Purulia,1609,Prl-1609,116,Anganwadi Centre 116,329,322,0,651,49.46,5,0.8,262,181,3,495,P1,81,52.9,36.6,225,178,530,P1,False,B,3,,0,268,
Purulia,1609,Prl-1609,117,Temple Hall 117,399,357,0,756,47.22,10,1.3,355,188,8,645,P1,167,55.0,29.1,304,245,621,P1,False,B,3,,0,312,
Purulia,1609,Prl-1609,118,Post Office 118,299,285,0,584,48.8,6,1.0,247,152,5,443,P1,95,55.8,34.3,161,155,444,P1,False,B,3,,0,241,
Purulia,1609,Prl-1609,119,High School 119,354,361,0,715,50.49,7,1.0,256,205,3,567,P1,51,45.1,36.2,325,162,563,P1,False,B,3,,0,295,
Purulia,1609,Prl-1609,120,Club Building 120,359,335,0,694,48.27,9,1.3,326,156,4,536,P1,170,60.8,29.1,243,190,541,P1,False,B,3,,0,286,
Purulia,1609,Prl-1609,121,Panchayat Bhavan 121,385,350,1,736,47.55,6,0.8,229,213,4,557,P1,16,41.1,38.2,250,139,556,P1,False,B,3,,0,303,
Purulia,1609,Prl-1609,122,Temple Hall 122,350,356,0,706,50.42,8,1.1,284,203,6,542,P1,81,52.4,37.5,256,183,603,P1,False,B,3,,0,291,
Purulia,1609,Prl-1609,123,Madrasa 123,326,318,0,644,49.38,8,1.2,248,136,6,490,P1,112,50.6,27.8,257,173,478,P1,False,B,3,,0,266,
Purulia,1609,Prl-1609,124,High School 124,265,254,1,520,48.85,4,0.8,206,144,4,444,P1,62,46.4,32.4,242,108,424,P1,False,B,3,,0,214,
Purulia,1609,Prl-1609,125,Club Building 125,372,352,0,724,48.62,5,0.7,216,223,16,584,P2,7,37.0,38.2,348,191,599,P1,True,B,3,,0,299,
Purulia,1609,Prl-1609,126,Primary School 126,382,351,1,734,47.82,7,1.0,275,266,5,601,P1,9,45.8,44.3,318,201,576,P1,False,B,3,,0,303,
Purulia,1609,Prl-1609,127,Temple Hall 127,408,405,0,813,49.82,10,1.2,338,218,5,677,P1,120,49.9,32.2,339,201,603,P1,False,B,3,,0,335,
Purulia,1609,Prl-1609,128,Panchayat Bhavan 128,320,302,0,622,48.55,5,0.8,239,170,6,473,P1,69,50.5,35.9,281,171,502,P1,False,B,3,,0,256,
Purulia,1609,Prl-1609,129,Govt Office 129,370,363,1,734,49.46,8,1.1,321,165,4,577,P1,156,55.6,28.6,255,201,596,P1,False,B,3,,0,303,
Purulia,1609,Prl-1609,130,High School 130,273,265,1,539,49.17,4,0.7,197,170,6,443,P1,27,44.5,38.4,219,126,428,P1,False,B,3,,0,222,
Purulia,1609,Prl-1609,131,Madrasa 131,307,311,0,618,50.32,6,1.0,280,191,5,523,P1,89,53.5,36.5,246,176,469,P1,False,B,3,,0,255,
Purulia,1609,Prl-1609,132,High School 132,389,375,0,764,49.08,8,1.0,336,224,7,622,P1,112,54.0,36.0,275,229,567,P1,False,B,3,,0,315,
Purulia,1609,Prl-1609,133,Panchayat Bhavan 133,280,274,1,555,49.37,7,1.3,231,173,4,449,P1,58,51.4,38.5,243,138,459,P1,False,B,3,,0,229,
Purulia,1609,Prl-1609,134,Primary School 134,329,318,0,647,49.15,8,1.2,230,174,9,487,P1,56,47.2,35.7,329,130,509,P1,False,B,3,,0,267,
Purulia,1609,Prl-1609,135,Madrasa 135,254,248,1,503,49.3,4,0.8,259,127,1,429,P1,132,60.4,29.6,213,165,425,P1,False,B,3,,0,207,
Purulia,1609,Prl-1609,136,Market Building 136,291,300,1,592,50.68,6,1.0,261,184,5,505,P1,77,51.7,36.4,295,121,462,P1,False,B,3,,0,244,
Purulia,1609,Prl-1609,137,Health Sub-Centre 137,297,289,0,586,49.32,8,1.4,304,121,4,472,P1,183,64.4,25.6,227,163,465,P1,False,B,3,,0,242,
Purulia,1609,Prl-1609,138,Madrasa 138,292,266,0,558,47.67,4,0.7,183,186,7,453,P2,3,40.4,41.1,256,144,444,P1,True,B,3,,0,230,
Purulia,1609,Prl-1609,139,High School 139,388,394,1,783,50.32,6,0.8,305,248,6,668,P1,57,45.7,37.1,320,207,586,P1,False,B,3,,0,323,
Purulia,1609,Prl-1609,140,Panchayat Bhavan 140,348,324,0,672,48.21,6,0.9,293,170,8,572,P1,123,51.2,29.7,214,128,501,P1,False,B,3,,0,277,
Purulia,1609,Prl-1609,141,Temple Hall 141,273,268,1,542,49.45,6,1.1,177,176,5,429,P1,1,41.3,41.0,224,133,421,P1,False,B,3,,0,223,
Purulia,1609,Prl-1609,142,Madrasa 142,355,356,0,711,50.07,8,1.1,344,143,2,541,P1,201,63.6,26.4,319,155,597,P1,False,B,3,,0,293,
Purulia,1609,Prl-1609,143,Govt Office 143,259,251,1,511,49.12,6,1.2,181,155,9,417,P1,26,43.4,37.2,212,127,400,P1,False,B,3,,0,211,
Purulia,1609,Prl-1609,144,Health Sub-Centre 144,277,266,0,543,48.99,5,0.9,276,135,3,456,P1,141,60.5,29.6,228,174,447,P1,False,B,3,,0,224,
Purulia,1609,Prl-1609,145,Govt Office 145,348,349,1,698,50.0,7,1.0,292,176,6,520,P1,116,56.2,33.8,170,187,558,P2,True,B,3,,0,288,
Purulia,1609,Prl-1609,146,Panchayat Bhavan 146,321,296,1,618,47.9,5,0.8,342,133,6,528,P1,209,64.8,25.2,278,146,471,P1,False,B,3,,0,255,
Purulia,1609,Prl-1609,147,Market Building 147,300,278,1,579,48.01,6,1.0,293,116,4,454,P1,177,64.5,25.6,226,106,440,P1,False,B,3,,0,239,
Purulia,1609,Prl-1609,148,Club Building 148,404,377,0,781,48.27,6,0.8,272,196,7,605,P1,76,45.0,32.4,311,271,647,P1,False,B,3,,0,322,
Purulia,1609,Prl-1609,149,Anganwadi Centre 149,296,301,1,598,50.33,5,0.8,258,165,3,485,P1,93,53.2,34.0,206,171,463,P1,False,B,3,,0,247,
Purulia,1609,Prl-1609,150,Panchayat Bhavan 150,340,348,1,689,50.51,9,1.3,283,183,7,546,P1,100,51.8,33.5,297,228,585,P1,False,B,3,,0,284,
Purulia,1609,Prl-1609,151,Health Sub-Centre 151,346,324,0,670,48.36,7,1.0,339,171,4,566,P1,168,59.9,30.2,368,143,568,P1,False,B,3,,0,276,
Purulia,1609,Prl-1609,152,Market Building 152,309,294,1,604,48.68,7,1.2,261,169,4,478,P1,92,54.6,35.4,250,168,471,P1,False,B,3,,0,249,
Purulia,1609,Prl-1609,153,High School 153,268,257,0,525,48.95,5,1.0,202,172,3,433,P1,30,46.7,39.7,229,141,443,P1,False,B,3,,0,216,
Purulia,1609,Prl-1609,154,Panchayat Bhavan 154,368,369,1,738,50.0,7,0.9,306,160,6,568,P1,146,53.9,28.2,292,167,586,P1,False,B,3,,0,304,
Purulia,1609,Prl-1609,155,Club Building 155,282,259,0,541,47.87,6,1.1,183,159,3,429,P1,24,42.7,37.1,187,105,456,P1,False,B,3,,0,223,
Purulia,1609,Prl-1609,156,High School 156,250,241,1,492,48.98,5,1.0,204,118,9,416,P1,86,49.0,28.4,168,162,382,P1,False,B,3,,0,203,
Purulia,1609,Prl-1609,157,Primary School 157,288,285,0,573,49.74,6,1.0,237,169,4,456,P1,68,52.0,37.1,273,102,477,P1,False,B,3,,0,236,
Purulia,1609,Prl-1609,158,Madrasa 158,368,379,0,747,50.74,5,0.7,376,181,5,619,P1,195,60.7,29.2,396,164,623,P1,False,B,3,,0,308,
Purulia,1609,Prl-1609,159,Govt Office 159,371,353,0,724,48.76,9,1.2,266,217,8,597,P1,49,44.6,36.3,250,213,544,P1,False,B,3,,0,299,
Purulia,1609,Prl-1609,160,Primary School 160,320,295,0,615,47.97,7,1.1,283,183,6,518,P1,100,54.6,35.3,284,148,485,P1,False,B,3,,0,254,
Purulia,1609,Prl-1609,161,Panchayat Bhavan 161,340,336,1,677,49.63,5,0.7,236,191,7,563,P1,45,41.9,33.9,300,206,562,P1,False,B,3,,0,279,
Purulia,1609,Prl-1609,162,Club Building 162,253,253,0,506,50.0,5,1.0,198,133,9,413,P1,65,47.9,32.2,257,95,413,P1,False,B,3,,0,209,
Purulia,1609,Prl-1609,163,Health Sub-Centre 163,411,393,1,805,48.82,6,0.7,321,229,11,658,P1,92,48.8,34.8,300,222,623,P1,False,B,3,,0,332,
Purulia,1609,Prl-1609,164,Market Building 164,401,362,0,763,47.44,8,1.0,298,256,4,624,P1,42,47.8,41.0,307,206,570,P1,False,B,3,,0,315,
Purulia,1609,Prl-1609,165,Temple Hall 165,321,288,1,610,47.21,6,1.0,218,180,4,467,P1,38,46.7,38.5,235,172,452,P1,False,B,3,,0,252,
Purulia,1609,Prl-1609,166,Primary School 166,305,310,0,615,50.41,5,0.8,276,139,3,462,P1,137,59.7,30.1,215,144,470,P1,False,B,3,,0,254,
Purulia,1609,Prl-1609,167,Health Sub-Centre 167,258,261,1,520,50.19,6,1.2,229,139,4,409,P1,90,56.0,34.0,231,148,421,P1,False,B,3,,0,214,
Purulia,1609,Prl-1609,168,Temple Hall 168,345,316,1,662,47.73,9,1.4,327,156,6,536,P1,171,61.0,29.1,217,192,553,P1,False,B,3,,0,273,
Purulia,1609,Prl-1609,169,Community Hall 169,399,403,0,802,50.25,8,1.0,263,210,16,606,P1,53,43.4,34.7,377,204,645,P1,False,B,3,,0,331,
Purulia,1609,Prl-1609,170,Govt Office 170,361,372,0,733,50.75,7,1.0,348,155,4,558,P1,193,62.4,27.8,314,180,549,P1,False,B,3,,0,302,
Purulia,1609,Prl-1609,171,Madrasa 171,294,293,0,587,49.91,5,0.9,270,144,5,460,P1,126,58.7,31.3,241,179,500,P1,False,B,3,,0,242,
