district,ac_code,ac_name,part_no,booth_name,year,votes_P1,votes_P2,votes_P3,votes_P4,votes_NOTA,total_votes,winner,margin,turnout_pct
Kolkata,2101,KOL-2101,1,Temple Hall 1,2019,289,155,5,42,5,496,P1,134,75.4
Kolkata,2101,KOL-2101,1,Temple Hall 1,2021,250,114,15,135,4,518,P1,115,78.7
Kolkata,2101,KOL-2101,2,High School 2,2019,212,100,4,49,3,368,P1,112,75.1
Kolkata,2101,KOL-2101,2,High School 2,2021,262,77,3,31,3,376,P1,185,76.7
Kolkata,2101,KOL-2101,3,Temple Hall 3,2019,215,124,2,56,5,402,P1,91,78.4
Kolkata,2101,KOL-2101,3,Temple Hall 3,2021,214,103,4,74,5,400,P1,111,78.0
Kolkata,2101,KOL-2101,4,Community Hall 4,2019,238,129,4,33,4,408,P1,109,73.0
Kolkata,2101,KOL-2101,4,Community Hall 4,2021,255,104,6,45,5,415,P1,151,74.2
Kolkata,2101,KOL-2101,5,Primary School 5,2019,329,175,4,46,6,560,P1,154,80.7
Kolkata,2101,KOL-2101,5,Primary School 5,2021,251,165,8,89,6,519,P1,86,74.8
Kolkata,2101,KOL-2101,6,Post Office 6,2019,322,149,2,45,5,523,P1,173,82.8
Kolkata,2101,KOL-2101,6,Post Office 6,2021,329,127,5,41,4,506,P1,202,80.1
Kolkata,2101,KOL-2101,7,Club Building 7,2019,229,144,16,113,5,507,P1,85,82.6
Kolkata,2101,KOL-2101,7,Club Building 7,2021,314,138,4,41,5,502,P1,176,81.8
Kolkata,2101,KOL-2101,8,Health Sub-Centre 8,2019,270,139,6,177,6,598,P1,93,77.0
Kolkata,2101,KOL-2101,8,Health Sub-Centre 8,2021,398,160,3,52,6,619,P1,238,79.7
Kolkata,2101,KOL-2101,9,Primary School 9,2019,249,135,2,48,5,439,P1,114,78.1
Kolkata,2101,KOL-2101,9,Primary School 9,2021,237,131,11,75,5,459,P1,106,81.7
Kolkata,2101,KOL-2101,10,Primary School 10,2019,311,115,3,40,4,473,P1,196,74.5
Kolkata,2101,KOL-2101,10,Primary School 10,2021,391,55,2,43,5,496,P1,336,78.1
Kolkata,2101,KOL-2101,11,Post Office 11,2019,274,141,5,74,6,500,P1,133,76.7
Kolkata,2101,KOL-2101,11,Post Office 11,2021,236,205,4,40,4,489,P1,31,75.0
Kolkata,2101,KOL-2101,12,Community Hall 12,2019,285,215,4,46,6,556,P1,70,78.2
Kolkata,2101,KOL-2101,12,Community Hall 12,2021,344,163,4,47,5,563,P1,181,79.2
Kolkata,2101,KOL-2101,13,Govt Office 13,2019,252,82,7,66,4,411,P1,170,73.1
Kolkata,2101,KOL-2101,13,Govt Office 13,2021,198,123,3,91,4,419,P1,75,74.6
Kolkata,2101,KOL-2101,14,Madrasa 14,2019,311,153,3,80,5,552,P1,158,72.9
Kolkata,2101,KOL-2101,14,Madrasa 14,2021,451,113,2,54,6,626,P1,338,82.7
Kolkata,2101,KOL-2101,15,Govt Office 15,2019,378,63,5,40,4,490,P1,315,78.8
Kolkata,2101,KOL-2101,15,Govt Office 15,2021,344,100,5,39,5,493,P1,244,79.3
Kolkata,2101,KOL-2101,16,Post Office 16,2019,278,221,5,44,6,554,P1,57,79.1
Kolkata,2101,KOL-2101,16,Post Office 16,2021,322,170,7,69,6,574,P1,152,82.0
Kolkata,2101,KOL-2101,17,Market Building 17,2019,325,203,6,47,6,587,P1,122,78.4
Kolkata,2101,KOL-2101,17,Market Building 17,2021,364,97,16,116,6,599,P1,248,80.0
Kolkata,2101,KOL-2101,18,Market Building 18,2019,233,161,5,63,5,467,P1,72,78.9
Kolkata,2101,KOL-2101,18,Market Building 18,2021,323,80,1,39,5,448,P1,243,75.7
Kolkata,2101,KOL-2101,19,Club Building 19,2019,222,96,10,80,4,412,P1,126,82.7
Kolkata,2101,KOL-2101,19,Club Building 19,2021,238,108,3,34,4,387,P1,130,77.7
Kolkata,2101,KOL-2101,20,Primary School 20,2019,265,129,8,121,5,528,P1,136,77.8
Kolkata,2101,KOL-2101,20,Primary School 20,2021,284,176,2,68,6,536,P1,108,78.9
Kolkata,2101,KOL-2101,21,Community Hall 21,2019,212,92,3,70,5,382,P1,120,77.2
Kolkata,2101,KOL-2101,21,Community Hall 21,2021,238,90,3,30,3,364,P1,148,73.5
Kolkata,2101,KOL-2101,22,Madrasa 22,2019,426,139,7,49,7,628,P1,287,77.2
Kolkata,2101,KOL-2101,22,Madrasa 22,2021,455,130,5,53,7,650,P1,325,80.0
Kolkata,2101,KOL-2101,23,Temple Hall 23,2019,276,132,16,116,5,545,P1,144,73.1
Kolkata,2101,KOL-2101,23,Temple Hall 23,2021,435,87,6,46,6,580,P1,348,77.7
Kolkata,2101,KOL-2101,24,Govt Office 24,2019,356,157,2,53,6,574,P1,199,74.4
Kolkata,2101,KOL-2101,24,Govt Office 24,2021,376,201,6,52,6,641,P1,175,83.1
Kolkata,2101,KOL-2101,25,High School 25,2019,207,142,1,37,5,392,P1,65,78.1
Kolkata,2101,KOL-2101,25,High School 25,2021,229,137,5,42,4,417,P1,92,83.1
Kolkata,2101,KOL-2101,26,Panchayat Bhavan 26,2019,276,118,5,117,5,521,P1,158,79.1
Kolkata,2101,KOL-2101,26,Panchayat Bhavan 26,2021,291,140,5,38,5,479,P1,151,72.7
Kolkata,2101,KOL-2101,27,Community Hall 27,2019,257,129,3,67,4,460,P1,128,74.2
Kolkata,2101,KOL-2101,27,Community Hall 27,2021,300,118,4,38,5,465,P1,182,75.0
Kolkata,2101,KOL-2101,28,Post Office 28,2019,292,91,2,36,5,426,P1,201,73.6
Kolkata,2101,KOL-2101,28,Post Office 28,2021,278,137,3,39,5,462,P1,141,79.8
Kolkata,2101,KOL-2101,29,Primary School 29,2019,311,196,5,121,6,639,P1,115,79.8
Kolkata,2101,KOL-2101,29,Primary School 29,2021,334,205,4,50,6,599,P1,129,74.8
Kolkata,2101,KOL-2101,30,High School 30,2019,263,124,2,37,4,430,P1,139,75.2
Kolkata,2101,KOL-2101,30,High School 30,2021,301,98,4,36,5,444,P1,203,77.6
Kolkata,2101,KOL-2101,31,Temple Hall 31,2019,414,143,4,51,7,619,P1,271,77.5
Kolkata,2101,KOL-2101,31,Temple Hall 31,2021,403,184,3,56,7,653,P1,219,81.7
Kolkata,2101,KOL-2101,32,Market Building 32,2019,198,153,4,58,4,417,P1,45,81.4
Kolkata,2101,KOL-2101,32,Market Building 32,2021,213,125,4,60,5,407,P1,88,79.5
Kolkata,2101,KOL-2101,33,Post Office 33,2019,260,116,5,33,4,418,P1,144,75.6
Kolkata,2101,KOL-2101,33,Post Office 33,2021,242,132,5,36,4,419,P1,110,75.8
Kolkata,2101,KOL-2101,34,Panchayat Bhavan 34,2019,290,102,4,35,5,436,P1,188,81.0
Kolkata,2101,KOL-2101,34,Panchayat Bhavan 34,2021,224,80,10,100,4,418,P1,124,77.7
Kolkata,2101,KOL-2101,35,Anganwadi Centre 35,2019,198,193,6,129,6,532,P1,5,79.4
Kolkata,2101,KOL-2101,35,Anganwadi Centre 35,2021,299,155,6,84,5,549,P1,144,81.9
Kolkata,2101,KOL-2101,36,Post Office 36,2019,257,93,4,31,4,389,P1,164,80.4
Kolkata,2101,KOL-2101,36,Post Office 36,2021,222,91,6,45,3,367,P1,131,75.8
Kolkata,2101,KOL-2101,37,High School 37,2019,356,95,5,108,5,569,P1,248,81.5
Kolkata,2101,KOL-2101,37,High School 37,2021,279,208,5,44,5,541,P1,71,77.5
Kolkata,2101,KOL-2101,38,Club Building 38,2019,250,108,2,34,4,398,P1,142,72.4
Kolkata,2101,KOL-2101,38,Club Building 38,2021,193,96,7,98,4,398,P1,95,72.4
Kolkata,2101,KOL-2101,39,Club Building 39,2019,249,102,1,34,4,390,P1,147,78.3
Kolkata,2101,KOL-2101,39,Club Building 39,2021,230,99,3,43,4,379,P1,131,76.1
Kolkata,2101,KOL-2101,40,Market Building 40,2019,298,208,10,111,6,633,P1,90,78.1
Kolkata,2101,KOL-2101,40,Market Building 40,2021,304,175,18,168,8,673,P1,129,83.0
Kolkata,2101,KOL-2101,41,Temple Hall 41,2019,290,157,8,90,6,551,P1,133,77.3
Kolkata,2101,KOL-2101,41,Temple Hall 41,2021,416,69,2,46,6,539,P1,347,75.6
Kolkata,2101,KOL-2101,42,Health Sub-Centre 42,2019,212,106,4,31,4,357,P1,106,72.1
Kolkata,2101,KOL-2101,42,Health Sub-Centre 42,2021,230,98,6,59,3,396,P1,132,80.0
Kolkata,2101,KOL-2101,43,Post Office 43,2019,377,154,5,49,5,590,P1,223,80.3
Kolkata,2101,KOL-2101,43,Post Office 43,2021,342,182,7,57,6,594,P1,160,80.8
Kolkata,2101,KOL-2101,44,Post Office 44,2019,262,162,7,110,5,546,P1,100,77.0
Kolkata,2101,KOL-2101,44,Post Office 44,2021,330,142,2,45,6,525,P1,188,74.0
Kolkata,2101,KOL-2101,45,Community Hall 45,2019,413,159,3,54,6,635,P1,254,82.8
Kolkata,2101,KOL-2101,45,Community Hall 45,2021,344,179,5,48,6,582,P1,165,75.9
Kolkata,2101,KOL-2101,46,Madrasa 46,2019,332,125,5,41,4,507,P1,207,73.8
Kolkata,2101,KOL-2101,46,Madrasa 46,2021,336,170,3,48,5,562,P1,166,81.8
Kolkata,2101,KOL-2101,47,High School 47,2019,313,132,6,39,4,494,P1,181,76.6
Kolkata,2101,KOL-2101,47,High School 47,2021,332,147,4,44,5,532,P1,185,82.5
Kolkata,2101,KOL-2101,48,Anganwadi Centre 48,2019,285,157,6,51,5,504,P1,128,77.5
Kolkata,2101,KOL-2101,48,Anganwadi Centre 48,2021,279,145,5,102,5,536,P1,134,82.5
Kolkata,2101,KOL-2101,49,Community Hall 49,2019,380,116,4,45,6,551,P1,264,73.9
Kolkata,2101,KOL-2101,49,Community Hall 49,2021,321,176,5,45,6,553,P1,145,74.1
Kolkata,2101,KOL-2101,50,Market Building 50,2019,278,103,6,78,5,470,P1,175,82.0
Kolkata,2101,KOL-2101,50,Market Building 50,2021,209,139,5,106,5,464,P1,70,81.0
Kolkata,2101,KOL-2101,51,High School 51,2019,380,204,6,53,5,648,P1,176,79.8
Kolkata,2101,KOL-2101,51,High School 51,2021,364,203,2,55,6,630,P1,161,77.6
Kolkata,2101,KOL-2101,52,Panchayat Bhavan 52,2019,190,107,7,108,5,417,P1,82,72.3
Kolkata,2101,KOL-2101,52,Panchayat Bhavan 52,2021,271,151,2,42,4,470,P1,120,81.5
Kolkata,2101,KOL-2101,53,Health Sub-Centre 53,2019,327,135,5,41,5,513,P1,192,74.2
Kolkata,2101,KOL-2101,53,Health Sub-Centre 53,2021,260,123,15,106,6,510,P1,137,73.8
Kolkata,2101,KOL-2101,54,Community Hall 54,2019,349,161,11,83,6,610,P1,188,77.0
Kolkata,2101,KOL-2101,54,Community Hall 54,2021,407,163,3,54,7,634,P1,244,80.1
Kolkata,2101,KOL-2101,55,High School 55,2019,318,156,5,113,6,598,P1,162,78.4
Kolkata,2101,KOL-2101,55,High School 55,2021,369,154,8,97,5,633,P1,215,83.0
Kolkata,2101,KOL-2101,56,Club Building 56,2019,249,86,11,111,4,461,P1,138,75.0
Kolkata,2101,KOL-2101,56,Club Building 56,2021,227,124,6,101,5,463,P1,103,75.3
Kolkata,2101,KOL-2101,57,Panchayat Bhavan 57,2019,280,203,10,79,5,577,P1,77,77.7
Kolkata,2101,KOL-2101,57,Panchayat Bhavan 57,2021,286,203,7,49,5,550,P1,83,74.0
Kolkata,2101,KOL-2101,58,Anganwadi Centre 58,2019,344,136,3,45,6,534,P1,208,74.1
Kolkata,2101,KOL-2101,58,Anganwadi Centre 58,2021,310,153,14,107,6,590,P1,157,81.8
Kolkata,2101,KOL-2101,59,Club Building 59,2019,199,105,9,72,4,389,P1,94,75.2
Kolkata,2101,KOL-2101,59,Club Building 59,2021,232,93,5,81,4,415,P1,139,80.3
Kolkata,2101,KOL-2101,60,Madrasa 60,2019,246,131,3,35,4,419,P1,115,81.0
Kolkata,2101,KOL-2101,60,Madrasa 60,2021,282,42,4,91,4,423,P1,191,81.8
Kolkata,2101,KOL-2101,61,High School 61,2019,416,154,6,51,7,634,P1,262,81.3
Kolkata,2101,KOL-2101,61,High School 61,2021,406,150,6,50,6,618,P1,256,79.2
Kolkata,2101,KOL-2101,62,Primary School 62,2019,165,160,5,70,4,404,P1,5,78.3
Kolkata,2101,KOL-2101,62,Primary School 62,2021,240,99,6,53,5,403,P1,141,78.1
Kolkata,2101,KOL-2101,63,Govt Office 63,2019,217,141,6,55,4,423,P1,76,75.1
Kolkata,2101,KOL-2101,63,Govt Office 63,2021,308,89,3,37,4,441,P1,219,78.3
Kolkata,2101,KOL-2101,64,Post Office 64,2019,293,174,4,42,6,519,P1,119,76.4
Kolkata,2101,KOL-2101,64,Post Office 64,2021,348,143,2,50,6,549,P1,205,80.9
Kolkata,2101,KOL-2101,65,High School 65,2019,359,175,7,47,5,593,P1,184,72.3
Kolkata,2101,KOL-2101,65,High School 65,2021,472,88,7,49,6,622,P1,384,75.9
Kolkata,2101,KOL-2101,66,Madrasa 66,2019,311,127,6,136,6,586,P1,175,77.0
Kolkata,2101,KOL-2101,66,Madrasa 66,2021,299,181,5,81,7,573,P1,118,75.3
Kolkata,2101,KOL-2101,67,Panchayat Bhavan 67,2019,202,126,4,40,3,375,P1,76,78.0
Kolkata,2101,KOL-2101,67,Panchayat Bhavan 67,2021,272,66,4,29,4,375,P1,206,78.0
Kolkata,2101,KOL-2101,68,Primary School 68,2019,375,123,7,43,5,553,P1,252,81.3
Kolkata,2101,KOL-2101,68,Primary School 68,2021,255,141,8,85,6,495,P1,114,72.8
Kolkata,2101,KOL-2101,69,Temple Hall 69,2019,333,180,5,51,6,575,P1,153,79.3
Kolkata,2101,KOL-2101,69,Temple Hall 69,2021,383,158,5,49,7,602,P1,225,83.0
Kolkata,2101,KOL-2101,70,Govt Office 70,2019,198,140,14,99,5,456,P1,58,77.0
Kolkata,2101,KOL-2101,70,Govt Office 70,2021,292,132,4,38,5,471,P1,160,79.6
Kolkata,2101,KOL-2101,71,Club Building 71,2019,288,100,6,88,4,486,P1,188,82.0
Kolkata,2101,KOL-2101,71,Club Building 71,2021,272,124,3,49,4,452,P1,148,76.2
Kolkata,2101,KOL-2101,72,Temple Hall 72,2019,189,122,3,52,4,370,P1,67,74.4
Kolkata,2101,KOL-2101,72,Temple Hall 72,2021,220,86,7,81,4,398,P1,134,80.1
Kolkata,2101,KOL-2101,73,Market Building 73,2019,398,170,3,53,7,631,P1,228,82.3
Kolkata,2101,KOL-2101,73,Market Building 73,2021,308,118,10,112,5,553,P1,190,72.1
Kolkata,2101,KOL-2101,74,High School 74,2019,265,143,5,36,5,454,P1,122,72.3
Kolkata,2101,KOL-2101,74,High School 74,2021,337,126,2,44,6,515,P1,211,82.0
Kolkata,2101,KOL-2101,75,Health Sub-Centre 75,2019,407,145,5,51,5,613,P1,262,81.0
Kolkata,2101,KOL-2101,75,Health Sub-Centre 75,2021,323,177,3,70,5,578,P1,146,76.4
Kolkata,2101,KOL-2101,76,Health Sub-Centre 76,2019,214,124,13,103,5,459,P1,90,80.2
Kolkata,2101,KOL-2101,76,Health Sub-Centre 76,2021,255,146,7,62,5,475,P1,109,83.0
Kolkata,2101,KOL-2101,77,Panchayat Bhavan 77,2019,286,161,3,75,6,531,P1,125,74.0
Kolkata,2101,KOL-2101,77,Panchayat Bhavan 77,2021,328,140,5,42,5,520,P1,188,72.4
Kolkata,2101,KOL-2101,78,Govt Office 78,2019,228,112,4,34,5,383,P1,116,74.2
Kolkata,2101,KOL-2101,78,Govt Office 78,2021,212,146,4,32,4,398,P1,66,77.1
Kolkata,2101,KOL-2101,79,High School 79,2019,415,136,2,53,6,612,P1,279,82.0
Kolkata,2101,KOL-2101,79,High School 79,2021,281,94,12,181,5,573,P1,100,76.8
Kolkata,2101,KOL-2101,80,Primary School 80,2019,351,113,4,42,5,515,P1,238,82.9
Kolkata,2101,KOL-2101,80,Primary School 80,2021,247,141,2,67,5,462,P1,106,74.4
Kolkata,2101,KOL-2101,81,Panchayat Bhavan 81,2019,386,97,5,43,6,537,P1,289,82.9
Kolkata,2101,KOL-2101,81,Panchayat Bhavan 81,2021,315,131,4,58,6,514,P1,184,79.3
Kolkata,2101,KOL-2101,82,Community Hall 82,2019,213,96,8,60,4,381,P1,117,77.0
Kolkata,2101,KOL-2101,82,Community Hall 82,2021,201,143,2,33,4,383,P1,58,77.4
Kolkata,2101,KOL-2101,83,Market Building 83,2019,241,87,6,166,5,505,P1,75,74.4
Kolkata,2101,KOL-2101,83,Market Building 83,2021,289,140,3,87,4,523,P1,149,77.0
Kolkata,2101,KOL-2101,84,Club Building 84,2019,321,132,6,39,6,504,P1,189,72.8
Kolkata,2101,KOL-2101,84,Club Building 84,2021,326,141,4,93,5,569,P1,185,82.2
Kolkata,2101,KOL-2101,85,Primary School 85,2019,277,151,2,41,5,476,P1,126,78.9
Kolkata,2101,KOL-2101,85,Primary School 85,2021,265,127,5,34,4,435,P1,138,72.1
Kolkata,2101,KOL-2101,86,Health Sub-Centre 86,2019,401,105,3,48,5,562,P1,296,73.7
Kolkata,2101,KOL-2101,86,Health Sub-Centre 86,2021,357,156,4,63,5,585,P1,201,76.7
Kolkata,2101,KOL-2101,87,Primary School 87,2019,295,132,9,156,6,598,P1,139,82.4
Kolkata,2101,KOL-2101,87,Primary School 87,2021,312,185,6,63,5,571,P1,127,78.7
Kolkata,2101,KOL-2101,88,Anganwadi Centre 88,2019,241,90,8,78,4,421,P1,151,78.0
Kolkata,2101,KOL-2101,88,Anganwadi Centre 88,2021,221,138,8,65,5,437,P1,83,80.9
Kolkata,2101,KOL-2101,89,Govt Office 89,2019,284,100,3,35,5,427,P1,184,82.3
Kolkata,2101,KOL-2101,89,Govt Office 89,2021,272,95,3,33,5,408,P1,177,78.6
Kolkata,2101,KOL-2101,90,Market Building 90,2019,351,189,10,93,7,650,P1,162,80.2
Kolkata,2101,KOL-2101,90,Market Building 90,2021,405,149,9,83,6,652,P1,256,80.5
Kolkata,2101,KOL-2101,91,Community Hall 91,2019,273,170,3,80,5,531,P1,103,76.8
Kolkata,2101,KOL-2101,91,Community Hall 91,2021,307,192,5,45,6,555,P1,115,80.3
Kolkata,2101,KOL-2101,92,Post Office 92,2019,358,169,6,76,6,615,P1,189,77.5
Kolkata,2101,KOL-2101,92,Post Office 92,2021,331,195,7,51,6,590,P1,136,74.3
Kolkata,2101,KOL-2101,93,Primary School 93,2019,215,191,3,54,4,467,P1,24,76.6
Kolkata,2101,KOL-2101,93,Primary School 93,2021,315,119,2,42,5,483,P1,196,79.2
Kolkata,2101,KOL-2101,94,Temple Hall 94,2019,356,183,5,73,7,624,P1,173,76.4
Kolkata,2101,KOL-2101,94,Temple Hall 94,2021,403,141,7,47,6,604,P1,262,73.9
Kolkata,2101,KOL-2101,95,Club Building 95,2019,334,119,6,39,5,503,P1,215,73.8
Kolkata,2101,KOL-2101,95,Club Building 95,2021,291,132,11,104,5,543,P1,159,79.6
Kolkata,2101,KOL-2101,96,Primary School 96,2019,250,101,2,33,4,390,P1,149,73.3
Kolkata,2101,KOL-2101,96,Primary School 96,2021,259,107,2,34,4,406,P1,152,76.3
Kolkata,2101,KOL-2101,97,Anganwadi Centre 97,2019,282,177,7,62,5,533,P1,105,74.2
Kolkata,2101,KOL-2101,97,Anganwadi Centre 97,2021,317,163,5,45,6,536,P1,154,74.7
Kolkata,2101,KOL-2101,98,Madrasa 98,2019,270,120,4,35,4,433,P1,150,79.9
Kolkata,2101,KOL-2101,98,Madrasa 98,2021,202,179,4,59,5,449,P1,23,82.8
Kolkata,2101,KOL-2101,99,Post Office 99,2019,358,88,12,126,6,590,P1,232,76.5
Kolkata,2101,KOL-2101,99,Post Office 99,2021,347,191,4,91,6,639,P1,156,82.9
Kolkata,2101,KOL-2101,100,Panchayat Bhavan 100,2019,328,172,2,55,7,564,P1,156,76.2
Kolkata,2101,KOL-2101,100,Panchayat Bhavan 100,2021,322,168,4,45,6,545,P1,154,73.6
Kolkata,2101,KOL-2101,101,Post Office 101,2019,496,73,6,51,6,632,P1,423,79.7
Kolkata,2101,KOL-2101,101,Post Office 101,2021,420,142,7,50,5,624,P1,278,78.7
Kolkata,2101,KOL-2101,102,Anganwadi Centre 102,2019,279,183,6,77,5,550,P1,96,81.2
Kolkata,2101,KOL-2101,102,Anganwadi Centre 102,2021,280,168,6,39,4,497,P1,112,73.4
Kolkata,2101,KOL-2101,103,Madrasa 103,2019,195,55,16,149,4,419,P1,46,80.6
Kolkata,2101,KOL-2101,103,Madrasa 103,2021,217,124,5,58,5,409,P1,93,78.7
Kolkata,2101,KOL-2101,104,Community Hall 104,2019,197,107,4,93,4,405,P1,90,73.6
Kolkata,2101,KOL-2101,104,Community Hall 104,2021,223,127,3,94,4,451,P1,96,82.0
Kolkata,2101,KOL-2101,105,Club Building 105,2019,390,103,3,46,6,548,P1,287,74.0
Kolkata,2101,KOL-2101,105,Club Building 105,2021,330,135,5,89,6,565,P1,195,76.2
Kolkata,2101,KOL-2101,106,Post Office 106,2019,278,130,12,112,6,538,P1,148,78.4
Kolkata,2101,KOL-2101,106,Post Office 106,2021,275,106,16,130,5,532,P1,145,77.6
Kolkata,2101,KOL-2101,107,Health Sub-Centre 107,2019,288,109,1,40,5,443,P1,179,81.9
Kolkata,2101,KOL-2101,107,Health Sub-Centre 107,2021,248,135,5,51,4,443,P1,113,81.9
Kolkata,2101,KOL-2101,108,Anganwadi Centre 108,2019,330,110,8,180,6,634,P1,150,81.8
Kolkata,2101,KOL-2101,108,Anganwadi Centre 108,2021,353,154,7,84,6,604,P1,199,77.9
Kolkata,2101,KOL-2101,109,Health Sub-Centre 109,2019,337,150,9,68,6,570,P1,187,80.5
Kolkata,2101,KOL-2101,109,Health Sub-Centre 109,2021,310,171,4,98,6,589,P1,139,83.2
Kolkata,2101,KOL-2101,110,Market Building 110,2019,322,148,3,44,6,523,P1,174,76.9
Kolkata,2101,KOL-2101,110,Market Building 110,2021,295,175,5,42,6,523,P1,120,76.9
Kolkata,2101,KOL-2101,111,Community Hall 111,2019,353,183,6,47,7,596,P1,170,81.4
Kolkata,2101,KOL-2101,111,Community Hall 111,2021,304,142,6,93,6,551,P1,162,75.3
Kolkata,2101,KOL-2101,112,Health Sub-Centre 112,2019,270,179,2,43,5,499,P1,91,74.3
Kolkata,2101,KOL-2101,112,Health Sub-Centre 112,2021,315,127,3,48,5,498,P1,188,74.1
Kolkata,2101,KOL-2101,113,Temple Hall 113,2019,398,153,4,51,7,613,P1,245,80.1
Kolkata,2101,KOL-2101,113,Temple Hall 113,2021,288,197,8,109,6,608,P1,91,79.5
Kolkata,2101,KOL-2101,114,Madrasa 114,2019,210,81,5,82,4,382,P1,128,78.6
Kolkata,2101,KOL-2101,114,Madrasa 114,2021,156,115,7,70,4,352,P1,41,72.4
Kolkata,2101,KOL-2101,115,Govt Office 115,2019,323,140,7,173,7,650,P1,150,81.5
Kolkata,2101,KOL-2101,115,Govt Office 115,2021,421,161,7,56,7,652,P1,260,81.7
Kolkata,2101,KOL-2101,116,Primary School 116,2019,314,161,16,114,7,612,P1,153,77.9
Kolkata,2101,KOL-2101,116,Primary School 116,2021,346,135,8,75,6,570,P1,211,72.5
Kolkata,2101,KOL-2101,117,Madrasa 117,2019,274,131,4,36,6,451,P1,143,76.6
Kolkata,2101,KOL-2101,117,Madrasa 117,2021,265,128,5,35,4,437,P1,137,74.2
Kolkata,2101,KOL-2101,118,Anganwadi Centre 118,2019,270,129,4,36,4,443,P1,141,73.0
Kolkata,2101,KOL-2101,118,Anganwadi Centre 118,2021,260,164,1,41,5,471,P1,96,77.6
Kolkata,2101,KOL-2101,119,Anganwadi Centre 119,2019,363,123,4,63,5,558,P1,240,75.6
Kolkata,2101,KOL-2101,119,Anganwadi Centre 119,2021,310,123,7,118,6,564,P1,187,76.4
Kolkata,2101,KOL-2101,120,Govt Office 120,2019,312,87,7,115,5,526,P1,197,76.5
Kolkata,2101,KOL-2101,120,Govt Office 120,2021,314,141,5,86,5,551,P1,173,80.1
Kolkata,2101,KOL-2101,121,Primary School 121,2019,341,156,16,145,8,666,P1,185,81.6
Kolkata,2101,KOL-2101,121,Primary School 121,2021,419,114,8,114,7,662,P1,305,81.1
Kolkata,2101,KOL-2101,122,Temple Hall 122,2019,335,130,12,100,5,582,P1,205,81.4
Kolkata,2101,KOL-2101,122,Temple Hall 122,2021,305,194,3,64,6,572,P1,111,80.0
Kolkata,2101,KOL-2101,123,Temple Hall 123,2019,226,169,2,44,5,446,P1,57,78.0
Kolkata,2101,KOL-2101,123,Temple Hall 123,2021,232,151,4,35,4,426,P1,81,74.5
Kolkata,2101,KOL-2101,124,Madrasa 124,2019,333,246,7,51,7,644,P1,87,83.2
Kolkata,2101,KOL-2101,124,Madrasa 124,2021,351,186,3,70,6,616,P1,165,79.6
Kolkata,2101,KOL-2101,125,Temple Hall 125,2019,209,147,7,50,5,418,P1,62,72.1
Kolkata,2101,KOL-2101,125,Temple Hall 125,2021,250,108,8,76,4,446,P1,142,76.9
Kolkata,2101,KOL-2101,126,Temple Hall 126,2019,267,147,11,77,5,507,P1,120,81.8
Kolkata,2101,KOL-2101,126,Temple Hall 126,2021,312,117,4,39,5,477,P1,195,76.9
Kolkata,2101,KOL-2101,127,Panchayat Bhavan 127,2019,220,107,4,29,3,363,P1,113,74.1
Kolkata,2101,KOL-2101,127,Panchayat Bhavan 127,2021,189,99,7,77,4,376,P1,90,76.7
Kolkata,2101,KOL-2101,128,Temple Hall 128,2019,214,98,6,82,4,404,P1,116,72.3
Kolkata,2101,KOL-2101,128,Temple Hall 128,2021,219,68,6,107,5,405,P1,112,72.5
Kolkata,2101,KOL-2101,129,Post Office 129,2019,305,231,7,53,6,602,P1,74,74.3
Kolkata,2101,KOL-2101,129,Post Office 129,2021,302,140,6,143,6,597,P1,159,73.7
Kolkata,2101,KOL-2101,130,Panchayat Bhavan 130,2019,281,150,3,57,5,496,P1,131,80.8
Kolkata,2101,KOL-2101,130,Panchayat Bhavan 130,2021,330,124,5,40,5,504,P1,206,82.1
Kolkata,2101,KOL-2101,131,Anganwadi Centre 131,2019,392,83,17,155,7,654,P1,237,80.4
Kolkata,2101,KOL-2101,131,Anganwadi Centre 131,2021,450,122,4,53,6,635,P1,328,78.1
Kolkata,2101,KOL-2101,132,Market Building 132,2019,249,78,4,32,4,367,P1,171,74.7
Kolkata,2101,KOL-2101,132,Market Building 132,2021,185,96,2,75,4,362,P1,89,73.7
Kolkata,2101,KOL-2101,133,Health Sub-Centre 133,2019,291,152,4,40,5,492,P1,139,75.8
Kolkata,2101,KOL-2101,133,Health Sub-Centre 133,2021,260,176,6,38,4,484,P1,84,74.6
Kolkata,2101,KOL-2101,134,Panchayat Bhavan 134,2019,312,126,8,63,5,514,P1,186,76.6
Kolkata,2101,KOL-2101,134,Panchayat Bhavan 134,2021,222,182,4,91,5,504,P1,40,75.1
Kolkata,2101,KOL-2101,135,Club Building 135,2019,383,133,12,111,6,645,P1,250,80.1
Kolkata,2101,KOL-2101,135,Club Building 135,2021,369,199,4,53,6,631,P1,170,78.4
Kolkata,2101,KOL-2101,136,Primary School 136,2019,267,94,2,34,4,401,P1,173,80.2
Kolkata,2101,KOL-2101,136,Primary School 136,2021,214,127,4,30,4,379,P1,87,75.8
Kolkata,2101,KOL-2101,137,Post Office 137,2019,242,103,3,47,4,399,P1,139,82.4
Kolkata,2101,KOL-2101,137,Post Office 137,2021,207,89,7,64,4,371,P1,118,76.7
Kolkata,2101,KOL-2101,138,Community Hall 138,2019,335,157,4,48,5,549,P1,178,77.9
Kolkata,2101,KOL-2101,138,Community Hall 138,2021,300,131,11,93,6,541,P1,169,76.7
Kolkata,2101,KOL-2101,139,Primary School 139,2019,239,152,12,107,5,515,P1,87,75.8
Kolkata,2101,KOL-2101,139,Primary School 139,2021,209,146,16,119,4,494,P1,63,72.8
Kolkata,2101,KOL-2101,140,Anganwadi Centre 140,2019,223,139,5,51,4,422,P1,84,79.6
Kolkata,2101,KOL-2101,140,Anganwadi Centre 140,2021,209,105,4,81,4,403,P1,104,76.0
Kolkata,2101,KOL-2101,141,Madrasa 141,2019,329,187,6,45,6,573,P1,142,77.4
Kolkata,2101,KOL-2101,141,Madrasa 141,2021,350,163,9,64,5,591,P1,187,79.9
Kolkata,2101,KOL-2101,142,Community Hall 142,2019,344,172,3,49,6,574,P1,172,82.4
Kolkata,2101,KOL-2101,142,Community Hall 142,2021,323,123,5,79,6,536,P1,200,76.9
Kolkata,2101,KOL-2101,143,Club Building 143,2019,286,184,3,44,5,522,P1,102,74.0
Kolkata,2101,KOL-2101,143,Club Building 143,2021,378,116,4,46,5,549,P1,262,77.9
Kolkata,2101,KOL-2101,144,Anganwadi Centre 144,2019,212,108,12,113,4,449,P1,99,76.1
Kolkata,2101,KOL-2101,144,Anganwadi Centre 144,2021,261,140,5,35,4,445,P1,121,75.4
Kolkata,2101,KOL-2101,145,Govt Office 145,2019,227,148,4,73,5,457,P1,79,74.7
Kolkata,2101,KOL-2101,145,Govt Office 145,2021,300,102,7,55,4,468,P1,198,76.5
Kolkata,2101,KOL-2101,146,Primary School 146,2019,328,173,7,91,7,606,P1,155,82.0
Kolkata,2101,KOL-2101,146,Primary School 146,2021,345,144,12,88,6,595,P1,201,80.5
Kolkata,2101,KOL-2101,147,Temple Hall 147,2019,163,116,11,90,3,383,P1,47,75.1
Kolkata,2101,KOL-2101,147,Temple Hall 147,2021,197,92,8,74,4,375,P1,105,73.5
Kolkata,2101,KOL-2101,148,Club Building 148,2019,269,154,10,134,6,573,P1,115,82.8
Kolkata,2101,KOL-2101,148,Club Building 148,2021,314,181,7,45,6,553,P1,133,79.9
Kolkata,2101,KOL-2101,149,Community Hall 149,2019,312,100,13,88,5,518,P1,212,82.2
Kolkata,2101,KOL-2101,149,Community Hall 149,2021,308,134,5,39,5,491,P1,174,77.9
Kolkata,2101,KOL-2101,150,Panchayat Bhavan 150,2019,265,122,1,37,5,430,P1,143,74.4
Kolkata,2101,KOL-2101,150,Panchayat Bhavan 150,2021,297,102,3,37,5,444,P1,195,76.8
Kolkata,2101,KOL-2101,151,Community Hall 151,2019,258,186,4,103,5,556,P1,72,80.9
Kolkata,2101,KOL-2101,151,Community Hall 151,2021,305,140,2,47,6,500,P1,165,72.8
Kolkata,2101,KOL-2101,152,Anganwadi Centre 152,2019,269,176,8,68,4,525,P1,93,82.2
Kolkata,2101,KOL-2101,152,Anganwadi Centre 152,2021,297,131,3,40,5,476,P1,166,74.5
Kolkata,2101,KOL-2101,153,High School 153,2019,240,159,7,122,5,533,P1,81,76.6
Kolkata,2101,KOL-2101,153,High School 153,2021,298,138,12,99,6,553,P1,160,79.5
Kolkata,2101,KOL-2101,154,Community Hall 154,2019,242,95,2,53,3,395,P1,147,72.9
Kolkata,2101,KOL-2101,154,Community Hall 154,2021,268,111,4,34,4,421,P1,157,77.7
Kolkata,2101,KOL-2101,155,Club Building 155,2019,306,82,4,35,5,432,P1,224,77.7
Kolkata,2101,KOL-2101,155,Club Building 155,2021,220,120,5,108,5,458,P1,100,82.4
Kolkata,2101,KOL-2101,156,Community Hall 156,2019,262,128,5,83,6,484,P1,134,73.4
Kolkata,2101,KOL-2101,156,Community Hall 156,2021,284,169,4,41,5,503,P1,115,76.3
Kolkata,2101,KOL-2101,157,Panchayat Bhavan 157,2019,389,177,5,52,6,629,P1,212,80.6
Kolkata,2101,KOL-2101,157,Panchayat Bhavan 157,2021,347,198,5,49,7,606,P1,149,77.7
Kolkata,2101,KOL-2101,158,Community Hall 158,2019,309,140,2,43,5,499,P1,169,78.6
Kolkata,2101,KOL-2101,158,Community Hall 158,2021,313,119,6,73,6,517,P1,194,81.4
Kolkata,2101,KOL-2101,159,Health Sub-Centre 159,2019,382,109,5,82,6,584,P1,273,75.9
Kolkata,2101,KOL-2101,159,Health Sub-Centre 159,2021,307,195,2,51,6,561,P1,112,73.0
Kolkata,2101,KOL-2101,160,Primary School 160,2019,263,96,4,32,4,399,P1,167,74.7
Kolkata,2101,KOL-2101,160,Primary School 160,2021,236,138,3,44,4,425,P1,98,79.6
Kolkata,2101,KOL-2101,161,Madrasa 161,2019,305,175,11,114,6,611,P1,130,82.5
Kolkata,2101,KOL-2101,161,Madrasa 161,2021,328,138,8,93,6,573,P1,190,77.3
Kolkata,2101,KOL-2101,162,Anganwadi Centre 162,2019,278,127,2,39,4,450,P1,151,80.2
Kolkata,2101,KOL-2101,162,Anganwadi Centre 162,2021,279,85,4,42,4,414,P1,194,73.8
Kolkata,2101,KOL-2101,163,Post Office 163,2019,326,172,9,78,7,592,P1,154,82.1
Kolkata,2101,KOL-2101,163,Post Office 163,2021,305,114,7,91,5,522,P1,191,72.4
Kolkata,2101,KOL-2101,164,Anganwadi Centre 164,2019,313,205,3,72,7,600,P1,108,82.8
Kolkata,2101,KOL-2101,164,Anganwadi Centre 164,2021,295,134,8,149,6,592,P1,146,81.7
Kolkata,2101,KOL-2101,165,Club Building 165,2019,267,178,4,41,5,495,P1,89,80.8
Kolkata,2101,KOL-2101,165,Club Building 165,2021,285,125,8,62,5,485,P1,160,79.1
Kolkata,2101,KOL-2101,166,Madrasa 166,2019,275,74,3,32,4,388,P1,201,74.2
Kolkata,2101,KOL-2101,166,Madrasa 166,2021,281,99,3,46,4,433,P1,182,82.8
Kolkata,2101,KOL-2101,167,Community Hall 167,2019,371,178,7,48,6,610,P1,193,76.1
Kolkata,2101,KOL-2101,167,Community Hall 167,2021,314,139,5,128,5,591,P1,175,73.7
Kolkata,2101,KOL-2101,168,Temple Hall 168,2019,374,130,6,44,6,560,P1,244,72.4
Kolkata,2101,KOL-2101,168,Temple Hall 168,2021,384,131,6,46,5,572,P1,253,73.9
Kolkata,2101,KOL-2101,169,Panchayat Bhavan 169,2019,252,90,11,84,4,441,P1,162,77.1
Kolkata,2101,KOL-2101,169,Panchayat Bhavan 169,2021,294,91,5,44,5,439,P1,203,76.7
Kolkata,2101,KOL-2101,170,Market Building 170,2019,212,118,5,85,5,425,P1,94,73.1
Kolkata,2101,KOL-2101,170,Market Building 170,2021,292,136,2,42,5,477,P1,156,82.1
Kolkata,2101,KOL-2101,171,Post Office 171,2019,369,115,4,44,6,538,P1,254,76.0
Kolkata,2101,KOL-2101,171,Post Office 171,2021,329,184,6,46,5,570,P1,145,80.5
Kolkata,2101,KOL-2101,172,Market Building 172,2019,343,143,3,46,5,540,P1,200,76.7
Kolkata,2101,KOL-2101,172,Market Building 172,2021,346,165,4,53,5,573,P1,181,81.4
Kolkata,2101,KOL-2101,173,Primary School 173,2019,351,176,5,47,6,585,P1,175,82.6
Kolkata,2101,KOL-2101,173,Primary School 173,2021,297,136,17,132,5,587,P1,161,82.9
Kolkata,2101,KOL-2101,174,Anganwadi Centre 174,2019,401,143,4,50,6,604,P1,258,78.6
Kolkata,2101,KOL-2101,174,Anganwadi Centre 174,2021,362,141,4,46,6,559,P1,221,72.8
Kolkata,2101,KOL-2101,175,Panchayat Bhavan 175,2019,300,121,3,39,5,468,P1,179,79.5
Kolkata,2101,KOL-2101,175,Panchayat Bhavan 175,2021,219,120,8,74,4,425,P1,99,72.2
Kolkata,2101,KOL-2101,176,Madrasa 176,2019,202,125,8,60,3,398,P1,77,81.7
Kolkata,2101,KOL-2101,176,Madrasa 176,2021,237,124,3,33,4,401,P1,113,82.3
Kolkata,2101,KOL-2101,177,Market Building 177,2019,305,124,5,38,5,477,P1,181,76.4
Kolkata,2101,KOL-2101,177,Market Building 177,2021,317,123,4,40,5,489,P1,194,78.4
Kolkata,2101,KOL-2101,178,High School 178,2019,331,153,11,115,6,616,P1,178,80.0
Kolkata,2101,KOL-2101,178,High School 178,2021,361,173,8,86,7,635,P1,188,82.5
Kolkata,2101,KOL-2101,179,Health Sub-Centre 179,2019,198,141,2,62,4,407,P1,57,80.4
Kolkata,2101,KOL-2101,179,Health Sub-Centre 179,2021,256,96,1,34,4,391,P1,160,77.3
Kolkata,2101,KOL-2101,180,Panchayat Bhavan 180,2019,380,144,3,49,6,582,P1,236,74.0
Kolkata,2101,KOL-2101,180,Panchayat Bhavan 180,2021,408,127,4,50,6,595,P1,281,75.6
Kolkata,2101,KOL-2101,181,High School 181,2019,256,180,7,64,6,513,P1,76,72.3
Kolkata,2101,KOL-2101,181,High School 181,2021,360,119,6,42,5,532,P1,241,74.9
Kolkata,2101,KOL-2101,182,Anganwadi Centre 182,2019,378,119,5,45,5,552,P1,259,74.3
Kolkata,2101,KOL-2101,182,Anganwadi Centre 182,2021,297,168,8,72,6,551,P1,129,74.2
Kolkata,2101,KOL-2101,183,High School 183,2019,348,157,6,45,5,561,P1,191,72.7
Kolkata,2101,KOL-2101,183,High School 183,2021,394,140,4,49,6,593,P1,254,76.8
Kolkata,2101,KOL-2101,184,Market Building 184,2019,278,180,8,116,6,588,P1,98,79.1
Kolkata,2101,KOL-2101,184,Market Building 184,2021,367,161,6,46,7,587,P1,206,79.0
Kolkata,2102,KOL-2102,1,Club Building 1,2019,280,129,3,69,5,486,P1,151,83.1
Kolkata,2102,KOL-2102,1,Club Building 1,2021,254,132,4,38,3,431,P1,122,73.7
Kolkata,2102,KOL-2102,2,Govt Office 2,2019,352,174,6,63,7,602,P1,178,81.8
Kolkata,2102,KOL-2102,2,Govt Office 2,2021,337,146,3,80,5,571,P1,191,77.6
Kolkata,2102,KOL-2102,3,Health Sub-Centre 3,2019,297,133,3,40,5,478,P1,164,77.0
Kolkata,2102,KOL-2102,3,Health Sub-Centre 3,2021,278,133,4,37,5,457,P1,145,73.6
Kolkata,2102,KOL-2102,4,Primary School 4,2019,388,118,7,45,5,563,P1,270,78.7
Kolkata,2102,KOL-2102,4,Primary School 4,2021,285,191,6,82,6,570,P1,94,79.7
Kolkata,2102,KOL-2102,5,Temple Hall 5,2019,327,84,1,40,5,457,P1,243,82.9
Kolkata,2102,KOL-2102,5,Temple Hall 5,2021,260,106,2,49,5,422,P1,154,76.6
Kolkata,2102,KOL-2102,6,Community Hall 6,2019,322,129,5,40,5,501,P1,193,75.6
Kolkata,2102,KOL-2102,6,Community Hall 6,2021,300,132,8,76,4,520,P1,168,78.4
Kolkata,2102,KOL-2102,7,Madrasa 7,2019,261,158,12,87,6,524,P1,103,77.9
Kolkata,2102,KOL-2102,7,Madrasa 7,2021,273,182,3,42,6,506,P1,91,75.2
Kolkata,2102,KOL-2102,8,Club Building 8,2019,288,116,4,36,4,448,P1,172,82.7
Kolkata,2102,KOL-2102,8,Club Building 8,2021,230,141,5,64,5,445,P1,89,82.1
Kolkata,2102,KOL-2102,9,Temple Hall 9,2019,273,167,4,65,6,515,P1,106,78.1
Kolkata,2102,KOL-2102,9,Temple Hall 9,2021,345,139,3,50,5,542,P1,206,82.2
Kolkata,2102,KOL-2102,10,Primary School 10,2019,234,158,5,66,4,467,P1,76,74.6
Kolkata,2102,KOL-2102,10,Primary School 10,2021,270,131,5,107,5,518,P1,139,82.7
Kolkata,2102,KOL-2102,11,Primary School 11,2019,272,126,3,37,4,442,P1,146,80.4
Kolkata,2102,KOL-2102,11,Primary School 11,2021,225,109,4,96,4,438,P1,116,79.6
Kolkata,2102,KOL-2102,12,Post Office 12,2019,231,97,7,50,4,389,P1,134,75.2
Kolkata,2102,KOL-2102,12,Post Office 12,2021,280,79,4,32,4,399,P1,201,77.2
Kolkata,2102,KOL-2102,13,Post Office 13,2019,354,115,3,44,5,521,P1,239,75.5
Kolkata,2102,KOL-2102,13,Post Office 13,2021,273,122,12,109,5,521,P1,151,75.5
Kolkata,2102,KOL-2102,14,High School 14,2019,247,136,5,33,4,425,P1,111,76.7
Kolkata,2102,KOL-2102,14,High School 14,2021,254,101,3,54,3,415,P1,153,74.9
Kolkata,2102,KOL-2102,15,Temple Hall 15,2019,233,120,6,52,5,416,P1,113,74.3
Kolkata,2102,KOL-2102,15,Temple Hall 15,2021,259,117,5,33,4,418,P1,142,74.6
Kolkata,2102,KOL-2102,16,Post Office 16,2019,274,120,5,34,4,437,P1,154,73.7
Kolkata,2102,KOL-2102,16,Post Office 16,2021,308,90,5,35,4,442,P1,218,74.5
Kolkata,2102,KOL-2102,17,Club Building 17,2019,212,89,4,99,5,409,P1,113,81.2
Kolkata,2102,KOL-2102,17,Club Building 17,2021,217,133,1,37,4,392,P1,84,77.8
Kolkata,2102,KOL-2102,18,Panchayat Bhavan 18,2019,260,199,8,57,5,529,P1,61,82.9
Kolkata,2102,KOL-2102,18,Panchayat Bhavan 18,2021,286,158,7,56,5,512,P1,128,80.3
Kolkata,2102,KOL-2102,19,Panchayat Bhavan 19,2019,304,166,6,86,6,568,P1,138,82.2
Kolkata,2102,KOL-2102,19,Panchayat Bhavan 19,2021,248,137,8,134,6,533,P1,111,77.1
Kolkata,2102,KOL-2102,20,Panchayat Bhavan 20,2019,367,179,3,51,6,606,P1,188,83.1
Kolkata,2102,KOL-2102,20,Panchayat Bhavan 20,2021,268,125,16,125,6,540,P1,143,74.1
Kolkata,2102,KOL-2102,21,Community Hall 21,2019,331,212,11,86,6,646,P1,119,83.1
Kolkata,2102,KOL-2102,21,Community Hall 21,2021,417,159,3,55,6,640,P1,258,82.4
Kolkata,2102,KOL-2102,22,Panchayat Bhavan 22,2019,390,179,6,55,7,637,P1,211,82.9
Kolkata,2102,KOL-2102,22,Panchayat Bhavan 22,2021,408,164,5,52,6,635,P1,244,82.7
Kolkata,2102,KOL-2102,23,Market Building 23,2019,266,112,4,36,5,423,P1,154,75.1
Kolkata,2102,KOL-2102,23,Market Building 23,2021,292,121,2,39,5,459,P1,171,81.5
Kolkata,2102,KOL-2102,24,Panchayat Bhavan 24,2019,325,103,14,134,6,582,P1,191,76.5
Kolkata,2102,KOL-2102,24,Panchayat Bhavan 24,2021,370,182,7,48,7,614,P1,188,80.7
Kolkata,2102,KOL-2102,25,Health Sub-Centre 25,2019,217,112,11,83,3,426,P1,105,83.0
Kolkata,2102,KOL-2102,25,Health Sub-Centre 25,2021,255,125,3,35,4,422,P1,130,82.3
Kolkata,2102,KOL-2102,26,Club Building 26,2019,338,164,7,111,7,627,P1,174,79.3
Kolkata,2102,KOL-2102,26,Club Building 26,2021,302,191,5,70,6,574,P1,111,72.6
Kolkata,2102,KOL-2102,27,Govt Office 27,2019,319,129,4,41,5,498,P1,190,73.8
Kolkata,2102,KOL-2102,27,Govt Office 27,2021,288,156,2,43,4,493,P1,132,73.0
Kolkata,2102,KOL-2102,28,Health Sub-Centre 28,2019,344,131,7,71,5,558,P1,213,73.5
Kolkata,2102,KOL-2102,28,Health Sub-Centre 28,2021,297,197,7,89,5,595,P1,100,78.4
Kolkata,2102,KOL-2102,29,Health Sub-Centre 29,2019,225,130,5,36,4,400,P1,95,73.8
Kolkata,2102,KOL-2102,29,Health Sub-Centre 29,2021,249,112,7,48,4,420,P1,137,77.5
Kolkata,2102,KOL-2102,30,Post Office 30,2019,393,100,2,48,5,548,P1,293,80.8
Kolkata,2102,KOL-2102,30,Post Office 30,2021,341,128,2,45,5,521,P1,213,76.8
Kolkata,2102,KOL-2102,31,Community Hall 31,2019,242,133,13,140,6,534,P1,102,83.0
Kolkata,2102,KOL-2102,31,Community Hall 31,2021,235,100,13,115,5,468,P1,120,72.8
Kolkata,2102,KOL-2102,32,Community Hall 32,2019,335,164,2,48,5,554,P1,171,77.7
Kolkata,2102,KOL-2102,32,Community Hall 32,2021,351,155,4,59,6,575,P1,196,80.6
Kolkata,2102,KOL-2102,33,Post Office 33,2019,241,140,3,35,4,423,P1,101,72.9
Kolkata,2102,KOL-2102,33,Post Office 33,2021,238,123,4,56,5,426,P1,115,73.4
Kolkata,2102,KOL-2102,34,Health Sub-Centre 34,2019,384,136,4,48,6,578,P1,248,73.2
Kolkata,2102,KOL-2102,34,Health Sub-Centre 34,2021,415,125,5,72,6,623,P1,290,78.9
Kolkata,2102,KOL-2102,35,Club Building 35,2019,291,168,4,92,5,560,P1,123,82.4
Kolkata,2102,KOL-2102,35,Club Building 35,2021,277,175,5,40,5,502,P1,102,73.8
Kolkata,2102,KOL-2102,36,Primary School 36,2019,246,144,5,34,4,433,P1,102,72.7
Kolkata,2102,KOL-2102,36,Primary School 36,2021,271,147,2,40,4,464,P1,124,77.9
Kolkata,2102,KOL-2102,37,Temple Hall 37,2019,239,126,15,137,5,522,P1,102,75.8
Kolkata,2102,KOL-2102,37,Temple Hall 37,2021,287,194,7,71,6,565,P1,93,82.0
Kolkata,2102,KOL-2102,38,Temple Hall 38,2019,159,116,11,79,3,368,P1,43,76.0
Kolkata,2102,KOL-2102,38,Temple Hall 38,2021,207,90,7,78,4,386,P1,117,79.8
Kolkata,2102,KOL-2102,39,Govt Office 39,2019,200,94,3,62,4,363,P1,106,73.6
Kolkata,2102,KOL-2102,39,Govt Office 39,2021,227,129,2,34,3,395,P1,98,80.1
Kolkata,2102,KOL-2102,40,Club Building 40,2019,305,99,6,151,6,567,P1,154,76.4
Kolkata,2102,KOL-2102,40,Club Building 40,2021,352,133,5,43,6,539,P1,219,72.6
Kolkata,2102,KOL-2102,41,Madrasa 41,2019,167,104,7,96,4,378,P1,63,77.9
Kolkata,2102,KOL-2102,41,Madrasa 41,2021,235,90,3,29,4,361,P1,145,74.4
Kolkata,2102,KOL-2102,42,Govt Office 42,2019,234,89,5,46,4,378,P1,145,72.7
Kolkata,2102,KOL-2102,42,Govt Office 42,2021,231,102,3,54,4,394,P1,129,75.8
Kolkata,2102,KOL-2102,43,Primary School 43,2019,336,165,2,54,6,563,P1,171,73.4
Kolkata,2102,KOL-2102,43,Primary School 43,2021,365,157,4,48,6,580,P1,208,75.6
Kolkata,2102,KOL-2102,44,Market Building 44,2019,356,86,2,42,5,491,P1,270,75.4
Kolkata,2102,KOL-2102,44,Market Building 44,2021,313,126,5,39,5,488,P1,187,75.0
Kolkata,2102,KOL-2102,45,Primary School 45,2019,221,150,5,37,3,416,P1,71,80.3
Kolkata,2102,KOL-2102,45,Primary School 45,2021,267,109,3,35,4,418,P1,158,80.7
Kolkata,2102,KOL-2102,46,Primary School 46,2019,298,128,3,76,4,509,P1,170,81.6
Kolkata,2102,KOL-2102,46,Primary School 46,2021,306,113,5,37,5,466,P1,193,74.7
Kolkata,2102,KOL-2102,47,Madrasa 47,2019,374,196,2,55,6,633,P1,178,82.5
Kolkata,2102,KOL-2102,47,Madrasa 47,2021,316,179,7,101,6,609,P1,137,79.4
Kolkata,2102,KOL-2102,48,Govt Office 48,2019,355,228,7,52,6,648,P1,127,79.4
Kolkata,2102,KOL-2102,48,Govt Office 48,2021,331,173,6,75,7,592,P1,158,72.5
Kolkata,2102,KOL-2102,49,Madrasa 49,2019,261,103,5,41,4,414,P1,158,79.6
Kolkata,2102,KOL-2102,49,Madrasa 49,2021,274,113,2,37,4,430,P1,161,82.7
Kolkata,2102,KOL-2102,50,Temple Hall 50,2019,235,108,4,30,4,381,P1,127,77.0
Kolkata,2102,KOL-2102,50,Temple Hall 50,2021,214,133,6,55,3,411,P1,81,83.0
Kolkata,2102,KOL-2102,51,Govt Office 51,2019,335,138,3,69,6,551,P1,197,73.4
Kolkata,2102,KOL-2102,51,Govt Office 51,2021,301,221,9,69,6,606,P1,80,80.7
Kolkata,2102,KOL-2102,52,Anganwadi Centre 52,2019,330,186,5,47,5,573,P1,144,75.7
Kolkata,2102,KOL-2102,52,Anganwadi Centre 52,2021,299,109,5,147,6,566,P1,152,74.8
Kolkata,2102,KOL-2102,53,Temple Hall 53,2019,300,145,5,53,5,508,P1,155,75.3
Kolkata,2102,KOL-2102,53,Temple Hall 53,2021,235,135,10,105,4,489,P1,100,72.4
Kolkata,2102,KOL-2102,54,Govt Office 54,2019,416,99,5,46,6,572,P1,317,80.9
Kolkata,2102,KOL-2102,54,Govt Office 54,2021,247,118,21,155,5,546,P1,92,77.2
Kolkata,2102,KOL-2102,55,Panchayat Bhavan 55,2019,231,136,3,33,4,407,P1,95,77.5
Kolkata,2102,KOL-2102,55,Panchayat Bhavan 55,2021,214,132,5,80,4,435,P1,82,82.9
Kolkata,2102,KOL-2102,56,Govt Office 56,2019,292,114,2,52,5,465,P1,178,79.5
Kolkata,2102,KOL-2102,56,Govt Office 56,2021,256,143,2,38,4,443,P1,113,75.7
Kolkata,2102,KOL-2102,57,Post Office 57,2019,275,176,4,41,5,501,P1,99,79.0
Kolkata,2102,KOL-2102,57,Post Office 57,2021,251,144,5,68,5,473,P1,107,74.6
Kolkata,2102,KOL-2102,58,Primary School 58,2019,398,107,3,47,6,561,P1,291,80.3
Kolkata,2102,KOL-2102,58,Primary School 58,2021,303,176,4,44,6,533,P1,127,76.3
Kolkata,2102,KOL-2102,59,Madrasa 59,2019,308,140,12,116,5,581,P1,168,82.4
Kolkata,2102,KOL-2102,59,Madrasa 59,2021,349,154,4,46,5,558,P1,195,79.1
Kolkata,2102,KOL-2102,60,Govt Office 60,2019,193,124,2,30,3,352,P1,69,72.6
Kolkata,2102,KOL-2102,60,Govt Office 60,2021,202,132,4,53,4,395,P1,70,81.4
Kolkata,2102,KOL-2102,61,Govt Office 61,2019,361,166,5,66,6,604,P1,195,76.1
Kolkata,2102,KOL-2102,61,Govt Office 61,2021,319,198,7,45,5,574,P1,121,72.3
Kolkata,2102,KOL-2102,62,Post Office 62,2019,367,192,3,53,6,621,P1,175,80.8
Kolkata,2102,KOL-2102,62,Post Office 62,2021,337,126,7,85,6,561,P1,211,73.0
Kolkata,2102,KOL-2102,63,Club Building 63,2019,231,170,6,78,5,490,P1,61,72.2
Kolkata,2102,KOL-2102,63,Club Building 63,2021,264,166,8,68,5,511,P1,98,75.3
Kolkata,2102,KOL-2102,64,Temple Hall 64,2019,314,146,6,52,5,523,P1,168,80.0
Kolkata,2102,KOL-2102,64,Temple Hall 64,2021,334,139,4,43,6,526,P1,195,80.4
Kolkata,2102,KOL-2102,65,Govt Office 65,2019,284,134,11,218,6,653,P1,66,81.9
Kolkata,2102,KOL-2102,65,Govt Office 65,2021,381,155,4,50,6,596,P1,226,74.8
Kolkata,2102,KOL-2102,66,Community Hall 66,2019,270,97,4,37,4,412,P1,173,81.7
Kolkata,2102,KOL-2102,66,Community Hall 66,2021,181,125,7,56,4,373,P1,56,74.0
Kolkata,2102,KOL-2102,67,Post Office 67,2019,229,153,4,56,4,446,P1,76,75.2
Kolkata,2102,KOL-2102,67,Post Office 67,2021,257,132,6,66,4,465,P1,125,78.4
Kolkata,2102,KOL-2102,68,Anganwadi Centre 68,2019,331,190,2,50,6,579,P1,141,74.2
Kolkata,2102,KOL-2102,68,Anganwadi Centre 68,2021,350,136,6,115,6,613,P1,214,78.6
Kolkata,2102,KOL-2102,69,Primary School 69,2019,323,176,5,45,5,554,P1,147,74.1
Kolkata,2102,KOL-2102,69,Primary School 69,2021,301,127,17,134,6,585,P1,167,78.2
Kolkata,2102,KOL-2102,70,Post Office 70,2019,312,127,12,109,5,565,P1,185,72.1
Kolkata,2102,KOL-2102,70,Post Office 70,2021,414,139,2,53,6,614,P1,275,78.3
Kolkata,2102,KOL-2102,71,Primary School 71,2019,229,150,9,76,3,467,P1,79,78.9
Kolkata,2102,KOL-2102,71,Primary School 71,2021,253,131,4,34,4,426,P1,122,72.0
Kolkata,2102,KOL-2102,72,Primary School 72,2019,277,201,2,51,6,537,P1,76,81.5
Kolkata,2102,KOL-2102,72,Primary School 72,2021,296,160,5,72,5,538,P1,136,81.6
Kolkata,2102,KOL-2102,73,Madrasa 73,2019,194,118,2,33,4,351,P1,76,73.0
Kolkata,2102,KOL-2102,73,Madrasa 73,2021,270,90,4,32,4,400,P1,180,83.2
Kolkata,2102,KOL-2102,74,Anganwadi Centre 74,2019,289,122,4,59,4,478,P1,167,79.3
Kolkata,2102,KOL-2102,74,Anganwadi Centre 74,2021,302,137,4,52,6,501,P1,165,83.1
Kolkata,2102,KOL-2102,75,Govt Office 75,2019,364,160,3,82,6,615,P1,204,79.5
Kolkata,2102,KOL-2102,75,Govt Office 75,2021,346,168,8,56,6,584,P1,178,75.5
Kolkata,2102,KOL-2102,76,Anganwadi Centre 76,2019,259,179,9,72,5,524,P1,80,72.9
Kolkata,2102,KOL-2102,76,Anganwadi Centre 76,2021,309,171,6,42,5,533,P1,138,74.1
Kolkata,2102,KOL-2102,77,Govt Office 77,2019,342,135,4,44,5,530,P1,207,82.6
Kolkata,2102,KOL-2102,77,Govt Office 77,2021,235,181,4,78,6,504,P1,54,78.5
Kolkata,2102,KOL-2102,78,Community Hall 78,2019,219,99,4,57,3,382,P1,120,75.9
Kolkata,2102,KOL-2102,78,Community Hall 78,2021,225,109,6,58,4,402,P1,116,79.9
Kolkata,2102,KOL-2102,79,Primary School 79,2019,332,165,5,67,6,575,P1,167,78.3
Kolkata,2102,KOL-2102,79,Primary School 79,2021,425,95,5,47,6,578,P1,330,78.7
Kolkata,2102,KOL-2102,80,Post Office 80,2019,304,140,10,76,5,535,P1,164,75.8
Kolkata,2102,KOL-2102,80,Post Office 80,2021,271,202,11,89,5,578,P1,69,81.9
Kolkata,2102,KOL-2102,81,Community Hall 81,2019,365,198,6,79,6,654,P1,167,82.0
Kolkata,2102,KOL-2102,81,Community Hall 81,2021,376,163,5,49,6,599,P1,213,75.1
Kolkata,2102,KOL-2102,82,Panchayat Bhavan 82,2019,337,132,5,41,7,522,P1,205,73.7
Kolkata,2102,KOL-2102,82,Panchayat Bhavan 82,2021,276,152,11,83,6,528,P1,124,74.6
Kolkata,2102,KOL-2102,83,Community Hall 83,2019,232,160,3,36,4,435,P1,72,76.3
Kolkata,2102,KOL-2102,83,Community Hall 83,2021,225,135,3,47,4,414,P1,90,72.6
Kolkata,2102,KOL-2102,84,Health Sub-Centre 84,2019,230,102,2,35,3,372,P1,128,76.9
Kolkata,2102,KOL-2102,84,Health Sub-Centre 84,2021,239,96,3,49,4,391,P1,143,80.8
Kolkata,2102,KOL-2102,85,Temple Hall 85,2019,287,205,3,64,6,565,P1,82,77.7
Kolkata,2102,KOL-2102,85,Temple Hall 85,2021,316,201,7,45,6,575,P1,115,79.1
Kolkata,2102,KOL-2102,86,Panchayat Bhavan 86,2019,204,155,6,69,3,437,P1,49,78.2
Kolkata,2102,KOL-2102,86,Panchayat Bhavan 86,2021,229,93,14,120,4,460,P1,109,82.3
Kolkata,2102,KOL-2102,87,Panchayat Bhavan 87,2019,313,142,14,110,5,584,P1,171,78.9
Kolkata,2102,KOL-2102,87,Panchayat Bhavan 87,2021,357,159,7,45,5,573,P1,198,77.4
Kolkata,2102,KOL-2102,88,Govt Office 88,2019,293,188,3,56,6,546,P1,105,76.7
Kolkata,2102,KOL-2102,88,Govt Office 88,2021,368,121,6,43,6,544,P1,247,76.4
Kolkata,2102,KOL-2102,89,Panchayat Bhavan 89,2019,357,159,7,59,6,588,P1,198,74.8
Kolkata,2102,KOL-2102,89,Panchayat Bhavan 89,2021,375,174,7,48,6,610,P1,201,77.6
Kolkata,2102,KOL-2102,90,Anganwadi Centre 90,2019,275,149,6,58,4,492,P1,126,78.2
Kolkata,2102,KOL-2102,90,Anganwadi Centre 90,2021,321,121,2,55,6,505,P1,200,80.3
Kolkata,2102,KOL-2102,91,Madrasa 91,2019,255,157,5,85,6,508,P1,98,82.3
Kolkata,2102,KOL-2102,91,Madrasa 91,2021,264,143,3,83,5,498,P1,121,80.7
Kolkata,2102,KOL-2102,92,Health Sub-Centre 92,2019,277,123,5,35,5,445,P1,154,77.3
Kolkata,2102,KOL-2102,92,Health Sub-Centre 92,2021,274,134,5,36,5,454,P1,140,78.8
Kolkata,2102,KOL-2102,93,Community Hall 93,2019,410,130,7,47,6,600,P1,280,75.2
Kolkata,2102,KOL-2102,93,Community Hall 93,2021,337,204,8,80,6,635,P1,133,79.6
Kolkata,2102,KOL-2102,94,Anganwadi Centre 94,2019,257,129,20,223,6,635,P1,34,80.6
Kolkata,2102,KOL-2102,94,Anganwadi Centre 94,2021,357,145,12,105,7,626,P1,212,79.4
Kolkata,2102,KOL-2102,95,Madrasa 95,2019,269,84,6,115,4,478,P1,154,79.0
Kolkata,2102,KOL-2102,95,Madrasa 95,2021,279,117,2,38,4,440,P1,162,72.7
Kolkata,2102,KOL-2102,96,Govt Office 96,2019,231,128,5,49,5,418,P1,103,81.2
Kolkata,2102,KOL-2102,96,Govt Office 96,2021,240,114,6,54,5,419,P1,126,81.4
Kolkata,2102,KOL-2102,97,Primary School 97,2019,235,106,4,91,5,441,P1,129,72.8
Kolkata,2102,KOL-2102,97,Primary School 97,2021,281,150,6,60,5,502,P1,131,82.8
Kolkata,2102,KOL-2102,98,Temple Hall 98,2019,278,196,12,93,6,585,P1,82,76.0
Kolkata,2102,KOL-2102,98,Temple Hall 98,2021,323,196,10,97,6,632,P1,127,82.1
Kolkata,2102,KOL-2102,99,Govt Office 99,2019,293,127,16,131,5,572,P1,162,81.0
Kolkata,2102,KOL-2102,99,Govt Office 99,2021,298,142,6,97,4,547,P1,156,77.5
Kolkata,2102,KOL-2102,100,High School 100,2019,184,130,7,78,4,403,P1,54,80.8
Kolkata,2102,KOL-2102,100,High School 100,2021,294,74,4,33,4,409,P1,220,82.0
Kolkata,2102,KOL-2102,101,Madrasa 101,2019,225,102,8,66,3,404,P1,123,76.1
Kolkata,2102,KOL-2102,101,Madrasa 101,2021,241,118,3,52,4,418,P1,123,78.7
Kolkata,2102,KOL-2102,102,Temple Hall 102,2019,281,119,6,62,4,472,P1,162,81.1
Kolkata,2102,KOL-2102,102,Temple Hall 102,2021,311,89,4,36,4,444,P1,222,76.3
Kolkata,2102,KOL-2102,103,Temple Hall 103,2019,339,117,5,40,6,507,P1,222,73.4
Kolkata,2102,KOL-2102,103,Temple Hall 103,2021,268,139,6,140,6,559,P1,128,80.9
Kolkata,2102,KOL-2102,104,High School 104,2019,214,117,7,107,4,449,P1,97,72.8
Kolkata,2102,KOL-2102,104,High School 104,2021,272,134,7,83,5,501,P1,138,81.2
Kolkata,2102,KOL-2102,105,Community Hall 105,2019,306,87,4,35,5,437,P1,219,74.1
Kolkata,2102,KOL-2102,105,Community Hall 105,2021,273,150,5,37,5,470,P1,123,79.7
Kolkata,2102,KOL-2102,106,Primary School 106,2019,244,121,6,45,4,420,P1,123,81.7
Kolkata,2102,KOL-2102,106,Primary School 106,2021,235,147,3,35,5,425,P1,88,82.7
Kolkata,2102,KOL-2102,107,Temple Hall 107,2019,229,202,3,76,6,516,P1,27,72.3
Kolkata,2102,KOL-2102,107,Temple Hall 107,2021,268,132,11,125,5,541,P1,136,75.8
Kolkata,2102,KOL-2102,108,Club Building 108,2019,370,153,4,55,5,587,P1,217,81.0
Kolkata,2102,KOL-2102,108,Club Building 108,2021,340,172,6,55,5,578,P1,168,79.7
Kolkata,2102,KOL-2102,109,Health Sub-Centre 109,2019,295,93,10,171,6,575,P1,124,75.1
Kolkata,2102,KOL-2102,109,Health Sub-Centre 109,2021,316,132,14,96,4,562,P1,184,73.4
Kolkata,2102,KOL-2102,110,Health Sub-Centre 110,2019,366,176,5,49,6,602,P1,190,75.7
Kolkata,2102,KOL-2102,110,Health Sub-Centre 110,2021,362,179,9,77,7,634,P1,183,79.7
Kolkata,2102,KOL-2102,111,Temple Hall 111,2019,360,163,5,73,6,607,P1,197,76.4
Kolkata,2102,KOL-2102,111,Temple Hall 111,2021,422,164,8,52,7,653,P1,258,82.1
Kolkata,2102,KOL-2102,112,Primary School 112,2019,256,191,9,61,5,522,P1,65,75.1
Kolkata,2102,KOL-2102,112,Primary School 112,2021,303,146,4,65,6,524,P1,157,75.4
Kolkata,2102,KOL-2102,113,Health Sub-Centre 113,2019,229,127,10,108,5,479,P1,102,80.6
Kolkata,2102,KOL-2102,113,Health Sub-Centre 113,2021,261,125,7,62,4,459,P1,136,77.3
Kolkata,2102,KOL-2102,114,Temple Hall 114,2019,327,173,7,43,6,556,P1,154,82.1
Kolkata,2102,KOL-2102,114,Temple Hall 114,2021,326,148,3,69,6,552,P1,178,81.5
Kolkata,2102,KOL-2102,115,Post Office 115,2019,220,147,3,34,4,408,P1,73,76.4
Kolkata,2102,KOL-2102,115,Post Office 115,2021,262,122,2,37,4,427,P1,140,80.0
Kolkata,2102,KOL-2102,116,Anganwadi Centre 116,2019,252,113,2,34,5,406,P1,139,74.8
Kolkata,2102,KOL-2102,116,Anganwadi Centre 116,2021,237,132,3,36,4,412,P1,105,75.9
Kolkata,2102,KOL-2102,117,Health Sub-Centre 117,2019,331,215,6,84,6,642,P1,116,80.5
Kolkata,2102,KOL-2102,117,Health Sub-Centre 117,2021,474,106,3,55,6,644,P1,368,80.7
Kolkata,2102,KOL-2102,118,Club Building 118,2019,316,114,9,67,5,511,P1,202,75.3
Kolkata,2102,KOL-2102,118,Club Building 118,2021,359,141,4,46,5,555,P1,218,81.7
Kolkata,2102,KOL-2102,119,Anganwadi Centre 119,2019,284,104,12,112,6,518,P1,172,81.1
Kolkata,2102,KOL-2102,119,Anganwadi Centre 119,2021,282,113,8,74,5,482,P1,169,75.4
Kolkata,2102,KOL-2102,120,Madrasa 120,2019,209,105,6,67,4,391,P1,104,75.9
Kolkata,2102,KOL-2102,120,Madrasa 120,2021,232,117,9,62,4,424,P1,115,82.3
Kolkata,2102,KOL-2102,121,Post Office 121,2019,310,122,3,87,5,527,P1,188,74.6
Kolkata,2102,KOL-2102,121,Post Office 121,2021,331,184,4,47,6,572,P1,147,81.0
Kolkata,2102,KOL-2102,122,Anganwadi Centre 122,2019,326,143,3,44,6,522,P1,183,77.3
Kolkata,2102,KOL-2102,122,Anganwadi Centre 122,2021,307,143,5,40,5,500,P1,164,74.1
Kolkata,2102,KOL-2102,123,Panchayat Bhavan 123,2019,207,127,8,105,5,452,P1,80,73.1
Kolkata,2102,KOL-2102,123,Panchayat Bhavan 123,2021,260,107,8,70,5,450,P1,153,72.8
Kolkata,2102,KOL-2102,124,Primary School 124,2019,240,199,9,67,4,519,P1,41,79.4
Kolkata,2102,KOL-2102,124,Primary School 124,2021,337,116,5,40,5,503,P1,221,76.9
Kolkata,2102,KOL-2102,125,Primary School 125,2019,414,177,3,56,7,657,P1,237,80.7
Kolkata,2102,KOL-2102,125,Primary School 125,2021,439,155,3,57,6,660,P1,284,81.1
Kolkata,2102,KOL-2102,126,Anganwadi Centre 126,2019,250,172,5,37,5,469,P1,78,72.3
Kolkata,2102,KOL-2102,126,Anganwadi Centre 126,2021,281,149,6,80,5,521,P1,132,80.3
Kolkata,2102,KOL-2102,127,Health Sub-Centre 127,2019,269,139,2,38,5,453,P1,130,72.4
Kolkata,2102,KOL-2102,127,Health Sub-Centre 127,2021,293,129,5,62,5,494,P1,164,78.9
Kolkata,2102,KOL-2102,128,Market Building 128,2019,249,65,4,48,4,370,P1,184,73.0
Kolkata,2102,KOL-2102,128,Market Building 128,2021,234,120,2,38,4,398,P1,114,78.5
Kolkata,2102,KOL-2102,129,Post Office 129,2019,295,171,4,43,5,518,P1,124,74.5
Kolkata,2102,KOL-2102,129,Post Office 129,2021,338,177,5,47,5,572,P1,161,82.3
Kolkata,2102,KOL-2102,130,Health Sub-Centre 130,2019,239,129,6,85,4,463,P1,110,81.1
Kolkata,2102,KOL-2102,130,Health Sub-Centre 130,2021,245,90,11,84,4,434,P1,155,76.0
Kolkata,2102,KOL-2102,131,Temple Hall 131,2019,357,150,7,114,7,635,P1,207,80.4
Kolkata,2102,KOL-2102,131,Temple Hall 131,2021,333,185,4,48,5,575,P1,148,72.8
Kolkata,2102,KOL-2102,132,Post Office 132,2019,284,145,4,105,6,544,P1,139,77.1
Kolkata,2102,KOL-2102,132,Post Office 132,2021,341,186,6,47,6,586,P1,155,83.0
Kolkata,2102,KOL-2102,133,Govt Office 133,2019,224,87,5,83,4,403,P1,137,77.5
Kolkata,2102,KOL-2102,133,Govt Office 133,2021,209,125,7,81,5,427,P1,84,82.1
Kolkata,2102,KOL-2102,134,Health Sub-Centre 134,2019,243,111,8,62,5,429,P1,132,81.6
Kolkata,2102,KOL-2102,134,Health Sub-Centre 134,2021,188,118,2,68,5,381,P1,70,72.4
Kolkata,2102,KOL-2102,135,Primary School 135,2019,427,121,4,51,5,608,P1,306,79.3
Kolkata,2102,KOL-2102,135,Primary School 135,2021,372,158,2,51,6,589,P1,214,76.8
Kolkata,2102,KOL-2102,136,Club Building 136,2019,368,136,5,46,5,560,P1,232,81.4
Kolkata,2102,KOL-2102,136,Club Building 136,2021,306,166,3,88,6,569,P1,140,82.7
Kolkata,2102,KOL-2102,137,Govt Office 137,2019,382,154,2,51,7,596,P1,228,75.8
Kolkata,2102,KOL-2102,137,Govt Office 137,2021,320,213,7,58,7,605,P1,107,77.0
Kolkata,2102,KOL-2102,138,Anganwadi Centre 138,2019,460,57,3,49,6,575,P1,403,76.3
Kolkata,2102,KOL-2102,138,Anganwadi Centre 138,2021,346,171,4,73,7,601,P1,175,79.7
Kolkata,2102,KOL-2102,139,Temple Hall 139,2019,240,78,5,44,4,371,P1,162,75.9
Kolkata,2102,KOL-2102,139,Temple Hall 139,2021,278,65,3,32,4,382,P1,213,78.1
Kolkata,2102,KOL-2102,140,Community Hall 140,2019,290,105,4,35,5,439,P1,185,75.2
Kolkata,2102,KOL-2102,140,Community Hall 140,2021,346,70,2,39,5,462,P1,276,79.1
Kolkata,2102,KOL-2102,141,Madrasa 141,2019,260,151,3,38,5,457,P1,109,82.0
Kolkata,2102,KOL-2102,141,Madrasa 141,2021,212,108,8,87,4,419,P1,104,75.2
Kolkata,2102,KOL-2102,142,Market Building 142,2019,396,150,7,48,6,607,P1,246,77.5
Kolkata,2102,KOL-2102,142,Market Building 142,2021,365,203,5,52,6,631,P1,162,80.6
Kolkata,2102,KOL-2102,143,Market Building 143,2019,290,109,12,98,5,514,P1,181,75.0
Kolkata,2102,KOL-2102,143,Market Building 143,2021,292,115,9,129,6,551,P1,163,80.4
Kolkata,2102,KOL-2102,144,Temple Hall 144,2019,231,197,4,61,6,499,P1,34,83.2
Kolkata,2102,KOL-2102,144,Temple Hall 144,2021,231,184,8,64,6,493,P1,47,82.2
Kolkata,2102,KOL-2102,145,Temple Hall 145,2019,370,181,4,52,6,613,P1,189,81.6
Kolkata,2102,KOL-2102,145,Temple Hall 145,2021,352,135,4,45,6,542,P1,217,72.2
Kolkata,2102,KOL-2102,146,Post Office 146,2019,230,163,2,38,3,436,P1,67,80.7
Kolkata,2102,KOL-2102,146,Post Office 146,2021,260,96,4,73,5,438,P1,164,81.1
Kolkata,2102,KOL-2102,147,Madrasa 147,2019,254,71,3,29,4,361,P1,183,72.2
Kolkata,2102,KOL-2102,147,Madrasa 147,2021,268,101,3,34,4,410,P1,167,82.0
Kolkata,2102,KOL-2102,148,Community Hall 148,2019,335,162,5,44,7,553,P1,173,78.3
Kolkata,2102,KOL-2102,148,Community Hall 148,2021,350,178,4,49,6,587,P1,172,83.1
Kolkata,2102,KOL-2102,149,Govt Office 149,2019,271,124,9,62,4,470,P1,147,80.9
Kolkata,2102,KOL-2102,149,Govt Office 149,2021,281,135,5,39,4,464,P1,146,79.9
Kolkata,2102,KOL-2102,150,High School 150,2019,245,106,4,42,4,401,P1,139,74.5
Kolkata,2102,KOL-2102,150,High School 150,2021,224,131,3,32,4,394,P1,93,73.2
Kolkata,2102,KOL-2102,151,Community Hall 151,2019,320,107,2,41,5,475,P1,213,80.6
Kolkata,2102,KOL-2102,151,Community Hall 151,2021,280,135,7,50,4,476,P1,145,80.8
Kolkata,2102,KOL-2102,152,Post Office 152,2019,260,126,3,36,4,429,P1,134,75.7
Kolkata,2102,KOL-2102,152,Post Office 152,2021,231,127,3,56,4,421,P1,104,74.3
Kolkata,2102,KOL-2102,153,Anganwadi Centre 153,2019,282,136,4,38,5,465,P1,146,73.0
Kolkata,2102,KOL-2102,153,Anganwadi Centre 153,2021,236,157,7,124,5,529,P1,79,83.0
Kolkata,2102,KOL-2102,154,Club Building 154,2019,303,162,6,41,4,516,P1,141,77.1
Kolkata,2102,KOL-2102,154,Club Building 154,2021,212,164,7,110,4,497,P1,48,74.3
Kolkata,2102,KOL-2102,155,Community Hall 155,2019,296,125,3,53,4,481,P1,171,77.3
Kolkata,2102,KOL-2102,155,Community Hall 155,2021,276,144,3,85,5,513,P1,132,82.5
Kolkata,2102,KOL-2102,156,Primary School 156,2019,271,119,3,36,4,433,P1,152,77.3
Kolkata,2102,KOL-2102,156,Primary School 156,2021,301,113,5,36,6,461,P1,188,82.3
Kolkata,2102,KOL-2102,157,Anganwadi Centre 157,2019,377,210,7,51,8,653,P1,167,82.6
Kolkata,2102,KOL-2102,157,Anganwadi Centre 157,2021,332,169,8,72,7,588,P1,163,74.3
Kolkata,2102,KOL-2102,158,Community Hall 158,2019,248,124,4,45,4,425,P1,124,80.3
Kolkata,2102,KOL-2102,158,Community Hall 158,2021,209,112,5,92,5,423,P1,97,80.0
Kolkata,2102,KOL-2102,159,Primary School 159,2019,241,99,3,31,3,377,P1,142,78.2
Kolkata,2102,KOL-2102,159,Primary School 159,2021,207,129,4,29,4,373,P1,78,77.4
Kolkata,2102,KOL-2102,160,Club Building 160,2019,256,194,6,130,5,591,P1,62,76.8
Kolkata,2102,KOL-2102,160,Club Building 160,2021,316,131,13,174,7,641,P1,142,83.2
Kolkata,2102,KOL-2102,161,High School 161,2019,165,125,10,97,4,401,P1,40,77.7
Kolkata,2102,KOL-2102,161,High School 161,2021,175,66,10,145,4,400,P1,30,77.5
Kolkata,2102,KOL-2102,162,Madrasa 162,2019,307,145,6,65,6,529,P1,162,80.8
Kolkata,2102,KOL-2102,162,Madrasa 162,2021,308,124,9,97,6,544,P1,184,83.1
Kolkata,2102,KOL-2102,163,Temple Hall 163,2019,219,129,4,30,4,386,P1,90,75.0
Kolkata,2102,KOL-2102,163,Temple Hall 163,2021,210,63,10,122,4,409,P1,88,79.4
Kolkata,2102,KOL-2102,164,Madrasa 164,2019,256,124,3,57,5,445,P1,132,72.1
Kolkata,2102,KOL-2102,164,Madrasa 164,2021,275,76,4,92,4,451,P1,183,73.1
Kolkata,2102,KOL-2102,165,Panchayat Bhavan 165,2019,284,139,3,58,5,489,P1,145,79.6
Kolkata,2102,KOL-2102,165,Panchayat Bhavan 165,2021,297,130,6,55,5,493,P1,167,80.3
Kolkata,2102,KOL-2102,166,Community Hall 166,2019,251,210,7,64,5,537,P1,41,75.6
Kolkata,2102,KOL-2102,166,Community Hall 166,2021,278,191,10,89,5,573,P1,87,80.7
Kolkata,2102,KOL-2102,167,Temple Hall 167,2019,265,120,5,34,4,428,P1,145,82.9
Kolkata,2102,KOL-2102,167,Temple Hall 167,2021,179,108,10,83,3,383,P1,71,74.2
Kolkata,2102,KOL-2102,168,High School 168,2019,224,103,3,66,4,400,P1,121,74.6
Kolkata,2102,KOL-2102,168,High School 168,2021,252,135,5,34,4,430,P1,117,80.2
Kolkata,2102,KOL-2102,169,Community Hall 169,2019,267,105,14,103,5,494,P1,162,75.7
Kolkata,2102,KOL-2102,169,Community Hall 169,2021,270,137,5,60,5,477,P1,133,73.0
Kolkata,2102,KOL-2102,170,Madrasa 170,2019,266,133,9,78,5,491,P1,133,81.8
Kolkata,2102,KOL-2102,170,Madrasa 170,2021,204,93,11,123,4,435,P1,81,72.5
Kolkata,2102,KOL-2102,171,Primary School 171,2019,315,99,11,90,5,520,P1,216,76.0
Kolkata,2102,KOL-2102,171,Primary School 171,2021,253,93,6,178,5,535,P1,75,78.2
Kolkata,2102,KOL-2102,172,Community Hall 172,2019,345,84,5,38,5,477,P1,261,76.3
Kolkata,2102,KOL-2102,172,Community Hall 172,2021,294,120,8,91,5,518,P1,174,82.9
Kolkata,2102,KOL-2102,173,Health Sub-Centre 173,2019,333,179,4,47,6,569,P1,154,76.6
Kolkata,2102,KOL-2102,173,Health Sub-Centre 173,2021,300,150,4,89,5,548,P1,150,73.8
Kolkata,2102,KOL-2102,174,Post Office 174,2019,301,165,7,51,4,528,P1,136,72.3
Kolkata,2102,KOL-2102,174,Post Office 174,2021,317,179,8,79,6,589,P1,138,80.7
Kolkata,2102,KOL-2102,175,Post Office 175,2019,306,166,5,42,5,524,P1,140,82.8
Kolkata,2102,KOL-2102,175,Post Office 175,2021,369,98,3,43,6,519,P1,271,82.0
Kolkata,2102,KOL-2102,176,Madrasa 176,2019,263,108,5,33,3,412,P1,155,80.2
Kolkata,2102,KOL-2102,176,Madrasa 176,2021,209,132,6,41,4,392,P1,77,76.3
Kolkata,2102,KOL-2102,177,Madrasa 177,2019,301,148,6,54,5,514,P1,153,83.0
Kolkata,2102,KOL-2102,177,Madrasa 177,2021,347,116,5,41,6,515,P1,231,83.2
Kolkata,2102,KOL-2102,178,Health Sub-Centre 178,2019,414,91,6,45,6,562,P1,323,77.2
Kolkata,2102,KOL-2102,178,Health Sub-Centre 178,2021,321,181,3,54,6,565,P1,140,77.6
Kolkata,2102,KOL-2102,179,Madrasa 179,2019,365,169,8,62,7,611,P1,196,77.1
Kolkata,2102,KOL-2102,179,Madrasa 179,2021,329,179,4,104,6,622,P1,150,78.5
Kolkata,2102,KOL-2102,180,Panchayat Bhavan 180,2019,268,135,3,45,4,455,P1,133,76.1
Kolkata,2102,KOL-2102,180,Panchayat Bhavan 180,2021,244,137,7,57,5,450,P1,107,75.3
Kolkata,2102,KOL-2102,181,Health Sub-Centre 181,2019,278,123,8,73,5,487,P1,155,75.4
Kolkata,2102,KOL-2102,181,Health Sub-Centre 181,2021,320,131,4,42,4,501,P1,189,77.6
Kolkata,2102,KOL-2102,182,Panchayat Bhavan 182,2019,315,100,4,37,6,462,P1,215,76.6
Kolkata,2102,KOL-2102,182,Panchayat Bhavan 182,2021,283,110,3,37,4,437,P1,173,72.5
Kolkata,2102,KOL-2102,183,Community Hall 183,2019,342,134,6,46,5,533,P1,208,79.3
Kolkata,2102,KOL-2102,183,Community Hall 183,2021,320,121,5,39,6,491,P1,199,73.1
Kolkata,2102,KOL-2102,184,Community Hall 184,2019,203,128,4,48,4,387,P1,75,74.9
Kolkata,2102,KOL-2102,184,Community Hall 184,2021,232,112,3,31,4,382,P1,120,73.9
Kolkata,2102,KOL-2102,185,Anganwadi Centre 185,2019,349,77,4,38,5,473,P1,272,83.1
Kolkata,2102,KOL-2102,185,Anganwadi Centre 185,2021,275,106,7,51,4,443,P1,169,77.9
Kolkata,2102,KOL-2102,186,Community Hall 186,2019,408,137,2,52,7,606,P1,271,78.3
Kolkata,2102,KOL-2102,186,Community Hall 186,2021,411,131,7,47,6,602,P1,280,77.8
Kolkata,2102,KOL-2102,187,High School 187,2019,298,92,10,82,4,486,P1,206,76.8
Kolkata,2102,KOL-2102,187,High School 187,2021,226,130,7,124,5,492,P1,96,77.7
Kolkata,2102,KOL-2102,188,Panchayat Bhavan 188,2019,312,175,6,43,6,542,P1,137,79.8
Kolkata,2102,KOL-2102,188,Panchayat Bhavan 188,2021,352,148,6,44,6,556,P1,204,81.9
Kolkata,2102,KOL-2102,189,Anganwadi Centre 189,2019,241,130,13,110,4,498,P1,111,75.0
Kolkata,2102,KOL-2102,189,Anganwadi Centre 189,2021,302,174,2,48,6,532,P1,128,80.1
Kolkata,2102,KOL-2102,190,Community Hall 190,2019,306,112,3,39,5,465,P1,194,75.5
Kolkata,2102,KOL-2102,190,Community Hall 190,2021,223,191,5,42,5,466,P1,32,75.6
Kolkata,2103,KOL-2103,1,Govt Office 1,2019,340,181,4,49,6,580,P1,159,73.3
Kolkata,2103,KOL-2103,1,Govt Office 1,2021,314,179,8,64,6,571,P1,135,72.2
Kolkata,2103,KOL-2103,2,Primary School 2,2019,322,129,4,49,5,509,P1,193,75.4
Kolkata,2103,KOL-2103,2,Primary School 2,2021,358,135,2,47,6,548,P1,223,81.2
Kolkata,2103,KOL-2103,3,High School 3,2019,323,127,2,43,5,500,P1,196,75.4
Kolkata,2103,KOL-2103,3,High School 3,2021,271,156,9,62,4,502,P1,115,75.7
Kolkata,2103,KOL-2103,4,Community Hall 4,2019,315,184,3,47,6,555,P1,131,74.7
Kolkata,2103,KOL-2103,4,Community Hall 4,2021,351,157,7,74,5,594,P1,194,79.9
Kolkata,2103,KOL-2103,5,Market Building 5,2019,270,195,6,48,6,525,P1,75,76.3
Kolkata,2103,KOL-2103,5,Market Building 5,2021,320,164,3,46,5,538,P1,156,78.2
Kolkata,2103,KOL-2103,6,Primary School 6,2019,343,124,12,96,6,581,P1,219,77.6
Kolkata,2103,KOL-2103,6,Primary School 6,2021,359,114,14,111,5,603,P1,245,80.5
Kolkata,2103,KOL-2103,7,Govt Office 7,2019,335,141,4,44,5,529,P1,194,82.8
Kolkata,2103,KOL-2103,7,Govt Office 7,2021,346,107,6,39,5,503,P1,239,78.7
Kolkata,2103,KOL-2103,8,Health Sub-Centre 8,2019,372,140,10,66,6,594,P1,232,80.2
Kolkata,2103,KOL-2103,8,Health Sub-Centre 8,2021,300,111,5,112,6,534,P1,188,72.1
Kolkata,2103,KOL-2103,9,Madrasa 9,2019,318,111,4,39,5,477,P1,207,78.1
Kolkata,2103,KOL-2103,9,Madrasa 9,2021,274,152,3,57,5,491,P1,122,80.4
Kolkata,2103,KOL-2103,10,Anganwadi Centre 10,2019,306,80,2,36,5,429,P1,226,78.6
Kolkata,2103,KOL-2103,10,Anganwadi Centre 10,2021,277,87,2,34,4,404,P1,190,74.0
Kolkata,2103,KOL-2103,11,Post Office 11,2019,325,250,4,76,6,661,P1,75,82.1
Kolkata,2103,KOL-2103,11,Post Office 11,2021,362,197,7,59,7,632,P1,165,78.5
Kolkata,2103,KOL-2103,12,Govt Office 12,2019,373,167,6,77,6,629,P1,206,79.2
Kolkata,2103,KOL-2103,12,Govt Office 12,2021,352,182,2,51,6,593,P1,170,74.7
Kolkata,2103,KOL-2103,13,Post Office 13,2019,354,93,2,43,5,497,P1,261,76.9
Kolkata,2103,KOL-2103,13,Post Office 13,2021,298,133,8,61,5,505,P1,165,78.2
Kolkata,2103,KOL-2103,14,Club Building 14,2019,417,149,5,61,7,639,P1,268,80.5
Kolkata,2103,KOL-2103,14,Club Building 14,2021,333,222,4,72,6,637,P1,111,80.2
Kolkata,2103,KOL-2103,15,Govt Office 15,2019,304,148,2,60,5,519,P1,156,75.8
Kolkata,2103,KOL-2103,15,Govt Office 15,2021,355,115,3,44,5,522,P1,240,76.2
Kolkata,2103,KOL-2103,16,Primary School 16,2019,238,172,4,66,5,485,P1,66,77.0
Kolkata,2103,KOL-2103,16,Primary School 16,2021,296,123,4,38,5,466,P1,173,74.0
Kolkata,2103,KOL-2103,17,Temple Hall 17,2019,306,131,5,38,6,486,P1,175,75.0
Kolkata,2103,KOL-2103,17,Temple Hall 17,2021,257,137,9,108,4,515,P1,120,79.5
Kolkata,2103,KOL-2103,18,Madrasa 18,2019,230,96,6,41,3,376,P1,134,75.8
Kolkata,2103,KOL-2103,18,Madrasa 18,2021,219,112,7,49,4,391,P1,107,78.8
Kolkata,2103,KOL-2103,19,Anganwadi Centre 19,2019,254,135,5,128,5,527,P1,119,75.6
Kolkata,2103,KOL-2103,19,Anganwadi Centre 19,2021,342,173,7,45,5,572,P1,169,82.1
Kolkata,2103,KOL-2103,20,Madrasa 20,2019,293,158,10,101,6,568,P1,135,74.7
Kolkata,2103,KOL-2103,20,Madrasa 20,2021,338,149,4,56,5,552,P1,189,72.6
Kolkata,2103,KOL-2103,21,Health Sub-Centre 21,2019,201,147,9,71,3,431,P1,54,72.6
Kolkata,2103,KOL-2103,21,Health Sub-Centre 21,2021,259,135,3,37,4,438,P1,124,73.7
Kolkata,2103,KOL-2103,22,Govt Office 22,2019,273,127,4,86,4,494,P1,146,75.9
Kolkata,2103,KOL-2103,22,Govt Office 22,2021,264,144,8,63,6,485,P1,120,74.5
Kolkata,2103,KOL-2103,23,Madrasa 23,2019,234,117,13,96,5,465,P1,117,78.0
Kolkata,2103,KOL-2103,23,Madrasa 23,2021,250,120,9,65,4,448,P1,130,75.2
Kolkata,2103,KOL-2103,24,Club Building 24,2019,234,143,5,33,3,418,P1,91,75.0
Kolkata,2103,KOL-2103,24,Club Building 24,2021,278,89,4,32,5,408,P1,189,73.2
Kolkata,2103,KOL-2103,25,Health Sub-Centre 25,2019,305,154,6,40,5,510,P1,151,75.7
Kolkata,2103,KOL-2103,25,Health Sub-Centre 25,2021,233,138,16,146,5,538,P1,87,79.8
Kolkata,2103,KOL-2103,26,High School 26,2019,210,151,7,61,4,433,P1,59,77.0
Kolkata,2103,KOL-2103,26,High School 26,2021,205,116,3,77,5,406,P1,89,72.2
Kolkata,2103,KOL-2103,27,Club Building 27,2019,238,84,5,65,4,396,P1,154,72.1
Kolkata,2103,KOL-2103,27,Club Building 27,2021,284,102,1,37,5,429,P1,182,78.1
Kolkata,2103,KOL-2103,28,Post Office 28,2019,232,104,13,128,4,481,P1,104,82.2
Kolkata,2103,KOL-2103,28,Post Office 28,2021,256,134,3,36,4,433,P1,122,74.0
Kolkata,2103,KOL-2103,29,Anganwadi Centre 29,2019,449,128,3,55,6,641,P1,321,80.4
Kolkata,2103,KOL-2103,29,Anganwadi Centre 29,2021,299,216,9,111,6,641,P1,83,80.4
Kolkata,2103,KOL-2103,30,Market Building 30,2019,320,154,3,56,5,538,P1,166,80.2
Kolkata,2103,KOL-2103,30,Market Building 30,2021,261,173,3,102,6,545,P1,88,81.2
Kolkata,2103,KOL-2103,31,Madrasa 31,2019,305,88,2,37,5,437,P1,217,72.7
Kolkata,2103,KOL-2103,31,Madrasa 31,2021,258,187,2,43,5,495,P1,71,82.4
Kolkata,2103,KOL-2103,32,Anganwadi Centre 32,2019,361,92,4,41,6,504,P1,269,82.6
Kolkata,2103,KOL-2103,32,Anganwadi Centre 32,2021,253,142,5,57,5,462,P1,111,75.7
Kolkata,2103,KOL-2103,33,Temple Hall 33,2019,373,223,4,56,6,662,P1,150,82.1
Kolkata,2103,KOL-2103,33,Temple Hall 33,2021,385,142,3,50,6,586,P1,243,72.7
Kolkata,2103,KOL-2103,34,Govt Office 34,2019,284,86,6,103,6,485,P1,181,75.2
Kolkata,2103,KOL-2103,34,Govt Office 34,2021,260,115,13,109,5,502,P1,145,77.8
Kolkata,2103,KOL-2103,35,Madrasa 35,2019,269,176,8,75,5,533,P1,93,75.8
Kolkata,2103,KOL-2103,35,Madrasa 35,2021,380,81,4,42,5,512,P1,299,72.8
Kolkata,2103,KOL-2103,36,Post Office 36,2019,410,110,6,46,6,578,P1,300,75.3
Kolkata,2103,KOL-2103,36,Post Office 36,2021,318,172,7,74,6,577,P1,146,75.1
Kolkata,2103,KOL-2103,37,Market Building 37,2019,320,74,3,36,5,438,P1,246,77.4
Kolkata,2103,KOL-2103,37,Market Building 37,2021,288,93,3,35,4,423,P1,195,74.7
Kolkata,2103,KOL-2103,38,Temple Hall 38,2019,385,136,6,46,6,579,P1,249,80.1
Kolkata,2103,KOL-2103,38,Temple Hall 38,2021,351,157,5,46,6,565,P1,194,78.1
Kolkata,2103,KOL-2103,39,Primary School 39,2019,229,117,4,31,3,384,P1,112,78.7
Kolkata,2103,KOL-2103,39,Primary School 39,2021,241,100,3,31,3,378,P1,141,77.5
Kolkata,2103,KOL-2103,40,Club Building 40,2019,239,162,9,109,6,525,P1,77,75.9
Kolkata,2103,KOL-2103,40,Club Building 40,2021,328,189,7,45,5,574,P1,139,82.9
Kolkata,2103,KOL-2103,41,High School 41,2019,346,135,7,85,5,578,P1,211,75.0
Kolkata,2103,KOL-2103,41,High School 41,2021,378,151,5,48,6,588,P1,227,76.3
Kolkata,2103,KOL-2103,42,Post Office 42,2019,310,211,6,70,6,603,P1,99,76.9
Kolkata,2103,KOL-2103,42,Post Office 42,2021,447,111,5,50,7,620,P1,336,79.1
Kolkata,2103,KOL-2103,43,Madrasa 43,2019,262,101,3,34,4,404,P1,161,75.7
Kolkata,2103,KOL-2103,43,Madrasa 43,2021,246,123,3,34,4,410,P1,123,76.8
Kolkata,2103,KOL-2103,44,Anganwadi Centre 44,2019,363,108,2,45,5,523,P1,255,73.6
Kolkata,2103,KOL-2103,44,Anganwadi Centre 44,2021,376,130,5,45,6,562,P1,246,79.0
Kolkata,2103,KOL-2103,45,Primary School 45,2019,305,108,5,78,5,501,P1,197,78.0
Kolkata,2103,KOL-2103,45,Primary School 45,2021,239,121,11,87,5,463,P1,118,72.1
Kolkata,2103,KOL-2103,46,Health Sub-Centre 46,2019,355,124,5,42,6,532,P1,231,75.4
Kolkata,2103,KOL-2103,46,Health Sub-Centre 46,2021,291,212,6,71,6,586,P1,79,83.0
Kolkata,2103,KOL-2103,47,Primary School 47,2019,303,207,4,85,6,605,P1,96,77.3
Kolkata,2103,KOL-2103,47,Primary School 47,2021,246,160,12,154,6,578,P1,86,73.8
Kolkata,2103,KOL-2103,48,Community Hall 48,2019,281,123,4,87,5,500,P1,158,79.2
Kolkata,2103,KOL-2103,48,Community Hall 48,2021,254,128,5,108,5,500,P1,126,79.2
Kolkata,2103,KOL-2103,49,Club Building 49,2019,367,168,3,63,7,608,P1,199,81.2
Kolkata,2103,KOL-2103,49,Club Building 49,2021,290,141,7,131,5,574,P1,149,76.6
Kolkata,2103,KOL-2103,50,Club Building 50,2019,233,83,18,138,5,477,P1,95,81.3
Kolkata,2103,KOL-2103,50,Club Building 50,2021,282,133,3,45,5,468,P1,149,79.7
Kolkata,2103,KOL-2103,51,Club Building 51,2019,260,105,2,35,4,406,P1,155,73.8
Kolkata,2103,KOL-2103,51,Club Building 51,2021,246,129,2,45,4,426,P1,117,77.5
Kolkata,2103,KOL-2103,52,Temple Hall 52,2019,265,181,3,41,5,495,P1,84,74.9
Kolkata,2103,KOL-2103,52,Temple Hall 52,2021,333,111,4,40,5,493,P1,222,74.6
Kolkata,2103,KOL-2103,53,High School 53,2019,343,54,1,38,5,441,P1,289,75.0
Kolkata,2103,KOL-2103,53,High School 53,2021,314,122,2,42,5,485,P1,192,82.5
Kolkata,2103,KOL-2103,54,High School 54,2019,231,137,3,66,5,442,P1,94,81.1
Kolkata,2103,KOL-2103,54,High School 54,2021,288,93,7,46,4,438,P1,195,80.4
Kolkata,2103,KOL-2103,55,High School 55,2019,263,134,10,156,6,569,P1,107,72.7
Kolkata,2103,KOL-2103,55,High School 55,2021,447,115,5,51,6,624,P1,332,79.7
Kolkata,2103,KOL-2103,56,Health Sub-Centre 56,2019,314,194,7,63,6,584,P1,120,82.1
Kolkata,2103,KOL-2103,56,Health Sub-Centre 56,2021,314,181,4,45,5,549,P1,133,77.2
Kolkata,2103,KOL-2103,57,High School 57,2019,428,135,7,49,7,626,P1,293,77.7
Kolkata,2103,KOL-2103,57,High School 57,2021,473,98,2,55,7,635,P1,375,78.8
Kolkata,2103,KOL-2103,58,Health Sub-Centre 58,2019,286,174,13,185,5,663,P1,101,81.2
Kolkata,2103,KOL-2103,58,Health Sub-Centre 58,2021,291,169,20,144,7,631,P1,122,77.2
Kolkata,2103,KOL-2103,59,Madrasa 59,2019,250,128,12,92,5,487,P1,122,73.3
Kolkata,2103,KOL-2103,59,Madrasa 59,2021,278,181,4,52,5,520,P1,97,78.3
Kolkata,2103,KOL-2103,60,Panchayat Bhavan 60,2019,254,112,4,32,5,407,P1,142,73.6
Kolkata,2103,KOL-2103,60,Panchayat Bhavan 60,2021,269,129,2,44,5,449,P1,140,81.2
Kolkata,2103,KOL-2103,61,Madrasa 61,2019,310,125,5,39,5,484,P1,185,80.5
Kolkata,2103,KOL-2103,61,Madrasa 61,2021,243,120,10,80,5,458,P1,123,76.2
Kolkata,2103,KOL-2103,62,Club Building 62,2019,177,118,3,53,4,355,P1,59,74.0
Kolkata,2103,KOL-2103,62,Club Building 62,2021,268,62,3,30,4,367,P1,206,76.5
Kolkata,2103,KOL-2103,63,Club Building 63,2019,225,98,10,152,5,490,P1,73,72.3
Kolkata,2103,KOL-2103,63,Club Building 63,2021,246,172,7,59,5,489,P1,74,72.1
Kolkata,2103,KOL-2103,64,Market Building 64,2019,379,125,3,47,6,560,P1,254,73.3
Kolkata,2103,KOL-2103,64,Market Building 64,2021,340,157,6,68,6,577,P1,183,75.5
Kolkata,2103,KOL-2103,65,Panchayat Bhavan 65,2019,303,162,5,41,6,517,P1,141,80.9
Kolkata,2103,KOL-2103,65,Panchayat Bhavan 65,2021,271,154,4,41,5,475,P1,117,74.3
Kolkata,2103,KOL-2103,66,Post Office 66,2019,325,130,4,41,6,506,P1,195,75.1
Kolkata,2103,KOL-2103,66,Post Office 66,2021,368,123,2,47,6,546,P1,245,81.0
Kolkata,2103,KOL-2103,67,Madrasa 67,2019,225,118,11,137,5,496,P1,88,76.4
Kolkata,2103,KOL-2103,67,Madrasa 67,2021,240,167,5,97,5,514,P1,73,79.2
Kolkata,2103,KOL-2103,68,Govt Office 68,2019,179,88,8,139,4,418,P1,40,74.8
Kolkata,2103,KOL-2103,68,Govt Office 68,2021,242,138,5,34,4,423,P1,104,75.7
Kolkata,2103,KOL-2103,69,Madrasa 69,2019,280,99,2,36,5,422,P1,181,79.6
Kolkata,2103,KOL-2103,69,Madrasa 69,2021,298,97,2,38,3,438,P1,201,82.6
Kolkata,2103,KOL-2103,70,Panchayat Bhavan 70,2019,259,175,10,75,6,525,P1,84,74.0
Kolkata,2103,KOL-2103,70,Panchayat Bhavan 70,2021,293,122,11,112,6,544,P1,171,76.7
Kolkata,2103,KOL-2103,71,Market Building 71,2019,211,102,3,49,3,368,P1,109,72.3
Kolkata,2103,KOL-2103,71,Market Building 71,2021,167,162,4,56,4,393,P1,5,77.2
Kolkata,2103,KOL-2103,72,Temple Hall 72,2019,236,96,3,67,4,406,P1,140,75.0
Kolkata,2103,KOL-2103,72,Temple Hall 72,2021,285,117,5,35,5,447,P1,168,82.6
Kolkata,2103,KOL-2103,73,Post Office 73,2019,323,125,5,40,4,497,P1,198,79.0
Kolkata,2103,KOL-2103,73,Post Office 73,2021,293,152,3,41,5,494,P1,141,78.5
Kolkata,2103,KOL-2103,74,Temple Hall 74,2019,345,168,5,47,5,570,P1,177,74.9
Kolkata,2103,KOL-2103,74,Temple Hall 74,2021,328,203,6,47,6,590,P1,125,77.5
Kolkata,2103,KOL-2103,75,Community Hall 75,2019,333,193,11,96,6,639,P1,140,81.8
Kolkata,2103,KOL-2103,75,Community Hall 75,2021,394,170,8,61,6,639,P1,224,81.8
Kolkata,2103,KOL-2103,76,Temple Hall 76,2019,159,160,16,131,5,471,P2,1,82.6
Kolkata,2103,KOL-2103,76,Temple Hall 76,2021,226,63,11,111,4,415,P1,115,72.8
Kolkata,2103,KOL-2103,77,Post Office 77,2019,306,143,2,43,5,499,P1,163,73.9
Kolkata,2103,KOL-2103,77,Post Office 77,2021,283,180,3,63,6,535,P1,103,79.3
Kolkata,2103,KOL-2103,78,Temple Hall 78,2019,211,144,7,47,4,413,P1,67,76.5
Kolkata,2103,KOL-2103,78,Temple Hall 78,2021,244,125,4,33,4,410,P1,119,75.9
Kolkata,2103,KOL-2103,79,Club Building 79,2019,232,141,14,139,6,532,P1,91,78.4
Kolkata,2103,KOL-2103,79,Club Building 79,2021,300,164,8,75,5,552,P1,136,81.3
Kolkata,2103,KOL-2103,80,Club Building 80,2019,286,128,3,39,4,460,P1,158,72.6
Kolkata,2103,KOL-2103,80,Club Building 80,2021,238,188,5,38,4,473,P1,50,74.6
Kolkata,2103,KOL-2103,81,Temple Hall 81,2019,277,219,4,45,6,551,P1,58,74.1
Kolkata,2103,KOL-2103,81,Temple Hall 81,2021,349,191,3,51,6,600,P1,158,80.6
Kolkata,2103,KOL-2103,82,Post Office 82,2019,372,204,3,54,7,640,P1,168,80.2
Kolkata,2103,KOL-2103,82,Post Office 82,2021,345,137,12,92,5,591,P1,208,74.1
Kolkata,2103,KOL-2103,83,Club Building 83,2019,291,137,5,38,4,475,P1,154,82.3
Kolkata,2103,KOL-2103,83,Club Building 83,2021,266,85,6,97,5,459,P1,169,79.5
Kolkata,2103,KOL-2103,84,Anganwadi Centre 84,2019,254,138,5,37,3,437,P1,116,79.3
Kolkata,2103,KOL-2103,84,Anganwadi Centre 84,2021,218,127,6,44,5,400,P1,91,72.6
Kolkata,2103,KOL-2103,85,Govt Office 85,2019,350,118,3,44,5,520,P1,232,77.2
Kolkata,2103,KOL-2103,85,Govt Office 85,2021,302,158,3,47,5,515,P1,144,76.4
Kolkata,2103,KOL-2103,86,Market Building 86,2019,270,85,5,76,4,440,P1,185,81.6
Kolkata,2103,KOL-2103,86,Market Building 86,2021,247,115,3,33,4,402,P1,132,74.6
Kolkata,2103,KOL-2103,87,Health Sub-Centre 87,2019,298,160,5,73,6,542,P1,138,77.2
Kolkata,2103,KOL-2103,87,Health Sub-Centre 87,2021,339,122,3,54,5,523,P1,217,74.5
Kolkata,2103,KOL-2103,88,Temple Hall 88,2019,278,109,5,89,5,486,P1,169,73.5
Kolkata,2103,KOL-2103,88,Temple Hall 88,2021,330,89,15,111,5,550,P1,219,83.2
Kolkata,2103,KOL-2103,89,Health Sub-Centre 89,2019,470,59,4,49,6,588,P1,411,77.3
Kolkata,2103,KOL-2103,89,Health Sub-Centre 89,2021,433,135,5,51,7,631,P1,298,82.9
Kolkata,2103,KOL-2103,90,Temple Hall 90,2019,273,103,2,36,4,418,P1,170,80.4
Kolkata,2103,KOL-2103,90,Temple Hall 90,2021,220,125,4,48,4,401,P1,95,77.1
Kolkata,2103,KOL-2103,91,Club Building 91,2019,388,147,2,52,5,594,P1,241,74.2
Kolkata,2103,KOL-2103,91,Club Building 91,2021,378,118,9,121,7,633,P1,257,79.0
Kolkata,2103,KOL-2103,92,High School 92,2019,285,188,8,120,6,607,P1,97,76.8
Kolkata,2103,KOL-2103,92,High School 92,2021,383,106,14,126,6,635,P1,257,80.4
Kolkata,2103,KOL-2103,93,High School 93,2019,358,117,4,44,5,528,P1,241,81.7
Kolkata,2103,KOL-2103,93,High School 93,2021,279,75,15,105,5,479,P1,174,74.1
Kolkata,2103,KOL-2103,94,High School 94,2019,209,151,4,32,3,399,P1,58,81.4
Kolkata,2103,KOL-2103,94,High School 94,2021,238,80,3,29,3,353,P1,158,72.0
Kolkata,2103,KOL-2103,95,High School 95,2019,279,122,4,37,4,446,P1,157,72.4
Kolkata,2103,KOL-2103,95,High School 95,2021,302,113,2,46,4,467,P1,189,75.8
Kolkata,2103,KOL-2103,96,Anganwadi Centre 96,2019,383,174,2,53,7,619,P1,209,77.6
Kolkata,2103,KOL-2103,96,Anganwadi Centre 96,2021,261,195,10,118,6,590,P1,66,73.9
Kolkata,2103,KOL-2103,97,Panchayat Bhavan 97,2019,342,102,2,43,4,493,P1,240,77.0
Kolkata,2103,KOL-2103,97,Panchayat Bhavan 97,2021,256,108,12,91,4,471,P1,148,73.6
Kolkata,2103,KOL-2103,98,Market Building 98,2019,419,136,7,48,6,616,P1,283,82.4
Kolkata,2103,KOL-2103,98,Market Building 98,2021,356,168,2,50,6,582,P1,188,77.8
Kolkata,2103,KOL-2103,99,Primary School 99,2019,251,147,7,83,5,493,P1,104,72.6
Kolkata,2103,KOL-2103,99,Primary School 99,2021,297,114,4,101,6,522,P1,183,76.9
Kolkata,2103,KOL-2103,100,Panchayat Bhavan 100,2019,301,144,2,43,4,494,P1,157,79.5
Kolkata,2103,KOL-2103,100,Panchayat Bhavan 100,2021,333,106,4,40,5,488,P1,227,78.6
Kolkata,2103,KOL-2103,101,Govt Office 101,2019,318,155,3,55,6,537,P1,163,74.0
Kolkata,2103,KOL-2103,101,Govt Office 101,2021,319,169,5,44,6,543,P1,150,74.8
Kolkata,2103,KOL-2103,102,Anganwadi Centre 102,2019,203,131,7,50,3,394,P1,72,80.6
Kolkata,2103,KOL-2103,102,Anganwadi Centre 102,2021,192,128,1,31,3,355,P1,64,72.6
Kolkata,2103,KOL-2103,103,Community Hall 103,2019,376,81,2,44,4,507,P1,295,79.2
Kolkata,2103,KOL-2103,103,Community Hall 103,2021,321,142,2,49,4,518,P1,179,80.9
Kolkata,2103,KOL-2103,104,Market Building 104,2019,273,115,5,34,4,431,P1,158,73.9
Kolkata,2103,KOL-2103,104,Market Building 104,2021,248,139,1,37,5,430,P1,109,73.8
Kolkata,2103,KOL-2103,105,High School 105,2019,259,147,4,37,5,452,P1,112,78.2
Kolkata,2103,KOL-2103,105,High School 105,2021,209,111,10,94,4,428,P1,98,74.0
Kolkata,2103,KOL-2103,106,Govt Office 106,2019,344,162,4,69,5,584,P1,182,74.2
Kolkata,2103,KOL-2103,106,Govt Office 106,2021,395,128,3,50,6,582,P1,267,74.0
Kolkata,2103,KOL-2103,107,High School 107,2019,340,181,5,120,6,652,P1,159,80.9
Kolkata,2103,KOL-2103,107,High School 107,2021,346,153,5,111,7,622,P1,193,77.2
Kolkata,2103,KOL-2103,108,Market Building 108,2019,366,145,11,85,6,613,P1,221,77.4
Kolkata,2103,KOL-2103,108,Market Building 108,2021,424,133,6,49,7,619,P1,291,78.2
Kolkata,2103,KOL-2103,109,Madrasa 109,2019,164,116,11,129,5,425,P1,35,81.9
Kolkata,2103,KOL-2103,109,Madrasa 109,2021,175,122,9,67,4,377,P1,53,72.6
Kolkata,2103,KOL-2103,110,Primary School 110,2019,411,176,7,51,7,652,P1,235,80.4
Kolkata,2103,KOL-2103,110,Primary School 110,2021,344,166,10,143,6,669,P1,178,82.5
Kolkata,2103,KOL-2103,111,Govt Office 111,2019,244,103,3,32,4,386,P1,141,79.8
Kolkata,2103,KOL-2103,111,Govt Office 111,2021,232,119,6,39,3,399,P1,113,82.4
Kolkata,2103,KOL-2103,112,Madrasa 112,2019,347,157,3,48,5,560,P1,190,77.8
Kolkata,2103,KOL-2103,112,Madrasa 112,2021,335,152,4,92,6,589,P1,183,81.8
Kolkata,2103,KOL-2103,113,Primary School 113,2019,351,177,2,50,7,587,P1,174,78.2
Kolkata,2103,KOL-2103,113,Primary School 113,2021,381,116,3,46,6,552,P1,265,73.5
Kolkata,2103,KOL-2103,114,Primary School 114,2019,288,175,3,78,5,549,P1,113,73.5
Kolkata,2103,KOL-2103,114,Primary School 114,2021,354,147,6,44,6,557,P1,207,74.6
Kolkata,2103,KOL-2103,115,Govt Office 115,2019,228,108,4,35,5,380,P1,120,72.2
Kolkata,2103,KOL-2103,115,Govt Office 115,2021,284,89,4,34,4,415,P1,195,78.9
Kolkata,2103,KOL-2103,116,Health Sub-Centre 116,2019,364,143,5,45,7,564,P1,221,72.5
Kolkata,2103,KOL-2103,116,Health Sub-Centre 116,2021,330,183,3,69,6,591,P1,147,76.0
Kolkata,2103,KOL-2103,117,Club Building 117,2019,266,118,4,35,3,426,P1,148,78.3
Kolkata,2103,KOL-2103,117,Club Building 117,2021,245,122,2,35,4,408,P1,123,75.0
Kolkata,2103,KOL-2103,118,Madrasa 118,2019,375,131,7,44,5,562,P1,244,80.9
Kolkata,2103,KOL-2103,118,Madrasa 118,2021,319,178,4,51,6,558,P1,141,80.3
Kolkata,2103,KOL-2103,119,Govt Office 119,2019,300,186,4,45,5,540,P1,114,75.1
Kolkata,2103,KOL-2103,119,Govt Office 119,2021,344,148,2,47,6,547,P1,196,76.1
Kolkata,2103,KOL-2103,120,Post Office 120,2019,295,186,5,91,6,583,P1,109,76.2
Kolkata,2103,KOL-2103,120,Post Office 120,2021,291,235,6,90,6,628,P1,56,82.1
Kolkata,2103,KOL-2103,121,Community Hall 121,2019,317,130,2,43,5,497,P1,187,76.2
Kolkata,2103,KOL-2103,121,Community Hall 121,2021,342,120,2,49,6,519,P1,222,79.6
Kolkata,2103,KOL-2103,122,High School 122,2019,373,131,2,48,6,560,P1,242,73.4
Kolkata,2103,KOL-2103,122,High School 122,2021,351,160,5,46,5,567,P1,191,74.3
Kolkata,2103,KOL-2103,123,Community Hall 123,2019,273,122,3,36,5,439,P1,151,77.6
Kolkata,2103,KOL-2103,123,Community Hall 123,2021,263,108,4,33,4,412,P1,155,72.8
Kolkata,2103,KOL-2103,124,Club Building 124,2019,269,137,8,64,4,482,P1,132,78.2
Kolkata,2103,KOL-2103,124,Club Building 124,2021,289,152,6,38,6,491,P1,137,79.7
Kolkata,2103,KOL-2103,125,High School 125,2019,292,122,5,36,5,460,P1,170,76.7
Kolkata,2103,KOL-2103,125,High School 125,2021,237,136,5,90,5,473,P1,101,78.8
Kolkata,2103,KOL-2103,126,Club Building 126,2019,203,136,3,31,4,377,P1,67,76.8
Kolkata,2103,KOL-2103,126,Club Building 126,2021,284,75,3,33,4,399,P1,209,81.3
Kolkata,2103,KOL-2103,127,Market Building 127,2019,340,142,13,98,6,599,P1,198,83.1
Kolkata,2103,KOL-2103,127,Market Building 127,2021,371,160,6,48,5,590,P1,211,81.8
Kolkata,2103,KOL-2103,128,Community Hall 128,2019,347,162,3,48,6,566,P1,185,73.0
Kolkata,2103,KOL-2103,128,Community Hall 128,2021,352,169,6,46,5,578,P1,183,74.6
Kolkata,2103,KOL-2103,129,Community Hall 129,2019,254,138,2,37,5,436,P1,116,72.9
Kolkata,2103,KOL-2103,129,Community Hall 129,2021,300,136,3,41,4,484,P1,164,80.9
Kolkata,2103,KOL-2103,130,Community Hall 130,2019,381,193,7,50,7,638,P1,188,78.8
Kolkata,2103,KOL-2103,130,Community Hall 130,2021,412,173,8,56,6,655,P1,239,80.9
Kolkata,2103,KOL-2103,131,Temple Hall 131,2019,341,189,11,87,6,634,P1,152,77.3
Kolkata,2103,KOL-2103,131,Temple Hall 131,2021,367,216,4,55,7,649,P1,151,79.1
Kolkata,2103,KOL-2103,132,Post Office 132,2019,205,156,2,60,5,428,P1,49,77.7
Kolkata,2103,KOL-2103,132,Post Office 132,2021,261,135,1,38,5,440,P1,126,79.9
Kolkata,2103,KOL-2103,133,High School 133,2019,227,148,4,34,4,417,P1,79,72.4
Kolkata,2103,KOL-2103,133,High School 133,2021,287,131,4,38,4,464,P1,156,80.6
Kolkata,2103,KOL-2103,134,Community Hall 134,2019,438,130,4,53,6,631,P1,308,78.6
Kolkata,2103,KOL-2103,134,Community Hall 134,2021,347,157,8,134,5,651,P1,190,81.1
Kolkata,2103,KOL-2103,135,Club Building 135,2019,279,150,4,63,6,502,P1,129,81.0
Kolkata,2103,KOL-2103,135,Club Building 135,2021,272,131,5,99,5,512,P1,141,82.6
Kolkata,2103,KOL-2103,136,Temple Hall 136,2019,386,179,5,51,6,627,P1,207,77.9
Kolkata,2103,KOL-2103,136,Temple Hall 136,2021,346,133,15,105,7,606,P1,213,75.3
Kolkata,2103,KOL-2103,137,Community Hall 137,2019,332,162,7,67,5,573,P1,170,81.4
Kolkata,2103,KOL-2103,137,Community Hall 137,2021,275,166,8,77,6,532,P1,109,75.6
Kolkata,2103,KOL-2103,138,Temple Hall 138,2019,389,126,2,50,5,572,P1,263,80.0
Kolkata,2103,KOL-2103,138,Temple Hall 138,2021,405,122,4,49,5,585,P1,283,81.8
Kolkata,2103,KOL-2103,139,Temple Hall 139,2019,324,135,7,57,5,528,P1,189,76.5
Kolkata,2103,KOL-2103,139,Temple Hall 139,2021,280,151,8,112,5,556,P1,129,80.6
Kolkata,2103,KOL-2103,140,Anganwadi Centre 140,2019,354,169,9,89,6,627,P1,185,76.5
Kolkata,2103,KOL-2103,140,Anganwadi Centre 140,2021,284,188,16,187,6,681,P1,96,83.0
Kolkata,2103,KOL-2103,141,Market Building 141,2019,312,144,5,55,5,521,P1,168,81.4
Kolkata,2103,KOL-2103,141,Market Building 141,2021,335,106,5,46,5,497,P1,229,77.7
Kolkata,2103,KOL-2103,142,Community Hall 142,2019,162,156,5,82,4,409,P1,6,80.4
Kolkata,2103,KOL-2103,142,Community Hall 142,2021,201,103,7,79,4,394,P1,98,77.4
Kolkata,2103,KOL-2103,143,Club Building 143,2019,298,122,4,38,5,467,P1,176,78.5
Kolkata,2103,KOL-2103,143,Club Building 143,2021,300,102,2,39,4,447,P1,198,75.1
Kolkata,2103,KOL-2103,144,Community Hall 144,2019,275,92,3,34,4,408,P1,183,76.1
Kolkata,2103,KOL-2103,144,Community Hall 144,2021,234,97,6,85,5,427,P1,137,79.7
Kolkata,2103,KOL-2103,145,Temple Hall 145,2019,275,136,4,37,4,456,P1,139,81.4
Kolkata,2103,KOL-2103,145,Temple Hall 145,2021,173,158,8,118,5,462,P1,15,82.5
Kolkata,2103,KOL-2103,146,Madrasa 146,2019,398,179,5,52,7,641,P1,219,79.8
Kolkata,2103,KOL-2103,146,Madrasa 146,2021,314,195,4,116,6,635,P1,119,79.1
Kolkata,2103,KOL-2103,147,Temple Hall 147,2019,253,112,5,85,5,460,P1,141,75.9
Kolkata,2103,KOL-2103,147,Temple Hall 147,2021,269,94,3,86,5,457,P1,175,75.4
Kolkata,2103,KOL-2103,148,Club Building 148,2019,331,154,3,46,4,538,P1,177,77.5
Kolkata,2103,KOL-2103,148,Club Building 148,2021,306,177,4,81,5,573,P1,129,82.6
Kolkata,2103,KOL-2103,149,Govt Office 149,2019,247,131,4,34,4,420,P1,116,82.0
Kolkata,2103,KOL-2103,149,Govt Office 149,2021,279,64,1,33,5,382,P1,215,74.6
Kolkata,2103,KOL-2103,150,Health Sub-Centre 150,2019,365,156,6,46,6,579,P1,209,76.6
Kolkata,2103,KOL-2103,150,Health Sub-Centre 150,2021,332,183,3,49,6,573,P1,149,75.8
Kolkata,2103,KOL-2103,151,Anganwadi Centre 151,2019,242,97,1,33,3,376,P1,145,77.5
Kolkata,2103,KOL-2103,151,Anganwadi Centre 151,2021,215,111,4,28,4,362,P1,104,74.6
Kolkata,2103,KOL-2103,152,Club Building 152,2019,236,149,5,34,3,427,P1,87,82.9
Kolkata,2103,KOL-2103,152,Club Building 152,2021,202,116,3,56,4,381,P1,86,74.0
Kolkata,2103,KOL-2103,153,Govt Office 153,2019,222,103,5,52,3,385,P1,119,75.8
Kolkata,2103,KOL-2103,153,Govt Office 153,2021,178,118,8,70,4,378,P1,60,74.4
Kolkata,2103,KOL-2103,154,Health Sub-Centre 154,2019,294,101,3,36,5,439,P1,193,80.8
Kolkata,2103,KOL-2103,154,Health Sub-Centre 154,2021,222,92,9,70,4,397,P1,130,73.1
Kolkata,2103,KOL-2103,155,Primary School 155,2019,272,214,4,79,5,574,P1,58,81.0
Kolkata,2103,KOL-2103,155,Primary School 155,2021,320,179,5,45,6,555,P1,141,78.3
Kolkata,2103,KOL-2103,156,Govt Office 156,2019,225,128,3,42,4,402,P1,97,82.7
Kolkata,2103,KOL-2103,156,Govt Office 156,2021,282,56,2,32,3,375,P1,226,77.2
Kolkata,2103,KOL-2103,157,High School 157,2019,411,180,2,58,7,658,P1,231,82.2
Kolkata,2103,KOL-2103,157,High School 157,2021,443,130,4,54,6,637,P1,313,79.6
Kolkata,2103,KOL-2103,158,High School 158,2019,324,111,5,39,4,483,P1,213,81.6
Kolkata,2103,KOL-2103,158,High School 158,2021,293,90,4,34,5,426,P1,203,72.0
Kolkata,2103,KOL-2103,159,Health Sub-Centre 159,2019,284,108,4,43,4,443,P1,176,82.8
Kolkata,2103,KOL-2103,159,Health Sub-Centre 159,2021,228,118,7,53,4,410,P1,110,76.6
Kolkata,2103,KOL-2103,160,Madrasa 160,2019,293,125,3,61,4,486,P1,168,81.1
Kolkata,2103,KOL-2103,160,Madrasa 160,2021,300,126,3,40,4,473,P1,174,79.0
Kolkata,2103,KOL-2103,161,Anganwadi Centre 161,2019,297,140,2,42,4,485,P1,157,72.9
Kolkata,2103,KOL-2103,161,Anganwadi Centre 161,2021,282,107,10,104,5,508,P1,175,76.4
Kolkata,2103,KOL-2103,162,High School 162,2019,306,66,4,33,4,413,P1,240,79.6
Kolkata,2103,KOL-2103,162,High School 162,2021,246,138,4,34,4,426,P1,108,82.1
Kolkata,2103,KOL-2103,163,High School 163,2019,283,118,9,166,7,583,P1,117,73.1
Kolkata,2103,KOL-2103,163,High School 163,2021,336,139,12,107,6,600,P1,197,75.2
Kolkata,2103,KOL-2103,164,Temple Hall 164,2019,322,139,6,145,6,618,P1,177,76.8
Kolkata,2103,KOL-2103,164,Temple Hall 164,2021,319,186,9,90,7,611,P1,133,75.9
Kolkata,2103,KOL-2103,165,Market Building 165,2019,294,151,5,40,4,494,P1,143,75.9
Kolkata,2103,KOL-2103,165,Market Building 165,2021,268,167,3,41,5,484,P1,101,74.3
Kolkata,2103,KOL-2103,166,Post Office 166,2019,253,178,7,78,6,522,P1,75,78.1
Kolkata,2103,KOL-2103,166,Post Office 166,2021,217,156,13,112,5,503,P1,61,75.3
Kolkata,2103,KOL-2103,167,Temple Hall 167,2019,292,148,5,39,5,489,P1,144,82.5
Kolkata,2103,KOL-2103,167,Temple Hall 167,2021,320,121,3,41,5,490,P1,199,82.6
Kolkata,2103,KOL-2103,168,Anganwadi Centre 168,2019,212,100,10,87,4,413,P1,112,79.7
Kolkata,2103,KOL-2103,168,Anganwadi Centre 168,2021,230,136,6,50,5,427,P1,94,82.4
Kolkata,2103,KOL-2103,169,High School 169,2019,360,177,5,49,6,597,P1,183,79.0
Kolkata,2103,KOL-2103,169,High School 169,2021,370,173,5,50,6,604,P1,197,79.9
Kolkata,2103,KOL-2103,170,Govt Office 170,2019,350,107,2,43,5,507,P1,243,82.3
Kolkata,2103,KOL-2103,170,Govt Office 170,2021,336,99,2,41,6,484,P1,237,78.6
Kolkata,2103,KOL-2103,171,Market Building 171,2019,228,150,3,52,5,438,P1,78,76.6
Kolkata,2103,KOL-2103,171,Market Building 171,2021,228,158,6,69,5,466,P1,70,81.5
Kolkata,2103,KOL-2103,172,Health Sub-Centre 172,2019,255,90,9,126,5,485,P1,129,81.2
Kolkata,2103,KOL-2103,172,Health Sub-Centre 172,2021,321,95,2,40,5,463,P1,226,77.6
Kolkata,2103,KOL-2103,173,Panchayat Bhavan 173,2019,299,117,2,40,4,462,P1,182,75.9
Kolkata,2103,KOL-2103,173,Panchayat Bhavan 173,2021,209,120,7,103,4,443,P1,89,72.7
Kolkata,2103,KOL-2103,174,Madrasa 174,2019,243,157,3,37,4,444,P1,86,74.9
Kolkata,2103,KOL-2103,174,Madrasa 174,2021,261,105,10,74,4,454,P1,156,76.6
Kolkata,2103,KOL-2103,175,Market Building 175,2019,265,187,4,114,6,576,P1,78,77.4
Kolkata,2103,KOL-2103,175,Market Building 175,2021,317,180,6,108,7,618,P1,137,83.1
Kolkata,2103,KOL-2103,176,Panchayat Bhavan 176,2019,318,173,6,47,6,550,P1,145,73.5
Kolkata,2103,KOL-2103,176,Panchayat Bhavan 176,2021,367,144,6,45,6,568,P1,223,75.9
Kolkata,2103,KOL-2103,177,Govt Office 177,2019,325,162,6,47,6,546,P1,163,77.4
Kolkata,2103,KOL-2103,177,Govt Office 177,2021,316,171,6,75,6,574,P1,145,81.4
Kolkata,2103,KOL-2103,178,Panchayat Bhavan 178,2019,346,166,5,66,6,589,P1,180,74.0
Kolkata,2103,KOL-2103,178,Panchayat Bhavan 178,2021,362,215,3,56,6,642,P1,147,80.7
Kolkata,2103,KOL-2103,179,Madrasa 179,2019,299,121,2,40,5,467,P1,178,74.1
Kolkata,2103,KOL-2103,179,Madrasa 179,2021,259,119,9,68,5,460,P1,140,73.0
Kolkata,2103,KOL-2103,180,Anganwadi Centre 180,2019,332,212,3,73,6,626,P1,120,82.7
Kolkata,2103,KOL-2103,180,Anganwadi Centre 180,2021,386,127,7,44,5,569,P1,259,75.2
Kolkata,2103,KOL-2103,181,Govt Office 181,2019,378,124,3,47,5,557,P1,254,77.7
Kolkata,2103,KOL-2103,181,Govt Office 181,2021,303,161,8,78,6,556,P1,142,77.5
Kolkata,2103,KOL-2103,182,Community Hall 182,2019,340,151,3,46,5,545,P1,189,76.9
Kolkata,2103,KOL-2103,182,Community Hall 182,2021,323,170,10,71,5,579,P1,153,81.7
Kolkata,2104,KOL-2104,1,Market Building 1,2019,321,136,4,42,5,508,P1,185,81.3
Kolkata,2104,KOL-2104,1,Market Building 1,2021,228,139,10,80,4,461,P1,89,73.8
Kolkata,2104,KOL-2104,2,Community Hall 2,2019,291,218,4,113,7,633,P1,73,78.3
Kolkata,2104,KOL-2104,2,Community Hall 2,2021,293,221,4,66,7,591,P1,72,73.1
Kolkata,2104,KOL-2104,3,Community Hall 3,2019,270,104,6,74,5,459,P1,166,77.3
Kolkata,2104,KOL-2104,3,Community Hall 3,2021,347,92,3,41,5,488,P1,255,82.2
Kolkata,2104,KOL-2104,4,Market Building 4,2019,349,187,4,103,5,648,P1,162,82.9
Kolkata,2104,KOL-2104,4,Market Building 4,2021,399,148,9,61,6,623,P1,251,79.7
Kolkata,2104,KOL-2104,5,Primary School 5,2019,270,122,3,36,5,436,P1,148,77.2
Kolkata,2104,KOL-2104,5,Primary School 5,2021,279,108,3,36,4,430,P1,171,76.1
Kolkata,2104,KOL-2104,6,Anganwadi Centre 6,2019,366,100,7,156,7,636,P1,210,78.9
Kolkata,2104,KOL-2104,6,Anganwadi Centre 6,2021,355,159,6,108,6,634,P1,196,78.7
Kolkata,2104,KOL-2104,7,Community Hall 7,2019,272,96,7,54,4,433,P1,176,79.7
Kolkata,2104,KOL-2104,7,Community Hall 7,2021,203,137,6,48,3,397,P1,66,73.1
Kolkata,2104,KOL-2104,8,Panchayat Bhavan 8,2019,399,107,6,45,5,562,P1,292,72.7
Kolkata,2104,KOL-2104,8,Panchayat Bhavan 8,2021,331,191,6,56,6,590,P1,140,76.3
Kolkata,2104,KOL-2104,9,High School 9,2019,313,93,4,37,4,451,P1,220,81.6
Kolkata,2104,KOL-2104,9,High School 9,2021,219,139,2,58,5,423,P1,80,76.5
Kolkata,2104,KOL-2104,10,Market Building 10,2019,388,161,7,48,6,610,P1,227,79.3
Kolkata,2104,KOL-2104,10,Market Building 10,2021,327,143,5,78,6,559,P1,184,72.7
Kolkata,2104,KOL-2104,11,Primary School 11,2019,289,126,2,39,5,461,P1,163,82.2
Kolkata,2104,KOL-2104,11,Primary School 11,2021,265,143,2,39,4,453,P1,122,80.7
Kolkata,2104,KOL-2104,12,Market Building 12,2019,318,158,5,80,6,567,P1,160,80.1
Kolkata,2104,KOL-2104,12,Market Building 12,2021,308,158,3,82,6,557,P1,150,78.7
Kolkata,2104,KOL-2104,13,Post Office 13,2019,285,82,2,35,4,408,P1,203,80.0
Kolkata,2104,KOL-2104,13,Post Office 13,2021,258,82,3,45,5,393,P1,176,77.1
Kolkata,2104,KOL-2104,14,Market Building 14,2019,246,88,6,67,4,411,P1,158,81.2
Kolkata,2104,KOL-2104,14,Market Building 14,2021,227,105,3,30,4,369,P1,122,72.9
Kolkata,2104,KOL-2104,15,Anganwadi Centre 15,2019,278,128,3,60,4,473,P1,150,79.1
Kolkata,2104,KOL-2104,15,Anganwadi Centre 15,2021,241,130,3,73,5,452,P1,111,75.6
Kolkata,2104,KOL-2104,16,Health Sub-Centre 16,2019,447,114,3,53,6,623,P1,333,80.3
Kolkata,2104,KOL-2104,16,Health Sub-Centre 16,2021,400,146,5,73,7,631,P1,254,81.3
Kolkata,2104,KOL-2104,17,Madrasa 17,2019,344,171,5,47,6,573,P1,173,78.8
Kolkata,2104,KOL-2104,17,Madrasa 17,2021,311,180,8,59,5,563,P1,131,77.4
Kolkata,2104,KOL-2104,18,High School 18,2019,362,200,2,61,6,631,P1,162,77.7
Kolkata,2104,KOL-2104,18,High School 18,2021,306,180,7,120,6,619,P1,126,76.2
Kolkata,2104,KOL-2104,19,Anganwadi Centre 19,2019,311,203,7,86,6,613,P1,108,76.5
Kolkata,2104,KOL-2104,19,Anganwadi Centre 19,2021,372,197,4,66,6,645,P1,175,80.5
Kolkata,2104,KOL-2104,20,Club Building 20,2019,315,153,6,41,5,520,P1,162,73.2
Kolkata,2104,KOL-2104,20,Club Building 20,2021,308,130,9,100,6,553,P1,178,77.9
Kolkata,2104,KOL-2104,21,Post Office 21,2019,338,156,4,65,7,570,P1,182,73.2
Kolkata,2104,KOL-2104,21,Post Office 21,2021,399,152,3,52,6,612,P1,247,78.6
Kolkata,2104,KOL-2104,22,Panchayat Bhavan 22,2019,299,160,9,152,7,627,P1,139,76.9
Kolkata,2104,KOL-2104,22,Panchayat Bhavan 22,2021,253,183,14,136,7,593,P1,70,72.8
Kolkata,2104,KOL-2104,23,High School 23,2019,331,175,2,48,6,562,P1,156,78.1
Kolkata,2104,KOL-2104,23,High School 23,2021,295,204,8,65,5,577,P1,91,80.1
Kolkata,2104,KOL-2104,24,Club Building 24,2019,251,75,3,29,5,363,P1,176,75.5
Kolkata,2104,KOL-2104,24,Club Building 24,2021,225,85,4,59,5,378,P1,140,78.6
Kolkata,2104,KOL-2104,25,Community Hall 25,2019,346,96,2,42,5,491,P1,250,82.9
Kolkata,2104,KOL-2104,25,Community Hall 25,2021,242,123,4,60,4,433,P1,119,73.1
Kolkata,2104,KOL-2104,26,Market Building 26,2019,276,139,5,73,5,498,P1,137,73.3
Kolkata,2104,KOL-2104,26,Market Building 26,2021,283,185,6,41,4,519,P1,98,76.4
Kolkata,2104,KOL-2104,27,Market Building 27,2019,299,86,9,71,5,470,P1,213,78.3
Kolkata,2104,KOL-2104,27,Market Building 27,2021,266,155,4,63,5,493,P1,111,82.2
Kolkata,2104,KOL-2104,28,Panchayat Bhavan 28,2019,277,94,7,119,4,501,P1,158,72.5
Kolkata,2104,KOL-2104,28,Panchayat Bhavan 28,2021,309,174,6,67,6,562,P1,135,81.3
Kolkata,2104,KOL-2104,29,Anganwadi Centre 29,2019,361,153,8,85,5,612,P1,208,82.1
Kolkata,2104,KOL-2104,29,Anganwadi Centre 29,2021,270,213,4,45,6,538,P1,57,72.2
Kolkata,2104,KOL-2104,30,Health Sub-Centre 30,2019,244,97,2,32,4,379,P1,147,77.5
Kolkata,2104,KOL-2104,30,Health Sub-Centre 30,2021,184,79,9,94,5,371,P1,90,75.9
Kolkata,2104,KOL-2104,31,Madrasa 31,2019,295,118,11,83,5,512,P1,177,77.8
Kolkata,2104,KOL-2104,31,Madrasa 31,2021,333,132,6,51,5,527,P1,201,80.1
Kolkata,2104,KOL-2104,32,High School 32,2019,214,138,9,112,5,478,P1,76,81.7
Kolkata,2104,KOL-2104,32,High School 32,2021,236,100,9,80,5,430,P1,136,73.5
Kolkata,2104,KOL-2104,33,Temple Hall 33,2019,230,120,4,31,4,389,P1,110,80.7
Kolkata,2104,KOL-2104,33,Temple Hall 33,2021,241,85,2,30,4,362,P1,156,75.1
Kolkata,2104,KOL-2104,34,Club Building 34,2019,247,77,10,111,5,450,P1,136,79.2
Kolkata,2104,KOL-2104,34,Club Building 34,2021,271,116,2,37,5,431,P1,155,75.9
Kolkata,2104,KOL-2104,35,Community Hall 35,2019,200,102,8,60,3,373,P1,98,75.4
Kolkata,2104,KOL-2104,35,Community Hall 35,2021,218,110,6,46,4,384,P1,108,77.6
Kolkata,2104,KOL-2104,36,Primary School 36,2019,294,128,5,37,5,469,P1,166,76.6
Kolkata,2104,KOL-2104,36,Primary School 36,2021,316,117,5,38,5,481,P1,199,78.6
Kolkata,2104,KOL-2104,37,Primary School 37,2019,268,125,12,161,5,571,P1,107,80.3
Kolkata,2104,KOL-2104,37,Primary School 37,2021,281,143,5,83,5,517,P1,138,72.7
Kolkata,2104,KOL-2104,38,Govt Office 38,2019,201,95,7,76,4,383,P1,106,75.2
Kolkata,2104,KOL-2104,38,Govt Office 38,2021,193,119,8,96,4,420,P1,74,82.5
Kolkata,2104,KOL-2104,39,Temple Hall 39,2019,457,93,3,52,6,611,P1,364,80.2
Kolkata,2104,KOL-2104,39,Temple Hall 39,2021,351,195,3,51,6,606,P1,156,79.5
Kolkata,2104,KOL-2104,40,Primary School 40,2019,281,195,8,74,5,563,P1,86,72.1
Kolkata,2104,KOL-2104,40,Primary School 40,2021,354,147,8,118,6,633,P1,207,81.0
Kolkata,2104,KOL-2104,41,Health Sub-Centre 41,2019,360,94,3,42,5,504,P1,266,76.6
Kolkata,2104,KOL-2104,41,Health Sub-Centre 41,2021,318,143,4,42,6,513,P1,175,78.0
Kolkata,2104,KOL-2104,42,Govt Office 42,2019,331,115,8,60,5,519,P1,216,73.9
Kolkata,2104,KOL-2104,42,Govt Office 42,2021,287,147,10,76,5,525,P1,140,74.8
Kolkata,2104,KOL-2104,43,Primary School 43,2019,253,132,3,36,4,428,P1,121,81.1
Kolkata,2104,KOL-2104,43,Primary School 43,2021,227,126,3,32,4,392,P1,101,74.2
Kolkata,2104,KOL-2104,44,Anganwadi Centre 44,2019,303,141,4,40,6,494,P1,162,81.9
Kolkata,2104,KOL-2104,44,Anganwadi Centre 44,2021,249,149,2,40,4,444,P1,100,73.6
Kolkata,2104,KOL-2104,45,Health Sub-Centre 45,2019,281,142,3,39,5,470,P1,139,80.3
Kolkata,2104,KOL-2104,45,Health Sub-Centre 45,2021,378,47,5,38,5,473,P1,331,80.9
Kolkata,2104,KOL-2104,46,Community Hall 46,2019,256,143,3,37,5,444,P1,113,74.0
Kolkata,2104,KOL-2104,46,Community Hall 46,2021,222,76,17,136,5,456,P1,86,76.0
Kolkata,2104,KOL-2104,47,Community Hall 47,2019,215,118,6,63,4,406,P1,97,72.9
Kolkata,2104,KOL-2104,47,Community Hall 47,2021,206,155,4,32,5,402,P1,51,72.2
Kolkata,2104,KOL-2104,48,High School 48,2019,337,56,3,36,4,436,P1,281,82.9
Kolkata,2104,KOL-2104,48,High School 48,2021,206,113,7,69,4,399,P1,93,75.9
Kolkata,2104,KOL-2104,49,Temple Hall 49,2019,226,101,5,55,4,391,P1,125,72.0
Kolkata,2104,KOL-2104,49,Temple Hall 49,2021,251,109,4,39,4,407,P1,142,75.0
Kolkata,2104,KOL-2104,50,Panchayat Bhavan 50,2019,286,138,15,132,6,577,P1,148,81.6
Kolkata,2104,KOL-2104,50,Panchayat Bhavan 50,2021,312,167,4,73,6,562,P1,145,79.5
Kolkata,2104,KOL-2104,51,Post Office 51,2019,306,137,5,39,5,492,P1,169,77.5
Kolkata,2104,KOL-2104,51,Post Office 51,2021,288,157,4,53,5,507,P1,131,79.8
Kolkata,2104,KOL-2104,52,Govt Office 52,2019,273,83,4,51,4,415,P1,190,78.7
Kolkata,2104,KOL-2104,52,Govt Office 52,2021,242,115,3,65,4,429,P1,127,81.4
Kolkata,2104,KOL-2104,53,Post Office 53,2019,324,151,4,43,6,528,P1,173,74.5
Kolkata,2104,KOL-2104,53,Post Office 53,2021,357,165,6,46,6,580,P1,192,81.8
Kolkata,2104,KOL-2104,54,Govt Office 54,2019,255,97,8,71,4,435,P1,158,82.2
Kolkata,2104,KOL-2104,54,Govt Office 54,2021,221,154,6,47,5,433,P1,67,81.9
Kolkata,2104,KOL-2104,55,Primary School 55,2019,251,155,3,38,5,452,P1,96,77.1
Kolkata,2104,KOL-2104,55,Primary School 55,2021,224,161,2,36,5,428,P1,63,73.0
Kolkata,2104,KOL-2104,56,Panchayat Bhavan 56,2019,317,142,3,43,5,510,P1,175,82.9
Kolkata,2104,KOL-2104,56,Panchayat Bhavan 56,2021,328,124,2,43,5,502,P1,204,81.6
Kolkata,2104,KOL-2104,57,Health Sub-Centre 57,2019,233,121,4,33,4,395,P1,112,80.4
Kolkata,2104,KOL-2104,57,Health Sub-Centre 57,2021,270,91,4,32,4,401,P1,179,81.7
Kolkata,2104,KOL-2104,58,Club Building 58,2019,247,102,2,40,4,395,P1,145,74.8
Kolkata,2104,KOL-2104,58,Club Building 58,2021,167,93,6,147,4,417,P1,20,79.0
Kolkata,2104,KOL-2104,59,Health Sub-Centre 59,2019,344,222,3,53,6,628,P1,122,82.2
Kolkata,2104,KOL-2104,59,Health Sub-Centre 59,2021,325,140,4,77,6,552,P1,185,72.3
Kolkata,2104,KOL-2104,60,Panchayat Bhavan 60,2019,320,172,9,81,6,588,P1,148,81.6
Kolkata,2104,KOL-2104,60,Panchayat Bhavan 60,2021,344,166,4,67,6,587,P1,178,81.4
Kolkata,2104,KOL-2104,61,Health Sub-Centre 61,2019,353,143,11,85,6,598,P1,210,78.7
Kolkata,2104,KOL-2104,61,Health Sub-Centre 61,2021,376,184,5,52,6,623,P1,192,82.0
Kolkata,2104,KOL-2104,62,Market Building 62,2019,173,152,6,73,4,408,P1,21,76.7
Kolkata,2104,KOL-2104,62,Market Building 62,2021,227,76,4,90,4,401,P1,137,75.4
Kolkata,2104,KOL-2104,63,Club Building 63,2019,334,197,5,48,6,590,P1,137,72.0
Kolkata,2104,KOL-2104,63,Club Building 63,2021,438,110,5,50,6,609,P1,328,74.4
Kolkata,2104,KOL-2104,64,Community Hall 64,2019,344,88,4,79,5,520,P1,256,73.8
Kolkata,2104,KOL-2104,64,Community Hall 64,2021,343,168,4,47,5,567,P1,175,80.4
Kolkata,2104,KOL-2104,65,Govt Office 65,2019,248,150,4,36,4,442,P1,98,72.6
Kolkata,2104,KOL-2104,65,Govt Office 65,2021,338,71,2,39,4,454,P1,267,74.5
Kolkata,2104,KOL-2104,66,Madrasa 66,2019,232,146,3,52,4,437,P1,86,73.9
Kolkata,2104,KOL-2104,66,Madrasa 66,2021,255,149,2,42,6,454,P1,106,76.8
Kolkata,2104,KOL-2104,67,Madrasa 67,2019,368,74,4,40,6,492,P1,294,77.0
Kolkata,2104,KOL-2104,67,Madrasa 67,2021,263,135,4,68,6,476,P1,128,74.5
Kolkata,2104,KOL-2104,68,Temple Hall 68,2019,181,137,6,94,4,422,P1,44,72.9
Kolkata,2104,KOL-2104,68,Temple Hall 68,2021,271,114,2,37,4,428,P1,157,73.9
Kolkata,2104,KOL-2104,69,High School 69,2019,224,110,4,34,4,376,P1,114,77.7
Kolkata,2104,KOL-2104,69,High School 69,2021,217,62,4,80,3,366,P1,137,75.6
Kolkata,2104,KOL-2104,70,Govt Office 70,2019,378,163,6,82,6,635,P1,215,77.9
Kolkata,2104,KOL-2104,70,Govt Office 70,2021,334,180,12,88,6,620,P1,154,76.1
Kolkata,2104,KOL-2104,71,Market Building 71,2019,384,197,3,55,6,645,P1,187,81.0
Kolkata,2104,KOL-2104,71,Market Building 71,2021,318,123,8,124,5,578,P1,194,72.6
Kolkata,2104,KOL-2104,72,Anganwadi Centre 72,2019,338,133,6,42,5,524,P1,205,77.2
Kolkata,2104,KOL-2104,72,Anganwadi Centre 72,2021,334,129,5,81,5,554,P1,205,81.6
Kolkata,2104,KOL-2104,73,Club Building 73,2019,365,175,8,53,6,607,P1,190,78.3
Kolkata,2104,KOL-2104,73,Club Building 73,2021,394,165,5,60,6,630,P1,229,81.3
Kolkata,2104,KOL-2104,74,Panchayat Bhavan 74,2019,254,184,5,45,5,493,P1,70,74.6
Kolkata,2104,KOL-2104,74,Panchayat Bhavan 74,2021,276,127,9,82,5,499,P1,149,75.5
Kolkata,2104,KOL-2104,75,Madrasa 75,2019,236,94,4,75,4,413,P1,142,73.8
Kolkata,2104,KOL-2104,75,Madrasa 75,2021,245,91,5,75,4,420,P1,154,75.0
Kolkata,2104,KOL-2104,76,Primary School 76,2019,370,166,3,51,5,595,P1,204,75.4
Kolkata,2104,KOL-2104,76,Primary School 76,2021,327,205,3,71,7,613,P1,122,77.7
Kolkata,2104,KOL-2104,77,Community Hall 77,2019,188,133,2,31,3,357,P1,55,74.4
Kolkata,2104,KOL-2104,77,Community Hall 77,2021,290,46,4,29,5,374,P1,244,77.9
Kolkata,2104,KOL-2104,78,Market Building 78,2019,290,162,4,41,5,502,P1,128,78.7
Kolkata,2104,KOL-2104,78,Market Building 78,2021,260,185,5,66,5,521,P1,75,81.7
Kolkata,2104,KOL-2104,79,Anganwadi Centre 79,2019,273,127,10,115,5,530,P1,146,77.7
Kolkata,2104,KOL-2104,79,Anganwadi Centre 79,2021,293,128,11,75,5,512,P1,165,75.1
Kolkata,2104,KOL-2104,80,Madrasa 80,2019,252,98,7,95,5,457,P1,154,78.5
Kolkata,2104,KOL-2104,80,Madrasa 80,2021,254,138,4,35,5,436,P1,116,74.9
Kolkata,2104,KOL-2104,81,Market Building 81,2019,464,98,4,52,6,624,P1,366,81.1
Kolkata,2104,KOL-2104,81,Market Building 81,2021,405,156,3,53,6,623,P1,249,81.0
Kolkata,2104,KOL-2104,82,Govt Office 82,2019,326,133,16,111,6,592,P1,193,78.0
Kolkata,2104,KOL-2104,82,Govt Office 82,2021,357,176,4,50,6,593,P1,181,78.1
Kolkata,2104,KOL-2104,83,Anganwadi Centre 83,2019,351,190,7,47,6,601,P1,161,75.0
Kolkata,2104,KOL-2104,83,Anganwadi Centre 83,2021,404,159,7,50,6,626,P1,245,78.2
Kolkata,2104,KOL-2104,84,Panchayat Bhavan 84,2019,332,160,6,137,7,642,P1,172,82.0
Kolkata,2104,KOL-2104,84,Panchayat Bhavan 84,2021,327,206,3,74,6,616,P1,121,78.7
Kolkata,2104,KOL-2104,85,Market Building 85,2019,293,143,3,40,6,485,P1,150,74.5
Kolkata,2104,KOL-2104,85,Market Building 85,2021,263,147,7,103,5,525,P1,116,80.6
Kolkata,2104,KOL-2104,86,Govt Office 86,2019,240,100,4,29,4,377,P1,140,74.2
Kolkata,2104,KOL-2104,86,Govt Office 86,2021,198,131,2,33,3,367,P1,67,72.2
Kolkata,2104,KOL-2104,87,High School 87,2019,359,166,7,62,6,600,P1,193,79.3
Kolkata,2104,KOL-2104,87,High School 87,2021,433,128,3,53,6,623,P1,305,82.3
Kolkata,2104,KOL-2104,88,Community Hall 88,2019,253,126,8,98,5,490,P1,127,74.7
Kolkata,2104,KOL-2104,88,Community Hall 88,2021,304,129,5,38,6,482,P1,175,73.5
Kolkata,2104,KOL-2104,89,Post Office 89,2019,396,82,5,42,6,531,P1,314,78.3
Kolkata,2104,KOL-2104,89,Post Office 89,2021,323,176,3,47,6,555,P1,147,81.9
Kolkata,2104,KOL-2104,90,High School 90,2019,401,142,6,49,5,603,P1,259,74.3
Kolkata,2104,KOL-2104,90,High School 90,2021,272,165,20,152,6,615,P1,107,75.7
Kolkata,2104,KOL-2104,91,Anganwadi Centre 91,2019,234,101,2,32,3,372,P1,133,77.5
Kolkata,2104,KOL-2104,91,Anganwadi Centre 91,2021,204,129,4,29,4,370,P1,75,77.1
Kolkata,2104,KOL-2104,92,Madrasa 92,2019,282,181,8,95,6,572,P1,101,76.3
Kolkata,2104,KOL-2104,92,Madrasa 92,2021,325,208,2,52,6,593,P1,117,79.1
Kolkata,2104,KOL-2104,93,High School 93,2019,255,211,6,98,5,575,P1,44,72.5
Kolkata,2104,KOL-2104,93,High School 93,2021,313,217,9,72,6,617,P1,96,77.8
Kolkata,2104,KOL-2104,94,Panchayat Bhavan 94,2019,227,81,11,91,5,415,P1,136,82.8
Kolkata,2104,KOL-2104,94,Panchayat Bhavan 94,2021,193,98,9,69,3,372,P1,95,74.3
Kolkata,2104,KOL-2104,95,Health Sub-Centre 95,2019,320,102,5,37,4,468,P1,218,82.1
Kolkata,2104,KOL-2104,95,Health Sub-Centre 95,2021,274,121,6,57,5,463,P1,153,81.2
Kolkata,2104,KOL-2104,96,High School 96,2019,288,117,3,38,4,450,P1,171,76.5
Kolkata,2104,KOL-2104,96,High School 96,2021,255,138,7,54,4,458,P1,117,77.9
Kolkata,2104,KOL-2104,97,Community Hall 97,2019,280,122,2,38,4,446,P1,158,72.9
Kolkata,2104,KOL-2104,97,Community Hall 97,2021,288,100,12,104,5,509,P1,184,83.2
Kolkata,2104,KOL-2104,98,Post Office 98,2019,405,145,4,51,6,611,P1,260,83.2
Kolkata,2104,KOL-2104,98,Post Office 98,2021,343,167,5,76,6,597,P1,176,81.3
Kolkata,2104,KOL-2104,99,Primary School 99,2019,320,135,2,44,4,505,P1,185,80.2
Kolkata,2104,KOL-2104,99,Primary School 99,2021,259,120,11,96,4,490,P1,139,77.8
Kolkata,2104,KOL-2104,100,Panchayat Bhavan 100,2019,360,166,5,68,6,605,P1,194,75.9
Kolkata,2104,KOL-2104,100,Panchayat Bhavan 100,2021,420,126,7,51,7,611,P1,294,76.7
Kolkata,2104,KOL-2104,101,Govt Office 101,2019,348,192,3,52,6,601,P1,156,82.2
Kolkata,2104,KOL-2104,101,Govt Office 101,2021,300,127,6,93,5,531,P1,173,72.6
Kolkata,2104,KOL-2104,102,Club Building 102,2019,244,103,6,121,4,478,P1,123,72.9
Kolkata,2104,KOL-2104,102,Club Building 102,2021,306,140,5,51,4,506,P1,166,77.1
Kolkata,2104,KOL-2104,103,Madrasa 103,2019,356,185,4,50,6,601,P1,171,78.5
Kolkata,2104,KOL-2104,103,Madrasa 103,2021,295,182,7,97,5,586,P1,113,76.5
Kolkata,2104,KOL-2104,104,Post Office 104,2019,289,159,6,49,6,509,P1,130,82.1
Kolkata,2104,KOL-2104,104,Post Office 104,2021,274,180,5,41,5,505,P1,94,81.5
Kolkata,2104,KOL-2104,105,Post Office 105,2019,380,128,3,48,5,564,P1,252,82.7
Kolkata,2104,KOL-2104,105,Post Office 105,2021,419,79,6,44,6,554,P1,340,81.2
Kolkata,2104,KOL-2104,106,Post Office 106,2019,374,166,7,55,6,608,P1,208,82.4
Kolkata,2104,KOL-2104,106,Post Office 106,2021,353,130,6,43,4,536,P1,223,72.6
Kolkata,2104,KOL-2104,107,Market Building 107,2019,278,225,9,80,7,599,P1,53,77.4
Kolkata,2104,KOL-2104,107,Market Building 107,2021,363,146,6,111,6,632,P1,217,81.7
Kolkata,2104,KOL-2104,108,Anganwadi Centre 108,2019,349,159,9,112,6,635,P1,190,81.2
Kolkata,2104,KOL-2104,108,Anganwadi Centre 108,2021,269,205,6,127,6,613,P1,64,78.4
Kolkata,2104,KOL-2104,109,Anganwadi Centre 109,2019,257,145,12,90,5,509,P1,112,76.1
Kolkata,2104,KOL-2104,109,Anganwadi Centre 109,2021,289,156,4,41,5,495,P1,133,74.0
Kolkata,2104,KOL-2104,110,Club Building 110,2019,374,167,5,49,6,601,P1,207,77.8
Kolkata,2104,KOL-2104,110,Club Building 110,2021,394,122,6,46,5,573,P1,272,74.2
Kolkata,2104,KOL-2104,111,Primary School 111,2019,232,160,10,115,5,522,P1,72,82.1
Kolkata,2104,KOL-2104,111,Primary School 111,2021,217,183,7,94,6,507,P1,34,79.7
Kolkata,2104,KOL-2104,112,Community Hall 112,2019,292,131,2,40,5,470,P1,161,80.2
Kolkata,2104,KOL-2104,112,Community Hall 112,2021,285,88,7,55,4,439,P1,197,74.9
Kolkata,2104,KOL-2104,113,Community Hall 113,2019,275,71,5,57,4,412,P1,204,79.5
Kolkata,2104,KOL-2104,113,Community Hall 113,2021,207,108,6,54,4,379,P1,99,73.2
Kolkata,2104,KOL-2104,114,Post Office 114,2019,256,104,3,57,4,424,P1,152,73.9
Kolkata,2104,KOL-2104,114,Post Office 114,2021,234,137,3,60,4,438,P1,97,76.3
Kolkata,2104,KOL-2104,115,Post Office 115,2019,379,141,3,49,6,578,P1,238,82.1
Kolkata,2104,KOL-2104,115,Post Office 115,2021,267,138,6,95,5,511,P1,129,72.6
Kolkata,2104,KOL-2104,116,High School 116,2019,294,173,5,42,5,519,P1,121,77.9
Kolkata,2104,KOL-2104,116,High School 116,2021,255,160,15,114,5,549,P1,95,82.4
Kolkata,2104,KOL-2104,117,Madrasa 117,2019,328,123,3,64,5,523,P1,205,77.4
Kolkata,2104,KOL-2104,117,Madrasa 117,2021,325,146,5,42,6,524,P1,179,77.5
Kolkata,2104,KOL-2104,118,Health Sub-Centre 118,2019,337,89,4,39,5,474,P1,248,81.9
Kolkata,2104,KOL-2104,118,Health Sub-Centre 118,2021,244,141,4,68,4,461,P1,103,79.6
Kolkata,2104,KOL-2104,119,Madrasa 119,2019,287,197,7,95,6,592,P1,90,83.0
Kolkata,2104,KOL-2104,119,Madrasa 119,2021,345,157,6,44,6,558,P1,188,78.3
Kolkata,2104,KOL-2104,120,Post Office 120,2019,333,149,2,46,5,535,P1,184,80.5
Kolkata,2104,KOL-2104,120,Post Office 120,2021,267,147,12,111,5,542,P1,120,81.5
Kolkata,2104,KOL-2104,121,Madrasa 121,2019,373,125,5,103,6,612,P1,248,81.2
Kolkata,2104,KOL-2104,121,Madrasa 121,2021,280,167,16,124,6,593,P1,113,78.6
Kolkata,2104,KOL-2104,122,Anganwadi Centre 122,2019,150,131,3,60,4,348,P1,19,72.0
Kolkata,2104,KOL-2104,122,Anganwadi Centre 122,2021,204,102,1,40,4,351,P1,102,72.7
Kolkata,2104,KOL-2104,123,Market Building 123,2019,254,133,4,50,4,445,P1,121,76.7
Kolkata,2104,KOL-2104,123,Market Building 123,2021,233,181,6,55,5,480,P1,52,82.8
Kolkata,2104,KOL-2104,124,Panchayat Bhavan 124,2019,252,107,3,33,4,399,P1,145,81.8
Kolkata,2104,KOL-2104,124,Panchayat Bhavan 124,2021,200,108,5,80,3,396,P1,92,81.1
Kolkata,2104,KOL-2104,125,Govt Office 125,2019,197,116,5,68,5,391,P1,81,72.9
Kolkata,2104,KOL-2104,125,Govt Office 125,2021,188,117,11,86,4,406,P1,71,75.7
Kolkata,2104,KOL-2104,126,Madrasa 126,2019,355,178,5,66,5,609,P1,177,82.3
Kolkata,2104,KOL-2104,126,Madrasa 126,2021,305,152,15,108,6,586,P1,153,79.2
Kolkata,2104,KOL-2104,127,Anganwadi Centre 127,2019,279,122,8,74,5,488,P1,157,75.1
Kolkata,2104,KOL-2104,127,Anganwadi Centre 127,2021,293,137,3,40,5,478,P1,156,73.5
Kolkata,2104,KOL-2104,128,Madrasa 128,2019,345,173,7,45,6,576,P1,172,78.6
Kolkata,2104,KOL-2104,128,Madrasa 128,2021,283,203,3,46,5,540,P1,80,73.7
Kolkata,2104,KOL-2104,129,Anganwadi Centre 129,2019,351,169,11,91,7,629,P1,182,81.7
Kolkata,2104,KOL-2104,129,Anganwadi Centre 129,2021,307,194,6,44,6,557,P1,113,72.3
Kolkata,2104,KOL-2104,130,Govt Office 130,2019,272,197,3,56,4,532,P1,75,77.7
Kolkata,2104,KOL-2104,130,Govt Office 130,2021,320,171,8,54,5,558,P1,149,81.5
Kolkata,2104,KOL-2104,131,Post Office 131,2019,190,136,9,72,5,412,P1,54,82.7
Kolkata,2104,KOL-2104,131,Post Office 131,2021,200,100,8,73,4,385,P1,100,77.3
Kolkata,2104,KOL-2104,132,Madrasa 132,2019,310,79,4,35,4,432,P1,231,79.3
Kolkata,2104,KOL-2104,132,Madrasa 132,2021,205,159,3,33,4,404,P1,46,74.1
Kolkata,2104,KOL-2104,133,Post Office 133,2019,230,92,10,80,4,416,P1,138,73.4
Kolkata,2104,KOL-2104,133,Post Office 133,2021,280,115,6,43,4,448,P1,165,79.0
Kolkata,2104,KOL-2104,134,Anganwadi Centre 134,2019,275,124,1,39,4,443,P1,151,76.0
Kolkata,2104,KOL-2104,134,Anganwadi Centre 134,2021,270,133,2,38,5,448,P1,137,76.8
Kolkata,2104,KOL-2104,135,Post Office 135,2019,264,110,8,77,5,464,P1,154,76.6
Kolkata,2104,KOL-2104,135,Post Office 135,2021,216,109,8,122,5,460,P1,94,75.9
Kolkata,2104,KOL-2104,136,Temple Hall 136,2019,247,141,2,39,5,434,P1,106,73.6
Kolkata,2104,KOL-2104,136,Temple Hall 136,2021,273,129,8,59,5,474,P1,144,80.3
Kolkata,2104,KOL-2104,137,Health Sub-Centre 137,2019,379,124,4,58,5,570,P1,255,81.7
Kolkata,2104,KOL-2104,137,Health Sub-Centre 137,2021,336,133,3,44,6,522,P1,203,74.8
Kolkata,2104,KOL-2104,138,Club Building 138,2019,334,141,8,76,5,564,P1,193,73.9
Kolkata,2104,KOL-2104,138,Club Building 138,2021,366,158,4,48,6,582,P1,208,76.3
Kolkata,2104,KOL-2104,139,Post Office 139,2019,182,105,10,80,4,381,P1,77,74.7
Kolkata,2104,KOL-2104,139,Post Office 139,2021,281,89,5,32,4,411,P1,192,80.6
Kolkata,2104,KOL-2104,140,Primary School 140,2019,204,113,2,34,4,357,P1,91,73.6
Kolkata,2104,KOL-2104,140,Primary School 140,2021,192,117,6,49,3,367,P1,75,75.7
Kolkata,2104,KOL-2104,141,Club Building 141,2019,308,169,16,139,7,639,P1,139,80.0
Kolkata,2104,KOL-2104,141,Club Building 141,2021,340,191,9,109,6,655,P1,149,82.0
Kolkata,2104,KOL-2104,142,Govt Office 142,2019,330,185,5,124,6,650,P1,145,82.0
Kolkata,2104,KOL-2104,142,Govt Office 142,2021,336,170,8,129,6,649,P1,166,81.8
Kolkata,2104,KOL-2104,143,Govt Office 143,2019,293,117,11,101,5,527,P1,176,80.6
Kolkata,2104,KOL-2104,143,Govt Office 143,2021,325,113,4,54,5,501,P1,212,76.6
Kolkata,2104,KOL-2104,144,Community Hall 144,2019,364,93,2,44,5,508,P1,271,77.4
Kolkata,2104,KOL-2104,144,Community Hall 144,2021,350,110,4,42,5,511,P1,240,77.9
Kolkata,2104,KOL-2104,145,Govt Office 145,2019,239,118,3,32,5,397,P1,121,80.0
Kolkata,2104,KOL-2104,145,Govt Office 145,2021,246,122,4,33,3,408,P1,124,82.3
Kolkata,2104,KOL-2104,146,Club Building 146,2019,371,155,3,71,6,606,P1,216,82.1
Kolkata,2104,KOL-2104,146,Club Building 146,2021,284,221,8,78,7,598,P1,63,81.0
Kolkata,2104,KOL-2104,147,Govt Office 147,2019,254,128,3,56,5,446,P1,126,82.0
Kolkata,2104,KOL-2104,147,Govt Office 147,2021,210,143,2,66,5,426,P1,67,78.3
Kolkata,2104,KOL-2104,148,Community Hall 148,2019,213,105,3,29,3,353,P1,108,72.6
Kolkata,2104,KOL-2104,148,Community Hall 148,2021,226,133,3,32,5,399,P1,93,82.1
Kolkata,2104,KOL-2104,149,Health Sub-Centre 149,2019,368,166,8,55,6,603,P1,202,79.3
Kolkata,2104,KOL-2104,149,Health Sub-Centre 149,2021,346,190,3,51,6,596,P1,156,78.4
Kolkata,2104,KOL-2104,150,High School 150,2019,306,215,9,120,7,657,P1,91,81.8
Kolkata,2104,KOL-2104,150,High School 150,2021,360,113,11,146,6,636,P1,214,79.2
Kolkata,2104,KOL-2104,151,Primary School 151,2019,267,146,3,56,4,476,P1,121,72.6
Kolkata,2104,KOL-2104,151,Primary School 151,2021,284,138,6,60,6,494,P1,146,75.3
Kolkata,2104,KOL-2104,152,Govt Office 152,2019,315,225,4,50,6,600,P1,90,82.2
Kolkata,2104,KOL-2104,152,Govt Office 152,2021,263,113,17,164,6,563,P1,99,77.1
Kolkata,2104,KOL-2104,153,Club Building 153,2019,387,97,4,44,6,538,P1,290,75.2
Kolkata,2104,KOL-2104,153,Club Building 153,2021,344,185,7,49,5,590,P1,159,82.5
Kolkata,2104,KOL-2104,154,Anganwadi Centre 154,2019,388,190,4,53,8,643,P1,198,81.8
Kolkata,2104,KOL-2104,154,Anganwadi Centre 154,2021,361,191,6,49,6,613,P1,170,78.0
Kolkata,2104,KOL-2104,155,Govt Office 155,2019,313,85,5,35,4,442,P1,228,77.5
Kolkata,2104,KOL-2104,155,Govt Office 155,2021,284,102,5,33,4,428,P1,182,75.1
Kolkata,2104,KOL-2104,156,Health Sub-Centre 156,2019,406,192,4,56,6,664,P1,214,82.9
Kolkata,2104,KOL-2104,156,Health Sub-Centre 156,2021,424,140,6,50,6,626,P1,284,78.2
Kolkata,2104,KOL-2104,157,Primary School 157,2019,363,147,10,97,7,624,P1,216,82.5
Kolkata,2104,KOL-2104,157,Primary School 157,2021,307,228,2,54,6,597,P1,79,79.0
Kolkata,2104,KOL-2104,158,Club Building 158,2019,372,160,8,67,6,613,P1,212,78.4
Kolkata,2104,KOL-2104,158,Club Building 158,2021,304,205,5,51,6,571,P1,99,73.0
Kolkata,2104,KOL-2104,159,Anganwadi Centre 159,2019,251,119,10,106,4,490,P1,132,72.5
Kolkata,2104,KOL-2104,159,Anganwadi Centre 159,2021,261,177,5,59,6,508,P1,84,75.1
Kolkata,2104,KOL-2104,160,Community Hall 160,2019,183,131,9,82,4,409,P1,52,80.4
Kolkata,2104,KOL-2104,160,Community Hall 160,2021,195,133,4,33,3,368,P1,62,72.3
Kolkata,2104,KOL-2104,161,High School 161,2019,247,107,4,80,4,442,P1,140,75.6
Kolkata,2104,KOL-2104,161,High School 161,2021,240,91,9,78,5,423,P1,149,72.3
Kolkata,2104,KOL-2104,162,Community Hall 162,2019,180,184,8,93,4,469,P2,4,81.1
Kolkata,2104,KOL-2104,162,Community Hall 162,2021,271,128,3,37,4,443,P1,143,76.6
Kolkata,2104,KOL-2104,163,Anganwadi Centre 163,2019,335,172,2,70,7,586,P1,163,74.6
Kolkata,2104,KOL-2104,163,Anganwadi Centre 163,2021,378,179,5,51,6,619,P1,199,78.8
Kolkata,2104,KOL-2104,164,Temple Hall 164,2019,193,101,11,84,4,393,P1,92,80.7
Kolkata,2104,KOL-2104,164,Temple Hall 164,2021,274,58,4,29,4,369,P1,216,75.8
Kolkata,2104,KOL-2104,165,Health Sub-Centre 165,2019,343,152,6,44,5,550,P1,191,74.1
Kolkata,2104,KOL-2104,165,Health Sub-Centre 165,2021,279,154,6,96,5,540,P1,125,72.8
Kolkata,2104,KOL-2104,166,Post Office 166,2019,339,130,10,80,6,565,P1,209,77.2
Kolkata,2104,KOL-2104,166,Post Office 166,2021,343,188,8,62,5,606,P1,155,82.8
Kolkata,2104,KOL-2104,167,Madrasa 167,2019,352,76,3,40,5,476,P1,276,78.3
Kolkata,2104,KOL-2104,167,Madrasa 167,2021,301,131,5,38,5,480,P1,170,78.9
Kolkata,2104,KOL-2104,168,Madrasa 168,2019,364,127,6,43,5,545,P1,237,76.4
Kolkata,2104,KOL-2104,168,Madrasa 168,2021,357,148,5,46,5,561,P1,209,78.7
Kolkata,2104,KOL-2104,169,Health Sub-Centre 169,2019,225,124,3,32,4,388,P1,101,72.3
Kolkata,2104,KOL-2104,169,Health Sub-Centre 169,2021,275,116,5,35,4,435,P1,159,81.0
Kolkata,2104,KOL-2104,170,Madrasa 170,2019,272,103,6,47,5,433,P1,169,74.8
Kolkata,2104,KOL-2104,170,Madrasa 170,2021,269,93,7,91,4,464,P1,176,80.1
Kolkata,2104,KOL-2104,171,Community Hall 171,2019,261,118,4,72,4,459,P1,143,79.1
Kolkata,2104,KOL-2104,171,Community Hall 171,2021,270,101,9,82,5,467,P1,169,80.5
Kolkata,2104,KOL-2104,172,High School 172,2019,183,104,11,94,4,396,P1,79,72.7
Kolkata,2104,KOL-2104,172,High School 172,2021,235,97,5,101,4,442,P1,134,81.1
Kolkata,2104,KOL-2104,173,Govt Office 173,2019,274,116,6,81,4,481,P1,158,75.2
Kolkata,2104,KOL-2104,173,Govt Office 173,2021,274,144,6,94,4,522,P1,130,81.6
Kolkata,2104,KOL-2104,174,Govt Office 174,2019,293,168,4,42,6,513,P1,125,76.1
Kolkata,2104,KOL-2104,174,Govt Office 174,2021,285,155,7,51,5,503,P1,130,74.6
Kolkata,2104,KOL-2104,175,Govt Office 175,2019,284,125,2,40,6,457,P1,159,75.4
Kolkata,2104,KOL-2104,175,Govt Office 175,2021,269,134,2,57,4,466,P1,135,76.9
Kolkata,2104,KOL-2104,176,Panchayat Bhavan 176,2019,327,124,9,116,6,582,P1,203,77.6
Kolkata,2104,KOL-2104,176,Panchayat Bhavan 176,2021,391,120,3,48,5,567,P1,271,75.6
Kolkata,2104,KOL-2104,177,Govt Office 177,2019,224,151,14,122,5,516,P1,73,75.7
Kolkata,2104,KOL-2104,177,Govt Office 177,2021,331,103,11,102,5,552,P1,228,80.9
Kolkata,2104,KOL-2104,178,Govt Office 178,2019,357,152,6,113,6,634,P1,205,78.8
Kolkata,2104,KOL-2104,178,Govt Office 178,2021,389,206,8,52,6,661,P1,183,82.1
Kolkata,2104,KOL-2104,179,Primary School 179,2019,248,110,8,78,5,449,P1,138,72.3
Kolkata,2104,KOL-2104,179,Primary School 179,2021,335,108,2,42,6,493,P1,227,79.4
Kolkata,2104,KOL-2104,180,Market Building 180,2019,232,145,10,134,5,526,P1,87,78.2
Kolkata,2104,KOL-2104,180,Market Building 180,2021,337,102,2,42,5,488,P1,235,72.5
Kolkata,2104,KOL-2104,181,Health Sub-Centre 181,2019,233,120,17,184,6,560,P1,49,72.6
Kolkata,2104,KOL-2104,181,Health Sub-Centre 181,2021,294,211,4,46,6,561,P1,83,72.8
Kolkata,2104,KOL-2104,182,Health Sub-Centre 182,2019,356,162,4,56,6,584,P1,194,79.7
Kolkata,2104,KOL-2104,182,Health Sub-Centre 182,2021,248,110,9,165,6,538,P1,83,73.4
Kolkata,2104,KOL-2104,183,Market Building 183,2019,315,135,7,66,6,529,P1,180,75.6
Kolkata,2104,KOL-2104,183,Market Building 183,2021,286,167,8,78,5,544,P1,119,77.7
Kolkata,2104,KOL-2104,184,Govt Office 184,2019,348,221,6,51,7,633,P1,127,77.3
Kolkata,2104,KOL-2104,184,Govt Office 184,2021,420,185,7,54,6,672,P1,235,82.1
Kolkata,2104,KOL-2104,185,Club Building 185,2019,215,120,4,50,5,394,P1,95,78.6
Kolkata,2104,KOL-2104,185,Club Building 185,2021,265,85,4,31,4,389,P1,180,77.6
Kolkata,2104,KOL-2104,186,Govt Office 186,2019,233,121,4,61,4,423,P1,112,74.1
Kolkata,2104,KOL-2104,186,Govt Office 186,2021,250,117,5,52,4,428,P1,133,75.0
Kolkata,2104,KOL-2104,187,Primary School 187,2019,330,155,3,46,5,539,P1,175,82.7
Kolkata,2104,KOL-2104,187,Primary School 187,2021,282,122,4,105,5,518,P1,160,79.4
Kolkata,2104,KOL-2104,188,Market Building 188,2019,404,137,3,51,6,601,P1,267,79.2
Kolkata,2104,KOL-2104,188,Market Building 188,2021,298,233,12,82,5,630,P1,65,83.0
Kolkata,2105,KOL-2105,1,Madrasa 1,2019,242,148,5,127,6,528,P1,94,75.8
Kolkata,2105,KOL-2105,1,Madrasa 1,2021,218,206,4,70,6,504,P1,12,72.3
Kolkata,2105,KOL-2105,2,Madrasa 2,2019,383,144,5,47,7,586,P1,239,77.9
Kolkata,2105,KOL-2105,2,Madrasa 2,2021,281,141,8,115,5,550,P1,140,73.1
Kolkata,2105,KOL-2105,3,Market Building 3,2019,253,155,7,99,5,519,P1,98,74.8
Kolkata,2105,KOL-2105,3,Market Building 3,2021,288,144,8,62,5,507,P1,144,73.1
Kolkata,2105,KOL-2105,4,Govt Office 4,2019,407,110,6,45,7,575,P1,297,79.0
Kolkata,2105,KOL-2105,4,Govt Office 4,2021,342,136,6,42,5,531,P1,206,72.9
Kolkata,2105,KOL-2105,5,Madrasa 5,2019,329,145,6,43,6,529,P1,184,80.5
Kolkata,2105,KOL-2105,5,Madrasa 5,2021,284,172,2,44,4,506,P1,112,77.0
Kolkata,2105,KOL-2105,6,Primary School 6,2019,303,155,13,161,6,638,P1,142,78.0
Kolkata,2105,KOL-2105,6,Primary School 6,2021,400,131,6,127,6,670,P1,269,81.9
Kolkata,2105,KOL-2105,7,Govt Office 7,2019,271,158,6,89,5,529,P1,113,82.8
Kolkata,2105,KOL-2105,7,Govt Office 7,2021,285,187,5,49,5,531,P1,98,83.1
Kolkata,2105,KOL-2105,8,Club Building 8,2019,224,153,18,135,5,535,P1,71,81.9
Kolkata,2105,KOL-2105,8,Club Building 8,2021,306,101,13,108,6,534,P1,198,81.8
Kolkata,2105,KOL-2105,9,Community Hall 9,2019,271,95,4,32,4,406,P1,176,78.7
Kolkata,2105,KOL-2105,9,Community Hall 9,2021,233,107,2,32,4,378,P1,126,73.3
Kolkata,2105,KOL-2105,10,Anganwadi Centre 10,2019,235,114,4,31,4,388,P1,121,78.2
Kolkata,2105,KOL-2105,10,Anganwadi Centre 10,2021,232,105,3,54,4,398,P1,127,80.2
Kolkata,2105,KOL-2105,11,Panchayat Bhavan 11,2019,326,187,15,119,6,653,P1,139,80.5
Kolkata,2105,KOL-2105,11,Panchayat Bhavan 11,2021,371,161,12,92,8,644,P1,210,79.4
Kolkata,2105,KOL-2105,12,Primary School 12,2019,290,119,22,158,6,595,P1,132,73.6
Kolkata,2105,KOL-2105,12,Primary School 12,2021,323,217,3,51,6,600,P1,106,74.3
Kolkata,2105,KOL-2105,13,Club Building 13,2019,336,180,7,45,5,573,P1,156,74.7
Kolkata,2105,KOL-2105,13,Club Building 13,2021,385,180,4,52,7,628,P1,205,81.9
Kolkata,2105,KOL-2105,14,Market Building 14,2019,286,128,3,55,5,477,P1,158,76.4
Kolkata,2105,KOL-2105,14,Market Building 14,2021,310,120,4,39,5,478,P1,190,76.6
Kolkata,2105,KOL-2105,15,Market Building 15,2019,375,168,10,101,7,661,P1,207,80.7
Kolkata,2105,KOL-2105,15,Market Building 15,2021,474,131,3,57,7,672,P1,343,82.1
Kolkata,2105,KOL-2105,16,Anganwadi Centre 16,2019,276,117,2,37,4,436,P1,159,80.3
Kolkata,2105,KOL-2105,16,Anganwadi Centre 16,2021,262,111,5,46,4,428,P1,151,78.8
Kolkata,2105,KOL-2105,17,High School 17,2019,263,192,5,82,5,547,P1,71,80.3
Kolkata,2105,KOL-2105,17,High School 17,2021,214,83,24,184,5,510,P1,30,74.9
Kolkata,2105,KOL-2105,18,Club Building 18,2019,300,77,2,37,4,420,P1,223,79.2
Kolkata,2105,KOL-2105,18,Club Building 18,2021,214,98,4,90,4,410,P1,116,77.4
Kolkata,2105,KOL-2105,19,Club Building 19,2019,287,181,6,98,6,578,P1,106,74.3
Kolkata,2105,KOL-2105,19,Club Building 19,2021,319,180,8,71,5,583,P1,139,74.9
Kolkata,2105,KOL-2105,20,Market Building 20,2019,367,147,5,47,5,571,P1,220,73.7
Kolkata,2105,KOL-2105,20,Market Building 20,2021,392,167,2,54,6,621,P1,225,80.1
Kolkata,2105,KOL-2105,21,Anganwadi Centre 21,2019,207,107,15,120,4,453,P1,87,80.9
Kolkata,2105,KOL-2105,21,Anganwadi Centre 21,2021,301,81,4,34,5,425,P1,220,75.9
Kolkata,2105,KOL-2105,22,Market Building 22,2019,296,131,7,49,4,487,P1,165,72.9
Kolkata,2105,KOL-2105,22,Market Building 22,2021,251,126,9,104,6,496,P1,125,74.3
Kolkata,2105,KOL-2105,23,Panchayat Bhavan 23,2019,392,148,6,48,6,600,P1,244,83.1
Kolkata,2105,KOL-2105,23,Panchayat Bhavan 23,2021,376,120,2,48,5,551,P1,256,76.3
Kolkata,2105,KOL-2105,24,Govt Office 24,2019,293,176,6,67,5,547,P1,117,76.8
Kolkata,2105,KOL-2105,24,Govt Office 24,2021,429,99,2,50,6,586,P1,330,82.3
Kolkata,2105,KOL-2105,25,Panchayat Bhavan 25,2019,299,130,7,150,6,592,P1,149,80.8
Kolkata,2105,KOL-2105,25,Panchayat Bhavan 25,2021,276,138,17,123,5,559,P1,138,76.3
Kolkata,2105,KOL-2105,26,Club Building 26,2019,289,138,4,51,5,487,P1,151,73.8
Kolkata,2105,KOL-2105,26,Club Building 26,2021,317,154,7,48,6,532,P1,163,80.6
Kolkata,2105,KOL-2105,27,Anganwadi Centre 27,2019,214,137,7,50,4,412,P1,77,75.5
Kolkata,2105,KOL-2105,27,Anganwadi Centre 27,2021,250,114,9,71,5,449,P1,136,82.2
Kolkata,2105,KOL-2105,28,Anganwadi Centre 28,2019,490,96,4,54,7,651,P1,394,80.4
Kolkata,2105,KOL-2105,28,Anganwadi Centre 28,2021,449,136,7,52,6,650,P1,313,80.2
Kolkata,2105,KOL-2105,29,Temple Hall 29,2019,265,108,7,71,5,456,P1,157,74.0
Kolkata,2105,KOL-2105,29,Temple Hall 29,2021,315,110,3,39,5,472,P1,205,76.6
Kolkata,2105,KOL-2105,30,Post Office 30,2019,254,118,17,138,5,532,P1,116,81.8
Kolkata,2105,KOL-2105,30,Post Office 30,2021,233,118,11,105,5,472,P1,115,72.6
Kolkata,2105,KOL-2105,31,Temple Hall 31,2019,234,75,9,121,4,443,P1,113,76.6
Kolkata,2105,KOL-2105,31,Temple Hall 31,2021,286,119,2,52,5,464,P1,167,80.3
Kolkata,2105,KOL-2105,32,Post Office 32,2019,338,161,6,101,5,611,P1,177,78.3
Kolkata,2105,KOL-2105,32,Post Office 32,2021,329,218,8,73,7,635,P1,111,81.4
Kolkata,2105,KOL-2105,33,Govt Office 33,2019,213,156,9,70,4,452,P1,57,72.9
Kolkata,2105,KOL-2105,33,Govt Office 33,2021,261,145,9,76,5,496,P1,116,80.0
Kolkata,2105,KOL-2105,34,Primary School 34,2019,272,114,17,137,6,546,P1,135,80.6
Kolkata,2105,KOL-2105,34,Primary School 34,2021,366,115,6,43,5,535,P1,251,79.0
Kolkata,2105,KOL-2105,35,Temple Hall 35,2019,219,112,3,30,3,367,P1,107,75.5
Kolkata,2105,KOL-2105,35,Temple Hall 35,2021,248,114,2,34,4,402,P1,134,82.7
Kolkata,2105,KOL-2105,36,Anganwadi Centre 36,2019,229,142,9,107,5,492,P1,87,74.9
Kolkata,2105,KOL-2105,36,Anganwadi Centre 36,2021,322,117,4,58,5,506,P1,205,77.0
Kolkata,2105,KOL-2105,37,Health Sub-Centre 37,2019,251,142,5,35,4,437,P1,109,79.0
Kolkata,2105,KOL-2105,37,Health Sub-Centre 37,2021,203,131,10,82,3,429,P1,72,77.6
Kolkata,2105,KOL-2105,38,High School 38,2019,319,129,10,118,6,582,P1,190,77.4
Kolkata,2105,KOL-2105,38,High School 38,2021,322,135,12,113,5,587,P1,187,78.1
Kolkata,2105,KOL-2105,39,Panchayat Bhavan 39,2019,223,87,5,99,4,418,P1,124,82.0
Kolkata,2105,KOL-2105,39,Panchayat Bhavan 39,2021,167,116,5,84,4,376,P1,51,73.7
Kolkata,2105,KOL-2105,40,Post Office 40,2019,283,74,4,31,4,396,P1,209,82.0
Kolkata,2105,KOL-2105,40,Post Office 40,2021,256,102,3,32,5,398,P1,154,82.4
Kolkata,2105,KOL-2105,41,High School 41,2019,353,142,15,118,7,635,P1,211,81.1
Kolkata,2105,KOL-2105,41,High School 41,2021,274,149,18,187,6,634,P1,87,81.0
Kolkata,2105,KOL-2105,42,Govt Office 42,2019,296,137,11,82,5,531,P1,159,73.6
Kolkata,2105,KOL-2105,42,Govt Office 42,2021,300,170,2,45,5,522,P1,130,72.4
Kolkata,2105,KOL-2105,43,Market Building 43,2019,374,147,2,50,5,578,P1,227,72.2
Kolkata,2105,KOL-2105,43,Market Building 43,2021,335,175,13,86,6,615,P1,160,76.8
Kolkata,2105,KOL-2105,44,Market Building 44,2019,310,125,4,40,4,483,P1,185,79.3
Kolkata,2105,KOL-2105,44,Market Building 44,2021,236,173,5,36,4,454,P1,63,74.5
Kolkata,2105,KOL-2105,45,Panchayat Bhavan 45,2019,274,109,4,38,4,429,P1,165,83.0
Kolkata,2105,KOL-2105,45,Panchayat Bhavan 45,2021,208,83,5,88,4,388,P1,120,75.0
Kolkata,2105,KOL-2105,46,Madrasa 46,2019,302,132,4,93,7,538,P1,170,73.6
Kolkata,2105,KOL-2105,46,Madrasa 46,2021,414,85,5,45,6,555,P1,329,75.9
Kolkata,2105,KOL-2105,47,Community Hall 47,2019,345,81,5,38,4,473,P1,264,82.3
Kolkata,2105,KOL-2105,47,Community Hall 47,2021,216,111,6,92,5,430,P1,105,74.8
Kolkata,2105,KOL-2105,48,Panchayat Bhavan 48,2019,326,157,3,57,6,549,P1,169,75.0
Kolkata,2105,KOL-2105,48,Panchayat Bhavan 48,2021,348,140,2,47,5,542,P1,208,74.0
Kolkata,2105,KOL-2105,49,Anganwadi Centre 49,2019,335,142,6,42,5,530,P1,193,76.6
Kolkata,2105,KOL-2105,49,Anganwadi Centre 49,2021,263,204,5,42,5,519,P1,59,75.0
Kolkata,2105,KOL-2105,50,Health Sub-Centre 50,2019,285,146,9,75,5,520,P1,139,78.1
Kolkata,2105,KOL-2105,50,Health Sub-Centre 50,2021,336,132,3,44,5,520,P1,204,78.1
Kolkata,2105,KOL-2105,51,Market Building 51,2019,318,163,9,72,5,567,P1,155,78.9
Kolkata,2105,KOL-2105,51,Market Building 51,2021,297,191,5,44,5,542,P1,106,75.4
Kolkata,2105,KOL-2105,52,Health Sub-Centre 52,2019,232,131,6,100,4,473,P1,101,73.4
Kolkata,2105,KOL-2105,52,Health Sub-Centre 52,2021,210,105,6,145,5,471,P1,65,73.1
Kolkata,2105,KOL-2105,53,Govt Office 53,2019,447,118,3,54,5,627,P1,329,81.9
Kolkata,2105,KOL-2105,53,Govt Office 53,2021,380,123,6,45,5,559,P1,257,73.0
Kolkata,2105,KOL-2105,54,Health Sub-Centre 54,2019,367,162,6,47,6,588,P1,205,79.2
Kolkata,2105,KOL-2105,54,Health Sub-Centre 54,2021,282,113,13,122,5,535,P1,160,72.1
Kolkata,2105,KOL-2105,55,Post Office 55,2019,283,195,11,95,6,590,P1,88,75.0
Kolkata,2105,KOL-2105,55,Post Office 55,2021,365,142,12,91,7,617,P1,223,78.4
Kolkata,2105,KOL-2105,56,High School 56,2019,321,181,11,90,6,609,P1,140,74.8
Kolkata,2105,KOL-2105,56,High School 56,2021,401,148,3,52,6,610,P1,253,74.9
Kolkata,2105,KOL-2105,57,Madrasa 57,2019,301,208,9,99,6,623,P1,93,79.0
Kolkata,2105,KOL-2105,57,Madrasa 57,2021,402,155,3,53,6,619,P1,247,78.5
Kolkata,2105,KOL-2105,58,Post Office 58,2019,279,107,10,79,5,480,P1,172,81.2
Kolkata,2105,KOL-2105,58,Post Office 58,2021,252,152,5,36,4,449,P1,100,76.0
Kolkata,2105,KOL-2105,59,Community Hall 59,2019,325,152,5,100,5,587,P1,173,76.2
Kolkata,2105,KOL-2105,59,Community Hall 59,2021,291,211,5,45,6,558,P1,80,72.5
Kolkata,2105,KOL-2105,60,Govt Office 60,2019,315,132,16,119,6,588,P1,183,79.1
Kolkata,2105,KOL-2105,60,Govt Office 60,2021,302,154,5,81,5,547,P1,148,73.6
Kolkata,2105,KOL-2105,61,Health Sub-Centre 61,2019,178,118,15,127,5,443,P1,51,79.0
Kolkata,2105,KOL-2105,61,Health Sub-Centre 61,2021,264,103,8,67,4,446,P1,161,79.5
Kolkata,2105,KOL-2105,62,Primary School 62,2019,285,102,5,34,4,430,P1,183,78.5
Kolkata,2105,KOL-2105,62,Primary School 62,2021,224,137,3,46,4,414,P1,87,75.5
Kolkata,2105,KOL-2105,63,Post Office 63,2019,255,188,3,41,6,493,P1,67,82.3
Kolkata,2105,KOL-2105,63,Post Office 63,2021,291,125,5,37,4,462,P1,166,77.1
Kolkata,2105,KOL-2105,64,Panchayat Bhavan 64,2019,291,121,3,40,5,460,P1,170,81.4
Kolkata,2105,KOL-2105,64,Panchayat Bhavan 64,2021,255,130,6,37,4,432,P1,125,76.5
Kolkata,2105,KOL-2105,65,Market Building 65,2019,189,127,2,32,4,354,P1,62,72.8
Kolkata,2105,KOL-2105,65,Market Building 65,2021,274,85,2,34,4,399,P1,189,82.1
Kolkata,2105,KOL-2105,66,Community Hall 66,2019,347,127,4,66,6,550,P1,220,82.3
Kolkata,2105,KOL-2105,66,Community Hall 66,2021,325,138,6,41,4,514,P1,187,76.9
Kolkata,2105,KOL-2105,67,Temple Hall 67,2019,292,184,4,43,6,529,P1,108,73.2
Kolkata,2105,KOL-2105,67,Temple Hall 67,2021,333,180,6,45,6,570,P1,153,78.8
Kolkata,2105,KOL-2105,68,Primary School 68,2019,336,183,14,101,6,640,P1,153,80.0
Kolkata,2105,KOL-2105,68,Primary School 68,2021,351,153,8,70,5,587,P1,198,73.4
Kolkata,2105,KOL-2105,69,Govt Office 69,2019,250,77,4,29,3,363,P1,173,75.5
Kolkata,2105,KOL-2105,69,Govt Office 69,2021,211,99,5,33,4,352,P1,112,73.2
Kolkata,2105,KOL-2105,70,Anganwadi Centre 70,2019,261,137,6,67,5,476,P1,124,74.3
Kolkata,2105,KOL-2105,70,Anganwadi Centre 70,2021,235,188,3,39,4,469,P1,47,73.2
Kolkata,2105,KOL-2105,71,Panchayat Bhavan 71,2019,271,149,4,98,5,527,P1,122,82.2
Kolkata,2105,KOL-2105,71,Panchayat Bhavan 71,2021,335,143,4,44,5,531,P1,192,82.8
Kolkata,2105,KOL-2105,72,Anganwadi Centre 72,2019,317,153,5,135,6,616,P1,164,80.4
Kolkata,2105,KOL-2105,72,Anganwadi Centre 72,2021,389,138,2,51,6,586,P1,251,76.5
Kolkata,2105,KOL-2105,73,Panchayat Bhavan 73,2019,216,163,9,144,6,538,P1,53,76.5
Kolkata,2105,KOL-2105,73,Panchayat Bhavan 73,2021,266,153,17,122,5,563,P1,113,80.1
Kolkata,2105,KOL-2105,74,Health Sub-Centre 74,2019,310,182,2,50,5,549,P1,128,81.2
Kolkata,2105,KOL-2105,74,Health Sub-Centre 74,2021,244,196,5,79,6,530,P1,48,78.4
Kolkata,2105,KOL-2105,75,Primary School 75,2019,336,168,3,48,5,560,P1,168,82.0
Kolkata,2105,KOL-2105,75,Primary School 75,2021,287,152,4,89,6,538,P1,135,78.8
Kolkata,2105,KOL-2105,76,Panchayat Bhavan 76,2019,322,159,5,64,6,556,P1,163,72.3
Kolkata,2105,KOL-2105,76,Panchayat Bhavan 76,2021,275,227,12,86,7,607,P1,48,78.9
Kolkata,2105,KOL-2105,77,Health Sub-Centre 77,2019,214,149,7,89,4,463,P1,65,80.8
Kolkata,2105,KOL-2105,77,Health Sub-Centre 77,2021,281,107,6,64,4,462,P1,174,80.6
Kolkata,2105,KOL-2105,78,Primary School 78,2019,335,173,3,48,6,565,P1,162,75.4
Kolkata,2105,KOL-2105,78,Primary School 78,2021,325,191,8,56,6,586,P1,134,78.2
Kolkata,2105,KOL-2105,79,Anganwadi Centre 79,2019,249,120,4,90,5,468,P1,129,77.6
Kolkata,2105,KOL-2105,79,Anganwadi Centre 79,2021,266,143,5,38,4,456,P1,123,75.6
Kolkata,2105,KOL-2105,80,Primary School 80,2019,296,195,11,142,5,649,P1,101,82.7
Kolkata,2105,KOL-2105,80,Primary School 80,2021,390,172,5,51,6,624,P1,218,79.5
Kolkata,2105,KOL-2105,81,Health Sub-Centre 81,2019,286,143,4,68,5,506,P1,143,82.4
Kolkata,2105,KOL-2105,81,Health Sub-Centre 81,2021,302,101,5,37,5,450,P1,201,73.3
Kolkata,2105,KOL-2105,82,Panchayat Bhavan 82,2019,203,104,12,87,4,410,P1,99,74.8
Kolkata,2105,KOL-2105,82,Panchayat Bhavan 82,2021,287,93,2,36,5,423,P1,194,77.2
Kolkata,2105,KOL-2105,83,Club Building 83,2019,364,83,12,92,5,556,P1,272,72.7
Kolkata,2105,KOL-2105,83,Club Building 83,2021,319,155,4,90,6,574,P1,164,75.0
Kolkata,2105,KOL-2105,84,Club Building 84,2019,271,216,6,43,5,541,P1,55,76.3
Kolkata,2105,KOL-2105,84,Club Building 84,2021,356,152,2,49,5,564,P1,204,79.5
Kolkata,2105,KOL-2105,85,Temple Hall 85,2019,200,87,8,113,5,413,P1,87,74.8
Kolkata,2105,KOL-2105,85,Temple Hall 85,2021,285,111,3,37,3,439,P1,174,79.5
Kolkata,2105,KOL-2105,86,Madrasa 86,2019,343,156,4,45,6,554,P1,187,78.4
Kolkata,2105,KOL-2105,86,Madrasa 86,2021,345,175,4,48,6,578,P1,170,81.8
Kolkata,2105,KOL-2105,87,Community Hall 87,2019,376,152,6,46,7,587,P1,224,77.0
Kolkata,2105,KOL-2105,87,Community Hall 87,2021,346,172,3,63,6,590,P1,174,77.4
Kolkata,2105,KOL-2105,88,Community Hall 88,2019,243,105,4,31,4,387,P1,138,75.3
Kolkata,2105,KOL-2105,88,Community Hall 88,2021,227,110,3,39,4,383,P1,117,74.5
Kolkata,2105,KOL-2105,89,Market Building 89,2019,289,106,3,36,5,439,P1,183,79.8
Kolkata,2105,KOL-2105,89,Market Building 89,2021,251,130,3,59,4,447,P1,121,81.3
Kolkata,2105,KOL-2105,90,Madrasa 90,2019,306,190,6,44,6,552,P1,116,81.3
Kolkata,2105,KOL-2105,90,Madrasa 90,2021,368,135,5,45,6,559,P1,233,82.3
Kolkata,2105,KOL-2105,91,Madrasa 91,2019,375,113,5,44,6,543,P1,262,72.0
Kolkata,2105,KOL-2105,91,Madrasa 91,2021,328,171,5,64,7,575,P1,157,76.3
Kolkata,2105,KOL-2105,92,Govt Office 92,2019,305,198,5,64,5,577,P1,107,75.6
Kolkata,2105,KOL-2105,92,Govt Office 92,2021,333,169,4,46,5,557,P1,164,73.0
Kolkata,2105,KOL-2105,93,High School 93,2019,356,182,5,50,6,599,P1,174,81.9
Kolkata,2105,KOL-2105,93,High School 93,2021,372,152,4,48,6,582,P1,220,79.6
Kolkata,2105,KOL-2105,94,Club Building 94,2019,344,179,7,52,6,588,P1,165,73.8
Kolkata,2105,KOL-2105,94,Club Building 94,2021,282,226,5,87,6,606,P1,56,76.0
Kolkata,2105,KOL-2105,95,Community Hall 95,2019,317,168,5,102,7,599,P1,149,79.5
Kolkata,2105,KOL-2105,95,Community Hall 95,2021,257,188,11,104,6,566,P1,69,75.2
Kolkata,2105,KOL-2105,96,Club Building 96,2019,320,128,5,59,4,516,P1,192,74.0
Kolkata,2105,KOL-2105,96,Club Building 96,2021,311,119,4,80,5,519,P1,192,74.5
Kolkata,2105,KOL-2105,97,Post Office 97,2019,233,94,2,42,4,375,P1,139,73.4
Kolkata,2105,KOL-2105,97,Post Office 97,2021,285,94,3,35,4,421,P1,191,82.4
Kolkata,2105,KOL-2105,98,Primary School 98,2019,219,193,12,108,5,537,P1,26,76.9
Kolkata,2105,KOL-2105,98,Primary School 98,2021,342,167,6,45,6,566,P1,175,81.1
Kolkata,2105,KOL-2105,99,High School 99,2019,227,134,12,117,6,496,P1,93,78.9
Kolkata,2105,KOL-2105,99,High School 99,2021,310,65,6,82,4,467,P1,228,74.2
Kolkata,2105,KOL-2105,100,Health Sub-Centre 100,2019,301,192,6,69,6,574,P1,109,75.6
Kolkata,2105,KOL-2105,100,Health Sub-Centre 100,2021,286,159,8,92,5,550,P1,127,72.5
Kolkata,2105,KOL-2105,101,Health Sub-Centre 101,2019,264,107,4,33,4,412,P1,157,72.3
Kolkata,2105,KOL-2105,101,Health Sub-Centre 101,2021,268,136,3,37,5,449,P1,132,78.8
Kolkata,2105,KOL-2105,102,Madrasa 102,2019,203,114,5,41,3,366,P1,89,75.8
Kolkata,2105,KOL-2105,102,Madrasa 102,2021,214,123,1,32,4,374,P1,91,77.4
Kolkata,2105,KOL-2105,103,Health Sub-Centre 103,2019,311,207,9,61,6,594,P1,104,77.2
Kolkata,2105,KOL-2105,103,Health Sub-Centre 103,2021,339,226,4,52,7,628,P1,113,81.7
Kolkata,2105,KOL-2105,104,Health Sub-Centre 104,2019,244,92,3,31,4,374,P1,152,75.6
Kolkata,2105,KOL-2105,104,Health Sub-Centre 104,2021,198,112,6,59,4,379,P1,86,76.6
Kolkata,2105,KOL-2105,105,Community Hall 105,2019,327,173,4,46,6,556,P1,154,75.2
Kolkata,2105,KOL-2105,105,Community Hall 105,2021,313,198,9,63,6,589,P1,115,79.7
Kolkata,2105,KOL-2105,106,Health Sub-Centre 106,2019,278,97,6,66,5,452,P1,181,80.3
Kolkata,2105,KOL-2105,106,Health Sub-Centre 106,2021,212,109,10,91,4,426,P1,103,75.7
Kolkata,2105,KOL-2105,107,Post Office 107,2019,291,137,4,52,5,489,P1,154,75.8
Kolkata,2105,KOL-2105,107,Post Office 107,2021,227,198,2,41,4,472,P1,29,73.2
Kolkata,2105,KOL-2105,108,Primary School 108,2019,428,169,3,66,8,674,P1,259,82.3
Kolkata,2105,KOL-2105,108,Primary School 108,2021,434,98,3,50,6,591,P1,336,72.2
Kolkata,2105,KOL-2105,109,Govt Office 109,2019,394,126,6,46,5,577,P1,268,72.8
Kolkata,2105,KOL-2105,109,Govt Office 109,2021,291,148,6,144,6,595,P1,143,75.0
Kolkata,2105,KOL-2105,110,Club Building 110,2019,353,80,6,38,4,481,P1,273,82.2
Kolkata,2105,KOL-2105,110,Club Building 110,2021,304,80,1,37,5,427,P1,224,73.0
Kolkata,2105,KOL-2105,111,High School 111,2019,248,125,3,41,4,421,P1,123,81.7
Kolkata,2105,KOL-2105,111,High School 111,2021,217,141,5,52,5,420,P1,76,81.6
Kolkata,2105,KOL-2105,112,Anganwadi Centre 112,2019,306,113,5,37,5,466,P1,193,76.0
Kolkata,2105,KOL-2105,112,Anganwadi Centre 112,2021,288,147,5,61,5,506,P1,141,82.5
Kolkata,2105,KOL-2105,113,Temple Hall 113,2019,307,117,5,43,5,477,P1,190,78.8
Kolkata,2105,KOL-2105,113,Temple Hall 113,2021,259,133,2,37,5,436,P1,126,72.1
Kolkata,2105,KOL-2105,114,High School 114,2019,278,106,5,33,4,426,P1,172,80.2
Kolkata,2105,KOL-2105,114,High School 114,2021,254,89,4,49,4,400,P1,165,75.3
Kolkata,2105,KOL-2105,115,Anganwadi Centre 115,2019,234,153,12,113,6,518,P1,81,81.6
Kolkata,2105,KOL-2105,115,Anganwadi Centre 115,2021,297,116,7,68,5,493,P1,181,77.6
Kolkata,2105,KOL-2105,116,Panchayat Bhavan 116,2019,268,97,4,33,4,406,P1,171,72.1
Kolkata,2105,KOL-2105,116,Panchayat Bhavan 116,2021,267,134,5,35,4,445,P1,133,79.0
Kolkata,2105,KOL-2105,117,Madrasa 117,2019,191,97,7,66,3,364,P1,94,73.8
Kolkata,2105,KOL-2105,117,Madrasa 117,2021,222,76,5,90,4,397,P1,132,80.5
Kolkata,2105,KOL-2105,118,Panchayat Bhavan 118,2019,350,89,3,41,5,488,P1,261,81.2
Kolkata,2105,KOL-2105,118,Panchayat Bhavan 118,2021,248,125,6,79,5,463,P1,123,77.0
Kolkata,2105,KOL-2105,119,High School 119,2019,294,155,3,65,5,522,P1,139,77.3
Kolkata,2105,KOL-2105,119,High School 119,2021,365,73,2,42,5,487,P1,292,72.1
Kolkata,2105,KOL-2105,120,Post Office 120,2019,307,165,3,45,5,525,P1,142,80.4
Kolkata,2105,KOL-2105,120,Post Office 120,2021,234,145,6,132,6,523,P1,89,80.1
Kolkata,2105,KOL-2105,121,Post Office 121,2019,247,134,4,74,5,464,P1,113,74.8
Kolkata,2105,KOL-2105,121,Post Office 121,2021,246,179,2,43,5,475,P1,67,76.6
Kolkata,2105,KOL-2105,122,Anganwadi Centre 122,2019,245,122,2,61,4,434,P1,123,72.5
Kolkata,2105,KOL-2105,122,Anganwadi Centre 122,2021,294,80,9,84,5,472,P1,210,78.8
Kolkata,2105,KOL-2105,123,Community Hall 123,2019,274,86,2,34,4,400,P1,188,79.5
Kolkata,2105,KOL-2105,123,Community Hall 123,2021,220,120,3,53,5,401,P1,100,79.7
Kolkata,2105,KOL-2105,124,Market Building 124,2019,349,167,4,47,6,573,P1,182,82.8
Kolkata,2105,KOL-2105,124,Market Building 124,2021,288,154,11,114,5,572,P1,134,82.7
Kolkata,2105,KOL-2105,125,Post Office 125,2019,252,83,2,32,3,372,P1,169,75.2
Kolkata,2105,KOL-2105,125,Post Office 125,2021,156,101,10,97,4,368,P1,55,74.3
Kolkata,2105,KOL-2105,126,Post Office 126,2019,367,165,3,68,6,609,P1,202,79.3
Kolkata,2105,KOL-2105,126,Post Office 126,2021,295,94,13,149,5,556,P1,146,72.4
Kolkata,2105,KOL-2105,127,Health Sub-Centre 127,2019,225,137,7,56,3,428,P1,88,73.2
Kolkata,2105,KOL-2105,127,Health Sub-Centre 127,2021,239,138,2,43,6,428,P1,101,73.2
Kolkata,2105,KOL-2105,128,Panchayat Bhavan 128,2019,279,178,5,49,5,516,P1,101,81.6
Kolkata,2105,KOL-2105,128,Panchayat Bhavan 128,2021,358,104,4,42,6,514,P1,254,81.3
Kolkata,2105,KOL-2105,129,Community Hall 129,2019,367,163,7,46,6,589,P1,204,79.7
Kolkata,2105,KOL-2105,129,Community Hall 129,2021,377,147,6,47,5,582,P1,230,78.8
Kolkata,2105,KOL-2105,130,Post Office 130,2019,360,143,7,131,7,648,P1,217,83.1
Kolkata,2105,KOL-2105,130,Post Office 130,2021,380,133,5,82,6,606,P1,247,77.7
Kolkata,2105,KOL-2105,131,Post Office 131,2019,289,68,6,79,4,446,P1,210,81.7
Kolkata,2105,KOL-2105,131,Post Office 131,2021,269,122,4,35,4,434,P1,147,79.5
Kolkata,2105,KOL-2105,132,Post Office 132,2019,243,119,11,107,5,485,P1,124,77.7
Kolkata,2105,KOL-2105,132,Post Office 132,2021,331,127,3,43,5,509,P1,204,81.6
Kolkata,2105,KOL-2105,133,Health Sub-Centre 133,2019,214,136,9,78,5,442,P1,78,81.5
Kolkata,2105,KOL-2105,133,Health Sub-Centre 133,2021,236,114,9,63,5,427,P1,122,78.8
Kolkata,2105,KOL-2105,134,Post Office 134,2019,356,143,7,47,5,558,P1,213,79.3
Kolkata,2105,KOL-2105,134,Post Office 134,2021,286,156,5,55,5,507,P1,130,72.0
Kolkata,2105,KOL-2105,135,Club Building 135,2019,176,151,7,71,4,409,P1,25,78.4
Kolkata,2105,KOL-2105,135,Club Building 135,2021,237,116,4,68,5,430,P1,121,82.4
Kolkata,2105,KOL-2105,136,Primary School 136,2019,273,149,4,48,4,478,P1,124,74.8
Kolkata,2105,KOL-2105,136,Primary School 136,2021,282,135,5,36,6,464,P1,147,72.6
Kolkata,2105,KOL-2105,137,Govt Office 137,2019,332,196,7,53,6,594,P1,136,74.2
Kolkata,2105,KOL-2105,137,Govt Office 137,2021,313,190,5,82,6,596,P1,123,74.5
Kolkata,2105,KOL-2105,138,Primary School 138,2019,227,117,9,105,5,463,P1,110,77.4
Kolkata,2105,KOL-2105,138,Primary School 138,2021,312,134,3,41,6,496,P1,178,82.9
Kolkata,2105,KOL-2105,139,Club Building 139,2019,307,149,2,50,5,513,P1,158,79.2
Kolkata,2105,KOL-2105,139,Club Building 139,2021,307,130,8,59,5,509,P1,177,78.5
Kolkata,2105,KOL-2105,140,Community Hall 140,2019,284,150,4,39,5,482,P1,134,72.8
Kolkata,2105,KOL-2105,140,Community Hall 140,2021,344,112,4,41,6,507,P1,232,76.6
Kolkata,2105,KOL-2105,141,Primary School 141,2019,400,102,3,47,6,558,P1,298,78.6
Kolkata,2105,KOL-2105,141,Primary School 141,2021,288,187,3,48,4,530,P1,101,74.6
Kolkata,2105,KOL-2105,142,Temple Hall 142,2019,359,167,4,60,6,596,P1,192,82.0
Kolkata,2105,KOL-2105,142,Temple Hall 142,2021,256,139,5,129,4,533,P1,117,73.3
Kolkata,2105,KOL-2105,143,Madrasa 143,2019,278,119,2,60,5,464,P1,159,75.6
Kolkata,2105,KOL-2105,143,Madrasa 143,2021,278,142,5,37,4,466,P1,136,75.9
Kolkata,2105,KOL-2105,144,Club Building 144,2019,334,170,2,65,5,576,P1,164,78.9
Kolkata,2105,KOL-2105,144,Club Building 144,2021,366,120,5,44,5,540,P1,246,74.0
Kolkata,2105,KOL-2105,145,Club Building 145,2019,343,170,15,106,6,640,P1,173,82.2
Kolkata,2105,KOL-2105,145,Club Building 145,2021,445,109,4,51,7,616,P1,336,79.1
Kolkata,2105,KOL-2105,146,Club Building 146,2019,378,154,5,48,6,591,P1,224,77.1
Kolkata,2105,KOL-2105,146,Club Building 146,2021,423,126,7,48,6,610,P1,297,79.5
Kolkata,2105,KOL-2105,147,Club Building 147,2019,316,153,4,43,5,521,P1,163,81.4
Kolkata,2105,KOL-2105,147,Club Building 147,2021,284,151,7,58,5,505,P1,133,78.9
Kolkata,2105,KOL-2105,148,Madrasa 148,2019,360,142,4,77,7,590,P1,218,74.1
Kolkata,2105,KOL-2105,148,Madrasa 148,2021,399,172,7,70,7,655,P1,227,82.3
Kolkata,2105,KOL-2105,149,Madrasa 149,2019,333,147,2,46,5,533,P1,186,77.1
Kolkata,2105,KOL-2105,149,Madrasa 149,2021,311,167,6,59,6,549,P1,144,79.5
Kolkata,2105,KOL-2105,150,Madrasa 150,2019,351,165,3,48,7,574,P1,186,78.6
Kolkata,2105,KOL-2105,150,Madrasa 150,2021,337,179,6,55,6,583,P1,158,79.9
Kolkata,2105,KOL-2105,151,Primary School 151,2019,313,147,5,41,5,511,P1,166,80.7
Kolkata,2105,KOL-2105,151,Primary School 151,2021,251,132,6,75,5,469,P1,119,74.1
Kolkata,2105,KOL-2105,152,Anganwadi Centre 152,2019,232,124,6,105,5,472,P1,108,75.2
Kolkata,2105,KOL-2105,152,Anganwadi Centre 152,2021,289,171,3,44,5,512,P1,118,81.5
Kolkata,2105,KOL-2105,153,Madrasa 153,2019,287,177,7,103,5,579,P1,110,79.8
Kolkata,2105,KOL-2105,153,Madrasa 153,2021,270,168,8,93,5,544,P1,102,74.9
Kolkata,2105,KOL-2105,154,Primary School 154,2019,297,120,3,39,4,463,P1,177,82.4
Kolkata,2105,KOL-2105,154,Primary School 154,2021,268,128,4,49,5,454,P1,140,80.8
Kolkata,2105,KOL-2105,155,High School 155,2019,298,137,3,40,6,484,P1,161,82.2
Kolkata,2105,KOL-2105,155,High School 155,2021,207,113,12,96,4,432,P1,94,73.3
Kolkata,2105,KOL-2105,156,Health Sub-Centre 156,2019,227,110,2,32,4,375,P1,117,73.4
Kolkata,2105,KOL-2105,156,Health Sub-Centre 156,2021,224,127,2,33,4,390,P1,97,76.3
Kolkata,2105,KOL-2105,157,Madrasa 157,2019,224,125,10,139,5,503,P1,85,75.1
Kolkata,2105,KOL-2105,157,Madrasa 157,2021,273,172,2,48,5,500,P1,101,74.6
Kolkata,2105,KOL-2105,158,Primary School 158,2019,241,129,12,198,6,586,P1,43,82.4
Kolkata,2105,KOL-2105,158,Primary School 158,2021,291,209,2,58,6,566,P1,82,79.6
Kolkata,2105,KOL-2105,159,Post Office 159,2019,255,114,5,70,5,449,P1,141,79.2
Kolkata,2105,KOL-2105,159,Post Office 159,2021,265,104,1,35,5,410,P1,161,72.3
Kolkata,2105,KOL-2105,160,Post Office 160,2019,219,153,3,34,5,414,P1,66,78.7
Kolkata,2105,KOL-2105,160,Post Office 160,2021,269,81,5,30,4,389,P1,188,74.0
Kolkata,2105,KOL-2105,161,Health Sub-Centre 161,2019,294,113,3,37,5,452,P1,181,74.8
Kolkata,2105,KOL-2105,161,Health Sub-Centre 161,2021,237,187,4,43,5,476,P1,50,78.8
Kolkata,2105,KOL-2105,162,Temple Hall 162,2019,347,137,8,89,5,586,P1,210,77.6
Kolkata,2105,KOL-2105,162,Temple Hall 162,2021,407,156,7,49,6,625,P1,251,82.8
Kolkata,2105,KOL-2105,163,Madrasa 163,2019,321,232,9,90,6,658,P1,89,80.3
Kolkata,2105,KOL-2105,163,Madrasa 163,2021,342,160,17,137,7,663,P1,182,81.0
Kolkata,2105,KOL-2105,164,Health Sub-Centre 164,2019,211,158,2,34,5,410,P1,53,78.2
Kolkata,2105,KOL-2105,164,Health Sub-Centre 164,2021,248,116,3,34,3,404,P1,132,77.1
Kolkata,2105,KOL-2105,165,Panchayat Bhavan 165,2019,270,159,8,61,5,503,P1,111,79.3
Kolkata,2105,KOL-2105,165,Panchayat Bhavan 165,2021,197,138,4,122,5,466,P1,59,73.5
Kolkata,2105,KOL-2105,166,Club Building 166,2019,235,122,9,80,5,451,P1,113,77.8
Kolkata,2105,KOL-2105,166,Club Building 166,2021,250,105,3,64,5,427,P1,145,73.6
Kolkata,2105,KOL-2105,167,Club Building 167,2019,197,92,5,69,4,367,P1,105,73.1
Kolkata,2105,KOL-2105,167,Club Building 167,2021,249,118,1,35,4,407,P1,131,81.1
Kolkata,2105,KOL-2105,168,Health Sub-Centre 168,2019,302,135,3,41,4,485,P1,167,79.1
Kolkata,2105,KOL-2105,168,Health Sub-Centre 168,2021,276,154,2,44,5,481,P1,122,78.5
Kolkata,2105,KOL-2105,169,Madrasa 169,2019,277,96,7,73,4,457,P1,181,78.0
Kolkata,2105,KOL-2105,169,Madrasa 169,2021,277,151,2,40,5,475,P1,126,81.1
Kolkata,2105,KOL-2105,170,Post Office 170,2019,302,133,7,98,6,546,P1,169,81.0
Kolkata,2105,KOL-2105,170,Post Office 170,2021,354,137,3,46,5,545,P1,217,80.9
Kolkata,2105,KOL-2105,171,Panchayat Bhavan 171,2019,199,127,4,129,4,463,P1,70,76.3
Kolkata,2105,KOL-2105,171,Panchayat Bhavan 171,2021,324,122,2,43,4,495,P1,202,81.5
Kolkata,2105,KOL-2105,172,Madrasa 172,2019,202,136,6,72,3,419,P1,66,80.3
Kolkata,2105,KOL-2105,172,Madrasa 172,2021,254,103,3,46,4,410,P1,151,78.5
Kolkata,2105,KOL-2105,173,Health Sub-Centre 173,2019,273,135,10,180,6,604,P1,93,75.1
Kolkata,2105,KOL-2105,173,Health Sub-Centre 173,2021,392,166,4,52,5,619,P1,226,77.0
Kolkata,2105,KOL-2105,174,Govt Office 174,2019,275,206,5,69,5,560,P1,69,74.2
Kolkata,2105,KOL-2105,174,Govt Office 174,2021,303,156,10,72,5,546,P1,147,72.3
Kolkata,2105,KOL-2105,175,Market Building 175,2019,364,208,4,53,6,635,P1,156,78.5
Kolkata,2105,KOL-2105,175,Market Building 175,2021,342,221,6,90,6,665,P1,121,82.2
Kolkata,2105,KOL-2105,176,Temple Hall 176,2019,364,213,7,56,6,646,P1,151,82.4
Kolkata,2105,KOL-2105,176,Temple Hall 176,2021,391,184,5,62,6,648,P1,207,82.7
Kolkata,2105,KOL-2105,177,Madrasa 177,2019,219,119,5,58,4,405,P1,100,75.3
Kolkata,2105,KOL-2105,177,Madrasa 177,2021,257,130,3,39,4,433,P1,127,80.5
Kolkata,2106,KOL-2106,1,Community Hall 1,2019,241,64,9,114,5,433,P1,127,74.5
Kolkata,2106,KOL-2106,1,Community Hall 1,2021,286,100,3,36,4,429,P1,186,73.8
Kolkata,2106,KOL-2106,2,Anganwadi Centre 2,2019,390,128,4,48,6,576,P1,262,72.8
Kolkata,2106,KOL-2106,2,Anganwadi Centre 2,2021,403,150,3,53,6,615,P1,253,77.7
Kolkata,2106,KOL-2106,3,High School 3,2019,315,97,4,37,5,458,P1,218,81.3
Kolkata,2106,KOL-2106,3,High School 3,2021,298,103,4,55,5,465,P1,195,82.6
Kolkata,2106,KOL-2106,4,Anganwadi Centre 4,2019,209,104,4,61,5,383,P1,105,73.2
Kolkata,2106,KOL-2106,4,Anganwadi Centre 4,2021,250,90,3,31,3,377,P1,160,72.1
Kolkata,2106,KOL-2106,5,Health Sub-Centre 5,2019,247,189,6,60,4,506,P1,58,79.6
Kolkata,2106,KOL-2106,5,Health Sub-Centre 5,2021,278,137,11,81,5,512,P1,141,80.5
Kolkata,2106,KOL-2106,6,Market Building 6,2019,208,94,15,138,5,460,P1,70,73.0
Kolkata,2106,KOL-2106,6,Market Building 6,2021,305,140,2,42,5,494,P1,165,78.4
Kolkata,2106,KOL-2106,7,Panchayat Bhavan 7,2019,244,125,5,35,4,413,P1,119,72.6
Kolkata,2106,KOL-2106,7,Panchayat Bhavan 7,2021,306,90,4,36,4,440,P1,216,77.3
Kolkata,2106,KOL-2106,8,Health Sub-Centre 8,2019,269,77,4,30,5,385,P1,192,76.1
Kolkata,2106,KOL-2106,8,Health Sub-Centre 8,2021,200,136,3,33,3,375,P1,64,74.1
Kolkata,2106,KOL-2106,9,Temple Hall 9,2019,252,128,6,57,5,448,P1,124,81.6
Kolkata,2106,KOL-2106,9,Temple Hall 9,2021,263,115,4,34,4,420,P1,148,76.5
Kolkata,2106,KOL-2106,10,Health Sub-Centre 10,2019,207,118,9,78,3,415,P1,89,77.3
Kolkata,2106,KOL-2106,10,Health Sub-Centre 10,2021,222,152,1,36,5,416,P1,70,77.5
Kolkata,2106,KOL-2106,11,Post Office 11,2019,291,137,17,170,7,622,P1,121,78.4
Kolkata,2106,KOL-2106,11,Post Office 11,2021,386,145,11,99,6,647,P1,241,81.6
Kolkata,2106,KOL-2106,12,Temple Hall 12,2019,278,119,3,87,6,493,P1,159,81.0
Kolkata,2106,KOL-2106,12,Temple Hall 12,2021,233,151,3,62,4,453,P1,82,74.4
Kolkata,2106,KOL-2106,13,Market Building 13,2019,451,134,4,55,6,650,P1,317,79.6
Kolkata,2106,KOL-2106,13,Market Building 13,2021,242,203,21,180,7,653,P1,39,79.9
Kolkata,2106,KOL-2106,14,Madrasa 14,2019,298,112,2,39,5,456,P1,186,78.6
Kolkata,2106,KOL-2106,14,Madrasa 14,2021,250,110,11,90,4,465,P1,140,80.2
Kolkata,2106,KOL-2106,15,Govt Office 15,2019,227,149,11,83,4,474,P1,78,72.8
Kolkata,2106,KOL-2106,15,Govt Office 15,2021,325,150,4,43,5,527,P1,175,81.0
Kolkata,2106,KOL-2106,16,Post Office 16,2019,349,215,7,50,5,626,P1,134,81.7
Kolkata,2106,KOL-2106,16,Post Office 16,2021,336,143,14,127,7,627,P1,193,81.9
Kolkata,2106,KOL-2106,17,Community Hall 17,2019,271,124,2,37,5,439,P1,147,81.4
Kolkata,2106,KOL-2106,17,Community Hall 17,2021,250,117,3,66,4,440,P1,133,81.6
Kolkata,2106,KOL-2106,18,Madrasa 18,2019,356,194,4,51,6,611,P1,162,83.0
Kolkata,2106,KOL-2106,18,Madrasa 18,2021,312,194,6,45,6,563,P1,118,76.5
Kolkata,2106,KOL-2106,19,Temple Hall 19,2019,333,136,5,64,6,544,P1,197,82.1
Kolkata,2106,KOL-2106,19,Temple Hall 19,2021,312,143,6,39,5,505,P1,169,76.2
Kolkata,2106,KOL-2106,20,Market Building 20,2019,272,128,3,37,4,444,P1,144,76.8
Kolkata,2106,KOL-2106,20,Market Building 20,2021,243,118,12,94,4,471,P1,125,81.5
Kolkata,2106,KOL-2106,21,Club Building 21,2019,210,118,3,36,3,370,P1,92,74.4
Kolkata,2106,KOL-2106,21,Club Building 21,2021,233,85,5,76,5,404,P1,148,81.3
Kolkata,2106,KOL-2106,22,Anganwadi Centre 22,2019,235,138,3,34,5,415,P1,97,79.8
Kolkata,2106,KOL-2106,22,Anganwadi Centre 22,2021,206,121,3,44,4,378,P1,85,72.7
Kolkata,2106,KOL-2106,23,Health Sub-Centre 23,2019,444,134,6,52,6,642,P1,310,80.4
Kolkata,2106,KOL-2106,23,Health Sub-Centre 23,2021,302,192,6,157,7,664,P1,110,83.1
Kolkata,2106,KOL-2106,24,High School 24,2019,287,106,4,36,3,436,P1,181,72.2
Kolkata,2106,KOL-2106,24,High School 24,2021,232,133,8,88,5,466,P1,99,77.2
Kolkata,2106,KOL-2106,25,Madrasa 25,2019,310,165,6,41,6,528,P1,145,82.1
Kolkata,2106,KOL-2106,25,Madrasa 25,2021,284,126,8,60,5,483,P1,158,75.1
Kolkata,2106,KOL-2106,26,Govt Office 26,2019,207,125,2,31,3,368,P1,82,72.3
Kolkata,2106,KOL-2106,26,Govt Office 26,2021,237,111,3,57,4,412,P1,126,80.9
Kolkata,2106,KOL-2106,27,Panchayat Bhavan 27,2019,249,78,3,55,4,389,P1,171,73.7
Kolkata,2106,KOL-2106,27,Panchayat Bhavan 27,2021,209,150,1,36,5,401,P1,59,75.9
Kolkata,2106,KOL-2106,28,Madrasa 28,2019,345,193,4,50,6,598,P1,152,81.6
Kolkata,2106,KOL-2106,28,Madrasa 28,2021,236,174,5,122,6,543,P1,62,74.1
Kolkata,2106,KOL-2106,29,Health Sub-Centre 29,2019,330,164,5,64,5,568,P1,166,74.6
Kolkata,2106,KOL-2106,29,Health Sub-Centre 29,2021,385,156,7,48,5,601,P1,229,79.0
Kolkata,2106,KOL-2106,30,Post Office 30,2019,209,67,6,88,3,373,P1,121,74.9
Kolkata,2106,KOL-2106,30,Post Office 30,2021,208,130,2,32,4,376,P1,78,75.5
Kolkata,2106,KOL-2106,31,Madrasa 31,2019,315,196,12,116,6,645,P1,119,79.8
Kolkata,2106,KOL-2106,31,Madrasa 31,2021,393,190,8,51,5,647,P1,203,80.1
Kolkata,2106,KOL-2106,32,Market Building 32,2019,235,134,6,161,5,541,P1,74,75.5
Kolkata,2106,KOL-2106,32,Market Building 32,2021,345,156,8,76,6,591,P1,189,82.4
Kolkata,2106,KOL-2106,33,Govt Office 33,2019,276,230,8,83,5,602,P1,46,82.7
Kolkata,2106,KOL-2106,33,Govt Office 33,2021,338,153,5,68,6,570,P1,185,78.3
Kolkata,2106,KOL-2106,34,Temple Hall 34,2019,330,165,5,45,5,550,P1,165,80.8
Kolkata,2106,KOL-2106,34,Temple Hall 34,2021,334,151,2,47,5,539,P1,183,79.1
Kolkata,2106,KOL-2106,35,Club Building 35,2019,308,96,7,70,6,487,P1,212,78.5
Kolkata,2106,KOL-2106,35,Club Building 35,2021,277,133,2,39,4,455,P1,144,73.4
Kolkata,2106,KOL-2106,36,Panchayat Bhavan 36,2019,337,150,3,46,5,541,P1,187,74.8
Kolkata,2106,KOL-2106,36,Panchayat Bhavan 36,2021,318,168,3,64,5,558,P1,150,77.2
Kolkata,2106,KOL-2106,37,High School 37,2019,355,131,12,103,6,607,P1,224,75.0
Kolkata,2106,KOL-2106,37,High School 37,2021,365,137,5,106,6,619,P1,228,76.5
Kolkata,2106,KOL-2106,38,Market Building 38,2019,218,149,6,47,5,425,P1,69,72.3
Kolkata,2106,KOL-2106,38,Market Building 38,2021,292,109,3,37,4,445,P1,183,75.7
Kolkata,2106,KOL-2106,39,Madrasa 39,2019,297,140,9,78,5,529,P1,157,82.0
Kolkata,2106,KOL-2106,39,Madrasa 39,2021,347,115,5,41,5,513,P1,232,79.5
Kolkata,2106,KOL-2106,40,High School 40,2019,304,162,3,43,6,518,P1,142,78.7
Kolkata,2106,KOL-2106,40,High School 40,2021,327,115,11,80,6,539,P1,212,81.9
Kolkata,2106,KOL-2106,41,Community Hall 41,2019,234,101,4,45,4,388,P1,133,75.8
Kolkata,2106,KOL-2106,41,Community Hall 41,2021,248,113,4,32,4,401,P1,135,78.3
Kolkata,2106,KOL-2106,42,High School 42,2019,258,108,5,32,4,407,P1,150,76.5
Kolkata,2106,KOL-2106,42,High School 42,2021,280,116,5,35,3,439,P1,164,82.5
Kolkata,2106,KOL-2106,43,Temple Hall 43,2019,291,134,18,182,6,631,P1,109,83.0
Kolkata,2106,KOL-2106,43,Temple Hall 43,2021,244,204,8,113,6,575,P1,40,75.7
Kolkata,2106,KOL-2106,44,Anganwadi Centre 44,2019,299,106,18,162,6,591,P1,137,78.8
Kolkata,2106,KOL-2106,44,Anganwadi Centre 44,2021,366,145,6,45,5,567,P1,221,75.6
Kolkata,2106,KOL-2106,45,Primary School 45,2019,192,147,11,89,4,443,P1,45,72.0
Kolkata,2106,KOL-2106,45,Primary School 45,2021,280,167,6,45,5,503,P1,113,81.8
Kolkata,2106,KOL-2106,46,Anganwadi Centre 46,2019,298,125,5,38,4,470,P1,173,81.6
Kolkata,2106,KOL-2106,46,Anganwadi Centre 46,2021,214,127,4,73,4,422,P1,87,73.3
Kolkata,2106,KOL-2106,47,Madrasa 47,2019,317,129,10,110,5,571,P1,188,81.0
Kolkata,2106,KOL-2106,47,Madrasa 47,2021,313,163,5,55,5,541,P1,150,76.7
Kolkata,2106,KOL-2106,48,Madrasa 48,2019,285,188,2,46,5,526,P1,97,75.0
Kolkata,2106,KOL-2106,48,Madrasa 48,2021,277,133,9,106,5,530,P1,144,75.6
Kolkata,2106,KOL-2106,49,Madrasa 49,2019,275,127,13,89,5,509,P1,148,76.9
Kolkata,2106,KOL-2106,49,Madrasa 49,2021,299,132,8,64,5,508,P1,167,76.7
Kolkata,2106,KOL-2106,50,High School 50,2019,333,118,5,40,5,501,P1,215,76.5
Kolkata,2106,KOL-2106,50,High School 50,2021,321,116,3,41,4,485,P1,205,74.0
Kolkata,2106,KOL-2106,51,Health Sub-Centre 51,2019,310,188,3,47,6,554,P1,122,73.3
Kolkata,2106,KOL-2106,51,Health Sub-Centre 51,2021,379,145,2,50,6,582,P1,234,77.0
Kolkata,2106,KOL-2106,52,Club Building 52,2019,292,84,3,35,4,418,P1,208,80.2
Kolkata,2106,KOL-2106,52,Club Building 52,2021,239,132,3,38,4,416,P1,107,79.8
Kolkata,2106,KOL-2106,53,Anganwadi Centre 53,2019,344,96,4,40,5,489,P1,248,79.4
Kolkata,2106,KOL-2106,53,Anganwadi Centre 53,2021,240,151,6,83,4,484,P1,89,78.6
Kolkata,2106,KOL-2106,54,Market Building 54,2019,291,174,6,50,6,527,P1,117,73.2
Kolkata,2106,KOL-2106,54,Market Building 54,2021,430,109,4,50,6,599,P1,321,83.2
Kolkata,2106,KOL-2106,55,Market Building 55,2019,185,126,4,56,3,374,P1,59,72.8
Kolkata,2106,KOL-2106,55,Market Building 55,2021,226,94,3,57,4,384,P1,132,74.7
Kolkata,2106,KOL-2106,56,Madrasa 56,2019,291,118,4,37,4,454,P1,173,75.5
Kolkata,2106,KOL-2106,56,Madrasa 56,2021,285,92,4,71,5,457,P1,193,76.0
Kolkata,2106,KOL-2106,57,High School 57,2019,224,124,12,93,5,458,P1,100,80.1
Kolkata,2106,KOL-2106,57,High School 57,2021,298,116,4,38,4,460,P1,182,80.4
Kolkata,2106,KOL-2106,58,Community Hall 58,2019,359,169,4,49,6,587,P1,190,79.2
Kolkata,2106,KOL-2106,58,Community Hall 58,2021,298,161,8,67,6,540,P1,137,72.9
Kolkata,2106,KOL-2106,59,Post Office 59,2019,253,89,5,88,5,440,P1,164,75.1
Kolkata,2106,KOL-2106,59,Post Office 59,2021,283,147,4,39,5,478,P1,136,81.6
Kolkata,2106,KOL-2106,60,Health Sub-Centre 60,2019,237,109,4,46,4,400,P1,128,82.1
Kolkata,2106,KOL-2106,60,Health Sub-Centre 60,2021,227,115,5,35,4,386,P1,112,79.3
Kolkata,2106,KOL-2106,61,Temple Hall 61,2019,304,89,13,102,5,513,P1,202,72.9
Kolkata,2106,KOL-2106,61,Temple Hall 61,2021,269,176,8,81,5,539,P1,93,76.6
Kolkata,2106,KOL-2106,62,Govt Office 62,2019,325,67,4,35,5,436,P1,258,72.2
Kolkata,2106,KOL-2106,62,Govt Office 62,2021,304,93,1,38,5,441,P1,211,73.0
Kolkata,2106,KOL-2106,63,Primary School 63,2019,309,142,6,68,5,530,P1,167,73.5
Kolkata,2106,KOL-2106,63,Primary School 63,2021,312,152,8,70,6,548,P1,160,76.0
Kolkata,2106,KOL-2106,64,Post Office 64,2019,272,97,5,84,5,463,P1,175,73.5
Kolkata,2106,KOL-2106,64,Post Office 64,2021,272,113,8,59,5,457,P1,159,72.5
Kolkata,2106,KOL-2106,65,Health Sub-Centre 65,2019,339,163,5,72,6,585,P1,176,75.2
Kolkata,2106,KOL-2106,65,Health Sub-Centre 65,2021,373,160,4,50,6,593,P1,213,76.2
Kolkata,2106,KOL-2106,66,Health Sub-Centre 66,2019,379,176,4,82,6,647,P1,203,78.9
Kolkata,2106,KOL-2106,66,Health Sub-Centre 66,2021,292,163,15,114,6,590,P1,129,72.0
Kolkata,2106,KOL-2106,67,Post Office 67,2019,212,121,2,35,4,374,P1,91,72.5
Kolkata,2106,KOL-2106,67,Post Office 67,2021,242,131,2,36,4,415,P1,111,80.4
Kolkata,2106,KOL-2106,68,Market Building 68,2019,223,121,5,85,6,440,P1,102,74.2
Kolkata,2106,KOL-2106,68,Market Building 68,2021,256,118,8,53,4,439,P1,138,74.0
Kolkata,2106,KOL-2106,69,Panchayat Bhavan 69,2019,233,106,13,139,4,495,P1,94,80.8
Kolkata,2106,KOL-2106,69,Panchayat Bhavan 69,2021,296,142,5,39,5,487,P1,154,79.4
Kolkata,2106,KOL-2106,70,Club Building 70,2019,227,92,2,49,3,373,P1,135,73.1
Kolkata,2106,KOL-2106,70,Club Building 70,2021,245,86,3,30,4,368,P1,159,72.2
Kolkata,2106,KOL-2106,71,Market Building 71,2019,272,166,4,59,4,505,P1,106,80.2
Kolkata,2106,KOL-2106,71,Market Building 71,2021,308,162,3,45,5,523,P1,146,83.0
Kolkata,2106,KOL-2106,72,Health Sub-Centre 72,2019,302,155,7,53,4,521,P1,147,77.3
Kolkata,2106,KOL-2106,72,Health Sub-Centre 72,2021,304,163,2,44,6,519,P1,141,77.0
Kolkata,2106,KOL-2106,73,Health Sub-Centre 73,2019,246,93,7,61,4,411,P1,153,77.1
Kolkata,2106,KOL-2106,73,Health Sub-Centre 73,2021,235,110,6,43,4,398,P1,125,74.7
Kolkata,2106,KOL-2106,74,Temple Hall 74,2019,217,107,11,82,4,421,P1,110,80.3
Kolkata,2106,KOL-2106,74,Temple Hall 74,2021,179,130,9,88,4,410,P1,49,78.2
Kolkata,2106,KOL-2106,75,Health Sub-Centre 75,2019,243,129,10,114,5,501,P1,114,72.7
Kolkata,2106,KOL-2106,75,Health Sub-Centre 75,2021,278,160,8,93,5,544,P1,118,79.0
Kolkata,2106,KOL-2106,76,High School 76,2019,236,139,2,37,4,418,P1,97,74.1
Kolkata,2106,KOL-2106,76,High School 76,2021,285,132,2,44,5,468,P1,153,83.0
Kolkata,2106,KOL-2106,77,Market Building 77,2019,274,145,5,37,4,465,P1,129,81.4
Kolkata,2106,KOL-2106,77,Market Building 77,2021,342,44,2,37,4,429,P1,298,75.1
Kolkata,2106,KOL-2106,78,Anganwadi Centre 78,2019,352,126,6,66,6,556,P1,226,78.4
Kolkata,2106,KOL-2106,78,Anganwadi Centre 78,2021,315,172,3,70,7,567,P1,143,80.0
Kolkata,2106,KOL-2106,79,Community Hall 79,2019,259,123,5,34,4,425,P1,136,76.7
Kolkata,2106,KOL-2106,79,Community Hall 79,2021,306,90,5,35,4,440,P1,216,79.4
Kolkata,2106,KOL-2106,80,Post Office 80,2019,309,116,2,41,4,472,P1,193,78.0
Kolkata,2106,KOL-2106,80,Post Office 80,2021,324,122,4,40,5,495,P1,202,81.8
Kolkata,2106,KOL-2106,81,Govt Office 81,2019,277,210,6,142,6,641,P1,67,82.0
Kolkata,2106,KOL-2106,81,Govt Office 81,2021,439,127,4,53,6,629,P1,312,80.4
Kolkata,2106,KOL-2106,82,Panchayat Bhavan 82,2019,317,156,4,76,5,558,P1,161,75.2
Kolkata,2106,KOL-2106,82,Panchayat Bhavan 82,2021,384,109,2,47,6,548,P1,275,73.9
Kolkata,2106,KOL-2106,83,Anganwadi Centre 83,2019,325,102,2,40,6,475,P1,223,75.4
Kolkata,2106,KOL-2106,83,Anganwadi Centre 83,2021,309,155,4,42,5,515,P1,154,81.7
Kolkata,2106,KOL-2106,84,Primary School 84,2019,288,164,4,58,5,519,P1,124,82.8
Kolkata,2106,KOL-2106,84,Primary School 84,2021,338,107,5,40,5,495,P1,231,78.9
Kolkata,2106,KOL-2106,85,Post Office 85,2019,310,174,2,47,5,538,P1,136,78.5
Kolkata,2106,KOL-2106,85,Post Office 85,2021,290,185,5,47,5,532,P1,105,77.7
Kolkata,2106,KOL-2106,86,Post Office 86,2019,295,110,5,35,6,451,P1,185,76.4
Kolkata,2106,KOL-2106,86,Post Office 86,2021,296,87,6,47,4,440,P1,209,74.6
Kolkata,2106,KOL-2106,87,Health Sub-Centre 87,2019,233,145,9,82,6,475,P1,88,79.2
Kolkata,2106,KOL-2106,87,Health Sub-Centre 87,2021,316,96,5,36,5,458,P1,220,76.3
Kolkata,2106,KOL-2106,88,High School 88,2019,393,178,5,60,7,643,P1,215,80.4
Kolkata,2106,KOL-2106,88,High School 88,2021,421,145,7,54,7,634,P1,276,79.2
Kolkata,2106,KOL-2106,89,Community Hall 89,2019,211,155,7,67,3,443,P1,56,82.6
Kolkata,2106,KOL-2106,89,Community Hall 89,2021,279,101,3,35,4,422,P1,178,78.7
Kolkata,2106,KOL-2106,90,Health Sub-Centre 90,2019,282,118,4,36,4,444,P1,164,75.0
Kolkata,2106,KOL-2106,90,Health Sub-Centre 90,2021,262,164,2,41,5,474,P1,98,80.1
Kolkata,2106,KOL-2106,91,Govt Office 91,2019,259,100,14,99,5,477,P1,159,81.0
Kolkata,2106,KOL-2106,91,Govt Office 91,2021,233,141,7,78,5,464,P1,92,78.8
Kolkata,2106,KOL-2106,92,Community Hall 92,2019,342,125,6,41,5,519,P1,217,76.3
Kolkata,2106,KOL-2106,92,Community Hall 92,2021,263,165,13,109,5,555,P1,98,81.6
Kolkata,2106,KOL-2106,93,Anganwadi Centre 93,2019,243,102,2,33,3,383,P1,141,76.4
Kolkata,2106,KOL-2106,93,Anganwadi Centre 93,2021,215,125,7,66,4,417,P1,90,83.2
Kolkata,2106,KOL-2106,94,Market Building 94,2019,344,230,7,51,6,638,P1,114,78.8
Kolkata,2106,KOL-2106,94,Market Building 94,2021,422,178,3,57,7,667,P1,244,82.3
Kolkata,2106,KOL-2106,95,Temple Hall 95,2019,309,144,3,42,5,503,P1,165,82.9
Kolkata,2106,KOL-2106,95,Temple Hall 95,2021,204,208,3,38,5,458,P2,4,75.5
Kolkata,2106,KOL-2106,96,Community Hall 96,2019,265,104,8,63,4,444,P1,161,79.6
Kolkata,2106,KOL-2106,96,Community Hall 96,2021,225,123,9,64,4,425,P1,102,76.2
Kolkata,2106,KOL-2106,97,Post Office 97,2019,347,162,3,48,6,566,P1,185,73.3
Kolkata,2106,KOL-2106,97,Post Office 97,2021,361,181,4,86,6,638,P1,180,82.6
Kolkata,2106,KOL-2106,98,Panchayat Bhavan 98,2019,301,136,5,38,6,486,P1,165,74.1
Kolkata,2106,KOL-2106,98,Panchayat Bhavan 98,2021,279,122,9,79,5,494,P1,157,75.3
Kolkata,2106,KOL-2106,99,High School 99,2019,269,162,5,38,5,479,P1,107,80.9
Kolkata,2106,KOL-2106,99,High School 99,2021,256,89,6,87,4,442,P1,167,74.7
Kolkata,2106,KOL-2106,100,Health Sub-Centre 100,2019,271,118,4,35,4,432,P1,153,81.1
Kolkata,2106,KOL-2106,100,Health Sub-Centre 100,2021,273,124,4,36,4,441,P1,149,82.7
Kolkata,2106,KOL-2106,101,Community Hall 101,2019,234,84,8,66,4,396,P1,150,76.4
Kolkata,2106,KOL-2106,101,Community Hall 101,2021,227,104,5,73,5,414,P1,123,79.9
Kolkata,2106,KOL-2106,102,Health Sub-Centre 102,2019,340,200,3,51,7,601,P1,140,81.9
Kolkata,2106,KOL-2106,102,Health Sub-Centre 102,2021,314,180,6,54,6,560,P1,134,76.3
Kolkata,2106,KOL-2106,103,Community Hall 103,2019,290,192,5,44,4,535,P1,98,74.0
Kolkata,2106,KOL-2106,103,Community Hall 103,2021,339,179,4,48,6,576,P1,160,79.7
Kolkata,2106,KOL-2106,104,Anganwadi Centre 104,2019,359,172,5,48,6,590,P1,187,73.9
Kolkata,2106,KOL-2106,104,Anganwadi Centre 104,2021,353,204,7,88,6,658,P1,149,82.5
Kolkata,2106,KOL-2106,105,Panchayat Bhavan 105,2019,247,139,10,79,4,479,P1,108,74.0
Kolkata,2106,KOL-2106,105,Panchayat Bhavan 105,2021,251,159,9,71,6,496,P1,92,76.7
Kolkata,2106,KOL-2106,106,Panchayat Bhavan 106,2019,290,77,3,41,4,415,P1,213,80.4
Kolkata,2106,KOL-2106,106,Panchayat Bhavan 106,2021,251,126,2,36,3,418,P1,125,81.0
Kolkata,2106,KOL-2106,107,Market Building 107,2019,329,141,18,144,6,638,P1,185,81.4
Kolkata,2106,KOL-2106,107,Market Building 107,2021,319,231,8,55,6,619,P1,88,79.0
Kolkata,2106,KOL-2106,108,Madrasa 108,2019,250,122,4,53,5,434,P1,128,74.6
Kolkata,2106,KOL-2106,108,Madrasa 108,2021,262,144,5,36,4,451,P1,118,77.5
Kolkata,2106,KOL-2106,109,Health Sub-Centre 109,2019,315,94,5,66,5,485,P1,221,83.0
Kolkata,2106,KOL-2106,109,Health Sub-Centre 109,2021,195,160,4,63,5,427,P1,35,73.1
Kolkata,2106,KOL-2106,110,Temple Hall 110,2019,318,209,5,48,5,585,P1,109,81.7
Kolkata,2106,KOL-2106,110,Temple Hall 110,2021,334,110,5,66,5,520,P1,224,72.6
Kolkata,2106,KOL-2106,111,Panchayat Bhavan 111,2019,231,127,4,44,4,410,P1,104,73.1
Kolkata,2106,KOL-2106,111,Panchayat Bhavan 111,2021,295,107,2,40,4,448,P1,188,79.9
Kolkata,2106,KOL-2106,112,Health Sub-Centre 112,2019,310,121,6,38,4,479,P1,189,79.4
Kolkata,2106,KOL-2106,112,Health Sub-Centre 112,2021,253,131,11,96,5,496,P1,122,82.3
Kolkata,2106,KOL-2106,113,Anganwadi Centre 113,2019,299,108,5,36,4,452,P1,191,75.1
Kolkata,2106,KOL-2106,113,Anganwadi Centre 113,2021,284,118,3,37,5,447,P1,166,74.3
Kolkata,2106,KOL-2106,114,Club Building 114,2019,293,97,10,139,6,545,P1,154,80.3
Kolkata,2106,KOL-2106,114,Club Building 114,2021,323,123,3,41,6,496,P1,200,73.0
Kolkata,2106,KOL-2106,115,Govt Office 115,2019,316,158,13,112,6,605,P1,158,78.3
Kolkata,2106,KOL-2106,115,Govt Office 115,2021,296,184,13,99,6,598,P1,112,77.4
Kolkata,2106,KOL-2106,116,Primary School 116,2019,231,143,3,65,4,446,P1,88,81.5
Kolkata,2106,KOL-2106,116,Primary School 116,2021,199,103,5,85,4,396,P1,96,72.4
Kolkata,2106,KOL-2106,117,Madrasa 117,2019,326,152,4,44,5,531,P1,174,81.2
Kolkata,2106,KOL-2106,117,Madrasa 117,2021,337,134,8,54,6,539,P1,203,82.4
Kolkata,2106,KOL-2106,118,High School 118,2019,213,87,12,98,3,413,P1,115,81.8
Kolkata,2106,KOL-2106,118,High School 118,2021,192,141,2,31,4,370,P1,51,73.3
Kolkata,2106,KOL-2106,119,Community Hall 119,2019,238,102,9,106,4,459,P1,132,72.3
Kolkata,2106,KOL-2106,119,Community Hall 119,2021,296,124,6,97,5,528,P1,172,83.1
Kolkata,2106,KOL-2106,120,Community Hall 120,2019,329,92,6,50,5,482,P1,237,78.0
Kolkata,2106,KOL-2106,120,Community Hall 120,2021,286,123,5,59,6,479,P1,163,77.5
Kolkata,2106,KOL-2106,121,Post Office 121,2019,277,121,8,72,5,483,P1,156,72.6
Kolkata,2106,KOL-2106,121,Post Office 121,2021,289,198,6,43,5,541,P1,91,81.4
Kolkata,2106,KOL-2106,122,Temple Hall 122,2019,178,140,8,61,4,391,P1,38,73.4
Kolkata,2106,KOL-2106,122,Temple Hall 122,2021,273,100,4,59,5,441,P1,173,82.7
Kolkata,2106,KOL-2106,123,Club Building 123,2019,238,119,3,32,4,396,P1,119,76.4
Kolkata,2106,KOL-2106,123,Club Building 123,2021,238,123,6,43,4,414,P1,115,79.9
Kolkata,2106,KOL-2106,124,Temple Hall 124,2019,288,142,5,38,5,478,P1,146,81.0
Kolkata,2106,KOL-2106,124,Temple Hall 124,2021,240,103,9,69,5,426,P1,137,72.2
Kolkata,2106,KOL-2106,125,Madrasa 125,2019,190,103,7,87,3,390,P1,87,78.8
Kolkata,2106,KOL-2106,125,Madrasa 125,2021,230,108,2,32,3,375,P1,122,75.8
Kolkata,2106,KOL-2106,126,Govt Office 126,2019,296,183,4,77,6,566,P1,113,81.2
Kolkata,2106,KOL-2106,126,Govt Office 126,2021,408,90,3,46,6,553,P1,318,79.3
Kolkata,2106,KOL-2106,127,Govt Office 127,2019,302,128,4,97,4,535,P1,174,78.4
Kolkata,2106,KOL-2106,127,Govt Office 127,2021,321,161,5,46,5,538,P1,160,78.9
Kolkata,2106,KOL-2106,128,Primary School 128,2019,324,79,2,38,4,447,P1,245,78.6
Kolkata,2106,KOL-2106,128,Primary School 128,2021,302,101,2,39,4,448,P1,201,78.7
Kolkata,2106,KOL-2106,129,Govt Office 129,2019,275,173,7,105,6,566,P1,102,74.6
Kolkata,2106,KOL-2106,129,Govt Office 129,2021,318,142,9,84,5,558,P1,176,73.5
Kolkata,2106,KOL-2106,130,Temple Hall 130,2019,237,141,4,75,6,463,P1,96,78.7
Kolkata,2106,KOL-2106,130,Temple Hall 130,2021,230,140,9,69,6,454,P1,90,77.2
Kolkata,2106,KOL-2106,131,Anganwadi Centre 131,2019,336,131,11,121,6,605,P1,205,75.2
Kolkata,2106,KOL-2106,131,Anganwadi Centre 131,2021,410,166,7,50,7,640,P1,244,79.6
Kolkata,2106,KOL-2106,132,Community Hall 132,2019,268,154,6,41,5,474,P1,114,77.3
Kolkata,2106,KOL-2106,132,Community Hall 132,2021,264,113,8,75,4,464,P1,151,75.7
Kolkata,2106,KOL-2106,133,Community Hall 133,2019,243,156,3,37,4,443,P1,87,75.7
Kolkata,2106,KOL-2106,133,Community Hall 133,2021,266,132,5,70,5,478,P1,134,81.7
Kolkata,2106,KOL-2106,134,Anganwadi Centre 134,2019,244,146,3,36,4,433,P1,98,80.8
Kolkata,2106,KOL-2106,134,Anganwadi Centre 134,2021,173,139,8,92,4,416,P1,34,77.6
Kolkata,2106,KOL-2106,135,Temple Hall 135,2019,309,190,4,82,5,590,P1,119,81.0
Kolkata,2106,KOL-2106,135,Temple Hall 135,2021,370,152,6,46,6,580,P1,218,79.7
Kolkata,2106,KOL-2106,136,Primary School 136,2019,241,136,5,39,4,425,P1,105,75.8
Kolkata,2106,KOL-2106,136,Primary School 136,2021,269,136,3,40,4,452,P1,133,80.6
Kolkata,2106,KOL-2106,137,Govt Office 137,2019,250,161,3,38,4,456,P1,89,80.0
Kolkata,2106,KOL-2106,137,Govt Office 137,2021,263,87,5,54,4,413,P1,176,72.5
Kolkata,2106,KOL-2106,138,Post Office 138,2019,309,145,2,48,4,508,P1,164,83.1
Kolkata,2106,KOL-2106,138,Post Office 138,2021,308,122,7,49,4,490,P1,186,80.2
Kolkata,2106,KOL-2106,139,Post Office 139,2019,358,188,6,49,5,606,P1,170,78.2
Kolkata,2106,KOL-2106,139,Post Office 139,2021,299,120,13,167,6,605,P1,132,78.1
Kolkata,2106,KOL-2106,140,Market Building 140,2019,290,47,8,68,5,418,P1,222,74.1
Kolkata,2106,KOL-2106,140,Market Building 140,2021,226,130,8,68,4,436,P1,96,77.3
Kolkata,2106,KOL-2106,141,Primary School 141,2019,263,117,4,48,4,436,P1,146,74.5
Kolkata,2106,KOL-2106,141,Primary School 141,2021,294,127,5,37,5,468,P1,167,80.0
Kolkata,2106,KOL-2106,142,Post Office 142,2019,302,153,2,62,6,525,P1,149,72.5
Kolkata,2106,KOL-2106,142,Post Office 142,2021,369,133,4,47,5,558,P1,236,77.1
Kolkata,2106,KOL-2106,143,Club Building 143,2019,311,182,7,43,5,548,P1,129,73.7
Kolkata,2106,KOL-2106,143,Club Building 143,2021,341,204,3,52,6,606,P1,137,81.5
Kolkata,2106,KOL-2106,144,Primary School 144,2019,228,130,5,80,4,447,P1,98,72.9
Kolkata,2106,KOL-2106,144,Primary School 144,2021,266,151,5,40,6,468,P1,115,76.3
Kolkata,2106,KOL-2106,145,Health Sub-Centre 145,2019,272,130,4,36,4,446,P1,142,73.6
Kolkata,2106,KOL-2106,145,Health Sub-Centre 145,2021,258,84,7,91,5,445,P1,167,73.4
Kolkata,2106,KOL-2106,146,Govt Office 146,2019,226,172,3,60,5,466,P1,54,72.8
Kolkata,2106,KOL-2106,146,Govt Office 146,2021,244,104,8,104,4,464,P1,140,72.5
Kolkata,2106,KOL-2106,147,Market Building 147,2019,305,113,3,55,4,480,P1,192,80.1
Kolkata,2106,KOL-2106,147,Market Building 147,2021,315,116,7,55,5,498,P1,199,83.1
Kolkata,2106,KOL-2106,148,Primary School 148,2019,295,155,4,93,5,552,P1,140,72.7
Kolkata,2106,KOL-2106,148,Primary School 148,2021,317,119,7,138,7,588,P1,179,77.5
Kolkata,2106,KOL-2106,149,Primary School 149,2019,285,129,18,130,5,567,P1,155,76.6
Kolkata,2106,KOL-2106,149,Primary School 149,2021,385,155,6,48,6,600,P1,230,81.1
Kolkata,2106,KOL-2106,150,Club Building 150,2019,383,154,2,52,6,597,P1,229,79.0
Kolkata,2106,KOL-2106,150,Club Building 150,2021,393,127,2,50,6,578,P1,266,76.5
Kolkata,2106,KOL-2106,151,Temple Hall 151,2019,416,146,7,51,7,627,P1,270,80.6
Kolkata,2106,KOL-2106,151,Temple Hall 151,2021,387,125,5,46,6,569,P1,262,73.1
Kolkata,2106,KOL-2106,152,Club Building 152,2019,235,108,12,100,5,460,P1,127,79.6
Kolkata,2106,KOL-2106,152,Club Building 152,2021,301,95,6,51,4,457,P1,206,79.1
Kolkata,2106,KOL-2106,153,Panchayat Bhavan 153,2019,205,130,4,39,5,383,P1,75,76.4
Kolkata,2106,KOL-2106,153,Panchayat Bhavan 153,2021,178,99,10,76,4,367,P1,79,73.3
Kolkata,2106,KOL-2106,154,Panchayat Bhavan 154,2019,236,183,5,103,6,533,P1,53,75.1
Kolkata,2106,KOL-2106,154,Panchayat Bhavan 154,2021,377,149,5,48,6,585,P1,228,82.4
Kolkata,2106,KOL-2106,155,Market Building 155,2019,200,101,6,127,5,439,P1,73,74.4
Kolkata,2106,KOL-2106,155,Market Building 155,2021,280,137,6,60,5,488,P1,143,82.7
Kolkata,2106,KOL-2106,156,Anganwadi Centre 156,2019,272,139,9,60,4,484,P1,133,82.2
Kolkata,2106,KOL-2106,156,Anganwadi Centre 156,2021,247,162,2,71,5,487,P1,85,82.7
Kolkata,2106,KOL-2106,157,High School 157,2019,346,152,2,47,6,553,P1,194,80.8
Kolkata,2106,KOL-2106,157,High School 157,2021,281,186,2,45,5,519,P1,95,75.9
Kolkata,2106,KOL-2106,158,Primary School 158,2019,248,161,4,40,4,457,P1,87,82.9
Kolkata,2106,KOL-2106,158,Primary School 158,2021,227,171,2,38,4,442,P1,56,80.2
Kolkata,2106,KOL-2106,159,Post Office 159,2019,354,91,8,52,5,510,P1,263,76.3
Kolkata,2106,KOL-2106,159,Post Office 159,2021,411,84,4,46,5,550,P1,327,82.3
Kolkata,2106,KOL-2106,160,Madrasa 160,2019,189,136,5,54,4,388,P1,53,77.9
Kolkata,2106,KOL-2106,160,Madrasa 160,2021,219,114,2,31,3,369,P1,105,74.1
Kolkata,2106,KOL-2106,161,Govt Office 161,2019,266,185,5,41,4,501,P1,81,80.9
Kolkata,2106,KOL-2106,161,Govt Office 161,2021,282,169,6,40,4,501,P1,113,80.9
Kolkata,2106,KOL-2106,162,Temple Hall 162,2019,250,118,3,39,4,414,P1,132,75.8
Kolkata,2106,KOL-2106,162,Temple Hall 162,2021,251,145,5,34,5,440,P1,106,80.6
Kolkata,2106,KOL-2106,163,Madrasa 163,2019,335,148,4,53,5,545,P1,187,72.9
Kolkata,2106,KOL-2106,163,Madrasa 163,2021,294,118,14,137,6,569,P1,157,76.1
Kolkata,2106,KOL-2106,164,Club Building 164,2019,230,121,2,33,4,390,P1,109,77.7
Kolkata,2106,KOL-2106,164,Club Building 164,2021,213,113,2,31,4,363,P1,100,72.3
Kolkata,2106,KOL-2106,165,Anganwadi Centre 165,2019,312,198,6,53,5,574,P1,114,78.8
Kolkata,2106,KOL-2106,165,Anganwadi Centre 165,2021,316,117,10,102,5,550,P1,199,75.5
Kolkata,2106,KOL-2106,166,Anganwadi Centre 166,2019,247,152,9,99,5,512,P1,95,75.7
Kolkata,2106,KOL-2106,166,Anganwadi Centre 166,2021,306,114,5,111,5,541,P1,192,80.0
Kolkata,2106,KOL-2106,167,Community Hall 167,2019,230,110,2,32,3,377,P1,120,74.1
Kolkata,2106,KOL-2106,167,Community Hall 167,2021,219,125,4,30,4,382,P1,94,75.0
Kolkata,2106,KOL-2106,168,Primary School 168,2019,214,110,3,30,4,361,P1,104,72.2
Kolkata,2106,KOL-2106,168,Primary School 168,2021,226,83,6,50,3,368,P1,143,73.6
Kolkata,2106,KOL-2106,169,Panchayat Bhavan 169,2019,316,148,2,45,5,516,P1,168,74.0
Kolkata,2106,KOL-2106,169,Panchayat Bhavan 169,2021,281,207,7,60,7,562,P1,74,80.6
Kolkata,2106,KOL-2106,170,Health Sub-Centre 170,2019,237,84,2,30,4,357,P1,153,72.9
Kolkata,2106,KOL-2106,170,Health Sub-Centre 170,2021,214,108,2,30,3,357,P1,106,72.9
Kolkata,2106,KOL-2106,171,Post Office 171,2019,234,130,3,62,4,433,P1,104,75.3
Kolkata,2106,KOL-2106,171,Post Office 171,2021,222,81,11,101,5,420,P1,121,73.0
Kolkata,2106,KOL-2106,172,Club Building 172,2019,218,96,2,32,4,352,P1,122,73.3
Kolkata,2106,KOL-2106,172,Club Building 172,2021,216,121,5,38,4,384,P1,95,80.0
Kolkata,2106,KOL-2106,173,Govt Office 173,2019,313,132,5,40,5,495,P1,181,82.8
Kolkata,2106,KOL-2106,173,Govt Office 173,2021,265,127,6,54,5,457,P1,138,76.4
Kolkata,2106,KOL-2106,174,Market Building 174,2019,321,252,6,61,6,646,P1,69,79.6
Kolkata,2106,KOL-2106,174,Market Building 174,2021,421,171,7,56,7,662,P1,250,81.5
Kolkata,2106,KOL-2106,175,Club Building 175,2019,240,123,10,67,4,444,P1,117,82.4
Kolkata,2106,KOL-2106,175,Club Building 175,2021,234,94,7,63,5,403,P1,140,74.8
Kolkata,2106,KOL-2106,176,High School 176,2019,215,83,15,124,4,441,P1,91,73.5
Kolkata,2106,KOL-2106,176,High School 176,2021,268,123,4,35,5,435,P1,145,72.5
Kolkata,2106,KOL-2106,177,Madrasa 177,2019,317,138,6,40,5,506,P1,179,77.3
Kolkata,2106,KOL-2106,177,Madrasa 177,2021,303,163,6,40,5,517,P1,140,78.9
Kolkata,2106,KOL-2106,178,Market Building 178,2019,418,136,5,50,7,616,P1,282,82.1
Kolkata,2106,KOL-2106,178,Market Building 178,2021,345,156,2,48,5,556,P1,189,74.1
Kolkata,2106,KOL-2106,179,Temple Hall 179,2019,226,167,13,123,6,535,P1,59,75.0
Kolkata,2106,KOL-2106,179,Temple Hall 179,2021,236,141,6,139,5,527,P1,95,73.9
Kolkata,2106,KOL-2106,180,Post Office 180,2019,237,120,3,73,4,437,P1,117,81.2
Kolkata,2106,KOL-2106,180,Post Office 180,2021,188,141,4,106,4,443,P1,47,82.3
Kolkata,2106,KOL-2106,181,High School 181,2019,266,72,8,70,4,420,P1,194,75.9
Kolkata,2106,KOL-2106,181,High School 181,2021,244,139,2,59,4,448,P1,105,81.0
Kolkata,2106,KOL-2106,182,Anganwadi Centre 182,2019,268,98,1,35,5,407,P1,170,77.4
Kolkata,2106,KOL-2106,182,Anganwadi Centre 182,2021,236,86,3,70,4,399,P1,150,75.9
Kolkata,2106,KOL-2106,183,Anganwadi Centre 183,2019,270,115,14,104,5,508,P1,155,82.3
Kolkata,2106,KOL-2106,183,Anganwadi Centre 183,2021,242,130,4,79,5,460,P1,112,74.6
Kolkata,2106,KOL-2106,184,Community Hall 184,2019,338,183,2,50,6,579,P1,155,73.1
Kolkata,2106,KOL-2106,184,Community Hall 184,2021,296,169,14,135,6,620,P1,127,78.3
Kolkata,2107,KOL-2107,1,Market Building 1,2019,262,130,5,34,5,436,P1,132,78.7
Kolkata,2107,KOL-2107,1,Market Building 1,2021,285,82,6,54,5,432,P1,203,78.0
Kolkata,2107,KOL-2107,2,Madrasa 2,2019,399,72,4,43,5,523,P1,327,76.0
Kolkata,2107,KOL-2107,2,Madrasa 2,2021,307,186,4,46,5,548,P1,121,79.7
Kolkata,2107,KOL-2107,3,Panchayat Bhavan 3,2019,313,226,5,49,6,599,P1,87,81.8
Kolkata,2107,KOL-2107,3,Panchayat Bhavan 3,2021,364,150,2,50,6,572,P1,214,78.1
Kolkata,2107,KOL-2107,4,Club Building 4,2019,226,123,5,56,4,414,P1,103,74.7
Kolkata,2107,KOL-2107,4,Club Building 4,2021,262,132,4,35,4,437,P1,130,78.9
Kolkata,2107,KOL-2107,5,Post Office 5,2019,288,91,3,35,4,421,P1,197,81.7
Kolkata,2107,KOL-2107,5,Post Office 5,2021,225,115,2,74,5,421,P1,110,81.7
Kolkata,2107,KOL-2107,6,Anganwadi Centre 6,2019,353,101,10,88,6,558,P1,252,72.8
Kolkata,2107,KOL-2107,6,Anganwadi Centre 6,2021,329,194,9,71,6,609,P1,135,79.5
Kolkata,2107,KOL-2107,7,Community Hall 7,2019,210,106,4,85,3,408,P1,104,75.3
Kolkata,2107,KOL-2107,7,Community Hall 7,2021,210,82,7,99,4,402,P1,111,74.2
Kolkata,2107,KOL-2107,8,Anganwadi Centre 8,2019,198,129,11,117,4,459,P1,69,72.5
Kolkata,2107,KOL-2107,8,Anganwadi Centre 8,2021,345,111,2,43,6,507,P1,234,80.1
Kolkata,2107,KOL-2107,9,Club Building 9,2019,291,106,5,51,4,457,P1,185,81.8
Kolkata,2107,KOL-2107,9,Club Building 9,2021,221,110,6,96,4,437,P1,111,78.2
Kolkata,2107,KOL-2107,10,Community Hall 10,2019,319,110,3,48,5,485,P1,209,82.9
Kolkata,2107,KOL-2107,10,Community Hall 10,2021,307,124,5,38,5,479,P1,183,81.9
Kolkata,2107,KOL-2107,11,Govt Office 11,2019,284,96,2,36,4,422,P1,188,81.2
Kolkata,2107,KOL-2107,11,Govt Office 11,2021,234,141,2,36,4,417,P1,93,80.2
Kolkata,2107,KOL-2107,12,Community Hall 12,2019,384,137,6,46,6,579,P1,247,82.7
Kolkata,2107,KOL-2107,12,Community Hall 12,2021,331,176,5,46,6,564,P1,155,80.6
Kolkata,2107,KOL-2107,13,Temple Hall 13,2019,227,142,4,50,4,427,P1,85,73.5
Kolkata,2107,KOL-2107,13,Temple Hall 13,2021,230,112,9,80,3,434,P1,118,74.7
Kolkata,2107,KOL-2107,14,Primary School 14,2019,362,186,5,53,6,612,P1,176,80.2
Kolkata,2107,KOL-2107,14,Primary School 14,2021,365,171,2,52,6,596,P1,194,78.1
Kolkata,2107,KOL-2107,15,Post Office 15,2019,353,206,5,51,6,621,P1,147,75.9
Kolkata,2107,KOL-2107,15,Post Office 15,2021,430,179,2,59,7,677,P1,251,82.8
Kolkata,2107,KOL-2107,16,Temple Hall 16,2019,260,134,2,37,5,438,P1,126,77.0
Kolkata,2107,KOL-2107,16,Temple Hall 16,2021,272,132,4,37,4,449,P1,140,78.9
Kolkata,2107,KOL-2107,17,Govt Office 17,2019,235,132,4,37,5,413,P1,103,79.0
Kolkata,2107,KOL-2107,17,Govt Office 17,2021,213,150,7,52,3,425,P1,63,81.3
Kolkata,2107,KOL-2107,18,Health Sub-Centre 18,2019,206,128,5,42,4,385,P1,78,79.2
Kolkata,2107,KOL-2107,18,Health Sub-Centre 18,2021,224,126,1,34,3,388,P1,98,79.8
Kolkata,2107,KOL-2107,19,Post Office 19,2019,250,142,1,38,4,435,P1,108,81.3
Kolkata,2107,KOL-2107,19,Post Office 19,2021,255,96,3,32,4,390,P1,159,72.9
Kolkata,2107,KOL-2107,20,Primary School 20,2019,317,139,3,44,4,507,P1,178,77.9
Kolkata,2107,KOL-2107,20,Primary School 20,2021,314,123,5,72,5,519,P1,191,79.7
Kolkata,2107,KOL-2107,21,Club Building 21,2019,357,191,7,87,6,648,P1,166,81.1
Kolkata,2107,KOL-2107,21,Club Building 21,2021,346,192,7,76,6,627,P1,154,78.5
Kolkata,2107,KOL-2107,22,High School 22,2019,378,192,7,52,6,635,P1,186,80.0
Kolkata,2107,KOL-2107,22,High School 22,2021,324,137,12,113,6,592,P1,187,74.6
Kolkata,2107,KOL-2107,23,Temple Hall 23,2019,290,91,2,36,4,423,P1,199,79.2
Kolkata,2107,KOL-2107,23,Temple Hall 23,2021,211,151,7,56,4,429,P1,60,80.3
Kolkata,2107,KOL-2107,24,Post Office 24,2019,323,87,3,38,5,456,P1,236,81.0
Kolkata,2107,KOL-2107,24,Post Office 24,2021,199,163,3,66,4,435,P1,36,77.3
Kolkata,2107,KOL-2107,25,Primary School 25,2019,198,149,4,70,6,427,P1,49,77.2
Kolkata,2107,KOL-2107,25,Primary School 25,2021,254,128,9,64,4,459,P1,126,83.0
Kolkata,2107,KOL-2107,26,Health Sub-Centre 26,2019,307,112,2,40,4,465,P1,195,74.2
Kolkata,2107,KOL-2107,26,Health Sub-Centre 26,2021,304,133,5,39,5,486,P1,171,77.5
Kolkata,2107,KOL-2107,27,Temple Hall 27,2019,387,143,7,65,6,608,P1,244,81.7
Kolkata,2107,KOL-2107,27,Temple Hall 27,2021,298,167,3,63,5,536,P1,131,72.0
Kolkata,2107,KOL-2107,28,Primary School 28,2019,381,126,4,69,6,586,P1,255,74.6
Kolkata,2107,KOL-2107,28,Primary School 28,2021,356,210,2,55,6,629,P1,146,80.1
Kolkata,2107,KOL-2107,29,Community Hall 29,2019,339,200,7,47,6,599,P1,139,78.4
Kolkata,2107,KOL-2107,29,Community Hall 29,2021,241,185,11,190,7,634,P1,51,83.0
Kolkata,2107,KOL-2107,30,Post Office 30,2019,259,72,3,60,4,398,P1,187,72.2
Kolkata,2107,KOL-2107,30,Post Office 30,2021,218,116,8,81,4,427,P1,102,77.5
Kolkata,2107,KOL-2107,31,Primary School 31,2019,328,186,11,109,7,641,P1,142,79.9
Kolkata,2107,KOL-2107,31,Primary School 31,2021,404,152,3,52,7,618,P1,252,77.1
Kolkata,2107,KOL-2107,32,High School 32,2019,277,126,3,37,4,447,P1,151,82.9
Kolkata,2107,KOL-2107,32,High School 32,2021,233,135,1,35,5,409,P1,98,75.9
Kolkata,2107,KOL-2107,33,Panchayat Bhavan 33,2019,316,140,9,83,5,553,P1,176,72.5
Kolkata,2107,KOL-2107,33,Panchayat Bhavan 33,2021,366,158,3,50,5,582,P1,208,76.3
Kolkata,2107,KOL-2107,34,Madrasa 34,2019,313,165,5,43,6,532,P1,148,78.7
Kolkata,2107,KOL-2107,34,Madrasa 34,2021,275,126,10,73,5,489,P1,149,72.3
Kolkata,2107,KOL-2107,35,Govt Office 35,2019,306,103,6,60,6,481,P1,203,74.9
Kolkata,2107,KOL-2107,35,Govt Office 35,2021,318,134,5,48,5,510,P1,184,79.4
Kolkata,2107,KOL-2107,36,Temple Hall 36,2019,260,117,3,34,4,418,P1,143,75.5
Kolkata,2107,KOL-2107,36,Temple Hall 36,2021,227,150,4,46,5,432,P1,77,78.0
Kolkata,2107,KOL-2107,37,Anganwadi Centre 37,2019,331,89,5,37,5,467,P1,242,76.2
Kolkata,2107,KOL-2107,37,Anganwadi Centre 37,2021,359,95,6,40,5,505,P1,264,82.4
Kolkata,2107,KOL-2107,38,Community Hall 38,2019,313,137,3,42,5,500,P1,176,73.7
Kolkata,2107,KOL-2107,38,Community Hall 38,2021,350,144,8,52,5,559,P1,206,82.4
Kolkata,2107,KOL-2107,39,Market Building 39,2019,312,157,5,47,5,526,P1,155,81.2
Kolkata,2107,KOL-2107,39,Market Building 39,2021,279,145,4,39,4,471,P1,134,72.7
Kolkata,2107,KOL-2107,40,Panchayat Bhavan 40,2019,217,86,2,60,4,369,P1,131,73.9
Kolkata,2107,KOL-2107,40,Panchayat Bhavan 40,2021,245,104,5,54,4,412,P1,141,82.6
Kolkata,2107,KOL-2107,41,Club Building 41,2019,350,114,10,90,6,570,P1,236,79.1
Kolkata,2107,KOL-2107,41,Club Building 41,2021,394,134,3,49,6,586,P1,260,81.3
Kolkata,2107,KOL-2107,42,Govt Office 42,2019,201,179,11,87,4,482,P1,22,77.4
Kolkata,2107,KOL-2107,42,Govt Office 42,2021,295,154,2,43,5,499,P1,141,80.1
Kolkata,2107,KOL-2107,43,Panchayat Bhavan 43,2019,318,147,6,41,5,517,P1,171,83.0
Kolkata,2107,KOL-2107,43,Panchayat Bhavan 43,2021,275,116,4,55,3,453,P1,159,72.7
Kolkata,2107,KOL-2107,44,Club Building 44,2019,215,150,3,79,5,452,P1,65,77.1
Kolkata,2107,KOL-2107,44,Club Building 44,2021,259,108,2,50,4,423,P1,151,72.2
Kolkata,2107,KOL-2107,45,Temple Hall 45,2019,353,141,2,47,6,549,P1,212,76.5
Kolkata,2107,KOL-2107,45,Temple Hall 45,2021,368,120,2,47,5,542,P1,248,75.5
Kolkata,2107,KOL-2107,46,Primary School 46,2019,378,158,2,52,5,595,P1,220,79.7
Kolkata,2107,KOL-2107,46,Primary School 46,2021,334,132,2,68,5,541,P1,202,72.4
Kolkata,2107,KOL-2107,47,Market Building 47,2019,282,112,6,92,4,496,P1,170,75.2
Kolkata,2107,KOL-2107,47,Market Building 47,2021,274,141,5,61,4,485,P1,133,73.5
Kolkata,2107,KOL-2107,48,High School 48,2019,331,144,5,42,5,527,P1,187,78.9
Kolkata,2107,KOL-2107,48,High School 48,2021,264,145,7,117,5,538,P1,119,80.5
Kolkata,2107,KOL-2107,49,Health Sub-Centre 49,2019,307,180,12,87,7,593,P1,127,72.7
Kolkata,2107,KOL-2107,49,Health Sub-Centre 49,2021,446,137,6,53,5,647,P1,309,79.3
Kolkata,2107,KOL-2107,50,Community Hall 50,2019,364,119,4,45,5,537,P1,245,76.3
Kolkata,2107,KOL-2107,50,Community Hall 50,2021,322,112,6,105,5,550,P1,210,78.1
Kolkata,2107,KOL-2107,51,Madrasa 51,2019,260,108,5,32,4,409,P1,152,73.3
Kolkata,2107,KOL-2107,51,Madrasa 51,2021,263,108,5,32,4,412,P1,155,73.8
Kolkata,2107,KOL-2107,52,Panchayat Bhavan 52,2019,290,181,2,45,6,524,P1,109,75.1
Kolkata,2107,KOL-2107,52,Panchayat Bhavan 52,2021,329,132,2,44,6,513,P1,197,73.5
Kolkata,2107,KOL-2107,53,Market Building 53,2019,286,116,3,46,6,457,P1,170,77.6
Kolkata,2107,KOL-2107,53,Market Building 53,2021,214,101,9,100,5,429,P1,113,72.8
Kolkata,2107,KOL-2107,54,Anganwadi Centre 54,2019,275,108,3,35,4,425,P1,167,77.6
Kolkata,2107,KOL-2107,54,Anganwadi Centre 54,2021,224,139,10,72,4,449,P1,85,81.9
Kolkata,2107,KOL-2107,55,Post Office 55,2019,328,110,9,97,5,549,P1,218,77.8
Kolkata,2107,KOL-2107,55,Post Office 55,2021,323,110,4,92,6,535,P1,213,75.8
Kolkata,2107,KOL-2107,56,Primary School 56,2019,295,139,9,133,6,582,P1,156,83.0
Kolkata,2107,KOL-2107,56,Primary School 56,2021,305,163,4,43,5,520,P1,142,74.2
Kolkata,2107,KOL-2107,57,Panchayat Bhavan 57,2019,275,169,4,41,5,494,P1,106,79.9
Kolkata,2107,KOL-2107,57,Panchayat Bhavan 57,2021,238,182,5,37,4,466,P1,56,75.4
Kolkata,2107,KOL-2107,58,Primary School 58,2019,324,126,2,43,5,500,P1,198,73.9
Kolkata,2107,KOL-2107,58,Primary School 58,2021,347,129,6,41,5,528,P1,218,78.0
Kolkata,2107,KOL-2107,59,Market Building 59,2019,218,146,5,61,4,434,P1,72,80.1
Kolkata,2107,KOL-2107,59,Market Building 59,2021,216,103,6,82,4,411,P1,113,75.8
Kolkata,2107,KOL-2107,60,Health Sub-Centre 60,2019,311,221,5,70,6,613,P1,90,80.3
Kolkata,2107,KOL-2107,60,Health Sub-Centre 60,2021,339,170,11,72,5,597,P1,169,78.2
Kolkata,2107,KOL-2107,61,Health Sub-Centre 61,2019,372,99,13,107,5,596,P1,265,75.9
Kolkata,2107,KOL-2107,61,Health Sub-Centre 61,2021,343,170,5,46,7,571,P1,173,72.7
Kolkata,2107,KOL-2107,62,Temple Hall 62,2019,256,132,4,35,4,431,P1,124,83.2
Kolkata,2107,KOL-2107,62,Temple Hall 62,2021,176,129,8,101,5,419,P1,47,80.9
Kolkata,2107,KOL-2107,63,Temple Hall 63,2019,324,92,4,38,4,462,P1,232,75.0
Kolkata,2107,KOL-2107,63,Temple Hall 63,2021,303,107,5,51,5,471,P1,196,76.5
Kolkata,2107,KOL-2107,64,Post Office 64,2019,299,160,3,79,5,546,P1,139,77.7
Kolkata,2107,KOL-2107,64,Post Office 64,2021,287,140,4,107,6,544,P1,147,77.4
Kolkata,2107,KOL-2107,65,Market Building 65,2019,402,114,6,45,6,573,P1,288,80.6
Kolkata,2107,KOL-2107,65,Market Building 65,2021,352,175,2,51,6,586,P1,177,82.4
Kolkata,2107,KOL-2107,66,Community Hall 66,2019,335,179,2,50,5,571,P1,156,75.1
Kolkata,2107,KOL-2107,66,Community Hall 66,2021,368,156,3,67,7,601,P1,212,79.1
Kolkata,2107,KOL-2107,67,High School 67,2019,258,159,3,54,5,479,P1,99,72.1
Kolkata,2107,KOL-2107,67,High School 67,2021,261,118,8,87,5,479,P1,143,72.1
Kolkata,2107,KOL-2107,68,Temple Hall 68,2019,337,149,13,114,7,620,P1,188,79.8
Kolkata,2107,KOL-2107,68,Temple Hall 68,2021,404,163,3,54,6,630,P1,241,81.1
Kolkata,2107,KOL-2107,69,Madrasa 69,2019,373,144,2,50,5,574,P1,229,79.7
Kolkata,2107,KOL-2107,69,Madrasa 69,2021,291,232,2,53,6,584,P1,59,81.1
Kolkata,2107,KOL-2107,70,Market Building 70,2019,210,136,7,61,4,418,P1,74,74.1
Kolkata,2107,KOL-2107,70,Market Building 70,2021,298,108,4,37,4,451,P1,190,80.0
Kolkata,2107,KOL-2107,71,Anganwadi Centre 71,2019,242,137,2,38,5,424,P1,105,82.3
Kolkata,2107,KOL-2107,71,Anganwadi Centre 71,2021,233,67,4,71,4,379,P1,162,73.6
Kolkata,2107,KOL-2107,72,Panchayat Bhavan 72,2019,291,197,5,48,6,547,P1,94,72.6
Kolkata,2107,KOL-2107,72,Panchayat Bhavan 72,2021,347,146,9,105,5,612,P1,201,81.3
Kolkata,2107,KOL-2107,73,High School 73,2019,197,110,7,67,4,385,P1,87,77.3
Kolkata,2107,KOL-2107,73,High School 73,2021,227,116,3,46,3,395,P1,111,79.3
Kolkata,2107,KOL-2107,74,Govt Office 74,2019,238,150,2,37,5,432,P1,88,78.5
Kolkata,2107,KOL-2107,74,Govt Office 74,2021,235,149,4,35,4,427,P1,86,77.6
Kolkata,2107,KOL-2107,75,Anganwadi Centre 75,2019,351,165,7,45,6,574,P1,186,72.2
Kolkata,2107,KOL-2107,75,Anganwadi Centre 75,2021,327,133,11,108,6,585,P1,194,73.6
Kolkata,2107,KOL-2107,76,Post Office 76,2019,352,164,2,49,6,573,P1,188,77.4
Kolkata,2107,KOL-2107,76,Post Office 76,2021,320,177,3,46,6,552,P1,143,74.6
Kolkata,2107,KOL-2107,77,Primary School 77,2019,173,118,5,79,3,378,P1,55,77.0
Kolkata,2107,KOL-2107,77,Primary School 77,2021,213,87,9,65,4,378,P1,126,77.0
Kolkata,2107,KOL-2107,78,Temple Hall 78,2019,262,132,2,54,6,456,P1,130,82.2
Kolkata,2107,KOL-2107,78,Temple Hall 78,2021,264,130,3,36,5,438,P1,134,78.9
Kolkata,2107,KOL-2107,79,Community Hall 79,2019,203,124,14,101,4,446,P1,79,79.9
Kolkata,2107,KOL-2107,79,Community Hall 79,2021,252,102,9,62,5,430,P1,150,77.1
Kolkata,2107,KOL-2107,80,Panchayat Bhavan 80,2019,279,192,11,80,6,568,P1,87,74.3
Kolkata,2107,KOL-2107,80,Panchayat Bhavan 80,2021,331,179,5,46,6,567,P1,152,74.2
Kolkata,2107,KOL-2107,81,Govt Office 81,2019,432,108,2,52,6,600,P1,324,83.2
Kolkata,2107,KOL-2107,81,Govt Office 81,2021,354,143,2,48,5,552,P1,211,76.6
Kolkata,2107,KOL-2107,82,Govt Office 82,2019,321,170,5,50,6,552,P1,151,72.5
Kolkata,2107,KOL-2107,82,Govt Office 82,2021,343,163,6,61,5,578,P1,180,76.0
Kolkata,2107,KOL-2107,83,Health Sub-Centre 83,2019,331,139,4,43,5,522,P1,192,76.4
Kolkata,2107,KOL-2107,83,Health Sub-Centre 83,2021,311,143,6,40,5,505,P1,168,73.9
Kolkata,2107,KOL-2107,84,Temple Hall 84,2019,333,193,3,49,6,584,P1,140,75.2
Kolkata,2107,KOL-2107,84,Temple Hall 84,2021,355,170,3,49,6,583,P1,185,75.0
Kolkata,2107,KOL-2107,85,High School 85,2019,277,123,4,105,6,515,P1,154,75.7
Kolkata,2107,KOL-2107,85,High School 85,2021,338,127,4,42,6,517,P1,211,76.0
Kolkata,2107,KOL-2107,86,Community Hall 86,2019,323,157,6,42,5,533,P1,166,81.9
Kolkata,2107,KOL-2107,86,Community Hall 86,2021,337,133,4,43,5,522,P1,204,80.2
Kolkata,2107,KOL-2107,87,Club Building 87,2019,215,124,5,79,4,427,P1,91,80.4
Kolkata,2107,KOL-2107,87,Club Building 87,2021,248,61,5,80,4,398,P1,168,75.0
Kolkata,2107,KOL-2107,88,High School 88,2019,187,111,10,82,3,393,P1,76,73.9
Kolkata,2107,KOL-2107,88,High School 88,2021,248,149,3,36,6,442,P1,99,83.1
Kolkata,2107,KOL-2107,89,Market Building 89,2019,286,141,4,39,5,475,P1,145,73.2
Kolkata,2107,KOL-2107,89,Market Building 89,2021,289,119,12,92,6,518,P1,170,79.8
Kolkata,2107,KOL-2107,90,Club Building 90,2019,298,193,3,50,7,551,P1,105,75.9
Kolkata,2107,KOL-2107,90,Club Building 90,2021,363,132,4,45,7,551,P1,231,75.9
Kolkata,2107,KOL-2107,91,Madrasa 91,2019,259,166,4,52,5,486,P1,93,75.0
Kolkata,2107,KOL-2107,91,Madrasa 91,2021,256,123,13,127,6,525,P1,129,81.0
Kolkata,2107,KOL-2107,92,Health Sub-Centre 92,2019,433,104,6,47,6,596,P1,329,77.5
Kolkata,2107,KOL-2107,92,Health Sub-Centre 92,2021,297,198,6,115,6,622,P1,99,80.9
Kolkata,2107,KOL-2107,93,Govt Office 93,2019,273,98,2,35,5,413,P1,175,80.2
Kolkata,2107,KOL-2107,93,Govt Office 93,2021,220,116,5,80,5,426,P1,104,82.7
Kolkata,2107,KOL-2107,94,Club Building 94,2019,355,165,3,49,6,578,P1,190,80.2
Kolkata,2107,KOL-2107,94,Club Building 94,2021,360,152,3,49,5,569,P1,208,78.9
Kolkata,2107,KOL-2107,95,Club Building 95,2019,329,126,8,109,6,578,P1,203,75.3
Kolkata,2107,KOL-2107,95,Club Building 95,2021,303,242,4,53,6,608,P1,61,79.2
Kolkata,2107,KOL-2107,96,Govt Office 96,2019,311,186,4,46,5,552,P1,125,78.3
Kolkata,2107,KOL-2107,96,Govt Office 96,2021,305,128,4,71,5,513,P1,177,72.8
Kolkata,2107,KOL-2107,97,Community Hall 97,2019,246,147,3,86,5,487,P1,99,81.3
Kolkata,2107,KOL-2107,97,Community Hall 97,2021,278,72,10,124,5,489,P1,154,81.6
Kolkata,2107,KOL-2107,98,Club Building 98,2019,302,143,6,106,5,562,P1,159,78.1
Kolkata,2107,KOL-2107,98,Club Building 98,2021,292,181,4,98,6,581,P1,111,80.7
Kolkata,2107,KOL-2107,99,Panchayat Bhavan 99,2019,307,153,9,102,5,576,P1,154,82.6
Kolkata,2107,KOL-2107,99,Panchayat Bhavan 99,2021,251,176,12,86,5,530,P1,75,76.0
Kolkata,2107,KOL-2107,100,Madrasa 100,2019,323,107,2,41,5,478,P1,216,79.0
Kolkata,2107,KOL-2107,100,Madrasa 100,2021,250,181,4,42,5,482,P1,69,79.7
Kolkata,2107,KOL-2107,101,Health Sub-Centre 101,2019,331,94,14,107,5,551,P1,224,80.8
Kolkata,2107,KOL-2107,101,Health Sub-Centre 101,2021,298,148,2,43,4,495,P1,150,72.6
Kolkata,2107,KOL-2107,102,Govt Office 102,2019,289,84,9,90,4,476,P1,199,74.5
Kolkata,2107,KOL-2107,102,Govt Office 102,2021,248,88,5,146,4,491,P1,102,76.8
Kolkata,2107,KOL-2107,103,Madrasa 103,2019,327,193,4,48,6,578,P1,134,76.0
Kolkata,2107,KOL-2107,103,Madrasa 103,2021,335,164,3,47,5,554,P1,171,72.8
Kolkata,2107,KOL-2107,104,Health Sub-Centre 104,2019,271,123,7,138,6,545,P1,133,82.2
Kolkata,2107,KOL-2107,104,Health Sub-Centre 104,2021,337,148,6,42,6,539,P1,189,81.3
Kolkata,2107,KOL-2107,105,Community Hall 105,2019,340,152,4,79,6,581,P1,188,74.4
Kolkata,2107,KOL-2107,105,Community Hall 105,2021,342,189,3,56,6,596,P1,153,76.3
Kolkata,2107,KOL-2107,106,Panchayat Bhavan 106,2019,297,164,3,50,5,519,P1,133,75.5
Kolkata,2107,KOL-2107,106,Panchayat Bhavan 106,2021,241,140,9,131,6,527,P1,101,76.7
Kolkata,2107,KOL-2107,107,Community Hall 107,2019,295,116,20,206,6,643,P1,89,79.8
Kolkata,2107,KOL-2107,107,Community Hall 107,2021,385,109,8,124,7,633,P1,261,78.5
Kolkata,2107,KOL-2107,108,Govt Office 108,2019,224,96,8,78,4,410,P1,128,73.7
Kolkata,2107,KOL-2107,108,Govt Office 108,2021,217,138,6,52,3,416,P1,79,74.8
Kolkata,2107,KOL-2107,109,Primary School 109,2019,179,102,14,108,5,408,P1,71,81.0
Kolkata,2107,KOL-2107,109,Primary School 109,2021,237,93,4,30,3,367,P1,144,72.8
Kolkata,2107,KOL-2107,110,Community Hall 110,2019,258,135,6,51,5,455,P1,123,81.5
Kolkata,2107,KOL-2107,110,Community Hall 110,2021,231,98,8,93,5,435,P1,133,78.0
Kolkata,2107,KOL-2107,111,Panchayat Bhavan 111,2019,270,135,2,38,5,450,P1,135,77.6
Kolkata,2107,KOL-2107,111,Panchayat Bhavan 111,2021,256,129,4,35,4,428,P1,127,73.8
Kolkata,2107,KOL-2107,112,Market Building 112,2019,236,147,13,151,5,552,P1,85,79.1
Kolkata,2107,KOL-2107,112,Market Building 112,2021,337,108,5,92,5,547,P1,229,78.4
Kolkata,2107,KOL-2107,113,Madrasa 113,2019,295,154,5,40,5,499,P1,141,79.1
Kolkata,2107,KOL-2107,113,Madrasa 113,2021,267,173,5,59,5,509,P1,94,80.7
Kolkata,2107,KOL-2107,114,Madrasa 114,2019,306,148,5,43,5,507,P1,158,73.9
Kolkata,2107,KOL-2107,114,Madrasa 114,2021,292,159,6,104,6,567,P1,133,82.7
Kolkata,2107,KOL-2107,115,Govt Office 115,2019,355,82,20,143,6,606,P1,212,82.6
Kolkata,2107,KOL-2107,115,Govt Office 115,2021,312,191,2,48,5,558,P1,121,76.0
Kolkata,2107,KOL-2107,116,Madrasa 116,2019,256,136,5,34,4,435,P1,120,80.0
Kolkata,2107,KOL-2107,116,Madrasa 116,2021,294,95,2,37,4,432,P1,199,79.4
Kolkata,2107,KOL-2107,117,Anganwadi Centre 117,2019,281,133,8,66,5,493,P1,148,79.4
Kolkata,2107,KOL-2107,117,Anganwadi Centre 117,2021,298,130,5,51,5,489,P1,168,78.7
Kolkata,2107,KOL-2107,118,Post Office 118,2019,269,156,2,40,6,473,P1,113,80.7
Kolkata,2107,KOL-2107,118,Post Office 118,2021,301,123,5,37,5,471,P1,178,80.4
Kolkata,2107,KOL-2107,119,Primary School 119,2019,372,178,7,100,7,664,P1,194,81.7
Kolkata,2107,KOL-2107,119,Primary School 119,2021,299,178,14,124,6,621,P1,121,76.4
Kolkata,2107,KOL-2107,120,Govt Office 120,2019,341,153,3,49,5,551,P1,188,81.1
Kolkata,2107,KOL-2107,120,Govt Office 120,2021,311,157,4,43,4,519,P1,154,76.4
Kolkata,2107,KOL-2107,121,Primary School 121,2019,209,102,6,53,4,374,P1,107,77.3
Kolkata,2107,KOL-2107,121,Primary School 121,2021,256,99,3,33,3,394,P1,157,81.4
Kolkata,2107,KOL-2107,122,Madrasa 122,2019,408,164,4,53,6,635,P1,244,81.3
Kolkata,2107,KOL-2107,122,Madrasa 122,2021,371,153,6,47,5,582,P1,218,74.5
Kolkata,2107,KOL-2107,123,High School 123,2019,274,121,7,83,4,489,P1,153,78.2
Kolkata,2107,KOL-2107,123,High School 123,2021,255,155,4,37,5,456,P1,100,73.0
Kolkata,2107,KOL-2107,124,Community Hall 124,2019,227,119,3,48,4,401,P1,108,75.4
Kolkata,2107,KOL-2107,124,Community Hall 124,2021,240,110,4,51,5,410,P1,130,77.1
Kolkata,2107,KOL-2107,125,Post Office 125,2019,313,155,3,87,7,565,P1,158,74.2
Kolkata,2107,KOL-2107,125,Post Office 125,2021,443,89,5,49,5,591,P1,354,77.7
Kolkata,2107,KOL-2107,126,Govt Office 126,2019,211,132,4,66,4,417,P1,79,77.2
Kolkata,2107,KOL-2107,126,Govt Office 126,2021,218,121,4,74,4,421,P1,97,78.0
Kolkata,2107,KOL-2107,127,Market Building 127,2019,214,98,4,77,5,398,P1,116,79.3
Kolkata,2107,KOL-2107,127,Market Building 127,2021,270,103,4,33,4,414,P1,167,82.5
Kolkata,2107,KOL-2107,128,Anganwadi Centre 128,2019,283,132,6,43,5,469,P1,151,72.3
Kolkata,2107,KOL-2107,128,Anganwadi Centre 128,2021,224,141,8,111,5,489,P1,83,75.3
Kolkata,2107,KOL-2107,129,Govt Office 129,2019,286,45,1,32,4,368,P1,241,76.5
Kolkata,2107,KOL-2107,129,Govt Office 129,2021,202,134,7,51,5,399,P1,68,83.0
Kolkata,2107,KOL-2107,130,Club Building 130,2019,261,165,4,93,5,528,P1,96,73.1
Kolkata,2107,KOL-2107,130,Club Building 130,2021,277,134,7,132,5,555,P1,143,76.9
Kolkata,2107,KOL-2107,131,Community Hall 131,2019,362,214,3,75,6,660,P1,148,83.1
Kolkata,2107,KOL-2107,131,Community Hall 131,2021,403,171,5,52,6,637,P1,232,80.2
Kolkata,2107,KOL-2107,132,High School 132,2019,338,164,5,116,6,629,P1,174,76.9
Kolkata,2107,KOL-2107,132,High School 132,2021,366,149,11,122,7,655,P1,217,80.1
Kolkata,2107,KOL-2107,133,Anganwadi Centre 133,2019,248,118,2,35,3,406,P1,130,81.9
Kolkata,2107,KOL-2107,133,Anganwadi Centre 133,2021,230,121,3,32,4,390,P1,109,78.6
Kolkata,2107,KOL-2107,134,Post Office 134,2019,235,93,3,30,3,364,P1,142,72.1
Kolkata,2107,KOL-2107,134,Post Office 134,2021,264,109,3,34,4,414,P1,155,82.0
Kolkata,2107,KOL-2107,135,Club Building 135,2019,443,129,6,51,6,635,P1,314,82.0
Kolkata,2107,KOL-2107,135,Club Building 135,2021,346,178,7,50,5,586,P1,168,75.7
Kolkata,2107,KOL-2107,136,Community Hall 136,2019,362,160,6,47,6,581,P1,202,81.9
Kolkata,2107,KOL-2107,136,Community Hall 136,2021,294,146,8,63,5,516,P1,148,72.8
Kolkata,2107,KOL-2107,137,Post Office 137,2019,166,129,9,128,3,435,P1,37,75.9
Kolkata,2107,KOL-2107,137,Post Office 137,2021,314,79,3,37,4,437,P1,235,76.3
Kolkata,2107,KOL-2107,138,Madrasa 138,2019,202,160,2,49,4,417,P1,42,72.4
Kolkata,2107,KOL-2107,138,Madrasa 138,2021,244,127,4,42,5,422,P1,117,73.3
Kolkata,2107,KOL-2107,139,Post Office 139,2019,353,159,3,48,5,568,P1,194,72.5
Kolkata,2107,KOL-2107,139,Post Office 139,2021,304,103,9,175,5,596,P1,129,76.1
Kolkata,2107,KOL-2107,140,Post Office 140,2019,364,157,5,47,6,579,P1,207,72.1
Kolkata,2107,KOL-2107,140,Post Office 140,2021,353,172,15,122,6,668,P1,181,83.2
Kolkata,2107,KOL-2107,141,Panchayat Bhavan 141,2019,321,150,5,42,6,524,P1,171,76.4
Kolkata,2107,KOL-2107,141,Panchayat Bhavan 141,2021,276,200,4,53,6,539,P1,76,78.6
Kolkata,2107,KOL-2107,142,Market Building 142,2019,376,191,7,49,7,630,P1,185,77.0
Kolkata,2107,KOL-2107,142,Market Building 142,2021,344,184,6,92,5,631,P1,160,77.1
Kolkata,2107,KOL-2107,143,Health Sub-Centre 143,2019,283,162,5,39,6,495,P1,121,73.9
Kolkata,2107,KOL-2107,143,Health Sub-Centre 143,2021,287,176,4,42,5,514,P1,111,76.7
Kolkata,2107,KOL-2107,144,Primary School 144,2019,296,166,5,44,5,516,P1,130,82.4
Kolkata,2107,KOL-2107,144,Primary School 144,2021,278,144,5,37,5,469,P1,134,74.9
Kolkata,2107,KOL-2107,145,Temple Hall 145,2019,321,188,7,81,6,603,P1,133,77.8
Kolkata,2107,KOL-2107,145,Temple Hall 145,2021,386,170,7,64,6,633,P1,216,81.7
Kolkata,2107,KOL-2107,146,Market Building 146,2019,298,132,4,79,4,517,P1,166,78.0
Kolkata,2107,KOL-2107,146,Market Building 146,2021,302,155,6,40,5,508,P1,147,76.6
Kolkata,2107,KOL-2107,147,Temple Hall 147,2019,430,131,4,52,6,623,P1,299,81.1
Kolkata,2107,KOL-2107,147,Temple Hall 147,2021,463,70,4,49,7,593,P1,393,77.2
Kolkata,2107,KOL-2107,148,Club Building 148,2019,357,127,2,47,5,538,P1,230,79.1
Kolkata,2107,KOL-2107,148,Club Building 148,2021,390,104,5,44,6,549,P1,286,80.7
Kolkata,2107,KOL-2107,149,Club Building 149,2019,318,130,2,70,6,526,P1,188,77.7
Kolkata,2107,KOL-2107,149,Club Building 149,2021,318,159,7,53,5,542,P1,159,80.1
Kolkata,2107,KOL-2107,150,Madrasa 150,2019,336,172,3,48,6,565,P1,164,75.3
Kolkata,2107,KOL-2107,150,Madrasa 150,2021,316,144,8,120,5,593,P1,172,79.1
Kolkata,2107,KOL-2107,151,Anganwadi Centre 151,2019,344,200,2,52,6,604,P1,144,81.5
Kolkata,2107,KOL-2107,151,Anganwadi Centre 151,2021,273,152,13,114,5,557,P1,121,75.2
Kolkata,2107,KOL-2107,152,Market Building 152,2019,336,212,6,49,6,609,P1,124,82.1
Kolkata,2107,KOL-2107,152,Market Building 152,2021,321,172,6,73,6,578,P1,149,77.9
Kolkata,2107,KOL-2107,153,Panchayat Bhavan 153,2019,301,127,6,37,4,475,P1,174,73.1
Kolkata,2107,KOL-2107,153,Panchayat Bhavan 153,2021,271,157,8,57,5,498,P1,114,76.6
Kolkata,2107,KOL-2107,154,Community Hall 154,2019,314,177,6,47,6,550,P1,137,76.1
Kolkata,2107,KOL-2107,154,Community Hall 154,2021,277,209,5,70,6,567,P1,68,78.4
Kolkata,2107,KOL-2107,155,Madrasa 155,2019,287,105,4,49,4,449,P1,182,73.7
Kolkata,2107,KOL-2107,155,Madrasa 155,2021,208,135,8,112,6,469,P1,73,77.0
Kolkata,2107,KOL-2107,156,Post Office 156,2019,414,111,2,51,6,584,P1,303,77.0
Kolkata,2107,KOL-2107,156,Post Office 156,2021,376,132,6,45,5,564,P1,244,74.4
Kolkata,2107,KOL-2107,157,Temple Hall 157,2019,243,114,8,99,4,468,P1,129,78.3
Kolkata,2107,KOL-2107,157,Temple Hall 157,2021,269,127,4,40,5,445,P1,142,74.4
Kolkata,2107,KOL-2107,158,Panchayat Bhavan 158,2019,297,103,3,69,5,477,P1,194,76.0
Kolkata,2107,KOL-2107,158,Panchayat Bhavan 158,2021,221,171,2,61,5,460,P1,50,73.2
Kolkata,2107,KOL-2107,159,High School 159,2019,421,114,2,51,6,594,P1,307,74.3
Kolkata,2107,KOL-2107,159,High School 159,2021,388,147,7,58,6,606,P1,241,75.8
Kolkata,2107,KOL-2107,160,Club Building 160,2019,259,115,3,35,3,415,P1,144,72.6
Kolkata,2107,KOL-2107,160,Club Building 160,2021,231,49,19,137,4,440,P1,94,76.9
Kolkata,2107,KOL-2107,161,Govt Office 161,2019,372,151,5,47,6,581,P1,221,74.4
Kolkata,2107,KOL-2107,161,Govt Office 161,2021,425,113,5,49,6,598,P1,312,76.6
Kolkata,2107,KOL-2107,162,Primary School 162,2019,267,104,13,118,6,508,P1,149,76.0
Kolkata,2107,KOL-2107,162,Primary School 162,2021,308,136,5,77,6,532,P1,172,79.6
Kolkata,2107,KOL-2107,163,Market Building 163,2019,237,103,4,30,3,377,P1,134,72.5
Kolkata,2107,KOL-2107,163,Market Building 163,2021,253,120,5,33,4,415,P1,133,79.8
Kolkata,2107,KOL-2107,164,Anganwadi Centre 164,2019,240,107,4,80,5,436,P1,133,80.1
Kolkata,2107,KOL-2107,164,Anganwadi Centre 164,2021,247,138,6,41,5,437,P1,109,80.3
Kolkata,2107,KOL-2107,165,Community Hall 165,2019,253,199,6,39,5,502,P1,54,82.0
Kolkata,2107,KOL-2107,165,Community Hall 165,2021,277,118,6,72,6,479,P1,159,78.3
Kolkata,2107,KOL-2107,166,Primary School 166,2019,300,151,5,40,5,501,P1,149,77.6
Kolkata,2107,KOL-2107,166,Primary School 166,2021,289,134,7,45,5,480,P1,155,74.3
Kolkata,2107,KOL-2107,167,Madrasa 167,2019,238,96,1,32,4,371,P1,142,73.3
Kolkata,2107,KOL-2107,167,Madrasa 167,2021,177,93,11,80,4,365,P1,84,72.1
Kolkata,2107,KOL-2107,168,Anganwadi Centre 168,2019,246,123,2,35,4,410,P1,123,78.8
Kolkata,2107,KOL-2107,168,Anganwadi Centre 168,2021,287,61,4,30,4,386,P1,226,74.2
Kolkata,2107,KOL-2107,169,Govt Office 169,2019,199,118,8,69,3,397,P1,81,72.8
Kolkata,2107,KOL-2107,169,Govt Office 169,2021,277,102,3,35,5,422,P1,175,77.4
Kolkata,2107,KOL-2107,170,Health Sub-Centre 170,2019,264,105,3,34,4,410,P1,159,77.2
Kolkata,2107,KOL-2107,170,Health Sub-Centre 170,2021,243,81,8,60,4,396,P1,162,74.6
Kolkata,2107,KOL-2107,171,High School 171,2019,214,86,4,89,4,397,P1,125,78.8
Kolkata,2107,KOL-2107,171,High School 171,2021,208,123,5,65,4,405,P1,85,80.4
Kolkata,2107,KOL-2107,172,Primary School 172,2019,278,95,4,33,4,414,P1,183,79.2
Kolkata,2107,KOL-2107,172,Primary School 172,2021,244,96,2,32,4,378,P1,148,72.3
Kolkata,2107,KOL-2107,173,Post Office 173,2019,242,81,3,60,3,389,P1,161,77.2
Kolkata,2107,KOL-2107,173,Post Office 173,2021,191,93,12,91,4,391,P1,98,77.6
Kolkata,2107,KOL-2107,174,Madrasa 174,2019,394,101,5,45,4,549,P1,293,82.8
Kolkata,2107,KOL-2107,174,Madrasa 174,2021,332,125,3,43,5,508,P1,207,76.6
Kolkata,2107,KOL-2107,175,High School 175,2019,265,149,7,87,5,513,P1,116,79.4
Kolkata,2107,KOL-2107,175,High School 175,2021,347,130,3,45,6,531,P1,217,82.2
Kolkata,2107,KOL-2107,176,Govt Office 176,2019,294,140,3,41,4,482,P1,154,75.3
Kolkata,2107,KOL-2107,176,Govt Office 176,2021,259,160,3,40,6,468,P1,99,73.1
Kolkata,2107,KOL-2107,177,Primary School 177,2019,328,201,5,48,5,587,P1,127,73.2
Kolkata,2107,KOL-2107,177,Primary School 177,2021,366,165,6,47,6,590,P1,201,73.6
Kolkata,2107,KOL-2107,178,Post Office 178,2019,339,157,4,45,6,551,P1,182,75.8
Kolkata,2107,KOL-2107,178,Post Office 178,2021,272,136,7,113,4,532,P1,136,73.2
Kolkata,2107,KOL-2107,179,Club Building 179,2019,254,158,1,40,5,458,P1,96,72.2
Kolkata,2107,KOL-2107,179,Club Building 179,2021,296,119,8,70,4,497,P1,177,78.4
Kolkata,2108,KOL-2108,1,Madrasa 1,2019,306,131,4,62,5,508,P1,175,76.5
Kolkata,2108,KOL-2108,1,Madrasa 1,2021,309,176,5,44,5,539,P1,133,81.2
Kolkata,2108,KOL-2108,2,Club Building 2,2019,255,119,3,72,5,454,P1,136,80.5
Kolkata,2108,KOL-2108,2,Club Building 2,2021,277,61,7,87,4,436,P1,190,77.3
Kolkata,2108,KOL-2108,3,Post Office 3,2019,287,131,2,40,5,465,P1,156,82.9
Kolkata,2108,KOL-2108,3,Post Office 3,2021,236,112,3,54,4,409,P1,124,72.9
Kolkata,2108,KOL-2108,4,Panchayat Bhavan 4,2019,286,125,3,38,5,457,P1,161,76.5
Kolkata,2108,KOL-2108,4,Panchayat Bhavan 4,2021,281,139,5,37,5,467,P1,142,78.2
Kolkata,2108,KOL-2108,5,Panchayat Bhavan 5,2019,375,122,3,47,5,552,P1,253,77.6
Kolkata,2108,KOL-2108,5,Panchayat Bhavan 5,2021,248,169,10,125,5,557,P1,79,78.3
Kolkata,2108,KOL-2108,6,Club Building 6,2019,311,91,3,37,5,447,P1,220,80.1
Kolkata,2108,KOL-2108,6,Club Building 6,2021,217,151,7,82,4,461,P1,66,82.6
Kolkata,2108,KOL-2108,7,Anganwadi Centre 7,2019,448,91,4,50,6,599,P1,357,74.8
Kolkata,2108,KOL-2108,7,Anganwadi Centre 7,2021,366,203,6,52,7,634,P1,163,79.2
Kolkata,2108,KOL-2108,8,Anganwadi Centre 8,2019,190,131,10,83,4,418,P1,59,76.4
Kolkata,2108,KOL-2108,8,Anganwadi Centre 8,2021,286,80,1,35,4,406,P1,206,74.2
Kolkata,2108,KOL-2108,9,Govt Office 9,2019,242,120,7,143,6,518,P1,99,72.4
Kolkata,2108,KOL-2108,9,Govt Office 9,2021,364,105,11,81,7,568,P1,259,79.4
Kolkata,2108,KOL-2108,10,Panchayat Bhavan 10,2019,270,107,3,35,3,418,P1,163,74.0
Kolkata,2108,KOL-2108,10,Panchayat Bhavan 10,2021,295,125,3,39,4,466,P1,170,82.5
Kolkata,2108,KOL-2108,11,Panchayat Bhavan 11,2019,204,80,4,85,4,377,P1,119,73.9
Kolkata,2108,KOL-2108,11,Panchayat Bhavan 11,2021,239,132,4,33,4,412,P1,107,80.8
Kolkata,2108,KOL-2108,12,Market Building 12,2019,292,144,4,95,5,540,P1,148,72.8
Kolkata,2108,KOL-2108,12,Market Building 12,2021,337,203,4,51,6,601,P1,134,81.0
Kolkata,2108,KOL-2108,13,Market Building 13,2019,292,108,3,37,4,444,P1,184,82.1
Kolkata,2108,KOL-2108,13,Market Building 13,2021,244,115,3,33,4,399,P1,129,73.8
Kolkata,2108,KOL-2108,14,Market Building 14,2019,260,148,2,39,5,454,P1,112,83.0
Kolkata,2108,KOL-2108,14,Market Building 14,2021,213,113,8,60,4,398,P1,100,72.8
Kolkata,2108,KOL-2108,15,Market Building 15,2019,267,102,2,35,4,410,P1,165,77.4
Kolkata,2108,KOL-2108,15,Market Building 15,2021,188,150,3,40,3,384,P1,38,72.5
Kolkata,2108,KOL-2108,16,Club Building 16,2019,224,109,3,41,4,381,P1,115,75.3
Kolkata,2108,KOL-2108,16,Club Building 16,2021,259,113,3,34,4,413,P1,146,81.6
Kolkata,2108,KOL-2108,17,Anganwadi Centre 17,2019,326,170,6,53,6,561,P1,156,81.7
Kolkata,2108,KOL-2108,17,Anganwadi Centre 17,2021,302,160,7,54,5,528,P1,142,76.9
Kolkata,2108,KOL-2108,18,Panchayat Bhavan 18,2019,472,97,7,50,6,632,P1,375,77.6
Kolkata,2108,KOL-2108,18,Panchayat Bhavan 18,2021,296,184,13,135,6,634,P1,112,77.9
Kolkata,2108,KOL-2108,19,High School 19,2019,248,118,3,34,4,407,P1,130,78.4
Kolkata,2108,KOL-2108,19,High School 19,2021,255,112,4,40,4,415,P1,143,80.0
Kolkata,2108,KOL-2108,20,Primary School 20,2019,265,150,7,85,5,512,P1,115,73.9
Kolkata,2108,KOL-2108,20,Primary School 20,2021,366,123,2,47,5,543,P1,243,78.4
Kolkata,2108,KOL-2108,21,Community Hall 21,2019,225,122,2,32,4,385,P1,103,79.4
Kolkata,2108,KOL-2108,21,Community Hall 21,2021,216,132,2,38,4,392,P1,84,80.8
Kolkata,2108,KOL-2108,22,Community Hall 22,2019,304,157,4,42,5,512,P1,147,77.9
Kolkata,2108,KOL-2108,22,Community Hall 22,2021,275,180,8,54,5,522,P1,95,79.5
Kolkata,2108,KOL-2108,23,Anganwadi Centre 23,2019,274,137,4,40,3,458,P1,137,80.6
Kolkata,2108,KOL-2108,23,Anganwadi Centre 23,2021,253,119,4,34,3,413,P1,134,72.7
Kolkata,2108,KOL-2108,24,High School 24,2019,298,141,5,39,4,487,P1,157,83.1
Kolkata,2108,KOL-2108,24,High School 24,2021,280,139,4,38,4,465,P1,141,79.4
Kolkata,2108,KOL-2108,25,Market Building 25,2019,319,90,12,141,5,567,P1,178,73.0
Kolkata,2108,KOL-2108,25,Market Building 25,2021,463,104,5,52,7,631,P1,359,81.2
Kolkata,2108,KOL-2108,26,Health Sub-Centre 26,2019,288,172,2,44,5,511,P1,116,72.2
Kolkata,2108,KOL-2108,26,Health Sub-Centre 26,2021,419,96,5,46,6,572,P1,323,80.8
Kolkata,2108,KOL-2108,27,Panchayat Bhavan 27,2019,262,106,4,52,4,428,P1,156,78.8
Kolkata,2108,KOL-2108,27,Panchayat Bhavan 27,2021,216,122,5,69,4,416,P1,94,76.6
Kolkata,2108,KOL-2108,28,Anganwadi Centre 28,2019,274,161,3,40,6,484,P1,113,76.9
Kolkata,2108,KOL-2108,28,Anganwadi Centre 28,2021,294,116,4,37,5,456,P1,178,72.5
Kolkata,2108,KOL-2108,29,Madrasa 29,2019,244,98,4,31,3,380,P1,146,72.4
Kolkata,2108,KOL-2108,29,Madrasa 29,2021,246,100,3,32,3,384,P1,146,73.1
Kolkata,2108,KOL-2108,30,Club Building 30,2019,272,106,9,72,6,465,P1,166,79.8
Kolkata,2108,KOL-2108,30,Club Building 30,2021,299,106,5,68,5,483,P1,193,82.8
Kolkata,2108,KOL-2108,31,Market Building 31,2019,429,147,6,52,6,640,P1,282,81.2
Kolkata,2108,KOL-2108,31,Market Building 31,2021,342,176,2,50,6,576,P1,166,73.1
Kolkata,2108,KOL-2108,32,Govt Office 32,2019,146,124,7,94,4,375,P1,22,77.2
Kolkata,2108,KOL-2108,32,Govt Office 32,2021,161,156,3,73,4,397,P1,5,81.7
Kolkata,2108,KOL-2108,33,Govt Office 33,2019,380,143,7,80,7,617,P1,237,82.8
Kolkata,2108,KOL-2108,33,Govt Office 33,2021,325,188,6,82,7,608,P1,137,81.6
Kolkata,2108,KOL-2108,34,Primary School 34,2019,228,118,11,122,5,484,P1,106,74.3
Kolkata,2108,KOL-2108,34,Primary School 34,2021,298,183,6,42,5,534,P1,115,82.0
Kolkata,2108,KOL-2108,35,Club Building 35,2019,392,98,6,43,6,545,P1,294,78.6
Kolkata,2108,KOL-2108,35,Club Building 35,2021,314,193,7,44,5,563,P1,121,81.2
Kolkata,2108,KOL-2108,36,Panchayat Bhavan 36,2019,383,137,9,77,6,612,P1,246,82.6
Kolkata,2108,KOL-2108,36,Panchayat Bhavan 36,2021,319,177,10,77,5,588,P1,142,79.4
Kolkata,2108,KOL-2108,37,Temple Hall 37,2019,220,153,10,153,5,541,P1,67,75.8
Kolkata,2108,KOL-2108,37,Temple Hall 37,2021,351,90,12,91,5,549,P1,260,76.9
Kolkata,2108,KOL-2108,38,Market Building 38,2019,255,159,12,96,5,527,P1,96,76.2
Kolkata,2108,KOL-2108,38,Market Building 38,2021,277,178,4,42,4,505,P1,99,73.0
Kolkata,2108,KOL-2108,39,Post Office 39,2019,307,95,2,38,5,447,P1,212,76.7
Kolkata,2108,KOL-2108,39,Post Office 39,2021,260,157,7,55,5,484,P1,103,83.0
Kolkata,2108,KOL-2108,40,Market Building 40,2019,265,103,2,49,4,423,P1,162,75.1
Kolkata,2108,KOL-2108,40,Market Building 40,2021,245,137,5,75,4,466,P1,108,82.8
Kolkata,2108,KOL-2108,41,Community Hall 41,2019,215,117,5,72,4,413,P1,98,77.6
Kolkata,2108,KOL-2108,41,Community Hall 41,2021,261,135,2,38,4,440,P1,126,82.7
Kolkata,2108,KOL-2108,42,Post Office 42,2019,363,152,8,92,6,621,P1,211,77.0
Kolkata,2108,KOL-2108,42,Post Office 42,2021,414,119,4,50,5,592,P1,295,73.4
Kolkata,2108,KOL-2108,43,Club Building 43,2019,191,145,3,30,4,373,P1,46,72.0
Kolkata,2108,KOL-2108,43,Club Building 43,2021,266,118,4,38,4,430,P1,148,83.0
Kolkata,2108,KOL-2108,44,Market Building 44,2019,249,112,2,34,4,401,P1,137,81.2
Kolkata,2108,KOL-2108,44,Market Building 44,2021,234,127,4,32,4,401,P1,107,81.2
Kolkata,2108,KOL-2108,45,Health Sub-Centre 45,2019,358,153,4,47,6,568,P1,205,81.6
Kolkata,2108,KOL-2108,45,Health Sub-Centre 45,2021,289,151,3,85,6,534,P1,138,76.7
Kolkata,2108,KOL-2108,46,Primary School 46,2019,224,110,2,33,3,372,P1,114,72.1
Kolkata,2108,KOL-2108,46,Primary School 46,2021,228,118,2,32,4,384,P1,110,74.4
Kolkata,2108,KOL-2108,47,Community Hall 47,2019,328,171,5,45,6,555,P1,157,81.1
Kolkata,2108,KOL-2108,47,Community Hall 47,2021,318,131,5,40,4,498,P1,187,72.8
Kolkata,2108,KOL-2108,48,Community Hall 48,2019,421,165,4,55,6,651,P1,256,79.8
Kolkata,2108,KOL-2108,48,Community Hall 48,2021,314,183,11,107,6,621,P1,131,76.1
Kolkata,2108,KOL-2108,49,Post Office 49,2019,211,67,7,103,4,392,P1,108,79.4
Kolkata,2108,KOL-2108,49,Post Office 49,2021,190,133,3,30,3,359,P1,57,72.7
Kolkata,2108,KOL-2108,50,Govt Office 50,2019,276,172,11,88,5,552,P1,104,75.3
Kolkata,2108,KOL-2108,50,Govt Office 50,2021,267,207,8,93,7,582,P1,60,79.4
Kolkata,2108,KOL-2108,51,Club Building 51,2019,188,124,6,44,4,366,P1,64,72.9
Kolkata,2108,KOL-2108,51,Club Building 51,2021,211,146,4,32,4,397,P1,65,79.1
Kolkata,2108,KOL-2108,52,Madrasa 52,2019,347,155,5,81,6,594,P1,192,81.6
Kolkata,2108,KOL-2108,52,Madrasa 52,2021,307,125,7,86,6,531,P1,182,72.9
Kolkata,2108,KOL-2108,53,Temple Hall 53,2019,204,110,11,98,5,428,P1,94,72.4
Kolkata,2108,KOL-2108,53,Temple Hall 53,2021,313,107,5,37,5,467,P1,206,79.0
Kolkata,2108,KOL-2108,54,Market Building 54,2019,370,182,5,51,5,613,P1,188,76.1
Kolkata,2108,KOL-2108,54,Market Building 54,2021,406,137,5,51,6,605,P1,269,75.1
Kolkata,2108,KOL-2108,55,Health Sub-Centre 55,2019,348,105,4,41,5,503,P1,243,76.6
Kolkata,2108,KOL-2108,55,Health Sub-Centre 55,2021,328,124,4,41,5,502,P1,204,76.4
Kolkata,2108,KOL-2108,56,Temple Hall 56,2019,231,120,3,101,4,459,P1,111,79.5
Kolkata,2108,KOL-2108,56,Temple Hall 56,2021,226,150,3,35,4,418,P1,76,72.4
Kolkata,2108,KOL-2108,57,Community Hall 57,2019,297,130,6,103,5,541,P1,167,82.5
Kolkata,2108,KOL-2108,57,Community Hall 57,2021,312,152,2,44,5,515,P1,160,78.5
Kolkata,2108,KOL-2108,58,Madrasa 58,2019,290,94,2,36,5,427,P1,196,72.1
Kolkata,2108,KOL-2108,58,Madrasa 58,2021,277,157,5,38,5,482,P1,120,81.4
Kolkata,2108,KOL-2108,59,High School 59,2019,293,170,2,44,5,514,P1,123,76.6
Kolkata,2108,KOL-2108,59,High School 59,2021,284,173,6,40,5,508,P1,111,75.7
Kolkata,2108,KOL-2108,60,Health Sub-Centre 60,2019,211,137,6,37,4,395,P1,74,79.8
Kolkata,2108,KOL-2108,60,Health Sub-Centre 60,2021,187,132,4,33,4,360,P1,55,72.7
Kolkata,2108,KOL-2108,61,Temple Hall 61,2019,347,206,6,49,6,614,P1,141,78.7
Kolkata,2108,KOL-2108,61,Temple Hall 61,2021,373,109,11,102,6,601,P1,264,77.1
Kolkata,2108,KOL-2108,62,Temple Hall 62,2019,266,220,5,68,5,564,P1,46,76.2
Kolkata,2108,KOL-2108,62,Temple Hall 62,2021,357,150,6,45,5,563,P1,207,76.1
Kolkata,2108,KOL-2108,63,Community Hall 63,2019,287,205,2,47,5,546,P1,82,76.8
Kolkata,2108,KOL-2108,63,Community Hall 63,2021,307,173,7,84,6,577,P1,134,81.2
Kolkata,2108,KOL-2108,64,Anganwadi Centre 64,2019,304,119,4,38,5,470,P1,185,74.4
Kolkata,2108,KOL-2108,64,Anganwadi Centre 64,2021,356,90,2,42,6,496,P1,266,78.5
Kolkata,2108,KOL-2108,65,Club Building 65,2019,231,209,7,76,6,529,P1,22,81.4
Kolkata,2108,KOL-2108,65,Club Building 65,2021,302,162,2,45,4,515,P1,140,79.2
Kolkata,2108,KOL-2108,66,Temple Hall 66,2019,183,129,8,53,4,377,P1,54,74.5
Kolkata,2108,KOL-2108,66,Temple Hall 66,2021,228,103,2,31,4,368,P1,125,72.7
Kolkata,2108,KOL-2108,67,Temple Hall 67,2019,253,144,4,73,5,479,P1,109,75.1
Kolkata,2108,KOL-2108,67,Temple Hall 67,2021,329,108,4,39,5,485,P1,221,76.0
Kolkata,2108,KOL-2108,68,Community Hall 68,2019,267,121,3,83,5,479,P1,146,77.4
Kolkata,2108,KOL-2108,68,Community Hall 68,2021,280,105,2,70,5,462,P1,175,74.6
Kolkata,2108,KOL-2108,69,Temple Hall 69,2019,453,102,6,105,7,673,P1,348,82.6
Kolkata,2108,KOL-2108,69,Temple Hall 69,2021,338,148,10,127,7,630,P1,190,77.3
Kolkata,2108,KOL-2108,70,Panchayat Bhavan 70,2019,330,124,16,154,6,630,P1,176,80.1
Kolkata,2108,KOL-2108,70,Panchayat Bhavan 70,2021,419,157,4,54,6,640,P1,262,81.3
Kolkata,2108,KOL-2108,71,Primary School 71,2019,283,112,3,37,4,439,P1,171,83.1
Kolkata,2108,KOL-2108,71,Primary School 71,2021,225,136,6,52,5,424,P1,89,80.3
Kolkata,2108,KOL-2108,72,Madrasa 72,2019,418,145,6,50,6,625,P1,273,81.8
Kolkata,2108,KOL-2108,72,Madrasa 72,2021,362,159,3,49,6,579,P1,203,75.8
Kolkata,2108,KOL-2108,73,Temple Hall 73,2019,345,120,2,45,4,516,P1,225,76.3
Kolkata,2108,KOL-2108,73,Temple Hall 73,2021,251,123,5,127,5,511,P1,124,75.6
Kolkata,2108,KOL-2108,74,Madrasa 74,2019,289,111,9,100,4,513,P1,178,81.7
Kolkata,2108,KOL-2108,74,Madrasa 74,2021,286,127,4,37,5,459,P1,159,73.1
Kolkata,2108,KOL-2108,75,Panchayat Bhavan 75,2019,324,154,3,66,5,552,P1,170,74.9
Kolkata,2108,KOL-2108,75,Panchayat Bhavan 75,2021,302,134,11,97,6,550,P1,168,74.6
Kolkata,2108,KOL-2108,76,High School 76,2019,357,120,15,146,6,644,P1,211,81.7
Kolkata,2108,KOL-2108,76,High School 76,2021,364,209,3,55,6,637,P1,155,80.8
Kolkata,2108,KOL-2108,77,Health Sub-Centre 77,2019,213,115,2,30,4,364,P1,98,74.1
Kolkata,2108,KOL-2108,77,Health Sub-Centre 77,2021,219,101,7,67,4,398,P1,118,81.1
Kolkata,2108,KOL-2108,78,Post Office 78,2019,282,115,4,35,5,441,P1,167,72.9
Kolkata,2108,KOL-2108,78,Post Office 78,2021,272,105,8,91,5,481,P1,167,79.5
Kolkata,2108,KOL-2108,79,Anganwadi Centre 79,2019,277,141,10,107,5,540,P1,136,76.9
Kolkata,2108,KOL-2108,79,Anganwadi Centre 79,2021,326,165,4,53,5,553,P1,161,78.8
Kolkata,2108,KOL-2108,80,Anganwadi Centre 80,2019,325,121,3,71,5,525,P1,204,75.1
Kolkata,2108,KOL-2108,80,Anganwadi Centre 80,2021,294,177,6,60,5,542,P1,117,77.5
Kolkata,2108,KOL-2108,81,High School 81,2019,183,120,7,51,3,364,P1,63,72.4
Kolkata,2108,KOL-2108,81,High School 81,2021,181,138,4,67,4,394,P1,43,78.3
Kolkata,2108,KOL-2108,82,Govt Office 82,2019,499,62,7,49,7,624,P1,437,80.9
Kolkata,2108,KOL-2108,82,Govt Office 82,2021,331,150,5,112,6,604,P1,181,78.3
Kolkata,2108,KOL-2108,83,High School 83,2019,296,69,3,33,4,405,P1,227,79.4
Kolkata,2108,KOL-2108,83,High School 83,2021,186,67,5,109,4,371,P1,77,72.7
Kolkata,2108,KOL-2108,84,Community Hall 84,2019,269,116,3,36,4,428,P1,153,78.8
Kolkata,2108,KOL-2108,84,Community Hall 84,2021,193,119,10,86,4,412,P1,74,75.9
Kolkata,2108,KOL-2108,85,Post Office 85,2019,229,172,4,36,4,445,P1,57,73.2
Kolkata,2108,KOL-2108,85,Post Office 85,2021,225,147,2,62,4,440,P1,78,72.4
Kolkata,2108,KOL-2108,86,Anganwadi Centre 86,2019,234,85,8,94,4,425,P1,140,79.9
Kolkata,2108,KOL-2108,86,Anganwadi Centre 86,2021,279,113,5,35,3,435,P1,166,81.8
Kolkata,2108,KOL-2108,87,Madrasa 87,2019,237,121,2,34,3,397,P1,116,81.0
Kolkata,2108,KOL-2108,87,Madrasa 87,2021,302,58,3,33,4,400,P1,244,81.6
Kolkata,2108,KOL-2108,88,Madrasa 88,2019,221,173,9,81,5,489,P1,48,78.7
Kolkata,2108,KOL-2108,88,Madrasa 88,2021,227,201,3,65,5,501,P1,26,80.7
Kolkata,2108,KOL-2108,89,Club Building 89,2019,216,127,7,64,4,418,P1,89,72.7
Kolkata,2108,KOL-2108,89,Club Building 89,2021,308,69,2,36,4,419,P1,239,72.9
Kolkata,2108,KOL-2108,90,Primary School 90,2019,247,100,3,79,4,433,P1,147,81.4
Kolkata,2108,KOL-2108,90,Primary School 90,2021,205,145,3,39,4,396,P1,60,74.4
Kolkata,2108,KOL-2108,91,Market Building 91,2019,396,93,8,95,7,599,P1,301,76.5
Kolkata,2108,KOL-2108,91,Market Building 91,2021,379,163,6,48,6,602,P1,216,76.9
Kolkata,2108,KOL-2108,92,Post Office 92,2019,277,181,3,43,5,509,P1,96,73.0
Kolkata,2108,KOL-2108,92,Post Office 92,2021,355,127,3,45,5,535,P1,228,76.8
Kolkata,2108,KOL-2108,93,Madrasa 93,2019,260,159,10,70,5,504,P1,101,79.5
Kolkata,2108,KOL-2108,93,Madrasa 93,2021,278,146,10,85,5,524,P1,132,82.6
Kolkata,2108,KOL-2108,94,Madrasa 94,2019,254,103,1,34,4,396,P1,151,82.0
Kolkata,2108,KOL-2108,94,Madrasa 94,2021,240,76,3,29,3,351,P1,164,72.7
Kolkata,2108,KOL-2108,95,High School 95,2019,253,129,8,186,5,581,P1,67,80.7
Kolkata,2108,KOL-2108,95,High School 95,2021,317,172,3,46,6,544,P1,145,75.6
Kolkata,2108,KOL-2108,96,Madrasa 96,2019,379,182,3,63,6,633,P1,197,77.5
Kolkata,2108,KOL-2108,96,Madrasa 96,2021,407,188,5,54,7,661,P1,219,80.9
Kolkata,2108,KOL-2108,97,Temple Hall 97,2019,276,100,3,39,3,421,P1,176,72.6
Kolkata,2108,KOL-2108,97,Temple Hall 97,2021,335,71,2,39,4,451,P1,264,77.8
Kolkata,2108,KOL-2108,98,Anganwadi Centre 98,2019,358,160,3,49,5,575,P1,198,74.9
Kolkata,2108,KOL-2108,98,Anganwadi Centre 98,2021,360,89,13,103,6,571,P1,257,74.3
Kolkata,2108,KOL-2108,99,Primary School 99,2019,388,133,2,50,6,579,P1,255,75.8
Kolkata,2108,KOL-2108,99,Primary School 99,2021,331,177,5,45,6,564,P1,154,73.8
Kolkata,2108,KOL-2108,100,Govt Office 100,2019,331,199,5,48,6,589,P1,132,74.8
Kolkata,2108,KOL-2108,100,Govt Office 100,2021,293,159,15,126,6,599,P1,134,76.1
Kolkata,2108,KOL-2108,101,Govt Office 101,2019,321,101,9,72,6,509,P1,220,72.7
Kolkata,2108,KOL-2108,101,Govt Office 101,2021,250,152,14,127,6,549,P1,98,78.4
Kolkata,2108,KOL-2108,102,Post Office 102,2019,270,188,9,63,5,535,P1,82,76.1
Kolkata,2108,KOL-2108,102,Post Office 102,2021,251,199,11,91,5,557,P1,52,79.2
Kolkata,2108,KOL-2108,103,Post Office 103,2019,248,171,10,180,6,615,P1,68,82.0
Kolkata,2108,KOL-2108,103,Post Office 103,2021,305,186,2,47,6,546,P1,119,72.8
Kolkata,2108,KOL-2108,104,Primary School 104,2019,312,114,13,159,6,604,P1,153,74.3
Kolkata,2108,KOL-2108,104,Primary School 104,2021,336,194,3,55,6,594,P1,142,73.1
Kolkata,2108,KOL-2108,105,Post Office 105,2019,183,164,2,55,4,408,P1,19,78.3
Kolkata,2108,KOL-2108,105,Post Office 105,2021,238,122,2,44,4,410,P1,116,78.7
Kolkata,2108,KOL-2108,106,Temple Hall 106,2019,302,158,2,51,4,517,P1,144,81.7
Kolkata,2108,KOL-2108,106,Temple Hall 106,2021,262,172,4,63,5,506,P1,90,79.9
Kolkata,2108,KOL-2108,107,Community Hall 107,2019,371,124,11,109,7,622,P1,247,80.3
Kolkata,2108,KOL-2108,107,Community Hall 107,2021,363,146,5,64,6,584,P1,217,75.4
Kolkata,2108,KOL-2108,108,Temple Hall 108,2019,342,131,5,42,6,526,P1,211,79.1
Kolkata,2108,KOL-2108,108,Temple Hall 108,2021,252,164,8,102,5,531,P1,88,79.8
Kolkata,2108,KOL-2108,109,Panchayat Bhavan 109,2019,326,145,4,54,6,535,P1,181,80.9
Kolkata,2108,KOL-2108,109,Panchayat Bhavan 109,2021,219,155,11,100,5,490,P1,64,74.1
Kolkata,2108,KOL-2108,110,High School 110,2019,306,191,5,80,6,588,P1,115,80.0
Kolkata,2108,KOL-2108,110,High School 110,2021,341,114,7,121,6,589,P1,220,80.1
Kolkata,2108,KOL-2108,111,Community Hall 111,2019,398,181,4,69,6,658,P1,217,81.5
Kolkata,2108,KOL-2108,111,Community Hall 111,2021,384,198,3,56,5,646,P1,186,80.0
Kolkata,2108,KOL-2108,112,Primary School 112,2019,199,101,7,79,4,390,P1,98,78.2
Kolkata,2108,KOL-2108,112,Primary School 112,2021,227,117,4,49,4,401,P1,110,80.4
Kolkata,2108,KOL-2108,113,Primary School 113,2019,333,157,5,44,5,544,P1,176,73.9
Kolkata,2108,KOL-2108,113,Primary School 113,2021,294,124,10,96,6,530,P1,170,72.0
Kolkata,2108,KOL-2108,114,Market Building 114,2019,226,134,2,34,4,400,P1,92,76.6
Kolkata,2108,KOL-2108,114,Market Building 114,2021,225,132,5,43,4,409,P1,93,78.4
Kolkata,2108,KOL-2108,115,Club Building 115,2019,298,170,9,72,5,554,P1,128,82.0
Kolkata,2108,KOL-2108,115,Club Building 115,2021,260,175,12,102,5,554,P1,85,82.0
Kolkata,2108,KOL-2108,116,Govt Office 116,2019,259,108,3,81,4,455,P1,151,74.8
Kolkata,2108,KOL-2108,116,Govt Office 116,2021,257,146,9,86,5,503,P1,111,82.7
Kolkata,2108,KOL-2108,117,Club Building 117,2019,292,173,10,83,6,564,P1,119,77.3
Kolkata,2108,KOL-2108,117,Club Building 117,2021,317,161,8,69,6,561,P1,156,76.8
Kolkata,2108,KOL-2108,118,Club Building 118,2019,193,101,9,123,5,431,P1,70,79.1
Kolkata,2108,KOL-2108,118,Club Building 118,2021,236,122,3,33,4,398,P1,114,73.0
Kolkata,2108,KOL-2108,119,High School 119,2019,337,181,5,99,6,628,P1,156,76.7
Kolkata,2108,KOL-2108,119,High School 119,2021,384,165,4,51,6,610,P1,219,74.5
Kolkata,2108,KOL-2108,120,Primary School 120,2019,239,118,4,32,3,396,P1,121,78.0
Kolkata,2108,KOL-2108,120,Primary School 120,2021,251,104,2,34,4,395,P1,147,77.8
Kolkata,2108,KOL-2108,121,Temple Hall 121,2019,311,178,10,109,6,614,P1,133,80.6
Kolkata,2108,KOL-2108,121,Temple Hall 121,2021,274,141,10,136,6,567,P1,133,74.4
Kolkata,2108,KOL-2108,122,Community Hall 122,2019,259,101,4,32,4,400,P1,158,78.7
Kolkata,2108,KOL-2108,122,Community Hall 122,2021,242,136,3,35,4,420,P1,106,82.7
Kolkata,2108,KOL-2108,123,Market Building 123,2019,323,170,6,116,6,621,P1,153,80.2
Kolkata,2108,KOL-2108,123,Market Building 123,2021,362,176,5,49,6,598,P1,186,77.3
Kolkata,2108,KOL-2108,124,Health Sub-Centre 124,2019,266,91,2,34,4,397,P1,175,72.7
Kolkata,2108,KOL-2108,124,Health Sub-Centre 124,2021,198,146,7,71,5,427,P1,52,78.2
Kolkata,2108,KOL-2108,125,Madrasa 125,2019,259,103,5,31,4,402,P1,156,80.6
Kolkata,2108,KOL-2108,125,Madrasa 125,2021,209,121,3,35,4,372,P1,88,74.5
Kolkata,2108,KOL-2108,126,Govt Office 126,2019,296,135,3,40,5,479,P1,161,76.2
Kolkata,2108,KOL-2108,126,Govt Office 126,2021,293,120,2,39,5,459,P1,173,73.0
Kolkata,2108,KOL-2108,127,Panchayat Bhavan 127,2019,246,149,6,41,4,446,P1,97,76.5
Kolkata,2108,KOL-2108,127,Panchayat Bhavan 127,2021,309,81,3,36,4,433,P1,228,74.3
Kolkata,2108,KOL-2108,128,Health Sub-Centre 128,2019,394,194,8,53,6,655,P1,200,80.3
Kolkata,2108,KOL-2108,128,Health Sub-Centre 128,2021,403,174,7,59,6,649,P1,229,79.5
Kolkata,2108,KOL-2108,129,Panchayat Bhavan 129,2019,280,142,2,40,5,469,P1,138,79.1
Kolkata,2108,KOL-2108,129,Panchayat Bhavan 129,2021,245,137,5,44,4,435,P1,108,73.4
Kolkata,2108,KOL-2108,130,Health Sub-Centre 130,2019,239,180,9,62,5,495,P1,59,76.5
Kolkata,2108,KOL-2108,130,Health Sub-Centre 130,2021,295,105,7,58,5,470,P1,190,72.6
Kolkata,2108,KOL-2108,131,Health Sub-Centre 131,2019,348,153,6,44,6,557,P1,195,81.9
Kolkata,2108,KOL-2108,131,Health Sub-Centre 131,2021,342,140,6,42,6,536,P1,202,78.8
Kolkata,2108,KOL-2108,132,Anganwadi Centre 132,2019,339,144,4,44,5,536,P1,195,72.0
Kolkata,2108,KOL-2108,132,Anganwadi Centre 132,2021,364,186,3,52,6,611,P1,178,82.1
Kolkata,2108,KOL-2108,133,Temple Hall 133,2019,356,58,4,37,5,460,P1,298,77.4
Kolkata,2108,KOL-2108,133,Temple Hall 133,2021,314,121,1,42,5,483,P1,193,81.3
Kolkata,2108,KOL-2108,134,Primary School 134,2019,337,201,5,51,6,600,P1,136,75.2
Kolkata,2108,KOL-2108,134,Primary School 134,2021,297,183,17,121,6,624,P1,114,78.2
Kolkata,2108,KOL-2108,135,Temple Hall 135,2019,416,96,6,45,6,569,P1,320,77.6
Kolkata,2108,KOL-2108,135,Temple Hall 135,2021,349,190,7,47,6,599,P1,159,81.7
Kolkata,2108,KOL-2108,136,Madrasa 136,2019,342,217,6,84,7,656,P1,125,82.2
Kolkata,2108,KOL-2108,136,Madrasa 136,2021,282,147,21,183,7,640,P1,99,80.2
Kolkata,2108,KOL-2108,137,Club Building 137,2019,247,86,5,112,5,455,P1,135,72.1
Kolkata,2108,KOL-2108,137,Club Building 137,2021,235,160,5,51,5,456,P1,75,72.3
Kolkata,2108,KOL-2108,138,Anganwadi Centre 138,2019,353,207,3,53,6,622,P1,146,76.9
Kolkata,2108,KOL-2108,138,Anganwadi Centre 138,2021,349,207,5,50,7,618,P1,142,76.4
Kolkata,2108,KOL-2108,139,Market Building 139,2019,200,173,2,35,5,415,P1,27,72.8
Kolkata,2108,KOL-2108,139,Market Building 139,2021,245,175,6,38,5,469,P1,70,82.3
Kolkata,2108,KOL-2108,140,Market Building 140,2019,352,161,4,90,5,612,P1,191,78.9
Kolkata,2108,KOL-2108,140,Market Building 140,2021,405,120,5,48,5,583,P1,285,75.1
Kolkata,2108,KOL-2108,141,Temple Hall 141,2019,268,108,3,35,4,418,P1,160,76.7
Kolkata,2108,KOL-2108,141,Temple Hall 141,2021,268,126,2,43,4,443,P1,142,81.3
Kolkata,2108,KOL-2108,142,Anganwadi Centre 142,2019,251,161,7,73,5,497,P1,90,77.5
Kolkata,2108,KOL-2108,142,Anganwadi Centre 142,2021,307,116,4,38,6,471,P1,191,73.5
Kolkata,2108,KOL-2108,143,Health Sub-Centre 143,2019,310,110,12,140,7,579,P1,170,75.2
Kolkata,2108,KOL-2108,143,Health Sub-Centre 143,2021,351,145,2,56,6,560,P1,206,72.7
Kolkata,2108,KOL-2108,144,Post Office 144,2019,220,168,2,37,4,431,P1,52,81.6
Kolkata,2108,KOL-2108,144,Post Office 144,2021,230,123,6,55,4,418,P1,107,79.2
Kolkata,2108,KOL-2108,145,Post Office 145,2019,316,150,4,43,5,518,P1,166,75.0
Kolkata,2108,KOL-2108,145,Post Office 145,2021,266,200,5,44,5,520,P1,66,75.3
Kolkata,2108,KOL-2108,146,Market Building 146,2019,302,137,8,129,6,582,P1,165,75.6
Kolkata,2108,KOL-2108,146,Market Building 146,2021,340,179,8,95,6,628,P1,161,81.6
Kolkata,2108,KOL-2108,147,High School 147,2019,287,150,16,116,6,575,P1,137,81.4
Kolkata,2108,KOL-2108,147,High School 147,2021,350,156,4,46,6,562,P1,194,79.6
Kolkata,2108,KOL-2108,148,Health Sub-Centre 148,2019,237,115,9,103,4,468,P1,122,77.9
Kolkata,2108,KOL-2108,148,Health Sub-Centre 148,2021,266,131,4,36,5,442,P1,135,73.5
Kolkata,2108,KOL-2108,149,Madrasa 149,2019,255,104,3,33,4,399,P1,151,78.4
Kolkata,2108,KOL-2108,149,Madrasa 149,2021,213,103,4,44,4,368,P1,110,72.3
Kolkata,2108,KOL-2108,150,Anganwadi Centre 150,2019,246,95,3,46,4,394,P1,151,81.4
Kolkata,2108,KOL-2108,150,Anganwadi Centre 150,2021,257,90,3,32,3,385,P1,167,79.5
Kolkata,2108,KOL-2108,151,Club Building 151,2019,226,100,9,74,5,414,P1,126,73.0
Kolkata,2108,KOL-2108,151,Club Building 151,2021,303,93,3,37,5,441,P1,210,77.8
Kolkata,2108,KOL-2108,152,Post Office 152,2019,234,160,6,50,5,455,P1,74,77.5
Kolkata,2108,KOL-2108,152,Post Office 152,2021,300,70,5,77,4,456,P1,223,77.7
Kolkata,2108,KOL-2108,153,Govt Office 153,2019,225,104,4,46,5,384,P1,121,78.2
Kolkata,2108,KOL-2108,153,Govt Office 153,2021,224,88,5,53,4,374,P1,136,76.2
Kolkata,2108,KOL-2108,154,Govt Office 154,2019,338,153,18,154,7,670,P1,184,83.1
Kolkata,2108,KOL-2108,154,Govt Office 154,2021,383,110,6,82,6,587,P1,273,72.8
Kolkata,2108,KOL-2108,155,Panchayat Bhavan 155,2019,293,83,3,34,5,418,P1,210,80.7
Kolkata,2108,KOL-2108,155,Panchayat Bhavan 155,2021,308,79,2,37,3,429,P1,229,82.8
Kolkata,2108,KOL-2108,156,Market Building 156,2019,195,207,10,179,6,597,P2,12,82.1
Kolkata,2108,KOL-2108,156,Market Building 156,2021,251,162,11,141,5,570,P1,89,78.4
Kolkata,2108,KOL-2108,157,Panchayat Bhavan 157,2019,301,179,2,47,5,534,P1,122,78.4
Kolkata,2108,KOL-2108,157,Panchayat Bhavan 157,2021,321,132,2,43,5,503,P1,189,73.9
Kolkata,2108,KOL-2108,158,Post Office 158,2019,282,164,6,98,4,554,P1,118,82.1
Kolkata,2108,KOL-2108,158,Post Office 158,2021,352,144,5,45,6,552,P1,208,81.8
Kolkata,2108,KOL-2108,159,Primary School 159,2019,297,94,9,123,5,528,P1,174,77.2
Kolkata,2108,KOL-2108,159,Primary School 159,2021,347,102,8,74,6,537,P1,245,78.5
Kolkata,2108,KOL-2108,160,Primary School 160,2019,373,177,6,49,6,611,P1,196,80.4
Kolkata,2108,KOL-2108,160,Primary School 160,2021,349,169,4,48,6,576,P1,180,75.8
Kolkata,2108,KOL-2108,161,Panchayat Bhavan 161,2019,315,210,7,46,5,583,P1,105,74.1
Kolkata,2108,KOL-2108,161,Panchayat Bhavan 161,2021,343,172,2,50,5,572,P1,171,72.7
Kolkata,2108,KOL-2108,162,Market Building 162,2019,390,140,5,48,6,589,P1,250,75.1
Kolkata,2108,KOL-2108,162,Market Building 162,2021,370,208,4,53,7,642,P1,162,81.9
Kolkata,2108,KOL-2108,163,Post Office 163,2019,270,170,9,102,6,557,P1,100,78.6
Kolkata,2108,KOL-2108,163,Post Office 163,2021,301,174,3,45,4,527,P1,127,74.3
Kolkata,2108,KOL-2108,164,Health Sub-Centre 164,2019,268,135,5,36,4,448,P1,133,79.4
Kolkata,2108,KOL-2108,164,Health Sub-Centre 164,2021,268,137,5,48,5,463,P1,131,82.1
Kolkata,2108,KOL-2108,165,Panchayat Bhavan 165,2019,259,137,3,37,4,440,P1,122,80.7
Kolkata,2108,KOL-2108,165,Panchayat Bhavan 165,2021,199,166,7,52,5,429,P1,33,78.7
Kolkata,2108,KOL-2108,166,High School 166,2019,243,167,8,63,4,485,P1,76,77.1
Kolkata,2108,KOL-2108,166,High School 166,2021,275,153,3,40,5,476,P1,122,75.7
Kolkata,2108,KOL-2108,167,Community Hall 167,2019,341,117,15,131,6,610,P1,210,78.1
Kolkata,2108,KOL-2108,167,Community Hall 167,2021,388,185,4,54,6,637,P1,203,81.6
Kolkata,2108,KOL-2108,168,Govt Office 168,2019,276,141,11,105,6,539,P1,135,74.2
Kolkata,2108,KOL-2108,168,Govt Office 168,2021,310,203,6,45,5,569,P1,107,78.4
Kolkata,2108,KOL-2108,169,Panchayat Bhavan 169,2019,280,141,7,54,4,486,P1,139,76.7
Kolkata,2108,KOL-2108,169,Panchayat Bhavan 169,2021,323,130,4,41,5,503,P1,193,79.3
Kolkata,2108,KOL-2108,170,Club Building 170,2019,208,141,8,103,5,465,P1,67,73.6
Kolkata,2108,KOL-2108,170,Club Building 170,2021,307,129,5,39,5,485,P1,178,76.7
Kolkata,2108,KOL-2108,171,Panchayat Bhavan 171,2019,263,167,17,147,6,600,P1,96,81.5
Kolkata,2108,KOL-2108,171,Panchayat Bhavan 171,2021,252,167,8,100,6,533,P1,85,72.4
Kolkata,2108,KOL-2108,172,Post Office 172,2019,337,137,9,85,6,574,P1,200,81.5
Kolkata,2108,KOL-2108,172,Post Office 172,2021,270,155,6,94,5,530,P1,115,75.3
Kolkata,2108,KOL-2108,173,Post Office 173,2019,264,138,10,80,5,497,P1,126,73.4
Kolkata,2108,KOL-2108,173,Post Office 173,2021,285,134,5,63,5,492,P1,151,72.7
Kolkata,2108,KOL-2108,174,Anganwadi Centre 174,2019,206,152,2,34,4,398,P1,54,81.7
Kolkata,2108,KOL-2108,174,Anganwadi Centre 174,2021,194,109,6,49,3,361,P1,85,74.1
Kolkata,2108,KOL-2108,175,Primary School 175,2019,446,84,5,48,6,589,P1,362,77.8
Kolkata,2108,KOL-2108,175,Primary School 175,2021,310,173,10,93,5,591,P1,137,78.1
Kolkata,2108,KOL-2108,176,Club Building 176,2019,335,128,8,75,5,551,P1,207,78.9
Kolkata,2108,KOL-2108,176,Club Building 176,2021,329,174,2,49,5,559,P1,155,80.1
Kolkata,2108,KOL-2108,177,Club Building 177,2019,235,107,4,70,4,420,P1,128,82.4
Kolkata,2108,KOL-2108,177,Club Building 177,2021,274,94,2,35,4,409,P1,180,80.2
Kolkata,2108,KOL-2108,178,High School 178,2019,242,121,6,136,5,510,P1,106,74.9
Kolkata,2108,KOL-2108,178,High School 178,2021,330,142,6,41,5,524,P1,188,76.9
Kolkata,2108,KOL-2108,179,Madrasa 179,2019,225,111,4,29,5,374,P1,114,74.5
Kolkata,2108,KOL-2108,179,Madrasa 179,2021,235,94,3,74,3,409,P1,141,81.5
Kolkata,2108,KOL-2108,180,Temple Hall 180,2019,227,82,7,132,4,452,P1,95,81.1
Kolkata,2108,KOL-2108,180,Temple Hall 180,2021,251,132,4,34,4,425,P1,119,76.3
Kolkata,2108,KOL-2108,181,Primary School 181,2019,334,126,5,41,5,511,P1,208,80.0
Kolkata,2108,KOL-2108,181,Primary School 181,2021,277,145,4,38,5,469,P1,132,73.4
Kolkata,2108,KOL-2108,182,High School 182,2019,332,145,4,44,6,531,P1,187,78.1
Kolkata,2108,KOL-2108,182,High School 182,2021,246,151,9,86,5,497,P1,95,73.1
Kolkata,2109,KOL-2109,1,Anganwadi Centre 1,2019,412,150,2,54,7,625,P1,262,78.1
Kolkata,2109,KOL-2109,1,Anganwadi Centre 1,2021,390,143,6,47,6,592,P1,247,74.0
Kolkata,2109,KOL-2109,2,Panchayat Bhavan 2,2019,380,144,6,46,6,582,P1,236,82.2
Kolkata,2109,KOL-2109,2,Panchayat Bhavan 2,2021,323,185,3,52,5,568,P1,138,80.2
Kolkata,2109,KOL-2109,3,Madrasa 3,2019,248,87,3,30,5,373,P1,161,74.2
Kolkata,2109,KOL-2109,3,Madrasa 3,2021,250,124,3,34,4,415,P1,126,82.5
Kolkata,2109,KOL-2109,4,Community Hall 4,2019,330,156,4,45,5,540,P1,174,77.5
Kolkata,2109,KOL-2109,4,Community Hall 4,2021,332,90,4,116,6,548,P1,216,78.6
Kolkata,2109,KOL-2109,5,Temple Hall 5,2019,261,125,3,36,4,429,P1,136,72.8
Kolkata,2109,KOL-2109,5,Temple Hall 5,2021,314,124,3,41,4,486,P1,190,82.5
Kolkata,2109,KOL-2109,6,Madrasa 6,2019,281,175,10,86,6,558,P1,106,78.0
Kolkata,2109,KOL-2109,6,Madrasa 6,2021,328,152,2,51,6,539,P1,176,75.4
Kolkata,2109,KOL-2109,7,Primary School 7,2019,313,174,5,55,5,552,P1,139,82.9
Kolkata,2109,KOL-2109,7,Primary School 7,2021,283,150,7,54,4,498,P1,133,74.8
Kolkata,2109,KOL-2109,8,Temple Hall 8,2019,222,90,4,30,4,350,P1,132,72.8
Kolkata,2109,KOL-2109,8,Temple Hall 8,2021,209,104,3,28,4,348,P1,105,72.3
Kolkata,2109,KOL-2109,9,Health Sub-Centre 9,2019,158,141,14,105,5,423,P1,17,78.5
Kolkata,2109,KOL-2109,9,Health Sub-Centre 9,2021,258,93,2,33,4,390,P1,165,72.4
Kolkata,2109,KOL-2109,10,Health Sub-Centre 10,2019,241,189,7,89,5,531,P1,52,73.3
Kolkata,2109,KOL-2109,10,Health Sub-Centre 10,2021,346,179,7,46,6,584,P1,167,80.7
Kolkata,2109,KOL-2109,11,High School 11,2019,232,119,3,32,4,390,P1,113,80.6
Kolkata,2109,KOL-2109,11,High School 11,2021,233,90,4,63,3,393,P1,143,81.2
Kolkata,2109,KOL-2109,12,Temple Hall 12,2019,235,152,4,35,5,431,P1,83,73.2
Kolkata,2109,KOL-2109,12,Temple Hall 12,2021,280,107,2,36,6,431,P1,173,73.2
Kolkata,2109,KOL-2109,13,Post Office 13,2019,339,199,2,52,6,598,P1,140,74.4
Kolkata,2109,KOL-2109,13,Post Office 13,2021,361,158,13,91,6,629,P1,203,78.2
Kolkata,2109,KOL-2109,14,Madrasa 14,2019,326,61,5,34,5,431,P1,265,73.1
Kolkata,2109,KOL-2109,14,Madrasa 14,2021,280,112,7,59,5,463,P1,168,78.5
Kolkata,2109,KOL-2109,15,Market Building 15,2019,364,222,4,54,7,651,P1,142,80.0
Kolkata,2109,KOL-2109,15,Market Building 15,2021,306,239,8,114,7,674,P1,67,82.8
Kolkata,2109,KOL-2109,16,High School 16,2019,280,120,10,98,6,514,P1,160,82.5
Kolkata,2109,KOL-2109,16,High School 16,2021,239,103,5,116,4,467,P1,123,75.0
Kolkata,2109,KOL-2109,17,Anganwadi Centre 17,2019,327,159,4,45,5,540,P1,168,80.7
Kolkata,2109,KOL-2109,17,Anganwadi Centre 17,2021,317,178,5,45,5,550,P1,139,82.2
Kolkata,2109,KOL-2109,18,Club Building 18,2019,179,118,7,55,3,362,P1,61,72.1
Kolkata,2109,KOL-2109,18,Club Building 18,2021,186,131,6,62,3,388,P1,55,77.3
Kolkata,2109,KOL-2109,19,Primary School 19,2019,245,89,4,30,3,371,P1,156,74.2
Kolkata,2109,KOL-2109,19,Primary School 19,2021,280,85,3,34,4,406,P1,195,81.2
Kolkata,2109,KOL-2109,20,Post Office 20,2019,180,124,6,50,4,364,P1,56,74.4
Kolkata,2109,KOL-2109,20,Post Office 20,2021,201,103,4,80,4,392,P1,98,80.2
Kolkata,2109,KOL-2109,21,Club Building 21,2019,303,175,3,66,5,552,P1,128,81.1
Kolkata,2109,KOL-2109,21,Club Building 21,2021,288,147,13,93,6,547,P1,141,80.3
Kolkata,2109,KOL-2109,22,Panchayat Bhavan 22,2019,299,194,14,142,6,655,P1,105,80.8
Kolkata,2109,KOL-2109,22,Panchayat Bhavan 22,2021,283,235,4,58,6,586,P1,48,72.3
Kolkata,2109,KOL-2109,23,Community Hall 23,2019,321,107,2,41,4,475,P1,214,75.8
Kolkata,2109,KOL-2109,23,Community Hall 23,2021,284,129,3,38,4,458,P1,155,73.0
Kolkata,2109,KOL-2109,24,Post Office 24,2019,299,116,5,37,4,461,P1,183,76.5
Kolkata,2109,KOL-2109,24,Post Office 24,2021,223,154,7,86,4,474,P1,69,78.6
Kolkata,2109,KOL-2109,25,Club Building 25,2019,249,118,4,127,4,502,P1,122,73.2
Kolkata,2109,KOL-2109,25,Club Building 25,2021,374,130,3,47,6,560,P1,244,81.6
Kolkata,2109,KOL-2109,26,High School 26,2019,265,159,8,65,5,502,P1,106,72.8
Kolkata,2109,KOL-2109,26,High School 26,2021,314,189,2,52,5,562,P1,125,81.4
Kolkata,2109,KOL-2109,27,Post Office 27,2019,297,136,2,42,4,481,P1,161,81.8
Kolkata,2109,KOL-2109,27,Post Office 27,2021,154,139,14,129,4,440,P1,15,74.8
Kolkata,2109,KOL-2109,28,Panchayat Bhavan 28,2019,227,104,10,136,5,482,P1,91,80.1
Kolkata,2109,KOL-2109,28,Panchayat Bhavan 28,2021,277,116,5,34,5,437,P1,161,72.6
Kolkata,2109,KOL-2109,29,Post Office 29,2019,358,110,3,44,5,520,P1,248,74.0
Kolkata,2109,KOL-2109,29,Post Office 29,2021,392,130,3,49,6,580,P1,262,82.5
Kolkata,2109,KOL-2109,30,Anganwadi Centre 30,2019,398,126,5,48,5,582,P1,272,72.8
Kolkata,2109,KOL-2109,30,Anganwadi Centre 30,2021,356,172,5,95,7,635,P1,184,79.5
Kolkata,2109,KOL-2109,31,Community Hall 31,2019,223,109,11,83,5,431,P1,114,80.4
Kolkata,2109,KOL-2109,31,Community Hall 31,2021,193,104,8,96,4,405,P1,89,75.6
Kolkata,2109,KOL-2109,32,Club Building 32,2019,377,83,4,42,5,511,P1,294,73.7
Kolkata,2109,KOL-2109,32,Club Building 32,2021,324,154,6,42,5,531,P1,170,76.6
Kolkata,2109,KOL-2109,33,Club Building 33,2019,287,126,8,145,6,572,P1,142,76.8
Kolkata,2109,KOL-2109,33,Club Building 33,2021,356,192,2,52,7,609,P1,164,81.7
Kolkata,2109,KOL-2109,34,Madrasa 34,2019,296,97,4,36,3,436,P1,199,74.9
Kolkata,2109,KOL-2109,34,Madrasa 34,2021,260,149,4,47,4,464,P1,111,79.7
Kolkata,2109,KOL-2109,35,Govt Office 35,2019,318,145,3,43,6,515,P1,173,81.5
Kolkata,2109,KOL-2109,35,Govt Office 35,2021,279,142,2,43,5,471,P1,137,74.5
Kolkata,2109,KOL-2109,36,Madrasa 36,2019,371,186,6,50,6,619,P1,185,76.0
Kolkata,2109,KOL-2109,36,Madrasa 36,2021,350,188,5,70,6,619,P1,162,76.0
Kolkata,2109,KOL-2109,37,Govt Office 37,2019,234,131,3,33,5,406,P1,103,82.9
Kolkata,2109,KOL-2109,37,Govt Office 37,2021,183,77,4,98,3,365,P1,85,74.5
Kolkata,2109,KOL-2109,38,Anganwadi Centre 38,2019,230,89,7,76,4,406,P1,141,72.6
Kolkata,2109,KOL-2109,38,Anganwadi Centre 38,2021,185,96,8,128,3,420,P1,57,75.1
Kolkata,2109,KOL-2109,39,Community Hall 39,2019,293,161,10,92,5,561,P1,132,81.7
Kolkata,2109,KOL-2109,39,Community Hall 39,2021,292,167,8,73,6,546,P1,125,79.5
Kolkata,2109,KOL-2109,40,Panchayat Bhavan 40,2019,248,135,3,36,3,425,P1,113,72.5
Kolkata,2109,KOL-2109,40,Panchayat Bhavan 40,2021,296,131,1,41,5,474,P1,165,80.9
Kolkata,2109,KOL-2109,41,Panchayat Bhavan 41,2019,279,161,11,112,6,569,P1,118,81.1
Kolkata,2109,KOL-2109,41,Panchayat Bhavan 41,2021,227,195,6,83,4,515,P1,32,73.4
Kolkata,2109,KOL-2109,42,Primary School 42,2019,226,148,3,34,4,415,P1,78,73.3
Kolkata,2109,KOL-2109,42,Primary School 42,2021,219,153,5,57,4,438,P1,66,77.4
Kolkata,2109,KOL-2109,43,Health Sub-Centre 43,2019,211,130,3,32,3,379,P1,81,78.3
Kolkata,2109,KOL-2109,43,Health Sub-Centre 43,2021,251,110,1,35,4,401,P1,141,82.9
Kolkata,2109,KOL-2109,44,Anganwadi Centre 44,2019,266,140,3,38,4,451,P1,126,75.3
Kolkata,2109,KOL-2109,44,Anganwadi Centre 44,2021,270,91,10,72,5,448,P1,179,74.8
Kolkata,2109,KOL-2109,45,Market Building 45,2019,238,95,10,83,5,431,P1,143,78.6
Kolkata,2109,KOL-2109,45,Market Building 45,2021,248,78,7,60,3,396,P1,170,72.3
Kolkata,2109,KOL-2109,46,Post Office 46,2019,382,158,6,71,6,623,P1,224,80.3
Kolkata,2109,KOL-2109,46,Post Office 46,2021,384,174,5,51,5,619,P1,210,79.8
Kolkata,2109,KOL-2109,47,Anganwadi Centre 47,2019,314,133,2,43,5,497,P1,181,78.5
Kolkata,2109,KOL-2109,47,Anganwadi Centre 47,2021,346,99,6,44,5,500,P1,247,79.0
Kolkata,2109,KOL-2109,48,Primary School 48,2019,265,152,19,146,6,588,P1,113,77.9
Kolkata,2109,KOL-2109,48,Primary School 48,2021,343,160,6,44,6,559,P1,183,74.0
Kolkata,2109,KOL-2109,49,Primary School 49,2019,444,89,4,49,6,592,P1,355,73.9
Kolkata,2109,KOL-2109,49,Primary School 49,2021,341,136,5,113,6,601,P1,205,75.0
Kolkata,2109,KOL-2109,50,Health Sub-Centre 50,2019,294,165,7,90,6,562,P1,129,80.1
Kolkata,2109,KOL-2109,50,Health Sub-Centre 50,2021,310,211,5,47,6,579,P1,99,82.5
Kolkata,2109,KOL-2109,51,Anganwadi Centre 51,2019,248,79,4,82,4,417,P1,166,81.9
Kolkata,2109,KOL-2109,51,Anganwadi Centre 51,2021,264,98,4,32,4,402,P1,166,79.0
Kolkata,2109,KOL-2109,52,Panchayat Bhavan 52,2019,273,126,2,52,5,458,P1,147,76.5
Kolkata,2109,KOL-2109,52,Panchayat Bhavan 52,2021,226,87,5,125,4,447,P1,101,74.6
Kolkata,2109,KOL-2109,53,Madrasa 53,2019,318,213,4,50,5,590,P1,105,73.0
Kolkata,2109,KOL-2109,53,Madrasa 53,2021,378,190,2,64,7,641,P1,188,79.3
Kolkata,2109,KOL-2109,54,Madrasa 54,2019,374,199,5,75,5,658,P1,175,83.0
Kolkata,2109,KOL-2109,54,Madrasa 54,2021,359,183,2,55,6,605,P1,176,76.3
Kolkata,2109,KOL-2109,55,Temple Hall 55,2019,349,165,6,76,5,601,P1,184,73.4
Kolkata,2109,KOL-2109,55,Temple Hall 55,2021,341,188,11,102,7,649,P1,153,79.2
Kolkata,2109,KOL-2109,56,High School 56,2019,225,135,9,117,6,492,P1,90,74.5
Kolkata,2109,KOL-2109,56,High School 56,2021,285,160,4,51,6,506,P1,125,76.7
Kolkata,2109,KOL-2109,57,Panchayat Bhavan 57,2019,351,145,6,140,7,649,P1,206,81.6
Kolkata,2109,KOL-2109,57,Panchayat Bhavan 57,2021,423,102,3,49,7,584,P1,321,73.5
Kolkata,2109,KOL-2109,58,Market Building 58,2019,206,130,5,83,3,427,P1,76,73.4
Kolkata,2109,KOL-2109,58,Market Building 58,2021,251,79,11,137,5,483,P1,114,83.0
Kolkata,2109,KOL-2109,59,High School 59,2019,422,135,7,49,6,619,P1,287,82.2
Kolkata,2109,KOL-2109,59,High School 59,2021,309,111,14,111,6,551,P1,198,73.2
Kolkata,2109,KOL-2109,60,Club Building 60,2019,297,187,2,46,5,537,P1,110,81.9
Kolkata,2109,KOL-2109,60,Club Building 60,2021,327,95,12,98,6,538,P1,229,82.0
Kolkata,2109,KOL-2109,61,High School 61,2019,246,120,10,85,5,466,P1,126,72.5
Kolkata,2109,KOL-2109,61,High School 61,2021,232,122,19,150,6,529,P1,82,82.3
Kolkata,2109,KOL-2109,62,Market Building 62,2019,245,89,3,61,4,402,P1,156,73.6
Kolkata,2109,KOL-2109,62,Market Building 62,2021,297,99,4,36,4,440,P1,198,80.6
Kolkata,2109,KOL-2109,63,Govt Office 63,2019,267,104,2,53,4,430,P1,163,79.6
Kolkata,2109,KOL-2109,63,Govt Office 63,2021,276,121,5,35,5,442,P1,155,81.9
Kolkata,2109,KOL-2109,64,Community Hall 64,2019,338,94,2,41,5,480,P1,244,78.8
Kolkata,2109,KOL-2109,64,Community Hall 64,2021,280,130,8,70,5,493,P1,150,81.0
Kolkata,2109,KOL-2109,65,Health Sub-Centre 65,2019,292,187,4,44,6,533,P1,105,80.5
Kolkata,2109,KOL-2109,65,Health Sub-Centre 65,2021,345,94,6,57,5,507,P1,251,76.6
Kolkata,2109,KOL-2109,66,Health Sub-Centre 66,2019,233,134,2,37,4,410,P1,99,81.3
Kolkata,2109,KOL-2109,66,Health Sub-Centre 66,2021,195,133,2,31,3,364,P1,62,72.2
Kolkata,2109,KOL-2109,67,Temple Hall 67,2019,323,186,4,47,5,565,P1,137,74.0
Kolkata,2109,KOL-2109,67,Temple Hall 67,2021,398,139,5,56,6,604,P1,259,79.1
Kolkata,2109,KOL-2109,68,Post Office 68,2019,349,140,4,117,6,616,P1,209,75.5
Kolkata,2109,KOL-2109,68,Post Office 68,2021,414,120,5,48,7,594,P1,294,72.8
Kolkata,2109,KOL-2109,69,Madrasa 69,2019,354,149,2,55,6,566,P1,205,77.9
Kolkata,2109,KOL-2109,69,Madrasa 69,2021,324,175,6,66,6,577,P1,149,79.4
Kolkata,2109,KOL-2109,70,Community Hall 70,2019,368,155,8,72,5,608,P1,213,75.2
Kolkata,2109,KOL-2109,70,Community Hall 70,2021,473,120,3,56,6,658,P1,353,81.3
Kolkata,2109,KOL-2109,71,Post Office 71,2019,294,118,3,38,5,458,P1,176,74.8
Kolkata,2109,KOL-2109,71,Post Office 71,2021,286,127,3,71,3,490,P1,159,80.1
Kolkata,2109,KOL-2109,72,Post Office 72,2019,296,111,7,72,5,491,P1,185,80.8
Kolkata,2109,KOL-2109,72,Post Office 72,2021,288,130,4,38,4,464,P1,158,76.3
Kolkata,2109,KOL-2109,73,Health Sub-Centre 73,2019,379,129,3,48,6,565,P1,250,78.1
Kolkata,2109,KOL-2109,73,Health Sub-Centre 73,2021,351,132,4,44,6,537,P1,219,74.3
Kolkata,2109,KOL-2109,74,Club Building 74,2019,315,159,4,43,6,527,P1,156,74.2
Kolkata,2109,KOL-2109,74,Club Building 74,2021,260,172,6,86,4,528,P1,88,74.4
Kolkata,2109,KOL-2109,75,Health Sub-Centre 75,2019,399,140,6,47,7,599,P1,259,73.9
Kolkata,2109,KOL-2109,75,Health Sub-Centre 75,2021,334,229,6,50,7,626,P1,105,77.2
Kolkata,2109,KOL-2109,76,Club Building 76,2019,314,140,4,42,5,505,P1,174,74.7
Kolkata,2109,KOL-2109,76,Club Building 76,2021,392,93,5,43,6,539,P1,299,79.7
Kolkata,2109,KOL-2109,77,Primary School 77,2019,291,177,5,41,7,521,P1,114,76.6
Kolkata,2109,KOL-2109,77,Primary School 77,2021,286,167,2,43,5,503,P1,119,74.0
Kolkata,2109,KOL-2109,78,Club Building 78,2019,290,188,6,42,6,532,P1,102,77.3
Kolkata,2109,KOL-2109,78,Club Building 78,2021,337,138,6,41,6,528,P1,199,76.7
Kolkata,2109,KOL-2109,79,Market Building 79,2019,245,124,5,62,5,441,P1,121,81.7
Kolkata,2109,KOL-2109,79,Market Building 79,2021,230,163,4,35,5,437,P1,67,80.9
Kolkata,2109,KOL-2109,80,Temple Hall 80,2019,354,162,2,50,5,573,P1,192,73.6
Kolkata,2109,KOL-2109,80,Temple Hall 80,2021,395,177,3,54,7,636,P1,218,81.6
Kolkata,2109,KOL-2109,81,Market Building 81,2019,223,178,5,70,4,480,P1,45,79.7
Kolkata,2109,KOL-2109,81,Market Building 81,2021,281,123,5,35,5,449,P1,158,74.6
Kolkata,2109,KOL-2109,82,Market Building 82,2019,299,96,2,38,4,439,P1,203,79.5
Kolkata,2109,KOL-2109,82,Market Building 82,2021,215,145,3,41,3,407,P1,70,73.7
Kolkata,2109,KOL-2109,83,Madrasa 83,2019,250,83,4,30,3,370,P1,167,73.9
Kolkata,2109,KOL-2109,83,Madrasa 83,2021,221,130,5,30,4,390,P1,91,77.8
Kolkata,2109,KOL-2109,84,Community Hall 84,2019,252,114,3,34,3,406,P1,138,72.2
Kolkata,2109,KOL-2109,84,Community Hall 84,2021,274,114,2,37,5,432,P1,160,76.9
Kolkata,2109,KOL-2109,85,Club Building 85,2019,316,169,2,53,5,545,P1,147,77.5
Kolkata,2109,KOL-2109,85,Club Building 85,2021,309,165,3,48,5,530,P1,144,75.4
Kolkata,2109,KOL-2109,86,Madrasa 86,2019,352,133,3,45,6,539,P1,219,72.7
Kolkata,2109,KOL-2109,86,Madrasa 86,2021,322,163,7,64,6,562,P1,159,75.8
Kolkata,2109,KOL-2109,87,Post Office 87,2019,165,169,9,83,4,430,P2,4,79.3
Kolkata,2109,KOL-2109,87,Post Office 87,2021,198,149,9,73,6,435,P1,49,80.3
Kolkata,2109,KOL-2109,88,Govt Office 88,2019,300,86,3,35,5,429,P1,214,77.0
Kolkata,2109,KOL-2109,88,Govt Office 88,2021,243,118,7,55,5,428,P1,125,76.8
Kolkata,2109,KOL-2109,89,Post Office 89,2019,309,128,7,110,6,560,P1,181,79.8
Kolkata,2109,KOL-2109,89,Post Office 89,2021,286,152,10,94,5,547,P1,134,77.9
Kolkata,2109,KOL-2109,90,Health Sub-Centre 90,2019,277,195,2,46,5,525,P1,82,78.1
Kolkata,2109,KOL-2109,90,Health Sub-Centre 90,2021,285,137,7,52,4,485,P1,148,72.2
Kolkata,2109,KOL-2109,91,Anganwadi Centre 91,2019,262,118,5,84,6,475,P1,144,80.8
Kolkata,2109,KOL-2109,91,Anganwadi Centre 91,2021,210,130,9,93,4,446,P1,80,75.9
Kolkata,2109,KOL-2109,92,Govt Office 92,2019,235,131,7,80,4,457,P1,104,76.4
Kolkata,2109,KOL-2109,92,Govt Office 92,2021,229,182,4,40,4,459,P1,47,76.8
Kolkata,2109,KOL-2109,93,Madrasa 93,2019,201,134,4,71,4,414,P1,67,75.7
Kolkata,2109,KOL-2109,93,Madrasa 93,2021,238,117,6,78,5,444,P1,121,81.2
Kolkata,2109,KOL-2109,94,Health Sub-Centre 94,2019,272,98,6,50,4,430,P1,174,72.9
Kolkata,2109,KOL-2109,94,Health Sub-Centre 94,2021,241,127,9,76,6,459,P1,114,77.8
Kolkata,2109,KOL-2109,95,Primary School 95,2019,248,135,7,49,4,443,P1,113,76.9
Kolkata,2109,KOL-2109,95,Primary School 95,2021,215,143,3,53,4,418,P1,72,72.6
Kolkata,2109,KOL-2109,96,Anganwadi Centre 96,2019,275,106,6,71,5,463,P1,169,79.4
Kolkata,2109,KOL-2109,96,Anganwadi Centre 96,2021,324,86,3,38,4,455,P1,238,78.0
Kolkata,2109,KOL-2109,97,Madrasa 97,2019,265,152,5,45,5,472,P1,113,75.5
Kolkata,2109,KOL-2109,97,Madrasa 97,2021,341,112,5,40,5,503,P1,229,80.5
Kolkata,2109,KOL-2109,98,Temple Hall 98,2019,297,143,14,173,7,634,P1,124,80.5
Kolkata,2109,KOL-2109,98,Temple Hall 98,2021,433,101,7,47,6,594,P1,332,75.4
Kolkata,2109,KOL-2109,99,High School 99,2019,301,137,3,41,5,487,P1,164,74.6
Kolkata,2109,KOL-2109,99,High School 99,2021,287,141,3,44,4,479,P1,146,73.4
Kolkata,2109,KOL-2109,100,Club Building 100,2019,267,139,4,36,5,451,P1,128,78.6
Kolkata,2109,KOL-2109,100,Club Building 100,2021,242,117,5,46,4,414,P1,125,72.1
Kolkata,2109,KOL-2109,101,Club Building 101,2019,185,76,11,92,4,368,P1,93,75.9
Kolkata,2109,KOL-2109,101,Club Building 101,2021,214,94,4,70,4,386,P1,120,79.6
Kolkata,2109,KOL-2109,102,High School 102,2019,393,200,4,55,7,659,P1,193,81.6
Kolkata,2109,KOL-2109,102,High School 102,2021,360,190,7,48,6,611,P1,170,75.6
Kolkata,2109,KOL-2109,103,Primary School 103,2019,224,133,2,34,4,397,P1,91,76.8
Kolkata,2109,KOL-2109,103,Primary School 103,2021,230,135,4,32,4,405,P1,95,78.3
Kolkata,2109,KOL-2109,104,Market Building 104,2019,246,126,4,52,4,432,P1,120,72.2
Kolkata,2109,KOL-2109,104,Market Building 104,2021,251,138,8,77,5,479,P1,113,80.1
Kolkata,2109,KOL-2109,105,High School 105,2019,334,169,5,46,4,558,P1,165,77.6
Kolkata,2109,KOL-2109,105,High School 105,2021,298,173,6,42,5,524,P1,125,72.9
Kolkata,2109,KOL-2109,106,Health Sub-Centre 106,2019,239,103,4,30,4,380,P1,136,76.2
Kolkata,2109,KOL-2109,106,Health Sub-Centre 106,2021,251,101,3,40,3,398,P1,150,79.8
Kolkata,2109,KOL-2109,107,High School 107,2019,336,174,7,44,6,567,P1,162,76.7
Kolkata,2109,KOL-2109,107,High School 107,2021,292,187,9,67,5,560,P1,105,75.8
Kolkata,2109,KOL-2109,108,Panchayat Bhavan 108,2019,313,170,6,75,6,570,P1,143,76.8
Kolkata,2109,KOL-2109,108,Panchayat Bhavan 108,2021,398,130,5,47,7,587,P1,268,79.1
Kolkata,2109,KOL-2109,109,Post Office 109,2019,251,188,7,68,5,519,P1,63,73.3
Kolkata,2109,KOL-2109,109,Post Office 109,2021,342,168,7,44,6,567,P1,174,80.1
Kolkata,2109,KOL-2109,110,Community Hall 110,2019,314,140,3,42,6,505,P1,174,72.1
Kolkata,2109,KOL-2109,110,Community Hall 110,2021,280,110,5,104,5,504,P1,170,72.0
Kolkata,2109,KOL-2109,111,High School 111,2019,312,164,3,45,5,529,P1,148,74.8
Kolkata,2109,KOL-2109,111,High School 111,2021,267,110,11,122,4,514,P1,145,72.7
Kolkata,2109,KOL-2109,112,Anganwadi Centre 112,2019,253,127,8,64,4,456,P1,126,75.6
Kolkata,2109,KOL-2109,112,Anganwadi Centre 112,2021,241,158,3,55,5,462,P1,83,76.6
Kolkata,2109,KOL-2109,113,Temple Hall 113,2019,282,85,2,35,3,407,P1,197,72.3
Kolkata,2109,KOL-2109,113,Temple Hall 113,2021,244,146,2,57,5,454,P1,98,80.6
Kolkata,2109,KOL-2109,114,Panchayat Bhavan 114,2019,293,150,3,41,6,493,P1,143,78.1
Kolkata,2109,KOL-2109,114,Panchayat Bhavan 114,2021,274,124,5,47,5,455,P1,150,72.1
Kolkata,2109,KOL-2109,115,High School 115,2019,357,169,6,85,5,622,P1,188,81.2
Kolkata,2109,KOL-2109,115,High School 115,2021,278,185,11,109,6,589,P1,93,76.9
Kolkata,2109,KOL-2109,116,Primary School 116,2019,256,114,9,66,5,450,P1,142,73.2
Kolkata,2109,KOL-2109,116,Primary School 116,2021,297,141,3,41,4,486,P1,156,79.0
Kolkata,2109,KOL-2109,117,Primary School 117,2019,363,150,3,49,6,571,P1,213,79.7
Kolkata,2109,KOL-2109,117,Primary School 117,2021,321,151,2,45,6,525,P1,170,73.3
Kolkata,2109,KOL-2109,118,Post Office 118,2019,290,121,2,39,4,456,P1,169,78.9
Kolkata,2109,KOL-2109,118,Post Office 118,2021,209,164,5,61,5,444,P1,45,76.8
Kolkata,2109,KOL-2109,119,Market Building 119,2019,311,133,2,42,5,493,P1,178,78.6
Kolkata,2109,KOL-2109,119,Market Building 119,2021,300,132,6,63,5,506,P1,168,80.7
Kolkata,2109,KOL-2109,120,Govt Office 120,2019,233,112,4,30,4,383,P1,121,79.3
Kolkata,2109,KOL-2109,120,Govt Office 120,2021,232,101,4,34,4,375,P1,131,77.6
Kolkata,2109,KOL-2109,121,Panchayat Bhavan 121,2019,307,183,4,61,5,560,P1,124,82.6
Kolkata,2109,KOL-2109,121,Panchayat Bhavan 121,2021,311,140,6,39,5,501,P1,171,73.9
Kolkata,2109,KOL-2109,122,Health Sub-Centre 122,2019,330,162,5,44,6,547,P1,168,77.9
Kolkata,2109,KOL-2109,122,Health Sub-Centre 122,2021,306,116,13,95,6,536,P1,190,76.4
Kolkata,2109,KOL-2109,123,Govt Office 123,2019,305,177,5,59,6,552,P1,128,82.9
Kolkata,2109,KOL-2109,123,Govt Office 123,2021,295,139,5,38,5,482,P1,156,72.4
Kolkata,2109,KOL-2109,124,High School 124,2019,290,197,3,48,6,544,P1,93,72.1
Kolkata,2109,KOL-2109,124,High School 124,2021,343,190,3,75,6,617,P1,153,81.7
Kolkata,2109,KOL-2109,125,High School 125,2019,234,117,4,31,5,391,P1,117,77.6
Kolkata,2109,KOL-2109,125,High School 125,2021,214,114,9,74,4,415,P1,100,82.3
Kolkata,2109,KOL-2109,126,Community Hall 126,2019,249,130,2,36,4,421,P1,119,72.1
Kolkata,2109,KOL-2109,126,Community Hall 126,2021,227,143,8,68,5,451,P1,84,77.2
Kolkata,2109,KOL-2109,127,Panchayat Bhavan 127,2019,280,185,6,95,5,571,P1,95,75.3
Kolkata,2109,KOL-2109,127,Panchayat Bhavan 127,2021,417,141,7,49,6,620,P1,276,81.8
Kolkata,2109,KOL-2109,128,Community Hall 128,2019,468,106,6,51,7,638,P1,362,80.3
Kolkata,2109,KOL-2109,128,Community Hall 128,2021,366,162,7,74,5,614,P1,204,77.2
Kolkata,2109,KOL-2109,129,Club Building 129,2019,258,171,2,54,5,490,P1,87,73.9
Kolkata,2109,KOL-2109,129,Club Building 129,2021,296,121,6,66,5,494,P1,175,74.5
Kolkata,2109,KOL-2109,130,Govt Office 130,2019,247,89,4,66,4,410,P1,158,81.8
Kolkata,2109,KOL-2109,130,Govt Office 130,2021,211,102,2,70,4,389,P1,109,77.6
Kolkata,2109,KOL-2109,131,Panchayat Bhavan 131,2019,310,159,5,54,5,533,P1,151,81.0
Kolkata,2109,KOL-2109,131,Panchayat Bhavan 131,2021,297,104,7,97,6,511,P1,193,77.7
Kolkata,2109,KOL-2109,132,Panchayat Bhavan 132,2019,317,153,3,71,5,549,P1,164,75.6
Kolkata,2109,KOL-2109,132,Panchayat Bhavan 132,2021,331,110,5,117,5,568,P1,214,78.2
Kolkata,2109,KOL-2109,133,Anganwadi Centre 133,2019,288,127,6,84,5,510,P1,161,74.0
Kolkata,2109,KOL-2109,133,Anganwadi Centre 133,2021,312,139,7,69,6,533,P1,173,77.4
Kolkata,2109,KOL-2109,134,Panchayat Bhavan 134,2019,221,110,19,141,4,495,P1,80,82.8
Kolkata,2109,KOL-2109,134,Panchayat Bhavan 134,2021,238,126,12,96,4,476,P1,112,79.6
Kolkata,2109,KOL-2109,135,Community Hall 135,2019,235,136,2,35,4,412,P1,99,81.9
Kolkata,2109,KOL-2109,135,Community Hall 135,2021,152,75,7,143,4,381,P1,9,75.7
Kolkata,2109,KOL-2109,136,Panchayat Bhavan 136,2019,381,187,6,51,7,632,P1,194,78.6
Kolkata,2109,KOL-2109,136,Panchayat Bhavan 136,2021,293,202,5,97,6,603,P1,91,75.0
Kolkata,2109,KOL-2109,137,Temple Hall 137,2019,312,183,5,44,6,550,P1,129,80.5
Kolkata,2109,KOL-2109,137,Temple Hall 137,2021,338,165,7,52,5,567,P1,173,83.0
Kolkata,2109,KOL-2109,138,Club Building 138,2019,312,142,4,42,5,505,P1,170,72.8
Kolkata,2109,KOL-2109,138,Club Building 138,2021,292,135,7,66,5,505,P1,157,72.8
Kolkata,2109,KOL-2109,139,Community Hall 139,2019,260,130,6,47,5,448,P1,130,77.6
Kolkata,2109,KOL-2109,139,Community Hall 139,2021,263,119,4,35,4,425,P1,144,73.7
Kolkata,2109,KOL-2109,140,Health Sub-Centre 140,2019,267,147,2,39,5,460,P1,120,73.5
Kolkata,2109,KOL-2109,140,Health Sub-Centre 140,2021,289,106,6,114,6,521,P1,175,83.2
Kolkata,2109,KOL-2109,141,Madrasa 141,2019,241,93,6,53,4,397,P1,148,78.6
Kolkata,2109,KOL-2109,141,Madrasa 141,2021,291,67,2,34,4,398,P1,224,78.8
Kolkata,2109,KOL-2109,142,Health Sub-Centre 142,2019,273,203,4,49,6,535,P1,70,74.0
Kolkata,2109,KOL-2109,142,Health Sub-Centre 142,2021,343,139,6,74,6,568,P1,204,78.6
Kolkata,2109,KOL-2109,143,Govt Office 143,2019,235,152,3,61,5,456,P1,83,81.9
Kolkata,2109,KOL-2109,143,Govt Office 143,2021,276,89,1,35,4,405,P1,187,72.7
Kolkata,2109,KOL-2109,144,Community Hall 144,2019,254,86,8,88,5,441,P1,166,77.2
Kolkata,2109,KOL-2109,144,Community Hall 144,2021,253,94,10,98,5,460,P1,155,80.6
Kolkata,2109,KOL-2109,145,Post Office 145,2019,289,172,9,111,5,586,P1,117,77.7
Kolkata,2109,KOL-2109,145,Post Office 145,2021,253,123,12,177,5,570,P1,76,75.6
Kolkata,2109,KOL-2109,146,Govt Office 146,2019,390,156,5,50,5,606,P1,234,80.5
Kolkata,2109,KOL-2109,146,Govt Office 146,2021,360,167,2,54,5,588,P1,193,78.1
Kolkata,2109,KOL-2109,147,Post Office 147,2019,283,133,3,39,4,462,P1,150,82.2
Kolkata,2109,KOL-2109,147,Post Office 147,2021,209,146,4,72,5,436,P1,63,77.6
Kolkata,2109,KOL-2109,148,Primary School 148,2019,250,114,4,59,4,431,P1,136,76.4
Kolkata,2109,KOL-2109,148,Primary School 148,2021,248,130,2,41,5,426,P1,118,75.5
Kolkata,2109,KOL-2109,149,Community Hall 149,2019,323,204,9,90,6,632,P1,119,81.7
Kolkata,2109,KOL-2109,149,Community Hall 149,2021,460,114,2,55,7,638,P1,346,82.4
Kolkata,2109,KOL-2109,150,Post Office 150,2019,440,131,6,52,6,635,P1,309,82.8
Kolkata,2109,KOL-2109,150,Post Office 150,2021,333,171,4,47,5,560,P1,162,73.0
Kolkata,2109,KOL-2109,151,Anganwadi Centre 151,2019,317,171,3,46,5,542,P1,146,74.8
Kolkata,2109,KOL-2109,151,Anganwadi Centre 151,2021,285,168,4,79,5,541,P1,117,74.6
Kolkata,2109,KOL-2109,152,Community Hall 152,2019,235,189,10,113,5,552,P1,46,79.0
Kolkata,2109,KOL-2109,152,Community Hall 152,2021,267,149,6,79,5,506,P1,118,72.4
Kolkata,2109,KOL-2109,153,Post Office 153,2019,291,78,2,35,4,410,P1,213,82.7
Kolkata,2109,KOL-2109,153,Post Office 153,2021,187,134,3,48,4,376,P1,53,75.8
Kolkata,2109,KOL-2109,154,Primary School 154,2019,265,94,4,39,4,406,P1,171,74.0
Kolkata,2109,KOL-2109,154,Primary School 154,2021,257,122,8,63,5,455,P1,135,82.9
Kolkata,2109,KOL-2109,155,Market Building 155,2019,267,144,5,36,4,456,P1,123,72.7
Kolkata,2109,KOL-2109,155,Market Building 155,2021,340,104,3,41,5,493,P1,236,78.6
Kolkata,2109,KOL-2109,156,Primary School 156,2019,357,174,3,50,6,590,P1,183,72.9
Kolkata,2109,KOL-2109,156,Primary School 156,2021,368,200,3,54,6,631,P1,168,78.0
Kolkata,2109,KOL-2109,157,Community Hall 157,2019,295,120,6,97,6,524,P1,175,77.6
Kolkata,2109,KOL-2109,157,Community Hall 157,2021,310,131,10,87,5,543,P1,179,80.4
Kolkata,2109,KOL-2109,158,Health Sub-Centre 158,2019,214,137,6,48,4,409,P1,77,72.1
Kolkata,2109,KOL-2109,158,Health Sub-Centre 158,2021,239,131,7,55,5,437,P1,108,77.1
Kolkata,2109,KOL-2109,159,Health Sub-Centre 159,2019,321,151,4,44,5,525,P1,170,80.3
Kolkata,2109,KOL-2109,159,Health Sub-Centre 159,2021,299,107,4,107,6,523,P1,192,80.0
Kolkata,2109,KOL-2109,160,Temple Hall 160,2019,354,168,8,69,6,605,P1,186,79.3
Kolkata,2109,KOL-2109,160,Temple Hall 160,2021,291,217,6,73,6,593,P1,74,77.7
Kolkata,2109,KOL-2109,161,Panchayat Bhavan 161,2019,240,155,8,78,5,486,P1,85,77.1
Kolkata,2109,KOL-2109,161,Panchayat Bhavan 161,2021,285,142,10,76,4,517,P1,143,82.1
Kolkata,2109,KOL-2109,162,Temple Hall 162,2019,252,107,5,31,4,399,P1,145,81.6
Kolkata,2109,KOL-2109,162,Temple Hall 162,2021,248,88,6,45,3,390,P1,160,79.8
Kolkata,2109,KOL-2109,163,Club Building 163,2019,356,160,5,47,5,573,P1,196,74.2
Kolkata,2109,KOL-2109,163,Club Building 163,2021,387,179,5,52,6,629,P1,208,81.5
Kolkata,2109,KOL-2109,164,Health Sub-Centre 164,2019,324,168,3,46,6,547,P1,156,77.9
Kolkata,2109,KOL-2109,164,Health Sub-Centre 164,2021,354,140,10,74,5,583,P1,214,83.0
Kolkata,2109,KOL-2109,165,Temple Hall 165,2019,278,88,11,91,5,473,P1,187,79.6
Kolkata,2109,KOL-2109,165,Temple Hall 165,2021,275,127,5,73,4,484,P1,148,81.5
Kolkata,2109,KOL-2109,166,Anganwadi Centre 166,2019,376,154,2,51,6,589,P1,222,77.7
Kolkata,2109,KOL-2109,166,Anganwadi Centre 166,2021,396,169,3,54,6,628,P1,227,82.8
Kolkata,2109,KOL-2109,167,Health Sub-Centre 167,2019,230,95,1,31,4,361,P1,135,74.1
Kolkata,2109,KOL-2109,167,Health Sub-Centre 167,2021,185,104,8,61,3,361,P1,81,74.1
Kolkata,2109,KOL-2109,168,Temple Hall 168,2019,269,73,3,31,4,380,P1,196,77.2
Kolkata,2109,KOL-2109,168,Temple Hall 168,2021,252,115,2,34,4,407,P1,137,82.7
Kolkata,2109,KOL-2109,169,Govt Office 169,2019,196,128,7,48,3,382,P1,68,74.2
Kolkata,2109,KOL-2109,169,Govt Office 169,2021,199,132,3,43,5,382,P1,67,74.2
Kolkata,2109,KOL-2109,170,Post Office 170,2019,283,105,4,101,4,497,P1,178,80.4
Kolkata,2109,KOL-2109,170,Post Office 170,2021,323,113,6,38,4,484,P1,210,78.3
Kolkata,2109,KOL-2109,171,Market Building 171,2019,322,119,4,83,4,532,P1,203,76.2
Kolkata,2109,KOL-2109,171,Market Building 171,2021,334,156,7,69,5,571,P1,178,81.8
Kolkata,2109,KOL-2109,172,High School 172,2019,266,121,2,37,4,430,P1,145,80.7
Kolkata,2109,KOL-2109,172,High School 172,2021,239,116,2,47,4,408,P1,123,76.5
Kolkata,2109,KOL-2109,173,Panchayat Bhavan 173,2019,319,201,5,78,5,608,P1,118,80.6
Kolkata,2109,KOL-2109,173,Panchayat Bhavan 173,2021,301,206,6,76,7,596,P1,95,79.0
Kolkata,2109,KOL-2109,174,Club Building 174,2019,281,98,2,36,4,421,P1,183,74.9
Kolkata,2109,KOL-2109,174,Club Building 174,2021,245,85,8,110,4,452,P1,135,80.4
Kolkata,2109,KOL-2109,175,Madrasa 175,2019,219,123,2,32,4,380,P1,96,77.4
Kolkata,2109,KOL-2109,175,Madrasa 175,2021,246,98,3,57,4,408,P1,148,83.1
Kolkata,2109,KOL-2109,176,Madrasa 176,2019,317,105,3,39,5,469,P1,212,72.8
Kolkata,2109,KOL-2109,176,Madrasa 176,2021,301,120,4,39,4,468,P1,181,72.7
Kolkata,2109,KOL-2109,177,Market Building 177,2019,356,235,4,76,6,677,P1,121,82.7
Kolkata,2109,KOL-2109,177,Market Building 177,2021,387,116,17,135,6,661,P1,252,80.7
Kolkata,2109,KOL-2109,178,Panchayat Bhavan 178,2019,338,190,8,112,7,655,P1,148,81.4
Kolkata,2109,KOL-2109,178,Panchayat Bhavan 178,2021,402,191,8,56,8,665,P1,211,82.6
Kolkata,2109,KOL-2109,179,Post Office 179,2019,245,112,2,40,4,403,P1,133,75.6
Kolkata,2109,KOL-2109,179,Post Office 179,2021,203,143,4,30,4,384,P1,60,72.0
Kolkata,2109,KOL-2109,180,Market Building 180,2019,283,117,2,68,5,475,P1,166,72.2
Kolkata,2109,KOL-2109,180,Market Building 180,2021,335,108,3,41,5,492,P1,227,74.8
Kolkata,2109,KOL-2109,181,High School 181,2019,280,167,3,42,4,496,P1,113,79.2
Kolkata,2109,KOL-2109,181,High School 181,2021,241,119,6,86,5,457,P1,122,73.0
Kolkata,2109,KOL-2109,182,Market Building 182,2019,264,148,3,39,4,458,P1,116,79.5
Kolkata,2109,KOL-2109,182,Market Building 182,2021,228,139,5,48,4,424,P1,89,73.6
Kolkata,2109,KOL-2109,183,Market Building 183,2019,267,165,7,49,6,494,P1,102,76.7
Kolkata,2109,KOL-2109,183,Market Building 183,2021,334,114,5,56,6,515,P1,220,80.0
Kolkata,2110,KOL-2110,1,Madrasa 1,2019,215,127,4,76,4,426,P1,88,81.0
Kolkata,2110,KOL-2110,1,Madrasa 1,2021,221,106,9,63,4,403,P1,115,76.6
Kolkata,2110,KOL-2110,2,High School 2,2019,361,119,3,62,6,551,P1,242,82.4
Kolkata,2110,KOL-2110,2,High School 2,2021,379,98,6,42,5,530,P1,281,79.2
Kolkata,2110,KOL-2110,3,Health Sub-Centre 3,2019,241,147,9,66,5,468,P1,94,73.5
Kolkata,2110,KOL-2110,3,Health Sub-Centre 3,2021,229,143,5,113,6,496,P1,86,77.9
Kolkata,2110,KOL-2110,4,Primary School 4,2019,275,117,2,37,4,435,P1,158,72.5
Kolkata,2110,KOL-2110,4,Primary School 4,2021,224,189,5,40,5,463,P1,35,77.2
Kolkata,2110,KOL-2110,5,Market Building 5,2019,309,218,7,46,6,586,P1,91,73.8
Kolkata,2110,KOL-2110,5,Market Building 5,2021,328,185,2,60,6,581,P1,143,73.2
Kolkata,2110,KOL-2110,6,Community Hall 6,2019,218,140,3,33,3,397,P1,78,76.5
Kolkata,2110,KOL-2110,6,Community Hall 6,2021,243,72,7,52,4,378,P1,171,72.8
Kolkata,2110,KOL-2110,7,Market Building 7,2019,404,133,6,48,6,597,P1,271,82.1
Kolkata,2110,KOL-2110,7,Market Building 7,2021,278,191,8,116,6,599,P1,87,82.4
Kolkata,2110,KOL-2110,8,Market Building 8,2019,260,156,2,39,5,462,P1,104,76.2
Kolkata,2110,KOL-2110,8,Market Building 8,2021,262,137,3,41,6,449,P1,125,74.1
Kolkata,2110,KOL-2110,9,Community Hall 9,2019,182,140,2,32,3,359,P1,42,73.7
Kolkata,2110,KOL-2110,9,Community Hall 9,2021,200,97,7,81,4,389,P1,103,79.9
Kolkata,2110,KOL-2110,10,Club Building 10,2019,356,163,3,69,5,596,P1,193,77.5
Kolkata,2110,KOL-2110,10,Club Building 10,2021,312,172,6,71,6,567,P1,140,73.7
Kolkata,2110,KOL-2110,11,Panchayat Bhavan 11,2019,209,169,2,41,3,424,P1,40,79.7
Kolkata,2110,KOL-2110,11,Panchayat Bhavan 11,2021,208,152,2,34,4,400,P1,56,75.2
Kolkata,2110,KOL-2110,12,Madrasa 12,2019,210,132,4,55,4,405,P1,78,80.5
Kolkata,2110,KOL-2110,12,Madrasa 12,2021,226,129,5,31,4,395,P1,97,78.5
Kolkata,2110,KOL-2110,13,Temple Hall 13,2019,236,129,5,77,4,451,P1,107,80.4
Kolkata,2110,KOL-2110,13,Temple Hall 13,2021,320,76,2,37,5,440,P1,244,78.4
Kolkata,2110,KOL-2110,14,Temple Hall 14,2019,166,97,12,116,5,396,P1,50,77.3
Kolkata,2110,KOL-2110,14,Temple Hall 14,2021,220,112,5,46,4,387,P1,108,75.6
Kolkata,2110,KOL-2110,15,Govt Office 15,2019,285,83,3,33,5,409,P1,202,76.7
Kolkata,2110,KOL-2110,15,Govt Office 15,2021,234,151,4,43,4,436,P1,83,81.8
Kolkata,2110,KOL-2110,16,High School 16,2019,366,120,3,46,5,540,P1,246,74.2
Kolkata,2110,KOL-2110,16,High School 16,2021,423,104,3,49,6,585,P1,319,80.4
Kolkata,2110,KOL-2110,17,Market Building 17,2019,366,169,8,60,7,610,P1,197,77.2
Kolkata,2110,KOL-2110,17,Market Building 17,2021,299,189,4,77,6,575,P1,110,72.8
Kolkata,2110,KOL-2110,18,Panchayat Bhavan 18,2019,268,177,3,70,5,523,P1,91,74.3
Kolkata,2110,KOL-2110,18,Panchayat Bhavan 18,2021,315,173,6,43,6,543,P1,142,77.1
Kolkata,2110,KOL-2110,19,Anganwadi Centre 19,2019,199,95,5,93,3,395,P1,104,81.1
Kolkata,2110,KOL-2110,19,Anganwadi Centre 19,2021,231,92,5,36,3,367,P1,139,75.4
Kolkata,2110,KOL-2110,20,High School 20,2019,219,115,4,59,5,402,P1,104,72.4
Kolkata,2110,KOL-2110,20,High School 20,2021,260,134,1,38,4,437,P1,126,78.7
Kolkata,2110,KOL-2110,21,Club Building 21,2019,367,131,6,44,5,553,P1,236,78.7
Kolkata,2110,KOL-2110,21,Club Building 21,2021,318,131,4,63,4,520,P1,187,74.0
Kolkata,2110,KOL-2110,22,Panchayat Bhavan 22,2019,253,116,2,35,3,409,P1,137,75.5
Kolkata,2110,KOL-2110,22,Panchayat Bhavan 22,2021,255,93,9,64,4,425,P1,162,78.4
Kolkata,2110,KOL-2110,23,Community Hall 23,2019,363,174,11,96,7,651,P1,189,82.0
Kolkata,2110,KOL-2110,23,Community Hall 23,2021,315,145,4,131,7,602,P1,170,75.8
Kolkata,2110,KOL-2110,24,Community Hall 24,2019,292,78,2,35,4,411,P1,214,81.4
Kolkata,2110,KOL-2110,24,Community Hall 24,2021,210,108,3,67,5,393,P1,102,77.8
Kolkata,2110,KOL-2110,25,Club Building 25,2019,286,119,9,73,5,492,P1,167,80.1
Kolkata,2110,KOL-2110,25,Club Building 25,2021,290,114,9,77,5,495,P1,176,80.6
Kolkata,2110,KOL-2110,26,Market Building 26,2019,288,149,5,39,5,486,P1,139,72.5
Kolkata,2110,KOL-2110,26,Market Building 26,2021,267,135,8,91,5,506,P1,132,75.5
Kolkata,2110,KOL-2110,27,Post Office 27,2019,312,182,3,66,6,569,P1,130,80.5
Kolkata,2110,KOL-2110,27,Post Office 27,2021,330,173,2,48,6,559,P1,157,79.1
Kolkata,2110,KOL-2110,28,Primary School 28,2019,172,117,6,81,4,380,P1,55,76.6
Kolkata,2110,KOL-2110,28,Primary School 28,2021,216,113,7,52,3,391,P1,103,78.8
Kolkata,2110,KOL-2110,29,Primary School 29,2019,257,84,7,60,4,412,P1,173,82.7
Kolkata,2110,KOL-2110,29,Primary School 29,2021,182,119,4,85,5,395,P1,63,79.3
Kolkata,2110,KOL-2110,30,Panchayat Bhavan 30,2019,288,97,2,37,4,428,P1,191,82.3
Kolkata,2110,KOL-2110,30,Panchayat Bhavan 30,2021,216,97,9,78,4,404,P1,119,77.7
Kolkata,2110,KOL-2110,31,Market Building 31,2019,344,137,6,42,6,535,P1,207,74.7
Kolkata,2110,KOL-2110,31,Market Building 31,2021,332,156,4,45,5,542,P1,176,75.7
Kolkata,2110,KOL-2110,32,High School 32,2019,238,97,6,40,4,385,P1,141,72.1
Kolkata,2110,KOL-2110,32,High School 32,2021,264,97,2,34,4,401,P1,167,75.1
Kolkata,2110,KOL-2110,33,Govt Office 33,2019,230,91,8,132,5,466,P1,98,78.2
Kolkata,2110,KOL-2110,33,Govt Office 33,2021,237,116,4,86,4,447,P1,121,75.0
Kolkata,2110,KOL-2110,34,Market Building 34,2019,292,206,5,45,5,553,P1,86,80.7
Kolkata,2110,KOL-2110,34,Market Building 34,2021,283,188,10,71,6,558,P1,95,81.5
Kolkata,2110,KOL-2110,35,Community Hall 35,2019,280,125,4,49,4,462,P1,155,73.0
Kolkata,2110,KOL-2110,35,Community Hall 35,2021,255,188,6,65,6,520,P1,67,82.1
Kolkata,2110,KOL-2110,36,Health Sub-Centre 36,2019,337,191,6,49,7,590,P1,146,72.2
Kolkata,2110,KOL-2110,36,Health Sub-Centre 36,2021,349,245,2,57,7,660,P1,104,80.8
Kolkata,2110,KOL-2110,37,Anganwadi Centre 37,2019,357,103,2,44,6,512,P1,254,73.8
Kolkata,2110,KOL-2110,37,Anganwadi Centre 37,2021,308,150,11,76,4,549,P1,158,79.1
Kolkata,2110,KOL-2110,38,Club Building 38,2019,208,131,3,89,5,436,P1,77,77.6
Kolkata,2110,KOL-2110,38,Club Building 38,2021,232,135,4,32,4,407,P1,97,72.4
Kolkata,2110,KOL-2110,39,Panchayat Bhavan 39,2019,247,121,1,36,4,409,P1,126,72.8
Kolkata,2110,KOL-2110,39,Panchayat Bhavan 39,2021,214,119,6,65,4,408,P1,95,72.6
Kolkata,2110,KOL-2110,40,Govt Office 40,2019,221,114,9,66,4,414,P1,107,77.1
Kolkata,2110,KOL-2110,40,Govt Office 40,2021,288,110,4,35,5,442,P1,178,82.3
Kolkata,2110,KOL-2110,41,Primary School 41,2019,319,94,10,93,4,520,P1,225,73.1
Kolkata,2110,KOL-2110,41,Primary School 41,2021,346,168,3,49,6,572,P1,178,80.5
Kolkata,2110,KOL-2110,42,Market Building 42,2019,250,86,20,176,6,538,P1,74,74.9
Kolkata,2110,KOL-2110,42,Market Building 42,2021,341,144,11,77,6,579,P1,197,80.6
Kolkata,2110,KOL-2110,43,Primary School 43,2019,321,173,3,47,5,549,P1,148,81.3
Kolkata,2110,KOL-2110,43,Primary School 43,2021,307,159,6,43,5,520,P1,148,77.0
Kolkata,2110,KOL-2110,44,Club Building 44,2019,256,131,7,74,5,473,P1,125,74.3
Kolkata,2110,KOL-2110,44,Club Building 44,2021,214,116,14,117,4,465,P1,97,73.0
Kolkata,2110,KOL-2110,45,Govt Office 45,2019,412,95,3,47,6,563,P1,317,74.6
Kolkata,2110,KOL-2110,45,Govt Office 45,2021,339,201,6,48,6,600,P1,138,79.5
Kolkata,2110,KOL-2110,46,Panchayat Bhavan 46,2019,248,152,4,81,5,490,P1,96,78.9
Kolkata,2110,KOL-2110,46,Panchayat Bhavan 46,2021,282,167,2,42,6,499,P1,115,80.4
Kolkata,2110,KOL-2110,47,Market Building 47,2019,328,122,3,42,5,500,P1,206,76.2
Kolkata,2110,KOL-2110,47,Market Building 47,2021,308,142,7,69,5,531,P1,166,80.9
Kolkata,2110,KOL-2110,48,Madrasa 48,2019,385,158,6,48,6,603,P1,227,79.3
Kolkata,2110,KOL-2110,48,Madrasa 48,2021,344,186,6,47,6,589,P1,158,77.5
Kolkata,2110,KOL-2110,49,Panchayat Bhavan 49,2019,283,122,6,63,5,479,P1,161,81.3
Kolkata,2110,KOL-2110,49,Panchayat Bhavan 49,2021,261,119,4,43,4,431,P1,142,73.2
Kolkata,2110,KOL-2110,50,Panchayat Bhavan 50,2019,241,125,5,40,4,415,P1,116,76.9
Kolkata,2110,KOL-2110,50,Panchayat Bhavan 50,2021,241,125,8,53,4,431,P1,116,79.8
Kolkata,2110,KOL-2110,51,Health Sub-Centre 51,2019,241,119,3,33,4,400,P1,122,78.1
Kolkata,2110,KOL-2110,51,Health Sub-Centre 51,2021,287,90,5,33,4,419,P1,197,81.8
Kolkata,2110,KOL-2110,52,Health Sub-Centre 52,2019,175,108,6,74,5,368,P1,67,75.6
Kolkata,2110,KOL-2110,52,Health Sub-Centre 52,2021,200,148,2,33,4,387,P1,52,79.5
Kolkata,2110,KOL-2110,53,Post Office 53,2019,291,119,2,39,5,456,P1,172,75.0
Kolkata,2110,KOL-2110,53,Post Office 53,2021,255,99,15,121,5,495,P1,134,81.4
Kolkata,2110,KOL-2110,54,Govt Office 54,2019,260,124,5,79,6,474,P1,136,73.6
Kolkata,2110,KOL-2110,54,Govt Office 54,2021,252,136,12,116,5,521,P1,116,80.9
Kolkata,2110,KOL-2110,55,Market Building 55,2019,292,193,7,59,6,557,P1,99,81.9
Kolkata,2110,KOL-2110,55,Market Building 55,2021,240,144,6,112,5,507,P1,96,74.6
Kolkata,2110,KOL-2110,56,Temple Hall 56,2019,343,144,6,44,6,543,P1,199,72.9
Kolkata,2110,KOL-2110,56,Temple Hall 56,2021,292,160,12,92,5,561,P1,132,75.3
Kolkata,2110,KOL-2110,57,Govt Office 57,2019,424,157,3,55,6,645,P1,267,78.8
Kolkata,2110,KOL-2110,57,Govt Office 57,2021,417,139,6,50,5,617,P1,278,75.3
Kolkata,2110,KOL-2110,58,Health Sub-Centre 58,2019,396,118,2,49,6,571,P1,278,80.2
Kolkata,2110,KOL-2110,58,Health Sub-Centre 58,2021,222,144,11,133,5,515,P1,78,72.3
Kolkata,2110,KOL-2110,59,Anganwadi Centre 59,2019,386,144,7,67,7,611,P1,242,80.8
Kolkata,2110,KOL-2110,59,Anganwadi Centre 59,2021,354,129,6,119,7,615,P1,225,81.3
Kolkata,2110,KOL-2110,60,Club Building 60,2019,258,173,7,47,5,490,P1,85,75.6
Kolkata,2110,KOL-2110,60,Club Building 60,2021,342,117,3,43,6,511,P1,225,78.9
Kolkata,2110,KOL-2110,61,Club Building 61,2019,360,160,3,49,6,578,P1,200,72.5
Kolkata,2110,KOL-2110,61,Club Building 61,2021,335,138,11,111,5,600,P1,197,75.3
Kolkata,2110,KOL-2110,62,Market Building 62,2019,267,159,13,161,6,606,P1,106,78.2
Kolkata,2110,KOL-2110,62,Market Building 62,2021,389,118,8,57,5,577,P1,271,74.5
Kolkata,2110,KOL-2110,63,Health Sub-Centre 63,2019,305,168,4,43,6,526,P1,137,75.3
Kolkata,2110,KOL-2110,63,Health Sub-Centre 63,2021,311,153,5,74,5,548,P1,158,78.4
Kolkata,2110,KOL-2110,64,Community Hall 64,2019,256,84,4,30,3,377,P1,172,77.6
Kolkata,2110,KOL-2110,64,Community Hall 64,2021,252,102,1,34,4,393,P1,150,80.9
Kolkata,2110,KOL-2110,65,Community Hall 65,2019,202,105,7,54,4,372,P1,97,77.5
Kolkata,2110,KOL-2110,65,Community Hall 65,2021,205,105,6,57,4,377,P1,100,78.5
Kolkata,2110,KOL-2110,66,Primary School 66,2019,298,101,4,35,5,443,P1,197,73.6
Kolkata,2110,KOL-2110,66,Primary School 66,2021,367,78,6,39,4,494,P1,289,82.1
Kolkata,2110,KOL-2110,67,Temple Hall 67,2019,238,144,4,55,4,445,P1,94,72.5
Kolkata,2110,KOL-2110,67,Temple Hall 67,2021,256,149,2,39,4,450,P1,107,73.3
Kolkata,2110,KOL-2110,68,Panchayat Bhavan 68,2019,363,199,2,54,7,625,P1,164,78.7
Kolkata,2110,KOL-2110,68,Panchayat Bhavan 68,2021,411,146,2,53,7,619,P1,265,78.0
Kolkata,2110,KOL-2110,69,Post Office 69,2019,223,116,6,57,3,405,P1,107,73.4
Kolkata,2110,KOL-2110,69,Post Office 69,2021,246,86,10,97,4,443,P1,149,80.3
Kolkata,2110,KOL-2110,70,Anganwadi Centre 70,2019,288,105,2,37,5,437,P1,183,76.3
Kolkata,2110,KOL-2110,70,Anganwadi Centre 70,2021,298,110,2,39,5,454,P1,188,79.2
Kolkata,2110,KOL-2110,71,Govt Office 71,2019,370,78,2,43,5,498,P1,292,74.2
Kolkata,2110,KOL-2110,71,Govt Office 71,2021,315,165,4,53,6,543,P1,150,80.9
Kolkata,2110,KOL-2110,72,Post Office 72,2019,303,158,10,79,5,555,P1,145,74.1
Kolkata,2110,KOL-2110,72,Post Office 72,2021,357,167,11,78,5,618,P1,190,82.5
Kolkata,2110,KOL-2110,73,Temple Hall 73,2019,370,95,2,45,4,516,P1,275,74.9
Kolkata,2110,KOL-2110,73,Temple Hall 73,2021,360,128,5,44,6,543,P1,232,78.8
Kolkata,2110,KOL-2110,74,Community Hall 74,2019,214,121,3,56,5,399,P1,93,74.6
Kolkata,2110,KOL-2110,74,Community Hall 74,2021,181,122,8,89,3,403,P1,59,75.3
Kolkata,2110,KOL-2110,75,Primary School 75,2019,307,141,5,40,4,497,P1,166,79.8
Kolkata,2110,KOL-2110,75,Primary School 75,2021,246,133,5,75,5,464,P1,113,74.5
Kolkata,2110,KOL-2110,76,Market Building 76,2019,274,172,4,82,6,538,P1,102,74.2
Kolkata,2110,KOL-2110,76,Market Building 76,2021,337,172,9,64,7,589,P1,165,81.2
Kolkata,2110,KOL-2110,77,Post Office 77,2019,282,128,14,142,7,573,P1,140,82.2
Kolkata,2110,KOL-2110,77,Post Office 77,2021,372,104,2,45,6,529,P1,268,75.9
Kolkata,2110,KOL-2110,78,Panchayat Bhavan 78,2019,378,196,5,53,6,638,P1,182,81.0
Kolkata,2110,KOL-2110,78,Panchayat Bhavan 78,2021,367,165,3,54,5,594,P1,202,75.4
Kolkata,2110,KOL-2110,79,Primary School 79,2019,306,151,3,43,5,508,P1,155,72.8
Kolkata,2110,KOL-2110,79,Primary School 79,2021,304,166,3,80,5,558,P1,138,79.9
Kolkata,2110,KOL-2110,80,Temple Hall 80,2019,371,132,7,105,6,621,P1,239,76.2
Kolkata,2110,KOL-2110,80,Temple Hall 80,2021,381,186,5,52,6,630,P1,195,77.3
Kolkata,2110,KOL-2110,81,High School 81,2019,422,128,2,53,7,612,P1,294,80.6
Kolkata,2110,KOL-2110,81,High School 81,2021,346,120,9,71,6,552,P1,226,72.7
Kolkata,2110,KOL-2110,82,Temple Hall 82,2019,293,74,2,35,4,408,P1,219,82.3
Kolkata,2110,KOL-2110,82,Temple Hall 82,2021,247,56,4,52,4,363,P1,191,73.2
Kolkata,2110,KOL-2110,83,Madrasa 83,2019,252,116,3,34,4,409,P1,136,79.6
Kolkata,2110,KOL-2110,83,Madrasa 83,2021,162,97,14,101,3,377,P1,61,73.3
Kolkata,2110,KOL-2110,84,Post Office 84,2019,240,135,2,36,4,417,P1,105,77.1
Kolkata,2110,KOL-2110,84,Post Office 84,2021,246,115,2,35,3,401,P1,131,74.1
Kolkata,2110,KOL-2110,85,Health Sub-Centre 85,2019,317,130,4,105,5,561,P1,187,82.9
Kolkata,2110,KOL-2110,85,Health Sub-Centre 85,2021,268,93,8,157,5,531,P1,111,78.4
Kolkata,2110,KOL-2110,86,Health Sub-Centre 86,2019,372,134,4,47,5,562,P1,238,78.4
Kolkata,2110,KOL-2110,86,Health Sub-Centre 86,2021,368,137,5,46,6,562,P1,231,78.4
Kolkata,2110,KOL-2110,87,Panchayat Bhavan 87,2019,290,150,3,59,6,508,P1,140,83.1
Kolkata,2110,KOL-2110,87,Panchayat Bhavan 87,2021,280,160,5,39,5,489,P1,120,80.0
Kolkata,2110,KOL-2110,88,Temple Hall 88,2019,329,98,6,37,5,475,P1,231,77.0
Kolkata,2110,KOL-2110,88,Temple Hall 88,2021,264,167,4,39,5,479,P1,97,77.6
Kolkata,2110,KOL-2110,89,Primary School 89,2019,365,195,6,50,6,622,P1,170,77.7
Kolkata,2110,KOL-2110,89,Primary School 89,2021,416,173,7,52,7,655,P1,243,81.8
Kolkata,2110,KOL-2110,90,Post Office 90,2019,367,160,6,74,6,613,P1,207,79.4
Kolkata,2110,KOL-2110,90,Post Office 90,2021,416,100,2,49,7,574,P1,316,74.4
Kolkata,2110,KOL-2110,91,Primary School 91,2019,318,248,4,53,6,629,P1,70,78.3
Kolkata,2110,KOL-2110,91,Primary School 91,2021,353,158,8,90,6,615,P1,195,76.6
Kolkata,2110,KOL-2110,92,Primary School 92,2019,213,132,8,57,5,415,P1,81,73.3
Kolkata,2110,KOL-2110,92,Primary School 92,2021,261,115,2,39,4,421,P1,146,74.4
Kolkata,2110,KOL-2110,93,Panchayat Bhavan 93,2019,362,157,3,49,6,577,P1,205,76.5
Kolkata,2110,KOL-2110,93,Panchayat Bhavan 93,2021,337,195,10,75,7,624,P1,142,82.8
Kolkata,2110,KOL-2110,94,High School 94,2019,172,77,17,175,5,446,P4,3,78.1
Kolkata,2110,KOL-2110,94,High School 94,2021,229,123,3,93,5,453,P1,106,79.3
Kolkata,2110,KOL-2110,95,Anganwadi Centre 95,2019,218,123,6,60,3,410,P1,95,80.9
Kolkata,2110,KOL-2110,95,Anganwadi Centre 95,2021,200,139,5,37,4,385,P1,61,75.9
Kolkata,2110,KOL-2110,96,Primary School 96,2019,337,206,9,72,7,631,P1,131,78.8
Kolkata,2110,KOL-2110,96,Primary School 96,2021,307,190,8,108,5,618,P1,117,77.2
Kolkata,2110,KOL-2110,97,Temple Hall 97,2019,358,149,5,49,5,566,P1,209,80.1
Kolkata,2110,KOL-2110,97,Temple Hall 97,2021,355,140,3,46,6,550,P1,215,77.8
Kolkata,2110,KOL-2110,98,Madrasa 98,2019,364,148,3,48,6,569,P1,216,79.8
Kolkata,2110,KOL-2110,98,Madrasa 98,2021,293,161,4,98,6,562,P1,132,78.8
Kolkata,2110,KOL-2110,99,Temple Hall 99,2019,348,111,10,118,5,592,P1,230,74.3
Kolkata,2110,KOL-2110,99,Temple Hall 99,2021,363,181,5,87,6,642,P1,182,80.6
Kolkata,2110,KOL-2110,100,High School 100,2019,295,227,5,47,6,580,P1,68,76.6
Kolkata,2110,KOL-2110,100,High School 100,2021,292,139,15,105,5,556,P1,153,73.4
Kolkata,2110,KOL-2110,101,Anganwadi Centre 101,2019,281,191,4,85,6,567,P1,90,73.6
Kolkata,2110,KOL-2110,101,Anganwadi Centre 101,2021,316,236,6,49,7,614,P1,80,79.7
Kolkata,2110,KOL-2110,102,Anganwadi Centre 102,2019,288,128,5,42,4,467,P1,160,74.8
Kolkata,2110,KOL-2110,102,Anganwadi Centre 102,2021,282,125,6,93,6,512,P1,157,82.1
Kolkata,2110,KOL-2110,103,Anganwadi Centre 103,2019,317,142,5,41,5,510,P1,175,73.6
Kolkata,2110,KOL-2110,103,Anganwadi Centre 103,2021,380,101,3,45,5,534,P1,279,77.1
Kolkata,2110,KOL-2110,104,Market Building 104,2019,246,84,5,35,5,375,P1,162,73.1
Kolkata,2110,KOL-2110,104,Market Building 104,2021,226,147,4,34,3,414,P1,79,80.7
Kolkata,2110,KOL-2110,105,Post Office 105,2019,225,52,8,75,4,364,P1,150,72.5
Kolkata,2110,KOL-2110,105,Post Office 105,2021,218,112,2,47,3,382,P1,106,76.1
Kolkata,2110,KOL-2110,106,Community Hall 106,2019,261,118,6,70,5,460,P1,143,82.9
Kolkata,2110,KOL-2110,106,Community Hall 106,2021,242,99,7,67,4,419,P1,143,75.5
Kolkata,2110,KOL-2110,107,Post Office 107,2019,279,211,10,87,6,593,P1,68,82.8
Kolkata,2110,KOL-2110,107,Post Office 107,2021,345,150,4,63,6,568,P1,195,79.3
Kolkata,2110,KOL-2110,108,Health Sub-Centre 108,2019,272,170,3,41,5,491,P1,102,78.4
Kolkata,2110,KOL-2110,108,Health Sub-Centre 108,2021,260,116,7,89,4,476,P1,144,76.0
Kolkata,2110,KOL-2110,109,Panchayat Bhavan 109,2019,427,108,3,50,6,594,P1,319,74.2
Kolkata,2110,KOL-2110,109,Panchayat Bhavan 109,2021,299,187,10,124,5,625,P1,112,78.1
Kolkata,2110,KOL-2110,110,Anganwadi Centre 110,2019,323,153,7,89,5,577,P1,170,81.3
Kolkata,2110,KOL-2110,110,Anganwadi Centre 110,2021,340,145,5,52,5,547,P1,195,77.0
Kolkata,2110,KOL-2110,111,Panchayat Bhavan 111,2019,325,120,6,39,4,494,P1,205,73.3
Kolkata,2110,KOL-2110,111,Panchayat Bhavan 111,2021,312,150,2,44,5,513,P1,162,76.1
Kolkata,2110,KOL-2110,112,Temple Hall 112,2019,270,136,3,74,5,488,P1,134,78.5
Kolkata,2110,KOL-2110,112,Temple Hall 112,2021,322,109,8,59,5,503,P1,213,80.9
Kolkata,2110,KOL-2110,113,High School 113,2019,262,70,1,32,4,369,P1,192,75.3
Kolkata,2110,KOL-2110,113,High School 113,2021,199,126,3,42,3,373,P1,73,76.1
Kolkata,2110,KOL-2110,114,Madrasa 114,2019,275,122,4,52,4,457,P1,153,73.5
Kolkata,2110,KOL-2110,114,Madrasa 114,2021,256,99,8,107,5,475,P1,149,76.4
Kolkata,2110,KOL-2110,115,Club Building 115,2019,237,177,2,47,5,468,P1,60,77.2
Kolkata,2110,KOL-2110,115,Club Building 115,2021,251,108,7,117,5,488,P1,134,80.5
Kolkata,2110,KOL-2110,116,Market Building 116,2019,249,144,3,36,5,437,P1,105,79.5
Kolkata,2110,KOL-2110,116,Market Building 116,2021,209,136,9,73,4,431,P1,73,78.4
Kolkata,2110,KOL-2110,117,Primary School 117,2019,371,67,3,41,5,487,P1,304,81.0
Kolkata,2110,KOL-2110,117,Primary School 117,2021,242,158,7,52,4,463,P1,84,77.0
Kolkata,2110,KOL-2110,118,Primary School 118,2019,299,180,3,85,6,573,P1,119,78.9
Kolkata,2110,KOL-2110,118,Primary School 118,2021,306,172,4,92,7,581,P1,134,80.0
Kolkata,2110,KOL-2110,119,Panchayat Bhavan 119,2019,324,133,10,90,6,563,P1,191,78.9
Kolkata,2110,KOL-2110,119,Panchayat Bhavan 119,2021,364,126,2,47,5,544,P1,238,76.2
Kolkata,2110,KOL-2110,120,Anganwadi Centre 120,2019,279,120,2,64,5,470,P1,159,81.9
Kolkata,2110,KOL-2110,120,Anganwadi Centre 120,2021,285,114,3,37,4,443,P1,171,77.2
Kolkata,2110,KOL-2110,121,Anganwadi Centre 121,2019,388,179,5,72,7,651,P1,209,82.2
Kolkata,2110,KOL-2110,121,Anganwadi Centre 121,2021,410,152,9,76,7,654,P1,258,82.6
Kolkata,2110,KOL-2110,122,Community Hall 122,2019,357,85,5,40,4,491,P1,272,73.9
Kolkata,2110,KOL-2110,122,Community Hall 122,2021,340,133,2,45,6,526,P1,207,79.2
Kolkata,2110,KOL-2110,123,Market Building 123,2019,287,154,4,40,5,490,P1,133,73.6
Kolkata,2110,KOL-2110,123,Market Building 123,2021,273,139,4,93,5,514,P1,134,77.2
Kolkata,2110,KOL-2110,124,Temple Hall 124,2019,292,80,5,76,4,457,P1,212,74.6
Kolkata,2110,KOL-2110,124,Temple Hall 124,2021,224,197,3,40,4,468,P1,27,76.3
Kolkata,2110,KOL-2110,125,Community Hall 125,2019,300,113,10,100,5,528,P1,187,78.7
Kolkata,2110,KOL-2110,125,Community Hall 125,2021,327,150,4,44,5,530,P1,177,79.0
Kolkata,2110,KOL-2110,126,Club Building 126,2019,310,180,4,45,5,544,P1,130,78.3
Kolkata,2110,KOL-2110,126,Club Building 126,2021,272,80,20,167,5,544,P1,105,78.3
Kolkata,2110,KOL-2110,127,Temple Hall 127,2019,331,136,5,41,6,519,P1,195,77.1
Kolkata,2110,KOL-2110,127,Temple Hall 127,2021,268,88,12,132,5,505,P1,136,75.0
Kolkata,2110,KOL-2110,128,Panchayat Bhavan 128,2019,265,136,4,36,4,445,P1,129,75.6
Kolkata,2110,KOL-2110,128,Panchayat Bhavan 128,2021,300,135,4,40,5,484,P1,165,82.2
Kolkata,2110,KOL-2110,129,Temple Hall 129,2019,198,96,10,79,3,386,P1,102,76.6
Kolkata,2110,KOL-2110,129,Temple Hall 129,2021,205,102,2,52,3,364,P1,103,72.2
Kolkata,2110,KOL-2110,130,Health Sub-Centre 130,2019,289,168,4,42,5,508,P1,121,80.3
Kolkata,2110,KOL-2110,130,Health Sub-Centre 130,2021,303,144,3,53,4,507,P1,159,80.1
Kolkata,2110,KOL-2110,131,Health Sub-Centre 131,2019,316,94,2,39,5,456,P1,222,75.0
Kolkata,2110,KOL-2110,131,Health Sub-Centre 131,2021,250,139,6,64,6,465,P1,111,76.5
Kolkata,2110,KOL-2110,132,Govt Office 132,2019,218,132,1,34,4,389,P1,86,78.1
Kolkata,2110,KOL-2110,132,Govt Office 132,2021,201,56,6,146,5,414,P1,55,83.1
Kolkata,2110,KOL-2110,133,Community Hall 133,2019,356,108,3,43,5,515,P1,248,81.0
Kolkata,2110,KOL-2110,133,Community Hall 133,2021,232,184,4,60,5,485,P1,48,76.3
Kolkata,2110,KOL-2110,134,Post Office 134,2019,245,138,5,49,5,442,P1,107,81.0
Kolkata,2110,KOL-2110,134,Post Office 134,2021,235,79,10,70,3,397,P1,156,72.7
Kolkata,2110,KOL-2110,135,Panchayat Bhavan 135,2019,267,179,6,57,4,513,P1,88,80.3
Kolkata,2110,KOL-2110,135,Panchayat Bhavan 135,2021,313,131,4,40,6,494,P1,182,77.3
Kolkata,2110,KOL-2110,136,Anganwadi Centre 136,2019,296,141,13,102,6,558,P1,155,81.2
Kolkata,2110,KOL-2110,136,Anganwadi Centre 136,2021,323,145,6,41,5,520,P1,178,75.7
Kolkata,2110,KOL-2110,137,Market Building 137,2019,304,97,6,61,5,473,P1,207,72.7
Kolkata,2110,KOL-2110,137,Market Building 137,2021,328,112,2,42,5,489,P1,216,75.1
Kolkata,2110,KOL-2110,138,Panchayat Bhavan 138,2019,284,83,5,47,5,424,P1,201,77.2
Kolkata,2110,KOL-2110,138,Panchayat Bhavan 138,2021,197,109,8,93,4,411,P1,88,74.9
Kolkata,2110,KOL-2110,139,Post Office 139,2019,241,158,6,106,4,515,P1,83,75.8
Kolkata,2110,KOL-2110,139,Post Office 139,2021,316,130,6,39,5,496,P1,186,73.0
Kolkata,2110,KOL-2110,140,Panchayat Bhavan 140,2019,172,95,17,169,4,457,P1,3,76.8
Kolkata,2110,KOL-2110,140,Panchayat Bhavan 140,2021,299,121,3,39,5,467,P1,178,78.5
Kolkata,2110,KOL-2110,141,Club Building 141,2019,346,144,10,78,6,584,P1,202,83.1
Kolkata,2110,KOL-2110,141,Club Building 141,2021,332,191,6,47,6,582,P1,141,82.8
Kolkata,2110,KOL-2110,142,High School 142,2019,258,157,5,39,5,464,P1,101,75.9
Kolkata,2110,KOL-2110,142,High School 142,2021,262,148,4,81,4,499,P1,114,81.7
Kolkata,2110,KOL-2110,143,Anganwadi Centre 143,2019,304,81,4,35,4,428,P1,223,79.6
Kolkata,2110,KOL-2110,143,Anganwadi Centre 143,2021,257,140,2,37,5,441,P1,117,82.0
Kolkata,2110,KOL-2110,144,Post Office 144,2019,303,213,4,47,6,573,P1,90,77.3
Kolkata,2110,KOL-2110,144,Post Office 144,2021,337,163,5,67,6,578,P1,174,78.0
Kolkata,2110,KOL-2110,145,Anganwadi Centre 145,2019,217,72,15,112,4,420,P1,105,76.5
Kolkata,2110,KOL-2110,145,Anganwadi Centre 145,2021,225,127,3,51,3,409,P1,98,74.5
Kolkata,2110,KOL-2110,146,Temple Hall 146,2019,314,145,4,42,5,510,P1,169,77.7
Kolkata,2110,KOL-2110,146,Temple Hall 146,2021,359,109,2,45,4,519,P1,250,79.1
Kolkata,2110,KOL-2110,147,Health Sub-Centre 147,2019,373,220,4,56,6,659,P1,153,81.0
Kolkata,2110,KOL-2110,147,Health Sub-Centre 147,2021,333,216,4,51,6,610,P1,117,74.9
Kolkata,2110,KOL-2110,148,Madrasa 148,2019,209,127,9,62,4,411,P1,82,75.0
Kolkata,2110,KOL-2110,148,Madrasa 148,2021,249,145,3,37,4,438,P1,104,79.9
Kolkata,2110,KOL-2110,149,High School 149,2019,407,143,6,49,7,612,P1,264,78.8
Kolkata,2110,KOL-2110,149,High School 149,2021,450,124,5,52,7,638,P1,326,82.1
Kolkata,2110,KOL-2110,150,Panchayat Bhavan 150,2019,255,103,2,34,4,398,P1,152,82.2
Kolkata,2110,KOL-2110,150,Panchayat Bhavan 150,2021,222,128,2,33,4,389,P1,94,80.4
Kolkata,2110,KOL-2110,151,Govt Office 151,2019,223,89,5,83,4,404,P1,134,81.8
Kolkata,2110,KOL-2110,151,Govt Office 151,2021,236,99,2,32,3,372,P1,137,75.3
Kolkata,2110,KOL-2110,152,Club Building 152,2019,362,180,5,50,5,602,P1,182,76.9
Kolkata,2110,KOL-2110,152,Club Building 152,2021,358,172,6,87,7,630,P1,186,80.5
Kolkata,2110,KOL-2110,153,Post Office 153,2019,252,115,5,138,5,515,P1,114,79.0
Kolkata,2110,KOL-2110,153,Post Office 153,2021,233,191,8,104,6,542,P1,42,83.1
Kolkata,2110,KOL-2110,154,Madrasa 154,2019,312,145,4,48,5,514,P1,167,74.4
Kolkata,2110,KOL-2110,154,Madrasa 154,2021,332,158,2,47,6,545,P1,174,78.9
Kolkata,2110,KOL-2110,155,Madrasa 155,2019,287,139,3,40,5,474,P1,148,73.8
Kolkata,2110,KOL-2110,155,Madrasa 155,2021,248,145,6,64,5,468,P1,103,72.9
Kolkata,2110,KOL-2110,156,Health Sub-Centre 156,2019,218,131,5,54,4,412,P1,87,78.2
Kolkata,2110,KOL-2110,156,Health Sub-Centre 156,2021,189,132,7,60,3,391,P1,57,74.2
Kolkata,2110,KOL-2110,157,High School 157,2019,226,118,1,33,4,382,P1,108,77.0
Kolkata,2110,KOL-2110,157,High School 157,2021,255,72,4,29,4,364,P1,183,73.4
Kolkata,2110,KOL-2110,158,High School 158,2019,287,116,4,38,4,449,P1,171,81.3
Kolkata,2110,KOL-2110,158,High School 158,2021,190,151,3,58,4,406,P1,39,73.6
Kolkata,2110,KOL-2110,159,Primary School 159,2019,242,128,4,33,4,411,P1,114,74.5
Kolkata,2110,KOL-2110,159,Primary School 159,2021,252,120,3,34,4,413,P1,132,74.8
Kolkata,2110,KOL-2110,160,Market Building 160,2019,326,131,13,164,6,640,P1,162,82.5
Kolkata,2110,KOL-2110,160,Market Building 160,2021,360,102,6,93,5,566,P1,258,72.9
Kolkata,2110,KOL-2110,161,Madrasa 161,2019,299,159,8,116,5,587,P1,140,73.3
Kolkata,2110,KOL-2110,161,Madrasa 161,2021,397,138,7,77,6,625,P1,259,78.0
Kolkata,2110,KOL-2110,162,Panchayat Bhavan 162,2019,283,124,6,106,5,524,P1,159,73.5
Kolkata,2110,KOL-2110,162,Panchayat Bhavan 162,2021,339,133,2,45,6,525,P1,206,73.6
Kolkata,2110,KOL-2110,163,Health Sub-Centre 163,2019,298,165,5,41,5,514,P1,133,77.5
Kolkata,2110,KOL-2110,163,Health Sub-Centre 163,2021,301,84,7,151,6,549,P1,150,82.8
Kolkata,2110,KOL-2110,164,Club Building 164,2019,277,120,9,71,5,482,P1,157,80.7
Kolkata,2110,KOL-2110,164,Club Building 164,2021,235,160,5,36,5,441,P1,75,73.9
Kolkata,2110,KOL-2110,165,Anganwadi Centre 165,2019,225,152,6,100,5,488,P1,73,75.8
Kolkata,2110,KOL-2110,165,Anganwadi Centre 165,2021,304,131,11,84,5,535,P1,173,83.1
Kolkata,2110,KOL-2110,166,High School 166,2019,238,138,4,33,5,418,P1,100,76.3
Kolkata,2110,KOL-2110,166,High School 166,2021,257,97,2,54,5,415,P1,160,75.7
Kolkata,2110,KOL-2110,167,Primary School 167,2019,267,116,2,39,4,428,P1,151,72.2
Kolkata,2110,KOL-2110,167,Primary School 167,2021,265,116,5,85,5,476,P1,149,80.3
Kolkata,2110,KOL-2110,168,Panchayat Bhavan 168,2019,268,164,2,43,4,481,P1,104,82.2
Kolkata,2110,KOL-2110,168,Panchayat Bhavan 168,2021,254,142,8,76,5,485,P1,112,82.9
Kolkata,2110,KOL-2110,169,Community Hall 169,2019,277,102,7,48,5,439,P1,175,80.6
Kolkata,2110,KOL-2110,169,Community Hall 169,2021,239,106,4,52,4,405,P1,133,74.3
Kolkata,2110,KOL-2110,170,Primary School 170,2019,284,131,5,37,4,461,P1,153,83.1
Kolkata,2110,KOL-2110,170,Primary School 170,2021,238,99,7,86,4,434,P1,139,78.2
Kolkata,2110,KOL-2110,171,Club Building 171,2019,174,105,9,97,3,388,P1,69,77.4
Kolkata,2110,KOL-2110,171,Club Building 171,2021,231,110,2,32,3,378,P1,121,75.4
Kolkata,2110,KOL-2110,172,Community Hall 172,2019,280,71,7,51,4,413,P1,209,74.4
Kolkata,2110,KOL-2110,172,Community Hall 172,2021,258,114,5,52,5,434,P1,144,78.2
Kolkata,2110,KOL-2110,173,Temple Hall 173,2019,173,161,4,60,5,403,P1,12,82.9
Kolkata,2110,KOL-2110,173,Temple Hall 173,2021,272,79,4,31,4,390,P1,193,80.2
Kolkata,2110,KOL-2110,174,High School 174,2019,305,122,4,39,5,475,P1,183,73.9
Kolkata,2110,KOL-2110,174,High School 174,2021,277,91,7,88,4,467,P1,186,72.6
Kolkata,2110,KOL-2110,175,Temple Hall 175,2019,282,214,6,84,6,592,P1,68,82.9
Kolkata,2110,KOL-2110,175,Temple Hall 175,2021,347,178,5,57,6,593,P1,169,83.1
Kolkata,2110,KOL-2110,176,Temple Hall 176,2019,275,137,4,37,5,458,P1,138,74.8
Kolkata,2110,KOL-2110,176,Temple Hall 176,2021,290,131,7,66,4,498,P1,159,81.4
Kolkata,2110,KOL-2110,177,Health Sub-Centre 177,2019,212,138,1,37,4,392,P1,74,80.3
Kolkata,2110,KOL-2110,177,Health Sub-Centre 177,2021,218,114,1,36,4,373,P1,104,76.4
Kolkata,2110,KOL-2110,178,Club Building 178,2019,388,212,5,55,7,667,P1,176,81.3
Kolkata,2110,KOL-2110,178,Club Building 178,2021,350,206,5,51,6,618,P1,144,75.4
Kolkata,2110,KOL-2110,179,Community Hall 179,2019,356,142,6,44,6,554,P1,214,76.4
Kolkata,2110,KOL-2110,179,Community Hall 179,2021,383,88,2,45,5,523,P1,295,72.1
Kolkata,2110,KOL-2110,180,Primary School 180,2019,341,140,8,65,5,559,P1,201,82.9
Kolkata,2110,KOL-2110,180,Primary School 180,2021,362,136,5,45,5,553,P1,226,82.0
Kolkata,2110,KOL-2110,181,Market Building 181,2019,163,125,6,56,4,354,P1,38,73.6
Kolkata,2110,KOL-2110,181,Market Building 181,2021,200,105,5,35,3,348,P1,95,72.3
Kolkata,2110,KOL-2110,182,Primary School 182,2019,367,93,14,107,5,586,P1,260,73.2
Kolkata,2110,KOL-2110,182,Primary School 182,2021,271,132,20,149,6,578,P1,122,72.2
Kolkata,2110,KOL-2110,183,Govt Office 183,2019,268,117,4,35,4,428,P1,151,76.4
Kolkata,2110,KOL-2110,183,Govt Office 183,2021,247,156,4,36,5,448,P1,91,80.0
Kolkata,2110,KOL-2110,184,Temple Hall 184,2019,263,94,2,33,5,397,P1,169,74.3
Kolkata,2110,KOL-2110,184,Temple Hall 184,2021,213,123,5,69,4,414,P1,90,77.5
Kolkata,2110,KOL-2110,185,Govt Office 185,2019,335,127,19,143,6,630,P1,192,81.6
Kolkata,2110,KOL-2110,185,Govt Office 185,2021,370,155,6,46,6,583,P1,215,75.5
Kolkata,2110,KOL-2110,186,Market Building 186,2019,211,91,5,42,4,353,P1,120,72.8
Kolkata,2110,KOL-2110,186,Market Building 186,2021,235,81,3,29,3,351,P1,154,72.4
Kolkata,2110,KOL-2110,187,Panchayat Bhavan 187,2019,255,152,9,118,5,539,P1,103,81.4
Kolkata,2110,KOL-2110,187,Panchayat Bhavan 187,2021,361,118,7,50,6,542,P1,243,81.9
Kolkata,2110,KOL-2110,188,Anganwadi Centre 188,2019,159,76,7,119,4,365,P1,40,73.1
Kolkata,2110,KOL-2110,188,Anganwadi Centre 188,2021,223,102,3,33,4,365,P1,121,73.1
Kolkata,2110,KOL-2110,189,High School 189,2019,363,121,5,92,6,587,P1,242,75.3
Kolkata,2110,KOL-2110,189,High School 189,2021,348,178,9,65,6,606,P1,170,77.7
Kolkata,2110,KOL-2110,190,Health Sub-Centre 190,2019,280,144,10,142,6,582,P1,136,75.7
Kolkata,2110,KOL-2110,190,Health Sub-Centre 190,2021,384,144,3,49,6,586,P1,240,76.2
Kolkata,2110,KOL-2110,191,Panchayat Bhavan 191,2019,299,134,11,112,5,561,P1,165,78.9
Kolkata,2110,KOL-2110,191,Panchayat Bhavan 191,2021,300,143,5,71,6,525,P1,157,73.8
Kolkata,2111,KOL-2111,1,Primary School 1,2019,261,115,2,36,4,418,P1,146,75.6
Kolkata,2111,KOL-2111,1,Primary School 1,2021,262,117,8,66,5,458,P1,145,82.8
Kolkata,2111,KOL-2111,2,Madrasa 2,2019,318,130,12,88,6,554,P1,188,82.7
Kolkata,2111,KOL-2111,2,Madrasa 2,2021,355,119,6,42,5,527,P1,236,78.7
Kolkata,2111,KOL-2111,3,High School 3,2019,208,157,5,32,4,406,P1,51,81.9
Kolkata,2111,KOL-2111,3,High School 3,2021,188,145,3,62,4,402,P1,43,81.0
Kolkata,2111,KOL-2111,4,Market Building 4,2019,219,119,5,87,5,435,P1,100,75.9
Kolkata,2111,KOL-2111,4,Market Building 4,2021,232,177,6,48,5,468,P1,55,81.7
Kolkata,2111,KOL-2111,5,Club Building 5,2019,274,112,3,77,4,470,P1,162,76.5
Kolkata,2111,KOL-2111,5,Club Building 5,2021,261,158,4,70,5,498,P1,103,81.1
Kolkata,2111,KOL-2111,6,Community Hall 6,2019,375,207,6,52,6,646,P1,168,79.1
Kolkata,2111,KOL-2111,6,Community Hall 6,2021,325,207,6,58,6,602,P1,118,73.7
Kolkata,2111,KOL-2111,7,Govt Office 7,2019,329,153,7,74,6,569,P1,176,76.7
Kolkata,2111,KOL-2111,7,Govt Office 7,2021,327,207,3,53,6,596,P1,120,80.3
Kolkata,2111,KOL-2111,8,Health Sub-Centre 8,2019,274,159,5,79,5,522,P1,115,79.7
Kolkata,2111,KOL-2111,8,Health Sub-Centre 8,2021,322,128,6,49,5,510,P1,194,77.9
Kolkata,2111,KOL-2111,9,Health Sub-Centre 9,2019,408,134,8,107,7,664,P1,274,82.3
Kolkata,2111,KOL-2111,9,Health Sub-Centre 9,2021,444,154,3,57,6,664,P1,290,82.3
Kolkata,2111,KOL-2111,10,Madrasa 10,2019,194,101,5,62,4,366,P1,93,75.0
Kolkata,2111,KOL-2111,10,Madrasa 10,2021,189,109,3,58,4,363,P1,80,74.4
Kolkata,2111,KOL-2111,11,Primary School 11,2019,230,149,3,79,5,466,P1,81,83.1
Kolkata,2111,KOL-2111,11,Primary School 11,2021,240,95,9,89,5,438,P1,145,78.1
Kolkata,2111,KOL-2111,12,Market Building 12,2019,258,114,4,72,5,453,P1,144,73.5
Kolkata,2111,KOL-2111,12,Market Building 12,2021,334,101,5,38,5,483,P1,233,78.4
Kolkata,2111,KOL-2111,13,Primary School 13,2019,218,155,3,34,5,415,P1,63,75.6
Kolkata,2111,KOL-2111,13,Primary School 13,2021,255,86,4,52,5,402,P1,169,73.2
Kolkata,2111,KOL-2111,14,Panchayat Bhavan 14,2019,319,158,8,100,6,591,P1,161,76.7
Kolkata,2111,KOL-2111,14,Panchayat Bhavan 14,2021,380,163,7,48,6,604,P1,217,78.3
Kolkata,2111,KOL-2111,15,Primary School 15,2019,297,156,3,42,5,503,P1,141,75.2
Kolkata,2111,KOL-2111,15,Primary School 15,2021,258,130,9,110,4,511,P1,128,76.4
Kolkata,2111,KOL-2111,16,Madrasa 16,2019,324,166,3,59,6,558,P1,158,72.6
Kolkata,2111,KOL-2111,16,Madrasa 16,2021,302,135,5,127,5,574,P1,167,74.6
Kolkata,2111,KOL-2111,17,Panchayat Bhavan 17,2019,255,143,5,50,5,458,P1,112,76.5
Kolkata,2111,KOL-2111,17,Panchayat Bhavan 17,2021,230,113,14,119,5,481,P1,111,80.3
Kolkata,2111,KOL-2111,18,High School 18,2019,293,172,2,44,5,516,P1,121,79.6
Kolkata,2111,KOL-2111,18,High School 18,2021,223,217,8,60,5,513,P1,6,79.2
Kolkata,2111,KOL-2111,19,Community Hall 19,2019,387,150,4,50,6,597,P1,237,78.8
Kolkata,2111,KOL-2111,19,Community Hall 19,2021,398,135,4,50,6,593,P1,263,78.2
Kolkata,2111,KOL-2111,20,Anganwadi Centre 20,2019,361,205,5,51,7,629,P1,156,81.0
Kolkata,2111,KOL-2111,20,Anganwadi Centre 20,2021,341,191,5,48,6,591,P1,150,76.1
Kolkata,2111,KOL-2111,21,Community Hall 21,2019,203,128,2,34,3,370,P1,75,76.0
Kolkata,2111,KOL-2111,21,Community Hall 21,2021,262,95,2,34,4,397,P1,167,81.5
Kolkata,2111,KOL-2111,22,Primary School 22,2019,299,196,2,48,5,550,P1,103,73.4
Kolkata,2111,KOL-2111,22,Primary School 22,2021,279,158,9,121,6,573,P1,121,76.5
Kolkata,2111,KOL-2111,23,Community Hall 23,2019,233,117,4,81,5,440,P1,116,77.7
Kolkata,2111,KOL-2111,23,Community Hall 23,2021,242,171,5,38,4,460,P1,71,81.3
Kolkata,2111,KOL-2111,24,Market Building 24,2019,379,146,8,94,6,633,P1,233,77.7
Kolkata,2111,KOL-2111,24,Market Building 24,2021,307,214,9,103,6,639,P1,93,78.4
Kolkata,2111,KOL-2111,25,High School 25,2019,253,118,9,89,5,474,P1,135,72.1
Kolkata,2111,KOL-2111,25,High School 25,2021,334,102,5,39,5,485,P1,232,73.8
Kolkata,2111,KOL-2111,26,Anganwadi Centre 26,2019,238,111,2,33,4,388,P1,127,80.8
Kolkata,2111,KOL-2111,26,Anganwadi Centre 26,2021,213,83,5,80,4,385,P1,130,80.2
Kolkata,2111,KOL-2111,27,Post Office 27,2019,243,148,7,132,5,535,P1,95,75.0
Kolkata,2111,KOL-2111,27,Post Office 27,2021,342,129,5,43,4,523,P1,213,73.4
Kolkata,2111,KOL-2111,28,Club Building 28,2019,179,132,12,86,4,413,P1,47,79.1
Kolkata,2111,KOL-2111,28,Club Building 28,2021,243,141,5,34,4,427,P1,102,81.8
Kolkata,2111,KOL-2111,29,Post Office 29,2019,282,96,2,36,4,420,P1,186,73.2
Kolkata,2111,KOL-2111,29,Post Office 29,2021,272,116,4,46,5,443,P1,156,77.2
Kolkata,2111,KOL-2111,30,Primary School 30,2019,365,137,6,44,6,558,P1,228,78.2
Kolkata,2111,KOL-2111,30,Primary School 30,2021,312,223,5,48,6,594,P1,89,83.2
Kolkata,2111,KOL-2111,31,Community Hall 31,2019,396,131,7,66,7,607,P1,265,80.1
Kolkata,2111,KOL-2111,31,Community Hall 31,2021,319,151,16,117,5,608,P1,168,80.2
Kolkata,2111,KOL-2111,32,Temple Hall 32,2019,373,183,2,53,7,618,P1,190,77.4
Kolkata,2111,KOL-2111,32,Temple Hall 32,2021,290,184,6,116,5,601,P1,106,75.3
Kolkata,2111,KOL-2111,33,Club Building 33,2019,255,119,2,35,5,416,P1,136,78.0
Kolkata,2111,KOL-2111,33,Club Building 33,2021,192,109,9,78,4,392,P1,83,73.5
Kolkata,2111,KOL-2111,34,Primary School 34,2019,375,182,3,62,7,629,P1,193,82.1
Kolkata,2111,KOL-2111,34,Primary School 34,2021,332,153,5,69,6,565,P1,179,73.8
Kolkata,2111,KOL-2111,35,Temple Hall 35,2019,262,101,6,72,4,445,P1,161,76.2
Kolkata,2111,KOL-2111,35,Temple Hall 35,2021,285,98,5,34,4,426,P1,187,72.9
Kolkata,2111,KOL-2111,36,Temple Hall 36,2019,223,128,1,34,4,390,P1,95,72.6
Kolkata,2111,KOL-2111,36,Temple Hall 36,2021,267,121,6,46,5,445,P1,146,82.9
Kolkata,2111,KOL-2111,37,Temple Hall 37,2019,255,128,2,37,4,426,P1,127,81.6
Kolkata,2111,KOL-2111,37,Temple Hall 37,2021,255,80,3,37,4,379,P1,175,72.6
Kolkata,2111,KOL-2111,38,Temple Hall 38,2019,207,130,8,60,4,409,P1,77,78.5
Kolkata,2111,KOL-2111,38,Temple Hall 38,2021,213,111,4,82,4,414,P1,102,79.5
Kolkata,2111,KOL-2111,39,Market Building 39,2019,360,193,3,52,7,615,P1,167,79.9
Kolkata,2111,KOL-2111,39,Market Building 39,2021,319,195,6,64,6,590,P1,124,76.6
Kolkata,2111,KOL-2111,40,Anganwadi Centre 40,2019,233,139,6,51,4,433,P1,94,74.7
Kolkata,2111,KOL-2111,40,Anganwadi Centre 40,2021,301,111,5,36,4,457,P1,190,78.8
Kolkata,2111,KOL-2111,41,Health Sub-Centre 41,2019,283,130,2,39,4,458,P1,153,73.5
Kolkata,2111,KOL-2111,41,Health Sub-Centre 41,2021,328,126,4,41,5,504,P1,202,80.9
Kolkata,2111,KOL-2111,42,Health Sub-Centre 42,2019,343,144,2,53,6,548,P1,199,80.8
Kolkata,2111,KOL-2111,42,Health Sub-Centre 42,2021,285,173,3,43,5,509,P1,112,75.1
Kolkata,2111,KOL-2111,43,Primary School 43,2019,385,70,3,67,5,530,P1,315,75.4
Kolkata,2111,KOL-2111,43,Primary School 43,2021,354,172,6,46,6,584,P1,182,83.1
Kolkata,2111,KOL-2111,44,Govt Office 44,2019,293,171,12,110,5,591,P1,122,76.6
Kolkata,2111,KOL-2111,44,Govt Office 44,2021,309,140,5,123,6,583,P1,169,75.5
Kolkata,2111,KOL-2111,45,Health Sub-Centre 45,2019,259,155,4,43,4,465,P1,104,81.9
Kolkata,2111,KOL-2111,45,Health Sub-Centre 45,2021,264,159,4,38,4,469,P1,105,82.6
Kolkata,2111,KOL-2111,46,Community Hall 46,2019,190,125,6,91,5,417,P1,65,77.5
Kolkata,2111,KOL-2111,46,Community Hall 46,2021,242,120,4,32,4,402,P1,122,74.7
Kolkata,2111,KOL-2111,47,Community Hall 47,2019,239,110,4,33,4,390,P1,129,72.5
Kolkata,2111,KOL-2111,47,Community Hall 47,2021,177,163,7,56,4,407,P1,14,75.7
Kolkata,2111,KOL-2111,48,Post Office 48,2019,213,130,4,78,4,429,P1,83,73.7
Kolkata,2111,KOL-2111,48,Post Office 48,2021,249,113,7,109,5,483,P1,136,83.0
Kolkata,2111,KOL-2111,49,Post Office 49,2019,215,147,6,53,4,425,P1,68,82.8
Kolkata,2111,KOL-2111,49,Post Office 49,2021,231,128,4,32,4,399,P1,103,77.8
Kolkata,2111,KOL-2111,50,Post Office 50,2019,218,125,3,31,4,381,P1,93,73.0
Kolkata,2111,KOL-2111,50,Post Office 50,2021,237,107,3,32,3,382,P1,130,73.2
Kolkata,2111,KOL-2111,51,Govt Office 51,2019,312,204,5,123,7,651,P1,108,80.0
Kolkata,2111,KOL-2111,51,Govt Office 51,2021,340,204,6,105,6,661,P1,136,81.2
Kolkata,2111,KOL-2111,52,Anganwadi Centre 52,2019,271,140,5,90,5,511,P1,131,79.6
Kolkata,2111,KOL-2111,52,Anganwadi Centre 52,2021,266,69,7,116,5,463,P1,150,72.1
Kolkata,2111,KOL-2111,53,Primary School 53,2019,362,81,4,88,5,540,P1,274,75.1
Kolkata,2111,KOL-2111,53,Primary School 53,2021,311,165,4,46,6,532,P1,146,74.0
Kolkata,2111,KOL-2111,54,Primary School 54,2019,405,162,8,56,6,637,P1,243,81.0
Kolkata,2111,KOL-2111,54,Primary School 54,2021,394,192,6,52,7,651,P1,202,82.8
Kolkata,2111,KOL-2111,55,Health Sub-Centre 55,2019,227,119,5,37,4,392,P1,108,75.0
Kolkata,2111,KOL-2111,55,Health Sub-Centre 55,2021,221,96,2,59,4,382,P1,125,73.0
Kolkata,2111,KOL-2111,56,Govt Office 56,2019,290,160,5,40,5,500,P1,130,76.0
Kolkata,2111,KOL-2111,56,Govt Office 56,2021,302,154,4,41,5,506,P1,148,76.9
Kolkata,2111,KOL-2111,57,Health Sub-Centre 57,2019,217,89,6,106,4,422,P1,111,81.3
Kolkata,2111,KOL-2111,57,Health Sub-Centre 57,2021,261,81,4,30,4,380,P1,180,73.2
Kolkata,2111,KOL-2111,58,Panchayat Bhavan 58,2019,250,120,3,52,5,430,P1,130,73.0
Kolkata,2111,KOL-2111,58,Panchayat Bhavan 58,2021,259,164,5,40,5,473,P1,95,80.3
Kolkata,2111,KOL-2111,59,Anganwadi Centre 59,2019,305,158,14,146,6,629,P1,147,78.4
Kolkata,2111,KOL-2111,59,Anganwadi Centre 59,2021,383,172,5,92,7,659,P1,211,82.2
Kolkata,2111,KOL-2111,60,Community Hall 60,2019,356,170,3,49,6,584,P1,186,79.5
Kolkata,2111,KOL-2111,60,Community Hall 60,2021,356,182,3,52,7,600,P1,174,81.6
Kolkata,2111,KOL-2111,61,Panchayat Bhavan 61,2019,311,149,5,41,5,511,P1,162,75.4
Kolkata,2111,KOL-2111,61,Panchayat Bhavan 61,2021,323,132,7,74,5,541,P1,191,79.8
Kolkata,2111,KOL-2111,62,Primary School 62,2019,332,147,4,44,5,532,P1,185,72.1
Kolkata,2111,KOL-2111,62,Primary School 62,2021,293,211,6,44,6,560,P1,82,75.9
Kolkata,2111,KOL-2111,63,Panchayat Bhavan 63,2019,253,138,14,103,5,513,P1,115,74.9
Kolkata,2111,KOL-2111,63,Panchayat Bhavan 63,2021,378,132,5,46,6,567,P1,246,82.8
Kolkata,2111,KOL-2111,64,Health Sub-Centre 64,2019,413,132,7,77,7,636,P1,281,82.9
Kolkata,2111,KOL-2111,64,Health Sub-Centre 64,2021,301,223,6,46,7,583,P1,78,76.0
Kolkata,2111,KOL-2111,65,Post Office 65,2019,392,182,3,54,6,637,P1,210,78.3
Kolkata,2111,KOL-2111,65,Post Office 65,2021,402,184,7,51,7,651,P1,218,80.0
Kolkata,2111,KOL-2111,66,Club Building 66,2019,387,157,3,51,7,605,P1,230,81.6
Kolkata,2111,KOL-2111,66,Club Building 66,2021,396,94,5,44,6,545,P1,302,73.5
Kolkata,2111,KOL-2111,67,Panchayat Bhavan 67,2019,258,114,5,69,4,450,P1,144,80.1
Kolkata,2111,KOL-2111,67,Panchayat Bhavan 67,2021,274,94,1,40,4,413,P1,180,73.5
Kolkata,2111,KOL-2111,68,Primary School 68,2019,273,146,7,110,5,541,P1,127,82.1
Kolkata,2111,KOL-2111,68,Primary School 68,2021,220,169,8,80,5,482,P1,51,73.1
Kolkata,2111,KOL-2111,69,Club Building 69,2019,250,131,5,44,4,434,P1,119,79.1
Kolkata,2111,KOL-2111,69,Club Building 69,2021,203,127,5,81,5,421,P1,76,76.7
Kolkata,2111,KOL-2111,70,Anganwadi Centre 70,2019,272,83,5,31,4,395,P1,189,81.8
Kolkata,2111,KOL-2111,70,Anganwadi Centre 70,2021,245,88,3,30,4,370,P1,157,76.6
Kolkata,2111,KOL-2111,71,Post Office 71,2019,336,103,8,61,5,513,P1,233,82.6
Kolkata,2111,KOL-2111,71,Post Office 71,2021,239,157,4,88,5,493,P1,82,79.4
Kolkata,2111,KOL-2111,72,Primary School 72,2019,305,161,4,43,5,518,P1,144,74.2
Kolkata,2111,KOL-2111,72,Primary School 72,2021,259,150,12,103,6,530,P1,109,75.9
Kolkata,2111,KOL-2111,73,High School 73,2019,296,135,7,88,5,531,P1,161,83.1
Kolkata,2111,KOL-2111,73,High School 73,2021,256,184,2,57,5,504,P1,72,78.9
Kolkata,2111,KOL-2111,74,Govt Office 74,2019,281,112,5,64,3,465,P1,169,73.8
Kolkata,2111,KOL-2111,74,Govt Office 74,2021,255,187,7,50,4,503,P1,68,79.8
Kolkata,2111,KOL-2111,75,Post Office 75,2019,299,98,6,39,5,447,P1,201,80.4
Kolkata,2111,KOL-2111,75,Post Office 75,2021,263,115,3,35,4,420,P1,148,75.5
Kolkata,2111,KOL-2111,76,Post Office 76,2019,305,164,3,90,6,568,P1,141,83.2
Kolkata,2111,KOL-2111,76,Post Office 76,2021,336,100,9,79,6,530,P1,236,77.6
Kolkata,2111,KOL-2111,77,Market Building 77,2019,342,152,7,80,5,586,P1,190,78.2
Kolkata,2111,KOL-2111,77,Market Building 77,2021,376,159,4,50,5,594,P1,217,79.3
Kolkata,2111,KOL-2111,78,Health Sub-Centre 78,2019,357,92,12,127,7,595,P1,230,74.7
Kolkata,2111,KOL-2111,78,Health Sub-Centre 78,2021,399,163,6,51,5,624,P1,236,78.3
Kolkata,2111,KOL-2111,79,Club Building 79,2019,353,163,4,48,5,573,P1,190,75.7
Kolkata,2111,KOL-2111,79,Club Building 79,2021,325,203,6,47,6,587,P1,122,77.5
Kolkata,2111,KOL-2111,80,Anganwadi Centre 80,2019,279,156,2,49,5,491,P1,123,78.9
Kolkata,2111,KOL-2111,80,Anganwadi Centre 80,2021,295,136,3,64,5,503,P1,159,80.9
Kolkata,2111,KOL-2111,81,Primary School 81,2019,200,130,5,44,3,382,P1,70,75.3
Kolkata,2111,KOL-2111,81,Primary School 81,2021,226,122,1,33,5,387,P1,104,76.3
Kolkata,2111,KOL-2111,82,Club Building 82,2019,267,216,9,68,5,565,P1,51,82.1
Kolkata,2111,KOL-2111,82,Club Building 82,2021,271,144,8,123,5,551,P1,127,80.1
Kolkata,2111,KOL-2111,83,Temple Hall 83,2019,234,116,4,31,4,389,P1,118,79.4
Kolkata,2111,KOL-2111,83,Temple Hall 83,2021,188,71,7,115,4,385,P1,73,78.6
Kolkata,2111,KOL-2111,84,Panchayat Bhavan 84,2019,318,197,3,74,6,598,P1,121,80.6
Kolkata,2111,KOL-2111,84,Panchayat Bhavan 84,2021,345,149,5,88,6,593,P1,196,79.9
Kolkata,2111,KOL-2111,85,Club Building 85,2019,264,121,5,39,4,433,P1,143,79.6
Kolkata,2111,KOL-2111,85,Club Building 85,2021,256,119,2,47,4,428,P1,137,78.7
Kolkata,2111,KOL-2111,86,Govt Office 86,2019,333,187,3,49,5,577,P1,146,75.8
Kolkata,2111,KOL-2111,86,Govt Office 86,2021,376,192,5,52,7,632,P1,184,83.0
Kolkata,2111,KOL-2111,87,High School 87,2019,201,210,5,61,4,481,P2,9,73.7
Kolkata,2111,KOL-2111,87,High School 87,2021,226,146,6,96,4,478,P1,80,73.2
Kolkata,2111,KOL-2111,88,Temple Hall 88,2019,290,121,4,38,4,457,P1,169,82.5
Kolkata,2111,KOL-2111,88,Temple Hall 88,2021,354,60,3,38,5,460,P1,294,83.0
Kolkata,2111,KOL-2111,89,Govt Office 89,2019,275,105,2,36,5,423,P1,170,81.0
Kolkata,2111,KOL-2111,89,Govt Office 89,2021,235,140,3,34,4,416,P1,95,79.7
Kolkata,2111,KOL-2111,90,Primary School 90,2019,312,209,7,95,7,630,P1,103,82.1
Kolkata,2111,KOL-2111,90,Primary School 90,2021,346,147,7,104,6,610,P1,199,79.5
Kolkata,2111,KOL-2111,91,Post Office 91,2019,383,166,6,49,6,610,P1,217,81.3
Kolkata,2111,KOL-2111,91,Post Office 91,2021,297,191,9,75,5,577,P1,106,76.9
Kolkata,2111,KOL-2111,92,High School 92,2019,395,133,3,50,6,587,P1,262,79.3
Kolkata,2111,KOL-2111,92,High School 92,2021,296,124,13,124,5,562,P1,172,75.9
Kolkata,2111,KOL-2111,93,Temple Hall 93,2019,311,149,5,41,5,511,P1,162,81.0
Kolkata,2111,KOL-2111,93,Temple Hall 93,2021,257,164,4,45,5,475,P1,93,75.3
Kolkata,2111,KOL-2111,94,Temple Hall 94,2019,331,196,10,74,7,618,P1,135,81.2
Kolkata,2111,KOL-2111,94,Temple Hall 94,2021,332,126,11,156,7,632,P1,176,83.0
Kolkata,2111,KOL-2111,95,Govt Office 95,2019,257,207,5,53,6,528,P1,50,81.4
Kolkata,2111,KOL-2111,95,Govt Office 95,2021,311,123,6,38,4,482,P1,188,74.3
Kolkata,2111,KOL-2111,96,Temple Hall 96,2019,242,148,9,121,5,525,P1,94,75.9
Kolkata,2111,KOL-2111,96,Temple Hall 96,2021,233,108,12,164,6,523,P1,69,75.6
Kolkata,2111,KOL-2111,97,Market Building 97,2019,226,119,14,108,5,472,P1,107,80.7
Kolkata,2111,KOL-2111,97,Market Building 97,2021,265,125,3,36,4,433,P1,140,74.0
Kolkata,2111,KOL-2111,98,Govt Office 98,2019,309,141,2,69,5,526,P1,168,72.8
Kolkata,2111,KOL-2111,98,Govt Office 98,2021,282,161,3,84,6,536,P1,121,74.1
Kolkata,2111,KOL-2111,99,Post Office 99,2019,305,170,10,74,6,565,P1,135,73.1
Kolkata,2111,KOL-2111,99,Post Office 99,2021,303,243,5,75,6,632,P1,60,81.8
Kolkata,2111,KOL-2111,100,Govt Office 100,2019,352,148,6,83,5,594,P1,204,72.5
Kolkata,2111,KOL-2111,100,Govt Office 100,2021,347,201,6,105,6,665,P1,146,81.2
Kolkata,2111,KOL-2111,101,Govt Office 101,2019,242,106,3,32,4,387,P1,136,76.8
Kolkata,2111,KOL-2111,101,Govt Office 101,2021,246,119,3,34,4,406,P1,127,80.6
Kolkata,2111,KOL-2111,102,Club Building 102,2019,332,194,5,47,7,585,P1,138,73.7
Kolkata,2111,KOL-2111,102,Club Building 102,2021,334,194,12,87,6,633,P1,140,79.7
Kolkata,2111,KOL-2111,103,Madrasa 103,2019,290,69,3,33,3,398,P1,221,78.2
Kolkata,2111,KOL-2111,103,Madrasa 103,2021,147,114,13,95,4,373,P1,33,73.3
Kolkata,2111,KOL-2111,104,High School 104,2019,224,123,6,44,5,402,P1,101,73.1
Kolkata,2111,KOL-2111,104,High School 104,2021,244,137,5,52,4,442,P1,107,80.4
Kolkata,2111,KOL-2111,105,Anganwadi Centre 105,2019,257,127,5,45,4,438,P1,130,79.1
Kolkata,2111,KOL-2111,105,Anganwadi Centre 105,2021,235,154,4,35,5,433,P1,81,78.2
Kolkata,2111,KOL-2111,106,Primary School 106,2019,305,119,3,40,4,471,P1,186,80.1
Kolkata,2111,KOL-2111,106,Primary School 106,2021,278,112,5,34,4,433,P1,166,73.6
Kolkata,2111,KOL-2111,107,Community Hall 107,2019,276,156,5,73,5,515,P1,120,82.4
Kolkata,2111,KOL-2111,107,Community Hall 107,2021,262,138,4,109,4,517,P1,124,82.7
Kolkata,2111,KOL-2111,108,Primary School 108,2019,281,99,2,36,5,423,P1,182,81.7
Kolkata,2111,KOL-2111,108,Primary School 108,2021,231,122,7,55,5,420,P1,109,81.1
Kolkata,2111,KOL-2111,109,Post Office 109,2019,399,165,5,51,7,627,P1,234,81.6
Kolkata,2111,KOL-2111,109,Post Office 109,2021,371,162,4,50,5,592,P1,209,77.1
Kolkata,2111,KOL-2111,110,Post Office 110,2019,292,142,18,134,6,592,P1,150,72.5
Kolkata,2111,KOL-2111,110,Post Office 110,2021,360,189,6,49,6,610,P1,171,74.7
Kolkata,2111,KOL-2111,111,Panchayat Bhavan 111,2019,327,147,6,42,5,527,P1,180,80.1
Kolkata,2111,KOL-2111,111,Panchayat Bhavan 111,2021,289,187,7,59,5,547,P1,102,83.1
Kolkata,2111,KOL-2111,112,Madrasa 112,2019,301,165,4,42,5,517,P1,136,72.5
Kolkata,2111,KOL-2111,112,Madrasa 112,2021,420,110,6,47,6,589,P1,310,82.6
Kolkata,2111,KOL-2111,113,Community Hall 113,2019,293,117,14,127,5,556,P1,166,78.6
Kolkata,2111,KOL-2111,113,Community Hall 113,2021,277,104,4,133,5,523,P1,144,74.0
Kolkata,2111,KOL-2111,114,Temple Hall 114,2019,211,119,5,59,4,398,P1,92,73.2
Kolkata,2111,KOL-2111,114,Temple Hall 114,2021,181,147,2,59,4,393,P1,34,72.2
Kolkata,2111,KOL-2111,115,Post Office 115,2019,189,148,7,59,3,406,P1,41,77.3
Kolkata,2111,KOL-2111,115,Post Office 115,2021,200,67,4,104,3,378,P1,96,72.0
Kolkata,2111,KOL-2111,116,Community Hall 116,2019,302,114,5,118,5,544,P1,184,76.2
Kolkata,2111,KOL-2111,116,Community Hall 116,2021,365,125,6,43,6,545,P1,240,76.3
Kolkata,2111,KOL-2111,117,Health Sub-Centre 117,2019,324,138,11,128,6,607,P1,186,80.0
Kolkata,2111,KOL-2111,117,Health Sub-Centre 117,2021,377,162,6,48,6,599,P1,215,78.9
Kolkata,2111,KOL-2111,118,Post Office 118,2019,323,109,14,101,5,552,P1,214,82.5
Kolkata,2111,KOL-2111,118,Post Office 118,2021,283,142,9,90,6,530,P1,141,79.2
Kolkata,2111,KOL-2111,119,Health Sub-Centre 119,2019,371,103,6,41,5,526,P1,268,72.5
Kolkata,2111,KOL-2111,119,Health Sub-Centre 119,2021,379,147,3,49,7,585,P1,232,80.6
Kolkata,2111,KOL-2111,120,Community Hall 120,2019,340,137,8,130,7,622,P1,203,78.8
Kolkata,2111,KOL-2111,120,Community Hall 120,2021,367,184,7,49,5,612,P1,183,77.6
Kolkata,2111,KOL-2111,121,Primary School 121,2019,314,131,6,104,5,560,P1,183,82.6
Kolkata,2111,KOL-2111,121,Primary School 121,2021,260,158,7,75,5,505,P1,102,74.5
Kolkata,2111,KOL-2111,122,Govt Office 122,2019,357,126,7,74,6,570,P1,231,80.6
Kolkata,2111,KOL-2111,122,Govt Office 122,2021,392,116,6,44,6,564,P1,276,79.8
Kolkata,2111,KOL-2111,123,Club Building 123,2019,245,126,4,44,4,423,P1,119,81.0
Kolkata,2111,KOL-2111,123,Club Building 123,2021,211,107,8,81,5,412,P1,104,78.9
Kolkata,2111,KOL-2111,124,Club Building 124,2019,376,144,2,50,6,578,P1,232,76.8
Kolkata,2111,KOL-2111,124,Club Building 124,2021,364,151,3,49,6,573,P1,213,76.1
Kolkata,2111,KOL-2111,125,Post Office 125,2019,295,173,4,43,5,520,P1,122,77.8
Kolkata,2111,KOL-2111,125,Post Office 125,2021,366,113,5,42,6,532,P1,253,79.6
Kolkata,2111,KOL-2111,126,Anganwadi Centre 126,2019,260,117,3,67,5,452,P1,143,82.0
Kolkata,2111,KOL-2111,126,Anganwadi Centre 126,2021,225,98,9,69,4,405,P1,127,73.5
Kolkata,2111,KOL-2111,127,Panchayat Bhavan 127,2019,212,112,7,49,3,383,P1,100,75.8
Kolkata,2111,KOL-2111,127,Panchayat Bhavan 127,2021,207,91,6,71,4,379,P1,116,75.0
Kolkata,2111,KOL-2111,128,Club Building 128,2019,312,151,4,98,6,571,P1,161,74.1
Kolkata,2111,KOL-2111,128,Club Building 128,2021,323,223,6,61,6,619,P1,100,80.3
Kolkata,2111,KOL-2111,129,Primary School 129,2019,272,163,9,60,5,509,P1,109,78.2
Kolkata,2111,KOL-2111,129,Primary School 129,2021,381,86,4,43,5,519,P1,295,79.7
Kolkata,2111,KOL-2111,130,Market Building 130,2019,255,104,3,33,4,399,P1,151,72.7
Kolkata,2111,KOL-2111,130,Market Building 130,2021,263,98,2,34,4,401,P1,165,73.0
Kolkata,2111,KOL-2111,131,Post Office 131,2019,198,122,3,61,3,387,P1,76,74.9
Kolkata,2111,KOL-2111,131,Post Office 131,2021,278,77,5,31,3,394,P1,201,76.2
Kolkata,2111,KOL-2111,132,Panchayat Bhavan 132,2019,285,192,7,67,5,556,P1,93,73.2
Kolkata,2111,KOL-2111,132,Panchayat Bhavan 132,2021,298,171,11,91,6,577,P1,127,75.9
Kolkata,2111,KOL-2111,133,Panchayat Bhavan 133,2019,410,173,6,52,6,647,P1,237,82.6
Kolkata,2111,KOL-2111,133,Panchayat Bhavan 133,2021,413,132,4,51,5,605,P1,281,77.3
Kolkata,2111,KOL-2111,134,Health Sub-Centre 134,2019,306,172,4,52,5,539,P1,134,72.9
Kolkata,2111,KOL-2111,134,Health Sub-Centre 134,2021,396,127,3,50,5,581,P1,269,78.6
Kolkata,2111,KOL-2111,135,Anganwadi Centre 135,2019,357,125,2,46,5,535,P1,232,82.6
Kolkata,2111,KOL-2111,135,Anganwadi Centre 135,2021,308,155,6,48,6,523,P1,153,80.7
Kolkata,2111,KOL-2111,136,Govt Office 136,2019,288,113,2,38,5,446,P1,175,74.3
Kolkata,2111,KOL-2111,136,Govt Office 136,2021,283,126,5,36,4,454,P1,157,75.7
Kolkata,2111,KOL-2111,137,Govt Office 137,2019,285,139,2,41,5,472,P1,146,78.1
Kolkata,2111,KOL-2111,137,Govt Office 137,2021,289,115,4,75,5,488,P1,174,80.8
Kolkata,2111,KOL-2111,138,Health Sub-Centre 138,2019,333,220,5,50,6,614,P1,113,80.6
Kolkata,2111,KOL-2111,138,Health Sub-Centre 138,2021,369,184,5,50,7,615,P1,185,80.7
Kolkata,2111,KOL-2111,139,Health Sub-Centre 139,2019,409,134,3,52,5,603,P1,275,80.4
Kolkata,2111,KOL-2111,139,Health Sub-Centre 139,2021,314,156,8,61,6,545,P1,158,72.7
Kolkata,2111,KOL-2111,140,Post Office 140,2019,359,181,5,60,6,611,P1,178,82.0
Kolkata,2111,KOL-2111,140,Post Office 140,2021,301,183,4,59,6,553,P1,118,74.2
Kolkata,2111,KOL-2111,141,Market Building 141,2019,251,137,10,103,5,506,P1,114,73.4
Kolkata,2111,KOL-2111,141,Market Building 141,2021,294,140,4,73,4,515,P1,154,74.7
Kolkata,2111,KOL-2111,142,High School 142,2019,240,127,2,35,4,408,P1,113,75.6
Kolkata,2111,KOL-2111,142,High School 142,2021,237,110,4,72,4,427,P1,127,79.1
Kolkata,2111,KOL-2111,143,Primary School 143,2019,270,228,7,78,6,589,P1,42,78.8
Kolkata,2111,KOL-2111,143,Primary School 143,2021,323,167,5,94,5,594,P1,156,79.5
Kolkata,2111,KOL-2111,144,Community Hall 144,2019,296,153,7,92,5,553,P1,143,80.7
Kolkata,2111,KOL-2111,144,Community Hall 144,2021,352,116,4,43,5,520,P1,236,75.9
Kolkata,2111,KOL-2111,145,Community Hall 145,2019,255,111,3,33,4,406,P1,144,76.5
Kolkata,2111,KOL-2111,145,Community Hall 145,2021,233,136,3,64,4,440,P1,97,82.9
Kolkata,2111,KOL-2111,146,Post Office 146,2019,379,140,5,70,6,600,P1,239,75.5
Kolkata,2111,KOL-2111,146,Post Office 146,2021,410,143,9,79,6,647,P1,267,81.4
Kolkata,2111,KOL-2111,147,Post Office 147,2019,335,133,6,41,5,520,P1,202,76.1
Kolkata,2111,KOL-2111,147,Post Office 147,2021,268,154,8,68,5,503,P1,114,73.6
Kolkata,2111,KOL-2111,148,Primary School 148,2019,317,149,4,46,6,522,P1,168,81.3
Kolkata,2111,KOL-2111,148,Primary School 148,2021,272,118,16,116,6,528,P1,154,82.2
Kolkata,2111,KOL-2111,149,Anganwadi Centre 149,2019,204,97,3,54,4,362,P1,107,75.4
Kolkata,2111,KOL-2111,149,Anganwadi Centre 149,2021,222,108,4,42,4,380,P1,114,79.2
Kolkata,2111,KOL-2111,150,Health Sub-Centre 150,2019,397,188,2,56,7,650,P1,209,79.5
Kolkata,2111,KOL-2111,150,Health Sub-Centre 150,2021,381,193,5,61,7,647,P1,188,79.1
Kolkata,2111,KOL-2111,151,Club Building 151,2019,248,181,8,67,5,509,P1,67,82.8
Kolkata,2111,KOL-2111,151,Club Building 151,2021,279,123,2,38,5,447,P1,156,72.7
Kolkata,2111,KOL-2111,152,Temple Hall 152,2019,352,163,8,56,5,584,P1,189,82.7
Kolkata,2111,KOL-2111,152,Temple Hall 152,2021,363,114,5,43,5,530,P1,249,75.1
Kolkata,2111,KOL-2111,153,Govt Office 153,2019,221,122,2,51,4,400,P1,99,81.5
Kolkata,2111,KOL-2111,153,Govt Office 153,2021,217,123,5,48,5,398,P1,94,81.1
Kolkata,2111,KOL-2111,154,Community Hall 154,2019,277,105,5,33,4,424,P1,172,81.9
Kolkata,2111,KOL-2111,154,Community Hall 154,2021,206,103,4,57,4,374,P1,103,72.2
Kolkata,2111,KOL-2111,155,Market Building 155,2019,295,162,15,135,5,612,P1,133,75.3
Kolkata,2111,KOL-2111,155,Market Building 155,2021,350,153,6,126,6,641,P1,197,78.8
Kolkata,2111,KOL-2111,156,Health Sub-Centre 156,2019,337,178,4,48,5,572,P1,159,78.9
Kolkata,2111,KOL-2111,156,Health Sub-Centre 156,2021,335,183,6,46,6,576,P1,152,79.4
Kolkata,2111,KOL-2111,157,Panchayat Bhavan 157,2019,247,116,3,70,4,440,P1,131,77.7
Kolkata,2111,KOL-2111,157,Panchayat Bhavan 157,2021,215,130,9,73,5,432,P1,85,76.3
Kolkata,2111,KOL-2111,158,Anganwadi Centre 158,2019,291,143,12,83,6,535,P1,148,79.3
Kolkata,2111,KOL-2111,158,Anganwadi Centre 158,2021,314,115,7,58,5,499,P1,199,73.9
Kolkata,2111,KOL-2111,159,Post Office 159,2019,267,158,5,37,5,472,P1,109,76.6
Kolkata,2111,KOL-2111,159,Post Office 159,2021,239,182,4,43,6,474,P1,57,76.9
Kolkata,2111,KOL-2111,160,Market Building 160,2019,247,99,11,93,4,454,P1,148,75.0
Kolkata,2111,KOL-2111,160,Market Building 160,2021,259,165,4,38,5,471,P1,94,77.9
Kolkata,2111,KOL-2111,161,Govt Office 161,2019,196,102,7,76,3,384,P1,94,79.7
Kolkata,2111,KOL-2111,161,Govt Office 161,2021,190,129,4,28,3,354,P1,61,73.4
Kolkata,2111,KOL-2111,162,Club Building 162,2019,246,126,2,35,5,414,P1,120,76.2
Kolkata,2111,KOL-2111,162,Club Building 162,2021,263,114,4,33,4,418,P1,149,77.0
Kolkata,2111,KOL-2111,163,Panchayat Bhavan 163,2019,253,102,9,97,5,466,P1,151,78.8
Kolkata,2111,KOL-2111,163,Panchayat Bhavan 163,2021,290,113,3,62,5,473,P1,177,80.0
Kolkata,2111,KOL-2111,164,Primary School 164,2019,298,152,5,78,5,538,P1,146,75.9
Kolkata,2111,KOL-2111,164,Primary School 164,2021,313,155,6,59,5,538,P1,158,75.9
Kolkata,2111,KOL-2111,165,Madrasa 165,2019,328,124,6,43,5,506,P1,204,74.3
Kolkata,2111,KOL-2111,165,Madrasa 165,2021,332,163,2,47,6,550,P1,169,80.8
Kolkata,2111,KOL-2111,166,Community Hall 166,2019,282,145,15,115,6,563,P1,137,81.5
Kolkata,2111,KOL-2111,166,Community Hall 166,2021,361,127,5,52,5,550,P1,234,79.6
Kolkata,2111,KOL-2111,167,Temple Hall 167,2019,292,211,5,45,6,559,P1,81,80.1
Kolkata,2111,KOL-2111,167,Temple Hall 167,2021,325,139,5,42,4,515,P1,186,73.8
Kolkata,2111,KOL-2111,168,Primary School 168,2019,316,122,8,65,6,517,P1,194,76.9
Kolkata,2111,KOL-2111,168,Primary School 168,2021,291,134,7,56,5,493,P1,157,73.4
Kolkata,2111,KOL-2111,169,Primary School 169,2019,410,139,3,52,6,610,P1,271,82.5
Kolkata,2111,KOL-2111,169,Primary School 169,2021,260,168,7,142,6,583,P1,92,78.9
Kolkata,2111,KOL-2111,170,Club Building 170,2019,268,122,4,35,4,433,P1,146,73.8
Kolkata,2111,KOL-2111,170,Club Building 170,2021,270,121,4,35,5,435,P1,149,74.1
Kolkata,2111,KOL-2111,171,Primary School 171,2019,266,139,8,66,5,484,P1,127,77.1
Kolkata,2111,KOL-2111,171,Primary School 171,2021,248,158,5,67,5,483,P1,90,76.9
Kolkata,2111,KOL-2111,172,High School 172,2019,317,132,4,77,6,536,P1,185,72.3
Kolkata,2111,KOL-2111,172,High School 172,2021,292,186,10,66,6,560,P1,106,75.6
Kolkata,2111,KOL-2111,173,Community Hall 173,2019,308,156,9,122,6,601,P1,152,75.7
Kolkata,2111,KOL-2111,173,Community Hall 173,2021,435,147,3,55,7,647,P1,288,81.5
Kolkata,2111,KOL-2111,174,Club Building 174,2019,345,134,8,98,6,591,P1,211,82.4
Kolkata,2111,KOL-2111,174,Club Building 174,2021,298,169,9,104,7,587,P1,129,81.9
Kolkata,2111,KOL-2111,175,High School 175,2019,251,123,4,54,4,436,P1,128,79.3
Kolkata,2111,KOL-2111,175,High School 175,2021,264,127,3,36,4,434,P1,137,78.9
Kolkata,2111,KOL-2111,176,Post Office 176,2019,211,125,7,67,4,414,P1,86,80.5
Kolkata,2111,KOL-2111,176,Post Office 176,2021,205,129,4,49,4,391,P1,76,76.1
Kolkata,2111,KOL-2111,177,Club Building 177,2019,252,172,4,64,4,496,P1,80,72.3
Kolkata,2111,KOL-2111,177,Club Building 177,2021,328,184,5,46,6,569,P1,144,82.9
