district,ac_code,ac_name,part_no,booth_name,year,votes_P1,votes_P2,votes_P3,votes_P4,votes_NOTA,total_votes,winner,margin,turnout_pct
Paschim Medinipur,601,WMed-601,1,Post Office 1,2019,245,229,5,146,6,631,P1,16,79.2
Paschim Medinipur,601,WMed-601,1,Post Office 1,2021,341,170,15,104,7,637,P1,171,79.9
Paschim Medinipur,601,WMed-601,2,Govt Office 2,2019,230,145,4,34,3,416,P1,85,79.5
Paschim Medinipur,601,WMed-601,2,Govt Office 2,2021,244,101,5,63,4,417,P1,143,79.7
Paschim Medinipur,601,WMed-601,3,Panchayat Bhavan 3,2019,382,133,6,46,6,573,P1,249,85.0
Paschim Medinipur,601,WMed-601,3,Panchayat Bhavan 3,2021,296,154,2,43,5,500,P1,142,74.2
Paschim Medinipur,601,WMed-601,4,Market Building 4,2019,264,113,9,80,4,470,P1,151,83.0
Paschim Medinipur,601,WMed-601,4,Market Building 4,2021,238,133,8,64,4,447,P1,105,79.0
Paschim Medinipur,601,WMed-601,5,Primary School 5,2019,346,156,3,48,5,558,P1,190,76.2
Paschim Medinipur,601,WMed-601,5,Primary School 5,2021,295,149,5,127,6,582,P1,146,79.5
Paschim Medinipur,601,WMed-601,6,Govt Office 6,2019,325,183,8,150,6,672,P1,142,84.4
Paschim Medinipur,601,WMed-601,6,Govt Office 6,2021,355,206,6,83,6,656,P1,149,82.4
Paschim Medinipur,601,WMed-601,7,Madrasa 7,2019,309,125,3,41,4,482,P1,184,73.9
Paschim Medinipur,601,WMed-601,7,Madrasa 7,2021,315,150,5,41,5,516,P1,165,79.1
Paschim Medinipur,601,WMed-601,8,Club Building 8,2019,338,188,2,51,5,584,P1,150,74.0
Paschim Medinipur,601,WMed-601,8,Club Building 8,2021,374,172,3,52,6,607,P1,202,76.9
Paschim Medinipur,601,WMed-601,9,Madrasa 9,2019,316,129,10,80,6,541,P1,187,79.4
Paschim Medinipur,601,WMed-601,9,Madrasa 9,2021,301,192,4,46,4,547,P1,109,80.3
Paschim Medinipur,601,WMed-601,10,Community Hall 10,2019,351,158,6,45,5,565,P1,193,76.5
Paschim Medinipur,601,WMed-601,10,Community Hall 10,2021,396,140,3,51,5,595,P1,256,80.5
Paschim Medinipur,601,WMed-601,11,Anganwadi Centre 11,2019,319,101,2,40,4,466,P1,218,79.1
Paschim Medinipur,601,WMed-601,11,Anganwadi Centre 11,2021,231,101,8,112,4,456,P1,119,77.4
Paschim Medinipur,601,WMed-601,12,Market Building 12,2019,379,156,6,47,6,594,P1,223,80.1
Paschim Medinipur,601,WMed-601,12,Market Building 12,2021,340,175,6,48,6,575,P1,165,77.5
Paschim Medinipur,601,WMed-601,13,Temple Hall 13,2019,259,174,8,63,5,509,P1,85,75.2
Paschim Medinipur,601,WMed-601,13,Temple Hall 13,2021,257,196,3,56,5,517,P1,61,76.4
Paschim Medinipur,601,WMed-601,14,Govt Office 14,2019,228,134,6,42,4,414,P1,94,80.7
Paschim Medinipur,601,WMed-601,14,Govt Office 14,2021,250,119,4,41,4,418,P1,131,81.5
Paschim Medinipur,601,WMed-601,15,Post Office 15,2019,316,111,14,124,5,570,P1,192,76.5
Paschim Medinipur,601,WMed-601,15,Post Office 15,2021,286,167,16,140,5,614,P1,119,82.4
Paschim Medinipur,601,WMed-601,16,High School 16,2019,342,177,2,53,6,580,P1,165,81.1
Paschim Medinipur,601,WMed-601,16,High School 16,2021,317,201,7,45,6,576,P1,116,80.6
Paschim Medinipur,601,WMed-601,17,Health Sub-Centre 17,2019,313,202,6,71,6,598,P1,111,84.8
Paschim Medinipur,601,WMed-601,17,Health Sub-Centre 17,2021,343,150,4,46,5,548,P1,193,77.7
Paschim Medinipur,601,WMed-601,18,Market Building 18,2019,342,228,7,50,7,634,P1,114,80.6
Paschim Medinipur,601,WMed-601,18,Market Building 18,2021,364,171,6,48,5,594,P1,193,75.5
Paschim Medinipur,601,WMed-601,19,Madrasa 19,2019,281,167,9,65,6,528,P1,114,83.5
Paschim Medinipur,601,WMed-601,19,Madrasa 19,2021,268,131,11,113,5,528,P1,137,83.5
Paschim Medinipur,601,WMed-601,20,Health Sub-Centre 20,2019,286,129,2,39,5,461,P1,157,85.1
Paschim Medinipur,601,WMed-601,20,Health Sub-Centre 20,2021,281,107,5,34,4,431,P1,174,79.5
Paschim Medinipur,601,WMed-601,21,Temple Hall 21,2019,211,170,5,92,4,482,P1,41,78.5
Paschim Medinipur,601,WMed-601,21,Temple Hall 21,2021,313,122,5,38,5,483,P1,191,78.7
Paschim Medinipur,601,WMed-601,22,Health Sub-Centre 22,2019,313,187,5,54,6,565,P1,126,80.9
Paschim Medinipur,601,WMed-601,22,Health Sub-Centre 22,2021,333,158,2,47,5,545,P1,175,78.1
Paschim Medinipur,601,WMed-601,23,Govt Office 23,2019,284,175,5,41,6,511,P1,109,84.5
Paschim Medinipur,601,WMed-601,23,Govt Office 23,2021,240,181,4,38,5,468,P1,59,77.4
Paschim Medinipur,601,WMed-601,24,Health Sub-Centre 24,2019,416,159,3,54,6,638,P1,257,81.3
Paschim Medinipur,601,WMed-601,24,Health Sub-Centre 24,2021,407,179,6,52,7,651,P1,228,82.9
Paschim Medinipur,601,WMed-601,25,Market Building 25,2019,360,151,2,49,6,568,P1,209,80.5
Paschim Medinipur,601,WMed-601,25,Market Building 25,2021,313,178,5,44,5,545,P1,135,77.2
Paschim Medinipur,601,WMed-601,26,Market Building 26,2019,237,213,5,47,6,508,P1,24,82.2
Paschim Medinipur,601,WMed-601,26,Market Building 26,2021,290,182,3,44,5,524,P1,108,84.8
Paschim Medinipur,601,WMed-601,27,Panchayat Bhavan 27,2019,345,175,9,88,5,622,P1,170,82.7
Paschim Medinipur,601,WMed-601,27,Panchayat Bhavan 27,2021,315,211,4,53,6,589,P1,104,78.3
Paschim Medinipur,601,WMed-601,28,Health Sub-Centre 28,2019,279,152,2,41,5,479,P1,127,74.6
Paschim Medinipur,601,WMed-601,28,Health Sub-Centre 28,2021,299,144,4,47,6,500,P1,155,77.9
Paschim Medinipur,601,WMed-601,29,Post Office 29,2019,329,197,5,48,6,585,P1,132,81.7
Paschim Medinipur,601,WMed-601,29,Post Office 29,2021,449,94,2,53,6,604,P1,355,84.4
Paschim Medinipur,601,WMed-601,30,Panchayat Bhavan 30,2019,277,134,4,37,4,456,P1,143,84.8
Paschim Medinipur,601,WMed-601,30,Panchayat Bhavan 30,2021,276,117,2,37,5,437,P1,159,81.2
Paschim Medinipur,601,WMed-601,31,Govt Office 31,2019,343,191,5,49,5,593,P1,152,74.7
Paschim Medinipur,601,WMed-601,31,Govt Office 31,2021,410,141,2,53,6,612,P1,269,77.1
Paschim Medinipur,601,WMed-601,32,Temple Hall 32,2019,222,170,3,86,5,486,P1,52,80.5
Paschim Medinipur,601,WMed-601,32,Temple Hall 32,2021,274,132,3,38,4,451,P1,142,74.7
Paschim Medinipur,601,WMed-601,33,Market Building 33,2019,268,168,8,69,5,518,P1,100,77.5
Paschim Medinipur,601,WMed-601,33,Market Building 33,2021,244,100,21,168,6,539,P1,76,80.7
Paschim Medinipur,601,WMed-601,34,Madrasa 34,2019,232,138,3,34,4,411,P1,94,78.4
Paschim Medinipur,601,WMed-601,34,Madrasa 34,2021,284,83,2,35,4,408,P1,201,77.9
Paschim Medinipur,601,WMed-601,35,Panchayat Bhavan 35,2019,249,128,6,65,5,453,P1,121,82.2
Paschim Medinipur,601,WMed-601,35,Panchayat Bhavan 35,2021,191,144,7,66,5,413,P1,47,75.0
Paschim Medinipur,601,WMed-601,36,Govt Office 36,2019,266,178,4,40,6,494,P1,88,82.1
Paschim Medinipur,601,WMed-601,36,Govt Office 36,2021,282,174,5,41,5,507,P1,108,84.2
Paschim Medinipur,601,WMed-601,37,Community Hall 37,2019,396,120,2,49,7,574,P1,276,84.3
Paschim Medinipur,601,WMed-601,37,Community Hall 37,2021,337,152,3,46,5,543,P1,185,79.7
Paschim Medinipur,601,WMed-601,38,Health Sub-Centre 38,2019,251,137,8,107,6,509,P1,114,76.5
Paschim Medinipur,601,WMed-601,38,Health Sub-Centre 38,2021,212,165,7,109,5,498,P1,47,74.9
Paschim Medinipur,601,WMed-601,39,Community Hall 39,2019,198,128,11,113,4,454,P1,70,83.5
Paschim Medinipur,601,WMed-601,39,Community Hall 39,2021,292,114,4,36,5,451,P1,178,82.9
Paschim Medinipur,601,WMed-601,40,Temple Hall 40,2019,208,155,4,41,4,412,P1,53,78.3
Paschim Medinipur,601,WMed-601,40,Temple Hall 40,2021,233,170,4,36,5,448,P1,63,85.2
Paschim Medinipur,601,WMed-601,41,Temple Hall 41,2019,222,172,5,36,5,440,P1,50,84.0
Paschim Medinipur,601,WMed-601,41,Temple Hall 41,2021,183,124,9,76,4,396,P1,59,75.6
Paschim Medinipur,601,WMed-601,42,Market Building 42,2019,291,157,2,42,6,498,P1,134,75.8
Paschim Medinipur,601,WMed-601,42,Market Building 42,2021,348,84,10,99,6,547,P1,249,83.3
Paschim Medinipur,601,WMed-601,43,Community Hall 43,2019,234,162,8,56,5,465,P1,72,74.3
Paschim Medinipur,601,WMed-601,43,Community Hall 43,2021,303,137,6,38,5,489,P1,166,78.1
Paschim Medinipur,601,WMed-601,44,Madrasa 44,2019,209,194,9,81,5,498,P1,15,85.1
Paschim Medinipur,601,WMed-601,44,Madrasa 44,2021,295,99,2,38,4,438,P1,196,74.9
Paschim Medinipur,601,WMed-601,45,High School 45,2019,319,163,5,43,5,535,P1,156,81.3
Paschim Medinipur,601,WMed-601,45,High School 45,2021,238,131,14,145,6,534,P1,93,81.2
Paschim Medinipur,601,WMed-601,46,Temple Hall 46,2019,219,169,4,58,5,455,P1,50,77.4
Paschim Medinipur,601,WMed-601,46,Temple Hall 46,2021,317,119,5,38,5,484,P1,198,82.3
Paschim Medinipur,601,WMed-601,47,Temple Hall 47,2019,403,119,7,45,5,579,P1,284,82.6
Paschim Medinipur,601,WMed-601,47,Temple Hall 47,2021,323,163,6,42,6,540,P1,160,77.0
Paschim Medinipur,601,WMed-601,48,Club Building 48,2019,221,173,4,69,6,473,P1,48,78.1
Paschim Medinipur,601,WMed-601,48,Club Building 48,2021,317,140,3,43,4,507,P1,177,83.7
Paschim Medinipur,601,WMed-601,49,Temple Hall 49,2019,227,136,3,33,4,403,P1,91,82.9
Paschim Medinipur,601,WMed-601,49,Temple Hall 49,2021,255,110,4,32,5,406,P1,145,83.5
Paschim Medinipur,601,WMed-601,50,Community Hall 50,2019,259,164,6,64,4,497,P1,95,78.1
Paschim Medinipur,601,WMed-601,50,Community Hall 50,2021,281,120,7,62,4,474,P1,161,74.5
Paschim Medinipur,601,WMed-601,51,Health Sub-Centre 51,2019,345,179,5,47,7,583,P1,166,78.6
Paschim Medinipur,601,WMed-601,51,Health Sub-Centre 51,2021,334,166,5,45,5,555,P1,168,74.8
Paschim Medinipur,601,WMed-601,52,Temple Hall 52,2019,283,138,3,40,4,468,P1,145,84.0
Paschim Medinipur,601,WMed-601,52,Temple Hall 52,2021,302,116,2,40,5,465,P1,186,83.5
Paschim Medinipur,601,WMed-601,53,High School 53,2019,376,223,4,56,7,666,P1,153,82.2
Paschim Medinipur,601,WMed-601,53,High School 53,2021,433,133,3,53,7,629,P1,300,77.7
Paschim Medinipur,601,WMed-601,54,High School 54,2019,296,124,5,37,5,467,P1,172,84.3
Paschim Medinipur,601,WMed-601,54,High School 54,2021,243,161,5,37,4,450,P1,82,81.2
Paschim Medinipur,601,WMed-601,55,Market Building 55,2019,231,142,8,72,4,457,P1,89,84.6
Paschim Medinipur,601,WMed-601,55,Market Building 55,2021,236,139,5,44,4,428,P1,97,79.3
Paschim Medinipur,601,WMed-601,56,Health Sub-Centre 56,2019,218,120,5,42,4,389,P1,98,77.0
Paschim Medinipur,601,WMed-601,56,Health Sub-Centre 56,2021,211,110,7,52,4,384,P1,101,76.0
Paschim Medinipur,601,WMed-601,57,Temple Hall 57,2019,299,132,2,41,5,479,P1,167,77.1
Paschim Medinipur,601,WMed-601,57,Temple Hall 57,2021,201,160,7,111,4,483,P1,41,77.8
Paschim Medinipur,601,WMed-601,58,Anganwadi Centre 58,2019,292,163,8,71,6,540,P1,129,79.6
Paschim Medinipur,601,WMed-601,58,Anganwadi Centre 58,2021,406,77,3,46,4,536,P1,329,79.1
Paschim Medinipur,601,WMed-601,59,Health Sub-Centre 59,2019,267,241,3,68,6,585,P1,26,79.2
Paschim Medinipur,601,WMed-601,59,Health Sub-Centre 59,2021,306,175,3,60,5,549,P1,131,74.3
Paschim Medinipur,601,WMed-601,60,Market Building 60,2019,313,113,11,90,6,533,P1,200,82.0
Paschim Medinipur,601,WMed-601,60,Market Building 60,2021,266,151,8,70,4,499,P1,115,76.8
Paschim Medinipur,601,WMed-601,61,Madrasa 61,2019,233,129,1,35,4,402,P1,104,81.4
Paschim Medinipur,601,WMed-601,61,Madrasa 61,2021,215,121,2,31,5,374,P1,94,75.7
Paschim Medinipur,601,WMed-601,62,Temple Hall 62,2019,225,141,5,62,4,437,P1,84,84.9
Paschim Medinipur,601,WMed-601,62,Temple Hall 62,2021,218,128,2,33,3,384,P1,90,74.6
Paschim Medinipur,601,WMed-601,63,Post Office 63,2019,318,142,4,42,5,511,P1,176,77.4
Paschim Medinipur,601,WMed-601,63,Post Office 63,2021,323,160,6,42,6,537,P1,163,81.4
Paschim Medinipur,601,WMed-601,64,Primary School 64,2019,305,160,12,90,5,572,P1,145,83.9
Paschim Medinipur,601,WMed-601,64,Primary School 64,2021,250,179,5,65,5,504,P1,71,73.9
Paschim Medinipur,601,WMed-601,65,High School 65,2019,321,139,5,41,6,512,P1,182,83.9
Paschim Medinipur,601,WMed-601,65,High School 65,2021,267,144,4,80,5,500,P1,123,82.0
Paschim Medinipur,601,WMed-601,66,Club Building 66,2019,287,204,7,114,6,618,P1,83,80.7
Paschim Medinipur,601,WMed-601,66,Club Building 66,2021,290,167,15,142,7,621,P1,123,81.1
Paschim Medinipur,601,WMed-601,67,Community Hall 67,2019,211,152,4,33,4,404,P1,59,79.1
Paschim Medinipur,601,WMed-601,67,Community Hall 67,2021,211,109,7,55,4,386,P1,102,75.5
Paschim Medinipur,601,WMed-601,68,Govt Office 68,2019,311,88,4,36,4,443,P1,223,75.7
Paschim Medinipur,601,WMed-601,68,Govt Office 68,2021,272,125,4,51,5,457,P1,147,78.1
Paschim Medinipur,601,WMed-601,69,Temple Hall 69,2019,242,189,14,147,7,599,P1,53,76.7
Paschim Medinipur,601,WMed-601,69,Temple Hall 69,2021,350,207,2,54,6,619,P1,143,79.3
Paschim Medinipur,601,WMed-601,70,Post Office 70,2019,379,206,3,55,7,650,P1,173,82.7
Paschim Medinipur,601,WMed-601,70,Post Office 70,2021,393,199,3,56,7,658,P1,194,83.7
Paschim Medinipur,601,WMed-601,71,Primary School 71,2019,333,253,6,52,7,651,P1,80,82.4
Paschim Medinipur,601,WMed-601,71,Primary School 71,2021,448,134,7,51,7,647,P1,314,81.9
Paschim Medinipur,601,WMed-601,72,Primary School 72,2019,294,172,3,49,6,524,P1,122,75.8
Paschim Medinipur,601,WMed-601,72,Primary School 72,2021,308,172,3,81,6,570,P1,136,82.5
Paschim Medinipur,601,WMed-601,73,Post Office 73,2019,394,163,6,59,6,628,P1,231,84.2
Paschim Medinipur,601,WMed-601,73,Post Office 73,2021,361,148,5,46,6,566,P1,213,75.9
Paschim Medinipur,601,WMed-601,74,Health Sub-Centre 74,2019,242,140,2,53,5,442,P1,102,77.7
Paschim Medinipur,601,WMed-601,74,Health Sub-Centre 74,2021,304,88,7,59,5,463,P1,216,81.4
Paschim Medinipur,601,WMed-601,75,Health Sub-Centre 75,2019,338,138,2,46,5,529,P1,200,84.9
Paschim Medinipur,601,WMed-601,75,Health Sub-Centre 75,2021,298,165,4,54,5,526,P1,133,84.4
Paschim Medinipur,601,WMed-601,76,Govt Office 76,2019,343,209,4,68,6,630,P1,134,81.8
Paschim Medinipur,601,WMed-601,76,Govt Office 76,2021,390,131,5,48,5,579,P1,259,75.2
Paschim Medinipur,601,WMed-601,77,Club Building 77,2019,365,176,3,51,6,601,P1,189,79.1
Paschim Medinipur,601,WMed-601,77,Club Building 77,2021,365,145,4,47,5,566,P1,220,74.5
Paschim Medinipur,601,WMed-601,78,Health Sub-Centre 78,2019,277,149,2,41,4,473,P1,128,81.3
Paschim Medinipur,601,WMed-601,78,Health Sub-Centre 78,2021,236,128,9,60,4,437,P1,108,75.1
Paschim Medinipur,601,WMed-601,79,Madrasa 79,2019,352,152,3,47,6,560,P1,200,85.2
Paschim Medinipur,601,WMed-601,79,Madrasa 79,2021,278,129,8,83,5,503,P1,149,76.6
Paschim Medinipur,601,WMed-601,80,Club Building 80,2019,301,166,6,41,4,518,P1,135,83.4
Paschim Medinipur,601,WMed-601,80,Club Building 80,2021,225,117,5,117,5,469,P1,108,75.5
Paschim Medinipur,601,WMed-601,81,Madrasa 81,2019,313,174,7,110,6,610,P1,139,79.1
Paschim Medinipur,601,WMed-601,81,Madrasa 81,2021,363,151,7,45,5,571,P1,212,74.1
Paschim Medinipur,601,WMed-601,82,Club Building 82,2019,294,108,5,36,4,447,P1,186,83.9
Paschim Medinipur,601,WMed-601,82,Club Building 82,2021,283,96,2,56,4,441,P1,187,82.7
Paschim Medinipur,601,WMed-601,83,Panchayat Bhavan 83,2019,228,180,3,79,5,495,P1,48,75.5
Paschim Medinipur,601,WMed-601,83,Panchayat Bhavan 83,2021,284,122,5,86,5,502,P1,162,76.5
Paschim Medinipur,601,WMed-601,84,Anganwadi Centre 84,2019,303,140,5,39,6,493,P1,163,77.8
Paschim Medinipur,601,WMed-601,84,Anganwadi Centre 84,2021,298,150,5,40,5,498,P1,148,78.5
Paschim Medinipur,601,WMed-601,85,Primary School 85,2019,266,147,10,105,6,534,P1,119,74.5
Paschim Medinipur,601,WMed-601,85,Primary School 85,2021,319,196,11,72,6,604,P1,123,84.2
Paschim Medinipur,601,WMed-601,86,High School 86,2019,195,132,5,69,5,406,P1,63,80.4
Paschim Medinipur,601,WMed-601,86,High School 86,2021,170,151,8,75,4,408,P1,19,80.8
Paschim Medinipur,601,WMed-601,87,Post Office 87,2019,350,202,11,77,7,647,P1,148,84.5
Paschim Medinipur,601,WMed-601,87,Post Office 87,2021,336,201,10,93,7,647,P1,135,84.5
Paschim Medinipur,601,WMed-601,88,Primary School 88,2019,357,198,6,93,7,661,P1,159,83.1
Paschim Medinipur,601,WMed-601,88,Primary School 88,2021,402,200,7,53,7,669,P1,202,84.2
Paschim Medinipur,601,WMed-601,89,Temple Hall 89,2019,249,142,7,52,4,454,P1,107,81.1
Paschim Medinipur,601,WMed-601,89,Temple Hall 89,2021,185,165,10,73,4,437,P1,20,78.0
Paschim Medinipur,601,WMed-601,90,High School 90,2019,217,131,3,31,4,386,P1,86,80.1
Paschim Medinipur,601,WMed-601,90,High School 90,2021,237,127,4,32,4,404,P1,110,83.8
Paschim Medinipur,601,WMed-601,91,Post Office 91,2019,174,142,5,69,4,394,P1,32,74.2
Paschim Medinipur,601,WMed-601,91,Post Office 91,2021,252,115,3,34,4,408,P1,137,76.8
Paschim Medinipur,601,WMed-601,92,Anganwadi Centre 92,2019,279,190,8,73,6,556,P1,89,80.7
Paschim Medinipur,601,WMed-601,92,Anganwadi Centre 92,2021,312,166,11,88,5,582,P1,146,84.5
Paschim Medinipur,601,WMed-601,93,Govt Office 93,2019,224,152,2,66,5,449,P1,72,81.6
Paschim Medinipur,601,WMed-601,93,Govt Office 93,2021,272,115,6,38,4,435,P1,157,79.1
Paschim Medinipur,601,WMed-601,94,Community Hall 94,2019,255,76,1,32,4,368,P1,179,75.1
Paschim Medinipur,601,WMed-601,94,Community Hall 94,2021,252,113,3,34,4,406,P1,139,82.9
Paschim Medinipur,601,WMed-601,95,High School 95,2019,254,181,6,68,5,514,P1,73,79.3
Paschim Medinipur,601,WMed-601,95,High School 95,2021,249,197,11,88,6,551,P1,52,85.0
Paschim Medinipur,601,WMed-601,96,Panchayat Bhavan 96,2019,337,209,6,49,5,606,P1,128,83.2
Paschim Medinipur,601,WMed-601,96,Panchayat Bhavan 96,2021,313,143,8,114,6,584,P1,170,80.2
Paschim Medinipur,601,WMed-601,97,Primary School 97,2019,307,201,6,45,5,564,P1,106,76.8
Paschim Medinipur,601,WMed-601,97,Primary School 97,2021,357,195,6,49,7,614,P1,162,83.7
Paschim Medinipur,601,WMed-601,98,Panchayat Bhavan 98,2019,313,175,4,114,6,612,P1,138,84.2
Paschim Medinipur,601,WMed-601,98,Panchayat Bhavan 98,2021,363,193,3,53,6,618,P1,170,85.0
Paschim Medinipur,601,WMed-601,99,Market Building 99,2019,294,135,5,38,4,476,P1,159,74.7
Paschim Medinipur,601,WMed-601,99,Market Building 99,2021,308,130,3,41,5,487,P1,178,76.5
Paschim Medinipur,601,WMed-601,100,Market Building 100,2019,281,108,4,35,4,432,P1,173,79.3
Paschim Medinipur,601,WMed-601,100,Market Building 100,2021,248,144,6,60,4,462,P1,104,84.8
Paschim Medinipur,601,WMed-601,101,Madrasa 101,2019,255,176,4,48,5,488,P1,79,81.1
Paschim Medinipur,601,WMed-601,101,Madrasa 101,2021,255,189,2,42,5,493,P1,66,81.9
Paschim Medinipur,601,WMed-601,102,Madrasa 102,2019,334,200,5,49,5,593,P1,134,82.7
Paschim Medinipur,601,WMed-601,102,Madrasa 102,2021,382,117,4,72,6,581,P1,265,81.0
Paschim Medinipur,601,WMed-601,103,Panchayat Bhavan 103,2019,264,95,2,33,5,399,P1,169,77.8
Paschim Medinipur,601,WMed-601,103,Panchayat Bhavan 103,2021,251,100,3,32,4,390,P1,151,76.0
Paschim Medinipur,601,WMed-601,104,Community Hall 104,2019,295,124,4,60,6,489,P1,171,80.3
Paschim Medinipur,601,WMed-601,104,Community Hall 104,2021,244,163,9,69,5,490,P1,81,80.5
Paschim Medinipur,601,WMed-601,105,Anganwadi Centre 105,2019,318,129,13,104,6,570,P1,189,81.3
Paschim Medinipur,601,WMed-601,105,Anganwadi Centre 105,2021,343,130,6,41,5,525,P1,213,74.9
Paschim Medinipur,601,WMed-601,106,Health Sub-Centre 106,2019,177,82,9,91,3,362,P1,86,73.9
Paschim Medinipur,601,WMed-601,106,Health Sub-Centre 106,2021,234,97,5,41,3,380,P1,137,77.6
Paschim Medinipur,601,WMed-601,107,Anganwadi Centre 107,2019,278,135,2,39,4,458,P1,143,79.8
Paschim Medinipur,601,WMed-601,107,Anganwadi Centre 107,2021,260,172,3,40,4,479,P1,88,83.4
Paschim Medinipur,601,WMed-601,108,Health Sub-Centre 108,2019,352,157,3,48,6,566,P1,195,85.0
Paschim Medinipur,601,WMed-601,108,Health Sub-Centre 108,2021,309,197,6,45,5,562,P1,112,84.4
Paschim Medinipur,601,WMed-601,109,Post Office 109,2019,251,122,5,32,4,414,P1,129,75.3
Paschim Medinipur,601,WMed-601,109,Post Office 109,2021,277,104,4,34,5,424,P1,173,77.1
Paschim Medinipur,601,WMed-601,110,Community Hall 110,2019,247,109,16,140,6,518,P1,107,81.7
Paschim Medinipur,601,WMed-601,110,Community Hall 110,2021,236,134,13,123,5,511,P1,102,80.6
Paschim Medinipur,601,WMed-601,111,High School 111,2019,373,185,7,71,6,642,P1,188,81.0
Paschim Medinipur,601,WMed-601,111,High School 111,2021,329,193,7,75,7,611,P1,136,77.0
Paschim Medinipur,601,WMed-601,112,Health Sub-Centre 112,2019,391,198,6,53,6,654,P1,193,83.1
Paschim Medinipur,601,WMed-601,112,Health Sub-Centre 112,2021,268,220,17,137,7,649,P1,48,82.5
Paschim Medinipur,601,WMed-601,113,Panchayat Bhavan 113,2019,307,148,9,103,7,574,P1,159,80.3
Paschim Medinipur,601,WMed-601,113,Panchayat Bhavan 113,2021,296,215,6,60,6,583,P1,81,81.5
Paschim Medinipur,601,WMed-601,114,Temple Hall 114,2019,265,133,16,141,5,560,P1,124,78.9
Paschim Medinipur,601,WMed-601,114,Temple Hall 114,2021,334,181,4,47,6,572,P1,153,80.6
Paschim Medinipur,601,WMed-601,115,Market Building 115,2019,204,117,6,50,4,381,P1,87,76.2
Paschim Medinipur,601,WMed-601,115,Market Building 115,2021,159,120,7,108,4,398,P1,39,79.6
Paschim Medinipur,601,WMed-601,116,Post Office 116,2019,346,186,11,79,6,628,P1,160,84.5
Paschim Medinipur,601,WMed-601,116,Post Office 116,2021,294,148,5,128,6,581,P1,146,78.2
Paschim Medinipur,601,WMed-601,117,Primary School 117,2019,277,197,4,43,5,526,P1,80,75.7
Paschim Medinipur,601,WMed-601,117,Primary School 117,2021,298,191,5,51,6,551,P1,107,79.3
Paschim Medinipur,601,WMed-601,118,Club Building 118,2019,202,131,5,73,4,415,P1,71,80.4
Paschim Medinipur,601,WMed-601,118,Club Building 118,2021,200,132,6,47,4,389,P1,68,75.4
Paschim Medinipur,601,WMed-601,119,Madrasa 119,2019,277,147,3,39,5,471,P1,130,84.4
Paschim Medinipur,601,WMed-601,119,Madrasa 119,2021,208,132,5,70,4,419,P1,76,75.1
Paschim Medinipur,601,WMed-601,120,Govt Office 120,2019,264,167,5,47,5,488,P1,97,74.1
Paschim Medinipur,601,WMed-601,120,Govt Office 120,2021,260,192,5,40,5,502,P1,68,76.2
Paschim Medinipur,601,WMed-601,121,Primary School 121,2019,334,204,4,50,6,598,P1,130,81.8
Paschim Medinipur,601,WMed-601,121,Primary School 121,2021,388,124,4,47,5,568,P1,264,77.7
Paschim Medinipur,601,WMed-601,122,Health Sub-Centre 122,2019,268,80,16,115,5,484,P1,153,83.2
Paschim Medinipur,601,WMed-601,122,Health Sub-Centre 122,2021,280,150,7,50,5,492,P1,130,84.5
Paschim Medinipur,601,WMed-601,123,Post Office 123,2019,324,117,5,39,4,489,P1,207,75.9
Paschim Medinipur,601,WMed-601,123,Post Office 123,2021,267,110,9,114,6,506,P1,153,78.6
Paschim Medinipur,601,WMed-601,124,Govt Office 124,2019,317,161,7,86,7,578,P1,156,75.6
Paschim Medinipur,601,WMed-601,124,Govt Office 124,2021,325,233,4,52,6,620,P1,92,81.0
Paschim Medinipur,601,WMed-601,125,Primary School 125,2019,357,200,5,60,7,629,P1,157,77.3
Paschim Medinipur,601,WMed-601,125,Primary School 125,2021,408,139,7,110,8,672,P1,269,82.6
Paschim Medinipur,601,WMed-601,126,Primary School 126,2019,285,284,8,53,7,637,P1,1,80.3
Paschim Medinipur,601,WMed-601,126,Primary School 126,2021,374,177,6,49,6,612,P1,197,77.2
Paschim Medinipur,601,WMed-601,127,Govt Office 127,2019,242,127,5,32,4,410,P1,115,82.3
Paschim Medinipur,601,WMed-601,127,Govt Office 127,2021,222,129,4,31,4,390,P1,93,78.3
Paschim Medinipur,601,WMed-601,128,Market Building 128,2019,248,206,4,66,6,530,P1,42,74.8
Paschim Medinipur,601,WMed-601,128,Market Building 128,2021,401,143,5,49,6,604,P1,258,85.2
Paschim Medinipur,601,WMed-601,129,Primary School 129,2019,308,193,2,48,6,557,P1,115,82.3
Paschim Medinipur,601,WMed-601,129,Primary School 129,2021,317,180,4,46,5,552,P1,137,81.5
Paschim Medinipur,601,WMed-601,130,Health Sub-Centre 130,2019,349,186,3,51,6,595,P1,163,81.0
Paschim Medinipur,601,WMed-601,130,Health Sub-Centre 130,2021,374,156,6,47,6,589,P1,218,80.1
Paschim Medinipur,601,WMed-601,131,Anganwadi Centre 131,2019,241,172,5,36,5,459,P1,69,76.6
Paschim Medinipur,601,WMed-601,131,Anganwadi Centre 131,2021,214,115,15,110,4,458,P1,99,76.5
Paschim Medinipur,601,WMed-601,132,Madrasa 132,2019,304,144,6,39,4,497,P1,160,74.8
Paschim Medinipur,601,WMed-601,132,Madrasa 132,2021,341,155,6,43,6,551,P1,186,83.0
Paschim Medinipur,601,WMed-601,133,Temple Hall 133,2019,302,137,5,39,4,487,P1,165,78.8
Paschim Medinipur,601,WMed-601,133,Temple Hall 133,2021,343,131,6,41,5,526,P1,212,85.1
Paschim Medinipur,601,WMed-601,134,Club Building 134,2019,311,224,4,50,5,594,P1,87,75.6
Paschim Medinipur,601,WMed-601,134,Club Building 134,2021,323,183,10,70,7,593,P1,140,75.4
Paschim Medinipur,601,WMed-601,135,Anganwadi Centre 135,2019,169,159,3,51,4,386,P1,10,78.5
Paschim Medinipur,601,WMed-601,135,Anganwadi Centre 135,2021,246,119,1,35,4,405,P1,127,82.3
Paschim Medinipur,601,WMed-601,136,High School 136,2019,196,175,3,47,4,425,P1,21,84.5
Paschim Medinipur,601,WMed-601,136,High School 136,2021,248,137,2,36,4,427,P1,111,84.9
Paschim Medinipur,601,WMed-601,137,Anganwadi Centre 137,2019,383,123,7,44,5,562,P1,260,80.2
Paschim Medinipur,601,WMed-601,137,Anganwadi Centre 137,2021,270,207,3,62,4,546,P1,63,77.9
Paschim Medinipur,601,WMed-601,138,Primary School 138,2019,267,189,3,44,5,508,P1,78,83.3
Paschim Medinipur,601,WMed-601,138,Primary School 138,2021,342,103,2,42,5,494,P1,239,81.0
Paschim Medinipur,601,WMed-601,139,Post Office 139,2019,247,117,3,33,5,405,P1,130,77.0
Paschim Medinipur,601,WMed-601,139,Post Office 139,2021,227,85,8,71,4,395,P1,142,75.1
Paschim Medinipur,601,WMed-601,140,Health Sub-Centre 140,2019,195,130,5,86,5,421,P1,65,79.0
Paschim Medinipur,601,WMed-601,140,Health Sub-Centre 140,2021,240,101,5,77,4,427,P1,139,80.1
Paschim Medinipur,601,WMed-601,141,Govt Office 141,2019,408,164,2,55,7,636,P1,244,84.1
Paschim Medinipur,601,WMed-601,141,Govt Office 141,2021,296,207,5,46,5,559,P1,89,73.9
Paschim Medinipur,601,WMed-601,142,Community Hall 142,2019,291,122,5,36,5,459,P1,169,82.3
Paschim Medinipur,601,WMed-601,142,Community Hall 142,2021,259,44,5,109,4,421,P1,150,75.4
Paschim Medinipur,601,WMed-601,143,Temple Hall 143,2019,311,190,2,48,6,557,P1,121,84.9
Paschim Medinipur,601,WMed-601,143,Temple Hall 143,2021,330,137,5,42,4,518,P1,193,79.0
Paschim Medinipur,601,WMed-601,144,High School 144,2019,251,126,5,33,4,419,P1,125,77.3
Paschim Medinipur,601,WMed-601,144,High School 144,2021,227,121,8,91,5,452,P1,106,83.4
Paschim Medinipur,601,WMed-601,145,Post Office 145,2019,232,129,2,59,5,427,P1,103,77.6
Paschim Medinipur,601,WMed-601,145,Post Office 145,2021,254,126,2,36,4,422,P1,128,76.7
Paschim Medinipur,601,WMed-601,146,Health Sub-Centre 146,2019,278,119,3,36,6,442,P1,159,81.7
Paschim Medinipur,601,WMed-601,146,Health Sub-Centre 146,2021,226,115,4,63,3,411,P1,111,76.0
Paschim Medinipur,601,WMed-601,147,Temple Hall 147,2019,378,186,4,52,7,627,P1,192,80.9
Paschim Medinipur,601,WMed-601,147,Temple Hall 147,2021,304,247,7,48,6,612,P1,57,79.0
Paschim Medinipur,601,WMed-601,148,Govt Office 148,2019,305,229,4,49,6,593,P1,76,84.8
Paschim Medinipur,601,WMed-601,148,Govt Office 148,2021,293,171,5,59,4,532,P1,122,76.1
Paschim Medinipur,601,WMed-601,149,Madrasa 149,2019,314,156,2,45,6,523,P1,158,84.2
Paschim Medinipur,601,WMed-601,149,Madrasa 149,2021,275,141,2,39,5,462,P1,134,74.4
Paschim Medinipur,601,WMed-601,150,Panchayat Bhavan 150,2019,321,160,9,70,6,566,P1,161,74.7
Paschim Medinipur,601,WMed-601,150,Panchayat Bhavan 150,2021,385,181,4,53,6,629,P1,204,83.0
Paschim Medinipur,601,WMed-601,151,Primary School 151,2019,346,109,3,88,6,552,P1,237,81.1
Paschim Medinipur,601,WMed-601,151,Primary School 151,2021,276,147,8,70,4,505,P1,129,74.2
Paschim Medinipur,601,WMed-601,152,Health Sub-Centre 152,2019,362,166,5,58,6,597,P1,196,74.6
Paschim Medinipur,601,WMed-601,152,Health Sub-Centre 152,2021,347,210,2,54,6,619,P1,137,77.4
Paschim Medinipur,601,WMed-601,153,Madrasa 153,2019,368,179,9,117,6,679,P1,189,84.5
Paschim Medinipur,601,WMed-601,153,Madrasa 153,2021,384,210,4,55,7,660,P1,174,82.1
Paschim Medinipur,601,WMed-601,154,Anganwadi Centre 154,2019,263,177,4,40,5,489,P1,86,79.3
Paschim Medinipur,601,WMed-601,154,Anganwadi Centre 154,2021,302,123,3,40,5,473,P1,179,76.7
Paschim Medinipur,601,WMed-601,155,Market Building 155,2019,307,228,5,49,6,595,P1,79,75.6
Paschim Medinipur,601,WMed-601,155,Market Building 155,2021,292,191,3,94,6,586,P1,101,74.5
Paschim Medinipur,601,WMed-601,156,Primary School 156,2019,389,188,3,55,6,641,P1,201,78.8
Paschim Medinipur,601,WMed-601,156,Primary School 156,2021,364,202,3,53,7,629,P1,162,77.4
Paschim Medinipur,601,WMed-601,157,Market Building 157,2019,317,124,4,40,5,490,P1,193,76.3
Paschim Medinipur,601,WMed-601,157,Market Building 157,2021,314,169,2,46,5,536,P1,145,83.5
Paschim Medinipur,601,WMed-601,158,Club Building 158,2019,227,124,1,34,4,390,P1,103,75.3
Paschim Medinipur,601,WMed-601,158,Club Building 158,2021,258,125,4,34,5,426,P1,133,82.2
Paschim Medinipur,601,WMed-601,159,High School 159,2019,284,156,3,41,5,489,P1,128,84.6
Paschim Medinipur,601,WMed-601,159,High School 159,2021,243,135,5,49,5,437,P1,108,75.6
Paschim Medinipur,601,WMed-601,160,Govt Office 160,2019,384,234,6,66,7,697,P1,150,85.1
Paschim Medinipur,601,WMed-601,160,Govt Office 160,2021,385,191,3,86,7,672,P1,194,82.1
Paschim Medinipur,601,WMed-601,161,Market Building 161,2019,389,119,3,47,7,565,P1,270,76.4
Paschim Medinipur,601,WMed-601,161,Market Building 161,2021,359,150,3,48,5,565,P1,209,76.4
Paschim Medinipur,601,WMed-601,162,Club Building 162,2019,355,196,8,51,5,615,P1,159,79.9
Paschim Medinipur,601,WMed-601,162,Club Building 162,2021,397,161,5,51,6,620,P1,236,80.5
Paschim Medinipur,601,WMed-601,163,Health Sub-Centre 163,2019,182,120,4,97,3,406,P1,62,77.2
Paschim Medinipur,601,WMed-601,163,Health Sub-Centre 163,2021,208,130,8,93,4,443,P1,78,84.2
Paschim Medinipur,601,WMed-601,164,Club Building 164,2019,422,120,2,52,6,602,P1,302,78.2
Paschim Medinipur,601,WMed-601,164,Club Building 164,2021,322,209,8,101,7,647,P1,113,84.0
Paschim Medinipur,601,WMed-601,165,Panchayat Bhavan 165,2019,262,134,5,35,4,440,P1,128,74.3
Paschim Medinipur,601,WMed-601,165,Panchayat Bhavan 165,2021,287,119,6,44,5,461,P1,168,77.9
Paschim Medinipur,601,WMed-601,166,Health Sub-Centre 166,2019,382,143,3,49,6,583,P1,239,75.5
Paschim Medinipur,601,WMed-601,166,Health Sub-Centre 166,2021,325,223,3,52,6,609,P1,102,78.9
Paschim Medinipur,601,WMed-601,167,Post Office 167,2019,379,182,9,61,6,637,P1,197,79.0
Paschim Medinipur,601,WMed-601,167,Post Office 167,2021,398,202,5,55,6,666,P1,196,82.6
Paschim Medinipur,601,WMed-601,168,Panchayat Bhavan 168,2019,249,150,2,38,5,444,P1,99,83.1
Paschim Medinipur,601,WMed-601,168,Panchayat Bhavan 168,2021,242,117,3,33,4,399,P1,125,74.7
Paschim Medinipur,601,WMed-601,169,High School 169,2019,346,178,10,73,6,613,P1,168,82.6
Paschim Medinipur,601,WMed-601,169,High School 169,2021,317,163,3,61,6,550,P1,154,74.1
Paschim Medinipur,601,WMed-601,170,Health Sub-Centre 170,2019,369,166,6,47,7,595,P1,203,74.0
Paschim Medinipur,601,WMed-601,170,Health Sub-Centre 170,2021,402,174,7,51,6,640,P1,228,79.6
Paschim Medinipur,601,WMed-601,171,Panchayat Bhavan 171,2019,226,165,9,120,6,526,P1,61,78.4
Paschim Medinipur,601,WMed-601,171,Panchayat Bhavan 171,2021,306,82,6,104,6,504,P1,202,75.1
Paschim Medinipur,601,WMed-601,172,Govt Office 172,2019,377,193,6,51,6,633,P1,184,77.7
Paschim Medinipur,601,WMed-601,172,Govt Office 172,2021,408,167,6,52,6,639,P1,241,78.4
Paschim Medinipur,601,WMed-601,173,Govt Office 173,2019,336,227,5,51,6,625,P1,109,80.2
Paschim Medinipur,601,WMed-601,173,Govt Office 173,2021,355,165,3,55,6,584,P1,190,75.0
Paschim Medinipur,601,WMed-601,174,Market Building 174,2019,203,134,4,68,4,413,P1,69,81.1
Paschim Medinipur,601,WMed-601,174,Market Building 174,2021,213,118,4,76,4,415,P1,95,81.5
Paschim Medinipur,601,WMed-601,175,Temple Hall 175,2019,272,138,5,36,4,455,P1,134,74.7
Paschim Medinipur,601,WMed-601,175,Temple Hall 175,2021,254,176,5,78,5,518,P1,78,85.1
Paschim Medinipur,601,WMed-601,176,Market Building 176,2019,370,203,6,52,6,637,P1,167,82.8
Paschim Medinipur,601,WMed-601,176,Market Building 176,2021,322,195,7,63,6,593,P1,127,77.1
Paschim Medinipur,601,WMed-601,177,Primary School 177,2019,223,123,4,51,5,406,P1,100,76.2
Paschim Medinipur,601,WMed-601,177,Primary School 177,2021,244,116,4,32,4,400,P1,128,75.0
Paschim Medinipur,601,WMed-601,178,Club Building 178,2019,317,138,24,204,7,690,P1,113,84.1
Paschim Medinipur,601,WMed-601,178,Club Building 178,2021,355,165,8,88,6,622,P1,190,75.9
Paschim Medinipur,601,WMed-601,179,Temple Hall 179,2019,384,176,5,51,7,623,P1,208,79.2
Paschim Medinipur,601,WMed-601,179,Temple Hall 179,2021,388,211,8,52,7,666,P1,177,84.6
Paschim Medinipur,601,WMed-601,180,Temple Hall 180,2019,219,119,3,75,4,420,P1,100,78.1
Paschim Medinipur,601,WMed-601,180,Temple Hall 180,2021,310,83,4,35,5,437,P1,227,81.2
Paschim Medinipur,601,WMed-601,181,Anganwadi Centre 181,2019,204,166,12,103,6,491,P1,38,77.1
Paschim Medinipur,601,WMed-601,181,Anganwadi Centre 181,2021,305,157,2,45,4,513,P1,148,80.5
Paschim Medinipur,601,WMed-601,182,Temple Hall 182,2019,230,148,8,55,4,445,P1,82,80.0
Paschim Medinipur,601,WMed-601,182,Temple Hall 182,2021,239,138,1,42,4,424,P1,101,76.3
Paschim Medinipur,601,WMed-601,183,Club Building 183,2019,286,199,8,54,4,551,P1,87,82.0
Paschim Medinipur,601,WMed-601,183,Club Building 183,2021,307,153,5,98,6,569,P1,154,84.7
Paschim Medinipur,601,WMed-601,184,Community Hall 184,2019,233,147,4,44,4,432,P1,86,80.1
Paschim Medinipur,601,WMed-601,184,Community Hall 184,2021,211,149,2,66,4,432,P1,62,80.1
Paschim Medinipur,601,WMed-601,185,Health Sub-Centre 185,2019,259,123,2,36,4,424,P1,136,82.5
Paschim Medinipur,601,WMed-601,185,Health Sub-Centre 185,2021,216,152,2,43,4,417,P1,64,81.1
Paschim Medinipur,601,WMed-601,186,Temple Hall 186,2019,314,170,6,42,5,537,P1,144,75.7
Paschim Medinipur,601,WMed-601,186,Temple Hall 186,2021,365,173,3,51,6,598,P1,192,84.3
Paschim Medinipur,601,WMed-601,187,Madrasa 187,2019,212,148,3,45,4,412,P1,64,80.3
Paschim Medinipur,601,WMed-601,187,Madrasa 187,2021,210,118,10,78,5,421,P1,92,82.1
Paschim Medinipur,601,WMed-601,188,Madrasa 188,2019,269,160,4,39,5,477,P1,109,76.6
Paschim Medinipur,601,WMed-601,188,Madrasa 188,2021,279,176,2,59,5,521,P1,103,83.6
Paschim Medinipur,601,WMed-601,189,Panchayat Bhavan 189,2019,311,94,5,36,4,450,P1,217,82.1
Paschim Medinipur,601,WMed-601,189,Panchayat Bhavan 189,2021,234,174,7,46,4,465,P1,60,84.9
Paschim Medinipur,601,WMed-601,190,Madrasa 190,2019,298,122,5,37,5,467,P1,176,80.8
Paschim Medinipur,601,WMed-601,190,Madrasa 190,2021,270,60,18,131,4,483,P1,139,83.6
Paschim Medinipur,601,WMed-601,191,Temple Hall 191,2019,290,112,5,35,5,447,P1,178,76.3
Paschim Medinipur,601,WMed-601,191,Temple Hall 191,2021,256,144,4,36,4,444,P1,112,75.8
Paschim Medinipur,601,WMed-601,192,Health Sub-Centre 192,2019,402,163,5,51,7,628,P1,239,77.5
Paschim Medinipur,601,WMed-601,192,Health Sub-Centre 192,2021,378,233,8,64,6,689,P1,145,85.1
Paschim Medinipur,601,WMed-601,193,Health Sub-Centre 193,2019,243,154,6,77,6,486,P1,89,82.2
Paschim Medinipur,601,WMed-601,193,Health Sub-Centre 193,2021,288,139,3,40,4,474,P1,149,80.2
Paschim Medinipur,601,WMed-601,194,Govt Office 194,2019,275,109,7,67,5,463,P1,166,75.9
Paschim Medinipur,601,WMed-601,194,Govt Office 194,2021,299,130,2,41,4,476,P1,169,78.0
Paschim Medinipur,601,WMed-601,195,Club Building 195,2019,245,152,5,35,5,442,P1,93,78.1
Paschim Medinipur,601,WMed-601,195,Club Building 195,2021,252,152,2,38,4,448,P1,100,79.2
Paschim Medinipur,601,WMed-601,196,Health Sub-Centre 196,2019,294,144,5,38,6,487,P1,150,75.0
Paschim Medinipur,601,WMed-601,196,Health Sub-Centre 196,2021,266,134,9,73,5,487,P1,132,75.0
Paschim Medinipur,601,WMed-601,197,Market Building 197,2019,242,201,5,40,4,492,P1,41,84.4
Paschim Medinipur,601,WMed-601,197,Market Building 197,2021,232,160,2,37,5,436,P1,72,74.8
Paschim Medinipur,601,WMed-601,198,Temple Hall 198,2019,182,135,3,74,4,398,P1,47,81.1
Paschim Medinipur,601,WMed-601,198,Temple Hall 198,2021,222,140,4,32,4,402,P1,82,81.9
Paschim Medinipur,601,WMed-601,199,Community Hall 199,2019,364,147,5,46,6,568,P1,217,74.5
Paschim Medinipur,601,WMed-601,199,Community Hall 199,2021,340,187,5,48,5,585,P1,153,76.8
Paschim Medinipur,601,WMed-601,200,Market Building 200,2019,290,116,4,60,4,474,P1,174,83.9
Paschim Medinipur,601,WMed-601,200,Market Building 200,2021,240,114,5,108,5,472,P1,126,83.5
Paschim Medinipur,601,WMed-601,201,Health Sub-Centre 201,2019,321,172,10,107,6,616,P1,149,79.7
Paschim Medinipur,601,WMed-601,201,Health Sub-Centre 201,2021,422,116,6,48,6,598,P1,306,77.4
Paschim Medinipur,601,WMed-601,202,Temple Hall 202,2019,204,120,4,40,4,372,P1,84,77.0
Paschim Medinipur,601,WMed-601,202,Temple Hall 202,2021,196,89,3,73,4,365,P1,107,75.6
Paschim Medinipur,601,WMed-601,203,Temple Hall 203,2019,281,105,2,37,4,429,P1,176,80.0
Paschim Medinipur,601,WMed-601,203,Temple Hall 203,2021,230,131,5,38,3,407,P1,99,75.9
Paschim Medinipur,601,WMed-601,204,Anganwadi Centre 204,2019,205,116,1,31,3,356,P1,89,73.9
Paschim Medinipur,601,WMed-601,204,Anganwadi Centre 204,2021,228,107,4,30,4,373,P1,121,77.4
Paschim Medinipur,601,WMed-601,205,Club Building 205,2019,239,148,2,49,5,443,P1,91,75.7
Paschim Medinipur,601,WMed-601,205,Club Building 205,2021,192,171,14,107,5,489,P1,21,83.6
Paschim Medinipur,601,WMed-601,206,Anganwadi Centre 206,2019,230,144,12,101,4,491,P1,86,84.4
Paschim Medinipur,601,WMed-601,206,Anganwadi Centre 206,2021,247,149,3,37,4,440,P1,98,75.6
Paschim Medinipur,601,WMed-601,207,Panchayat Bhavan 207,2019,291,168,4,42,5,510,P1,123,76.7
Paschim Medinipur,601,WMed-601,207,Panchayat Bhavan 207,2021,368,104,3,44,6,525,P1,264,78.9
Paschim Medinipur,602,WMed-602,1,Primary School 1,2019,307,140,4,60,4,515,P1,167,84.0
Paschim Medinipur,602,WMed-602,1,Primary School 1,2021,290,152,2,43,4,491,P1,138,80.1
Paschim Medinipur,602,WMed-602,2,High School 2,2019,247,149,3,46,4,449,P1,98,75.1
Paschim Medinipur,602,WMed-602,2,High School 2,2021,253,120,11,115,5,504,P1,133,84.3
Paschim Medinipur,602,WMed-602,3,Health Sub-Centre 3,2019,359,100,2,44,5,510,P1,259,79.7
Paschim Medinipur,602,WMed-602,3,Health Sub-Centre 3,2021,323,131,3,83,5,545,P1,192,85.2
Paschim Medinipur,602,WMed-602,4,Temple Hall 4,2019,386,180,7,66,7,646,P1,206,82.4
Paschim Medinipur,602,WMed-602,4,Temple Hall 4,2021,336,222,6,50,7,621,P1,114,79.2
Paschim Medinipur,602,WMed-602,5,Madrasa 5,2019,210,154,3,84,5,456,P1,56,82.0
Paschim Medinipur,602,WMed-602,5,Madrasa 5,2021,224,123,4,117,5,473,P1,101,85.1
Paschim Medinipur,602,WMed-602,6,Club Building 6,2019,206,141,3,32,4,386,P1,65,78.3
Paschim Medinipur,602,WMed-602,6,Club Building 6,2021,219,104,5,46,4,378,P1,115,76.7
Paschim Medinipur,602,WMed-602,7,Health Sub-Centre 7,2019,327,237,5,82,6,657,P1,90,80.6
Paschim Medinipur,602,WMed-602,7,Health Sub-Centre 7,2021,340,215,7,49,6,617,P1,125,75.7
Paschim Medinipur,602,WMed-602,8,Health Sub-Centre 8,2019,248,148,4,40,5,445,P1,100,76.3
Paschim Medinipur,602,WMed-602,8,Health Sub-Centre 8,2021,272,131,5,35,5,448,P1,141,76.8
Paschim Medinipur,602,WMed-602,9,Market Building 9,2019,226,97,3,85,4,415,P1,129,84.5
Paschim Medinipur,602,WMed-602,9,Market Building 9,2021,210,108,2,41,4,365,P1,102,74.3
Paschim Medinipur,602,WMed-602,10,Panchayat Bhavan 10,2019,256,186,4,46,5,497,P1,70,85.1
Paschim Medinipur,602,WMed-602,10,Panchayat Bhavan 10,2021,228,116,9,115,4,472,P1,112,80.8
Paschim Medinipur,602,WMed-602,11,Temple Hall 11,2019,326,169,9,99,6,609,P1,157,80.9
Paschim Medinipur,602,WMed-602,11,Temple Hall 11,2021,362,143,3,51,6,565,P1,219,75.0
Paschim Medinipur,602,WMed-602,12,Panchayat Bhavan 12,2019,315,99,1,40,4,459,P1,216,78.3
Paschim Medinipur,602,WMed-602,12,Panchayat Bhavan 12,2021,267,158,3,39,5,472,P1,109,80.5
Paschim Medinipur,602,WMed-602,13,Govt Office 13,2019,330,143,7,81,6,567,P1,187,81.3
Paschim Medinipur,602,WMed-602,13,Govt Office 13,2021,346,169,2,50,5,572,P1,177,82.1
Paschim Medinipur,602,WMed-602,14,Health Sub-Centre 14,2019,269,94,4,33,4,404,P1,175,79.5
Paschim Medinipur,602,WMed-602,14,Health Sub-Centre 14,2021,213,113,5,59,4,394,P1,100,77.6
Paschim Medinipur,602,WMed-602,15,Anganwadi Centre 15,2019,308,136,3,41,5,493,P1,172,78.1
Paschim Medinipur,602,WMed-602,15,Anganwadi Centre 15,2021,319,138,4,42,5,508,P1,181,80.5
Paschim Medinipur,602,WMed-602,16,Health Sub-Centre 16,2019,316,179,3,47,6,551,P1,137,76.6
Paschim Medinipur,602,WMed-602,16,Health Sub-Centre 16,2021,353,170,8,59,6,596,P1,183,82.9
Paschim Medinipur,602,WMed-602,17,Market Building 17,2019,263,123,8,70,5,469,P1,140,84.2
Paschim Medinipur,602,WMed-602,17,Market Building 17,2021,287,134,4,38,5,468,P1,153,84.0
Paschim Medinipur,602,WMed-602,18,Market Building 18,2019,318,118,3,40,5,484,P1,200,83.9
Paschim Medinipur,602,WMed-602,18,Market Building 18,2021,285,145,5,49,5,489,P1,140,84.7
Paschim Medinipur,602,WMed-602,19,Community Hall 19,2019,301,161,6,40,5,513,P1,140,79.0
Paschim Medinipur,602,WMed-602,19,Community Hall 19,2021,195,206,6,71,6,484,P2,11,74.6
Paschim Medinipur,602,WMed-602,20,Community Hall 20,2019,333,129,2,44,5,513,P1,204,78.3
Paschim Medinipur,602,WMed-602,20,Community Hall 20,2021,333,114,3,41,6,497,P1,219,75.9
Paschim Medinipur,602,WMed-602,21,Market Building 21,2019,246,112,2,34,3,397,P1,134,80.7
Paschim Medinipur,602,WMed-602,21,Market Building 21,2021,198,129,10,77,5,419,P1,69,85.2
Paschim Medinipur,602,WMed-602,22,Community Hall 22,2019,393,173,2,54,6,628,P1,220,80.0
Paschim Medinipur,602,WMed-602,22,Community Hall 22,2021,454,137,7,52,6,656,P1,317,83.6
Paschim Medinipur,602,WMed-602,23,Anganwadi Centre 23,2019,244,119,1,37,4,405,P1,125,81.3
Paschim Medinipur,602,WMed-602,23,Anganwadi Centre 23,2021,227,138,4,43,5,417,P1,89,83.7
Paschim Medinipur,602,WMed-602,24,High School 24,2019,248,100,2,32,4,386,P1,148,76.4
Paschim Medinipur,602,WMed-602,24,High School 24,2021,198,123,4,49,3,377,P1,75,74.7
Paschim Medinipur,602,WMed-602,25,Health Sub-Centre 25,2019,427,111,4,50,6,598,P1,316,77.6
Paschim Medinipur,602,WMed-602,25,Health Sub-Centre 25,2021,337,197,5,48,7,594,P1,140,77.0
Paschim Medinipur,602,WMed-602,26,Panchayat Bhavan 26,2019,340,170,7,80,6,603,P1,170,77.7
Paschim Medinipur,602,WMed-602,26,Panchayat Bhavan 26,2021,281,183,6,167,6,643,P1,98,82.9
Paschim Medinipur,602,WMed-602,27,Market Building 27,2019,251,144,3,36,5,439,P1,107,79.0
Paschim Medinipur,602,WMed-602,27,Market Building 27,2021,201,171,3,48,4,427,P1,30,76.8
Paschim Medinipur,602,WMed-602,28,Club Building 28,2019,315,74,3,36,4,432,P1,241,78.5
Paschim Medinipur,602,WMed-602,28,Club Building 28,2021,274,141,5,36,5,461,P1,133,83.8
Paschim Medinipur,602,WMed-602,29,Govt Office 29,2019,360,153,10,75,6,604,P1,207,81.1
Paschim Medinipur,602,WMed-602,29,Govt Office 29,2021,235,192,18,137,6,588,P1,43,78.9
Paschim Medinipur,602,WMed-602,30,Panchayat Bhavan 30,2019,285,169,2,52,6,514,P1,116,79.1
Paschim Medinipur,602,WMed-602,30,Panchayat Bhavan 30,2021,286,135,3,55,4,483,P1,151,74.3
Paschim Medinipur,602,WMed-602,31,Community Hall 31,2019,202,129,15,113,5,464,P1,73,85.1
Paschim Medinipur,602,WMed-602,31,Community Hall 31,2021,205,142,9,80,4,440,P1,63,80.7
Paschim Medinipur,602,WMed-602,32,Club Building 32,2019,326,117,4,41,4,492,P1,209,76.2
Paschim Medinipur,602,WMed-602,32,Club Building 32,2021,323,150,5,43,4,525,P1,173,81.3
Paschim Medinipur,602,WMed-602,33,High School 33,2019,372,145,7,45,6,575,P1,227,84.4
Paschim Medinipur,602,WMed-602,33,High School 33,2021,273,125,5,108,5,516,P1,148,75.8
Paschim Medinipur,602,WMed-602,34,Panchayat Bhavan 34,2019,185,113,6,79,4,387,P1,72,78.7
Paschim Medinipur,602,WMed-602,34,Panchayat Bhavan 34,2021,265,104,3,34,4,410,P1,161,83.3
Paschim Medinipur,602,WMed-602,35,Temple Hall 35,2019,235,132,4,53,5,429,P1,103,77.4
Paschim Medinipur,602,WMed-602,35,Temple Hall 35,2021,197,130,11,82,4,424,P1,67,76.5
Paschim Medinipur,602,WMed-602,36,Govt Office 36,2019,231,141,4,33,4,413,P1,90,75.2
Paschim Medinipur,602,WMed-602,36,Govt Office 36,2021,262,127,6,47,5,447,P1,135,81.4
Paschim Medinipur,602,WMed-602,37,Anganwadi Centre 37,2019,275,177,2,43,5,502,P1,98,74.0
Paschim Medinipur,602,WMed-602,37,Anganwadi Centre 37,2021,375,100,2,45,6,528,P1,275,77.9
Paschim Medinipur,602,WMed-602,38,Club Building 38,2019,257,132,15,162,6,572,P1,95,80.0
Paschim Medinipur,602,WMed-602,38,Club Building 38,2021,342,182,6,46,7,583,P1,160,81.5
Paschim Medinipur,602,WMed-602,39,Temple Hall 39,2019,346,93,5,39,5,488,P1,253,76.4
Paschim Medinipur,602,WMed-602,39,Temple Hall 39,2021,318,111,3,39,5,476,P1,207,74.5
Paschim Medinipur,602,WMed-602,40,Temple Hall 40,2019,328,189,6,46,6,575,P1,139,85.3
Paschim Medinipur,602,WMed-602,40,Temple Hall 40,2021,305,147,5,40,5,502,P1,158,74.5
Paschim Medinipur,602,WMed-602,41,Post Office 41,2019,271,151,10,81,6,519,P1,120,80.1
Paschim Medinipur,602,WMed-602,41,Post Office 41,2021,374,103,2,45,6,530,P1,271,81.8
Paschim Medinipur,602,WMed-602,42,Post Office 42,2019,323,154,5,43,5,530,P1,169,80.4
Paschim Medinipur,602,WMed-602,42,Post Office 42,2021,329,135,4,43,5,516,P1,194,78.3
Paschim Medinipur,602,WMed-602,43,Post Office 43,2019,398,171,7,50,6,632,P1,227,77.4
Paschim Medinipur,602,WMed-602,43,Post Office 43,2021,317,234,3,54,6,614,P1,83,75.2
Paschim Medinipur,602,WMed-602,44,High School 44,2019,337,206,7,81,6,637,P1,131,78.3
Paschim Medinipur,602,WMed-602,44,High School 44,2021,392,153,4,51,6,606,P1,239,74.4
Paschim Medinipur,602,WMed-602,45,Anganwadi Centre 45,2019,393,177,7,50,7,634,P1,216,81.4
Paschim Medinipur,602,WMed-602,45,Anganwadi Centre 45,2021,375,196,8,60,7,646,P1,179,82.9
Paschim Medinipur,602,WMed-602,46,Anganwadi Centre 46,2019,249,173,6,37,4,469,P1,76,80.6
Paschim Medinipur,602,WMed-602,46,Anganwadi Centre 46,2021,229,177,4,37,4,451,P1,52,77.5
Paschim Medinipur,602,WMed-602,47,High School 47,2019,448,136,7,52,6,649,P1,312,81.5
Paschim Medinipur,602,WMed-602,47,High School 47,2021,366,179,10,76,7,638,P1,187,80.2
Paschim Medinipur,602,WMed-602,48,Panchayat Bhavan 48,2019,351,197,8,64,6,626,P1,154,78.6
Paschim Medinipur,602,WMed-602,48,Panchayat Bhavan 48,2021,289,230,4,59,6,588,P1,59,73.9
Paschim Medinipur,602,WMed-602,49,Panchayat Bhavan 49,2019,273,120,5,35,4,437,P1,153,80.2
Paschim Medinipur,602,WMed-602,49,Panchayat Bhavan 49,2021,289,123,5,36,5,458,P1,166,84.0
Paschim Medinipur,602,WMed-602,50,Anganwadi Centre 50,2019,343,156,4,46,6,555,P1,187,74.6
Paschim Medinipur,602,WMed-602,50,Anganwadi Centre 50,2021,359,194,5,63,6,627,P1,165,84.3
Paschim Medinipur,602,WMed-602,51,Temple Hall 51,2019,223,173,6,73,5,480,P1,50,83.9
Paschim Medinipur,602,WMed-602,51,Temple Hall 51,2021,246,118,5,60,4,433,P1,128,75.7
Paschim Medinipur,602,WMed-602,52,Post Office 52,2019,243,165,8,74,5,495,P1,78,85.2
Paschim Medinipur,602,WMed-602,52,Post Office 52,2021,247,159,6,53,5,470,P1,88,80.9
Paschim Medinipur,602,WMed-602,53,Anganwadi Centre 53,2019,366,119,7,133,6,631,P1,233,84.4
Paschim Medinipur,602,WMed-602,53,Anganwadi Centre 53,2021,237,202,8,101,6,554,P1,35,74.1
Paschim Medinipur,602,WMed-602,54,Temple Hall 54,2019,334,84,3,38,5,464,P1,250,85.1
Paschim Medinipur,602,WMed-602,54,Temple Hall 54,2021,233,90,8,72,5,408,P1,143,74.9
Paschim Medinipur,602,WMed-602,55,Market Building 55,2019,186,144,11,89,5,435,P1,42,77.5
Paschim Medinipur,602,WMed-602,55,Market Building 55,2021,290,135,2,40,6,473,P1,155,84.3
Paschim Medinipur,602,WMed-602,56,Anganwadi Centre 56,2019,259,191,9,67,5,531,P1,68,81.1
Paschim Medinipur,602,WMed-602,56,Anganwadi Centre 56,2021,238,139,16,149,6,548,P1,89,83.7
Paschim Medinipur,602,WMed-602,57,Primary School 57,2019,233,140,16,177,6,572,P1,56,83.0
Paschim Medinipur,602,WMed-602,57,Primary School 57,2021,284,179,3,66,5,537,P1,105,77.9
Paschim Medinipur,602,WMed-602,58,Panchayat Bhavan 58,2019,259,125,2,40,4,430,P1,134,76.4
Paschim Medinipur,602,WMed-602,58,Panchayat Bhavan 58,2021,299,109,5,36,4,453,P1,190,80.5
Paschim Medinipur,602,WMed-602,59,Post Office 59,2019,259,167,3,82,5,516,P1,92,77.0
Paschim Medinipur,602,WMed-602,59,Post Office 59,2021,312,140,3,43,4,502,P1,172,74.9
Paschim Medinipur,602,WMed-602,60,Anganwadi Centre 60,2019,268,153,5,37,5,468,P1,115,76.7
Paschim Medinipur,602,WMed-602,60,Anganwadi Centre 60,2021,336,132,3,44,4,519,P1,204,85.1
Paschim Medinipur,602,WMed-602,61,High School 61,2019,316,112,3,40,4,475,P1,204,74.6
Paschim Medinipur,602,WMed-602,61,High School 61,2021,216,197,7,56,5,481,P1,19,75.5
Paschim Medinipur,602,WMed-602,62,Market Building 62,2019,253,137,4,35,5,434,P1,116,76.3
Paschim Medinipur,602,WMed-602,62,Market Building 62,2021,276,116,4,83,5,484,P1,160,85.1
Paschim Medinipur,602,WMed-602,63,Post Office 63,2019,427,178,8,64,7,684,P1,249,84.5
Paschim Medinipur,602,WMed-602,63,Post Office 63,2021,324,294,3,62,6,689,P1,30,85.2
Paschim Medinipur,602,WMed-602,64,Primary School 64,2019,264,143,5,36,4,452,P1,121,74.6
Paschim Medinipur,602,WMed-602,64,Primary School 64,2021,243,110,9,92,5,459,P1,133,75.7
Paschim Medinipur,602,WMed-602,65,Market Building 65,2019,231,111,2,32,4,380,P1,120,75.7
Paschim Medinipur,602,WMed-602,65,Market Building 65,2021,217,130,2,47,4,400,P1,87,79.7
Paschim Medinipur,602,WMed-602,66,Panchayat Bhavan 66,2019,371,169,6,51,6,603,P1,202,77.2
Paschim Medinipur,602,WMed-602,66,Panchayat Bhavan 66,2021,367,161,7,46,6,587,P1,206,75.2
Paschim Medinipur,602,WMed-602,67,Temple Hall 67,2019,404,134,3,51,6,598,P1,270,74.4
Paschim Medinipur,602,WMed-602,67,Temple Hall 67,2021,469,135,7,53,8,672,P1,334,83.6
Paschim Medinipur,602,WMed-602,68,Anganwadi Centre 68,2019,205,118,3,87,4,417,P1,87,83.7
Paschim Medinipur,602,WMed-602,68,Anganwadi Centre 68,2021,249,117,3,51,4,424,P1,132,85.1
Paschim Medinipur,602,WMed-602,69,Community Hall 69,2019,255,130,3,61,4,453,P1,125,76.1
Paschim Medinipur,602,WMed-602,69,Community Hall 69,2021,241,154,6,76,5,482,P1,87,81.0
Paschim Medinipur,602,WMed-602,70,Community Hall 70,2019,242,160,8,84,4,498,P1,82,80.8
Paschim Medinipur,602,WMed-602,70,Community Hall 70,2021,344,115,2,44,5,510,P1,229,82.8
Paschim Medinipur,602,WMed-602,71,Market Building 71,2019,220,134,4,80,5,443,P1,86,79.4
Paschim Medinipur,602,WMed-602,71,Market Building 71,2021,290,116,3,38,5,452,P1,174,81.0
Paschim Medinipur,602,WMed-602,72,Market Building 72,2019,253,92,4,75,4,428,P1,161,80.9
Paschim Medinipur,602,WMed-602,72,Market Building 72,2021,229,140,2,43,4,418,P1,89,79.0
Paschim Medinipur,602,WMed-602,73,Club Building 73,2019,418,137,3,82,7,647,P1,281,79.8
Paschim Medinipur,602,WMed-602,73,Club Building 73,2021,301,162,16,133,6,618,P1,139,76.2
Paschim Medinipur,602,WMed-602,74,Madrasa 74,2019,229,146,5,40,5,425,P1,83,80.2
Paschim Medinipur,602,WMed-602,74,Madrasa 74,2021,211,126,5,56,4,402,P1,85,75.8
Paschim Medinipur,602,WMed-602,75,Temple Hall 75,2019,321,177,3,47,6,554,P1,144,75.4
Paschim Medinipur,602,WMed-602,75,Temple Hall 75,2021,311,156,18,128,6,619,P1,155,84.2
Paschim Medinipur,602,WMed-602,76,Temple Hall 76,2019,230,157,7,78,5,477,P1,73,82.8
Paschim Medinipur,602,WMed-602,76,Temple Hall 76,2021,229,142,6,102,4,483,P1,87,83.9
Paschim Medinipur,602,WMed-602,77,Primary School 77,2019,336,145,5,61,5,552,P1,191,77.1
Paschim Medinipur,602,WMed-602,77,Primary School 77,2021,251,181,17,146,6,601,P1,70,83.9
Paschim Medinipur,602,WMed-602,78,Panchayat Bhavan 78,2019,283,125,4,36,5,453,P1,158,79.2
Paschim Medinipur,602,WMed-602,78,Panchayat Bhavan 78,2021,300,118,3,39,4,464,P1,182,81.1
Paschim Medinipur,602,WMed-602,79,Anganwadi Centre 79,2019,253,87,3,31,4,378,P1,166,78.1
Paschim Medinipur,602,WMed-602,79,Anganwadi Centre 79,2021,217,118,4,30,4,373,P1,99,77.1
Paschim Medinipur,602,WMed-602,80,Panchayat Bhavan 80,2019,328,130,7,110,5,580,P1,198,74.2
Paschim Medinipur,602,WMed-602,80,Panchayat Bhavan 80,2021,382,142,3,50,5,582,P1,240,74.4
Paschim Medinipur,602,WMed-602,81,Club Building 81,2019,267,126,4,35,5,437,P1,141,77.2
Paschim Medinipur,602,WMed-602,81,Club Building 81,2021,233,162,3,38,5,441,P1,71,77.9
Paschim Medinipur,602,WMed-602,82,Club Building 82,2019,286,160,3,42,5,496,P1,126,74.0
Paschim Medinipur,602,WMed-602,82,Club Building 82,2021,261,186,5,39,5,496,P1,75,74.0
Paschim Medinipur,602,WMed-602,83,Madrasa 83,2019,296,122,1,40,5,464,P1,174,80.1
Paschim Medinipur,602,WMed-602,83,Madrasa 83,2021,181,136,4,113,5,439,P1,45,75.8
Paschim Medinipur,602,WMed-602,84,Madrasa 84,2019,189,138,9,74,4,414,P1,51,74.1
Paschim Medinipur,602,WMed-602,84,Madrasa 84,2021,252,145,2,38,5,442,P1,107,79.1
Paschim Medinipur,602,WMed-602,85,Community Hall 85,2019,227,160,8,61,4,460,P1,67,77.6
Paschim Medinipur,602,WMed-602,85,Community Hall 85,2021,208,142,7,87,5,449,P1,66,75.7
Paschim Medinipur,602,WMed-602,86,Club Building 86,2019,292,198,6,43,6,545,P1,94,83.5
Paschim Medinipur,602,WMed-602,86,Club Building 86,2021,338,105,6,39,4,492,P1,233,75.3
Paschim Medinipur,602,WMed-602,87,Post Office 87,2019,187,108,12,83,3,393,P1,79,79.1
Paschim Medinipur,602,WMed-602,87,Post Office 87,2021,238,106,4,31,3,382,P1,132,76.9
Paschim Medinipur,602,WMed-602,88,Madrasa 88,2019,287,172,4,62,7,532,P1,115,76.3
Paschim Medinipur,602,WMed-602,88,Madrasa 88,2021,442,75,2,49,6,574,P1,367,82.4
Paschim Medinipur,602,WMed-602,89,Post Office 89,2019,254,169,4,44,5,476,P1,85,81.1
Paschim Medinipur,602,WMed-602,89,Post Office 89,2021,245,131,4,74,4,458,P1,114,78.0
Paschim Medinipur,602,WMed-602,90,High School 90,2019,264,168,8,71,4,515,P1,96,80.7
Paschim Medinipur,602,WMed-602,90,High School 90,2021,325,141,4,43,5,518,P1,184,81.2
Paschim Medinipur,602,WMed-602,91,Madrasa 91,2019,206,121,6,67,5,405,P1,85,78.5
Paschim Medinipur,602,WMed-602,91,Madrasa 91,2021,265,123,2,39,4,433,P1,142,83.9
Paschim Medinipur,602,WMed-602,92,Temple Hall 92,2019,182,118,14,178,5,497,P1,4,80.2
Paschim Medinipur,602,WMed-602,92,Temple Hall 92,2021,278,161,5,68,6,518,P1,117,83.5
Paschim Medinipur,602,WMed-602,93,Community Hall 93,2019,282,138,4,38,5,467,P1,144,84.8
Paschim Medinipur,602,WMed-602,93,Community Hall 93,2021,303,116,2,40,5,466,P1,187,84.6
Paschim Medinipur,602,WMed-602,94,High School 94,2019,312,170,6,42,6,536,P1,142,76.8
Paschim Medinipur,602,WMed-602,94,High School 94,2021,331,156,5,44,5,541,P1,175,77.5
Paschim Medinipur,602,WMed-602,95,High School 95,2019,384,147,3,50,6,590,P1,237,75.8
Paschim Medinipur,602,WMed-602,95,High School 95,2021,460,107,7,49,7,630,P1,353,81.0
Paschim Medinipur,602,WMed-602,96,Club Building 96,2019,344,195,7,59,6,611,P1,149,79.1
Paschim Medinipur,602,WMed-602,96,Club Building 96,2021,359,177,7,47,6,596,P1,182,77.2
Paschim Medinipur,602,WMed-602,97,Anganwadi Centre 97,2019,377,177,4,51,6,615,P1,200,85.1
Paschim Medinipur,602,WMed-602,97,Anganwadi Centre 97,2021,370,162,3,51,5,591,P1,208,81.7
Paschim Medinipur,602,WMed-602,98,Temple Hall 98,2019,365,131,5,45,5,551,P1,234,75.4
Paschim Medinipur,602,WMed-602,98,Temple Hall 98,2021,308,182,9,74,5,578,P1,126,79.1
Paschim Medinipur,602,WMed-602,99,High School 99,2019,323,158,5,53,7,546,P1,165,77.8
Paschim Medinipur,602,WMed-602,99,High School 99,2021,246,135,9,194,6,590,P1,52,84.0
Paschim Medinipur,602,WMed-602,100,Primary School 100,2019,244,116,3,45,4,412,P1,128,75.0
Paschim Medinipur,602,WMed-602,100,Primary School 100,2021,218,145,8,60,4,435,P1,73,79.2
Paschim Medinipur,602,WMed-602,101,Madrasa 101,2019,246,158,5,62,6,477,P1,88,79.8
Paschim Medinipur,602,WMed-602,101,Madrasa 101,2021,283,141,4,44,5,477,P1,142,79.8
Paschim Medinipur,602,WMed-602,102,Post Office 102,2019,316,171,4,56,6,553,P1,145,84.7
Paschim Medinipur,602,WMed-602,102,Post Office 102,2021,263,205,4,55,6,533,P1,58,81.6
Paschim Medinipur,602,WMed-602,103,Madrasa 103,2019,351,213,4,53,6,627,P1,138,77.1
Paschim Medinipur,602,WMed-602,103,Madrasa 103,2021,368,202,10,76,6,662,P1,166,81.4
Paschim Medinipur,602,WMed-602,104,Anganwadi Centre 104,2019,276,184,5,55,6,526,P1,92,82.3
Paschim Medinipur,602,WMed-602,104,Anganwadi Centre 104,2021,344,127,3,44,5,523,P1,217,81.8
Paschim Medinipur,602,WMed-602,105,Govt Office 105,2019,267,182,6,52,5,512,P1,85,83.3
Paschim Medinipur,602,WMed-602,105,Govt Office 105,2021,215,102,16,132,6,471,P1,83,76.6
Paschim Medinipur,602,WMed-602,106,Club Building 106,2019,284,154,3,83,5,529,P1,130,80.9
Paschim Medinipur,602,WMed-602,106,Club Building 106,2021,340,159,5,45,5,554,P1,181,84.7
Paschim Medinipur,602,WMed-602,107,Panchayat Bhavan 107,2019,262,148,7,80,5,502,P1,114,80.1
Paschim Medinipur,602,WMed-602,107,Panchayat Bhavan 107,2021,251,157,6,61,4,479,P1,94,76.4
Paschim Medinipur,602,WMed-602,108,Community Hall 108,2019,263,151,11,95,5,525,P1,112,78.4
Paschim Medinipur,602,WMed-602,108,Community Hall 108,2021,342,127,4,43,6,522,P1,215,77.9
Paschim Medinipur,602,WMed-602,109,Primary School 109,2019,209,129,2,47,4,391,P1,80,81.0
Paschim Medinipur,602,WMed-602,109,Primary School 109,2021,184,123,7,62,3,379,P1,61,78.5
Paschim Medinipur,602,WMed-602,110,Madrasa 110,2019,331,152,2,61,5,551,P1,179,78.2
Paschim Medinipur,602,WMed-602,110,Madrasa 110,2021,290,210,7,54,6,567,P1,80,80.4
Paschim Medinipur,602,WMed-602,111,Anganwadi Centre 111,2019,180,154,3,37,3,377,P1,26,75.2
Paschim Medinipur,602,WMed-602,111,Anganwadi Centre 111,2021,211,162,2,35,4,414,P1,49,82.6
Paschim Medinipur,602,WMed-602,112,Community Hall 112,2019,262,202,3,49,4,520,P1,60,82.8
Paschim Medinipur,602,WMed-602,112,Community Hall 112,2021,284,135,2,40,5,466,P1,149,74.2
Paschim Medinipur,602,WMed-602,113,Anganwadi Centre 113,2019,278,134,2,39,5,458,P1,144,76.3
Paschim Medinipur,602,WMed-602,113,Anganwadi Centre 113,2021,281,155,5,39,4,484,P1,126,80.7
Paschim Medinipur,602,WMed-602,114,Health Sub-Centre 114,2019,394,102,5,45,5,551,P1,292,77.7
Paschim Medinipur,602,WMed-602,114,Health Sub-Centre 114,2021,297,186,2,46,5,536,P1,111,75.6
Paschim Medinipur,602,WMed-602,115,Anganwadi Centre 115,2019,303,197,2,65,5,572,P1,106,81.8
Paschim Medinipur,602,WMed-602,115,Anganwadi Centre 115,2021,304,199,2,48,5,558,P1,105,79.8
Paschim Medinipur,602,WMed-602,116,Anganwadi Centre 116,2019,241,139,3,46,5,434,P1,102,76.0
Paschim Medinipur,602,WMed-602,116,Anganwadi Centre 116,2021,196,157,6,64,4,427,P1,39,74.8
Paschim Medinipur,602,WMed-602,117,Govt Office 117,2019,212,141,1,34,4,392,P1,71,80.8
Paschim Medinipur,602,WMed-602,117,Govt Office 117,2021,240,78,7,53,4,382,P1,162,78.8
Paschim Medinipur,602,WMed-602,118,Community Hall 118,2019,271,165,3,40,5,484,P1,106,82.0
Paschim Medinipur,602,WMed-602,118,Community Hall 118,2021,224,176,2,38,4,444,P1,48,75.3
Paschim Medinipur,602,WMed-602,119,Govt Office 119,2019,429,151,7,51,6,644,P1,278,80.7
Paschim Medinipur,602,WMed-602,119,Govt Office 119,2021,380,209,3,55,7,654,P1,171,82.0
Paschim Medinipur,602,WMed-602,120,Primary School 120,2019,253,103,4,32,4,396,P1,150,74.6
Paschim Medinipur,602,WMed-602,120,Primary School 120,2021,181,102,14,118,4,419,P1,63,78.9
Paschim Medinipur,602,WMed-602,121,Govt Office 121,2019,317,175,5,54,6,557,P1,142,83.1
Paschim Medinipur,602,WMed-602,121,Govt Office 121,2021,310,168,10,66,5,559,P1,142,83.4
Paschim Medinipur,602,WMed-602,122,Market Building 122,2019,226,154,6,72,4,462,P1,72,82.1
Paschim Medinipur,602,WMed-602,122,Market Building 122,2021,225,158,4,35,4,426,P1,67,75.7
Paschim Medinipur,602,WMed-602,123,Market Building 123,2019,270,79,4,31,4,388,P1,191,74.2
Paschim Medinipur,602,WMed-602,123,Market Building 123,2021,246,148,3,36,4,437,P1,98,83.6
Paschim Medinipur,602,WMed-602,124,Panchayat Bhavan 124,2019,262,99,1,35,4,401,P1,163,77.1
Paschim Medinipur,602,WMed-602,124,Panchayat Bhavan 124,2021,203,121,4,65,4,397,P1,82,76.3
Paschim Medinipur,602,WMed-602,125,Madrasa 125,2019,350,92,2,42,5,491,P1,258,81.2
Paschim Medinipur,602,WMed-602,125,Madrasa 125,2021,294,155,3,45,5,502,P1,139,83.0
Paschim Medinipur,602,WMed-602,126,Govt Office 126,2019,312,248,6,50,7,623,P1,64,83.6
Paschim Medinipur,602,WMed-602,126,Govt Office 126,2021,291,207,4,95,6,603,P1,84,80.9
Paschim Medinipur,602,WMed-602,127,Temple Hall 127,2019,310,164,17,130,7,628,P1,146,84.0
Paschim Medinipur,602,WMed-602,127,Temple Hall 127,2021,308,186,10,73,5,582,P1,122,77.8
Paschim Medinipur,602,WMed-602,128,Panchayat Bhavan 128,2019,299,202,19,158,7,685,P1,97,84.5
Paschim Medinipur,602,WMed-602,128,Panchayat Bhavan 128,2021,444,168,5,56,7,680,P1,276,83.8
Paschim Medinipur,602,WMed-602,129,Market Building 129,2019,222,169,5,34,5,435,P1,53,75.7
Paschim Medinipur,602,WMed-602,129,Market Building 129,2021,245,145,8,63,4,465,P1,100,80.9
Paschim Medinipur,602,WMed-602,130,Govt Office 130,2019,261,123,5,33,4,426,P1,138,81.1
Paschim Medinipur,602,WMed-602,130,Govt Office 130,2021,226,133,1,35,4,399,P1,93,76.0
Paschim Medinipur,602,WMed-602,131,Govt Office 131,2019,332,243,5,52,7,639,P1,89,83.0
Paschim Medinipur,602,WMed-602,131,Govt Office 131,2021,350,219,7,52,6,634,P1,131,82.3
Paschim Medinipur,602,WMed-602,132,Community Hall 132,2019,245,123,4,32,5,409,P1,122,74.9
Paschim Medinipur,602,WMed-602,132,Community Hall 132,2021,294,97,4,35,5,435,P1,197,79.7
Paschim Medinipur,602,WMed-602,133,Anganwadi Centre 133,2019,284,197,4,44,5,534,P1,87,83.8
Paschim Medinipur,602,WMed-602,133,Anganwadi Centre 133,2021,274,110,8,81,5,478,P1,164,75.0
Paschim Medinipur,602,WMed-602,134,Madrasa 134,2019,275,95,2,35,5,412,P1,180,78.6
Paschim Medinipur,602,WMed-602,134,Madrasa 134,2021,224,149,4,33,4,414,P1,75,79.0
Paschim Medinipur,602,WMed-602,135,Primary School 135,2019,349,158,4,62,7,580,P1,191,76.3
Paschim Medinipur,602,WMed-602,135,Primary School 135,2021,348,186,5,48,6,593,P1,162,78.0
Paschim Medinipur,602,WMed-602,136,Post Office 136,2019,354,151,3,55,6,569,P1,203,76.0
Paschim Medinipur,602,WMed-602,136,Post Office 136,2021,311,199,7,59,6,582,P1,112,77.7
Paschim Medinipur,602,WMed-602,137,Govt Office 137,2019,337,93,3,40,5,478,P1,244,74.6
Paschim Medinipur,602,WMed-602,137,Govt Office 137,2021,265,201,7,49,5,527,P1,64,82.2
Paschim Medinipur,602,WMed-602,138,Anganwadi Centre 138,2019,215,138,7,57,4,421,P1,77,84.5
Paschim Medinipur,602,WMed-602,138,Anganwadi Centre 138,2021,195,104,5,62,4,370,P1,91,74.3
Paschim Medinipur,602,WMed-602,139,Post Office 139,2019,311,113,8,57,5,494,P1,198,84.2
Paschim Medinipur,602,WMed-602,139,Post Office 139,2021,261,152,4,37,5,459,P1,109,78.2
Paschim Medinipur,602,WMed-602,140,Temple Hall 140,2019,280,62,4,31,3,380,P1,218,78.8
Paschim Medinipur,602,WMed-602,140,Temple Hall 140,2021,196,140,5,34,3,378,P1,56,78.4
Paschim Medinipur,602,WMed-602,141,Govt Office 141,2019,321,196,8,61,7,593,P1,125,79.1
Paschim Medinipur,602,WMed-602,141,Govt Office 141,2021,312,190,7,44,4,557,P1,122,74.3
Paschim Medinipur,602,WMed-602,142,Health Sub-Centre 142,2019,220,114,2,31,4,371,P1,106,75.7
Paschim Medinipur,602,WMed-602,142,Health Sub-Centre 142,2021,245,109,4,32,4,394,P1,136,80.4
Paschim Medinipur,602,WMed-602,143,Health Sub-Centre 143,2019,264,119,4,37,4,428,P1,145,75.6
Paschim Medinipur,602,WMed-602,143,Health Sub-Centre 143,2021,278,143,5,39,5,470,P1,135,83.0
Paschim Medinipur,602,WMed-602,144,Anganwadi Centre 144,2019,265,129,14,97,4,509,P1,136,75.7
Paschim Medinipur,602,WMed-602,144,Anganwadi Centre 144,2021,326,149,2,45,5,527,P1,177,78.4
Paschim Medinipur,602,WMed-602,145,Panchayat Bhavan 145,2019,195,150,2,33,4,384,P1,45,77.9
Paschim Medinipur,602,WMed-602,145,Panchayat Bhavan 145,2021,208,131,4,32,3,378,P1,77,76.7
Paschim Medinipur,602,WMed-602,146,Post Office 146,2019,305,171,6,42,5,529,P1,134,78.0
Paschim Medinipur,602,WMed-602,146,Post Office 146,2021,283,179,5,41,5,513,P1,104,75.7
Paschim Medinipur,602,WMed-602,147,Community Hall 147,2019,375,141,5,46,7,574,P1,234,74.2
Paschim Medinipur,602,WMed-602,147,Community Hall 147,2021,405,157,2,54,6,624,P1,248,80.6
Paschim Medinipur,602,WMed-602,148,Panchayat Bhavan 148,2019,310,132,3,41,5,491,P1,178,83.1
Paschim Medinipur,602,WMed-602,148,Panchayat Bhavan 148,2021,264,146,5,70,6,491,P1,118,83.1
Paschim Medinipur,602,WMed-602,149,Post Office 149,2019,238,136,5,43,4,426,P1,102,82.1
Paschim Medinipur,602,WMed-602,149,Post Office 149,2021,259,95,3,32,4,393,P1,164,75.7
Paschim Medinipur,602,WMed-602,150,Club Building 150,2019,323,135,2,58,6,524,P1,188,79.9
Paschim Medinipur,602,WMed-602,150,Club Building 150,2021,267,189,5,41,5,507,P1,78,77.3
Paschim Medinipur,602,WMed-602,151,Market Building 151,2019,298,189,6,43,5,541,P1,109,82.8
Paschim Medinipur,602,WMed-602,151,Market Building 151,2021,230,117,22,181,6,556,P1,49,85.1
Paschim Medinipur,602,WMed-602,152,Primary School 152,2019,295,83,4,33,5,420,P1,212,82.5
Paschim Medinipur,602,WMed-602,152,Primary School 152,2021,254,122,3,34,5,418,P1,132,82.1
Paschim Medinipur,602,WMed-602,153,Market Building 153,2019,366,198,8,113,7,692,P1,168,85.3
Paschim Medinipur,602,WMed-602,153,Market Building 153,2021,424,167,4,60,7,662,P1,257,81.6
Paschim Medinipur,602,WMed-602,154,Temple Hall 154,2019,264,141,3,80,6,494,P1,123,78.4
Paschim Medinipur,602,WMed-602,154,Temple Hall 154,2021,324,118,3,41,5,491,P1,206,77.9
Paschim Medinipur,602,WMed-602,155,Club Building 155,2019,260,134,4,104,6,508,P1,126,84.0
Paschim Medinipur,602,WMed-602,155,Club Building 155,2021,204,83,8,164,5,464,P1,40,76.7
Paschim Medinipur,602,WMed-602,156,Anganwadi Centre 156,2019,359,250,6,55,7,677,P1,109,84.8
Paschim Medinipur,602,WMed-602,156,Anganwadi Centre 156,2021,315,203,10,105,6,639,P1,112,80.1
Paschim Medinipur,602,WMed-602,157,Panchayat Bhavan 157,2019,354,152,5,45,7,563,P1,202,83.2
Paschim Medinipur,602,WMed-602,157,Panchayat Bhavan 157,2021,337,160,2,47,6,552,P1,177,81.5
Paschim Medinipur,602,WMed-602,158,Market Building 158,2019,275,76,3,32,4,390,P1,199,78.5
Paschim Medinipur,602,WMed-602,158,Market Building 158,2021,198,124,2,49,4,377,P1,74,75.9
Paschim Medinipur,602,WMed-602,159,Community Hall 159,2019,335,175,8,78,6,602,P1,160,82.4
Paschim Medinipur,602,WMed-602,159,Community Hall 159,2021,382,168,7,48,7,612,P1,214,83.7
Paschim Medinipur,602,WMed-602,160,High School 160,2019,365,194,4,52,6,621,P1,171,81.5
Paschim Medinipur,602,WMed-602,160,High School 160,2021,351,139,12,94,7,603,P1,212,79.1
Paschim Medinipur,602,WMed-602,161,Club Building 161,2019,294,160,4,42,5,505,P1,134,77.0
Paschim Medinipur,602,WMed-602,161,Club Building 161,2021,336,157,4,45,5,547,P1,179,83.4
Paschim Medinipur,602,WMed-602,162,Post Office 162,2019,258,140,16,173,6,593,P1,85,84.8
Paschim Medinipur,602,WMed-602,162,Post Office 162,2021,333,155,6,43,5,542,P1,178,77.5
Paschim Medinipur,602,WMed-602,163,Post Office 163,2019,242,212,2,58,6,520,P1,30,73.9
Paschim Medinipur,602,WMed-602,163,Post Office 163,2021,312,137,4,98,7,558,P1,175,79.3
Paschim Medinipur,602,WMed-602,164,Madrasa 164,2019,370,105,5,42,6,528,P1,265,80.5
Paschim Medinipur,602,WMed-602,164,Madrasa 164,2021,351,150,2,48,6,557,P1,201,84.9
Paschim Medinipur,602,WMed-602,165,Market Building 165,2019,315,223,7,47,5,597,P1,92,76.0
Paschim Medinipur,602,WMed-602,165,Market Building 165,2021,382,170,5,53,7,617,P1,212,78.5
Paschim Medinipur,602,WMed-602,166,Madrasa 166,2019,300,162,2,63,6,533,P1,138,73.8
Paschim Medinipur,602,WMed-602,166,Madrasa 166,2021,340,173,7,45,4,569,P1,167,78.8
Paschim Medinipur,602,WMed-602,167,Anganwadi Centre 167,2019,283,145,4,38,5,475,P1,138,81.9
Paschim Medinipur,602,WMed-602,167,Anganwadi Centre 167,2021,236,154,5,37,3,435,P1,82,75.0
Paschim Medinipur,602,WMed-602,168,Primary School 168,2019,264,150,16,126,5,561,P1,114,81.9
Paschim Medinipur,602,WMed-602,168,Primary School 168,2021,263,220,3,55,6,547,P1,43,79.9
Paschim Medinipur,602,WMed-602,169,Club Building 169,2019,263,154,3,39,4,463,P1,109,79.0
Paschim Medinipur,602,WMed-602,169,Club Building 169,2021,260,157,5,53,5,480,P1,103,81.9
Paschim Medinipur,602,WMed-602,170,Madrasa 170,2019,431,156,4,54,7,652,P1,275,81.4
Paschim Medinipur,602,WMed-602,170,Madrasa 170,2021,330,229,7,49,6,621,P1,101,77.5
Paschim Medinipur,602,WMed-602,171,Primary School 171,2019,375,189,3,54,6,627,P1,186,79.2
Paschim Medinipur,602,WMed-602,171,Primary School 171,2021,372,210,3,55,7,647,P1,162,81.7
Paschim Medinipur,602,WMed-602,172,Club Building 172,2019,196,176,3,36,4,415,P1,20,76.4
Paschim Medinipur,602,WMed-602,172,Club Building 172,2021,218,166,4,43,4,435,P1,52,80.1
Paschim Medinipur,602,WMed-602,173,Health Sub-Centre 173,2019,373,197,3,54,7,634,P1,176,82.1
Paschim Medinipur,602,WMed-602,173,Health Sub-Centre 173,2021,376,190,7,49,7,629,P1,186,81.5
Paschim Medinipur,602,WMed-602,174,Primary School 174,2019,237,136,4,55,4,436,P1,101,81.5
Paschim Medinipur,602,WMed-602,174,Primary School 174,2021,182,141,6,77,4,410,P1,41,76.6
Paschim Medinipur,602,WMed-602,175,Govt Office 175,2019,355,235,7,52,6,655,P1,120,82.2
Paschim Medinipur,602,WMed-602,175,Govt Office 175,2021,315,209,5,62,5,596,P1,106,74.8
Paschim Medinipur,602,WMed-602,176,High School 176,2019,222,167,5,34,5,433,P1,55,82.6
Paschim Medinipur,602,WMed-602,176,High School 176,2021,235,105,5,94,5,444,P1,130,84.7
Paschim Medinipur,602,WMed-602,177,Madrasa 177,2019,253,170,6,53,5,487,P1,83,80.1
Paschim Medinipur,602,WMed-602,177,Madrasa 177,2021,259,174,3,71,5,512,P1,85,84.2
Paschim Medinipur,602,WMed-602,178,Panchayat Bhavan 178,2019,316,204,8,77,6,611,P1,112,74.7
Paschim Medinipur,602,WMed-602,178,Panchayat Bhavan 178,2021,362,204,6,51,6,629,P1,158,76.9
Paschim Medinipur,602,WMed-602,179,Community Hall 179,2019,247,170,5,37,5,464,P1,77,83.9
Paschim Medinipur,602,WMed-602,179,Community Hall 179,2021,251,158,4,40,4,457,P1,93,82.6
Paschim Medinipur,602,WMed-602,180,Govt Office 180,2019,311,244,3,53,6,617,P1,67,77.0
Paschim Medinipur,602,WMed-602,180,Govt Office 180,2021,353,183,6,48,5,595,P1,170,74.3
Paschim Medinipur,602,WMed-602,181,Club Building 181,2019,298,152,2,43,4,499,P1,146,76.4
Paschim Medinipur,602,WMed-602,181,Club Building 181,2021,260,185,5,40,5,495,P1,75,75.8
Paschim Medinipur,602,WMed-602,182,Temple Hall 182,2019,320,196,4,63,6,589,P1,124,84.3
Paschim Medinipur,602,WMed-602,182,Temple Hall 182,2021,268,175,12,91,5,551,P1,93,78.8
Paschim Medinipur,602,WMed-602,183,Community Hall 183,2019,224,105,3,30,3,365,P1,119,75.6
Paschim Medinipur,602,WMed-602,183,Community Hall 183,2021,214,101,6,52,5,378,P1,113,78.3
Paschim Medinipur,602,WMed-602,184,Panchayat Bhavan 184,2019,281,138,6,47,5,477,P1,143,78.2
Paschim Medinipur,602,WMed-602,184,Panchayat Bhavan 184,2021,222,174,8,73,4,481,P1,48,78.9
Paschim Medinipur,602,WMed-602,185,Madrasa 185,2019,355,150,2,49,5,561,P1,205,84.7
Paschim Medinipur,602,WMed-602,185,Madrasa 185,2021,323,120,4,40,5,492,P1,203,74.3
Paschim Medinipur,602,WMed-602,186,Primary School 186,2019,201,104,13,94,4,416,P1,97,78.8
Paschim Medinipur,602,WMed-602,186,Primary School 186,2021,287,99,2,36,5,429,P1,188,81.2
Paschim Medinipur,602,WMed-602,187,Club Building 187,2019,313,144,5,41,5,508,P1,169,84.5
Paschim Medinipur,602,WMed-602,187,Club Building 187,2021,253,117,7,86,5,468,P1,136,77.9
Paschim Medinipur,602,WMed-602,188,Govt Office 188,2019,235,179,8,224,7,653,P1,11,79.8
Paschim Medinipur,602,WMed-602,188,Govt Office 188,2021,355,214,3,54,6,632,P1,141,77.3
Paschim Medinipur,602,WMed-602,189,Panchayat Bhavan 189,2019,242,169,8,70,5,494,P1,73,84.0
Paschim Medinipur,602,WMed-602,189,Panchayat Bhavan 189,2021,285,165,6,39,5,500,P1,120,85.0
Paschim Medinipur,602,WMed-602,190,Govt Office 190,2019,296,252,4,51,5,608,P1,44,78.6
Paschim Medinipur,602,WMed-602,190,Govt Office 190,2021,391,196,7,52,7,653,P1,195,84.4
Paschim Medinipur,602,WMed-602,191,Health Sub-Centre 191,2019,279,164,4,41,5,493,P1,115,81.9
Paschim Medinipur,602,WMed-602,191,Health Sub-Centre 191,2021,287,114,4,36,5,446,P1,173,74.1
Paschim Medinipur,602,WMed-602,192,Temple Hall 192,2019,331,215,13,99,7,665,P1,116,83.3
Paschim Medinipur,602,WMed-602,192,Temple Hall 192,2021,338,216,6,49,7,616,P1,122,77.2
Paschim Medinipur,602,WMed-602,193,Govt Office 193,2019,350,124,5,43,5,527,P1,226,77.8
Paschim Medinipur,602,WMed-602,193,Govt Office 193,2021,343,133,2,46,5,529,P1,210,78.1
Paschim Medinipur,602,WMed-602,194,High School 194,2019,402,207,3,58,7,677,P1,195,85.2
Paschim Medinipur,602,WMed-602,194,High School 194,2021,349,231,8,79,7,674,P1,118,84.8
Paschim Medinipur,602,WMed-602,195,Anganwadi Centre 195,2019,288,171,6,68,5,538,P1,117,75.7
Paschim Medinipur,602,WMed-602,195,Anganwadi Centre 195,2021,308,125,4,102,6,545,P1,183,76.7
Paschim Medinipur,602,WMed-602,196,Club Building 196,2019,269,208,4,97,6,584,P1,61,84.8
Paschim Medinipur,602,WMed-602,196,Club Building 196,2021,333,150,11,77,6,577,P1,183,83.7
Paschim Medinipur,602,WMed-602,197,Madrasa 197,2019,291,113,4,36,5,449,P1,178,74.8
Paschim Medinipur,602,WMed-602,197,Madrasa 197,2021,282,131,4,37,4,458,P1,151,76.3
Paschim Medinipur,602,WMed-602,198,Anganwadi Centre 198,2019,306,160,3,80,6,555,P1,146,81.5
Paschim Medinipur,602,WMed-602,198,Anganwadi Centre 198,2021,341,145,3,46,5,540,P1,196,79.3
Paschim Medinipur,602,WMed-602,199,Govt Office 199,2019,351,97,6,39,5,498,P1,254,76.0
Paschim Medinipur,602,WMed-602,199,Govt Office 199,2021,254,173,5,86,5,523,P1,81,79.8
Paschim Medinipur,602,WMed-602,200,Health Sub-Centre 200,2019,285,144,5,43,5,482,P1,141,74.2
Paschim Medinipur,602,WMed-602,200,Health Sub-Centre 200,2021,342,126,3,44,5,520,P1,216,80.0
Paschim Medinipur,602,WMed-602,201,Health Sub-Centre 201,2019,386,156,3,51,6,602,P1,230,78.7
Paschim Medinipur,602,WMed-602,201,Health Sub-Centre 201,2021,292,211,5,92,6,606,P1,81,79.2
Paschim Medinipur,602,WMed-602,202,Madrasa 202,2019,444,164,4,57,7,676,P1,280,85.1
Paschim Medinipur,602,WMed-602,202,Madrasa 202,2021,418,142,4,52,6,622,P1,276,78.3
Paschim Medinipur,602,WMed-602,203,High School 203,2019,323,174,8,84,7,596,P1,149,81.4
Paschim Medinipur,602,WMed-602,203,High School 203,2021,382,153,6,47,7,595,P1,229,81.3
Paschim Medinipur,602,WMed-602,204,Health Sub-Centre 204,2019,252,148,2,38,4,444,P1,104,84.3
Paschim Medinipur,602,WMed-602,204,Health Sub-Centre 204,2021,239,134,3,34,5,415,P1,105,78.7
Paschim Medinipur,602,WMed-602,205,Madrasa 205,2019,312,195,5,50,5,567,P1,117,74.6
Paschim Medinipur,602,WMed-602,205,Madrasa 205,2021,337,149,18,133,6,643,P1,188,84.6
Paschim Medinipur,602,WMed-602,206,Primary School 206,2019,340,222,7,49,6,624,P1,118,84.1
Paschim Medinipur,602,WMed-602,206,Primary School 206,2021,313,197,7,88,5,610,P1,116,82.2
Paschim Medinipur,602,WMed-602,207,Community Hall 207,2019,256,150,6,110,5,527,P1,106,83.3
Paschim Medinipur,602,WMed-602,207,Community Hall 207,2021,295,154,4,41,5,499,P1,141,78.8
Paschim Medinipur,602,WMed-602,208,Temple Hall 208,2019,433,103,7,47,6,596,P1,330,82.8
Paschim Medinipur,602,WMed-602,208,Temple Hall 208,2021,339,157,4,45,6,551,P1,182,76.5
Paschim Medinipur,602,WMed-602,209,Health Sub-Centre 209,2019,265,152,4,37,5,463,P1,113,78.7
Paschim Medinipur,602,WMed-602,209,Health Sub-Centre 209,2021,306,92,3,37,4,442,P1,214,75.2
Paschim Medinipur,602,WMed-602,210,Madrasa 210,2019,238,155,4,35,5,437,P1,83,76.5
Paschim Medinipur,602,WMed-602,210,Madrasa 210,2021,291,112,4,59,6,472,P1,179,82.7
Paschim Medinipur,602,WMed-602,211,High School 211,2019,312,184,3,46,6,551,P1,128,78.7
Paschim Medinipur,602,WMed-602,211,High School 211,2021,382,150,5,48,6,591,P1,232,84.4
Paschim Medinipur,602,WMed-602,212,Post Office 212,2019,310,230,7,48,6,601,P1,80,82.0
Paschim Medinipur,602,WMed-602,212,Post Office 212,2021,352,188,5,49,7,601,P1,164,82.0
Paschim Medinipur,602,WMed-602,213,Anganwadi Centre 213,2019,291,141,2,41,6,481,P1,150,84.5
Paschim Medinipur,602,WMed-602,213,Anganwadi Centre 213,2021,297,134,2,41,5,479,P1,163,84.2
Paschim Medinipur,603,WMed-603,1,Anganwadi Centre 1,2019,243,110,2,33,4,392,P1,133,81.2
Paschim Medinipur,603,WMed-603,1,Anganwadi Centre 1,2021,217,136,6,46,5,410,P1,81,84.9
Paschim Medinipur,603,WMed-603,2,Post Office 2,2019,325,138,8,52,5,528,P1,187,82.9
Paschim Medinipur,603,WMed-603,2,Post Office 2,2021,305,157,6,40,5,513,P1,148,80.5
Paschim Medinipur,603,WMed-603,3,Post Office 3,2019,245,120,2,35,4,406,P1,125,83.9
Paschim Medinipur,603,WMed-603,3,Post Office 3,2021,186,121,4,56,4,371,P1,65,76.7
Paschim Medinipur,603,WMed-603,4,Club Building 4,2019,259,157,3,39,4,462,P1,102,84.5
Paschim Medinipur,603,WMed-603,4,Club Building 4,2021,258,125,3,35,5,426,P1,133,77.9
Paschim Medinipur,603,WMed-603,5,Club Building 5,2019,222,135,4,47,4,412,P1,87,74.8
Paschim Medinipur,603,WMed-603,5,Club Building 5,2021,269,121,3,36,5,434,P1,148,78.8
Paschim Medinipur,603,WMed-603,6,Post Office 6,2019,331,153,6,42,5,537,P1,178,83.4
Paschim Medinipur,603,WMed-603,6,Post Office 6,2021,251,119,13,108,5,496,P1,132,77.0
Paschim Medinipur,603,WMed-603,7,Anganwadi Centre 7,2019,281,128,4,37,5,455,P1,153,74.5
Paschim Medinipur,603,WMed-603,7,Anganwadi Centre 7,2021,259,167,5,38,4,473,P1,92,77.4
Paschim Medinipur,603,WMed-603,8,Market Building 8,2019,315,151,10,159,7,642,P1,156,82.5
Paschim Medinipur,603,WMed-603,8,Market Building 8,2021,299,224,5,49,5,582,P1,75,74.8
Paschim Medinipur,603,WMed-603,9,Panchayat Bhavan 9,2019,316,135,6,39,5,501,P1,181,75.5
Paschim Medinipur,603,WMed-603,9,Panchayat Bhavan 9,2021,281,184,3,43,5,516,P1,97,77.7
Paschim Medinipur,603,WMed-603,10,Primary School 10,2019,347,213,2,71,6,639,P1,134,81.1
Paschim Medinipur,603,WMed-603,10,Primary School 10,2021,359,168,5,48,6,586,P1,191,74.4
Paschim Medinipur,603,WMed-603,11,Club Building 11,2019,379,98,6,42,5,530,P1,281,84.5
Paschim Medinipur,603,WMed-603,11,Club Building 11,2021,276,179,8,59,6,528,P1,97,84.2
Paschim Medinipur,603,WMed-603,12,Temple Hall 12,2019,323,269,7,52,7,658,P1,54,82.2
Paschim Medinipur,603,WMed-603,12,Temple Hall 12,2021,334,211,6,49,6,606,P1,123,75.8
Paschim Medinipur,603,WMed-603,13,Post Office 13,2019,221,174,11,110,5,521,P1,47,79.7
Paschim Medinipur,603,WMed-603,13,Post Office 13,2021,301,167,6,71,6,551,P1,134,84.3
Paschim Medinipur,603,WMed-603,14,Govt Office 14,2019,382,84,3,44,5,518,P1,298,74.6
Paschim Medinipur,603,WMed-603,14,Govt Office 14,2021,387,141,3,50,6,587,P1,246,84.6
Paschim Medinipur,603,WMed-603,15,Primary School 15,2019,226,148,2,35,5,416,P1,78,73.9
Paschim Medinipur,603,WMed-603,15,Primary School 15,2021,229,148,4,46,4,431,P1,81,76.6
Paschim Medinipur,603,WMed-603,16,Temple Hall 16,2019,332,154,3,45,6,540,P1,178,74.4
Paschim Medinipur,603,WMed-603,16,Temple Hall 16,2021,309,197,5,48,5,564,P1,112,77.7
Paschim Medinipur,603,WMed-603,17,Community Hall 17,2019,405,131,2,52,5,595,P1,274,83.6
Paschim Medinipur,603,WMed-603,17,Community Hall 17,2021,293,182,6,41,6,528,P1,111,74.2
Paschim Medinipur,603,WMed-603,18,Post Office 18,2019,257,136,5,35,4,437,P1,121,76.1
Paschim Medinipur,603,WMed-603,18,Post Office 18,2021,235,162,4,36,4,441,P1,73,76.8
Paschim Medinipur,603,WMed-603,19,Market Building 19,2019,194,110,9,81,4,398,P1,84,81.1
Paschim Medinipur,603,WMed-603,19,Market Building 19,2021,224,126,4,31,4,389,P1,98,79.2
Paschim Medinipur,603,WMed-603,20,Community Hall 20,2019,200,121,6,52,4,383,P1,79,74.4
Paschim Medinipur,603,WMed-603,20,Community Hall 20,2021,263,111,3,34,5,416,P1,152,80.8
Paschim Medinipur,603,WMed-603,21,Govt Office 21,2019,267,169,5,39,4,484,P1,98,79.0
Paschim Medinipur,603,WMed-603,21,Govt Office 21,2021,262,201,6,41,5,515,P1,61,84.0
Paschim Medinipur,603,WMed-603,22,Anganwadi Centre 22,2019,237,165,3,47,4,456,P1,72,75.1
Paschim Medinipur,603,WMed-603,22,Anganwadi Centre 22,2021,346,90,4,40,5,485,P1,256,79.9
Paschim Medinipur,603,WMed-603,23,Govt Office 23,2019,403,132,6,48,6,595,P1,271,78.5
Paschim Medinipur,603,WMed-603,23,Govt Office 23,2021,430,149,5,53,6,643,P1,281,84.8
Paschim Medinipur,603,WMed-603,24,Club Building 24,2019,240,148,2,39,4,433,P1,92,76.8
Paschim Medinipur,603,WMed-603,24,Club Building 24,2021,334,95,2,41,5,477,P1,239,84.6
Paschim Medinipur,603,WMed-603,25,Post Office 25,2019,215,165,4,41,4,429,P1,50,77.3
Paschim Medinipur,603,WMed-603,25,Post Office 25,2021,295,131,3,39,5,473,P1,164,85.2
Paschim Medinipur,603,WMed-603,26,Primary School 26,2019,438,150,6,53,6,653,P1,288,85.1
Paschim Medinipur,603,WMed-603,26,Primary School 26,2021,354,161,2,50,6,573,P1,193,74.7
Paschim Medinipur,603,WMed-603,27,Primary School 27,2019,206,104,6,50,5,371,P1,102,75.6
Paschim Medinipur,603,WMed-603,27,Primary School 27,2021,199,101,5,99,4,408,P1,98,83.1
Paschim Medinipur,603,WMed-603,28,Govt Office 28,2019,232,170,5,35,4,446,P1,62,82.0
Paschim Medinipur,603,WMed-603,28,Govt Office 28,2021,235,135,4,66,4,444,P1,100,81.6
Paschim Medinipur,603,WMed-603,29,Panchayat Bhavan 29,2019,244,116,10,76,5,451,P1,128,82.8
Paschim Medinipur,603,WMed-603,29,Panchayat Bhavan 29,2021,245,145,1,38,4,433,P1,100,79.4
Paschim Medinipur,603,WMed-603,30,Health Sub-Centre 30,2019,358,132,5,117,6,618,P1,226,78.7
Paschim Medinipur,603,WMed-603,30,Health Sub-Centre 30,2021,346,189,2,52,6,595,P1,157,75.8
Paschim Medinipur,603,WMed-603,31,Temple Hall 31,2019,410,136,3,84,7,640,P1,274,78.6
Paschim Medinipur,603,WMed-603,31,Temple Hall 31,2021,345,252,3,57,7,664,P1,93,81.6
Paschim Medinipur,603,WMed-603,32,Panchayat Bhavan 32,2019,290,160,7,101,6,564,P1,130,75.4
Paschim Medinipur,603,WMed-603,32,Panchayat Bhavan 32,2021,342,181,9,90,6,628,P1,161,84.0
Paschim Medinipur,603,WMed-603,33,Anganwadi Centre 33,2019,253,125,2,37,4,421,P1,128,82.5
Paschim Medinipur,603,WMed-603,33,Anganwadi Centre 33,2021,206,139,5,75,4,429,P1,67,84.1
Paschim Medinipur,603,WMed-603,34,Primary School 34,2019,331,176,9,70,5,591,P1,155,85.0
Paschim Medinipur,603,WMed-603,34,Primary School 34,2021,287,177,4,59,5,532,P1,110,76.5
Paschim Medinipur,603,WMed-603,35,Primary School 35,2019,386,159,3,51,6,605,P1,227,76.0
Paschim Medinipur,603,WMed-603,35,Primary School 35,2021,332,220,10,89,6,657,P1,112,82.5
Paschim Medinipur,603,WMed-603,36,Primary School 36,2019,464,131,6,54,6,661,P1,333,81.6
Paschim Medinipur,603,WMed-603,36,Primary School 36,2021,316,139,9,136,6,606,P1,177,74.8
Paschim Medinipur,603,WMed-603,37,High School 37,2019,301,116,5,36,6,464,P1,185,81.8
Paschim Medinipur,603,WMed-603,37,High School 37,2021,319,71,4,35,4,433,P1,248,76.4
Paschim Medinipur,603,WMed-603,38,Temple Hall 38,2019,222,105,6,57,4,394,P1,117,81.2
Paschim Medinipur,603,WMed-603,38,Temple Hall 38,2021,239,86,2,30,4,361,P1,153,74.4
Paschim Medinipur,603,WMed-603,39,Community Hall 39,2019,374,163,3,50,7,597,P1,211,84.9
Paschim Medinipur,603,WMed-603,39,Community Hall 39,2021,334,158,10,89,6,597,P1,176,84.9
Paschim Medinipur,603,WMed-603,40,Health Sub-Centre 40,2019,311,160,6,41,5,523,P1,151,85.2
Paschim Medinipur,603,WMed-603,40,Health Sub-Centre 40,2021,294,148,4,40,5,491,P1,146,80.0
Paschim Medinipur,603,WMed-603,41,High School 41,2019,316,182,2,48,6,554,P1,134,80.5
Paschim Medinipur,603,WMed-603,41,High School 41,2021,339,148,5,50,5,547,P1,191,79.5
Paschim Medinipur,603,WMed-603,42,Health Sub-Centre 42,2019,229,100,7,116,5,457,P1,113,82.8
Paschim Medinipur,603,WMed-603,42,Health Sub-Centre 42,2021,300,123,2,41,3,469,P1,177,85.0
Paschim Medinipur,603,WMed-603,43,High School 43,2019,340,208,5,50,5,608,P1,132,76.6
Paschim Medinipur,603,WMed-603,43,High School 43,2021,395,199,4,55,7,660,P1,196,83.1
Paschim Medinipur,603,WMed-603,44,Madrasa 44,2019,234,165,11,104,5,519,P1,69,81.7
Paschim Medinipur,603,WMed-603,44,Madrasa 44,2021,292,132,2,41,4,471,P1,160,74.2
Paschim Medinipur,603,WMed-603,45,Market Building 45,2019,231,157,7,95,4,494,P1,74,78.2
Paschim Medinipur,603,WMed-603,45,Market Building 45,2021,260,153,6,51,4,474,P1,107,75.0
Paschim Medinipur,603,WMed-603,46,Market Building 46,2019,305,126,4,39,5,479,P1,179,77.4
Paschim Medinipur,603,WMed-603,46,Market Building 46,2021,229,117,16,124,4,490,P1,105,79.2
Paschim Medinipur,603,WMed-603,47,Post Office 47,2019,239,179,22,172,7,619,P1,60,76.0
Paschim Medinipur,603,WMed-603,47,Post Office 47,2021,335,200,9,111,6,661,P1,135,81.2
Paschim Medinipur,603,WMed-603,48,Health Sub-Centre 48,2019,267,192,2,44,5,510,P1,75,74.8
Paschim Medinipur,603,WMed-603,48,Health Sub-Centre 48,2021,332,137,6,41,5,521,P1,195,76.4
Paschim Medinipur,603,WMed-603,49,Community Hall 49,2019,226,80,5,50,3,364,P1,146,74.6
Paschim Medinipur,603,WMed-603,49,Community Hall 49,2021,156,116,6,83,4,365,P1,40,74.8
Paschim Medinipur,603,WMed-603,50,Market Building 50,2019,280,168,4,41,4,497,P1,112,76.1
Paschim Medinipur,603,WMed-603,50,Market Building 50,2021,334,138,3,44,6,525,P1,196,80.4
Paschim Medinipur,603,WMed-603,51,Health Sub-Centre 51,2019,267,116,15,135,7,540,P1,132,77.4
Paschim Medinipur,603,WMed-603,51,Health Sub-Centre 51,2021,255,198,9,79,6,547,P1,57,78.4
Paschim Medinipur,603,WMed-603,52,Community Hall 52,2019,264,123,10,95,5,497,P1,141,84.7
Paschim Medinipur,603,WMed-603,52,Community Hall 52,2021,272,140,5,75,6,498,P1,132,84.8
Paschim Medinipur,603,WMed-603,53,Madrasa 53,2019,312,148,3,43,5,511,P1,164,82.4
Paschim Medinipur,603,WMed-603,53,Madrasa 53,2021,275,190,6,42,5,518,P1,85,83.5
Paschim Medinipur,603,WMed-603,54,Community Hall 54,2019,274,184,7,84,6,555,P1,90,75.2
Paschim Medinipur,603,WMed-603,54,Community Hall 54,2021,246,223,5,67,5,546,P1,23,74.0
Paschim Medinipur,603,WMed-603,55,Community Hall 55,2019,323,161,8,98,5,595,P1,162,74.3
Paschim Medinipur,603,WMed-603,55,Community Hall 55,2021,427,172,8,52,6,665,P1,255,83.0
Paschim Medinipur,603,WMed-603,56,Temple Hall 56,2019,368,204,3,54,7,636,P1,164,80.6
Paschim Medinipur,603,WMed-603,56,Temple Hall 56,2021,338,179,7,126,7,657,P1,159,83.3
Paschim Medinipur,603,WMed-603,57,Primary School 57,2019,250,145,14,121,5,535,P1,105,80.5
Paschim Medinipur,603,WMed-603,57,Primary School 57,2021,290,181,3,44,5,523,P1,109,78.6
Paschim Medinipur,603,WMed-603,58,Govt Office 58,2019,363,85,4,41,5,498,P1,278,80.6
Paschim Medinipur,603,WMed-603,58,Govt Office 58,2021,266,89,18,129,5,507,P1,137,82.0
Paschim Medinipur,603,WMed-603,59,Temple Hall 59,2019,252,162,9,76,5,504,P1,90,81.0
Paschim Medinipur,603,WMed-603,59,Temple Hall 59,2021,298,158,7,50,6,519,P1,140,83.4
Paschim Medinipur,603,WMed-603,60,Primary School 60,2019,448,152,4,56,7,667,P1,296,84.1
Paschim Medinipur,603,WMed-603,60,Primary School 60,2021,338,224,10,77,6,655,P1,114,82.6
Paschim Medinipur,603,WMed-603,61,High School 61,2019,317,101,4,38,5,465,P1,216,80.2
Paschim Medinipur,603,WMed-603,61,High School 61,2021,247,139,8,76,4,474,P1,108,81.7
Paschim Medinipur,603,WMed-603,62,Market Building 62,2019,305,80,2,37,4,428,P1,225,81.8
Paschim Medinipur,603,WMed-603,62,Market Building 62,2021,238,120,4,32,4,398,P1,118,76.1
Paschim Medinipur,603,WMed-603,63,Club Building 63,2019,234,148,2,55,5,444,P1,86,84.1
Paschim Medinipur,603,WMed-603,63,Club Building 63,2021,232,161,4,36,4,437,P1,71,82.8
Paschim Medinipur,603,WMed-603,64,Temple Hall 64,2019,185,165,6,56,4,416,P1,20,78.0
Paschim Medinipur,603,WMed-603,64,Temple Hall 64,2021,273,126,2,38,4,443,P1,147,83.1
Paschim Medinipur,603,WMed-603,65,Panchayat Bhavan 65,2019,315,136,4,43,6,504,P1,179,74.7
Paschim Medinipur,603,WMed-603,65,Panchayat Bhavan 65,2021,336,155,5,44,5,545,P1,181,80.7
Paschim Medinipur,603,WMed-603,66,Community Hall 66,2019,232,127,2,34,4,399,P1,105,78.4
Paschim Medinipur,603,WMed-603,66,Community Hall 66,2021,286,104,2,37,4,433,P1,182,85.1
Paschim Medinipur,603,WMed-603,67,Club Building 67,2019,320,152,2,45,6,525,P1,168,81.3
Paschim Medinipur,603,WMed-603,67,Club Building 67,2021,282,181,5,41,6,515,P1,101,79.7
Paschim Medinipur,603,WMed-603,68,Health Sub-Centre 68,2019,378,134,3,48,6,569,P1,244,77.8
Paschim Medinipur,603,WMed-603,68,Health Sub-Centre 68,2021,360,143,9,77,7,596,P1,217,81.5
Paschim Medinipur,603,WMed-603,69,Health Sub-Centre 69,2019,200,169,13,123,5,510,P1,31,76.7
Paschim Medinipur,603,WMed-603,69,Health Sub-Centre 69,2021,309,136,5,40,4,494,P1,173,74.3
Paschim Medinipur,603,WMed-603,70,Health Sub-Centre 70,2019,263,184,14,123,6,590,P1,79,75.1
Paschim Medinipur,603,WMed-603,70,Health Sub-Centre 70,2021,334,162,9,105,7,617,P1,172,78.5
Paschim Medinipur,603,WMed-603,71,Primary School 71,2019,266,229,5,141,7,648,P1,37,80.5
Paschim Medinipur,603,WMed-603,71,Primary School 71,2021,289,161,8,131,7,596,P1,128,74.0
Paschim Medinipur,603,WMed-603,72,Temple Hall 72,2019,254,119,2,36,3,414,P1,135,84.5
Paschim Medinipur,603,WMed-603,72,Temple Hall 72,2021,218,135,1,34,5,393,P1,83,80.2
Paschim Medinipur,603,WMed-603,73,Panchayat Bhavan 73,2019,364,184,4,51,5,608,P1,180,85.2
Paschim Medinipur,603,WMed-603,73,Panchayat Bhavan 73,2021,295,168,6,113,7,589,P1,127,82.5
Paschim Medinipur,603,WMed-603,74,Post Office 74,2019,311,136,6,44,4,501,P1,175,74.7
Paschim Medinipur,603,WMed-603,74,Post Office 74,2021,238,119,7,168,5,537,P1,70,80.0
Paschim Medinipur,603,WMed-603,75,Market Building 75,2019,347,128,4,122,6,607,P1,219,75.5
Paschim Medinipur,603,WMed-603,75,Market Building 75,2021,333,229,9,63,8,642,P1,104,79.9
Paschim Medinipur,603,WMed-603,76,Temple Hall 76,2019,330,171,6,48,6,561,P1,159,76.0
Paschim Medinipur,603,WMed-603,76,Temple Hall 76,2021,336,199,5,68,5,613,P1,137,83.1
Paschim Medinipur,603,WMed-603,77,Health Sub-Centre 77,2019,244,150,3,40,4,441,P1,94,75.5
Paschim Medinipur,603,WMed-603,77,Health Sub-Centre 77,2021,278,77,10,96,5,466,P1,182,79.8
Paschim Medinipur,603,WMed-603,78,Health Sub-Centre 78,2019,235,128,2,34,4,403,P1,107,76.8
Paschim Medinipur,603,WMed-603,78,Health Sub-Centre 78,2021,232,160,4,35,4,435,P1,72,82.9
Paschim Medinipur,603,WMed-603,79,Govt Office 79,2019,387,94,4,44,6,535,P1,293,74.4
Paschim Medinipur,603,WMed-603,79,Govt Office 79,2021,292,175,9,113,7,596,P1,117,82.9
Paschim Medinipur,603,WMed-603,80,Panchayat Bhavan 80,2019,272,142,2,40,3,459,P1,130,80.8
Paschim Medinipur,603,WMed-603,80,Panchayat Bhavan 80,2021,243,142,2,36,5,428,P1,101,75.4
Paschim Medinipur,603,WMed-603,81,Health Sub-Centre 81,2019,278,121,9,95,6,509,P1,157,76.4
Paschim Medinipur,603,WMed-603,81,Health Sub-Centre 81,2021,283,113,4,95,5,500,P1,170,75.1
Paschim Medinipur,603,WMed-603,82,Primary School 82,2019,348,118,2,44,5,517,P1,230,78.2
Paschim Medinipur,603,WMed-603,82,Primary School 82,2021,288,178,7,58,6,537,P1,110,81.2
Paschim Medinipur,603,WMed-603,83,Health Sub-Centre 83,2019,357,187,4,67,6,621,P1,170,77.8
Paschim Medinipur,603,WMed-603,83,Health Sub-Centre 83,2021,361,236,7,52,8,664,P1,125,83.2
Paschim Medinipur,603,WMed-603,84,Madrasa 84,2019,256,137,3,39,4,439,P1,119,79.4
Paschim Medinipur,603,WMed-603,84,Madrasa 84,2021,296,115,5,36,4,456,P1,181,82.5
Paschim Medinipur,603,WMed-603,85,Temple Hall 85,2019,223,99,2,30,4,358,P1,124,74.3
Paschim Medinipur,603,WMed-603,85,Temple Hall 85,2021,232,119,3,32,4,390,P1,113,80.9
Paschim Medinipur,603,WMed-603,86,Health Sub-Centre 86,2019,358,162,10,128,6,664,P1,196,84.2
Paschim Medinipur,603,WMed-603,86,Health Sub-Centre 86,2021,375,182,7,48,7,619,P1,193,78.5
Paschim Medinipur,603,WMed-603,87,Market Building 87,2019,283,115,4,45,4,451,P1,168,74.3
Paschim Medinipur,603,WMed-603,87,Market Building 87,2021,330,116,6,39,4,495,P1,214,81.5
Paschim Medinipur,603,WMed-603,88,Anganwadi Centre 88,2019,336,127,6,41,5,515,P1,209,74.2
Paschim Medinipur,603,WMed-603,88,Anganwadi Centre 88,2021,306,212,4,48,5,575,P1,94,82.9
Paschim Medinipur,603,WMed-603,89,Panchayat Bhavan 89,2019,249,201,14,96,5,565,P1,48,78.0
Paschim Medinipur,603,WMed-603,89,Panchayat Bhavan 89,2021,380,174,6,49,7,616,P1,206,85.1
Paschim Medinipur,603,WMed-603,90,Temple Hall 90,2019,372,201,12,81,6,672,P1,171,84.2
Paschim Medinipur,603,WMed-603,90,Temple Hall 90,2021,428,178,6,55,6,673,P1,250,84.3
Paschim Medinipur,603,WMed-603,91,Govt Office 91,2019,366,178,3,52,6,605,P1,188,84.1
Paschim Medinipur,603,WMed-603,91,Govt Office 91,2021,315,166,9,89,6,585,P1,149,81.4
Paschim Medinipur,603,WMed-603,92,Market Building 92,2019,287,190,6,42,4,529,P1,97,80.0
Paschim Medinipur,603,WMed-603,92,Market Building 92,2021,298,172,8,70,5,553,P1,126,83.7
Paschim Medinipur,603,WMed-603,93,Health Sub-Centre 93,2019,318,186,5,87,6,602,P1,132,81.9
Paschim Medinipur,603,WMed-603,93,Health Sub-Centre 93,2021,310,155,11,116,6,598,P1,155,81.4
Paschim Medinipur,603,WMed-603,94,Panchayat Bhavan 94,2019,290,172,16,113,6,597,P1,118,79.4
Paschim Medinipur,603,WMed-603,94,Panchayat Bhavan 94,2021,346,117,15,146,7,631,P1,200,83.9
Paschim Medinipur,603,WMed-603,95,Panchayat Bhavan 95,2019,245,135,4,95,5,484,P1,110,82.9
Paschim Medinipur,603,WMed-603,95,Panchayat Bhavan 95,2021,291,132,3,39,5,470,P1,159,80.5
Paschim Medinipur,603,WMed-603,96,Club Building 96,2019,348,225,5,61,7,646,P1,123,83.7
Paschim Medinipur,603,WMed-603,96,Club Building 96,2021,314,192,13,101,7,627,P1,122,81.2
Paschim Medinipur,603,WMed-603,97,Market Building 97,2019,265,116,5,33,5,424,P1,149,83.0
Paschim Medinipur,603,WMed-603,97,Market Building 97,2021,181,102,6,97,4,390,P1,79,76.3
Paschim Medinipur,603,WMed-603,98,Health Sub-Centre 98,2019,219,131,4,31,3,388,P1,88,74.5
Paschim Medinipur,603,WMed-603,98,Health Sub-Centre 98,2021,243,113,2,33,5,396,P1,130,76.0
Paschim Medinipur,603,WMed-603,99,Post Office 99,2019,268,160,5,65,6,504,P1,108,75.7
Paschim Medinipur,603,WMed-603,99,Post Office 99,2021,324,120,10,100,6,560,P1,204,84.1
Paschim Medinipur,603,WMed-603,100,Community Hall 100,2019,279,185,4,42,5,515,P1,94,83.9
Paschim Medinipur,603,WMed-603,100,Community Hall 100,2021,304,144,4,63,6,521,P1,160,84.9
Paschim Medinipur,603,WMed-603,101,High School 101,2019,258,168,8,77,6,517,P1,90,74.5
Paschim Medinipur,603,WMed-603,101,High School 101,2021,305,192,5,44,6,552,P1,113,79.5
Paschim Medinipur,603,WMed-603,102,Post Office 102,2019,227,126,4,31,5,393,P1,101,80.4
Paschim Medinipur,603,WMed-603,102,Post Office 102,2021,242,122,3,33,5,405,P1,120,82.8
Paschim Medinipur,603,WMed-603,103,Health Sub-Centre 103,2019,320,139,11,94,5,569,P1,181,81.3
Paschim Medinipur,603,WMed-603,103,Health Sub-Centre 103,2021,326,182,4,51,6,569,P1,144,81.3
Paschim Medinipur,603,WMed-603,104,Market Building 104,2019,331,223,6,49,7,616,P1,108,84.2
Paschim Medinipur,603,WMed-603,104,Market Building 104,2021,367,130,5,45,5,552,P1,237,75.4
Paschim Medinipur,603,WMed-603,105,Madrasa 105,2019,300,148,6,39,5,498,P1,152,84.0
Paschim Medinipur,603,WMed-603,105,Madrasa 105,2021,264,91,6,79,3,443,P1,173,74.7
Paschim Medinipur,603,WMed-603,106,High School 106,2019,290,151,10,100,6,557,P1,139,81.4
Paschim Medinipur,603,WMed-603,106,High School 106,2021,321,165,5,44,5,540,P1,156,78.9
Paschim Medinipur,603,WMed-603,107,Health Sub-Centre 107,2019,202,151,4,58,4,419,P1,51,77.6
Paschim Medinipur,603,WMed-603,107,Health Sub-Centre 107,2021,238,142,2,36,5,423,P1,96,78.3
Paschim Medinipur,603,WMed-603,108,Panchayat Bhavan 108,2019,300,192,9,67,6,574,P1,108,76.9
Paschim Medinipur,603,WMed-603,108,Panchayat Bhavan 108,2021,335,153,4,57,5,554,P1,182,74.3
Paschim Medinipur,603,WMed-603,109,Primary School 109,2019,345,179,4,48,6,582,P1,166,74.2
Paschim Medinipur,603,WMed-603,109,Primary School 109,2021,391,148,7,47,6,599,P1,243,76.4
Paschim Medinipur,603,WMed-603,110,Market Building 110,2019,301,145,5,46,5,502,P1,156,74.3
Paschim Medinipur,603,WMed-603,110,Market Building 110,2021,280,183,12,92,5,572,P1,97,84.6
Paschim Medinipur,603,WMed-603,111,Panchayat Bhavan 111,2019,304,172,11,87,6,580,P1,132,76.9
Paschim Medinipur,603,WMed-603,111,Panchayat Bhavan 111,2021,346,169,6,46,5,572,P1,177,75.9
Paschim Medinipur,603,WMed-603,112,Govt Office 112,2019,249,138,5,34,4,430,P1,111,81.4
Paschim Medinipur,603,WMed-603,112,Govt Office 112,2021,226,139,4,41,4,414,P1,87,78.4
Paschim Medinipur,603,WMed-603,113,Temple Hall 113,2019,267,126,2,37,4,436,P1,141,74.7
Paschim Medinipur,603,WMed-603,113,Temple Hall 113,2021,282,145,2,41,5,475,P1,137,81.3
Paschim Medinipur,603,WMed-603,114,Temple Hall 114,2019,396,140,8,90,6,640,P1,256,82.1
Paschim Medinipur,603,WMed-603,114,Temple Hall 114,2021,344,201,2,52,6,605,P1,143,77.6
Paschim Medinipur,603,WMed-603,115,Madrasa 115,2019,343,124,3,57,6,533,P1,219,76.1
Paschim Medinipur,603,WMed-603,115,Madrasa 115,2021,298,214,3,48,6,569,P1,84,81.3
Paschim Medinipur,603,WMed-603,116,Anganwadi Centre 116,2019,278,179,8,58,5,528,P1,99,76.4
Paschim Medinipur,603,WMed-603,116,Anganwadi Centre 116,2021,304,175,6,42,5,532,P1,129,77.0
Paschim Medinipur,603,WMed-603,117,Temple Hall 117,2019,319,133,13,165,7,637,P1,154,78.9
Paschim Medinipur,603,WMed-603,117,Temple Hall 117,2021,363,164,6,71,6,610,P1,199,75.6
Paschim Medinipur,603,WMed-603,118,Anganwadi Centre 118,2019,310,170,4,44,5,533,P1,140,76.4
Paschim Medinipur,603,WMed-603,118,Anganwadi Centre 118,2021,305,111,6,110,5,537,P1,194,76.9
Paschim Medinipur,603,WMed-603,119,Anganwadi Centre 119,2019,241,122,3,33,5,404,P1,119,75.0
Paschim Medinipur,603,WMed-603,119,Anganwadi Centre 119,2021,248,149,4,35,5,441,P1,99,81.8
Paschim Medinipur,603,WMed-603,120,Panchayat Bhavan 120,2019,321,187,7,60,6,581,P1,134,84.6
Paschim Medinipur,603,WMed-603,120,Panchayat Bhavan 120,2021,274,202,4,44,5,529,P1,72,77.0
Paschim Medinipur,603,WMed-603,121,Primary School 121,2019,212,106,4,65,4,391,P1,106,76.5
Paschim Medinipur,603,WMed-603,121,Primary School 121,2021,201,136,5,49,3,394,P1,65,77.1
Paschim Medinipur,603,WMed-603,122,Health Sub-Centre 122,2019,261,200,2,44,5,512,P1,61,82.4
Paschim Medinipur,603,WMed-603,122,Health Sub-Centre 122,2021,283,110,8,72,5,478,P1,173,77.0
Paschim Medinipur,603,WMed-603,123,Health Sub-Centre 123,2019,287,133,3,64,5,492,P1,154,77.8
Paschim Medinipur,603,WMed-603,123,Health Sub-Centre 123,2021,253,158,7,80,6,504,P1,95,79.7
Paschim Medinipur,603,WMed-603,124,Madrasa 124,2019,291,202,13,121,7,634,P1,89,78.2
Paschim Medinipur,603,WMed-603,124,Madrasa 124,2021,490,112,4,57,6,669,P1,378,82.5
Paschim Medinipur,603,WMed-603,125,Primary School 125,2019,231,144,9,88,5,477,P1,87,74.4
Paschim Medinipur,603,WMed-603,125,Primary School 125,2021,278,158,5,39,5,485,P1,120,75.7
Paschim Medinipur,603,WMed-603,126,Anganwadi Centre 126,2019,175,131,7,121,5,439,P1,44,78.3
Paschim Medinipur,603,WMed-603,126,Anganwadi Centre 126,2021,293,95,2,37,5,432,P1,198,77.0
Paschim Medinipur,603,WMed-603,127,Market Building 127,2019,304,180,6,43,5,538,P1,124,81.0
Paschim Medinipur,603,WMed-603,127,Market Building 127,2021,349,160,6,45,5,565,P1,189,85.1
Paschim Medinipur,603,WMed-603,128,Primary School 128,2019,302,147,5,60,5,519,P1,155,74.7
Paschim Medinipur,603,WMed-603,128,Primary School 128,2021,273,167,8,85,5,538,P1,106,77.4
Paschim Medinipur,603,WMed-603,129,Govt Office 129,2019,313,134,5,40,5,497,P1,179,79.4
Paschim Medinipur,603,WMed-603,129,Govt Office 129,2021,358,114,4,43,6,525,P1,244,83.9
Paschim Medinipur,603,WMed-603,130,Community Hall 130,2019,360,181,12,109,6,668,P1,179,83.9
Paschim Medinipur,603,WMed-603,130,Community Hall 130,2021,428,167,5,55,6,661,P1,261,83.0
Paschim Medinipur,603,WMed-603,131,Panchayat Bhavan 131,2019,354,206,5,51,6,622,P1,148,84.9
Paschim Medinipur,603,WMed-603,131,Panchayat Bhavan 131,2021,294,138,16,129,5,582,P1,156,79.4
Paschim Medinipur,603,WMed-603,132,Health Sub-Centre 132,2019,235,160,10,91,4,500,P1,75,76.5
Paschim Medinipur,603,WMed-603,132,Health Sub-Centre 132,2021,268,125,9,80,5,487,P1,143,74.5
Paschim Medinipur,603,WMed-603,133,Temple Hall 133,2019,293,168,4,91,6,562,P1,125,85.0
Paschim Medinipur,603,WMed-603,133,Temple Hall 133,2021,276,173,5,42,5,501,P1,103,75.8
Paschim Medinipur,603,WMed-603,134,Community Hall 134,2019,311,206,4,47,6,574,P1,105,78.2
Paschim Medinipur,603,WMed-603,134,Community Hall 134,2021,354,188,4,55,6,607,P1,166,82.7
Paschim Medinipur,603,WMed-603,135,Temple Hall 135,2019,377,186,3,57,5,628,P1,191,81.2
Paschim Medinipur,603,WMed-603,135,Temple Hall 135,2021,373,200,4,59,6,642,P1,173,83.1
Paschim Medinipur,603,WMed-603,136,Community Hall 136,2019,290,161,6,39,5,501,P1,129,81.6
Paschim Medinipur,603,WMed-603,136,Community Hall 136,2021,330,117,3,41,6,497,P1,213,80.9
Paschim Medinipur,603,WMed-603,137,Post Office 137,2019,325,153,6,42,5,531,P1,172,74.6
Paschim Medinipur,603,WMed-603,137,Post Office 137,2021,304,165,10,82,6,567,P1,139,79.6
Paschim Medinipur,603,WMed-603,138,Panchayat Bhavan 138,2019,303,192,16,122,6,639,P1,111,84.2
Paschim Medinipur,603,WMed-603,138,Panchayat Bhavan 138,2021,283,134,17,151,6,591,P1,132,77.9
Paschim Medinipur,603,WMed-603,139,Community Hall 139,2019,365,150,6,45,6,572,P1,215,78.7
Paschim Medinipur,603,WMed-603,139,Community Hall 139,2021,371,184,7,49,6,617,P1,187,84.9
Paschim Medinipur,603,WMed-603,140,Temple Hall 140,2019,238,157,4,35,4,438,P1,81,83.0
Paschim Medinipur,603,WMed-603,140,Temple Hall 140,2021,320,70,3,36,4,433,P1,250,82.0
Paschim Medinipur,603,WMed-603,141,Anganwadi Centre 141,2019,245,192,10,151,5,603,P1,53,80.3
Paschim Medinipur,603,WMed-603,141,Anganwadi Centre 141,2021,330,181,4,47,6,568,P1,149,75.6
Paschim Medinipur,603,WMed-603,142,Temple Hall 142,2019,322,178,2,48,6,556,P1,144,77.3
Paschim Medinipur,603,WMed-603,142,Temple Hall 142,2021,323,177,5,55,5,565,P1,146,78.6
Paschim Medinipur,603,WMed-603,143,Anganwadi Centre 143,2019,415,137,4,52,6,614,P1,278,78.9
Paschim Medinipur,603,WMed-603,143,Anganwadi Centre 143,2021,425,164,4,55,6,654,P1,261,84.1
Paschim Medinipur,603,WMed-603,144,High School 144,2019,304,179,9,67,7,566,P1,125,79.5
Paschim Medinipur,603,WMed-603,144,High School 144,2021,310,146,8,102,6,572,P1,164,80.3
Paschim Medinipur,603,WMed-603,145,Health Sub-Centre 145,2019,179,202,8,103,6,498,P2,23,75.2
Paschim Medinipur,603,WMed-603,145,Health Sub-Centre 145,2021,293,186,5,43,5,532,P1,107,80.4
Paschim Medinipur,603,WMed-603,146,Market Building 146,2019,380,178,6,76,7,647,P1,202,84.6
Paschim Medinipur,603,WMed-603,146,Market Building 146,2021,340,125,13,142,5,625,P1,198,81.7
Paschim Medinipur,603,WMed-603,147,Madrasa 147,2019,245,96,4,61,4,410,P1,149,81.0
Paschim Medinipur,603,WMed-603,147,Madrasa 147,2021,220,132,2,34,4,392,P1,88,77.5
Paschim Medinipur,603,WMed-603,148,Community Hall 148,2019,255,112,3,34,4,408,P1,143,74.7
Paschim Medinipur,603,WMed-603,148,Community Hall 148,2021,215,159,5,33,4,416,P1,56,76.2
Paschim Medinipur,603,WMed-603,149,Health Sub-Centre 149,2019,191,119,11,99,5,425,P1,72,79.9
Paschim Medinipur,603,WMed-603,149,Health Sub-Centre 149,2021,218,129,6,50,4,407,P1,89,76.5
Paschim Medinipur,603,WMed-603,150,Health Sub-Centre 150,2019,336,125,6,40,5,512,P1,211,78.6
Paschim Medinipur,603,WMed-603,150,Health Sub-Centre 150,2021,336,147,5,43,5,536,P1,189,82.3
Paschim Medinipur,603,WMed-603,151,Club Building 151,2019,272,190,5,71,6,544,P1,82,78.6
Paschim Medinipur,603,WMed-603,151,Club Building 151,2021,343,140,3,46,5,537,P1,203,77.6
Paschim Medinipur,603,WMed-603,152,High School 152,2019,296,137,4,39,5,481,P1,159,74.0
Paschim Medinipur,603,WMed-603,152,High School 152,2021,263,171,13,100,6,553,P1,92,85.1
Paschim Medinipur,603,WMed-603,153,Madrasa 153,2019,281,150,2,41,4,478,P1,131,84.9
Paschim Medinipur,603,WMed-603,153,Madrasa 153,2021,332,61,5,34,4,436,P1,271,77.4
Paschim Medinipur,603,WMed-603,154,Panchayat Bhavan 154,2019,295,140,6,57,6,504,P1,155,75.1
Paschim Medinipur,603,WMed-603,154,Panchayat Bhavan 154,2021,314,197,2,50,6,569,P1,117,84.8
Paschim Medinipur,603,WMed-603,155,High School 155,2019,294,173,5,105,5,582,P1,121,80.9
Paschim Medinipur,603,WMed-603,155,High School 155,2021,321,227,7,52,6,613,P1,94,85.3
Paschim Medinipur,603,WMed-603,156,Community Hall 156,2019,248,171,6,71,6,502,P1,77,77.0
Paschim Medinipur,603,WMed-603,156,Community Hall 156,2021,282,172,2,43,5,504,P1,110,77.3
Paschim Medinipur,603,WMed-603,157,Community Hall 157,2019,339,222,3,53,6,623,P1,117,84.3
Paschim Medinipur,603,WMed-603,157,Community Hall 157,2021,349,161,4,47,6,567,P1,188,76.7
Paschim Medinipur,603,WMed-603,158,Panchayat Bhavan 158,2019,212,126,4,30,4,376,P1,86,75.5
Paschim Medinipur,603,WMed-603,158,Panchayat Bhavan 158,2021,235,122,3,55,4,419,P1,113,84.1
Paschim Medinipur,603,WMed-603,159,Primary School 159,2019,302,80,2,36,4,424,P1,222,79.7
Paschim Medinipur,603,WMed-603,159,Primary School 159,2021,226,140,2,43,4,415,P1,86,78.0
Paschim Medinipur,603,WMed-603,160,Primary School 160,2019,245,105,3,32,4,389,P1,140,76.7
Paschim Medinipur,603,WMed-603,160,Primary School 160,2021,179,166,6,66,4,421,P1,13,83.0
Paschim Medinipur,603,WMed-603,161,Post Office 161,2019,342,151,3,46,5,547,P1,191,85.2
Paschim Medinipur,603,WMed-603,161,Post Office 161,2021,230,186,4,59,5,484,P1,44,75.4
Paschim Medinipur,603,WMed-603,162,Temple Hall 162,2019,371,165,5,61,6,608,P1,206,79.7
Paschim Medinipur,603,WMed-603,162,Temple Hall 162,2021,328,181,3,48,6,566,P1,147,74.2
Paschim Medinipur,603,WMed-603,163,High School 163,2019,338,228,9,70,6,651,P1,110,82.2
Paschim Medinipur,603,WMed-603,163,High School 163,2021,372,197,3,53,7,632,P1,175,79.8
Paschim Medinipur,603,WMed-603,164,Anganwadi Centre 164,2019,309,170,4,44,5,532,P1,139,85.1
Paschim Medinipur,603,WMed-603,164,Anganwadi Centre 164,2021,298,153,4,41,5,501,P1,145,80.2
Paschim Medinipur,603,WMed-603,165,Club Building 165,2019,333,183,4,48,5,573,P1,150,82.1
Paschim Medinipur,603,WMed-603,165,Club Building 165,2021,355,139,6,44,5,549,P1,216,78.7
Paschim Medinipur,603,WMed-603,166,Govt Office 166,2019,236,138,2,35,4,415,P1,98,84.9
Paschim Medinipur,603,WMed-603,166,Govt Office 166,2021,211,116,2,33,4,366,P1,95,74.8
Paschim Medinipur,603,WMed-603,167,Temple Hall 167,2019,342,148,3,46,5,544,P1,194,78.0
Paschim Medinipur,603,WMed-603,167,Temple Hall 167,2021,260,139,6,109,5,519,P1,121,74.5
Paschim Medinipur,603,WMed-603,168,High School 168,2019,337,141,4,44,5,531,P1,196,74.4
Paschim Medinipur,603,WMed-603,168,High School 168,2021,293,113,14,122,6,548,P1,171,76.8
Paschim Medinipur,603,WMed-603,169,Anganwadi Centre 169,2019,411,180,7,52,7,657,P1,231,81.7
Paschim Medinipur,603,WMed-603,169,Anganwadi Centre 169,2021,321,228,5,91,7,652,P1,93,81.1
Paschim Medinipur,603,WMed-603,170,Anganwadi Centre 170,2019,199,149,3,32,3,386,P1,50,73.9
Paschim Medinipur,603,WMed-603,170,Anganwadi Centre 170,2021,255,117,4,34,4,414,P1,138,79.3
Paschim Medinipur,603,WMed-603,171,Community Hall 171,2019,335,120,11,109,5,580,P1,215,82.5
Paschim Medinipur,603,WMed-603,171,Community Hall 171,2021,303,163,7,45,6,524,P1,140,74.5
Paschim Medinipur,603,WMed-603,172,Madrasa 172,2019,340,189,5,48,6,588,P1,151,80.4
Paschim Medinipur,603,WMed-603,172,Madrasa 172,2021,418,121,5,49,6,599,P1,297,81.9
Paschim Medinipur,603,WMed-603,173,Govt Office 173,2019,406,160,4,52,7,629,P1,246,84.9
Paschim Medinipur,603,WMed-603,173,Govt Office 173,2021,300,180,3,65,5,553,P1,120,74.6
Paschim Medinipur,603,WMed-603,174,Health Sub-Centre 174,2019,287,197,9,102,6,601,P1,90,74.4
Paschim Medinipur,603,WMed-603,174,Health Sub-Centre 174,2021,329,228,6,50,6,619,P1,101,76.6
Paschim Medinipur,603,WMed-603,175,Panchayat Bhavan 175,2019,265,134,4,55,4,462,P1,131,77.6
Paschim Medinipur,603,WMed-603,175,Panchayat Bhavan 175,2021,263,170,3,40,5,481,P1,93,80.8
Paschim Medinipur,603,WMed-603,176,Health Sub-Centre 176,2019,258,142,2,39,5,446,P1,116,77.7
Paschim Medinipur,603,WMed-603,176,Health Sub-Centre 176,2021,247,160,3,52,4,466,P1,87,81.2
Paschim Medinipur,603,WMed-603,177,Primary School 177,2019,298,121,5,37,4,465,P1,177,84.4
Paschim Medinipur,603,WMed-603,177,Primary School 177,2021,278,118,4,36,4,440,P1,160,79.9
Paschim Medinipur,603,WMed-603,178,Govt Office 178,2019,430,147,8,50,6,641,P1,283,80.3
Paschim Medinipur,603,WMed-603,178,Govt Office 178,2021,401,180,6,52,6,645,P1,221,80.8
Paschim Medinipur,603,WMed-603,179,Post Office 179,2019,256,191,6,39,5,497,P1,65,74.8
Paschim Medinipur,603,WMed-603,179,Post Office 179,2021,281,190,6,76,6,559,P1,91,84.2
Paschim Medinipur,603,WMed-603,180,Club Building 180,2019,242,164,4,55,4,469,P1,78,79.0
Paschim Medinipur,603,WMed-603,180,Club Building 180,2021,287,145,3,44,5,484,P1,142,81.5
Paschim Medinipur,603,WMed-603,181,Health Sub-Centre 181,2019,350,116,3,44,4,517,P1,234,74.1
Paschim Medinipur,603,WMed-603,181,Health Sub-Centre 181,2021,261,178,12,102,5,558,P1,83,79.9
Paschim Medinipur,603,WMed-603,182,Madrasa 182,2019,273,127,3,39,4,446,P1,146,81.5
Paschim Medinipur,603,WMed-603,182,Madrasa 182,2021,224,131,5,41,5,406,P1,93,74.2
Paschim Medinipur,603,WMed-603,183,Temple Hall 183,2019,340,165,3,47,6,561,P1,175,83.7
Paschim Medinipur,603,WMed-603,183,Temple Hall 183,2021,357,131,4,45,6,543,P1,226,81.0
Paschim Medinipur,603,WMed-603,184,Madrasa 184,2019,293,159,4,121,7,584,P1,134,76.8
Paschim Medinipur,603,WMed-603,184,Madrasa 184,2021,390,171,3,53,6,623,P1,219,82.0
Paschim Medinipur,603,WMed-603,185,Community Hall 185,2019,442,129,7,51,5,634,P1,313,83.3
Paschim Medinipur,603,WMed-603,185,Community Hall 185,2021,314,238,6,83,6,647,P1,76,85.0
Paschim Medinipur,603,WMed-603,186,Madrasa 186,2019,202,83,9,66,4,364,P1,119,74.6
Paschim Medinipur,603,WMed-603,186,Madrasa 186,2021,274,69,3,64,4,414,P1,205,84.8
Paschim Medinipur,603,WMed-603,187,Govt Office 187,2019,234,177,3,38,5,457,P1,57,85.1
Paschim Medinipur,603,WMed-603,187,Govt Office 187,2021,244,144,2,37,5,432,P1,100,80.4
Paschim Medinipur,603,WMed-603,188,Post Office 188,2019,196,155,9,62,4,426,P1,41,84.5
Paschim Medinipur,603,WMed-603,188,Post Office 188,2021,225,121,5,33,3,387,P1,104,76.8
Paschim Medinipur,603,WMed-603,189,Club Building 189,2019,286,168,3,42,5,504,P1,118,80.8
Paschim Medinipur,603,WMed-603,189,Club Building 189,2021,305,154,2,44,5,510,P1,151,81.7
Paschim Medinipur,603,WMed-603,190,Temple Hall 190,2019,307,161,5,41,6,520,P1,146,79.9
Paschim Medinipur,603,WMed-603,190,Temple Hall 190,2021,286,148,2,42,4,482,P1,138,74.0
Paschim Medinipur,603,WMed-603,191,Club Building 191,2019,286,84,3,34,4,411,P1,202,80.7
Paschim Medinipur,603,WMed-603,191,Club Building 191,2021,225,115,3,31,4,378,P1,110,74.3
Paschim Medinipur,603,WMed-603,192,High School 192,2019,286,119,2,38,5,450,P1,167,84.0
Paschim Medinipur,603,WMed-603,192,High School 192,2021,248,132,7,53,4,444,P1,116,82.8
Paschim Medinipur,603,WMed-603,193,Community Hall 193,2019,265,106,4,33,4,412,P1,159,77.3
Paschim Medinipur,603,WMed-603,193,Community Hall 193,2021,319,78,5,35,4,441,P1,241,82.7
Paschim Medinipur,603,WMed-603,194,Madrasa 194,2019,341,112,4,41,5,503,P1,229,74.7
Paschim Medinipur,603,WMed-603,194,Madrasa 194,2021,318,195,5,46,6,570,P1,123,84.7
Paschim Medinipur,603,WMed-603,195,Primary School 195,2019,213,142,16,117,5,493,P1,71,79.4
Paschim Medinipur,603,WMed-603,195,Primary School 195,2021,253,183,8,71,6,521,P1,70,83.9
Paschim Medinipur,603,WMed-603,196,Primary School 196,2019,283,139,4,38,5,469,P1,144,74.3
Paschim Medinipur,603,WMed-603,196,Primary School 196,2021,314,107,7,76,5,509,P1,207,80.7
Paschim Medinipur,603,WMed-603,197,High School 197,2019,289,192,15,125,6,627,P1,97,77.9
Paschim Medinipur,603,WMed-603,197,High School 197,2021,369,176,6,49,5,605,P1,193,75.2
Paschim Medinipur,603,WMed-603,198,Govt Office 198,2019,354,183,4,100,7,648,P1,171,82.2
Paschim Medinipur,603,WMed-603,198,Govt Office 198,2021,398,167,3,87,7,662,P1,231,84.0
Paschim Medinipur,603,WMed-603,199,Club Building 199,2019,258,93,4,66,4,425,P1,165,84.5
Paschim Medinipur,603,WMed-603,199,Club Building 199,2021,185,144,3,61,4,397,P1,41,78.9
Paschim Medinipur,603,WMed-603,200,Health Sub-Centre 200,2019,232,182,6,74,5,499,P1,50,83.3
Paschim Medinipur,603,WMed-603,200,Health Sub-Centre 200,2021,266,192,5,41,5,509,P1,74,85.0
Paschim Medinipur,603,WMed-603,201,Madrasa 201,2019,302,178,4,88,6,578,P1,124,80.8
Paschim Medinipur,603,WMed-603,201,Madrasa 201,2021,369,115,5,43,5,537,P1,254,75.1
Paschim Medinipur,603,WMed-603,202,Community Hall 202,2019,273,165,15,130,6,589,P1,108,80.1
Paschim Medinipur,603,WMed-603,202,Community Hall 202,2021,322,207,10,73,6,618,P1,115,84.1
Paschim Medinipur,603,WMed-603,203,Community Hall 203,2019,282,104,4,40,4,434,P1,178,79.3
Paschim Medinipur,603,WMed-603,203,Community Hall 203,2021,316,64,9,68,5,462,P1,248,84.5
Paschim Medinipur,603,WMed-603,204,Market Building 204,2019,333,159,5,45,5,547,P1,174,75.9
Paschim Medinipur,603,WMed-603,204,Market Building 204,2021,310,233,2,52,6,603,P1,77,83.6
Paschim Medinipur,604,WMed-604,1,Post Office 1,2019,277,104,5,34,4,424,P1,173,79.1
Paschim Medinipur,604,WMed-604,1,Post Office 1,2021,247,147,5,45,5,449,P1,100,83.8
Paschim Medinipur,604,WMed-604,2,Club Building 2,2019,281,116,1,38,5,441,P1,165,75.9
Paschim Medinipur,604,WMed-604,2,Club Building 2,2021,265,158,2,40,5,470,P1,107,80.9
Paschim Medinipur,604,WMed-604,3,Market Building 3,2019,305,169,4,63,6,547,P1,136,83.5
Paschim Medinipur,604,WMed-604,3,Market Building 3,2021,311,173,6,49,6,545,P1,138,83.2
Paschim Medinipur,604,WMed-604,4,Community Hall 4,2019,260,168,7,78,5,518,P1,92,84.6
Paschim Medinipur,604,WMed-604,4,Community Hall 4,2021,301,130,5,38,5,479,P1,171,78.3
Paschim Medinipur,604,WMed-604,5,Club Building 5,2019,255,121,5,59,4,444,P1,134,74.0
Paschim Medinipur,604,WMed-604,5,Club Building 5,2021,219,158,7,67,5,456,P1,61,76.0
Paschim Medinipur,604,WMed-604,6,Primary School 6,2019,489,98,3,55,7,652,P1,391,84.9
Paschim Medinipur,604,WMed-604,6,Primary School 6,2021,472,116,2,57,6,653,P1,356,85.0
Paschim Medinipur,604,WMed-604,7,Madrasa 7,2019,261,183,2,43,4,493,P1,78,78.5
Paschim Medinipur,604,WMed-604,7,Madrasa 7,2021,235,173,9,95,6,518,P1,62,82.5
Paschim Medinipur,604,WMed-604,8,Temple Hall 8,2019,402,163,4,53,6,628,P1,239,80.4
Paschim Medinipur,604,WMed-604,8,Temple Hall 8,2021,312,241,9,70,7,639,P1,71,81.8
Paschim Medinipur,604,WMed-604,9,Temple Hall 9,2019,273,194,7,61,6,541,P1,79,76.3
Paschim Medinipur,604,WMed-604,9,Temple Hall 9,2021,320,151,4,43,6,524,P1,169,73.9
Paschim Medinipur,604,WMed-604,10,High School 10,2019,195,143,10,98,5,451,P1,52,78.2
Paschim Medinipur,604,WMed-604,10,High School 10,2021,204,186,3,36,4,433,P1,18,75.0
Paschim Medinipur,604,WMed-604,11,Govt Office 11,2019,406,140,3,51,6,606,P1,266,79.8
Paschim Medinipur,604,WMed-604,11,Govt Office 11,2021,346,192,7,47,6,598,P1,154,78.8
Paschim Medinipur,604,WMed-604,12,Health Sub-Centre 12,2019,245,141,1,37,5,429,P1,104,75.5
Paschim Medinipur,604,WMed-604,12,Health Sub-Centre 12,2021,190,116,12,117,4,439,P1,73,77.3
Paschim Medinipur,604,WMed-604,13,Primary School 13,2019,241,178,6,76,5,506,P1,63,78.9
Paschim Medinipur,604,WMed-604,13,Primary School 13,2021,224,177,7,64,4,476,P1,47,74.3
Paschim Medinipur,604,WMed-604,14,Govt Office 14,2019,332,218,2,53,6,611,P1,114,78.1
Paschim Medinipur,604,WMed-604,14,Govt Office 14,2021,394,198,6,53,7,658,P1,196,84.1
Paschim Medinipur,604,WMed-604,15,Market Building 15,2019,449,158,7,53,8,675,P1,291,84.7
Paschim Medinipur,604,WMed-604,15,Market Building 15,2021,368,197,6,51,6,628,P1,171,78.8
Paschim Medinipur,604,WMed-604,16,Health Sub-Centre 16,2019,330,182,6,53,5,576,P1,148,77.7
Paschim Medinipur,604,WMed-604,16,Health Sub-Centre 16,2021,317,116,20,152,6,611,P1,165,82.5
Paschim Medinipur,604,WMed-604,17,Health Sub-Centre 17,2019,239,90,3,30,4,366,P1,149,76.2
Paschim Medinipur,604,WMed-604,17,Health Sub-Centre 17,2021,190,97,3,81,4,375,P1,93,78.1
Paschim Medinipur,604,WMed-604,18,Govt Office 18,2019,289,224,2,51,6,572,P1,65,84.6
Paschim Medinipur,604,WMed-604,18,Govt Office 18,2021,291,208,6,44,6,555,P1,83,82.1
Paschim Medinipur,604,WMed-604,19,Club Building 19,2019,329,163,2,47,5,546,P1,166,78.7
Paschim Medinipur,604,WMed-604,19,Club Building 19,2021,340,105,15,119,5,584,P1,221,84.1
Paschim Medinipur,604,WMed-604,20,Health Sub-Centre 20,2019,236,155,4,49,5,449,P1,81,84.4
Paschim Medinipur,604,WMed-604,20,Health Sub-Centre 20,2021,232,128,5,31,4,400,P1,104,75.2
Paschim Medinipur,604,WMed-604,21,Post Office 21,2019,196,139,6,46,4,391,P1,57,77.9
Paschim Medinipur,604,WMed-604,21,Post Office 21,2021,232,117,4,31,3,387,P1,115,77.1
Paschim Medinipur,604,WMed-604,22,Market Building 22,2019,245,119,4,32,4,404,P1,126,81.6
Paschim Medinipur,604,WMed-604,22,Market Building 22,2021,269,90,5,31,4,399,P1,179,80.6
Paschim Medinipur,604,WMed-604,23,Community Hall 23,2019,282,195,3,45,5,530,P1,87,84.5
Paschim Medinipur,604,WMed-604,23,Community Hall 23,2021,265,148,4,43,4,464,P1,117,74.0
Paschim Medinipur,604,WMed-604,24,Primary School 24,2019,261,122,4,72,5,464,P1,139,82.0
Paschim Medinipur,604,WMed-604,24,Primary School 24,2021,257,145,4,36,5,447,P1,112,79.0
Paschim Medinipur,604,WMed-604,25,Club Building 25,2019,197,129,8,55,3,392,P1,68,79.7
Paschim Medinipur,604,WMed-604,25,Club Building 25,2021,197,122,2,55,4,380,P1,75,77.2
Paschim Medinipur,604,WMed-604,26,Club Building 26,2019,376,211,8,63,7,665,P1,165,81.4
Paschim Medinipur,604,WMed-604,26,Club Building 26,2021,362,204,4,53,6,629,P1,158,77.0
Paschim Medinipur,604,WMed-604,27,Primary School 27,2019,193,140,3,33,4,373,P1,53,73.9
Paschim Medinipur,604,WMed-604,27,Primary School 27,2021,265,103,2,35,4,409,P1,162,81.0
Paschim Medinipur,604,WMed-604,28,Community Hall 28,2019,295,100,3,37,3,438,P1,195,74.0
Paschim Medinipur,604,WMed-604,28,Community Hall 28,2021,271,161,2,46,5,485,P1,110,81.9
Paschim Medinipur,604,WMed-604,29,Primary School 29,2019,195,132,4,29,4,364,P1,63,75.8
Paschim Medinipur,604,WMed-604,29,Primary School 29,2021,196,149,4,48,4,401,P1,47,83.5
Paschim Medinipur,604,WMed-604,30,Madrasa 30,2019,294,164,4,42,5,509,P1,130,79.0
Paschim Medinipur,604,WMed-604,30,Madrasa 30,2021,315,161,6,42,4,528,P1,154,82.0
Paschim Medinipur,604,WMed-604,31,Panchayat Bhavan 31,2019,278,136,5,37,5,461,P1,142,81.4
Paschim Medinipur,604,WMed-604,31,Panchayat Bhavan 31,2021,224,163,1,37,5,430,P1,61,76.0
Paschim Medinipur,604,WMed-604,32,High School 32,2019,260,143,2,38,4,447,P1,117,83.6
Paschim Medinipur,604,WMed-604,32,High School 32,2021,265,108,5,33,3,414,P1,157,77.4
Paschim Medinipur,604,WMed-604,33,Primary School 33,2019,267,112,4,34,4,421,P1,155,78.0
Paschim Medinipur,604,WMed-604,33,Primary School 33,2021,281,102,2,36,5,426,P1,179,78.9
Paschim Medinipur,604,WMed-604,34,Health Sub-Centre 34,2019,235,145,6,47,4,437,P1,90,81.4
Paschim Medinipur,604,WMed-604,34,Health Sub-Centre 34,2021,228,126,3,52,4,413,P1,102,76.9
Paschim Medinipur,604,WMed-604,35,Market Building 35,2019,297,174,3,44,6,524,P1,123,78.6
Paschim Medinipur,604,WMed-604,35,Market Building 35,2021,228,203,6,80,6,523,P1,25,78.4
Paschim Medinipur,604,WMed-604,36,Health Sub-Centre 36,2019,249,181,4,65,5,504,P1,68,80.8
Paschim Medinipur,604,WMed-604,36,Health Sub-Centre 36,2021,311,106,4,38,4,463,P1,205,74.2
Paschim Medinipur,604,WMed-604,37,Anganwadi Centre 37,2019,308,151,3,43,6,511,P1,157,75.0
Paschim Medinipur,604,WMed-604,37,Anganwadi Centre 37,2021,299,128,11,116,5,559,P1,171,82.1
Paschim Medinipur,604,WMed-604,38,Madrasa 38,2019,232,144,8,86,4,474,P1,88,79.3
Paschim Medinipur,604,WMed-604,38,Madrasa 38,2021,294,164,6,40,5,509,P1,130,85.1
Paschim Medinipur,604,WMed-604,39,Club Building 39,2019,256,141,4,35,5,441,P1,115,77.1
Paschim Medinipur,604,WMed-604,39,Club Building 39,2021,234,183,6,40,5,468,P1,51,81.8
Paschim Medinipur,604,WMed-604,40,Madrasa 40,2019,299,88,4,34,5,430,P1,211,82.1
Paschim Medinipur,604,WMed-604,40,Madrasa 40,2021,197,141,5,63,4,410,P1,56,78.2
Paschim Medinipur,604,WMed-604,41,Health Sub-Centre 41,2019,224,117,11,83,5,440,P1,107,76.9
Paschim Medinipur,604,WMed-604,41,Health Sub-Centre 41,2021,246,109,4,60,5,424,P1,137,74.1
Paschim Medinipur,604,WMed-604,42,Primary School 42,2019,272,104,3,35,4,418,P1,168,79.8
Paschim Medinipur,604,WMed-604,42,Primary School 42,2021,210,134,8,64,4,420,P1,76,80.2
Paschim Medinipur,604,WMed-604,43,Club Building 43,2019,260,141,3,37,5,446,P1,119,81.7
Paschim Medinipur,604,WMed-604,43,Club Building 43,2021,283,83,2,34,4,406,P1,200,74.4
Paschim Medinipur,604,WMed-604,44,Temple Hall 44,2019,229,108,4,68,4,413,P1,121,76.8
Paschim Medinipur,604,WMed-604,44,Temple Hall 44,2021,238,130,2,35,5,410,P1,108,76.2
Paschim Medinipur,604,WMed-604,45,Temple Hall 45,2019,257,151,2,38,5,453,P1,106,77.4
Paschim Medinipur,604,WMed-604,45,Temple Hall 45,2021,243,149,9,84,5,490,P1,94,83.8
Paschim Medinipur,604,WMed-604,46,Primary School 46,2019,275,128,5,35,5,448,P1,147,84.5
Paschim Medinipur,604,WMed-604,46,Primary School 46,2021,273,110,3,35,5,426,P1,163,80.4
Paschim Medinipur,604,WMed-604,47,Community Hall 47,2019,279,147,2,48,5,481,P1,132,74.8
Paschim Medinipur,604,WMed-604,47,Community Hall 47,2021,352,111,5,42,5,515,P1,241,80.1
Paschim Medinipur,604,WMed-604,48,Govt Office 48,2019,311,233,3,51,7,605,P1,78,73.9
Paschim Medinipur,604,WMed-604,48,Govt Office 48,2021,378,139,8,90,7,622,P1,239,75.9
Paschim Medinipur,604,WMed-604,49,Temple Hall 49,2019,369,149,2,49,7,576,P1,220,85.2
Paschim Medinipur,604,WMed-604,49,Temple Hall 49,2021,304,162,6,64,5,541,P1,142,80.0
Paschim Medinipur,604,WMed-604,50,Madrasa 50,2019,276,141,3,81,5,506,P1,135,78.6
Paschim Medinipur,604,WMed-604,50,Madrasa 50,2021,328,113,5,39,5,490,P1,215,76.1
Paschim Medinipur,604,WMed-604,51,Club Building 51,2019,310,127,14,102,6,559,P1,183,81.4
Paschim Medinipur,604,WMed-604,51,Club Building 51,2021,296,194,4,45,5,544,P1,102,79.2
Paschim Medinipur,604,WMed-604,52,Post Office 52,2019,271,193,6,96,6,572,P1,78,80.0
Paschim Medinipur,604,WMed-604,52,Post Office 52,2021,312,173,10,76,6,577,P1,139,80.7
Paschim Medinipur,604,WMed-604,53,Govt Office 53,2019,247,128,12,96,5,488,P1,119,78.6
Paschim Medinipur,604,WMed-604,53,Govt Office 53,2021,281,131,4,45,6,467,P1,150,75.2
Paschim Medinipur,604,WMed-604,54,Madrasa 54,2019,429,149,3,55,7,643,P1,280,78.6
Paschim Medinipur,604,WMed-604,54,Madrasa 54,2021,297,140,19,148,6,610,P1,149,74.6
Paschim Medinipur,604,WMed-604,55,Anganwadi Centre 55,2019,262,122,3,38,4,429,P1,140,75.8
Paschim Medinipur,604,WMed-604,55,Anganwadi Centre 55,2021,222,189,2,40,4,457,P1,33,80.7
Paschim Medinipur,604,WMed-604,56,Community Hall 56,2019,351,173,9,77,6,616,P1,178,83.7
Paschim Medinipur,604,WMed-604,56,Community Hall 56,2021,329,184,6,81,6,606,P1,145,82.3
Paschim Medinipur,604,WMed-604,57,High School 57,2019,294,191,11,108,6,610,P1,103,78.2
Paschim Medinipur,604,WMed-604,57,High School 57,2021,280,211,11,73,5,580,P1,69,74.4
Paschim Medinipur,604,WMed-604,58,High School 58,2019,264,132,4,36,4,440,P1,132,74.6
Paschim Medinipur,604,WMed-604,58,High School 58,2021,291,139,3,40,5,478,P1,152,81.0
Paschim Medinipur,604,WMed-604,59,Temple Hall 59,2019,239,144,5,101,5,494,P1,95,79.4
Paschim Medinipur,604,WMed-604,59,Temple Hall 59,2021,362,94,5,41,4,506,P1,268,81.4
Paschim Medinipur,604,WMed-604,60,Panchayat Bhavan 60,2019,310,167,5,125,6,613,P1,143,82.8
Paschim Medinipur,604,WMed-604,60,Panchayat Bhavan 60,2021,392,140,5,48,7,592,P1,252,80.0
Paschim Medinipur,604,WMed-604,61,Temple Hall 61,2019,252,157,5,44,5,463,P1,95,74.9
Paschim Medinipur,604,WMed-604,61,Temple Hall 61,2021,284,114,3,64,5,470,P1,170,76.1
Paschim Medinipur,604,WMed-604,62,Panchayat Bhavan 62,2019,256,126,3,59,6,450,P1,130,75.4
Paschim Medinipur,604,WMed-604,62,Panchayat Bhavan 62,2021,269,178,2,47,6,502,P1,91,84.1
Paschim Medinipur,604,WMed-604,63,Madrasa 63,2019,215,123,6,46,3,393,P1,92,76.3
Paschim Medinipur,604,WMed-604,63,Madrasa 63,2021,224,114,4,45,4,391,P1,110,75.9
Paschim Medinipur,604,WMed-604,64,Govt Office 64,2019,372,186,4,52,6,620,P1,186,76.3
Paschim Medinipur,604,WMed-604,64,Govt Office 64,2021,321,187,11,154,6,679,P1,134,83.5
Paschim Medinipur,604,WMed-604,65,Health Sub-Centre 65,2019,333,163,6,57,6,565,P1,170,75.7
Paschim Medinipur,604,WMed-604,65,Health Sub-Centre 65,2021,353,193,3,51,6,606,P1,160,81.2
Paschim Medinipur,604,WMed-604,66,Panchayat Bhavan 66,2019,257,140,5,41,4,447,P1,117,74.5
Paschim Medinipur,604,WMed-604,66,Panchayat Bhavan 66,2021,223,159,10,82,5,479,P1,64,79.8
Paschim Medinipur,604,WMed-604,67,Post Office 67,2019,213,146,10,88,6,463,P1,67,74.4
Paschim Medinipur,604,WMed-604,67,Post Office 67,2021,337,86,5,37,5,470,P1,251,75.6
Paschim Medinipur,604,WMed-604,68,Market Building 68,2019,346,141,6,43,5,541,P1,205,84.7
Paschim Medinipur,604,WMed-604,68,Market Building 68,2021,278,168,8,59,5,518,P1,110,81.1
Paschim Medinipur,604,WMed-604,69,Govt Office 69,2019,250,119,4,33,4,410,P1,131,79.9
Paschim Medinipur,604,WMed-604,69,Govt Office 69,2021,186,133,5,104,4,432,P1,53,84.2
Paschim Medinipur,604,WMed-604,70,Anganwadi Centre 70,2019,326,165,4,46,5,546,P1,161,79.2
Paschim Medinipur,604,WMed-604,70,Anganwadi Centre 70,2021,315,176,4,83,6,584,P1,139,84.8
Paschim Medinipur,604,WMed-604,71,Govt Office 71,2019,348,143,10,79,6,586,P1,205,79.4
Paschim Medinipur,604,WMed-604,71,Govt Office 71,2021,311,191,5,46,5,558,P1,120,75.6
Paschim Medinipur,604,WMed-604,72,Health Sub-Centre 72,2019,371,93,4,42,6,516,P1,278,85.1
Paschim Medinipur,604,WMed-604,72,Health Sub-Centre 72,2021,295,128,5,38,4,470,P1,167,77.6
Paschim Medinipur,604,WMed-604,73,Madrasa 73,2019,274,88,3,33,5,403,P1,186,76.0
Paschim Medinipur,604,WMed-604,73,Madrasa 73,2021,126,128,9,139,4,406,P4,11,76.6
Paschim Medinipur,604,WMed-604,74,Temple Hall 74,2019,264,191,4,41,5,505,P1,73,81.6
Paschim Medinipur,604,WMed-604,74,Temple Hall 74,2021,255,153,14,97,5,524,P1,102,84.7
Paschim Medinipur,604,WMed-604,75,Market Building 75,2019,275,115,4,35,5,434,P1,160,80.5
Paschim Medinipur,604,WMed-604,75,Market Building 75,2021,240,102,5,86,4,437,P1,138,81.1
Paschim Medinipur,604,WMed-604,76,Govt Office 76,2019,253,133,6,56,3,451,P1,120,74.5
Paschim Medinipur,604,WMed-604,76,Govt Office 76,2021,358,103,2,44,5,512,P1,255,84.6
Paschim Medinipur,604,WMed-604,77,Anganwadi Centre 77,2019,410,146,6,65,6,633,P1,264,82.7
Paschim Medinipur,604,WMed-604,77,Anganwadi Centre 77,2021,443,110,4,51,6,614,P1,333,80.3
Paschim Medinipur,604,WMed-604,78,High School 78,2019,320,163,4,45,4,536,P1,157,76.2
Paschim Medinipur,604,WMed-604,78,High School 78,2021,332,179,5,46,5,567,P1,153,80.7
Paschim Medinipur,604,WMed-604,79,Temple Hall 79,2019,223,126,7,66,4,426,P1,97,78.5
Paschim Medinipur,604,WMed-604,79,Temple Hall 79,2021,235,134,7,51,4,431,P1,101,79.4
Paschim Medinipur,604,WMed-604,80,Anganwadi Centre 80,2019,265,175,7,68,5,520,P1,90,80.2
Paschim Medinipur,604,WMed-604,80,Anganwadi Centre 80,2021,333,148,6,42,5,534,P1,185,82.4
Paschim Medinipur,604,WMed-604,81,Madrasa 81,2019,192,126,11,89,4,422,P1,66,81.6
Paschim Medinipur,604,WMed-604,81,Madrasa 81,2021,252,79,10,74,3,418,P1,173,80.9
Paschim Medinipur,604,WMed-604,82,Club Building 82,2019,320,153,11,119,6,609,P1,167,80.6
Paschim Medinipur,604,WMed-604,82,Club Building 82,2021,349,195,3,51,7,605,P1,154,80.0
Paschim Medinipur,604,WMed-604,83,Primary School 83,2019,343,198,4,64,7,616,P1,145,77.2
Paschim Medinipur,604,WMed-604,83,Primary School 83,2021,379,213,8,65,6,671,P1,166,84.1
Paschim Medinipur,604,WMed-604,84,Panchayat Bhavan 84,2019,392,193,5,53,7,650,P1,199,85.1
Paschim Medinipur,604,WMed-604,84,Panchayat Bhavan 84,2021,357,188,10,84,7,646,P1,169,84.6
Paschim Medinipur,604,WMed-604,85,Post Office 85,2019,333,182,5,47,5,572,P1,151,83.1
Paschim Medinipur,604,WMed-604,85,Post Office 85,2021,396,77,2,46,5,526,P1,319,76.5
Paschim Medinipur,604,WMed-604,86,High School 86,2019,232,165,5,56,4,462,P1,67,84.2
Paschim Medinipur,604,WMed-604,86,High School 86,2021,252,137,2,55,5,451,P1,115,82.1
Paschim Medinipur,604,WMed-604,87,Health Sub-Centre 87,2019,431,137,3,54,7,632,P1,294,85.2
Paschim Medinipur,604,WMed-604,87,Health Sub-Centre 87,2021,294,185,4,74,5,562,P1,109,75.7
Paschim Medinipur,604,WMed-604,88,Panchayat Bhavan 88,2019,316,178,4,68,6,572,P1,138,81.2
Paschim Medinipur,604,WMed-604,88,Panchayat Bhavan 88,2021,285,134,8,127,5,559,P1,151,79.4
Paschim Medinipur,604,WMed-604,89,Club Building 89,2019,354,146,5,76,6,587,P1,208,74.4
Paschim Medinipur,604,WMed-604,89,Club Building 89,2021,399,168,6,50,6,629,P1,231,79.7
Paschim Medinipur,604,WMed-604,90,Govt Office 90,2019,251,153,4,93,5,506,P1,98,78.6
Paschim Medinipur,604,WMed-604,90,Govt Office 90,2021,360,131,3,46,5,545,P1,229,84.6
Paschim Medinipur,604,WMed-604,91,Panchayat Bhavan 91,2019,211,133,2,47,4,397,P1,78,80.2
Paschim Medinipur,604,WMed-604,91,Panchayat Bhavan 91,2021,193,111,10,92,5,411,P1,82,83.0
Paschim Medinipur,604,WMed-604,92,Market Building 92,2019,307,70,4,33,5,419,P1,237,74.3
Paschim Medinipur,604,WMed-604,92,Market Building 92,2021,273,156,6,37,4,476,P1,117,84.4
Paschim Medinipur,604,WMed-604,93,Temple Hall 93,2019,244,182,12,108,6,552,P1,62,82.3
Paschim Medinipur,604,WMed-604,93,Temple Hall 93,2021,397,50,4,40,5,496,P1,347,73.9
Paschim Medinipur,604,WMed-604,94,Govt Office 94,2019,228,132,5,84,6,455,P1,96,79.7
Paschim Medinipur,604,WMed-604,94,Govt Office 94,2021,256,164,2,40,4,466,P1,92,81.6
Paschim Medinipur,604,WMed-604,95,Market Building 95,2019,258,105,2,34,4,403,P1,153,79.5
Paschim Medinipur,604,WMed-604,95,Market Building 95,2021,228,110,7,61,4,410,P1,118,80.9
Paschim Medinipur,604,WMed-604,96,Anganwadi Centre 96,2019,253,104,5,49,4,415,P1,149,81.7
Paschim Medinipur,604,WMed-604,96,Anganwadi Centre 96,2021,292,75,3,33,4,407,P1,217,80.1
Paschim Medinipur,604,WMed-604,97,Madrasa 97,2019,229,126,3,33,4,395,P1,103,74.8
Paschim Medinipur,604,WMed-604,97,Madrasa 97,2021,262,133,2,39,5,441,P1,129,83.5
Paschim Medinipur,604,WMed-604,98,High School 98,2019,319,233,7,48,6,613,P1,86,78.0
Paschim Medinipur,604,WMed-604,98,High School 98,2021,396,185,6,52,6,645,P1,211,82.1
Paschim Medinipur,604,WMed-604,99,Temple Hall 99,2019,174,128,8,64,3,377,P1,46,73.8
Paschim Medinipur,604,WMed-604,99,Temple Hall 99,2021,216,135,3,32,4,390,P1,81,76.3
Paschim Medinipur,604,WMed-604,100,Panchayat Bhavan 100,2019,234,120,6,39,3,402,P1,114,77.9
Paschim Medinipur,604,WMed-604,100,Panchayat Bhavan 100,2021,223,141,3,33,5,405,P1,82,78.5
Paschim Medinipur,604,WMed-604,101,Market Building 101,2019,359,146,4,47,5,561,P1,213,75.7
Paschim Medinipur,604,WMed-604,101,Market Building 101,2021,373,164,3,50,7,597,P1,209,80.6
Paschim Medinipur,604,WMed-604,102,High School 102,2019,204,166,1,36,4,411,P1,38,73.9
Paschim Medinipur,604,WMed-604,102,High School 102,2021,248,98,3,72,4,425,P1,150,76.4
Paschim Medinipur,604,WMed-604,103,Panchayat Bhavan 103,2019,313,138,5,40,6,502,P1,175,83.1
Paschim Medinipur,604,WMed-604,103,Panchayat Bhavan 103,2021,358,87,5,40,4,494,P1,271,81.8
Paschim Medinipur,604,WMed-604,104,Anganwadi Centre 104,2019,353,168,3,49,6,579,P1,185,75.2
Paschim Medinipur,604,WMed-604,104,Anganwadi Centre 104,2021,340,197,4,87,7,635,P1,143,82.5
Paschim Medinipur,604,WMed-604,105,Community Hall 105,2019,350,124,2,45,5,526,P1,226,81.0
Paschim Medinipur,604,WMed-604,105,Community Hall 105,2021,266,193,3,61,5,528,P1,73,81.4
Paschim Medinipur,604,WMed-604,106,Health Sub-Centre 106,2019,281,169,7,63,6,526,P1,112,74.1
Paschim Medinipur,604,WMed-604,106,Health Sub-Centre 106,2021,297,184,6,59,5,551,P1,113,77.6
Paschim Medinipur,604,WMed-604,107,Madrasa 107,2019,455,133,5,53,7,653,P1,322,80.1
Paschim Medinipur,604,WMed-604,107,Madrasa 107,2021,330,216,5,89,8,648,P1,114,79.5
Paschim Medinipur,604,WMed-604,108,Community Hall 108,2019,311,132,3,41,5,492,P1,179,76.5
Paschim Medinipur,604,WMed-604,108,Community Hall 108,2021,318,116,6,44,5,489,P1,202,76.0
Paschim Medinipur,604,WMed-604,109,Temple Hall 109,2019,385,132,4,102,6,629,P1,253,84.8
Paschim Medinipur,604,WMed-604,109,Temple Hall 109,2021,333,193,3,50,5,584,P1,140,78.7
Paschim Medinipur,604,WMed-604,110,Madrasa 110,2019,293,140,5,77,5,520,P1,153,77.0
Paschim Medinipur,604,WMed-604,110,Madrasa 110,2021,346,112,2,43,5,508,P1,234,75.3
Paschim Medinipur,604,WMed-604,111,Market Building 111,2019,278,144,5,45,5,477,P1,134,75.0
Paschim Medinipur,604,WMed-604,111,Market Building 111,2021,283,184,2,45,5,519,P1,99,81.6
Paschim Medinipur,604,WMed-604,112,Primary School 112,2019,334,147,5,43,5,534,P1,187,78.8
Paschim Medinipur,604,WMed-604,112,Primary School 112,2021,305,179,6,65,6,561,P1,126,82.7
Paschim Medinipur,604,WMed-604,113,Club Building 113,2019,350,185,6,47,7,595,P1,165,83.2
Paschim Medinipur,604,WMed-604,113,Club Building 113,2021,373,164,4,50,5,596,P1,209,83.4
Paschim Medinipur,604,WMed-604,114,High School 114,2019,220,145,5,50,3,423,P1,75,84.4
Paschim Medinipur,604,WMed-604,114,High School 114,2021,213,146,1,41,4,405,P1,67,80.8
Paschim Medinipur,604,WMed-604,115,Club Building 115,2019,297,184,2,46,5,534,P1,113,79.5
Paschim Medinipur,604,WMed-604,115,Club Building 115,2021,363,126,3,50,5,547,P1,237,81.4
Paschim Medinipur,604,WMed-604,116,Post Office 116,2019,368,223,7,74,7,679,P1,145,82.9
Paschim Medinipur,604,WMed-604,116,Post Office 116,2021,374,206,4,54,7,645,P1,168,78.8
Paschim Medinipur,604,WMed-604,117,Madrasa 117,2019,190,118,18,147,6,479,P1,43,83.0
Paschim Medinipur,604,WMed-604,117,Madrasa 117,2021,279,155,4,40,6,484,P1,124,83.9
Paschim Medinipur,604,WMed-604,118,Club Building 118,2019,337,169,4,46,6,562,P1,168,81.7
Paschim Medinipur,604,WMed-604,118,Club Building 118,2021,332,156,4,79,6,577,P1,176,83.9
Paschim Medinipur,604,WMed-604,119,Panchayat Bhavan 119,2019,236,132,1,35,5,409,P1,104,79.1
Paschim Medinipur,604,WMed-604,119,Panchayat Bhavan 119,2021,221,114,7,64,3,409,P1,107,79.1
Paschim Medinipur,604,WMed-604,120,Anganwadi Centre 120,2019,232,146,5,33,4,420,P1,86,81.4
Paschim Medinipur,604,WMed-604,120,Anganwadi Centre 120,2021,229,127,1,34,5,396,P1,102,76.7
Paschim Medinipur,604,WMed-604,121,Post Office 121,2019,154,151,10,79,4,398,P1,3,77.1
Paschim Medinipur,604,WMed-604,121,Post Office 121,2021,200,148,8,63,4,423,P1,52,82.0
Paschim Medinipur,604,WMed-604,122,Market Building 122,2019,270,148,3,39,4,464,P1,122,75.9
Paschim Medinipur,604,WMed-604,122,Market Building 122,2021,298,141,3,41,4,487,P1,157,79.7
Paschim Medinipur,604,WMed-604,123,Primary School 123,2019,234,112,6,54,4,410,P1,122,79.3
Paschim Medinipur,604,WMed-604,123,Primary School 123,2021,236,133,3,35,4,411,P1,103,79.5
Paschim Medinipur,604,WMed-604,124,Govt Office 124,2019,390,117,6,45,6,564,P1,273,75.3
Paschim Medinipur,604,WMed-604,124,Govt Office 124,2021,371,145,4,48,5,573,P1,226,76.5
Paschim Medinipur,604,WMed-604,125,Post Office 125,2019,305,113,5,37,4,464,P1,192,82.7
Paschim Medinipur,604,WMed-604,125,Post Office 125,2021,272,133,5,35,4,449,P1,139,80.0
Paschim Medinipur,604,WMed-604,126,Community Hall 126,2019,258,165,2,40,5,470,P1,93,79.0
Paschim Medinipur,604,WMed-604,126,Community Hall 126,2021,261,134,10,78,5,488,P1,127,82.0
Paschim Medinipur,604,WMed-604,127,Anganwadi Centre 127,2019,182,127,6,68,3,386,P1,55,77.5
Paschim Medinipur,604,WMed-604,127,Anganwadi Centre 127,2021,216,95,4,78,4,397,P1,121,79.7
Paschim Medinipur,604,WMed-604,128,Post Office 128,2019,285,193,6,42,5,531,P1,92,80.9
Paschim Medinipur,604,WMed-604,128,Post Office 128,2021,303,191,5,45,5,549,P1,112,83.7
Paschim Medinipur,604,WMed-604,129,Madrasa 129,2019,209,143,2,59,5,418,P1,66,80.9
Paschim Medinipur,604,WMed-604,129,Madrasa 129,2021,211,155,6,44,4,420,P1,56,81.2
Paschim Medinipur,604,WMed-604,130,Panchayat Bhavan 130,2019,259,164,3,39,5,470,P1,95,79.0
Paschim Medinipur,604,WMed-604,130,Panchayat Bhavan 130,2021,254,137,9,82,5,487,P1,117,81.8
Paschim Medinipur,604,WMed-604,131,Club Building 131,2019,233,179,3,39,4,458,P1,54,79.1
Paschim Medinipur,604,WMed-604,131,Club Building 131,2021,268,112,9,72,5,466,P1,156,80.5
Paschim Medinipur,604,WMed-604,132,Panchayat Bhavan 132,2019,281,128,2,39,4,454,P1,153,81.2
Paschim Medinipur,604,WMed-604,132,Panchayat Bhavan 132,2021,280,111,5,34,4,434,P1,169,77.6
Paschim Medinipur,604,WMed-604,133,Panchayat Bhavan 133,2019,216,142,6,106,5,475,P1,74,81.6
Paschim Medinipur,604,WMed-604,133,Panchayat Bhavan 133,2021,248,133,7,60,5,453,P1,115,77.8
Paschim Medinipur,604,WMed-604,134,Health Sub-Centre 134,2019,268,146,5,36,5,460,P1,122,76.9
Paschim Medinipur,604,WMed-604,134,Health Sub-Centre 134,2021,318,138,6,40,5,507,P1,180,84.8
Paschim Medinipur,604,WMed-604,135,Panchayat Bhavan 135,2019,270,119,4,38,5,436,P1,151,75.6
Paschim Medinipur,604,WMed-604,135,Panchayat Bhavan 135,2021,270,92,4,62,4,432,P1,178,74.9
Paschim Medinipur,604,WMed-604,136,Health Sub-Centre 136,2019,325,163,3,70,6,567,P1,162,84.9
Paschim Medinipur,604,WMed-604,136,Health Sub-Centre 136,2021,403,89,3,46,6,547,P1,314,81.9
Paschim Medinipur,604,WMed-604,137,Govt Office 137,2019,233,112,8,77,5,435,P1,121,74.6
Paschim Medinipur,604,WMed-604,137,Govt Office 137,2021,293,130,3,60,5,491,P1,163,84.2
Paschim Medinipur,604,WMed-604,138,Club Building 138,2019,251,149,2,38,4,444,P1,102,74.9
Paschim Medinipur,604,WMed-604,138,Club Building 138,2021,242,174,8,61,4,489,P1,68,82.5
Paschim Medinipur,604,WMed-604,139,Market Building 139,2019,191,106,3,58,4,362,P1,85,74.5
Paschim Medinipur,604,WMed-604,139,Market Building 139,2021,184,143,3,29,5,364,P1,41,74.9
Paschim Medinipur,604,WMed-604,140,High School 140,2019,222,109,6,60,5,402,P1,113,77.6
Paschim Medinipur,604,WMed-604,140,High School 140,2021,196,130,8,81,5,420,P1,66,81.1
Paschim Medinipur,604,WMed-604,141,Madrasa 141,2019,304,201,5,83,6,599,P1,103,78.3
Paschim Medinipur,604,WMed-604,141,Madrasa 141,2021,330,190,10,107,7,644,P1,140,84.2
Paschim Medinipur,604,WMed-604,142,Govt Office 142,2019,220,193,15,108,5,541,P1,27,76.7
Paschim Medinipur,604,WMed-604,142,Govt Office 142,2021,335,137,2,45,6,525,P1,198,74.5
Paschim Medinipur,604,WMed-604,143,Health Sub-Centre 143,2019,226,137,5,31,4,403,P1,89,78.9
Paschim Medinipur,604,WMed-604,143,Health Sub-Centre 143,2021,220,151,3,51,5,430,P1,69,84.1
Paschim Medinipur,604,WMed-604,144,Club Building 144,2019,236,105,12,125,4,482,P1,111,79.4
Paschim Medinipur,604,WMed-604,144,Club Building 144,2021,300,109,2,39,4,454,P1,191,74.8
Paschim Medinipur,604,WMed-604,145,Govt Office 145,2019,208,104,6,72,4,394,P1,104,76.8
Paschim Medinipur,604,WMed-604,145,Govt Office 145,2021,245,126,2,35,5,413,P1,119,80.5
Paschim Medinipur,604,WMed-604,146,Madrasa 146,2019,302,101,5,35,5,448,P1,201,81.6
Paschim Medinipur,604,WMed-604,146,Madrasa 146,2021,189,167,9,61,4,430,P1,22,78.3
Paschim Medinipur,604,WMed-604,147,Club Building 147,2019,373,155,4,107,7,646,P1,218,81.2
Paschim Medinipur,604,WMed-604,147,Club Building 147,2021,387,189,6,51,7,640,P1,198,80.4
Paschim Medinipur,604,WMed-604,148,Primary School 148,2019,328,129,6,40,5,508,P1,199,80.5
Paschim Medinipur,604,WMed-604,148,Primary School 148,2021,332,100,4,39,5,480,P1,232,76.1
Paschim Medinipur,604,WMed-604,149,Madrasa 149,2019,363,181,3,52,6,605,P1,182,82.0
Paschim Medinipur,604,WMed-604,149,Madrasa 149,2021,355,175,5,48,6,589,P1,180,79.8
Paschim Medinipur,604,WMed-604,150,High School 150,2019,243,199,3,42,4,491,P1,44,84.2
Paschim Medinipur,604,WMed-604,150,High School 150,2021,260,161,5,42,5,473,P1,99,81.1
Paschim Medinipur,604,WMed-604,151,High School 151,2019,363,222,4,69,7,665,P1,141,85.1
Paschim Medinipur,604,WMed-604,151,High School 151,2021,246,216,7,122,6,597,P1,30,76.4
Paschim Medinipur,604,WMed-604,152,Community Hall 152,2019,247,165,4,42,4,462,P1,82,82.5
Paschim Medinipur,604,WMed-604,152,Community Hall 152,2021,217,85,4,109,4,419,P1,108,74.8
Paschim Medinipur,604,WMed-604,153,Community Hall 153,2019,308,136,4,72,6,526,P1,172,80.4
Paschim Medinipur,604,WMed-604,153,Community Hall 153,2021,328,135,6,44,6,519,P1,193,79.4
Paschim Medinipur,604,WMed-604,154,Community Hall 154,2019,290,115,9,115,6,535,P1,175,80.5
Paschim Medinipur,604,WMed-604,154,Community Hall 154,2021,338,131,6,41,5,521,P1,207,78.3
Paschim Medinipur,604,WMed-604,155,Market Building 155,2019,189,143,10,85,5,432,P1,46,85.0
Paschim Medinipur,604,WMed-604,155,Market Building 155,2021,276,108,1,37,4,426,P1,168,83.9
Paschim Medinipur,604,WMed-604,156,Temple Hall 156,2019,214,125,9,84,4,436,P1,89,80.6
Paschim Medinipur,604,WMed-604,156,Temple Hall 156,2021,295,103,3,36,5,442,P1,192,81.7
Paschim Medinipur,604,WMed-604,157,Panchayat Bhavan 157,2019,198,143,7,73,5,426,P1,55,76.5
Paschim Medinipur,604,WMed-604,157,Panchayat Bhavan 157,2021,269,150,2,40,5,466,P1,119,83.7
Paschim Medinipur,604,WMed-604,158,Market Building 158,2019,313,163,6,78,6,566,P1,150,76.2
Paschim Medinipur,604,WMed-604,158,Market Building 158,2021,385,181,7,50,5,628,P1,204,84.5
Paschim Medinipur,604,WMed-604,159,Primary School 159,2019,239,176,9,62,5,491,P1,63,78.3
Paschim Medinipur,604,WMed-604,159,Primary School 159,2021,264,156,6,57,5,488,P1,108,77.8
Paschim Medinipur,604,WMed-604,160,Health Sub-Centre 160,2019,239,166,3,38,4,450,P1,73,73.8
Paschim Medinipur,604,WMed-604,160,Health Sub-Centre 160,2021,290,172,5,41,5,513,P1,118,84.1
Paschim Medinipur,604,WMed-604,161,Post Office 161,2019,307,161,11,109,5,593,P1,146,82.4
Paschim Medinipur,604,WMed-604,161,Post Office 161,2021,386,105,3,46,6,546,P1,281,75.8
Paschim Medinipur,604,WMed-604,162,Post Office 162,2019,372,184,8,83,7,654,P1,188,84.8
Paschim Medinipur,604,WMed-604,162,Post Office 162,2021,365,198,7,49,7,626,P1,167,81.2
Paschim Medinipur,604,WMed-604,163,Primary School 163,2019,237,116,4,44,4,405,P1,121,81.5
Paschim Medinipur,604,WMed-604,163,Primary School 163,2021,212,125,5,72,4,418,P1,87,84.1
Paschim Medinipur,604,WMed-604,164,Primary School 164,2019,304,140,5,51,6,506,P1,164,75.9
Paschim Medinipur,604,WMed-604,164,Primary School 164,2021,268,158,8,82,5,521,P1,110,78.1
Paschim Medinipur,604,WMed-604,165,Post Office 165,2019,251,210,6,65,5,537,P1,41,74.9
Paschim Medinipur,604,WMed-604,165,Post Office 165,2021,422,116,3,51,6,598,P1,306,83.4
Paschim Medinipur,604,WMed-604,166,Community Hall 166,2019,261,153,2,56,4,476,P1,108,77.1
Paschim Medinipur,604,WMed-604,166,Community Hall 166,2021,279,131,4,81,5,500,P1,148,81.0
Paschim Medinipur,604,WMed-604,167,Health Sub-Centre 167,2019,241,206,6,110,4,567,P1,35,83.0
Paschim Medinipur,604,WMed-604,167,Health Sub-Centre 167,2021,326,190,5,47,6,574,P1,136,84.0
Paschim Medinipur,604,WMed-604,168,Anganwadi Centre 168,2019,337,210,3,52,6,608,P1,127,79.5
Paschim Medinipur,604,WMed-604,168,Anganwadi Centre 168,2021,309,197,5,87,5,603,P1,112,78.8
Paschim Medinipur,604,WMed-604,169,Community Hall 169,2019,414,170,3,56,6,649,P1,244,82.4
Paschim Medinipur,604,WMed-604,169,Community Hall 169,2021,255,233,16,110,6,620,P1,22,78.7
Paschim Medinipur,604,WMed-604,170,High School 170,2019,329,147,4,117,6,603,P1,182,85.2
Paschim Medinipur,604,WMed-604,170,High School 170,2021,303,177,2,46,5,533,P1,126,75.3
Paschim Medinipur,604,WMed-604,171,Govt Office 171,2019,315,165,2,46,5,533,P1,150,79.3
Paschim Medinipur,604,WMed-604,171,Govt Office 171,2021,248,136,7,117,5,513,P1,112,76.3
Paschim Medinipur,604,WMed-604,172,Health Sub-Centre 172,2019,232,133,3,35,4,407,P1,99,73.7
Paschim Medinipur,604,WMed-604,172,Health Sub-Centre 172,2021,278,119,4,36,4,441,P1,159,79.9
Paschim Medinipur,604,WMed-604,173,High School 173,2019,364,176,3,51,6,600,P1,188,75.6
Paschim Medinipur,604,WMed-604,173,High School 173,2021,328,205,6,47,6,592,P1,123,74.6
Paschim Medinipur,604,WMed-604,174,Madrasa 174,2019,212,216,7,106,5,546,P2,4,82.2
Paschim Medinipur,604,WMed-604,174,Madrasa 174,2021,305,174,7,58,6,550,P1,131,82.8
Paschim Medinipur,604,WMed-604,175,Anganwadi Centre 175,2019,334,123,2,44,5,508,P1,211,79.7
Paschim Medinipur,604,WMed-604,175,Anganwadi Centre 175,2021,259,148,6,69,5,487,P1,111,76.5
Paschim Medinipur,604,WMed-604,176,Club Building 176,2019,253,126,4,34,4,421,P1,127,83.0
Paschim Medinipur,604,WMed-604,176,Club Building 176,2021,195,126,4,102,4,431,P1,69,85.0
Paschim Medinipur,604,WMed-604,177,Anganwadi Centre 177,2019,381,148,4,49,6,588,P1,233,75.8
Paschim Medinipur,604,WMed-604,177,Anganwadi Centre 177,2021,419,127,6,59,6,617,P1,292,79.5
Paschim Medinipur,604,WMed-604,178,High School 178,2019,459,145,4,56,7,671,P1,314,82.2
Paschim Medinipur,604,WMed-604,178,High School 178,2021,347,163,7,116,6,639,P1,184,78.3
Paschim Medinipur,604,WMed-604,179,Club Building 179,2019,315,199,4,47,6,571,P1,116,82.8
Paschim Medinipur,604,WMed-604,179,Club Building 179,2021,272,174,6,126,6,584,P1,98,84.6
Paschim Medinipur,604,WMed-604,180,Post Office 180,2019,336,224,4,51,7,622,P1,112,77.1
Paschim Medinipur,604,WMed-604,180,Post Office 180,2021,337,211,8,84,7,647,P1,126,80.2
Paschim Medinipur,604,WMed-604,181,Temple Hall 181,2019,276,182,7,59,5,529,P1,94,84.6
Paschim Medinipur,604,WMed-604,181,Temple Hall 181,2021,335,124,4,42,5,510,P1,211,81.6
Paschim Medinipur,604,WMed-604,182,Primary School 182,2019,205,105,12,104,4,430,P1,100,79.9
Paschim Medinipur,604,WMed-604,182,Primary School 182,2021,230,139,5,32,4,410,P1,91,76.2
Paschim Medinipur,604,WMed-604,183,Anganwadi Centre 183,2019,214,165,4,62,5,450,P1,49,75.1
Paschim Medinipur,604,WMed-604,183,Anganwadi Centre 183,2021,318,117,7,52,4,498,P1,201,83.1
Paschim Medinipur,604,WMed-604,184,High School 184,2019,243,104,5,47,5,404,P1,139,82.3
Paschim Medinipur,604,WMed-604,184,High School 184,2021,227,122,4,31,4,388,P1,105,79.0
Paschim Medinipur,604,WMed-604,185,Madrasa 185,2019,338,192,7,69,6,612,P1,146,80.1
Paschim Medinipur,604,WMed-604,185,Madrasa 185,2021,339,221,6,50,6,622,P1,118,81.4
Paschim Medinipur,604,WMed-604,186,Madrasa 186,2019,289,185,6,41,5,526,P1,104,75.7
Paschim Medinipur,604,WMed-604,186,Madrasa 186,2021,359,157,6,45,6,573,P1,202,82.4
Paschim Medinipur,604,WMed-604,187,Community Hall 187,2019,234,193,3,61,6,497,P1,41,85.2
Paschim Medinipur,604,WMed-604,187,Community Hall 187,2021,240,156,2,38,4,440,P1,84,75.5
Paschim Medinipur,604,WMed-604,188,Club Building 188,2019,461,88,4,50,7,610,P1,373,78.1
Paschim Medinipur,604,WMed-604,188,Club Building 188,2021,346,208,6,49,7,616,P1,138,78.9
Paschim Medinipur,604,WMed-604,189,Market Building 189,2019,268,156,6,99,6,535,P1,112,84.5
Paschim Medinipur,604,WMed-604,189,Market Building 189,2021,348,77,4,39,4,472,P1,271,74.6
Paschim Medinipur,604,WMed-604,190,Temple Hall 190,2019,340,121,10,96,6,573,P1,219,78.1
Paschim Medinipur,604,WMed-604,190,Temple Hall 190,2021,303,116,5,121,6,551,P1,182,75.1
Paschim Medinipur,604,WMed-604,191,Post Office 191,2019,247,144,7,73,5,476,P1,103,80.3
Paschim Medinipur,604,WMed-604,191,Post Office 191,2021,261,172,5,38,5,481,P1,89,81.1
Paschim Medinipur,604,WMed-604,192,Club Building 192,2019,341,170,14,109,5,639,P1,171,85.0
Paschim Medinipur,604,WMed-604,192,Club Building 192,2021,396,133,6,47,6,588,P1,263,78.2
Paschim Medinipur,604,WMed-604,193,Primary School 193,2019,281,155,13,108,6,563,P1,126,75.0
Paschim Medinipur,604,WMed-604,193,Primary School 193,2021,322,210,5,48,6,591,P1,112,78.7
Paschim Medinipur,604,WMed-604,194,Temple Hall 194,2019,288,172,6,41,5,512,P1,116,74.6
Paschim Medinipur,604,WMed-604,194,Temple Hall 194,2021,316,111,6,75,5,513,P1,205,74.8
Paschim Medinipur,604,WMed-604,195,Market Building 195,2019,211,165,7,60,5,448,P1,46,75.3
Paschim Medinipur,604,WMed-604,195,Market Building 195,2021,287,108,4,65,5,469,P1,179,78.8
Paschim Medinipur,604,WMed-604,196,High School 196,2019,382,151,6,47,6,592,P1,231,77.2
Paschim Medinipur,604,WMed-604,196,High School 196,2021,336,152,7,144,7,646,P1,184,84.2
Paschim Medinipur,604,WMed-604,197,Club Building 197,2019,299,155,2,43,5,504,P1,144,84.4
Paschim Medinipur,604,WMed-604,197,Club Building 197,2021,277,156,4,40,5,482,P1,121,80.7
Paschim Medinipur,604,WMed-604,198,Madrasa 198,2019,198,139,5,72,4,418,P1,59,82.0
Paschim Medinipur,604,WMed-604,198,Madrasa 198,2021,253,117,3,34,4,411,P1,136,80.6
Paschim Medinipur,604,WMed-604,199,Health Sub-Centre 199,2019,229,121,3,32,4,389,P1,108,74.2
Paschim Medinipur,604,WMed-604,199,Health Sub-Centre 199,2021,255,121,2,36,4,418,P1,134,79.8
Paschim Medinipur,604,WMed-604,200,Temple Hall 200,2019,393,178,6,51,6,634,P1,215,78.6
Paschim Medinipur,604,WMed-604,200,Temple Hall 200,2021,393,190,8,51,6,648,P1,203,80.3
Paschim Medinipur,604,WMed-604,201,High School 201,2019,335,182,4,55,6,582,P1,153,76.2
Paschim Medinipur,604,WMed-604,201,High School 201,2021,312,104,10,137,6,569,P1,175,74.5
Paschim Medinipur,604,WMed-604,202,High School 202,2019,232,108,7,65,4,416,P1,124,82.9
Paschim Medinipur,604,WMed-604,202,High School 202,2021,238,99,2,66,5,410,P1,139,81.7
Paschim Medinipur,604,WMed-604,203,Market Building 203,2019,310,125,2,65,5,507,P1,185,77.4
Paschim Medinipur,604,WMed-604,203,Market Building 203,2021,226,169,8,104,5,512,P1,57,78.2
Paschim Medinipur,604,WMed-604,204,Health Sub-Centre 204,2019,320,117,5,39,4,485,P1,203,84.2
Paschim Medinipur,604,WMed-604,204,Health Sub-Centre 204,2021,266,137,2,38,5,448,P1,129,77.8
Paschim Medinipur,605,WMed-605,1,Temple Hall 1,2019,300,178,4,48,5,535,P1,122,77.4
Paschim Medinipur,605,WMed-605,1,Temple Hall 1,2021,370,152,2,52,6,582,P1,218,84.2
Paschim Medinipur,605,WMed-605,2,Anganwadi Centre 2,2019,372,157,11,95,6,641,P1,215,80.2
Paschim Medinipur,605,WMed-605,2,Anganwadi Centre 2,2021,357,192,6,66,6,627,P1,165,78.5
Paschim Medinipur,605,WMed-605,3,Govt Office 3,2019,274,144,5,37,4,464,P1,130,78.0
Paschim Medinipur,605,WMed-605,3,Govt Office 3,2021,254,138,5,41,4,442,P1,116,74.3
Paschim Medinipur,605,WMed-605,4,High School 4,2019,329,218,8,92,7,654,P1,111,81.2
Paschim Medinipur,605,WMed-605,4,High School 4,2021,408,205,4,57,7,681,P1,203,84.6
Paschim Medinipur,605,WMed-605,5,Community Hall 5,2019,373,178,3,52,6,612,P1,195,81.2
Paschim Medinipur,605,WMed-605,5,Community Hall 5,2021,320,234,2,54,6,616,P1,86,81.7
Paschim Medinipur,605,WMed-605,6,Health Sub-Centre 6,2019,322,178,3,47,5,555,P1,144,77.6
Paschim Medinipur,605,WMed-605,6,Health Sub-Centre 6,2021,264,184,3,85,5,541,P1,80,75.7
Paschim Medinipur,605,WMed-605,7,Govt Office 7,2019,301,203,6,105,7,622,P1,98,81.6
Paschim Medinipur,605,WMed-605,7,Govt Office 7,2021,360,179,10,85,6,640,P1,181,84.0
Paschim Medinipur,605,WMed-605,8,Post Office 8,2019,284,203,5,92,5,589,P1,81,77.9
Paschim Medinipur,605,WMed-605,8,Post Office 8,2021,319,159,8,89,6,581,P1,160,76.9
Paschim Medinipur,605,WMed-605,9,Post Office 9,2019,280,166,2,47,4,499,P1,114,83.9
Paschim Medinipur,605,WMed-605,9,Post Office 9,2021,314,127,3,41,5,490,P1,187,82.4
Paschim Medinipur,605,WMed-605,10,Post Office 10,2019,299,182,6,42,6,535,P1,117,84.5
Paschim Medinipur,605,WMed-605,10,Post Office 10,2021,281,149,10,88,5,533,P1,132,84.2
Paschim Medinipur,605,WMed-605,11,Govt Office 11,2019,370,174,5,54,6,609,P1,196,77.1
Paschim Medinipur,605,WMed-605,11,Govt Office 11,2021,373,180,4,52,6,615,P1,193,77.8
Paschim Medinipur,605,WMed-605,12,Panchayat Bhavan 12,2019,323,159,2,46,6,536,P1,164,84.3
Paschim Medinipur,605,WMed-605,12,Panchayat Bhavan 12,2021,229,84,8,145,4,470,P1,84,73.9
Paschim Medinipur,605,WMed-605,13,Govt Office 13,2019,233,122,1,34,5,395,P1,111,75.4
Paschim Medinipur,605,WMed-605,13,Govt Office 13,2021,239,115,6,67,4,431,P1,124,82.3
Paschim Medinipur,605,WMed-605,14,Market Building 14,2019,239,180,5,38,4,466,P1,59,79.1
Paschim Medinipur,605,WMed-605,14,Market Building 14,2021,283,167,5,40,5,500,P1,116,84.9
Paschim Medinipur,605,WMed-605,15,Anganwadi Centre 15,2019,232,139,3,35,4,413,P1,93,77.1
Paschim Medinipur,605,WMed-605,15,Anganwadi Centre 15,2021,216,113,5,79,5,418,P1,103,78.0
Paschim Medinipur,605,WMed-605,16,Panchayat Bhavan 16,2019,177,172,11,92,5,457,P1,5,83.2
Paschim Medinipur,605,WMed-605,16,Panchayat Bhavan 16,2021,274,135,3,38,5,455,P1,139,82.9
Paschim Medinipur,605,WMed-605,17,Community Hall 17,2019,221,139,2,61,5,428,P1,82,78.8
Paschim Medinipur,605,WMed-605,17,Community Hall 17,2021,236,148,4,52,4,444,P1,88,81.8
Paschim Medinipur,605,WMed-605,18,High School 18,2019,308,164,10,85,6,573,P1,144,75.7
Paschim Medinipur,605,WMed-605,18,High School 18,2021,376,169,6,49,6,606,P1,207,80.1
Paschim Medinipur,605,WMed-605,19,Govt Office 19,2019,303,145,11,121,5,585,P1,158,78.8
Paschim Medinipur,605,WMed-605,19,Govt Office 19,2021,450,111,6,50,6,623,P1,339,84.0
Paschim Medinipur,605,WMed-605,20,Temple Hall 20,2019,254,138,13,135,5,545,P1,116,74.3
Paschim Medinipur,605,WMed-605,20,Temple Hall 20,2021,218,200,10,123,6,557,P1,18,75.9
Paschim Medinipur,605,WMed-605,21,Anganwadi Centre 21,2019,163,145,6,60,4,378,P1,18,76.2
Paschim Medinipur,605,WMed-605,21,Anganwadi Centre 21,2021,213,105,7,56,4,385,P1,108,77.6
Paschim Medinipur,605,WMed-605,22,Health Sub-Centre 22,2019,407,140,2,53,6,608,P1,267,82.8
Paschim Medinipur,605,WMed-605,22,Health Sub-Centre 22,2021,306,240,8,55,7,616,P1,66,83.9
Paschim Medinipur,605,WMed-605,23,Madrasa 23,2019,253,217,6,56,5,537,P1,36,84.8
Paschim Medinipur,605,WMed-605,23,Madrasa 23,2021,248,168,8,63,4,491,P1,80,77.6
Paschim Medinipur,605,WMed-605,24,Madrasa 24,2019,241,111,6,55,4,417,P1,130,78.5
Paschim Medinipur,605,WMed-605,24,Madrasa 24,2021,240,133,3,39,4,419,P1,107,78.9
Paschim Medinipur,605,WMed-605,25,Panchayat Bhavan 25,2019,228,136,2,37,4,407,P1,92,84.1
Paschim Medinipur,605,WMed-605,25,Panchayat Bhavan 25,2021,293,70,2,34,4,403,P1,223,83.3
Paschim Medinipur,605,WMed-605,26,High School 26,2019,313,212,3,50,6,584,P1,101,79.2
Paschim Medinipur,605,WMed-605,26,High School 26,2021,357,179,5,49,5,595,P1,178,80.7
Paschim Medinipur,605,WMed-605,27,Community Hall 27,2019,336,170,6,45,5,562,P1,166,78.3
Paschim Medinipur,605,WMed-605,27,Community Hall 27,2021,334,195,5,48,6,588,P1,139,81.9
Paschim Medinipur,605,WMed-605,28,Anganwadi Centre 28,2019,290,150,4,48,4,496,P1,140,76.0
Paschim Medinipur,605,WMed-605,28,Anganwadi Centre 28,2021,318,126,6,39,4,493,P1,192,75.5
Paschim Medinipur,605,WMed-605,29,Govt Office 29,2019,328,125,3,43,4,503,P1,203,82.6
Paschim Medinipur,605,WMed-605,29,Govt Office 29,2021,285,161,2,43,4,495,P1,124,81.3
Paschim Medinipur,605,WMed-605,30,Govt Office 30,2019,247,148,3,36,5,439,P1,99,82.4
Paschim Medinipur,605,WMed-605,30,Govt Office 30,2021,221,110,8,85,4,428,P1,111,80.3
Paschim Medinipur,605,WMed-605,31,Primary School 31,2019,349,109,6,40,4,508,P1,240,80.0
Paschim Medinipur,605,WMed-605,31,Primary School 31,2021,271,159,4,65,6,505,P1,112,79.5
Paschim Medinipur,605,WMed-605,32,Market Building 32,2019,233,182,6,40,5,466,P1,51,74.4
Paschim Medinipur,605,WMed-605,32,Market Building 32,2021,298,134,4,39,5,480,P1,164,76.7
Paschim Medinipur,605,WMed-605,33,Primary School 33,2019,248,143,2,37,5,435,P1,105,84.8
Paschim Medinipur,605,WMed-605,33,Primary School 33,2021,221,103,10,80,4,418,P1,118,81.5
Paschim Medinipur,605,WMed-605,34,Community Hall 34,2019,277,218,9,70,6,580,P1,59,82.4
Paschim Medinipur,605,WMed-605,34,Community Hall 34,2021,358,142,6,44,6,556,P1,216,79.0
Paschim Medinipur,605,WMed-605,35,Panchayat Bhavan 35,2019,444,121,7,49,7,628,P1,323,77.9
Paschim Medinipur,605,WMed-605,35,Panchayat Bhavan 35,2021,356,168,9,109,6,648,P1,188,80.4
Paschim Medinipur,605,WMed-605,36,Post Office 36,2019,233,114,4,31,3,385,P1,119,77.6
Paschim Medinipur,605,WMed-605,36,Post Office 36,2021,256,78,2,31,5,372,P1,178,75.0
Paschim Medinipur,605,WMed-605,37,Market Building 37,2019,344,240,6,52,7,649,P1,104,79.3
Paschim Medinipur,605,WMed-605,37,Market Building 37,2021,438,163,4,56,7,668,P1,275,81.7
Paschim Medinipur,605,WMed-605,38,Club Building 38,2019,234,138,6,92,4,474,P1,96,76.5
Paschim Medinipur,605,WMed-605,38,Club Building 38,2021,223,115,13,111,4,466,P1,108,75.2
Paschim Medinipur,605,WMed-605,39,Post Office 39,2019,228,114,3,32,4,381,P1,114,77.9
Paschim Medinipur,605,WMed-605,39,Post Office 39,2021,290,54,2,32,5,383,P1,236,78.3
Paschim Medinipur,605,WMed-605,40,Market Building 40,2019,140,136,9,76,4,365,P1,4,76.0
Paschim Medinipur,605,WMed-605,40,Market Building 40,2021,250,101,4,31,4,390,P1,149,81.2
Paschim Medinipur,605,WMed-605,41,Panchayat Bhavan 41,2019,356,101,8,60,6,531,P1,255,79.5
Paschim Medinipur,605,WMed-605,41,Panchayat Bhavan 41,2021,353,114,8,85,5,565,P1,239,84.6
Paschim Medinipur,605,WMed-605,42,Madrasa 42,2019,284,162,12,119,7,584,P1,122,82.4
Paschim Medinipur,605,WMed-605,42,Madrasa 42,2021,318,149,6,50,5,528,P1,169,74.5
Paschim Medinipur,605,WMed-605,43,Market Building 43,2019,258,150,2,39,4,453,P1,108,77.3
Paschim Medinipur,605,WMed-605,43,Market Building 43,2021,264,155,6,63,5,493,P1,109,84.1
Paschim Medinipur,605,WMed-605,44,High School 44,2019,229,193,8,64,5,499,P1,36,84.7
Paschim Medinipur,605,WMed-605,44,High School 44,2021,349,99,6,39,5,498,P1,250,84.6
Paschim Medinipur,605,WMed-605,45,Health Sub-Centre 45,2019,235,162,6,55,4,462,P1,73,77.0
Paschim Medinipur,605,WMed-605,45,Health Sub-Centre 45,2021,315,131,4,40,5,495,P1,184,82.5
Paschim Medinipur,605,WMed-605,46,Anganwadi Centre 46,2019,288,187,8,66,6,555,P1,101,74.3
Paschim Medinipur,605,WMed-605,46,Anganwadi Centre 46,2021,384,171,3,52,6,616,P1,213,82.5
Paschim Medinipur,605,WMed-605,47,Temple Hall 47,2019,235,117,5,31,4,392,P1,118,78.1
Paschim Medinipur,605,WMed-605,47,Temple Hall 47,2021,258,88,4,31,3,384,P1,170,76.5
Paschim Medinipur,605,WMed-605,48,High School 48,2019,404,128,5,48,6,591,P1,276,75.4
Paschim Medinipur,605,WMed-605,48,High School 48,2021,427,119,7,47,7,607,P1,308,77.4
Paschim Medinipur,605,WMed-605,49,Primary School 49,2019,244,87,3,30,3,367,P1,157,75.2
Paschim Medinipur,605,WMed-605,49,Primary School 49,2021,249,84,2,31,4,370,P1,165,75.8
Paschim Medinipur,605,WMed-605,50,Post Office 50,2019,336,132,3,44,5,520,P1,204,79.0
Paschim Medinipur,605,WMed-605,50,Post Office 50,2021,281,130,6,83,5,505,P1,151,76.7
Paschim Medinipur,605,WMed-605,51,Health Sub-Centre 51,2019,263,110,4,34,3,414,P1,153,76.7
Paschim Medinipur,605,WMed-605,51,Health Sub-Centre 51,2021,255,141,4,36,5,441,P1,114,81.7
Paschim Medinipur,605,WMed-605,52,Health Sub-Centre 52,2019,261,150,8,54,5,478,P1,111,78.7
Paschim Medinipur,605,WMed-605,52,Health Sub-Centre 52,2021,312,147,3,43,6,511,P1,165,84.2
Paschim Medinipur,605,WMed-605,53,Market Building 53,2019,321,161,3,45,6,536,P1,160,78.6
Paschim Medinipur,605,WMed-605,53,Market Building 53,2021,261,198,5,41,6,511,P1,63,74.9
Paschim Medinipur,605,WMed-605,54,Panchayat Bhavan 54,2019,306,236,5,49,6,602,P1,70,83.6
Paschim Medinipur,605,WMed-605,54,Panchayat Bhavan 54,2021,274,164,14,130,5,587,P1,110,81.5
Paschim Medinipur,605,WMed-605,55,Govt Office 55,2019,333,198,3,50,6,590,P1,135,79.7
Paschim Medinipur,605,WMed-605,55,Govt Office 55,2021,303,201,9,85,7,605,P1,102,81.8
Paschim Medinipur,605,WMed-605,56,Club Building 56,2019,246,127,4,118,6,501,P1,119,78.2
Paschim Medinipur,605,WMed-605,56,Club Building 56,2021,257,173,3,70,5,508,P1,84,79.3
Paschim Medinipur,605,WMed-605,57,Market Building 57,2019,229,175,7,61,5,477,P1,54,85.2
Paschim Medinipur,605,WMed-605,57,Market Building 57,2021,248,139,1,37,5,430,P1,109,76.8
Paschim Medinipur,605,WMed-605,58,Community Hall 58,2019,355,166,7,81,6,615,P1,189,75.5
Paschim Medinipur,605,WMed-605,58,Community Hall 58,2021,401,206,4,57,6,674,P1,195,82.7
Paschim Medinipur,605,WMed-605,59,High School 59,2019,243,114,2,34,4,397,P1,129,74.2
Paschim Medinipur,605,WMed-605,59,High School 59,2021,267,100,3,34,4,408,P1,167,76.3
Paschim Medinipur,605,WMed-605,60,High School 60,2019,232,133,4,32,4,405,P1,99,78.0
Paschim Medinipur,605,WMed-605,60,High School 60,2021,274,111,4,35,4,428,P1,163,82.5
Paschim Medinipur,605,WMed-605,61,Club Building 61,2019,255,132,3,78,5,473,P1,123,79.0
Paschim Medinipur,605,WMed-605,61,Club Building 61,2021,259,140,2,38,4,443,P1,119,74.0
Paschim Medinipur,605,WMed-605,62,Health Sub-Centre 62,2019,297,148,5,40,5,495,P1,149,85.2
Paschim Medinipur,605,WMed-605,62,Health Sub-Centre 62,2021,316,115,4,39,4,478,P1,201,82.3
Paschim Medinipur,605,WMed-605,63,Temple Hall 63,2019,430,178,4,56,7,675,P1,252,83.0
Paschim Medinipur,605,WMed-605,63,Temple Hall 63,2021,383,155,6,95,7,646,P1,228,79.5
Paschim Medinipur,605,WMed-605,64,Panchayat Bhavan 64,2019,339,214,4,51,6,614,P1,125,84.6
Paschim Medinipur,605,WMed-605,64,Panchayat Bhavan 64,2021,304,195,4,46,6,555,P1,109,76.4
Paschim Medinipur,605,WMed-605,65,Madrasa 65,2019,297,157,5,41,5,505,P1,140,77.1
Paschim Medinipur,605,WMed-605,65,Madrasa 65,2021,241,183,4,104,5,537,P1,58,82.0
Paschim Medinipur,605,WMed-605,66,High School 66,2019,321,112,5,38,6,482,P1,209,79.1
Paschim Medinipur,605,WMed-605,66,High School 66,2021,322,121,5,39,5,492,P1,201,80.8
Paschim Medinipur,605,WMed-605,67,Health Sub-Centre 67,2019,286,189,5,113,6,599,P1,97,80.8
Paschim Medinipur,605,WMed-605,67,Health Sub-Centre 67,2021,305,225,3,60,5,598,P1,80,80.7
Paschim Medinipur,605,WMed-605,68,Health Sub-Centre 68,2019,263,133,9,110,5,520,P1,130,81.2
Paschim Medinipur,605,WMed-605,68,Health Sub-Centre 68,2021,299,177,3,44,6,529,P1,122,82.7
Paschim Medinipur,605,WMed-605,69,Madrasa 69,2019,237,150,7,107,5,506,P1,87,77.1
Paschim Medinipur,605,WMed-605,69,Madrasa 69,2021,422,69,6,43,5,545,P1,353,83.1
Paschim Medinipur,605,WMed-605,70,Madrasa 70,2019,194,141,9,92,5,441,P1,53,83.4
Paschim Medinipur,605,WMed-605,70,Madrasa 70,2021,233,119,4,31,4,391,P1,114,73.9
Paschim Medinipur,605,WMed-605,71,Madrasa 71,2019,195,129,2,48,3,377,P1,66,75.7
Paschim Medinipur,605,WMed-605,71,Madrasa 71,2021,203,138,3,31,4,379,P1,65,76.1
Paschim Medinipur,605,WMed-605,72,Madrasa 72,2019,239,121,4,61,4,429,P1,118,78.6
Paschim Medinipur,605,WMed-605,72,Madrasa 72,2021,312,102,2,40,3,459,P1,210,84.1
Paschim Medinipur,605,WMed-605,73,Community Hall 73,2019,316,172,5,44,5,542,P1,144,80.7
Paschim Medinipur,605,WMed-605,73,Community Hall 73,2021,252,185,7,53,6,503,P1,67,74.9
Paschim Medinipur,605,WMed-605,74,Club Building 74,2019,248,132,4,80,5,469,P1,116,81.0
Paschim Medinipur,605,WMed-605,74,Club Building 74,2021,257,151,6,57,5,476,P1,106,82.2
Paschim Medinipur,605,WMed-605,75,Primary School 75,2019,274,212,4,62,7,559,P1,62,81.8
Paschim Medinipur,605,WMed-605,75,Primary School 75,2021,309,180,3,46,5,543,P1,129,79.5
Paschim Medinipur,605,WMed-605,76,Temple Hall 76,2019,296,241,6,48,6,597,P1,55,79.3
Paschim Medinipur,605,WMed-605,76,Temple Hall 76,2021,411,143,5,50,7,616,P1,268,81.8
Paschim Medinipur,605,WMed-605,77,Market Building 77,2019,282,174,4,41,6,507,P1,108,79.5
Paschim Medinipur,605,WMed-605,77,Market Building 77,2021,214,246,2,44,5,511,P2,32,80.1
Paschim Medinipur,605,WMed-605,78,Temple Hall 78,2019,297,192,7,55,6,557,P1,105,83.0
Paschim Medinipur,605,WMed-605,78,Temple Hall 78,2021,314,168,2,46,5,535,P1,146,79.7
Paschim Medinipur,605,WMed-605,79,Temple Hall 79,2019,274,180,4,81,5,544,P1,94,85.3
Paschim Medinipur,605,WMed-605,79,Temple Hall 79,2021,276,151,2,41,4,474,P1,125,74.3
Paschim Medinipur,605,WMed-605,80,Temple Hall 80,2019,316,235,7,57,6,621,P1,81,83.0
Paschim Medinipur,605,WMed-605,80,Temple Hall 80,2021,428,137,5,51,7,628,P1,291,84.0
Paschim Medinipur,605,WMed-605,81,Primary School 81,2019,335,153,6,58,6,558,P1,182,81.0
Paschim Medinipur,605,WMed-605,81,Primary School 81,2021,236,236,4,43,5,524,P1,0,76.1
Paschim Medinipur,605,WMed-605,82,Club Building 82,2019,358,192,4,51,6,611,P1,166,82.1
Paschim Medinipur,605,WMed-605,82,Club Building 82,2021,309,181,13,112,7,622,P1,128,83.6
Paschim Medinipur,605,WMed-605,83,Market Building 83,2019,309,107,5,36,5,462,P1,202,81.1
Paschim Medinipur,605,WMed-605,83,Market Building 83,2021,273,121,3,36,5,438,P1,152,76.8
Paschim Medinipur,605,WMed-605,84,Primary School 84,2019,262,133,3,36,4,438,P1,129,81.3
Paschim Medinipur,605,WMed-605,84,Primary School 84,2021,200,159,5,32,4,400,P1,41,74.2
Paschim Medinipur,605,WMed-605,85,Temple Hall 85,2019,346,160,11,113,7,637,P1,186,77.7
Paschim Medinipur,605,WMed-605,85,Temple Hall 85,2021,331,140,17,129,7,624,P1,191,76.1
Paschim Medinipur,605,WMed-605,86,Post Office 86,2019,312,167,3,45,5,532,P1,145,74.3
Paschim Medinipur,605,WMed-605,86,Post Office 86,2021,366,130,4,45,6,551,P1,236,77.0
Paschim Medinipur,605,WMed-605,87,Post Office 87,2019,413,190,6,54,7,670,P1,223,84.8
Paschim Medinipur,605,WMed-605,87,Post Office 87,2021,392,199,6,56,6,659,P1,193,83.4
Paschim Medinipur,605,WMed-605,88,Panchayat Bhavan 88,2019,321,190,6,65,6,588,P1,131,74.6
Paschim Medinipur,605,WMed-605,88,Panchayat Bhavan 88,2021,304,217,15,117,6,659,P1,87,83.6
Paschim Medinipur,605,WMed-605,89,Club Building 89,2019,316,187,5,45,5,558,P1,129,73.9
Paschim Medinipur,605,WMed-605,89,Club Building 89,2021,439,128,6,51,6,630,P1,311,83.4
Paschim Medinipur,605,WMed-605,90,Health Sub-Centre 90,2019,231,162,2,37,4,436,P1,69,73.8
Paschim Medinipur,605,WMed-605,90,Health Sub-Centre 90,2021,203,182,2,65,5,457,P1,21,77.3
Paschim Medinipur,605,WMed-605,91,Community Hall 91,2019,223,142,1,37,4,407,P1,81,75.1
Paschim Medinipur,605,WMed-605,91,Community Hall 91,2021,220,102,16,113,5,456,P1,107,84.1
Paschim Medinipur,605,WMed-605,92,Club Building 92,2019,360,169,3,60,6,598,P1,191,77.3
Paschim Medinipur,605,WMed-605,92,Club Building 92,2021,320,224,9,68,6,627,P1,96,81.0
Paschim Medinipur,605,WMed-605,93,Club Building 93,2019,260,163,2,40,6,471,P1,97,77.6
Paschim Medinipur,605,WMed-605,93,Club Building 93,2021,311,114,5,37,6,473,P1,197,77.9
Paschim Medinipur,605,WMed-605,94,Community Hall 94,2019,248,119,4,33,4,408,P1,129,75.4
Paschim Medinipur,605,WMed-605,94,Community Hall 94,2021,223,136,4,51,5,419,P1,87,77.4
Paschim Medinipur,605,WMed-605,95,Panchayat Bhavan 95,2019,282,135,5,37,4,463,P1,147,83.1
Paschim Medinipur,605,WMed-605,95,Panchayat Bhavan 95,2021,253,138,3,37,4,435,P1,115,78.1
Paschim Medinipur,605,WMed-605,96,Club Building 96,2019,261,109,2,58,4,434,P1,152,84.8
Paschim Medinipur,605,WMed-605,96,Club Building 96,2021,273,107,2,36,4,422,P1,166,82.4
Paschim Medinipur,605,WMed-605,97,Madrasa 97,2019,319,149,5,41,6,520,P1,170,76.9
Paschim Medinipur,605,WMed-605,97,Madrasa 97,2021,268,172,6,51,5,502,P1,96,74.3
Paschim Medinipur,605,WMed-605,98,Anganwadi Centre 98,2019,263,97,5,39,4,408,P1,166,84.6
Paschim Medinipur,605,WMed-605,98,Anganwadi Centre 98,2021,222,103,1,31,4,361,P1,119,74.9
Paschim Medinipur,605,WMed-605,99,Anganwadi Centre 99,2019,314,144,2,55,5,520,P1,170,77.8
Paschim Medinipur,605,WMed-605,99,Anganwadi Centre 99,2021,279,191,4,43,5,522,P1,88,78.1
Paschim Medinipur,605,WMed-605,100,Govt Office 100,2019,280,185,5,66,6,542,P1,95,77.2
Paschim Medinipur,605,WMed-605,100,Govt Office 100,2021,270,191,7,56,6,530,P1,79,75.5
Paschim Medinipur,605,WMed-605,101,Health Sub-Centre 101,2019,208,129,10,82,5,434,P1,79,74.1
Paschim Medinipur,605,WMed-605,101,Health Sub-Centre 101,2021,194,127,17,124,5,467,P1,67,79.7
Paschim Medinipur,605,WMed-605,102,Panchayat Bhavan 102,2019,284,117,3,37,5,446,P1,167,73.8
Paschim Medinipur,605,WMed-605,102,Panchayat Bhavan 102,2021,301,104,5,35,5,450,P1,197,74.5
Paschim Medinipur,605,WMed-605,103,Anganwadi Centre 103,2019,291,182,2,45,5,525,P1,109,77.7
Paschim Medinipur,605,WMed-605,103,Anganwadi Centre 103,2021,338,128,2,45,5,518,P1,210,76.6
Paschim Medinipur,605,WMed-605,104,Anganwadi Centre 104,2019,293,127,4,38,4,466,P1,166,80.6
Paschim Medinipur,605,WMed-605,104,Anganwadi Centre 104,2021,250,154,9,71,5,489,P1,96,84.6
Paschim Medinipur,605,WMed-605,105,Primary School 105,2019,291,179,3,81,7,561,P1,112,82.0
Paschim Medinipur,605,WMed-605,105,Primary School 105,2021,205,182,6,156,6,555,P1,23,81.1
Paschim Medinipur,605,WMed-605,106,Temple Hall 106,2019,402,158,7,49,7,623,P1,244,77.8
Paschim Medinipur,605,WMed-605,106,Temple Hall 106,2021,413,199,6,55,7,680,P1,214,84.9
Paschim Medinipur,605,WMed-605,107,Panchayat Bhavan 107,2019,349,137,2,46,6,540,P1,212,76.7
Paschim Medinipur,605,WMed-605,107,Panchayat Bhavan 107,2021,308,225,4,49,7,593,P1,83,84.2
Paschim Medinipur,605,WMed-605,108,Govt Office 108,2019,309,199,5,70,7,590,P1,110,83.6
Paschim Medinipur,605,WMed-605,108,Govt Office 108,2021,269,176,6,65,6,522,P1,93,73.9
Paschim Medinipur,605,WMed-605,109,Anganwadi Centre 109,2019,248,175,10,72,4,509,P1,73,82.1
Paschim Medinipur,605,WMed-605,109,Anganwadi Centre 109,2021,262,137,5,68,6,478,P1,125,77.1
Paschim Medinipur,605,WMed-605,110,Community Hall 110,2019,278,120,12,111,6,527,P1,158,78.9
Paschim Medinipur,605,WMed-605,110,Community Hall 110,2021,289,152,4,99,6,550,P1,137,82.3
Paschim Medinipur,605,WMed-605,111,Panchayat Bhavan 111,2019,438,147,2,56,7,650,P1,291,82.0
Paschim Medinipur,605,WMed-605,111,Panchayat Bhavan 111,2021,364,179,9,100,6,658,P1,185,83.0
Paschim Medinipur,605,WMed-605,112,Anganwadi Centre 112,2019,387,199,4,55,6,651,P1,188,84.7
Paschim Medinipur,605,WMed-605,112,Anganwadi Centre 112,2021,317,225,10,79,7,638,P1,92,83.0
Paschim Medinipur,605,WMed-605,113,Madrasa 113,2019,381,120,10,120,6,637,P1,261,83.1
Paschim Medinipur,605,WMed-605,113,Madrasa 113,2021,330,166,12,84,6,598,P1,164,78.0
Paschim Medinipur,605,WMed-605,114,Club Building 114,2019,284,86,5,43,5,423,P1,198,82.1
Paschim Medinipur,605,WMed-605,114,Club Building 114,2021,229,110,6,69,4,418,P1,119,81.2
Paschim Medinipur,605,WMed-605,115,Madrasa 115,2019,268,129,4,35,5,441,P1,139,82.0
Paschim Medinipur,605,WMed-605,115,Madrasa 115,2021,241,80,12,99,3,435,P1,142,80.9
Paschim Medinipur,605,WMed-605,116,Govt Office 116,2019,264,155,4,38,4,465,P1,109,75.7
Paschim Medinipur,605,WMed-605,116,Govt Office 116,2021,259,170,5,44,5,483,P1,89,78.7
Paschim Medinipur,605,WMed-605,117,Market Building 117,2019,289,159,17,160,6,631,P1,129,81.2
Paschim Medinipur,605,WMed-605,117,Market Building 117,2021,309,246,7,49,6,617,P1,63,79.4
Paschim Medinipur,605,WMed-605,118,Govt Office 118,2019,377,226,4,57,6,670,P1,151,84.0
Paschim Medinipur,605,WMed-605,118,Govt Office 118,2021,284,224,4,79,6,597,P1,60,74.8
Paschim Medinipur,605,WMed-605,119,Community Hall 119,2019,341,115,5,41,4,506,P1,226,80.8
Paschim Medinipur,605,WMed-605,119,Community Hall 119,2021,296,130,11,78,5,520,P1,166,83.1
Paschim Medinipur,605,WMed-605,120,Primary School 120,2019,268,133,2,38,5,446,P1,135,80.2
Paschim Medinipur,605,WMed-605,120,Primary School 120,2021,220,116,8,65,3,412,P1,104,74.1
Paschim Medinipur,605,WMed-605,121,Club Building 121,2019,289,140,9,102,5,545,P1,149,77.9
Paschim Medinipur,605,WMed-605,121,Club Building 121,2021,376,129,5,45,6,561,P1,247,80.1
Paschim Medinipur,605,WMed-605,122,Anganwadi Centre 122,2019,240,144,1,37,4,426,P1,96,79.5
Paschim Medinipur,605,WMed-605,122,Anganwadi Centre 122,2021,220,135,5,37,3,400,P1,85,74.6
Paschim Medinipur,605,WMed-605,123,Club Building 123,2019,256,180,9,64,4,513,P1,76,75.9
Paschim Medinipur,605,WMed-605,123,Club Building 123,2021,332,164,3,47,5,551,P1,168,81.5
Paschim Medinipur,605,WMed-605,124,Temple Hall 124,2019,297,195,4,49,5,550,P1,102,75.2
Paschim Medinipur,605,WMed-605,124,Temple Hall 124,2021,387,172,2,54,6,621,P1,215,85.0
Paschim Medinipur,605,WMed-605,125,Post Office 125,2019,292,212,7,78,6,595,P1,80,84.5
Paschim Medinipur,605,WMed-605,125,Post Office 125,2021,355,158,5,46,6,570,P1,197,81.0
Paschim Medinipur,605,WMed-605,126,Post Office 126,2019,300,142,3,41,5,491,P1,158,75.7
Paschim Medinipur,605,WMed-605,126,Post Office 126,2021,268,142,4,77,5,496,P1,126,76.4
Paschim Medinipur,605,WMed-605,127,Health Sub-Centre 127,2019,350,125,2,45,6,528,P1,225,78.0
Paschim Medinipur,605,WMed-605,127,Health Sub-Centre 127,2021,375,145,5,47,5,577,P1,230,85.2
Paschim Medinipur,605,WMed-605,128,Temple Hall 128,2019,240,224,6,84,5,559,P1,16,81.6
Paschim Medinipur,605,WMed-605,128,Temple Hall 128,2021,357,143,3,47,5,555,P1,214,81.0
Paschim Medinipur,605,WMed-605,129,High School 129,2019,312,121,3,40,5,481,P1,191,80.7
Paschim Medinipur,605,WMed-605,129,High School 129,2021,240,136,12,100,5,493,P1,104,82.7
Paschim Medinipur,605,WMed-605,130,Govt Office 130,2019,269,129,4,70,5,477,P1,140,77.4
Paschim Medinipur,605,WMed-605,130,Govt Office 130,2021,283,163,7,52,5,510,P1,120,82.8
Paschim Medinipur,605,WMed-605,131,Market Building 131,2019,270,152,5,81,6,514,P1,118,77.6
Paschim Medinipur,605,WMed-605,131,Market Building 131,2021,274,190,4,42,6,516,P1,84,77.9
Paschim Medinipur,605,WMed-605,132,Market Building 132,2019,245,223,15,110,7,600,P1,22,75.4
Paschim Medinipur,605,WMed-605,132,Market Building 132,2021,369,209,6,52,7,643,P1,160,80.8
Paschim Medinipur,605,WMed-605,133,Market Building 133,2019,308,161,5,93,6,573,P1,147,83.4
Paschim Medinipur,605,WMed-605,133,Market Building 133,2021,364,155,3,49,6,577,P1,209,84.0
Paschim Medinipur,605,WMed-605,134,Market Building 134,2019,342,223,2,54,7,628,P1,119,78.3
Paschim Medinipur,605,WMed-605,134,Market Building 134,2021,413,136,5,50,6,610,P1,277,76.1
Paschim Medinipur,605,WMed-605,135,Club Building 135,2019,262,117,5,33,4,421,P1,145,79.3
Paschim Medinipur,605,WMed-605,135,Club Building 135,2021,262,133,3,37,4,439,P1,129,82.7
Paschim Medinipur,605,WMed-605,136,Madrasa 136,2019,277,228,3,58,5,571,P1,49,80.5
Paschim Medinipur,605,WMed-605,136,Madrasa 136,2021,348,173,6,47,5,579,P1,175,81.7
Paschim Medinipur,605,WMed-605,137,Primary School 137,2019,268,135,15,112,5,535,P1,133,75.7
Paschim Medinipur,605,WMed-605,137,Primary School 137,2021,308,120,6,101,5,540,P1,188,76.4
Paschim Medinipur,605,WMed-605,138,Health Sub-Centre 138,2019,334,133,3,44,5,519,P1,201,73.8
Paschim Medinipur,605,WMed-605,138,Health Sub-Centre 138,2021,417,52,2,45,5,521,P1,365,74.1
Paschim Medinipur,605,WMed-605,139,Health Sub-Centre 139,2019,262,215,4,86,6,573,P1,47,78.0
Paschim Medinipur,605,WMed-605,139,Health Sub-Centre 139,2021,344,167,6,45,6,568,P1,177,77.3
Paschim Medinipur,605,WMed-605,140,Club Building 140,2019,246,145,5,51,5,452,P1,101,75.8
Paschim Medinipur,605,WMed-605,140,Club Building 140,2021,250,114,5,73,5,447,P1,136,75.0
Paschim Medinipur,605,WMed-605,141,Health Sub-Centre 141,2019,308,115,3,39,6,471,P1,193,77.0
Paschim Medinipur,605,WMed-605,141,Health Sub-Centre 141,2021,317,106,2,41,4,470,P1,211,76.8
Paschim Medinipur,605,WMed-605,142,Madrasa 142,2019,296,123,6,84,5,514,P1,173,81.3
Paschim Medinipur,605,WMed-605,142,Madrasa 142,2021,215,159,9,111,5,499,P1,56,79.0
Paschim Medinipur,605,WMed-605,143,Club Building 143,2019,328,207,3,50,6,594,P1,121,74.2
Paschim Medinipur,605,WMed-605,143,Club Building 143,2021,377,228,8,53,6,672,P1,149,84.0
Paschim Medinipur,605,WMed-605,144,Post Office 144,2019,379,134,5,46,6,570,P1,245,84.9
Paschim Medinipur,605,WMed-605,144,Post Office 144,2021,325,142,7,67,6,547,P1,183,81.5
Paschim Medinipur,605,WMed-605,145,Market Building 145,2019,276,173,5,40,5,499,P1,103,82.2
Paschim Medinipur,605,WMed-605,145,Market Building 145,2021,332,90,2,40,4,468,P1,242,77.1
Paschim Medinipur,605,WMed-605,146,High School 146,2019,256,105,8,157,6,532,P1,99,75.5
Paschim Medinipur,605,WMed-605,146,High School 146,2021,328,143,2,45,5,523,P1,185,74.2
Paschim Medinipur,605,WMed-605,147,Temple Hall 147,2019,257,156,4,46,5,468,P1,101,82.1
Paschim Medinipur,605,WMed-605,147,Temple Hall 147,2021,264,128,5,44,5,446,P1,136,78.2
Paschim Medinipur,605,WMed-605,148,Primary School 148,2019,313,124,3,41,5,486,P1,189,82.0
Paschim Medinipur,605,WMed-605,148,Primary School 148,2021,282,124,1,39,5,451,P1,158,76.1
Paschim Medinipur,605,WMed-605,149,Panchayat Bhavan 149,2019,215,172,2,37,4,430,P1,43,76.8
Paschim Medinipur,605,WMed-605,149,Panchayat Bhavan 149,2021,209,126,11,90,5,441,P1,83,78.8
Paschim Medinipur,605,WMed-605,150,Primary School 150,2019,356,113,3,44,5,521,P1,243,80.2
Paschim Medinipur,605,WMed-605,150,Primary School 150,2021,297,107,4,69,6,483,P1,190,74.3
Paschim Medinipur,605,WMed-605,151,Community Hall 151,2019,359,194,4,73,6,636,P1,165,84.4
Paschim Medinipur,605,WMed-605,151,Community Hall 151,2021,366,130,14,100,6,616,P1,236,81.7
Paschim Medinipur,605,WMed-605,152,Post Office 152,2019,385,153,4,50,5,597,P1,232,78.2
Paschim Medinipur,605,WMed-605,152,Post Office 152,2021,424,161,2,56,8,651,P1,263,85.3
Paschim Medinipur,605,WMed-605,153,Madrasa 153,2019,372,213,4,72,6,667,P1,159,82.1
Paschim Medinipur,605,WMed-605,153,Madrasa 153,2021,373,176,10,109,7,675,P1,197,83.1
Paschim Medinipur,605,WMed-605,154,Market Building 154,2019,224,126,4,31,4,389,P1,98,81.0
Paschim Medinipur,605,WMed-605,154,Market Building 154,2021,234,99,3,30,4,370,P1,135,77.1
Paschim Medinipur,605,WMed-605,155,Primary School 155,2019,325,191,2,49,6,573,P1,134,75.1
Paschim Medinipur,605,WMed-605,155,Primary School 155,2021,362,166,3,50,6,587,P1,196,76.9
Paschim Medinipur,605,WMed-605,156,High School 156,2019,219,120,8,86,4,437,P1,99,79.2
Paschim Medinipur,605,WMed-605,156,High School 156,2021,253,121,3,34,5,416,P1,132,75.4
Paschim Medinipur,605,WMed-605,157,Temple Hall 157,2019,268,135,5,36,4,448,P1,133,77.5
Paschim Medinipur,605,WMed-605,157,Temple Hall 157,2021,228,106,14,130,4,482,P1,98,83.4
Paschim Medinipur,605,WMed-605,158,Club Building 158,2019,325,168,3,50,6,552,P1,157,82.1
Paschim Medinipur,605,WMed-605,158,Club Building 158,2021,312,167,6,42,5,532,P1,145,79.2
Paschim Medinipur,605,WMed-605,159,Post Office 159,2019,254,140,4,35,4,437,P1,114,81.8
Paschim Medinipur,605,WMed-605,159,Post Office 159,2021,282,73,2,33,5,395,P1,209,74.0
Paschim Medinipur,605,WMed-605,160,Govt Office 160,2019,388,116,6,45,5,560,P1,272,76.6
Paschim Medinipur,605,WMed-605,160,Govt Office 160,2021,424,135,4,52,7,622,P1,289,85.1
Paschim Medinipur,605,WMed-605,161,Club Building 161,2019,430,162,6,54,6,658,P1,268,84.7
Paschim Medinipur,605,WMed-605,161,Club Building 161,2021,341,198,4,50,5,598,P1,143,77.0
Paschim Medinipur,605,WMed-605,162,Primary School 162,2019,272,226,5,47,5,555,P1,46,78.7
Paschim Medinipur,605,WMed-605,162,Primary School 162,2021,327,177,7,63,6,580,P1,150,82.3
Paschim Medinipur,605,WMed-605,163,Primary School 163,2019,276,88,2,57,4,427,P1,188,84.6
Paschim Medinipur,605,WMed-605,163,Primary School 163,2021,237,109,4,31,4,385,P1,128,76.2
Paschim Medinipur,605,WMed-605,164,Club Building 164,2019,274,158,3,40,5,480,P1,116,78.9
Paschim Medinipur,605,WMed-605,164,Club Building 164,2021,235,127,6,82,5,455,P1,108,74.8
Paschim Medinipur,605,WMed-605,165,Panchayat Bhavan 165,2019,297,143,11,115,5,571,P1,154,74.6
Paschim Medinipur,605,WMed-605,165,Panchayat Bhavan 165,2021,392,189,3,55,6,645,P1,203,84.3
Paschim Medinipur,605,WMed-605,166,Anganwadi Centre 166,2019,323,203,3,50,5,584,P1,120,79.1
Paschim Medinipur,605,WMed-605,166,Anganwadi Centre 166,2021,259,234,15,113,6,627,P1,25,85.0
Paschim Medinipur,605,WMed-605,167,Club Building 167,2019,309,127,10,142,6,594,P1,167,82.7
Paschim Medinipur,605,WMed-605,167,Club Building 167,2021,355,190,7,48,6,606,P1,165,84.4
Paschim Medinipur,605,WMed-605,168,Community Hall 168,2019,395,138,5,48,7,593,P1,257,83.3
Paschim Medinipur,605,WMed-605,168,Community Hall 168,2021,313,183,6,46,5,553,P1,130,77.7
Paschim Medinipur,605,WMed-605,169,Primary School 169,2019,346,186,5,48,7,592,P1,160,74.3
Paschim Medinipur,605,WMed-605,169,Primary School 169,2021,327,174,14,126,7,648,P1,153,81.3
Paschim Medinipur,605,WMed-605,170,Temple Hall 170,2019,239,150,3,75,4,471,P1,89,80.7
Paschim Medinipur,605,WMed-605,170,Temple Hall 170,2021,295,107,7,53,5,467,P1,188,80.0
Paschim Medinipur,605,WMed-605,171,Panchayat Bhavan 171,2019,240,98,6,67,4,415,P1,142,81.7
Paschim Medinipur,605,WMed-605,171,Panchayat Bhavan 171,2021,238,115,4,32,3,392,P1,123,77.2
Paschim Medinipur,605,WMed-605,172,High School 172,2019,256,173,5,72,4,510,P1,83,81.3
Paschim Medinipur,605,WMed-605,172,High School 172,2021,321,150,4,43,5,523,P1,171,83.4
Paschim Medinipur,605,WMed-605,173,Temple Hall 173,2019,259,126,12,109,6,512,P1,133,79.3
Paschim Medinipur,605,WMed-605,173,Temple Hall 173,2021,341,153,3,46,6,549,P1,188,85.0
Paschim Medinipur,605,WMed-605,174,Club Building 174,2019,344,178,3,49,5,579,P1,166,76.0
Paschim Medinipur,605,WMed-605,174,Club Building 174,2021,356,167,6,64,5,598,P1,189,78.5
Paschim Medinipur,605,WMed-605,175,Madrasa 175,2019,277,169,5,49,4,504,P1,108,81.7
Paschim Medinipur,605,WMed-605,175,Madrasa 175,2021,270,177,4,41,5,497,P1,93,80.6
Paschim Medinipur,605,WMed-605,176,Temple Hall 176,2019,329,127,5,41,5,507,P1,202,82.0
Paschim Medinipur,605,WMed-605,176,Temple Hall 176,2021,292,174,5,42,4,517,P1,118,83.7
Paschim Medinipur,605,WMed-605,177,Govt Office 177,2019,381,201,2,66,7,657,P1,180,82.8
Paschim Medinipur,605,WMed-605,177,Govt Office 177,2021,383,221,7,54,6,671,P1,162,84.6
Paschim Medinipur,605,WMed-605,178,Govt Office 178,2019,284,122,4,36,5,451,P1,162,75.2
Paschim Medinipur,605,WMed-605,178,Govt Office 178,2021,295,160,4,41,6,506,P1,135,84.3
Paschim Medinipur,605,WMed-605,179,Madrasa 179,2019,197,151,9,61,4,422,P1,46,78.9
Paschim Medinipur,605,WMed-605,179,Madrasa 179,2021,296,107,2,38,5,448,P1,189,83.7
Paschim Medinipur,605,WMed-605,180,High School 180,2019,300,164,3,58,4,529,P1,136,85.2
Paschim Medinipur,605,WMed-605,180,High School 180,2021,316,144,5,41,5,511,P1,172,82.3
Paschim Medinipur,605,WMed-605,181,Health Sub-Centre 181,2019,324,154,4,44,5,531,P1,170,75.5
Paschim Medinipur,605,WMed-605,181,Health Sub-Centre 181,2021,305,136,11,120,5,577,P1,169,82.1
Paschim Medinipur,605,WMed-605,182,High School 182,2019,248,177,5,80,4,514,P1,71,80.2
Paschim Medinipur,605,WMed-605,182,High School 182,2021,281,110,4,77,5,477,P1,171,74.4
Paschim Medinipur,605,WMed-605,183,Primary School 183,2019,344,175,6,73,7,605,P1,169,79.5
Paschim Medinipur,605,WMed-605,183,Primary School 183,2021,408,122,4,49,6,589,P1,286,77.4
Paschim Medinipur,605,WMed-605,184,Temple Hall 184,2019,271,120,2,37,4,434,P1,151,74.8
Paschim Medinipur,605,WMed-605,184,Temple Hall 184,2021,281,44,12,96,4,437,P1,185,75.3
Paschim Medinipur,605,WMed-605,185,Health Sub-Centre 185,2019,262,181,4,40,5,492,P1,81,74.2
Paschim Medinipur,605,WMed-605,185,Health Sub-Centre 185,2021,321,126,5,39,5,496,P1,195,74.8
Paschim Medinipur,605,WMed-605,186,Community Hall 186,2019,240,146,4,48,5,443,P1,94,83.7
Paschim Medinipur,605,WMed-605,186,Community Hall 186,2021,224,128,2,49,4,407,P1,96,76.9
Paschim Medinipur,605,WMed-605,187,Panchayat Bhavan 187,2019,234,152,2,65,5,458,P1,82,83.4
Paschim Medinipur,605,WMed-605,187,Panchayat Bhavan 187,2021,175,136,5,99,4,419,P1,39,76.3
Paschim Medinipur,605,WMed-605,188,Post Office 188,2019,450,146,5,55,6,662,P1,304,85.2
Paschim Medinipur,605,WMed-605,188,Post Office 188,2021,365,150,4,72,6,597,P1,215,76.8
Paschim Medinipur,605,WMed-605,189,Market Building 189,2019,184,143,5,53,3,388,P1,41,80.5
Paschim Medinipur,605,WMed-605,189,Market Building 189,2021,230,103,3,31,3,370,P1,127,76.8
Paschim Medinipur,605,WMed-605,190,Govt Office 190,2019,303,162,11,84,6,566,P1,141,76.5
Paschim Medinipur,605,WMed-605,190,Govt Office 190,2021,261,230,4,46,5,546,P1,31,73.8
Paschim Medinipur,605,WMed-605,191,Club Building 191,2019,315,120,2,42,5,484,P1,195,79.3
Paschim Medinipur,605,WMed-605,191,Club Building 191,2021,242,168,5,36,4,455,P1,74,74.6
Paschim Medinipur,605,WMed-605,192,Madrasa 192,2019,353,99,6,40,4,502,P1,254,84.1
Paschim Medinipur,605,WMed-605,192,Madrasa 192,2021,278,135,2,39,5,459,P1,143,76.9
Paschim Medinipur,605,WMed-605,193,Madrasa 193,2019,203,170,10,73,5,461,P1,33,85.2
Paschim Medinipur,605,WMed-605,193,Madrasa 193,2021,310,95,3,37,5,450,P1,215,83.2
Paschim Medinipur,605,WMed-605,194,Madrasa 194,2019,322,145,3,70,6,546,P1,177,75.9
Paschim Medinipur,605,WMed-605,194,Madrasa 194,2021,363,156,3,49,6,577,P1,207,80.3
Paschim Medinipur,605,WMed-605,195,High School 195,2019,295,168,6,41,5,515,P1,127,82.3
Paschim Medinipur,605,WMed-605,195,High School 195,2021,292,152,6,46,5,501,P1,140,80.0
Paschim Medinipur,605,WMed-605,196,Market Building 196,2019,255,169,2,40,5,471,P1,86,81.5
Paschim Medinipur,605,WMed-605,196,Market Building 196,2021,274,122,2,37,5,440,P1,152,76.1
Paschim Medinipur,605,WMed-605,197,Market Building 197,2019,213,111,7,74,5,410,P1,102,77.8
Paschim Medinipur,605,WMed-605,197,Market Building 197,2021,270,90,3,43,4,410,P1,180,77.8
Paschim Medinipur,605,WMed-605,198,Madrasa 198,2019,246,212,4,48,4,514,P1,34,77.1
Paschim Medinipur,605,WMed-605,198,Madrasa 198,2021,354,148,6,44,6,558,P1,206,83.7
Paschim Medinipur,605,WMed-605,199,Community Hall 199,2019,346,155,2,48,6,557,P1,191,80.8
Paschim Medinipur,605,WMed-605,199,Community Hall 199,2021,316,176,6,44,5,547,P1,140,79.4
Paschim Medinipur,605,WMed-605,200,Anganwadi Centre 200,2019,369,208,6,52,6,641,P1,161,82.4
Paschim Medinipur,605,WMed-605,200,Anganwadi Centre 200,2021,338,211,3,52,6,610,P1,127,78.4
Paschim Medinipur,605,WMed-605,201,Health Sub-Centre 201,2019,249,135,3,36,4,427,P1,114,77.4
Paschim Medinipur,605,WMed-605,201,Health Sub-Centre 201,2021,281,143,3,40,4,471,P1,138,85.3
Paschim Medinipur,605,WMed-605,202,Club Building 202,2019,195,136,6,73,5,415,P1,59,78.6
Paschim Medinipur,605,WMed-605,202,Club Building 202,2021,218,129,2,47,3,399,P1,89,75.6
Paschim Medinipur,605,WMed-605,203,Panchayat Bhavan 203,2019,267,168,4,68,5,512,P1,99,79.1
Paschim Medinipur,605,WMed-605,203,Panchayat Bhavan 203,2021,322,154,3,45,5,529,P1,168,81.8
Paschim Medinipur,605,WMed-605,204,Anganwadi Centre 204,2019,355,146,6,44,6,557,P1,209,82.9
Paschim Medinipur,605,WMed-605,204,Anganwadi Centre 204,2021,340,174,2,49,7,572,P1,166,85.1
Paschim Medinipur,605,WMed-605,205,High School 205,2019,315,142,5,56,5,523,P1,173,75.5
Paschim Medinipur,605,WMed-605,205,High School 205,2021,270,206,5,43,4,528,P1,64,76.2
Paschim Medinipur,605,WMed-605,206,Community Hall 206,2019,263,135,10,75,6,489,P1,128,80.6
Paschim Medinipur,605,WMed-605,206,Community Hall 206,2021,260,127,5,58,4,454,P1,133,74.8
Paschim Medinipur,605,WMed-605,207,Temple Hall 207,2019,247,93,4,30,4,378,P1,154,76.5
Paschim Medinipur,605,WMed-605,207,Temple Hall 207,2021,171,133,7,52,4,367,P1,38,74.3
Paschim Medinipur,605,WMed-605,208,High School 208,2019,285,187,8,104,5,589,P1,98,76.3
Paschim Medinipur,605,WMed-605,208,High School 208,2021,358,185,3,51,6,603,P1,173,78.1
Paschim Medinipur,605,WMed-605,209,Panchayat Bhavan 209,2019,191,101,10,77,4,383,P1,90,76.3
Paschim Medinipur,605,WMed-605,209,Panchayat Bhavan 209,2021,240,114,5,31,3,393,P1,126,78.3
Paschim Medinipur,605,WMed-605,210,Post Office 210,2019,254,118,4,34,3,413,P1,136,75.0
Paschim Medinipur,605,WMed-605,210,Post Office 210,2021,207,161,5,56,4,433,P1,46,78.6
Paschim Medinipur,605,WMed-605,211,Market Building 211,2019,239,119,7,105,5,475,P1,120,75.3
Paschim Medinipur,605,WMed-605,211,Market Building 211,2021,337,137,3,45,5,527,P1,200,83.5
Paschim Medinipur,605,WMed-605,212,Govt Office 212,2019,279,211,6,97,7,600,P1,68,76.7
Paschim Medinipur,605,WMed-605,212,Govt Office 212,2021,375,156,3,50,6,590,P1,219,75.4
Paschim Medinipur,605,WMed-605,213,Post Office 213,2019,302,127,2,41,5,477,P1,175,73.8
Paschim Medinipur,605,WMed-605,213,Post Office 213,2021,233,135,9,102,5,484,P1,98,74.9
Paschim Medinipur,606,WMed-606,1,Anganwadi Centre 1,2019,418,157,3,54,7,639,P1,261,83.4
Paschim Medinipur,606,WMed-606,1,Anganwadi Centre 1,2021,331,208,3,51,6,599,P1,123,78.2
Paschim Medinipur,606,WMed-606,2,Anganwadi Centre 2,2019,348,97,5,39,5,494,P1,251,82.3
Paschim Medinipur,606,WMed-606,2,Anganwadi Centre 2,2021,327,127,4,42,4,504,P1,200,84.0
Paschim Medinipur,606,WMed-606,3,Anganwadi Centre 3,2019,259,159,10,74,5,507,P1,100,76.1
Paschim Medinipur,606,WMed-606,3,Anganwadi Centre 3,2021,260,151,5,117,6,539,P1,109,80.9
Paschim Medinipur,606,WMed-606,4,Health Sub-Centre 4,2019,234,132,2,35,4,407,P1,102,78.0
Paschim Medinipur,606,WMed-606,4,Health Sub-Centre 4,2021,219,136,5,60,4,424,P1,83,81.2
Paschim Medinipur,606,WMed-606,5,Primary School 5,2019,245,160,3,37,4,449,P1,85,76.8
Paschim Medinipur,606,WMed-606,5,Primary School 5,2021,294,107,2,38,5,446,P1,187,76.2
Paschim Medinipur,606,WMed-606,6,Primary School 6,2019,229,125,3,33,4,394,P1,104,76.7
Paschim Medinipur,606,WMed-606,6,Primary School 6,2021,227,139,4,33,3,406,P1,88,79.0
Paschim Medinipur,606,WMed-606,7,Market Building 7,2019,234,107,4,30,3,378,P1,127,77.1
Paschim Medinipur,606,WMed-606,7,Market Building 7,2021,173,130,2,53,4,362,P1,43,73.9
Paschim Medinipur,606,WMed-606,8,Temple Hall 8,2019,409,109,7,45,5,575,P1,300,84.2
Paschim Medinipur,606,WMed-606,8,Temple Hall 8,2021,297,168,8,70,5,548,P1,129,80.2
Paschim Medinipur,606,WMed-606,9,Health Sub-Centre 9,2019,234,136,6,61,5,442,P1,98,79.4
Paschim Medinipur,606,WMed-606,9,Health Sub-Centre 9,2021,296,92,5,34,4,431,P1,204,77.4
Paschim Medinipur,606,WMed-606,10,Market Building 10,2019,321,145,6,41,5,518,P1,176,79.6
Paschim Medinipur,606,WMed-606,10,Market Building 10,2021,282,157,4,40,5,488,P1,125,75.0
Paschim Medinipur,606,WMed-606,11,Health Sub-Centre 11,2019,276,131,5,36,5,453,P1,145,73.9
Paschim Medinipur,606,WMed-606,11,Health Sub-Centre 11,2021,270,117,4,64,4,459,P1,153,74.9
Paschim Medinipur,606,WMed-606,12,High School 12,2019,265,84,10,182,5,546,P1,83,81.6
Paschim Medinipur,606,WMed-606,12,High School 12,2021,319,186,5,46,5,561,P1,133,83.9
Paschim Medinipur,606,WMed-606,13,Community Hall 13,2019,246,124,3,76,4,453,P1,122,82.4
Paschim Medinipur,606,WMed-606,13,Community Hall 13,2021,272,142,5,36,5,460,P1,130,83.6
Paschim Medinipur,606,WMed-606,14,Temple Hall 14,2019,220,127,3,59,4,413,P1,93,81.6
Paschim Medinipur,606,WMed-606,14,Temple Hall 14,2021,181,119,7,104,4,415,P1,62,82.0
Paschim Medinipur,606,WMed-606,15,Community Hall 15,2019,293,210,4,76,6,589,P1,83,77.0
Paschim Medinipur,606,WMed-606,15,Community Hall 15,2021,373,135,3,48,6,565,P1,238,73.9
Paschim Medinipur,606,WMed-606,16,Madrasa 16,2019,346,128,4,48,5,531,P1,218,79.3
Paschim Medinipur,606,WMed-606,16,Madrasa 16,2021,277,152,8,102,6,545,P1,125,81.3
Paschim Medinipur,606,WMed-606,17,Community Hall 17,2019,406,174,5,53,6,644,P1,232,80.5
Paschim Medinipur,606,WMed-606,17,Community Hall 17,2021,385,162,6,49,6,608,P1,223,76.0
Paschim Medinipur,606,WMed-606,18,Madrasa 18,2019,272,149,6,59,5,491,P1,123,75.7
Paschim Medinipur,606,WMed-606,18,Madrasa 18,2021,329,112,2,42,5,490,P1,217,75.5
Paschim Medinipur,606,WMed-606,19,Community Hall 19,2019,330,205,4,50,6,595,P1,125,73.8
Paschim Medinipur,606,WMed-606,19,Community Hall 19,2021,451,138,4,55,7,655,P1,313,81.3
Paschim Medinipur,606,WMed-606,20,High School 20,2019,376,149,3,49,6,583,P1,227,76.5
Paschim Medinipur,606,WMed-606,20,High School 20,2021,344,168,4,47,6,569,P1,176,74.7
Paschim Medinipur,606,WMed-606,21,Primary School 21,2019,255,107,3,33,4,402,P1,148,77.9
Paschim Medinipur,606,WMed-606,21,Primary School 21,2021,268,101,2,35,4,410,P1,167,79.5
Paschim Medinipur,606,WMed-606,22,Post Office 22,2019,256,114,3,55,5,433,P1,142,77.7
Paschim Medinipur,606,WMed-606,22,Post Office 22,2021,323,104,3,39,5,474,P1,219,85.1
Paschim Medinipur,606,WMed-606,23,High School 23,2019,336,95,2,41,5,479,P1,241,77.9
Paschim Medinipur,606,WMed-606,23,High School 23,2021,308,160,2,45,5,520,P1,148,84.6
Paschim Medinipur,606,WMed-606,24,Temple Hall 24,2019,285,99,2,36,5,427,P1,186,81.5
Paschim Medinipur,606,WMed-606,24,Temple Hall 24,2021,226,129,2,33,4,394,P1,97,75.2
Paschim Medinipur,606,WMed-606,25,Post Office 25,2019,296,193,5,44,5,543,P1,103,77.4
Paschim Medinipur,606,WMed-606,25,Post Office 25,2021,272,200,6,41,6,525,P1,72,74.8
Paschim Medinipur,606,WMed-606,26,Community Hall 26,2019,234,123,2,34,4,397,P1,111,76.5
Paschim Medinipur,606,WMed-606,26,Community Hall 26,2021,195,127,3,59,4,388,P1,68,74.8
Paschim Medinipur,606,WMed-606,27,Community Hall 27,2019,296,177,5,43,5,526,P1,119,75.7
Paschim Medinipur,606,WMed-606,27,Community Hall 27,2021,339,191,4,49,6,589,P1,148,84.7
Paschim Medinipur,606,WMed-606,28,Community Hall 28,2019,287,136,3,45,4,475,P1,151,79.3
Paschim Medinipur,606,WMed-606,28,Community Hall 28,2021,340,116,4,42,5,507,P1,224,84.6
Paschim Medinipur,606,WMed-606,29,Madrasa 29,2019,405,155,7,49,6,622,P1,250,80.3
Paschim Medinipur,606,WMed-606,29,Madrasa 29,2021,347,181,3,50,5,586,P1,166,75.6
Paschim Medinipur,606,WMed-606,30,Primary School 30,2019,292,95,4,79,4,474,P1,197,79.8
Paschim Medinipur,606,WMed-606,30,Primary School 30,2021,282,128,6,75,4,495,P1,154,83.3
Paschim Medinipur,606,WMed-606,31,Club Building 31,2019,271,98,3,52,5,429,P1,173,82.5
Paschim Medinipur,606,WMed-606,31,Club Building 31,2021,228,105,3,55,3,394,P1,123,75.8
Paschim Medinipur,606,WMed-606,32,High School 32,2019,295,141,4,82,5,527,P1,154,85.0
Paschim Medinipur,606,WMed-606,32,High School 32,2021,252,112,17,132,5,518,P1,120,83.5
Paschim Medinipur,606,WMed-606,33,Temple Hall 33,2019,232,169,5,75,4,485,P1,63,83.2
Paschim Medinipur,606,WMed-606,33,Temple Hall 33,2021,199,148,9,117,5,478,P1,51,82.0
Paschim Medinipur,606,WMed-606,34,Govt Office 34,2019,358,170,4,49,6,587,P1,188,74.0
Paschim Medinipur,606,WMed-606,34,Govt Office 34,2021,388,179,5,61,6,639,P1,209,80.6
Paschim Medinipur,606,WMed-606,35,Health Sub-Centre 35,2019,259,133,8,106,6,512,P1,126,78.9
Paschim Medinipur,606,WMed-606,35,Health Sub-Centre 35,2021,304,149,4,45,5,507,P1,155,78.1
Paschim Medinipur,606,WMed-606,36,Primary School 36,2019,312,149,11,75,5,552,P1,163,78.7
Paschim Medinipur,606,WMed-606,36,Primary School 36,2021,268,188,8,71,5,540,P1,80,77.0
Paschim Medinipur,606,WMed-606,37,Panchayat Bhavan 37,2019,321,110,2,41,5,479,P1,211,84.8
Paschim Medinipur,606,WMed-606,37,Panchayat Bhavan 37,2021,258,129,5,34,4,430,P1,129,76.1
Paschim Medinipur,606,WMed-606,38,Temple Hall 38,2019,216,114,4,29,3,366,P1,102,75.5
Paschim Medinipur,606,WMed-606,38,Temple Hall 38,2021,226,134,4,42,5,411,P1,92,84.7
Paschim Medinipur,606,WMed-606,39,High School 39,2019,340,241,8,60,7,656,P1,99,82.8
Paschim Medinipur,606,WMed-606,39,High School 39,2021,347,204,5,50,7,613,P1,143,77.4
Paschim Medinipur,606,WMed-606,40,Club Building 40,2019,289,98,3,36,3,429,P1,191,82.8
Paschim Medinipur,606,WMed-606,40,Club Building 40,2021,254,133,5,34,4,430,P1,121,83.0
Paschim Medinipur,606,WMed-606,41,Club Building 41,2019,419,169,6,53,7,654,P1,250,80.6
Paschim Medinipur,606,WMed-606,41,Club Building 41,2021,341,194,12,86,6,639,P1,147,78.8
Paschim Medinipur,606,WMed-606,42,Post Office 42,2019,197,137,7,52,4,397,P1,60,78.0
Paschim Medinipur,606,WMed-606,42,Post Office 42,2021,223,123,3,65,5,419,P1,100,82.3
Paschim Medinipur,606,WMed-606,43,Club Building 43,2019,257,120,4,33,5,419,P1,137,74.8
Paschim Medinipur,606,WMed-606,43,Club Building 43,2021,270,121,6,44,5,446,P1,149,79.6
Paschim Medinipur,606,WMed-606,44,Anganwadi Centre 44,2019,248,149,12,84,4,497,P1,99,82.1
Paschim Medinipur,606,WMed-606,44,Anganwadi Centre 44,2021,241,112,12,112,4,481,P1,129,79.5
Paschim Medinipur,606,WMed-606,45,Anganwadi Centre 45,2019,218,131,9,66,4,428,P1,87,84.6
Paschim Medinipur,606,WMed-606,45,Anganwadi Centre 45,2021,248,122,3,34,5,412,P1,126,81.4
Paschim Medinipur,606,WMed-606,46,Club Building 46,2019,182,105,13,97,4,401,P1,77,78.3
Paschim Medinipur,606,WMed-606,46,Club Building 46,2021,207,94,4,72,4,381,P1,113,74.4
Paschim Medinipur,606,WMed-606,47,Club Building 47,2019,304,118,4,57,4,487,P1,186,77.3
Paschim Medinipur,606,WMed-606,47,Club Building 47,2021,301,168,3,44,6,522,P1,133,82.9
Paschim Medinipur,606,WMed-606,48,Madrasa 48,2019,347,180,2,51,5,585,P1,167,84.1
Paschim Medinipur,606,WMed-606,48,Madrasa 48,2021,340,143,10,76,5,574,P1,197,82.5
Paschim Medinipur,606,WMed-606,49,Post Office 49,2019,263,118,8,53,4,446,P1,145,84.8
Paschim Medinipur,606,WMed-606,49,Post Office 49,2021,248,141,4,35,5,433,P1,107,82.3
Paschim Medinipur,606,WMed-606,50,Post Office 50,2019,254,161,6,101,5,527,P1,93,74.0
Paschim Medinipur,606,WMed-606,50,Post Office 50,2021,305,136,12,99,6,558,P1,169,78.4
Paschim Medinipur,606,WMed-606,51,Panchayat Bhavan 51,2019,228,90,13,112,4,447,P1,116,82.9
Paschim Medinipur,606,WMed-606,51,Panchayat Bhavan 51,2021,203,132,10,90,4,439,P1,71,81.4
Paschim Medinipur,606,WMed-606,52,Temple Hall 52,2019,310,191,9,90,6,606,P1,119,78.3
Paschim Medinipur,606,WMed-606,52,Temple Hall 52,2021,314,138,12,120,6,590,P1,176,76.2
Paschim Medinipur,606,WMed-606,53,High School 53,2019,275,79,6,132,6,498,P1,143,76.4
Paschim Medinipur,606,WMed-606,53,High School 53,2021,338,160,3,47,5,553,P1,178,84.8
Paschim Medinipur,606,WMed-606,54,High School 54,2019,372,135,6,44,7,564,P1,237,83.9
Paschim Medinipur,606,WMed-606,54,High School 54,2021,318,169,5,44,5,541,P1,149,80.5
Paschim Medinipur,606,WMed-606,55,Primary School 55,2019,191,168,4,59,4,426,P1,23,81.1
Paschim Medinipur,606,WMed-606,55,Primary School 55,2021,217,139,2,42,4,404,P1,78,77.0
Paschim Medinipur,606,WMed-606,56,Panchayat Bhavan 56,2019,365,213,3,55,6,642,P1,152,83.5
Paschim Medinipur,606,WMed-606,56,Panchayat Bhavan 56,2021,340,195,5,106,6,652,P1,145,84.8
Paschim Medinipur,606,WMed-606,57,Health Sub-Centre 57,2019,277,139,5,37,4,462,P1,138,82.6
Paschim Medinipur,606,WMed-606,57,Health Sub-Centre 57,2021,249,171,4,38,5,467,P1,78,83.5
Paschim Medinipur,606,WMed-606,58,Health Sub-Centre 58,2019,269,153,4,38,5,469,P1,116,85.0
Paschim Medinipur,606,WMed-606,58,Health Sub-Centre 58,2021,292,83,4,34,3,416,P1,209,75.4
Paschim Medinipur,606,WMed-606,59,Primary School 59,2019,242,126,3,36,4,411,P1,116,80.4
Paschim Medinipur,606,WMed-606,59,Primary School 59,2021,217,148,4,41,5,415,P1,69,81.2
Paschim Medinipur,606,WMed-606,60,Primary School 60,2019,269,189,13,118,6,595,P1,80,79.9
Paschim Medinipur,606,WMed-606,60,Primary School 60,2021,326,110,7,143,6,592,P1,183,79.5
Paschim Medinipur,606,WMed-606,61,Temple Hall 61,2019,257,133,2,52,4,448,P1,124,80.6
Paschim Medinipur,606,WMed-606,61,Temple Hall 61,2021,178,154,8,93,5,438,P1,24,78.8
Paschim Medinipur,606,WMed-606,62,Madrasa 62,2019,258,134,4,36,4,436,P1,124,83.4
Paschim Medinipur,606,WMed-606,62,Madrasa 62,2021,228,123,3,38,3,395,P1,105,75.5
Paschim Medinipur,606,WMed-606,63,Community Hall 63,2019,222,129,5,50,4,410,P1,93,77.4
Paschim Medinipur,606,WMed-606,63,Community Hall 63,2021,210,126,3,63,3,405,P1,84,76.4
Paschim Medinipur,606,WMed-606,64,Market Building 64,2019,255,132,2,36,5,430,P1,123,75.6
Paschim Medinipur,606,WMed-606,64,Market Building 64,2021,280,116,2,38,4,440,P1,164,77.3
Paschim Medinipur,606,WMed-606,65,Community Hall 65,2019,275,96,4,33,4,412,P1,179,78.3
Paschim Medinipur,606,WMed-606,65,Community Hall 65,2021,247,148,4,43,5,447,P1,99,85.0
Paschim Medinipur,606,WMed-606,66,Health Sub-Centre 66,2019,375,133,5,46,6,565,P1,242,75.8
Paschim Medinipur,606,WMed-606,66,Health Sub-Centre 66,2021,329,168,9,107,6,619,P1,161,83.1
Paschim Medinipur,606,WMed-606,67,Club Building 67,2019,238,172,10,122,5,547,P1,66,76.6
Paschim Medinipur,606,WMed-606,67,Club Building 67,2021,338,190,3,50,6,587,P1,148,82.2
Paschim Medinipur,606,WMed-606,68,Temple Hall 68,2019,307,119,2,41,4,473,P1,188,81.7
Paschim Medinipur,606,WMed-606,68,Temple Hall 68,2021,300,123,2,40,6,471,P1,177,81.3
Paschim Medinipur,606,WMed-606,69,High School 69,2019,312,101,4,37,5,459,P1,211,83.8
Paschim Medinipur,606,WMed-606,69,High School 69,2021,222,162,5,50,4,443,P1,60,80.8
Paschim Medinipur,606,WMed-606,70,Health Sub-Centre 70,2019,285,111,4,36,4,440,P1,174,74.7
Paschim Medinipur,606,WMed-606,70,Health Sub-Centre 70,2021,205,176,13,89,5,488,P1,29,82.9
Paschim Medinipur,606,WMed-606,71,Club Building 71,2019,325,168,11,82,5,591,P1,157,74.6
Paschim Medinipur,606,WMed-606,71,Club Building 71,2021,333,230,6,50,7,626,P1,103,79.0
Paschim Medinipur,606,WMed-606,72,Temple Hall 72,2019,367,167,5,99,6,644,P1,200,78.5
Paschim Medinipur,606,WMed-606,72,Temple Hall 72,2021,436,149,4,56,7,652,P1,287,79.5
Paschim Medinipur,606,WMed-606,73,Market Building 73,2019,296,169,3,79,6,553,P1,127,76.3
Paschim Medinipur,606,WMed-606,73,Market Building 73,2021,411,138,2,53,5,609,P1,273,84.0
Paschim Medinipur,606,WMed-606,74,Primary School 74,2019,245,151,4,36,4,440,P1,94,77.7
Paschim Medinipur,606,WMed-606,74,Primary School 74,2021,235,111,4,65,4,419,P1,124,74.0
Paschim Medinipur,606,WMed-606,75,High School 75,2019,301,104,2,39,4,450,P1,197,85.1
Paschim Medinipur,606,WMed-606,75,High School 75,2021,294,69,2,34,5,404,P1,225,76.4
Paschim Medinipur,606,WMed-606,76,Health Sub-Centre 76,2019,445,152,6,53,7,663,P1,293,85.1
Paschim Medinipur,606,WMed-606,76,Health Sub-Centre 76,2021,291,277,3,54,7,632,P1,14,81.1
Paschim Medinipur,606,WMed-606,77,High School 77,2019,405,128,2,51,6,592,P1,277,83.7
Paschim Medinipur,606,WMed-606,77,High School 77,2021,321,207,3,50,6,587,P1,114,83.0
Paschim Medinipur,606,WMed-606,78,Market Building 78,2019,262,122,5,55,4,448,P1,140,76.6
Paschim Medinipur,606,WMed-606,78,Market Building 78,2021,249,144,5,34,4,436,P1,105,74.5
Paschim Medinipur,606,WMed-606,79,Primary School 79,2019,271,190,3,43,6,513,P1,81,82.2
Paschim Medinipur,606,WMed-606,79,Primary School 79,2021,246,185,10,72,5,518,P1,61,83.0
Paschim Medinipur,606,WMed-606,80,Primary School 80,2019,379,118,4,45,6,552,P1,261,81.1
Paschim Medinipur,606,WMed-606,80,Primary School 80,2021,318,197,6,53,6,580,P1,121,85.2
Paschim Medinipur,606,WMed-606,81,Club Building 81,2019,181,140,5,36,3,365,P1,41,75.3
Paschim Medinipur,606,WMed-606,81,Club Building 81,2021,228,116,2,33,3,382,P1,112,78.8
Paschim Medinipur,606,WMed-606,82,Primary School 82,2019,401,133,5,48,6,593,P1,268,75.0
Paschim Medinipur,606,WMed-606,82,Primary School 82,2021,399,193,4,56,6,658,P1,206,83.2
Paschim Medinipur,606,WMed-606,83,Market Building 83,2019,307,143,4,41,5,500,P1,164,74.4
Paschim Medinipur,606,WMed-606,83,Market Building 83,2021,356,123,2,46,5,532,P1,233,79.2
Paschim Medinipur,606,WMed-606,84,Market Building 84,2019,272,179,5,84,6,546,P1,93,80.6
Paschim Medinipur,606,WMed-606,84,Market Building 84,2021,262,170,3,78,5,518,P1,92,76.5
Paschim Medinipur,606,WMed-606,85,Temple Hall 85,2019,301,168,3,44,5,521,P1,133,74.1
Paschim Medinipur,606,WMed-606,85,Temple Hall 85,2021,328,147,4,44,5,528,P1,181,75.1
Paschim Medinipur,606,WMed-606,86,Madrasa 86,2019,282,203,5,111,7,608,P1,79,84.4
Paschim Medinipur,606,WMed-606,86,Madrasa 86,2021,325,102,15,117,6,565,P1,208,78.5
Paschim Medinipur,606,WMed-606,87,Anganwadi Centre 87,2019,331,130,6,40,5,512,P1,201,76.3
Paschim Medinipur,606,WMed-606,87,Anganwadi Centre 87,2021,253,139,13,105,5,515,P1,114,76.8
Paschim Medinipur,606,WMed-606,88,Temple Hall 88,2019,218,164,2,36,4,424,P1,54,75.0
Paschim Medinipur,606,WMed-606,88,Temple Hall 88,2021,243,132,2,36,4,417,P1,111,73.8
Paschim Medinipur,606,WMed-606,89,Govt Office 89,2019,262,130,3,37,4,436,P1,132,77.4
Paschim Medinipur,606,WMed-606,89,Govt Office 89,2021,263,118,5,36,4,426,P1,145,75.7
Paschim Medinipur,606,WMed-606,90,Market Building 90,2019,247,177,2,40,5,471,P1,70,76.7
Paschim Medinipur,606,WMed-606,90,Market Building 90,2021,253,187,3,41,5,489,P1,66,79.6
Paschim Medinipur,606,WMed-606,91,Primary School 91,2019,317,218,6,47,6,594,P1,99,74.7
Paschim Medinipur,606,WMed-606,91,Primary School 91,2021,343,193,9,83,6,634,P1,150,79.7
Paschim Medinipur,606,WMed-606,92,Panchayat Bhavan 92,2019,270,250,8,59,7,594,P1,20,80.1
Paschim Medinipur,606,WMed-606,92,Panchayat Bhavan 92,2021,267,185,12,120,5,589,P1,82,79.4
Paschim Medinipur,606,WMed-606,93,Panchayat Bhavan 93,2019,411,102,6,46,5,570,P1,309,80.1
Paschim Medinipur,606,WMed-606,93,Panchayat Bhavan 93,2021,356,179,3,50,6,594,P1,177,83.4
Paschim Medinipur,606,WMed-606,94,Market Building 94,2019,308,111,3,39,5,466,P1,197,80.9
Paschim Medinipur,606,WMed-606,94,Market Building 94,2021,330,98,4,39,4,475,P1,232,82.5
Paschim Medinipur,606,WMed-606,95,Primary School 95,2019,290,159,7,54,5,515,P1,131,79.4
Paschim Medinipur,606,WMed-606,95,Primary School 95,2021,314,181,5,45,6,551,P1,133,84.9
Paschim Medinipur,606,WMed-606,96,Madrasa 96,2019,281,162,17,163,6,629,P1,118,79.2
Paschim Medinipur,606,WMed-606,96,Madrasa 96,2021,329,159,8,102,6,604,P1,170,76.1
Paschim Medinipur,606,WMed-606,97,Post Office 97,2019,311,211,4,50,5,581,P1,100,84.1
Paschim Medinipur,606,WMed-606,97,Post Office 97,2021,295,183,7,53,6,544,P1,112,78.7
Paschim Medinipur,606,WMed-606,98,Club Building 98,2019,359,142,6,44,6,557,P1,217,76.3
Paschim Medinipur,606,WMed-606,98,Club Building 98,2021,300,212,6,80,6,604,P1,88,82.7
Paschim Medinipur,606,WMed-606,99,Madrasa 99,2019,327,174,3,64,6,574,P1,153,84.9
Paschim Medinipur,606,WMed-606,99,Madrasa 99,2021,372,129,6,44,6,557,P1,243,82.4
Paschim Medinipur,606,WMed-606,100,Market Building 100,2019,223,142,2,34,5,406,P1,81,80.9
Paschim Medinipur,606,WMed-606,100,Market Building 100,2021,303,64,4,33,4,408,P1,239,81.3
Paschim Medinipur,606,WMed-606,101,Club Building 101,2019,320,195,3,82,6,606,P1,125,73.9
Paschim Medinipur,606,WMed-606,101,Club Building 101,2021,377,175,2,53,6,613,P1,202,74.8
Paschim Medinipur,606,WMed-606,102,Panchayat Bhavan 102,2019,306,120,7,48,4,485,P1,186,84.9
Paschim Medinipur,606,WMed-606,102,Panchayat Bhavan 102,2021,263,141,6,56,4,470,P1,122,82.3
Paschim Medinipur,606,WMed-606,103,Govt Office 103,2019,315,156,2,45,5,523,P1,159,76.7
Paschim Medinipur,606,WMed-606,103,Govt Office 103,2021,314,159,6,41,6,526,P1,155,77.1
Paschim Medinipur,606,WMed-606,104,Anganwadi Centre 104,2019,266,148,1,40,5,460,P1,118,74.2
Paschim Medinipur,606,WMed-606,104,Anganwadi Centre 104,2021,325,89,4,37,5,460,P1,236,74.2
Paschim Medinipur,606,WMed-606,105,Madrasa 105,2019,232,203,2,51,5,493,P1,29,75.5
Paschim Medinipur,606,WMed-606,105,Madrasa 105,2021,278,183,6,40,5,512,P1,95,78.4
Paschim Medinipur,606,WMed-606,106,Madrasa 106,2019,332,170,5,46,5,558,P1,162,79.9
Paschim Medinipur,606,WMed-606,106,Madrasa 106,2021,343,147,3,46,5,544,P1,196,77.9
Paschim Medinipur,606,WMed-606,107,Temple Hall 107,2019,252,133,2,36,5,428,P1,119,84.8
Paschim Medinipur,606,WMed-606,107,Temple Hall 107,2021,220,106,9,59,3,397,P1,114,78.6
Paschim Medinipur,606,WMed-606,108,Community Hall 108,2019,308,163,2,45,5,523,P1,145,82.8
Paschim Medinipur,606,WMed-606,108,Community Hall 108,2021,329,134,6,41,4,514,P1,195,81.3
Paschim Medinipur,606,WMed-606,109,Panchayat Bhavan 109,2019,322,206,5,62,6,601,P1,116,83.6
Paschim Medinipur,606,WMed-606,109,Panchayat Bhavan 109,2021,317,182,7,55,5,566,P1,135,78.7
Paschim Medinipur,606,WMed-606,110,Panchayat Bhavan 110,2019,182,135,5,102,4,428,P1,47,80.0
Paschim Medinipur,606,WMed-606,110,Panchayat Bhavan 110,2021,234,137,4,74,4,453,P1,97,84.7
Paschim Medinipur,606,WMed-606,111,Health Sub-Centre 111,2019,296,198,6,43,5,548,P1,98,79.8
Paschim Medinipur,606,WMed-606,111,Health Sub-Centre 111,2021,338,187,4,49,5,583,P1,151,84.9
Paschim Medinipur,606,WMed-606,112,Govt Office 112,2019,229,172,11,98,5,515,P1,57,80.8
Paschim Medinipur,606,WMed-606,112,Govt Office 112,2021,296,160,4,58,5,523,P1,136,82.1
Paschim Medinipur,606,WMed-606,113,Panchayat Bhavan 113,2019,298,169,4,43,5,519,P1,129,74.7
Paschim Medinipur,606,WMed-606,113,Panchayat Bhavan 113,2021,392,134,6,47,5,584,P1,258,84.0
Paschim Medinipur,606,WMed-606,114,Market Building 114,2019,307,176,6,45,5,539,P1,131,76.8
Paschim Medinipur,606,WMed-606,114,Market Building 114,2021,306,116,7,94,5,528,P1,190,75.2
Paschim Medinipur,606,WMed-606,115,Govt Office 115,2019,319,134,2,43,5,503,P1,185,76.1
Paschim Medinipur,606,WMed-606,115,Govt Office 115,2021,337,159,6,43,6,551,P1,178,83.4
Paschim Medinipur,606,WMed-606,116,High School 116,2019,293,174,5,41,6,519,P1,119,77.0
Paschim Medinipur,606,WMed-606,116,High School 116,2021,319,135,3,43,4,504,P1,184,74.8
Paschim Medinipur,606,WMed-606,117,Club Building 117,2019,250,162,3,70,6,491,P1,88,75.4
Paschim Medinipur,606,WMed-606,117,Club Building 117,2021,296,187,6,45,5,539,P1,109,82.8
Paschim Medinipur,606,WMed-606,118,Temple Hall 118,2019,309,157,4,42,6,518,P1,152,77.1
Paschim Medinipur,606,WMed-606,118,Temple Hall 118,2021,339,162,3,47,6,557,P1,177,82.9
Paschim Medinipur,606,WMed-606,119,Primary School 119,2019,264,162,6,165,5,602,P1,99,76.1
Paschim Medinipur,606,WMed-606,119,Primary School 119,2021,350,212,2,54,6,624,P1,138,78.9
Paschim Medinipur,606,WMed-606,120,Govt Office 120,2019,283,137,6,63,4,493,P1,146,75.2
Paschim Medinipur,606,WMed-606,120,Govt Office 120,2021,334,136,3,68,5,546,P1,198,83.2
Paschim Medinipur,606,WMed-606,121,High School 121,2019,357,163,11,90,6,627,P1,194,83.9
Paschim Medinipur,606,WMed-606,121,High School 121,2021,311,205,12,80,6,614,P1,106,82.2
Paschim Medinipur,606,WMed-606,122,Panchayat Bhavan 122,2019,332,96,4,38,5,475,P1,236,74.1
Paschim Medinipur,606,WMed-606,122,Panchayat Bhavan 122,2021,275,141,6,55,5,482,P1,134,75.2
Paschim Medinipur,606,WMed-606,123,Primary School 123,2019,230,129,9,116,5,489,P1,101,78.1
Paschim Medinipur,606,WMed-606,123,Primary School 123,2021,339,102,5,39,6,491,P1,237,78.4
Paschim Medinipur,606,WMed-606,124,Club Building 124,2019,276,104,2,36,5,423,P1,172,84.4
Paschim Medinipur,606,WMed-606,124,Club Building 124,2021,237,118,4,32,3,394,P1,119,78.6
Paschim Medinipur,606,WMed-606,125,Community Hall 125,2019,331,150,2,46,5,534,P1,181,84.4
Paschim Medinipur,606,WMed-606,125,Community Hall 125,2021,233,156,7,90,4,490,P1,77,77.4
Paschim Medinipur,606,WMed-606,126,Anganwadi Centre 126,2019,298,172,9,69,6,554,P1,126,74.0
Paschim Medinipur,606,WMed-606,126,Anganwadi Centre 126,2021,356,152,7,108,7,630,P1,204,84.1
Paschim Medinipur,606,WMed-606,127,Community Hall 127,2019,268,111,3,35,4,421,P1,157,78.4
Paschim Medinipur,606,WMed-606,127,Community Hall 127,2021,267,107,1,36,4,415,P1,160,77.3
Paschim Medinipur,606,WMed-606,128,Post Office 128,2019,369,156,11,90,7,633,P1,213,79.8
Paschim Medinipur,606,WMed-606,128,Post Office 128,2021,468,79,4,51,5,607,P1,389,76.5
Paschim Medinipur,606,WMed-606,129,Panchayat Bhavan 129,2019,216,169,4,115,5,509,P1,47,75.2
Paschim Medinipur,606,WMed-606,129,Panchayat Bhavan 129,2021,363,103,6,41,5,518,P1,260,76.5
Paschim Medinipur,606,WMed-606,130,Club Building 130,2019,209,184,5,34,4,436,P1,25,85.2
Paschim Medinipur,606,WMed-606,130,Club Building 130,2021,244,122,3,34,3,406,P1,122,79.3
Paschim Medinipur,606,WMed-606,131,Community Hall 131,2019,277,118,9,65,5,474,P1,159,79.1
Paschim Medinipur,606,WMed-606,131,Community Hall 131,2021,305,151,3,43,5,507,P1,154,84.6
Paschim Medinipur,606,WMed-606,132,Market Building 132,2019,234,142,10,77,3,466,P1,92,77.2
Paschim Medinipur,606,WMed-606,132,Market Building 132,2021,318,127,2,42,5,494,P1,191,81.8
Paschim Medinipur,606,WMed-606,133,Post Office 133,2019,259,125,4,35,4,427,P1,134,84.1
Paschim Medinipur,606,WMed-606,133,Post Office 133,2021,286,71,3,32,4,396,P1,215,78.0
Paschim Medinipur,606,WMed-606,134,Primary School 134,2019,192,116,9,80,4,401,P1,76,73.8
Paschim Medinipur,606,WMed-606,134,Primary School 134,2021,228,145,5,75,5,458,P1,83,84.3
Paschim Medinipur,606,WMed-606,135,Community Hall 135,2019,326,132,6,40,4,508,P1,194,76.7
Paschim Medinipur,606,WMed-606,135,Community Hall 135,2021,322,160,6,43,5,536,P1,162,81.0
Paschim Medinipur,606,WMed-606,136,Temple Hall 136,2019,295,171,16,148,6,636,P1,124,84.4
Paschim Medinipur,606,WMed-606,136,Temple Hall 136,2021,315,184,3,54,5,561,P1,131,74.4
Paschim Medinipur,606,WMed-606,137,Govt Office 137,2019,296,241,3,68,7,615,P1,55,75.2
Paschim Medinipur,606,WMed-606,137,Govt Office 137,2021,310,186,17,153,8,674,P1,124,82.4
Paschim Medinipur,606,WMed-606,138,Post Office 138,2019,318,115,4,44,5,486,P1,203,74.3
Paschim Medinipur,606,WMed-606,138,Post Office 138,2021,304,163,3,44,5,519,P1,141,79.4
Paschim Medinipur,606,WMed-606,139,Temple Hall 139,2019,249,126,2,35,5,417,P1,123,75.8
Paschim Medinipur,606,WMed-606,139,Temple Hall 139,2021,287,84,2,36,4,413,P1,203,75.1
Paschim Medinipur,606,WMed-606,140,Community Hall 140,2019,402,187,3,56,6,654,P1,215,82.2
Paschim Medinipur,606,WMed-606,140,Community Hall 140,2021,376,180,4,51,7,618,P1,196,77.6
Paschim Medinipur,606,WMed-606,141,Temple Hall 141,2019,308,143,4,45,5,505,P1,165,76.5
Paschim Medinipur,606,WMed-606,141,Temple Hall 141,2021,221,136,9,151,5,522,P1,70,79.1
Paschim Medinipur,606,WMed-606,142,Anganwadi Centre 142,2019,360,198,9,60,6,633,P1,162,82.7
Paschim Medinipur,606,WMed-606,142,Anganwadi Centre 142,2021,312,199,4,83,7,605,P1,113,79.1
Paschim Medinipur,606,WMed-606,143,Temple Hall 143,2019,267,127,3,36,5,438,P1,140,74.5
Paschim Medinipur,606,WMed-606,143,Temple Hall 143,2021,294,118,3,79,5,499,P1,176,84.9
Paschim Medinipur,606,WMed-606,144,Madrasa 144,2019,259,174,9,96,6,544,P1,85,75.1
Paschim Medinipur,606,WMed-606,144,Madrasa 144,2021,365,178,5,63,6,617,P1,187,85.2
Paschim Medinipur,606,WMed-606,145,High School 145,2019,227,99,3,29,4,362,P1,128,74.6
Paschim Medinipur,606,WMed-606,145,High School 145,2021,281,82,2,35,4,404,P1,199,83.3
Paschim Medinipur,606,WMed-606,146,Temple Hall 146,2019,286,204,2,59,6,557,P1,82,78.7
Paschim Medinipur,606,WMed-606,146,Temple Hall 146,2021,300,192,3,67,6,568,P1,108,80.2
Paschim Medinipur,606,WMed-606,147,Market Building 147,2019,246,134,6,47,4,437,P1,112,73.8
Paschim Medinipur,606,WMed-606,147,Market Building 147,2021,253,122,6,88,5,474,P1,131,80.1
Paschim Medinipur,606,WMed-606,148,Post Office 148,2019,211,101,6,118,5,441,P1,93,76.8
Paschim Medinipur,606,WMed-606,148,Post Office 148,2021,348,88,2,42,5,485,P1,260,84.5
Paschim Medinipur,606,WMed-606,149,Govt Office 149,2019,307,73,2,36,4,422,P1,234,81.9
Paschim Medinipur,606,WMed-606,149,Govt Office 149,2021,248,75,3,88,5,419,P1,160,81.4
Paschim Medinipur,606,WMed-606,150,Club Building 150,2019,301,161,4,57,6,529,P1,140,76.0
Paschim Medinipur,606,WMed-606,150,Club Building 150,2021,316,149,5,41,6,517,P1,167,74.3
Paschim Medinipur,606,WMed-606,151,Govt Office 151,2019,371,155,5,47,6,584,P1,216,76.1
Paschim Medinipur,606,WMed-606,151,Govt Office 151,2021,350,176,6,92,6,630,P1,174,82.1
Paschim Medinipur,606,WMed-606,152,Govt Office 152,2019,307,161,5,49,6,528,P1,146,78.9
Paschim Medinipur,606,WMed-606,152,Govt Office 152,2021,242,190,3,66,5,506,P1,52,75.6
Paschim Medinipur,606,WMed-606,153,Madrasa 153,2019,190,162,4,31,4,391,P1,28,78.8
Paschim Medinipur,606,WMed-606,153,Madrasa 153,2021,214,121,3,40,3,381,P1,93,76.8
Paschim Medinipur,606,WMed-606,154,Primary School 154,2019,335,147,3,45,6,536,P1,188,77.8
Paschim Medinipur,606,WMed-606,154,Primary School 154,2021,255,204,4,56,6,525,P1,51,76.2
Paschim Medinipur,606,WMed-606,155,Anganwadi Centre 155,2019,320,160,6,55,5,546,P1,160,74.7
Paschim Medinipur,606,WMed-606,155,Anganwadi Centre 155,2021,389,132,5,47,5,578,P1,257,79.1
Paschim Medinipur,606,WMed-606,156,Madrasa 156,2019,392,197,7,73,6,675,P1,195,83.7
Paschim Medinipur,606,WMed-606,156,Madrasa 156,2021,385,218,7,53,7,670,P1,167,83.1
Paschim Medinipur,606,WMed-606,157,Anganwadi Centre 157,2019,284,138,2,41,5,470,P1,146,85.0
Paschim Medinipur,606,WMed-606,157,Anganwadi Centre 157,2021,299,108,2,39,5,453,P1,191,81.9
Paschim Medinipur,606,WMed-606,158,Temple Hall 158,2019,273,125,4,36,4,442,P1,148,76.5
Paschim Medinipur,606,WMed-606,158,Temple Hall 158,2021,302,111,4,37,5,459,P1,191,79.4
Paschim Medinipur,606,WMed-606,159,Community Hall 159,2019,313,99,3,38,5,458,P1,214,75.2
Paschim Medinipur,606,WMed-606,159,Community Hall 159,2021,314,121,3,62,6,506,P1,193,83.1
Paschim Medinipur,606,WMed-606,160,Market Building 160,2019,367,105,11,88,5,576,P1,262,80.8
Paschim Medinipur,606,WMed-606,160,Market Building 160,2021,346,189,2,51,6,594,P1,157,83.3
Paschim Medinipur,606,WMed-606,161,Health Sub-Centre 161,2019,416,210,7,56,6,695,P1,206,84.9
Paschim Medinipur,606,WMed-606,161,Health Sub-Centre 161,2021,342,198,8,69,6,623,P1,144,76.1
Paschim Medinipur,606,WMed-606,162,Panchayat Bhavan 162,2019,194,151,9,62,4,420,P1,43,80.5
Paschim Medinipur,606,WMed-606,162,Panchayat Bhavan 162,2021,275,98,2,36,4,415,P1,177,79.5
Paschim Medinipur,606,WMed-606,163,Club Building 163,2019,187,129,3,44,4,367,P1,58,73.8
Paschim Medinipur,606,WMed-606,163,Club Building 163,2021,179,144,2,48,3,376,P1,35,75.7
Paschim Medinipur,606,WMed-606,164,Madrasa 164,2019,291,126,5,37,4,463,P1,165,84.8
Paschim Medinipur,606,WMed-606,164,Madrasa 164,2021,209,93,10,100,4,416,P1,109,76.2
Paschim Medinipur,606,WMed-606,165,Club Building 165,2019,224,104,4,132,6,470,P1,92,77.7
Paschim Medinipur,606,WMed-606,165,Club Building 165,2021,255,149,2,38,5,449,P1,106,74.2
Paschim Medinipur,606,WMed-606,166,Panchayat Bhavan 166,2019,334,206,5,65,6,616,P1,128,82.7
Paschim Medinipur,606,WMed-606,166,Panchayat Bhavan 166,2021,323,139,8,78,6,554,P1,184,74.4
Paschim Medinipur,606,WMed-606,167,Panchayat Bhavan 167,2019,227,95,5,76,4,407,P1,132,74.4
Paschim Medinipur,606,WMed-606,167,Panchayat Bhavan 167,2021,275,129,4,44,5,457,P1,146,83.5
Paschim Medinipur,606,WMed-606,168,Post Office 168,2019,275,186,7,66,6,540,P1,89,75.6
Paschim Medinipur,606,WMed-606,168,Post Office 168,2021,323,170,5,45,5,548,P1,153,76.8
Paschim Medinipur,606,WMed-606,169,Primary School 169,2019,345,98,4,40,6,493,P1,247,75.8
Paschim Medinipur,606,WMed-606,169,Primary School 169,2021,271,161,5,38,5,480,P1,110,73.8
Paschim Medinipur,606,WMed-606,170,Club Building 170,2019,367,212,5,53,6,643,P1,155,81.1
Paschim Medinipur,606,WMed-606,170,Club Building 170,2021,375,157,6,62,7,607,P1,218,76.5
Paschim Medinipur,606,WMed-606,171,Anganwadi Centre 171,2019,300,146,6,103,6,561,P1,154,78.8
Paschim Medinipur,606,WMed-606,171,Anganwadi Centre 171,2021,360,121,14,104,5,604,P1,239,84.8
Paschim Medinipur,606,WMed-606,172,Community Hall 172,2019,311,101,10,111,5,538,P1,200,82.5
Paschim Medinipur,606,WMed-606,172,Community Hall 172,2021,333,152,5,44,5,539,P1,181,82.7
Paschim Medinipur,606,WMed-606,173,Market Building 173,2019,422,153,2,55,7,639,P1,269,82.1
Paschim Medinipur,606,WMed-606,173,Market Building 173,2021,293,182,9,94,5,583,P1,111,74.9
Paschim Medinipur,606,WMed-606,174,Club Building 174,2019,300,175,3,44,6,528,P1,125,83.1
Paschim Medinipur,606,WMed-606,174,Club Building 174,2021,300,134,4,39,5,482,P1,166,75.9
Paschim Medinipur,606,WMed-606,175,Temple Hall 175,2019,326,151,2,45,7,531,P1,175,74.5
Paschim Medinipur,606,WMed-606,175,Temple Hall 175,2021,332,212,7,47,7,605,P1,120,84.9
Paschim Medinipur,606,WMed-606,176,Temple Hall 176,2019,187,148,16,116,5,472,P1,39,75.3
Paschim Medinipur,606,WMed-606,176,Temple Hall 176,2021,315,127,4,40,5,491,P1,188,78.3
Paschim Medinipur,606,WMed-606,177,Govt Office 177,2019,309,190,10,104,7,620,P1,119,79.8
Paschim Medinipur,606,WMed-606,177,Govt Office 177,2021,330,141,6,142,7,626,P1,188,80.6
Paschim Medinipur,606,WMed-606,178,Anganwadi Centre 178,2019,262,104,2,34,5,407,P1,158,76.9
Paschim Medinipur,606,WMed-606,178,Anganwadi Centre 178,2021,217,107,6,103,4,437,P1,110,82.6
Paschim Medinipur,606,WMed-606,179,Anganwadi Centre 179,2019,248,154,6,50,4,462,P1,94,79.4
Paschim Medinipur,606,WMed-606,179,Anganwadi Centre 179,2021,285,131,3,38,5,462,P1,154,79.4
Paschim Medinipur,606,WMed-606,180,Community Hall 180,2019,258,185,5,88,6,542,P1,73,79.4
Paschim Medinipur,606,WMed-606,180,Community Hall 180,2021,295,174,2,58,5,534,P1,121,78.2
Paschim Medinipur,606,WMed-606,181,Madrasa 181,2019,310,169,3,86,6,574,P1,141,82.5
Paschim Medinipur,606,WMed-606,181,Madrasa 181,2021,329,196,7,46,5,583,P1,133,83.8
Paschim Medinipur,606,WMed-606,182,Market Building 182,2019,250,123,3,34,4,414,P1,127,82.8
Paschim Medinipur,606,WMed-606,182,Market Building 182,2021,216,140,4,50,4,414,P1,76,82.8
Paschim Medinipur,606,WMed-606,183,Club Building 183,2019,252,184,7,159,6,608,P1,68,77.0
Paschim Medinipur,606,WMed-606,183,Club Building 183,2021,375,230,7,53,7,672,P1,145,85.1
Paschim Medinipur,606,WMed-606,184,Health Sub-Centre 184,2019,217,144,6,53,4,424,P1,73,81.5
Paschim Medinipur,606,WMed-606,184,Health Sub-Centre 184,2021,236,123,3,33,3,398,P1,113,76.5
Paschim Medinipur,606,WMed-606,185,Primary School 185,2019,324,166,4,45,5,544,P1,158,77.8
Paschim Medinipur,606,WMed-606,185,Primary School 185,2021,246,157,8,139,5,555,P1,89,79.4
Paschim Medinipur,606,WMed-606,186,Community Hall 186,2019,263,148,3,38,4,456,P1,115,82.9
Paschim Medinipur,606,WMed-606,186,Community Hall 186,2021,223,127,6,90,4,450,P1,96,81.8
Paschim Medinipur,606,WMed-606,187,Market Building 187,2019,267,174,5,39,4,489,P1,93,76.5
Paschim Medinipur,606,WMed-606,187,Market Building 187,2021,307,158,4,42,6,517,P1,149,80.9
Paschim Medinipur,606,WMed-606,188,Madrasa 188,2019,390,186,5,52,7,640,P1,204,81.3
Paschim Medinipur,606,WMed-606,188,Madrasa 188,2021,428,104,2,51,7,592,P1,324,75.2
Paschim Medinipur,606,WMed-606,189,Market Building 189,2019,329,86,3,38,5,461,P1,243,80.7
Paschim Medinipur,606,WMed-606,189,Market Building 189,2021,230,150,4,58,5,447,P1,80,78.3
Paschim Medinipur,606,WMed-606,190,Community Hall 190,2019,372,215,6,53,6,652,P1,157,85.1
Paschim Medinipur,606,WMed-606,190,Community Hall 190,2021,378,190,6,51,6,631,P1,188,82.4
Paschim Medinipur,606,WMed-606,191,Primary School 191,2019,270,115,3,36,4,428,P1,155,78.7
Paschim Medinipur,606,WMed-606,191,Primary School 191,2021,283,131,2,39,5,460,P1,152,84.6
Paschim Medinipur,606,WMed-606,192,Temple Hall 192,2019,327,138,4,42,6,517,P1,189,84.3
Paschim Medinipur,606,WMed-606,192,Temple Hall 192,2021,268,176,4,44,5,497,P1,92,81.1
Paschim Medinipur,606,WMed-606,193,High School 193,2019,214,118,2,31,4,369,P1,96,74.2
Paschim Medinipur,606,WMed-606,193,High School 193,2021,256,113,4,33,4,410,P1,143,82.5
Paschim Medinipur,606,WMed-606,194,Govt Office 194,2019,327,201,16,115,6,665,P1,126,81.1
Paschim Medinipur,606,WMed-606,194,Govt Office 194,2021,375,208,7,54,7,651,P1,167,79.4
Paschim Medinipur,606,WMed-606,195,Primary School 195,2019,364,158,5,47,6,580,P1,206,84.5
Paschim Medinipur,606,WMed-606,195,Primary School 195,2021,297,192,4,45,5,543,P1,105,79.2
Paschim Medinipur,606,WMed-606,196,Club Building 196,2019,398,113,7,44,5,567,P1,285,81.7
Paschim Medinipur,606,WMed-606,196,Club Building 196,2021,314,173,3,46,5,541,P1,141,78.0
Paschim Medinipur,606,WMed-606,197,Club Building 197,2019,287,170,4,42,5,508,P1,117,77.0
Paschim Medinipur,606,WMed-606,197,Club Building 197,2021,314,173,6,43,5,541,P1,141,82.0
Paschim Medinipur,606,WMed-606,198,High School 198,2019,359,104,4,42,6,515,P1,255,79.5
Paschim Medinipur,606,WMed-606,198,High School 198,2021,265,105,14,103,5,492,P1,160,75.9
Paschim Medinipur,606,WMed-606,199,Anganwadi Centre 199,2019,254,203,14,103,6,580,P1,51,84.4
Paschim Medinipur,606,WMed-606,199,Anganwadi Centre 199,2021,330,137,4,43,5,519,P1,193,75.5
Paschim Medinipur,606,WMed-606,200,Health Sub-Centre 200,2019,188,157,6,67,4,422,P1,31,77.7
Paschim Medinipur,606,WMed-606,200,Health Sub-Centre 200,2021,301,115,1,40,6,463,P1,186,85.3
Paschim Medinipur,606,WMed-606,201,Market Building 201,2019,242,117,2,34,4,399,P1,125,80.3
Paschim Medinipur,606,WMed-606,201,Market Building 201,2021,237,132,3,34,4,410,P1,105,82.5
Paschim Medinipur,606,WMed-606,202,High School 202,2019,237,216,7,154,6,620,P1,21,75.9
Paschim Medinipur,606,WMed-606,202,High School 202,2021,355,226,5,53,6,645,P1,129,78.9
Paschim Medinipur,606,WMed-606,203,Community Hall 203,2019,336,141,12,158,7,654,P1,178,82.4
Paschim Medinipur,606,WMed-606,203,Community Hall 203,2021,326,214,12,98,7,657,P1,112,82.7
Paschim Medinipur,606,WMed-606,204,Post Office 204,2019,248,173,5,69,6,501,P1,75,82.1
Paschim Medinipur,606,WMed-606,204,Post Office 204,2021,276,142,7,70,5,500,P1,134,82.0
Paschim Medinipur,607,WMed-607,1,Community Hall 1,2019,338,191,8,92,7,636,P1,147,80.4
Paschim Medinipur,607,WMed-607,1,Community Hall 1,2021,302,209,11,121,7,650,P1,93,82.2
Paschim Medinipur,607,WMed-607,2,Primary School 2,2019,440,164,4,57,7,672,P1,276,82.5
Paschim Medinipur,607,WMed-607,2,Primary School 2,2021,391,155,3,51,7,607,P1,236,74.5
Paschim Medinipur,607,WMed-607,3,Anganwadi Centre 3,2019,238,138,4,33,4,417,P1,100,84.8
Paschim Medinipur,607,WMed-607,3,Anganwadi Centre 3,2021,249,99,4,31,4,387,P1,150,78.7
Paschim Medinipur,607,WMed-607,4,Club Building 4,2019,377,158,6,48,5,594,P1,219,80.9
Paschim Medinipur,607,WMed-607,4,Club Building 4,2021,327,201,4,72,6,610,P1,126,83.1
Paschim Medinipur,607,WMed-607,5,Club Building 5,2019,319,116,6,38,4,483,P1,203,78.3
Paschim Medinipur,607,WMed-607,5,Club Building 5,2021,276,128,4,61,4,473,P1,148,76.7
Paschim Medinipur,607,WMed-607,6,Club Building 6,2019,257,152,6,115,5,535,P1,105,82.2
Paschim Medinipur,607,WMed-607,6,Club Building 6,2021,289,180,5,42,5,521,P1,109,80.0
Paschim Medinipur,607,WMed-607,7,High School 7,2019,266,114,11,77,4,472,P1,152,78.5
Paschim Medinipur,607,WMed-607,7,High School 7,2021,284,124,4,53,6,471,P1,160,78.4
Paschim Medinipur,607,WMed-607,8,Temple Hall 8,2019,225,162,3,40,4,434,P1,63,81.0
Paschim Medinipur,607,WMed-607,8,Temple Hall 8,2021,221,136,5,77,5,444,P1,85,82.8
Paschim Medinipur,607,WMed-607,9,Anganwadi Centre 9,2019,300,189,5,43,6,543,P1,111,80.4
Paschim Medinipur,607,WMed-607,9,Anganwadi Centre 9,2021,279,144,7,80,6,516,P1,135,76.4
Paschim Medinipur,607,WMed-607,10,Temple Hall 10,2019,307,199,4,47,5,562,P1,108,79.2
Paschim Medinipur,607,WMed-607,10,Temple Hall 10,2021,384,145,5,48,6,588,P1,239,82.8
Paschim Medinipur,607,WMed-607,11,Health Sub-Centre 11,2019,234,126,3,34,5,402,P1,108,74.7
Paschim Medinipur,607,WMed-607,11,Health Sub-Centre 11,2021,256,136,6,50,5,453,P1,120,84.2
Paschim Medinipur,607,WMed-607,12,Post Office 12,2019,241,127,2,59,4,433,P1,114,78.3
Paschim Medinipur,607,WMed-607,12,Post Office 12,2021,249,134,5,53,3,444,P1,115,80.3
Paschim Medinipur,607,WMed-607,13,Temple Hall 13,2019,245,101,1,33,5,385,P1,144,73.9
Paschim Medinipur,607,WMed-607,13,Temple Hall 13,2021,271,116,3,42,4,436,P1,155,83.7
Paschim Medinipur,607,WMed-607,14,Health Sub-Centre 14,2019,207,120,4,33,4,368,P1,87,76.3
Paschim Medinipur,607,WMed-607,14,Health Sub-Centre 14,2021,241,115,2,33,4,395,P1,126,82.0
Paschim Medinipur,607,WMed-607,15,Club Building 15,2019,223,142,6,55,4,430,P1,81,77.5
Paschim Medinipur,607,WMed-607,15,Club Building 15,2021,229,168,2,38,4,441,P1,61,79.5
Paschim Medinipur,607,WMed-607,16,Primary School 16,2019,347,140,3,53,6,549,P1,207,77.1
Paschim Medinipur,607,WMed-607,16,Primary School 16,2021,314,171,3,45,6,539,P1,143,75.7
Paschim Medinipur,607,WMed-607,17,Health Sub-Centre 17,2019,392,124,5,46,7,574,P1,268,81.2
Paschim Medinipur,607,WMed-607,17,Health Sub-Centre 17,2021,382,158,7,47,7,601,P1,224,85.0
Paschim Medinipur,607,WMed-607,18,Madrasa 18,2019,312,205,3,49,6,575,P1,107,77.0
Paschim Medinipur,607,WMed-607,18,Madrasa 18,2021,353,204,4,64,6,631,P1,149,84.5
Paschim Medinipur,607,WMed-607,19,Club Building 19,2019,220,127,2,52,5,406,P1,93,76.3
Paschim Medinipur,607,WMed-607,19,Club Building 19,2021,245,111,2,33,4,395,P1,134,74.2
Paschim Medinipur,607,WMed-607,20,Community Hall 20,2019,271,203,9,63,6,552,P1,68,80.7
Paschim Medinipur,607,WMed-607,20,Community Hall 20,2021,357,125,4,49,5,540,P1,232,78.9
Paschim Medinipur,607,WMed-607,21,Temple Hall 21,2019,334,244,5,53,6,642,P1,90,79.7
Paschim Medinipur,607,WMed-607,21,Temple Hall 21,2021,286,254,6,114,7,667,P1,32,82.8
Paschim Medinipur,607,WMed-607,22,Health Sub-Centre 22,2019,286,104,2,37,5,434,P1,182,76.1
Paschim Medinipur,607,WMed-607,22,Health Sub-Centre 22,2021,272,122,4,64,5,467,P1,150,81.9
Paschim Medinipur,607,WMed-607,23,Community Hall 23,2019,318,175,6,43,6,548,P1,143,81.1
Paschim Medinipur,607,WMed-607,23,Community Hall 23,2021,332,147,2,47,6,534,P1,185,79.0
Paschim Medinipur,607,WMed-607,24,Market Building 24,2019,349,89,3,41,4,486,P1,260,82.0
Paschim Medinipur,607,WMed-607,24,Market Building 24,2021,260,148,4,64,5,481,P1,112,81.1
Paschim Medinipur,607,WMed-607,25,Health Sub-Centre 25,2019,270,141,3,38,5,457,P1,129,84.0
Paschim Medinipur,607,WMed-607,25,Health Sub-Centre 25,2021,272,101,2,36,4,415,P1,171,76.3
Paschim Medinipur,607,WMed-607,26,High School 26,2019,346,184,13,116,6,665,P1,162,82.1
Paschim Medinipur,607,WMed-607,26,High School 26,2021,304,153,17,137,7,618,P1,151,76.3
Paschim Medinipur,607,WMed-607,27,Post Office 27,2019,192,159,12,87,4,454,P1,33,75.4
Paschim Medinipur,607,WMed-607,27,Post Office 27,2021,277,157,5,41,5,485,P1,120,80.6
Paschim Medinipur,607,WMed-607,28,Madrasa 28,2019,354,158,7,45,5,569,P1,196,78.5
Paschim Medinipur,607,WMed-607,28,Madrasa 28,2021,225,173,8,154,5,565,P1,52,77.9
Paschim Medinipur,607,WMed-607,29,Post Office 29,2019,263,105,4,32,5,409,P1,158,83.5
Paschim Medinipur,607,WMed-607,29,Post Office 29,2021,243,114,1,34,5,397,P1,129,81.0
Paschim Medinipur,607,WMed-607,30,Govt Office 30,2019,326,217,11,98,7,659,P1,109,84.9
Paschim Medinipur,607,WMed-607,30,Govt Office 30,2021,334,186,5,47,5,577,P1,148,74.4
Paschim Medinipur,607,WMed-607,31,Temple Hall 31,2019,275,159,4,90,6,534,P1,116,76.7
Paschim Medinipur,607,WMed-607,31,Temple Hall 31,2021,342,182,2,50,6,582,P1,160,83.6
Paschim Medinipur,607,WMed-607,32,Market Building 32,2019,381,166,8,80,6,641,P1,215,82.9
Paschim Medinipur,607,WMed-607,32,Market Building 32,2021,336,200,10,94,6,646,P1,136,83.6
Paschim Medinipur,607,WMed-607,33,Health Sub-Centre 33,2019,227,166,14,143,5,555,P1,61,80.7
Paschim Medinipur,607,WMed-607,33,Health Sub-Centre 33,2021,270,171,13,102,5,561,P1,99,81.5
Paschim Medinipur,607,WMed-607,34,High School 34,2019,261,113,5,33,4,416,P1,148,74.4
Paschim Medinipur,607,WMed-607,34,High School 34,2021,223,178,5,35,5,446,P1,45,79.8
Paschim Medinipur,607,WMed-607,35,Community Hall 35,2019,389,207,5,55,7,663,P1,182,84.5
Paschim Medinipur,607,WMed-607,35,Community Hall 35,2021,325,216,5,60,7,613,P1,109,78.1
Paschim Medinipur,607,WMed-607,36,Temple Hall 36,2019,368,157,5,48,5,583,P1,211,84.2
Paschim Medinipur,607,WMed-607,36,Temple Hall 36,2021,351,136,4,45,5,541,P1,215,78.2
Paschim Medinipur,607,WMed-607,37,Madrasa 37,2019,321,240,5,90,7,663,P1,81,83.5
Paschim Medinipur,607,WMed-607,37,Madrasa 37,2021,378,172,8,91,7,656,P1,206,82.6
Paschim Medinipur,607,WMed-607,38,Market Building 38,2019,292,111,7,51,5,466,P1,181,74.4
Paschim Medinipur,607,WMed-607,38,Market Building 38,2021,341,122,3,43,5,514,P1,219,82.1
Paschim Medinipur,607,WMed-607,39,Temple Hall 39,2019,320,150,12,109,6,597,P1,170,75.4
Paschim Medinipur,607,WMed-607,39,Temple Hall 39,2021,492,109,7,53,6,667,P1,383,84.2
Paschim Medinipur,607,WMed-607,40,Club Building 40,2019,193,130,2,62,3,390,P1,63,74.3
Paschim Medinipur,607,WMed-607,40,Club Building 40,2021,288,102,4,35,5,434,P1,186,82.7
Paschim Medinipur,607,WMed-607,41,Govt Office 41,2019,420,167,2,56,7,652,P1,253,82.8
Paschim Medinipur,607,WMed-607,41,Govt Office 41,2021,353,211,2,54,7,627,P1,142,79.7
Paschim Medinipur,607,WMed-607,42,Post Office 42,2019,347,212,4,69,7,639,P1,135,79.5
Paschim Medinipur,607,WMed-607,42,Post Office 42,2021,322,259,6,52,6,645,P1,63,80.2
Paschim Medinipur,607,WMed-607,43,Community Hall 43,2019,242,198,8,68,5,521,P1,44,74.4
Paschim Medinipur,607,WMed-607,43,Community Hall 43,2021,311,162,6,41,5,525,P1,149,75.0
Paschim Medinipur,607,WMed-607,44,Anganwadi Centre 44,2019,234,128,4,33,4,403,P1,106,78.7
Paschim Medinipur,607,WMed-607,44,Anganwadi Centre 44,2021,226,111,4,62,5,408,P1,115,79.7
Paschim Medinipur,607,WMed-607,45,Govt Office 45,2019,343,138,9,66,6,562,P1,205,80.6
Paschim Medinipur,607,WMed-607,45,Govt Office 45,2021,312,158,4,64,6,544,P1,154,78.0
Paschim Medinipur,607,WMed-607,46,High School 46,2019,250,127,4,34,4,419,P1,123,75.8
Paschim Medinipur,607,WMed-607,46,High School 46,2021,278,139,2,40,4,463,P1,139,83.7
Paschim Medinipur,607,WMed-607,47,Govt Office 47,2019,383,181,7,50,6,627,P1,202,83.7
Paschim Medinipur,607,WMed-607,47,Govt Office 47,2021,308,161,3,94,5,571,P1,147,76.2
Paschim Medinipur,607,WMed-607,48,Madrasa 48,2019,277,104,3,35,5,424,P1,173,82.3
Paschim Medinipur,607,WMed-607,48,Madrasa 48,2021,214,151,2,42,3,412,P1,63,80.0
Paschim Medinipur,607,WMed-607,49,Govt Office 49,2019,233,130,9,88,5,465,P1,103,73.9
Paschim Medinipur,607,WMed-607,49,Govt Office 49,2021,275,169,5,48,5,502,P1,106,79.8
Paschim Medinipur,607,WMed-607,50,Health Sub-Centre 50,2019,358,196,3,89,8,654,P1,162,85.0
Paschim Medinipur,607,WMed-607,50,Health Sub-Centre 50,2021,380,201,8,51,5,645,P1,179,83.9
Paschim Medinipur,607,WMed-607,51,Primary School 51,2019,293,90,2,36,5,426,P1,203,81.1
Paschim Medinipur,607,WMed-607,51,Primary School 51,2021,256,101,3,33,4,397,P1,155,75.6
Paschim Medinipur,607,WMed-607,52,Health Sub-Centre 52,2019,277,109,1,37,4,428,P1,168,81.7
Paschim Medinipur,607,WMed-607,52,Health Sub-Centre 52,2021,238,147,3,35,5,428,P1,91,81.7
Paschim Medinipur,607,WMed-607,53,Temple Hall 53,2019,348,136,6,42,6,538,P1,212,79.0
Paschim Medinipur,607,WMed-607,53,Temple Hall 53,2021,321,141,7,79,5,553,P1,180,81.2
Paschim Medinipur,607,WMed-607,54,Primary School 54,2019,190,135,4,29,4,362,P1,55,74.6
Paschim Medinipur,607,WMed-607,54,Primary School 54,2021,227,112,2,40,4,385,P1,115,79.4
Paschim Medinipur,607,WMed-607,55,Post Office 55,2019,355,175,10,94,6,640,P1,180,80.3
Paschim Medinipur,607,WMed-607,55,Post Office 55,2021,380,231,2,59,7,679,P1,149,85.2
Paschim Medinipur,607,WMed-607,56,Primary School 56,2019,341,207,9,69,7,633,P1,134,84.5
Paschim Medinipur,607,WMed-607,56,Primary School 56,2021,312,161,9,112,7,601,P1,151,80.2
Paschim Medinipur,607,WMed-607,57,Primary School 57,2019,402,182,7,52,6,649,P1,220,84.6
Paschim Medinipur,607,WMed-607,57,Primary School 57,2021,352,138,9,121,7,627,P1,214,81.7
Paschim Medinipur,607,WMed-607,58,Anganwadi Centre 58,2019,304,127,4,40,4,479,P1,177,84.9
Paschim Medinipur,607,WMed-607,58,Anganwadi Centre 58,2021,301,129,2,41,5,478,P1,172,84.8
Paschim Medinipur,607,WMed-607,59,Madrasa 59,2019,262,134,13,103,5,517,P1,128,77.9
Paschim Medinipur,607,WMed-607,59,Madrasa 59,2021,340,148,4,44,7,543,P1,192,81.8
Paschim Medinipur,607,WMed-607,60,Panchayat Bhavan 60,2019,285,163,2,43,5,498,P1,122,80.5
Paschim Medinipur,607,WMed-607,60,Panchayat Bhavan 60,2021,284,130,3,39,4,460,P1,154,74.3
Paschim Medinipur,607,WMed-607,61,Primary School 61,2019,377,173,8,102,7,667,P1,204,82.4
Paschim Medinipur,607,WMed-607,61,Primary School 61,2021,386,201,7,52,7,653,P1,185,80.7
Paschim Medinipur,607,WMed-607,62,Madrasa 62,2019,335,207,14,101,6,663,P1,128,83.9
Paschim Medinipur,607,WMed-607,62,Madrasa 62,2021,316,224,7,49,6,602,P1,92,76.2
Paschim Medinipur,607,WMed-607,63,Govt Office 63,2019,289,164,4,108,5,570,P1,125,81.0
Paschim Medinipur,607,WMed-607,63,Govt Office 63,2021,311,166,2,46,5,530,P1,145,75.3
Paschim Medinipur,607,WMed-607,64,Club Building 64,2019,408,127,7,46,6,594,P1,281,78.9
Paschim Medinipur,607,WMed-607,64,Club Building 64,2021,335,168,6,44,6,559,P1,167,74.2
Paschim Medinipur,607,WMed-607,65,Health Sub-Centre 65,2019,308,219,5,47,7,586,P1,89,77.3
Paschim Medinipur,607,WMed-607,65,Health Sub-Centre 65,2021,298,227,5,60,6,596,P1,71,78.6
Paschim Medinipur,607,WMed-607,66,Health Sub-Centre 66,2019,255,161,3,47,5,471,P1,94,76.8
Paschim Medinipur,607,WMed-607,66,Health Sub-Centre 66,2021,209,155,7,78,5,454,P1,54,74.1
Paschim Medinipur,607,WMed-607,67,Market Building 67,2019,377,221,7,53,7,665,P1,156,81.6
Paschim Medinipur,607,WMed-607,67,Market Building 67,2021,362,227,9,64,7,669,P1,135,82.1
Paschim Medinipur,607,WMed-607,68,Post Office 68,2019,368,188,3,52,7,618,P1,180,82.4
Paschim Medinipur,607,WMed-607,68,Post Office 68,2021,324,177,6,44,5,556,P1,147,74.1
Paschim Medinipur,607,WMed-607,69,Temple Hall 69,2019,380,145,4,48,6,583,P1,235,77.3
Paschim Medinipur,607,WMed-607,69,Temple Hall 69,2021,342,201,6,49,5,603,P1,141,80.0
Paschim Medinipur,607,WMed-607,70,Market Building 70,2019,335,130,6,43,6,520,P1,205,79.3
Paschim Medinipur,607,WMed-607,70,Market Building 70,2021,329,112,4,75,5,525,P1,217,80.0
Paschim Medinipur,607,WMed-607,71,Madrasa 71,2019,325,168,6,43,5,547,P1,157,76.0
Paschim Medinipur,607,WMed-607,71,Madrasa 71,2021,347,168,4,85,5,609,P1,179,84.6
Paschim Medinipur,607,WMed-607,72,Madrasa 72,2019,218,91,5,111,5,430,P1,107,76.2
Paschim Medinipur,607,WMed-607,72,Madrasa 72,2021,211,103,9,94,4,421,P1,108,74.6
Paschim Medinipur,607,WMed-607,73,Anganwadi Centre 73,2019,280,126,9,83,6,504,P1,154,81.2
Paschim Medinipur,607,WMed-607,73,Anganwadi Centre 73,2021,336,108,5,40,4,493,P1,228,79.4
Paschim Medinipur,607,WMed-607,74,High School 74,2019,232,119,4,59,4,418,P1,113,83.3
Paschim Medinipur,607,WMed-607,74,High School 74,2021,243,124,4,32,5,408,P1,119,81.3
Paschim Medinipur,607,WMed-607,75,Community Hall 75,2019,379,154,7,96,6,642,P1,225,79.4
Paschim Medinipur,607,WMed-607,75,Community Hall 75,2021,423,195,3,59,6,686,P1,228,84.8
Paschim Medinipur,607,WMed-607,76,Community Hall 76,2019,331,225,4,52,6,618,P1,106,77.2
Paschim Medinipur,607,WMed-607,76,Community Hall 76,2021,360,227,2,56,7,652,P1,133,81.4
Paschim Medinipur,607,WMed-607,77,Temple Hall 77,2019,351,200,5,50,7,613,P1,151,83.6
Paschim Medinipur,607,WMed-607,77,Temple Hall 77,2021,349,123,6,134,7,619,P1,215,84.4
Paschim Medinipur,607,WMed-607,78,Madrasa 78,2019,318,209,3,50,6,586,P1,109,79.6
Paschim Medinipur,607,WMed-607,78,Madrasa 78,2021,377,139,5,46,7,574,P1,238,78.0
Paschim Medinipur,607,WMed-607,79,Primary School 79,2019,299,139,15,160,7,620,P1,139,76.4
Paschim Medinipur,607,WMed-607,79,Primary School 79,2021,394,198,7,53,5,657,P1,196,81.0
Paschim Medinipur,607,WMed-607,80,High School 80,2019,281,108,4,39,4,436,P1,173,83.4
Paschim Medinipur,607,WMed-607,80,High School 80,2021,277,84,3,33,5,402,P1,193,76.9
Paschim Medinipur,607,WMed-607,81,Temple Hall 81,2019,272,126,2,38,5,443,P1,146,75.2
Paschim Medinipur,607,WMed-607,81,Temple Hall 81,2021,255,164,6,58,4,487,P1,91,82.7
Paschim Medinipur,607,WMed-607,82,Club Building 82,2019,256,201,5,41,5,508,P1,55,80.5
Paschim Medinipur,607,WMed-607,82,Club Building 82,2021,298,138,6,38,5,485,P1,160,76.9
Paschim Medinipur,607,WMed-607,83,Market Building 83,2019,394,195,5,64,7,665,P1,199,83.9
Paschim Medinipur,607,WMed-607,83,Market Building 83,2021,294,204,6,100,6,610,P1,90,76.9
Paschim Medinipur,607,WMed-607,84,Temple Hall 84,2019,362,160,8,59,6,595,P1,202,79.2
Paschim Medinipur,607,WMed-607,84,Temple Hall 84,2021,334,155,6,89,6,590,P1,179,78.6
Paschim Medinipur,607,WMed-607,85,Panchayat Bhavan 85,2019,234,120,2,47,5,408,P1,114,76.1
Paschim Medinipur,607,WMed-607,85,Panchayat Bhavan 85,2021,214,121,10,70,4,419,P1,93,78.2
Paschim Medinipur,607,WMed-607,86,Madrasa 86,2019,220,168,5,82,5,480,P1,52,81.2
Paschim Medinipur,607,WMed-607,86,Madrasa 86,2021,335,106,4,40,5,490,P1,229,82.9
Paschim Medinipur,607,WMed-607,87,Health Sub-Centre 87,2019,362,178,4,50,6,600,P1,184,83.0
Paschim Medinipur,607,WMed-607,87,Health Sub-Centre 87,2021,302,195,6,45,6,554,P1,107,76.6
Paschim Medinipur,607,WMed-607,88,Community Hall 88,2019,281,138,3,39,5,466,P1,143,84.0
Paschim Medinipur,607,WMed-607,88,Community Hall 88,2021,297,88,2,37,4,428,P1,209,77.1
Paschim Medinipur,607,WMed-607,89,Primary School 89,2019,261,140,2,48,5,456,P1,121,79.6
Paschim Medinipur,607,WMed-607,89,Primary School 89,2021,298,86,3,54,4,445,P1,212,77.7
Paschim Medinipur,607,WMed-607,90,Madrasa 90,2019,374,212,6,53,6,651,P1,162,82.9
Paschim Medinipur,607,WMed-607,90,Madrasa 90,2021,470,59,4,49,6,588,P1,411,74.9
Paschim Medinipur,607,WMed-607,91,High School 91,2019,313,126,6,63,5,513,P1,187,79.0
Paschim Medinipur,607,WMed-607,91,High School 91,2021,327,163,2,47,5,544,P1,164,83.8
Paschim Medinipur,607,WMed-607,92,Madrasa 92,2019,298,223,10,86,7,624,P1,75,84.2
Paschim Medinipur,607,WMed-607,92,Madrasa 92,2021,337,168,6,45,5,561,P1,169,75.7
Paschim Medinipur,607,WMed-607,93,Post Office 93,2019,373,129,8,52,5,567,P1,244,78.5
Paschim Medinipur,607,WMed-607,93,Post Office 93,2021,324,188,5,78,6,601,P1,136,83.2
Paschim Medinipur,607,WMed-607,94,Health Sub-Centre 94,2019,285,112,4,35,5,441,P1,173,81.8
Paschim Medinipur,607,WMed-607,94,Health Sub-Centre 94,2021,240,143,6,41,5,435,P1,97,80.7
Paschim Medinipur,607,WMed-607,95,Govt Office 95,2019,375,206,4,55,7,647,P1,169,84.2
Paschim Medinipur,607,WMed-607,95,Govt Office 95,2021,365,171,3,51,5,595,P1,194,77.5
Paschim Medinipur,607,WMed-607,96,Health Sub-Centre 96,2019,384,100,5,43,5,537,P1,284,82.4
Paschim Medinipur,607,WMed-607,96,Health Sub-Centre 96,2021,346,151,2,48,5,552,P1,195,84.7
Paschim Medinipur,607,WMed-607,97,Health Sub-Centre 97,2019,439,145,2,56,7,649,P1,294,85.2
Paschim Medinipur,607,WMed-607,97,Health Sub-Centre 97,2021,333,222,6,49,7,617,P1,111,81.0
Paschim Medinipur,607,WMed-607,98,Community Hall 98,2019,256,116,5,32,5,414,P1,140,74.1
Paschim Medinipur,607,WMed-607,98,Community Hall 98,2021,279,135,5,37,5,461,P1,144,82.5
Paschim Medinipur,607,WMed-607,99,Community Hall 99,2019,309,133,3,42,4,491,P1,176,75.0
Paschim Medinipur,607,WMed-607,99,Community Hall 99,2021,331,101,6,48,5,491,P1,230,75.0
Paschim Medinipur,607,WMed-607,100,Club Building 100,2019,288,211,3,47,6,555,P1,77,74.1
Paschim Medinipur,607,WMed-607,100,Club Building 100,2021,331,218,6,75,6,636,P1,113,84.9
Paschim Medinipur,607,WMed-607,101,Health Sub-Centre 101,2019,254,103,2,33,4,396,P1,151,74.7
Paschim Medinipur,607,WMed-607,101,Health Sub-Centre 101,2021,232,128,6,57,5,428,P1,104,80.8
Paschim Medinipur,607,WMed-607,102,High School 102,2019,255,196,4,91,5,551,P1,59,74.1
Paschim Medinipur,607,WMed-607,102,High School 102,2021,330,173,5,68,6,582,P1,157,78.2
Paschim Medinipur,607,WMed-607,103,High School 103,2019,268,200,5,43,5,521,P1,68,79.3
Paschim Medinipur,607,WMed-607,103,High School 103,2021,308,158,6,41,5,518,P1,150,78.8
Paschim Medinipur,607,WMed-607,104,Post Office 104,2019,227,119,3,32,3,384,P1,108,79.8
Paschim Medinipur,607,WMed-607,104,Post Office 104,2021,193,113,7,87,5,405,P1,80,84.2
Paschim Medinipur,607,WMed-607,105,Health Sub-Centre 105,2019,338,111,3,60,5,517,P1,227,82.5
Paschim Medinipur,607,WMed-607,105,Health Sub-Centre 105,2021,274,199,6,42,4,525,P1,75,83.7
Paschim Medinipur,607,WMed-607,106,Anganwadi Centre 106,2019,198,131,2,30,5,366,P1,67,76.2
Paschim Medinipur,607,WMed-607,106,Anganwadi Centre 106,2021,277,85,3,34,3,402,P1,192,83.8
Paschim Medinipur,607,WMed-607,107,Govt Office 107,2019,279,181,6,73,6,545,P1,98,83.6
Paschim Medinipur,607,WMed-607,107,Govt Office 107,2021,320,147,4,42,6,519,P1,173,79.6
Paschim Medinipur,607,WMed-607,108,Madrasa 108,2019,239,155,1,38,5,438,P1,84,77.2
Paschim Medinipur,607,WMed-607,108,Madrasa 108,2021,253,106,6,66,5,436,P1,147,76.9
Paschim Medinipur,607,WMed-607,109,Madrasa 109,2019,308,203,5,62,6,584,P1,105,79.8
Paschim Medinipur,607,WMed-607,109,Madrasa 109,2021,379,144,3,50,5,581,P1,235,79.4
Paschim Medinipur,607,WMed-607,110,Community Hall 110,2019,282,149,1,42,5,479,P1,133,83.4
Paschim Medinipur,607,WMed-607,110,Community Hall 110,2021,277,159,2,42,5,485,P1,118,84.5
Paschim Medinipur,607,WMed-607,111,Madrasa 111,2019,216,160,5,64,5,450,P1,56,79.1
Paschim Medinipur,607,WMed-607,111,Madrasa 111,2021,204,156,9,63,4,436,P1,48,76.6
Paschim Medinipur,607,WMed-607,112,Anganwadi Centre 112,2019,293,197,6,51,5,552,P1,96,74.9
Paschim Medinipur,607,WMed-607,112,Anganwadi Centre 112,2021,299,128,20,162,6,615,P1,137,83.4
Paschim Medinipur,607,WMed-607,113,Club Building 113,2019,244,88,3,30,4,369,P1,156,76.2
Paschim Medinipur,607,WMed-607,113,Club Building 113,2021,203,124,4,32,3,366,P1,79,75.6
Paschim Medinipur,607,WMed-607,114,Community Hall 114,2019,411,144,6,49,7,617,P1,267,76.1
Paschim Medinipur,607,WMed-607,114,Community Hall 114,2021,356,176,6,113,6,657,P1,180,81.0
Paschim Medinipur,607,WMed-607,115,Temple Hall 115,2019,332,147,5,43,5,532,P1,185,78.1
Paschim Medinipur,607,WMed-607,115,Temple Hall 115,2021,323,159,6,43,4,535,P1,164,78.6
Paschim Medinipur,607,WMed-607,116,High School 116,2019,304,175,4,83,6,572,P1,129,83.1
Paschim Medinipur,607,WMed-607,116,High School 116,2021,311,157,4,43,5,520,P1,154,75.6
Paschim Medinipur,607,WMed-607,117,Community Hall 117,2019,394,96,6,43,6,545,P1,298,81.0
Paschim Medinipur,607,WMed-607,117,Community Hall 117,2021,245,139,7,122,5,518,P1,106,77.0
Paschim Medinipur,607,WMed-607,118,Govt Office 118,2019,399,176,5,81,7,668,P1,223,81.8
Paschim Medinipur,607,WMed-607,118,Govt Office 118,2021,395,208,5,55,7,670,P1,187,82.0
Paschim Medinipur,607,WMed-607,119,Market Building 119,2019,352,177,6,60,5,600,P1,175,77.7
Paschim Medinipur,607,WMed-607,119,Market Building 119,2021,319,192,9,98,7,625,P1,127,81.0
Paschim Medinipur,607,WMed-607,120,Community Hall 120,2019,328,229,7,48,7,619,P1,99,76.9
Paschim Medinipur,607,WMed-607,120,Community Hall 120,2021,380,136,6,71,7,600,P1,244,74.5
Paschim Medinipur,607,WMed-607,121,Panchayat Bhavan 121,2019,405,211,6,55,7,684,P1,194,84.4
Paschim Medinipur,607,WMed-607,121,Panchayat Bhavan 121,2021,386,190,6,70,7,659,P1,196,81.4
Paschim Medinipur,607,WMed-607,122,Community Hall 122,2019,283,167,3,53,4,510,P1,116,81.5
Paschim Medinipur,607,WMed-607,122,Community Hall 122,2021,244,181,3,50,4,482,P1,63,77.0
Paschim Medinipur,607,WMed-607,123,Panchayat Bhavan 123,2019,369,159,10,109,7,654,P1,210,83.4
Paschim Medinipur,607,WMed-607,123,Panchayat Bhavan 123,2021,387,212,8,52,7,666,P1,175,84.9
Paschim Medinipur,607,WMed-607,124,Panchayat Bhavan 124,2019,210,133,9,95,4,451,P1,77,83.7
Paschim Medinipur,607,WMed-607,124,Panchayat Bhavan 124,2021,253,125,2,36,4,420,P1,128,77.9
Paschim Medinipur,607,WMed-607,125,Govt Office 125,2019,368,134,5,45,6,558,P1,234,77.0
Paschim Medinipur,607,WMed-607,125,Govt Office 125,2021,318,186,3,47,6,560,P1,132,77.2
Paschim Medinipur,607,WMed-607,126,Post Office 126,2019,226,119,4,59,4,412,P1,107,77.4
Paschim Medinipur,607,WMed-607,126,Post Office 126,2021,249,110,4,32,4,399,P1,139,75.0
Paschim Medinipur,607,WMed-607,127,Panchayat Bhavan 127,2019,317,165,6,91,5,584,P1,152,75.9
Paschim Medinipur,607,WMed-607,127,Panchayat Bhavan 127,2021,273,156,5,129,7,570,P1,117,74.1
Paschim Medinipur,607,WMed-607,128,Anganwadi Centre 128,2019,289,199,6,43,6,543,P1,90,76.2
Paschim Medinipur,607,WMed-607,128,Anganwadi Centre 128,2021,347,142,6,43,5,543,P1,205,76.2
Paschim Medinipur,607,WMed-607,129,Club Building 129,2019,336,187,7,46,5,581,P1,149,77.4
Paschim Medinipur,607,WMed-607,129,Club Building 129,2021,348,179,7,64,6,604,P1,169,80.4
Paschim Medinipur,607,WMed-607,130,Madrasa 130,2019,243,125,2,35,4,409,P1,118,75.2
Paschim Medinipur,607,WMed-607,130,Madrasa 130,2021,188,161,3,73,4,429,P1,27,78.9
Paschim Medinipur,607,WMed-607,131,Madrasa 131,2019,248,115,6,88,4,461,P1,133,78.3
Paschim Medinipur,607,WMed-607,131,Madrasa 131,2021,236,189,2,40,6,473,P1,47,80.3
Paschim Medinipur,607,WMed-607,132,Temple Hall 132,2019,230,135,5,75,5,450,P1,95,84.1
Paschim Medinipur,607,WMed-607,132,Temple Hall 132,2021,287,123,2,39,5,456,P1,164,85.2
Paschim Medinipur,607,WMed-607,133,Panchayat Bhavan 133,2019,230,191,9,73,5,508,P1,39,78.2
Paschim Medinipur,607,WMed-607,133,Panchayat Bhavan 133,2021,274,90,4,115,5,488,P1,159,75.1
Paschim Medinipur,607,WMed-607,134,Market Building 134,2019,243,96,5,52,3,399,P1,147,79.5
Paschim Medinipur,607,WMed-607,134,Market Building 134,2021,196,135,3,39,4,377,P1,61,75.1
Paschim Medinipur,607,WMed-607,135,Community Hall 135,2019,326,136,5,149,6,622,P1,177,76.1
Paschim Medinipur,607,WMed-607,135,Community Hall 135,2021,341,192,16,134,8,691,P1,149,84.6
Paschim Medinipur,607,WMed-607,136,Health Sub-Centre 136,2019,347,105,3,42,5,502,P1,242,77.6
Paschim Medinipur,607,WMed-607,136,Health Sub-Centre 136,2021,314,159,4,44,5,526,P1,155,81.3
Paschim Medinipur,607,WMed-607,137,Community Hall 137,2019,251,103,5,51,5,415,P1,148,77.3
Paschim Medinipur,607,WMed-607,137,Community Hall 137,2021,265,90,3,72,4,434,P1,175,80.8
Paschim Medinipur,607,WMed-607,138,High School 138,2019,311,185,3,77,6,582,P1,126,81.4
Paschim Medinipur,607,WMed-607,138,High School 138,2021,397,149,5,49,6,606,P1,248,84.8
Paschim Medinipur,607,WMed-607,139,Anganwadi Centre 139,2019,327,167,6,44,5,549,P1,160,81.0
Paschim Medinipur,607,WMed-607,139,Anganwadi Centre 139,2021,299,196,6,64,5,570,P1,103,84.1
Paschim Medinipur,607,WMed-607,140,Panchayat Bhavan 140,2019,375,205,6,52,6,644,P1,170,78.9
Paschim Medinipur,607,WMed-607,140,Panchayat Bhavan 140,2021,437,142,7,51,6,643,P1,295,78.8
Paschim Medinipur,607,WMed-607,141,Primary School 141,2019,347,180,2,50,6,585,P1,167,80.2
Paschim Medinipur,607,WMed-607,141,Primary School 141,2021,343,180,6,72,6,607,P1,163,83.3
Paschim Medinipur,607,WMed-607,142,Temple Hall 142,2019,313,212,3,49,7,584,P1,101,76.9
Paschim Medinipur,607,WMed-607,142,Temple Hall 142,2021,306,155,9,96,6,572,P1,151,75.4
Paschim Medinipur,607,WMed-607,143,Temple Hall 143,2019,280,93,5,33,4,415,P1,187,80.0
Paschim Medinipur,607,WMed-607,143,Temple Hall 143,2021,315,78,3,37,4,437,P1,237,84.2
Paschim Medinipur,607,WMed-607,144,Post Office 144,2019,253,88,3,31,4,379,P1,165,76.6
Paschim Medinipur,607,WMed-607,144,Post Office 144,2021,241,103,3,69,4,420,P1,138,84.8
Paschim Medinipur,607,WMed-607,145,High School 145,2019,242,144,4,34,4,428,P1,98,76.3
Paschim Medinipur,607,WMed-607,145,High School 145,2021,238,140,5,34,4,421,P1,98,75.0
Paschim Medinipur,607,WMed-607,146,Madrasa 146,2019,286,147,4,58,4,499,P1,139,82.5
Paschim Medinipur,607,WMed-607,146,Madrasa 146,2021,311,150,5,41,5,512,P1,161,84.6
Paschim Medinipur,607,WMed-607,147,Community Hall 147,2019,383,103,6,56,5,553,P1,280,84.7
Paschim Medinipur,607,WMed-607,147,Community Hall 147,2021,298,158,4,42,4,506,P1,140,77.5
Paschim Medinipur,607,WMed-607,148,Primary School 148,2019,332,190,5,97,6,630,P1,142,78.6
Paschim Medinipur,607,WMed-607,148,Primary School 148,2021,439,171,5,56,7,678,P1,268,84.5
Paschim Medinipur,607,WMed-607,149,Panchayat Bhavan 149,2019,237,163,6,68,6,480,P1,74,75.1
Paschim Medinipur,607,WMed-607,149,Panchayat Bhavan 149,2021,235,159,6,81,4,485,P1,76,75.9
Paschim Medinipur,607,WMed-607,150,Market Building 150,2019,231,76,4,112,5,428,P1,119,76.3
Paschim Medinipur,607,WMed-607,150,Market Building 150,2021,280,104,4,34,5,427,P1,176,76.1
Paschim Medinipur,607,WMed-607,151,Primary School 151,2019,374,198,7,51,5,635,P1,176,82.6
Paschim Medinipur,607,WMed-607,151,Primary School 151,2021,345,234,5,53,6,643,P1,111,83.6
Paschim Medinipur,607,WMed-607,152,Govt Office 152,2019,270,191,6,42,5,514,P1,79,84.5
Paschim Medinipur,607,WMed-607,152,Govt Office 152,2021,303,142,3,42,5,495,P1,161,81.4
Paschim Medinipur,607,WMed-607,153,Primary School 153,2019,216,197,13,100,4,530,P1,19,83.5
Paschim Medinipur,607,WMed-607,153,Primary School 153,2021,292,173,5,41,5,516,P1,119,81.3
Paschim Medinipur,607,WMed-607,154,Club Building 154,2019,194,130,6,92,3,425,P1,64,76.3
Paschim Medinipur,607,WMed-607,154,Club Building 154,2021,236,141,4,67,5,453,P1,95,81.3
Paschim Medinipur,607,WMed-607,155,Panchayat Bhavan 155,2019,303,123,3,39,5,473,P1,180,84.5
Paschim Medinipur,607,WMed-607,155,Panchayat Bhavan 155,2021,254,135,5,35,4,433,P1,119,77.3
Paschim Medinipur,607,WMed-607,156,Anganwadi Centre 156,2019,224,118,4,39,5,390,P1,106,76.9
Paschim Medinipur,607,WMed-607,156,Anganwadi Centre 156,2021,222,120,1,33,4,380,P1,102,75.0
Paschim Medinipur,607,WMed-607,157,Club Building 157,2019,318,172,5,44,6,545,P1,146,76.2
Paschim Medinipur,607,WMed-607,157,Club Building 157,2021,360,143,4,46,6,559,P1,217,78.2
Paschim Medinipur,607,WMed-607,158,Temple Hall 158,2019,363,116,2,46,5,532,P1,247,77.2
Paschim Medinipur,607,WMed-607,158,Temple Hall 158,2021,334,185,5,47,6,577,P1,149,83.7
Paschim Medinipur,607,WMed-607,159,Primary School 159,2019,285,148,2,41,6,482,P1,137,74.4
Paschim Medinipur,607,WMed-607,159,Primary School 159,2021,310,171,2,46,5,534,P1,139,82.4
Paschim Medinipur,607,WMed-607,160,Primary School 160,2019,339,237,8,50,6,640,P1,102,84.7
Paschim Medinipur,607,WMed-607,160,Primary School 160,2021,344,185,5,48,5,587,P1,159,77.6
Paschim Medinipur,607,WMed-607,161,Primary School 161,2019,310,148,8,78,5,549,P1,162,82.8
Paschim Medinipur,607,WMed-607,161,Primary School 161,2021,270,201,5,42,6,524,P1,69,79.0
Paschim Medinipur,607,WMed-607,162,Market Building 162,2019,278,147,5,41,5,476,P1,131,80.3
Paschim Medinipur,607,WMed-607,162,Market Building 162,2021,260,129,4,59,5,457,P1,131,77.1
Paschim Medinipur,607,WMed-607,163,Club Building 163,2019,353,172,6,81,6,618,P1,181,84.8
Paschim Medinipur,607,WMed-607,163,Club Building 163,2021,309,191,5,97,7,609,P1,118,83.5
Paschim Medinipur,607,WMed-607,164,Primary School 164,2019,414,139,6,50,6,615,P1,275,76.4
Paschim Medinipur,607,WMed-607,164,Primary School 164,2021,425,189,8,53,7,682,P1,236,84.7
Paschim Medinipur,607,WMed-607,165,Panchayat Bhavan 165,2019,233,99,3,52,3,390,P1,134,74.4
Paschim Medinipur,607,WMed-607,165,Panchayat Bhavan 165,2021,268,91,3,33,4,399,P1,177,76.1
Paschim Medinipur,607,WMed-607,166,Primary School 166,2019,323,117,4,40,5,489,P1,206,83.7
Paschim Medinipur,607,WMed-607,166,Primary School 166,2021,266,137,7,61,4,475,P1,129,81.3
Paschim Medinipur,607,WMed-607,167,High School 167,2019,350,193,3,52,5,603,P1,157,76.6
Paschim Medinipur,607,WMed-607,167,High School 167,2021,391,147,6,47,7,598,P1,244,76.0
Paschim Medinipur,607,WMed-607,168,Panchayat Bhavan 168,2019,303,173,5,43,5,529,P1,130,84.2
Paschim Medinipur,607,WMed-607,168,Panchayat Bhavan 168,2021,268,124,14,100,4,510,P1,144,81.2
Paschim Medinipur,607,WMed-607,169,Govt Office 169,2019,304,158,6,112,5,585,P1,146,82.9
Paschim Medinipur,607,WMed-607,169,Govt Office 169,2021,330,202,3,50,6,591,P1,128,83.7
Paschim Medinipur,607,WMed-607,170,Madrasa 170,2019,213,136,3,32,3,387,P1,77,75.7
Paschim Medinipur,607,WMed-607,170,Madrasa 170,2021,223,145,4,33,4,409,P1,78,80.0
Paschim Medinipur,607,WMed-607,171,Community Hall 171,2019,261,144,5,36,4,450,P1,117,81.1
Paschim Medinipur,607,WMed-607,171,Community Hall 171,2021,226,145,3,47,4,425,P1,81,76.6
Paschim Medinipur,607,WMed-607,172,Temple Hall 172,2019,328,158,2,47,5,540,P1,170,80.4
Paschim Medinipur,607,WMed-607,172,Temple Hall 172,2021,280,171,3,43,4,501,P1,109,74.6
Paschim Medinipur,607,WMed-607,173,Community Hall 173,2019,334,163,5,44,6,552,P1,171,85.2
Paschim Medinipur,607,WMed-607,173,Community Hall 173,2021,337,126,5,42,4,514,P1,211,79.3
Paschim Medinipur,607,WMed-607,174,Panchayat Bhavan 174,2019,274,125,2,38,4,443,P1,149,80.3
Paschim Medinipur,607,WMed-607,174,Panchayat Bhavan 174,2021,220,158,3,46,5,432,P1,62,78.3
Paschim Medinipur,607,WMed-607,175,Club Building 175,2019,265,120,5,34,4,428,P1,145,76.0
Paschim Medinipur,607,WMed-607,175,Club Building 175,2021,258,150,5,35,5,453,P1,108,80.5
Paschim Medinipur,607,WMed-607,176,Govt Office 176,2019,274,190,3,43,6,516,P1,84,84.7
Paschim Medinipur,607,WMed-607,176,Govt Office 176,2021,285,166,6,39,5,501,P1,119,82.3
Paschim Medinipur,607,WMed-607,177,Post Office 177,2019,396,152,6,49,6,609,P1,244,83.0
Paschim Medinipur,607,WMed-607,177,Post Office 177,2021,331,178,7,77,6,599,P1,153,81.6
Paschim Medinipur,607,WMed-607,178,Primary School 178,2019,244,113,9,94,4,464,P1,131,83.3
Paschim Medinipur,607,WMed-607,178,Primary School 178,2021,281,140,5,37,5,468,P1,141,84.0
Paschim Medinipur,607,WMed-607,179,High School 179,2019,414,162,5,53,6,640,P1,252,82.8
Paschim Medinipur,607,WMed-607,179,High School 179,2021,381,188,4,64,6,643,P1,193,83.2
Paschim Medinipur,607,WMed-607,180,Anganwadi Centre 180,2019,161,120,7,73,3,364,P1,41,75.1
Paschim Medinipur,607,WMed-607,180,Anganwadi Centre 180,2021,188,97,9,72,4,370,P1,91,76.3
Paschim Medinipur,607,WMed-607,181,Club Building 181,2019,332,127,3,64,5,531,P1,205,77.5
Paschim Medinipur,607,WMed-607,181,Club Building 181,2021,407,118,2,51,5,583,P1,289,85.1
Paschim Medinipur,607,WMed-607,182,Temple Hall 182,2019,218,222,9,121,5,575,P2,4,79.8
Paschim Medinipur,607,WMed-607,182,Temple Hall 182,2021,338,176,2,49,7,572,P1,162,79.3
Paschim Medinipur,607,WMed-607,183,Health Sub-Centre 183,2019,337,167,8,59,6,577,P1,170,84.9
Paschim Medinipur,607,WMed-607,183,Health Sub-Centre 183,2021,279,140,13,115,5,552,P1,139,81.2
Paschim Medinipur,607,WMed-607,184,Primary School 184,2019,287,164,7,94,6,558,P1,123,84.0
Paschim Medinipur,607,WMed-607,184,Primary School 184,2021,322,138,4,42,5,511,P1,184,77.0
Paschim Medinipur,607,WMed-607,185,Community Hall 185,2019,304,161,4,43,5,517,P1,143,84.5
Paschim Medinipur,607,WMed-607,185,Community Hall 185,2021,296,158,5,40,6,505,P1,138,82.5
Paschim Medinipur,607,WMed-607,186,Health Sub-Centre 186,2019,249,106,2,33,4,394,P1,143,76.7
Paschim Medinipur,607,WMed-607,186,Health Sub-Centre 186,2021,246,69,10,76,3,404,P1,170,78.6
Paschim Medinipur,607,WMed-607,187,Market Building 187,2019,367,145,2,49,6,569,P1,222,75.7
Paschim Medinipur,607,WMed-607,187,Market Building 187,2021,330,166,7,70,6,579,P1,164,77.0
Paschim Medinipur,607,WMed-607,188,Panchayat Bhavan 188,2019,260,119,5,59,5,448,P1,141,78.3
Paschim Medinipur,607,WMed-607,188,Panchayat Bhavan 188,2021,272,142,3,38,5,460,P1,130,80.4
Paschim Medinipur,607,WMed-607,189,Panchayat Bhavan 189,2019,310,199,6,69,6,590,P1,111,81.5
Paschim Medinipur,607,WMed-607,189,Panchayat Bhavan 189,2021,366,171,6,49,6,598,P1,195,82.6
Paschim Medinipur,607,WMed-607,190,Club Building 190,2019,254,124,9,109,5,501,P1,130,77.3
Paschim Medinipur,607,WMed-607,190,Club Building 190,2021,287,132,5,53,4,481,P1,155,74.2
Paschim Medinipur,607,WMed-607,191,Post Office 191,2019,287,147,4,40,4,482,P1,140,78.0
Paschim Medinipur,607,WMed-607,191,Post Office 191,2021,242,104,6,105,6,463,P1,137,74.9
Paschim Medinipur,607,WMed-607,192,Madrasa 192,2019,325,141,6,41,4,517,P1,184,84.5
Paschim Medinipur,607,WMed-607,192,Madrasa 192,2021,323,138,3,43,6,513,P1,185,83.8
Paschim Medinipur,607,WMed-607,193,Madrasa 193,2019,361,158,6,85,6,616,P1,203,77.0
Paschim Medinipur,607,WMed-607,193,Madrasa 193,2021,290,251,4,71,6,622,P1,39,77.8
Paschim Medinipur,607,WMed-607,194,Panchayat Bhavan 194,2019,306,191,5,106,6,614,P1,115,76.9
Paschim Medinipur,607,WMed-607,194,Panchayat Bhavan 194,2021,403,164,7,49,7,630,P1,239,78.9
Paschim Medinipur,607,WMed-607,195,High School 195,2019,231,158,4,41,5,439,P1,73,81.0
Paschim Medinipur,607,WMed-607,195,High School 195,2021,228,128,4,42,4,406,P1,100,74.9
Paschim Medinipur,607,WMed-607,196,Primary School 196,2019,252,119,9,72,5,457,P1,133,78.5
Paschim Medinipur,607,WMed-607,196,Primary School 196,2021,308,116,6,37,5,472,P1,192,81.1
Paschim Medinipur,607,WMed-607,197,Club Building 197,2019,340,147,5,51,5,548,P1,193,77.0
Paschim Medinipur,607,WMed-607,197,Club Building 197,2021,268,172,10,72,6,528,P1,96,74.2
Paschim Medinipur,607,WMed-607,198,Madrasa 198,2019,238,129,4,33,4,408,P1,109,79.2
Paschim Medinipur,607,WMed-607,198,Madrasa 198,2021,242,152,3,36,5,438,P1,90,85.0
Paschim Medinipur,607,WMed-607,199,Community Hall 199,2019,212,203,6,86,5,512,P1,9,76.4
Paschim Medinipur,607,WMed-607,199,Community Hall 199,2021,325,155,4,44,5,533,P1,170,79.6
Paschim Medinipur,607,WMed-607,200,Primary School 200,2019,237,141,5,33,4,420,P1,96,76.8
Paschim Medinipur,607,WMed-607,200,Primary School 200,2021,290,116,5,36,4,451,P1,174,82.4
Paschim Medinipur,607,WMed-607,201,Club Building 201,2019,201,107,7,52,4,371,P1,94,75.9
Paschim Medinipur,607,WMed-607,201,Club Building 201,2021,254,121,3,35,4,417,P1,133,85.3
Paschim Medinipur,607,WMed-607,202,Anganwadi Centre 202,2019,377,172,3,52,6,610,P1,205,77.4
Paschim Medinipur,607,WMed-607,202,Anganwadi Centre 202,2021,446,112,4,62,6,630,P1,334,79.9
Paschim Medinipur,607,WMed-607,203,Anganwadi Centre 203,2019,356,154,4,47,6,567,P1,202,74.7
Paschim Medinipur,607,WMed-607,203,Anganwadi Centre 203,2021,296,203,4,98,6,607,P1,93,80.0
Paschim Medinipur,607,WMed-607,204,Community Hall 204,2019,307,141,3,42,4,497,P1,166,75.5
Paschim Medinipur,607,WMed-607,204,Community Hall 204,2021,279,110,8,111,5,513,P1,168,78.0
Paschim Medinipur,607,WMed-607,205,Govt Office 205,2019,324,227,5,50,6,612,P1,97,82.9
Paschim Medinipur,607,WMed-607,205,Govt Office 205,2021,277,196,4,91,6,574,P1,81,77.8
Paschim Medinipur,607,WMed-607,206,Post Office 206,2019,209,200,1,40,5,455,P1,9,74.5
Paschim Medinipur,607,WMed-607,206,Post Office 206,2021,253,159,8,71,4,495,P1,94,81.0
Paschim Medinipur,608,WMed-608,1,Govt Office 1,2019,263,156,5,37,4,465,P1,107,79.8
Paschim Medinipur,608,WMed-608,1,Govt Office 1,2021,251,178,3,53,4,489,P1,73,83.9
Paschim Medinipur,608,WMed-608,2,Health Sub-Centre 2,2019,289,152,14,134,5,594,P1,137,78.2
Paschim Medinipur,608,WMed-608,2,Health Sub-Centre 2,2021,360,189,2,52,7,610,P1,171,80.3
Paschim Medinipur,608,WMed-608,3,Community Hall 3,2019,379,140,3,49,6,577,P1,239,75.9
Paschim Medinipur,608,WMed-608,3,Community Hall 3,2021,276,203,10,130,6,625,P1,73,82.2
Paschim Medinipur,608,WMed-608,4,Govt Office 4,2019,309,200,4,47,5,565,P1,109,78.5
Paschim Medinipur,608,WMed-608,4,Govt Office 4,2021,284,172,12,100,5,573,P1,112,79.6
Paschim Medinipur,608,WMed-608,5,Panchayat Bhavan 5,2019,294,165,4,42,6,511,P1,129,80.9
Paschim Medinipur,608,WMed-608,5,Panchayat Bhavan 5,2021,289,121,8,106,6,530,P1,168,83.9
Paschim Medinipur,608,WMed-608,6,High School 6,2019,223,146,2,35,4,410,P1,77,79.2
Paschim Medinipur,608,WMed-608,6,High School 6,2021,190,118,12,105,5,430,P1,72,83.0
Paschim Medinipur,608,WMed-608,7,Madrasa 7,2019,382,202,5,53,7,649,P1,180,84.4
Paschim Medinipur,608,WMed-608,7,Madrasa 7,2021,213,186,10,177,6,592,P1,27,77.0
Paschim Medinipur,608,WMed-608,8,Primary School 8,2019,277,111,4,56,5,453,P1,166,81.0
Paschim Medinipur,608,WMed-608,8,Primary School 8,2021,275,105,4,34,4,422,P1,170,75.5
Paschim Medinipur,608,WMed-608,9,Community Hall 9,2019,438,169,4,56,7,674,P1,269,83.8
Paschim Medinipur,608,WMed-608,9,Community Hall 9,2021,370,177,7,63,6,623,P1,193,77.5
Paschim Medinipur,608,WMed-608,10,Panchayat Bhavan 10,2019,271,271,7,53,7,609,P1,0,83.0
Paschim Medinipur,608,WMed-608,10,Panchayat Bhavan 10,2021,313,161,4,108,6,592,P1,152,80.7
Paschim Medinipur,608,WMed-608,11,Primary School 11,2019,254,124,3,35,4,420,P1,130,84.2
Paschim Medinipur,608,WMed-608,11,Primary School 11,2021,214,145,5,45,3,412,P1,69,82.6
Paschim Medinipur,608,WMed-608,12,Anganwadi Centre 12,2019,278,139,5,68,4,494,P1,139,85.0
Paschim Medinipur,608,WMed-608,12,Anganwadi Centre 12,2021,212,159,11,96,5,483,P1,53,83.1
Paschim Medinipur,608,WMed-608,13,Govt Office 13,2019,398,117,4,76,6,601,P1,281,83.6
Paschim Medinipur,608,WMed-608,13,Govt Office 13,2021,374,171,3,51,6,605,P1,203,84.1
Paschim Medinipur,608,WMed-608,14,Post Office 14,2019,237,85,8,56,4,390,P1,152,78.3
Paschim Medinipur,608,WMed-608,14,Post Office 14,2021,265,92,3,33,4,397,P1,173,79.7
Paschim Medinipur,608,WMed-608,15,Community Hall 15,2019,292,103,6,46,4,451,P1,189,78.2
Paschim Medinipur,608,WMed-608,15,Community Hall 15,2021,231,137,13,99,4,484,P1,94,83.9
Paschim Medinipur,608,WMed-608,16,Club Building 16,2019,299,130,5,42,5,481,P1,169,83.7
Paschim Medinipur,608,WMed-608,16,Club Building 16,2021,263,132,3,37,3,438,P1,131,76.2
Paschim Medinipur,608,WMed-608,17,Panchayat Bhavan 17,2019,144,93,7,175,5,424,P4,31,77.9
Paschim Medinipur,608,WMed-608,17,Panchayat Bhavan 17,2021,242,165,2,38,5,452,P1,77,83.1
Paschim Medinipur,608,WMed-608,18,Health Sub-Centre 18,2019,253,152,2,39,4,450,P1,101,76.5
Paschim Medinipur,608,WMed-608,18,Health Sub-Centre 18,2021,247,123,6,65,5,446,P1,124,75.9
Paschim Medinipur,608,WMed-608,19,Temple Hall 19,2019,293,105,3,37,4,442,P1,188,83.4
Paschim Medinipur,608,WMed-608,19,Temple Hall 19,2021,246,121,6,48,5,426,P1,125,80.4
Paschim Medinipur,608,WMed-608,20,Market Building 20,2019,282,129,14,123,6,554,P1,153,76.8
Paschim Medinipur,608,WMed-608,20,Market Building 20,2021,332,156,5,43,6,542,P1,176,75.2
Paschim Medinipur,608,WMed-608,21,Panchayat Bhavan 21,2019,252,125,8,168,6,559,P1,84,76.6
Paschim Medinipur,608,WMed-608,21,Panchayat Bhavan 21,2021,210,174,10,145,4,543,P1,36,74.4
Paschim Medinipur,608,WMed-608,22,Panchayat Bhavan 22,2019,288,152,12,101,6,559,P1,136,80.5
Paschim Medinipur,608,WMed-608,22,Panchayat Bhavan 22,2021,369,135,5,46,5,560,P1,234,80.7
Paschim Medinipur,608,WMed-608,23,Govt Office 23,2019,227,149,4,47,5,432,P1,78,75.5
Paschim Medinipur,608,WMed-608,23,Govt Office 23,2021,227,141,5,57,3,433,P1,86,75.7
Paschim Medinipur,608,WMed-608,24,Club Building 24,2019,262,121,8,110,5,506,P1,141,84.1
Paschim Medinipur,608,WMed-608,24,Club Building 24,2021,299,127,2,41,4,473,P1,172,78.6
Paschim Medinipur,608,WMed-608,25,Health Sub-Centre 25,2019,344,178,6,46,6,580,P1,166,80.2
Paschim Medinipur,608,WMed-608,25,Health Sub-Centre 25,2021,330,159,6,43,6,544,P1,171,75.2
Paschim Medinipur,608,WMed-608,26,Health Sub-Centre 26,2019,229,106,2,60,3,400,P1,123,78.0
Paschim Medinipur,608,WMed-608,26,Health Sub-Centre 26,2021,219,145,2,34,5,405,P1,74,78.9
Paschim Medinipur,608,WMed-608,27,Post Office 27,2019,180,107,8,112,4,411,P1,68,74.5
Paschim Medinipur,608,WMed-608,27,Post Office 27,2021,286,130,4,37,5,462,P1,156,83.7
Paschim Medinipur,608,WMed-608,28,Post Office 28,2019,352,152,5,45,6,560,P1,200,84.8
Paschim Medinipur,608,WMed-608,28,Post Office 28,2021,256,205,7,57,5,530,P1,51,80.3
Paschim Medinipur,608,WMed-608,29,Health Sub-Centre 29,2019,337,186,4,48,6,581,P1,151,75.3
Paschim Medinipur,608,WMed-608,29,Health Sub-Centre 29,2021,352,161,12,100,6,631,P1,191,81.7
Paschim Medinipur,608,WMed-608,30,Post Office 30,2019,324,143,6,41,6,520,P1,181,76.1
Paschim Medinipur,608,WMed-608,30,Post Office 30,2021,302,165,3,68,5,543,P1,137,79.5
Paschim Medinipur,608,WMed-608,31,Temple Hall 31,2019,222,104,10,76,5,417,P1,118,76.9
Paschim Medinipur,608,WMed-608,31,Temple Hall 31,2021,300,100,3,37,5,445,P1,200,82.1
Paschim Medinipur,608,WMed-608,32,Madrasa 32,2019,252,135,3,66,5,461,P1,117,74.8
Paschim Medinipur,608,WMed-608,32,Madrasa 32,2021,286,136,3,54,4,483,P1,150,78.4
Paschim Medinipur,608,WMed-608,33,Panchayat Bhavan 33,2019,217,203,4,38,5,467,P1,14,78.9
Paschim Medinipur,608,WMed-608,33,Panchayat Bhavan 33,2021,238,165,4,41,4,452,P1,73,76.4
Paschim Medinipur,608,WMed-608,34,Club Building 34,2019,336,163,3,62,6,570,P1,173,79.7
Paschim Medinipur,608,WMed-608,34,Club Building 34,2021,311,153,5,70,5,544,P1,158,76.1
Paschim Medinipur,608,WMed-608,35,Health Sub-Centre 35,2019,335,228,2,54,6,625,P1,107,77.0
Paschim Medinipur,608,WMed-608,35,Health Sub-Centre 35,2021,394,170,10,109,7,690,P1,224,85.0
Paschim Medinipur,608,WMed-608,36,Health Sub-Centre 36,2019,255,140,5,34,4,438,P1,115,79.8
Paschim Medinipur,608,WMed-608,36,Health Sub-Centre 36,2021,269,109,4,34,4,420,P1,160,76.5
Paschim Medinipur,608,WMed-608,37,High School 37,2019,258,157,5,42,5,467,P1,101,82.8
Paschim Medinipur,608,WMed-608,37,High School 37,2021,220,158,5,77,5,465,P1,62,82.4
Paschim Medinipur,608,WMed-608,38,Madrasa 38,2019,222,149,13,122,5,511,P1,73,75.5
Paschim Medinipur,608,WMed-608,38,Madrasa 38,2021,298,169,6,40,5,518,P1,129,76.5
Paschim Medinipur,608,WMed-608,39,Community Hall 39,2019,319,178,3,61,5,566,P1,141,79.7
Paschim Medinipur,608,WMed-608,39,Community Hall 39,2021,404,103,2,48,6,563,P1,301,79.3
Paschim Medinipur,608,WMed-608,40,High School 40,2019,278,198,6,78,6,566,P1,80,84.6
Paschim Medinipur,608,WMed-608,40,High School 40,2021,316,159,3,65,6,549,P1,157,82.1
Paschim Medinipur,608,WMed-608,41,High School 41,2019,263,138,4,54,5,464,P1,125,78.4
Paschim Medinipur,608,WMed-608,41,High School 41,2021,300,137,4,40,5,486,P1,163,82.1
Paschim Medinipur,608,WMed-608,42,Govt Office 42,2019,280,120,14,162,7,583,P1,118,77.4
Paschim Medinipur,608,WMed-608,42,Govt Office 42,2021,364,169,3,50,6,592,P1,195,78.6
Paschim Medinipur,608,WMed-608,43,Madrasa 43,2019,303,188,8,59,5,563,P1,115,78.1
Paschim Medinipur,608,WMed-608,43,Madrasa 43,2021,287,208,2,48,5,550,P1,79,76.3
Paschim Medinipur,608,WMed-608,44,Primary School 44,2019,288,126,12,119,5,550,P1,162,75.4
Paschim Medinipur,608,WMed-608,44,Primary School 44,2021,333,181,5,47,5,571,P1,152,78.3
Paschim Medinipur,608,WMed-608,45,Anganwadi Centre 45,2019,285,228,5,47,6,571,P1,57,74.7
Paschim Medinipur,608,WMed-608,45,Anganwadi Centre 45,2021,338,185,4,49,5,581,P1,153,76.0
Paschim Medinipur,608,WMed-608,46,Anganwadi Centre 46,2019,212,127,6,61,5,411,P1,85,75.8
Paschim Medinipur,608,WMed-608,46,Anganwadi Centre 46,2021,284,94,2,36,4,420,P1,190,77.5
Paschim Medinipur,608,WMed-608,47,Market Building 47,2019,328,178,9,84,6,605,P1,150,73.8
Paschim Medinipur,608,WMed-608,47,Market Building 47,2021,407,200,6,72,7,692,P1,207,84.4
Paschim Medinipur,608,WMed-608,48,Panchayat Bhavan 48,2019,214,161,6,98,5,484,P1,53,80.5
Paschim Medinipur,608,WMed-608,48,Panchayat Bhavan 48,2021,202,181,11,109,5,508,P1,21,84.5
Paschim Medinipur,608,WMed-608,49,Community Hall 49,2019,334,189,4,56,6,589,P1,145,80.6
Paschim Medinipur,608,WMed-608,49,Community Hall 49,2021,309,168,6,72,6,561,P1,141,76.7
Paschim Medinipur,608,WMed-608,50,Community Hall 50,2019,259,141,2,38,5,445,P1,118,78.1
Paschim Medinipur,608,WMed-608,50,Community Hall 50,2021,240,161,2,38,5,446,P1,79,78.2
Paschim Medinipur,608,WMed-608,51,Health Sub-Centre 51,2019,304,146,4,41,5,500,P1,158,82.8
Paschim Medinipur,608,WMed-608,51,Health Sub-Centre 51,2021,211,122,10,111,4,458,P1,89,75.8
Paschim Medinipur,608,WMed-608,52,Post Office 52,2019,378,162,4,50,6,600,P1,216,77.9
Paschim Medinipur,608,WMed-608,52,Post Office 52,2021,349,202,2,53,6,612,P1,147,79.5
Paschim Medinipur,608,WMed-608,53,Primary School 53,2019,220,172,5,54,4,455,P1,48,82.1
Paschim Medinipur,608,WMed-608,53,Primary School 53,2021,298,107,4,36,5,450,P1,191,81.2
Paschim Medinipur,608,WMed-608,54,Health Sub-Centre 54,2019,199,162,10,88,4,463,P1,37,80.4
Paschim Medinipur,608,WMed-608,54,Health Sub-Centre 54,2021,281,103,5,33,5,427,P1,178,74.1
Paschim Medinipur,608,WMed-608,55,Primary School 55,2019,248,113,4,40,4,409,P1,135,80.2
Paschim Medinipur,608,WMed-608,55,Primary School 55,2021,227,141,4,36,3,411,P1,86,80.6
Paschim Medinipur,608,WMed-608,56,Post Office 56,2019,243,153,2,38,4,440,P1,90,82.7
Paschim Medinipur,608,WMed-608,56,Post Office 56,2021,239,102,11,85,5,442,P1,137,83.1
Paschim Medinipur,608,WMed-608,57,Community Hall 57,2019,253,140,5,34,4,436,P1,113,84.3
Paschim Medinipur,608,WMed-608,57,Community Hall 57,2021,191,147,3,41,5,387,P1,44,74.9
Paschim Medinipur,608,WMed-608,58,Primary School 58,2019,330,157,5,53,7,552,P1,173,79.0
Paschim Medinipur,608,WMed-608,58,Primary School 58,2021,365,119,5,43,6,538,P1,246,77.0
Paschim Medinipur,608,WMed-608,59,Primary School 59,2019,381,57,2,41,5,486,P1,324,74.5
Paschim Medinipur,608,WMed-608,59,Primary School 59,2021,338,126,6,41,4,515,P1,212,79.0
Paschim Medinipur,608,WMed-608,60,Post Office 60,2019,469,120,4,54,7,654,P1,349,84.5
Paschim Medinipur,608,WMed-608,60,Post Office 60,2021,265,194,8,98,6,571,P1,71,73.8
Paschim Medinipur,608,WMed-608,61,Primary School 61,2019,366,198,4,53,6,627,P1,168,77.6
Paschim Medinipur,608,WMed-608,61,Primary School 61,2021,288,198,8,98,6,598,P1,90,74.0
Paschim Medinipur,608,WMed-608,62,Panchayat Bhavan 62,2019,283,177,3,82,5,550,P1,106,84.6
Paschim Medinipur,608,WMed-608,62,Panchayat Bhavan 62,2021,325,158,6,42,6,537,P1,167,82.6
Paschim Medinipur,608,WMed-608,63,High School 63,2019,299,130,4,39,5,477,P1,169,84.3
Paschim Medinipur,608,WMed-608,63,High School 63,2021,233,173,5,38,4,453,P1,60,80.0
Paschim Medinipur,608,WMed-608,64,Anganwadi Centre 64,2019,308,217,4,68,5,602,P1,91,82.2
Paschim Medinipur,608,WMed-608,64,Anganwadi Centre 64,2021,384,146,5,48,6,589,P1,238,80.5
Paschim Medinipur,608,WMed-608,65,Madrasa 65,2019,203,233,10,121,6,573,P2,30,80.5
Paschim Medinipur,608,WMed-608,65,Madrasa 65,2021,244,217,14,105,5,585,P1,27,82.2
Paschim Medinipur,608,WMed-608,66,Community Hall 66,2019,260,113,3,34,4,414,P1,147,84.1
Paschim Medinipur,608,WMed-608,66,Community Hall 66,2021,217,128,4,36,4,389,P1,89,79.1
Paschim Medinipur,608,WMed-608,67,Anganwadi Centre 67,2019,282,177,4,42,5,510,P1,105,81.0
Paschim Medinipur,608,WMed-608,67,Anganwadi Centre 67,2021,260,176,4,39,6,485,P1,84,77.0
Paschim Medinipur,608,WMed-608,68,Panchayat Bhavan 68,2019,371,202,4,54,6,637,P1,169,84.6
Paschim Medinipur,608,WMed-608,68,Panchayat Bhavan 68,2021,290,213,8,75,6,592,P1,77,78.6
Paschim Medinipur,608,WMed-608,69,Temple Hall 69,2019,218,128,5,81,4,436,P1,90,84.5
Paschim Medinipur,608,WMed-608,69,Temple Hall 69,2021,244,107,5,43,4,403,P1,137,78.1
Paschim Medinipur,608,WMed-608,70,Club Building 70,2019,251,164,13,121,6,555,P1,87,83.6
Paschim Medinipur,608,WMed-608,70,Club Building 70,2021,310,136,6,39,5,496,P1,174,74.7
Paschim Medinipur,608,WMed-608,71,Panchayat Bhavan 71,2019,226,78,9,77,4,394,P1,148,80.7
Paschim Medinipur,608,WMed-608,71,Panchayat Bhavan 71,2021,245,106,3,32,4,390,P1,139,79.9
Paschim Medinipur,608,WMed-608,72,Primary School 72,2019,272,156,14,117,5,564,P1,116,76.9
Paschim Medinipur,608,WMed-608,72,Primary School 72,2021,276,192,8,75,6,557,P1,84,76.0
Paschim Medinipur,608,WMed-608,73,Club Building 73,2019,288,115,8,124,5,540,P1,164,82.3
Paschim Medinipur,608,WMed-608,73,Club Building 73,2021,344,109,4,42,5,504,P1,235,76.8
Paschim Medinipur,608,WMed-608,74,Community Hall 74,2019,384,186,7,50,6,633,P1,198,78.1
Paschim Medinipur,608,WMed-608,74,Community Hall 74,2021,344,187,3,72,5,611,P1,157,75.4
Paschim Medinipur,608,WMed-608,75,Club Building 75,2019,264,80,4,65,4,417,P1,184,74.7
Paschim Medinipur,608,WMed-608,75,Club Building 75,2021,237,114,8,63,4,426,P1,123,76.3
Paschim Medinipur,608,WMed-608,76,Primary School 76,2019,296,135,6,85,5,527,P1,161,75.3
Paschim Medinipur,608,WMed-608,76,Primary School 76,2021,322,179,7,45,5,558,P1,143,79.7
Paschim Medinipur,608,WMed-608,77,Market Building 77,2019,343,219,3,54,5,624,P1,124,84.3
Paschim Medinipur,608,WMed-608,77,Market Building 77,2021,357,159,5,90,6,617,P1,198,83.4
Paschim Medinipur,608,WMed-608,78,Govt Office 78,2019,203,116,10,133,5,467,P1,70,78.1
Paschim Medinipur,608,WMed-608,78,Govt Office 78,2021,237,174,2,44,4,461,P1,63,77.1
Paschim Medinipur,608,WMed-608,79,Govt Office 79,2019,238,133,2,35,4,412,P1,105,80.9
Paschim Medinipur,608,WMed-608,79,Govt Office 79,2021,247,105,8,64,5,429,P1,142,84.3
Paschim Medinipur,608,WMed-608,80,Health Sub-Centre 80,2019,359,114,3,44,5,525,P1,245,81.5
Paschim Medinipur,608,WMed-608,80,Health Sub-Centre 80,2021,233,179,4,93,5,514,P1,54,79.8
Paschim Medinipur,608,WMed-608,81,Club Building 81,2019,374,186,4,72,7,643,P1,188,83.6
Paschim Medinipur,608,WMed-608,81,Club Building 81,2021,374,180,4,52,6,616,P1,194,80.1
Paschim Medinipur,608,WMed-608,82,Anganwadi Centre 82,2019,379,116,4,45,5,549,P1,263,81.7
Paschim Medinipur,608,WMed-608,82,Anganwadi Centre 82,2021,275,143,14,107,5,544,P1,132,81.0
Paschim Medinipur,608,WMed-608,83,High School 83,2019,244,93,2,32,4,375,P1,151,74.4
Paschim Medinipur,608,WMed-608,83,High School 83,2021,289,70,2,33,4,398,P1,219,79.0
Paschim Medinipur,608,WMed-608,84,Community Hall 84,2019,225,119,13,131,4,492,P1,94,82.8
Paschim Medinipur,608,WMed-608,84,Community Hall 84,2021,280,136,9,72,4,501,P1,144,84.3
Paschim Medinipur,608,WMed-608,85,Anganwadi Centre 85,2019,355,122,6,42,5,530,P1,233,82.0
Paschim Medinipur,608,WMed-608,85,Anganwadi Centre 85,2021,321,108,2,45,5,481,P1,213,74.5
Paschim Medinipur,608,WMed-608,86,Anganwadi Centre 86,2019,284,142,9,72,4,511,P1,142,85.2
Paschim Medinipur,608,WMed-608,86,Anganwadi Centre 86,2021,249,178,7,62,4,500,P1,71,83.3
Paschim Medinipur,608,WMed-608,87,Anganwadi Centre 87,2019,366,217,5,53,7,648,P1,149,82.5
Paschim Medinipur,608,WMed-608,87,Anganwadi Centre 87,2021,274,163,6,138,6,587,P1,111,74.8
Paschim Medinipur,608,WMed-608,88,Anganwadi Centre 88,2019,229,120,5,51,4,409,P1,109,79.0
Paschim Medinipur,608,WMed-608,88,Anganwadi Centre 88,2021,270,115,4,34,5,428,P1,155,82.6
Paschim Medinipur,608,WMed-608,89,Govt Office 89,2019,219,121,9,72,4,425,P1,98,74.2
Paschim Medinipur,608,WMed-608,89,Govt Office 89,2021,329,91,5,37,5,467,P1,238,81.5
Paschim Medinipur,608,WMed-608,90,High School 90,2019,302,155,5,53,5,520,P1,147,84.6
Paschim Medinipur,608,WMed-608,90,High School 90,2021,317,141,4,42,5,509,P1,176,82.8
Paschim Medinipur,608,WMed-608,91,Temple Hall 91,2019,195,95,4,89,4,387,P1,100,74.6
Paschim Medinipur,608,WMed-608,91,Temple Hall 91,2021,282,112,5,34,5,438,P1,170,84.4
Paschim Medinipur,608,WMed-608,92,Anganwadi Centre 92,2019,183,138,8,71,4,404,P1,45,78.4
Paschim Medinipur,608,WMed-608,92,Anganwadi Centre 92,2021,247,130,5,33,4,419,P1,117,81.4
Paschim Medinipur,608,WMed-608,93,Anganwadi Centre 93,2019,301,169,5,42,5,522,P1,132,78.7
Paschim Medinipur,608,WMed-608,93,Anganwadi Centre 93,2021,255,186,9,78,5,533,P1,69,80.4
Paschim Medinipur,608,WMed-608,94,Post Office 94,2019,304,148,2,44,4,502,P1,156,74.9
Paschim Medinipur,608,WMed-608,94,Post Office 94,2021,278,144,6,80,5,513,P1,134,76.6
Paschim Medinipur,608,WMed-608,95,Govt Office 95,2019,265,161,5,37,5,473,P1,104,79.6
Paschim Medinipur,608,WMed-608,95,Govt Office 95,2021,248,147,3,36,5,439,P1,101,73.9
Paschim Medinipur,608,WMed-608,96,Temple Hall 96,2019,278,197,4,44,5,528,P1,81,74.4
Paschim Medinipur,608,WMed-608,96,Temple Hall 96,2021,398,137,3,50,6,594,P1,261,83.7
Paschim Medinipur,608,WMed-608,97,Club Building 97,2019,357,151,3,47,7,565,P1,206,74.0
Paschim Medinipur,608,WMed-608,97,Club Building 97,2021,352,172,4,49,5,582,P1,180,76.3
Paschim Medinipur,608,WMed-608,98,Temple Hall 98,2019,269,125,5,38,5,442,P1,144,79.4
Paschim Medinipur,608,WMed-608,98,Temple Hall 98,2021,295,84,5,33,5,422,P1,211,75.8
Paschim Medinipur,608,WMed-608,99,Club Building 99,2019,334,195,4,49,6,588,P1,139,78.7
Paschim Medinipur,608,WMed-608,99,Club Building 99,2021,431,134,6,50,7,628,P1,297,84.1
Paschim Medinipur,608,WMed-608,100,Temple Hall 100,2019,210,137,3,92,5,447,P1,73,75.9
Paschim Medinipur,608,WMed-608,100,Temple Hall 100,2021,298,117,4,37,5,461,P1,181,78.3
Paschim Medinipur,608,WMed-608,101,Market Building 101,2019,272,221,5,58,6,562,P1,51,73.9
Paschim Medinipur,608,WMed-608,101,Market Building 101,2021,262,172,8,146,7,595,P1,90,78.2
Paschim Medinipur,608,WMed-608,102,Health Sub-Centre 102,2019,258,181,7,80,6,532,P1,77,83.5
Paschim Medinipur,608,WMed-608,102,Health Sub-Centre 102,2021,273,212,6,42,6,539,P1,61,84.6
Paschim Medinipur,608,WMed-608,103,Club Building 103,2019,258,145,8,77,5,493,P1,113,76.1
Paschim Medinipur,608,WMed-608,103,Club Building 103,2021,255,182,6,54,5,502,P1,73,77.5
Paschim Medinipur,608,WMed-608,104,Temple Hall 104,2019,202,154,2,34,4,396,P1,48,77.0
Paschim Medinipur,608,WMed-608,104,Temple Hall 104,2021,254,94,8,70,5,431,P1,160,83.9
Paschim Medinipur,608,WMed-608,105,Temple Hall 105,2019,325,131,4,41,6,507,P1,194,83.9
Paschim Medinipur,608,WMed-608,105,Temple Hall 105,2021,301,133,3,40,5,482,P1,168,79.8
Paschim Medinipur,608,WMed-608,106,Temple Hall 106,2019,301,142,5,39,5,492,P1,159,82.1
Paschim Medinipur,608,WMed-608,106,Temple Hall 106,2021,268,132,12,90,6,508,P1,136,84.8
Paschim Medinipur,608,WMed-608,107,Community Hall 107,2019,399,161,3,53,6,622,P1,238,77.0
Paschim Medinipur,608,WMed-608,107,Community Hall 107,2021,380,198,2,56,6,642,P1,182,79.5
Paschim Medinipur,608,WMed-608,108,Govt Office 108,2019,201,120,5,65,4,395,P1,81,75.5
Paschim Medinipur,608,WMed-608,108,Govt Office 108,2021,245,127,5,33,4,414,P1,118,79.2
Paschim Medinipur,608,WMed-608,109,Anganwadi Centre 109,2019,257,124,12,132,5,530,P1,125,74.4
Paschim Medinipur,608,WMed-608,109,Anganwadi Centre 109,2021,271,174,9,88,6,548,P1,97,77.0
Paschim Medinipur,608,WMed-608,110,High School 110,2019,286,169,3,43,5,506,P1,117,78.8
Paschim Medinipur,608,WMed-608,110,High School 110,2021,305,140,3,41,6,495,P1,165,77.1
Paschim Medinipur,608,WMed-608,111,Govt Office 111,2019,343,147,2,47,5,544,P1,196,76.2
Paschim Medinipur,608,WMed-608,111,Govt Office 111,2021,270,134,7,111,6,528,P1,136,73.9
Paschim Medinipur,608,WMed-608,112,Anganwadi Centre 112,2019,422,82,5,45,5,559,P1,340,75.2
Paschim Medinipur,608,WMed-608,112,Anganwadi Centre 112,2021,302,133,20,170,6,631,P1,132,84.9
Paschim Medinipur,608,WMed-608,113,Community Hall 113,2019,292,94,11,109,5,511,P1,183,78.1
Paschim Medinipur,608,WMed-608,113,Community Hall 113,2021,322,99,5,74,5,505,P1,223,77.2
Paschim Medinipur,608,WMed-608,114,Govt Office 114,2019,248,210,14,104,7,583,P1,38,81.7
Paschim Medinipur,608,WMed-608,114,Govt Office 114,2021,330,159,7,53,6,555,P1,171,77.7
Paschim Medinipur,608,WMed-608,115,Community Hall 115,2019,300,176,9,81,6,572,P1,124,84.2
Paschim Medinipur,608,WMed-608,115,Community Hall 115,2021,258,214,2,45,6,525,P1,44,77.3
Paschim Medinipur,608,WMed-608,116,Post Office 116,2019,382,190,6,51,6,635,P1,192,80.8
Paschim Medinipur,608,WMed-608,116,Post Office 116,2021,374,210,3,75,6,668,P1,164,85.0
Paschim Medinipur,608,WMed-608,117,Health Sub-Centre 117,2019,229,149,5,93,5,481,P1,80,84.2
Paschim Medinipur,608,WMed-608,117,Health Sub-Centre 117,2021,189,111,14,121,5,440,P1,68,77.1
Paschim Medinipur,608,WMed-608,118,Post Office 118,2019,305,182,2,47,5,541,P1,123,81.1
Paschim Medinipur,608,WMed-608,118,Post Office 118,2021,226,157,8,95,6,492,P1,69,73.8
Paschim Medinipur,608,WMed-608,119,Health Sub-Centre 119,2019,253,187,14,154,7,615,P1,66,77.4
Paschim Medinipur,608,WMed-608,119,Health Sub-Centre 119,2021,481,119,5,55,6,666,P1,362,83.8
Paschim Medinipur,608,WMed-608,120,Anganwadi Centre 120,2019,362,201,5,52,6,626,P1,161,79.5
Paschim Medinipur,608,WMed-608,120,Anganwadi Centre 120,2021,321,215,12,88,6,642,P1,106,81.6
Paschim Medinipur,608,WMed-608,121,Madrasa 121,2019,253,177,5,38,5,478,P1,76,73.9
Paschim Medinipur,608,WMed-608,121,Madrasa 121,2021,368,114,6,42,6,536,P1,254,82.8
Paschim Medinipur,608,WMed-608,122,Primary School 122,2019,313,122,3,40,5,483,P1,191,80.0
Paschim Medinipur,608,WMed-608,122,Primary School 122,2021,299,120,4,38,4,465,P1,179,77.0
Paschim Medinipur,608,WMed-608,123,Health Sub-Centre 123,2019,244,137,6,79,5,471,P1,107,80.5
Paschim Medinipur,608,WMed-608,123,Health Sub-Centre 123,2021,315,132,5,39,6,497,P1,183,85.0
Paschim Medinipur,608,WMed-608,124,High School 124,2019,302,217,8,57,6,590,P1,85,74.6
Paschim Medinipur,608,WMed-608,124,High School 124,2021,359,190,3,51,7,610,P1,169,77.1
Paschim Medinipur,608,WMed-608,125,Panchayat Bhavan 125,2019,235,105,3,48,4,395,P1,130,78.5
Paschim Medinipur,608,WMed-608,125,Panchayat Bhavan 125,2021,232,111,4,39,4,390,P1,121,77.5
Paschim Medinipur,608,WMed-608,126,Temple Hall 126,2019,209,136,3,31,4,383,P1,73,79.3
Paschim Medinipur,608,WMed-608,126,Temple Hall 126,2021,182,114,5,79,4,384,P1,68,79.5
Paschim Medinipur,608,WMed-608,127,Club Building 127,2019,275,146,4,38,5,468,P1,129,81.7
Paschim Medinipur,608,WMed-608,127,Club Building 127,2021,293,100,2,38,4,437,P1,193,76.3
Paschim Medinipur,608,WMed-608,128,Govt Office 128,2019,249,109,2,34,4,398,P1,140,81.2
Paschim Medinipur,608,WMed-608,128,Govt Office 128,2021,238,110,3,32,3,386,P1,128,78.8
Paschim Medinipur,608,WMed-608,129,Panchayat Bhavan 129,2019,317,212,10,80,6,625,P1,105,77.5
Paschim Medinipur,608,WMed-608,129,Panchayat Bhavan 129,2021,360,194,4,51,6,615,P1,166,76.3
Paschim Medinipur,608,WMed-608,130,Anganwadi Centre 130,2019,302,181,6,42,6,537,P1,121,80.0
Paschim Medinipur,608,WMed-608,130,Anganwadi Centre 130,2021,325,175,4,49,5,558,P1,150,83.2
Paschim Medinipur,608,WMed-608,131,Temple Hall 131,2019,296,164,4,42,5,511,P1,132,81.8
Paschim Medinipur,608,WMed-608,131,Temple Hall 131,2021,242,195,4,40,4,485,P1,47,77.6
Paschim Medinipur,608,WMed-608,132,Health Sub-Centre 132,2019,371,106,6,42,5,530,P1,265,85.2
Paschim Medinipur,608,WMed-608,132,Health Sub-Centre 132,2021,371,97,3,44,5,520,P1,274,83.6
Paschim Medinipur,608,WMed-608,133,High School 133,2019,283,187,5,64,5,544,P1,96,78.5
Paschim Medinipur,608,WMed-608,133,High School 133,2021,318,208,4,49,5,584,P1,110,84.3
Paschim Medinipur,608,WMed-608,134,Community Hall 134,2019,257,136,14,172,6,585,P1,85,81.6
Paschim Medinipur,608,WMed-608,134,Community Hall 134,2021,272,208,5,43,5,533,P1,64,74.3
Paschim Medinipur,608,WMed-608,135,High School 135,2019,223,136,4,52,4,419,P1,87,82.3
Paschim Medinipur,608,WMed-608,135,High School 135,2021,245,115,2,34,4,400,P1,130,78.6
Paschim Medinipur,608,WMed-608,136,Primary School 136,2019,317,116,2,41,5,481,P1,201,81.8
Paschim Medinipur,608,WMed-608,136,Primary School 136,2021,254,163,5,36,5,463,P1,91,78.7
Paschim Medinipur,608,WMed-608,137,Temple Hall 137,2019,214,159,2,35,4,414,P1,55,83.1
Paschim Medinipur,608,WMed-608,137,Temple Hall 137,2021,172,152,7,52,3,386,P1,20,77.5
Paschim Medinipur,608,WMed-608,138,Anganwadi Centre 138,2019,266,168,4,80,6,524,P1,98,84.9
Paschim Medinipur,608,WMed-608,138,Anganwadi Centre 138,2021,255,167,2,40,5,469,P1,88,76.0
Paschim Medinipur,608,WMed-608,139,Temple Hall 139,2019,331,161,15,119,7,633,P1,170,85.0
Paschim Medinipur,608,WMed-608,139,Temple Hall 139,2021,408,145,4,52,6,615,P1,263,82.6
Paschim Medinipur,608,WMed-608,140,Club Building 140,2019,233,159,14,104,5,515,P1,74,83.9
Paschim Medinipur,608,WMed-608,140,Club Building 140,2021,309,128,4,40,5,486,P1,181,79.2
Paschim Medinipur,608,WMed-608,141,Temple Hall 141,2019,322,178,14,99,6,619,P1,144,77.0
Paschim Medinipur,608,WMed-608,141,Temple Hall 141,2021,399,205,6,54,7,671,P1,194,83.5
Paschim Medinipur,608,WMed-608,142,Health Sub-Centre 142,2019,291,106,2,38,4,441,P1,185,78.5
Paschim Medinipur,608,WMed-608,142,Health Sub-Centre 142,2021,259,130,4,35,5,433,P1,129,77.0
Paschim Medinipur,608,WMed-608,143,Community Hall 143,2019,275,119,2,38,4,438,P1,156,75.4
Paschim Medinipur,608,WMed-608,143,Community Hall 143,2021,303,131,3,40,5,482,P1,172,83.0
Paschim Medinipur,608,WMed-608,144,Club Building 144,2019,340,193,6,48,6,593,P1,147,77.7
Paschim Medinipur,608,WMed-608,144,Club Building 144,2021,373,151,7,46,5,582,P1,222,76.3
Paschim Medinipur,608,WMed-608,145,Govt Office 145,2019,295,224,5,47,6,577,P1,71,79.1
Paschim Medinipur,608,WMed-608,145,Govt Office 145,2021,380,168,4,51,6,609,P1,212,83.5
Paschim Medinipur,608,WMed-608,146,Market Building 146,2019,260,162,3,76,5,506,P1,98,76.9
Paschim Medinipur,608,WMed-608,146,Market Building 146,2021,282,141,4,55,5,487,P1,141,74.0
Paschim Medinipur,608,WMed-608,147,Primary School 147,2019,417,199,2,60,7,685,P1,218,83.7
Paschim Medinipur,608,WMed-608,147,Primary School 147,2021,441,182,7,55,7,692,P1,259,84.6
Paschim Medinipur,608,WMed-608,148,Market Building 148,2019,429,181,4,61,7,682,P1,248,83.6
Paschim Medinipur,608,WMed-608,148,Market Building 148,2021,454,156,3,72,7,692,P1,298,84.8
Paschim Medinipur,608,WMed-608,149,Community Hall 149,2019,271,143,5,36,5,460,P1,128,78.2
Paschim Medinipur,608,WMed-608,149,Community Hall 149,2021,312,116,5,38,4,475,P1,196,80.8
Paschim Medinipur,608,WMed-608,150,Community Hall 150,2019,332,227,5,65,6,635,P1,105,82.4
Paschim Medinipur,608,WMed-608,150,Community Hall 150,2021,293,214,6,128,5,646,P1,79,83.8
Paschim Medinipur,608,WMed-608,151,Anganwadi Centre 151,2019,311,175,4,45,5,540,P1,136,75.7
Paschim Medinipur,608,WMed-608,151,Anganwadi Centre 151,2021,248,187,10,105,5,555,P1,61,77.8
Paschim Medinipur,608,WMed-608,152,Temple Hall 152,2019,342,167,4,91,6,610,P1,175,76.6
Paschim Medinipur,608,WMed-608,152,Temple Hall 152,2021,471,127,3,56,8,665,P1,344,83.5
Paschim Medinipur,608,WMed-608,153,Club Building 153,2019,367,136,6,44,6,559,P1,231,77.9
Paschim Medinipur,608,WMed-608,153,Club Building 153,2021,327,151,5,78,6,567,P1,176,79.0
Paschim Medinipur,608,WMed-608,154,Madrasa 154,2019,288,110,4,36,4,442,P1,178,84.8
Paschim Medinipur,608,WMed-608,154,Madrasa 154,2021,211,112,12,100,4,439,P1,99,84.3
Paschim Medinipur,608,WMed-608,155,Market Building 155,2019,323,135,5,63,5,531,P1,188,80.3
Paschim Medinipur,608,WMed-608,155,Market Building 155,2021,376,112,2,47,5,542,P1,264,82.0
Paschim Medinipur,608,WMed-608,156,Community Hall 156,2019,207,88,7,59,3,364,P1,119,74.4
Paschim Medinipur,608,WMed-608,156,Community Hall 156,2021,160,151,5,94,4,414,P1,9,84.7
Paschim Medinipur,608,WMed-608,157,Anganwadi Centre 157,2019,280,196,3,45,5,529,P1,84,81.8
Paschim Medinipur,608,WMed-608,157,Anganwadi Centre 157,2021,231,196,4,79,5,515,P1,35,79.6
Paschim Medinipur,608,WMed-608,158,Temple Hall 158,2019,218,139,2,34,4,397,P1,79,82.2
Paschim Medinipur,608,WMed-608,158,Temple Hall 158,2021,212,125,2,38,4,381,P1,87,78.9
Paschim Medinipur,608,WMed-608,159,Govt Office 159,2019,368,99,3,43,6,519,P1,269,83.4
Paschim Medinipur,608,WMed-608,159,Govt Office 159,2021,285,185,6,41,6,523,P1,100,84.1
Paschim Medinipur,608,WMed-608,160,Post Office 160,2019,279,157,3,41,5,485,P1,122,77.5
Paschim Medinipur,608,WMed-608,160,Post Office 160,2021,281,161,5,39,5,491,P1,120,78.4
Paschim Medinipur,608,WMed-608,161,High School 161,2019,200,117,6,66,4,393,P1,83,81.5
Paschim Medinipur,608,WMed-608,161,High School 161,2021,219,103,1,31,4,358,P1,116,74.3
Paschim Medinipur,608,WMed-608,162,Panchayat Bhavan 162,2019,236,122,4,32,3,397,P1,114,79.7
Paschim Medinipur,608,WMed-608,162,Panchayat Bhavan 162,2021,208,122,7,79,3,419,P1,86,84.1
Paschim Medinipur,608,WMed-608,163,Community Hall 163,2019,354,202,7,67,7,637,P1,152,84.5
Paschim Medinipur,608,WMed-608,163,Community Hall 163,2021,299,218,6,46,5,574,P1,81,76.1
Paschim Medinipur,608,WMed-608,164,Club Building 164,2019,328,235,7,49,6,625,P1,93,82.6
Paschim Medinipur,608,WMed-608,164,Club Building 164,2021,422,134,5,50,7,618,P1,288,81.6
Paschim Medinipur,608,WMed-608,165,Panchayat Bhavan 165,2019,245,107,3,32,4,391,P1,138,76.4
Paschim Medinipur,608,WMed-608,165,Panchayat Bhavan 165,2021,226,112,3,48,3,392,P1,114,76.6
Paschim Medinipur,608,WMed-608,166,Post Office 166,2019,203,147,2,65,5,422,P1,56,79.5
Paschim Medinipur,608,WMed-608,166,Post Office 166,2021,297,83,2,36,4,422,P1,214,79.5
Paschim Medinipur,608,WMed-608,167,Anganwadi Centre 167,2019,368,106,4,43,5,526,P1,262,78.4
Paschim Medinipur,608,WMed-608,167,Anganwadi Centre 167,2021,309,195,2,51,6,563,P1,114,83.9
Paschim Medinipur,608,WMed-608,168,Primary School 168,2019,264,137,5,35,5,446,P1,127,76.6
Paschim Medinipur,608,WMed-608,168,Primary School 168,2021,236,149,5,51,4,445,P1,87,76.5
Paschim Medinipur,608,WMed-608,169,Govt Office 169,2019,310,124,3,64,5,506,P1,186,79.3
Paschim Medinipur,608,WMed-608,169,Govt Office 169,2021,292,113,15,110,6,536,P1,179,84.0
Paschim Medinipur,608,WMed-608,170,Govt Office 170,2019,307,185,4,56,5,557,P1,122,81.7
Paschim Medinipur,608,WMed-608,170,Govt Office 170,2021,336,168,2,48,6,560,P1,168,82.1
Paschim Medinipur,608,WMed-608,171,Govt Office 171,2019,234,159,4,46,5,448,P1,75,85.0
Paschim Medinipur,608,WMed-608,171,Govt Office 171,2021,313,89,5,35,5,447,P1,224,84.8
Paschim Medinipur,608,WMed-608,172,Primary School 172,2019,285,109,5,64,5,468,P1,176,83.7
Paschim Medinipur,608,WMed-608,172,Primary School 172,2021,236,117,11,85,4,453,P1,119,81.0
Paschim Medinipur,608,WMed-608,173,Primary School 173,2019,248,110,4,31,5,398,P1,138,79.9
Paschim Medinipur,608,WMed-608,173,Primary School 173,2021,188,143,3,36,4,374,P1,45,75.1
Paschim Medinipur,608,WMed-608,174,Govt Office 174,2019,316,217,8,59,6,606,P1,99,81.2
Paschim Medinipur,608,WMed-608,174,Govt Office 174,2021,341,201,5,49,6,602,P1,140,80.7
Paschim Medinipur,608,WMed-608,175,Anganwadi Centre 175,2019,252,99,5,58,4,418,P1,153,85.1
Paschim Medinipur,608,WMed-608,175,Anganwadi Centre 175,2021,254,120,1,36,5,416,P1,134,84.7
Paschim Medinipur,608,WMed-608,176,Temple Hall 176,2019,305,176,5,43,6,535,P1,129,83.3
Paschim Medinipur,608,WMed-608,176,Temple Hall 176,2021,270,197,5,42,4,518,P1,73,80.7
Paschim Medinipur,608,WMed-608,177,Post Office 177,2019,262,126,10,104,5,507,P1,136,82.2
Paschim Medinipur,608,WMed-608,177,Post Office 177,2021,286,156,5,39,6,492,P1,130,79.7
Paschim Medinipur,608,WMed-608,178,Post Office 178,2019,340,201,6,62,6,615,P1,139,76.9
Paschim Medinipur,608,WMed-608,178,Post Office 178,2021,311,229,6,48,6,600,P1,82,75.0
Paschim Medinipur,608,WMed-608,179,Anganwadi Centre 179,2019,315,93,4,37,4,453,P1,222,75.5
Paschim Medinipur,608,WMed-608,179,Anganwadi Centre 179,2021,307,117,8,60,5,497,P1,190,82.8
Paschim Medinipur,608,WMed-608,180,Govt Office 180,2019,242,99,4,30,3,378,P1,143,77.9
Paschim Medinipur,608,WMed-608,180,Govt Office 180,2021,243,122,3,34,4,406,P1,121,83.7
Paschim Medinipur,608,WMed-608,181,Madrasa 181,2019,213,113,5,51,3,385,P1,100,78.9
Paschim Medinipur,608,WMed-608,181,Madrasa 181,2021,272,90,4,33,3,402,P1,182,82.4
Paschim Medinipur,608,WMed-608,182,Temple Hall 182,2019,266,145,5,36,5,457,P1,121,84.8
Paschim Medinipur,608,WMed-608,182,Temple Hall 182,2021,270,105,3,34,4,416,P1,165,77.2
Paschim Medinipur,608,WMed-608,183,Health Sub-Centre 183,2019,459,98,6,50,5,618,P1,361,80.6
Paschim Medinipur,608,WMed-608,183,Health Sub-Centre 183,2021,333,201,8,56,6,604,P1,132,78.7
Paschim Medinipur,608,WMed-608,184,Madrasa 184,2019,228,142,7,109,5,491,P1,86,82.0
Paschim Medinipur,608,WMed-608,184,Madrasa 184,2021,302,134,5,41,4,486,P1,168,81.1
Paschim Medinipur,608,WMed-608,185,Health Sub-Centre 185,2019,278,198,4,43,6,529,P1,80,74.6
Paschim Medinipur,608,WMed-608,185,Health Sub-Centre 185,2021,405,101,3,47,6,562,P1,304,79.3
Paschim Medinipur,608,WMed-608,186,Club Building 186,2019,295,151,4,55,5,510,P1,144,83.2
Paschim Medinipur,608,WMed-608,186,Club Building 186,2021,286,136,3,39,5,469,P1,150,76.5
Paschim Medinipur,608,WMed-608,187,Community Hall 187,2019,408,164,3,54,7,636,P1,244,83.0
Paschim Medinipur,608,WMed-608,187,Community Hall 187,2021,323,208,7,46,5,589,P1,115,76.9
Paschim Medinipur,608,WMed-608,188,Community Hall 188,2019,237,136,2,35,4,414,P1,101,78.3
Paschim Medinipur,608,WMed-608,188,Community Hall 188,2021,277,93,2,35,4,411,P1,184,77.7
Paschim Medinipur,608,WMed-608,189,Health Sub-Centre 189,2019,317,131,2,42,5,497,P1,186,74.4
Paschim Medinipur,608,WMed-608,189,Health Sub-Centre 189,2021,215,116,16,198,5,550,P1,17,82.3
Paschim Medinipur,608,WMed-608,190,Primary School 190,2019,181,104,9,67,4,365,P1,77,75.6
Paschim Medinipur,608,WMed-608,190,Primary School 190,2021,246,89,2,32,4,373,P1,157,77.2
Paschim Medinipur,608,WMed-608,191,Post Office 191,2019,311,244,5,51,5,616,P1,67,75.9
Paschim Medinipur,608,WMed-608,191,Post Office 191,2021,383,192,5,52,6,638,P1,191,78.6
Paschim Medinipur,608,WMed-608,192,Market Building 192,2019,220,163,7,77,5,472,P1,57,80.4
Paschim Medinipur,608,WMed-608,192,Market Building 192,2021,297,114,2,39,4,456,P1,183,77.7
Paschim Medinipur,608,WMed-608,193,Health Sub-Centre 193,2019,389,176,5,52,6,628,P1,213,77.1
Paschim Medinipur,608,WMed-608,193,Health Sub-Centre 193,2021,385,171,5,108,6,675,P1,214,82.9
Paschim Medinipur,608,WMed-608,194,Govt Office 194,2019,409,165,6,51,6,637,P1,244,81.1
Paschim Medinipur,608,WMed-608,194,Govt Office 194,2021,297,243,7,50,6,603,P1,54,76.8
Paschim Medinipur,608,WMed-608,195,Market Building 195,2019,313,58,2,36,3,412,P1,255,82.4
Paschim Medinipur,608,WMed-608,195,Market Building 195,2021,207,150,4,32,3,396,P1,57,79.2
Paschim Medinipur,608,WMed-608,196,Govt Office 196,2019,360,221,3,55,6,645,P1,139,80.8
Paschim Medinipur,608,WMed-608,196,Govt Office 196,2021,300,161,6,152,6,625,P1,139,78.3
Paschim Medinipur,608,WMed-608,197,Govt Office 197,2019,301,150,2,43,5,501,P1,151,84.5
Paschim Medinipur,608,WMed-608,197,Govt Office 197,2021,254,143,3,37,5,442,P1,111,74.5
Paschim Medinipur,608,WMed-608,198,Community Hall 198,2019,234,176,3,38,5,456,P1,58,80.0
Paschim Medinipur,608,WMed-608,198,Community Hall 198,2021,241,116,3,70,4,434,P1,125,76.1
Paschim Medinipur,608,WMed-608,199,Madrasa 199,2019,407,129,4,50,6,596,P1,278,78.5
Paschim Medinipur,608,WMed-608,199,Madrasa 199,2021,414,164,3,55,7,643,P1,250,84.7
Paschim Medinipur,608,WMed-608,200,Primary School 200,2019,288,163,5,78,4,538,P1,125,84.1
Paschim Medinipur,608,WMed-608,200,Primary School 200,2021,303,171,6,41,6,527,P1,132,82.3
Paschim Medinipur,608,WMed-608,201,Govt Office 201,2019,263,113,4,33,4,417,P1,150,79.9
Paschim Medinipur,608,WMed-608,201,Govt Office 201,2021,247,130,4,33,5,419,P1,117,80.3
Paschim Medinipur,608,WMed-608,202,Community Hall 202,2019,213,167,3,35,5,423,P1,46,76.4
Paschim Medinipur,608,WMed-608,202,Community Hall 202,2021,280,115,4,36,4,439,P1,165,79.2
Paschim Medinipur,608,WMed-608,203,Health Sub-Centre 203,2019,263,128,6,53,5,455,P1,135,80.4
Paschim Medinipur,608,WMed-608,203,Health Sub-Centre 203,2021,264,137,5,70,5,481,P1,127,85.0
Paschim Medinipur,608,WMed-608,204,Panchayat Bhavan 204,2019,346,115,4,42,5,512,P1,231,74.9
Paschim Medinipur,608,WMed-608,204,Panchayat Bhavan 204,2021,336,130,3,43,6,518,P1,206,75.7
Paschim Medinipur,608,WMed-608,205,Temple Hall 205,2019,252,210,3,69,6,540,P1,42,84.4
Paschim Medinipur,608,WMed-608,205,Temple Hall 205,2021,311,135,5,40,5,496,P1,176,77.5
Paschim Medinipur,609,WMed-609,1,High School 1,2019,237,131,2,39,4,413,P1,106,75.2
Paschim Medinipur,609,WMed-609,1,High School 1,2021,242,137,5,33,4,421,P1,105,76.7
Paschim Medinipur,609,WMed-609,2,Market Building 2,2019,344,209,6,49,6,614,P1,135,84.2
Paschim Medinipur,609,WMed-609,2,Market Building 2,2021,299,225,3,49,6,582,P1,74,79.8
Paschim Medinipur,609,WMed-609,3,Community Hall 3,2019,232,91,6,60,3,392,P1,141,76.4
Paschim Medinipur,609,WMed-609,3,Community Hall 3,2021,239,119,4,32,4,398,P1,120,77.6
Paschim Medinipur,609,WMed-609,4,Post Office 4,2019,243,120,1,35,5,404,P1,123,78.9
Paschim Medinipur,609,WMed-609,4,Post Office 4,2021,195,119,6,72,3,395,P1,76,77.1
Paschim Medinipur,609,WMed-609,5,Health Sub-Centre 5,2019,357,149,5,46,5,562,P1,208,79.2
Paschim Medinipur,609,WMed-609,5,Health Sub-Centre 5,2021,293,221,6,48,6,574,P1,72,80.8
Paschim Medinipur,609,WMed-609,6,Madrasa 6,2019,392,164,2,53,6,617,P1,228,85.0
Paschim Medinipur,609,WMed-609,6,Madrasa 6,2021,337,142,11,103,6,599,P1,195,82.5
Paschim Medinipur,609,WMed-609,7,Temple Hall 7,2019,216,170,2,37,4,429,P1,46,83.3
Paschim Medinipur,609,WMed-609,7,Temple Hall 7,2021,223,90,7,59,5,384,P1,133,74.6
Paschim Medinipur,609,WMed-609,8,Panchayat Bhavan 8,2019,329,200,3,50,6,588,P1,129,81.6
Paschim Medinipur,609,WMed-609,8,Panchayat Bhavan 8,2021,300,194,2,48,5,549,P1,106,76.1
Paschim Medinipur,609,WMed-609,9,Club Building 9,2019,246,166,4,40,5,461,P1,80,76.3
Paschim Medinipur,609,WMed-609,9,Club Building 9,2021,226,142,9,71,4,452,P1,84,74.8
Paschim Medinipur,609,WMed-609,10,Club Building 10,2019,239,106,4,70,3,422,P1,133,79.3
Paschim Medinipur,609,WMed-609,10,Club Building 10,2021,245,134,2,51,4,436,P1,111,82.0
Paschim Medinipur,609,WMed-609,11,Community Hall 11,2019,287,147,6,155,6,601,P1,132,75.0
Paschim Medinipur,609,WMed-609,11,Community Hall 11,2021,294,147,8,190,6,645,P1,104,80.5
Paschim Medinipur,609,WMed-609,12,Club Building 12,2019,353,221,3,78,7,662,P1,132,81.8
Paschim Medinipur,609,WMed-609,12,Club Building 12,2021,303,168,16,110,6,603,P1,135,74.5
Paschim Medinipur,609,WMed-609,13,Post Office 13,2019,297,90,3,36,4,430,P1,207,84.3
Paschim Medinipur,609,WMed-609,13,Post Office 13,2021,227,129,3,45,5,409,P1,98,80.2
Paschim Medinipur,609,WMed-609,14,Community Hall 14,2019,301,174,3,45,5,528,P1,127,77.9
Paschim Medinipur,609,WMed-609,14,Community Hall 14,2021,332,178,6,45,6,567,P1,154,83.6
Paschim Medinipur,609,WMed-609,15,Primary School 15,2019,239,175,6,69,5,494,P1,64,78.5
Paschim Medinipur,609,WMed-609,15,Primary School 15,2021,267,142,12,90,5,516,P1,125,82.0
Paschim Medinipur,609,WMed-609,16,Club Building 16,2019,475,127,4,56,7,669,P1,348,82.4
Paschim Medinipur,609,WMed-609,16,Club Building 16,2021,412,184,4,55,7,662,P1,228,81.5
Paschim Medinipur,609,WMed-609,17,Health Sub-Centre 17,2019,335,178,7,78,5,603,P1,157,82.6
Paschim Medinipur,609,WMed-609,17,Health Sub-Centre 17,2021,459,78,3,51,5,596,P1,381,81.6
Paschim Medinipur,609,WMed-609,18,Club Building 18,2019,365,229,8,52,6,660,P1,136,82.7
Paschim Medinipur,609,WMed-609,18,Club Building 18,2021,382,221,2,60,7,672,P1,161,84.2
Paschim Medinipur,609,WMed-609,19,Madrasa 19,2019,270,104,4,34,4,416,P1,166,82.4
Paschim Medinipur,609,WMed-609,19,Madrasa 19,2021,222,130,4,31,4,391,P1,92,77.4
Paschim Medinipur,609,WMed-609,20,Govt Office 20,2019,311,113,4,38,5,471,P1,198,77.9
Paschim Medinipur,609,WMed-609,20,Govt Office 20,2021,269,184,5,40,5,503,P1,85,83.1
Paschim Medinipur,609,WMed-609,21,High School 21,2019,343,123,4,42,5,517,P1,220,84.2
Paschim Medinipur,609,WMed-609,21,High School 21,2021,257,183,3,72,5,520,P1,74,84.7
Paschim Medinipur,609,WMed-609,22,Anganwadi Centre 22,2019,315,216,6,77,6,620,P1,99,76.4
Paschim Medinipur,609,WMed-609,22,Anganwadi Centre 22,2021,323,219,4,50,6,602,P1,104,74.2
Paschim Medinipur,609,WMed-609,23,Health Sub-Centre 23,2019,261,119,3,42,4,429,P1,142,75.7
Paschim Medinipur,609,WMed-609,23,Health Sub-Centre 23,2021,246,141,3,36,4,430,P1,105,75.8
Paschim Medinipur,609,WMed-609,24,Community Hall 24,2019,279,126,10,77,5,497,P1,153,75.1
Paschim Medinipur,609,WMed-609,24,Community Hall 24,2021,318,187,2,48,6,561,P1,131,84.7
Paschim Medinipur,609,WMed-609,25,Market Building 25,2019,251,163,3,71,5,493,P1,88,77.4
Paschim Medinipur,609,WMed-609,25,Market Building 25,2021,253,165,4,52,5,479,P1,88,75.2
Paschim Medinipur,609,WMed-609,26,Market Building 26,2019,320,186,6,45,5,562,P1,134,84.0
Paschim Medinipur,609,WMed-609,26,Market Building 26,2021,300,180,4,65,6,555,P1,120,83.0
Paschim Medinipur,609,WMed-609,27,Market Building 27,2019,254,169,4,120,5,552,P1,85,80.0
Paschim Medinipur,609,WMed-609,27,Market Building 27,2021,336,154,5,44,6,545,P1,182,79.0
Paschim Medinipur,609,WMed-609,28,Anganwadi Centre 28,2019,341,198,6,83,7,635,P1,143,79.8
Paschim Medinipur,609,WMed-609,28,Anganwadi Centre 28,2021,365,219,7,51,7,649,P1,146,81.5
Paschim Medinipur,609,WMed-609,29,Post Office 29,2019,333,238,4,53,6,634,P1,95,83.6
Paschim Medinipur,609,WMed-609,29,Post Office 29,2021,340,166,6,94,6,612,P1,174,80.7
Paschim Medinipur,609,WMed-609,30,Temple Hall 30,2019,375,205,7,51,7,645,P1,170,81.2
Paschim Medinipur,609,WMed-609,30,Temple Hall 30,2021,345,144,15,117,5,626,P1,201,78.8
Paschim Medinipur,609,WMed-609,31,Panchayat Bhavan 31,2019,266,109,3,35,4,417,P1,157,81.3
Paschim Medinipur,609,WMed-609,31,Panchayat Bhavan 31,2021,229,100,4,59,4,396,P1,129,77.2
Paschim Medinipur,609,WMed-609,32,Temple Hall 32,2019,307,155,6,64,5,537,P1,152,85.2
Paschim Medinipur,609,WMed-609,32,Temple Hall 32,2021,278,164,5,39,5,491,P1,114,77.9
Paschim Medinipur,609,WMed-609,33,Madrasa 33,2019,326,135,2,44,6,513,P1,191,76.0
Paschim Medinipur,609,WMed-609,33,Madrasa 33,2021,245,187,8,57,5,502,P1,58,74.4
Paschim Medinipur,609,WMed-609,34,Temple Hall 34,2019,212,165,6,85,6,474,P1,47,73.8
Paschim Medinipur,609,WMed-609,34,Temple Hall 34,2021,304,181,5,43,6,539,P1,123,84.0
Paschim Medinipur,609,WMed-609,35,Govt Office 35,2019,473,131,7,54,6,671,P1,342,84.3
Paschim Medinipur,609,WMed-609,35,Govt Office 35,2021,385,171,3,89,6,654,P1,214,82.2
Paschim Medinipur,609,WMed-609,36,Post Office 36,2019,375,215,8,73,6,677,P1,160,83.9
Paschim Medinipur,609,WMed-609,36,Post Office 36,2021,292,233,14,122,7,668,P1,59,82.8
Paschim Medinipur,609,WMed-609,37,Madrasa 37,2019,295,189,3,57,5,549,P1,106,84.6
Paschim Medinipur,609,WMed-609,37,Madrasa 37,2021,310,182,2,52,5,551,P1,128,84.9
Paschim Medinipur,609,WMed-609,38,Madrasa 38,2019,198,132,5,66,4,405,P1,66,74.9
Paschim Medinipur,609,WMed-609,38,Madrasa 38,2021,292,112,5,35,4,448,P1,180,82.8
Paschim Medinipur,609,WMed-609,39,Community Hall 39,2019,315,222,6,48,6,597,P1,93,82.5
Paschim Medinipur,609,WMed-609,39,Community Hall 39,2021,295,182,7,56,5,545,P1,113,75.3
Paschim Medinipur,609,WMed-609,40,Primary School 40,2019,327,160,6,55,6,554,P1,167,76.4
Paschim Medinipur,609,WMed-609,40,Primary School 40,2021,387,154,4,50,6,601,P1,233,82.9
Paschim Medinipur,609,WMed-609,41,Health Sub-Centre 41,2019,264,133,8,57,6,468,P1,131,82.1
Paschim Medinipur,609,WMed-609,41,Health Sub-Centre 41,2021,321,92,2,39,5,459,P1,229,80.5
Paschim Medinipur,609,WMed-609,42,Health Sub-Centre 42,2019,331,166,5,45,5,552,P1,165,80.5
Paschim Medinipur,609,WMed-609,42,Health Sub-Centre 42,2021,336,151,3,46,5,541,P1,185,78.9
Paschim Medinipur,609,WMed-609,43,Market Building 43,2019,268,151,4,37,6,466,P1,117,81.9
Paschim Medinipur,609,WMed-609,43,Market Building 43,2021,292,110,2,38,5,447,P1,182,78.6
Paschim Medinipur,609,WMed-609,44,Panchayat Bhavan 44,2019,237,102,20,150,5,514,P1,87,84.0
Paschim Medinipur,609,WMed-609,44,Panchayat Bhavan 44,2021,376,70,4,40,5,495,P1,306,80.9
Paschim Medinipur,609,WMed-609,45,Community Hall 45,2019,275,148,2,41,4,470,P1,127,82.2
Paschim Medinipur,609,WMed-609,45,Community Hall 45,2021,330,81,5,37,4,457,P1,249,79.9
Paschim Medinipur,609,WMed-609,46,Health Sub-Centre 46,2019,238,105,3,31,5,382,P1,133,77.5
Paschim Medinipur,609,WMed-609,46,Health Sub-Centre 46,2021,199,102,5,74,4,384,P1,97,77.9
Paschim Medinipur,609,WMed-609,47,Madrasa 47,2019,300,170,18,140,7,635,P1,130,77.9
Paschim Medinipur,609,WMed-609,47,Madrasa 47,2021,386,229,3,59,6,683,P1,157,83.8
Paschim Medinipur,609,WMed-609,48,Govt Office 48,2019,211,152,19,166,6,554,P1,45,77.1
Paschim Medinipur,609,WMed-609,48,Govt Office 48,2021,400,135,4,50,5,594,P1,265,82.6
Paschim Medinipur,609,WMed-609,49,Madrasa 49,2019,324,136,2,44,5,511,P1,188,75.3
Paschim Medinipur,609,WMed-609,49,Madrasa 49,2021,306,157,4,42,5,514,P1,149,75.7
Paschim Medinipur,609,WMed-609,50,Club Building 50,2019,323,142,5,41,6,517,P1,181,80.8
Paschim Medinipur,609,WMed-609,50,Club Building 50,2021,328,129,2,43,5,507,P1,199,79.2
Paschim Medinipur,609,WMed-609,51,High School 51,2019,234,97,1,32,3,367,P1,137,75.5
Paschim Medinipur,609,WMed-609,51,High School 51,2021,222,115,4,30,4,375,P1,107,77.2
Paschim Medinipur,609,WMed-609,52,Temple Hall 52,2019,422,178,6,55,6,667,P1,244,83.4
Paschim Medinipur,609,WMed-609,52,Temple Hall 52,2021,335,221,5,51,5,617,P1,114,77.1
Paschim Medinipur,609,WMed-609,53,Health Sub-Centre 53,2019,297,185,5,43,5,535,P1,112,84.4
Paschim Medinipur,609,WMed-609,53,Health Sub-Centre 53,2021,278,170,7,54,6,515,P1,108,81.2
Paschim Medinipur,609,WMed-609,54,Temple Hall 54,2019,322,180,11,160,7,680,P1,142,82.9
Paschim Medinipur,609,WMed-609,54,Temple Hall 54,2021,401,193,7,52,6,659,P1,208,80.4
Paschim Medinipur,609,WMed-609,55,Health Sub-Centre 55,2019,285,135,4,38,5,467,P1,150,82.1
Paschim Medinipur,609,WMed-609,55,Health Sub-Centre 55,2021,252,122,2,47,5,428,P1,130,75.2
Paschim Medinipur,609,WMed-609,56,Panchayat Bhavan 56,2019,302,183,5,43,6,539,P1,119,85.0
Paschim Medinipur,609,WMed-609,56,Panchayat Bhavan 56,2021,319,120,4,40,4,487,P1,199,76.8
Paschim Medinipur,609,WMed-609,57,Health Sub-Centre 57,2019,266,144,4,37,5,456,P1,122,83.4
Paschim Medinipur,609,WMed-609,57,Health Sub-Centre 57,2021,268,123,5,34,4,434,P1,145,79.3
Paschim Medinipur,609,WMed-609,58,Health Sub-Centre 58,2019,218,154,10,120,5,507,P1,64,75.4
Paschim Medinipur,609,WMed-609,58,Health Sub-Centre 58,2021,244,255,5,52,6,562,P2,11,83.6
Paschim Medinipur,609,WMed-609,59,Market Building 59,2019,405,173,4,54,6,642,P1,232,79.0
Paschim Medinipur,609,WMed-609,59,Market Building 59,2021,380,183,5,52,5,625,P1,197,76.9
Paschim Medinipur,609,WMed-609,60,Post Office 60,2019,289,249,11,73,6,628,P1,40,81.5
Paschim Medinipur,609,WMed-609,60,Post Office 60,2021,351,186,2,52,6,597,P1,165,77.4
Paschim Medinipur,609,WMed-609,61,Temple Hall 61,2019,382,160,6,89,6,643,P1,222,83.4
Paschim Medinipur,609,WMed-609,61,Temple Hall 61,2021,383,186,7,61,6,643,P1,197,83.4
Paschim Medinipur,609,WMed-609,62,Temple Hall 62,2019,262,146,5,88,5,506,P1,116,80.6
Paschim Medinipur,609,WMed-609,62,Temple Hall 62,2021,300,168,6,41,5,520,P1,132,82.8
Paschim Medinipur,609,WMed-609,63,Madrasa 63,2019,245,129,4,82,4,464,P1,116,83.3
Paschim Medinipur,609,WMed-609,63,Madrasa 63,2021,262,148,3,38,4,455,P1,114,81.7
Paschim Medinipur,609,WMed-609,64,Club Building 64,2019,271,125,4,36,4,440,P1,146,76.7
Paschim Medinipur,609,WMed-609,64,Club Building 64,2021,263,150,6,49,5,473,P1,113,82.4
Paschim Medinipur,609,WMed-609,65,Community Hall 65,2019,303,148,6,64,5,526,P1,155,74.6
Paschim Medinipur,609,WMed-609,65,Community Hall 65,2021,359,133,5,45,4,546,P1,226,77.4
Paschim Medinipur,609,WMed-609,66,Community Hall 66,2019,288,116,3,37,5,449,P1,172,74.8
Paschim Medinipur,609,WMed-609,66,Community Hall 66,2021,300,149,3,42,5,499,P1,151,83.2
Paschim Medinipur,609,WMed-609,67,Madrasa 67,2019,311,153,6,58,6,534,P1,158,83.7
Paschim Medinipur,609,WMed-609,67,Madrasa 67,2021,312,115,3,40,4,474,P1,197,74.3
Paschim Medinipur,609,WMed-609,68,Post Office 68,2019,289,154,2,43,4,492,P1,135,84.7
Paschim Medinipur,609,WMed-609,68,Post Office 68,2021,253,134,4,34,5,430,P1,119,74.0
Paschim Medinipur,609,WMed-609,69,Post Office 69,2019,352,160,2,49,6,569,P1,192,77.5
Paschim Medinipur,609,WMed-609,69,Post Office 69,2021,301,192,6,43,6,548,P1,109,74.7
Paschim Medinipur,609,WMed-609,70,Temple Hall 70,2019,276,108,10,130,5,529,P1,146,79.1
Paschim Medinipur,609,WMed-609,70,Temple Hall 70,2021,290,196,3,45,6,540,P1,94,80.7
Paschim Medinipur,609,WMed-609,71,Govt Office 71,2019,248,134,6,40,4,432,P1,114,75.0
Paschim Medinipur,609,WMed-609,71,Govt Office 71,2021,297,134,5,38,5,479,P1,163,83.2
Paschim Medinipur,609,WMed-609,72,Post Office 72,2019,239,144,5,68,5,461,P1,95,77.3
Paschim Medinipur,609,WMed-609,72,Post Office 72,2021,310,136,5,40,4,495,P1,174,83.1
Paschim Medinipur,609,WMed-609,73,Club Building 73,2019,333,207,7,47,7,601,P1,126,84.6
Paschim Medinipur,609,WMed-609,73,Club Building 73,2021,313,143,5,86,5,552,P1,170,77.7
Paschim Medinipur,609,WMed-609,74,Govt Office 74,2019,231,172,9,60,4,476,P1,59,83.2
Paschim Medinipur,609,WMed-609,74,Govt Office 74,2021,191,126,4,115,4,440,P1,65,76.9
Paschim Medinipur,609,WMed-609,75,Health Sub-Centre 75,2019,437,98,7,46,7,595,P1,339,79.5
Paschim Medinipur,609,WMed-609,75,Health Sub-Centre 75,2021,307,137,16,121,5,586,P1,170,78.3
Paschim Medinipur,609,WMed-609,76,High School 76,2019,236,146,3,68,5,458,P1,90,74.7
Paschim Medinipur,609,WMed-609,76,High School 76,2021,274,170,6,39,4,493,P1,104,80.4
Paschim Medinipur,609,WMed-609,77,Panchayat Bhavan 77,2019,305,131,7,76,6,525,P1,174,78.0
Paschim Medinipur,609,WMed-609,77,Panchayat Bhavan 77,2021,257,156,7,86,5,511,P1,101,75.9
Paschim Medinipur,609,WMed-609,78,Club Building 78,2019,326,108,4,51,5,494,P1,218,76.1
Paschim Medinipur,609,WMed-609,78,Club Building 78,2021,287,167,5,53,5,517,P1,120,79.7
Paschim Medinipur,609,WMed-609,79,Panchayat Bhavan 79,2019,316,180,3,47,5,551,P1,136,82.7
Paschim Medinipur,609,WMed-609,79,Panchayat Bhavan 79,2021,350,156,3,48,5,562,P1,194,84.4
Paschim Medinipur,609,WMed-609,80,Post Office 80,2019,378,216,3,56,7,660,P1,162,82.6
Paschim Medinipur,609,WMed-609,80,Post Office 80,2021,334,181,11,117,6,649,P1,153,81.2
Paschim Medinipur,609,WMed-609,81,High School 81,2019,366,192,3,52,7,620,P1,174,77.0
Paschim Medinipur,609,WMed-609,81,High School 81,2021,320,150,7,162,7,646,P1,158,80.2
Paschim Medinipur,609,WMed-609,82,Govt Office 82,2019,271,153,4,38,5,471,P1,118,82.9
Paschim Medinipur,609,WMed-609,82,Govt Office 82,2021,224,112,11,110,4,461,P1,112,81.2
Paschim Medinipur,609,WMed-609,83,Community Hall 83,2019,377,148,7,46,6,584,P1,229,80.7
Paschim Medinipur,609,WMed-609,83,Community Hall 83,2021,250,175,6,110,6,547,P1,75,75.6
Paschim Medinipur,609,WMed-609,84,Post Office 84,2019,257,119,8,65,4,453,P1,138,77.2
Paschim Medinipur,609,WMed-609,84,Post Office 84,2021,314,124,3,41,5,487,P1,190,83.0
Paschim Medinipur,609,WMed-609,85,Panchayat Bhavan 85,2019,371,139,6,45,6,567,P1,232,78.6
Paschim Medinipur,609,WMed-609,85,Panchayat Bhavan 85,2021,331,188,7,45,5,576,P1,143,79.9
Paschim Medinipur,609,WMed-609,86,Madrasa 86,2019,414,166,5,69,7,661,P1,248,81.7
Paschim Medinipur,609,WMed-609,86,Madrasa 86,2021,405,179,5,53,7,649,P1,226,80.2
Paschim Medinipur,609,WMed-609,87,Anganwadi Centre 87,2019,290,195,3,46,5,539,P1,95,77.6
Paschim Medinipur,609,WMed-609,87,Anganwadi Centre 87,2021,269,123,12,137,5,546,P1,132,78.6
Paschim Medinipur,609,WMed-609,88,Market Building 88,2019,256,127,3,36,3,425,P1,129,81.0
Paschim Medinipur,609,WMed-609,88,Market Building 88,2021,204,123,4,62,4,397,P1,81,75.6
Paschim Medinipur,609,WMed-609,89,Panchayat Bhavan 89,2019,280,183,3,44,4,514,P1,97,80.4
Paschim Medinipur,609,WMed-609,89,Panchayat Bhavan 89,2021,349,104,5,40,5,503,P1,245,78.7
Paschim Medinipur,609,WMed-609,90,Market Building 90,2019,399,179,7,51,6,642,P1,220,80.6
Paschim Medinipur,609,WMed-609,90,Market Building 90,2021,378,154,5,48,6,591,P1,224,74.2
Paschim Medinipur,609,WMed-609,91,Health Sub-Centre 91,2019,286,123,7,130,6,552,P1,156,77.1
Paschim Medinipur,609,WMed-609,91,Health Sub-Centre 91,2021,341,141,6,67,5,560,P1,200,78.2
Paschim Medinipur,609,WMed-609,92,Madrasa 92,2019,304,144,3,42,5,498,P1,160,82.9
Paschim Medinipur,609,WMed-609,92,Madrasa 92,2021,278,156,2,41,5,482,P1,122,80.2
Paschim Medinipur,609,WMed-609,93,Primary School 93,2019,269,170,5,39,5,488,P1,99,80.8
Paschim Medinipur,609,WMed-609,93,Primary School 93,2021,366,83,2,43,5,499,P1,283,82.6
Paschim Medinipur,609,WMed-609,94,Temple Hall 94,2019,228,111,2,32,3,376,P1,117,76.3
Paschim Medinipur,609,WMed-609,94,Temple Hall 94,2021,222,136,2,34,4,398,P1,86,80.7
Paschim Medinipur,609,WMed-609,95,Club Building 95,2019,265,107,4,33,4,413,P1,158,77.6
Paschim Medinipur,609,WMed-609,95,Club Building 95,2021,256,131,5,34,4,430,P1,125,80.8
Paschim Medinipur,609,WMed-609,96,Madrasa 96,2019,341,117,2,44,5,509,P1,224,78.2
Paschim Medinipur,609,WMed-609,96,Madrasa 96,2021,256,154,4,62,5,481,P1,102,73.9
Paschim Medinipur,609,WMed-609,97,Anganwadi Centre 97,2019,318,122,6,159,5,610,P1,159,75.3
Paschim Medinipur,609,WMed-609,97,Anganwadi Centre 97,2021,398,186,5,57,6,652,P1,212,80.5
Paschim Medinipur,609,WMed-609,98,Panchayat Bhavan 98,2019,346,269,8,53,7,683,P1,77,83.9
Paschim Medinipur,609,WMed-609,98,Panchayat Bhavan 98,2021,426,185,3,58,7,679,P1,241,83.4
Paschim Medinipur,609,WMed-609,99,Community Hall 99,2019,352,171,6,46,6,581,P1,181,85.2
Paschim Medinipur,609,WMed-609,99,Community Hall 99,2021,306,192,9,65,6,578,P1,114,84.8
Paschim Medinipur,609,WMed-609,100,Post Office 100,2019,291,227,4,48,6,576,P1,64,82.4
Paschim Medinipur,609,WMed-609,100,Post Office 100,2021,412,112,2,50,6,582,P1,300,83.3
Paschim Medinipur,609,WMed-609,101,Panchayat Bhavan 101,2019,286,122,4,93,6,511,P1,164,81.1
Paschim Medinipur,609,WMed-609,101,Panchayat Bhavan 101,2021,249,174,4,39,4,470,P1,75,74.6
Paschim Medinipur,609,WMed-609,102,Anganwadi Centre 102,2019,271,128,5,35,4,443,P1,143,78.7
Paschim Medinipur,609,WMed-609,102,Anganwadi Centre 102,2021,224,162,3,70,5,464,P1,62,82.4
Paschim Medinipur,609,WMed-609,103,Market Building 103,2019,258,185,3,41,5,492,P1,73,81.1
Paschim Medinipur,609,WMed-609,103,Market Building 103,2021,312,126,2,41,6,487,P1,186,80.2
Paschim Medinipur,609,WMed-609,104,Madrasa 104,2019,182,142,13,116,5,458,P1,40,76.1
Paschim Medinipur,609,WMed-609,104,Madrasa 104,2021,275,178,4,42,4,503,P1,97,83.6
Paschim Medinipur,609,WMed-609,105,Primary School 105,2019,219,130,3,45,4,401,P1,89,75.2
Paschim Medinipur,609,WMed-609,105,Primary School 105,2021,233,117,2,52,5,409,P1,116,76.7
Paschim Medinipur,609,WMed-609,106,Primary School 106,2019,382,205,7,52,7,653,P1,177,83.6
Paschim Medinipur,609,WMed-609,106,Primary School 106,2021,336,192,6,54,6,594,P1,144,76.1
Paschim Medinipur,609,WMed-609,107,High School 107,2019,365,182,6,49,6,608,P1,183,81.2
Paschim Medinipur,609,WMed-609,107,High School 107,2021,348,169,2,50,5,574,P1,179,76.6
Paschim Medinipur,609,WMed-609,108,Post Office 108,2019,233,97,3,92,4,429,P1,136,76.6
Paschim Medinipur,609,WMed-609,108,Post Office 108,2021,225,187,3,38,5,458,P1,38,81.8
Paschim Medinipur,609,WMed-609,109,Post Office 109,2019,306,231,8,72,6,623,P1,75,82.2
Paschim Medinipur,609,WMed-609,109,Post Office 109,2021,351,133,12,122,6,624,P1,218,82.3
Paschim Medinipur,609,WMed-609,110,Post Office 110,2019,245,131,2,35,5,418,P1,114,84.8
Paschim Medinipur,609,WMed-609,110,Post Office 110,2021,157,73,9,154,4,397,P1,3,80.5
Paschim Medinipur,609,WMed-609,111,Health Sub-Centre 111,2019,213,112,5,65,4,399,P1,101,81.9
Paschim Medinipur,609,WMed-609,111,Health Sub-Centre 111,2021,181,146,7,58,3,395,P1,35,81.1
Paschim Medinipur,609,WMed-609,112,High School 112,2019,261,131,3,36,4,435,P1,130,81.6
Paschim Medinipur,609,WMed-609,112,High School 112,2021,212,162,2,43,4,423,P1,50,79.4
Paschim Medinipur,609,WMed-609,113,High School 113,2019,337,217,6,49,7,616,P1,120,83.1
Paschim Medinipur,609,WMed-609,113,High School 113,2021,358,114,9,80,5,566,P1,244,76.4
Paschim Medinipur,609,WMed-609,114,Panchayat Bhavan 114,2019,349,218,6,51,6,630,P1,131,81.0
Paschim Medinipur,609,WMed-609,114,Panchayat Bhavan 114,2021,246,193,6,131,6,582,P1,53,74.8
Paschim Medinipur,609,WMed-609,115,Panchayat Bhavan 115,2019,218,166,4,61,5,454,P1,52,85.2
Paschim Medinipur,609,WMed-609,115,Panchayat Bhavan 115,2021,269,91,4,32,4,400,P1,178,75.0
Paschim Medinipur,609,WMed-609,116,Post Office 116,2019,272,197,9,135,7,620,P1,75,81.4
Paschim Medinipur,609,WMed-609,116,Post Office 116,2021,340,200,7,47,6,600,P1,140,78.7
Paschim Medinipur,609,WMed-609,117,Market Building 117,2019,370,227,7,52,7,663,P1,143,83.3
Paschim Medinipur,609,WMed-609,117,Market Building 117,2021,342,198,3,51,6,600,P1,144,75.4
Paschim Medinipur,609,WMed-609,118,Primary School 118,2019,408,171,7,51,7,644,P1,237,84.1
Paschim Medinipur,609,WMed-609,118,Primary School 118,2021,381,197,2,56,6,642,P1,184,83.8
Paschim Medinipur,609,WMed-609,119,Anganwadi Centre 119,2019,387,118,3,47,6,561,P1,269,81.8
Paschim Medinipur,609,WMed-609,119,Anganwadi Centre 119,2021,282,167,7,50,5,511,P1,115,74.5
Paschim Medinipur,609,WMed-609,120,Community Hall 120,2019,180,160,5,39,5,389,P1,20,78.4
Paschim Medinipur,609,WMed-609,120,Community Hall 120,2021,230,123,3,46,4,406,P1,107,81.9
Paschim Medinipur,609,WMed-609,121,Madrasa 121,2019,321,105,2,40,5,473,P1,216,81.8
Paschim Medinipur,609,WMed-609,121,Madrasa 121,2021,265,146,8,65,5,489,P1,119,84.6
Paschim Medinipur,609,WMed-609,122,Community Hall 122,2019,270,214,9,106,6,605,P1,56,82.2
Paschim Medinipur,609,WMed-609,122,Community Hall 122,2021,293,168,8,75,5,549,P1,125,74.6
Paschim Medinipur,609,WMed-609,123,Govt Office 123,2019,367,147,4,48,5,571,P1,220,82.9
Paschim Medinipur,609,WMed-609,123,Govt Office 123,2021,248,153,13,106,5,525,P1,95,76.2
Paschim Medinipur,609,WMed-609,124,Post Office 124,2019,408,205,8,55,7,683,P1,203,84.5
Paschim Medinipur,609,WMed-609,124,Post Office 124,2021,400,194,4,55,7,660,P1,206,81.7
Paschim Medinipur,609,WMed-609,125,Primary School 125,2019,221,125,4,30,4,384,P1,96,79.3
Paschim Medinipur,609,WMed-609,125,Primary School 125,2021,254,115,2,35,4,410,P1,139,84.7
Paschim Medinipur,609,WMed-609,126,Health Sub-Centre 126,2019,345,135,7,85,6,578,P1,210,81.6
Paschim Medinipur,609,WMed-609,126,Health Sub-Centre 126,2021,364,174,3,51,6,598,P1,190,84.5
Paschim Medinipur,609,WMed-609,127,Community Hall 127,2019,274,164,2,42,4,486,P1,110,74.3
Paschim Medinipur,609,WMed-609,127,Community Hall 127,2021,248,217,3,65,5,538,P1,31,82.3
Paschim Medinipur,609,WMed-609,128,High School 128,2019,395,146,5,49,6,601,P1,249,82.3
Paschim Medinipur,609,WMed-609,128,High School 128,2021,330,173,6,45,5,559,P1,157,76.6
Paschim Medinipur,609,WMed-609,129,Temple Hall 129,2019,392,161,6,49,6,614,P1,231,79.9
Paschim Medinipur,609,WMed-609,129,Temple Hall 129,2021,368,181,2,53,6,610,P1,187,79.4
Paschim Medinipur,609,WMed-609,130,Primary School 130,2019,267,149,3,38,5,462,P1,118,84.2
Paschim Medinipur,609,WMed-609,130,Primary School 130,2021,303,83,5,34,4,429,P1,220,78.1
Paschim Medinipur,609,WMed-609,131,Govt Office 131,2019,224,139,4,32,4,403,P1,85,80.0
Paschim Medinipur,609,WMed-609,131,Govt Office 131,2021,239,126,4,32,4,405,P1,113,80.4
Paschim Medinipur,609,WMed-609,132,Temple Hall 132,2019,230,127,6,116,4,483,P1,103,80.8
Paschim Medinipur,609,WMed-609,132,Temple Hall 132,2021,290,128,3,39,4,464,P1,162,77.6
Paschim Medinipur,609,WMed-609,133,Community Hall 133,2019,262,259,6,47,5,579,P1,3,76.1
Paschim Medinipur,609,WMed-609,133,Community Hall 133,2021,377,131,5,46,5,564,P1,246,74.1
Paschim Medinipur,609,WMed-609,134,Temple Hall 134,2019,247,121,2,35,4,409,P1,126,78.1
Paschim Medinipur,609,WMed-609,134,Temple Hall 134,2021,208,121,5,66,4,404,P1,87,77.1
Paschim Medinipur,609,WMed-609,135,Post Office 135,2019,298,178,4,81,6,567,P1,120,81.3
Paschim Medinipur,609,WMed-609,135,Post Office 135,2021,338,137,5,43,5,528,P1,201,75.8
Paschim Medinipur,609,WMed-609,136,Post Office 136,2019,383,171,6,50,6,616,P1,212,84.4
Paschim Medinipur,609,WMed-609,136,Post Office 136,2021,378,164,2,52,6,602,P1,214,82.5
Paschim Medinipur,609,WMed-609,137,Govt Office 137,2019,210,119,3,29,4,365,P1,91,75.1
Paschim Medinipur,609,WMed-609,137,Govt Office 137,2021,266,61,3,30,4,364,P1,205,74.9
Paschim Medinipur,609,WMed-609,138,Madrasa 138,2019,240,140,2,36,5,423,P1,100,84.3
Paschim Medinipur,609,WMed-609,138,Madrasa 138,2021,282,95,5,33,4,419,P1,187,83.5
Paschim Medinipur,609,WMed-609,139,Market Building 139,2019,277,123,2,38,4,444,P1,154,77.5
Paschim Medinipur,609,WMed-609,139,Market Building 139,2021,286,126,4,37,4,457,P1,160,79.8
Paschim Medinipur,609,WMed-609,140,Primary School 140,2019,334,149,6,42,6,537,P1,185,76.2
Paschim Medinipur,609,WMed-609,140,Primary School 140,2021,286,189,5,43,5,528,P1,97,74.9
Paschim Medinipur,609,WMed-609,141,Panchayat Bhavan 141,2019,257,122,3,35,4,421,P1,135,78.7
Paschim Medinipur,609,WMed-609,141,Panchayat Bhavan 141,2021,241,119,3,33,5,401,P1,122,75.0
Paschim Medinipur,609,WMed-609,142,Anganwadi Centre 142,2019,172,121,9,105,3,410,P1,51,77.5
Paschim Medinipur,609,WMed-609,142,Anganwadi Centre 142,2021,198,172,4,33,4,411,P1,26,77.7
Paschim Medinipur,609,WMed-609,143,Club Building 143,2019,299,251,14,118,7,689,P1,48,84.4
Paschim Medinipur,609,WMed-609,143,Club Building 143,2021,451,147,5,55,6,664,P1,304,81.4
Paschim Medinipur,609,WMed-609,144,Anganwadi Centre 144,2019,286,198,3,46,5,538,P1,88,85.0
Paschim Medinipur,609,WMed-609,144,Anganwadi Centre 144,2021,263,148,3,49,5,468,P1,115,73.9
Paschim Medinipur,609,WMed-609,145,Club Building 145,2019,414,117,4,50,5,590,P1,297,78.5
Paschim Medinipur,609,WMed-609,145,Club Building 145,2021,356,155,3,51,5,570,P1,201,75.8
Paschim Medinipur,609,WMed-609,146,Post Office 146,2019,255,163,4,77,5,504,P1,92,82.0
Paschim Medinipur,609,WMed-609,146,Post Office 146,2021,231,153,5,61,5,455,P1,78,74.0
Paschim Medinipur,609,WMed-609,147,Health Sub-Centre 147,2019,438,86,3,49,6,582,P1,352,78.1
Paschim Medinipur,609,WMed-609,147,Health Sub-Centre 147,2021,308,205,5,46,6,570,P1,103,76.5
Paschim Medinipur,609,WMed-609,148,Madrasa 148,2019,411,158,4,53,6,632,P1,253,79.8
Paschim Medinipur,609,WMed-609,148,Madrasa 148,2021,416,166,4,55,6,647,P1,250,81.7
Paschim Medinipur,609,WMed-609,149,Primary School 149,2019,240,126,3,46,5,420,P1,114,82.2
Paschim Medinipur,609,WMed-609,149,Primary School 149,2021,294,63,4,32,3,396,P1,231,77.5
Paschim Medinipur,609,WMed-609,150,Post Office 150,2019,204,128,2,47,4,385,P1,76,75.9
Paschim Medinipur,609,WMed-609,150,Post Office 150,2021,266,92,1,35,4,398,P1,174,78.5
Paschim Medinipur,609,WMed-609,151,Temple Hall 151,2019,283,177,11,171,7,649,P1,106,79.9
Paschim Medinipur,609,WMed-609,151,Temple Hall 151,2021,319,187,11,106,7,630,P1,132,77.6
Paschim Medinipur,609,WMed-609,152,Anganwadi Centre 152,2019,334,203,3,50,6,596,P1,131,82.1
Paschim Medinipur,609,WMed-609,152,Anganwadi Centre 152,2021,382,109,3,46,6,546,P1,273,75.2
Paschim Medinipur,609,WMed-609,153,Anganwadi Centre 153,2019,394,130,2,50,7,583,P1,264,76.5
Paschim Medinipur,609,WMed-609,153,Anganwadi Centre 153,2021,359,148,4,46,7,564,P1,211,74.0
Paschim Medinipur,609,WMed-609,154,Madrasa 154,2019,263,159,4,38,5,469,P1,104,77.3
Paschim Medinipur,609,WMed-609,154,Madrasa 154,2021,300,150,4,41,4,499,P1,150,82.2
Paschim Medinipur,609,WMed-609,155,High School 155,2019,175,160,4,98,4,441,P1,15,81.8
Paschim Medinipur,609,WMed-609,155,High School 155,2021,249,109,5,58,3,424,P1,140,78.7
Paschim Medinipur,609,WMed-609,156,Community Hall 156,2019,341,135,8,120,6,610,P1,206,80.8
Paschim Medinipur,609,WMed-609,156,Community Hall 156,2021,339,221,7,49,6,622,P1,118,82.4
Paschim Medinipur,609,WMed-609,157,Temple Hall 157,2019,236,157,6,68,4,471,P1,79,76.6
Paschim Medinipur,609,WMed-609,157,Temple Hall 157,2021,286,108,4,81,5,484,P1,178,78.7
Paschim Medinipur,609,WMed-609,158,Health Sub-Centre 158,2019,305,124,13,153,6,601,P1,152,76.5
Paschim Medinipur,609,WMed-609,158,Health Sub-Centre 158,2021,388,188,3,55,6,640,P1,200,81.4
Paschim Medinipur,609,WMed-609,159,Health Sub-Centre 159,2019,328,174,6,62,6,576,P1,154,83.0
Paschim Medinipur,609,WMed-609,159,Health Sub-Centre 159,2021,304,120,9,92,6,531,P1,184,76.5
Paschim Medinipur,609,WMed-609,160,Community Hall 160,2019,260,145,5,57,5,472,P1,115,85.2
Paschim Medinipur,609,WMed-609,160,Community Hall 160,2021,221,142,10,88,6,467,P1,79,84.3
Paschim Medinipur,609,WMed-609,161,Anganwadi Centre 161,2019,382,170,3,52,6,613,P1,212,82.4
Paschim Medinipur,609,WMed-609,161,Anganwadi Centre 161,2021,357,162,3,49,6,577,P1,195,77.6
Paschim Medinipur,609,WMed-609,162,High School 162,2019,255,97,2,33,5,392,P1,158,74.0
Paschim Medinipur,609,WMed-609,162,High School 162,2021,271,123,3,37,4,438,P1,148,82.6
Paschim Medinipur,609,WMed-609,163,Govt Office 163,2019,260,132,4,52,5,453,P1,128,81.3
Paschim Medinipur,609,WMed-609,163,Govt Office 163,2021,255,140,4,35,5,439,P1,115,78.8
Paschim Medinipur,609,WMed-609,164,Health Sub-Centre 164,2019,282,179,4,44,5,514,P1,103,76.9
Paschim Medinipur,609,WMed-609,164,Health Sub-Centre 164,2021,279,203,10,69,7,568,P1,76,85.0
Paschim Medinipur,609,WMed-609,165,Temple Hall 165,2019,306,172,4,44,5,531,P1,134,78.8
Paschim Medinipur,609,WMed-609,165,Temple Hall 165,2021,295,177,6,58,5,541,P1,118,80.3
Paschim Medinipur,609,WMed-609,166,Community Hall 166,2019,336,180,6,46,6,574,P1,156,82.4
Paschim Medinipur,609,WMed-609,166,Community Hall 166,2021,303,169,4,44,4,524,P1,134,75.2
Paschim Medinipur,609,WMed-609,167,Health Sub-Centre 167,2019,395,160,7,72,6,640,P1,235,78.5
Paschim Medinipur,609,WMed-609,167,Health Sub-Centre 167,2021,411,153,6,51,6,627,P1,258,76.9
Paschim Medinipur,609,WMed-609,168,Post Office 168,2019,273,189,5,41,6,514,P1,84,78.6
Paschim Medinipur,609,WMed-609,168,Post Office 168,2021,388,109,2,48,5,552,P1,279,84.4
Paschim Medinipur,609,WMed-609,169,Club Building 169,2019,329,166,4,46,6,551,P1,163,78.3
Paschim Medinipur,609,WMed-609,169,Club Building 169,2021,370,131,6,44,6,557,P1,239,79.1
Paschim Medinipur,609,WMed-609,170,Primary School 170,2019,300,84,4,34,5,427,P1,216,77.2
Paschim Medinipur,609,WMed-609,170,Primary School 170,2021,273,127,2,38,4,444,P1,146,80.3
Paschim Medinipur,609,WMed-609,171,Anganwadi Centre 171,2019,280,182,11,84,5,562,P1,98,82.6
Paschim Medinipur,609,WMed-609,171,Anganwadi Centre 171,2021,339,126,4,42,5,516,P1,213,75.9
Paschim Medinipur,609,WMed-609,172,Post Office 172,2019,276,146,2,40,4,468,P1,130,76.1
Paschim Medinipur,609,WMed-609,172,Post Office 172,2021,201,106,18,140,4,469,P1,61,76.3
Paschim Medinipur,609,WMed-609,173,Post Office 173,2019,320,68,5,34,5,432,P1,252,75.0
Paschim Medinipur,609,WMed-609,173,Post Office 173,2021,308,129,5,39,5,486,P1,179,84.4
Paschim Medinipur,609,WMed-609,174,Community Hall 174,2019,253,81,2,32,4,372,P1,172,75.6
Paschim Medinipur,609,WMed-609,174,Community Hall 174,2021,283,94,4,34,3,418,P1,189,85.0
Paschim Medinipur,609,WMed-609,175,Community Hall 175,2019,369,85,4,41,6,505,P1,284,84.3
Paschim Medinipur,609,WMed-609,175,Community Hall 175,2021,221,158,15,111,5,510,P1,63,85.1
Paschim Medinipur,609,WMed-609,176,Madrasa 176,2019,223,159,4,34,5,425,P1,64,81.1
Paschim Medinipur,609,WMed-609,176,Madrasa 176,2021,227,148,5,33,4,417,P1,79,79.6
Paschim Medinipur,609,WMed-609,177,Market Building 177,2019,321,135,5,40,5,506,P1,186,77.6
Paschim Medinipur,609,WMed-609,177,Market Building 177,2021,347,130,2,45,6,530,P1,217,81.3
Paschim Medinipur,609,WMed-609,178,Post Office 178,2019,301,115,5,37,5,463,P1,186,82.8
Paschim Medinipur,609,WMed-609,178,Post Office 178,2021,225,114,7,65,4,415,P1,111,74.2
Paschim Medinipur,609,WMed-609,179,Anganwadi Centre 179,2019,272,138,3,38,5,456,P1,134,84.6
Paschim Medinipur,609,WMed-609,179,Anganwadi Centre 179,2021,239,130,2,35,5,411,P1,109,76.3
Paschim Medinipur,609,WMed-609,180,Govt Office 180,2019,280,149,6,37,5,477,P1,131,82.1
Paschim Medinipur,609,WMed-609,180,Govt Office 180,2021,284,130,1,40,5,460,P1,154,79.2
Paschim Medinipur,609,WMed-609,181,Post Office 181,2019,265,127,3,40,4,439,P1,138,74.4
Paschim Medinipur,609,WMed-609,181,Post Office 181,2021,200,182,5,84,5,476,P1,18,80.7
Paschim Medinipur,609,WMed-609,182,Madrasa 182,2019,329,184,4,47,6,570,P1,145,77.9
Paschim Medinipur,609,WMed-609,182,Madrasa 182,2021,319,205,3,62,6,595,P1,114,81.3
Paschim Medinipur,609,WMed-609,183,Club Building 183,2019,219,162,4,35,4,424,P1,57,84.3
Paschim Medinipur,609,WMed-609,183,Club Building 183,2021,258,116,2,36,4,416,P1,142,82.7
Paschim Medinipur,609,WMed-609,184,Madrasa 184,2019,320,172,6,43,5,546,P1,148,77.2
Paschim Medinipur,609,WMed-609,184,Madrasa 184,2021,363,160,2,50,6,581,P1,203,82.2
Paschim Medinipur,609,WMed-609,185,Club Building 185,2019,275,103,2,36,4,420,P1,172,76.5
Paschim Medinipur,609,WMed-609,185,Club Building 185,2021,272,125,5,60,4,466,P1,147,84.9
Paschim Medinipur,609,WMed-609,186,High School 186,2019,260,127,3,36,4,430,P1,133,78.6
Paschim Medinipur,609,WMed-609,186,High School 186,2021,272,146,4,37,5,464,P1,126,84.8
Paschim Medinipur,609,WMed-609,187,Govt Office 187,2019,357,145,5,45,5,557,P1,212,81.8
Paschim Medinipur,609,WMed-609,187,Govt Office 187,2021,325,160,3,46,4,538,P1,165,79.0
Paschim Medinipur,609,WMed-609,188,Health Sub-Centre 188,2019,292,169,2,44,5,512,P1,123,74.5
Paschim Medinipur,609,WMed-609,188,Health Sub-Centre 188,2021,333,175,6,45,5,564,P1,158,82.1
Paschim Medinipur,609,WMed-609,189,Health Sub-Centre 189,2019,406,139,7,47,7,606,P1,267,75.4
Paschim Medinipur,609,WMed-609,189,Health Sub-Centre 189,2021,374,125,10,143,7,659,P1,231,82.0
Paschim Medinipur,609,WMed-609,190,Post Office 190,2019,329,232,7,49,6,623,P1,97,77.4
Paschim Medinipur,609,WMed-609,190,Post Office 190,2021,361,206,2,55,6,630,P1,155,78.3
Paschim Medinipur,609,WMed-609,191,Govt Office 191,2019,310,166,4,43,5,528,P1,144,78.6
Paschim Medinipur,609,WMed-609,191,Govt Office 191,2021,299,184,9,64,6,562,P1,115,83.6
Paschim Medinipur,609,WMed-609,192,Primary School 192,2019,316,191,5,46,6,564,P1,125,79.7
Paschim Medinipur,609,WMed-609,192,Primary School 192,2021,354,178,4,50,6,592,P1,176,83.6
Paschim Medinipur,609,WMed-609,193,Market Building 193,2019,385,168,5,50,7,615,P1,217,75.3
Paschim Medinipur,609,WMed-609,193,Market Building 193,2021,332,164,16,118,6,636,P1,168,77.8
Paschim Medinipur,609,WMed-609,194,Temple Hall 194,2019,252,118,4,43,4,421,P1,134,78.0
Paschim Medinipur,609,WMed-609,194,Temple Hall 194,2021,198,158,2,46,4,408,P1,40,75.6
Paschim Medinipur,609,WMed-609,195,Temple Hall 195,2019,242,111,2,34,4,393,P1,131,74.7
Paschim Medinipur,609,WMed-609,195,Temple Hall 195,2021,242,156,3,36,5,442,P1,86,84.0
Paschim Medinipur,609,WMed-609,196,Anganwadi Centre 196,2019,349,193,5,49,6,602,P1,156,84.3
Paschim Medinipur,609,WMed-609,196,Anganwadi Centre 196,2021,271,207,5,92,7,582,P1,64,81.5
Paschim Medinipur,609,WMed-609,197,Health Sub-Centre 197,2019,249,168,7,55,4,483,P1,81,84.6
Paschim Medinipur,609,WMed-609,197,Health Sub-Centre 197,2021,297,81,10,82,5,475,P1,215,83.2
Paschim Medinipur,609,WMed-609,198,Post Office 198,2019,312,188,5,119,6,630,P1,124,78.4
Paschim Medinipur,609,WMed-609,198,Post Office 198,2021,366,210,3,55,6,640,P1,156,79.6
Paschim Medinipur,609,WMed-609,199,Club Building 199,2019,384,136,5,47,5,577,P1,248,76.9
Paschim Medinipur,609,WMed-609,199,Club Building 199,2021,301,212,2,56,6,577,P1,89,76.9
Paschim Medinipur,609,WMed-609,200,Community Hall 200,2019,327,207,4,49,6,593,P1,120,80.9
Paschim Medinipur,609,WMed-609,200,Community Hall 200,2021,359,169,8,73,6,615,P1,190,83.9
Paschim Medinipur,609,WMed-609,201,Temple Hall 201,2019,412,165,7,51,6,641,P1,247,78.6
Paschim Medinipur,609,WMed-609,201,Temple Hall 201,2021,348,231,6,52,7,644,P1,117,78.9
Paschim Medinipur,609,WMed-609,202,Primary School 202,2019,390,173,6,56,7,632,P1,217,78.3
Paschim Medinipur,609,WMed-609,202,Primary School 202,2021,366,142,6,88,6,608,P1,224,75.3
Paschim Medinipur,610,WMed-610,1,Primary School 1,2019,211,87,10,95,4,407,P1,116,79.3
Paschim Medinipur,610,WMed-610,1,Primary School 1,2021,269,80,5,30,4,388,P1,189,75.6
Paschim Medinipur,610,WMed-610,2,Community Hall 2,2019,332,175,6,128,7,648,P1,157,84.5
Paschim Medinipur,610,WMed-610,2,Community Hall 2,2021,328,176,4,101,7,616,P1,152,80.3
Paschim Medinipur,610,WMed-610,3,Club Building 3,2019,345,251,5,60,7,668,P1,94,83.6
Paschim Medinipur,610,WMed-610,3,Club Building 3,2021,371,207,3,54,7,642,P1,164,80.4
Paschim Medinipur,610,WMed-610,4,Primary School 4,2019,377,170,6,61,6,620,P1,207,81.7
Paschim Medinipur,610,WMed-610,4,Primary School 4,2021,316,163,15,112,7,613,P1,153,80.8
Paschim Medinipur,610,WMed-610,5,Post Office 5,2019,354,188,6,49,6,603,P1,166,80.0
Paschim Medinipur,610,WMed-610,5,Post Office 5,2021,350,184,7,75,6,622,P1,166,82.5
Paschim Medinipur,610,WMed-610,6,Primary School 6,2019,302,136,3,51,4,496,P1,166,77.7
Paschim Medinipur,610,WMed-610,6,Primary School 6,2021,293,167,3,45,6,514,P1,126,80.6
Paschim Medinipur,610,WMed-610,7,Panchayat Bhavan 7,2019,183,102,9,71,3,368,P1,81,75.1
Paschim Medinipur,610,WMed-610,7,Panchayat Bhavan 7,2021,245,120,3,34,4,406,P1,125,82.9
Paschim Medinipur,610,WMed-610,8,Panchayat Bhavan 8,2019,297,153,12,97,6,565,P1,144,76.1
Paschim Medinipur,610,WMed-610,8,Panchayat Bhavan 8,2021,273,180,8,100,6,567,P1,93,76.4
Paschim Medinipur,610,WMed-610,9,Anganwadi Centre 9,2019,319,215,3,78,6,621,P1,104,82.8
Paschim Medinipur,610,WMed-610,9,Anganwadi Centre 9,2021,298,167,10,105,5,585,P1,131,78.0
Paschim Medinipur,610,WMed-610,10,Panchayat Bhavan 10,2019,383,168,7,48,6,612,P1,215,77.9
Paschim Medinipur,610,WMed-610,10,Panchayat Bhavan 10,2021,368,190,3,78,6,645,P1,178,82.1
Paschim Medinipur,610,WMed-610,11,Health Sub-Centre 11,2019,221,185,6,76,4,492,P1,36,81.3
Paschim Medinipur,610,WMed-610,11,Health Sub-Centre 11,2021,407,51,4,42,5,509,P1,356,84.1
Paschim Medinipur,610,WMed-610,12,Post Office 12,2019,282,166,5,52,5,510,P1,116,76.1
Paschim Medinipur,610,WMed-610,12,Post Office 12,2021,276,204,4,48,5,537,P1,72,80.1
Paschim Medinipur,610,WMed-610,13,Community Hall 13,2019,316,189,3,47,6,561,P1,127,74.2
Paschim Medinipur,610,WMed-610,13,Community Hall 13,2021,392,137,3,50,6,588,P1,255,77.8
Paschim Medinipur,610,WMed-610,14,Madrasa 14,2019,301,126,4,39,5,475,P1,175,85.3
Paschim Medinipur,610,WMed-610,14,Madrasa 14,2021,278,98,2,36,4,418,P1,180,75.0
Paschim Medinipur,610,WMed-610,15,Health Sub-Centre 15,2019,345,244,8,51,6,654,P1,101,83.6
Paschim Medinipur,610,WMed-610,15,Health Sub-Centre 15,2021,349,185,7,47,6,594,P1,164,76.0
Paschim Medinipur,610,WMed-610,16,Madrasa 16,2019,243,168,4,37,5,457,P1,75,74.4
Paschim Medinipur,610,WMed-610,16,Madrasa 16,2021,251,130,6,106,5,498,P1,121,81.1
Paschim Medinipur,610,WMed-610,17,Market Building 17,2019,279,202,3,45,5,534,P1,77,79.1
Paschim Medinipur,610,WMed-610,17,Market Building 17,2021,302,188,6,43,5,544,P1,114,80.6
Paschim Medinipur,610,WMed-610,18,High School 18,2019,213,139,4,65,4,425,P1,74,77.8
Paschim Medinipur,610,WMed-610,18,High School 18,2021,276,86,3,33,5,403,P1,190,73.8
Paschim Medinipur,610,WMed-610,19,Primary School 19,2019,349,215,4,52,7,627,P1,134,79.5
Paschim Medinipur,610,WMed-610,19,Primary School 19,2021,392,168,4,86,6,656,P1,224,83.1
Paschim Medinipur,610,WMed-610,20,Club Building 20,2019,288,132,5,42,5,472,P1,156,78.3
Paschim Medinipur,610,WMed-610,20,Club Building 20,2021,290,139,3,40,4,476,P1,151,78.9
Paschim Medinipur,610,WMed-610,21,Health Sub-Centre 21,2019,353,194,13,110,7,677,P1,159,84.8
Paschim Medinipur,610,WMed-610,21,Health Sub-Centre 21,2021,303,231,5,64,6,609,P1,72,76.3
Paschim Medinipur,610,WMed-610,22,Primary School 22,2019,308,153,4,42,5,512,P1,155,83.1
Paschim Medinipur,610,WMed-610,22,Primary School 22,2021,298,163,5,48,5,519,P1,135,84.3
Paschim Medinipur,610,WMed-610,23,Temple Hall 23,2019,286,167,6,40,4,503,P1,119,77.5
Paschim Medinipur,610,WMed-610,23,Temple Hall 23,2021,236,118,15,163,6,538,P1,73,82.9
Paschim Medinipur,610,WMed-610,24,Temple Hall 24,2019,356,135,2,47,5,545,P1,221,84.0
Paschim Medinipur,610,WMed-610,24,Temple Hall 24,2021,246,200,7,56,4,513,P1,46,79.0
Paschim Medinipur,610,WMed-610,25,Govt Office 25,2019,266,136,15,127,5,549,P1,130,76.5
Paschim Medinipur,610,WMed-610,25,Govt Office 25,2021,417,71,2,46,6,542,P1,346,75.5
Paschim Medinipur,610,WMed-610,26,Madrasa 26,2019,429,134,3,54,6,626,P1,295,78.5
Paschim Medinipur,610,WMed-610,26,Madrasa 26,2021,346,174,16,116,7,659,P1,172,82.7
Paschim Medinipur,610,WMed-610,27,Community Hall 27,2019,344,204,4,51,6,609,P1,140,79.2
Paschim Medinipur,610,WMed-610,27,Community Hall 27,2021,358,179,3,50,6,596,P1,179,77.5
Paschim Medinipur,610,WMed-610,28,Panchayat Bhavan 28,2019,305,196,3,47,6,557,P1,109,74.2
Paschim Medinipur,610,WMed-610,28,Panchayat Bhavan 28,2021,358,188,5,50,6,607,P1,170,80.8
Paschim Medinipur,610,WMed-610,29,Primary School 29,2019,258,158,2,40,4,462,P1,100,76.1
Paschim Medinipur,610,WMed-610,29,Primary School 29,2021,241,150,9,100,4,504,P1,91,83.0
Paschim Medinipur,610,WMed-610,30,Club Building 30,2019,381,129,6,45,5,566,P1,252,81.7
Paschim Medinipur,610,WMed-610,30,Club Building 30,2021,344,175,5,59,5,588,P1,169,84.8
Paschim Medinipur,610,WMed-610,31,Anganwadi Centre 31,2019,271,191,5,47,4,518,P1,80,74.7
Paschim Medinipur,610,WMed-610,31,Anganwadi Centre 31,2021,369,108,3,45,6,531,P1,261,76.6
Paschim Medinipur,610,WMed-610,32,Market Building 32,2019,340,178,2,52,6,578,P1,162,78.7
Paschim Medinipur,610,WMed-610,32,Market Building 32,2021,373,164,5,49,6,597,P1,209,81.3
Paschim Medinipur,610,WMed-610,33,Market Building 33,2019,303,140,4,56,5,508,P1,163,77.9
Paschim Medinipur,610,WMed-610,33,Market Building 33,2021,316,133,3,42,4,498,P1,183,76.4
Paschim Medinipur,610,WMed-610,34,Health Sub-Centre 34,2019,284,142,3,39,5,473,P1,142,84.8
Paschim Medinipur,610,WMed-610,34,Health Sub-Centre 34,2021,228,127,8,55,4,422,P1,101,75.6
Paschim Medinipur,610,WMed-610,35,Health Sub-Centre 35,2019,272,204,8,101,5,590,P1,68,77.2
Paschim Medinipur,610,WMed-610,35,Health Sub-Centre 35,2021,377,138,5,46,6,572,P1,239,74.9
Paschim Medinipur,610,WMed-610,36,Govt Office 36,2019,305,143,15,136,6,605,P1,162,76.1
Paschim Medinipur,610,WMed-610,36,Govt Office 36,2021,346,186,5,48,6,591,P1,160,74.3
Paschim Medinipur,610,WMed-610,37,High School 37,2019,247,120,9,105,5,486,P1,127,74.8
Paschim Medinipur,610,WMed-610,37,High School 37,2021,308,143,6,39,5,501,P1,165,77.1
Paschim Medinipur,610,WMed-610,38,Health Sub-Centre 38,2019,315,202,6,63,6,592,P1,113,84.2
Paschim Medinipur,610,WMed-610,38,Health Sub-Centre 38,2021,316,200,4,48,6,574,P1,116,81.7
Paschim Medinipur,610,WMed-610,39,Temple Hall 39,2019,231,108,2,32,4,377,P1,123,76.8
Paschim Medinipur,610,WMed-610,39,Temple Hall 39,2021,211,117,9,70,4,411,P1,94,83.7
Paschim Medinipur,610,WMed-610,40,Anganwadi Centre 40,2019,336,180,7,100,7,630,P1,156,80.3
Paschim Medinipur,610,WMed-610,40,Anganwadi Centre 40,2021,357,132,8,141,7,645,P1,216,82.2
Paschim Medinipur,610,WMed-610,41,High School 41,2019,326,185,2,59,6,578,P1,141,79.7
Paschim Medinipur,610,WMed-610,41,High School 41,2021,315,176,3,46,6,546,P1,139,75.3
Paschim Medinipur,610,WMed-610,42,Govt Office 42,2019,267,205,7,120,7,606,P1,62,78.3
Paschim Medinipur,610,WMed-610,42,Govt Office 42,2021,319,188,3,64,6,580,P1,131,74.9
Paschim Medinipur,610,WMed-610,43,Anganwadi Centre 43,2019,258,158,2,39,5,462,P1,100,77.3
Paschim Medinipur,610,WMed-610,43,Anganwadi Centre 43,2021,291,149,4,44,5,493,P1,142,82.4
Paschim Medinipur,610,WMed-610,44,Club Building 44,2019,348,133,2,46,5,534,P1,215,84.0
Paschim Medinipur,610,WMed-610,44,Club Building 44,2021,346,102,3,42,5,498,P1,244,78.3
Paschim Medinipur,610,WMed-610,45,Post Office 45,2019,208,124,7,70,4,413,P1,84,81.6
Paschim Medinipur,610,WMed-610,45,Post Office 45,2021,249,102,3,47,3,404,P1,147,79.8
Paschim Medinipur,610,WMed-610,46,Primary School 46,2019,422,141,5,52,6,626,P1,281,79.7
Paschim Medinipur,610,WMed-610,46,Primary School 46,2021,345,230,4,53,7,639,P1,115,81.4
Paschim Medinipur,610,WMed-610,47,Temple Hall 47,2019,358,125,15,114,6,618,P1,233,83.5
Paschim Medinipur,610,WMed-610,47,Temple Hall 47,2021,401,162,5,52,6,626,P1,239,84.6
Paschim Medinipur,610,WMed-610,48,Market Building 48,2019,312,150,5,41,6,514,P1,162,82.5
Paschim Medinipur,610,WMed-610,48,Market Building 48,2021,312,159,2,47,5,525,P1,153,84.3
Paschim Medinipur,610,WMed-610,49,Anganwadi Centre 49,2019,252,116,2,35,4,409,P1,136,81.5
Paschim Medinipur,610,WMed-610,49,Anganwadi Centre 49,2021,287,84,2,35,4,412,P1,203,82.1
Paschim Medinipur,610,WMed-610,50,High School 50,2019,336,185,5,47,6,579,P1,151,80.0
Paschim Medinipur,610,WMed-610,50,High School 50,2021,323,173,3,47,5,551,P1,150,76.1
Paschim Medinipur,610,WMed-610,51,Madrasa 51,2019,264,105,6,92,5,472,P1,159,78.4
Paschim Medinipur,610,WMed-610,51,Madrasa 51,2021,309,153,4,42,5,513,P1,156,85.2
Paschim Medinipur,610,WMed-610,52,Temple Hall 52,2019,343,170,2,50,5,570,P1,173,84.2
Paschim Medinipur,610,WMed-610,52,Temple Hall 52,2021,301,184,5,45,4,539,P1,117,79.6
Paschim Medinipur,610,WMed-610,53,High School 53,2019,296,138,6,38,5,483,P1,158,76.4
Paschim Medinipur,610,WMed-610,53,High School 53,2021,278,148,4,55,4,489,P1,130,77.4
Paschim Medinipur,610,WMed-610,54,Post Office 54,2019,223,141,4,32,4,404,P1,82,74.7
Paschim Medinipur,610,WMed-610,54,Post Office 54,2021,286,84,5,32,4,411,P1,202,76.0
Paschim Medinipur,610,WMed-610,55,Panchayat Bhavan 55,2019,321,161,5,91,7,585,P1,160,81.6
Paschim Medinipur,610,WMed-610,55,Panchayat Bhavan 55,2021,296,126,11,95,6,534,P1,170,74.5
Paschim Medinipur,610,WMed-610,56,Post Office 56,2019,292,113,5,36,4,450,P1,179,76.3
Paschim Medinipur,610,WMed-610,56,Post Office 56,2021,354,97,4,41,5,501,P1,257,84.9
Paschim Medinipur,610,WMed-610,57,Club Building 57,2019,245,145,3,36,4,433,P1,100,78.7
Paschim Medinipur,610,WMed-610,57,Club Building 57,2021,231,125,3,60,4,423,P1,106,76.9
Paschim Medinipur,610,WMed-610,58,Community Hall 58,2019,300,212,3,48,6,569,P1,88,82.2
Paschim Medinipur,610,WMed-610,58,Community Hall 58,2021,290,195,4,57,5,551,P1,95,79.6
Paschim Medinipur,610,WMed-610,59,Primary School 59,2019,301,134,7,136,5,583,P1,165,81.7
Paschim Medinipur,610,WMed-610,59,Primary School 59,2021,342,185,3,50,6,586,P1,157,82.1
Paschim Medinipur,610,WMed-610,60,Madrasa 60,2019,259,136,3,52,6,456,P1,123,76.6
Paschim Medinipur,610,WMed-610,60,Madrasa 60,2021,250,177,5,47,5,484,P1,73,81.3
Paschim Medinipur,610,WMed-610,61,Govt Office 61,2019,325,206,7,76,6,620,P1,119,77.2
Paschim Medinipur,610,WMed-610,61,Govt Office 61,2021,416,181,3,78,7,685,P1,235,85.3
Paschim Medinipur,610,WMed-610,62,Primary School 62,2019,208,166,5,55,5,439,P1,42,76.5
Paschim Medinipur,610,WMed-610,62,Primary School 62,2021,299,102,3,37,5,446,P1,197,77.7
Paschim Medinipur,610,WMed-610,63,Govt Office 63,2019,325,195,10,75,7,612,P1,130,83.6
Paschim Medinipur,610,WMed-610,63,Govt Office 63,2021,280,167,10,98,6,561,P1,113,76.6
Paschim Medinipur,610,WMed-610,64,Club Building 64,2019,288,256,7,68,6,625,P1,32,84.3
Paschim Medinipur,610,WMed-610,64,Club Building 64,2021,356,136,5,44,6,547,P1,220,73.8
Paschim Medinipur,610,WMed-610,65,Panchayat Bhavan 65,2019,226,134,3,33,4,400,P1,92,77.7
Paschim Medinipur,610,WMed-610,65,Panchayat Bhavan 65,2021,214,137,1,34,4,390,P1,77,75.7
Paschim Medinipur,610,WMed-610,66,Primary School 66,2019,338,153,2,60,5,558,P1,185,75.9
Paschim Medinipur,610,WMed-610,66,Primary School 66,2021,260,186,10,159,6,621,P1,74,84.5
Paschim Medinipur,610,WMed-610,67,Club Building 67,2019,253,182,2,55,5,497,P1,71,77.1
Paschim Medinipur,610,WMed-610,67,Club Building 67,2021,348,119,3,44,5,519,P1,229,80.5
Paschim Medinipur,610,WMed-610,68,Madrasa 68,2019,316,153,2,45,5,521,P1,163,80.4
Paschim Medinipur,610,WMed-610,68,Madrasa 68,2021,298,117,8,89,5,517,P1,181,79.8
Paschim Medinipur,610,WMed-610,69,Anganwadi Centre 69,2019,271,96,3,34,3,407,P1,175,82.1
Paschim Medinipur,610,WMed-610,69,Anganwadi Centre 69,2021,186,151,5,51,5,398,P1,35,80.2
Paschim Medinipur,610,WMed-610,70,Market Building 70,2019,345,212,8,73,6,644,P1,133,83.6
Paschim Medinipur,610,WMed-610,70,Market Building 70,2021,330,192,7,82,6,617,P1,138,80.1
Paschim Medinipur,610,WMed-610,71,Govt Office 71,2019,202,127,2,31,3,365,P1,75,74.6
Paschim Medinipur,610,WMed-610,71,Govt Office 71,2021,246,93,4,35,4,382,P1,153,78.1
Paschim Medinipur,610,WMed-610,72,High School 72,2019,243,146,8,61,5,463,P1,97,84.8
Paschim Medinipur,610,WMed-610,72,High School 72,2021,269,103,3,34,4,413,P1,166,75.6
Paschim Medinipur,610,WMed-610,73,Health Sub-Centre 73,2019,198,183,4,34,4,423,P1,15,81.8
Paschim Medinipur,610,WMed-610,73,Health Sub-Centre 73,2021,215,99,11,83,3,411,P1,116,79.5
Paschim Medinipur,610,WMed-610,74,Primary School 74,2019,237,184,7,48,4,480,P1,53,80.7
Paschim Medinipur,610,WMed-610,74,Primary School 74,2021,323,131,2,43,5,504,P1,192,84.7
Paschim Medinipur,610,WMed-610,75,Temple Hall 75,2019,292,161,3,42,6,504,P1,131,78.1
Paschim Medinipur,610,WMed-610,75,Temple Hall 75,2021,302,167,6,41,5,521,P1,135,80.8
Paschim Medinipur,610,WMed-610,76,Panchayat Bhavan 76,2019,320,149,5,42,5,521,P1,171,83.1
Paschim Medinipur,610,WMed-610,76,Panchayat Bhavan 76,2021,329,125,5,40,5,504,P1,204,80.4
Paschim Medinipur,610,WMed-610,77,Community Hall 77,2019,260,122,4,80,5,471,P1,138,76.2
Paschim Medinipur,610,WMed-610,77,Community Hall 77,2021,296,150,5,40,5,496,P1,146,80.3
Paschim Medinipur,610,WMed-610,78,Govt Office 78,2019,254,140,4,39,4,441,P1,114,78.6
Paschim Medinipur,610,WMed-610,78,Govt Office 78,2021,221,116,9,65,5,416,P1,105,74.2
Paschim Medinipur,610,WMed-610,79,Madrasa 79,2019,278,193,9,71,5,556,P1,85,75.1
Paschim Medinipur,610,WMed-610,79,Madrasa 79,2021,397,154,7,48,6,612,P1,243,82.7
Paschim Medinipur,610,WMed-610,80,Panchayat Bhavan 80,2019,319,173,7,56,5,560,P1,146,80.5
Paschim Medinipur,610,WMed-610,80,Panchayat Bhavan 80,2021,264,189,8,68,5,534,P1,75,76.7
Paschim Medinipur,610,WMed-610,81,Madrasa 81,2019,242,134,9,77,4,466,P1,108,78.5
Paschim Medinipur,610,WMed-610,81,Madrasa 81,2021,229,152,6,103,4,494,P1,77,83.2
Paschim Medinipur,610,WMed-610,82,Panchayat Bhavan 82,2019,278,77,2,34,4,395,P1,201,80.9
Paschim Medinipur,610,WMed-610,82,Panchayat Bhavan 82,2021,227,112,2,32,3,376,P1,115,77.0
Paschim Medinipur,610,WMed-610,83,Primary School 83,2019,296,140,11,79,4,530,P1,156,84.8
Paschim Medinipur,610,WMed-610,83,Primary School 83,2021,271,153,6,75,4,509,P1,118,81.4
Paschim Medinipur,610,WMed-610,84,Market Building 84,2019,280,163,5,40,4,492,P1,117,84.1
Paschim Medinipur,610,WMed-610,84,Market Building 84,2021,317,108,4,38,5,472,P1,209,80.7
Paschim Medinipur,610,WMed-610,85,Anganwadi Centre 85,2019,272,104,4,34,4,418,P1,168,79.5
Paschim Medinipur,610,WMed-610,85,Anganwadi Centre 85,2021,258,104,2,34,4,402,P1,154,76.4
Paschim Medinipur,610,WMed-610,86,Club Building 86,2019,251,166,20,147,7,591,P1,85,74.4
Paschim Medinipur,610,WMed-610,86,Club Building 86,2021,372,205,4,53,7,641,P1,167,80.7
Paschim Medinipur,610,WMed-610,87,Temple Hall 87,2019,193,167,4,79,5,448,P1,26,81.2
Paschim Medinipur,610,WMed-610,87,Temple Hall 87,2021,214,150,5,53,4,426,P1,64,77.2
Paschim Medinipur,610,WMed-610,88,Health Sub-Centre 88,2019,244,114,7,53,5,423,P1,130,77.8
Paschim Medinipur,610,WMed-610,88,Health Sub-Centre 88,2021,261,127,4,43,5,440,P1,134,80.9
Paschim Medinipur,610,WMed-610,89,Health Sub-Centre 89,2019,257,165,2,48,5,477,P1,92,79.5
Paschim Medinipur,610,WMed-610,89,Health Sub-Centre 89,2021,267,153,3,40,4,467,P1,114,77.8
Paschim Medinipur,610,WMed-610,90,Panchayat Bhavan 90,2019,295,87,3,35,4,424,P1,208,76.7
Paschim Medinipur,610,WMed-610,90,Panchayat Bhavan 90,2021,258,113,2,51,4,428,P1,145,77.4
Paschim Medinipur,610,WMed-610,91,Madrasa 91,2019,232,146,3,35,4,420,P1,86,82.5
Paschim Medinipur,610,WMed-610,91,Madrasa 91,2021,196,131,3,57,4,391,P1,65,76.8
Paschim Medinipur,610,WMed-610,92,Anganwadi Centre 92,2019,297,103,2,43,4,449,P1,194,80.3
Paschim Medinipur,610,WMed-610,92,Anganwadi Centre 92,2021,250,169,4,37,5,465,P1,81,83.2
Paschim Medinipur,610,WMed-610,93,Post Office 93,2019,359,184,3,52,6,604,P1,175,77.9
Paschim Medinipur,610,WMed-610,93,Post Office 93,2021,333,224,8,71,6,642,P1,109,82.8
Paschim Medinipur,610,WMed-610,94,Temple Hall 94,2019,263,161,6,37,4,471,P1,102,75.6
Paschim Medinipur,610,WMed-610,94,Temple Hall 94,2021,308,135,2,42,5,492,P1,173,79.0
Paschim Medinipur,610,WMed-610,95,Temple Hall 95,2019,220,200,3,47,5,475,P1,20,83.3
Paschim Medinipur,610,WMed-610,95,Temple Hall 95,2021,213,173,8,77,4,475,P1,40,83.3
Paschim Medinipur,610,WMed-610,96,Madrasa 96,2019,248,212,3,56,6,525,P1,36,84.1
Paschim Medinipur,610,WMed-610,96,Madrasa 96,2021,288,170,2,44,4,508,P1,118,81.4
Paschim Medinipur,610,WMed-610,97,Community Hall 97,2019,265,132,5,38,5,445,P1,133,78.6
Paschim Medinipur,610,WMed-610,97,Community Hall 97,2021,296,104,4,36,4,444,P1,192,78.4
Paschim Medinipur,610,WMed-610,98,Health Sub-Centre 98,2019,374,156,4,49,5,588,P1,218,82.1
Paschim Medinipur,610,WMed-610,98,Health Sub-Centre 98,2021,282,203,4,44,5,538,P1,79,75.1
Paschim Medinipur,610,WMed-610,99,Primary School 99,2019,331,101,5,38,5,480,P1,230,78.6
Paschim Medinipur,610,WMed-610,99,Primary School 99,2021,270,147,4,38,5,464,P1,123,75.9
Paschim Medinipur,610,WMed-610,100,Govt Office 100,2019,305,137,4,40,5,491,P1,168,85.2
Paschim Medinipur,610,WMed-610,100,Govt Office 100,2021,229,144,11,90,5,479,P1,85,83.2
Paschim Medinipur,610,WMed-610,101,Anganwadi Centre 101,2019,258,141,4,36,5,444,P1,117,81.2
Paschim Medinipur,610,WMed-610,101,Anganwadi Centre 101,2021,211,163,7,48,4,433,P1,48,79.2
Paschim Medinipur,610,WMed-610,102,Madrasa 102,2019,341,102,5,39,5,492,P1,239,84.1
Paschim Medinipur,610,WMed-610,102,Madrasa 102,2021,282,140,2,66,5,495,P1,142,84.6
Paschim Medinipur,610,WMed-610,103,Madrasa 103,2019,368,169,5,48,6,596,P1,199,80.3
Paschim Medinipur,610,WMed-610,103,Madrasa 103,2021,382,156,5,56,6,605,P1,226,81.5
Paschim Medinipur,610,WMed-610,104,Post Office 104,2019,347,143,4,45,5,544,P1,204,78.7
Paschim Medinipur,610,WMed-610,104,Post Office 104,2021,270,153,13,121,5,562,P1,117,81.3
Paschim Medinipur,610,WMed-610,105,Market Building 105,2019,256,137,4,80,5,482,P1,119,79.1
Paschim Medinipur,610,WMed-610,105,Market Building 105,2021,286,133,3,53,6,481,P1,153,79.0
Paschim Medinipur,610,WMed-610,106,Temple Hall 106,2019,250,164,3,38,5,460,P1,86,77.3
Paschim Medinipur,610,WMed-610,106,Temple Hall 106,2021,286,138,5,37,5,471,P1,148,79.2
Paschim Medinipur,610,WMed-610,107,Primary School 107,2019,162,119,12,125,4,422,P1,37,84.2
Paschim Medinipur,610,WMed-610,107,Primary School 107,2021,229,119,4,31,4,387,P1,110,77.2
Paschim Medinipur,610,WMed-610,108,Club Building 108,2019,230,177,3,38,5,453,P1,53,82.5
Paschim Medinipur,610,WMed-610,108,Club Building 108,2021,172,111,8,121,4,416,P1,51,75.8
Paschim Medinipur,610,WMed-610,109,Community Hall 109,2019,318,203,4,89,7,621,P1,115,83.0
Paschim Medinipur,610,WMed-610,109,Community Hall 109,2021,264,201,10,152,5,632,P1,63,84.5
Paschim Medinipur,610,WMed-610,110,Panchayat Bhavan 110,2019,262,189,8,54,5,518,P1,73,84.4
Paschim Medinipur,610,WMed-610,110,Panchayat Bhavan 110,2021,328,128,2,44,4,506,P1,200,82.4
Paschim Medinipur,610,WMed-610,111,Panchayat Bhavan 111,2019,283,165,6,55,5,514,P1,118,80.9
Paschim Medinipur,610,WMed-610,111,Panchayat Bhavan 111,2021,256,126,14,107,5,508,P1,130,80.0
Paschim Medinipur,610,WMed-610,112,Primary School 112,2019,229,96,3,75,5,408,P1,133,82.6
Paschim Medinipur,610,WMed-610,112,Primary School 112,2021,235,110,4,47,4,400,P1,125,81.0
Paschim Medinipur,610,WMed-610,113,High School 113,2019,398,151,7,48,5,609,P1,247,75.9
Paschim Medinipur,610,WMed-610,113,High School 113,2021,334,222,9,70,6,641,P1,112,79.9
Paschim Medinipur,610,WMed-610,114,Health Sub-Centre 114,2019,331,158,10,78,5,582,P1,173,81.2
Paschim Medinipur,610,WMed-610,114,Health Sub-Centre 114,2021,371,118,4,44,6,543,P1,253,75.7
Paschim Medinipur,610,WMed-610,115,Temple Hall 115,2019,313,138,7,61,6,525,P1,175,76.9
Paschim Medinipur,610,WMed-610,115,Temple Hall 115,2021,355,149,6,44,6,560,P1,206,82.0
Paschim Medinipur,610,WMed-610,116,Primary School 116,2019,299,195,8,78,5,585,P1,104,83.7
Paschim Medinipur,610,WMed-610,116,Primary School 116,2021,276,216,2,48,5,547,P1,60,78.3
Paschim Medinipur,610,WMed-610,117,Temple Hall 117,2019,287,84,2,35,5,413,P1,203,81.1
Paschim Medinipur,610,WMed-610,117,Temple Hall 117,2021,226,117,8,66,4,421,P1,109,82.7
Paschim Medinipur,610,WMed-610,118,Post Office 118,2019,274,146,3,39,4,466,P1,128,80.3
Paschim Medinipur,610,WMed-610,118,Post Office 118,2021,223,186,5,47,5,466,P1,37,80.3
Paschim Medinipur,610,WMed-610,119,Market Building 119,2019,319,121,4,122,7,573,P1,197,80.3
Paschim Medinipur,610,WMed-610,119,Market Building 119,2021,304,176,5,46,5,536,P1,128,75.1
Paschim Medinipur,610,WMed-610,120,Madrasa 120,2019,239,189,3,39,5,475,P1,50,75.0
Paschim Medinipur,610,WMed-610,120,Madrasa 120,2021,259,185,7,72,4,527,P1,74,83.3
Paschim Medinipur,610,WMed-610,121,Club Building 121,2019,247,195,8,134,7,591,P1,52,81.1
Paschim Medinipur,610,WMed-610,121,Club Building 121,2021,391,169,5,51,6,622,P1,222,85.3
Paschim Medinipur,610,WMed-610,122,Health Sub-Centre 122,2019,274,114,2,36,5,431,P1,160,78.8
Paschim Medinipur,610,WMed-610,122,Health Sub-Centre 122,2021,219,127,6,65,5,422,P1,92,77.1
Paschim Medinipur,610,WMed-610,123,Primary School 123,2019,244,148,4,35,4,435,P1,96,74.9
Paschim Medinipur,610,WMed-610,123,Primary School 123,2021,289,149,5,39,5,487,P1,140,83.8
Paschim Medinipur,610,WMed-610,124,Anganwadi Centre 124,2019,250,191,8,56,5,510,P1,59,81.0
Paschim Medinipur,610,WMed-610,124,Anganwadi Centre 124,2021,296,145,2,42,4,489,P1,151,77.6
Paschim Medinipur,610,WMed-610,125,Post Office 125,2019,220,102,5,48,3,378,P1,118,76.4
Paschim Medinipur,610,WMed-610,125,Post Office 125,2021,221,111,4,29,3,368,P1,110,74.3
Paschim Medinipur,610,WMed-610,126,Health Sub-Centre 126,2019,325,215,6,62,6,614,P1,110,79.8
Paschim Medinipur,610,WMed-610,126,Health Sub-Centre 126,2021,340,180,6,46,6,578,P1,160,75.2
Paschim Medinipur,610,WMed-610,127,Govt Office 127,2019,248,141,4,35,5,433,P1,107,77.3
Paschim Medinipur,610,WMed-610,127,Govt Office 127,2021,262,106,5,41,4,418,P1,156,74.6
Paschim Medinipur,610,WMed-610,128,Market Building 128,2019,293,74,3,34,4,408,P1,219,74.5
Paschim Medinipur,610,WMed-610,128,Market Building 128,2021,225,120,9,70,5,429,P1,105,78.3
Paschim Medinipur,610,WMed-610,129,High School 129,2019,268,130,6,77,5,486,P1,138,73.9
Paschim Medinipur,610,WMed-610,129,High School 129,2021,273,164,2,60,5,504,P1,109,76.6
Paschim Medinipur,610,WMed-610,130,Temple Hall 130,2019,298,120,3,39,5,465,P1,178,85.0
Paschim Medinipur,610,WMed-610,130,Temple Hall 130,2021,228,153,4,36,5,426,P1,75,77.9
Paschim Medinipur,610,WMed-610,131,High School 131,2019,318,108,2,41,5,474,P1,210,76.6
Paschim Medinipur,610,WMed-610,131,High School 131,2021,237,179,2,40,4,462,P1,58,74.6
Paschim Medinipur,610,WMed-610,132,Club Building 132,2019,360,148,5,46,5,564,P1,212,84.1
Paschim Medinipur,610,WMed-610,132,Club Building 132,2021,322,187,4,47,6,566,P1,135,84.4
Paschim Medinipur,610,WMed-610,133,Panchayat Bhavan 133,2019,281,147,7,121,6,562,P1,134,78.4
Paschim Medinipur,610,WMed-610,133,Panchayat Bhavan 133,2021,288,211,4,54,6,563,P1,77,78.5
Paschim Medinipur,610,WMed-610,134,Anganwadi Centre 134,2019,219,139,4,32,4,398,P1,80,80.4
Paschim Medinipur,610,WMed-610,134,Anganwadi Centre 134,2021,260,80,1,32,4,377,P1,180,76.2
Paschim Medinipur,610,WMed-610,135,Anganwadi Centre 135,2019,331,211,6,60,6,614,P1,120,79.5
Paschim Medinipur,610,WMed-610,135,Anganwadi Centre 135,2021,378,174,2,53,6,613,P1,204,79.4
Paschim Medinipur,610,WMed-610,136,High School 136,2019,280,98,1,36,4,419,P1,182,84.6
Paschim Medinipur,610,WMed-610,136,High School 136,2021,214,143,3,32,4,396,P1,71,80.0
Paschim Medinipur,610,WMed-610,137,Anganwadi Centre 137,2019,214,154,4,53,5,430,P1,60,81.9
Paschim Medinipur,610,WMed-610,137,Anganwadi Centre 137,2021,303,73,3,34,5,418,P1,230,79.6
Paschim Medinipur,610,WMed-610,138,High School 138,2019,412,164,8,56,7,647,P1,248,84.9
Paschim Medinipur,610,WMed-610,138,High School 138,2021,312,167,9,145,7,640,P1,145,84.0
Paschim Medinipur,610,WMed-610,139,Market Building 139,2019,288,86,2,35,5,416,P1,202,80.3
Paschim Medinipur,610,WMed-610,139,Market Building 139,2021,212,165,1,36,5,419,P1,47,80.9
Paschim Medinipur,610,WMed-610,140,Govt Office 140,2019,280,175,5,43,5,508,P1,105,82.9
Paschim Medinipur,610,WMed-610,140,Govt Office 140,2021,317,125,6,39,5,492,P1,192,80.3
Paschim Medinipur,610,WMed-610,141,Anganwadi Centre 141,2019,221,98,3,33,2,357,P1,123,74.2
Paschim Medinipur,610,WMed-610,141,Anganwadi Centre 141,2021,217,113,3,30,3,366,P1,104,76.1
Paschim Medinipur,610,WMed-610,142,Community Hall 142,2019,360,219,8,71,7,665,P1,141,83.2
Paschim Medinipur,610,WMed-610,142,Community Hall 142,2021,289,210,12,101,7,619,P1,79,77.5
Paschim Medinipur,610,WMed-610,143,Club Building 143,2019,277,158,4,68,6,513,P1,119,75.9
Paschim Medinipur,610,WMed-610,143,Club Building 143,2021,326,147,9,77,6,565,P1,179,83.6
Paschim Medinipur,610,WMed-610,144,Post Office 144,2019,427,116,6,48,6,603,P1,311,83.5
Paschim Medinipur,610,WMed-610,144,Post Office 144,2021,285,199,5,81,6,576,P1,86,79.8
Paschim Medinipur,610,WMed-610,145,Community Hall 145,2019,295,110,1,39,5,450,P1,185,75.6
Paschim Medinipur,610,WMed-610,145,Community Hall 145,2021,242,102,14,142,5,505,P1,100,84.9
Paschim Medinipur,610,WMed-610,146,Govt Office 146,2019,289,176,6,65,5,541,P1,113,79.2
Paschim Medinipur,610,WMed-610,146,Govt Office 146,2021,348,164,3,49,5,569,P1,184,83.3
Paschim Medinipur,610,WMed-610,147,Community Hall 147,2019,282,145,19,171,7,624,P1,111,80.8
Paschim Medinipur,610,WMed-610,147,Community Hall 147,2021,299,209,9,69,7,593,P1,90,76.8
Paschim Medinipur,610,WMed-610,148,Post Office 148,2019,249,173,2,40,5,469,P1,76,76.8
Paschim Medinipur,610,WMed-610,148,Post Office 148,2021,284,151,4,56,5,500,P1,133,81.8
Paschim Medinipur,610,WMed-610,149,Community Hall 149,2019,319,151,6,41,5,522,P1,168,74.8
Paschim Medinipur,610,WMed-610,149,Community Hall 149,2021,334,137,5,42,5,523,P1,197,74.9
Paschim Medinipur,610,WMed-610,150,Panchayat Bhavan 150,2019,290,166,5,40,6,507,P1,124,76.6
Paschim Medinipur,610,WMed-610,150,Panchayat Bhavan 150,2021,282,182,6,47,6,523,P1,100,79.0
Paschim Medinipur,610,WMed-610,151,Market Building 151,2019,274,172,5,40,4,495,P1,102,76.4
Paschim Medinipur,610,WMed-610,151,Market Building 151,2021,236,178,8,74,5,501,P1,58,77.3
Paschim Medinipur,610,WMed-610,152,Madrasa 152,2019,315,110,2,41,4,472,P1,205,77.5
Paschim Medinipur,610,WMed-610,152,Madrasa 152,2021,249,176,6,40,4,475,P1,73,78.0
Paschim Medinipur,610,WMed-610,153,Temple Hall 153,2019,200,185,3,36,4,428,P1,15,79.7
Paschim Medinipur,610,WMed-610,153,Temple Hall 153,2021,249,119,1,35,5,409,P1,130,76.2
Paschim Medinipur,610,WMed-610,154,High School 154,2019,187,183,11,78,4,463,P1,4,80.4
Paschim Medinipur,610,WMed-610,154,High School 154,2021,313,106,2,40,5,466,P1,207,80.9
Paschim Medinipur,610,WMed-610,155,Madrasa 155,2019,237,115,11,95,4,462,P1,122,83.5
Paschim Medinipur,610,WMed-610,155,Madrasa 155,2021,286,125,4,37,5,457,P1,161,82.6
Paschim Medinipur,610,WMed-610,156,High School 156,2019,217,134,9,65,3,428,P1,83,82.6
Paschim Medinipur,610,WMed-610,156,High School 156,2021,261,112,3,34,4,414,P1,149,79.9
Paschim Medinipur,610,WMed-610,157,Panchayat Bhavan 157,2019,299,149,9,136,6,599,P1,150,79.9
Paschim Medinipur,610,WMed-610,157,Panchayat Bhavan 157,2021,320,198,4,57,5,584,P1,122,77.9
Paschim Medinipur,610,WMed-610,158,Primary School 158,2019,373,216,5,57,6,657,P1,157,83.9
Paschim Medinipur,610,WMed-610,158,Primary School 158,2021,322,172,6,144,6,650,P1,150,83.0
Paschim Medinipur,610,WMed-610,159,Market Building 159,2019,282,113,7,95,4,501,P1,169,77.4
Paschim Medinipur,610,WMed-610,159,Market Building 159,2021,247,194,7,50,6,504,P1,53,77.9
Paschim Medinipur,610,WMed-610,160,Health Sub-Centre 160,2019,215,127,1,33,5,381,P1,88,76.7
Paschim Medinipur,610,WMed-610,160,Health Sub-Centre 160,2021,233,130,5,41,4,413,P1,103,83.1
Paschim Medinipur,610,WMed-610,161,Panchayat Bhavan 161,2019,162,142,5,118,5,432,P1,20,81.5
Paschim Medinipur,610,WMed-610,161,Panchayat Bhavan 161,2021,258,129,5,44,4,440,P1,129,83.0
Paschim Medinipur,610,WMed-610,162,High School 162,2019,376,206,2,56,7,647,P1,170,81.3
Paschim Medinipur,610,WMed-610,162,High School 162,2021,392,219,7,54,6,678,P1,173,85.2
Paschim Medinipur,610,WMed-610,163,Madrasa 163,2019,263,161,5,38,4,471,P1,102,75.1
Paschim Medinipur,610,WMed-610,163,Madrasa 163,2021,261,109,5,94,5,474,P1,152,75.6
Paschim Medinipur,610,WMed-610,164,Govt Office 164,2019,354,146,4,81,7,592,P1,208,80.9
Paschim Medinipur,610,WMed-610,164,Govt Office 164,2021,347,156,6,44,5,558,P1,191,76.2
Paschim Medinipur,610,WMed-610,165,Club Building 165,2019,316,148,3,79,5,551,P1,168,76.3
Paschim Medinipur,610,WMed-610,165,Club Building 165,2021,402,116,3,49,5,575,P1,286,79.6
Paschim Medinipur,610,WMed-610,166,Madrasa 166,2019,276,159,3,40,5,483,P1,117,80.8
Paschim Medinipur,610,WMed-610,166,Madrasa 166,2021,267,116,13,104,5,505,P1,151,84.4
Paschim Medinipur,610,WMed-610,167,Post Office 167,2019,290,227,2,50,5,574,P1,63,76.8
Paschim Medinipur,610,WMed-610,167,Post Office 167,2021,288,127,11,172,5,603,P1,116,80.7
Paschim Medinipur,610,WMed-610,168,Primary School 168,2019,319,184,3,47,5,558,P1,135,75.6
Paschim Medinipur,610,WMed-610,168,Primary School 168,2021,331,234,4,52,6,627,P1,97,85.0
Paschim Medinipur,610,WMed-610,169,Panchayat Bhavan 169,2019,300,226,6,104,6,642,P1,74,83.1
Paschim Medinipur,610,WMed-610,169,Panchayat Bhavan 169,2021,348,193,9,91,7,648,P1,155,83.8
Paschim Medinipur,610,WMed-610,170,Madrasa 170,2019,378,160,2,52,6,598,P1,218,80.7
Paschim Medinipur,610,WMed-610,170,Madrasa 170,2021,308,209,5,95,6,623,P1,99,84.1
Paschim Medinipur,610,WMed-610,171,Panchayat Bhavan 171,2019,321,139,3,43,5,511,P1,182,78.7
Paschim Medinipur,610,WMed-610,171,Panchayat Bhavan 171,2021,321,114,4,40,4,483,P1,207,74.4
Paschim Medinipur,610,WMed-610,172,Temple Hall 172,2019,222,109,5,47,4,387,P1,113,75.4
Paschim Medinipur,610,WMed-610,172,Temple Hall 172,2021,259,134,4,35,4,436,P1,125,85.0
Paschim Medinipur,610,WMed-610,173,Anganwadi Centre 173,2019,368,177,3,52,6,606,P1,191,74.2
Paschim Medinipur,610,WMed-610,173,Anganwadi Centre 173,2021,471,93,6,50,7,627,P1,378,76.7
Paschim Medinipur,610,WMed-610,174,Govt Office 174,2019,289,95,3,35,4,426,P1,194,75.3
Paschim Medinipur,610,WMed-610,174,Govt Office 174,2021,267,145,5,36,4,457,P1,122,80.7
Paschim Medinipur,610,WMed-610,175,Primary School 175,2019,392,208,7,56,6,669,P1,184,83.0
Paschim Medinipur,610,WMed-610,175,Primary School 175,2021,411,135,7,48,6,607,P1,276,75.3
Paschim Medinipur,610,WMed-610,176,Primary School 176,2019,262,77,8,63,4,414,P1,185,80.5
Paschim Medinipur,610,WMed-610,176,Primary School 176,2021,183,130,4,78,5,400,P1,53,77.8
Paschim Medinipur,610,WMed-610,177,High School 177,2019,265,137,6,55,4,467,P1,128,77.4
Paschim Medinipur,610,WMed-610,177,High School 177,2021,232,85,11,126,5,459,P1,106,76.1
Paschim Medinipur,610,WMed-610,178,Post Office 178,2019,240,134,5,104,5,488,P1,106,73.8
Paschim Medinipur,610,WMed-610,178,Post Office 178,2021,417,79,7,43,5,551,P1,338,83.4
Paschim Medinipur,610,WMed-610,179,Temple Hall 179,2019,315,183,7,88,7,600,P1,132,76.7
Paschim Medinipur,610,WMed-610,179,Temple Hall 179,2021,383,156,4,50,6,599,P1,227,76.6
Paschim Medinipur,610,WMed-610,180,Market Building 180,2019,389,196,4,55,6,650,P1,193,82.5
Paschim Medinipur,610,WMed-610,180,Market Building 180,2021,469,114,6,52,7,648,P1,355,82.2
Paschim Medinipur,610,WMed-610,181,Primary School 181,2019,279,238,6,95,7,625,P1,41,81.0
Paschim Medinipur,610,WMed-610,181,Primary School 181,2021,343,146,8,86,6,589,P1,197,76.3
Paschim Medinipur,610,WMed-610,182,High School 182,2019,399,164,4,52,7,626,P1,235,81.1
Paschim Medinipur,610,WMed-610,182,High School 182,2021,293,159,6,109,6,573,P1,134,74.2
Paschim Medinipur,610,WMed-610,183,Govt Office 183,2019,326,213,5,62,6,612,P1,113,74.8
Paschim Medinipur,610,WMed-610,183,Govt Office 183,2021,391,212,4,57,6,670,P1,179,81.9
Paschim Medinipur,610,WMed-610,184,Health Sub-Centre 184,2019,295,117,4,37,5,458,P1,178,79.8
Paschim Medinipur,610,WMed-610,184,Health Sub-Centre 184,2021,228,179,4,36,5,452,P1,49,78.7
Paschim Medinipur,610,WMed-610,185,Temple Hall 185,2019,236,137,6,44,5,428,P1,99,84.1
Paschim Medinipur,610,WMed-610,185,Temple Hall 185,2021,213,95,6,74,4,392,P1,118,77.0
Paschim Medinipur,610,WMed-610,186,Madrasa 186,2019,194,133,3,62,4,396,P1,61,82.3
Paschim Medinipur,610,WMed-610,186,Madrasa 186,2021,193,129,2,32,3,359,P1,64,74.6
Paschim Medinipur,610,WMed-610,187,Community Hall 187,2019,311,135,4,40,5,495,P1,176,80.8
Paschim Medinipur,610,WMed-610,187,Community Hall 187,2021,293,149,2,50,6,500,P1,144,81.6
Paschim Medinipur,610,WMed-610,188,Temple Hall 188,2019,286,96,15,163,6,566,P1,123,76.3
Paschim Medinipur,610,WMed-610,188,Temple Hall 188,2021,322,186,8,65,6,587,P1,136,79.1
Paschim Medinipur,610,WMed-610,189,Club Building 189,2019,293,170,4,42,5,514,P1,123,83.6
Paschim Medinipur,610,WMed-610,189,Club Building 189,2021,313,141,3,43,4,504,P1,172,82.0
Paschim Medinipur,610,WMed-610,190,Primary School 190,2019,227,114,3,31,3,378,P1,113,76.8
Paschim Medinipur,610,WMed-610,190,Primary School 190,2021,213,113,5,60,4,395,P1,100,80.3
Paschim Medinipur,610,WMed-610,191,Primary School 191,2019,230,202,4,49,5,490,P1,28,85.2
Paschim Medinipur,610,WMed-610,191,Primary School 191,2021,270,125,3,36,5,439,P1,145,76.3
Paschim Medinipur,610,WMed-610,192,Community Hall 192,2019,439,141,6,52,7,645,P1,298,81.6
Paschim Medinipur,610,WMed-610,192,Community Hall 192,2021,326,200,6,106,6,644,P1,126,81.5
Paschim Medinipur,610,WMed-610,193,Madrasa 193,2019,281,192,5,60,5,543,P1,89,77.8
Paschim Medinipur,610,WMed-610,193,Madrasa 193,2021,263,165,10,92,5,535,P1,98,76.6
Paschim Medinipur,610,WMed-610,194,Post Office 194,2019,279,155,3,69,5,511,P1,124,76.8
Paschim Medinipur,610,WMed-610,194,Post Office 194,2021,275,210,2,47,5,539,P1,65,81.1
Paschim Medinipur,610,WMed-610,195,Primary School 195,2019,321,152,5,42,5,525,P1,169,81.5
Paschim Medinipur,610,WMed-610,195,Primary School 195,2021,302,183,3,45,6,539,P1,119,83.7
Paschim Medinipur,610,WMed-610,196,Market Building 196,2019,209,111,4,73,5,402,P1,98,82.7
Paschim Medinipur,610,WMed-610,196,Market Building 196,2021,184,149,5,32,4,374,P1,35,77.0
Paschim Medinipur,610,WMed-610,197,Madrasa 197,2019,304,152,2,46,5,509,P1,152,76.2
Paschim Medinipur,610,WMed-610,197,Madrasa 197,2021,298,164,11,80,6,559,P1,134,83.7
Paschim Medinipur,610,WMed-610,198,Madrasa 198,2019,394,164,3,53,6,620,P1,230,80.3
Paschim Medinipur,610,WMed-610,198,Madrasa 198,2021,303,193,6,62,6,570,P1,110,73.8
Paschim Medinipur,610,WMed-610,199,Madrasa 199,2019,367,242,6,55,7,677,P1,125,83.6
Paschim Medinipur,610,WMed-610,199,Madrasa 199,2021,350,162,12,88,6,618,P1,188,76.3
Paschim Medinipur,610,WMed-610,200,Anganwadi Centre 200,2019,378,99,2,46,5,530,P1,279,75.3
Paschim Medinipur,610,WMed-610,200,Anganwadi Centre 200,2021,343,166,2,49,6,566,P1,177,80.4
Paschim Medinipur,610,WMed-610,201,Market Building 201,2019,404,203,3,57,7,674,P1,201,82.9
Paschim Medinipur,610,WMed-610,201,Market Building 201,2021,368,159,4,88,6,625,P1,209,76.9
Paschim Medinipur,610,WMed-610,202,High School 202,2019,318,221,4,68,7,618,P1,97,84.8
Paschim Medinipur,610,WMed-610,202,High School 202,2021,341,179,3,49,6,578,P1,162,79.3
Paschim Medinipur,610,WMed-610,203,Madrasa 203,2019,220,118,6,49,4,397,P1,102,78.0
Paschim Medinipur,610,WMed-610,203,Madrasa 203,2021,263,89,2,33,4,391,P1,174,76.8
Paschim Medinipur,610,WMed-610,204,Club Building 204,2019,245,155,14,117,5,536,P1,90,75.4
Paschim Medinipur,610,WMed-610,204,Club Building 204,2021,356,109,7,91,5,568,P1,247,79.9
Paschim Medinipur,610,WMed-610,205,Market Building 205,2019,217,138,2,33,5,395,P1,79,78.4
Paschim Medinipur,610,WMed-610,205,Market Building 205,2021,182,101,5,82,4,374,P1,81,74.2
Paschim Medinipur,610,WMed-610,206,Temple Hall 206,2019,284,152,16,127,6,585,P1,132,75.7
Paschim Medinipur,610,WMed-610,206,Temple Hall 206,2021,416,130,4,50,6,606,P1,286,78.4
Paschim Medinipur,610,WMed-610,207,Temple Hall 207,2019,317,149,4,42,6,518,P1,168,77.4
Paschim Medinipur,610,WMed-610,207,Temple Hall 207,2021,294,160,3,58,5,520,P1,134,77.7
Paschim Medinipur,610,WMed-610,208,Primary School 208,2019,283,192,4,44,5,528,P1,91,82.9
Paschim Medinipur,610,WMed-610,208,Primary School 208,2021,250,169,12,93,5,529,P1,81,83.0
Paschim Medinipur,610,WMed-610,209,Club Building 209,2019,289,170,2,44,5,510,P1,119,81.0
Paschim Medinipur,610,WMed-610,209,Club Building 209,2021,334,117,3,42,5,501,P1,217,79.5
Paschim Medinipur,611,WMed-611,1,Market Building 1,2019,306,132,4,40,5,487,P1,174,74.0
Paschim Medinipur,611,WMed-611,1,Market Building 1,2021,254,164,16,119,5,558,P1,90,84.8
Paschim Medinipur,611,WMed-611,2,Panchayat Bhavan 2,2019,214,117,7,58,3,399,P1,97,80.1
Paschim Medinipur,611,WMed-611,2,Panchayat Bhavan 2,2021,241,94,3,30,4,372,P1,147,74.7
Paschim Medinipur,611,WMed-611,3,Club Building 3,2019,220,147,3,33,5,408,P1,73,77.3
Paschim Medinipur,611,WMed-611,3,Club Building 3,2021,267,98,3,33,4,405,P1,169,76.7
Paschim Medinipur,611,WMed-611,4,Community Hall 4,2019,306,110,5,37,4,462,P1,196,74.5
Paschim Medinipur,611,WMed-611,4,Community Hall 4,2021,278,153,7,83,5,526,P1,125,84.8
Paschim Medinipur,611,WMed-611,5,Post Office 5,2019,310,200,11,125,7,653,P1,110,80.7
Paschim Medinipur,611,WMed-611,5,Post Office 5,2021,364,173,7,137,6,687,P1,191,84.9
Paschim Medinipur,611,WMed-611,6,High School 6,2019,372,167,6,48,5,598,P1,205,74.8
Paschim Medinipur,611,WMed-611,6,High School 6,2021,444,107,5,50,6,612,P1,337,76.6
Paschim Medinipur,611,WMed-611,7,Govt Office 7,2019,370,190,6,50,6,622,P1,180,76.7
Paschim Medinipur,611,WMed-611,7,Govt Office 7,2021,396,178,7,51,6,638,P1,218,78.7
Paschim Medinipur,611,WMed-611,8,Community Hall 8,2019,282,133,3,39,4,461,P1,149,82.6
Paschim Medinipur,611,WMed-611,8,Community Hall 8,2021,238,152,3,36,4,433,P1,86,77.6
Paschim Medinipur,611,WMed-611,9,Club Building 9,2019,258,138,3,37,5,441,P1,120,78.9
Paschim Medinipur,611,WMed-611,9,Club Building 9,2021,245,130,3,35,4,417,P1,115,74.6
Paschim Medinipur,611,WMed-611,10,Panchayat Bhavan 10,2019,264,162,8,72,6,512,P1,102,75.9
Paschim Medinipur,611,WMed-611,10,Panchayat Bhavan 10,2021,365,147,3,48,5,568,P1,218,84.1
Paschim Medinipur,611,WMed-611,11,Anganwadi Centre 11,2019,330,180,4,47,6,567,P1,150,79.7
Paschim Medinipur,611,WMed-611,11,Anganwadi Centre 11,2021,357,149,3,48,5,562,P1,208,79.0
Paschim Medinipur,611,WMed-611,12,Club Building 12,2019,301,173,4,63,5,546,P1,128,84.1
Paschim Medinipur,611,WMed-611,12,Club Building 12,2021,271,101,17,148,6,543,P1,123,83.7
Paschim Medinipur,611,WMed-611,13,Anganwadi Centre 13,2019,299,170,10,93,6,578,P1,129,78.1
Paschim Medinipur,611,WMed-611,13,Anganwadi Centre 13,2021,288,200,7,107,6,608,P1,88,82.2
Paschim Medinipur,611,WMed-611,14,Club Building 14,2019,271,85,4,32,4,396,P1,186,75.6
Paschim Medinipur,611,WMed-611,14,Club Building 14,2021,229,109,4,61,3,406,P1,120,77.5
Paschim Medinipur,611,WMed-611,15,High School 15,2019,254,131,7,73,5,470,P1,123,79.1
Paschim Medinipur,611,WMed-611,15,High School 15,2021,280,145,2,40,5,472,P1,135,79.5
Paschim Medinipur,611,WMed-611,16,Anganwadi Centre 16,2019,264,76,1,33,4,378,P1,188,74.6
Paschim Medinipur,611,WMed-611,16,Anganwadi Centre 16,2021,249,102,2,35,4,392,P1,147,77.3
Paschim Medinipur,611,WMed-611,17,Temple Hall 17,2019,248,96,4,30,4,382,P1,152,74.9
Paschim Medinipur,611,WMed-611,17,Temple Hall 17,2021,248,137,3,36,4,428,P1,111,83.9
Paschim Medinipur,611,WMed-611,18,Panchayat Bhavan 18,2019,187,148,3,75,3,416,P1,39,84.9
Paschim Medinipur,611,WMed-611,18,Panchayat Bhavan 18,2021,189,107,4,88,5,393,P1,82,80.2
Paschim Medinipur,611,WMed-611,19,Post Office 19,2019,305,182,7,75,7,576,P1,123,76.3
Paschim Medinipur,611,WMed-611,19,Post Office 19,2021,306,193,3,70,6,578,P1,113,76.6
Paschim Medinipur,611,WMed-611,20,Madrasa 20,2019,266,85,8,77,5,441,P1,181,83.2
Paschim Medinipur,611,WMed-611,20,Madrasa 20,2021,166,176,11,82,5,440,P2,10,83.0
Paschim Medinipur,611,WMed-611,21,Govt Office 21,2019,274,129,3,59,5,470,P1,145,79.3
Paschim Medinipur,611,WMed-611,21,Govt Office 21,2021,295,117,9,72,5,498,P1,178,84.0
Paschim Medinipur,611,WMed-611,22,Anganwadi Centre 22,2019,366,180,5,49,6,606,P1,186,78.2
Paschim Medinipur,611,WMed-611,22,Anganwadi Centre 22,2021,392,175,7,49,7,630,P1,217,81.3
Paschim Medinipur,611,WMed-611,23,Anganwadi Centre 23,2019,291,116,2,39,4,452,P1,175,79.4
Paschim Medinipur,611,WMed-611,23,Anganwadi Centre 23,2021,261,150,4,38,4,457,P1,111,80.3
Paschim Medinipur,611,WMed-611,24,Anganwadi Centre 24,2019,395,97,3,46,6,547,P1,298,82.5
Paschim Medinipur,611,WMed-611,24,Anganwadi Centre 24,2021,255,144,7,102,5,513,P1,111,77.4
Paschim Medinipur,611,WMed-611,25,Temple Hall 25,2019,281,146,5,55,4,491,P1,135,77.2
Paschim Medinipur,611,WMed-611,25,Temple Hall 25,2021,238,180,4,46,4,472,P1,58,74.2
Paschim Medinipur,611,WMed-611,26,Temple Hall 26,2019,284,180,4,49,5,522,P1,104,79.2
Paschim Medinipur,611,WMed-611,26,Temple Hall 26,2021,283,169,6,40,4,502,P1,114,76.2
Paschim Medinipur,611,WMed-611,27,Primary School 27,2019,269,115,12,137,5,538,P1,132,82.3
Paschim Medinipur,611,WMed-611,27,Primary School 27,2021,327,156,3,56,5,547,P1,171,83.6
Paschim Medinipur,611,WMed-611,28,Govt Office 28,2019,277,99,2,35,5,418,P1,178,84.3
Paschim Medinipur,611,WMed-611,28,Govt Office 28,2021,218,126,3,47,5,399,P1,92,80.4
Paschim Medinipur,611,WMed-611,29,High School 29,2019,296,167,5,46,6,520,P1,129,79.5
Paschim Medinipur,611,WMed-611,29,High School 29,2021,285,130,5,111,5,536,P1,155,82.0
Paschim Medinipur,611,WMed-611,30,Govt Office 30,2019,244,180,11,95,5,535,P1,64,81.3
Paschim Medinipur,611,WMed-611,30,Govt Office 30,2021,280,161,3,41,5,490,P1,119,74.5
Paschim Medinipur,611,WMed-611,31,Club Building 31,2019,259,152,8,57,4,480,P1,107,79.5
Paschim Medinipur,611,WMed-611,31,Club Building 31,2021,287,155,4,50,6,502,P1,132,83.1
Paschim Medinipur,611,WMed-611,32,Market Building 32,2019,259,137,3,36,5,440,P1,122,85.3
Paschim Medinipur,611,WMed-611,32,Market Building 32,2021,218,138,5,69,4,434,P1,80,84.1
Paschim Medinipur,611,WMed-611,33,Market Building 33,2019,240,98,3,61,5,407,P1,142,81.4
Paschim Medinipur,611,WMed-611,33,Market Building 33,2021,204,131,6,66,3,410,P1,73,82.0
Paschim Medinipur,611,WMed-611,34,Panchayat Bhavan 34,2019,349,176,6,46,6,583,P1,173,84.2
Paschim Medinipur,611,WMed-611,34,Panchayat Bhavan 34,2021,305,193,9,71,6,584,P1,112,84.4
Paschim Medinipur,611,WMed-611,35,Post Office 35,2019,344,237,5,53,6,645,P1,107,79.2
Paschim Medinipur,611,WMed-611,35,Post Office 35,2021,381,176,2,53,7,619,P1,205,76.0
Paschim Medinipur,611,WMed-611,36,Post Office 36,2019,258,213,6,115,6,598,P1,45,79.0
Paschim Medinipur,611,WMed-611,36,Post Office 36,2021,321,146,5,92,6,570,P1,175,75.3
Paschim Medinipur,611,WMed-611,37,Post Office 37,2019,367,181,3,52,6,609,P1,186,83.3
Paschim Medinipur,611,WMed-611,37,Post Office 37,2021,396,138,5,48,7,594,P1,258,81.3
Paschim Medinipur,611,WMed-611,38,High School 38,2019,215,184,1,38,5,443,P1,31,77.3
Paschim Medinipur,611,WMed-611,38,High School 38,2021,296,124,4,38,4,466,P1,172,81.3
Paschim Medinipur,611,WMed-611,39,Madrasa 39,2019,326,197,7,52,6,588,P1,129,83.2
Paschim Medinipur,611,WMed-611,39,Madrasa 39,2021,267,164,4,104,5,544,P1,103,76.9
Paschim Medinipur,611,WMed-611,40,Club Building 40,2019,258,126,3,36,4,427,P1,132,80.1
Paschim Medinipur,611,WMed-611,40,Club Building 40,2021,223,134,2,34,4,397,P1,89,74.5
Paschim Medinipur,611,WMed-611,41,Community Hall 41,2019,362,173,5,48,6,594,P1,189,74.7
Paschim Medinipur,611,WMed-611,41,Community Hall 41,2021,351,187,5,58,7,608,P1,164,76.5
Paschim Medinipur,611,WMed-611,42,Community Hall 42,2019,282,148,4,56,6,496,P1,134,77.6
Paschim Medinipur,611,WMed-611,42,Community Hall 42,2021,283,120,5,72,5,485,P1,163,75.9
Paschim Medinipur,611,WMed-611,43,Club Building 43,2019,253,87,4,30,4,378,P1,166,76.2
Paschim Medinipur,611,WMed-611,43,Club Building 43,2021,213,153,5,32,4,407,P1,60,82.1
Paschim Medinipur,611,WMed-611,44,Community Hall 44,2019,238,86,6,65,4,399,P1,152,74.7
Paschim Medinipur,611,WMed-611,44,Community Hall 44,2021,170,185,5,41,4,405,P2,15,75.8
Paschim Medinipur,611,WMed-611,45,Anganwadi Centre 45,2019,348,160,9,65,6,588,P1,188,85.0
Paschim Medinipur,611,WMed-611,45,Anganwadi Centre 45,2021,355,154,6,45,6,566,P1,201,81.8
Paschim Medinipur,611,WMed-611,46,Madrasa 46,2019,250,182,7,92,5,536,P1,68,82.8
Paschim Medinipur,611,WMed-611,46,Madrasa 46,2021,313,129,5,39,6,492,P1,184,76.0
Paschim Medinipur,611,WMed-611,47,Temple Hall 47,2019,245,116,4,44,5,414,P1,129,82.8
Paschim Medinipur,611,WMed-611,47,Temple Hall 47,2021,276,87,2,34,4,403,P1,189,80.6
Paschim Medinipur,611,WMed-611,48,Panchayat Bhavan 48,2019,263,139,8,81,5,496,P1,124,80.0
Paschim Medinipur,611,WMed-611,48,Panchayat Bhavan 48,2021,311,117,6,84,5,523,P1,194,84.4
Paschim Medinipur,611,WMed-611,49,Club Building 49,2019,385,141,3,50,5,584,P1,244,83.8
Paschim Medinipur,611,WMed-611,49,Club Building 49,2021,280,210,2,48,6,546,P1,70,78.3
Paschim Medinipur,611,WMed-611,50,Market Building 50,2019,210,131,2,55,3,401,P1,79,75.5
Paschim Medinipur,611,WMed-611,50,Market Building 50,2021,265,108,3,42,4,422,P1,157,79.5
Paschim Medinipur,611,WMed-611,51,Market Building 51,2019,249,147,3,36,5,440,P1,102,74.7
Paschim Medinipur,611,WMed-611,51,Market Building 51,2021,262,162,6,63,5,498,P1,100,84.6
Paschim Medinipur,611,WMed-611,52,Panchayat Bhavan 52,2019,323,175,5,71,6,580,P1,148,83.1
Paschim Medinipur,611,WMed-611,52,Panchayat Bhavan 52,2021,258,166,5,146,6,581,P1,92,83.2
Paschim Medinipur,611,WMed-611,53,High School 53,2019,434,163,5,55,7,664,P1,271,83.8
Paschim Medinipur,611,WMed-611,53,High School 53,2021,311,169,9,164,7,660,P1,142,83.3
Paschim Medinipur,611,WMed-611,54,Post Office 54,2019,358,190,3,52,5,608,P1,168,77.1
Paschim Medinipur,611,WMed-611,54,Post Office 54,2021,423,177,4,56,7,667,P1,246,84.5
Paschim Medinipur,611,WMed-611,55,Govt Office 55,2019,357,137,6,89,6,595,P1,220,78.8
Paschim Medinipur,611,WMed-611,55,Govt Office 55,2021,314,168,8,136,5,631,P1,146,83.6
Paschim Medinipur,611,WMed-611,56,Primary School 56,2019,409,89,2,48,6,554,P1,320,79.8
Paschim Medinipur,611,WMed-611,56,Primary School 56,2021,354,158,4,47,6,569,P1,196,82.0
Paschim Medinipur,611,WMed-611,57,Govt Office 57,2019,348,137,6,42,6,539,P1,211,74.8
Paschim Medinipur,611,WMed-611,57,Govt Office 57,2021,320,136,3,68,6,533,P1,184,73.9
Paschim Medinipur,611,WMed-611,58,Temple Hall 58,2019,280,173,9,110,5,577,P1,107,79.7
Paschim Medinipur,611,WMed-611,58,Temple Hall 58,2021,332,124,10,96,6,568,P1,208,78.5
Paschim Medinipur,611,WMed-611,59,Club Building 59,2019,311,193,2,48,6,560,P1,118,75.5
Paschim Medinipur,611,WMed-611,59,Club Building 59,2021,413,132,3,52,6,606,P1,281,81.7
Paschim Medinipur,611,WMed-611,60,Club Building 60,2019,393,146,3,51,6,599,P1,247,80.5
Paschim Medinipur,611,WMed-611,60,Club Building 60,2021,342,182,5,97,6,632,P1,160,84.9
Paschim Medinipur,611,WMed-611,61,Club Building 61,2019,249,173,4,38,5,469,P1,76,76.4
Paschim Medinipur,611,WMed-611,61,Club Building 61,2021,285,137,4,93,5,524,P1,148,85.3
Paschim Medinipur,611,WMed-611,62,Market Building 62,2019,359,153,6,46,5,569,P1,206,78.3
Paschim Medinipur,611,WMed-611,62,Market Building 62,2021,327,158,4,45,5,539,P1,169,74.1
Paschim Medinipur,611,WMed-611,63,Anganwadi Centre 63,2019,383,187,5,52,6,633,P1,196,79.5
Paschim Medinipur,611,WMed-611,63,Anganwadi Centre 63,2021,372,209,6,52,7,646,P1,163,81.2
Paschim Medinipur,611,WMed-611,64,Madrasa 64,2019,267,126,7,48,4,452,P1,141,79.6
Paschim Medinipur,611,WMed-611,64,Madrasa 64,2021,178,122,21,154,4,479,P1,24,84.3
Paschim Medinipur,611,WMed-611,65,Anganwadi Centre 65,2019,259,144,8,85,5,501,P1,115,83.5
Paschim Medinipur,611,WMed-611,65,Anganwadi Centre 65,2021,245,155,2,38,4,444,P1,90,74.0
Paschim Medinipur,611,WMed-611,66,Community Hall 66,2019,401,157,4,52,6,620,P1,244,76.6
Paschim Medinipur,611,WMed-611,66,Community Hall 66,2021,363,200,11,72,6,652,P1,163,80.6
Paschim Medinipur,611,WMed-611,67,Temple Hall 67,2019,260,218,4,50,5,537,P1,42,74.8
Paschim Medinipur,611,WMed-611,67,Temple Hall 67,2021,263,173,8,113,6,563,P1,90,78.4
Paschim Medinipur,611,WMed-611,68,Panchayat Bhavan 68,2019,327,189,4,48,5,573,P1,138,76.1
Paschim Medinipur,611,WMed-611,68,Panchayat Bhavan 68,2021,365,163,4,81,6,619,P1,202,82.2
Paschim Medinipur,611,WMed-611,69,Temple Hall 69,2019,334,102,5,38,5,484,P1,232,77.4
Paschim Medinipur,611,WMed-611,69,Temple Hall 69,2021,293,133,4,38,5,473,P1,160,75.7
Paschim Medinipur,611,WMed-611,70,Govt Office 70,2019,274,202,4,101,6,587,P1,72,76.3
Paschim Medinipur,611,WMed-611,70,Govt Office 70,2021,411,155,7,50,6,629,P1,256,81.8
Paschim Medinipur,611,WMed-611,71,High School 71,2019,273,99,4,54,4,434,P1,174,74.1
Paschim Medinipur,611,WMed-611,71,High School 71,2021,244,136,4,66,5,455,P1,108,77.6
Paschim Medinipur,611,WMed-611,72,Primary School 72,2019,261,160,2,40,5,468,P1,101,80.8
Paschim Medinipur,611,WMed-611,72,Primary School 72,2021,262,158,3,47,5,475,P1,104,82.0
Paschim Medinipur,611,WMed-611,73,Panchayat Bhavan 73,2019,271,143,3,38,5,460,P1,128,78.9
Paschim Medinipur,611,WMed-611,73,Panchayat Bhavan 73,2021,283,154,5,39,4,485,P1,129,83.2
Paschim Medinipur,611,WMed-611,74,High School 74,2019,343,116,13,97,6,575,P1,227,82.3
Paschim Medinipur,611,WMed-611,74,High School 74,2021,328,201,4,49,6,588,P1,127,84.1
Paschim Medinipur,611,WMed-611,75,Temple Hall 75,2019,228,132,4,32,4,400,P1,96,79.2
Paschim Medinipur,611,WMed-611,75,Temple Hall 75,2021,220,136,1,34,5,396,P1,84,78.4
Paschim Medinipur,611,WMed-611,76,High School 76,2019,215,181,7,119,5,527,P1,34,79.8
Paschim Medinipur,611,WMed-611,76,High School 76,2021,307,144,4,41,6,502,P1,163,76.1
Paschim Medinipur,611,WMed-611,77,Temple Hall 77,2019,301,253,5,50,7,616,P1,48,80.5
Paschim Medinipur,611,WMed-611,77,Temple Hall 77,2021,263,164,16,145,5,593,P1,99,77.5
Paschim Medinipur,611,WMed-611,78,Panchayat Bhavan 78,2019,286,143,3,40,5,477,P1,143,81.3
Paschim Medinipur,611,WMed-611,78,Panchayat Bhavan 78,2021,287,139,4,39,5,474,P1,148,80.7
Paschim Medinipur,611,WMed-611,79,Primary School 79,2019,295,149,3,42,4,493,P1,146,80.4
Paschim Medinipur,611,WMed-611,79,Primary School 79,2021,260,133,9,78,4,484,P1,127,79.0
Paschim Medinipur,611,WMed-611,80,Temple Hall 80,2019,228,110,4,69,4,415,P1,118,78.2
Paschim Medinipur,611,WMed-611,80,Temple Hall 80,2021,291,111,2,39,4,447,P1,180,84.2
Paschim Medinipur,611,WMed-611,81,Post Office 81,2019,321,175,5,44,6,551,P1,146,78.2
Paschim Medinipur,611,WMed-611,81,Post Office 81,2021,354,144,5,45,5,553,P1,210,78.4
Paschim Medinipur,611,WMed-611,82,Panchayat Bhavan 82,2019,262,155,10,103,5,535,P1,107,76.0
Paschim Medinipur,611,WMed-611,82,Panchayat Bhavan 82,2021,336,148,2,46,6,538,P1,188,76.4
Paschim Medinipur,611,WMed-611,83,Panchayat Bhavan 83,2019,305,117,2,41,3,468,P1,188,78.1
Paschim Medinipur,611,WMed-611,83,Panchayat Bhavan 83,2021,277,157,8,64,5,511,P1,120,85.3
Paschim Medinipur,611,WMed-611,84,Panchayat Bhavan 84,2019,319,211,12,83,6,631,P1,108,79.0
Paschim Medinipur,611,WMed-611,84,Panchayat Bhavan 84,2021,457,140,4,56,6,663,P1,317,83.0
Paschim Medinipur,611,WMed-611,85,Club Building 85,2019,278,100,4,34,4,420,P1,178,80.3
Paschim Medinipur,611,WMed-611,85,Club Building 85,2021,264,125,3,36,4,432,P1,139,82.6
Paschim Medinipur,611,WMed-611,86,Madrasa 86,2019,456,138,7,52,7,660,P1,318,82.9
Paschim Medinipur,611,WMed-611,86,Madrasa 86,2021,309,168,4,113,7,601,P1,141,75.5
Paschim Medinipur,611,WMed-611,87,Health Sub-Centre 87,2019,309,183,2,61,5,560,P1,126,80.7
Paschim Medinipur,611,WMed-611,87,Health Sub-Centre 87,2021,309,186,5,45,5,550,P1,123,79.3
Paschim Medinipur,611,WMed-611,88,Primary School 88,2019,273,128,3,38,4,446,P1,145,73.8
Paschim Medinipur,611,WMed-611,88,Primary School 88,2021,259,134,4,45,4,446,P1,125,73.8
Paschim Medinipur,611,WMed-611,89,Temple Hall 89,2019,237,135,3,34,5,414,P1,102,75.0
Paschim Medinipur,611,WMed-611,89,Temple Hall 89,2021,270,117,4,35,4,430,P1,153,77.9
Paschim Medinipur,611,WMed-611,90,High School 90,2019,383,225,6,54,7,675,P1,158,84.1
Paschim Medinipur,611,WMed-611,90,High School 90,2021,397,173,5,52,7,634,P1,224,79.0
Paschim Medinipur,611,WMed-611,91,Community Hall 91,2019,294,134,6,49,5,488,P1,160,74.5
Paschim Medinipur,611,WMed-611,91,Community Hall 91,2021,387,109,2,47,6,551,P1,278,84.1
Paschim Medinipur,611,WMed-611,92,Community Hall 92,2019,352,188,6,79,7,632,P1,164,77.1
Paschim Medinipur,611,WMed-611,92,Community Hall 92,2021,322,225,5,49,7,608,P1,97,74.1
Paschim Medinipur,611,WMed-611,93,Govt Office 93,2019,356,153,4,47,5,565,P1,203,78.5
Paschim Medinipur,611,WMed-611,93,Govt Office 93,2021,338,188,5,47,6,584,P1,150,81.1
Paschim Medinipur,611,WMed-611,94,High School 94,2019,251,103,10,81,4,449,P1,148,82.7
Paschim Medinipur,611,WMed-611,94,High School 94,2021,246,99,11,98,4,458,P1,147,84.3
Paschim Medinipur,611,WMed-611,95,Temple Hall 95,2019,300,172,2,45,5,524,P1,128,78.3
Paschim Medinipur,611,WMed-611,95,Temple Hall 95,2021,344,163,3,48,6,564,P1,181,84.3
Paschim Medinipur,611,WMed-611,96,High School 96,2019,281,145,6,37,4,473,P1,136,81.6
Paschim Medinipur,611,WMed-611,96,High School 96,2021,290,121,6,49,5,471,P1,169,81.2
Paschim Medinipur,611,WMed-611,97,Panchayat Bhavan 97,2019,245,140,2,37,4,428,P1,105,74.2
Paschim Medinipur,611,WMed-611,97,Panchayat Bhavan 97,2021,285,122,4,36,5,452,P1,163,78.3
Paschim Medinipur,611,WMed-611,98,Panchayat Bhavan 98,2019,420,155,5,53,6,639,P1,265,80.0
Paschim Medinipur,611,WMed-611,98,Panchayat Bhavan 98,2021,310,205,11,75,6,607,P1,105,76.0
Paschim Medinipur,611,WMed-611,99,Anganwadi Centre 99,2019,343,189,7,65,7,611,P1,154,83.6
Paschim Medinipur,611,WMed-611,99,Anganwadi Centre 99,2021,317,184,5,45,5,556,P1,133,76.1
Paschim Medinipur,611,WMed-611,100,Temple Hall 100,2019,275,180,4,41,6,506,P1,95,80.8
Paschim Medinipur,611,WMed-611,100,Temple Hall 100,2021,239,165,14,105,5,528,P1,74,84.3
Paschim Medinipur,611,WMed-611,101,Panchayat Bhavan 101,2019,214,128,4,55,4,405,P1,86,82.0
Paschim Medinipur,611,WMed-611,101,Panchayat Bhavan 101,2021,234,108,2,32,4,380,P1,126,76.9
Paschim Medinipur,611,WMed-611,102,Club Building 102,2019,342,167,2,64,6,581,P1,175,73.9
Paschim Medinipur,611,WMed-611,102,Club Building 102,2021,376,153,3,50,5,587,P1,223,74.7
Paschim Medinipur,611,WMed-611,103,Madrasa 103,2019,264,132,6,88,4,494,P1,132,76.9
Paschim Medinipur,611,WMed-611,103,Madrasa 103,2021,261,169,6,51,5,492,P1,92,76.6
Paschim Medinipur,611,WMed-611,104,Health Sub-Centre 104,2019,261,137,2,38,4,442,P1,124,81.2
Paschim Medinipur,611,WMed-611,104,Health Sub-Centre 104,2021,230,110,6,86,5,437,P1,120,80.3
Paschim Medinipur,611,WMed-611,105,Health Sub-Centre 105,2019,311,137,2,43,5,498,P1,174,81.4
Paschim Medinipur,611,WMed-611,105,Health Sub-Centre 105,2021,290,166,4,42,5,507,P1,124,82.8
Paschim Medinipur,611,WMed-611,106,Post Office 106,2019,207,120,3,44,3,377,P1,87,77.6
Paschim Medinipur,611,WMed-611,106,Post Office 106,2021,237,106,4,46,4,397,P1,131,81.7
Paschim Medinipur,611,WMed-611,107,Health Sub-Centre 107,2019,333,197,6,47,6,589,P1,136,85.2
Paschim Medinipur,611,WMed-611,107,Health Sub-Centre 107,2021,295,140,16,114,5,570,P1,155,82.5
Paschim Medinipur,611,WMed-611,108,Health Sub-Centre 108,2019,322,183,3,62,5,575,P1,139,79.1
Paschim Medinipur,611,WMed-611,108,Health Sub-Centre 108,2021,306,116,4,107,7,540,P1,190,74.3
Paschim Medinipur,611,WMed-611,109,Post Office 109,2019,228,205,3,74,4,514,P1,23,74.3
Paschim Medinipur,611,WMed-611,109,Post Office 109,2021,333,149,7,72,5,566,P1,184,81.8
Paschim Medinipur,611,WMed-611,110,High School 110,2019,434,163,2,58,6,663,P1,271,83.2
Paschim Medinipur,611,WMed-611,110,High School 110,2021,431,159,2,57,7,656,P1,272,82.3
Paschim Medinipur,611,WMed-611,111,Anganwadi Centre 111,2019,315,204,4,48,5,576,P1,111,82.1
Paschim Medinipur,611,WMed-611,111,Anganwadi Centre 111,2021,358,179,2,52,6,597,P1,179,85.0
Paschim Medinipur,611,WMed-611,112,Govt Office 112,2019,352,119,4,43,5,523,P1,233,77.1
Paschim Medinipur,611,WMed-611,112,Govt Office 112,2021,370,142,6,45,5,568,P1,228,83.8
Paschim Medinipur,611,WMed-611,113,Anganwadi Centre 113,2019,259,172,6,71,5,513,P1,87,82.6
Paschim Medinipur,611,WMed-611,113,Anganwadi Centre 113,2021,311,164,2,45,5,527,P1,147,84.9
Paschim Medinipur,611,WMed-611,114,Panchayat Bhavan 114,2019,238,158,3,37,4,440,P1,80,81.9
Paschim Medinipur,611,WMed-611,114,Panchayat Bhavan 114,2021,272,128,2,37,5,444,P1,144,82.7
Paschim Medinipur,611,WMed-611,115,Primary School 115,2019,354,167,7,117,7,652,P1,187,83.4
Paschim Medinipur,611,WMed-611,115,Primary School 115,2021,347,180,2,51,6,586,P1,167,74.9
Paschim Medinipur,611,WMed-611,116,Panchayat Bhavan 116,2019,377,185,5,52,5,624,P1,192,82.8
Paschim Medinipur,611,WMed-611,116,Panchayat Bhavan 116,2021,283,227,5,79,7,601,P1,56,79.7
Paschim Medinipur,611,WMed-611,117,Temple Hall 117,2019,237,103,2,32,4,378,P1,134,74.4
Paschim Medinipur,611,WMed-611,117,Temple Hall 117,2021,211,98,7,65,4,385,P1,113,75.8
Paschim Medinipur,611,WMed-611,118,Panchayat Bhavan 118,2019,300,196,3,47,5,551,P1,104,74.0
Paschim Medinipur,611,WMed-611,118,Panchayat Bhavan 118,2021,282,178,9,77,5,551,P1,104,74.0
Paschim Medinipur,611,WMed-611,119,Madrasa 119,2019,275,64,3,31,4,377,P1,211,75.7
Paschim Medinipur,611,WMed-611,119,Madrasa 119,2021,152,124,10,84,5,375,P1,28,75.3
Paschim Medinipur,611,WMed-611,120,Club Building 120,2019,288,166,6,106,7,573,P1,122,74.3
Paschim Medinipur,611,WMed-611,120,Club Building 120,2021,460,114,6,51,6,637,P1,346,82.6
Paschim Medinipur,611,WMed-611,121,High School 121,2019,269,165,2,41,6,483,P1,104,77.0
Paschim Medinipur,611,WMed-611,121,High School 121,2021,275,147,4,38,5,469,P1,128,74.8
Paschim Medinipur,611,WMed-611,122,Market Building 122,2019,235,173,6,78,5,497,P1,62,73.8
Paschim Medinipur,611,WMed-611,122,Market Building 122,2021,346,156,6,44,6,558,P1,190,82.9
Paschim Medinipur,611,WMed-611,123,Club Building 123,2019,474,122,6,54,7,663,P1,352,83.9
Paschim Medinipur,611,WMed-611,123,Club Building 123,2021,402,173,6,51,6,638,P1,229,80.8
Paschim Medinipur,611,WMed-611,124,Govt Office 124,2019,320,142,3,43,6,514,P1,178,75.7
Paschim Medinipur,611,WMed-611,124,Govt Office 124,2021,276,189,6,67,4,542,P1,87,79.8
Paschim Medinipur,611,WMed-611,125,High School 125,2019,266,155,3,83,6,513,P1,111,75.8
Paschim Medinipur,611,WMed-611,125,High School 125,2021,310,166,2,46,5,529,P1,144,78.1
Paschim Medinipur,611,WMed-611,126,Govt Office 126,2019,392,177,5,52,6,632,P1,215,80.0
Paschim Medinipur,611,WMed-611,126,Govt Office 126,2021,381,199,6,52,6,644,P1,182,81.5
Paschim Medinipur,611,WMed-611,127,Madrasa 127,2019,335,134,11,92,6,578,P1,201,82.5
Paschim Medinipur,611,WMed-611,127,Madrasa 127,2021,329,166,6,44,5,550,P1,163,78.5
Paschim Medinipur,611,WMed-611,128,Market Building 128,2019,250,152,6,48,5,461,P1,98,75.3
Paschim Medinipur,611,WMed-611,128,Market Building 128,2021,238,141,11,83,5,478,P1,97,78.1
Paschim Medinipur,611,WMed-611,129,Market Building 129,2019,306,229,3,50,6,594,P1,77,84.0
Paschim Medinipur,611,WMed-611,129,Market Building 129,2021,330,142,8,84,5,569,P1,188,80.5
Paschim Medinipur,611,WMed-611,130,Post Office 130,2019,247,117,2,34,5,405,P1,130,76.9
Paschim Medinipur,611,WMed-611,130,Post Office 130,2021,269,103,4,33,4,413,P1,166,78.4
Paschim Medinipur,611,WMed-611,131,Panchayat Bhavan 131,2019,313,197,8,51,5,574,P1,116,76.1
Paschim Medinipur,611,WMed-611,131,Panchayat Bhavan 131,2021,367,159,7,46,5,584,P1,208,77.5
Paschim Medinipur,611,WMed-611,132,Health Sub-Centre 132,2019,394,193,5,53,7,652,P1,201,83.0
Paschim Medinipur,611,WMed-611,132,Health Sub-Centre 132,2021,295,203,17,134,7,656,P1,92,83.5
Paschim Medinipur,611,WMed-611,133,Primary School 133,2019,321,140,4,42,5,512,P1,181,83.7
Paschim Medinipur,611,WMed-611,133,Primary School 133,2021,267,168,4,39,5,483,P1,99,78.9
Paschim Medinipur,611,WMed-611,134,Primary School 134,2019,251,116,3,33,5,408,P1,135,79.8
Paschim Medinipur,611,WMed-611,134,Primary School 134,2021,220,131,1,34,3,389,P1,89,76.1
Paschim Medinipur,611,WMed-611,135,Anganwadi Centre 135,2019,350,122,4,43,6,525,P1,228,74.4
Paschim Medinipur,611,WMed-611,135,Anganwadi Centre 135,2021,366,124,5,44,6,545,P1,242,77.2
Paschim Medinipur,611,WMed-611,136,Club Building 136,2019,306,110,11,78,5,510,P1,196,81.0
Paschim Medinipur,611,WMed-611,136,Club Building 136,2021,217,168,12,96,5,498,P1,49,79.0
Paschim Medinipur,611,WMed-611,137,Temple Hall 137,2019,286,153,7,49,5,500,P1,133,84.6
Paschim Medinipur,611,WMed-611,137,Temple Hall 137,2021,223,123,11,90,5,452,P1,100,76.5
Paschim Medinipur,611,WMed-611,138,Temple Hall 138,2019,221,134,4,101,4,464,P1,87,81.4
Paschim Medinipur,611,WMed-611,138,Temple Hall 138,2021,263,134,5,35,4,441,P1,129,77.4
Paschim Medinipur,611,WMed-611,139,Temple Hall 139,2019,377,218,6,53,7,661,P1,159,82.1
Paschim Medinipur,611,WMed-611,139,Temple Hall 139,2021,313,211,5,78,5,612,P1,102,76.0
Paschim Medinipur,611,WMed-611,140,Govt Office 140,2019,280,110,9,70,6,475,P1,170,84.2
Paschim Medinipur,611,WMed-611,140,Govt Office 140,2021,262,158,1,41,5,467,P1,104,82.8
Paschim Medinipur,611,WMed-611,141,Anganwadi Centre 141,2019,269,93,4,32,4,402,P1,176,77.9
Paschim Medinipur,611,WMed-611,141,Anganwadi Centre 141,2021,245,68,10,90,3,416,P1,155,80.6
Paschim Medinipur,611,WMed-611,142,High School 142,2019,303,276,6,62,6,653,P1,27,81.1
Paschim Medinipur,611,WMed-611,142,High School 142,2021,431,171,5,56,6,669,P1,260,83.1
Paschim Medinipur,611,WMed-611,143,Panchayat Bhavan 143,2019,203,132,4,29,4,372,P1,71,77.0
Paschim Medinipur,611,WMed-611,143,Panchayat Bhavan 143,2021,222,108,6,57,3,396,P1,114,82.0
Paschim Medinipur,611,WMed-611,144,Health Sub-Centre 144,2019,352,185,8,71,6,622,P1,167,77.9
Paschim Medinipur,611,WMed-611,144,Health Sub-Centre 144,2021,319,208,4,66,6,603,P1,111,75.6
Paschim Medinipur,611,WMed-611,145,Health Sub-Centre 145,2019,320,191,3,48,6,568,P1,129,77.2
Paschim Medinipur,611,WMed-611,145,Health Sub-Centre 145,2021,266,181,12,135,6,600,P1,85,81.5
Paschim Medinipur,611,WMed-611,146,Market Building 146,2019,291,135,8,115,6,555,P1,156,84.1
Paschim Medinipur,611,WMed-611,146,Market Building 146,2021,228,185,5,85,5,508,P1,43,77.0
Paschim Medinipur,611,WMed-611,147,Temple Hall 147,2019,403,147,5,51,6,612,P1,256,82.5
Paschim Medinipur,611,WMed-611,147,Temple Hall 147,2021,384,137,4,48,5,578,P1,247,77.9
Paschim Medinipur,611,WMed-611,148,Community Hall 148,2019,285,196,6,61,6,554,P1,89,79.5
Paschim Medinipur,611,WMed-611,148,Community Hall 148,2021,404,110,5,47,5,571,P1,294,81.9
Paschim Medinipur,611,WMed-611,149,Health Sub-Centre 149,2019,213,117,4,64,3,401,P1,96,83.2
Paschim Medinipur,611,WMed-611,149,Health Sub-Centre 149,2021,217,127,5,49,4,402,P1,90,83.4
Paschim Medinipur,611,WMed-611,150,Community Hall 150,2019,246,122,5,78,4,455,P1,124,79.3
Paschim Medinipur,611,WMed-611,150,Community Hall 150,2021,241,123,4,63,5,436,P1,118,76.0
Paschim Medinipur,611,WMed-611,151,Anganwadi Centre 151,2019,312,229,6,51,6,604,P1,83,81.0
Paschim Medinipur,611,WMed-611,151,Anganwadi Centre 151,2021,318,148,16,137,6,625,P1,170,83.8
Paschim Medinipur,611,WMed-611,152,Temple Hall 152,2019,247,106,3,32,5,393,P1,141,74.0
Paschim Medinipur,611,WMed-611,152,Temple Hall 152,2021,264,133,2,37,5,441,P1,131,83.1
Paschim Medinipur,611,WMed-611,153,High School 153,2019,350,172,3,69,6,600,P1,178,84.3
Paschim Medinipur,611,WMed-611,153,High School 153,2021,303,182,10,100,6,601,P1,121,84.4
Paschim Medinipur,611,WMed-611,154,Temple Hall 154,2019,239,171,9,88,5,512,P1,68,77.5
Paschim Medinipur,611,WMed-611,154,Temple Hall 154,2021,330,147,6,42,5,530,P1,183,80.2
Paschim Medinipur,611,WMed-611,155,High School 155,2019,306,186,5,45,5,547,P1,120,79.3
Paschim Medinipur,611,WMed-611,155,High School 155,2021,296,161,4,53,5,519,P1,135,75.2
Paschim Medinipur,611,WMed-611,156,Club Building 156,2019,327,68,2,38,4,439,P1,259,81.4
Paschim Medinipur,611,WMed-611,156,Club Building 156,2021,191,158,6,65,4,424,P1,33,78.7
Paschim Medinipur,611,WMed-611,157,Post Office 157,2019,287,138,6,114,5,550,P1,149,83.0
Paschim Medinipur,611,WMed-611,157,Post Office 157,2021,285,133,3,66,5,492,P1,152,74.2
Paschim Medinipur,611,WMed-611,158,Community Hall 158,2019,349,117,3,44,5,518,P1,232,75.3
Paschim Medinipur,611,WMed-611,158,Community Hall 158,2021,275,116,12,145,6,554,P1,130,80.5
Paschim Medinipur,611,WMed-611,159,Market Building 159,2019,317,211,13,90,6,637,P1,106,83.5
Paschim Medinipur,611,WMed-611,159,Market Building 159,2021,275,156,13,121,7,572,P1,119,75.0
Paschim Medinipur,611,WMed-611,160,Anganwadi Centre 160,2019,257,64,6,48,3,378,P1,193,75.4
Paschim Medinipur,611,WMed-611,160,Anganwadi Centre 160,2021,210,100,3,78,4,395,P1,110,78.8
Paschim Medinipur,611,WMed-611,161,Club Building 161,2019,327,126,11,77,5,546,P1,201,78.1
Paschim Medinipur,611,WMed-611,161,Club Building 161,2021,374,103,4,44,6,531,P1,271,76.0
Paschim Medinipur,611,WMed-611,162,Govt Office 162,2019,277,97,3,35,3,415,P1,180,84.2
Paschim Medinipur,611,WMed-611,162,Govt Office 162,2021,209,121,2,31,4,367,P1,88,74.4
Paschim Medinipur,611,WMed-611,163,Panchayat Bhavan 163,2019,382,91,2,45,6,526,P1,291,84.8
Paschim Medinipur,611,WMed-611,163,Panchayat Bhavan 163,2021,281,145,4,62,6,498,P1,136,80.3
Paschim Medinipur,611,WMed-611,164,High School 164,2019,407,194,7,53,7,668,P1,213,82.2
Paschim Medinipur,611,WMed-611,164,High School 164,2021,481,131,7,54,7,680,P1,350,83.6
Paschim Medinipur,611,WMed-611,165,Madrasa 165,2019,285,115,2,38,4,444,P1,170,80.7
Paschim Medinipur,611,WMed-611,165,Madrasa 165,2021,251,151,4,38,5,449,P1,100,81.6
Paschim Medinipur,611,WMed-611,166,Health Sub-Centre 166,2019,181,167,4,88,5,445,P1,14,83.8
Paschim Medinipur,611,WMed-611,166,Health Sub-Centre 166,2021,212,164,3,35,4,418,P1,48,78.7
Paschim Medinipur,611,WMed-611,167,Panchayat Bhavan 167,2019,271,104,3,34,4,416,P1,167,84.2
Paschim Medinipur,611,WMed-611,167,Panchayat Bhavan 167,2021,184,112,7,59,5,367,P1,72,74.3
Paschim Medinipur,611,WMed-611,168,Govt Office 168,2019,182,146,2,31,4,365,P1,36,74.8
Paschim Medinipur,611,WMed-611,168,Govt Office 168,2021,217,113,3,75,4,412,P1,104,84.4
Paschim Medinipur,611,WMed-611,169,Market Building 169,2019,308,115,4,38,4,469,P1,193,83.6
Paschim Medinipur,611,WMed-611,169,Market Building 169,2021,255,145,5,35,5,445,P1,110,79.3
Paschim Medinipur,611,WMed-611,170,High School 170,2019,380,177,8,52,5,622,P1,203,78.9
Paschim Medinipur,611,WMed-611,170,High School 170,2021,419,165,3,56,5,648,P1,254,82.2
Paschim Medinipur,611,WMed-611,171,Club Building 171,2019,297,188,6,43,5,539,P1,109,75.4
Paschim Medinipur,611,WMed-611,171,Club Building 171,2021,367,134,6,44,6,557,P1,233,77.9
Paschim Medinipur,611,WMed-611,172,Health Sub-Centre 172,2019,212,140,2,36,4,394,P1,72,77.3
Paschim Medinipur,611,WMed-611,172,Health Sub-Centre 172,2021,293,93,2,36,4,428,P1,200,83.9
Paschim Medinipur,611,WMed-611,173,Primary School 173,2019,355,135,5,44,6,545,P1,220,82.8
Paschim Medinipur,611,WMed-611,173,Primary School 173,2021,327,119,4,40,6,496,P1,208,75.4
Paschim Medinipur,611,WMed-611,174,Madrasa 174,2019,327,166,6,43,6,548,P1,161,79.5
Paschim Medinipur,611,WMed-611,174,Madrasa 174,2021,234,149,10,136,5,534,P1,85,77.5
Paschim Medinipur,611,WMed-611,175,Community Hall 175,2019,350,211,4,52,6,623,P1,139,80.4
Paschim Medinipur,611,WMed-611,175,Community Hall 175,2021,351,210,6,50,6,623,P1,141,80.4
Paschim Medinipur,611,WMed-611,176,Club Building 176,2019,292,119,5,36,5,457,P1,173,77.3
Paschim Medinipur,611,WMed-611,176,Club Building 176,2021,228,123,9,73,5,438,P1,105,74.1
Paschim Medinipur,611,WMed-611,177,Temple Hall 177,2019,282,137,3,39,5,466,P1,145,77.5
Paschim Medinipur,611,WMed-611,177,Temple Hall 177,2021,308,134,4,40,5,491,P1,174,81.7
Paschim Medinipur,611,WMed-611,178,Temple Hall 178,2019,286,178,3,44,4,515,P1,108,80.8
Paschim Medinipur,611,WMed-611,178,Temple Hall 178,2021,283,161,4,40,6,494,P1,122,77.6
Paschim Medinipur,611,WMed-611,179,Community Hall 179,2019,241,199,6,38,5,489,P1,42,74.0
Paschim Medinipur,611,WMed-611,179,Community Hall 179,2021,314,161,2,45,6,528,P1,153,79.9
Paschim Medinipur,611,WMed-611,180,High School 180,2019,195,192,3,36,4,430,P1,3,76.8
Paschim Medinipur,611,WMed-611,180,High School 180,2021,272,117,2,37,4,432,P1,155,77.1
Paschim Medinipur,611,WMed-611,181,Health Sub-Centre 181,2019,298,208,5,50,6,567,P1,90,84.0
Paschim Medinipur,611,WMed-611,181,Health Sub-Centre 181,2021,350,168,2,50,6,576,P1,182,85.3
Paschim Medinipur,611,WMed-611,182,Primary School 182,2019,314,108,2,41,4,469,P1,206,77.1
Paschim Medinipur,611,WMed-611,182,Primary School 182,2021,278,158,8,63,5,512,P1,120,84.2
Paschim Medinipur,611,WMed-611,183,Health Sub-Centre 183,2019,275,164,6,54,5,504,P1,111,75.3
Paschim Medinipur,611,WMed-611,183,Health Sub-Centre 183,2021,287,179,6,89,6,567,P1,108,84.8
Paschim Medinipur,611,WMed-611,184,Anganwadi Centre 184,2019,294,109,5,36,4,448,P1,185,83.6
Paschim Medinipur,611,WMed-611,184,Anganwadi Centre 184,2021,311,93,2,38,5,449,P1,218,83.8
Paschim Medinipur,611,WMed-611,185,Panchayat Bhavan 185,2019,245,143,2,37,4,431,P1,102,82.6
Paschim Medinipur,611,WMed-611,185,Panchayat Bhavan 185,2021,239,158,5,35,5,442,P1,81,84.7
Paschim Medinipur,611,WMed-611,186,High School 186,2019,310,167,5,42,6,530,P1,143,81.5
Paschim Medinipur,611,WMed-611,186,High School 186,2021,252,142,11,89,4,498,P1,110,76.6
Paschim Medinipur,611,WMed-611,187,Community Hall 187,2019,281,125,2,39,4,451,P1,156,82.6
Paschim Medinipur,611,WMed-611,187,Community Hall 187,2021,275,122,3,37,5,442,P1,153,81.0
Paschim Medinipur,611,WMed-611,188,Panchayat Bhavan 188,2019,409,167,5,53,6,640,P1,242,80.9
Paschim Medinipur,611,WMed-611,188,Panchayat Bhavan 188,2021,316,215,3,50,6,590,P1,101,74.6
Paschim Medinipur,611,WMed-611,189,Health Sub-Centre 189,2019,265,94,2,34,4,399,P1,171,78.4
Paschim Medinipur,611,WMed-611,189,Health Sub-Centre 189,2021,293,72,4,33,4,406,P1,221,79.8
Paschim Medinipur,611,WMed-611,190,Club Building 190,2019,334,84,4,38,5,465,P1,250,78.4
Paschim Medinipur,611,WMed-611,190,Club Building 190,2021,272,158,4,39,5,478,P1,114,80.6
Paschim Medinipur,611,WMed-611,191,Post Office 191,2019,245,146,2,38,4,435,P1,99,81.3
Paschim Medinipur,611,WMed-611,191,Post Office 191,2021,232,157,5,34,5,433,P1,75,80.9
Paschim Medinipur,611,WMed-611,192,Community Hall 192,2019,294,132,5,65,4,500,P1,162,81.0
Paschim Medinipur,611,WMed-611,192,Community Hall 192,2021,299,163,5,41,5,513,P1,136,83.1
Paschim Medinipur,611,WMed-611,193,Anganwadi Centre 193,2019,285,127,3,96,6,517,P1,158,78.1
Paschim Medinipur,611,WMed-611,193,Anganwadi Centre 193,2021,299,182,6,42,5,534,P1,117,80.7
Paschim Medinipur,611,WMed-611,194,Market Building 194,2019,233,147,2,36,4,422,P1,86,74.0
Paschim Medinipur,611,WMed-611,194,Market Building 194,2021,339,86,1,41,6,473,P1,253,83.0
Paschim Medinipur,611,WMed-611,195,Community Hall 195,2019,332,93,5,37,6,473,P1,239,74.7
Paschim Medinipur,611,WMed-611,195,Community Hall 195,2021,381,75,6,40,5,507,P1,306,80.1
Paschim Medinipur,611,WMed-611,196,Community Hall 196,2019,270,135,4,36,5,450,P1,135,79.4
Paschim Medinipur,611,WMed-611,196,Community Hall 196,2021,242,145,5,34,3,429,P1,97,75.7
Paschim Medinipur,611,WMed-611,197,Post Office 197,2019,223,169,2,53,4,451,P1,54,75.3
Paschim Medinipur,611,WMed-611,197,Post Office 197,2021,339,98,6,38,5,486,P1,241,81.1
Paschim Medinipur,611,WMed-611,198,Post Office 198,2019,259,150,3,38,4,454,P1,109,75.2
Paschim Medinipur,611,WMed-611,198,Post Office 198,2021,238,141,13,94,4,490,P1,97,81.1
Paschim Medinipur,611,WMed-611,199,Temple Hall 199,2019,296,195,2,47,5,545,P1,101,82.0
Paschim Medinipur,611,WMed-611,199,Temple Hall 199,2021,414,78,7,43,4,546,P1,336,82.1
Paschim Medinipur,611,WMed-611,200,Club Building 200,2019,215,101,4,63,4,387,P1,114,80.5
Paschim Medinipur,611,WMed-611,200,Club Building 200,2021,148,126,4,104,3,385,P1,22,80.0
Paschim Medinipur,611,WMed-611,201,Govt Office 201,2019,218,130,8,130,4,490,P1,88,80.1
Paschim Medinipur,611,WMed-611,201,Govt Office 201,2021,309,120,2,41,5,477,P1,189,77.9
Paschim Medinipur,611,WMed-611,202,Govt Office 202,2019,197,96,7,70,4,374,P1,101,75.7
Paschim Medinipur,611,WMed-611,202,Govt Office 202,2021,282,90,2,35,4,413,P1,192,83.6
Paschim Medinipur,611,WMed-611,203,Panchayat Bhavan 203,2019,343,191,8,58,6,606,P1,152,83.7
Paschim Medinipur,611,WMed-611,203,Panchayat Bhavan 203,2021,333,161,2,47,5,548,P1,172,75.7
Paschim Medinipur,611,WMed-611,204,Madrasa 204,2019,373,160,4,68,6,611,P1,213,75.7
Paschim Medinipur,611,WMed-611,204,Madrasa 204,2021,323,181,7,85,7,603,P1,142,74.7
Paschim Medinipur,611,WMed-611,205,Primary School 205,2019,225,117,3,78,5,428,P1,108,75.9
Paschim Medinipur,611,WMed-611,205,Primary School 205,2021,228,145,6,64,5,448,P1,83,79.4
Paschim Medinipur,611,WMed-611,206,Panchayat Bhavan 206,2019,382,75,3,43,5,508,P1,307,74.7
Paschim Medinipur,611,WMed-611,206,Panchayat Bhavan 206,2021,365,148,6,45,6,570,P1,217,83.8
Paschim Medinipur,611,WMed-611,207,Post Office 207,2019,334,151,4,77,6,572,P1,183,74.6
Paschim Medinipur,611,WMed-611,207,Post Office 207,2021,379,182,6,50,6,623,P1,197,81.2
Paschim Medinipur,611,WMed-611,208,Health Sub-Centre 208,2019,233,148,5,33,5,424,P1,85,83.0
Paschim Medinipur,611,WMed-611,208,Health Sub-Centre 208,2021,235,129,5,35,4,408,P1,106,79.8
Paschim Medinipur,611,WMed-611,209,Club Building 209,2019,244,135,5,113,5,502,P1,109,75.7
Paschim Medinipur,611,WMed-611,209,Club Building 209,2021,288,176,2,44,5,515,P1,112,77.7
Paschim Medinipur,611,WMed-611,210,Market Building 210,2019,201,158,4,33,5,401,P1,43,80.8
Paschim Medinipur,611,WMed-611,210,Market Building 210,2021,205,134,4,50,4,397,P1,71,80.0
Paschim Medinipur,611,WMed-611,211,Post Office 211,2019,303,220,8,57,6,594,P1,83,78.4
Paschim Medinipur,611,WMed-611,211,Post Office 211,2021,493,62,5,50,6,616,P1,431,81.3
Paschim Medinipur,611,WMed-611,212,Anganwadi Centre 212,2019,325,136,3,43,5,512,P1,189,75.0
Paschim Medinipur,611,WMed-611,212,Anganwadi Centre 212,2021,293,155,10,70,5,533,P1,138,78.0
Paschim Medinipur,612,WMed-612,1,Market Building 1,2019,286,150,4,40,4,484,P1,136,79.7
Paschim Medinipur,612,WMed-612,1,Market Building 1,2021,282,172,3,42,5,504,P1,110,83.0
Paschim Medinipur,612,WMed-612,2,Govt Office 2,2019,386,160,6,49,5,606,P1,226,74.0
Paschim Medinipur,612,WMed-612,2,Govt Office 2,2021,362,253,3,58,7,683,P1,109,83.4
Paschim Medinipur,612,WMed-612,3,Madrasa 3,2019,294,187,4,118,6,609,P1,107,80.9
Paschim Medinipur,612,WMed-612,3,Madrasa 3,2021,267,249,5,51,5,577,P1,18,76.6
Paschim Medinipur,612,WMed-612,4,High School 4,2019,295,199,7,149,7,657,P1,96,84.2
Paschim Medinipur,612,WMed-612,4,High School 4,2021,370,215,6,52,6,649,P1,155,83.2
Paschim Medinipur,612,WMed-612,5,Community Hall 5,2019,219,83,6,197,5,510,P1,22,78.2
Paschim Medinipur,612,WMed-612,5,Community Hall 5,2021,289,144,4,75,6,518,P1,145,79.4
Paschim Medinipur,612,WMed-612,6,Primary School 6,2019,315,216,9,62,7,609,P1,99,75.0
Paschim Medinipur,612,WMed-612,6,Primary School 6,2021,421,123,7,61,6,618,P1,298,76.1
Paschim Medinipur,612,WMed-612,7,Market Building 7,2019,333,216,5,51,5,610,P1,117,84.4
Paschim Medinipur,612,WMed-612,7,Market Building 7,2021,264,110,15,145,5,539,P1,119,74.6
Paschim Medinipur,612,WMed-612,8,Temple Hall 8,2019,261,112,4,33,4,414,P1,149,80.9
Paschim Medinipur,612,WMed-612,8,Temple Hall 8,2021,216,134,4,31,4,389,P1,82,76.0
Paschim Medinipur,612,WMed-612,9,Primary School 9,2019,214,154,3,33,5,409,P1,60,81.3
Paschim Medinipur,612,WMed-612,9,Primary School 9,2021,185,115,7,85,5,397,P1,70,78.9
Paschim Medinipur,612,WMed-612,10,Primary School 10,2019,278,148,1,41,5,473,P1,130,81.1
Paschim Medinipur,612,WMed-612,10,Primary School 10,2021,260,173,4,39,5,481,P1,87,82.5
Paschim Medinipur,612,WMed-612,11,High School 11,2019,305,160,6,129,6,606,P1,145,75.5
Paschim Medinipur,612,WMed-612,11,High School 11,2021,354,208,6,56,6,630,P1,146,78.5
Paschim Medinipur,612,WMed-612,12,Govt Office 12,2019,334,196,7,86,6,629,P1,138,77.8
Paschim Medinipur,612,WMed-612,12,Govt Office 12,2021,353,178,4,118,7,660,P1,175,81.7
Paschim Medinipur,612,WMed-612,13,Health Sub-Centre 13,2019,221,103,9,67,3,403,P1,118,75.0
Paschim Medinipur,612,WMed-612,13,Health Sub-Centre 13,2021,244,139,1,37,5,426,P1,105,79.3
Paschim Medinipur,612,WMed-612,14,Post Office 14,2019,405,162,3,84,7,661,P1,243,83.2
Paschim Medinipur,612,WMed-612,14,Post Office 14,2021,365,171,4,114,7,661,P1,194,83.2
Paschim Medinipur,612,WMed-612,15,Market Building 15,2019,363,162,6,47,5,583,P1,201,75.9
Paschim Medinipur,612,WMed-612,15,Market Building 15,2021,268,243,9,73,6,599,P1,25,78.0
Paschim Medinipur,612,WMed-612,16,Health Sub-Centre 16,2019,284,160,2,42,5,493,P1,124,76.9
Paschim Medinipur,612,WMed-612,16,Health Sub-Centre 16,2021,319,152,3,45,4,523,P1,167,81.6
Paschim Medinipur,612,WMed-612,17,Madrasa 17,2019,402,174,10,66,6,658,P1,228,82.5
Paschim Medinipur,612,WMed-612,17,Madrasa 17,2021,310,165,15,153,6,649,P1,145,81.3
Paschim Medinipur,612,WMed-612,18,Community Hall 18,2019,313,167,6,42,5,533,P1,146,82.0
Paschim Medinipur,612,WMed-612,18,Community Hall 18,2021,411,58,3,44,5,521,P1,353,80.2
Paschim Medinipur,612,WMed-612,19,Madrasa 19,2019,320,137,4,42,5,508,P1,183,77.7
Paschim Medinipur,612,WMed-612,19,Madrasa 19,2021,316,138,2,44,4,504,P1,178,77.1
Paschim Medinipur,612,WMed-612,20,Club Building 20,2019,260,165,3,58,6,492,P1,95,78.5
Paschim Medinipur,612,WMed-612,20,Club Building 20,2021,329,152,6,42,5,534,P1,177,85.2
Paschim Medinipur,612,WMed-612,21,Club Building 21,2019,269,164,13,98,6,550,P1,105,85.0
Paschim Medinipur,612,WMed-612,21,Club Building 21,2021,292,144,2,42,5,485,P1,148,75.0
Paschim Medinipur,612,WMed-612,22,Club Building 22,2019,408,185,4,55,7,659,P1,223,83.4
Paschim Medinipur,612,WMed-612,22,Club Building 22,2021,352,181,6,47,6,592,P1,171,74.9
Paschim Medinipur,612,WMed-612,23,Anganwadi Centre 23,2019,315,104,4,38,4,465,P1,211,73.8
Paschim Medinipur,612,WMed-612,23,Anganwadi Centre 23,2021,274,134,8,86,5,507,P1,140,80.5
Paschim Medinipur,612,WMed-612,24,High School 24,2019,192,162,3,34,3,394,P1,30,77.6
Paschim Medinipur,612,WMed-612,24,High School 24,2021,260,109,2,42,3,416,P1,151,81.9
Paschim Medinipur,612,WMed-612,25,Govt Office 25,2019,303,104,11,79,5,502,P1,199,74.9
Paschim Medinipur,612,WMed-612,25,Govt Office 25,2021,233,233,3,85,6,560,P1,0,83.6
Paschim Medinipur,612,WMed-612,26,Club Building 26,2019,346,120,5,42,5,518,P1,226,81.2
Paschim Medinipur,612,WMed-612,26,Club Building 26,2021,249,112,13,101,4,479,P1,137,75.1
Paschim Medinipur,612,WMed-612,27,Club Building 27,2019,404,147,8,56,6,621,P1,257,79.6
Paschim Medinipur,612,WMed-612,27,Club Building 27,2021,437,151,3,56,6,653,P1,286,83.7
Paschim Medinipur,612,WMed-612,28,Market Building 28,2019,260,144,6,63,5,478,P1,116,75.9
Paschim Medinipur,612,WMed-612,28,Market Building 28,2021,275,154,8,71,4,512,P1,121,81.3
Paschim Medinipur,612,WMed-612,29,Govt Office 29,2019,289,79,4,37,4,413,P1,210,84.8
Paschim Medinipur,612,WMed-612,29,Govt Office 29,2021,160,167,3,50,3,383,P2,7,78.6
Paschim Medinipur,612,WMed-612,30,Post Office 30,2019,231,136,5,73,4,449,P1,95,76.8
Paschim Medinipur,612,WMed-612,30,Post Office 30,2021,290,152,4,40,5,491,P1,138,83.9
Paschim Medinipur,612,WMed-612,31,High School 31,2019,258,130,1,37,5,431,P1,128,80.3
Paschim Medinipur,612,WMed-612,31,High School 31,2021,201,151,7,80,5,444,P1,50,82.7
Paschim Medinipur,612,WMed-612,32,Post Office 32,2019,228,117,3,66,4,418,P1,111,77.7
Paschim Medinipur,612,WMed-612,32,Post Office 32,2021,261,90,10,79,5,445,P1,171,82.7
Paschim Medinipur,612,WMed-612,33,Govt Office 33,2019,270,123,3,36,4,436,P1,147,83.0
Paschim Medinipur,612,WMed-612,33,Govt Office 33,2021,231,121,2,33,4,391,P1,110,74.5
Paschim Medinipur,612,WMed-612,34,Community Hall 34,2019,325,172,4,46,6,553,P1,153,78.4
Paschim Medinipur,612,WMed-612,34,Community Hall 34,2021,308,153,10,109,5,585,P1,155,83.0
Paschim Medinipur,612,WMed-612,35,Health Sub-Centre 35,2019,325,130,6,40,4,505,P1,195,78.4
Paschim Medinipur,612,WMed-612,35,Health Sub-Centre 35,2021,309,122,3,40,5,479,P1,187,74.4
Paschim Medinipur,612,WMed-612,36,Madrasa 36,2019,315,117,5,38,5,480,P1,198,82.6
Paschim Medinipur,612,WMed-612,36,Madrasa 36,2021,241,139,4,75,5,464,P1,102,79.9
Paschim Medinipur,612,WMed-612,37,Primary School 37,2019,317,180,4,48,5,554,P1,137,77.6
Paschim Medinipur,612,WMed-612,37,Primary School 37,2021,288,147,3,101,6,545,P1,141,76.3
Paschim Medinipur,612,WMed-612,38,Madrasa 38,2019,300,143,4,41,5,493,P1,157,85.0
Paschim Medinipur,612,WMed-612,38,Madrasa 38,2021,249,165,4,59,5,482,P1,84,83.1
Paschim Medinipur,612,WMed-612,39,Post Office 39,2019,415,156,6,65,6,648,P1,259,81.0
Paschim Medinipur,612,WMed-612,39,Post Office 39,2021,314,219,3,50,6,592,P1,95,74.0
Paschim Medinipur,612,WMed-612,40,High School 40,2019,324,152,5,64,5,550,P1,172,80.4
Paschim Medinipur,612,WMed-612,40,High School 40,2021,408,85,6,43,6,548,P1,323,80.1
Paschim Medinipur,612,WMed-612,41,Temple Hall 41,2019,370,191,7,49,7,624,P1,179,76.8
Paschim Medinipur,612,WMed-612,41,Temple Hall 41,2021,434,179,7,55,6,681,P1,255,83.9
Paschim Medinipur,612,WMed-612,42,High School 42,2019,239,128,2,35,3,407,P1,111,81.6
Paschim Medinipur,612,WMed-612,42,High School 42,2021,272,64,2,31,4,373,P1,208,74.7
Paschim Medinipur,612,WMed-612,43,Market Building 43,2019,342,176,10,68,6,602,P1,166,81.2
Paschim Medinipur,612,WMed-612,43,Market Building 43,2021,307,166,5,68,6,552,P1,141,74.5
Paschim Medinipur,612,WMed-612,44,Primary School 44,2019,315,113,11,118,6,563,P1,197,76.8
Paschim Medinipur,612,WMed-612,44,Primary School 44,2021,392,122,6,45,6,571,P1,270,77.9
Paschim Medinipur,612,WMed-612,45,Primary School 45,2019,274,210,10,172,6,672,P1,64,84.5
Paschim Medinipur,612,WMed-612,45,Primary School 45,2021,381,167,6,104,6,664,P1,214,83.5
Paschim Medinipur,612,WMed-612,46,Anganwadi Centre 46,2019,293,147,6,66,6,518,P1,146,76.6
Paschim Medinipur,612,WMed-612,46,Anganwadi Centre 46,2021,287,230,4,48,6,575,P1,57,85.1
Paschim Medinipur,612,WMed-612,47,Madrasa 47,2019,247,153,5,35,4,444,P1,94,74.9
Paschim Medinipur,612,WMed-612,47,Madrasa 47,2021,240,119,10,131,5,505,P1,109,85.2
Paschim Medinipur,612,WMed-612,48,Primary School 48,2019,294,159,4,78,5,540,P1,135,84.5
Paschim Medinipur,612,WMed-612,48,Primary School 48,2021,235,151,5,87,5,483,P1,84,75.6
Paschim Medinipur,612,WMed-612,49,Anganwadi Centre 49,2019,332,206,3,51,6,598,P1,126,81.6
Paschim Medinipur,612,WMed-612,49,Anganwadi Centre 49,2021,198,229,6,130,6,569,P2,31,77.6
Paschim Medinipur,612,WMed-612,50,Market Building 50,2019,328,157,9,92,6,592,P1,171,85.2
Paschim Medinipur,612,WMed-612,50,Market Building 50,2021,255,185,8,69,5,522,P1,70,75.1
Paschim Medinipur,612,WMed-612,51,Govt Office 51,2019,347,109,6,40,5,507,P1,238,80.7
Paschim Medinipur,612,WMed-612,51,Govt Office 51,2021,252,157,4,68,5,486,P1,95,77.4
Paschim Medinipur,612,WMed-612,52,Madrasa 52,2019,264,127,5,34,5,435,P1,137,75.0
Paschim Medinipur,612,WMed-612,52,Madrasa 52,2021,300,121,3,39,5,468,P1,179,80.7
Paschim Medinipur,612,WMed-612,53,Madrasa 53,2019,313,143,4,42,5,507,P1,170,82.7
Paschim Medinipur,612,WMed-612,53,Madrasa 53,2021,334,124,2,44,5,509,P1,210,83.0
Paschim Medinipur,612,WMed-612,54,Primary School 54,2019,277,148,17,125,5,572,P1,129,79.3
Paschim Medinipur,612,WMed-612,54,Primary School 54,2021,358,150,4,47,5,564,P1,208,78.2
Paschim Medinipur,612,WMed-612,55,Market Building 55,2019,323,161,4,50,5,543,P1,162,76.6
Paschim Medinipur,612,WMed-612,55,Market Building 55,2021,319,187,6,45,6,563,P1,132,79.4
Paschim Medinipur,612,WMed-612,56,Market Building 56,2019,385,178,3,53,6,625,P1,207,80.5
Paschim Medinipur,612,WMed-612,56,Market Building 56,2021,358,180,4,73,7,622,P1,178,80.2
Paschim Medinipur,612,WMed-612,57,Primary School 57,2019,336,147,3,45,6,537,P1,189,82.5
Paschim Medinipur,612,WMed-612,57,Primary School 57,2021,378,99,4,44,5,530,P1,279,81.4
Paschim Medinipur,612,WMed-612,58,Community Hall 58,2019,413,127,2,52,7,601,P1,286,80.8
Paschim Medinipur,612,WMed-612,58,Community Hall 58,2021,353,216,7,50,7,633,P1,137,85.1
Paschim Medinipur,612,WMed-612,59,Club Building 59,2019,350,184,4,50,6,594,P1,166,77.6
Paschim Medinipur,612,WMed-612,59,Club Building 59,2021,415,130,2,52,7,606,P1,285,79.2
Paschim Medinipur,612,WMed-612,60,Club Building 60,2019,409,137,7,47,7,607,P1,272,76.3
Paschim Medinipur,612,WMed-612,60,Club Building 60,2021,396,178,4,92,7,677,P1,218,85.1
Paschim Medinipur,612,WMed-612,61,Community Hall 61,2019,279,215,9,99,6,608,P1,64,79.4
Paschim Medinipur,612,WMed-612,61,Community Hall 61,2021,383,203,7,52,7,652,P1,180,85.1
Paschim Medinipur,612,WMed-612,62,Temple Hall 62,2019,244,88,5,41,5,383,P1,156,75.2
Paschim Medinipur,612,WMed-612,62,Temple Hall 62,2021,227,133,2,35,4,401,P1,94,78.8
Paschim Medinipur,612,WMed-612,63,Community Hall 63,2019,321,129,4,41,5,500,P1,192,80.0
Paschim Medinipur,612,WMed-612,63,Community Hall 63,2021,177,149,14,146,5,491,P1,28,78.6
Paschim Medinipur,612,WMed-612,64,High School 64,2019,297,179,5,42,6,529,P1,118,77.8
Paschim Medinipur,612,WMed-612,64,High School 64,2021,275,190,4,42,6,517,P1,85,76.0
Paschim Medinipur,612,WMed-612,65,Market Building 65,2019,267,115,7,45,5,439,P1,152,81.3
Paschim Medinipur,612,WMed-612,65,Market Building 65,2021,194,170,2,34,5,405,P1,24,75.0
Paschim Medinipur,612,WMed-612,66,Govt Office 66,2019,242,156,10,105,6,519,P1,86,76.7
Paschim Medinipur,612,WMed-612,66,Govt Office 66,2021,295,163,3,89,6,556,P1,132,82.1
Paschim Medinipur,612,WMed-612,67,Primary School 67,2019,234,130,5,32,4,405,P1,104,82.3
Paschim Medinipur,612,WMed-612,67,Primary School 67,2021,212,135,3,49,4,403,P1,77,81.9
Paschim Medinipur,612,WMed-612,68,Market Building 68,2019,249,110,9,107,4,479,P1,139,81.2
Paschim Medinipur,612,WMed-612,68,Market Building 68,2021,288,159,6,39,5,497,P1,129,84.2
Paschim Medinipur,612,WMed-612,69,Madrasa 69,2019,231,213,6,62,4,516,P1,18,80.5
Paschim Medinipur,612,WMed-612,69,Madrasa 69,2021,285,147,4,78,5,519,P1,138,81.0
Paschim Medinipur,612,WMed-612,70,Community Hall 70,2019,309,95,1,39,5,449,P1,214,77.1
Paschim Medinipur,612,WMed-612,70,Community Hall 70,2021,287,136,6,37,4,470,P1,151,80.8
Paschim Medinipur,612,WMed-612,71,Community Hall 71,2019,310,177,5,43,6,541,P1,133,83.9
Paschim Medinipur,612,WMed-612,71,Community Hall 71,2021,198,202,11,106,6,523,P2,4,81.1
Paschim Medinipur,612,WMed-612,72,Health Sub-Centre 72,2019,243,109,2,52,4,410,P1,134,76.2
Paschim Medinipur,612,WMed-612,72,Health Sub-Centre 72,2021,213,136,5,43,4,401,P1,77,74.5
Paschim Medinipur,612,WMed-612,73,Anganwadi Centre 73,2019,345,148,6,43,6,548,P1,197,78.7
Paschim Medinipur,612,WMed-612,73,Anganwadi Centre 73,2021,282,204,3,46,5,540,P1,78,77.6
Paschim Medinipur,612,WMed-612,74,Anganwadi Centre 74,2019,244,171,8,62,4,489,P1,73,75.8
Paschim Medinipur,612,WMed-612,74,Anganwadi Centre 74,2021,253,235,5,44,6,543,P1,18,84.2
Paschim Medinipur,612,WMed-612,75,Health Sub-Centre 75,2019,341,188,4,49,6,588,P1,153,74.3
Paschim Medinipur,612,WMed-612,75,Health Sub-Centre 75,2021,255,238,10,138,7,648,P1,17,81.9
Paschim Medinipur,612,WMed-612,76,Govt Office 76,2019,299,128,3,65,5,500,P1,171,76.9
Paschim Medinipur,612,WMed-612,76,Govt Office 76,2021,279,172,3,43,5,502,P1,107,77.2
Paschim Medinipur,612,WMed-612,77,Madrasa 77,2019,301,198,8,77,5,589,P1,103,79.6
Paschim Medinipur,612,WMed-612,77,Madrasa 77,2021,265,228,5,89,6,593,P1,37,80.1
Paschim Medinipur,612,WMed-612,78,Madrasa 78,2019,190,175,7,57,5,434,P1,15,78.2
Paschim Medinipur,612,WMed-612,78,Madrasa 78,2021,236,148,6,47,4,441,P1,88,79.5
Paschim Medinipur,612,WMed-612,79,Primary School 79,2019,331,155,6,43,5,540,P1,176,78.1
Paschim Medinipur,612,WMed-612,79,Primary School 79,2021,303,159,4,42,5,513,P1,144,74.2
Paschim Medinipur,612,WMed-612,80,Govt Office 80,2019,209,150,2,40,4,405,P1,59,74.9
Paschim Medinipur,612,WMed-612,80,Govt Office 80,2021,256,127,8,61,6,458,P1,129,84.7
Paschim Medinipur,612,WMed-612,81,Club Building 81,2019,214,97,3,88,4,406,P1,117,78.8
Paschim Medinipur,612,WMed-612,81,Club Building 81,2021,222,132,3,32,5,394,P1,90,76.5
Paschim Medinipur,612,WMed-612,82,Madrasa 82,2019,342,163,5,55,6,571,P1,179,74.5
Paschim Medinipur,612,WMed-612,82,Madrasa 82,2021,390,176,4,53,6,629,P1,214,82.1
Paschim Medinipur,612,WMed-612,83,Primary School 83,2019,252,116,2,35,4,409,P1,136,77.2
Paschim Medinipur,612,WMed-612,83,Primary School 83,2021,217,145,2,34,5,403,P1,72,76.0
Paschim Medinipur,612,WMed-612,84,Temple Hall 84,2019,352,193,2,53,5,605,P1,159,79.7
Paschim Medinipur,612,WMed-612,84,Temple Hall 84,2021,422,158,3,55,6,644,P1,264,84.8
Paschim Medinipur,612,WMed-612,85,Govt Office 85,2019,253,151,2,39,4,449,P1,102,76.0
Paschim Medinipur,612,WMed-612,85,Govt Office 85,2021,345,87,3,40,5,480,P1,258,81.2
Paschim Medinipur,612,WMed-612,86,Temple Hall 86,2019,242,180,3,73,5,503,P1,62,78.8
Paschim Medinipur,612,WMed-612,86,Temple Hall 86,2021,271,157,3,58,5,494,P1,114,77.4
Paschim Medinipur,612,WMed-612,87,Temple Hall 87,2019,319,148,3,43,5,518,P1,171,78.2
Paschim Medinipur,612,WMed-612,87,Temple Hall 87,2021,378,115,5,44,6,548,P1,263,82.8
Paschim Medinipur,612,WMed-612,88,Temple Hall 88,2019,261,124,4,90,4,483,P1,137,77.4
Paschim Medinipur,612,WMed-612,88,Temple Hall 88,2021,279,175,5,65,6,530,P1,104,84.9
Paschim Medinipur,612,WMed-612,89,Anganwadi Centre 89,2019,301,108,5,36,5,455,P1,193,80.4
Paschim Medinipur,612,WMed-612,89,Anganwadi Centre 89,2021,279,148,5,38,4,474,P1,131,83.7
Paschim Medinipur,612,WMed-612,90,Panchayat Bhavan 90,2019,283,101,5,34,3,426,P1,182,75.3
Paschim Medinipur,612,WMed-612,90,Panchayat Bhavan 90,2021,265,141,3,38,4,451,P1,124,79.7
Paschim Medinipur,612,WMed-612,91,Temple Hall 91,2019,294,131,3,63,5,496,P1,163,74.1
Paschim Medinipur,612,WMed-612,91,Temple Hall 91,2021,279,166,7,66,4,522,P1,113,78.0
Paschim Medinipur,612,WMed-612,92,Market Building 92,2019,265,202,9,89,6,571,P1,63,83.6
Paschim Medinipur,612,WMed-612,92,Market Building 92,2021,284,133,10,77,4,508,P1,151,74.4
Paschim Medinipur,612,WMed-612,93,Panchayat Bhavan 93,2019,261,146,2,39,4,452,P1,115,79.9
Paschim Medinipur,612,WMed-612,93,Panchayat Bhavan 93,2021,269,149,4,38,4,464,P1,120,82.0
Paschim Medinipur,612,WMed-612,94,High School 94,2019,357,156,5,46,6,570,P1,201,78.4
Paschim Medinipur,612,WMed-612,94,High School 94,2021,438,111,5,50,6,610,P1,327,83.9
Paschim Medinipur,612,WMed-612,95,Govt Office 95,2019,260,115,5,33,3,416,P1,145,78.3
Paschim Medinipur,612,WMed-612,95,Govt Office 95,2021,238,132,2,35,4,411,P1,106,77.4
Paschim Medinipur,612,WMed-612,96,Market Building 96,2019,197,143,9,66,3,418,P1,54,83.4
Paschim Medinipur,612,WMed-612,96,Market Building 96,2021,217,111,4,55,5,392,P1,106,78.2
Paschim Medinipur,612,WMed-612,97,Club Building 97,2019,270,168,8,88,7,541,P1,102,81.5
Paschim Medinipur,612,WMed-612,97,Club Building 97,2021,278,148,8,69,5,508,P1,130,76.5
Paschim Medinipur,612,WMed-612,98,Post Office 98,2019,258,160,4,54,4,480,P1,98,76.6
Paschim Medinipur,612,WMed-612,98,Post Office 98,2021,242,170,5,51,4,472,P1,72,75.3
Paschim Medinipur,612,WMed-612,99,Anganwadi Centre 99,2019,348,215,2,54,7,626,P1,133,78.8
Paschim Medinipur,612,WMed-612,99,Anganwadi Centre 99,2021,343,140,7,93,7,590,P1,203,74.3
Paschim Medinipur,612,WMed-612,100,Govt Office 100,2019,213,149,4,33,3,402,P1,64,76.4
Paschim Medinipur,612,WMed-612,100,Govt Office 100,2021,259,103,2,34,4,402,P1,156,76.4
Paschim Medinipur,612,WMed-612,101,Panchayat Bhavan 101,2019,278,130,3,37,5,453,P1,148,78.0
Paschim Medinipur,612,WMed-612,101,Panchayat Bhavan 101,2021,270,146,4,38,4,462,P1,124,79.5
Paschim Medinipur,612,WMed-612,102,High School 102,2019,328,162,3,66,6,565,P1,166,80.7
Paschim Medinipur,612,WMed-612,102,High School 102,2021,290,210,4,51,5,560,P1,80,80.0
Paschim Medinipur,612,WMed-612,103,Primary School 103,2019,252,129,2,36,5,424,P1,123,80.2
Paschim Medinipur,612,WMed-612,103,Primary School 103,2021,268,120,5,52,4,449,P1,148,84.9
Paschim Medinipur,612,WMed-612,104,Market Building 104,2019,345,254,8,52,6,665,P1,91,84.1
Paschim Medinipur,612,WMed-612,104,Market Building 104,2021,286,186,10,119,7,608,P1,100,76.9
Paschim Medinipur,612,WMed-612,105,Temple Hall 105,2019,381,128,4,81,6,600,P1,253,80.2
Paschim Medinipur,612,WMed-612,105,Temple Hall 105,2021,318,182,10,94,7,611,P1,136,81.7
Paschim Medinipur,612,WMed-612,106,High School 106,2019,301,127,5,38,5,476,P1,174,82.6
Paschim Medinipur,612,WMed-612,106,High School 106,2021,280,148,2,40,5,475,P1,132,82.5
Paschim Medinipur,612,WMed-612,107,Market Building 107,2019,346,119,4,43,4,516,P1,227,76.9
Paschim Medinipur,612,WMed-612,107,Market Building 107,2021,290,187,6,42,5,530,P1,103,79.0
Paschim Medinipur,612,WMed-612,108,Panchayat Bhavan 108,2019,294,123,3,54,4,478,P1,171,83.7
Paschim Medinipur,612,WMed-612,108,Panchayat Bhavan 108,2021,251,158,2,58,5,474,P1,93,83.0
Paschim Medinipur,612,WMed-612,109,Primary School 109,2019,356,182,10,69,6,623,P1,174,83.1
Paschim Medinipur,612,WMed-612,109,Primary School 109,2021,382,146,3,49,6,586,P1,236,78.1
Paschim Medinipur,612,WMed-612,110,Anganwadi Centre 110,2019,183,145,6,62,4,400,P1,38,74.8
Paschim Medinipur,612,WMed-612,110,Anganwadi Centre 110,2021,247,109,5,51,4,416,P1,138,77.8
Paschim Medinipur,612,WMed-612,111,High School 111,2019,277,141,7,70,5,500,P1,136,84.6
Paschim Medinipur,612,WMed-612,111,High School 111,2021,249,140,5,42,5,441,P1,109,74.6
Paschim Medinipur,612,WMed-612,112,High School 112,2019,372,81,3,43,4,503,P1,291,78.3
Paschim Medinipur,612,WMed-612,112,High School 112,2021,239,181,4,56,5,485,P1,58,75.5
Paschim Medinipur,612,WMed-612,113,Club Building 113,2019,272,113,3,35,5,428,P1,159,79.6
Paschim Medinipur,612,WMed-612,113,Club Building 113,2021,257,150,5,35,5,452,P1,107,84.0
Paschim Medinipur,612,WMed-612,114,Market Building 114,2019,340,49,2,37,5,433,P1,291,85.2
Paschim Medinipur,612,WMed-612,114,Market Building 114,2021,267,90,4,36,3,400,P1,177,78.7
Paschim Medinipur,612,WMed-612,115,Panchayat Bhavan 115,2019,196,111,5,96,4,412,P1,85,78.8
Paschim Medinipur,612,WMed-612,115,Panchayat Bhavan 115,2021,280,83,3,34,4,404,P1,197,77.2
Paschim Medinipur,612,WMed-612,116,Health Sub-Centre 116,2019,365,129,2,47,6,549,P1,236,84.1
Paschim Medinipur,612,WMed-612,116,Health Sub-Centre 116,2021,269,209,3,45,5,531,P1,60,81.3
Paschim Medinipur,612,WMed-612,117,Market Building 117,2019,281,156,5,59,4,505,P1,125,78.3
Paschim Medinipur,612,WMed-612,117,Market Building 117,2021,275,193,4,43,5,520,P1,82,80.6
Paschim Medinipur,612,WMed-612,118,Market Building 118,2019,324,244,5,52,6,631,P1,80,81.9
Paschim Medinipur,612,WMed-612,118,Market Building 118,2021,335,176,7,60,6,584,P1,159,75.8
Paschim Medinipur,612,WMed-612,119,Panchayat Bhavan 119,2019,260,127,4,35,4,430,P1,133,74.5
Paschim Medinipur,612,WMed-612,119,Panchayat Bhavan 119,2021,266,103,4,89,5,467,P1,163,80.9
Paschim Medinipur,612,WMed-612,120,Temple Hall 120,2019,298,156,5,145,6,610,P1,142,77.3
Paschim Medinipur,612,WMed-612,120,Temple Hall 120,2021,328,195,9,95,6,633,P1,133,80.2
Paschim Medinipur,612,WMed-612,121,Club Building 121,2019,250,103,7,112,5,477,P1,138,78.6
Paschim Medinipur,612,WMed-612,121,Club Building 121,2021,244,138,8,59,4,453,P1,106,74.6
Paschim Medinipur,612,WMed-612,122,Community Hall 122,2019,200,98,6,126,5,435,P1,74,81.0
Paschim Medinipur,612,WMed-612,122,Community Hall 122,2021,229,100,7,70,4,410,P1,129,76.4
Paschim Medinipur,612,WMed-612,123,Community Hall 123,2019,179,140,9,80,4,412,P1,39,76.4
Paschim Medinipur,612,WMed-612,123,Community Hall 123,2021,249,112,2,34,4,401,P1,137,74.4
Paschim Medinipur,612,WMed-612,124,High School 124,2019,287,166,8,78,5,544,P1,121,76.1
Paschim Medinipur,612,WMed-612,124,High School 124,2021,394,119,6,46,5,570,P1,275,79.7
Paschim Medinipur,612,WMed-612,125,Community Hall 125,2019,204,160,4,46,4,418,P1,44,84.4
Paschim Medinipur,612,WMed-612,125,Community Hall 125,2021,224,102,3,37,3,369,P1,122,74.5
Paschim Medinipur,612,WMed-612,126,Health Sub-Centre 126,2019,239,159,5,77,5,485,P1,80,76.5
Paschim Medinipur,612,WMed-612,126,Health Sub-Centre 126,2021,361,117,4,43,6,531,P1,244,83.8
Paschim Medinipur,612,WMed-612,127,Primary School 127,2019,218,158,12,97,5,490,P1,60,81.9
Paschim Medinipur,612,WMed-612,127,Primary School 127,2021,330,128,5,41,4,508,P1,202,84.9
Paschim Medinipur,612,WMed-612,128,High School 128,2019,348,132,5,43,5,533,P1,216,84.2
Paschim Medinipur,612,WMed-612,128,High School 128,2021,286,128,8,75,6,503,P1,158,79.5
Paschim Medinipur,612,WMed-612,129,Panchayat Bhavan 129,2019,322,166,2,49,5,544,P1,156,74.9
Paschim Medinipur,612,WMed-612,129,Panchayat Bhavan 129,2021,335,170,2,48,6,561,P1,165,77.3
Paschim Medinipur,612,WMed-612,130,Market Building 130,2019,297,138,3,41,4,483,P1,159,78.7
Paschim Medinipur,612,WMed-612,130,Market Building 130,2021,295,137,6,38,4,480,P1,158,78.2
Paschim Medinipur,612,WMed-612,131,Panchayat Bhavan 131,2019,170,140,6,66,3,385,P1,30,75.0
Paschim Medinipur,612,WMed-612,131,Panchayat Bhavan 131,2021,203,130,3,63,4,403,P1,73,78.6
Paschim Medinipur,612,WMed-612,132,Primary School 132,2019,214,145,4,32,3,398,P1,69,74.8
Paschim Medinipur,612,WMed-612,132,Primary School 132,2021,190,171,4,36,4,405,P1,19,76.1
Paschim Medinipur,612,WMed-612,133,Market Building 133,2019,240,124,3,34,4,405,P1,116,74.4
Paschim Medinipur,612,WMed-612,133,Market Building 133,2021,308,80,2,37,4,431,P1,228,79.2
Paschim Medinipur,612,WMed-612,134,Primary School 134,2019,397,149,4,51,5,606,P1,248,79.0
Paschim Medinipur,612,WMed-612,134,Primary School 134,2021,303,161,11,103,6,584,P1,142,76.1
Paschim Medinipur,612,WMed-612,135,Health Sub-Centre 135,2019,409,146,4,52,6,617,P1,263,77.3
Paschim Medinipur,612,WMed-612,135,Health Sub-Centre 135,2021,362,172,5,62,6,607,P1,190,76.1
Paschim Medinipur,612,WMed-612,136,Temple Hall 136,2019,357,183,5,49,6,600,P1,174,83.2
Paschim Medinipur,612,WMed-612,136,Temple Hall 136,2021,333,132,9,67,6,547,P1,201,75.9
Paschim Medinipur,612,WMed-612,137,Market Building 137,2019,280,148,6,37,5,476,P1,132,83.2
Paschim Medinipur,612,WMed-612,137,Market Building 137,2021,254,132,9,67,5,467,P1,122,81.6
Paschim Medinipur,612,WMed-612,138,Post Office 138,2019,302,121,2,41,5,471,P1,181,73.8
Paschim Medinipur,612,WMed-612,138,Post Office 138,2021,304,156,4,42,5,511,P1,148,80.1
Paschim Medinipur,612,WMed-612,139,Panchayat Bhavan 139,2019,283,212,7,132,6,640,P1,71,81.0
Paschim Medinipur,612,WMed-612,139,Panchayat Bhavan 139,2021,344,215,9,74,7,649,P1,129,82.2
Paschim Medinipur,612,WMed-612,140,Post Office 140,2019,301,207,3,48,5,564,P1,94,74.5
Paschim Medinipur,612,WMed-612,140,Post Office 140,2021,369,207,2,56,6,640,P1,162,84.5
Paschim Medinipur,612,WMed-612,141,Govt Office 141,2019,340,236,5,64,6,651,P1,104,80.3
Paschim Medinipur,612,WMed-612,141,Govt Office 141,2021,415,175,4,63,7,664,P1,240,81.9
Paschim Medinipur,612,WMed-612,142,Community Hall 142,2019,267,92,2,34,4,399,P1,175,78.5
Paschim Medinipur,612,WMed-612,142,Community Hall 142,2021,228,115,3,31,5,382,P1,113,75.2
Paschim Medinipur,612,WMed-612,143,Madrasa 143,2019,339,161,8,64,6,578,P1,178,81.9
Paschim Medinipur,612,WMed-612,143,Madrasa 143,2021,384,99,4,44,6,537,P1,285,76.1
Paschim Medinipur,612,WMed-612,144,Post Office 144,2019,236,116,5,42,4,403,P1,120,78.9
Paschim Medinipur,612,WMed-612,144,Post Office 144,2021,276,117,4,35,4,436,P1,159,85.3
Paschim Medinipur,612,WMed-612,145,Govt Office 145,2019,229,160,3,51,4,447,P1,69,79.4
Paschim Medinipur,612,WMed-612,145,Govt Office 145,2021,217,132,3,70,4,426,P1,85,75.7
Paschim Medinipur,612,WMed-612,146,High School 146,2019,194,120,4,57,4,379,P1,74,76.6
Paschim Medinipur,612,WMed-612,146,High School 146,2021,258,76,4,30,3,371,P1,182,74.9
Paschim Medinipur,612,WMed-612,147,Post Office 147,2019,378,178,4,59,6,625,P1,200,77.5
Paschim Medinipur,612,WMed-612,147,Post Office 147,2021,418,138,5,50,6,617,P1,280,76.6
Paschim Medinipur,612,WMed-612,148,Govt Office 148,2019,322,104,4,39,4,473,P1,218,78.1
Paschim Medinipur,612,WMed-612,148,Govt Office 148,2021,283,171,3,51,4,512,P1,112,84.5
Paschim Medinipur,612,WMed-612,149,Panchayat Bhavan 149,2019,344,203,8,61,5,621,P1,141,77.3
Paschim Medinipur,612,WMed-612,149,Panchayat Bhavan 149,2021,359,158,17,137,7,678,P1,201,84.4
Paschim Medinipur,612,WMed-612,150,Club Building 150,2019,329,177,4,47,5,562,P1,152,75.5
Paschim Medinipur,612,WMed-612,150,Club Building 150,2021,381,158,2,52,5,598,P1,223,80.4
Paschim Medinipur,612,WMed-612,151,Govt Office 151,2019,285,136,7,56,5,489,P1,149,83.6
Paschim Medinipur,612,WMed-612,151,Govt Office 151,2021,227,165,11,77,5,485,P1,62,82.9
Paschim Medinipur,612,WMed-612,152,High School 152,2019,251,184,5,38,5,483,P1,67,82.8
Paschim Medinipur,612,WMed-612,152,High School 152,2021,256,148,5,54,5,468,P1,108,80.3
Paschim Medinipur,612,WMed-612,153,High School 153,2019,259,137,3,46,4,449,P1,122,78.1
Paschim Medinipur,612,WMed-612,153,High School 153,2021,236,165,5,78,6,490,P1,71,85.2
Paschim Medinipur,612,WMed-612,154,Govt Office 154,2019,280,135,2,39,5,461,P1,145,74.2
Paschim Medinipur,612,WMed-612,154,Govt Office 154,2021,323,112,3,64,4,506,P1,211,81.5
Paschim Medinipur,612,WMed-612,155,Market Building 155,2019,421,112,2,51,6,592,P1,309,76.9
Paschim Medinipur,612,WMed-612,155,Market Building 155,2021,400,188,8,51,6,653,P1,212,84.8
Paschim Medinipur,612,WMed-612,156,Govt Office 156,2019,212,122,4,38,4,380,P1,90,78.8
Paschim Medinipur,612,WMed-612,156,Govt Office 156,2021,223,142,4,37,4,410,P1,81,85.1
Paschim Medinipur,612,WMed-612,157,Market Building 157,2019,294,172,15,136,6,623,P1,122,83.8
Paschim Medinipur,612,WMed-612,157,Market Building 157,2021,275,245,9,84,6,619,P1,30,83.3
Paschim Medinipur,612,WMed-612,158,Post Office 158,2019,308,75,5,34,4,426,P1,233,81.6
Paschim Medinipur,612,WMed-612,158,Post Office 158,2021,230,140,2,35,4,411,P1,90,78.7
Paschim Medinipur,612,WMed-612,159,Panchayat Bhavan 159,2019,217,190,3,38,4,452,P1,27,78.3
Paschim Medinipur,612,WMed-612,159,Panchayat Bhavan 159,2021,264,125,5,81,5,480,P1,139,83.2
Paschim Medinipur,612,WMed-612,160,Club Building 160,2019,259,112,2,35,4,412,P1,147,80.3
Paschim Medinipur,612,WMed-612,160,Club Building 160,2021,217,117,9,68,4,415,P1,100,80.9
Paschim Medinipur,612,WMed-612,161,Madrasa 161,2019,298,114,5,36,5,458,P1,184,74.6
Paschim Medinipur,612,WMed-612,161,Madrasa 161,2021,350,56,10,90,5,511,P1,260,83.2
Paschim Medinipur,612,WMed-612,162,Temple Hall 162,2019,360,219,4,54,7,644,P1,141,81.3
Paschim Medinipur,612,WMed-612,162,Temple Hall 162,2021,352,166,11,82,6,617,P1,186,77.9
Paschim Medinipur,612,WMed-612,163,Club Building 163,2019,295,70,6,49,5,425,P1,225,78.4
Paschim Medinipur,612,WMed-612,163,Club Building 163,2021,276,123,4,36,4,443,P1,153,81.7
Paschim Medinipur,612,WMed-612,164,Community Hall 164,2019,312,156,7,89,5,569,P1,156,76.4
Paschim Medinipur,612,WMed-612,164,Community Hall 164,2021,316,202,9,97,7,631,P1,114,84.7
Paschim Medinipur,612,WMed-612,165,Club Building 165,2019,363,139,4,108,6,620,P1,224,85.2
Paschim Medinipur,612,WMed-612,165,Club Building 165,2021,379,179,7,49,6,620,P1,200,85.2
Paschim Medinipur,612,WMed-612,166,Club Building 166,2019,276,129,4,36,5,450,P1,147,73.8
Paschim Medinipur,612,WMed-612,166,Club Building 166,2021,194,111,18,140,5,468,P1,54,76.7
Paschim Medinipur,612,WMed-612,167,Panchayat Bhavan 167,2019,271,188,4,63,6,532,P1,83,85.1
Paschim Medinipur,612,WMed-612,167,Panchayat Bhavan 167,2021,317,123,5,39,5,489,P1,194,78.2
Paschim Medinipur,612,WMed-612,168,High School 168,2019,322,159,4,50,5,540,P1,163,80.2
Paschim Medinipur,612,WMed-612,168,High School 168,2021,265,186,4,41,5,501,P1,79,74.4
Paschim Medinipur,612,WMed-612,169,Temple Hall 169,2019,425,188,2,61,7,683,P1,237,83.9
Paschim Medinipur,612,WMed-612,169,Temple Hall 169,2021,380,178,4,83,7,652,P1,202,80.1
Paschim Medinipur,612,WMed-612,170,Panchayat Bhavan 170,2019,387,131,3,48,6,575,P1,256,77.5
Paschim Medinipur,612,WMed-612,170,Panchayat Bhavan 170,2021,400,156,6,49,7,618,P1,244,83.3
Paschim Medinipur,612,WMed-612,171,Health Sub-Centre 171,2019,311,121,4,39,5,480,P1,190,75.4
Paschim Medinipur,612,WMed-612,171,Health Sub-Centre 171,2021,317,143,2,44,6,512,P1,174,80.4
Paschim Medinipur,612,WMed-612,172,Club Building 172,2019,308,65,4,33,5,415,P1,243,82.7
Paschim Medinipur,612,WMed-612,172,Club Building 172,2021,256,127,2,36,5,426,P1,129,84.9
Paschim Medinipur,612,WMed-612,173,Govt Office 173,2019,243,191,4,39,5,482,P1,52,79.8
Paschim Medinipur,612,WMed-612,173,Govt Office 173,2021,269,167,5,39,5,485,P1,102,80.3
Paschim Medinipur,612,WMed-612,174,Panchayat Bhavan 174,2019,233,149,8,71,6,467,P1,84,79.7
Paschim Medinipur,612,WMed-612,174,Panchayat Bhavan 174,2021,302,95,2,38,4,441,P1,207,75.3
Paschim Medinipur,612,WMed-612,175,Community Hall 175,2019,276,120,4,58,4,462,P1,156,82.6
Paschim Medinipur,612,WMed-612,175,Community Hall 175,2021,244,122,5,38,4,413,P1,122,73.9
Paschim Medinipur,612,WMed-612,176,Anganwadi Centre 176,2019,287,109,5,34,5,440,P1,178,74.2
Paschim Medinipur,612,WMed-612,176,Anganwadi Centre 176,2021,273,144,3,76,5,501,P1,129,84.5
Paschim Medinipur,612,WMed-612,177,Temple Hall 177,2019,289,175,5,41,5,515,P1,114,75.1
Paschim Medinipur,612,WMed-612,177,Temple Hall 177,2021,339,139,4,43,6,531,P1,200,77.4
Paschim Medinipur,612,WMed-612,178,Anganwadi Centre 178,2019,334,237,5,65,6,647,P1,97,81.2
Paschim Medinipur,612,WMed-612,178,Anganwadi Centre 178,2021,355,165,10,97,6,633,P1,190,79.4
Paschim Medinipur,612,WMed-612,179,Market Building 179,2019,285,119,3,38,4,449,P1,166,84.9
Paschim Medinipur,612,WMed-612,179,Market Building 179,2021,237,115,1,34,4,391,P1,122,73.9
Paschim Medinipur,612,WMed-612,180,Health Sub-Centre 180,2019,235,114,4,59,4,416,P1,121,85.1
Paschim Medinipur,612,WMed-612,180,Health Sub-Centre 180,2021,207,109,4,73,4,397,P1,98,81.2
Paschim Medinipur,612,WMed-612,181,Market Building 181,2019,192,144,3,72,4,415,P1,48,82.5
Paschim Medinipur,612,WMed-612,181,Market Building 181,2021,251,133,4,34,5,427,P1,118,84.9
Paschim Medinipur,612,WMed-612,182,Temple Hall 182,2019,302,220,4,57,6,589,P1,82,85.0
Paschim Medinipur,612,WMed-612,182,Temple Hall 182,2021,268,167,4,73,5,517,P1,101,74.6
Paschim Medinipur,612,WMed-612,183,Primary School 183,2019,340,151,6,100,6,603,P1,189,74.4
Paschim Medinipur,612,WMed-612,183,Primary School 183,2021,344,224,6,61,6,641,P1,120,79.1
Paschim Medinipur,612,WMed-612,184,Anganwadi Centre 184,2019,297,174,6,77,4,558,P1,123,82.5
Paschim Medinipur,612,WMed-612,184,Anganwadi Centre 184,2021,360,159,6,46,5,576,P1,201,85.2
Paschim Medinipur,612,WMed-612,185,Club Building 185,2019,242,114,5,43,5,409,P1,128,75.7
Paschim Medinipur,612,WMed-612,185,Club Building 185,2021,279,121,5,38,4,447,P1,158,82.8
Paschim Medinipur,612,WMed-612,186,Anganwadi Centre 186,2019,295,228,5,125,6,659,P1,67,83.1
Paschim Medinipur,612,WMed-612,186,Anganwadi Centre 186,2021,281,170,5,131,7,594,P1,111,74.9
Paschim Medinipur,612,WMed-612,187,High School 187,2019,278,136,2,40,4,460,P1,142,85.2
Paschim Medinipur,612,WMed-612,187,High School 187,2021,287,102,3,36,5,433,P1,185,80.2
Paschim Medinipur,612,WMed-612,188,Market Building 188,2019,355,203,3,53,6,620,P1,152,76.1
Paschim Medinipur,612,WMed-612,188,Market Building 188,2021,301,280,7,51,7,646,P1,21,79.3
Paschim Medinipur,612,WMed-612,189,Primary School 189,2019,326,184,6,45,6,567,P1,142,85.1
Paschim Medinipur,612,WMed-612,189,Primary School 189,2021,390,72,5,41,6,514,P1,318,77.2
Paschim Medinipur,612,WMed-612,190,Temple Hall 190,2019,419,131,4,51,6,611,P1,288,77.4
Paschim Medinipur,612,WMed-612,190,Temple Hall 190,2021,450,155,3,58,6,672,P1,295,85.2
Paschim Medinipur,612,WMed-612,191,Madrasa 191,2019,256,114,6,115,4,495,P1,141,78.6
Paschim Medinipur,612,WMed-612,191,Madrasa 191,2021,314,130,6,67,5,522,P1,184,82.9
Paschim Medinipur,612,WMed-612,192,Panchayat Bhavan 192,2019,289,203,7,43,4,546,P1,86,76.2
Paschim Medinipur,612,WMed-612,192,Panchayat Bhavan 192,2021,316,172,3,77,6,574,P1,144,80.1
Paschim Medinipur,612,WMed-612,193,Market Building 193,2019,188,106,5,63,3,365,P1,82,75.9
Paschim Medinipur,612,WMed-612,193,Market Building 193,2021,196,107,4,49,4,360,P1,89,74.8
Paschim Medinipur,612,WMed-612,194,Govt Office 194,2019,249,108,4,32,3,396,P1,141,77.5
Paschim Medinipur,612,WMed-612,194,Govt Office 194,2021,284,101,4,34,4,427,P1,183,83.6
Paschim Medinipur,612,WMed-612,195,High School 195,2019,304,162,3,56,6,531,P1,142,80.5
Paschim Medinipur,612,WMed-612,195,High School 195,2021,297,172,8,65,5,547,P1,125,82.9
Paschim Medinipur,612,WMed-612,196,High School 196,2019,248,94,4,31,3,380,P1,154,77.6
Paschim Medinipur,612,WMed-612,196,High School 196,2021,232,97,6,43,4,382,P1,135,78.0
Paschim Medinipur,612,WMed-612,197,Health Sub-Centre 197,2019,339,152,9,100,6,606,P1,187,81.7
Paschim Medinipur,612,WMed-612,197,Health Sub-Centre 197,2021,392,137,7,46,6,588,P1,255,79.2
Paschim Medinipur,612,WMed-612,198,Health Sub-Centre 198,2019,384,182,6,63,6,641,P1,202,78.7
Paschim Medinipur,612,WMed-612,198,Health Sub-Centre 198,2021,444,126,7,49,7,633,P1,318,77.7
Paschim Medinipur,612,WMed-612,199,Primary School 199,2019,266,91,5,52,4,418,P1,175,82.8
Paschim Medinipur,612,WMed-612,199,Primary School 199,2021,206,116,3,73,3,401,P1,90,79.4
Paschim Medinipur,612,WMed-612,200,High School 200,2019,332,145,4,44,5,530,P1,187,76.5
Paschim Medinipur,612,WMed-612,200,High School 200,2021,365,138,4,46,6,559,P1,227,80.7
Paschim Medinipur,612,WMed-612,201,Primary School 201,2019,219,132,4,31,4,390,P1,87,78.8
Paschim Medinipur,612,WMed-612,201,Primary School 201,2021,228,134,3,33,5,403,P1,94,81.4
Paschim Medinipur,612,WMed-612,202,Market Building 202,2019,255,106,4,32,4,401,P1,149,77.3
Paschim Medinipur,612,WMed-612,202,Market Building 202,2021,235,135,3,34,4,411,P1,100,79.2
Paschim Medinipur,612,WMed-612,203,Govt Office 203,2019,266,135,2,39,4,446,P1,131,79.9
Paschim Medinipur,612,WMed-612,203,Govt Office 203,2021,245,135,4,56,4,444,P1,110,79.6
Paschim Medinipur,612,WMed-612,204,Panchayat Bhavan 204,2019,274,122,8,69,5,478,P1,152,81.4
Paschim Medinipur,612,WMed-612,204,Panchayat Bhavan 204,2021,232,123,4,82,5,446,P1,109,76.0
Paschim Medinipur,612,WMed-612,205,Anganwadi Centre 205,2019,162,105,3,93,3,366,P1,57,75.3
Paschim Medinipur,612,WMed-612,205,Anganwadi Centre 205,2021,255,90,3,32,3,383,P1,165,78.8
Paschim Medinipur,612,WMed-612,206,Primary School 206,2019,200,132,3,32,4,371,P1,68,76.2
Paschim Medinipur,612,WMed-612,206,Primary School 206,2021,201,125,3,30,4,363,P1,76,74.5
Paschim Medinipur,612,WMed-612,207,Post Office 207,2019,318,183,5,45,6,557,P1,135,76.8
Paschim Medinipur,612,WMed-612,207,Post Office 207,2021,258,157,7,152,5,579,P1,101,79.9
Paschim Medinipur,612,WMed-612,208,Primary School 208,2019,374,186,7,49,7,623,P1,188,79.3
Paschim Medinipur,612,WMed-612,208,Primary School 208,2021,376,136,5,61,7,585,P1,240,74.4
Paschim Medinipur,612,WMed-612,209,Market Building 209,2019,188,138,8,55,4,393,P1,50,80.9
Paschim Medinipur,612,WMed-612,209,Market Building 209,2021,167,158,4,35,3,367,P1,9,75.5
Paschim Medinipur,612,WMed-612,210,Market Building 210,2019,361,224,8,51,6,650,P1,137,80.9
Paschim Medinipur,612,WMed-612,210,Market Building 210,2021,393,180,3,54,7,637,P1,213,79.3
Paschim Medinipur,613,WMed-613,1,Community Hall 1,2019,262,156,2,60,5,485,P1,106,83.5
Paschim Medinipur,613,WMed-613,1,Community Hall 1,2021,302,123,4,39,4,472,P1,179,81.2
Paschim Medinipur,613,WMed-613,2,Market Building 2,2019,315,173,3,46,5,542,P1,142,85.0
Paschim Medinipur,613,WMed-613,2,Market Building 2,2021,350,135,5,44,5,539,P1,215,84.5
Paschim Medinipur,613,WMed-613,3,Temple Hall 3,2019,388,133,3,49,5,578,P1,255,85.0
Paschim Medinipur,613,WMed-613,3,Temple Hall 3,2021,324,149,9,69,6,557,P1,175,81.9
Paschim Medinipur,613,WMed-613,4,Govt Office 4,2019,344,143,3,49,5,544,P1,201,77.6
Paschim Medinipur,613,WMed-613,4,Govt Office 4,2021,337,191,6,46,6,586,P1,146,83.6
Paschim Medinipur,613,WMed-613,5,Madrasa 5,2019,280,103,4,107,5,499,P1,173,76.3
Paschim Medinipur,613,WMed-613,5,Madrasa 5,2021,301,146,4,40,6,497,P1,155,76.0
Paschim Medinipur,613,WMed-613,6,Anganwadi Centre 6,2019,270,157,4,42,5,478,P1,113,78.7
Paschim Medinipur,613,WMed-613,6,Anganwadi Centre 6,2021,246,177,7,73,6,509,P1,69,83.9
Paschim Medinipur,613,WMed-613,7,Temple Hall 7,2019,353,123,2,46,5,529,P1,230,76.4
Paschim Medinipur,613,WMed-613,7,Temple Hall 7,2021,319,150,2,64,5,540,P1,169,78.0
Paschim Medinipur,613,WMed-613,8,Market Building 8,2019,234,125,1,34,4,398,P1,109,81.4
Paschim Medinipur,613,WMed-613,8,Market Building 8,2021,248,101,4,31,4,388,P1,147,79.3
Paschim Medinipur,613,WMed-613,9,Temple Hall 9,2019,201,131,5,60,5,402,P1,70,76.9
Paschim Medinipur,613,WMed-613,9,Temple Hall 9,2021,286,80,3,34,4,407,P1,206,77.8
Paschim Medinipur,613,WMed-613,10,Community Hall 10,2019,278,138,4,57,5,482,P1,140,81.7
Paschim Medinipur,613,WMed-613,10,Community Hall 10,2021,238,165,2,38,5,448,P1,73,75.9
Paschim Medinipur,613,WMed-613,11,Health Sub-Centre 11,2019,254,122,5,66,5,452,P1,132,79.6
Paschim Medinipur,613,WMed-613,11,Health Sub-Centre 11,2021,207,180,6,48,4,445,P1,27,78.3
Paschim Medinipur,613,WMed-613,12,Health Sub-Centre 12,2019,266,178,5,41,5,495,P1,88,77.8
Paschim Medinipur,613,WMed-613,12,Health Sub-Centre 12,2021,318,117,8,81,5,529,P1,201,83.2
Paschim Medinipur,613,WMed-613,13,Market Building 13,2019,233,105,11,80,5,434,P1,128,83.8
Paschim Medinipur,613,WMed-613,13,Market Building 13,2021,243,106,9,69,4,431,P1,137,83.2
Paschim Medinipur,613,WMed-613,14,Anganwadi Centre 14,2019,162,145,2,66,5,380,P1,17,76.2
Paschim Medinipur,613,WMed-613,14,Anganwadi Centre 14,2021,235,136,3,34,4,412,P1,99,82.6
Paschim Medinipur,613,WMed-613,15,High School 15,2019,382,186,7,50,6,631,P1,196,81.4
Paschim Medinipur,613,WMed-613,15,High School 15,2021,313,209,6,53,6,587,P1,104,75.7
Paschim Medinipur,613,WMed-613,16,Temple Hall 16,2019,196,97,8,62,4,367,P1,99,75.2
Paschim Medinipur,613,WMed-613,16,Temple Hall 16,2021,283,91,3,34,4,415,P1,192,85.0
Paschim Medinipur,613,WMed-613,17,Health Sub-Centre 17,2019,252,139,3,74,4,472,P1,113,79.9
Paschim Medinipur,613,WMed-613,17,Health Sub-Centre 17,2021,302,131,5,38,5,481,P1,171,81.4
Paschim Medinipur,613,WMed-613,18,Primary School 18,2019,327,127,3,42,5,504,P1,200,82.4
Paschim Medinipur,613,WMed-613,18,Primary School 18,2021,274,101,13,89,4,481,P1,173,78.6
Paschim Medinipur,613,WMed-613,19,Temple Hall 19,2019,309,168,6,73,5,561,P1,141,82.1
Paschim Medinipur,613,WMed-613,19,Temple Hall 19,2021,370,116,5,43,6,540,P1,254,79.1
Paschim Medinipur,613,WMed-613,20,Govt Office 20,2019,264,166,6,38,4,478,P1,98,74.6
Paschim Medinipur,613,WMed-613,20,Govt Office 20,2021,296,157,3,42,5,503,P1,139,78.5
Paschim Medinipur,613,WMed-613,21,Market Building 21,2019,287,179,4,43,6,519,P1,108,80.5
Paschim Medinipur,613,WMed-613,21,Market Building 21,2021,308,184,6,43,6,547,P1,124,84.8
Paschim Medinipur,613,WMed-613,22,Primary School 22,2019,224,116,2,51,3,396,P1,108,81.0
Paschim Medinipur,613,WMed-613,22,Primary School 22,2021,248,106,1,34,5,394,P1,142,80.6
Paschim Medinipur,613,WMed-613,23,Panchayat Bhavan 23,2019,316,181,8,76,7,588,P1,135,74.3
Paschim Medinipur,613,WMed-613,23,Panchayat Bhavan 23,2021,354,184,9,74,6,627,P1,170,79.3
Paschim Medinipur,613,WMed-613,24,High School 24,2019,260,170,2,54,5,491,P1,90,83.6
Paschim Medinipur,613,WMed-613,24,High School 24,2021,244,135,6,51,4,440,P1,109,75.0
Paschim Medinipur,613,WMed-613,25,Primary School 25,2019,376,152,3,64,5,600,P1,224,78.7
Paschim Medinipur,613,WMed-613,25,Primary School 25,2021,323,133,10,166,7,639,P1,157,83.9
Paschim Medinipur,613,WMed-613,26,Govt Office 26,2019,204,143,3,32,3,385,P1,61,77.2
Paschim Medinipur,613,WMed-613,26,Govt Office 26,2021,225,99,2,41,4,371,P1,126,74.3
Paschim Medinipur,613,WMed-613,27,Panchayat Bhavan 27,2019,278,162,2,42,5,489,P1,116,75.5
Paschim Medinipur,613,WMed-613,27,Panchayat Bhavan 27,2021,327,118,6,39,4,494,P1,209,76.2
Paschim Medinipur,613,WMed-613,28,High School 28,2019,365,157,6,54,6,588,P1,208,81.0
Paschim Medinipur,613,WMed-613,28,High School 28,2021,296,157,6,124,6,589,P1,139,81.1
Paschim Medinipur,613,WMed-613,29,Primary School 29,2019,301,211,11,95,7,625,P1,90,83.6
Paschim Medinipur,613,WMed-613,29,Primary School 29,2021,336,191,6,46,6,585,P1,145,78.2
Paschim Medinipur,613,WMed-613,30,Anganwadi Centre 30,2019,355,191,6,73,7,632,P1,164,83.8
Paschim Medinipur,613,WMed-613,30,Anganwadi Centre 30,2021,324,168,9,72,6,579,P1,156,76.8
Paschim Medinipur,613,WMed-613,31,Health Sub-Centre 31,2019,317,117,3,41,5,483,P1,200,81.7
Paschim Medinipur,613,WMed-613,31,Health Sub-Centre 31,2021,302,147,5,40,4,498,P1,155,84.3
Paschim Medinipur,613,WMed-613,32,Primary School 32,2019,225,138,2,34,5,404,P1,87,81.9
Paschim Medinipur,613,WMed-613,32,Primary School 32,2021,216,139,3,32,5,395,P1,77,80.1
Paschim Medinipur,613,WMed-613,33,Community Hall 33,2019,383,212,3,57,6,661,P1,171,84.6
Paschim Medinipur,613,WMed-613,33,Community Hall 33,2021,337,212,5,56,6,616,P1,125,78.9
Paschim Medinipur,613,WMed-613,34,Anganwadi Centre 34,2019,263,76,1,33,4,377,P1,187,74.5
Paschim Medinipur,613,WMed-613,34,Anganwadi Centre 34,2021,279,87,5,32,3,406,P1,192,80.2
Paschim Medinipur,613,WMed-613,35,Primary School 35,2019,218,133,2,33,4,390,P1,85,77.7
Paschim Medinipur,613,WMed-613,35,Primary School 35,2021,209,122,4,54,5,394,P1,87,78.5
Paschim Medinipur,613,WMed-613,36,Post Office 36,2019,311,191,8,61,5,576,P1,120,75.4
Paschim Medinipur,613,WMed-613,36,Post Office 36,2021,391,140,5,48,6,590,P1,251,77.2
Paschim Medinipur,613,WMed-613,37,Primary School 37,2019,306,156,6,71,5,544,P1,150,76.1
Paschim Medinipur,613,WMed-613,37,Primary School 37,2021,234,185,12,99,6,536,P1,49,75.0
Paschim Medinipur,613,WMed-613,38,Community Hall 38,2019,290,74,4,32,5,405,P1,216,81.8
Paschim Medinipur,613,WMed-613,38,Community Hall 38,2021,199,90,7,99,5,400,P1,100,80.8
Paschim Medinipur,613,WMed-613,39,Madrasa 39,2019,253,140,5,36,4,438,P1,113,81.1
Paschim Medinipur,613,WMed-613,39,Madrasa 39,2021,208,119,14,106,5,452,P1,89,83.7
Paschim Medinipur,613,WMed-613,40,Post Office 40,2019,281,116,5,40,4,446,P1,165,82.7
Paschim Medinipur,613,WMed-613,40,Post Office 40,2021,266,145,5,36,4,456,P1,121,84.6
Paschim Medinipur,613,WMed-613,41,Temple Hall 41,2019,278,131,2,39,5,455,P1,147,84.4
Paschim Medinipur,613,WMed-613,41,Temple Hall 41,2021,218,184,3,39,5,449,P1,34,83.3
Paschim Medinipur,613,WMed-613,42,Anganwadi Centre 42,2019,311,213,4,48,7,583,P1,98,75.2
Paschim Medinipur,613,WMed-613,42,Anganwadi Centre 42,2021,457,132,2,57,7,655,P1,325,84.5
Paschim Medinipur,613,WMed-613,43,Temple Hall 43,2019,261,125,2,36,5,429,P1,136,75.3
Paschim Medinipur,613,WMed-613,43,Temple Hall 43,2021,302,135,3,41,4,485,P1,167,85.1
Paschim Medinipur,613,WMed-613,44,Community Hall 44,2019,237,136,4,33,4,414,P1,101,79.3
Paschim Medinipur,613,WMed-613,44,Community Hall 44,2021,217,154,5,34,3,413,P1,63,79.1
Paschim Medinipur,613,WMed-613,45,Club Building 45,2019,311,183,6,43,6,549,P1,128,80.9
Paschim Medinipur,613,WMed-613,45,Club Building 45,2021,302,166,2,45,5,520,P1,136,76.6
Paschim Medinipur,613,WMed-613,46,Govt Office 46,2019,331,182,6,45,5,569,P1,149,78.8
Paschim Medinipur,613,WMed-613,46,Govt Office 46,2021,268,164,11,120,5,568,P1,104,78.7
Paschim Medinipur,613,WMed-613,47,Primary School 47,2019,309,112,11,106,5,543,P1,197,78.7
Paschim Medinipur,613,WMed-613,47,Primary School 47,2021,336,172,5,46,5,564,P1,164,81.7
Paschim Medinipur,613,WMed-613,48,Anganwadi Centre 48,2019,232,168,5,35,4,444,P1,64,81.5
Paschim Medinipur,613,WMed-613,48,Anganwadi Centre 48,2021,187,118,9,87,3,404,P1,69,74.1
Paschim Medinipur,613,WMed-613,49,Anganwadi Centre 49,2019,208,157,3,33,4,405,P1,51,78.9
Paschim Medinipur,613,WMed-613,49,Anganwadi Centre 49,2021,218,130,4,31,4,387,P1,88,75.4
Paschim Medinipur,613,WMed-613,50,Panchayat Bhavan 50,2019,176,108,11,84,4,383,P1,68,78.6
Paschim Medinipur,613,WMed-613,50,Panchayat Bhavan 50,2021,213,120,3,30,4,370,P1,93,76.0
Paschim Medinipur,613,WMed-613,51,Anganwadi Centre 51,2019,379,179,3,53,6,620,P1,200,80.6
Paschim Medinipur,613,WMed-613,51,Anganwadi Centre 51,2021,306,232,6,80,6,630,P1,74,81.9
Paschim Medinipur,613,WMed-613,52,Primary School 52,2019,271,205,10,114,7,607,P1,66,76.7
Paschim Medinipur,613,WMed-613,52,Primary School 52,2021,362,173,4,49,6,594,P1,189,75.1
Paschim Medinipur,613,WMed-613,53,Club Building 53,2019,281,165,6,71,5,528,P1,116,78.9
Paschim Medinipur,613,WMed-613,53,Club Building 53,2021,308,144,3,48,5,508,P1,164,75.9
Paschim Medinipur,613,WMed-613,54,Health Sub-Centre 54,2019,222,114,3,31,4,374,P1,108,75.6
Paschim Medinipur,613,WMed-613,54,Health Sub-Centre 54,2021,268,105,4,33,5,415,P1,163,83.8
Paschim Medinipur,613,WMed-613,55,Anganwadi Centre 55,2019,340,144,3,45,5,537,P1,196,74.1
Paschim Medinipur,613,WMed-613,55,Anganwadi Centre 55,2021,323,161,3,45,5,537,P1,162,74.1
Paschim Medinipur,613,WMed-613,56,Govt Office 56,2019,310,142,3,42,6,503,P1,168,79.5
Paschim Medinipur,613,WMed-613,56,Govt Office 56,2021,281,149,4,39,5,478,P1,132,75.5
Paschim Medinipur,613,WMed-613,57,Panchayat Bhavan 57,2019,328,240,8,89,7,672,P1,88,85.3
Paschim Medinipur,613,WMed-613,57,Panchayat Bhavan 57,2021,347,224,4,53,6,634,P1,123,80.5
Paschim Medinipur,613,WMed-613,58,High School 58,2019,259,153,4,37,5,458,P1,106,81.9
Paschim Medinipur,613,WMed-613,58,High School 58,2021,197,165,4,90,5,461,P1,32,82.5
Paschim Medinipur,613,WMed-613,59,Anganwadi Centre 59,2019,298,99,3,36,5,441,P1,199,78.3
Paschim Medinipur,613,WMed-613,59,Anganwadi Centre 59,2021,249,127,3,35,3,417,P1,122,74.1
Paschim Medinipur,613,WMed-613,60,Primary School 60,2019,407,152,6,50,6,621,P1,255,80.5
Paschim Medinipur,613,WMed-613,60,Primary School 60,2021,328,135,12,110,6,591,P1,193,76.7
Paschim Medinipur,613,WMed-613,61,Club Building 61,2019,231,179,3,79,5,497,P1,52,78.8
Paschim Medinipur,613,WMed-613,61,Club Building 61,2021,291,189,6,42,6,534,P1,102,84.6
Paschim Medinipur,613,WMed-613,62,Health Sub-Centre 62,2019,375,148,5,47,6,581,P1,227,82.5
Paschim Medinipur,613,WMed-613,62,Health Sub-Centre 62,2021,264,152,12,99,5,532,P1,112,75.6
Paschim Medinipur,613,WMed-613,63,Post Office 63,2019,265,150,3,39,5,462,P1,115,76.1
Paschim Medinipur,613,WMed-613,63,Post Office 63,2021,287,149,5,52,5,498,P1,138,82.0
Paschim Medinipur,613,WMed-613,64,Panchayat Bhavan 64,2019,246,78,8,75,5,412,P1,168,78.9
Paschim Medinipur,613,WMed-613,64,Panchayat Bhavan 64,2021,258,119,3,35,4,419,P1,139,80.3
Paschim Medinipur,613,WMed-613,65,Club Building 65,2019,274,186,8,80,7,555,P1,88,85.1
Paschim Medinipur,613,WMed-613,65,Club Building 65,2021,350,113,3,43,5,514,P1,237,78.8
Paschim Medinipur,613,WMed-613,66,Health Sub-Centre 66,2019,315,157,8,75,5,560,P1,158,75.7
Paschim Medinipur,613,WMed-613,66,Health Sub-Centre 66,2021,354,206,6,50,6,622,P1,148,84.1
Paschim Medinipur,613,WMed-613,67,Panchayat Bhavan 67,2019,310,143,10,78,5,546,P1,167,78.8
Paschim Medinipur,613,WMed-613,67,Panchayat Bhavan 67,2021,285,178,4,43,5,515,P1,107,74.3
Paschim Medinipur,613,WMed-613,68,Primary School 68,2019,334,145,6,42,5,532,P1,189,81.8
Paschim Medinipur,613,WMed-613,68,Primary School 68,2021,347,111,3,42,5,508,P1,236,78.2
Paschim Medinipur,613,WMed-613,69,Temple Hall 69,2019,175,161,5,42,4,387,P1,14,78.0
Paschim Medinipur,613,WMed-613,69,Temple Hall 69,2021,218,150,2,35,4,409,P1,68,82.5
Paschim Medinipur,613,WMed-613,70,Market Building 70,2019,276,91,6,70,4,447,P1,185,84.0
Paschim Medinipur,613,WMed-613,70,Market Building 70,2021,188,129,7,68,5,397,P1,59,74.6
Paschim Medinipur,613,WMed-613,71,Club Building 71,2019,318,195,4,47,6,570,P1,123,74.9
Paschim Medinipur,613,WMed-613,71,Club Building 71,2021,367,141,10,105,7,630,P1,226,82.8
Paschim Medinipur,613,WMed-613,72,Panchayat Bhavan 72,2019,255,146,8,125,6,540,P1,109,77.4
Paschim Medinipur,613,WMed-613,72,Panchayat Bhavan 72,2021,346,135,3,45,5,534,P1,211,76.5
Paschim Medinipur,613,WMed-613,73,Post Office 73,2019,259,149,8,127,5,548,P1,110,79.9
Paschim Medinipur,613,WMed-613,73,Post Office 73,2021,282,182,2,45,5,516,P1,100,75.2
Paschim Medinipur,613,WMed-613,74,Post Office 74,2019,259,147,4,37,4,451,P1,112,85.1
Paschim Medinipur,613,WMed-613,74,Post Office 74,2021,217,137,6,43,4,407,P1,80,76.8
Paschim Medinipur,613,WMed-613,75,Anganwadi Centre 75,2019,247,148,12,113,6,526,P1,99,79.7
Paschim Medinipur,613,WMed-613,75,Anganwadi Centre 75,2021,279,148,2,65,6,500,P1,131,75.8
Paschim Medinipur,613,WMed-613,76,Anganwadi Centre 76,2019,237,166,11,85,6,505,P1,71,75.4
Paschim Medinipur,613,WMed-613,76,Anganwadi Centre 76,2021,294,171,4,42,6,517,P1,123,77.2
Paschim Medinipur,613,WMed-613,77,Anganwadi Centre 77,2019,214,162,6,46,5,433,P1,52,82.5
Paschim Medinipur,613,WMed-613,77,Anganwadi Centre 77,2021,234,113,5,39,4,395,P1,121,75.2
Paschim Medinipur,613,WMed-613,78,Primary School 78,2019,261,83,2,32,5,383,P1,178,75.4
Paschim Medinipur,613,WMed-613,78,Primary School 78,2021,269,74,2,32,4,381,P1,195,75.0
Paschim Medinipur,613,WMed-613,79,Health Sub-Centre 79,2019,355,127,13,172,7,674,P1,183,83.8
Paschim Medinipur,613,WMed-613,79,Health Sub-Centre 79,2021,261,202,14,119,6,602,P1,59,74.9
Paschim Medinipur,613,WMed-613,80,Madrasa 80,2019,194,107,9,68,3,381,P1,87,78.4
Paschim Medinipur,613,WMed-613,80,Madrasa 80,2021,149,150,4,52,4,359,P2,1,73.9
Paschim Medinipur,613,WMed-613,81,Anganwadi Centre 81,2019,169,116,13,117,4,419,P1,52,74.0
Paschim Medinipur,613,WMed-613,81,Anganwadi Centre 81,2021,248,137,6,62,5,458,P1,111,80.9
Paschim Medinipur,613,WMed-613,82,Club Building 82,2019,274,118,1,38,5,436,P1,156,75.2
Paschim Medinipur,613,WMed-613,82,Club Building 82,2021,298,129,4,39,4,474,P1,169,81.7
Paschim Medinipur,613,WMed-613,83,Anganwadi Centre 83,2019,205,113,7,102,3,430,P1,92,84.8
Paschim Medinipur,613,WMed-613,83,Anganwadi Centre 83,2021,245,100,4,30,5,384,P1,145,75.7
Paschim Medinipur,613,WMed-613,84,Govt Office 84,2019,413,144,5,51,6,619,P1,269,77.2
Paschim Medinipur,613,WMed-613,84,Govt Office 84,2021,362,204,6,50,7,629,P1,158,78.4
Paschim Medinipur,613,WMed-613,85,Club Building 85,2019,268,120,5,41,4,438,P1,148,81.6
Paschim Medinipur,613,WMed-613,85,Club Building 85,2021,253,133,5,34,3,428,P1,120,79.7
Paschim Medinipur,613,WMed-613,86,Post Office 86,2019,226,136,9,63,4,438,P1,90,83.6
Paschim Medinipur,613,WMed-613,86,Post Office 86,2021,237,112,2,33,4,388,P1,125,74.0
Paschim Medinipur,613,WMed-613,87,Community Hall 87,2019,324,203,2,51,6,586,P1,121,74.4
Paschim Medinipur,613,WMed-613,87,Community Hall 87,2021,356,162,5,78,6,607,P1,194,77.0
Paschim Medinipur,613,WMed-613,88,Health Sub-Centre 88,2019,255,99,8,53,4,419,P1,156,78.5
Paschim Medinipur,613,WMed-613,88,Health Sub-Centre 88,2021,287,103,2,37,4,433,P1,184,81.1
Paschim Medinipur,613,WMed-613,89,High School 89,2019,358,101,15,126,6,606,P1,232,79.0
Paschim Medinipur,613,WMed-613,89,High School 89,2021,308,253,6,58,7,632,P1,55,82.4
Paschim Medinipur,613,WMed-613,90,Post Office 90,2019,274,208,3,70,6,561,P1,66,80.4
Paschim Medinipur,613,WMed-613,90,Post Office 90,2021,343,167,6,44,6,566,P1,176,81.1
Paschim Medinipur,613,WMed-613,91,Panchayat Bhavan 91,2019,320,170,2,47,5,544,P1,150,79.2
Paschim Medinipur,613,WMed-613,91,Panchayat Bhavan 91,2021,314,150,6,41,5,516,P1,164,75.1
Paschim Medinipur,613,WMed-613,92,Health Sub-Centre 92,2019,199,107,7,53,4,370,P1,92,74.0
Paschim Medinipur,613,WMed-613,92,Health Sub-Centre 92,2021,200,138,3,42,4,387,P1,62,77.4
Paschim Medinipur,613,WMed-613,93,Temple Hall 93,2019,255,186,13,94,6,554,P1,69,77.3
Paschim Medinipur,613,WMed-613,93,Temple Hall 93,2021,344,149,5,45,5,548,P1,195,76.4
Paschim Medinipur,613,WMed-613,94,Market Building 94,2019,273,80,3,32,4,392,P1,193,78.4
Paschim Medinipur,613,WMed-613,94,Market Building 94,2021,238,118,2,34,3,395,P1,120,79.0
Paschim Medinipur,613,WMed-613,95,Primary School 95,2019,320,190,6,45,5,566,P1,130,83.4
Paschim Medinipur,613,WMed-613,95,Primary School 95,2021,304,151,5,40,6,506,P1,153,74.5
Paschim Medinipur,613,WMed-613,96,Market Building 96,2019,289,122,4,37,4,456,P1,167,81.6
Paschim Medinipur,613,WMed-613,96,Market Building 96,2021,261,162,3,39,5,470,P1,99,84.1
Paschim Medinipur,613,WMed-613,97,Temple Hall 97,2019,335,218,5,50,6,614,P1,117,83.8
Paschim Medinipur,613,WMed-613,97,Temple Hall 97,2021,272,163,13,104,5,557,P1,109,76.0
Paschim Medinipur,613,WMed-613,98,Post Office 98,2019,295,198,9,108,6,616,P1,97,76.2
Paschim Medinipur,613,WMed-613,98,Post Office 98,2021,339,212,10,83,6,650,P1,127,80.4
Paschim Medinipur,613,WMed-613,99,Panchayat Bhavan 99,2019,413,124,5,48,7,597,P1,289,81.7
Paschim Medinipur,613,WMed-613,99,Panchayat Bhavan 99,2021,307,179,6,43,5,540,P1,128,73.9
Paschim Medinipur,613,WMed-613,100,Community Hall 100,2019,293,167,4,42,5,511,P1,126,73.8
Paschim Medinipur,613,WMed-613,100,Community Hall 100,2021,326,134,2,47,5,514,P1,192,74.3
Paschim Medinipur,613,WMed-613,101,Post Office 101,2019,240,100,4,70,5,419,P1,140,80.9
Paschim Medinipur,613,WMed-613,101,Post Office 101,2021,267,126,2,37,5,437,P1,141,84.4
Paschim Medinipur,613,WMed-613,102,Temple Hall 102,2019,277,155,3,40,5,480,P1,122,75.8
Paschim Medinipur,613,WMed-613,102,Temple Hall 102,2021,221,185,3,80,5,494,P1,36,78.0
Paschim Medinipur,613,WMed-613,103,Post Office 103,2019,268,161,11,78,5,523,P1,107,75.7
Paschim Medinipur,613,WMed-613,103,Post Office 103,2021,385,138,7,46,5,581,P1,247,84.1
Paschim Medinipur,613,WMed-613,104,High School 104,2019,344,226,5,52,6,633,P1,118,79.2
Paschim Medinipur,613,WMed-613,104,High School 104,2021,326,181,5,127,7,646,P1,145,80.9
Paschim Medinipur,613,WMed-613,105,Madrasa 105,2019,293,158,3,42,5,501,P1,135,78.6
Paschim Medinipur,613,WMed-613,105,Madrasa 105,2021,232,155,6,91,4,488,P1,77,76.6
Paschim Medinipur,613,WMed-613,106,Govt Office 106,2019,265,204,6,94,6,575,P1,61,83.3
Paschim Medinipur,613,WMed-613,106,Govt Office 106,2021,300,205,2,49,6,562,P1,95,81.4
Paschim Medinipur,613,WMed-613,107,Anganwadi Centre 107,2019,236,159,4,59,4,462,P1,77,84.8
Paschim Medinipur,613,WMed-613,107,Anganwadi Centre 107,2021,184,115,4,102,4,409,P1,69,75.0
Paschim Medinipur,613,WMed-613,108,Health Sub-Centre 108,2019,208,125,11,80,5,429,P1,83,81.4
Paschim Medinipur,613,WMed-613,108,Health Sub-Centre 108,2021,187,128,7,65,4,391,P1,59,74.2
Paschim Medinipur,613,WMed-613,109,Temple Hall 109,2019,317,181,5,45,5,553,P1,136,81.9
Paschim Medinipur,613,WMed-613,109,Temple Hall 109,2021,312,149,6,40,6,513,P1,163,76.0
Paschim Medinipur,613,WMed-613,110,Health Sub-Centre 110,2019,342,110,5,41,4,502,P1,232,74.5
Paschim Medinipur,613,WMed-613,110,Health Sub-Centre 110,2021,292,190,4,69,5,560,P1,102,83.1
Paschim Medinipur,613,WMed-613,111,Market Building 111,2019,299,186,8,71,5,569,P1,113,76.4
Paschim Medinipur,613,WMed-613,111,Market Building 111,2021,366,165,10,83,6,630,P1,201,84.6
Paschim Medinipur,613,WMed-613,112,Health Sub-Centre 112,2019,282,190,7,52,5,536,P1,92,84.5
Paschim Medinipur,613,WMed-613,112,Health Sub-Centre 112,2021,251,148,6,59,5,469,P1,103,74.0
Paschim Medinipur,613,WMed-613,113,Primary School 113,2019,231,133,5,52,4,425,P1,98,77.4
Paschim Medinipur,613,WMed-613,113,Primary School 113,2021,209,166,2,36,3,416,P1,43,75.8
Paschim Medinipur,613,WMed-613,114,Anganwadi Centre 114,2019,331,170,7,47,7,562,P1,161,74.1
Paschim Medinipur,613,WMed-613,114,Anganwadi Centre 114,2021,271,168,8,124,5,576,P1,103,76.0
Paschim Medinipur,613,WMed-613,115,Market Building 115,2019,298,102,3,37,5,445,P1,196,84.8
Paschim Medinipur,613,WMed-613,115,Market Building 115,2021,187,170,2,37,5,401,P1,17,76.4
Paschim Medinipur,613,WMed-613,116,Community Hall 116,2019,252,98,6,44,4,404,P1,154,76.7
Paschim Medinipur,613,WMed-613,116,Community Hall 116,2021,262,116,3,35,4,420,P1,146,79.7
Paschim Medinipur,613,WMed-613,117,Govt Office 117,2019,185,137,5,61,4,392,P1,48,75.5
Paschim Medinipur,613,WMed-613,117,Govt Office 117,2021,218,165,3,36,4,426,P1,53,82.1
Paschim Medinipur,613,WMed-613,118,Temple Hall 118,2019,279,232,3,50,5,569,P1,47,83.3
Paschim Medinipur,613,WMed-613,118,Temple Hall 118,2021,362,139,5,45,5,556,P1,223,81.4
Paschim Medinipur,613,WMed-613,119,Govt Office 119,2019,372,190,7,66,6,641,P1,182,78.2
Paschim Medinipur,613,WMed-613,119,Govt Office 119,2021,385,227,3,69,7,691,P1,158,84.3
Paschim Medinipur,613,WMed-613,120,Health Sub-Centre 120,2019,301,165,3,44,5,518,P1,136,78.0
Paschim Medinipur,613,WMed-613,120,Health Sub-Centre 120,2021,289,179,5,42,5,520,P1,110,78.3
Paschim Medinipur,613,WMed-613,121,Govt Office 121,2019,238,131,4,32,5,410,P1,107,83.2
Paschim Medinipur,613,WMed-613,121,Govt Office 121,2021,212,163,4,34,4,417,P1,49,84.6
Paschim Medinipur,613,WMed-613,122,Govt Office 122,2019,296,149,5,54,5,509,P1,147,75.7
Paschim Medinipur,613,WMed-613,122,Govt Office 122,2021,327,149,6,42,5,529,P1,178,78.7
Paschim Medinipur,613,WMed-613,123,Health Sub-Centre 123,2019,315,218,4,67,5,609,P1,97,84.0
Paschim Medinipur,613,WMed-613,123,Health Sub-Centre 123,2021,259,184,9,97,6,555,P1,75,76.6
Paschim Medinipur,613,WMed-613,124,Primary School 124,2019,254,156,4,79,5,498,P1,98,75.3
Paschim Medinipur,613,WMed-613,124,Primary School 124,2021,347,134,6,42,5,534,P1,213,80.8
Paschim Medinipur,613,WMed-613,125,Health Sub-Centre 125,2019,308,175,11,73,6,573,P1,133,76.3
Paschim Medinipur,613,WMed-613,125,Health Sub-Centre 125,2021,320,195,5,47,5,572,P1,125,76.2
Paschim Medinipur,613,WMed-613,126,Market Building 126,2019,237,156,5,34,5,437,P1,81,76.5
Paschim Medinipur,613,WMed-613,126,Market Building 126,2021,261,120,1,37,4,423,P1,141,74.1
Paschim Medinipur,613,WMed-613,127,Govt Office 127,2019,297,145,3,41,5,491,P1,152,75.3
Paschim Medinipur,613,WMed-613,127,Govt Office 127,2021,260,196,5,87,6,554,P1,64,85.0
Paschim Medinipur,613,WMed-613,128,Community Hall 128,2019,282,70,2,33,4,391,P1,212,74.9
Paschim Medinipur,613,WMed-613,128,Community Hall 128,2021,284,86,4,33,4,411,P1,198,78.7
Paschim Medinipur,613,WMed-613,129,Post Office 129,2019,324,85,5,36,5,455,P1,239,85.2
Paschim Medinipur,613,WMed-613,129,Post Office 129,2021,242,113,3,33,4,395,P1,129,74.0
Paschim Medinipur,613,WMed-613,130,Anganwadi Centre 130,2019,286,119,3,38,4,450,P1,167,79.6
Paschim Medinipur,613,WMed-613,130,Anganwadi Centre 130,2021,235,152,5,51,4,447,P1,83,79.1
Paschim Medinipur,613,WMed-613,131,Market Building 131,2019,331,128,3,43,5,510,P1,203,83.3
Paschim Medinipur,613,WMed-613,131,Market Building 131,2021,231,132,6,83,4,456,P1,99,74.5
Paschim Medinipur,613,WMed-613,132,Govt Office 132,2019,297,204,4,47,5,557,P1,93,76.2
Paschim Medinipur,613,WMed-613,132,Govt Office 132,2021,298,204,11,104,6,623,P1,94,85.2
Paschim Medinipur,613,WMed-613,133,Community Hall 133,2019,229,158,2,40,5,434,P1,71,83.0
Paschim Medinipur,613,WMed-613,133,Community Hall 133,2021,254,102,11,75,4,446,P1,152,85.3
Paschim Medinipur,613,WMed-613,134,Club Building 134,2019,391,60,5,40,5,501,P1,331,82.1
Paschim Medinipur,613,WMed-613,134,Club Building 134,2021,284,101,5,68,4,462,P1,183,75.7
Paschim Medinipur,613,WMed-613,135,Community Hall 135,2019,296,152,5,73,5,531,P1,144,82.3
Paschim Medinipur,613,WMed-613,135,Community Hall 135,2021,235,173,5,62,5,480,P1,62,74.4
Paschim Medinipur,613,WMed-613,136,Anganwadi Centre 136,2019,258,178,2,42,4,484,P1,80,78.4
Paschim Medinipur,613,WMed-613,136,Anganwadi Centre 136,2021,331,115,2,42,5,495,P1,216,80.2
Paschim Medinipur,613,WMed-613,137,Post Office 137,2019,226,136,4,33,3,402,P1,90,79.0
Paschim Medinipur,613,WMed-613,137,Post Office 137,2021,210,114,10,75,4,413,P1,96,81.1
Paschim Medinipur,613,WMed-613,138,Temple Hall 138,2019,218,101,3,96,5,423,P1,117,80.0
Paschim Medinipur,613,WMed-613,138,Temple Hall 138,2021,191,146,8,59,4,408,P1,45,77.1
Paschim Medinipur,613,WMed-613,139,Madrasa 139,2019,226,87,4,59,3,379,P1,139,76.4
Paschim Medinipur,613,WMed-613,139,Madrasa 139,2021,224,137,7,48,4,420,P1,87,84.7
Paschim Medinipur,613,WMed-613,140,High School 140,2019,214,119,2,59,4,398,P1,95,77.9
Paschim Medinipur,613,WMed-613,140,High School 140,2021,276,113,5,34,5,433,P1,163,84.7
Paschim Medinipur,613,WMed-613,141,Temple Hall 141,2019,309,209,3,49,5,575,P1,100,84.6
Paschim Medinipur,613,WMed-613,141,Temple Hall 141,2021,392,126,3,49,6,576,P1,266,84.7
Paschim Medinipur,613,WMed-613,142,Post Office 142,2019,288,118,4,37,4,451,P1,170,81.9
Paschim Medinipur,613,WMed-613,142,Post Office 142,2021,242,156,2,38,4,442,P1,86,80.2
Paschim Medinipur,613,WMed-613,143,Temple Hall 143,2019,404,192,5,55,6,662,P1,212,82.8
Paschim Medinipur,613,WMed-613,143,Temple Hall 143,2021,407,178,6,68,6,665,P1,229,83.1
Paschim Medinipur,613,WMed-613,144,Community Hall 144,2019,375,161,5,48,7,596,P1,214,78.2
Paschim Medinipur,613,WMed-613,144,Community Hall 144,2021,300,216,4,75,6,601,P1,84,78.9
Paschim Medinipur,613,WMed-613,145,Madrasa 145,2019,290,150,4,46,5,495,P1,140,79.2
Paschim Medinipur,613,WMed-613,145,Madrasa 145,2021,284,154,2,42,4,486,P1,130,77.8
Paschim Medinipur,613,WMed-613,146,Primary School 146,2019,366,116,3,46,5,536,P1,250,75.4
Paschim Medinipur,613,WMed-613,146,Primary School 146,2021,305,221,4,64,5,599,P1,84,84.2
Paschim Medinipur,613,WMed-613,147,Panchayat Bhavan 147,2019,312,238,4,54,6,614,P1,74,83.2
Paschim Medinipur,613,WMed-613,147,Panchayat Bhavan 147,2021,335,230,7,49,7,628,P1,105,85.1
Paschim Medinipur,613,WMed-613,148,Market Building 148,2019,229,75,6,73,3,386,P1,154,75.5
Paschim Medinipur,613,WMed-613,148,Market Building 148,2021,228,135,4,39,4,410,P1,93,80.2
Paschim Medinipur,613,WMed-613,149,Anganwadi Centre 149,2019,206,147,6,61,4,424,P1,59,84.6
Paschim Medinipur,613,WMed-613,149,Anganwadi Centre 149,2021,213,106,4,55,4,382,P1,107,76.2
Paschim Medinipur,613,WMed-613,150,Post Office 150,2019,236,125,5,65,5,436,P1,111,82.9
Paschim Medinipur,613,WMed-613,150,Post Office 150,2021,269,115,1,37,4,426,P1,154,81.0
Paschim Medinipur,613,WMed-613,151,High School 151,2019,252,130,5,42,5,434,P1,122,78.1
Paschim Medinipur,613,WMed-613,151,High School 151,2021,215,154,4,54,5,432,P1,61,77.7
Paschim Medinipur,613,WMed-613,152,Community Hall 152,2019,367,218,3,55,8,651,P1,149,82.2
Paschim Medinipur,613,WMed-613,152,Community Hall 152,2021,386,149,3,50,7,595,P1,237,75.1
Paschim Medinipur,613,WMed-613,153,Anganwadi Centre 153,2019,309,148,2,44,5,508,P1,161,76.7
Paschim Medinipur,613,WMed-613,153,Anganwadi Centre 153,2021,308,149,5,41,5,508,P1,159,76.7
Paschim Medinipur,613,WMed-613,154,Madrasa 154,2019,264,132,11,85,5,497,P1,132,83.1
Paschim Medinipur,613,WMed-613,154,Madrasa 154,2021,240,183,2,44,4,473,P1,57,79.1
Paschim Medinipur,613,WMed-613,155,Market Building 155,2019,199,143,5,98,5,450,P1,56,80.5
Paschim Medinipur,613,WMed-613,155,Market Building 155,2021,279,149,6,37,5,476,P1,130,85.2
Paschim Medinipur,613,WMed-613,156,Club Building 156,2019,285,171,2,44,5,507,P1,114,83.7
Paschim Medinipur,613,WMed-613,156,Club Building 156,2021,280,177,2,44,5,508,P1,103,83.8
Paschim Medinipur,613,WMed-613,157,Post Office 157,2019,413,190,2,58,7,670,P1,223,83.9
Paschim Medinipur,613,WMed-613,157,Post Office 157,2021,348,210,9,68,7,642,P1,138,80.4
Paschim Medinipur,613,WMed-613,158,Community Hall 158,2019,272,175,2,43,5,497,P1,97,80.8
Paschim Medinipur,613,WMed-613,158,Community Hall 158,2021,315,141,4,42,5,507,P1,174,82.4
Paschim Medinipur,613,WMed-613,159,Health Sub-Centre 159,2019,283,118,3,68,5,477,P1,165,76.1
Paschim Medinipur,613,WMed-613,159,Health Sub-Centre 159,2021,336,101,5,38,5,485,P1,235,77.4
Paschim Medinipur,613,WMed-613,160,Health Sub-Centre 160,2019,347,136,5,43,6,537,P1,211,79.3
Paschim Medinipur,613,WMed-613,160,Health Sub-Centre 160,2021,298,184,2,47,5,536,P1,114,79.2
Paschim Medinipur,613,WMed-613,161,Anganwadi Centre 161,2019,255,107,6,53,4,425,P1,148,82.4
Paschim Medinipur,613,WMed-613,161,Anganwadi Centre 161,2021,210,106,10,81,4,411,P1,104,79.7
Paschim Medinipur,613,WMed-613,162,Market Building 162,2019,260,124,4,35,4,427,P1,136,76.5
Paschim Medinipur,613,WMed-613,162,Market Building 162,2021,277,145,5,38,4,469,P1,132,84.1
Paschim Medinipur,613,WMed-613,163,Panchayat Bhavan 163,2019,303,163,10,69,6,551,P1,140,77.7
Paschim Medinipur,613,WMed-613,163,Panchayat Bhavan 163,2021,279,187,4,110,6,586,P1,92,82.7
Paschim Medinipur,613,WMed-613,164,Govt Office 164,2019,229,138,7,95,5,474,P1,91,83.2
Paschim Medinipur,613,WMed-613,164,Govt Office 164,2021,220,154,6,55,5,440,P1,66,77.2
Paschim Medinipur,613,WMed-613,165,Health Sub-Centre 165,2019,221,152,3,61,5,442,P1,69,83.6
Paschim Medinipur,613,WMed-613,165,Health Sub-Centre 165,2021,212,119,5,72,4,412,P1,93,77.9
Paschim Medinipur,613,WMed-613,166,Market Building 166,2019,237,209,5,57,5,513,P1,28,77.8
Paschim Medinipur,613,WMed-613,166,Market Building 166,2021,327,145,3,44,5,524,P1,182,79.5
Paschim Medinipur,613,WMed-613,167,Club Building 167,2019,243,129,5,32,5,414,P1,114,75.1
Paschim Medinipur,613,WMed-613,167,Club Building 167,2021,214,160,8,68,6,456,P1,54,82.8
Paschim Medinipur,613,WMed-613,168,Primary School 168,2019,281,171,5,81,6,544,P1,110,80.5
Paschim Medinipur,613,WMed-613,168,Primary School 168,2021,333,154,3,75,5,570,P1,179,84.3
Paschim Medinipur,613,WMed-613,169,Madrasa 169,2019,201,123,3,76,5,408,P1,78,79.7
Paschim Medinipur,613,WMed-613,169,Madrasa 169,2021,240,100,3,31,4,378,P1,140,73.8
Paschim Medinipur,613,WMed-613,170,Club Building 170,2019,285,108,3,36,5,437,P1,177,77.2
Paschim Medinipur,613,WMed-613,170,Club Building 170,2021,197,155,6,69,4,431,P1,42,76.1
Paschim Medinipur,613,WMed-613,171,Govt Office 171,2019,268,225,2,53,5,553,P1,43,78.3
Paschim Medinipur,613,WMed-613,171,Govt Office 171,2021,339,175,2,49,6,571,P1,164,80.9
Paschim Medinipur,613,WMed-613,172,Anganwadi Centre 172,2019,188,164,11,113,4,480,P1,24,81.4
Paschim Medinipur,613,WMed-613,172,Anganwadi Centre 172,2021,244,195,5,39,5,488,P1,49,82.7
Paschim Medinipur,613,WMed-613,173,Panchayat Bhavan 173,2019,260,181,2,42,5,490,P1,79,79.7
Paschim Medinipur,613,WMed-613,173,Panchayat Bhavan 173,2021,291,146,2,42,4,485,P1,145,78.9
Paschim Medinipur,613,WMed-613,174,Club Building 174,2019,311,136,9,70,5,531,P1,175,80.7
Paschim Medinipur,613,WMed-613,174,Club Building 174,2021,291,164,6,40,5,506,P1,127,76.9
Paschim Medinipur,613,WMed-613,175,Anganwadi Centre 175,2019,316,127,4,80,6,533,P1,189,80.9
Paschim Medinipur,613,WMed-613,175,Anganwadi Centre 175,2021,302,185,5,44,5,541,P1,117,82.1
Paschim Medinipur,613,WMed-613,176,Anganwadi Centre 176,2019,277,204,3,52,6,542,P1,73,75.2
Paschim Medinipur,613,WMed-613,176,Anganwadi Centre 176,2021,312,204,4,73,6,599,P1,108,83.1
Paschim Medinipur,613,WMed-613,177,Temple Hall 177,2019,263,118,5,57,4,447,P1,145,74.7
Paschim Medinipur,613,WMed-613,177,Temple Hall 177,2021,271,150,6,42,6,475,P1,121,79.4
Paschim Medinipur,613,WMed-613,178,Market Building 178,2019,261,134,7,63,4,469,P1,127,77.1
Paschim Medinipur,613,WMed-613,178,Market Building 178,2021,297,150,4,41,5,497,P1,147,81.7
Paschim Medinipur,613,WMed-613,179,Madrasa 179,2019,301,188,6,55,6,556,P1,113,80.7
Paschim Medinipur,613,WMed-613,179,Madrasa 179,2021,384,102,3,46,6,541,P1,282,78.5
Paschim Medinipur,613,WMed-613,180,Community Hall 180,2019,227,175,1,42,5,450,P1,52,80.5
Paschim Medinipur,613,WMed-613,180,Community Hall 180,2021,239,126,9,63,4,441,P1,113,78.9
Paschim Medinipur,613,WMed-613,181,Anganwadi Centre 181,2019,336,119,5,40,5,505,P1,217,80.9
Paschim Medinipur,613,WMed-613,181,Anganwadi Centre 181,2021,277,128,9,59,5,478,P1,149,76.6
Paschim Medinipur,613,WMed-613,182,Primary School 182,2019,332,147,4,48,6,537,P1,185,83.0
Paschim Medinipur,613,WMed-613,182,Primary School 182,2021,262,180,5,39,5,491,P1,82,75.9
Paschim Medinipur,613,WMed-613,183,Club Building 183,2019,418,70,3,46,5,542,P1,348,81.9
Paschim Medinipur,613,WMed-613,183,Club Building 183,2021,266,143,10,80,4,503,P1,123,76.0
Paschim Medinipur,613,WMed-613,184,Primary School 184,2019,235,167,3,59,5,469,P1,68,75.9
Paschim Medinipur,613,WMed-613,184,Primary School 184,2021,296,143,5,38,5,487,P1,153,78.8
Paschim Medinipur,613,WMed-613,185,Temple Hall 185,2019,325,188,3,49,5,570,P1,137,75.7
Paschim Medinipur,613,WMed-613,185,Temple Hall 185,2021,386,189,5,52,7,639,P1,197,84.9
Paschim Medinipur,613,WMed-613,186,Panchayat Bhavan 186,2019,304,184,5,53,6,552,P1,120,76.2
Paschim Medinipur,613,WMed-613,186,Panchayat Bhavan 186,2021,349,179,2,51,5,586,P1,170,80.9
Paschim Medinipur,613,WMed-613,187,Panchayat Bhavan 187,2019,291,165,7,87,5,555,P1,126,79.2
Paschim Medinipur,613,WMed-613,187,Panchayat Bhavan 187,2021,266,230,8,74,6,584,P1,36,83.3
Paschim Medinipur,613,WMed-613,188,Post Office 188,2019,248,90,4,30,4,376,P1,158,76.9
Paschim Medinipur,613,WMed-613,188,Post Office 188,2021,209,111,4,59,3,386,P1,98,78.9
Paschim Medinipur,613,WMed-613,189,High School 189,2019,335,120,7,73,6,541,P1,215,81.8
Paschim Medinipur,613,WMed-613,189,High School 189,2021,330,113,3,42,4,492,P1,217,74.4
Paschim Medinipur,613,WMed-613,190,Madrasa 190,2019,341,204,2,55,7,609,P1,137,75.8
Paschim Medinipur,613,WMed-613,190,Madrasa 190,2021,391,204,10,72,6,683,P1,187,85.1
Paschim Medinipur,613,WMed-613,191,Club Building 191,2019,336,145,4,91,7,583,P1,191,79.0
Paschim Medinipur,613,WMed-613,191,Club Building 191,2021,419,129,6,49,6,609,P1,290,82.5
Paschim Medinipur,613,WMed-613,192,Govt Office 192,2019,222,84,3,46,5,360,P1,138,74.8
Paschim Medinipur,613,WMed-613,192,Govt Office 192,2021,167,141,7,63,5,383,P1,26,79.6
Paschim Medinipur,613,WMed-613,193,Club Building 193,2019,230,99,3,30,4,366,P1,131,75.3
Paschim Medinipur,613,WMed-613,193,Club Building 193,2021,282,44,4,29,3,362,P1,238,74.5
Paschim Medinipur,613,WMed-613,194,High School 194,2019,226,164,4,35,5,434,P1,62,83.0
Paschim Medinipur,613,WMed-613,194,High School 194,2021,253,131,5,33,5,427,P1,122,81.6
Paschim Medinipur,613,WMed-613,195,Health Sub-Centre 195,2019,237,88,7,70,5,407,P1,149,80.9
Paschim Medinipur,613,WMed-613,195,Health Sub-Centre 195,2021,205,129,2,31,5,372,P1,76,74.0
Paschim Medinipur,613,WMed-613,196,High School 196,2019,268,70,2,32,3,375,P1,198,78.1
Paschim Medinipur,613,WMed-613,196,High School 196,2021,205,88,4,54,4,355,P1,117,74.0
Paschim Medinipur,613,WMed-613,197,Anganwadi Centre 197,2019,241,190,9,81,5,526,P1,51,80.4
Paschim Medinipur,613,WMed-613,197,Anganwadi Centre 197,2021,330,119,2,42,6,499,P1,211,76.3
Paschim Medinipur,613,WMed-613,198,Primary School 198,2019,237,175,2,39,5,458,P1,62,78.2
Paschim Medinipur,613,WMed-613,198,Primary School 198,2021,274,167,3,41,5,490,P1,107,83.6
Paschim Medinipur,613,WMed-613,199,Primary School 199,2019,339,135,6,41,6,527,P1,204,74.3
Paschim Medinipur,613,WMed-613,199,Primary School 199,2021,304,178,2,47,5,536,P1,126,75.6
Paschim Medinipur,613,WMed-613,200,Health Sub-Centre 200,2019,380,118,6,44,6,554,P1,262,79.3
Paschim Medinipur,613,WMed-613,200,Health Sub-Centre 200,2021,303,169,4,80,5,561,P1,134,80.3
Paschim Medinipur,613,WMed-613,201,Panchayat Bhavan 201,2019,201,143,10,70,5,429,P1,58,80.8
Paschim Medinipur,613,WMed-613,201,Panchayat Bhavan 201,2021,264,143,2,39,4,452,P1,121,85.1
Paschim Medinipur,613,WMed-613,202,Community Hall 202,2019,318,104,5,138,6,571,P1,180,85.0
Paschim Medinipur,613,WMed-613,202,Community Hall 202,2021,295,156,2,51,5,509,P1,139,75.7
Paschim Medinipur,613,WMed-613,203,Govt Office 203,2019,243,151,3,37,4,438,P1,92,79.1
Paschim Medinipur,613,WMed-613,203,Govt Office 203,2021,232,130,4,91,5,462,P1,102,83.4
Paschim Medinipur,613,WMed-613,204,Madrasa 204,2019,285,147,5,38,5,480,P1,138,77.8
Paschim Medinipur,613,WMed-613,204,Madrasa 204,2021,277,169,3,42,4,495,P1,108,80.2
Paschim Medinipur,613,WMed-613,205,Anganwadi Centre 205,2019,239,128,5,48,4,424,P1,111,75.0
Paschim Medinipur,613,WMed-613,205,Anganwadi Centre 205,2021,208,138,7,75,4,432,P1,70,76.5
Paschim Medinipur,613,WMed-613,206,Health Sub-Centre 206,2019,265,232,6,44,6,553,P1,33,75.4
Paschim Medinipur,613,WMed-613,206,Health Sub-Centre 206,2021,349,159,2,49,6,565,P1,190,77.1
Paschim Medinipur,613,WMed-613,207,Post Office 207,2019,326,128,3,43,5,505,P1,198,77.9
Paschim Medinipur,613,WMed-613,207,Post Office 207,2021,212,129,9,126,4,480,P1,83,74.1
Paschim Medinipur,613,WMed-613,208,Post Office 208,2019,229,153,2,46,4,434,P1,76,83.9
Paschim Medinipur,613,WMed-613,208,Post Office 208,2021,218,160,5,43,5,431,P1,58,83.4
Paschim Medinipur,614,WMed-614,1,Govt Office 1,2019,343,188,7,46,6,590,P1,155,75.3
Paschim Medinipur,614,WMed-614,1,Govt Office 1,2021,404,134,3,51,6,598,P1,270,76.3
Paschim Medinipur,614,WMed-614,2,Govt Office 2,2019,312,162,7,80,5,566,P1,150,77.3
Paschim Medinipur,614,WMed-614,2,Govt Office 2,2021,328,180,4,62,6,580,P1,148,79.2
Paschim Medinipur,614,WMed-614,3,High School 3,2019,275,107,4,95,4,485,P1,168,75.1
Paschim Medinipur,614,WMed-614,3,High School 3,2021,284,111,5,79,5,484,P1,173,74.9
Paschim Medinipur,614,WMed-614,4,Health Sub-Centre 4,2019,376,145,5,47,6,579,P1,231,76.6
Paschim Medinipur,614,WMed-614,4,Health Sub-Centre 4,2021,333,160,4,60,6,563,P1,173,74.5
Paschim Medinipur,614,WMed-614,5,Market Building 5,2019,368,156,5,47,6,582,P1,212,77.3
Paschim Medinipur,614,WMed-614,5,Market Building 5,2021,355,156,4,47,6,568,P1,199,75.4
Paschim Medinipur,614,WMed-614,6,Panchayat Bhavan 6,2019,346,185,5,48,6,590,P1,161,85.3
Paschim Medinipur,614,WMed-614,6,Panchayat Bhavan 6,2021,239,168,9,98,6,520,P1,71,75.1
Paschim Medinipur,614,WMed-614,7,Primary School 7,2019,270,197,3,60,5,535,P1,73,75.8
Paschim Medinipur,614,WMed-614,7,Primary School 7,2021,354,122,2,46,5,529,P1,232,74.9
Paschim Medinipur,614,WMed-614,8,Govt Office 8,2019,391,175,7,49,6,628,P1,216,80.6
Paschim Medinipur,614,WMed-614,8,Govt Office 8,2021,379,170,4,51,6,610,P1,209,78.3
Paschim Medinipur,614,WMed-614,9,Govt Office 9,2019,381,198,7,51,7,644,P1,183,78.7
Paschim Medinipur,614,WMed-614,9,Govt Office 9,2021,431,176,8,53,6,674,P1,255,82.4
Paschim Medinipur,614,WMed-614,10,Panchayat Bhavan 10,2019,374,167,6,48,6,601,P1,207,82.1
Paschim Medinipur,614,WMed-614,10,Panchayat Bhavan 10,2021,270,168,6,136,5,585,P1,102,79.9
Paschim Medinipur,614,WMed-614,11,Govt Office 11,2019,294,233,16,114,6,663,P1,61,84.1
Paschim Medinipur,614,WMed-614,11,Govt Office 11,2021,461,142,8,53,6,670,P1,319,85.0
Paschim Medinipur,614,WMed-614,12,Club Building 12,2019,295,193,8,71,5,572,P1,102,77.8
Paschim Medinipur,614,WMed-614,12,Club Building 12,2021,380,167,6,48,6,607,P1,213,82.6
Paschim Medinipur,614,WMed-614,13,Market Building 13,2019,289,196,9,81,6,581,P1,93,80.8
Paschim Medinipur,614,WMed-614,13,Market Building 13,2021,371,144,3,49,5,572,P1,227,79.6
Paschim Medinipur,614,WMed-614,14,Panchayat Bhavan 14,2019,284,190,6,42,5,527,P1,94,80.3
Paschim Medinipur,614,WMed-614,14,Panchayat Bhavan 14,2021,305,175,2,46,5,533,P1,130,81.2
Paschim Medinipur,614,WMed-614,15,Community Hall 15,2019,249,253,4,46,5,557,P2,4,79.9
Paschim Medinipur,614,WMed-614,15,Community Hall 15,2021,291,193,5,46,6,541,P1,98,77.6
Paschim Medinipur,614,WMed-614,16,Panchayat Bhavan 16,2019,402,138,7,47,6,600,P1,264,74.7
Paschim Medinipur,614,WMed-614,16,Panchayat Bhavan 16,2021,419,119,5,48,7,598,P1,300,74.5
Paschim Medinipur,614,WMed-614,17,Community Hall 17,2019,199,171,3,57,4,434,P1,28,83.0
Paschim Medinipur,614,WMed-614,17,Community Hall 17,2021,222,138,3,33,4,400,P1,84,76.5
Paschim Medinipur,614,WMed-614,18,Club Building 18,2019,428,104,7,46,6,591,P1,324,74.4
Paschim Medinipur,614,WMed-614,18,Club Building 18,2021,338,194,3,50,6,591,P1,144,74.4
Paschim Medinipur,614,WMed-614,19,Post Office 19,2019,392,163,7,48,7,617,P1,229,82.2
Paschim Medinipur,614,WMed-614,19,Post Office 19,2021,292,186,13,134,7,632,P1,106,84.2
Paschim Medinipur,614,WMed-614,20,Govt Office 20,2019,273,124,8,57,4,466,P1,149,78.8
Paschim Medinipur,614,WMed-614,20,Govt Office 20,2021,279,139,2,39,6,465,P1,140,78.7
Paschim Medinipur,614,WMed-614,21,Govt Office 21,2019,337,212,6,48,7,610,P1,125,75.4
Paschim Medinipur,614,WMed-614,21,Govt Office 21,2021,287,203,13,105,7,615,P1,84,76.0
Paschim Medinipur,614,WMed-614,22,Health Sub-Centre 22,2019,472,129,6,54,6,667,P1,343,83.9
Paschim Medinipur,614,WMed-614,22,Health Sub-Centre 22,2021,361,174,4,50,5,594,P1,187,74.7
Paschim Medinipur,614,WMed-614,23,Community Hall 23,2019,293,222,4,87,6,612,P1,71,77.5
Paschim Medinipur,614,WMed-614,23,Community Hall 23,2021,331,209,2,52,7,601,P1,122,76.1
Paschim Medinipur,614,WMed-614,24,Primary School 24,2019,298,177,5,42,5,527,P1,121,82.6
Paschim Medinipur,614,WMed-614,24,Primary School 24,2021,238,211,6,64,6,525,P1,27,82.3
Paschim Medinipur,614,WMed-614,25,Govt Office 25,2019,339,59,2,38,4,442,P1,280,76.3
Paschim Medinipur,614,WMed-614,25,Govt Office 25,2021,253,166,6,43,4,472,P1,87,81.5
Paschim Medinipur,614,WMed-614,26,Primary School 26,2019,179,146,3,58,5,391,P1,33,80.6
Paschim Medinipur,614,WMed-614,26,Primary School 26,2021,190,130,5,72,3,400,P1,60,82.5
Paschim Medinipur,614,WMed-614,27,High School 27,2019,250,158,3,38,4,453,P1,92,83.3
Paschim Medinipur,614,WMed-614,27,High School 27,2021,215,147,3,42,5,412,P1,68,75.7
Paschim Medinipur,614,WMed-614,28,Community Hall 28,2019,299,148,4,100,5,556,P1,151,80.0
Paschim Medinipur,614,WMed-614,28,Community Hall 28,2021,393,138,5,48,6,590,P1,255,84.9
Paschim Medinipur,614,WMed-614,29,Panchayat Bhavan 29,2019,252,215,11,119,6,603,P1,37,83.5
Paschim Medinipur,614,WMed-614,29,Panchayat Bhavan 29,2021,317,142,15,111,6,591,P1,175,81.9
Paschim Medinipur,614,WMed-614,30,Primary School 30,2019,323,201,7,69,6,606,P1,122,75.5
Paschim Medinipur,614,WMed-614,30,Primary School 30,2021,399,158,7,48,7,619,P1,241,77.1
Paschim Medinipur,614,WMed-614,31,High School 31,2019,219,190,6,64,4,483,P1,29,76.1
Paschim Medinipur,614,WMed-614,31,High School 31,2021,282,124,4,83,4,497,P1,158,78.3
Paschim Medinipur,614,WMed-614,32,Primary School 32,2019,400,158,5,50,7,620,P1,242,77.3
Paschim Medinipur,614,WMed-614,32,Primary School 32,2021,377,196,7,50,7,637,P1,181,79.4
Paschim Medinipur,614,WMed-614,33,Club Building 33,2019,277,133,9,61,4,484,P1,144,84.2
Paschim Medinipur,614,WMed-614,33,Club Building 33,2021,308,130,2,42,5,487,P1,178,84.7
Paschim Medinipur,614,WMed-614,34,Community Hall 34,2019,191,135,4,29,4,363,P1,56,74.5
Paschim Medinipur,614,WMed-614,34,Community Hall 34,2021,216,120,3,66,4,409,P1,96,84.0
Paschim Medinipur,614,WMed-614,35,Madrasa 35,2019,337,108,8,76,5,534,P1,229,82.0
Paschim Medinipur,614,WMed-614,35,Madrasa 35,2021,301,153,3,42,5,504,P1,148,77.4
Paschim Medinipur,614,WMed-614,36,Primary School 36,2019,262,102,5,32,3,404,P1,160,76.2
Paschim Medinipur,614,WMed-614,36,Primary School 36,2021,259,119,6,56,4,444,P1,140,83.8
Paschim Medinipur,614,WMed-614,37,Health Sub-Centre 37,2019,328,138,3,43,6,518,P1,190,80.2
Paschim Medinipur,614,WMed-614,37,Health Sub-Centre 37,2021,238,116,16,125,5,500,P1,113,77.4
Paschim Medinipur,614,WMed-614,38,Community Hall 38,2019,365,195,4,70,6,640,P1,170,84.5
Paschim Medinipur,614,WMed-614,38,Community Hall 38,2021,355,149,3,48,5,560,P1,206,74.0
Paschim Medinipur,614,WMed-614,39,High School 39,2019,366,218,6,68,7,665,P1,148,83.4
Paschim Medinipur,614,WMed-614,39,High School 39,2021,390,218,5,56,7,676,P1,172,84.8
Paschim Medinipur,614,WMed-614,40,Market Building 40,2019,345,123,4,43,5,520,P1,222,76.2
Paschim Medinipur,614,WMed-614,40,Market Building 40,2021,344,173,4,48,6,575,P1,171,84.3
Paschim Medinipur,614,WMed-614,41,Market Building 41,2019,278,109,2,37,4,430,P1,169,81.0
Paschim Medinipur,614,WMed-614,41,Market Building 41,2021,282,98,2,36,4,422,P1,184,79.5
Paschim Medinipur,614,WMed-614,42,Primary School 42,2019,326,161,4,45,5,541,P1,165,83.0
Paschim Medinipur,614,WMed-614,42,Primary School 42,2021,194,184,12,134,4,528,P1,10,81.0
Paschim Medinipur,614,WMed-614,43,Post Office 43,2019,436,124,4,52,7,623,P1,312,77.8
Paschim Medinipur,614,WMed-614,43,Post Office 43,2021,414,149,4,58,7,632,P1,265,78.9
Paschim Medinipur,614,WMed-614,44,High School 44,2019,297,91,4,34,5,431,P1,206,76.6
Paschim Medinipur,614,WMed-614,44,High School 44,2021,291,129,4,38,5,467,P1,162,82.9
Paschim Medinipur,614,WMed-614,45,Panchayat Bhavan 45,2019,256,139,4,92,5,496,P1,117,79.5
Paschim Medinipur,614,WMed-614,45,Panchayat Bhavan 45,2021,299,177,4,44,5,529,P1,122,84.8
Paschim Medinipur,614,WMed-614,46,Market Building 46,2019,197,86,9,111,4,407,P1,86,76.4
Paschim Medinipur,614,WMed-614,46,Market Building 46,2021,218,112,9,62,4,405,P1,106,76.0
Paschim Medinipur,614,WMed-614,47,Club Building 47,2019,322,179,5,45,6,557,P1,143,76.8
Paschim Medinipur,614,WMed-614,47,Club Building 47,2021,418,90,7,44,5,564,P1,328,77.8
Paschim Medinipur,614,WMed-614,48,Post Office 48,2019,309,173,4,44,5,535,P1,136,73.8
Paschim Medinipur,614,WMed-614,48,Post Office 48,2021,417,105,4,48,6,580,P1,312,80.0
Paschim Medinipur,614,WMed-614,49,Health Sub-Centre 49,2019,290,155,3,41,5,494,P1,135,78.9
Paschim Medinipur,614,WMed-614,49,Health Sub-Centre 49,2021,313,128,2,68,5,516,P1,185,82.4
Paschim Medinipur,614,WMed-614,50,Madrasa 50,2019,276,164,12,94,6,552,P1,112,78.5
Paschim Medinipur,614,WMed-614,50,Madrasa 50,2021,351,180,3,51,5,590,P1,171,83.9
Paschim Medinipur,614,WMed-614,51,Post Office 51,2019,205,122,8,62,4,401,P1,83,83.4
Paschim Medinipur,614,WMed-614,51,Post Office 51,2021,225,134,3,32,5,399,P1,91,83.0
Paschim Medinipur,614,WMed-614,52,Market Building 52,2019,264,137,2,38,5,446,P1,127,83.8
Paschim Medinipur,614,WMed-614,52,Market Building 52,2021,189,137,5,67,4,402,P1,52,75.6
Paschim Medinipur,614,WMed-614,53,Temple Hall 53,2019,247,130,3,83,4,467,P1,117,78.8
Paschim Medinipur,614,WMed-614,53,Temple Hall 53,2021,304,103,3,38,4,452,P1,201,76.2
Paschim Medinipur,614,WMed-614,54,Panchayat Bhavan 54,2019,193,138,5,36,4,376,P1,55,76.0
Paschim Medinipur,614,WMed-614,54,Panchayat Bhavan 54,2021,275,102,3,34,5,419,P1,173,84.6
Paschim Medinipur,614,WMed-614,55,Market Building 55,2019,235,132,3,46,4,420,P1,103,73.9
Paschim Medinipur,614,WMed-614,55,Market Building 55,2021,250,146,7,47,5,455,P1,104,80.1
Paschim Medinipur,614,WMed-614,56,Health Sub-Centre 56,2019,328,107,5,39,4,483,P1,221,75.1
Paschim Medinipur,614,WMed-614,56,Health Sub-Centre 56,2021,251,114,9,97,5,476,P1,137,74.0
Paschim Medinipur,614,WMed-614,57,Anganwadi Centre 57,2019,220,187,9,72,5,493,P1,33,77.8
Paschim Medinipur,614,WMed-614,57,Anganwadi Centre 57,2021,305,143,6,39,5,498,P1,162,78.5
Paschim Medinipur,614,WMed-614,58,Community Hall 58,2019,432,136,3,53,7,631,P1,296,78.0
Paschim Medinipur,614,WMed-614,58,Community Hall 58,2021,384,195,4,54,6,643,P1,189,79.5
Paschim Medinipur,614,WMed-614,59,Market Building 59,2019,270,166,8,67,5,516,P1,104,76.6
Paschim Medinipur,614,WMed-614,59,Market Building 59,2021,289,153,6,78,6,532,P1,136,78.9
Paschim Medinipur,614,WMed-614,60,Madrasa 60,2019,352,201,9,69,6,637,P1,151,81.4
Paschim Medinipur,614,WMed-614,60,Madrasa 60,2021,400,158,4,52,6,620,P1,242,79.2
Paschim Medinipur,614,WMed-614,61,Govt Office 61,2019,220,130,13,99,5,467,P1,90,79.6
Paschim Medinipur,614,WMed-614,61,Govt Office 61,2021,308,139,5,40,4,496,P1,169,84.5
Paschim Medinipur,614,WMed-614,62,Health Sub-Centre 62,2019,236,116,11,120,5,488,P1,116,84.9
Paschim Medinipur,614,WMed-614,62,Health Sub-Centre 62,2021,206,160,7,63,4,440,P1,46,76.5
Paschim Medinipur,614,WMed-614,63,Govt Office 63,2019,282,118,3,37,4,444,P1,164,84.9
Paschim Medinipur,614,WMed-614,63,Govt Office 63,2021,245,135,4,34,4,422,P1,110,80.7
Paschim Medinipur,614,WMed-614,64,Community Hall 64,2019,249,98,11,98,4,460,P1,151,82.4
Paschim Medinipur,614,WMed-614,64,Community Hall 64,2021,270,134,2,43,4,453,P1,136,81.2
Paschim Medinipur,614,WMed-614,65,Club Building 65,2019,381,167,5,50,6,609,P1,214,76.4
Paschim Medinipur,614,WMed-614,65,Club Building 65,2021,346,169,7,86,6,614,P1,177,77.0
Paschim Medinipur,614,WMed-614,66,Community Hall 66,2019,362,110,4,43,6,525,P1,252,78.6
Paschim Medinipur,614,WMed-614,66,Community Hall 66,2021,338,138,5,43,5,529,P1,200,79.2
Paschim Medinipur,614,WMed-614,67,High School 67,2019,260,153,3,39,4,459,P1,107,82.7
Paschim Medinipur,614,WMed-614,67,High School 67,2021,296,119,5,36,5,461,P1,177,83.1
Paschim Medinipur,614,WMed-614,68,Temple Hall 68,2019,216,123,8,77,4,428,P1,93,83.3
Paschim Medinipur,614,WMed-614,68,Temple Hall 68,2021,256,117,3,57,5,438,P1,139,85.2
Paschim Medinipur,614,WMed-614,69,Govt Office 69,2019,284,141,3,40,5,473,P1,143,81.1
Paschim Medinipur,614,WMed-614,69,Govt Office 69,2021,296,123,1,40,5,465,P1,173,79.8
Paschim Medinipur,614,WMed-614,70,High School 70,2019,268,122,16,130,6,542,P1,138,77.4
Paschim Medinipur,614,WMed-614,70,High School 70,2021,418,97,5,47,6,573,P1,321,81.9
Paschim Medinipur,614,WMed-614,71,Anganwadi Centre 71,2019,301,182,6,42,6,537,P1,119,80.5
Paschim Medinipur,614,WMed-614,71,Anganwadi Centre 71,2021,305,168,5,42,6,526,P1,137,78.9
Paschim Medinipur,614,WMed-614,72,Panchayat Bhavan 72,2019,240,185,6,49,5,485,P1,55,82.5
Paschim Medinipur,614,WMed-614,72,Panchayat Bhavan 72,2021,254,158,4,46,6,468,P1,96,79.6
Paschim Medinipur,614,WMed-614,73,Panchayat Bhavan 73,2019,209,113,5,72,5,404,P1,96,74.1
Paschim Medinipur,614,WMed-614,73,Panchayat Bhavan 73,2021,293,124,5,36,5,463,P1,169,85.0
Paschim Medinipur,614,WMed-614,74,Govt Office 74,2019,195,139,4,78,4,420,P1,56,76.2
Paschim Medinipur,614,WMed-614,74,Govt Office 74,2021,309,96,2,38,5,450,P1,213,81.7
Paschim Medinipur,614,WMed-614,75,Govt Office 75,2019,188,151,5,100,5,449,P1,37,83.8
Paschim Medinipur,614,WMed-614,75,Govt Office 75,2021,212,136,8,70,4,430,P1,76,80.2
Paschim Medinipur,614,WMed-614,76,Temple Hall 76,2019,391,212,10,68,7,688,P1,179,84.3
Paschim Medinipur,614,WMed-614,76,Temple Hall 76,2021,341,203,7,51,7,609,P1,138,74.6
Paschim Medinipur,614,WMed-614,77,Health Sub-Centre 77,2019,288,74,2,34,4,402,P1,214,75.0
Paschim Medinipur,614,WMed-614,77,Health Sub-Centre 77,2021,231,134,2,34,5,406,P1,97,75.7
Paschim Medinipur,614,WMed-614,78,Temple Hall 78,2019,217,138,5,49,4,413,P1,79,80.2
Paschim Medinipur,614,WMed-614,78,Temple Hall 78,2021,184,119,7,68,4,382,P1,65,74.2
Paschim Medinipur,614,WMed-614,79,High School 79,2019,324,208,5,48,6,591,P1,116,74.9
Paschim Medinipur,614,WMed-614,79,High School 79,2021,371,154,3,50,5,583,P1,217,73.9
Paschim Medinipur,614,WMed-614,80,Market Building 80,2019,252,186,5,39,5,487,P1,66,79.2
Paschim Medinipur,614,WMed-614,80,Market Building 80,2021,257,155,8,78,5,503,P1,102,81.8
Paschim Medinipur,614,WMed-614,81,Primary School 81,2019,322,124,8,91,5,550,P1,198,78.1
Paschim Medinipur,614,WMed-614,81,Primary School 81,2021,301,175,7,101,6,590,P1,126,83.8
Paschim Medinipur,614,WMed-614,82,Market Building 82,2019,381,164,4,50,7,606,P1,217,78.7
Paschim Medinipur,614,WMed-614,82,Market Building 82,2021,303,225,4,49,6,587,P1,78,76.2
Paschim Medinipur,614,WMed-614,83,Temple Hall 83,2019,256,194,3,74,5,532,P1,62,81.2
Paschim Medinipur,614,WMed-614,83,Temple Hall 83,2021,315,156,5,54,5,535,P1,159,81.7
Paschim Medinipur,614,WMed-614,84,Health Sub-Centre 84,2019,280,129,5,63,4,481,P1,151,82.5
Paschim Medinipur,614,WMed-614,84,Health Sub-Centre 84,2021,239,131,6,56,4,436,P1,108,74.8
Paschim Medinipur,614,WMed-614,85,Health Sub-Centre 85,2019,295,247,6,48,6,602,P1,48,74.0
Paschim Medinipur,614,WMed-614,85,Health Sub-Centre 85,2021,336,207,5,138,7,693,P1,129,85.2
Paschim Medinipur,614,WMed-614,86,High School 86,2019,283,159,5,39,5,491,P1,124,80.1
Paschim Medinipur,614,WMed-614,86,High School 86,2021,302,134,4,40,4,484,P1,168,79.0
Paschim Medinipur,614,WMed-614,87,Post Office 87,2019,260,184,20,152,6,622,P1,76,85.1
Paschim Medinipur,614,WMed-614,87,Post Office 87,2021,391,141,6,47,6,591,P1,250,80.8
Paschim Medinipur,614,WMed-614,88,Post Office 88,2019,256,105,4,32,4,401,P1,151,79.9
Paschim Medinipur,614,WMed-614,88,Post Office 88,2021,195,143,3,31,3,375,P1,52,74.7
Paschim Medinipur,614,WMed-614,89,Anganwadi Centre 89,2019,238,97,6,60,4,405,P1,141,80.8
Paschim Medinipur,614,WMed-614,89,Anganwadi Centre 89,2021,194,131,8,77,4,414,P1,63,82.6
Paschim Medinipur,614,WMed-614,90,High School 90,2019,306,126,3,42,5,482,P1,180,83.1
Paschim Medinipur,614,WMed-614,90,High School 90,2021,248,146,9,60,4,467,P1,102,80.5
Paschim Medinipur,614,WMed-614,91,Panchayat Bhavan 91,2019,330,149,5,43,5,532,P1,181,84.3
Paschim Medinipur,614,WMed-614,91,Panchayat Bhavan 91,2021,288,158,4,42,4,496,P1,130,78.6
Paschim Medinipur,614,WMed-614,92,Madrasa 92,2019,200,170,6,123,5,504,P1,30,80.9
Paschim Medinipur,614,WMed-614,92,Madrasa 92,2021,354,75,5,37,6,477,P1,279,76.6
Paschim Medinipur,614,WMed-614,93,Panchayat Bhavan 93,2019,393,130,3,49,6,581,P1,263,76.1
Paschim Medinipur,614,WMed-614,93,Panchayat Bhavan 93,2021,384,158,5,49,7,603,P1,226,79.0
Paschim Medinipur,614,WMed-614,94,Madrasa 94,2019,271,145,7,84,5,512,P1,126,77.8
Paschim Medinipur,614,WMed-614,94,Madrasa 94,2021,254,140,11,107,5,517,P1,114,78.6
Paschim Medinipur,614,WMed-614,95,Temple Hall 95,2019,373,204,7,51,7,642,P1,169,80.5
Paschim Medinipur,614,WMed-614,95,Temple Hall 95,2021,353,242,8,52,6,661,P1,111,82.8
Paschim Medinipur,614,WMed-614,96,Govt Office 96,2019,274,157,3,52,5,491,P1,117,81.6
Paschim Medinipur,614,WMed-614,96,Govt Office 96,2021,276,140,5,36,5,462,P1,136,76.7
Paschim Medinipur,614,WMed-614,97,Madrasa 97,2019,372,161,7,88,6,634,P1,211,83.2
Paschim Medinipur,614,WMed-614,97,Madrasa 97,2021,363,182,7,48,5,605,P1,181,79.4
Paschim Medinipur,614,WMed-614,98,Madrasa 98,2019,298,128,6,54,5,491,P1,170,84.8
Paschim Medinipur,614,WMed-614,98,Madrasa 98,2021,245,134,7,92,5,483,P1,111,83.4
Paschim Medinipur,614,WMed-614,99,Primary School 99,2019,409,128,7,47,6,597,P1,281,74.8
Paschim Medinipur,614,WMed-614,99,Primary School 99,2021,377,186,4,79,6,652,P1,191,81.7
Paschim Medinipur,614,WMed-614,100,Community Hall 100,2019,184,142,10,70,4,410,P1,42,84.4
Paschim Medinipur,614,WMed-614,100,Community Hall 100,2021,184,127,2,55,4,372,P1,57,76.5
Paschim Medinipur,614,WMed-614,101,Health Sub-Centre 101,2019,356,201,5,50,6,618,P1,155,82.0
Paschim Medinipur,614,WMed-614,101,Health Sub-Centre 101,2021,294,165,12,165,7,643,P1,129,85.3
Paschim Medinipur,614,WMed-614,102,Madrasa 102,2019,238,161,5,66,5,475,P1,77,75.9
Paschim Medinipur,614,WMed-614,102,Madrasa 102,2021,260,138,10,74,5,487,P1,122,77.8
Paschim Medinipur,614,WMed-614,103,Govt Office 103,2019,264,158,3,44,5,474,P1,106,76.5
Paschim Medinipur,614,WMed-614,103,Govt Office 103,2021,320,153,6,41,5,525,P1,167,84.7
Paschim Medinipur,614,WMed-614,104,Madrasa 104,2019,324,232,4,52,6,618,P1,92,77.4
Paschim Medinipur,614,WMed-614,104,Madrasa 104,2021,426,123,3,52,7,611,P1,303,76.6
Paschim Medinipur,614,WMed-614,105,Post Office 105,2019,246,121,11,92,5,475,P1,125,80.4
Paschim Medinipur,614,WMed-614,105,Post Office 105,2021,262,158,3,39,5,467,P1,104,79.0
Paschim Medinipur,614,WMed-614,106,Primary School 106,2019,317,157,5,42,5,526,P1,160,74.3
Paschim Medinipur,614,WMed-614,106,Primary School 106,2021,359,136,5,45,5,550,P1,223,77.7
Paschim Medinipur,614,WMed-614,107,Market Building 107,2019,221,168,5,48,6,448,P1,53,81.2
Paschim Medinipur,614,WMed-614,107,Market Building 107,2021,281,135,3,38,6,463,P1,146,83.9
Paschim Medinipur,614,WMed-614,108,High School 108,2019,339,147,3,46,5,540,P1,192,79.2
Paschim Medinipur,614,WMed-614,108,High School 108,2021,316,150,12,86,6,570,P1,166,83.6
Paschim Medinipur,614,WMed-614,109,Health Sub-Centre 109,2019,278,193,5,42,5,523,P1,85,76.8
Paschim Medinipur,614,WMed-614,109,Health Sub-Centre 109,2021,317,146,5,61,5,534,P1,171,78.4
Paschim Medinipur,614,WMed-614,110,Market Building 110,2019,248,131,3,35,4,421,P1,117,82.9
Paschim Medinipur,614,WMed-614,110,Market Building 110,2021,254,116,5,32,4,411,P1,138,80.9
Paschim Medinipur,614,WMed-614,111,Temple Hall 111,2019,277,129,4,36,5,451,P1,148,84.0
Paschim Medinipur,614,WMed-614,111,Temple Hall 111,2021,198,147,9,76,5,435,P1,51,81.0
Paschim Medinipur,614,WMed-614,112,Club Building 112,2019,221,116,2,32,4,375,P1,105,75.0
Paschim Medinipur,614,WMed-614,112,Club Building 112,2021,249,109,3,33,3,397,P1,140,79.4
Paschim Medinipur,614,WMed-614,113,Market Building 113,2019,238,131,4,33,4,410,P1,107,83.5
Paschim Medinipur,614,WMed-614,113,Market Building 113,2021,188,103,9,62,3,365,P1,85,74.3
Paschim Medinipur,614,WMed-614,114,Club Building 114,2019,270,167,5,38,6,486,P1,103,81.1
Paschim Medinipur,614,WMed-614,114,Club Building 114,2021,243,141,11,86,6,487,P1,102,81.3
Paschim Medinipur,614,WMed-614,115,Anganwadi Centre 115,2019,272,114,7,85,5,483,P1,158,83.4
Paschim Medinipur,614,WMed-614,115,Anganwadi Centre 115,2021,258,116,3,66,4,447,P1,142,77.2
Paschim Medinipur,614,WMed-614,116,Post Office 116,2019,354,100,4,86,4,548,P1,254,84.7
Paschim Medinipur,614,WMed-614,116,Post Office 116,2021,286,128,5,61,5,485,P1,158,75.0
Paschim Medinipur,614,WMed-614,117,Temple Hall 117,2019,237,97,7,48,3,392,P1,140,78.9
Paschim Medinipur,614,WMed-614,117,Temple Hall 117,2021,250,104,3,33,3,393,P1,146,79.1
Paschim Medinipur,614,WMed-614,118,Madrasa 118,2019,286,107,5,34,5,437,P1,179,84.9
Paschim Medinipur,614,WMed-614,118,Madrasa 118,2021,210,124,4,43,3,384,P1,86,74.6
Paschim Medinipur,614,WMed-614,119,Post Office 119,2019,332,177,5,106,6,626,P1,155,81.8
Paschim Medinipur,614,WMed-614,119,Post Office 119,2021,337,192,3,50,6,588,P1,145,76.9
Paschim Medinipur,614,WMed-614,120,High School 120,2019,371,169,6,48,6,600,P1,202,83.2
Paschim Medinipur,614,WMed-614,120,High School 120,2021,282,251,8,51,5,597,P1,31,82.8
Paschim Medinipur,614,WMed-614,121,Madrasa 121,2019,217,118,3,87,5,430,P1,99,77.3
Paschim Medinipur,614,WMed-614,121,Madrasa 121,2021,268,108,3,34,5,418,P1,160,75.2
Paschim Medinipur,614,WMed-614,122,Madrasa 122,2019,364,143,5,46,6,564,P1,221,74.2
Paschim Medinipur,614,WMed-614,122,Madrasa 122,2021,331,128,7,134,6,606,P1,197,79.7
Paschim Medinipur,614,WMed-614,123,Primary School 123,2019,275,163,3,41,4,486,P1,112,82.8
Paschim Medinipur,614,WMed-614,123,Primary School 123,2021,266,162,5,56,5,494,P1,104,84.2
Paschim Medinipur,614,WMed-614,124,Anganwadi Centre 124,2019,320,163,4,45,5,537,P1,157,79.0
Paschim Medinipur,614,WMed-614,124,Anganwadi Centre 124,2021,276,202,6,82,6,572,P1,74,84.1
Paschim Medinipur,614,WMed-614,125,Club Building 125,2019,275,157,3,41,4,480,P1,118,81.8
Paschim Medinipur,614,WMed-614,125,Club Building 125,2021,259,153,5,65,5,487,P1,106,83.0
Paschim Medinipur,614,WMed-614,126,Post Office 126,2019,361,229,3,67,7,667,P1,132,82.4
Paschim Medinipur,614,WMed-614,126,Post Office 126,2021,383,158,6,48,6,601,P1,225,74.3
Paschim Medinipur,614,WMed-614,127,Club Building 127,2019,353,137,6,43,5,544,P1,216,78.7
Paschim Medinipur,614,WMed-614,127,Club Building 127,2021,306,154,10,73,5,548,P1,152,79.3
Paschim Medinipur,614,WMed-614,128,Post Office 128,2019,354,209,5,51,7,626,P1,145,77.0
Paschim Medinipur,614,WMed-614,128,Post Office 128,2021,243,209,16,150,6,624,P1,34,76.8
Paschim Medinipur,614,WMed-614,129,Anganwadi Centre 129,2019,280,228,6,46,5,565,P1,52,74.4
Paschim Medinipur,614,WMed-614,129,Anganwadi Centre 129,2021,316,252,5,52,6,631,P1,64,83.1
Paschim Medinipur,614,WMed-614,130,Govt Office 130,2019,305,124,5,37,5,476,P1,181,82.6
Paschim Medinipur,614,WMed-614,130,Govt Office 130,2021,295,136,4,43,5,483,P1,159,83.9
Paschim Medinipur,614,WMed-614,131,Govt Office 131,2019,269,134,2,38,5,448,P1,135,75.3
Paschim Medinipur,614,WMed-614,131,Govt Office 131,2021,254,150,8,56,5,473,P1,104,79.5
Paschim Medinipur,614,WMed-614,132,Market Building 132,2019,154,126,15,146,5,446,P1,8,79.5
Paschim Medinipur,614,WMed-614,132,Market Building 132,2021,244,152,4,35,5,440,P1,92,78.4
Paschim Medinipur,614,WMed-614,133,Club Building 133,2019,231,179,6,51,5,472,P1,52,81.1
Paschim Medinipur,614,WMed-614,133,Club Building 133,2021,270,161,5,38,4,478,P1,109,82.1
Paschim Medinipur,614,WMed-614,134,Market Building 134,2019,184,165,8,152,6,515,P1,19,85.3
Paschim Medinipur,614,WMed-614,134,Market Building 134,2021,358,106,4,42,5,515,P1,252,85.3
Paschim Medinipur,614,WMed-614,135,Community Hall 135,2019,262,139,3,52,5,461,P1,123,74.6
Paschim Medinipur,614,WMed-614,135,Community Hall 135,2021,262,154,4,38,5,463,P1,108,74.9
Paschim Medinipur,614,WMed-614,136,Madrasa 136,2019,283,122,17,170,6,598,P1,113,82.3
Paschim Medinipur,614,WMed-614,136,Madrasa 136,2021,338,184,7,45,5,579,P1,154,79.6
Paschim Medinipur,614,WMed-614,137,Post Office 137,2019,376,138,3,49,5,571,P1,238,76.1
Paschim Medinipur,614,WMed-614,137,Post Office 137,2021,353,153,3,48,5,562,P1,200,74.9
Paschim Medinipur,614,WMed-614,138,Govt Office 138,2019,197,130,3,65,3,398,P1,67,78.0
Paschim Medinipur,614,WMed-614,138,Govt Office 138,2021,210,126,3,39,3,381,P1,84,74.7
Paschim Medinipur,614,WMed-614,139,Anganwadi Centre 139,2019,254,128,2,36,5,425,P1,126,83.3
Paschim Medinipur,614,WMed-614,139,Anganwadi Centre 139,2021,222,142,3,39,4,410,P1,80,80.4
Paschim Medinipur,614,WMed-614,140,Panchayat Bhavan 140,2019,379,159,3,50,7,598,P1,220,78.8
Paschim Medinipur,614,WMed-614,140,Panchayat Bhavan 140,2021,367,145,2,49,5,568,P1,222,74.8
Paschim Medinipur,614,WMed-614,141,Primary School 141,2019,350,180,2,51,6,589,P1,170,80.4
Paschim Medinipur,614,WMed-614,141,Primary School 141,2021,371,159,2,51,6,589,P1,212,80.4
Paschim Medinipur,614,WMed-614,142,Market Building 142,2019,369,197,6,51,6,629,P1,172,83.3
Paschim Medinipur,614,WMed-614,142,Market Building 142,2021,367,163,6,47,6,589,P1,204,78.0
Paschim Medinipur,614,WMed-614,143,Market Building 143,2019,262,149,4,89,5,509,P1,113,76.4
Paschim Medinipur,614,WMed-614,143,Market Building 143,2021,256,133,11,88,6,494,P1,123,74.2
Paschim Medinipur,614,WMed-614,144,Club Building 144,2019,299,117,3,39,5,463,P1,182,82.1
Paschim Medinipur,614,WMed-614,144,Club Building 144,2021,264,119,2,37,4,426,P1,145,75.5
Paschim Medinipur,614,WMed-614,145,Madrasa 145,2019,240,163,8,55,4,470,P1,77,80.3
Paschim Medinipur,614,WMed-614,145,Madrasa 145,2021,270,139,5,36,5,455,P1,131,77.8
Paschim Medinipur,614,WMed-614,146,Panchayat Bhavan 146,2019,253,124,3,35,4,419,P1,129,78.3
Paschim Medinipur,614,WMed-614,146,Panchayat Bhavan 146,2021,216,151,6,50,4,427,P1,65,79.8
Paschim Medinipur,614,WMed-614,147,Community Hall 147,2019,284,155,3,74,5,521,P1,129,77.1
Paschim Medinipur,614,WMed-614,147,Community Hall 147,2021,328,148,4,44,5,529,P1,180,78.3
Paschim Medinipur,614,WMed-614,148,Market Building 148,2019,211,124,11,165,5,516,P1,46,80.0
Paschim Medinipur,614,WMed-614,148,Market Building 148,2021,335,153,5,44,6,543,P1,182,84.2
Paschim Medinipur,614,WMed-614,149,Govt Office 149,2019,298,157,6,40,5,506,P1,141,80.2
Paschim Medinipur,614,WMed-614,149,Govt Office 149,2021,311,171,6,42,5,535,P1,140,84.8
Paschim Medinipur,614,WMed-614,150,Temple Hall 150,2019,243,148,4,35,4,434,P1,95,84.4
Paschim Medinipur,614,WMed-614,150,Temple Hall 150,2021,259,112,5,50,4,430,P1,147,83.7
Paschim Medinipur,614,WMed-614,151,Govt Office 151,2019,286,124,5,64,5,484,P1,162,74.1
Paschim Medinipur,614,WMed-614,151,Govt Office 151,2021,253,189,4,59,4,509,P1,64,77.9
Paschim Medinipur,614,WMed-614,152,Panchayat Bhavan 152,2019,377,173,6,49,6,611,P1,204,75.2
Paschim Medinipur,614,WMed-614,152,Panchayat Bhavan 152,2021,376,240,5,56,7,684,P1,136,84.2
Paschim Medinipur,614,WMed-614,153,Post Office 153,2019,309,172,6,62,5,554,P1,137,79.8
Paschim Medinipur,614,WMed-614,153,Post Office 153,2021,293,146,6,66,5,516,P1,147,74.4
Paschim Medinipur,614,WMed-614,154,Health Sub-Centre 154,2019,270,109,8,61,4,452,P1,161,84.2
Paschim Medinipur,614,WMed-614,154,Health Sub-Centre 154,2021,220,170,2,37,4,433,P1,50,80.6
Paschim Medinipur,614,WMed-614,155,Market Building 155,2019,272,148,6,66,5,497,P1,124,82.6
Paschim Medinipur,614,WMed-614,155,Market Building 155,2021,296,141,4,40,4,485,P1,155,80.6
Paschim Medinipur,614,WMed-614,156,Temple Hall 156,2019,197,127,6,44,4,378,P1,70,75.1
Paschim Medinipur,614,WMed-614,156,Temple Hall 156,2021,248,120,4,41,4,417,P1,128,82.9
Paschim Medinipur,614,WMed-614,157,Govt Office 157,2019,361,189,7,48,6,611,P1,172,78.8
Paschim Medinipur,614,WMed-614,157,Govt Office 157,2021,278,222,9,90,7,606,P1,56,78.2
Paschim Medinipur,614,WMed-614,158,Govt Office 158,2019,325,145,2,45,6,523,P1,180,81.6
Paschim Medinipur,614,WMed-614,158,Govt Office 158,2021,295,144,5,39,5,488,P1,151,76.1
Paschim Medinipur,614,WMed-614,159,Govt Office 159,2019,288,142,2,41,5,478,P1,146,76.0
Paschim Medinipur,614,WMed-614,159,Govt Office 159,2021,211,172,14,105,6,508,P1,39,80.8
Paschim Medinipur,614,WMed-614,160,Madrasa 160,2019,253,108,2,42,4,409,P1,145,79.6
Paschim Medinipur,614,WMed-614,160,Madrasa 160,2021,158,146,12,93,4,413,P1,12,80.4
Paschim Medinipur,614,WMed-614,161,Post Office 161,2019,386,83,3,44,5,521,P1,303,82.6
Paschim Medinipur,614,WMed-614,161,Post Office 161,2021,318,119,2,42,5,486,P1,199,77.0
Paschim Medinipur,614,WMed-614,162,Community Hall 162,2019,318,168,5,43,6,540,P1,150,75.7
Paschim Medinipur,614,WMed-614,162,Community Hall 162,2021,264,191,5,102,5,567,P1,73,79.5
Paschim Medinipur,614,WMed-614,163,Post Office 163,2019,279,109,7,46,5,446,P1,170,74.6
Paschim Medinipur,614,WMed-614,163,Post Office 163,2021,313,143,2,44,4,506,P1,170,84.6
Paschim Medinipur,614,WMed-614,164,High School 164,2019,320,123,6,39,5,493,P1,197,82.0
Paschim Medinipur,614,WMed-614,164,High School 164,2021,281,154,5,39,4,483,P1,127,80.4
Paschim Medinipur,614,WMed-614,165,Community Hall 165,2019,285,169,7,133,6,600,P1,116,77.9
Paschim Medinipur,614,WMed-614,165,Community Hall 165,2021,327,207,5,98,7,644,P1,120,83.6
Paschim Medinipur,614,WMed-614,166,Health Sub-Centre 166,2019,277,206,5,43,5,536,P1,71,82.8
Paschim Medinipur,614,WMed-614,166,Health Sub-Centre 166,2021,277,201,3,45,5,531,P1,76,82.1
Paschim Medinipur,614,WMed-614,167,Market Building 167,2019,396,63,6,40,5,510,P1,333,75.8
Paschim Medinipur,614,WMed-614,167,Market Building 167,2021,323,190,6,45,6,570,P1,133,84.7
Paschim Medinipur,614,WMed-614,168,Market Building 168,2019,384,192,5,88,6,675,P1,192,84.9
Paschim Medinipur,614,WMed-614,168,Market Building 168,2021,383,166,7,48,6,610,P1,217,76.7
Paschim Medinipur,614,WMed-614,169,Temple Hall 169,2019,225,126,2,33,4,390,P1,99,77.2
Paschim Medinipur,614,WMed-614,169,Temple Hall 169,2021,215,104,3,80,3,405,P1,111,80.2
Paschim Medinipur,614,WMed-614,170,Club Building 170,2019,397,80,3,45,5,530,P1,317,77.5
Paschim Medinipur,614,WMed-614,170,Club Building 170,2021,318,134,3,77,6,538,P1,184,78.7
Paschim Medinipur,614,WMed-614,171,Community Hall 171,2019,343,178,2,50,6,579,P1,165,76.3
Paschim Medinipur,614,WMed-614,171,Community Hall 171,2021,351,202,2,53,7,615,P1,149,81.0
Paschim Medinipur,614,WMed-614,172,Temple Hall 172,2019,222,172,17,122,6,539,P1,50,82.9
Paschim Medinipur,614,WMed-614,172,Temple Hall 172,2021,289,141,4,44,4,482,P1,148,74.2
Paschim Medinipur,614,WMed-614,173,High School 173,2019,306,185,6,45,5,547,P1,121,74.2
Paschim Medinipur,614,WMed-614,173,High School 173,2021,282,211,7,71,5,576,P1,71,78.2
Paschim Medinipur,614,WMed-614,174,Post Office 174,2019,231,165,3,53,4,456,P1,66,79.6
Paschim Medinipur,614,WMed-614,174,Post Office 174,2021,244,157,3,37,4,445,P1,87,77.7
Paschim Medinipur,614,WMed-614,175,Market Building 175,2019,263,102,2,35,4,406,P1,161,82.4
Paschim Medinipur,614,WMed-614,175,Market Building 175,2021,229,113,3,31,4,380,P1,116,77.1
Paschim Medinipur,614,WMed-614,176,Temple Hall 176,2019,293,169,2,44,5,513,P1,124,74.7
Paschim Medinipur,614,WMed-614,176,Temple Hall 176,2021,221,200,14,109,7,551,P1,21,80.2
Paschim Medinipur,614,WMed-614,177,Anganwadi Centre 177,2019,289,144,6,66,5,510,P1,145,77.9
Paschim Medinipur,614,WMed-614,177,Anganwadi Centre 177,2021,347,119,6,41,4,517,P1,228,78.9
Paschim Medinipur,614,WMed-614,178,Temple Hall 178,2019,258,166,12,99,6,541,P1,92,78.7
Paschim Medinipur,614,WMed-614,178,Temple Hall 178,2021,287,176,7,80,6,556,P1,111,80.9
Paschim Medinipur,614,WMed-614,179,Madrasa 179,2019,362,108,4,43,6,523,P1,254,77.9
Paschim Medinipur,614,WMed-614,179,Madrasa 179,2021,286,184,4,51,5,530,P1,102,79.0
Paschim Medinipur,614,WMed-614,180,Market Building 180,2019,345,174,6,46,6,577,P1,171,76.0
Paschim Medinipur,614,WMed-614,180,Market Building 180,2021,391,151,6,61,6,615,P1,240,81.0
Paschim Medinipur,614,WMed-614,181,Govt Office 181,2019,232,166,9,63,4,474,P1,66,79.4
Paschim Medinipur,614,WMed-614,181,Govt Office 181,2021,263,152,3,44,5,467,P1,111,78.2
Paschim Medinipur,614,WMed-614,182,Health Sub-Centre 182,2019,275,114,9,72,5,475,P1,161,78.5
Paschim Medinipur,614,WMed-614,182,Health Sub-Centre 182,2021,260,144,1,39,5,449,P1,116,74.2
Paschim Medinipur,614,WMed-614,183,Health Sub-Centre 183,2019,380,137,2,49,6,574,P1,243,82.5
Paschim Medinipur,614,WMed-614,183,Health Sub-Centre 183,2021,256,207,3,63,5,534,P1,49,76.7
Paschim Medinipur,614,WMed-614,184,Primary School 184,2019,249,128,5,37,5,424,P1,121,77.5
Paschim Medinipur,614,WMed-614,184,Primary School 184,2021,299,95,3,36,4,437,P1,204,79.9
Paschim Medinipur,614,WMed-614,185,Primary School 185,2019,272,226,5,45,6,554,P1,46,77.3
Paschim Medinipur,614,WMed-614,185,Primary School 185,2021,307,175,14,101,5,602,P1,132,84.0
Paschim Medinipur,614,WMed-614,186,Panchayat Bhavan 186,2019,268,159,2,41,4,474,P1,109,84.3
Paschim Medinipur,614,WMed-614,186,Panchayat Bhavan 186,2021,239,125,7,101,4,476,P1,114,84.7
Paschim Medinipur,614,WMed-614,187,Health Sub-Centre 187,2019,167,139,7,63,3,379,P1,28,75.3
Paschim Medinipur,614,WMed-614,187,Health Sub-Centre 187,2021,186,106,4,85,4,385,P1,80,76.5
Paschim Medinipur,614,WMed-614,188,Post Office 188,2019,264,196,2,44,6,512,P1,68,84.8
Paschim Medinipur,614,WMed-614,188,Post Office 188,2021,233,153,4,94,6,490,P1,80,81.1
Paschim Medinipur,614,WMed-614,189,Govt Office 189,2019,245,79,5,50,4,383,P1,166,77.5
Paschim Medinipur,614,WMed-614,189,Govt Office 189,2021,201,86,11,82,4,384,P1,115,77.7
Paschim Medinipur,614,WMed-614,190,Panchayat Bhavan 190,2019,281,97,5,33,4,420,P1,184,80.6
Paschim Medinipur,614,WMed-614,190,Panchayat Bhavan 190,2021,192,110,10,74,3,389,P1,82,74.7
Paschim Medinipur,614,WMed-614,191,Madrasa 191,2019,215,165,1,37,4,422,P1,50,81.0
Paschim Medinipur,614,WMed-614,191,Madrasa 191,2021,237,153,5,40,5,440,P1,84,84.5
Paschim Medinipur,614,WMed-614,192,Post Office 192,2019,294,70,2,52,4,422,P1,224,78.7
Paschim Medinipur,614,WMed-614,192,Post Office 192,2021,251,133,6,60,4,454,P1,118,84.7
Paschim Medinipur,614,WMed-614,193,Health Sub-Centre 193,2019,223,169,6,169,6,573,P1,54,77.6
Paschim Medinipur,614,WMed-614,193,Health Sub-Centre 193,2021,310,200,7,44,5,566,P1,110,76.7
Paschim Medinipur,614,WMed-614,194,Madrasa 194,2019,364,177,4,50,6,601,P1,187,75.1
Paschim Medinipur,614,WMed-614,194,Madrasa 194,2021,294,207,11,130,7,649,P1,87,81.1
Paschim Medinipur,614,WMed-614,195,Health Sub-Centre 195,2019,372,195,3,54,6,630,P1,177,78.1
Paschim Medinipur,614,WMed-614,195,Health Sub-Centre 195,2021,423,125,2,52,6,608,P1,298,75.3
Paschim Medinipur,614,WMed-614,196,Govt Office 196,2019,354,202,2,53,7,618,P1,152,79.4
Paschim Medinipur,614,WMed-614,196,Govt Office 196,2021,373,182,4,58,6,623,P1,191,80.1
Paschim Medinipur,614,WMed-614,197,Market Building 197,2019,295,152,5,69,6,527,P1,143,83.9
Paschim Medinipur,614,WMed-614,197,Market Building 197,2021,321,156,4,47,5,533,P1,165,84.9
Paschim Medinipur,614,WMed-614,198,Temple Hall 198,2019,256,148,4,36,5,449,P1,108,84.7
Paschim Medinipur,614,WMed-614,198,Temple Hall 198,2021,227,160,3,36,4,430,P1,67,81.1
Paschim Medinipur,614,WMed-614,199,Temple Hall 199,2019,232,157,13,126,5,533,P1,75,74.1
Paschim Medinipur,614,WMed-614,199,Temple Hall 199,2021,315,152,9,85,6,567,P1,163,78.9
Paschim Medinipur,614,WMed-614,200,Post Office 200,2019,306,160,18,136,6,626,P1,146,81.8
Paschim Medinipur,614,WMed-614,200,Post Office 200,2021,334,198,3,87,7,629,P1,136,82.2
Paschim Medinipur,614,WMed-614,201,Health Sub-Centre 201,2019,177,112,7,78,3,377,P1,65,76.3
Paschim Medinipur,614,WMed-614,201,Health Sub-Centre 201,2021,216,99,6,61,4,386,P1,117,78.1
Paschim Medinipur,614,WMed-614,202,Panchayat Bhavan 202,2019,372,198,4,53,6,633,P1,174,77.3
Paschim Medinipur,614,WMed-614,202,Panchayat Bhavan 202,2021,372,174,7,48,6,607,P1,198,74.1
Paschim Medinipur,614,WMed-614,203,High School 203,2019,266,188,10,106,6,576,P1,78,75.5
Paschim Medinipur,614,WMed-614,203,High School 203,2021,255,184,7,125,5,576,P1,71,75.5
Paschim Medinipur,614,WMed-614,204,Anganwadi Centre 204,2019,261,132,6,70,5,474,P1,129,76.7
Paschim Medinipur,614,WMed-614,204,Anganwadi Centre 204,2021,244,188,6,38,5,481,P1,56,77.8
Paschim Medinipur,614,WMed-614,205,Panchayat Bhavan 205,2019,235,125,2,44,4,410,P1,110,79.0
Paschim Medinipur,614,WMed-614,205,Panchayat Bhavan 205,2021,258,122,2,36,5,423,P1,136,81.5
Paschim Medinipur,614,WMed-614,206,Community Hall 206,2019,297,145,2,43,4,491,P1,152,81.3
Paschim Medinipur,614,WMed-614,206,Community Hall 206,2021,257,199,5,40,5,506,P1,58,83.8
Paschim Medinipur,614,WMed-614,207,Post Office 207,2019,388,154,7,47,6,602,P1,234,74.3
Paschim Medinipur,614,WMed-614,207,Post Office 207,2021,418,202,3,59,6,688,P1,216,84.9
Paschim Medinipur,614,WMed-614,208,Govt Office 208,2019,256,146,6,48,5,461,P1,110,74.5
Paschim Medinipur,614,WMed-614,208,Govt Office 208,2021,212,119,14,116,5,466,P1,93,75.3
Paschim Medinipur,614,WMed-614,209,Panchayat Bhavan 209,2019,273,122,11,148,5,559,P1,125,76.1
Paschim Medinipur,614,WMed-614,209,Panchayat Bhavan 209,2021,282,181,6,74,5,548,P1,101,74.6
Paschim Medinipur,615,WMed-615,1,Govt Office 1,2019,325,135,4,42,5,511,P1,190,75.1
Paschim Medinipur,615,WMed-615,1,Govt Office 1,2021,299,175,3,45,5,527,P1,124,77.5
Paschim Medinipur,615,WMed-615,2,Health Sub-Centre 2,2019,403,139,7,47,6,602,P1,264,74.7
Paschim Medinipur,615,WMed-615,2,Health Sub-Centre 2,2021,285,252,2,52,6,597,P1,33,74.1
Paschim Medinipur,615,WMed-615,3,Madrasa 3,2019,234,176,4,82,5,501,P1,58,74.0
Paschim Medinipur,615,WMed-615,3,Madrasa 3,2021,322,125,7,51,6,511,P1,197,75.5
Paschim Medinipur,615,WMed-615,4,Market Building 4,2019,285,147,3,83,5,523,P1,138,80.3
Paschim Medinipur,615,WMed-615,4,Market Building 4,2021,395,91,2,46,6,540,P1,304,82.9
Paschim Medinipur,615,WMed-615,5,Govt Office 5,2019,239,235,5,56,5,540,P1,4,76.2
Paschim Medinipur,615,WMed-615,5,Govt Office 5,2021,353,162,4,48,5,572,P1,191,80.7
Paschim Medinipur,615,WMed-615,6,Anganwadi Centre 6,2019,316,158,7,58,6,545,P1,158,81.0
Paschim Medinipur,615,WMed-615,6,Anganwadi Centre 6,2021,258,187,8,57,5,515,P1,71,76.5
Paschim Medinipur,615,WMed-615,7,Temple Hall 7,2019,274,203,4,43,6,530,P1,71,77.1
Paschim Medinipur,615,WMed-615,7,Temple Hall 7,2021,307,205,5,61,5,583,P1,102,84.9
Paschim Medinipur,615,WMed-615,8,Temple Hall 8,2019,384,140,7,46,5,582,P1,244,84.8
Paschim Medinipur,615,WMed-615,8,Temple Hall 8,2021,340,57,10,118,5,530,P1,222,77.3
Paschim Medinipur,615,WMed-615,9,Market Building 9,2019,464,130,4,56,6,660,P1,334,83.5
Paschim Medinipur,615,WMed-615,9,Market Building 9,2021,353,229,4,70,7,663,P1,124,83.9
Paschim Medinipur,615,WMed-615,10,High School 10,2019,377,205,3,56,6,647,P1,172,82.7
Paschim Medinipur,615,WMed-615,10,High School 10,2021,357,194,4,51,6,612,P1,163,78.3
Paschim Medinipur,615,WMed-615,11,Panchayat Bhavan 11,2019,316,171,4,45,5,541,P1,145,81.4
Paschim Medinipur,615,WMed-615,11,Panchayat Bhavan 11,2021,265,180,3,42,5,495,P1,85,74.4
Paschim Medinipur,615,WMed-615,12,Primary School 12,2019,272,96,4,64,4,440,P1,176,80.4
Paschim Medinipur,615,WMed-615,12,Primary School 12,2021,234,120,2,48,4,408,P1,114,74.6
Paschim Medinipur,615,WMed-615,13,Madrasa 13,2019,284,216,10,89,7,606,P1,68,79.4
Paschim Medinipur,615,WMed-615,13,Madrasa 13,2021,356,160,3,49,5,573,P1,196,75.1
Paschim Medinipur,615,WMed-615,14,Madrasa 14,2019,272,187,4,86,6,555,P1,85,75.6
Paschim Medinipur,615,WMed-615,14,Madrasa 14,2021,351,122,5,129,6,613,P1,222,83.5
Paschim Medinipur,615,WMed-615,15,Market Building 15,2019,280,166,10,74,5,535,P1,114,84.3
Paschim Medinipur,615,WMed-615,15,Market Building 15,2021,291,149,3,41,5,489,P1,142,77.0
Paschim Medinipur,615,WMed-615,16,Post Office 16,2019,221,162,10,72,5,470,P1,59,77.9
Paschim Medinipur,615,WMed-615,16,Post Office 16,2021,234,160,6,43,5,448,P1,74,74.3
Paschim Medinipur,615,WMed-615,17,Primary School 17,2019,424,157,4,55,5,645,P1,267,78.8
Paschim Medinipur,615,WMed-615,17,Primary School 17,2021,317,230,10,88,7,652,P1,87,79.6
Paschim Medinipur,615,WMed-615,18,Anganwadi Centre 18,2019,284,105,2,37,4,432,P1,179,81.5
Paschim Medinipur,615,WMed-615,18,Anganwadi Centre 18,2021,272,92,3,34,3,404,P1,180,76.2
Paschim Medinipur,615,WMed-615,19,Health Sub-Centre 19,2019,313,157,3,44,5,522,P1,156,74.0
Paschim Medinipur,615,WMed-615,19,Health Sub-Centre 19,2021,315,152,7,77,5,556,P1,163,78.9
Paschim Medinipur,615,WMed-615,20,High School 20,2019,278,202,4,77,6,567,P1,76,75.3
Paschim Medinipur,615,WMed-615,20,High School 20,2021,321,212,4,49,7,593,P1,109,78.8
Paschim Medinipur,615,WMed-615,21,Anganwadi Centre 21,2019,206,79,8,96,5,394,P1,110,80.7
Paschim Medinipur,615,WMed-615,21,Anganwadi Centre 21,2021,193,161,6,48,4,412,P1,32,84.4
Paschim Medinipur,615,WMed-615,22,Club Building 22,2019,357,111,3,44,5,520,P1,246,77.0
Paschim Medinipur,615,WMed-615,22,Club Building 22,2021,254,202,2,44,5,507,P1,52,75.1
Paschim Medinipur,615,WMed-615,23,High School 23,2019,392,104,6,44,5,551,P1,288,77.6
Paschim Medinipur,615,WMed-615,23,High School 23,2021,367,140,3,47,6,563,P1,227,79.3
Paschim Medinipur,615,WMed-615,24,Govt Office 24,2019,351,166,3,48,6,574,P1,185,83.9
Paschim Medinipur,615,WMed-615,24,Govt Office 24,2021,332,179,2,49,6,568,P1,153,83.0
Paschim Medinipur,615,WMed-615,25,Post Office 25,2019,422,147,3,53,7,632,P1,275,85.1
Paschim Medinipur,615,WMed-615,25,Post Office 25,2021,348,129,6,102,6,591,P1,219,79.5
Paschim Medinipur,615,WMed-615,26,Anganwadi Centre 26,2019,246,106,3,32,4,391,P1,140,75.8
Paschim Medinipur,615,WMed-615,26,Anganwadi Centre 26,2021,264,105,2,35,4,410,P1,159,79.5
Paschim Medinipur,615,WMed-615,27,Govt Office 27,2019,335,224,2,54,6,621,P1,111,84.8
Paschim Medinipur,615,WMed-615,27,Govt Office 27,2021,278,160,10,89,5,542,P1,118,74.0
Paschim Medinipur,615,WMed-615,28,High School 28,2019,267,166,3,47,6,489,P1,101,79.1
Paschim Medinipur,615,WMed-615,28,High School 28,2021,309,152,6,40,5,512,P1,157,82.8
Paschim Medinipur,615,WMed-615,29,Market Building 29,2019,353,150,5,45,6,559,P1,203,79.7
Paschim Medinipur,615,WMed-615,29,Market Building 29,2021,326,170,2,47,6,551,P1,156,78.6
Paschim Medinipur,615,WMed-615,30,Panchayat Bhavan 30,2019,237,110,7,63,4,421,P1,127,77.1
Paschim Medinipur,615,WMed-615,30,Panchayat Bhavan 30,2021,257,118,4,67,4,450,P1,139,82.4
Paschim Medinipur,615,WMed-615,31,Health Sub-Centre 31,2019,248,193,5,39,5,490,P1,55,74.6
Paschim Medinipur,615,WMed-615,31,Health Sub-Centre 31,2021,356,100,2,44,4,506,P1,256,77.0
Paschim Medinipur,615,WMed-615,32,Club Building 32,2019,351,142,7,73,6,579,P1,209,78.9
Paschim Medinipur,615,WMed-615,32,Club Building 32,2021,333,219,4,51,7,614,P1,114,83.7
Paschim Medinipur,615,WMed-615,33,Panchayat Bhavan 33,2019,256,143,5,35,4,443,P1,113,79.1
Paschim Medinipur,615,WMed-615,33,Panchayat Bhavan 33,2021,293,97,2,37,4,433,P1,196,77.3
Paschim Medinipur,615,WMed-615,34,Panchayat Bhavan 34,2019,384,167,5,50,6,612,P1,217,77.0
Paschim Medinipur,615,WMed-615,34,Panchayat Bhavan 34,2021,254,233,8,175,6,676,P1,21,85.0
Paschim Medinipur,615,WMed-615,35,High School 35,2019,229,122,3,32,3,389,P1,107,74.1
Paschim Medinipur,615,WMed-615,35,High School 35,2021,249,85,10,92,4,440,P1,157,83.8
Paschim Medinipur,615,WMed-615,36,Govt Office 36,2019,373,50,3,40,5,471,P1,323,77.5
Paschim Medinipur,615,WMed-615,36,Govt Office 36,2021,276,137,2,40,3,458,P1,139,75.3
Paschim Medinipur,615,WMed-615,37,Primary School 37,2019,255,114,5,32,4,410,P1,141,84.2
Paschim Medinipur,615,WMed-615,37,Primary School 37,2021,244,83,2,31,4,364,P1,161,74.7
Paschim Medinipur,615,WMed-615,38,Health Sub-Centre 38,2019,240,217,2,69,6,534,P1,23,75.4
Paschim Medinipur,615,WMed-615,38,Health Sub-Centre 38,2021,233,160,8,121,5,527,P1,73,74.4
Paschim Medinipur,615,WMed-615,39,Post Office 39,2019,315,184,7,79,6,591,P1,131,84.1
Paschim Medinipur,615,WMed-615,39,Post Office 39,2021,372,162,6,47,6,593,P1,210,84.4
Paschim Medinipur,615,WMed-615,40,Post Office 40,2019,252,156,5,114,4,531,P1,96,80.5
Paschim Medinipur,615,WMed-615,40,Post Office 40,2021,276,138,5,80,5,504,P1,138,76.4
Paschim Medinipur,615,WMed-615,41,Health Sub-Centre 41,2019,221,122,3,53,3,402,P1,99,82.4
Paschim Medinipur,615,WMed-615,41,Health Sub-Centre 41,2021,239,82,4,50,4,379,P1,157,77.7
Paschim Medinipur,615,WMed-615,42,Anganwadi Centre 42,2019,326,194,4,48,6,578,P1,132,75.3
Paschim Medinipur,615,WMed-615,42,Anganwadi Centre 42,2021,331,227,2,53,7,620,P1,104,80.7
Paschim Medinipur,615,WMed-615,43,Govt Office 43,2019,303,183,7,86,6,585,P1,120,83.1
Paschim Medinipur,615,WMed-615,43,Govt Office 43,2021,338,157,3,46,6,550,P1,181,78.1
Paschim Medinipur,615,WMed-615,44,Market Building 44,2019,243,126,2,35,3,409,P1,117,84.2
Paschim Medinipur,615,WMed-615,44,Market Building 44,2021,198,112,6,87,4,407,P1,86,83.7
Paschim Medinipur,615,WMed-615,45,Govt Office 45,2019,257,240,13,118,6,634,P1,17,80.8
Paschim Medinipur,615,WMed-615,45,Govt Office 45,2021,357,236,4,55,7,659,P1,121,83.9
Paschim Medinipur,615,WMed-615,46,Temple Hall 46,2019,356,212,6,86,6,666,P1,144,81.7
Paschim Medinipur,615,WMed-615,46,Temple Hall 46,2021,349,223,4,53,6,635,P1,126,77.9
Paschim Medinipur,615,WMed-615,47,Panchayat Bhavan 47,2019,272,184,4,123,5,588,P1,88,79.4
Paschim Medinipur,615,WMed-615,47,Panchayat Bhavan 47,2021,260,198,5,128,6,597,P1,62,80.6
Paschim Medinipur,615,WMed-615,48,Health Sub-Centre 48,2019,262,188,2,43,5,500,P1,74,77.0
Paschim Medinipur,615,WMed-615,48,Health Sub-Centre 48,2021,249,196,8,93,6,552,P1,53,85.1
Paschim Medinipur,615,WMed-615,49,Primary School 49,2019,261,146,2,43,4,456,P1,115,82.8
Paschim Medinipur,615,WMed-615,49,Primary School 49,2021,209,108,7,108,4,436,P1,101,79.1
Paschim Medinipur,615,WMed-615,50,Primary School 50,2019,295,149,5,39,5,493,P1,146,80.2
Paschim Medinipur,615,WMed-615,50,Primary School 50,2021,283,188,2,45,5,523,P1,95,85.0
Paschim Medinipur,615,WMed-615,51,Anganwadi Centre 51,2019,233,137,7,45,4,426,P1,96,76.2
Paschim Medinipur,615,WMed-615,51,Anganwadi Centre 51,2021,288,129,3,43,4,467,P1,159,83.5
Paschim Medinipur,615,WMed-615,52,Market Building 52,2019,322,146,3,44,5,520,P1,176,79.5
Paschim Medinipur,615,WMed-615,52,Market Building 52,2021,299,150,2,45,5,501,P1,149,76.6
Paschim Medinipur,615,WMed-615,53,Panchayat Bhavan 53,2019,373,125,4,46,6,554,P1,248,81.0
Paschim Medinipur,615,WMed-615,53,Panchayat Bhavan 53,2021,319,198,4,48,5,574,P1,121,83.9
Paschim Medinipur,615,WMed-615,54,Govt Office 54,2019,327,169,2,48,5,551,P1,158,77.3
Paschim Medinipur,615,WMed-615,54,Govt Office 54,2021,335,198,7,51,6,597,P1,137,83.7
Paschim Medinipur,615,WMed-615,55,Health Sub-Centre 55,2019,283,176,4,50,5,518,P1,107,82.2
Paschim Medinipur,615,WMed-615,55,Health Sub-Centre 55,2021,266,175,6,53,6,506,P1,91,80.3
Paschim Medinipur,615,WMed-615,56,High School 56,2019,261,101,4,32,4,402,P1,160,79.6
Paschim Medinipur,615,WMed-615,56,High School 56,2021,183,121,9,79,4,396,P1,62,78.4
Paschim Medinipur,615,WMed-615,57,Health Sub-Centre 57,2019,255,128,4,34,5,426,P1,127,81.1
Paschim Medinipur,615,WMed-615,57,Health Sub-Centre 57,2021,234,155,5,45,4,443,P1,79,84.4
Paschim Medinipur,615,WMed-615,58,Panchayat Bhavan 58,2019,256,106,2,35,3,402,P1,150,80.4
Paschim Medinipur,615,WMed-615,58,Panchayat Bhavan 58,2021,247,103,3,32,4,389,P1,144,77.8
Paschim Medinipur,615,WMed-615,59,Primary School 59,2019,313,145,5,78,6,547,P1,168,81.2
Paschim Medinipur,615,WMed-615,59,Primary School 59,2021,385,124,5,46,6,566,P1,261,84.0
Paschim Medinipur,615,WMed-615,60,Community Hall 60,2019,411,91,6,44,5,557,P1,320,75.7
Paschim Medinipur,615,WMed-615,60,Community Hall 60,2021,285,217,3,48,5,558,P1,68,75.8
Paschim Medinipur,615,WMed-615,61,Panchayat Bhavan 61,2019,159,131,5,68,4,367,P1,28,76.3
Paschim Medinipur,615,WMed-615,61,Panchayat Bhavan 61,2021,161,109,7,83,3,363,P1,52,75.5
Paschim Medinipur,615,WMed-615,62,Panchayat Bhavan 62,2019,283,186,5,60,5,539,P1,97,80.1
Paschim Medinipur,615,WMed-615,62,Panchayat Bhavan 62,2021,330,128,4,59,5,526,P1,202,78.2
Paschim Medinipur,615,WMed-615,63,Market Building 63,2019,263,108,3,35,4,413,P1,155,74.4
Paschim Medinipur,615,WMed-615,63,Market Building 63,2021,268,140,3,38,4,453,P1,128,81.6
Paschim Medinipur,615,WMed-615,64,Govt Office 64,2019,254,138,8,75,4,479,P1,116,74.5
Paschim Medinipur,615,WMed-615,64,Govt Office 64,2021,238,170,5,84,5,502,P1,68,78.1
Paschim Medinipur,615,WMed-615,65,Temple Hall 65,2019,272,159,5,42,4,482,P1,113,74.0
Paschim Medinipur,615,WMed-615,65,Temple Hall 65,2021,266,122,7,85,4,484,P1,144,74.3
Paschim Medinipur,615,WMed-615,66,Community Hall 66,2019,316,215,4,81,7,623,P1,101,76.6
Paschim Medinipur,615,WMed-615,66,Community Hall 66,2021,413,152,8,54,7,634,P1,261,78.0
Paschim Medinipur,615,WMed-615,67,Market Building 67,2019,164,140,13,155,5,477,P1,9,77.4
Paschim Medinipur,615,WMed-615,67,Market Building 67,2021,290,150,2,66,5,513,P1,140,83.3
Paschim Medinipur,615,WMed-615,68,Health Sub-Centre 68,2019,306,155,9,107,6,583,P1,151,76.5
Paschim Medinipur,615,WMed-615,68,Health Sub-Centre 68,2021,333,199,3,52,6,593,P1,134,77.8
Paschim Medinipur,615,WMed-615,69,High School 69,2019,240,125,9,109,6,489,P1,115,82.9
Paschim Medinipur,615,WMed-615,69,High School 69,2021,280,122,6,52,5,465,P1,158,78.8
Paschim Medinipur,615,WMed-615,70,Temple Hall 70,2019,211,128,4,51,4,398,P1,83,75.0
Paschim Medinipur,615,WMed-615,70,Temple Hall 70,2021,250,116,7,62,5,440,P1,134,82.9
Paschim Medinipur,615,WMed-615,71,Temple Hall 71,2019,333,105,5,39,5,487,P1,228,81.7
Paschim Medinipur,615,WMed-615,71,Temple Hall 71,2021,283,149,4,39,5,480,P1,134,80.5
Paschim Medinipur,615,WMed-615,72,High School 72,2019,299,164,6,47,5,521,P1,135,84.2
Paschim Medinipur,615,WMed-615,72,High School 72,2021,324,136,3,43,5,511,P1,188,82.6
Paschim Medinipur,615,WMed-615,73,Market Building 73,2019,283,149,2,41,5,480,P1,134,76.7
Paschim Medinipur,615,WMed-615,73,Market Building 73,2021,320,126,4,60,6,516,P1,194,82.4
Paschim Medinipur,615,WMed-615,74,Anganwadi Centre 74,2019,241,127,6,58,5,437,P1,114,84.5
Paschim Medinipur,615,WMed-615,74,Anganwadi Centre 74,2021,252,95,4,51,4,406,P1,157,78.5
Paschim Medinipur,615,WMed-615,75,Health Sub-Centre 75,2019,396,179,7,50,7,639,P1,217,80.8
Paschim Medinipur,615,WMed-615,75,Health Sub-Centre 75,2021,393,137,13,102,6,651,P1,256,82.3
Paschim Medinipur,615,WMed-615,76,Market Building 76,2019,259,118,4,44,3,428,P1,141,76.6
Paschim Medinipur,615,WMed-615,76,Market Building 76,2021,216,92,5,103,4,420,P1,113,75.1
Paschim Medinipur,615,WMed-615,77,High School 77,2019,243,89,8,62,4,406,P1,154,81.0
Paschim Medinipur,615,WMed-615,77,High School 77,2021,278,102,3,35,5,423,P1,176,84.4
Paschim Medinipur,615,WMed-615,78,Market Building 78,2019,380,188,3,54,6,631,P1,192,79.6
Paschim Medinipur,615,WMed-615,78,Market Building 78,2021,338,208,3,51,6,606,P1,130,76.4
Paschim Medinipur,615,WMed-615,79,Health Sub-Centre 79,2019,292,164,8,124,6,594,P1,128,83.0
Paschim Medinipur,615,WMed-615,79,Health Sub-Centre 79,2021,342,155,3,46,7,553,P1,187,77.2
Paschim Medinipur,615,WMed-615,80,Post Office 80,2019,349,192,4,50,7,602,P1,157,78.8
Paschim Medinipur,615,WMed-615,80,Post Office 80,2021,293,260,6,61,5,625,P1,33,81.8
Paschim Medinipur,615,WMed-615,81,Panchayat Bhavan 81,2019,321,151,3,44,6,525,P1,170,84.5
Paschim Medinipur,615,WMed-615,81,Panchayat Bhavan 81,2021,253,191,3,41,6,494,P1,62,79.5
Paschim Medinipur,615,WMed-615,82,Market Building 82,2019,284,166,8,95,5,558,P1,118,81.9
Paschim Medinipur,615,WMed-615,82,Market Building 82,2021,254,225,2,46,5,532,P1,29,78.1
Paschim Medinipur,615,WMed-615,83,Madrasa 83,2019,340,134,14,101,6,595,P1,206,81.4
Paschim Medinipur,615,WMed-615,83,Madrasa 83,2021,253,151,8,123,5,540,P1,102,73.9
Paschim Medinipur,615,WMed-615,84,High School 84,2019,218,122,4,77,3,424,P1,96,83.6
Paschim Medinipur,615,WMed-615,84,High School 84,2021,217,132,8,58,4,419,P1,85,82.6
Paschim Medinipur,615,WMed-615,85,Club Building 85,2019,293,131,3,39,6,472,P1,162,83.1
Paschim Medinipur,615,WMed-615,85,Club Building 85,2021,231,191,5,37,5,469,P1,40,82.6
Paschim Medinipur,615,WMed-615,86,Madrasa 86,2019,301,121,3,40,4,469,P1,180,77.0
Paschim Medinipur,615,WMed-615,86,Madrasa 86,2021,270,150,4,38,4,466,P1,120,76.5
Paschim Medinipur,615,WMed-615,87,Community Hall 87,2019,189,193,10,73,4,469,P2,4,74.2
Paschim Medinipur,615,WMed-615,87,Community Hall 87,2021,303,141,6,48,6,504,P1,162,79.7
Paschim Medinipur,615,WMed-615,88,Primary School 88,2019,301,174,6,67,6,554,P1,127,77.7
Paschim Medinipur,615,WMed-615,88,Primary School 88,2021,330,156,4,109,6,605,P1,174,84.9
Paschim Medinipur,615,WMed-615,89,Panchayat Bhavan 89,2019,328,187,6,45,6,572,P1,141,77.0
Paschim Medinipur,615,WMed-615,89,Panchayat Bhavan 89,2021,345,174,6,54,5,584,P1,171,78.6
Paschim Medinipur,615,WMed-615,90,Health Sub-Centre 90,2019,299,226,2,50,6,583,P1,73,79.2
Paschim Medinipur,615,WMed-615,90,Health Sub-Centre 90,2021,377,180,4,52,6,619,P1,197,84.1
Paschim Medinipur,615,WMed-615,91,High School 91,2019,191,225,5,37,4,462,P2,34,76.1
Paschim Medinipur,615,WMed-615,91,High School 91,2021,279,166,5,47,5,502,P1,113,82.7
Paschim Medinipur,615,WMed-615,92,Post Office 92,2019,201,126,3,75,3,408,P1,75,81.9
Paschim Medinipur,615,WMed-615,92,Post Office 92,2021,241,112,3,54,4,414,P1,129,83.1
Paschim Medinipur,615,WMed-615,93,Primary School 93,2019,277,90,2,34,5,408,P1,187,76.4
Paschim Medinipur,615,WMed-615,93,Primary School 93,2021,286,89,4,41,4,424,P1,197,79.4
Paschim Medinipur,615,WMed-615,94,Temple Hall 94,2019,211,141,4,73,4,433,P1,70,76.2
Paschim Medinipur,615,WMed-615,94,Temple Hall 94,2021,271,135,6,61,5,478,P1,136,84.2
Paschim Medinipur,615,WMed-615,95,Club Building 95,2019,278,168,6,39,5,496,P1,110,79.0
Paschim Medinipur,615,WMed-615,95,Club Building 95,2021,299,145,3,42,4,493,P1,154,78.5
Paschim Medinipur,615,WMed-615,96,Health Sub-Centre 96,2019,356,172,5,48,6,587,P1,184,80.5
Paschim Medinipur,615,WMed-615,96,Health Sub-Centre 96,2021,332,208,6,48,6,600,P1,124,82.3
Paschim Medinipur,615,WMed-615,97,Temple Hall 97,2019,203,117,4,57,4,385,P1,86,80.2
Paschim Medinipur,615,WMed-615,97,Temple Hall 97,2021,203,146,2,33,4,388,P1,57,80.8
Paschim Medinipur,615,WMed-615,98,Primary School 98,2019,227,150,5,48,4,434,P1,77,76.5
Paschim Medinipur,615,WMed-615,98,Primary School 98,2021,280,100,4,34,4,422,P1,180,74.4
Paschim Medinipur,615,WMed-615,99,Primary School 99,2019,232,182,4,37,5,460,P1,50,76.4
Paschim Medinipur,615,WMed-615,99,Primary School 99,2021,321,132,4,42,4,503,P1,189,83.6
Paschim Medinipur,615,WMed-615,100,Madrasa 100,2019,235,94,3,30,3,365,P1,141,73.9
Paschim Medinipur,615,WMed-615,100,Madrasa 100,2021,237,128,3,47,5,420,P1,109,85.0
Paschim Medinipur,615,WMed-615,101,Club Building 101,2019,277,155,5,38,4,479,P1,122,74.5
Paschim Medinipur,615,WMed-615,101,Club Building 101,2021,292,143,8,99,5,547,P1,149,85.1
Paschim Medinipur,615,WMed-615,102,Govt Office 102,2019,238,130,8,90,5,471,P1,108,77.5
Paschim Medinipur,615,WMed-615,102,Govt Office 102,2021,294,148,3,44,5,494,P1,146,81.2
Paschim Medinipur,615,WMed-615,103,Govt Office 103,2019,309,166,6,41,6,528,P1,143,82.8
Paschim Medinipur,615,WMed-615,103,Govt Office 103,2021,242,169,5,51,5,472,P1,73,74.0
Paschim Medinipur,615,WMed-615,104,Post Office 104,2019,305,184,8,78,5,580,P1,121,78.8
Paschim Medinipur,615,WMed-615,104,Post Office 104,2021,306,205,6,45,6,568,P1,101,77.2
Paschim Medinipur,615,WMed-615,105,Govt Office 105,2019,212,153,3,58,3,429,P1,59,83.1
Paschim Medinipur,615,WMed-615,105,Govt Office 105,2021,257,93,1,38,4,393,P1,164,76.2
Paschim Medinipur,615,WMed-615,106,Post Office 106,2019,278,162,4,57,5,506,P1,116,84.6
Paschim Medinipur,615,WMed-615,106,Post Office 106,2021,232,88,7,123,5,455,P1,109,76.1
Paschim Medinipur,615,WMed-615,107,Community Hall 107,2019,358,198,3,52,6,617,P1,160,82.8
Paschim Medinipur,615,WMed-615,107,Community Hall 107,2021,374,160,6,87,6,633,P1,214,85.0
Paschim Medinipur,615,WMed-615,108,Health Sub-Centre 108,2019,365,179,3,52,6,605,P1,186,82.5
Paschim Medinipur,615,WMed-615,108,Health Sub-Centre 108,2021,368,171,6,48,6,599,P1,197,81.7
Paschim Medinipur,615,WMed-615,109,Health Sub-Centre 109,2019,254,91,25,182,5,557,P1,72,77.1
Paschim Medinipur,615,WMed-615,109,Health Sub-Centre 109,2021,293,196,6,101,6,602,P1,97,83.4
Paschim Medinipur,615,WMed-615,110,Market Building 110,2019,231,110,3,32,3,379,P1,121,77.7
Paschim Medinipur,615,WMed-615,110,Market Building 110,2021,218,107,3,30,3,361,P1,111,74.0
Paschim Medinipur,615,WMed-615,111,Anganwadi Centre 111,2019,339,188,4,60,6,597,P1,151,83.1
Paschim Medinipur,615,WMed-615,111,Anganwadi Centre 111,2021,384,156,4,50,5,599,P1,228,83.4
Paschim Medinipur,615,WMed-615,112,Club Building 112,2019,318,121,2,42,5,488,P1,197,84.1
Paschim Medinipur,615,WMed-615,112,Club Building 112,2021,287,142,2,41,5,477,P1,145,82.2
Paschim Medinipur,615,WMed-615,113,Primary School 113,2019,228,130,4,32,4,398,P1,98,77.7
Paschim Medinipur,615,WMed-615,113,Primary School 113,2021,237,124,3,56,4,424,P1,113,82.8
Paschim Medinipur,615,WMed-615,114,Primary School 114,2019,254,129,6,50,4,443,P1,125,77.9
Paschim Medinipur,615,WMed-615,114,Primary School 114,2021,263,121,3,36,3,426,P1,142,74.9
Paschim Medinipur,615,WMed-615,115,Market Building 115,2019,336,101,4,40,4,485,P1,235,74.0
Paschim Medinipur,615,WMed-615,115,Market Building 115,2021,313,141,4,41,6,505,P1,172,77.1
Paschim Medinipur,615,WMed-615,116,Community Hall 116,2019,282,112,8,76,4,482,P1,170,74.2
Paschim Medinipur,615,WMed-615,116,Community Hall 116,2021,285,176,6,40,6,513,P1,109,78.9
Paschim Medinipur,615,WMed-615,117,Madrasa 117,2019,344,95,6,38,5,488,P1,249,82.3
Paschim Medinipur,615,WMed-615,117,Madrasa 117,2021,290,138,2,41,4,475,P1,152,80.1
Paschim Medinipur,615,WMed-615,118,Market Building 118,2019,319,189,12,95,6,621,P1,130,83.6
Paschim Medinipur,615,WMed-615,118,Market Building 118,2021,423,86,6,45,5,565,P1,337,76.0
Paschim Medinipur,615,WMed-615,119,Anganwadi Centre 119,2019,280,144,4,39,4,471,P1,136,79.2
Paschim Medinipur,615,WMed-615,119,Anganwadi Centre 119,2021,262,114,11,104,5,496,P1,148,83.4
Paschim Medinipur,615,WMed-615,120,Community Hall 120,2019,367,231,7,53,6,664,P1,136,83.2
Paschim Medinipur,615,WMed-615,120,Community Hall 120,2021,422,163,3,55,7,650,P1,259,81.5
Paschim Medinipur,615,WMed-615,121,Temple Hall 121,2019,407,98,6,45,6,562,P1,309,80.6
Paschim Medinipur,615,WMed-615,121,Temple Hall 121,2021,257,220,5,79,5,566,P1,37,81.2
Paschim Medinipur,615,WMed-615,122,Madrasa 122,2019,279,110,7,107,5,508,P1,169,84.0
Paschim Medinipur,615,WMed-615,122,Madrasa 122,2021,251,149,7,58,5,470,P1,102,77.7
Paschim Medinipur,615,WMed-615,123,Madrasa 123,2019,298,154,12,121,6,591,P1,144,83.8
Paschim Medinipur,615,WMed-615,123,Madrasa 123,2021,276,167,5,94,6,548,P1,109,77.7
Paschim Medinipur,615,WMed-615,124,Club Building 124,2019,336,274,3,58,7,678,P1,62,84.1
Paschim Medinipur,615,WMed-615,124,Club Building 124,2021,348,144,11,146,6,655,P1,202,81.3
Paschim Medinipur,615,WMed-615,125,Market Building 125,2019,326,137,4,42,5,514,P1,189,77.8
Paschim Medinipur,615,WMed-615,125,Market Building 125,2021,278,184,4,44,6,516,P1,94,78.1
Paschim Medinipur,615,WMed-615,126,Panchayat Bhavan 126,2019,314,188,6,44,6,558,P1,126,80.4
Paschim Medinipur,615,WMed-615,126,Panchayat Bhavan 126,2021,280,171,9,63,5,528,P1,109,76.1
Paschim Medinipur,615,WMed-615,127,Market Building 127,2019,360,173,3,51,5,592,P1,187,75.5
Paschim Medinipur,615,WMed-615,127,Market Building 127,2021,375,186,3,67,7,638,P1,189,81.4
Paschim Medinipur,615,WMed-615,128,Madrasa 128,2019,243,113,4,65,4,429,P1,130,83.5
Paschim Medinipur,615,WMed-615,128,Madrasa 128,2021,180,100,10,87,4,381,P1,80,74.1
Paschim Medinipur,615,WMed-615,129,Madrasa 129,2019,316,170,10,88,6,590,P1,146,82.6
Paschim Medinipur,615,WMed-615,129,Madrasa 129,2021,281,171,9,132,5,598,P1,110,83.8
Paschim Medinipur,615,WMed-615,130,Anganwadi Centre 130,2019,404,199,3,57,7,670,P1,205,82.7
Paschim Medinipur,615,WMed-615,130,Anganwadi Centre 130,2021,394,226,4,58,7,689,P1,168,85.1
Paschim Medinipur,615,WMed-615,131,Primary School 131,2019,364,184,7,48,6,609,P1,180,81.7
Paschim Medinipur,615,WMed-615,131,Primary School 131,2021,300,171,11,81,5,568,P1,129,76.2
Paschim Medinipur,615,WMed-615,132,Primary School 132,2019,341,206,4,51,6,608,P1,135,75.7
Paschim Medinipur,615,WMed-615,132,Primary School 132,2021,302,226,3,70,6,607,P1,76,75.6
Paschim Medinipur,615,WMed-615,133,Panchayat Bhavan 133,2019,227,148,4,38,4,421,P1,79,80.3
Paschim Medinipur,615,WMed-615,133,Panchayat Bhavan 133,2021,235,147,4,48,5,439,P1,88,83.8
Paschim Medinipur,615,WMed-615,134,Anganwadi Centre 134,2019,326,274,5,54,7,666,P1,52,85.2
Paschim Medinipur,615,WMed-615,134,Anganwadi Centre 134,2021,253,214,14,149,7,637,P1,39,81.5
Paschim Medinipur,615,WMed-615,135,High School 135,2019,293,221,7,56,6,583,P1,72,78.3
Paschim Medinipur,615,WMed-615,135,High School 135,2021,261,244,13,108,7,633,P1,17,85.0
Paschim Medinipur,615,WMed-615,136,Panchayat Bhavan 136,2019,295,176,5,55,6,537,P1,119,80.3
Paschim Medinipur,615,WMed-615,136,Panchayat Bhavan 136,2021,370,113,4,45,4,536,P1,257,80.1
Paschim Medinipur,615,WMed-615,137,Primary School 137,2019,262,162,1,41,5,471,P1,100,74.3
Paschim Medinipur,615,WMed-615,137,Primary School 137,2021,226,106,15,120,5,472,P1,106,74.4
Paschim Medinipur,615,WMed-615,138,Community Hall 138,2019,220,120,2,32,4,378,P1,100,78.8
Paschim Medinipur,615,WMed-615,138,Community Hall 138,2021,233,109,3,37,5,387,P1,124,80.6
Paschim Medinipur,615,WMed-615,139,Primary School 139,2019,277,158,11,86,5,537,P1,119,76.2
Paschim Medinipur,615,WMed-615,139,Primary School 139,2021,338,143,5,43,6,535,P1,195,75.9
Paschim Medinipur,615,WMed-615,140,Govt Office 140,2019,304,83,5,34,4,430,P1,221,82.5
Paschim Medinipur,615,WMed-615,140,Govt Office 140,2021,215,93,10,76,3,397,P1,122,76.2
Paschim Medinipur,615,WMed-615,141,Anganwadi Centre 141,2019,198,109,6,97,5,415,P1,89,77.0
Paschim Medinipur,615,WMed-615,141,Anganwadi Centre 141,2021,267,135,2,38,4,446,P1,132,82.7
Paschim Medinipur,615,WMed-615,142,Primary School 142,2019,339,231,10,65,6,651,P1,108,84.9
Paschim Medinipur,615,WMed-615,142,Primary School 142,2021,381,151,10,97,7,646,P1,230,84.2
Paschim Medinipur,615,WMed-615,143,Temple Hall 143,2019,375,132,4,46,6,563,P1,243,83.9
Paschim Medinipur,615,WMed-615,143,Temple Hall 143,2021,316,137,4,41,5,503,P1,179,75.0
Paschim Medinipur,615,WMed-615,144,Post Office 144,2019,316,121,4,39,5,485,P1,195,75.3
Paschim Medinipur,615,WMed-615,144,Post Office 144,2021,257,134,6,88,5,490,P1,123,76.1
Paschim Medinipur,615,WMed-615,145,Panchayat Bhavan 145,2019,272,193,2,45,4,516,P1,79,81.4
Paschim Medinipur,615,WMed-615,145,Panchayat Bhavan 145,2021,204,159,9,94,5,471,P1,45,74.3
Paschim Medinipur,615,WMed-615,146,Market Building 146,2019,196,148,14,106,4,468,P1,48,84.8
Paschim Medinipur,615,WMed-615,146,Market Building 146,2021,303,93,7,62,5,470,P1,210,85.1
Paschim Medinipur,615,WMed-615,147,Anganwadi Centre 147,2019,208,125,3,31,4,371,P1,83,74.2
Paschim Medinipur,615,WMed-615,147,Anganwadi Centre 147,2021,213,121,7,55,4,400,P1,92,80.0
Paschim Medinipur,615,WMed-615,148,Govt Office 148,2019,281,111,4,35,4,435,P1,170,77.5
Paschim Medinipur,615,WMed-615,148,Govt Office 148,2021,190,140,7,103,4,444,P1,50,79.1
Paschim Medinipur,615,WMed-615,149,Madrasa 149,2019,318,179,2,47,6,552,P1,139,73.9
Paschim Medinipur,615,WMed-615,149,Madrasa 149,2021,413,137,5,50,6,611,P1,276,81.8
Paschim Medinipur,615,WMed-615,150,Govt Office 150,2019,317,158,12,86,6,579,P1,159,78.5
Paschim Medinipur,615,WMed-615,150,Govt Office 150,2021,367,136,5,46,5,559,P1,231,75.7
Paschim Medinipur,615,WMed-615,151,Panchayat Bhavan 151,2019,344,122,8,85,5,564,P1,222,75.6
Paschim Medinipur,615,WMed-615,151,Panchayat Bhavan 151,2021,370,147,6,46,5,574,P1,223,76.9
Paschim Medinipur,615,WMed-615,152,Madrasa 152,2019,204,195,4,80,5,488,P1,9,79.5
Paschim Medinipur,615,WMed-615,152,Madrasa 152,2021,254,155,5,65,4,483,P1,99,78.7
Paschim Medinipur,615,WMed-615,153,Anganwadi Centre 153,2019,374,59,3,40,5,481,P1,315,77.5
Paschim Medinipur,615,WMed-615,153,Anganwadi Centre 153,2021,318,134,2,43,6,503,P1,184,81.0
Paschim Medinipur,615,WMed-615,154,Govt Office 154,2019,271,180,3,42,5,501,P1,91,76.5
Paschim Medinipur,615,WMed-615,154,Govt Office 154,2021,306,171,6,41,7,531,P1,135,81.1
Paschim Medinipur,615,WMed-615,155,Club Building 155,2019,355,161,4,48,5,573,P1,194,84.8
Paschim Medinipur,615,WMed-615,155,Club Building 155,2021,327,136,2,44,5,514,P1,191,76.0
Paschim Medinipur,615,WMed-615,156,Panchayat Bhavan 156,2019,245,124,12,123,5,509,P1,121,84.8
Paschim Medinipur,615,WMed-615,156,Panchayat Bhavan 156,2021,322,87,4,37,4,454,P1,235,75.7
Paschim Medinipur,615,WMed-615,157,Health Sub-Centre 157,2019,263,98,19,174,6,560,P1,89,84.1
Paschim Medinipur,615,WMed-615,157,Health Sub-Centre 157,2021,273,179,5,40,5,502,P1,94,75.4
Paschim Medinipur,615,WMed-615,158,Health Sub-Centre 158,2019,380,144,6,55,6,591,P1,236,76.7
Paschim Medinipur,615,WMed-615,158,Health Sub-Centre 158,2021,346,193,4,93,6,642,P1,153,83.3
Paschim Medinipur,615,WMed-615,159,Panchayat Bhavan 159,2019,355,210,5,52,6,628,P1,145,84.3
Paschim Medinipur,615,WMed-615,159,Panchayat Bhavan 159,2021,329,233,4,52,6,624,P1,96,83.8
Paschim Medinipur,615,WMed-615,160,Health Sub-Centre 160,2019,226,167,6,47,5,451,P1,59,77.4
Paschim Medinipur,615,WMed-615,160,Health Sub-Centre 160,2021,233,146,3,52,5,439,P1,87,75.3
Paschim Medinipur,615,WMed-615,161,Anganwadi Centre 161,2019,269,145,2,40,4,460,P1,124,84.1
Paschim Medinipur,615,WMed-615,161,Anganwadi Centre 161,2021,261,107,3,34,4,409,P1,154,74.8
Paschim Medinipur,615,WMed-615,162,Market Building 162,2019,283,159,11,98,6,557,P1,124,81.8
Paschim Medinipur,615,WMed-615,162,Market Building 162,2021,264,206,5,96,5,576,P1,58,84.6
Paschim Medinipur,615,WMed-615,163,High School 163,2019,278,143,16,128,6,571,P1,135,74.3
Paschim Medinipur,615,WMed-615,163,High School 163,2021,369,168,6,48,6,597,P1,201,77.7
Paschim Medinipur,615,WMed-615,164,Market Building 164,2019,390,132,5,47,6,580,P1,258,81.3
Paschim Medinipur,615,WMed-615,164,Market Building 164,2021,356,112,4,85,5,562,P1,244,78.8
Paschim Medinipur,615,WMed-615,165,Madrasa 165,2019,282,138,6,81,5,512,P1,144,77.9
Paschim Medinipur,615,WMed-615,165,Madrasa 165,2021,313,186,4,46,6,555,P1,127,84.5
Paschim Medinipur,615,WMed-615,166,Panchayat Bhavan 166,2019,455,133,6,53,6,653,P1,322,81.9
Paschim Medinipur,615,WMed-615,166,Panchayat Bhavan 166,2021,354,218,5,52,7,636,P1,136,79.8
Paschim Medinipur,615,WMed-615,167,Post Office 167,2019,377,161,7,47,6,598,P1,216,76.9
Paschim Medinipur,615,WMed-615,167,Post Office 167,2021,312,190,9,68,5,584,P1,122,75.1
Paschim Medinipur,615,WMed-615,168,Anganwadi Centre 168,2019,352,190,12,105,7,666,P1,162,85.1
Paschim Medinipur,615,WMed-615,168,Anganwadi Centre 168,2021,393,117,4,90,7,611,P1,276,78.0
Paschim Medinipur,615,WMed-615,169,Health Sub-Centre 169,2019,219,111,2,31,4,367,P1,108,74.6
Paschim Medinipur,615,WMed-615,169,Health Sub-Centre 169,2021,212,136,2,33,3,386,P1,76,78.5
Paschim Medinipur,615,WMed-615,170,Club Building 170,2019,252,156,5,36,5,454,P1,96,79.4
Paschim Medinipur,615,WMed-615,170,Club Building 170,2021,277,159,4,40,5,485,P1,118,84.8
Paschim Medinipur,615,WMed-615,171,Madrasa 171,2019,284,167,7,114,6,578,P1,117,79.4
Paschim Medinipur,615,WMed-615,171,Madrasa 171,2021,286,188,3,70,5,552,P1,98,75.8
Paschim Medinipur,615,WMed-615,172,Post Office 172,2019,301,199,5,45,5,555,P1,102,79.5
Paschim Medinipur,615,WMed-615,172,Post Office 172,2021,276,167,8,66,6,523,P1,109,74.9
Paschim Medinipur,615,WMed-615,173,Madrasa 173,2019,274,180,2,43,6,505,P1,94,77.5
Paschim Medinipur,615,WMed-615,173,Madrasa 173,2021,326,147,2,50,6,531,P1,179,81.4
Paschim Medinipur,615,WMed-615,174,Madrasa 174,2019,259,90,3,32,4,388,P1,169,74.2
Paschim Medinipur,615,WMed-615,174,Madrasa 174,2021,222,168,2,42,5,439,P1,54,83.9
Paschim Medinipur,615,WMed-615,175,Anganwadi Centre 175,2019,225,162,5,63,4,459,P1,63,83.9
Paschim Medinipur,615,WMed-615,175,Anganwadi Centre 175,2021,231,147,4,34,3,419,P1,84,76.6
Paschim Medinipur,615,WMed-615,176,Madrasa 176,2019,258,118,3,34,5,418,P1,140,85.3
Paschim Medinipur,615,WMed-615,176,Madrasa 176,2021,268,86,4,32,4,394,P1,182,80.4
Paschim Medinipur,615,WMed-615,177,Health Sub-Centre 177,2019,347,190,5,89,7,638,P1,157,83.3
Paschim Medinipur,615,WMed-615,177,Health Sub-Centre 177,2021,328,196,2,50,6,582,P1,132,76.0
Paschim Medinipur,615,WMed-615,178,Madrasa 178,2019,281,99,3,35,4,422,P1,182,76.0
Paschim Medinipur,615,WMed-615,178,Madrasa 178,2021,247,137,4,34,5,427,P1,110,76.9
Paschim Medinipur,615,WMed-615,179,Health Sub-Centre 179,2019,225,109,7,76,5,422,P1,116,83.4
Paschim Medinipur,615,WMed-615,179,Health Sub-Centre 179,2021,209,100,5,61,4,379,P1,109,74.9
Paschim Medinipur,615,WMed-615,180,High School 180,2019,330,148,3,44,6,531,P1,182,80.3
Paschim Medinipur,615,WMed-615,180,High School 180,2021,294,163,4,82,6,549,P1,131,83.1
Paschim Medinipur,615,WMed-615,181,Primary School 181,2019,209,112,7,70,4,402,P1,97,75.6
Paschim Medinipur,615,WMed-615,181,Primary School 181,2021,297,98,2,37,5,439,P1,199,82.5
Paschim Medinipur,615,WMed-615,182,Govt Office 182,2019,192,95,10,72,4,373,P1,97,75.2
Paschim Medinipur,615,WMed-615,182,Govt Office 182,2021,243,107,2,64,5,421,P1,136,84.9
Paschim Medinipur,615,WMed-615,183,Health Sub-Centre 183,2019,326,187,5,46,6,570,P1,139,84.9
Paschim Medinipur,615,WMed-615,183,Health Sub-Centre 183,2021,303,164,4,71,5,547,P1,139,81.5
Paschim Medinipur,615,WMed-615,184,Community Hall 184,2019,273,203,4,43,6,529,P1,70,81.6
Paschim Medinipur,615,WMed-615,184,Community Hall 184,2021,283,154,4,52,5,498,P1,129,76.9
Paschim Medinipur,615,WMed-615,185,High School 185,2019,330,140,5,42,5,522,P1,190,85.0
Paschim Medinipur,615,WMed-615,185,High School 185,2021,302,129,2,41,4,478,P1,173,77.9
Paschim Medinipur,615,WMed-615,186,Health Sub-Centre 186,2019,230,174,5,35,5,449,P1,56,74.5
Paschim Medinipur,615,WMed-615,186,Health Sub-Centre 186,2021,277,139,5,36,5,462,P1,138,76.6
Paschim Medinipur,615,WMed-615,187,Panchayat Bhavan 187,2019,384,188,7,50,6,635,P1,196,78.1
Paschim Medinipur,615,WMed-615,187,Panchayat Bhavan 187,2021,409,159,3,54,6,631,P1,250,77.6
Paschim Medinipur,615,WMed-615,188,Market Building 188,2019,276,258,5,73,6,618,P1,18,75.6
Paschim Medinipur,615,WMed-615,188,Market Building 188,2021,398,150,5,50,6,609,P1,248,74.4
Paschim Medinipur,615,WMed-615,189,Club Building 189,2019,258,156,7,66,5,492,P1,102,75.3
Paschim Medinipur,615,WMed-615,189,Club Building 189,2021,243,200,8,56,5,512,P1,43,78.4
Paschim Medinipur,615,WMed-615,190,Club Building 190,2019,212,167,23,177,6,585,P1,35,78.2
Paschim Medinipur,615,WMed-615,190,Club Building 190,2021,372,166,7,73,5,623,P1,206,83.3
Paschim Medinipur,615,WMed-615,191,Madrasa 191,2019,267,125,2,37,4,435,P1,142,78.2
Paschim Medinipur,615,WMed-615,191,Madrasa 191,2021,206,161,2,55,4,428,P1,45,77.0
Paschim Medinipur,615,WMed-615,192,Govt Office 192,2019,339,131,5,42,5,522,P1,208,79.8
Paschim Medinipur,615,WMed-615,192,Govt Office 192,2021,265,140,10,128,5,548,P1,125,83.8
Paschim Medinipur,615,WMed-615,193,Panchayat Bhavan 193,2019,324,143,2,45,5,519,P1,181,82.5
Paschim Medinipur,615,WMed-615,193,Panchayat Bhavan 193,2021,232,145,11,91,5,484,P1,87,76.9
Paschim Medinipur,615,WMed-615,194,Anganwadi Centre 194,2019,283,89,4,33,5,414,P1,194,76.0
Paschim Medinipur,615,WMed-615,194,Anganwadi Centre 194,2021,241,117,6,55,4,423,P1,124,77.6
Paschim Medinipur,615,WMed-615,195,Post Office 195,2019,280,209,4,48,6,547,P1,71,81.0
Paschim Medinipur,615,WMed-615,195,Post Office 195,2021,289,161,6,46,4,506,P1,128,75.0
Paschim Medinipur,615,WMed-615,196,Market Building 196,2019,226,97,4,28,4,359,P1,129,74.3
Paschim Medinipur,615,WMed-615,196,Market Building 196,2021,191,132,2,53,5,383,P1,59,79.3
Paschim Medinipur,615,WMed-615,197,Panchayat Bhavan 197,2019,292,135,4,38,5,474,P1,157,76.2
Paschim Medinipur,615,WMed-615,197,Panchayat Bhavan 197,2021,243,155,5,74,4,481,P1,88,77.3
Paschim Medinipur,615,WMed-615,198,Club Building 198,2019,270,141,4,37,5,457,P1,129,82.5
Paschim Medinipur,615,WMed-615,198,Club Building 198,2021,196,157,3,72,5,433,P1,39,78.2
Paschim Medinipur,615,WMed-615,199,Temple Hall 199,2019,268,171,4,75,6,524,P1,97,79.0
Paschim Medinipur,615,WMed-615,199,Temple Hall 199,2021,276,216,5,47,6,550,P1,60,83.0
Paschim Medinipur,615,WMed-615,200,Community Hall 200,2019,275,176,2,43,5,501,P1,99,82.4
Paschim Medinipur,615,WMed-615,200,Community Hall 200,2021,244,138,10,85,5,482,P1,106,79.3
Paschim Medinipur,615,WMed-615,201,High School 201,2019,276,147,3,41,4,471,P1,129,81.6
Paschim Medinipur,615,WMed-615,201,High School 201,2021,241,160,4,36,4,445,P1,81,77.1
Paschim Medinipur,615,WMed-615,202,Madrasa 202,2019,332,221,6,49,7,615,P1,111,79.8
Paschim Medinipur,615,WMed-615,202,Madrasa 202,2021,306,248,2,53,7,616,P1,58,79.9
Paschim Medinipur,615,WMed-615,203,Govt Office 203,2019,378,167,2,52,6,605,P1,211,82.4
Paschim Medinipur,615,WMed-615,203,Govt Office 203,2021,303,146,4,96,6,555,P1,157,75.6
Paschim Medinipur,615,WMed-615,204,Health Sub-Centre 204,2019,304,101,4,36,5,450,P1,203,84.0
Paschim Medinipur,615,WMed-615,204,Health Sub-Centre 204,2021,262,103,2,34,5,406,P1,159,75.7
Paschim Medinipur,615,WMed-615,205,Post Office 205,2019,281,261,6,85,6,639,P1,20,83.6
Paschim Medinipur,615,WMed-615,205,Post Office 205,2021,321,216,11,85,6,639,P1,105,83.6
Paschim Medinipur,615,WMed-615,206,Temple Hall 206,2019,325,167,2,67,6,567,P1,158,82.2
Paschim Medinipur,615,WMed-615,206,Temple Hall 206,2021,320,183,4,50,6,563,P1,137,81.6
Paschim Medinipur,615,WMed-615,207,Health Sub-Centre 207,2019,269,150,5,57,6,487,P1,119,74.1
Paschim Medinipur,615,WMed-615,207,Health Sub-Centre 207,2021,230,157,6,123,5,521,P1,73,79.3
Paschim Medinipur,615,WMed-615,208,Govt Office 208,2019,287,177,3,43,5,515,P1,110,84.0
Paschim Medinipur,615,WMed-615,208,Govt Office 208,2021,328,113,6,38,5,490,P1,215,79.9
Paschim Medinipur,615,WMed-615,209,Anganwadi Centre 209,2019,244,145,4,35,4,432,P1,99,75.5
Paschim Medinipur,615,WMed-615,209,Anganwadi Centre 209,2021,266,162,1,41,5,475,P1,104,83.0
Paschim Medinipur,615,WMed-615,210,Post Office 210,2019,320,156,3,63,6,548,P1,164,75.1
Paschim Medinipur,615,WMed-615,210,Post Office 210,2021,359,163,3,49,6,580,P1,196,79.5
Paschim Medinipur,615,WMed-615,211,Anganwadi Centre 211,2019,294,107,6,42,5,454,P1,187,74.4
Paschim Medinipur,615,WMed-615,211,Anganwadi Centre 211,2021,265,175,4,41,5,490,P1,90,80.3
Paschim Medinipur,615,WMed-615,212,Panchayat Bhavan 212,2019,338,201,6,48,6,599,P1,137,83.8
Paschim Medinipur,615,WMed-615,212,Panchayat Bhavan 212,2021,327,152,4,102,6,591,P1,175,82.7
Paschim Medinipur,615,WMed-615,213,Madrasa 213,2019,224,109,5,46,4,388,P1,115,79.8
Paschim Medinipur,615,WMed-615,213,Madrasa 213,2021,183,120,8,66,5,382,P1,63,78.6
Paschim Medinipur,615,WMed-615,214,Primary School 214,2019,225,134,5,45,4,413,P1,91,76.3
Paschim Medinipur,615,WMed-615,214,Primary School 214,2021,279,130,3,38,4,454,P1,149,83.9
Paschim Medinipur,615,WMed-615,215,Primary School 215,2019,310,174,3,46,5,538,P1,136,81.5
Paschim Medinipur,615,WMed-615,215,Primary School 215,2021,221,143,10,113,5,492,P1,78,74.5
Paschim Medinipur,616,WMed-616,1,Community Hall 1,2019,359,178,3,50,6,596,P1,181,80.4
Paschim Medinipur,616,WMed-616,1,Community Hall 1,2021,321,159,8,111,6,605,P1,162,81.6
Paschim Medinipur,616,WMed-616,2,High School 2,2019,293,136,2,41,5,477,P1,157,82.4
Paschim Medinipur,616,WMed-616,2,High School 2,2021,339,87,4,38,5,473,P1,252,81.7
Paschim Medinipur,616,WMed-616,3,Primary School 3,2019,250,123,5,32,4,414,P1,127,84.3
Paschim Medinipur,616,WMed-616,3,Primary School 3,2021,221,138,4,32,4,399,P1,83,81.3
Paschim Medinipur,616,WMed-616,4,Club Building 4,2019,229,125,4,70,4,432,P1,104,80.0
Paschim Medinipur,616,WMed-616,4,Club Building 4,2021,304,70,2,36,4,416,P1,234,77.0
Paschim Medinipur,616,WMed-616,5,Anganwadi Centre 5,2019,301,119,5,36,5,466,P1,182,81.2
Paschim Medinipur,616,WMed-616,5,Anganwadi Centre 5,2021,268,142,3,57,4,474,P1,126,82.6
Paschim Medinipur,616,WMed-616,6,Anganwadi Centre 6,2019,263,111,3,35,3,415,P1,152,81.1
Paschim Medinipur,616,WMed-616,6,Anganwadi Centre 6,2021,225,140,2,35,3,405,P1,85,79.1
Paschim Medinipur,616,WMed-616,7,Madrasa 7,2019,221,130,5,42,5,403,P1,91,75.9
Paschim Medinipur,616,WMed-616,7,Madrasa 7,2021,216,144,3,45,4,412,P1,72,77.6
Paschim Medinipur,616,WMed-616,8,Govt Office 8,2019,376,146,6,46,6,580,P1,230,79.3
Paschim Medinipur,616,WMed-616,8,Govt Office 8,2021,330,183,5,96,6,620,P1,147,84.8
Paschim Medinipur,616,WMed-616,9,Community Hall 9,2019,233,104,4,30,3,374,P1,129,76.2
Paschim Medinipur,616,WMed-616,9,Community Hall 9,2021,226,110,4,30,3,373,P1,116,76.0
Paschim Medinipur,616,WMed-616,10,Temple Hall 10,2019,323,121,5,39,5,493,P1,202,74.4
Paschim Medinipur,616,WMed-616,10,Temple Hall 10,2021,275,148,3,73,4,503,P1,127,75.9
Paschim Medinipur,616,WMed-616,11,Club Building 11,2019,209,109,2,39,4,363,P1,100,74.2
Paschim Medinipur,616,WMed-616,11,Club Building 11,2021,251,75,3,30,3,362,P1,176,74.0
Paschim Medinipur,616,WMed-616,12,Post Office 12,2019,272,146,5,104,5,532,P1,126,77.6
Paschim Medinipur,616,WMed-616,12,Post Office 12,2021,337,162,5,45,5,554,P1,175,80.8
Paschim Medinipur,616,WMed-616,13,Post Office 13,2019,246,138,3,36,4,427,P1,108,78.6
Paschim Medinipur,616,WMed-616,13,Post Office 13,2021,257,146,3,37,4,447,P1,111,82.3
Paschim Medinipur,616,WMed-616,14,Post Office 14,2019,386,123,2,49,5,565,P1,263,78.5
Paschim Medinipur,616,WMed-616,14,Post Office 14,2021,388,108,2,47,6,551,P1,280,76.5
Paschim Medinipur,616,WMed-616,15,Community Hall 15,2019,337,149,4,45,5,540,P1,188,74.1
Paschim Medinipur,616,WMed-616,15,Community Hall 15,2021,304,152,9,143,5,613,P1,152,84.1
Paschim Medinipur,616,WMed-616,16,Market Building 16,2019,316,115,4,39,5,479,P1,201,78.4
Paschim Medinipur,616,WMed-616,16,Market Building 16,2021,341,115,5,41,4,506,P1,226,82.8
Paschim Medinipur,616,WMed-616,17,Market Building 17,2019,314,150,2,47,5,518,P1,164,76.9
Paschim Medinipur,616,WMed-616,17,Market Building 17,2021,393,87,3,45,5,533,P1,306,79.1
Paschim Medinipur,616,WMed-616,18,High School 18,2019,273,118,1,38,4,434,P1,155,77.0
Paschim Medinipur,616,WMed-616,18,High School 18,2021,297,121,1,40,6,465,P1,176,82.4
Paschim Medinipur,616,WMed-616,19,Primary School 19,2019,247,164,4,91,5,511,P1,83,82.2
Paschim Medinipur,616,WMed-616,19,Primary School 19,2021,263,176,3,41,5,488,P1,87,78.5
Paschim Medinipur,616,WMed-616,20,Club Building 20,2019,360,179,6,48,5,598,P1,181,83.1
Paschim Medinipur,616,WMed-616,20,Club Building 20,2021,336,108,19,142,6,611,P1,194,84.9
Paschim Medinipur,616,WMed-616,21,Primary School 21,2019,247,101,4,31,4,387,P1,146,75.3
Paschim Medinipur,616,WMed-616,21,Primary School 21,2021,306,65,4,33,5,413,P1,241,80.4
Paschim Medinipur,616,WMed-616,22,Community Hall 22,2019,291,188,2,46,5,532,P1,103,84.3
Paschim Medinipur,616,WMed-616,22,Community Hall 22,2021,289,132,3,52,5,481,P1,157,76.2
Paschim Medinipur,616,WMed-616,23,Panchayat Bhavan 23,2019,247,126,3,34,5,415,P1,121,76.4
Paschim Medinipur,616,WMed-616,23,Panchayat Bhavan 23,2021,280,110,6,60,4,460,P1,170,84.7
Paschim Medinipur,616,WMed-616,24,Panchayat Bhavan 24,2019,378,155,7,104,6,650,P1,223,84.6
Paschim Medinipur,616,WMed-616,24,Panchayat Bhavan 24,2021,345,175,5,47,6,578,P1,170,75.3
Paschim Medinipur,616,WMed-616,25,Community Hall 25,2019,199,138,4,81,4,426,P1,61,74.3
Paschim Medinipur,616,WMed-616,25,Community Hall 25,2021,208,120,5,125,5,463,P1,83,80.8
Paschim Medinipur,616,WMed-616,26,Govt Office 26,2019,254,164,10,141,6,575,P1,90,77.7
Paschim Medinipur,616,WMed-616,26,Govt Office 26,2021,290,154,10,127,6,587,P1,136,79.3
Paschim Medinipur,616,WMed-616,27,Community Hall 27,2019,279,166,6,90,6,547,P1,113,76.3
Paschim Medinipur,616,WMed-616,27,Community Hall 27,2021,301,104,8,157,6,576,P1,144,80.3
Paschim Medinipur,616,WMed-616,28,Community Hall 28,2019,346,193,5,49,6,599,P1,153,78.6
Paschim Medinipur,616,WMed-616,28,Community Hall 28,2021,300,219,2,50,6,577,P1,81,75.7
Paschim Medinipur,616,WMed-616,29,Community Hall 29,2019,292,176,12,81,6,567,P1,116,82.4
Paschim Medinipur,616,WMed-616,29,Community Hall 29,2021,321,177,3,47,5,553,P1,144,80.4
Paschim Medinipur,616,WMed-616,30,Primary School 30,2019,312,173,3,46,5,539,P1,139,83.2
Paschim Medinipur,616,WMed-616,30,Primary School 30,2021,273,149,3,49,5,479,P1,124,73.9
Paschim Medinipur,616,WMed-616,31,Community Hall 31,2019,290,179,5,44,4,522,P1,111,82.9
Paschim Medinipur,616,WMed-616,31,Community Hall 31,2021,313,159,4,44,4,524,P1,154,83.2
Paschim Medinipur,616,WMed-616,32,Anganwadi Centre 32,2019,287,188,4,54,5,538,P1,99,74.4
Paschim Medinipur,616,WMed-616,32,Anganwadi Centre 32,2021,366,147,5,46,6,570,P1,219,78.8
Paschim Medinipur,616,WMed-616,33,Community Hall 33,2019,351,132,5,96,6,590,P1,219,73.9
Paschim Medinipur,616,WMed-616,33,Community Hall 33,2021,316,120,7,182,7,632,P1,134,79.2
Paschim Medinipur,616,WMed-616,34,Anganwadi Centre 34,2019,331,211,2,71,7,622,P1,120,80.4
Paschim Medinipur,616,WMed-616,34,Anganwadi Centre 34,2021,347,147,4,96,6,600,P1,200,77.5
Paschim Medinipur,616,WMed-616,35,High School 35,2019,310,111,2,43,5,471,P1,199,74.5
Paschim Medinipur,616,WMed-616,35,High School 35,2021,234,107,13,131,4,489,P1,103,77.4
Paschim Medinipur,616,WMed-616,36,High School 36,2019,393,133,5,48,5,584,P1,260,77.4
Paschim Medinipur,616,WMed-616,36,High School 36,2021,350,178,6,47,6,587,P1,172,77.7
Paschim Medinipur,616,WMed-616,37,Govt Office 37,2019,304,116,5,37,5,467,P1,188,83.4
Paschim Medinipur,616,WMed-616,37,Govt Office 37,2021,287,117,3,38,4,449,P1,170,80.2
Paschim Medinipur,616,WMed-616,38,Health Sub-Centre 38,2019,208,101,7,65,3,384,P1,107,74.4
Paschim Medinipur,616,WMed-616,38,Health Sub-Centre 38,2021,266,95,3,33,4,401,P1,171,77.7
Paschim Medinipur,616,WMed-616,39,Madrasa 39,2019,394,168,6,50,6,624,P1,226,81.5
Paschim Medinipur,616,WMed-616,39,Madrasa 39,2021,260,152,7,146,5,570,P1,108,74.4
Paschim Medinipur,616,WMed-616,40,Anganwadi Centre 40,2019,340,125,5,41,6,517,P1,215,82.6
Paschim Medinipur,616,WMed-616,40,Anganwadi Centre 40,2021,255,137,9,118,5,524,P1,118,83.7
Paschim Medinipur,616,WMed-616,41,Primary School 41,2019,340,206,6,49,6,607,P1,134,74.7
Paschim Medinipur,616,WMed-616,41,Primary School 41,2021,397,206,6,55,6,670,P1,191,82.4
Paschim Medinipur,616,WMed-616,42,Temple Hall 42,2019,269,142,10,90,6,517,P1,127,81.2
Paschim Medinipur,616,WMed-616,42,Temple Hall 42,2021,288,140,5,80,6,519,P1,148,81.5
Paschim Medinipur,616,WMed-616,43,Anganwadi Centre 43,2019,392,135,5,48,6,586,P1,257,79.0
Paschim Medinipur,616,WMed-616,43,Anganwadi Centre 43,2021,337,184,3,70,6,600,P1,153,80.9
Paschim Medinipur,616,WMed-616,44,Health Sub-Centre 44,2019,227,110,10,84,5,436,P1,117,83.8
Paschim Medinipur,616,WMed-616,44,Health Sub-Centre 44,2021,219,120,3,51,4,397,P1,99,76.3
Paschim Medinipur,616,WMed-616,45,Govt Office 45,2019,249,122,1,36,5,413,P1,127,80.7
Paschim Medinipur,616,WMed-616,45,Govt Office 45,2021,235,135,1,36,4,411,P1,100,80.3
Paschim Medinipur,616,WMed-616,46,Madrasa 46,2019,401,117,3,48,7,576,P1,284,84.5
Paschim Medinipur,616,WMed-616,46,Madrasa 46,2021,376,136,3,48,6,569,P1,240,83.4
Paschim Medinipur,616,WMed-616,47,Post Office 47,2019,235,101,3,30,5,374,P1,134,77.3
Paschim Medinipur,616,WMed-616,47,Post Office 47,2021,212,121,4,29,5,371,P1,91,76.7
Paschim Medinipur,616,WMed-616,48,Madrasa 48,2019,339,148,3,46,5,541,P1,191,80.9
Paschim Medinipur,616,WMed-616,48,Madrasa 48,2021,249,128,9,108,5,499,P1,121,74.6
Paschim Medinipur,616,WMed-616,49,Madrasa 49,2019,283,117,2,38,5,445,P1,166,82.0
Paschim Medinipur,616,WMed-616,49,Madrasa 49,2021,272,132,3,37,4,448,P1,140,82.5
Paschim Medinipur,616,WMed-616,50,Anganwadi Centre 50,2019,255,131,2,36,5,429,P1,124,75.9
Paschim Medinipur,616,WMed-616,50,Anganwadi Centre 50,2021,256,134,5,57,4,456,P1,122,80.7
Paschim Medinipur,616,WMed-616,51,Madrasa 51,2019,210,163,2,35,5,415,P1,47,84.7
Paschim Medinipur,616,WMed-616,51,Madrasa 51,2021,199,106,3,59,4,371,P1,93,75.7
Paschim Medinipur,616,WMed-616,52,Post Office 52,2019,269,159,2,41,5,476,P1,110,77.3
Paschim Medinipur,616,WMed-616,52,Post Office 52,2021,290,141,5,38,5,479,P1,149,77.8
Paschim Medinipur,616,WMed-616,53,High School 53,2019,262,136,11,178,7,594,P1,84,77.1
Paschim Medinipur,616,WMed-616,53,High School 53,2021,372,181,7,52,6,618,P1,191,80.3
Paschim Medinipur,616,WMed-616,54,Club Building 54,2019,342,112,5,41,4,504,P1,230,78.8
Paschim Medinipur,616,WMed-616,54,Club Building 54,2021,272,165,2,55,5,499,P1,107,78.0
Paschim Medinipur,616,WMed-616,55,Club Building 55,2019,389,197,3,56,6,651,P1,192,84.9
Paschim Medinipur,616,WMed-616,55,Club Building 55,2021,390,178,7,50,6,631,P1,212,82.3
Paschim Medinipur,616,WMed-616,56,Community Hall 56,2019,198,171,19,172,6,566,P1,26,78.3
Paschim Medinipur,616,WMed-616,56,Community Hall 56,2021,339,158,5,45,5,552,P1,181,76.3
Paschim Medinipur,616,WMed-616,57,Community Hall 57,2019,245,149,3,36,5,438,P1,96,75.1
Paschim Medinipur,616,WMed-616,57,Community Hall 57,2021,234,142,11,86,6,479,P1,92,82.2
Paschim Medinipur,616,WMed-616,58,Panchayat Bhavan 58,2019,275,236,6,79,6,602,P1,39,78.5
Paschim Medinipur,616,WMed-616,58,Panchayat Bhavan 58,2021,347,166,12,109,6,640,P1,181,83.4
Paschim Medinipur,616,WMed-616,59,Temple Hall 59,2019,346,146,3,46,6,547,P1,200,77.3
Paschim Medinipur,616,WMed-616,59,Temple Hall 59,2021,329,117,10,86,6,548,P1,212,77.4
Paschim Medinipur,616,WMed-616,60,Post Office 60,2019,369,161,5,48,6,589,P1,208,80.4
Paschim Medinipur,616,WMed-616,60,Post Office 60,2021,310,189,10,85,5,599,P1,121,81.7
Paschim Medinipur,616,WMed-616,61,Panchayat Bhavan 61,2019,236,157,4,36,4,437,P1,79,74.8
Paschim Medinipur,616,WMed-616,61,Panchayat Bhavan 61,2021,261,160,8,60,5,494,P1,101,84.6
Paschim Medinipur,616,WMed-616,62,Madrasa 62,2019,279,126,11,84,5,505,P1,153,76.5
Paschim Medinipur,616,WMed-616,62,Madrasa 62,2021,264,172,5,52,5,498,P1,92,75.5
Paschim Medinipur,616,WMed-616,63,Club Building 63,2019,344,126,5,42,5,522,P1,218,78.1
Paschim Medinipur,616,WMed-616,63,Club Building 63,2021,291,185,4,55,6,541,P1,106,81.0
Paschim Medinipur,616,WMed-616,64,Post Office 64,2019,231,135,4,32,5,407,P1,96,75.1
Paschim Medinipur,616,WMed-616,64,Post Office 64,2021,243,126,5,42,3,419,P1,117,77.3
Paschim Medinipur,616,WMed-616,65,Health Sub-Centre 65,2019,294,125,8,69,5,501,P1,169,74.2
Paschim Medinipur,616,WMed-616,65,Health Sub-Centre 65,2021,271,213,4,45,4,537,P1,58,79.6
Paschim Medinipur,616,WMed-616,66,Primary School 66,2019,300,214,4,59,6,583,P1,86,82.2
Paschim Medinipur,616,WMed-616,66,Primary School 66,2021,358,155,4,47,6,570,P1,203,80.4
Paschim Medinipur,616,WMed-616,67,Market Building 67,2019,273,107,5,33,5,423,P1,166,77.2
Paschim Medinipur,616,WMed-616,67,Market Building 67,2021,268,144,5,36,5,458,P1,124,83.6
Paschim Medinipur,616,WMed-616,68,Panchayat Bhavan 68,2019,284,116,5,35,5,445,P1,168,80.8
Paschim Medinipur,616,WMed-616,68,Panchayat Bhavan 68,2021,272,89,8,73,5,447,P1,183,81.1
Paschim Medinipur,616,WMed-616,69,Govt Office 69,2019,281,100,2,45,4,432,P1,181,75.8
Paschim Medinipur,616,WMed-616,69,Govt Office 69,2021,284,145,5,38,4,476,P1,139,83.5
Paschim Medinipur,616,WMed-616,70,Market Building 70,2019,319,121,17,147,6,610,P1,172,79.9
Paschim Medinipur,616,WMed-616,70,Market Building 70,2021,370,198,5,52,6,631,P1,172,82.7
Paschim Medinipur,616,WMed-616,71,High School 71,2019,300,142,13,122,6,583,P1,158,84.6
Paschim Medinipur,616,WMed-616,71,High School 71,2021,291,173,13,93,5,575,P1,118,83.5
Paschim Medinipur,616,WMed-616,72,Panchayat Bhavan 72,2019,235,164,10,84,4,497,P1,71,77.9
Paschim Medinipur,616,WMed-616,72,Panchayat Bhavan 72,2021,275,117,10,73,5,480,P1,158,75.2
Paschim Medinipur,616,WMed-616,73,Temple Hall 73,2019,231,116,4,31,3,385,P1,115,78.9
Paschim Medinipur,616,WMed-616,73,Temple Hall 73,2021,200,130,7,70,4,411,P1,70,84.2
Paschim Medinipur,616,WMed-616,74,Health Sub-Centre 74,2019,275,97,1,36,5,414,P1,178,77.8
Paschim Medinipur,616,WMed-616,74,Health Sub-Centre 74,2021,224,138,6,64,4,436,P1,86,82.0
Paschim Medinipur,616,WMed-616,75,Post Office 75,2019,326,205,2,60,7,600,P1,121,77.7
Paschim Medinipur,616,WMed-616,75,Post Office 75,2021,328,210,4,50,6,598,P1,118,77.5
Paschim Medinipur,616,WMed-616,76,Community Hall 76,2019,332,161,5,46,5,549,P1,171,77.9
Paschim Medinipur,616,WMed-616,76,Community Hall 76,2021,319,157,4,66,5,551,P1,162,78.2
Paschim Medinipur,616,WMed-616,77,High School 77,2019,271,170,5,121,5,572,P1,101,74.1
Paschim Medinipur,616,WMed-616,77,High School 77,2021,422,119,5,49,6,601,P1,303,77.8
Paschim Medinipur,616,WMed-616,78,Post Office 78,2019,361,188,4,50,7,610,P1,173,75.8
Paschim Medinipur,616,WMed-616,78,Post Office 78,2021,370,141,11,154,7,683,P1,216,84.8
Paschim Medinipur,616,WMed-616,79,Govt Office 79,2019,335,143,6,42,5,531,P1,192,84.3
Paschim Medinipur,616,WMed-616,79,Govt Office 79,2021,287,176,4,42,5,514,P1,111,81.6
Paschim Medinipur,616,WMed-616,80,High School 80,2019,209,148,2,34,4,397,P1,61,79.4
Paschim Medinipur,616,WMed-616,80,High School 80,2021,283,83,4,33,3,406,P1,200,81.2
Paschim Medinipur,616,WMed-616,81,Community Hall 81,2019,225,115,5,31,4,380,P1,110,78.7
Paschim Medinipur,616,WMed-616,81,Community Hall 81,2021,222,122,2,33,3,382,P1,100,79.1
Paschim Medinipur,616,WMed-616,82,Govt Office 82,2019,303,97,3,82,6,491,P1,206,79.4
Paschim Medinipur,616,WMed-616,82,Govt Office 82,2021,262,91,8,94,4,459,P1,168,74.3
Paschim Medinipur,616,WMed-616,83,Club Building 83,2019,328,152,4,44,5,533,P1,176,80.0
Paschim Medinipur,616,WMed-616,83,Club Building 83,2021,275,158,12,100,6,551,P1,117,82.7
Paschim Medinipur,616,WMed-616,84,Temple Hall 84,2019,242,120,5,86,4,457,P1,122,84.3
Paschim Medinipur,616,WMed-616,84,Temple Hall 84,2021,304,103,2,39,4,452,P1,201,83.4
Paschim Medinipur,616,WMed-616,85,Health Sub-Centre 85,2019,259,197,8,58,5,527,P1,62,81.3
Paschim Medinipur,616,WMed-616,85,Health Sub-Centre 85,2021,274,160,3,59,5,501,P1,114,77.3
Paschim Medinipur,616,WMed-616,86,High School 86,2019,365,155,2,50,6,578,P1,210,80.6
Paschim Medinipur,616,WMed-616,86,High School 86,2021,374,161,6,47,6,594,P1,213,82.8
Paschim Medinipur,616,WMed-616,87,Temple Hall 87,2019,264,147,4,37,5,457,P1,117,81.5
Paschim Medinipur,616,WMed-616,87,Temple Hall 87,2021,214,173,6,43,4,440,P1,41,78.4
Paschim Medinipur,616,WMed-616,88,Health Sub-Centre 88,2019,307,243,7,55,7,619,P1,64,77.2
Paschim Medinipur,616,WMed-616,88,Health Sub-Centre 88,2021,302,209,8,69,6,594,P1,93,74.1
Paschim Medinipur,616,WMed-616,89,Temple Hall 89,2019,281,117,5,35,4,442,P1,164,76.5
Paschim Medinipur,616,WMed-616,89,Temple Hall 89,2021,293,118,2,40,4,457,P1,175,79.1
Paschim Medinipur,616,WMed-616,90,Temple Hall 90,2019,396,103,2,48,5,554,P1,293,75.7
Paschim Medinipur,616,WMed-616,90,Temple Hall 90,2021,265,214,7,73,4,563,P1,51,76.9
Paschim Medinipur,616,WMed-616,91,Madrasa 91,2019,281,117,3,43,5,449,P1,164,83.8
Paschim Medinipur,616,WMed-616,91,Madrasa 91,2021,294,109,5,35,4,447,P1,185,83.4
Paschim Medinipur,616,WMed-616,92,Primary School 92,2019,329,120,2,43,5,499,P1,209,75.5
Paschim Medinipur,616,WMed-616,92,Primary School 92,2021,276,200,2,47,6,531,P1,76,80.3
Paschim Medinipur,616,WMed-616,93,Temple Hall 93,2019,257,119,5,33,3,417,P1,138,81.6
Paschim Medinipur,616,WMed-616,93,Temple Hall 93,2021,172,165,7,57,5,406,P1,7,79.5
Paschim Medinipur,616,WMed-616,94,Anganwadi Centre 94,2019,343,107,3,42,5,500,P1,236,76.3
Paschim Medinipur,616,WMed-616,94,Anganwadi Centre 94,2021,342,147,4,45,5,543,P1,195,82.9
Paschim Medinipur,616,WMed-616,95,Club Building 95,2019,303,65,3,34,4,409,P1,238,81.6
Paschim Medinipur,616,WMed-616,95,Club Building 95,2021,188,110,8,91,4,401,P1,78,80.0
Paschim Medinipur,616,WMed-616,96,Market Building 96,2019,267,190,9,117,6,589,P1,77,79.1
Paschim Medinipur,616,WMed-616,96,Market Building 96,2021,356,164,6,94,6,626,P1,192,84.0
Paschim Medinipur,616,WMed-616,97,Madrasa 97,2019,301,181,8,119,6,615,P1,120,77.9
Paschim Medinipur,616,WMed-616,97,Madrasa 97,2021,326,180,4,88,7,605,P1,146,76.7
Paschim Medinipur,616,WMed-616,98,High School 98,2019,217,173,3,47,4,444,P1,44,85.1
Paschim Medinipur,616,WMed-616,98,High School 98,2021,268,102,2,35,4,411,P1,166,78.7
Paschim Medinipur,616,WMed-616,99,Post Office 99,2019,285,177,6,40,5,513,P1,108,78.9
Paschim Medinipur,616,WMed-616,99,Post Office 99,2021,324,112,5,39,4,484,P1,212,74.5
Paschim Medinipur,616,WMed-616,100,Community Hall 100,2019,279,170,3,42,5,499,P1,109,77.5
Paschim Medinipur,616,WMed-616,100,Community Hall 100,2021,265,186,5,42,5,503,P1,79,78.1
Paschim Medinipur,616,WMed-616,101,Temple Hall 101,2019,312,224,4,50,6,596,P1,88,76.6
Paschim Medinipur,616,WMed-616,101,Temple Hall 101,2021,414,128,5,49,6,602,P1,286,77.4
Paschim Medinipur,616,WMed-616,102,Panchayat Bhavan 102,2019,264,195,5,42,5,511,P1,69,82.7
Paschim Medinipur,616,WMed-616,102,Panchayat Bhavan 102,2021,316,131,6,39,5,497,P1,185,80.4
Paschim Medinipur,616,WMed-616,103,Govt Office 103,2019,266,155,3,53,5,482,P1,111,76.5
Paschim Medinipur,616,WMed-616,103,Govt Office 103,2021,284,122,7,98,5,516,P1,162,81.9
Paschim Medinipur,616,WMed-616,104,Health Sub-Centre 104,2019,287,132,3,39,5,466,P1,155,74.6
Paschim Medinipur,616,WMed-616,104,Health Sub-Centre 104,2021,302,177,3,45,6,533,P1,125,85.3
Paschim Medinipur,616,WMed-616,105,High School 105,2019,183,124,6,103,4,420,P1,59,77.8
Paschim Medinipur,616,WMed-616,105,High School 105,2021,320,78,2,38,4,442,P1,242,81.9
Paschim Medinipur,616,WMed-616,106,Primary School 106,2019,304,119,2,40,5,470,P1,185,84.2
Paschim Medinipur,616,WMed-616,106,Primary School 106,2021,270,114,4,34,4,426,P1,156,76.3
Paschim Medinipur,616,WMed-616,107,Panchayat Bhavan 107,2019,289,150,4,40,5,488,P1,139,76.1
Paschim Medinipur,616,WMed-616,107,Panchayat Bhavan 107,2021,266,158,7,51,5,487,P1,108,76.0
Paschim Medinipur,616,WMed-616,108,Community Hall 108,2019,327,97,4,39,4,471,P1,230,76.8
Paschim Medinipur,616,WMed-616,108,Community Hall 108,2021,295,151,2,43,4,495,P1,144,80.8
Paschim Medinipur,616,WMed-616,109,Health Sub-Centre 109,2019,325,137,6,41,5,514,P1,188,81.1
Paschim Medinipur,616,WMed-616,109,Health Sub-Centre 109,2021,303,171,7,51,5,537,P1,132,84.7
Paschim Medinipur,616,WMed-616,110,Club Building 110,2019,368,203,7,50,6,634,P1,165,78.6
Paschim Medinipur,616,WMed-616,110,Club Building 110,2021,431,153,7,52,5,648,P1,278,80.3
Paschim Medinipur,616,WMed-616,111,High School 111,2019,329,145,5,42,5,526,P1,184,74.2
Paschim Medinipur,616,WMed-616,111,High School 111,2021,259,277,2,54,6,598,P2,18,84.3
Paschim Medinipur,616,WMed-616,112,Madrasa 112,2019,284,122,4,60,5,475,P1,162,85.0
Paschim Medinipur,616,WMed-616,112,Madrasa 112,2021,295,133,5,38,4,475,P1,162,85.0
Paschim Medinipur,616,WMed-616,113,Madrasa 113,2019,244,173,4,38,5,464,P1,71,77.6
Paschim Medinipur,616,WMed-616,113,Madrasa 113,2021,263,137,3,37,4,444,P1,126,74.2
Paschim Medinipur,616,WMed-616,114,Community Hall 114,2019,336,157,9,95,7,604,P1,179,77.8
Paschim Medinipur,616,WMed-616,114,Community Hall 114,2021,313,184,13,109,6,625,P1,129,80.5
Paschim Medinipur,616,WMed-616,115,Health Sub-Centre 115,2019,280,134,3,38,6,461,P1,146,84.7
Paschim Medinipur,616,WMed-616,115,Health Sub-Centre 115,2021,260,135,5,35,4,439,P1,125,80.7
Paschim Medinipur,616,WMed-616,116,Temple Hall 116,2019,250,180,6,52,5,493,P1,70,75.6
Paschim Medinipur,616,WMed-616,116,Temple Hall 116,2021,310,136,2,43,5,496,P1,174,76.1
Paschim Medinipur,616,WMed-616,117,Health Sub-Centre 117,2019,285,177,5,42,4,513,P1,108,81.8
Paschim Medinipur,616,WMed-616,117,Health Sub-Centre 117,2021,289,155,6,39,5,494,P1,134,78.8
Paschim Medinipur,616,WMed-616,118,Market Building 118,2019,377,203,6,52,7,645,P1,174,80.0
Paschim Medinipur,616,WMed-616,118,Market Building 118,2021,344,232,12,87,7,682,P1,112,84.6
Paschim Medinipur,616,WMed-616,119,Primary School 119,2019,315,204,11,127,7,664,P1,111,83.0
Paschim Medinipur,616,WMed-616,119,Primary School 119,2021,327,216,4,82,6,635,P1,111,79.4
Paschim Medinipur,616,WMed-616,120,Club Building 120,2019,304,189,7,49,5,554,P1,115,80.6
Paschim Medinipur,616,WMed-616,120,Club Building 120,2021,273,152,4,103,5,537,P1,121,78.2
Paschim Medinipur,616,WMed-616,121,Market Building 121,2019,262,121,3,35,5,426,P1,141,78.5
Paschim Medinipur,616,WMed-616,121,Market Building 121,2021,261,122,4,59,4,450,P1,139,82.9
Paschim Medinipur,616,WMed-616,122,Community Hall 122,2019,439,157,6,54,6,662,P1,282,82.5
Paschim Medinipur,616,WMed-616,122,Community Hall 122,2021,283,181,10,148,7,629,P1,102,78.4
Paschim Medinipur,616,WMed-616,123,Panchayat Bhavan 123,2019,334,166,6,44,5,555,P1,168,77.8
Paschim Medinipur,616,WMed-616,123,Panchayat Bhavan 123,2021,303,233,7,47,5,595,P1,70,83.5
Paschim Medinipur,616,WMed-616,124,Panchayat Bhavan 124,2019,273,122,5,39,5,444,P1,151,77.9
Paschim Medinipur,616,WMed-616,124,Panchayat Bhavan 124,2021,262,129,3,36,5,435,P1,133,76.3
Paschim Medinipur,616,WMed-616,125,Govt Office 125,2019,286,146,7,66,5,510,P1,140,76.3
Paschim Medinipur,616,WMed-616,125,Govt Office 125,2021,336,145,6,50,5,542,P1,191,81.1
Paschim Medinipur,616,WMed-616,126,Madrasa 126,2019,203,125,6,65,4,403,P1,78,77.1
Paschim Medinipur,616,WMed-616,126,Madrasa 126,2021,256,112,5,32,4,409,P1,144,78.2
Paschim Medinipur,616,WMed-616,127,Club Building 127,2019,332,173,6,44,6,561,P1,159,76.6
Paschim Medinipur,616,WMed-616,127,Club Building 127,2021,367,176,7,48,5,603,P1,191,82.4
Paschim Medinipur,616,WMed-616,128,Health Sub-Centre 128,2019,318,148,7,100,6,579,P1,170,78.0
Paschim Medinipur,616,WMed-616,128,Health Sub-Centre 128,2021,299,175,6,81,6,567,P1,124,76.4
Paschim Medinipur,616,WMed-616,129,Anganwadi Centre 129,2019,217,156,4,34,4,415,P1,61,76.7
Paschim Medinipur,616,WMed-616,129,Anganwadi Centre 129,2021,263,102,3,33,5,406,P1,161,75.0
Paschim Medinipur,616,WMed-616,130,Post Office 130,2019,467,100,7,50,6,630,P1,367,82.0
Paschim Medinipur,616,WMed-616,130,Post Office 130,2021,231,218,11,110,5,575,P1,13,74.9
Paschim Medinipur,616,WMed-616,131,Panchayat Bhavan 131,2019,232,148,3,35,5,423,P1,84,79.2
Paschim Medinipur,616,WMed-616,131,Panchayat Bhavan 131,2021,289,111,4,36,5,445,P1,178,83.3
Paschim Medinipur,616,WMed-616,132,Post Office 132,2019,205,128,3,31,3,370,P1,77,74.7
Paschim Medinipur,616,WMed-616,132,Post Office 132,2021,247,109,5,31,4,396,P1,138,80.0
Paschim Medinipur,616,WMed-616,133,Anganwadi Centre 133,2019,323,159,4,49,5,540,P1,164,78.6
Paschim Medinipur,616,WMed-616,133,Anganwadi Centre 133,2021,295,175,3,44,6,523,P1,120,76.1
Paschim Medinipur,616,WMed-616,134,High School 134,2019,261,134,4,79,6,484,P1,127,82.2
Paschim Medinipur,616,WMed-616,134,High School 134,2021,258,148,3,38,4,451,P1,110,76.6
Paschim Medinipur,616,WMed-616,135,Anganwadi Centre 135,2019,244,172,7,51,4,478,P1,72,79.5
Paschim Medinipur,616,WMed-616,135,Anganwadi Centre 135,2021,262,192,3,42,6,505,P1,70,84.0
Paschim Medinipur,616,WMed-616,136,Panchayat Bhavan 136,2019,263,160,3,45,5,476,P1,103,83.4
Paschim Medinipur,616,WMed-616,136,Panchayat Bhavan 136,2021,245,141,3,36,4,429,P1,104,75.1
Paschim Medinipur,616,WMed-616,137,Panchayat Bhavan 137,2019,253,189,6,79,6,533,P1,64,74.6
Paschim Medinipur,616,WMed-616,137,Panchayat Bhavan 137,2021,288,164,13,110,5,580,P1,124,81.2
Paschim Medinipur,616,WMed-616,138,Primary School 138,2019,331,174,9,102,6,622,P1,157,84.7
Paschim Medinipur,616,WMed-616,138,Primary School 138,2021,370,137,6,45,6,564,P1,233,76.8
Paschim Medinipur,616,WMed-616,139,Primary School 139,2019,347,162,4,47,6,566,P1,185,78.9
Paschim Medinipur,616,WMed-616,139,Primary School 139,2021,276,184,12,82,6,560,P1,92,78.1
Paschim Medinipur,616,WMed-616,140,Anganwadi Centre 140,2019,291,189,4,65,5,554,P1,102,82.6
Paschim Medinipur,616,WMed-616,140,Anganwadi Centre 140,2021,332,127,4,55,6,524,P1,205,78.1
Paschim Medinipur,616,WMed-616,141,High School 141,2019,252,108,3,45,4,412,P1,144,79.1
Paschim Medinipur,616,WMed-616,141,High School 141,2021,253,140,4,36,5,438,P1,113,84.1
Paschim Medinipur,616,WMed-616,142,Panchayat Bhavan 142,2019,263,167,6,69,6,511,P1,96,83.0
Paschim Medinipur,616,WMed-616,142,Panchayat Bhavan 142,2021,271,189,4,52,5,521,P1,82,84.6
Paschim Medinipur,616,WMed-616,143,Anganwadi Centre 143,2019,275,87,5,32,3,402,P1,188,82.7
Paschim Medinipur,616,WMed-616,143,Anganwadi Centre 143,2021,231,113,2,32,4,382,P1,118,78.6
Paschim Medinipur,616,WMed-616,144,Club Building 144,2019,312,256,5,76,7,656,P1,56,80.9
Paschim Medinipur,616,WMed-616,144,Club Building 144,2021,361,193,2,53,6,615,P1,168,75.8
Paschim Medinipur,616,WMed-616,145,Govt Office 145,2019,319,135,2,43,5,504,P1,184,83.0
Paschim Medinipur,616,WMed-616,145,Govt Office 145,2021,234,140,5,73,4,456,P1,94,75.1
Paschim Medinipur,616,WMed-616,146,Market Building 146,2019,249,96,4,31,3,383,P1,153,76.8
Paschim Medinipur,616,WMed-616,146,Market Building 146,2021,252,121,3,34,4,414,P1,131,83.0
Paschim Medinipur,616,WMed-616,147,High School 147,2019,284,156,5,39,5,489,P1,128,75.5
Paschim Medinipur,616,WMed-616,147,High School 147,2021,296,145,5,86,5,537,P1,151,82.9
Paschim Medinipur,616,WMed-616,148,Post Office 148,2019,380,105,4,44,6,539,P1,275,78.7
Paschim Medinipur,616,WMed-616,148,Post Office 148,2021,307,191,5,44,6,553,P1,116,80.7
Paschim Medinipur,616,WMed-616,149,Health Sub-Centre 149,2019,252,171,5,37,5,470,P1,81,83.6
Paschim Medinipur,616,WMed-616,149,Health Sub-Centre 149,2021,263,164,5,40,5,477,P1,99,84.9
Paschim Medinipur,616,WMed-616,150,Madrasa 150,2019,250,107,4,32,4,397,P1,143,81.9
Paschim Medinipur,616,WMed-616,150,Madrasa 150,2021,248,115,2,34,4,403,P1,133,83.1
Paschim Medinipur,616,WMed-616,151,Primary School 151,2019,241,176,4,54,5,480,P1,65,74.1
Paschim Medinipur,616,WMed-616,151,Primary School 151,2021,276,179,6,84,5,550,P1,97,84.9
Paschim Medinipur,616,WMed-616,152,Panchayat Bhavan 152,2019,352,155,7,44,5,563,P1,197,84.2
Paschim Medinipur,616,WMed-616,152,Panchayat Bhavan 152,2021,272,194,7,90,5,568,P1,78,84.9
Paschim Medinipur,616,WMed-616,153,High School 153,2019,229,110,5,66,3,413,P1,119,84.5
Paschim Medinipur,616,WMed-616,153,High School 153,2021,227,117,1,33,4,382,P1,110,78.1
Paschim Medinipur,616,WMed-616,154,Health Sub-Centre 154,2019,257,221,10,69,5,562,P1,36,75.8
Paschim Medinipur,616,WMed-616,154,Health Sub-Centre 154,2021,302,199,11,87,6,605,P1,103,81.6
Paschim Medinipur,616,WMed-616,155,Market Building 155,2019,278,181,7,62,5,533,P1,97,81.1
Paschim Medinipur,616,WMed-616,155,Market Building 155,2021,273,221,2,47,6,549,P1,52,83.6
Paschim Medinipur,616,WMed-616,156,Community Hall 156,2019,321,137,2,43,6,509,P1,184,84.6
Paschim Medinipur,616,WMed-616,156,Community Hall 156,2021,247,158,6,41,5,457,P1,89,75.9
Paschim Medinipur,616,WMed-616,157,Market Building 157,2019,288,96,2,37,3,426,P1,192,75.9
Paschim Medinipur,616,WMed-616,157,Market Building 157,2021,245,118,5,60,4,432,P1,127,77.0
Paschim Medinipur,616,WMed-616,158,Panchayat Bhavan 158,2019,275,260,10,98,7,650,P1,15,80.4
Paschim Medinipur,616,WMed-616,158,Panchayat Bhavan 158,2021,389,200,5,69,7,670,P1,189,82.9
Paschim Medinipur,616,WMed-616,159,Panchayat Bhavan 159,2019,291,144,3,46,5,489,P1,147,83.4
Paschim Medinipur,616,WMed-616,159,Panchayat Bhavan 159,2021,215,154,8,55,5,437,P1,61,74.6
Paschim Medinipur,616,WMed-616,160,Panchayat Bhavan 160,2019,265,182,10,84,6,547,P1,83,77.2
Paschim Medinipur,616,WMed-616,160,Panchayat Bhavan 160,2021,338,169,7,44,6,564,P1,169,79.5
Paschim Medinipur,616,WMed-616,161,Post Office 161,2019,371,174,8,65,6,624,P1,197,85.2
Paschim Medinipur,616,WMed-616,161,Post Office 161,2021,390,111,5,45,6,557,P1,279,76.1
Paschim Medinipur,616,WMed-616,162,Market Building 162,2019,262,108,6,46,5,427,P1,154,76.5
Paschim Medinipur,616,WMed-616,162,Market Building 162,2021,193,154,9,60,4,420,P1,39,75.3
Paschim Medinipur,616,WMed-616,163,Anganwadi Centre 163,2019,342,204,8,55,7,616,P1,138,84.3
Paschim Medinipur,616,WMed-616,163,Anganwadi Centre 163,2021,307,173,4,65,6,555,P1,134,75.9
Paschim Medinipur,616,WMed-616,164,Health Sub-Centre 164,2019,278,127,5,36,3,449,P1,151,82.7
Paschim Medinipur,616,WMed-616,164,Health Sub-Centre 164,2021,258,135,5,35,4,437,P1,123,80.5
Paschim Medinipur,616,WMed-616,165,Market Building 165,2019,312,214,6,57,6,595,P1,98,82.2
Paschim Medinipur,616,WMed-616,165,Market Building 165,2021,339,147,2,47,5,540,P1,192,74.6
Paschim Medinipur,616,WMed-616,166,High School 166,2019,332,207,4,50,6,599,P1,125,81.7
Paschim Medinipur,616,WMed-616,166,High School 166,2021,389,133,5,47,5,579,P1,256,79.0
Paschim Medinipur,616,WMed-616,167,Post Office 167,2019,298,149,5,39,6,497,P1,149,80.3
Paschim Medinipur,616,WMed-616,167,Post Office 167,2021,280,135,10,78,5,508,P1,145,82.1
Paschim Medinipur,616,WMed-616,168,Post Office 168,2019,252,201,2,44,5,504,P1,51,78.8
Paschim Medinipur,616,WMed-616,168,Post Office 168,2021,294,150,3,42,4,493,P1,144,77.0
Paschim Medinipur,616,WMed-616,169,Madrasa 169,2019,244,158,2,38,5,447,P1,86,81.7
Paschim Medinipur,616,WMed-616,169,Madrasa 169,2021,259,113,4,65,5,446,P1,146,81.5
Paschim Medinipur,616,WMed-616,170,Anganwadi Centre 170,2019,289,213,4,51,6,563,P1,76,84.5
Paschim Medinipur,616,WMed-616,170,Anganwadi Centre 170,2021,265,214,4,46,6,535,P1,51,80.3
Paschim Medinipur,616,WMed-616,171,Market Building 171,2019,263,134,3,37,4,441,P1,129,82.0
Paschim Medinipur,616,WMed-616,171,Market Building 171,2021,319,69,4,35,5,432,P1,250,80.3
Paschim Medinipur,616,WMed-616,172,Primary School 172,2019,376,180,4,51,6,617,P1,196,84.1
Paschim Medinipur,616,WMed-616,172,Primary School 172,2021,321,191,7,44,6,569,P1,130,77.5
Paschim Medinipur,616,WMed-616,173,Panchayat Bhavan 173,2019,296,148,26,190,6,666,P1,106,84.4
Paschim Medinipur,616,WMed-616,173,Panchayat Bhavan 173,2021,387,194,3,55,7,646,P1,193,81.9
Paschim Medinipur,616,WMed-616,174,Club Building 174,2019,331,140,6,100,6,583,P1,191,75.6
Paschim Medinipur,616,WMed-616,174,Club Building 174,2021,318,217,7,73,6,621,P1,101,80.5
Paschim Medinipur,616,WMed-616,175,Govt Office 175,2019,296,257,3,52,6,614,P1,39,75.2
Paschim Medinipur,616,WMed-616,175,Govt Office 175,2021,409,170,10,88,7,684,P1,239,83.7
Paschim Medinipur,616,WMed-616,176,Govt Office 176,2019,269,140,3,38,4,454,P1,129,80.5
Paschim Medinipur,616,WMed-616,176,Govt Office 176,2021,250,136,5,36,4,431,P1,114,76.4
Paschim Medinipur,616,WMed-616,177,Market Building 177,2019,217,113,6,49,4,389,P1,104,75.0
Paschim Medinipur,616,WMed-616,177,Market Building 177,2021,213,133,2,33,3,384,P1,80,74.0
Paschim Medinipur,616,WMed-616,178,Community Hall 178,2019,327,165,3,66,6,567,P1,162,79.2
Paschim Medinipur,616,WMed-616,178,Community Hall 178,2021,312,122,7,99,5,545,P1,190,76.1
Paschim Medinipur,616,WMed-616,179,Post Office 179,2019,235,115,5,64,5,424,P1,120,79.8
Paschim Medinipur,616,WMed-616,179,Post Office 179,2021,268,129,5,35,4,441,P1,139,83.1
Paschim Medinipur,616,WMed-616,180,High School 180,2019,213,128,8,95,4,448,P1,85,83.0
Paschim Medinipur,616,WMed-616,180,High School 180,2021,213,125,4,70,4,416,P1,88,77.0
Paschim Medinipur,616,WMed-616,181,Health Sub-Centre 181,2019,311,210,12,107,6,646,P1,101,79.3
Paschim Medinipur,616,WMed-616,181,Health Sub-Centre 181,2021,366,197,5,51,7,626,P1,169,76.8
Paschim Medinipur,616,WMed-616,182,Temple Hall 182,2019,258,135,9,90,4,496,P1,123,77.7
Paschim Medinipur,616,WMed-616,182,Temple Hall 182,2021,260,168,5,73,5,511,P1,92,80.1
Paschim Medinipur,616,WMed-616,183,Anganwadi Centre 183,2019,390,172,3,67,6,638,P1,218,83.0
Paschim Medinipur,616,WMed-616,183,Anganwadi Centre 183,2021,411,153,7,49,7,627,P1,258,81.5
Paschim Medinipur,616,WMed-616,184,Community Hall 184,2019,241,140,3,36,4,424,P1,101,76.0
Paschim Medinipur,616,WMed-616,184,Community Hall 184,2021,240,131,3,34,4,412,P1,109,73.8
Paschim Medinipur,616,WMed-616,185,Panchayat Bhavan 185,2019,332,191,6,72,6,607,P1,141,78.4
Paschim Medinipur,616,WMed-616,185,Panchayat Bhavan 185,2021,275,184,12,148,6,625,P1,91,80.7
Paschim Medinipur,616,WMed-616,186,Panchayat Bhavan 186,2019,231,134,11,109,5,490,P1,97,79.3
Paschim Medinipur,616,WMed-616,186,Panchayat Bhavan 186,2021,249,110,11,114,4,488,P1,135,79.0
Paschim Medinipur,616,WMed-616,187,Health Sub-Centre 187,2019,390,154,3,52,6,605,P1,236,83.6
Paschim Medinipur,616,WMed-616,187,Health Sub-Centre 187,2021,264,194,7,98,5,568,P1,70,78.5
Paschim Medinipur,616,WMed-616,188,High School 188,2019,306,166,4,89,6,571,P1,140,77.7
Paschim Medinipur,616,WMed-616,188,High School 188,2021,354,172,4,66,6,602,P1,182,81.9
Paschim Medinipur,616,WMed-616,189,Anganwadi Centre 189,2019,188,150,5,42,4,389,P1,38,78.3
Paschim Medinipur,616,WMed-616,189,Anganwadi Centre 189,2021,208,132,4,30,4,378,P1,76,76.1
Paschim Medinipur,616,WMed-616,190,Govt Office 190,2019,291,175,4,63,5,538,P1,116,79.0
Paschim Medinipur,616,WMed-616,190,Govt Office 190,2021,279,130,17,126,6,558,P1,149,81.9
Paschim Medinipur,616,WMed-616,191,Panchayat Bhavan 191,2019,254,112,6,83,4,459,P1,142,79.5
Paschim Medinipur,616,WMed-616,191,Panchayat Bhavan 191,2021,332,102,4,39,5,482,P1,230,83.5
Paschim Medinipur,616,WMed-616,192,Anganwadi Centre 192,2019,410,182,3,56,7,658,P1,228,80.8
Paschim Medinipur,616,WMed-616,192,Anganwadi Centre 192,2021,339,199,4,61,6,609,P1,140,74.8
Paschim Medinipur,616,WMed-616,193,Anganwadi Centre 193,2019,372,98,3,44,5,522,P1,274,78.9
Paschim Medinipur,616,WMed-616,193,Anganwadi Centre 193,2021,331,121,3,42,6,503,P1,210,76.0
Paschim Medinipur,616,WMed-616,194,Temple Hall 194,2019,251,141,10,91,4,497,P1,110,77.9
Paschim Medinipur,616,WMed-616,194,Temple Hall 194,2021,217,201,6,56,4,484,P1,16,75.9
Paschim Medinipur,616,WMed-616,195,Madrasa 195,2019,298,120,2,40,4,464,P1,178,78.2
Paschim Medinipur,616,WMed-616,195,Madrasa 195,2021,274,141,4,37,5,461,P1,133,77.7
Paschim Medinipur,616,WMed-616,196,Anganwadi Centre 196,2019,316,128,3,42,4,493,P1,188,78.9
Paschim Medinipur,616,WMed-616,196,Anganwadi Centre 196,2021,255,194,4,47,5,505,P1,61,80.8
Paschim Medinipur,616,WMed-616,197,Club Building 197,2019,297,177,2,47,6,529,P1,120,77.9
Paschim Medinipur,616,WMed-616,197,Club Building 197,2021,288,172,2,44,5,511,P1,116,75.3
Paschim Medinipur,616,WMed-616,198,Panchayat Bhavan 198,2019,272,127,11,90,4,504,P1,145,83.2
Paschim Medinipur,616,WMed-616,198,Panchayat Bhavan 198,2021,284,94,11,89,4,482,P1,190,79.5
Paschim Medinipur,616,WMed-616,199,Govt Office 199,2019,326,227,5,57,5,620,P1,99,80.8
Paschim Medinipur,616,WMed-616,199,Govt Office 199,2021,394,123,2,49,7,575,P1,271,75.0
Paschim Medinipur,616,WMed-616,200,Anganwadi Centre 200,2019,327,87,5,36,5,460,P1,240,80.6
Paschim Medinipur,616,WMed-616,200,Anganwadi Centre 200,2021,337,74,3,38,4,456,P1,263,79.9
Paschim Medinipur,616,WMed-616,201,Health Sub-Centre 201,2019,316,173,11,92,6,598,P1,143,81.2
Paschim Medinipur,616,WMed-616,201,Health Sub-Centre 201,2021,241,219,7,90,6,563,P1,22,76.5
Paschim Medinipur,616,WMed-616,202,Health Sub-Centre 202,2019,305,120,3,39,5,472,P1,185,78.4
Paschim Medinipur,616,WMed-616,202,Health Sub-Centre 202,2021,294,128,9,65,5,501,P1,166,83.2
Paschim Medinipur,616,WMed-616,203,Madrasa 203,2019,305,178,10,92,6,591,P1,127,76.9
Paschim Medinipur,616,WMed-616,203,Madrasa 203,2021,346,174,4,85,7,616,P1,172,80.1
Paschim Medinipur,616,WMed-616,204,Club Building 204,2019,339,166,4,46,7,562,P1,173,84.5
Paschim Medinipur,616,WMed-616,204,Club Building 204,2021,318,127,7,50,5,507,P1,191,76.2
