district,ac_code,ac_name,part_no,booth_name,male,female,third_gender,total,female_pct
North 24 Parganas,101,N24P-101,1,Health Sub-Centre 1,356,319,0,675,47.26
North 24 Parganas,101,N24P-101,2,Madrasa 2,419,392,1,812,48.28
North 24 Parganas,101,N24P-101,3,Temple Hall 3,329,320,0,649,49.31
North 24 Parganas,101,N24P-101,4,Health Sub-Centre 4,380,370,1,751,49.27
North 24 Parganas,101,N24P-101,5,Anganwadi Centre 5,368,370,1,739,50.07
North 24 Parganas,101,N24P-101,6,Market Building 6,384,390,0,774,50.39
North 24 Parganas,101,N24P-101,7,Madrasa 7,398,380,1,779,48.78
North 24 Parganas,101,N24P-101,8,Health Sub-Centre 8,286,291,0,577,50.43
North 24 Parganas,101,N24P-101,9,Health Sub-Centre 9,260,240,1,501,47.9
North 24 Parganas,101,N24P-101,10,Community Hall 10,361,343,1,705,48.65
North 24 Parganas,101,N24P-101,11,Market Building 11,317,293,0,610,48.03
North 24 Parganas,101,N24P-101,12,Market Building 12,348,356,1,705,50.5
North 24 Parganas,101,N24P-101,13,Health Sub-Centre 13,427,383,0,810,47.28
North 24 Parganas,101,N24P-101,14,Temple Hall 14,332,316,0,648,48.77
North 24 Parganas,101,N24P-101,15,Club Building 15,363,355,1,719,49.37
North 24 Parganas,101,N24P-101,16,Market Building 16,309,281,0,590,47.63
North 24 Parganas,101,N24P-101,17,Primary School 17,318,292,0,610,47.87
North 24 Parganas,101,N24P-101,18,Market Building 18,290,271,0,561,48.31
North 24 Parganas,101,N24P-101,19,Govt Office 19,370,358,1,729,49.11
North 24 Parganas,101,N24P-101,20,Madrasa 20,302,281,0,583,48.2
North 24 Parganas,101,N24P-101,21,High School 21,257,258,0,515,50.1
North 24 Parganas,101,N24P-101,22,Health Sub-Centre 22,356,342,0,698,49.0
North 24 Parganas,101,N24P-101,23,Primary School 23,406,385,0,791,48.67
North 24 Parganas,101,N24P-101,24,Madrasa 24,331,341,1,673,50.67
North 24 Parganas,101,N24P-101,25,Health Sub-Centre 25,365,372,1,738,50.41
North 24 Parganas,101,N24P-101,26,Temple Hall 26,282,279,0,561,49.73
North 24 Parganas,101,N24P-101,27,Health Sub-Centre 27,332,336,1,669,50.22
North 24 Parganas,101,N24P-101,28,Health Sub-Centre 28,273,273,0,546,50.0
North 24 Parganas,101,N24P-101,29,Market Building 29,336,312,0,648,48.15
North 24 Parganas,101,N24P-101,30,Market Building 30,422,394,1,817,48.23
North 24 Parganas,101,N24P-101,31,Anganwadi Centre 31,344,308,0,652,47.24
North 24 Parganas,101,N24P-101,32,Temple Hall 32,391,370,0,761,48.62
North 24 Parganas,101,N24P-101,33,Anganwadi Centre 33,312,296,1,609,48.6
North 24 Parganas,101,N24P-101,34,Community Hall 34,249,241,1,491,49.08
North 24 Parganas,101,N24P-101,35,Govt Office 35,402,388,0,790,49.11
North 24 Parganas,101,N24P-101,36,Panchayat Bhavan 36,395,393,1,789,49.81
North 24 Parganas,101,N24P-101,37,High School 37,288,285,0,573,49.74
North 24 Parganas,101,N24P-101,38,Primary School 38,331,325,0,656,49.54
North 24 Parganas,101,N24P-101,39,Anganwadi Centre 39,382,343,0,725,47.31
North 24 Parganas,101,N24P-101,40,Health Sub-Centre 40,249,251,1,501,50.1
North 24 Parganas,101,N24P-101,41,Madrasa 41,344,353,0,697,50.65
North 24 Parganas,101,N24P-101,42,Panchayat Bhavan 42,260,251,0,511,49.12
North 24 Parganas,101,N24P-101,43,Govt Office 43,310,311,0,621,50.08
North 24 Parganas,101,N24P-101,44,Madrasa 44,401,388,1,790,49.11
North 24 Parganas,101,N24P-101,45,Panchayat Bhavan 45,310,309,0,619,49.92
North 24 Parganas,101,N24P-101,46,Community Hall 46,373,361,0,734,49.18
North 24 Parganas,101,N24P-101,47,Govt Office 47,414,398,1,813,48.95
North 24 Parganas,101,N24P-101,48,Panchayat Bhavan 48,346,312,1,659,47.34
North 24 Parganas,101,N24P-101,49,Panchayat Bhavan 49,373,376,0,749,50.2
North 24 Parganas,101,N24P-101,50,Market Building 50,404,380,0,784,48.47
North 24 Parganas,101,N24P-101,51,Post Office 51,259,248,1,508,48.82
North 24 Parganas,101,N24P-101,52,Primary School 52,351,356,1,708,50.28
North 24 Parganas,101,N24P-101,53,Temple Hall 53,249,248,0,497,49.9
North 24 Parganas,101,N24P-101,54,Temple Hall 54,327,315,1,643,48.99
North 24 Parganas,101,N24P-101,55,Post Office 55,256,253,1,510,49.61
North 24 Parganas,101,N24P-101,56,High School 56,304,281,1,586,47.95
North 24 Parganas,101,N24P-101,57,Post Office 57,321,295,1,617,47.81
North 24 Parganas,101,N24P-101,58,High School 58,326,296,1,623,47.51
North 24 Parganas,101,N24P-101,59,Anganwadi Centre 59,352,350,0,702,49.86
North 24 Parganas,101,N24P-101,60,Market Building 60,328,313,0,641,48.83
North 24 Parganas,101,N24P-101,61,Temple Hall 61,316,304,0,620,49.03
North 24 Parganas,101,N24P-101,62,Community Hall 62,309,305,1,615,49.59
North 24 Parganas,101,N24P-101,63,Health Sub-Centre 63,390,368,1,759,48.48
North 24 Parganas,101,N24P-101,64,Temple Hall 64,282,279,1,562,49.64
North 24 Parganas,101,N24P-101,65,Club Building 65,375,358,0,733,48.84
North 24 Parganas,101,N24P-101,66,Primary School 66,266,247,1,514,48.05
North 24 Parganas,101,N24P-101,67,High School 67,264,255,1,520,49.04
North 24 Parganas,101,N24P-101,68,Temple Hall 68,403,381,0,784,48.6
North 24 Parganas,101,N24P-101,69,Madrasa 69,268,242,0,510,47.45
North 24 Parganas,101,N24P-101,70,Market Building 70,348,343,0,691,49.64
North 24 Parganas,101,N24P-101,71,Govt Office 71,320,327,1,648,50.46
North 24 Parganas,101,N24P-101,72,Post Office 72,360,347,1,708,49.01
North 24 Parganas,101,N24P-101,73,Primary School 73,372,352,1,725,48.55
North 24 Parganas,101,N24P-101,74,High School 74,284,263,1,548,47.99
North 24 Parganas,101,N24P-101,75,Post Office 75,322,302,0,624,48.4
North 24 Parganas,101,N24P-101,76,Govt Office 76,312,307,0,619,49.6
North 24 Parganas,101,N24P-101,77,Club Building 77,380,372,0,752,49.47
North 24 Parganas,101,N24P-101,78,Madrasa 78,330,331,1,662,50.0
North 24 Parganas,101,N24P-101,79,Post Office 79,289,282,1,572,49.3
North 24 Parganas,101,N24P-101,80,Madrasa 80,341,323,1,665,48.57
North 24 Parganas,101,N24P-101,81,Primary School 81,313,294,1,608,48.36
North 24 Parganas,101,N24P-101,82,Anganwadi Centre 82,299,300,0,599,50.08
North 24 Parganas,101,N24P-101,83,Madrasa 83,364,344,1,709,48.52
North 24 Parganas,101,N24P-101,84,Market Building 84,308,292,1,601,48.59
North 24 Parganas,101,N24P-101,85,Anganwadi Centre 85,295,271,0,566,47.88
North 24 Parganas,101,N24P-101,86,Community Hall 86,314,299,1,614,48.7
North 24 Parganas,101,N24P-101,87,Madrasa 87,312,300,1,613,48.94
North 24 Parganas,101,N24P-101,88,Anganwadi Centre 88,366,372,0,738,50.41
North 24 Parganas,101,N24P-101,89,High School 89,403,415,0,818,50.73
North 24 Parganas,101,N24P-101,90,Club Building 90,384,382,1,767,49.8
North 24 Parganas,101,N24P-101,91,Primary School 91,411,378,1,790,47.85
North 24 Parganas,101,N24P-101,92,Temple Hall 92,307,311,1,619,50.24
North 24 Parganas,101,N24P-101,93,High School 93,275,279,1,555,50.27
North 24 Parganas,101,N24P-101,94,Community Hall 94,330,330,0,660,50.0
North 24 Parganas,101,N24P-101,95,Panchayat Bhavan 95,400,412,1,813,50.68
North 24 Parganas,101,N24P-101,96,Temple Hall 96,256,235,1,492,47.76
North 24 Parganas,101,N24P-101,97,Community Hall 97,305,296,1,602,49.17
North 24 Parganas,101,N24P-101,98,Govt Office 98,284,286,0,570,50.18
North 24 Parganas,101,N24P-101,99,Health Sub-Centre 99,393,401,1,795,50.44
North 24 Parganas,101,N24P-101,100,Health Sub-Centre 100,249,233,1,483,48.24
North 24 Parganas,101,N24P-101,101,Health Sub-Centre 101,385,363,0,748,48.53
North 24 Parganas,101,N24P-101,102,Market Building 102,364,346,1,711,48.66
North 24 Parganas,101,N24P-101,103,Post Office 103,289,279,1,569,49.03
North 24 Parganas,101,N24P-101,104,Post Office 104,375,342,1,718,47.63
North 24 Parganas,101,N24P-101,105,Health Sub-Centre 105,388,372,1,761,48.88
North 24 Parganas,101,N24P-101,106,High School 106,269,253,1,523,48.37
North 24 Parganas,101,N24P-101,107,Panchayat Bhavan 107,357,328,1,686,47.81
North 24 Parganas,101,N24P-101,108,Panchayat Bhavan 108,333,340,0,673,50.52
North 24 Parganas,101,N24P-101,109,High School 109,376,374,0,750,49.87
North 24 Parganas,101,N24P-101,110,High School 110,332,297,0,629,47.22
North 24 Parganas,101,N24P-101,111,Club Building 111,388,383,0,771,49.68
North 24 Parganas,101,N24P-101,112,Club Building 112,358,339,0,697,48.64
North 24 Parganas,101,N24P-101,113,Anganwadi Centre 113,292,273,1,566,48.23
North 24 Parganas,101,N24P-101,114,Post Office 114,385,373,1,759,49.14
North 24 Parganas,101,N24P-101,115,Health Sub-Centre 115,355,326,0,681,47.87
North 24 Parganas,101,N24P-101,116,Anganwadi Centre 116,286,263,1,550,47.82
North 24 Parganas,101,N24P-101,117,Community Hall 117,405,397,0,802,49.5
North 24 Parganas,101,N24P-101,118,Post Office 118,375,356,1,732,48.63
North 24 Parganas,101,N24P-101,119,High School 119,246,254,1,501,50.7
North 24 Parganas,101,N24P-101,120,Market Building 120,338,342,0,680,50.29
North 24 Parganas,101,N24P-101,121,Post Office 121,313,303,1,617,49.11
North 24 Parganas,101,N24P-101,122,Health Sub-Centre 122,413,378,1,792,47.73
North 24 Parganas,101,N24P-101,123,Madrasa 123,337,332,0,669,49.63
North 24 Parganas,101,N24P-101,124,Primary School 124,282,275,0,557,49.37
North 24 Parganas,101,N24P-101,125,Panchayat Bhavan 125,415,382,0,797,47.93
North 24 Parganas,101,N24P-101,126,Community Hall 126,366,339,1,706,48.02
North 24 Parganas,101,N24P-101,127,High School 127,267,277,1,545,50.83
North 24 Parganas,101,N24P-101,128,Health Sub-Centre 128,263,249,1,513,48.54
North 24 Parganas,101,N24P-101,129,Health Sub-Centre 129,286,289,0,575,50.26
North 24 Parganas,101,N24P-101,130,High School 130,267,269,1,537,50.09
North 24 Parganas,101,N24P-101,131,Post Office 131,371,336,0,707,47.52
North 24 Parganas,101,N24P-101,132,Market Building 132,252,240,1,493,48.68
North 24 Parganas,101,N24P-101,133,High School 133,344,354,0,698,50.72
North 24 Parganas,101,N24P-101,134,Community Hall 134,307,279,1,587,47.53
North 24 Parganas,101,N24P-101,135,Panchayat Bhavan 135,332,308,0,640,48.12
North 24 Parganas,101,N24P-101,136,Madrasa 136,339,345,0,684,50.44
North 24 Parganas,101,N24P-101,137,Madrasa 137,318,327,0,645,50.7
North 24 Parganas,101,N24P-101,138,Temple Hall 138,314,291,0,605,48.1
North 24 Parganas,101,N24P-101,139,Madrasa 139,277,248,0,525,47.24
North 24 Parganas,101,N24P-101,140,Madrasa 140,317,315,1,633,49.76
North 24 Parganas,101,N24P-101,141,Anganwadi Centre 141,412,372,1,785,47.39
North 24 Parganas,101,N24P-101,142,High School 142,362,347,0,709,48.94
North 24 Parganas,101,N24P-101,143,Health Sub-Centre 143,382,342,1,725,47.17
North 24 Parganas,101,N24P-101,144,Health Sub-Centre 144,409,406,1,816,49.75
North 24 Parganas,101,N24P-101,145,Community Hall 145,302,278,0,580,47.93
North 24 Parganas,101,N24P-101,146,Club Building 146,304,285,1,590,48.31
North 24 Parganas,101,N24P-101,147,Anganwadi Centre 147,288,289,1,578,50.0
North 24 Parganas,101,N24P-101,148,Club Building 148,377,364,0,741,49.12
North 24 Parganas,101,N24P-101,149,Market Building 149,376,359,1,736,48.78
North 24 Parganas,101,N24P-101,150,Temple Hall 150,311,321,1,633,50.71
North 24 Parganas,101,N24P-101,151,Primary School 151,316,322,0,638,50.47
North 24 Parganas,101,N24P-101,152,Govt Office 152,420,398,0,818,48.66
North 24 Parganas,101,N24P-101,153,Anganwadi Centre 153,343,348,0,691,50.36
North 24 Parganas,101,N24P-101,154,Temple Hall 154,277,273,1,551,49.55
North 24 Parganas,101,N24P-101,155,Govt Office 155,253,237,1,491,48.27
North 24 Parganas,101,N24P-101,156,High School 156,402,393,0,795,49.43
North 24 Parganas,101,N24P-101,157,Community Hall 157,266,259,0,525,49.33
North 24 Parganas,101,N24P-101,158,Market Building 158,367,341,0,708,48.16
North 24 Parganas,101,N24P-101,159,Anganwadi Centre 159,413,388,1,802,48.38
North 24 Parganas,101,N24P-101,160,Primary School 160,418,401,0,819,48.96
North 24 Parganas,101,N24P-101,161,Health Sub-Centre 161,393,381,0,774,49.22
North 24 Parganas,101,N24P-101,162,High School 162,379,346,0,725,47.72
North 24 Parganas,101,N24P-101,163,Health Sub-Centre 163,272,278,0,550,50.55
North 24 Parganas,101,N24P-101,164,Anganwadi Centre 164,280,277,0,557,49.73
North 24 Parganas,101,N24P-101,165,High School 165,390,395,0,785,50.32
North 24 Parganas,101,N24P-101,166,Anganwadi Centre 166,330,337,1,668,50.45
North 24 Parganas,101,N24P-101,167,Club Building 167,324,333,1,658,50.61
North 24 Parganas,101,N24P-101,168,Temple Hall 168,266,254,0,520,48.85
North 24 Parganas,101,N24P-101,169,Panchayat Bhavan 169,395,406,0,801,50.69
North 24 Parganas,101,N24P-101,170,Primary School 170,258,241,0,499,48.3
North 24 Parganas,101,N24P-101,171,Club Building 171,325,321,1,647,49.61
North 24 Parganas,101,N24P-101,172,High School 172,393,353,0,746,47.32
North 24 Parganas,101,N24P-101,173,Club Building 173,323,297,0,620,47.9
North 24 Parganas,101,N24P-101,174,Community Hall 174,237,242,1,480,50.42
North 24 Parganas,101,N24P-101,175,High School 175,302,278,0,580,47.93
North 24 Parganas,101,N24P-101,176,Anganwadi Centre 176,339,316,1,656,48.17
North 24 Parganas,101,N24P-101,177,Anganwadi Centre 177,403,400,0,803,49.81
North 24 Parganas,101,N24P-101,178,Anganwadi Centre 178,260,260,1,521,49.9
North 24 Parganas,101,N24P-101,179,Anganwadi Centre 179,271,264,0,535,49.35
North 24 Parganas,101,N24P-101,180,High School 180,266,247,1,514,48.05
North 24 Parganas,101,N24P-101,181,Temple Hall 181,368,361,1,730,49.45
North 24 Parganas,101,N24P-101,182,Anganwadi Centre 182,403,367,1,771,47.6
North 24 Parganas,101,N24P-101,183,Club Building 183,322,312,0,634,49.21
North 24 Parganas,101,N24P-101,184,High School 184,244,248,0,492,50.41
North 24 Parganas,101,N24P-101,185,High School 185,346,349,0,695,50.22
North 24 Parganas,102,N24P-102,1,Temple Hall 1,324,330,0,654,50.46
North 24 Parganas,102,N24P-102,2,Community Hall 2,364,328,1,693,47.33
North 24 Parganas,102,N24P-102,3,Market Building 3,296,290,1,587,49.4
North 24 Parganas,102,N24P-102,4,Panchayat Bhavan 4,292,287,1,580,49.48
North 24 Parganas,102,N24P-102,5,Primary School 5,285,258,1,544,47.43
North 24 Parganas,102,N24P-102,6,Panchayat Bhavan 6,276,262,1,539,48.61
North 24 Parganas,102,N24P-102,7,Madrasa 7,395,407,0,802,50.75
North 24 Parganas,102,N24P-102,8,Club Building 8,308,283,1,592,47.8
North 24 Parganas,102,N24P-102,9,Community Hall 9,281,287,0,568,50.53
North 24 Parganas,102,N24P-102,10,Club Building 10,399,385,1,785,49.04
North 24 Parganas,102,N24P-102,11,Madrasa 11,315,305,1,621,49.11
North 24 Parganas,102,N24P-102,12,Market Building 12,326,336,0,662,50.76
North 24 Parganas,102,N24P-102,13,Govt Office 13,349,338,0,687,49.2
North 24 Parganas,102,N24P-102,14,Market Building 14,328,295,1,624,47.28
North 24 Parganas,102,N24P-102,15,High School 15,355,354,1,710,49.86
North 24 Parganas,102,N24P-102,16,Madrasa 16,258,263,0,521,50.48
North 24 Parganas,102,N24P-102,17,Panchayat Bhavan 17,295,286,0,581,49.23
North 24 Parganas,102,N24P-102,18,Temple Hall 18,375,367,0,742,49.46
North 24 Parganas,102,N24P-102,19,Post Office 19,339,342,1,682,50.15
North 24 Parganas,102,N24P-102,20,Govt Office 20,354,350,1,705,49.65
North 24 Parganas,102,N24P-102,21,Market Building 21,254,262,1,517,50.68
North 24 Parganas,102,N24P-102,22,Health Sub-Centre 22,366,371,1,738,50.27
North 24 Parganas,102,N24P-102,23,Anganwadi Centre 23,260,241,0,501,48.1
North 24 Parganas,102,N24P-102,24,Primary School 24,320,293,0,613,47.8
North 24 Parganas,102,N24P-102,25,Madrasa 25,374,369,0,743,49.66
North 24 Parganas,102,N24P-102,26,Post Office 26,376,379,1,756,50.13
North 24 Parganas,102,N24P-102,27,Panchayat Bhavan 27,371,372,0,743,50.07
North 24 Parganas,102,N24P-102,28,Post Office 28,381,342,1,724,47.24
North 24 Parganas,102,N24P-102,29,Primary School 29,293,292,0,585,49.91
North 24 Parganas,102,N24P-102,30,Anganwadi Centre 30,328,339,1,668,50.75
North 24 Parganas,102,N24P-102,31,Panchayat Bhavan 31,406,401,1,808,49.63
North 24 Parganas,102,N24P-102,32,Health Sub-Centre 32,260,250,1,511,48.92
North 24 Parganas,102,N24P-102,33,Primary School 33,258,260,1,519,50.1
North 24 Parganas,102,N24P-102,34,Community Hall 34,404,379,0,783,48.4
North 24 Parganas,102,N24P-102,35,Health Sub-Centre 35,252,235,0,487,48.25
North 24 Parganas,102,N24P-102,36,High School 36,275,255,1,531,48.02
North 24 Parganas,102,N24P-102,37,Primary School 37,364,369,0,733,50.34
North 24 Parganas,102,N24P-102,38,Community Hall 38,315,305,1,621,49.11
North 24 Parganas,102,N24P-102,39,Market Building 39,428,388,0,816,47.55
North 24 Parganas,102,N24P-102,40,Primary School 40,291,287,0,578,49.65
North 24 Parganas,102,N24P-102,41,Govt Office 41,402,375,1,778,48.2
North 24 Parganas,102,N24P-102,42,Temple Hall 42,331,311,0,642,48.44
North 24 Parganas,102,N24P-102,43,Madrasa 43,396,375,1,772,48.58
North 24 Parganas,102,N24P-102,44,High School 44,367,332,1,700,47.43
North 24 Parganas,102,N24P-102,45,Primary School 45,281,277,1,559,49.55
North 24 Parganas,102,N24P-102,46,Anganwadi Centre 46,254,258,0,512,50.39
North 24 Parganas,102,N24P-102,47,Madrasa 47,291,286,0,577,49.57
North 24 Parganas,102,N24P-102,48,Post Office 48,281,273,0,554,49.28
North 24 Parganas,102,N24P-102,49,Community Hall 49,367,333,0,700,47.57
North 24 Parganas,102,N24P-102,50,Community Hall 50,366,377,0,743,50.74
North 24 Parganas,102,N24P-102,51,Govt Office 51,252,246,1,499,49.3
North 24 Parganas,102,N24P-102,52,High School 52,344,346,0,690,50.14
North 24 Parganas,102,N24P-102,53,Temple Hall 53,337,340,1,678,50.15
North 24 Parganas,102,N24P-102,54,Temple Hall 54,397,371,0,768,48.31
North 24 Parganas,102,N24P-102,55,High School 55,424,382,0,806,47.39
North 24 Parganas,102,N24P-102,56,Temple Hall 56,283,281,0,564,49.82
North 24 Parganas,102,N24P-102,57,Anganwadi Centre 57,256,234,1,491,47.66
North 24 Parganas,102,N24P-102,58,Market Building 58,347,327,1,675,48.44
North 24 Parganas,102,N24P-102,59,Govt Office 59,343,336,0,679,49.48
North 24 Parganas,102,N24P-102,60,Club Building 60,301,292,0,593,49.24
North 24 Parganas,102,N24P-102,61,Panchayat Bhavan 61,380,357,1,738,48.37
North 24 Parganas,102,N24P-102,62,Govt Office 62,330,307,0,637,48.19
North 24 Parganas,102,N24P-102,63,Community Hall 63,388,349,1,738,47.29
North 24 Parganas,102,N24P-102,64,Madrasa 64,415,404,0,819,49.33
North 24 Parganas,102,N24P-102,65,Madrasa 65,297,285,0,582,48.97
North 24 Parganas,102,N24P-102,66,Govt Office 66,408,385,1,794,48.49
North 24 Parganas,102,N24P-102,67,Health Sub-Centre 67,377,370,1,748,49.47
North 24 Parganas,102,N24P-102,68,Post Office 68,306,291,1,598,48.66
North 24 Parganas,102,N24P-102,69,Temple Hall 69,381,350,0,731,47.88
North 24 Parganas,102,N24P-102,70,Community Hall 70,375,360,1,736,48.91
North 24 Parganas,102,N24P-102,71,Anganwadi Centre 71,267,274,1,542,50.55
North 24 Parganas,102,N24P-102,72,Temple Hall 72,256,263,1,520,50.58
North 24 Parganas,102,N24P-102,73,Madrasa 73,354,361,0,715,50.49
North 24 Parganas,102,N24P-102,74,Anganwadi Centre 74,336,316,1,653,48.39
North 24 Parganas,102,N24P-102,75,Govt Office 75,331,330,1,662,49.85
North 24 Parganas,102,N24P-102,76,Market Building 76,409,389,0,798,48.75
North 24 Parganas,102,N24P-102,77,Post Office 77,336,306,0,642,47.66
North 24 Parganas,102,N24P-102,78,Govt Office 78,303,277,1,581,47.68
North 24 Parganas,102,N24P-102,79,Market Building 79,307,307,1,615,49.92
North 24 Parganas,102,N24P-102,80,Market Building 80,288,279,0,567,49.21
North 24 Parganas,102,N24P-102,81,Anganwadi Centre 81,296,266,0,562,47.33
North 24 Parganas,102,N24P-102,82,Govt Office 82,261,256,1,518,49.42
North 24 Parganas,102,N24P-102,83,Market Building 83,349,327,0,676,48.37
North 24 Parganas,102,N24P-102,84,Govt Office 84,420,390,1,811,48.09
North 24 Parganas,102,N24P-102,85,Post Office 85,255,240,1,496,48.39
North 24 Parganas,102,N24P-102,86,High School 86,373,371,0,744,49.87
North 24 Parganas,102,N24P-102,87,Govt Office 87,322,305,1,628,48.57
North 24 Parganas,102,N24P-102,88,Primary School 88,348,322,0,670,48.06
North 24 Parganas,102,N24P-102,89,Panchayat Bhavan 89,285,265,0,550,48.18
North 24 Parganas,102,N24P-102,90,Panchayat Bhavan 90,257,231,0,488,47.34
North 24 Parganas,102,N24P-102,91,Community Hall 91,265,247,1,513,48.15
North 24 Parganas,102,N24P-102,92,Post Office 92,301,273,0,574,47.56
North 24 Parganas,102,N24P-102,93,Madrasa 93,413,395,0,808,48.89
North 24 Parganas,102,N24P-102,94,Temple Hall 94,328,323,0,651,49.62
North 24 Parganas,102,N24P-102,95,Primary School 95,271,276,1,548,50.36
North 24 Parganas,102,N24P-102,96,Temple Hall 96,428,390,0,818,47.68
North 24 Parganas,102,N24P-102,97,Anganwadi Centre 97,322,313,1,636,49.21
North 24 Parganas,102,N24P-102,98,Temple Hall 98,414,398,1,813,48.95
North 24 Parganas,102,N24P-102,99,Market Building 99,295,278,1,574,48.43
North 24 Parganas,102,N24P-102,100,Madrasa 100,334,302,0,636,47.48
North 24 Parganas,102,N24P-102,101,Community Hall 101,241,245,1,487,50.31
North 24 Parganas,102,N24P-102,102,Govt Office 102,401,394,1,796,49.5
North 24 Parganas,102,N24P-102,103,Panchayat Bhavan 103,356,352,0,708,49.72
North 24 Parganas,102,N24P-102,104,Primary School 104,395,374,0,769,48.63
North 24 Parganas,102,N24P-102,105,Anganwadi Centre 105,370,336,0,706,47.59
North 24 Parganas,102,N24P-102,106,Market Building 106,318,306,0,624,49.04
North 24 Parganas,102,N24P-102,107,Primary School 107,334,328,0,662,49.55
North 24 Parganas,102,N24P-102,108,Primary School 108,277,250,1,528,47.35
North 24 Parganas,102,N24P-102,109,Anganwadi Centre 109,325,298,1,624,47.76
North 24 Parganas,102,N24P-102,110,Panchayat Bhavan 110,309,285,0,594,47.98
North 24 Parganas,102,N24P-102,111,Panchayat Bhavan 111,399,362,1,762,47.51
North 24 Parganas,102,N24P-102,112,Club Building 112,308,280,0,588,47.62
North 24 Parganas,102,N24P-102,113,Community Hall 113,343,343,1,687,49.93
North 24 Parganas,102,N24P-102,114,Anganwadi Centre 114,314,322,1,637,50.55
North 24 Parganas,102,N24P-102,115,High School 115,384,345,0,729,47.33
North 24 Parganas,102,N24P-102,116,High School 116,387,401,1,789,50.82
North 24 Parganas,102,N24P-102,117,Health Sub-Centre 117,280,255,1,536,47.57
North 24 Parganas,102,N24P-102,118,Panchayat Bhavan 118,373,339,0,712,47.61
North 24 Parganas,102,N24P-102,119,Health Sub-Centre 119,383,349,1,733,47.61
North 24 Parganas,102,N24P-102,120,Community Hall 120,360,324,1,685,47.3
North 24 Parganas,102,N24P-102,121,Temple Hall 121,284,262,0,546,47.99
North 24 Parganas,102,N24P-102,122,Temple Hall 122,326,307,1,634,48.42
North 24 Parganas,102,N24P-102,123,Post Office 123,337,335,0,672,49.85
North 24 Parganas,102,N24P-102,124,Market Building 124,256,258,1,515,50.1
North 24 Parganas,102,N24P-102,125,Health Sub-Centre 125,389,373,0,762,48.95
North 24 Parganas,102,N24P-102,126,Market Building 126,252,238,1,491,48.47
North 24 Parganas,102,N24P-102,127,Health Sub-Centre 127,269,243,1,513,47.37
North 24 Parganas,102,N24P-102,128,Primary School 128,308,303,1,612,49.51
North 24 Parganas,102,N24P-102,129,Community Hall 129,265,244,1,510,47.84
North 24 Parganas,102,N24P-102,130,Community Hall 130,375,365,0,740,49.32
North 24 Parganas,102,N24P-102,131,Anganwadi Centre 131,314,322,1,637,50.55
North 24 Parganas,102,N24P-102,132,Primary School 132,299,284,1,584,48.63
North 24 Parganas,102,N24P-102,133,Temple Hall 133,323,302,1,626,48.24
North 24 Parganas,102,N24P-102,134,Club Building 134,374,340,0,714,47.62
North 24 Parganas,102,N24P-102,135,Temple Hall 135,261,252,1,514,49.03
North 24 Parganas,102,N24P-102,136,Post Office 136,355,349,1,705,49.5
North 24 Parganas,102,N24P-102,137,Post Office 137,370,346,1,717,48.26
North 24 Parganas,102,N24P-102,138,Temple Hall 138,372,372,1,745,49.93
North 24 Parganas,102,N24P-102,139,Temple Hall 139,278,266,0,544,48.9
North 24 Parganas,102,N24P-102,140,Market Building 140,305,299,0,604,49.5
North 24 Parganas,102,N24P-102,141,Madrasa 141,371,373,0,744,50.13
North 24 Parganas,102,N24P-102,142,High School 142,352,339,1,692,48.99
North 24 Parganas,102,N24P-102,143,Market Building 143,293,295,1,589,50.08
North 24 Parganas,102,N24P-102,144,Anganwadi Centre 144,413,390,1,804,48.51
North 24 Parganas,102,N24P-102,145,Temple Hall 145,360,353,0,713,49.51
North 24 Parganas,102,N24P-102,146,Post Office 146,362,353,0,715,49.37
North 24 Parganas,102,N24P-102,147,Market Building 147,355,350,1,706,49.58
North 24 Parganas,102,N24P-102,148,Primary School 148,415,392,0,807,48.57
North 24 Parganas,102,N24P-102,149,High School 149,257,233,0,490,47.55
North 24 Parganas,102,N24P-102,150,Govt Office 150,321,292,1,614,47.56
North 24 Parganas,102,N24P-102,151,Market Building 151,334,325,0,659,49.32
North 24 Parganas,102,N24P-102,152,Club Building 152,290,282,1,573,49.21
North 24 Parganas,102,N24P-102,153,Primary School 153,356,352,1,709,49.65
North 24 Parganas,102,N24P-102,154,Madrasa 154,343,324,0,667,48.58
North 24 Parganas,102,N24P-102,155,Market Building 155,271,261,1,533,48.97
North 24 Parganas,102,N24P-102,156,Govt Office 156,386,365,1,752,48.54
North 24 Parganas,102,N24P-102,157,Temple Hall 157,417,395,0,812,48.65
North 24 Parganas,102,N24P-102,158,Govt Office 158,320,297,1,618,48.06
North 24 Parganas,102,N24P-102,159,Primary School 159,370,368,0,738,49.86
North 24 Parganas,102,N24P-102,160,High School 160,299,274,1,574,47.74
North 24 Parganas,102,N24P-102,161,Primary School 161,246,234,1,481,48.65
North 24 Parganas,102,N24P-102,162,Govt Office 162,372,341,1,714,47.76
North 24 Parganas,102,N24P-102,163,Temple Hall 163,252,259,0,511,50.68
North 24 Parganas,102,N24P-102,164,Primary School 164,316,305,1,622,49.04
North 24 Parganas,102,N24P-102,165,Post Office 165,410,388,0,798,48.62
North 24 Parganas,102,N24P-102,166,Anganwadi Centre 166,292,275,0,567,48.5
North 24 Parganas,102,N24P-102,167,Temple Hall 167,296,306,0,602,50.83
North 24 Parganas,102,N24P-102,168,Govt Office 168,399,374,0,773,48.38
North 24 Parganas,102,N24P-102,169,Club Building 169,262,248,0,510,48.63
North 24 Parganas,102,N24P-102,170,Market Building 170,345,311,1,657,47.34
North 24 Parganas,102,N24P-102,171,Health Sub-Centre 171,270,267,1,538,49.63
North 24 Parganas,102,N24P-102,172,Govt Office 172,386,359,1,746,48.12
North 24 Parganas,102,N24P-102,173,High School 173,303,287,1,591,48.56
North 24 Parganas,102,N24P-102,174,Primary School 174,264,268,0,532,50.38
North 24 Parganas,102,N24P-102,175,Post Office 175,298,268,1,567,47.27
North 24 Parganas,102,N24P-102,176,Primary School 176,343,342,1,686,49.85
North 24 Parganas,102,N24P-102,177,High School 177,361,329,0,690,47.68
North 24 Parganas,102,N24P-102,178,Madrasa 178,347,317,1,665,47.67
North 24 Parganas,102,N24P-102,179,Anganwadi Centre 179,274,268,1,543,49.36
North 24 Parganas,102,N24P-102,180,Primary School 180,282,288,1,571,50.44
North 24 Parganas,102,N24P-102,181,Panchayat Bhavan 181,331,320,1,652,49.08
North 24 Parganas,102,N24P-102,182,Community Hall 182,257,264,0,521,50.67
North 24 Parganas,103,N24P-103,1,Community Hall 1,301,270,0,571,47.29
North 24 Parganas,103,N24P-103,2,Post Office 2,310,281,0,591,47.55
North 24 Parganas,103,N24P-103,3,Health Sub-Centre 3,373,341,0,714,47.76
North 24 Parganas,103,N24P-103,4,Health Sub-Centre 4,372,345,1,718,48.05
North 24 Parganas,103,N24P-103,5,Post Office 5,400,369,1,770,47.92
North 24 Parganas,103,N24P-103,6,Primary School 6,328,301,1,630,47.78
North 24 Parganas,103,N24P-103,7,Temple Hall 7,265,256,1,522,49.04
North 24 Parganas,103,N24P-103,8,Panchayat Bhavan 8,412,395,1,808,48.89
North 24 Parganas,103,N24P-103,9,High School 9,369,368,0,737,49.93
North 24 Parganas,103,N24P-103,10,Primary School 10,280,253,0,533,47.47
North 24 Parganas,103,N24P-103,11,Panchayat Bhavan 11,420,394,0,814,48.4
North 24 Parganas,103,N24P-103,12,Govt Office 12,391,360,0,751,47.94
North 24 Parganas,103,N24P-103,13,Primary School 13,299,287,1,587,48.89
North 24 Parganas,103,N24P-103,14,Club Building 14,320,298,0,618,48.22
North 24 Parganas,103,N24P-103,15,Community Hall 15,423,391,0,814,48.03
North 24 Parganas,103,N24P-103,16,Health Sub-Centre 16,315,306,1,622,49.2
North 24 Parganas,103,N24P-103,17,High School 17,311,296,1,608,48.68
North 24 Parganas,103,N24P-103,18,Temple Hall 18,289,276,1,566,48.76
North 24 Parganas,103,N24P-103,19,Govt Office 19,343,323,1,667,48.43
North 24 Parganas,103,N24P-103,20,Market Building 20,364,355,0,719,49.37
North 24 Parganas,103,N24P-103,21,Govt Office 21,396,385,0,781,49.3
North 24 Parganas,103,N24P-103,22,Market Building 22,267,273,1,541,50.46
North 24 Parganas,103,N24P-103,23,Anganwadi Centre 23,354,320,1,675,47.41
North 24 Parganas,103,N24P-103,24,High School 24,256,240,1,497,48.29
North 24 Parganas,103,N24P-103,25,Market Building 25,263,241,1,505,47.72
North 24 Parganas,103,N24P-103,26,Community Hall 26,409,402,1,812,49.51
North 24 Parganas,103,N24P-103,27,Community Hall 27,331,299,0,630,47.46
North 24 Parganas,103,N24P-103,28,Govt Office 28,297,284,0,581,48.88
North 24 Parganas,103,N24P-103,29,Primary School 29,400,395,1,796,49.62
North 24 Parganas,103,N24P-103,30,Club Building 30,341,307,1,649,47.3
North 24 Parganas,103,N24P-103,31,Govt Office 31,293,272,1,566,48.06
North 24 Parganas,103,N24P-103,32,Madrasa 32,317,302,1,620,48.71
North 24 Parganas,103,N24P-103,33,High School 33,359,323,1,683,47.29
North 24 Parganas,103,N24P-103,34,Club Building 34,265,258,0,523,49.33
North 24 Parganas,103,N24P-103,35,Govt Office 35,322,321,0,643,49.92
North 24 Parganas,103,N24P-103,36,Anganwadi Centre 36,289,285,1,575,49.57
North 24 Parganas,103,N24P-103,37,Post Office 37,258,258,0,516,50.0
North 24 Parganas,103,N24P-103,38,Madrasa 38,382,358,0,740,48.38
North 24 Parganas,103,N24P-103,39,Govt Office 39,395,392,1,788,49.75
North 24 Parganas,103,N24P-103,40,Govt Office 40,407,369,1,777,47.49
North 24 Parganas,103,N24P-103,41,Madrasa 41,290,264,0,554,47.65
North 24 Parganas,103,N24P-103,42,Health Sub-Centre 42,308,298,0,606,49.17
North 24 Parganas,103,N24P-103,43,Club Building 43,363,342,1,706,48.44
North 24 Parganas,103,N24P-103,44,Market Building 44,266,257,1,524,49.05
North 24 Parganas,103,N24P-103,45,Madrasa 45,379,348,1,728,47.8
North 24 Parganas,103,N24P-103,46,Club Building 46,370,376,0,746,50.4
North 24 Parganas,103,N24P-103,47,Panchayat Bhavan 47,370,331,0,701,47.22
North 24 Parganas,103,N24P-103,48,Temple Hall 48,424,395,0,819,48.23
North 24 Parganas,103,N24P-103,49,Club Building 49,296,283,0,579,48.88
North 24 Parganas,103,N24P-103,50,Club Building 50,422,383,0,805,47.58
North 24 Parganas,103,N24P-103,51,Market Building 51,351,340,1,692,49.13
North 24 Parganas,103,N24P-103,52,Post Office 52,393,352,0,745,47.25
North 24 Parganas,103,N24P-103,53,Panchayat Bhavan 53,401,379,1,781,48.53
North 24 Parganas,103,N24P-103,54,Govt Office 54,267,239,0,506,47.23
North 24 Parganas,103,N24P-103,55,Anganwadi Centre 55,358,370,0,728,50.82
North 24 Parganas,103,N24P-103,56,Community Hall 56,293,290,0,583,49.74
North 24 Parganas,103,N24P-103,57,Health Sub-Centre 57,358,362,0,720,50.28
North 24 Parganas,103,N24P-103,58,Post Office 58,259,239,0,498,47.99
North 24 Parganas,103,N24P-103,59,Panchayat Bhavan 59,272,252,0,524,48.09
North 24 Parganas,103,N24P-103,60,Post Office 60,373,348,0,721,48.27
North 24 Parganas,103,N24P-103,61,Market Building 61,401,370,0,771,47.99
North 24 Parganas,103,N24P-103,62,Anganwadi Centre 62,277,275,1,553,49.73
North 24 Parganas,103,N24P-103,63,Club Building 63,335,311,1,647,48.07
North 24 Parganas,103,N24P-103,64,Club Building 64,275,269,0,544,49.45
North 24 Parganas,103,N24P-103,65,Govt Office 65,384,389,0,773,50.32
North 24 Parganas,103,N24P-103,66,Govt Office 66,335,302,1,638,47.34
North 24 Parganas,103,N24P-103,67,Anganwadi Centre 67,389,353,1,743,47.51
North 24 Parganas,103,N24P-103,68,High School 68,385,351,1,737,47.63
North 24 Parganas,103,N24P-103,69,Anganwadi Centre 69,418,402,0,820,49.02
North 24 Parganas,103,N24P-103,70,Community Hall 70,382,371,0,753,49.27
North 24 Parganas,103,N24P-103,71,Club Building 71,247,242,0,489,49.49
North 24 Parganas,103,N24P-103,72,Community Hall 72,291,278,1,570,48.77
North 24 Parganas,103,N24P-103,73,Post Office 73,323,325,0,648,50.15
North 24 Parganas,103,N24P-103,74,Club Building 74,336,328,0,664,49.4
North 24 Parganas,103,N24P-103,75,Temple Hall 75,379,351,0,730,48.08
North 24 Parganas,103,N24P-103,76,High School 76,379,348,0,727,47.87
North 24 Parganas,103,N24P-103,77,Govt Office 77,315,326,0,641,50.86
North 24 Parganas,103,N24P-103,78,Club Building 78,338,305,0,643,47.43
North 24 Parganas,103,N24P-103,79,Govt Office 79,395,401,0,796,50.38
North 24 Parganas,103,N24P-103,80,Community Hall 80,380,389,1,770,50.52
North 24 Parganas,103,N24P-103,81,Madrasa 81,348,316,1,665,47.52
North 24 Parganas,103,N24P-103,82,Govt Office 82,263,251,1,515,48.74
North 24 Parganas,103,N24P-103,83,High School 83,313,317,1,631,50.24
North 24 Parganas,103,N24P-103,84,Club Building 84,309,285,1,595,47.9
North 24 Parganas,103,N24P-103,85,Post Office 85,237,244,1,482,50.62
North 24 Parganas,103,N24P-103,86,Club Building 86,320,324,1,645,50.23
North 24 Parganas,103,N24P-103,87,High School 87,314,321,1,636,50.47
North 24 Parganas,103,N24P-103,88,Govt Office 88,269,258,0,527,48.96
North 24 Parganas,103,N24P-103,89,Panchayat Bhavan 89,431,386,0,817,47.25
North 24 Parganas,103,N24P-103,90,Health Sub-Centre 90,405,368,0,773,47.61
North 24 Parganas,103,N24P-103,91,Madrasa 91,302,311,1,614,50.65
North 24 Parganas,103,N24P-103,92,Club Building 92,254,253,0,507,49.9
North 24 Parganas,103,N24P-103,93,High School 93,390,386,1,777,49.68
North 24 Parganas,103,N24P-103,94,Market Building 94,343,329,1,673,48.89
North 24 Parganas,103,N24P-103,95,Anganwadi Centre 95,342,322,0,664,48.49
North 24 Parganas,103,N24P-103,96,Anganwadi Centre 96,331,342,1,674,50.74
North 24 Parganas,103,N24P-103,97,Govt Office 97,362,344,0,706,48.73
North 24 Parganas,103,N24P-103,98,Anganwadi Centre 98,298,282,1,581,48.54
North 24 Parganas,103,N24P-103,99,Market Building 99,385,387,1,773,50.06
North 24 Parganas,103,N24P-103,100,Post Office 100,265,268,0,533,50.28
North 24 Parganas,103,N24P-103,101,Market Building 101,242,240,0,482,49.79
North 24 Parganas,103,N24P-103,102,Anganwadi Centre 102,299,308,1,608,50.66
North 24 Parganas,103,N24P-103,103,Club Building 103,265,268,0,533,50.28
North 24 Parganas,103,N24P-103,104,Post Office 104,303,277,1,581,47.68
North 24 Parganas,103,N24P-103,105,Govt Office 105,310,308,1,619,49.76
North 24 Parganas,103,N24P-103,106,Market Building 106,299,273,0,572,47.73
North 24 Parganas,103,N24P-103,107,Temple Hall 107,332,302,0,634,47.63
North 24 Parganas,103,N24P-103,108,Health Sub-Centre 108,389,393,0,782,50.26
North 24 Parganas,103,N24P-103,109,Panchayat Bhavan 109,266,261,0,527,49.53
North 24 Parganas,103,N24P-103,110,Post Office 110,313,298,0,611,48.77
North 24 Parganas,103,N24P-103,111,Anganwadi Centre 111,339,308,0,647,47.6
North 24 Parganas,103,N24P-103,112,Primary School 112,338,328,1,667,49.18
North 24 Parganas,103,N24P-103,113,Govt Office 113,371,368,0,739,49.8
North 24 Parganas,103,N24P-103,114,Madrasa 114,378,343,1,722,47.51
North 24 Parganas,103,N24P-103,115,High School 115,293,292,1,586,49.83
North 24 Parganas,103,N24P-103,116,Temple Hall 116,304,286,1,591,48.39
North 24 Parganas,103,N24P-103,117,Panchayat Bhavan 117,286,296,1,583,50.77
North 24 Parganas,103,N24P-103,118,Anganwadi Centre 118,258,255,0,513,49.71
North 24 Parganas,103,N24P-103,119,Panchayat Bhavan 119,395,407,1,803,50.68
North 24 Parganas,103,N24P-103,120,Post Office 120,289,290,1,580,50.0
North 24 Parganas,103,N24P-103,121,Community Hall 121,419,381,1,801,47.57
North 24 Parganas,103,N24P-103,122,Madrasa 122,305,283,0,588,48.13
North 24 Parganas,103,N24P-103,123,Health Sub-Centre 123,331,302,1,634,47.63
North 24 Parganas,103,N24P-103,124,Primary School 124,381,391,0,772,50.65
North 24 Parganas,103,N24P-103,125,Anganwadi Centre 125,338,345,0,683,50.51
North 24 Parganas,103,N24P-103,126,Madrasa 126,409,400,1,810,49.38
North 24 Parganas,103,N24P-103,127,Health Sub-Centre 127,383,379,0,762,49.74
North 24 Parganas,103,N24P-103,128,Market Building 128,327,308,0,635,48.5
North 24 Parganas,103,N24P-103,129,Anganwadi Centre 129,392,373,0,765,48.76
North 24 Parganas,103,N24P-103,130,Club Building 130,413,406,0,819,49.57
North 24 Parganas,103,N24P-103,131,Anganwadi Centre 131,292,277,1,570,48.6
North 24 Parganas,103,N24P-103,132,Madrasa 132,410,378,1,789,47.91
North 24 Parganas,103,N24P-103,133,High School 133,304,302,1,607,49.75
North 24 Parganas,103,N24P-103,134,High School 134,302,279,1,582,47.94
North 24 Parganas,103,N24P-103,135,Club Building 135,304,289,1,594,48.65
North 24 Parganas,103,N24P-103,136,Primary School 136,266,254,1,521,48.75
North 24 Parganas,103,N24P-103,137,Post Office 137,333,310,0,643,48.21
North 24 Parganas,103,N24P-103,138,Club Building 138,250,240,0,490,48.98
North 24 Parganas,103,N24P-103,139,Temple Hall 139,377,342,1,720,47.5
North 24 Parganas,103,N24P-103,140,Anganwadi Centre 140,311,300,1,612,49.02
North 24 Parganas,103,N24P-103,141,Govt Office 141,331,340,0,671,50.67
North 24 Parganas,103,N24P-103,142,Primary School 142,273,261,1,535,48.79
North 24 Parganas,103,N24P-103,143,Govt Office 143,411,407,1,819,49.69
North 24 Parganas,103,N24P-103,144,Primary School 144,402,382,0,784,48.72
North 24 Parganas,103,N24P-103,145,Govt Office 145,324,294,1,619,47.5
North 24 Parganas,103,N24P-103,146,Market Building 146,413,380,0,793,47.92
North 24 Parganas,103,N24P-103,147,Madrasa 147,333,339,1,673,50.37
North 24 Parganas,103,N24P-103,148,Post Office 148,392,372,1,765,48.63
North 24 Parganas,103,N24P-103,149,Anganwadi Centre 149,323,289,0,612,47.22
North 24 Parganas,103,N24P-103,150,Panchayat Bhavan 150,278,274,1,553,49.55
North 24 Parganas,103,N24P-103,151,Madrasa 151,276,264,1,541,48.8
North 24 Parganas,103,N24P-103,152,Club Building 152,249,231,0,480,48.12
North 24 Parganas,103,N24P-103,153,Health Sub-Centre 153,278,259,0,537,48.23
North 24 Parganas,103,N24P-103,154,Govt Office 154,325,293,1,619,47.33
North 24 Parganas,103,N24P-103,155,Madrasa 155,343,329,1,673,48.89
North 24 Parganas,103,N24P-103,156,Anganwadi Centre 156,362,343,0,705,48.65
North 24 Parganas,103,N24P-103,157,Madrasa 157,331,299,0,630,47.46
North 24 Parganas,103,N24P-103,158,Club Building 158,408,408,1,817,49.94
North 24 Parganas,103,N24P-103,159,Panchayat Bhavan 159,298,282,0,580,48.62
North 24 Parganas,103,N24P-103,160,Govt Office 160,381,358,1,740,48.38
North 24 Parganas,103,N24P-103,161,Panchayat Bhavan 161,370,369,0,739,49.93
North 24 Parganas,103,N24P-103,162,Anganwadi Centre 162,266,273,0,539,50.65
North 24 Parganas,103,N24P-103,163,Health Sub-Centre 163,391,405,1,797,50.82
North 24 Parganas,103,N24P-103,164,Panchayat Bhavan 164,292,297,1,590,50.34
North 24 Parganas,103,N24P-103,165,Anganwadi Centre 165,336,326,1,663,49.17
North 24 Parganas,103,N24P-103,166,Post Office 166,406,369,1,776,47.55
North 24 Parganas,103,N24P-103,167,Health Sub-Centre 167,357,331,1,689,48.04
North 24 Parganas,103,N24P-103,168,Govt Office 168,342,338,0,680,49.71
North 24 Parganas,103,N24P-103,169,Panchayat Bhavan 169,326,324,1,651,49.77
North 24 Parganas,103,N24P-103,170,Club Building 170,367,362,0,729,49.66
North 24 Parganas,103,N24P-103,171,High School 171,357,329,1,687,47.89
North 24 Parganas,103,N24P-103,172,Club Building 172,265,254,0,519,48.94
North 24 Parganas,103,N24P-103,173,Anganwadi Centre 173,331,337,1,669,50.37
North 24 Parganas,103,N24P-103,174,Anganwadi Centre 174,335,315,0,650,48.46
North 24 Parganas,103,N24P-103,175,Club Building 175,305,312,0,617,50.57
North 24 Parganas,103,N24P-103,176,Health Sub-Centre 176,415,404,1,820,49.27
North 24 Parganas,103,N24P-103,177,Health Sub-Centre 177,426,389,1,816,47.67
North 24 Parganas,103,N24P-103,178,Anganwadi Centre 178,359,332,0,691,48.05
North 24 Parganas,103,N24P-103,179,Health Sub-Centre 179,388,385,0,773,49.81
North 24 Parganas,103,N24P-103,180,High School 180,335,314,1,650,48.31
North 24 Parganas,103,N24P-103,181,Panchayat Bhavan 181,358,349,1,708,49.29
North 24 Parganas,103,N24P-103,182,Community Hall 182,270,253,0,523,48.37
North 24 Parganas,103,N24P-103,183,Community Hall 183,277,283,1,561,50.45
North 24 Parganas,103,N24P-103,184,Anganwadi Centre 184,320,318,0,638,49.84
North 24 Parganas,103,N24P-103,185,Govt Office 185,349,335,1,685,48.91
North 24 Parganas,104,N24P-104,1,Post Office 1,280,272,1,553,49.19
North 24 Parganas,104,N24P-104,2,Madrasa 2,323,290,0,613,47.31
North 24 Parganas,104,N24P-104,3,Market Building 3,280,280,1,561,49.91
North 24 Parganas,104,N24P-104,4,Panchayat Bhavan 4,353,365,0,718,50.84
North 24 Parganas,104,N24P-104,5,Club Building 5,346,321,1,668,48.05
North 24 Parganas,104,N24P-104,6,Primary School 6,333,341,0,674,50.59
North 24 Parganas,104,N24P-104,7,Anganwadi Centre 7,354,356,1,711,50.07
North 24 Parganas,104,N24P-104,8,Market Building 8,404,387,0,791,48.93
North 24 Parganas,104,N24P-104,9,Club Building 9,428,382,0,810,47.16
North 24 Parganas,104,N24P-104,10,Anganwadi Centre 10,420,395,0,815,48.47
North 24 Parganas,104,N24P-104,11,Panchayat Bhavan 11,329,295,0,624,47.28
North 24 Parganas,104,N24P-104,12,High School 12,307,315,1,623,50.56
North 24 Parganas,104,N24P-104,13,High School 13,333,331,1,665,49.77
North 24 Parganas,104,N24P-104,14,Anganwadi Centre 14,261,251,0,512,49.02
North 24 Parganas,104,N24P-104,15,Madrasa 15,291,266,0,557,47.76
North 24 Parganas,104,N24P-104,16,Anganwadi Centre 16,263,262,0,525,49.9
North 24 Parganas,104,N24P-104,17,Primary School 17,260,233,1,494,47.17
North 24 Parganas,104,N24P-104,18,Community Hall 18,256,256,0,512,50.0
North 24 Parganas,104,N24P-104,19,Govt Office 19,365,339,1,705,48.09
North 24 Parganas,104,N24P-104,20,Madrasa 20,402,392,1,795,49.31
North 24 Parganas,104,N24P-104,21,Health Sub-Centre 21,336,307,1,644,47.67
North 24 Parganas,104,N24P-104,22,Community Hall 22,290,286,0,576,49.65
North 24 Parganas,104,N24P-104,23,Madrasa 23,390,402,1,793,50.69
North 24 Parganas,104,N24P-104,24,Madrasa 24,363,361,1,725,49.79
North 24 Parganas,104,N24P-104,25,Community Hall 25,331,340,1,672,50.6
North 24 Parganas,104,N24P-104,26,Panchayat Bhavan 26,274,275,0,549,50.09
North 24 Parganas,104,N24P-104,27,Market Building 27,293,294,0,587,50.09
North 24 Parganas,104,N24P-104,28,Temple Hall 28,388,376,1,765,49.15
North 24 Parganas,104,N24P-104,29,Panchayat Bhavan 29,357,335,0,692,48.41
North 24 Parganas,104,N24P-104,30,Health Sub-Centre 30,319,309,0,628,49.2
North 24 Parganas,104,N24P-104,31,Primary School 31,285,265,0,550,48.18
North 24 Parganas,104,N24P-104,32,Club Building 32,277,263,0,540,48.7
North 24 Parganas,104,N24P-104,33,Market Building 33,408,409,1,818,50.0
North 24 Parganas,104,N24P-104,34,Panchayat Bhavan 34,306,308,0,614,50.16
North 24 Parganas,104,N24P-104,35,Community Hall 35,337,330,0,667,49.48
North 24 Parganas,104,N24P-104,36,Temple Hall 36,265,274,1,540,50.74
North 24 Parganas,104,N24P-104,37,Community Hall 37,394,406,0,800,50.75
North 24 Parganas,104,N24P-104,38,Temple Hall 38,422,391,0,813,48.09
North 24 Parganas,104,N24P-104,39,High School 39,373,339,0,712,47.61
North 24 Parganas,104,N24P-104,40,High School 40,398,402,0,800,50.25
North 24 Parganas,104,N24P-104,41,Market Building 41,340,335,1,676,49.56
North 24 Parganas,104,N24P-104,42,High School 42,292,284,0,576,49.31
North 24 Parganas,104,N24P-104,43,Market Building 43,370,379,1,750,50.53
North 24 Parganas,104,N24P-104,44,Market Building 44,418,402,0,820,49.02
North 24 Parganas,104,N24P-104,45,Govt Office 45,251,242,0,493,49.09
North 24 Parganas,104,N24P-104,46,Club Building 46,297,303,0,600,50.5
North 24 Parganas,104,N24P-104,47,Market Building 47,390,385,0,775,49.68
North 24 Parganas,104,N24P-104,48,Post Office 48,274,276,1,551,50.09
North 24 Parganas,104,N24P-104,49,Madrasa 49,393,398,0,791,50.32
North 24 Parganas,104,N24P-104,50,High School 50,360,336,0,696,48.28
North 24 Parganas,104,N24P-104,51,Madrasa 51,398,392,0,790,49.62
North 24 Parganas,104,N24P-104,52,Temple Hall 52,311,317,1,629,50.4
North 24 Parganas,104,N24P-104,53,Anganwadi Centre 53,292,282,0,574,49.13
North 24 Parganas,104,N24P-104,54,Community Hall 54,387,382,0,769,49.67
North 24 Parganas,104,N24P-104,55,Health Sub-Centre 55,246,242,0,488,49.59
North 24 Parganas,104,N24P-104,56,Primary School 56,303,311,0,614,50.65
North 24 Parganas,104,N24P-104,57,Anganwadi Centre 57,312,282,1,595,47.39
North 24 Parganas,104,N24P-104,58,Anganwadi Centre 58,269,249,0,518,48.07
North 24 Parganas,104,N24P-104,59,Market Building 59,254,248,0,502,49.4
North 24 Parganas,104,N24P-104,60,Post Office 60,291,285,1,577,49.39
North 24 Parganas,104,N24P-104,61,Anganwadi Centre 61,279,270,1,550,49.09
North 24 Parganas,104,N24P-104,62,Anganwadi Centre 62,305,298,0,603,49.42
North 24 Parganas,104,N24P-104,63,Primary School 63,403,404,0,807,50.06
North 24 Parganas,104,N24P-104,64,Panchayat Bhavan 64,335,340,1,676,50.3
North 24 Parganas,104,N24P-104,65,Post Office 65,308,284,0,592,47.97
North 24 Parganas,104,N24P-104,66,Panchayat Bhavan 66,332,343,1,676,50.74
North 24 Parganas,104,N24P-104,67,Govt Office 67,321,310,0,631,49.13
North 24 Parganas,104,N24P-104,68,Health Sub-Centre 68,320,312,1,633,49.29
North 24 Parganas,104,N24P-104,69,Panchayat Bhavan 69,403,392,0,795,49.31
North 24 Parganas,104,N24P-104,70,Temple Hall 70,393,371,1,765,48.5
North 24 Parganas,104,N24P-104,71,High School 71,325,324,0,649,49.92
North 24 Parganas,104,N24P-104,72,Market Building 72,242,238,0,480,49.58
North 24 Parganas,104,N24P-104,73,Community Hall 73,334,331,1,666,49.7
North 24 Parganas,104,N24P-104,74,Anganwadi Centre 74,378,382,1,761,50.2
North 24 Parganas,104,N24P-104,75,Primary School 75,290,261,1,552,47.28
North 24 Parganas,104,N24P-104,76,Primary School 76,349,317,1,667,47.53
North 24 Parganas,104,N24P-104,77,High School 77,290,286,0,576,49.65
North 24 Parganas,104,N24P-104,78,Anganwadi Centre 78,415,397,1,813,48.83
North 24 Parganas,104,N24P-104,79,Community Hall 79,416,376,1,793,47.41
North 24 Parganas,104,N24P-104,80,Anganwadi Centre 80,406,395,0,801,49.31
North 24 Parganas,104,N24P-104,81,Govt Office 81,273,245,0,518,47.3
North 24 Parganas,104,N24P-104,82,Temple Hall 82,243,240,0,483,49.69
North 24 Parganas,104,N24P-104,83,Govt Office 83,262,243,1,506,48.02
North 24 Parganas,104,N24P-104,84,Govt Office 84,370,370,0,740,50.0
North 24 Parganas,104,N24P-104,85,Post Office 85,401,383,1,785,48.79
North 24 Parganas,104,N24P-104,86,Govt Office 86,318,329,0,647,50.85
North 24 Parganas,104,N24P-104,87,Market Building 87,364,336,0,700,48.0
North 24 Parganas,104,N24P-104,88,Market Building 88,258,249,1,508,49.02
North 24 Parganas,104,N24P-104,89,Govt Office 89,306,282,0,588,47.96
North 24 Parganas,104,N24P-104,90,Club Building 90,288,272,1,561,48.48
North 24 Parganas,104,N24P-104,91,High School 91,358,341,0,699,48.78
North 24 Parganas,104,N24P-104,92,Govt Office 92,287,276,1,564,48.94
North 24 Parganas,104,N24P-104,93,Community Hall 93,264,266,0,530,50.19
North 24 Parganas,104,N24P-104,94,Health Sub-Centre 94,337,328,1,666,49.25
North 24 Parganas,104,N24P-104,95,Club Building 95,287,282,1,570,49.47
North 24 Parganas,104,N24P-104,96,Anganwadi Centre 96,339,320,0,659,48.56
North 24 Parganas,104,N24P-104,97,Anganwadi Centre 97,286,280,1,567,49.38
North 24 Parganas,104,N24P-104,98,Community Hall 98,250,245,1,496,49.4
North 24 Parganas,104,N24P-104,99,Madrasa 99,259,258,1,518,49.81
North 24 Parganas,104,N24P-104,100,Panchayat Bhavan 100,292,293,1,586,50.0
North 24 Parganas,104,N24P-104,101,Madrasa 101,356,355,0,711,49.93
North 24 Parganas,104,N24P-104,102,Health Sub-Centre 102,342,350,1,693,50.51
North 24 Parganas,104,N24P-104,103,Club Building 103,345,353,1,699,50.5
North 24 Parganas,104,N24P-104,104,Market Building 104,350,342,1,693,49.35
North 24 Parganas,104,N24P-104,105,Madrasa 105,375,359,0,734,48.91
North 24 Parganas,104,N24P-104,106,Primary School 106,273,266,1,540,49.26
North 24 Parganas,104,N24P-104,107,Community Hall 107,348,333,1,682,48.83
North 24 Parganas,104,N24P-104,108,Anganwadi Centre 108,342,309,1,652,47.39
North 24 Parganas,104,N24P-104,109,Madrasa 109,426,382,0,808,47.28
North 24 Parganas,104,N24P-104,110,Community Hall 110,352,339,0,691,49.06
North 24 Parganas,104,N24P-104,111,Anganwadi Centre 111,288,275,1,564,48.76
North 24 Parganas,104,N24P-104,112,Temple Hall 112,372,363,0,735,49.39
North 24 Parganas,104,N24P-104,113,Temple Hall 113,398,360,1,759,47.43
North 24 Parganas,104,N24P-104,114,Temple Hall 114,351,332,0,683,48.61
North 24 Parganas,104,N24P-104,115,Health Sub-Centre 115,412,389,0,801,48.56
North 24 Parganas,104,N24P-104,116,High School 116,352,317,1,670,47.31
North 24 Parganas,104,N24P-104,117,Madrasa 117,361,331,1,693,47.76
North 24 Parganas,104,N24P-104,118,Primary School 118,239,241,0,480,50.21
North 24 Parganas,104,N24P-104,119,Madrasa 119,408,399,0,807,49.44
North 24 Parganas,104,N24P-104,120,Health Sub-Centre 120,298,271,0,569,47.63
North 24 Parganas,104,N24P-104,121,Community Hall 121,253,232,1,486,47.74
North 24 Parganas,104,N24P-104,122,Post Office 122,333,342,0,675,50.67
North 24 Parganas,104,N24P-104,123,Community Hall 123,349,324,0,673,48.14
North 24 Parganas,104,N24P-104,124,Market Building 124,378,362,1,741,48.85
North 24 Parganas,104,N24P-104,125,Govt Office 125,272,254,0,526,48.29
North 24 Parganas,104,N24P-104,126,Madrasa 126,387,397,1,785,50.57
North 24 Parganas,104,N24P-104,127,Panchayat Bhavan 127,387,378,1,766,49.35
North 24 Parganas,104,N24P-104,128,Madrasa 128,395,408,0,803,50.81
North 24 Parganas,104,N24P-104,129,Anganwadi Centre 129,365,370,1,736,50.27
North 24 Parganas,104,N24P-104,130,Club Building 130,400,391,0,791,49.43
North 24 Parganas,104,N24P-104,131,Market Building 131,402,379,1,782,48.47
North 24 Parganas,104,N24P-104,132,Govt Office 132,410,400,1,811,49.32
North 24 Parganas,104,N24P-104,133,Market Building 133,277,270,1,548,49.27
North 24 Parganas,104,N24P-104,134,Anganwadi Centre 134,338,306,0,644,47.52
North 24 Parganas,104,N24P-104,135,Post Office 135,264,238,0,502,47.41
North 24 Parganas,104,N24P-104,136,Panchayat Bhavan 136,317,316,1,634,49.84
North 24 Parganas,104,N24P-104,137,Anganwadi Centre 137,267,244,1,512,47.66
North 24 Parganas,104,N24P-104,138,Primary School 138,361,334,1,696,47.99
North 24 Parganas,104,N24P-104,139,Primary School 139,391,378,0,769,49.15
North 24 Parganas,104,N24P-104,140,Market Building 140,322,318,1,641,49.61
North 24 Parganas,104,N24P-104,141,Market Building 141,325,318,1,644,49.38
North 24 Parganas,104,N24P-104,142,Market Building 142,268,263,1,532,49.44
North 24 Parganas,104,N24P-104,143,Anganwadi Centre 143,323,293,1,617,47.49
North 24 Parganas,104,N24P-104,144,Community Hall 144,376,355,0,731,48.56
North 24 Parganas,104,N24P-104,145,Govt Office 145,322,305,1,628,48.57
North 24 Parganas,104,N24P-104,146,Govt Office 146,276,248,1,525,47.24
North 24 Parganas,104,N24P-104,147,High School 147,245,242,1,488,49.59
North 24 Parganas,104,N24P-104,148,Madrasa 148,386,356,1,743,47.91
North 24 Parganas,104,N24P-104,149,Health Sub-Centre 149,313,304,1,618,49.19
North 24 Parganas,104,N24P-104,150,Primary School 150,367,338,1,706,47.88
North 24 Parganas,104,N24P-104,151,High School 151,346,324,1,671,48.29
North 24 Parganas,104,N24P-104,152,Post Office 152,416,374,0,790,47.34
North 24 Parganas,104,N24P-104,153,Primary School 153,332,336,1,669,50.22
North 24 Parganas,104,N24P-104,154,Market Building 154,351,354,1,706,50.14
North 24 Parganas,104,N24P-104,155,High School 155,243,251,1,495,50.71
North 24 Parganas,104,N24P-104,156,Panchayat Bhavan 156,353,343,0,696,49.28
North 24 Parganas,104,N24P-104,157,Health Sub-Centre 157,332,334,0,666,50.15
North 24 Parganas,104,N24P-104,158,Club Building 158,307,307,0,614,50.0
North 24 Parganas,104,N24P-104,159,Anganwadi Centre 159,406,380,1,787,48.28
North 24 Parganas,104,N24P-104,160,Post Office 160,339,327,0,666,49.1
North 24 Parganas,104,N24P-104,161,Anganwadi Centre 161,359,357,1,717,49.79
North 24 Parganas,104,N24P-104,162,Club Building 162,397,400,0,797,50.19
North 24 Parganas,104,N24P-104,163,Madrasa 163,391,395,0,786,50.25
North 24 Parganas,104,N24P-104,164,Anganwadi Centre 164,343,334,1,678,49.26
North 24 Parganas,104,N24P-104,165,Health Sub-Centre 165,253,241,0,494,48.79
North 24 Parganas,104,N24P-104,166,High School 166,421,388,1,810,47.9
North 24 Parganas,104,N24P-104,167,Madrasa 167,258,231,0,489,47.24
North 24 Parganas,104,N24P-104,168,Anganwadi Centre 168,262,257,0,519,49.52
North 24 Parganas,104,N24P-104,169,Anganwadi Centre 169,314,297,1,612,48.53
North 24 Parganas,104,N24P-104,170,Panchayat Bhavan 170,276,259,1,536,48.32
North 24 Parganas,104,N24P-104,171,Health Sub-Centre 171,310,303,0,613,49.43
North 24 Parganas,104,N24P-104,172,Panchayat Bhavan 172,324,332,1,657,50.53
North 24 Parganas,104,N24P-104,173,Anganwadi Centre 173,297,286,1,584,48.97
North 24 Parganas,104,N24P-104,174,Temple Hall 174,271,251,1,523,47.99
North 24 Parganas,104,N24P-104,175,High School 175,383,367,0,750,48.93
North 24 Parganas,104,N24P-104,176,High School 176,391,376,0,767,49.02
North 24 Parganas,104,N24P-104,177,Anganwadi Centre 177,310,287,1,598,47.99
North 24 Parganas,104,N24P-104,178,Panchayat Bhavan 178,321,325,0,646,50.31
North 24 Parganas,104,N24P-104,179,Govt Office 179,306,277,0,583,47.51
North 24 Parganas,104,N24P-104,180,Primary School 180,325,295,1,621,47.5
North 24 Parganas,104,N24P-104,181,Govt Office 181,356,362,0,718,50.42
North 24 Parganas,104,N24P-104,182,Panchayat Bhavan 182,371,358,1,730,49.04
North 24 Parganas,104,N24P-104,183,Anganwadi Centre 183,302,302,1,605,49.92
North 24 Parganas,104,N24P-104,184,Panchayat Bhavan 184,426,384,0,810,47.41
North 24 Parganas,104,N24P-104,185,Health Sub-Centre 185,296,272,0,568,47.89
North 24 Parganas,104,N24P-104,186,Community Hall 186,288,264,0,552,47.83
North 24 Parganas,104,N24P-104,187,Madrasa 187,318,306,0,624,49.04
North 24 Parganas,104,N24P-104,188,Club Building 188,272,265,0,537,49.35
North 24 Parganas,104,N24P-104,189,High School 189,308,301,1,610,49.34
North 24 Parganas,105,N24P-105,1,Anganwadi Centre 1,309,318,1,628,50.64
North 24 Parganas,105,N24P-105,2,Health Sub-Centre 2,412,370,0,782,47.31
North 24 Parganas,105,N24P-105,3,High School 3,328,301,1,630,47.78
North 24 Parganas,105,N24P-105,4,Health Sub-Centre 4,387,348,0,735,47.35
North 24 Parganas,105,N24P-105,5,Market Building 5,405,409,0,814,50.25
North 24 Parganas,105,N24P-105,6,Market Building 6,273,254,1,528,48.11
North 24 Parganas,105,N24P-105,7,Panchayat Bhavan 7,323,298,0,621,47.99
North 24 Parganas,105,N24P-105,8,Anganwadi Centre 8,253,256,1,510,50.2
North 24 Parganas,105,N24P-105,9,Post Office 9,293,274,0,567,48.32
North 24 Parganas,105,N24P-105,10,Health Sub-Centre 10,308,285,1,594,47.98
North 24 Parganas,105,N24P-105,11,Govt Office 11,280,258,0,538,47.96
North 24 Parganas,105,N24P-105,12,Govt Office 12,264,239,1,504,47.42
North 24 Parganas,105,N24P-105,13,Anganwadi Centre 13,390,402,1,793,50.69
North 24 Parganas,105,N24P-105,14,Club Building 14,352,341,1,694,49.14
North 24 Parganas,105,N24P-105,15,Post Office 15,298,270,1,569,47.45
North 24 Parganas,105,N24P-105,16,Govt Office 16,244,239,1,484,49.38
North 24 Parganas,105,N24P-105,17,Govt Office 17,256,246,0,502,49.0
North 24 Parganas,105,N24P-105,18,Club Building 18,325,291,1,617,47.16
North 24 Parganas,105,N24P-105,19,Market Building 19,313,311,1,625,49.76
North 24 Parganas,105,N24P-105,20,High School 20,303,286,0,589,48.56
North 24 Parganas,105,N24P-105,21,Primary School 21,299,305,1,605,50.41
North 24 Parganas,105,N24P-105,22,Panchayat Bhavan 22,400,404,0,804,50.25
North 24 Parganas,105,N24P-105,23,Health Sub-Centre 23,320,297,1,618,48.06
North 24 Parganas,105,N24P-105,24,Anganwadi Centre 24,401,375,0,776,48.32
North 24 Parganas,105,N24P-105,25,Health Sub-Centre 25,259,262,1,522,50.19
North 24 Parganas,105,N24P-105,26,Madrasa 26,384,394,1,779,50.58
North 24 Parganas,105,N24P-105,27,Temple Hall 27,311,307,1,619,49.6
North 24 Parganas,105,N24P-105,28,Community Hall 28,401,382,1,784,48.72
North 24 Parganas,105,N24P-105,29,Community Hall 29,357,361,0,718,50.28
North 24 Parganas,105,N24P-105,30,Govt Office 30,378,351,1,730,48.08
North 24 Parganas,105,N24P-105,31,Club Building 31,273,261,1,535,48.79
North 24 Parganas,105,N24P-105,32,Community Hall 32,303,295,0,598,49.33
North 24 Parganas,105,N24P-105,33,Community Hall 33,348,327,1,676,48.37
North 24 Parganas,105,N24P-105,34,Post Office 34,315,296,1,612,48.37
North 24 Parganas,105,N24P-105,35,Temple Hall 35,324,313,1,638,49.06
North 24 Parganas,105,N24P-105,36,Temple Hall 36,335,307,0,642,47.82
North 24 Parganas,105,N24P-105,37,Community Hall 37,370,370,1,741,49.93
North 24 Parganas,105,N24P-105,38,Health Sub-Centre 38,348,326,0,674,48.37
North 24 Parganas,105,N24P-105,39,Community Hall 39,412,380,0,792,47.98
North 24 Parganas,105,N24P-105,40,Health Sub-Centre 40,295,305,1,601,50.75
North 24 Parganas,105,N24P-105,41,Anganwadi Centre 41,329,301,0,630,47.78
North 24 Parganas,105,N24P-105,42,Temple Hall 42,275,254,1,530,47.92
North 24 Parganas,105,N24P-105,43,Madrasa 43,399,391,1,791,49.43
North 24 Parganas,105,N24P-105,44,Post Office 44,312,301,0,613,49.1
North 24 Parganas,105,N24P-105,45,Temple Hall 45,372,356,0,728,48.9
North 24 Parganas,105,N24P-105,46,Community Hall 46,353,351,1,705,49.79
North 24 Parganas,105,N24P-105,47,Govt Office 47,291,266,0,557,47.76
North 24 Parganas,105,N24P-105,48,Temple Hall 48,317,325,0,642,50.62
North 24 Parganas,105,N24P-105,49,Community Hall 49,290,294,0,584,50.34
North 24 Parganas,105,N24P-105,50,Govt Office 50,275,254,1,530,47.92
North 24 Parganas,105,N24P-105,51,Govt Office 51,296,275,1,572,48.08
North 24 Parganas,105,N24P-105,52,Anganwadi Centre 52,257,245,0,502,48.8
North 24 Parganas,105,N24P-105,53,Primary School 53,374,352,1,727,48.42
North 24 Parganas,105,N24P-105,54,Govt Office 54,252,254,0,506,50.2
North 24 Parganas,105,N24P-105,55,Post Office 55,303,296,1,600,49.33
North 24 Parganas,105,N24P-105,56,Govt Office 56,304,282,1,587,48.04
North 24 Parganas,105,N24P-105,57,Health Sub-Centre 57,259,269,1,529,50.85
North 24 Parganas,105,N24P-105,58,Madrasa 58,283,292,1,576,50.69
North 24 Parganas,105,N24P-105,59,Club Building 59,333,329,0,662,49.7
North 24 Parganas,105,N24P-105,60,Health Sub-Centre 60,311,284,0,595,47.73
North 24 Parganas,105,N24P-105,61,High School 61,408,380,1,789,48.16
North 24 Parganas,105,N24P-105,62,Health Sub-Centre 62,259,251,1,511,49.12
North 24 Parganas,105,N24P-105,63,Health Sub-Centre 63,386,382,0,768,49.74
North 24 Parganas,105,N24P-105,64,Govt Office 64,267,274,1,542,50.55
North 24 Parganas,105,N24P-105,65,Community Hall 65,402,365,0,767,47.59
North 24 Parganas,105,N24P-105,66,Club Building 66,274,275,0,549,50.09
North 24 Parganas,105,N24P-105,67,Madrasa 67,317,292,1,610,47.87
North 24 Parganas,105,N24P-105,68,Panchayat Bhavan 68,287,289,0,576,50.17
North 24 Parganas,105,N24P-105,69,Temple Hall 69,316,308,1,625,49.28
North 24 Parganas,105,N24P-105,70,Govt Office 70,264,265,1,530,50.0
North 24 Parganas,105,N24P-105,71,Anganwadi Centre 71,422,378,0,800,47.25
North 24 Parganas,105,N24P-105,72,Community Hall 72,308,282,0,590,47.8
North 24 Parganas,105,N24P-105,73,Primary School 73,289,291,0,580,50.17
North 24 Parganas,105,N24P-105,74,Panchayat Bhavan 74,399,393,1,793,49.56
North 24 Parganas,105,N24P-105,75,Govt Office 75,276,261,0,537,48.6
North 24 Parganas,105,N24P-105,76,Market Building 76,318,312,0,630,49.52
North 24 Parganas,105,N24P-105,77,Govt Office 77,374,369,1,744,49.6
North 24 Parganas,105,N24P-105,78,Anganwadi Centre 78,330,306,0,636,48.11
North 24 Parganas,105,N24P-105,79,Govt Office 79,244,250,0,494,50.61
North 24 Parganas,105,N24P-105,80,Madrasa 80,259,263,0,522,50.38
North 24 Parganas,105,N24P-105,81,Anganwadi Centre 81,370,362,1,733,49.39
North 24 Parganas,105,N24P-105,82,High School 82,272,246,1,519,47.4
North 24 Parganas,105,N24P-105,83,Post Office 83,380,391,0,771,50.71
North 24 Parganas,105,N24P-105,84,Market Building 84,276,286,1,563,50.8
North 24 Parganas,105,N24P-105,85,Post Office 85,412,387,0,799,48.44
North 24 Parganas,105,N24P-105,86,Madrasa 86,343,333,0,676,49.26
North 24 Parganas,105,N24P-105,87,High School 87,276,277,0,553,50.09
North 24 Parganas,105,N24P-105,88,Post Office 88,259,266,1,526,50.57
North 24 Parganas,105,N24P-105,89,Club Building 89,375,364,0,739,49.26
North 24 Parganas,105,N24P-105,90,High School 90,354,333,0,687,48.47
North 24 Parganas,105,N24P-105,91,Community Hall 91,395,357,1,753,47.41
North 24 Parganas,105,N24P-105,92,Post Office 92,311,320,0,631,50.71
North 24 Parganas,105,N24P-105,93,Market Building 93,362,342,0,704,48.58
North 24 Parganas,105,N24P-105,94,Govt Office 94,282,261,1,544,47.98
North 24 Parganas,105,N24P-105,95,High School 95,324,328,1,653,50.23
North 24 Parganas,105,N24P-105,96,Panchayat Bhavan 96,242,250,0,492,50.81
North 24 Parganas,105,N24P-105,97,Post Office 97,335,341,1,677,50.37
North 24 Parganas,105,N24P-105,98,Market Building 98,331,307,1,639,48.04
North 24 Parganas,105,N24P-105,99,Market Building 99,304,296,1,601,49.25
North 24 Parganas,105,N24P-105,100,Madrasa 100,263,262,1,526,49.81
North 24 Parganas,105,N24P-105,101,Panchayat Bhavan 101,386,350,1,737,47.49
North 24 Parganas,105,N24P-105,102,Govt Office 102,249,255,0,504,50.6
North 24 Parganas,105,N24P-105,103,Panchayat Bhavan 103,391,392,0,783,50.06
North 24 Parganas,105,N24P-105,104,Govt Office 104,357,330,1,688,47.97
North 24 Parganas,105,N24P-105,105,Govt Office 105,323,326,0,649,50.23
North 24 Parganas,105,N24P-105,106,Temple Hall 106,396,389,0,785,49.55
North 24 Parganas,105,N24P-105,107,Primary School 107,289,296,0,585,50.6
North 24 Parganas,105,N24P-105,108,Post Office 108,287,271,0,558,48.57
North 24 Parganas,105,N24P-105,109,Post Office 109,252,239,1,492,48.58
North 24 Parganas,105,N24P-105,110,Market Building 110,320,310,0,630,49.21
North 24 Parganas,105,N24P-105,111,Anganwadi Centre 111,344,315,0,659,47.8
North 24 Parganas,105,N24P-105,112,Madrasa 112,289,271,1,561,48.31
North 24 Parganas,105,N24P-105,113,High School 113,317,305,0,622,49.04
North 24 Parganas,105,N24P-105,114,Madrasa 114,354,346,1,701,49.36
North 24 Parganas,105,N24P-105,115,Panchayat Bhavan 115,328,333,0,661,50.38
North 24 Parganas,105,N24P-105,116,Temple Hall 116,348,328,1,677,48.45
North 24 Parganas,105,N24P-105,117,Post Office 117,326,298,0,624,47.76
North 24 Parganas,105,N24P-105,118,Club Building 118,275,285,1,561,50.8
North 24 Parganas,105,N24P-105,119,Temple Hall 119,356,340,1,697,48.78
North 24 Parganas,105,N24P-105,120,Club Building 120,283,260,1,544,47.79
North 24 Parganas,105,N24P-105,121,Anganwadi Centre 121,263,253,1,517,48.94
North 24 Parganas,105,N24P-105,122,Madrasa 122,251,234,1,486,48.15
North 24 Parganas,105,N24P-105,123,Temple Hall 123,282,282,1,565,49.91
North 24 Parganas,105,N24P-105,124,Anganwadi Centre 124,284,282,1,567,49.74
North 24 Parganas,105,N24P-105,125,Madrasa 125,362,336,0,698,48.14
North 24 Parganas,105,N24P-105,126,Club Building 126,317,310,0,627,49.44
North 24 Parganas,105,N24P-105,127,Anganwadi Centre 127,322,297,0,619,47.98
North 24 Parganas,105,N24P-105,128,Temple Hall 128,403,412,0,815,50.55
North 24 Parganas,105,N24P-105,129,Panchayat Bhavan 129,422,388,1,811,47.84
North 24 Parganas,105,N24P-105,130,High School 130,270,245,0,515,47.57
North 24 Parganas,105,N24P-105,131,Panchayat Bhavan 131,337,320,1,658,48.63
North 24 Parganas,105,N24P-105,132,High School 132,389,380,0,769,49.41
North 24 Parganas,105,N24P-105,133,Community Hall 133,264,264,1,529,49.91
North 24 Parganas,105,N24P-105,134,Madrasa 134,297,276,0,573,48.17
North 24 Parganas,105,N24P-105,135,Panchayat Bhavan 135,246,244,1,491,49.69
North 24 Parganas,105,N24P-105,136,Temple Hall 136,413,394,0,807,48.82
North 24 Parganas,105,N24P-105,137,Health Sub-Centre 137,384,364,0,748,48.66
North 24 Parganas,105,N24P-105,138,Madrasa 138,384,357,1,742,48.11
North 24 Parganas,105,N24P-105,139,Club Building 139,372,365,0,737,49.53
North 24 Parganas,105,N24P-105,140,Madrasa 140,316,296,1,613,48.29
North 24 Parganas,105,N24P-105,141,Community Hall 141,405,387,1,793,48.8
North 24 Parganas,105,N24P-105,142,Govt Office 142,281,266,1,548,48.54
North 24 Parganas,105,N24P-105,143,Temple Hall 143,407,396,0,803,49.32
North 24 Parganas,105,N24P-105,144,Post Office 144,330,305,0,635,48.03
North 24 Parganas,105,N24P-105,145,Anganwadi Centre 145,331,315,1,647,48.69
North 24 Parganas,105,N24P-105,146,Primary School 146,363,369,1,733,50.34
North 24 Parganas,105,N24P-105,147,Post Office 147,361,349,1,711,49.09
North 24 Parganas,105,N24P-105,148,Primary School 148,286,286,0,572,50.0
North 24 Parganas,105,N24P-105,149,Health Sub-Centre 149,388,353,0,741,47.64
North 24 Parganas,105,N24P-105,150,Madrasa 150,337,348,1,686,50.73
North 24 Parganas,105,N24P-105,151,Market Building 151,280,255,0,535,47.66
North 24 Parganas,105,N24P-105,152,Post Office 152,279,281,1,561,50.09
North 24 Parganas,105,N24P-105,153,Post Office 153,260,256,0,516,49.61
North 24 Parganas,105,N24P-105,154,High School 154,339,312,1,652,47.85
North 24 Parganas,105,N24P-105,155,Temple Hall 155,243,247,0,490,50.41
North 24 Parganas,105,N24P-105,156,Anganwadi Centre 156,393,404,1,798,50.63
North 24 Parganas,105,N24P-105,157,High School 157,414,393,1,808,48.64
North 24 Parganas,105,N24P-105,158,Post Office 158,380,385,1,766,50.26
North 24 Parganas,105,N24P-105,159,Primary School 159,262,246,0,508,48.43
North 24 Parganas,105,N24P-105,160,High School 160,385,382,1,768,49.74
North 24 Parganas,105,N24P-105,161,High School 161,299,294,0,593,49.58
North 24 Parganas,105,N24P-105,162,Community Hall 162,323,303,1,627,48.33
North 24 Parganas,105,N24P-105,163,Govt Office 163,270,264,1,535,49.35
North 24 Parganas,105,N24P-105,164,High School 164,382,385,1,768,50.13
North 24 Parganas,105,N24P-105,165,Post Office 165,428,387,1,816,47.43
North 24 Parganas,105,N24P-105,166,Club Building 166,329,318,0,647,49.15
North 24 Parganas,105,N24P-105,167,Govt Office 167,385,385,0,770,50.0
North 24 Parganas,105,N24P-105,168,Primary School 168,370,377,1,748,50.4
North 24 Parganas,105,N24P-105,169,High School 169,254,261,1,516,50.58
North 24 Parganas,105,N24P-105,170,Temple Hall 170,286,291,0,577,50.43
North 24 Parganas,105,N24P-105,171,High School 171,383,344,1,728,47.25
North 24 Parganas,105,N24P-105,172,Anganwadi Centre 172,388,361,1,750,48.13
North 24 Parganas,105,N24P-105,173,Temple Hall 173,258,250,1,509,49.12
North 24 Parganas,105,N24P-105,174,Club Building 174,306,293,0,599,48.91
North 24 Parganas,105,N24P-105,175,Madrasa 175,385,386,1,772,50.0
North 24 Parganas,105,N24P-105,176,Club Building 176,412,379,1,792,47.85
North 24 Parganas,105,N24P-105,177,Club Building 177,265,239,0,504,47.42
North 24 Parganas,105,N24P-105,178,Post Office 178,407,398,1,806,49.38
North 24 Parganas,105,N24P-105,179,Primary School 179,330,298,1,629,47.38
North 24 Parganas,105,N24P-105,180,Madrasa 180,261,251,0,512,49.02
North 24 Parganas,105,N24P-105,181,Club Building 181,403,398,1,802,49.63
North 24 Parganas,106,N24P-106,1,Primary School 1,400,358,0,758,47.23
North 24 Parganas,106,N24P-106,2,Post Office 2,371,378,0,749,50.47
North 24 Parganas,106,N24P-106,3,Primary School 3,264,236,0,500,47.2
North 24 Parganas,106,N24P-106,4,Govt Office 4,280,251,0,531,47.27
North 24 Parganas,106,N24P-106,5,Temple Hall 5,275,272,0,547,49.73
North 24 Parganas,106,N24P-106,6,Anganwadi Centre 6,346,336,0,682,49.27
North 24 Parganas,106,N24P-106,7,High School 7,259,242,0,501,48.3
North 24 Parganas,106,N24P-106,8,Temple Hall 8,260,259,0,519,49.9
North 24 Parganas,106,N24P-106,9,Temple Hall 9,341,331,1,673,49.18
North 24 Parganas,106,N24P-106,10,Post Office 10,408,372,1,781,47.63
North 24 Parganas,106,N24P-106,11,High School 11,355,347,1,703,49.36
North 24 Parganas,106,N24P-106,12,Community Hall 12,249,251,0,500,50.2
North 24 Parganas,106,N24P-106,13,Club Building 13,411,383,0,794,48.24
North 24 Parganas,106,N24P-106,14,Temple Hall 14,297,300,0,597,50.25
North 24 Parganas,106,N24P-106,15,Community Hall 15,286,270,1,557,48.47
North 24 Parganas,106,N24P-106,16,Health Sub-Centre 16,271,277,1,549,50.46
North 24 Parganas,106,N24P-106,17,Post Office 17,412,390,1,803,48.57
North 24 Parganas,106,N24P-106,18,Primary School 18,289,264,1,554,47.65
North 24 Parganas,106,N24P-106,19,Community Hall 19,278,280,1,559,50.09
North 24 Parganas,106,N24P-106,20,Primary School 20,402,381,1,784,48.6
North 24 Parganas,106,N24P-106,21,Temple Hall 21,281,279,0,560,49.82
North 24 Parganas,106,N24P-106,22,Madrasa 22,260,262,0,522,50.19
North 24 Parganas,106,N24P-106,23,Madrasa 23,310,304,0,614,49.51
North 24 Parganas,106,N24P-106,24,Primary School 24,354,363,1,718,50.56
North 24 Parganas,106,N24P-106,25,Market Building 25,292,274,1,567,48.32
North 24 Parganas,106,N24P-106,26,Madrasa 26,282,268,0,550,48.73
North 24 Parganas,106,N24P-106,27,Market Building 27,296,274,1,571,47.99
North 24 Parganas,106,N24P-106,28,Post Office 28,332,311,1,644,48.29
North 24 Parganas,106,N24P-106,29,Govt Office 29,270,273,0,543,50.28
North 24 Parganas,106,N24P-106,30,High School 30,250,230,1,481,47.82
North 24 Parganas,106,N24P-106,31,Primary School 31,296,289,0,585,49.4
North 24 Parganas,106,N24P-106,32,Post Office 32,314,285,1,600,47.5
North 24 Parganas,106,N24P-106,33,Community Hall 33,346,350,1,697,50.22
North 24 Parganas,106,N24P-106,34,Govt Office 34,324,313,0,637,49.14
North 24 Parganas,106,N24P-106,35,Post Office 35,371,370,0,741,49.93
North 24 Parganas,106,N24P-106,36,Community Hall 36,293,286,0,579,49.4
North 24 Parganas,106,N24P-106,37,Temple Hall 37,406,387,0,793,48.8
North 24 Parganas,106,N24P-106,38,Club Building 38,383,392,1,776,50.52
North 24 Parganas,106,N24P-106,39,Govt Office 39,354,354,1,709,49.93
North 24 Parganas,106,N24P-106,40,Temple Hall 40,396,374,0,770,48.57
North 24 Parganas,106,N24P-106,41,Anganwadi Centre 41,392,398,1,791,50.32
North 24 Parganas,106,N24P-106,42,Community Hall 42,413,373,0,786,47.46
North 24 Parganas,106,N24P-106,43,Community Hall 43,382,349,1,732,47.68
North 24 Parganas,106,N24P-106,44,Madrasa 44,404,379,1,784,48.34
North 24 Parganas,106,N24P-106,45,Temple Hall 45,410,395,1,806,49.01
North 24 Parganas,106,N24P-106,46,Post Office 46,313,321,1,635,50.55
North 24 Parganas,106,N24P-106,47,Panchayat Bhavan 47,360,356,0,716,49.72
North 24 Parganas,106,N24P-106,48,Panchayat Bhavan 48,410,393,1,804,48.88
North 24 Parganas,106,N24P-106,49,Market Building 49,318,292,0,610,47.87
North 24 Parganas,106,N24P-106,50,Panchayat Bhavan 50,289,279,1,569,49.03
North 24 Parganas,106,N24P-106,51,Post Office 51,274,280,0,554,50.54
North 24 Parganas,106,N24P-106,52,Community Hall 52,344,328,1,673,48.74
North 24 Parganas,106,N24P-106,53,Post Office 53,380,373,0,753,49.54
North 24 Parganas,106,N24P-106,54,Club Building 54,317,318,1,636,50.0
North 24 Parganas,106,N24P-106,55,Market Building 55,327,308,1,636,48.43
North 24 Parganas,106,N24P-106,56,Temple Hall 56,266,244,0,510,47.84
North 24 Parganas,106,N24P-106,57,Community Hall 57,258,236,0,494,47.77
North 24 Parganas,106,N24P-106,58,Anganwadi Centre 58,307,291,1,599,48.58
North 24 Parganas,106,N24P-106,59,Health Sub-Centre 59,324,306,0,630,48.57
North 24 Parganas,106,N24P-106,60,Govt Office 60,398,365,0,763,47.84
North 24 Parganas,106,N24P-106,61,Temple Hall 61,313,293,1,607,48.27
North 24 Parganas,106,N24P-106,62,Club Building 62,314,290,1,605,47.93
North 24 Parganas,106,N24P-106,63,Health Sub-Centre 63,371,372,0,743,50.07
North 24 Parganas,106,N24P-106,64,Madrasa 64,387,398,1,786,50.64
North 24 Parganas,106,N24P-106,65,Anganwadi Centre 65,365,361,1,727,49.66
North 24 Parganas,106,N24P-106,66,Panchayat Bhavan 66,420,384,0,804,47.76
North 24 Parganas,106,N24P-106,67,Panchayat Bhavan 67,404,390,0,794,49.12
North 24 Parganas,106,N24P-106,68,Market Building 68,298,300,1,599,50.08
North 24 Parganas,106,N24P-106,69,Madrasa 69,359,324,0,683,47.44
North 24 Parganas,106,N24P-106,70,High School 70,364,349,0,713,48.95
North 24 Parganas,106,N24P-106,71,High School 71,317,322,0,639,50.39
North 24 Parganas,106,N24P-106,72,Market Building 72,332,330,0,662,49.85
North 24 Parganas,106,N24P-106,73,High School 73,336,338,0,674,50.15
North 24 Parganas,106,N24P-106,74,Govt Office 74,342,318,1,661,48.11
North 24 Parganas,106,N24P-106,75,Health Sub-Centre 75,398,361,1,760,47.5
North 24 Parganas,106,N24P-106,76,Madrasa 76,354,361,1,716,50.42
North 24 Parganas,106,N24P-106,77,Club Building 77,253,246,0,499,49.3
North 24 Parganas,106,N24P-106,78,Market Building 78,288,294,1,583,50.43
North 24 Parganas,106,N24P-106,79,Temple Hall 79,350,315,1,666,47.3
North 24 Parganas,106,N24P-106,80,High School 80,396,394,0,790,49.87
North 24 Parganas,106,N24P-106,81,Primary School 81,352,317,0,669,47.38
North 24 Parganas,106,N24P-106,82,Community Hall 82,249,245,1,495,49.49
North 24 Parganas,106,N24P-106,83,Post Office 83,313,280,0,593,47.22
North 24 Parganas,106,N24P-106,84,Market Building 84,379,350,0,729,48.01
North 24 Parganas,106,N24P-106,85,Govt Office 85,346,325,1,672,48.36
North 24 Parganas,106,N24P-106,86,Health Sub-Centre 86,357,351,0,708,49.58
North 24 Parganas,106,N24P-106,87,Club Building 87,241,243,0,484,50.21
North 24 Parganas,106,N24P-106,88,Post Office 88,286,294,1,581,50.6
North 24 Parganas,106,N24P-106,89,High School 89,348,345,0,693,49.78
North 24 Parganas,106,N24P-106,90,Post Office 90,331,307,0,638,48.12
North 24 Parganas,106,N24P-106,91,High School 91,338,314,1,653,48.09
North 24 Parganas,106,N24P-106,92,Club Building 92,325,296,0,621,47.67
North 24 Parganas,106,N24P-106,93,Primary School 93,329,300,0,629,47.69
North 24 Parganas,106,N24P-106,94,Temple Hall 94,338,333,1,672,49.55
North 24 Parganas,106,N24P-106,95,Panchayat Bhavan 95,334,340,1,675,50.37
North 24 Parganas,106,N24P-106,96,Club Building 96,371,368,0,739,49.8
North 24 Parganas,106,N24P-106,97,Temple Hall 97,380,354,0,734,48.23
North 24 Parganas,106,N24P-106,98,Community Hall 98,378,377,1,756,49.87
North 24 Parganas,106,N24P-106,99,Market Building 99,260,245,1,506,48.42
North 24 Parganas,106,N24P-106,100,Post Office 100,373,348,1,722,48.2
North 24 Parganas,106,N24P-106,101,Govt Office 101,340,311,1,652,47.7
North 24 Parganas,106,N24P-106,102,Anganwadi Centre 102,419,393,1,813,48.34
North 24 Parganas,106,N24P-106,103,Govt Office 103,377,387,0,764,50.65
North 24 Parganas,106,N24P-106,104,Primary School 104,322,304,1,627,48.48
North 24 Parganas,106,N24P-106,105,High School 105,402,411,0,813,50.55
North 24 Parganas,106,N24P-106,106,Market Building 106,258,231,1,490,47.14
North 24 Parganas,106,N24P-106,107,High School 107,396,386,0,782,49.36
North 24 Parganas,106,N24P-106,108,Community Hall 108,369,352,1,722,48.75
North 24 Parganas,106,N24P-106,109,Temple Hall 109,349,321,0,670,47.91
North 24 Parganas,106,N24P-106,110,Club Building 110,335,321,1,657,48.86
North 24 Parganas,106,N24P-106,111,Anganwadi Centre 111,268,276,1,545,50.64
North 24 Parganas,106,N24P-106,112,Panchayat Bhavan 112,284,286,0,570,50.18
North 24 Parganas,106,N24P-106,113,Temple Hall 113,397,373,0,770,48.44
North 24 Parganas,106,N24P-106,114,Market Building 114,255,229,0,484,47.31
North 24 Parganas,106,N24P-106,115,Anganwadi Centre 115,329,328,0,657,49.92
North 24 Parganas,106,N24P-106,116,Market Building 116,324,327,0,651,50.23
North 24 Parganas,106,N24P-106,117,Post Office 117,344,325,0,669,48.58
North 24 Parganas,106,N24P-106,118,High School 118,367,362,0,729,49.66
North 24 Parganas,106,N24P-106,119,Community Hall 119,284,285,0,569,50.09
North 24 Parganas,106,N24P-106,120,Primary School 120,337,327,1,665,49.17
North 24 Parganas,106,N24P-106,121,Temple Hall 121,282,260,0,542,47.97
North 24 Parganas,106,N24P-106,122,High School 122,282,256,1,539,47.5
North 24 Parganas,106,N24P-106,123,Madrasa 123,380,351,0,731,48.02
North 24 Parganas,106,N24P-106,124,Community Hall 124,399,366,0,765,47.84
North 24 Parganas,106,N24P-106,125,Madrasa 125,388,380,0,768,49.48
North 24 Parganas,106,N24P-106,126,Community Hall 126,269,254,1,524,48.47
North 24 Parganas,106,N24P-106,127,High School 127,300,291,1,592,49.16
North 24 Parganas,106,N24P-106,128,Madrasa 128,353,361,0,714,50.56
North 24 Parganas,106,N24P-106,129,Primary School 129,412,379,0,791,47.91
North 24 Parganas,106,N24P-106,130,Health Sub-Centre 130,328,330,1,659,50.08
North 24 Parganas,106,N24P-106,131,Temple Hall 131,294,275,0,569,48.33
North 24 Parganas,106,N24P-106,132,Community Hall 132,377,349,1,727,48.01
North 24 Parganas,106,N24P-106,133,High School 133,293,288,0,581,49.57
North 24 Parganas,106,N24P-106,134,Primary School 134,368,332,0,700,47.43
North 24 Parganas,106,N24P-106,135,Health Sub-Centre 135,410,399,0,809,49.32
North 24 Parganas,106,N24P-106,136,Health Sub-Centre 136,349,345,1,695,49.64
North 24 Parganas,106,N24P-106,137,Post Office 137,328,301,1,630,47.78
North 24 Parganas,106,N24P-106,138,Club Building 138,340,309,0,649,47.61
North 24 Parganas,106,N24P-106,139,Primary School 139,418,398,0,816,48.77
North 24 Parganas,106,N24P-106,140,Primary School 140,400,381,1,782,48.72
North 24 Parganas,106,N24P-106,141,Market Building 141,348,328,0,676,48.52
North 24 Parganas,106,N24P-106,142,Temple Hall 142,422,385,1,808,47.65
North 24 Parganas,106,N24P-106,143,Community Hall 143,346,335,1,682,49.12
North 24 Parganas,106,N24P-106,144,Panchayat Bhavan 144,267,253,0,520,48.65
North 24 Parganas,106,N24P-106,145,High School 145,265,265,0,530,50.0
North 24 Parganas,106,N24P-106,146,Community Hall 146,330,312,1,643,48.52
North 24 Parganas,106,N24P-106,147,High School 147,258,236,0,494,47.77
North 24 Parganas,106,N24P-106,148,Temple Hall 148,392,353,0,745,47.38
North 24 Parganas,106,N24P-106,149,Panchayat Bhavan 149,302,302,1,605,49.92
North 24 Parganas,106,N24P-106,150,Temple Hall 150,293,272,1,566,48.06
North 24 Parganas,106,N24P-106,151,Govt Office 151,275,267,0,542,49.26
North 24 Parganas,106,N24P-106,152,Madrasa 152,394,389,1,784,49.62
North 24 Parganas,106,N24P-106,153,Post Office 153,359,325,0,684,47.51
North 24 Parganas,106,N24P-106,154,High School 154,300,302,1,603,50.08
North 24 Parganas,106,N24P-106,155,Market Building 155,408,402,1,811,49.57
North 24 Parganas,106,N24P-106,156,Panchayat Bhavan 156,317,326,1,644,50.62
North 24 Parganas,106,N24P-106,157,Madrasa 157,260,234,1,495,47.27
North 24 Parganas,106,N24P-106,158,Community Hall 158,355,354,1,710,49.86
North 24 Parganas,106,N24P-106,159,Club Building 159,273,268,1,542,49.45
North 24 Parganas,106,N24P-106,160,High School 160,326,331,0,657,50.38
North 24 Parganas,106,N24P-106,161,Madrasa 161,356,329,0,685,48.03
North 24 Parganas,106,N24P-106,162,Temple Hall 162,295,298,0,593,50.25
North 24 Parganas,106,N24P-106,163,Post Office 163,364,336,1,701,47.93
North 24 Parganas,106,N24P-106,164,Club Building 164,336,323,1,660,48.94
North 24 Parganas,106,N24P-106,165,Govt Office 165,260,248,0,508,48.82
North 24 Parganas,106,N24P-106,166,Club Building 166,343,308,1,652,47.24
North 24 Parganas,106,N24P-106,167,Anganwadi Centre 167,366,331,1,698,47.42
North 24 Parganas,106,N24P-106,168,Health Sub-Centre 168,407,401,0,808,49.63
North 24 Parganas,106,N24P-106,169,High School 169,333,330,1,664,49.7
North 24 Parganas,106,N24P-106,170,Madrasa 170,257,246,1,504,48.81
North 24 Parganas,106,N24P-106,171,Govt Office 171,327,330,0,657,50.23
North 24 Parganas,106,N24P-106,172,Post Office 172,338,338,1,677,49.93
North 24 Parganas,106,N24P-106,173,High School 173,306,311,1,618,50.32
North 24 Parganas,106,N24P-106,174,Market Building 174,288,284,0,572,49.65
North 24 Parganas,106,N24P-106,175,Health Sub-Centre 175,318,294,1,613,47.96
North 24 Parganas,106,N24P-106,176,Madrasa 176,318,307,0,625,49.12
North 24 Parganas,106,N24P-106,177,Primary School 177,388,389,1,778,50.0
North 24 Parganas,106,N24P-106,178,Health Sub-Centre 178,255,228,0,483,47.2
North 24 Parganas,106,N24P-106,179,Health Sub-Centre 179,411,406,0,817,49.69
North 24 Parganas,106,N24P-106,180,Health Sub-Centre 180,382,347,0,729,47.6
North 24 Parganas,106,N24P-106,181,Temple Hall 181,399,363,0,762,47.64
North 24 Parganas,106,N24P-106,182,Post Office 182,393,384,0,777,49.42
North 24 Parganas,107,N24P-107,1,Health Sub-Centre 1,403,366,0,769,47.59
North 24 Parganas,107,N24P-107,2,Anganwadi Centre 2,263,270,1,534,50.56
North 24 Parganas,107,N24P-107,3,Primary School 3,285,259,1,545,47.52
North 24 Parganas,107,N24P-107,4,Post Office 4,263,266,0,529,50.28
North 24 Parganas,107,N24P-107,5,High School 5,340,325,0,665,48.87
North 24 Parganas,107,N24P-107,6,Temple Hall 6,389,351,1,741,47.37
North 24 Parganas,107,N24P-107,7,Temple Hall 7,354,350,1,705,49.65
North 24 Parganas,107,N24P-107,8,Community Hall 8,285,259,0,544,47.61
North 24 Parganas,107,N24P-107,9,Govt Office 9,391,393,1,785,50.06
North 24 Parganas,107,N24P-107,10,Health Sub-Centre 10,377,368,0,745,49.4
North 24 Parganas,107,N24P-107,11,Club Building 11,264,269,1,534,50.37
North 24 Parganas,107,N24P-107,12,Post Office 12,326,326,0,652,50.0
North 24 Parganas,107,N24P-107,13,High School 13,380,350,0,730,47.95
North 24 Parganas,107,N24P-107,14,Community Hall 14,396,397,1,794,50.0
North 24 Parganas,107,N24P-107,15,Madrasa 15,400,371,0,771,48.12
North 24 Parganas,107,N24P-107,16,Market Building 16,275,274,1,550,49.82
North 24 Parganas,107,N24P-107,17,Madrasa 17,347,350,1,698,50.14
North 24 Parganas,107,N24P-107,18,Club Building 18,412,382,1,795,48.05
North 24 Parganas,107,N24P-107,19,Health Sub-Centre 19,420,397,0,817,48.59
North 24 Parganas,107,N24P-107,20,Market Building 20,280,264,1,545,48.44
North 24 Parganas,107,N24P-107,21,Anganwadi Centre 21,342,310,0,652,47.55
North 24 Parganas,107,N24P-107,22,High School 22,273,262,1,536,48.88
North 24 Parganas,107,N24P-107,23,Club Building 23,336,312,0,648,48.15
North 24 Parganas,107,N24P-107,24,Community Hall 24,289,279,0,568,49.12
North 24 Parganas,107,N24P-107,25,Primary School 25,281,260,1,542,47.97
North 24 Parganas,107,N24P-107,26,Primary School 26,299,276,1,576,47.92
North 24 Parganas,107,N24P-107,27,Market Building 27,372,349,1,722,48.34
North 24 Parganas,107,N24P-107,28,Community Hall 28,377,360,1,738,48.78
North 24 Parganas,107,N24P-107,29,Temple Hall 29,405,404,1,810,49.88
North 24 Parganas,107,N24P-107,30,Health Sub-Centre 30,330,310,1,641,48.36
North 24 Parganas,107,N24P-107,31,Panchayat Bhavan 31,288,263,1,552,47.64
North 24 Parganas,107,N24P-107,32,High School 32,391,403,0,794,50.76
North 24 Parganas,107,N24P-107,33,Health Sub-Centre 33,269,275,1,545,50.46
North 24 Parganas,107,N24P-107,34,Community Hall 34,374,383,1,758,50.53
North 24 Parganas,107,N24P-107,35,Primary School 35,247,252,1,500,50.4
North 24 Parganas,107,N24P-107,36,High School 36,295,295,1,591,49.92
North 24 Parganas,107,N24P-107,37,Madrasa 37,302,283,1,586,48.29
North 24 Parganas,107,N24P-107,38,Madrasa 38,257,249,1,507,49.11
North 24 Parganas,107,N24P-107,39,Temple Hall 39,350,343,1,694,49.42
North 24 Parganas,107,N24P-107,40,Community Hall 40,300,291,1,592,49.16
North 24 Parganas,107,N24P-107,41,Panchayat Bhavan 41,360,365,0,725,50.34
North 24 Parganas,107,N24P-107,42,Temple Hall 42,333,303,1,637,47.57
North 24 Parganas,107,N24P-107,43,Community Hall 43,304,298,0,602,49.5
North 24 Parganas,107,N24P-107,44,Post Office 44,275,248,1,524,47.33
North 24 Parganas,107,N24P-107,45,Club Building 45,277,271,1,549,49.36
North 24 Parganas,107,N24P-107,46,Temple Hall 46,347,328,0,675,48.59
North 24 Parganas,107,N24P-107,47,Market Building 47,248,252,1,501,50.3
North 24 Parganas,107,N24P-107,48,Panchayat Bhavan 48,251,254,0,505,50.3
North 24 Parganas,107,N24P-107,49,Post Office 49,343,328,1,672,48.81
North 24 Parganas,107,N24P-107,50,Primary School 50,316,295,0,611,48.28
North 24 Parganas,107,N24P-107,51,High School 51,397,368,1,766,48.04
North 24 Parganas,107,N24P-107,52,Primary School 52,273,264,0,537,49.16
North 24 Parganas,107,N24P-107,53,Primary School 53,297,293,1,591,49.58
North 24 Parganas,107,N24P-107,54,Temple Hall 54,399,398,1,798,49.87
North 24 Parganas,107,N24P-107,55,Post Office 55,386,355,0,741,47.91
North 24 Parganas,107,N24P-107,56,Primary School 56,292,289,0,581,49.74
North 24 Parganas,107,N24P-107,57,Club Building 57,309,279,0,588,47.45
North 24 Parganas,107,N24P-107,58,Temple Hall 58,350,332,1,683,48.61
North 24 Parganas,107,N24P-107,59,Post Office 59,347,316,1,664,47.59
North 24 Parganas,107,N24P-107,60,Temple Hall 60,369,370,1,740,50.0
North 24 Parganas,107,N24P-107,61,Madrasa 61,408,399,1,808,49.38
North 24 Parganas,107,N24P-107,62,Anganwadi Centre 62,371,364,1,736,49.46
North 24 Parganas,107,N24P-107,63,High School 63,337,324,1,662,48.94
North 24 Parganas,107,N24P-107,64,Post Office 64,274,256,0,530,48.3
North 24 Parganas,107,N24P-107,65,High School 65,391,396,1,788,50.25
North 24 Parganas,107,N24P-107,66,Club Building 66,403,408,0,811,50.31
North 24 Parganas,107,N24P-107,67,Panchayat Bhavan 67,392,389,0,781,49.81
North 24 Parganas,107,N24P-107,68,High School 68,404,401,1,806,49.75
North 24 Parganas,107,N24P-107,69,Govt Office 69,249,241,0,490,49.18
North 24 Parganas,107,N24P-107,70,Club Building 70,368,363,1,732,49.59
North 24 Parganas,107,N24P-107,71,Govt Office 71,370,375,1,746,50.27
North 24 Parganas,107,N24P-107,72,Club Building 72,258,231,0,489,47.24
North 24 Parganas,107,N24P-107,73,Primary School 73,341,308,0,649,47.46
North 24 Parganas,107,N24P-107,74,High School 74,317,324,1,642,50.47
North 24 Parganas,107,N24P-107,75,Primary School 75,274,255,0,529,48.2
North 24 Parganas,107,N24P-107,76,High School 76,346,359,1,706,50.85
North 24 Parganas,107,N24P-107,77,Anganwadi Centre 77,309,285,0,594,47.98
North 24 Parganas,107,N24P-107,78,Club Building 78,315,308,1,624,49.36
North 24 Parganas,107,N24P-107,79,Temple Hall 79,262,244,1,507,48.13
North 24 Parganas,107,N24P-107,80,Market Building 80,253,262,1,516,50.78
North 24 Parganas,107,N24P-107,81,Primary School 81,401,368,1,770,47.79
North 24 Parganas,107,N24P-107,82,Health Sub-Centre 82,317,317,0,634,50.0
North 24 Parganas,107,N24P-107,83,High School 83,353,343,1,697,49.21
North 24 Parganas,107,N24P-107,84,Club Building 84,277,275,1,553,49.73
North 24 Parganas,107,N24P-107,85,Market Building 85,376,355,0,731,48.56
North 24 Parganas,107,N24P-107,86,Club Building 86,298,281,1,580,48.45
North 24 Parganas,107,N24P-107,87,High School 87,253,261,0,514,50.78
North 24 Parganas,107,N24P-107,88,Market Building 88,329,327,0,656,49.85
North 24 Parganas,107,N24P-107,89,Panchayat Bhavan 89,322,312,1,635,49.13
North 24 Parganas,107,N24P-107,90,Primary School 90,268,245,0,513,47.76
North 24 Parganas,107,N24P-107,91,Community Hall 91,373,373,0,746,50.0
North 24 Parganas,107,N24P-107,92,Govt Office 92,248,256,0,504,50.79
North 24 Parganas,107,N24P-107,93,Primary School 93,326,296,1,623,47.51
North 24 Parganas,107,N24P-107,94,Govt Office 94,302,287,1,590,48.64
North 24 Parganas,107,N24P-107,95,Panchayat Bhavan 95,302,302,0,604,50.0
North 24 Parganas,107,N24P-107,96,Community Hall 96,270,249,0,519,47.98
North 24 Parganas,107,N24P-107,97,High School 97,264,247,1,512,48.24
North 24 Parganas,107,N24P-107,98,Club Building 98,375,366,1,742,49.33
North 24 Parganas,107,N24P-107,99,Post Office 99,279,283,1,563,50.27
North 24 Parganas,107,N24P-107,100,Temple Hall 100,392,397,1,790,50.25
North 24 Parganas,107,N24P-107,101,High School 101,272,280,0,552,50.72
North 24 Parganas,107,N24P-107,102,Govt Office 102,247,249,1,497,50.1
North 24 Parganas,107,N24P-107,103,High School 103,363,370,0,733,50.48
North 24 Parganas,107,N24P-107,104,Madrasa 104,323,330,1,654,50.46
North 24 Parganas,107,N24P-107,105,Market Building 105,245,244,1,490,49.8
North 24 Parganas,107,N24P-107,106,Panchayat Bhavan 106,395,375,0,770,48.7
North 24 Parganas,107,N24P-107,107,Market Building 107,287,266,0,553,48.1
North 24 Parganas,107,N24P-107,108,Anganwadi Centre 108,314,306,0,620,49.35
North 24 Parganas,107,N24P-107,109,High School 109,348,345,1,694,49.71
North 24 Parganas,107,N24P-107,110,Post Office 110,407,385,0,792,48.61
North 24 Parganas,107,N24P-107,111,Primary School 111,272,254,1,527,48.2
North 24 Parganas,107,N24P-107,112,Health Sub-Centre 112,359,337,1,697,48.35
North 24 Parganas,107,N24P-107,113,Post Office 113,367,336,0,703,47.8
North 24 Parganas,107,N24P-107,114,Post Office 114,380,360,1,741,48.58
North 24 Parganas,107,N24P-107,115,High School 115,265,263,1,529,49.72
North 24 Parganas,107,N24P-107,116,Temple Hall 116,300,271,0,571,47.46
North 24 Parganas,107,N24P-107,117,Post Office 117,405,410,0,815,50.31
North 24 Parganas,107,N24P-107,118,Primary School 118,337,336,1,674,49.85
North 24 Parganas,107,N24P-107,119,Market Building 119,406,413,1,820,50.37
North 24 Parganas,107,N24P-107,120,Market Building 120,256,229,0,485,47.22
North 24 Parganas,107,N24P-107,121,Govt Office 121,356,347,1,704,49.29
North 24 Parganas,107,N24P-107,122,Post Office 122,321,300,0,621,48.31
North 24 Parganas,107,N24P-107,123,Panchayat Bhavan 123,362,375,1,738,50.81
North 24 Parganas,107,N24P-107,124,Panchayat Bhavan 124,241,239,0,480,49.79
North 24 Parganas,107,N24P-107,125,Club Building 125,402,388,0,790,49.11
North 24 Parganas,107,N24P-107,126,Anganwadi Centre 126,320,305,1,626,48.72
North 24 Parganas,107,N24P-107,127,Market Building 127,319,318,0,637,49.92
North 24 Parganas,107,N24P-107,128,Anganwadi Centre 128,387,368,1,756,48.68
North 24 Parganas,107,N24P-107,129,Anganwadi Centre 129,413,399,1,813,49.08
North 24 Parganas,107,N24P-107,130,Panchayat Bhavan 130,291,288,0,579,49.74
North 24 Parganas,107,N24P-107,131,Health Sub-Centre 131,405,371,1,777,47.75
North 24 Parganas,107,N24P-107,132,Market Building 132,350,336,0,686,48.98
North 24 Parganas,107,N24P-107,133,Temple Hall 133,298,286,1,585,48.89
North 24 Parganas,107,N24P-107,134,Madrasa 134,371,359,1,731,49.11
North 24 Parganas,107,N24P-107,135,Madrasa 135,364,362,1,727,49.79
North 24 Parganas,107,N24P-107,136,Community Hall 136,311,278,0,589,47.2
North 24 Parganas,107,N24P-107,137,Health Sub-Centre 137,359,335,0,694,48.27
North 24 Parganas,107,N24P-107,138,Govt Office 138,279,258,0,537,48.04
North 24 Parganas,107,N24P-107,139,Primary School 139,323,333,1,657,50.68
North 24 Parganas,107,N24P-107,140,Club Building 140,321,291,0,612,47.55
North 24 Parganas,107,N24P-107,141,Temple Hall 141,352,329,0,681,48.31
North 24 Parganas,107,N24P-107,142,Anganwadi Centre 142,337,334,0,671,49.78
North 24 Parganas,107,N24P-107,143,Madrasa 143,309,313,1,623,50.24
North 24 Parganas,107,N24P-107,144,High School 144,409,402,0,811,49.57
North 24 Parganas,107,N24P-107,145,Market Building 145,313,313,0,626,50.0
North 24 Parganas,107,N24P-107,146,Market Building 146,357,340,0,697,48.78
North 24 Parganas,107,N24P-107,147,Primary School 147,310,298,1,609,48.93
North 24 Parganas,107,N24P-107,148,Market Building 148,287,296,0,583,50.77
North 24 Parganas,107,N24P-107,149,Primary School 149,388,349,0,737,47.35
North 24 Parganas,107,N24P-107,150,Health Sub-Centre 150,263,241,1,505,47.72
North 24 Parganas,107,N24P-107,151,Community Hall 151,377,372,1,750,49.6
North 24 Parganas,107,N24P-107,152,Anganwadi Centre 152,271,266,0,537,49.53
North 24 Parganas,107,N24P-107,153,Anganwadi Centre 153,391,396,1,788,50.25
North 24 Parganas,107,N24P-107,154,Anganwadi Centre 154,305,300,0,605,49.59
North 24 Parganas,107,N24P-107,155,Temple Hall 155,303,280,0,583,48.03
North 24 Parganas,107,N24P-107,156,Health Sub-Centre 156,294,285,1,580,49.14
North 24 Parganas,107,N24P-107,157,Health Sub-Centre 157,385,356,1,742,47.98
North 24 Parganas,107,N24P-107,158,Madrasa 158,388,389,0,777,50.06
North 24 Parganas,107,N24P-107,159,Panchayat Bhavan 159,387,354,1,742,47.71
North 24 Parganas,107,N24P-107,160,Health Sub-Centre 160,379,385,1,765,50.33
North 24 Parganas,107,N24P-107,161,Madrasa 161,262,269,1,532,50.56
North 24 Parganas,107,N24P-107,162,Madrasa 162,287,285,0,572,49.83
North 24 Parganas,107,N24P-107,163,Post Office 163,255,244,0,499,48.9
North 24 Parganas,107,N24P-107,164,Temple Hall 164,374,384,0,758,50.66
North 24 Parganas,107,N24P-107,165,Anganwadi Centre 165,414,389,0,803,48.44
North 24 Parganas,107,N24P-107,166,Health Sub-Centre 166,401,387,1,789,49.05
North 24 Parganas,107,N24P-107,167,Primary School 167,301,308,1,610,50.49
North 24 Parganas,107,N24P-107,168,Govt Office 168,286,293,1,580,50.52
North 24 Parganas,107,N24P-107,169,Primary School 169,387,396,1,784,50.51
North 24 Parganas,107,N24P-107,170,Temple Hall 170,389,368,0,757,48.61
North 24 Parganas,107,N24P-107,171,Govt Office 171,285,272,1,558,48.75
North 24 Parganas,107,N24P-107,172,Post Office 172,395,358,0,753,47.54
North 24 Parganas,107,N24P-107,173,Health Sub-Centre 173,350,335,1,686,48.83
North 24 Parganas,107,N24P-107,174,Temple Hall 174,341,350,0,691,50.65
North 24 Parganas,107,N24P-107,175,Anganwadi Centre 175,402,386,0,788,48.98
North 24 Parganas,107,N24P-107,176,Community Hall 176,258,244,1,503,48.51
North 24 Parganas,107,N24P-107,177,Panchayat Bhavan 177,357,343,0,700,49.0
North 24 Parganas,107,N24P-107,178,Community Hall 178,254,241,1,496,48.59
North 24 Parganas,107,N24P-107,179,Community Hall 179,252,249,0,501,49.7
North 24 Parganas,107,N24P-107,180,Temple Hall 180,283,268,0,551,48.64
North 24 Parganas,107,N24P-107,181,Health Sub-Centre 181,311,288,1,600,48.0
North 24 Parganas,107,N24P-107,182,Madrasa 182,367,353,1,721,48.96
North 24 Parganas,108,N24P-108,1,Anganwadi Centre 1,382,368,0,750,49.07
North 24 Parganas,108,N24P-108,2,High School 2,375,378,1,754,50.13
North 24 Parganas,108,N24P-108,3,Primary School 3,306,281,1,588,47.79
North 24 Parganas,108,N24P-108,4,Post Office 4,354,329,1,684,48.1
North 24 Parganas,108,N24P-108,5,Panchayat Bhavan 5,296,276,1,573,48.17
North 24 Parganas,108,N24P-108,6,Govt Office 6,398,387,1,786,49.24
North 24 Parganas,108,N24P-108,7,Primary School 7,343,339,1,683,49.63
North 24 Parganas,108,N24P-108,8,Panchayat Bhavan 8,247,237,1,485,48.87
North 24 Parganas,108,N24P-108,9,Health Sub-Centre 9,372,367,1,740,49.59
North 24 Parganas,108,N24P-108,10,Club Building 10,254,229,1,484,47.31
North 24 Parganas,108,N24P-108,11,Market Building 11,402,368,1,771,47.73
North 24 Parganas,108,N24P-108,12,High School 12,321,318,1,640,49.69
North 24 Parganas,108,N24P-108,13,Health Sub-Centre 13,311,304,1,616,49.35
North 24 Parganas,108,N24P-108,14,Temple Hall 14,359,359,1,719,49.93
North 24 Parganas,108,N24P-108,15,Panchayat Bhavan 15,402,387,1,790,48.99
North 24 Parganas,108,N24P-108,16,Panchayat Bhavan 16,308,317,1,626,50.64
North 24 Parganas,108,N24P-108,17,High School 17,335,339,1,675,50.22
North 24 Parganas,108,N24P-108,18,Post Office 18,260,250,1,511,48.92
North 24 Parganas,108,N24P-108,19,Temple Hall 19,288,264,0,552,47.83
North 24 Parganas,108,N24P-108,20,Temple Hall 20,360,338,1,699,48.35
North 24 Parganas,108,N24P-108,21,Panchayat Bhavan 21,261,261,1,523,49.9
North 24 Parganas,108,N24P-108,22,Govt Office 22,297,304,0,601,50.58
North 24 Parganas,108,N24P-108,23,Madrasa 23,386,347,1,734,47.28
North 24 Parganas,108,N24P-108,24,Club Building 24,253,256,1,510,50.2
North 24 Parganas,108,N24P-108,25,Temple Hall 25,404,388,1,793,48.93
North 24 Parganas,108,N24P-108,26,Madrasa 26,399,369,0,768,48.05
North 24 Parganas,108,N24P-108,27,Health Sub-Centre 27,278,257,0,535,48.04
North 24 Parganas,108,N24P-108,28,High School 28,340,333,0,673,49.48
North 24 Parganas,108,N24P-108,29,Govt Office 29,358,344,0,702,49.0
North 24 Parganas,108,N24P-108,30,Primary School 30,255,244,0,499,48.9
North 24 Parganas,108,N24P-108,31,Madrasa 31,253,239,0,492,48.58
North 24 Parganas,108,N24P-108,32,Anganwadi Centre 32,338,328,1,667,49.18
North 24 Parganas,108,N24P-108,33,Govt Office 33,294,298,0,592,50.34
North 24 Parganas,108,N24P-108,34,Club Building 34,316,295,1,612,48.2
North 24 Parganas,108,N24P-108,35,Govt Office 35,340,313,0,653,47.93
North 24 Parganas,108,N24P-108,36,Community Hall 36,273,255,1,529,48.2
North 24 Parganas,108,N24P-108,37,Market Building 37,271,250,1,522,47.89
North 24 Parganas,108,N24P-108,38,Anganwadi Centre 38,258,264,1,523,50.48
North 24 Parganas,108,N24P-108,39,Panchayat Bhavan 39,410,377,0,787,47.9
North 24 Parganas,108,N24P-108,40,Anganwadi Centre 40,399,362,1,762,47.51
North 24 Parganas,108,N24P-108,41,Post Office 41,328,319,0,647,49.3
North 24 Parganas,108,N24P-108,42,Anganwadi Centre 42,249,236,1,486,48.56
North 24 Parganas,108,N24P-108,43,Club Building 43,336,333,0,669,49.78
North 24 Parganas,108,N24P-108,44,Market Building 44,301,285,0,586,48.63
North 24 Parganas,108,N24P-108,45,Community Hall 45,254,257,1,512,50.2
North 24 Parganas,108,N24P-108,46,High School 46,252,249,0,501,49.7
North 24 Parganas,108,N24P-108,47,Market Building 47,355,357,0,712,50.14
North 24 Parganas,108,N24P-108,48,Health Sub-Centre 48,341,331,0,672,49.26
North 24 Parganas,108,N24P-108,49,Govt Office 49,290,263,1,554,47.47
North 24 Parganas,108,N24P-108,50,Govt Office 50,388,370,1,759,48.75
North 24 Parganas,108,N24P-108,51,Primary School 51,374,364,0,738,49.32
North 24 Parganas,108,N24P-108,52,Primary School 52,420,387,1,808,47.9
North 24 Parganas,108,N24P-108,53,Primary School 53,346,317,1,664,47.74
North 24 Parganas,108,N24P-108,54,Health Sub-Centre 54,331,313,0,644,48.6
North 24 Parganas,108,N24P-108,55,Govt Office 55,289,288,0,577,49.91
North 24 Parganas,108,N24P-108,56,Temple Hall 56,417,396,1,814,48.65
North 24 Parganas,108,N24P-108,57,Madrasa 57,390,368,1,759,48.48
North 24 Parganas,108,N24P-108,58,Health Sub-Centre 58,311,303,0,614,49.35
North 24 Parganas,108,N24P-108,59,Anganwadi Centre 59,321,298,0,619,48.14
North 24 Parganas,108,N24P-108,60,Madrasa 60,306,296,1,603,49.09
North 24 Parganas,108,N24P-108,61,Post Office 61,326,311,0,637,48.82
North 24 Parganas,108,N24P-108,62,Market Building 62,402,406,0,808,50.25
North 24 Parganas,108,N24P-108,63,Community Hall 63,347,322,1,670,48.06
North 24 Parganas,108,N24P-108,64,Club Building 64,383,367,1,751,48.87
North 24 Parganas,108,N24P-108,65,Temple Hall 65,352,322,0,674,47.77
North 24 Parganas,108,N24P-108,66,Primary School 66,250,253,1,504,50.2
North 24 Parganas,108,N24P-108,67,Community Hall 67,392,386,1,779,49.55
North 24 Parganas,108,N24P-108,68,Madrasa 68,411,389,0,800,48.62
North 24 Parganas,108,N24P-108,69,Market Building 69,241,244,0,485,50.31
North 24 Parganas,108,N24P-108,70,Club Building 70,294,299,0,593,50.42
North 24 Parganas,108,N24P-108,71,Club Building 71,344,337,1,682,49.41
North 24 Parganas,108,N24P-108,72,Primary School 72,252,255,1,508,50.2
North 24 Parganas,108,N24P-108,73,Market Building 73,332,325,1,658,49.39
North 24 Parganas,108,N24P-108,74,Madrasa 74,336,333,1,670,49.7
North 24 Parganas,108,N24P-108,75,Post Office 75,370,358,0,728,49.18
North 24 Parganas,108,N24P-108,76,Anganwadi Centre 76,389,384,0,773,49.68
North 24 Parganas,108,N24P-108,77,Post Office 77,261,267,1,529,50.47
North 24 Parganas,108,N24P-108,78,Anganwadi Centre 78,320,296,0,616,48.05
North 24 Parganas,108,N24P-108,79,Madrasa 79,412,371,0,783,47.38
North 24 Parganas,108,N24P-108,80,Primary School 80,292,265,1,558,47.49
North 24 Parganas,108,N24P-108,81,Post Office 81,410,373,0,783,47.64
North 24 Parganas,108,N24P-108,82,Post Office 82,344,351,1,696,50.43
North 24 Parganas,108,N24P-108,83,Govt Office 83,255,260,1,516,50.39
North 24 Parganas,108,N24P-108,84,Govt Office 84,306,302,0,608,49.67
North 24 Parganas,108,N24P-108,85,Govt Office 85,273,248,0,521,47.6
North 24 Parganas,108,N24P-108,86,Panchayat Bhavan 86,355,348,0,703,49.5
North 24 Parganas,108,N24P-108,87,Panchayat Bhavan 87,373,355,0,728,48.76
North 24 Parganas,108,N24P-108,88,High School 88,320,287,0,607,47.28
North 24 Parganas,108,N24P-108,89,Panchayat Bhavan 89,316,298,0,614,48.53
North 24 Parganas,108,N24P-108,90,Panchayat Bhavan 90,372,359,0,731,49.11
North 24 Parganas,108,N24P-108,91,Temple Hall 91,328,310,0,638,48.59
North 24 Parganas,108,N24P-108,92,Market Building 92,290,281,1,572,49.13
North 24 Parganas,108,N24P-108,93,Madrasa 93,277,280,1,558,50.18
North 24 Parganas,108,N24P-108,94,Club Building 94,337,348,1,686,50.73
North 24 Parganas,108,N24P-108,95,Health Sub-Centre 95,395,356,1,752,47.34
North 24 Parganas,108,N24P-108,96,Health Sub-Centre 96,262,237,1,500,47.4
North 24 Parganas,108,N24P-108,97,Health Sub-Centre 97,390,384,0,774,49.61
North 24 Parganas,108,N24P-108,98,Primary School 98,277,261,1,539,48.42
North 24 Parganas,108,N24P-108,99,Panchayat Bhavan 99,261,265,1,527,50.28
North 24 Parganas,108,N24P-108,100,Post Office 100,372,385,1,758,50.79
North 24 Parganas,108,N24P-108,101,Post Office 101,396,360,0,756,47.62
North 24 Parganas,108,N24P-108,102,Anganwadi Centre 102,359,352,1,712,49.44
North 24 Parganas,108,N24P-108,103,Madrasa 103,267,267,0,534,50.0
North 24 Parganas,108,N24P-108,104,Community Hall 104,396,408,0,804,50.75
North 24 Parganas,108,N24P-108,105,Anganwadi Centre 105,317,301,0,618,48.71
North 24 Parganas,108,N24P-108,106,High School 106,412,403,1,816,49.39
North 24 Parganas,108,N24P-108,107,Club Building 107,374,338,0,712,47.47
North 24 Parganas,108,N24P-108,108,Club Building 108,342,324,0,666,48.65
North 24 Parganas,108,N24P-108,109,Community Hall 109,348,331,1,680,48.68
North 24 Parganas,108,N24P-108,110,Market Building 110,323,317,0,640,49.53
North 24 Parganas,108,N24P-108,111,Club Building 111,355,328,1,684,47.95
North 24 Parganas,108,N24P-108,112,Anganwadi Centre 112,360,340,1,701,48.5
North 24 Parganas,108,N24P-108,113,Community Hall 113,414,372,0,786,47.33
North 24 Parganas,108,N24P-108,114,Panchayat Bhavan 114,309,315,0,624,50.48
North 24 Parganas,108,N24P-108,115,Govt Office 115,401,365,1,767,47.59
North 24 Parganas,108,N24P-108,116,Health Sub-Centre 116,294,279,1,574,48.61
North 24 Parganas,108,N24P-108,117,Health Sub-Centre 117,323,315,0,638,49.37
North 24 Parganas,108,N24P-108,118,Club Building 118,416,394,1,811,48.58
North 24 Parganas,108,N24P-108,119,Club Building 119,286,276,0,562,49.11
North 24 Parganas,108,N24P-108,120,Market Building 120,297,294,0,591,49.75
North 24 Parganas,108,N24P-108,121,High School 121,336,335,0,671,49.93
North 24 Parganas,108,N24P-108,122,High School 122,421,396,0,817,48.47
North 24 Parganas,108,N24P-108,123,High School 123,299,281,0,580,48.45
North 24 Parganas,108,N24P-108,124,Post Office 124,350,357,0,707,50.5
North 24 Parganas,108,N24P-108,125,Community Hall 125,382,357,0,739,48.31
North 24 Parganas,108,N24P-108,126,Post Office 126,326,311,0,637,48.82
North 24 Parganas,108,N24P-108,127,Anganwadi Centre 127,284,283,0,567,49.91
North 24 Parganas,108,N24P-108,128,High School 128,273,262,1,536,48.88
North 24 Parganas,108,N24P-108,129,Health Sub-Centre 129,397,394,1,792,49.75
North 24 Parganas,108,N24P-108,130,Health Sub-Centre 130,278,283,1,562,50.36
North 24 Parganas,108,N24P-108,131,Market Building 131,390,368,1,759,48.48
North 24 Parganas,108,N24P-108,132,Temple Hall 132,303,276,1,580,47.59
North 24 Parganas,108,N24P-108,133,Community Hall 133,378,354,1,733,48.29
North 24 Parganas,108,N24P-108,134,Panchayat Bhavan 134,366,341,1,708,48.16
North 24 Parganas,108,N24P-108,135,High School 135,404,387,1,792,48.86
North 24 Parganas,108,N24P-108,136,Post Office 136,375,353,1,729,48.42
North 24 Parganas,108,N24P-108,137,Club Building 137,369,359,0,728,49.31
North 24 Parganas,108,N24P-108,138,Temple Hall 138,277,266,0,543,48.99
North 24 Parganas,108,N24P-108,139,High School 139,325,302,1,628,48.09
North 24 Parganas,108,N24P-108,140,Community Hall 140,266,257,1,524,49.05
North 24 Parganas,108,N24P-108,141,Community Hall 141,336,314,0,650,48.31
North 24 Parganas,108,N24P-108,142,Health Sub-Centre 142,274,259,0,533,48.59
North 24 Parganas,108,N24P-108,143,Primary School 143,363,337,1,701,48.07
North 24 Parganas,108,N24P-108,144,Market Building 144,254,260,0,514,50.58
North 24 Parganas,108,N24P-108,145,Community Hall 145,373,337,1,711,47.4
North 24 Parganas,108,N24P-108,146,Community Hall 146,390,399,1,790,50.51
North 24 Parganas,108,N24P-108,147,Post Office 147,336,310,0,646,47.99
North 24 Parganas,108,N24P-108,148,High School 148,327,331,0,658,50.3
North 24 Parganas,108,N24P-108,149,Community Hall 149,341,323,0,664,48.64
North 24 Parganas,108,N24P-108,150,Club Building 150,347,355,0,702,50.57
North 24 Parganas,108,N24P-108,151,Post Office 151,310,321,1,632,50.79
North 24 Parganas,108,N24P-108,152,Health Sub-Centre 152,310,285,1,596,47.82
North 24 Parganas,108,N24P-108,153,Panchayat Bhavan 153,326,292,0,618,47.25
North 24 Parganas,108,N24P-108,154,Health Sub-Centre 154,323,292,1,616,47.4
North 24 Parganas,108,N24P-108,155,Post Office 155,272,243,0,515,47.18
North 24 Parganas,108,N24P-108,156,Market Building 156,271,264,1,536,49.25
North 24 Parganas,108,N24P-108,157,Madrasa 157,267,264,1,532,49.62
North 24 Parganas,108,N24P-108,158,High School 158,274,257,1,532,48.31
North 24 Parganas,108,N24P-108,159,Madrasa 159,315,307,1,623,49.28
North 24 Parganas,108,N24P-108,160,Panchayat Bhavan 160,375,376,1,752,50.0
North 24 Parganas,108,N24P-108,161,Govt Office 161,343,332,1,676,49.11
North 24 Parganas,108,N24P-108,162,Health Sub-Centre 162,403,381,0,784,48.6
North 24 Parganas,108,N24P-108,163,Health Sub-Centre 163,257,248,0,505,49.11
North 24 Parganas,108,N24P-108,164,Health Sub-Centre 164,369,375,1,745,50.34
North 24 Parganas,108,N24P-108,165,Temple Hall 165,324,314,1,639,49.14
North 24 Parganas,108,N24P-108,166,Anganwadi Centre 166,279,287,0,566,50.71
North 24 Parganas,108,N24P-108,167,Community Hall 167,416,373,0,789,47.28
North 24 Parganas,108,N24P-108,168,Primary School 168,350,326,1,677,48.15
North 24 Parganas,108,N24P-108,169,Club Building 169,316,284,0,600,47.33
North 24 Parganas,108,N24P-108,170,Market Building 170,249,232,0,481,48.23
North 24 Parganas,108,N24P-108,171,Health Sub-Centre 171,401,391,0,792,49.37
North 24 Parganas,108,N24P-108,172,Primary School 172,377,348,0,725,48.0
North 24 Parganas,108,N24P-108,173,Panchayat Bhavan 173,290,279,1,570,48.95
North 24 Parganas,108,N24P-108,174,Govt Office 174,274,276,1,551,50.09
North 24 Parganas,108,N24P-108,175,Panchayat Bhavan 175,293,271,1,565,47.96
North 24 Parganas,108,N24P-108,176,Primary School 176,352,345,1,698,49.43
North 24 Parganas,108,N24P-108,177,Market Building 177,306,308,0,614,50.16
North 24 Parganas,108,N24P-108,178,Anganwadi Centre 178,335,341,1,677,50.37
North 24 Parganas,108,N24P-108,179,Madrasa 179,261,243,0,504,48.21
North 24 Parganas,108,N24P-108,180,Govt Office 180,303,284,0,587,48.38
North 24 Parganas,108,N24P-108,181,Community Hall 181,347,346,1,694,49.86
North 24 Parganas,108,N24P-108,182,Panchayat Bhavan 182,406,374,1,781,47.89
North 24 Parganas,108,N24P-108,183,Community Hall 183,393,375,0,768,48.83
North 24 Parganas,109,N24P-109,1,Anganwadi Centre 1,275,253,1,529,47.83
North 24 Parganas,109,N24P-109,2,Club Building 2,400,380,0,780,48.72
North 24 Parganas,109,N24P-109,3,Temple Hall 3,258,252,0,510,49.41
North 24 Parganas,109,N24P-109,4,Govt Office 4,248,244,1,493,49.49
North 24 Parganas,109,N24P-109,5,Temple Hall 5,373,346,0,719,48.12
North 24 Parganas,109,N24P-109,6,High School 6,336,304,0,640,47.5
North 24 Parganas,109,N24P-109,7,Anganwadi Centre 7,351,327,0,678,48.23
North 24 Parganas,109,N24P-109,8,Club Building 8,395,399,0,794,50.25
North 24 Parganas,109,N24P-109,9,Market Building 9,342,325,0,667,48.73
North 24 Parganas,109,N24P-109,10,Govt Office 10,281,278,1,560,49.64
North 24 Parganas,109,N24P-109,11,Govt Office 11,367,331,1,699,47.35
North 24 Parganas,109,N24P-109,12,Govt Office 12,379,377,0,756,49.87
North 24 Parganas,109,N24P-109,13,Madrasa 13,293,283,0,576,49.13
North 24 Parganas,109,N24P-109,14,Health Sub-Centre 14,362,354,0,716,49.44
North 24 Parganas,109,N24P-109,15,Madrasa 15,409,400,1,810,49.38
North 24 Parganas,109,N24P-109,16,Madrasa 16,389,378,0,767,49.28
North 24 Parganas,109,N24P-109,17,Post Office 17,258,253,1,512,49.41
North 24 Parganas,109,N24P-109,18,Anganwadi Centre 18,335,308,1,644,47.83
North 24 Parganas,109,N24P-109,19,Madrasa 19,361,345,1,707,48.8
North 24 Parganas,109,N24P-109,20,Club Building 20,335,305,1,641,47.58
North 24 Parganas,109,N24P-109,21,Post Office 21,296,286,1,583,49.06
North 24 Parganas,109,N24P-109,22,Primary School 22,352,335,1,688,48.69
North 24 Parganas,109,N24P-109,23,High School 23,308,279,0,587,47.53
North 24 Parganas,109,N24P-109,24,Panchayat Bhavan 24,296,269,0,565,47.61
North 24 Parganas,109,N24P-109,25,Madrasa 25,299,294,1,594,49.49
North 24 Parganas,109,N24P-109,26,Govt Office 26,295,291,1,587,49.57
North 24 Parganas,109,N24P-109,27,Madrasa 27,267,250,0,517,48.36
North 24 Parganas,109,N24P-109,28,Post Office 28,315,311,1,627,49.6
North 24 Parganas,109,N24P-109,29,Anganwadi Centre 29,318,309,0,627,49.28
North 24 Parganas,109,N24P-109,30,Health Sub-Centre 30,346,351,0,697,50.36
North 24 Parganas,109,N24P-109,31,Community Hall 31,280,264,1,545,48.44
North 24 Parganas,109,N24P-109,32,Madrasa 32,311,279,0,590,47.29
North 24 Parganas,109,N24P-109,33,Govt Office 33,299,307,1,607,50.58
North 24 Parganas,109,N24P-109,34,Panchayat Bhavan 34,263,248,1,512,48.44
North 24 Parganas,109,N24P-109,35,Primary School 35,312,313,1,626,50.0
North 24 Parganas,109,N24P-109,36,Temple Hall 36,346,355,0,701,50.64
North 24 Parganas,109,N24P-109,37,Post Office 37,311,298,1,610,48.85
North 24 Parganas,109,N24P-109,38,Primary School 38,330,314,0,644,48.76
North 24 Parganas,109,N24P-109,39,Primary School 39,399,360,0,759,47.43
North 24 Parganas,109,N24P-109,40,Govt Office 40,294,295,0,589,50.08
North 24 Parganas,109,N24P-109,41,Anganwadi Centre 41,267,265,0,532,49.81
North 24 Parganas,109,N24P-109,42,Govt Office 42,322,331,0,653,50.69
North 24 Parganas,109,N24P-109,43,Anganwadi Centre 43,262,266,1,529,50.28
North 24 Parganas,109,N24P-109,44,Govt Office 44,386,356,0,742,47.98
North 24 Parganas,109,N24P-109,45,High School 45,393,370,1,764,48.43
North 24 Parganas,109,N24P-109,46,Club Building 46,303,311,0,614,50.65
North 24 Parganas,109,N24P-109,47,Temple Hall 47,301,296,1,598,49.5
North 24 Parganas,109,N24P-109,48,Madrasa 48,285,259,1,545,47.52
North 24 Parganas,109,N24P-109,49,Madrasa 49,289,294,0,583,50.43
North 24 Parganas,109,N24P-109,50,High School 50,426,383,1,810,47.28
North 24 Parganas,109,N24P-109,51,Post Office 51,408,387,1,796,48.62
North 24 Parganas,109,N24P-109,52,High School 52,388,373,0,761,49.01
North 24 Parganas,109,N24P-109,53,Panchayat Bhavan 53,274,269,0,543,49.54
North 24 Parganas,109,N24P-109,54,Govt Office 54,292,278,1,571,48.69
North 24 Parganas,109,N24P-109,55,Panchayat Bhavan 55,286,293,1,580,50.52
North 24 Parganas,109,N24P-109,56,Club Building 56,335,316,1,652,48.47
North 24 Parganas,109,N24P-109,57,Panchayat Bhavan 57,399,393,0,792,49.62
North 24 Parganas,109,N24P-109,58,High School 58,338,340,0,678,50.15
North 24 Parganas,109,N24P-109,59,Post Office 59,246,250,1,497,50.3
North 24 Parganas,109,N24P-109,60,Govt Office 60,265,257,0,522,49.23
North 24 Parganas,109,N24P-109,61,Madrasa 61,293,289,0,582,49.66
North 24 Parganas,109,N24P-109,62,Post Office 62,325,305,0,630,48.41
North 24 Parganas,109,N24P-109,63,Market Building 63,383,382,1,766,49.87
North 24 Parganas,109,N24P-109,64,Govt Office 64,284,278,0,562,49.47
North 24 Parganas,109,N24P-109,65,Primary School 65,304,285,1,590,48.31
North 24 Parganas,109,N24P-109,66,Health Sub-Centre 66,403,374,1,778,48.07
North 24 Parganas,109,N24P-109,67,Primary School 67,388,401,1,790,50.76
North 24 Parganas,109,N24P-109,68,Post Office 68,364,361,1,726,49.72
North 24 Parganas,109,N24P-109,69,Market Building 69,380,391,0,771,50.71
North 24 Parganas,109,N24P-109,70,Market Building 70,369,379,0,748,50.67
North 24 Parganas,109,N24P-109,71,Community Hall 71,398,371,1,770,48.18
North 24 Parganas,109,N24P-109,72,Market Building 72,356,323,0,679,47.57
North 24 Parganas,109,N24P-109,73,Primary School 73,264,258,0,522,49.43
North 24 Parganas,109,N24P-109,74,Madrasa 74,285,266,1,552,48.19
North 24 Parganas,109,N24P-109,75,Health Sub-Centre 75,273,263,1,537,48.98
North 24 Parganas,109,N24P-109,76,Panchayat Bhavan 76,337,344,1,682,50.44
North 24 Parganas,109,N24P-109,77,Post Office 77,338,312,0,650,48.0
North 24 Parganas,109,N24P-109,78,Club Building 78,259,237,1,497,47.69
North 24 Parganas,109,N24P-109,79,Health Sub-Centre 79,357,344,1,702,49.0
North 24 Parganas,109,N24P-109,80,Club Building 80,321,296,0,617,47.97
North 24 Parganas,109,N24P-109,81,Temple Hall 81,278,284,0,562,50.53
North 24 Parganas,109,N24P-109,82,Community Hall 82,354,333,0,687,48.47
North 24 Parganas,109,N24P-109,83,Panchayat Bhavan 83,412,382,1,795,48.05
North 24 Parganas,109,N24P-109,84,Market Building 84,392,401,1,794,50.5
North 24 Parganas,109,N24P-109,85,Primary School 85,315,313,0,628,49.84
North 24 Parganas,109,N24P-109,86,High School 86,336,317,1,654,48.47
North 24 Parganas,109,N24P-109,87,Market Building 87,431,388,0,819,47.37
North 24 Parganas,109,N24P-109,88,Post Office 88,250,258,0,508,50.79
North 24 Parganas,109,N24P-109,89,Health Sub-Centre 89,329,320,0,649,49.31
North 24 Parganas,109,N24P-109,90,Health Sub-Centre 90,407,394,1,802,49.13
North 24 Parganas,109,N24P-109,91,Madrasa 91,342,334,0,676,49.41
North 24 Parganas,109,N24P-109,92,Govt Office 92,385,360,1,746,48.26
North 24 Parganas,109,N24P-109,93,Madrasa 93,301,274,1,576,47.57
North 24 Parganas,109,N24P-109,94,Madrasa 94,283,282,0,565,49.91
North 24 Parganas,109,N24P-109,95,Govt Office 95,388,371,1,760,48.82
North 24 Parganas,109,N24P-109,96,Anganwadi Centre 96,399,410,0,809,50.68
North 24 Parganas,109,N24P-109,97,Market Building 97,389,353,0,742,47.57
North 24 Parganas,109,N24P-109,98,Madrasa 98,326,293,0,619,47.33
North 24 Parganas,109,N24P-109,99,Temple Hall 99,270,272,1,543,50.09
North 24 Parganas,109,N24P-109,100,Primary School 100,275,257,1,533,48.22
North 24 Parganas,109,N24P-109,101,Temple Hall 101,394,371,0,765,48.5
North 24 Parganas,109,N24P-109,102,Market Building 102,303,299,1,603,49.59
North 24 Parganas,109,N24P-109,103,Panchayat Bhavan 103,310,308,1,619,49.76
North 24 Parganas,109,N24P-109,104,Govt Office 104,359,333,0,692,48.12
North 24 Parganas,109,N24P-109,105,Madrasa 105,357,333,0,690,48.26
North 24 Parganas,109,N24P-109,106,Community Hall 106,310,306,0,616,49.68
North 24 Parganas,109,N24P-109,107,Primary School 107,339,314,1,654,48.01
North 24 Parganas,109,N24P-109,108,Health Sub-Centre 108,329,299,0,628,47.61
North 24 Parganas,109,N24P-109,109,Govt Office 109,266,255,1,522,48.85
North 24 Parganas,109,N24P-109,110,Health Sub-Centre 110,336,331,1,668,49.55
North 24 Parganas,109,N24P-109,111,Post Office 111,419,394,0,813,48.46
North 24 Parganas,109,N24P-109,112,Primary School 112,357,344,0,701,49.07
North 24 Parganas,109,N24P-109,113,Govt Office 113,404,367,0,771,47.6
North 24 Parganas,109,N24P-109,114,Club Building 114,287,270,1,558,48.39
North 24 Parganas,109,N24P-109,115,Health Sub-Centre 115,268,274,0,542,50.55
North 24 Parganas,109,N24P-109,116,Primary School 116,252,247,1,500,49.4
North 24 Parganas,109,N24P-109,117,Anganwadi Centre 117,296,265,1,562,47.15
North 24 Parganas,109,N24P-109,118,Madrasa 118,246,241,0,487,49.49
North 24 Parganas,109,N24P-109,119,Anganwadi Centre 119,263,267,1,531,50.28
North 24 Parganas,109,N24P-109,120,Market Building 120,272,246,1,519,47.4
North 24 Parganas,109,N24P-109,121,Primary School 121,305,283,1,589,48.05
North 24 Parganas,109,N24P-109,122,Panchayat Bhavan 122,276,272,1,549,49.54
North 24 Parganas,109,N24P-109,123,Primary School 123,306,295,1,602,49.0
North 24 Parganas,109,N24P-109,124,Market Building 124,386,365,1,752,48.54
North 24 Parganas,109,N24P-109,125,Madrasa 125,306,293,1,600,48.83
North 24 Parganas,109,N24P-109,126,Panchayat Bhavan 126,388,372,1,761,48.88
North 24 Parganas,109,N24P-109,127,Primary School 127,377,342,0,719,47.57
North 24 Parganas,109,N24P-109,128,Panchayat Bhavan 128,278,260,0,538,48.33
North 24 Parganas,109,N24P-109,129,Madrasa 129,260,232,0,492,47.15
North 24 Parganas,109,N24P-109,130,Community Hall 130,341,333,1,675,49.33
North 24 Parganas,109,N24P-109,131,Panchayat Bhavan 131,354,353,0,707,49.93
North 24 Parganas,109,N24P-109,132,Madrasa 132,315,285,0,600,47.5
North 24 Parganas,109,N24P-109,133,Anganwadi Centre 133,266,260,0,526,49.43
North 24 Parganas,109,N24P-109,134,Govt Office 134,308,319,1,628,50.8
North 24 Parganas,109,N24P-109,135,Panchayat Bhavan 135,282,269,1,552,48.73
North 24 Parganas,109,N24P-109,136,Primary School 136,270,254,0,524,48.47
North 24 Parganas,109,N24P-109,137,Panchayat Bhavan 137,389,394,0,783,50.32
North 24 Parganas,109,N24P-109,138,Temple Hall 138,398,409,1,808,50.62
North 24 Parganas,109,N24P-109,139,Madrasa 139,404,367,0,771,47.6
North 24 Parganas,109,N24P-109,140,Temple Hall 140,341,334,0,675,49.48
North 24 Parganas,109,N24P-109,141,Panchayat Bhavan 141,345,329,0,674,48.81
North 24 Parganas,109,N24P-109,142,Madrasa 142,354,331,0,685,48.32
North 24 Parganas,109,N24P-109,143,Madrasa 143,261,260,1,522,49.81
North 24 Parganas,109,N24P-109,144,Panchayat Bhavan 144,295,271,0,566,47.88
North 24 Parganas,109,N24P-109,145,Community Hall 145,273,278,0,551,50.45
North 24 Parganas,109,N24P-109,146,Temple Hall 146,374,367,0,741,49.53
North 24 Parganas,109,N24P-109,147,Temple Hall 147,401,383,0,784,48.85
North 24 Parganas,109,N24P-109,148,Madrasa 148,308,301,1,610,49.34
North 24 Parganas,109,N24P-109,149,Market Building 149,360,344,0,704,48.86
North 24 Parganas,109,N24P-109,150,Market Building 150,306,287,0,593,48.4
North 24 Parganas,109,N24P-109,151,Community Hall 151,403,387,1,791,48.93
North 24 Parganas,109,N24P-109,152,High School 152,237,245,1,483,50.72
North 24 Parganas,109,N24P-109,153,Madrasa 153,288,265,0,553,47.92
North 24 Parganas,109,N24P-109,154,Community Hall 154,327,295,1,623,47.35
North 24 Parganas,109,N24P-109,155,Post Office 155,365,350,0,715,48.95
North 24 Parganas,109,N24P-109,156,Panchayat Bhavan 156,342,308,1,651,47.31
North 24 Parganas,109,N24P-109,157,Panchayat Bhavan 157,282,270,0,552,48.91
North 24 Parganas,109,N24P-109,158,Community Hall 158,421,392,0,813,48.22
North 24 Parganas,109,N24P-109,159,Govt Office 159,263,268,1,532,50.38
North 24 Parganas,109,N24P-109,160,Panchayat Bhavan 160,332,341,1,674,50.59
North 24 Parganas,109,N24P-109,161,Post Office 161,342,349,0,691,50.51
North 24 Parganas,109,N24P-109,162,Club Building 162,280,278,0,558,49.82
North 24 Parganas,109,N24P-109,163,Panchayat Bhavan 163,308,304,1,613,49.59
North 24 Parganas,109,N24P-109,164,Anganwadi Centre 164,345,332,1,678,48.97
North 24 Parganas,109,N24P-109,165,Club Building 165,357,343,1,701,48.93
North 24 Parganas,109,N24P-109,166,Club Building 166,366,359,0,725,49.52
North 24 Parganas,109,N24P-109,167,Primary School 167,400,385,0,785,49.04
North 24 Parganas,109,N24P-109,168,Panchayat Bhavan 168,264,261,0,525,49.71
North 24 Parganas,109,N24P-109,169,High School 169,279,268,0,547,48.99
North 24 Parganas,109,N24P-109,170,Market Building 170,374,336,1,711,47.26
North 24 Parganas,109,N24P-109,171,High School 171,380,346,1,727,47.59
North 24 Parganas,109,N24P-109,172,Anganwadi Centre 172,313,317,1,631,50.24
North 24 Parganas,109,N24P-109,173,High School 173,261,266,1,528,50.38
North 24 Parganas,109,N24P-109,174,Club Building 174,318,318,1,637,49.92
North 24 Parganas,109,N24P-109,175,Panchayat Bhavan 175,268,275,0,543,50.64
North 24 Parganas,109,N24P-109,176,Temple Hall 176,391,366,1,758,48.28
North 24 Parganas,109,N24P-109,177,Health Sub-Centre 177,285,270,1,556,48.56
North 24 Parganas,109,N24P-109,178,Anganwadi Centre 178,285,288,1,574,50.17
North 24 Parganas,109,N24P-109,179,Community Hall 179,322,318,0,640,49.69
North 24 Parganas,109,N24P-109,180,Club Building 180,261,261,1,523,49.9
North 24 Parganas,109,N24P-109,181,Anganwadi Centre 181,258,256,1,515,49.71
North 24 Parganas,109,N24P-109,182,Govt Office 182,286,280,0,566,49.47
North 24 Parganas,109,N24P-109,183,Health Sub-Centre 183,321,330,1,652,50.61
North 24 Parganas,109,N24P-109,184,Primary School 184,413,372,1,786,47.33
North 24 Parganas,109,N24P-109,185,Primary School 185,353,343,0,696,49.28
North 24 Parganas,109,N24P-109,186,Temple Hall 186,306,286,1,593,48.23
North 24 Parganas,109,N24P-109,187,Govt Office 187,271,245,0,516,47.48
North 24 Parganas,109,N24P-109,188,Panchayat Bhavan 188,375,345,0,720,47.92
North 24 Parganas,109,N24P-109,189,Market Building 189,378,371,1,750,49.47
North 24 Parganas,109,N24P-109,190,Temple Hall 190,385,388,0,773,50.19
North 24 Parganas,109,N24P-109,191,Primary School 191,279,272,0,551,49.36
North 24 Parganas,110,N24P-110,1,Panchayat Bhavan 1,292,266,0,558,47.67
North 24 Parganas,110,N24P-110,2,Panchayat Bhavan 2,311,293,0,604,48.51
North 24 Parganas,110,N24P-110,3,High School 3,300,293,1,594,49.33
North 24 Parganas,110,N24P-110,4,Market Building 4,269,265,0,534,49.63
North 24 Parganas,110,N24P-110,5,Panchayat Bhavan 5,403,393,1,797,49.31
North 24 Parganas,110,N24P-110,6,Anganwadi Centre 6,376,380,1,757,50.2
North 24 Parganas,110,N24P-110,7,Club Building 7,286,273,1,560,48.75
North 24 Parganas,110,N24P-110,8,Panchayat Bhavan 8,348,356,0,704,50.57
North 24 Parganas,110,N24P-110,9,Govt Office 9,358,321,1,680,47.21
North 24 Parganas,110,N24P-110,10,Club Building 10,276,269,1,546,49.27
North 24 Parganas,110,N24P-110,11,Market Building 11,339,308,1,648,47.53
North 24 Parganas,110,N24P-110,12,Madrasa 12,305,307,1,613,50.08
North 24 Parganas,110,N24P-110,13,Club Building 13,371,344,0,715,48.11
North 24 Parganas,110,N24P-110,14,Health Sub-Centre 14,278,280,1,559,50.09
North 24 Parganas,110,N24P-110,15,Anganwadi Centre 15,264,248,1,513,48.34
North 24 Parganas,110,N24P-110,16,Govt Office 16,400,393,1,794,49.5
North 24 Parganas,110,N24P-110,17,High School 17,263,242,0,505,47.92
North 24 Parganas,110,N24P-110,18,Health Sub-Centre 18,309,277,0,586,47.27
North 24 Parganas,110,N24P-110,19,Anganwadi Centre 19,322,297,0,619,47.98
North 24 Parganas,110,N24P-110,20,Anganwadi Centre 20,266,275,0,541,50.83
North 24 Parganas,110,N24P-110,21,Temple Hall 21,399,362,0,761,47.57
North 24 Parganas,110,N24P-110,22,Panchayat Bhavan 22,411,392,1,804,48.76
North 24 Parganas,110,N24P-110,23,Primary School 23,304,274,1,579,47.32
North 24 Parganas,110,N24P-110,24,Anganwadi Centre 24,356,355,1,712,49.86
North 24 Parganas,110,N24P-110,25,Community Hall 25,343,309,1,653,47.32
North 24 Parganas,110,N24P-110,26,Post Office 26,300,302,0,602,50.17
North 24 Parganas,110,N24P-110,27,Anganwadi Centre 27,264,265,0,529,50.09
North 24 Parganas,110,N24P-110,28,Govt Office 28,379,386,0,765,50.46
North 24 Parganas,110,N24P-110,29,High School 29,385,360,1,746,48.26
North 24 Parganas,110,N24P-110,30,Anganwadi Centre 30,361,327,1,689,47.46
North 24 Parganas,110,N24P-110,31,Govt Office 31,289,299,1,589,50.76
North 24 Parganas,110,N24P-110,32,High School 32,307,311,1,619,50.24
North 24 Parganas,110,N24P-110,33,Govt Office 33,411,404,0,815,49.57
North 24 Parganas,110,N24P-110,34,Post Office 34,307,296,0,603,49.09
North 24 Parganas,110,N24P-110,35,Post Office 35,239,247,1,487,50.72
North 24 Parganas,110,N24P-110,36,Panchayat Bhavan 36,424,396,0,820,48.29
North 24 Parganas,110,N24P-110,37,Govt Office 37,371,352,0,723,48.69
North 24 Parganas,110,N24P-110,38,Anganwadi Centre 38,343,348,1,692,50.29
North 24 Parganas,110,N24P-110,39,Govt Office 39,322,294,1,617,47.65
North 24 Parganas,110,N24P-110,40,Health Sub-Centre 40,328,336,0,664,50.6
North 24 Parganas,110,N24P-110,41,Panchayat Bhavan 41,345,313,1,659,47.5
North 24 Parganas,110,N24P-110,42,High School 42,327,314,0,641,48.99
North 24 Parganas,110,N24P-110,43,Temple Hall 43,356,333,1,690,48.26
North 24 Parganas,110,N24P-110,44,Post Office 44,359,342,1,702,48.72
North 24 Parganas,110,N24P-110,45,Market Building 45,266,268,0,534,50.19
North 24 Parganas,110,N24P-110,46,Primary School 46,419,378,0,797,47.43
North 24 Parganas,110,N24P-110,47,Madrasa 47,284,287,0,571,50.26
North 24 Parganas,110,N24P-110,48,Market Building 48,372,373,1,746,50.0
North 24 Parganas,110,N24P-110,49,Health Sub-Centre 49,268,272,1,541,50.28
North 24 Parganas,110,N24P-110,50,High School 50,258,263,0,521,50.48
North 24 Parganas,110,N24P-110,51,Panchayat Bhavan 51,322,304,0,626,48.56
North 24 Parganas,110,N24P-110,52,Market Building 52,346,322,1,669,48.13
North 24 Parganas,110,N24P-110,53,Health Sub-Centre 53,386,397,0,783,50.7
North 24 Parganas,110,N24P-110,54,Primary School 54,412,370,1,783,47.25
North 24 Parganas,110,N24P-110,55,Temple Hall 55,396,359,0,755,47.55
North 24 Parganas,110,N24P-110,56,High School 56,312,292,0,604,48.34
North 24 Parganas,110,N24P-110,57,Club Building 57,348,335,1,684,48.98
North 24 Parganas,110,N24P-110,58,Club Building 58,264,241,0,505,47.72
North 24 Parganas,110,N24P-110,59,Health Sub-Centre 59,388,378,1,767,49.28
North 24 Parganas,110,N24P-110,60,Post Office 60,407,396,1,804,49.25
North 24 Parganas,110,N24P-110,61,High School 61,370,371,1,742,50.0
North 24 Parganas,110,N24P-110,62,Health Sub-Centre 62,399,360,0,759,47.43
North 24 Parganas,110,N24P-110,63,Temple Hall 63,308,288,1,597,48.24
North 24 Parganas,110,N24P-110,64,Primary School 64,259,244,0,503,48.51
North 24 Parganas,110,N24P-110,65,Post Office 65,403,407,1,811,50.18
North 24 Parganas,110,N24P-110,66,Govt Office 66,295,304,0,599,50.75
North 24 Parganas,110,N24P-110,67,Panchayat Bhavan 67,388,356,0,744,47.85
North 24 Parganas,110,N24P-110,68,Health Sub-Centre 68,269,268,1,538,49.81
North 24 Parganas,110,N24P-110,69,Temple Hall 69,294,274,0,568,48.24
North 24 Parganas,110,N24P-110,70,Community Hall 70,318,316,0,634,49.84
North 24 Parganas,110,N24P-110,71,Health Sub-Centre 71,325,305,1,631,48.34
North 24 Parganas,110,N24P-110,72,Madrasa 72,405,395,0,800,49.38
North 24 Parganas,110,N24P-110,73,Anganwadi Centre 73,393,374,1,768,48.7
North 24 Parganas,110,N24P-110,74,Anganwadi Centre 74,244,244,0,488,50.0
North 24 Parganas,110,N24P-110,75,Panchayat Bhavan 75,365,346,0,711,48.66
North 24 Parganas,110,N24P-110,76,Community Hall 76,320,301,0,621,48.47
North 24 Parganas,110,N24P-110,77,Market Building 77,270,263,0,533,49.34
North 24 Parganas,110,N24P-110,78,Panchayat Bhavan 78,273,251,0,524,47.9
North 24 Parganas,110,N24P-110,79,Club Building 79,251,241,1,493,48.88
North 24 Parganas,110,N24P-110,80,Temple Hall 80,263,252,1,516,48.84
North 24 Parganas,110,N24P-110,81,Health Sub-Centre 81,273,260,1,534,48.69
North 24 Parganas,110,N24P-110,82,Temple Hall 82,306,310,1,617,50.24
North 24 Parganas,110,N24P-110,83,Market Building 83,380,375,0,755,49.67
North 24 Parganas,110,N24P-110,84,Govt Office 84,244,250,1,495,50.51
North 24 Parganas,110,N24P-110,85,Health Sub-Centre 85,388,363,0,751,48.34
North 24 Parganas,110,N24P-110,86,Anganwadi Centre 86,271,262,1,534,49.06
North 24 Parganas,110,N24P-110,87,Community Hall 87,285,265,1,551,48.09
North 24 Parganas,110,N24P-110,88,Post Office 88,320,290,1,611,47.46
North 24 Parganas,110,N24P-110,89,Post Office 89,274,277,1,552,50.18
North 24 Parganas,110,N24P-110,90,Anganwadi Centre 90,374,342,0,716,47.77
North 24 Parganas,110,N24P-110,91,Govt Office 91,342,346,1,689,50.22
North 24 Parganas,110,N24P-110,92,Club Building 92,248,245,0,493,49.7
North 24 Parganas,110,N24P-110,93,Anganwadi Centre 93,237,245,1,483,50.72
North 24 Parganas,110,N24P-110,94,Temple Hall 94,310,319,1,630,50.63
North 24 Parganas,110,N24P-110,95,Anganwadi Centre 95,278,282,0,560,50.36
North 24 Parganas,110,N24P-110,96,Temple Hall 96,260,234,0,494,47.37
North 24 Parganas,110,N24P-110,97,Panchayat Bhavan 97,347,331,1,679,48.75
North 24 Parganas,110,N24P-110,98,Health Sub-Centre 98,367,336,1,704,47.73
North 24 Parganas,110,N24P-110,99,Health Sub-Centre 99,402,371,1,774,47.93
North 24 Parganas,110,N24P-110,100,Community Hall 100,305,303,0,608,49.84
North 24 Parganas,110,N24P-110,101,Temple Hall 101,381,344,1,726,47.38
North 24 Parganas,110,N24P-110,102,Club Building 102,374,339,0,713,47.55
North 24 Parganas,110,N24P-110,103,Club Building 103,329,312,1,642,48.6
North 24 Parganas,110,N24P-110,104,Madrasa 104,325,296,1,622,47.59
North 24 Parganas,110,N24P-110,105,High School 105,350,331,1,682,48.53
North 24 Parganas,110,N24P-110,106,High School 106,333,318,0,651,48.85
North 24 Parganas,110,N24P-110,107,Primary School 107,281,258,1,540,47.78
North 24 Parganas,110,N24P-110,108,Temple Hall 108,271,262,0,533,49.16
North 24 Parganas,110,N24P-110,109,Madrasa 109,330,322,0,652,49.39
North 24 Parganas,110,N24P-110,110,Club Building 110,395,376,0,771,48.77
North 24 Parganas,110,N24P-110,111,Govt Office 111,294,278,1,573,48.52
North 24 Parganas,110,N24P-110,112,Madrasa 112,335,321,0,656,48.93
North 24 Parganas,110,N24P-110,113,Panchayat Bhavan 113,248,246,0,494,49.8
North 24 Parganas,110,N24P-110,114,Health Sub-Centre 114,325,331,1,657,50.38
North 24 Parganas,110,N24P-110,115,High School 115,250,253,1,504,50.2
North 24 Parganas,110,N24P-110,116,Primary School 116,378,360,0,738,48.78
North 24 Parganas,110,N24P-110,117,Govt Office 117,317,292,0,609,47.95
North 24 Parganas,110,N24P-110,118,Health Sub-Centre 118,395,387,1,783,49.43
North 24 Parganas,110,N24P-110,119,Temple Hall 119,349,322,0,671,47.99
North 24 Parganas,110,N24P-110,120,Panchayat Bhavan 120,253,228,0,481,47.4
North 24 Parganas,110,N24P-110,121,Primary School 121,396,382,0,778,49.1
North 24 Parganas,110,N24P-110,122,Primary School 122,406,363,0,769,47.2
North 24 Parganas,110,N24P-110,123,Madrasa 123,308,297,1,606,49.01
North 24 Parganas,110,N24P-110,124,High School 124,394,369,0,763,48.36
North 24 Parganas,110,N24P-110,125,Club Building 125,333,301,1,635,47.4
North 24 Parganas,110,N24P-110,126,Madrasa 126,326,324,0,650,49.85
North 24 Parganas,110,N24P-110,127,Market Building 127,361,349,0,710,49.15
North 24 Parganas,110,N24P-110,128,Anganwadi Centre 128,413,372,1,786,47.33
North 24 Parganas,110,N24P-110,129,Temple Hall 129,265,242,1,508,47.64
North 24 Parganas,110,N24P-110,130,Club Building 130,399,388,1,788,49.24
North 24 Parganas,110,N24P-110,131,Anganwadi Centre 131,297,281,0,578,48.62
North 24 Parganas,110,N24P-110,132,Health Sub-Centre 132,383,391,0,774,50.52
North 24 Parganas,110,N24P-110,133,Club Building 133,345,350,0,695,50.36
North 24 Parganas,110,N24P-110,134,High School 134,280,267,1,548,48.72
North 24 Parganas,110,N24P-110,135,Post Office 135,346,344,1,691,49.78
North 24 Parganas,110,N24P-110,136,Temple Hall 136,358,364,1,723,50.35
North 24 Parganas,110,N24P-110,137,Temple Hall 137,368,345,1,714,48.32
North 24 Parganas,110,N24P-110,138,Temple Hall 138,388,384,0,772,49.74
North 24 Parganas,110,N24P-110,139,Community Hall 139,341,334,1,676,49.41
North 24 Parganas,110,N24P-110,140,Health Sub-Centre 140,381,374,1,756,49.47
North 24 Parganas,110,N24P-110,141,High School 141,379,378,1,758,49.87
North 24 Parganas,110,N24P-110,142,Post Office 142,285,265,0,550,48.18
North 24 Parganas,110,N24P-110,143,Health Sub-Centre 143,380,341,0,721,47.3
North 24 Parganas,110,N24P-110,144,Primary School 144,371,349,1,721,48.4
North 24 Parganas,110,N24P-110,145,Community Hall 145,329,314,1,644,48.76
North 24 Parganas,110,N24P-110,146,Post Office 146,394,358,1,753,47.54
North 24 Parganas,110,N24P-110,147,Primary School 147,366,377,1,744,50.67
North 24 Parganas,110,N24P-110,148,Anganwadi Centre 148,276,255,0,531,48.02
North 24 Parganas,110,N24P-110,149,Post Office 149,296,286,0,582,49.14
North 24 Parganas,110,N24P-110,150,Community Hall 150,310,312,0,622,50.16
North 24 Parganas,110,N24P-110,151,Community Hall 151,298,268,0,566,47.35
North 24 Parganas,110,N24P-110,152,Panchayat Bhavan 152,397,401,1,799,50.19
North 24 Parganas,110,N24P-110,153,Health Sub-Centre 153,375,387,0,762,50.79
North 24 Parganas,110,N24P-110,154,Community Hall 154,410,409,0,819,49.94
North 24 Parganas,110,N24P-110,155,Community Hall 155,253,235,0,488,48.16
North 24 Parganas,110,N24P-110,156,Madrasa 156,368,355,0,723,49.1
North 24 Parganas,110,N24P-110,157,Panchayat Bhavan 157,349,356,0,705,50.5
North 24 Parganas,110,N24P-110,158,Panchayat Bhavan 158,347,342,1,690,49.57
North 24 Parganas,110,N24P-110,159,Panchayat Bhavan 159,315,284,0,599,47.41
North 24 Parganas,110,N24P-110,160,Community Hall 160,328,307,1,636,48.27
North 24 Parganas,110,N24P-110,161,Panchayat Bhavan 161,344,338,1,683,49.49
North 24 Parganas,110,N24P-110,162,Anganwadi Centre 162,284,287,0,571,50.26
North 24 Parganas,110,N24P-110,163,Health Sub-Centre 163,332,311,1,644,48.29
North 24 Parganas,110,N24P-110,164,Temple Hall 164,363,330,1,694,47.55
North 24 Parganas,110,N24P-110,165,Anganwadi Centre 165,426,393,1,820,47.93
North 24 Parganas,110,N24P-110,166,Temple Hall 166,244,237,0,481,49.27
North 24 Parganas,110,N24P-110,167,Club Building 167,390,381,1,772,49.35
North 24 Parganas,110,N24P-110,168,Primary School 168,362,345,1,708,48.73
North 24 Parganas,110,N24P-110,169,High School 169,398,387,0,785,49.3
North 24 Parganas,110,N24P-110,170,Club Building 170,259,240,1,500,48.0
North 24 Parganas,110,N24P-110,171,Govt Office 171,290,272,1,563,48.31
North 24 Parganas,110,N24P-110,172,Govt Office 172,271,244,0,515,47.38
North 24 Parganas,110,N24P-110,173,Anganwadi Centre 173,394,354,1,749,47.26
North 24 Parganas,110,N24P-110,174,Primary School 174,337,318,0,655,48.55
North 24 Parganas,110,N24P-110,175,Madrasa 175,316,295,0,611,48.28
North 24 Parganas,110,N24P-110,176,Market Building 176,346,351,1,698,50.29
North 24 Parganas,110,N24P-110,177,Temple Hall 177,315,285,1,601,47.42
North 24 Parganas,110,N24P-110,178,Madrasa 178,350,358,1,709,50.49
North 24 Parganas,110,N24P-110,179,Primary School 179,367,335,0,702,47.72
North 24 Parganas,110,N24P-110,180,Health Sub-Centre 180,294,268,1,563,47.6
North 24 Parganas,110,N24P-110,181,Anganwadi Centre 181,402,368,0,770,47.79
North 24 Parganas,110,N24P-110,182,Primary School 182,253,237,1,491,48.27
North 24 Parganas,110,N24P-110,183,Temple Hall 183,270,269,1,540,49.81
North 24 Parganas,110,N24P-110,184,Market Building 184,342,338,0,680,49.71
North 24 Parganas,110,N24P-110,185,Govt Office 185,372,341,0,713,47.83
North 24 Parganas,110,N24P-110,186,Govt Office 186,317,305,0,622,49.04
North 24 Parganas,110,N24P-110,187,Madrasa 187,300,295,1,596,49.5
North 24 Parganas,110,N24P-110,188,Club Building 188,354,340,1,695,48.92
North 24 Parganas,110,N24P-110,189,Panchayat Bhavan 189,336,341,1,678,50.29
North 24 Parganas,110,N24P-110,190,Health Sub-Centre 190,297,277,1,575,48.17
North 24 Parganas,110,N24P-110,191,Post Office 191,326,298,0,624,47.76
North 24 Parganas,110,N24P-110,192,Club Building 192,362,342,1,705,48.51
North 24 Parganas,110,N24P-110,193,Health Sub-Centre 193,333,322,1,656,49.09
North 24 Parganas,110,N24P-110,194,Madrasa 194,343,326,1,670,48.66
North 24 Parganas,111,N24P-111,1,Post Office 1,405,372,0,777,47.88
North 24 Parganas,111,N24P-111,2,Health Sub-Centre 2,399,370,1,770,48.05
North 24 Parganas,111,N24P-111,3,High School 3,270,274,1,545,50.28
North 24 Parganas,111,N24P-111,4,Market Building 4,353,331,0,684,48.39
North 24 Parganas,111,N24P-111,5,Madrasa 5,381,365,0,746,48.93
North 24 Parganas,111,N24P-111,6,Post Office 6,280,254,1,535,47.48
North 24 Parganas,111,N24P-111,7,Market Building 7,385,365,1,751,48.6
North 24 Parganas,111,N24P-111,8,Market Building 8,265,248,1,514,48.25
North 24 Parganas,111,N24P-111,9,Club Building 9,372,355,1,728,48.76
North 24 Parganas,111,N24P-111,10,Primary School 10,294,286,0,580,49.31
North 24 Parganas,111,N24P-111,11,Govt Office 11,303,274,1,578,47.4
North 24 Parganas,111,N24P-111,12,Primary School 12,374,359,1,734,48.91
North 24 Parganas,111,N24P-111,13,Post Office 13,346,342,1,689,49.64
North 24 Parganas,111,N24P-111,14,Primary School 14,313,311,0,624,49.84
North 24 Parganas,111,N24P-111,15,Market Building 15,327,322,0,649,49.61
North 24 Parganas,111,N24P-111,16,Club Building 16,329,316,1,646,48.92
North 24 Parganas,111,N24P-111,17,Club Building 17,297,272,0,569,47.8
North 24 Parganas,111,N24P-111,18,Madrasa 18,303,283,1,587,48.21
North 24 Parganas,111,N24P-111,19,Madrasa 19,267,259,1,527,49.15
North 24 Parganas,111,N24P-111,20,Govt Office 20,277,261,0,538,48.51
North 24 Parganas,111,N24P-111,21,Market Building 21,265,247,0,512,48.24
North 24 Parganas,111,N24P-111,22,Market Building 22,301,298,0,599,49.75
North 24 Parganas,111,N24P-111,23,Anganwadi Centre 23,404,390,1,795,49.06
North 24 Parganas,111,N24P-111,24,Market Building 24,255,248,1,504,49.21
North 24 Parganas,111,N24P-111,25,Market Building 25,379,361,0,740,48.78
North 24 Parganas,111,N24P-111,26,Primary School 26,311,297,1,609,48.77
North 24 Parganas,111,N24P-111,27,Anganwadi Centre 27,270,261,1,532,49.06
North 24 Parganas,111,N24P-111,28,Primary School 28,303,297,1,601,49.42
North 24 Parganas,111,N24P-111,29,Madrasa 29,262,271,1,534,50.75
North 24 Parganas,111,N24P-111,30,High School 30,293,270,1,564,47.87
North 24 Parganas,111,N24P-111,31,Madrasa 31,283,264,1,548,48.18
North 24 Parganas,111,N24P-111,32,Temple Hall 32,339,311,1,651,47.77
North 24 Parganas,111,N24P-111,33,Madrasa 33,370,358,0,728,49.18
North 24 Parganas,111,N24P-111,34,Govt Office 34,277,261,0,538,48.51
North 24 Parganas,111,N24P-111,35,Govt Office 35,238,244,0,482,50.62
North 24 Parganas,111,N24P-111,36,Panchayat Bhavan 36,360,357,0,717,49.79
North 24 Parganas,111,N24P-111,37,Primary School 37,427,387,0,814,47.54
North 24 Parganas,111,N24P-111,38,Anganwadi Centre 38,289,263,1,553,47.56
North 24 Parganas,111,N24P-111,39,Post Office 39,391,353,1,745,47.38
North 24 Parganas,111,N24P-111,40,Madrasa 40,319,321,1,641,50.08
North 24 Parganas,111,N24P-111,41,Community Hall 41,356,352,0,708,49.72
North 24 Parganas,111,N24P-111,42,Panchayat Bhavan 42,421,389,0,810,48.02
North 24 Parganas,111,N24P-111,43,Market Building 43,415,375,0,790,47.47
North 24 Parganas,111,N24P-111,44,Club Building 44,261,252,0,513,49.12
North 24 Parganas,111,N24P-111,45,Anganwadi Centre 45,343,335,1,679,49.34
North 24 Parganas,111,N24P-111,46,Health Sub-Centre 46,386,358,0,744,48.12
North 24 Parganas,111,N24P-111,47,Panchayat Bhavan 47,317,301,1,619,48.63
North 24 Parganas,111,N24P-111,48,Madrasa 48,278,271,1,550,49.27
North 24 Parganas,111,N24P-111,49,Club Building 49,383,357,1,741,48.18
North 24 Parganas,111,N24P-111,50,Post Office 50,282,270,0,552,48.91
North 24 Parganas,111,N24P-111,51,Community Hall 51,255,251,1,507,49.51
North 24 Parganas,111,N24P-111,52,Madrasa 52,337,342,1,680,50.29
North 24 Parganas,111,N24P-111,53,Anganwadi Centre 53,391,377,0,768,49.09
North 24 Parganas,111,N24P-111,54,Anganwadi Centre 54,263,248,0,511,48.53
North 24 Parganas,111,N24P-111,55,Primary School 55,323,309,0,632,48.89
North 24 Parganas,111,N24P-111,56,Community Hall 56,361,331,1,693,47.76
North 24 Parganas,111,N24P-111,57,Health Sub-Centre 57,344,342,1,687,49.78
North 24 Parganas,111,N24P-111,58,Govt Office 58,371,380,1,752,50.53
North 24 Parganas,111,N24P-111,59,Club Building 59,319,297,1,617,48.14
North 24 Parganas,111,N24P-111,60,Govt Office 60,316,287,1,604,47.52
North 24 Parganas,111,N24P-111,61,Post Office 61,254,247,0,501,49.3
North 24 Parganas,111,N24P-111,62,Anganwadi Centre 62,322,314,0,636,49.37
North 24 Parganas,111,N24P-111,63,Govt Office 63,390,354,0,744,47.58
North 24 Parganas,111,N24P-111,64,Madrasa 64,290,260,0,550,47.27
North 24 Parganas,111,N24P-111,65,Market Building 65,427,388,0,815,47.61
North 24 Parganas,111,N24P-111,66,Club Building 66,381,358,0,739,48.44
North 24 Parganas,111,N24P-111,67,Community Hall 67,382,357,1,740,48.24
North 24 Parganas,111,N24P-111,68,Govt Office 68,268,266,1,535,49.72
North 24 Parganas,111,N24P-111,69,Health Sub-Centre 69,305,292,0,597,48.91
North 24 Parganas,111,N24P-111,70,High School 70,362,348,1,711,48.95
North 24 Parganas,111,N24P-111,71,Panchayat Bhavan 71,418,376,0,794,47.36
North 24 Parganas,111,N24P-111,72,Primary School 72,297,272,1,570,47.72
North 24 Parganas,111,N24P-111,73,Health Sub-Centre 73,374,348,1,723,48.13
North 24 Parganas,111,N24P-111,74,Post Office 74,324,301,1,626,48.08
North 24 Parganas,111,N24P-111,75,Club Building 75,302,308,1,611,50.41
North 24 Parganas,111,N24P-111,76,High School 76,305,314,0,619,50.73
North 24 Parganas,111,N24P-111,77,Govt Office 77,255,256,0,511,50.1
North 24 Parganas,111,N24P-111,78,Community Hall 78,290,300,1,591,50.76
North 24 Parganas,111,N24P-111,79,Post Office 79,308,295,1,604,48.84
North 24 Parganas,111,N24P-111,80,Health Sub-Centre 80,315,284,1,600,47.33
North 24 Parganas,111,N24P-111,81,Anganwadi Centre 81,333,322,0,655,49.16
North 24 Parganas,111,N24P-111,82,Madrasa 82,344,351,1,696,50.43
North 24 Parganas,111,N24P-111,83,Health Sub-Centre 83,388,399,1,788,50.63
North 24 Parganas,111,N24P-111,84,High School 84,291,265,0,556,47.66
North 24 Parganas,111,N24P-111,85,Govt Office 85,276,273,0,549,49.73
North 24 Parganas,111,N24P-111,86,Health Sub-Centre 86,326,335,1,662,50.6
North 24 Parganas,111,N24P-111,87,Temple Hall 87,372,364,0,736,49.46
North 24 Parganas,111,N24P-111,88,Primary School 88,415,380,0,795,47.8
North 24 Parganas,111,N24P-111,89,High School 89,367,356,1,724,49.17
North 24 Parganas,111,N24P-111,90,Post Office 90,269,275,1,545,50.46
North 24 Parganas,111,N24P-111,91,Primary School 91,246,243,1,490,49.59
North 24 Parganas,111,N24P-111,92,Community Hall 92,364,350,0,714,49.02
North 24 Parganas,111,N24P-111,93,Community Hall 93,301,307,1,609,50.41
North 24 Parganas,111,N24P-111,94,High School 94,371,348,1,720,48.33
North 24 Parganas,111,N24P-111,95,Madrasa 95,276,256,0,532,48.12
North 24 Parganas,111,N24P-111,96,Panchayat Bhavan 96,344,347,1,692,50.14
North 24 Parganas,111,N24P-111,97,Community Hall 97,272,267,0,539,49.54
North 24 Parganas,111,N24P-111,98,Madrasa 98,287,272,1,560,48.57
North 24 Parganas,111,N24P-111,99,Panchayat Bhavan 99,394,392,1,787,49.81
North 24 Parganas,111,N24P-111,100,Health Sub-Centre 100,380,391,1,772,50.65
North 24 Parganas,111,N24P-111,101,Temple Hall 101,322,304,0,626,48.56
North 24 Parganas,111,N24P-111,102,Panchayat Bhavan 102,264,266,0,530,50.19
North 24 Parganas,111,N24P-111,103,Health Sub-Centre 103,333,323,1,657,49.16
North 24 Parganas,111,N24P-111,104,Market Building 104,378,345,0,723,47.72
North 24 Parganas,111,N24P-111,105,Madrasa 105,288,286,1,575,49.74
North 24 Parganas,111,N24P-111,106,Market Building 106,246,250,1,497,50.3
North 24 Parganas,111,N24P-111,107,Community Hall 107,260,255,1,516,49.42
North 24 Parganas,111,N24P-111,108,Govt Office 108,301,273,0,574,47.56
North 24 Parganas,111,N24P-111,109,Govt Office 109,304,295,1,600,49.17
North 24 Parganas,111,N24P-111,110,Post Office 110,367,377,0,744,50.67
North 24 Parganas,111,N24P-111,111,Temple Hall 111,310,296,1,607,48.76
North 24 Parganas,111,N24P-111,112,Primary School 112,416,389,1,806,48.26
North 24 Parganas,111,N24P-111,113,Anganwadi Centre 113,339,333,1,673,49.48
North 24 Parganas,111,N24P-111,114,Anganwadi Centre 114,421,376,0,797,47.18
North 24 Parganas,111,N24P-111,115,Panchayat Bhavan 115,345,341,1,687,49.64
North 24 Parganas,111,N24P-111,116,Madrasa 116,403,415,0,818,50.73
North 24 Parganas,111,N24P-111,117,Primary School 117,360,330,1,691,47.76
North 24 Parganas,111,N24P-111,118,High School 118,298,270,0,568,47.54
North 24 Parganas,111,N24P-111,119,Primary School 119,378,362,0,740,48.92
North 24 Parganas,111,N24P-111,120,Govt Office 120,254,246,0,500,49.2
North 24 Parganas,111,N24P-111,121,Panchayat Bhavan 121,267,277,1,545,50.83
North 24 Parganas,111,N24P-111,122,Health Sub-Centre 122,274,273,0,547,49.91
North 24 Parganas,111,N24P-111,123,Club Building 123,404,375,1,780,48.08
North 24 Parganas,111,N24P-111,124,Community Hall 124,257,248,0,505,49.11
North 24 Parganas,111,N24P-111,125,High School 125,357,339,1,697,48.64
North 24 Parganas,111,N24P-111,126,Post Office 126,241,245,1,487,50.31
North 24 Parganas,111,N24P-111,127,Madrasa 127,392,361,1,754,47.88
North 24 Parganas,111,N24P-111,128,High School 128,389,380,0,769,49.41
North 24 Parganas,111,N24P-111,129,Club Building 129,380,349,0,729,47.87
North 24 Parganas,111,N24P-111,130,Health Sub-Centre 130,357,336,1,694,48.41
North 24 Parganas,111,N24P-111,131,Post Office 131,379,371,1,751,49.4
North 24 Parganas,111,N24P-111,132,Post Office 132,349,350,0,699,50.07
North 24 Parganas,111,N24P-111,133,Panchayat Bhavan 133,304,276,0,580,47.59
North 24 Parganas,111,N24P-111,134,Madrasa 134,345,312,1,658,47.42
North 24 Parganas,111,N24P-111,135,Govt Office 135,250,237,0,487,48.67
North 24 Parganas,111,N24P-111,136,Temple Hall 136,358,359,0,717,50.07
North 24 Parganas,111,N24P-111,137,High School 137,343,314,1,658,47.72
North 24 Parganas,111,N24P-111,138,Anganwadi Centre 138,402,415,1,818,50.73
North 24 Parganas,111,N24P-111,139,Club Building 139,304,306,1,611,50.08
North 24 Parganas,111,N24P-111,140,Club Building 140,325,307,1,633,48.5
North 24 Parganas,111,N24P-111,141,Club Building 141,368,350,1,719,48.68
North 24 Parganas,111,N24P-111,142,Community Hall 142,395,399,0,794,50.25
North 24 Parganas,111,N24P-111,143,Primary School 143,282,281,1,564,49.82
North 24 Parganas,111,N24P-111,144,Temple Hall 144,258,230,0,488,47.13
North 24 Parganas,111,N24P-111,145,Community Hall 145,278,257,1,536,47.95
North 24 Parganas,111,N24P-111,146,Post Office 146,294,282,1,577,48.87
North 24 Parganas,111,N24P-111,147,Panchayat Bhavan 147,278,250,1,529,47.26
North 24 Parganas,111,N24P-111,148,Govt Office 148,369,370,0,739,50.07
North 24 Parganas,111,N24P-111,149,Panchayat Bhavan 149,287,268,0,555,48.29
North 24 Parganas,111,N24P-111,150,Market Building 150,372,354,0,726,48.76
North 24 Parganas,111,N24P-111,151,Temple Hall 151,274,278,0,552,50.36
North 24 Parganas,111,N24P-111,152,High School 152,311,289,0,600,48.17
North 24 Parganas,111,N24P-111,153,Post Office 153,338,316,1,655,48.24
North 24 Parganas,111,N24P-111,154,Club Building 154,353,333,1,687,48.47
North 24 Parganas,111,N24P-111,155,Primary School 155,274,246,0,520,47.31
North 24 Parganas,111,N24P-111,156,High School 156,243,246,0,489,50.31
North 24 Parganas,111,N24P-111,157,Market Building 157,372,379,0,751,50.47
North 24 Parganas,111,N24P-111,158,Anganwadi Centre 158,315,302,0,617,48.95
North 24 Parganas,111,N24P-111,159,Community Hall 159,298,292,0,590,49.49
North 24 Parganas,111,N24P-111,160,Community Hall 160,373,367,0,740,49.59
North 24 Parganas,111,N24P-111,161,Panchayat Bhavan 161,265,242,1,508,47.64
North 24 Parganas,111,N24P-111,162,Market Building 162,258,265,1,524,50.57
North 24 Parganas,111,N24P-111,163,Market Building 163,332,327,0,659,49.62
North 24 Parganas,111,N24P-111,164,Post Office 164,248,240,1,489,49.08
North 24 Parganas,111,N24P-111,165,Temple Hall 165,334,319,0,653,48.85
North 24 Parganas,111,N24P-111,166,Temple Hall 166,308,280,0,588,47.62
North 24 Parganas,111,N24P-111,167,Post Office 167,399,363,0,762,47.64
North 24 Parganas,111,N24P-111,168,Community Hall 168,255,251,1,507,49.51
North 24 Parganas,111,N24P-111,169,Primary School 169,313,297,1,611,48.61
North 24 Parganas,111,N24P-111,170,Panchayat Bhavan 170,269,264,0,533,49.53
North 24 Parganas,111,N24P-111,171,High School 171,379,359,1,739,48.58
North 24 Parganas,111,N24P-111,172,Anganwadi Centre 172,376,385,0,761,50.59
North 24 Parganas,111,N24P-111,173,Temple Hall 173,310,284,1,595,47.73
North 24 Parganas,111,N24P-111,174,Primary School 174,306,316,1,623,50.72
North 24 Parganas,111,N24P-111,175,Panchayat Bhavan 175,261,251,1,513,48.93
North 24 Parganas,111,N24P-111,176,Market Building 176,296,300,1,597,50.25
North 24 Parganas,111,N24P-111,177,Madrasa 177,261,237,1,499,47.49
North 24 Parganas,111,N24P-111,178,Community Hall 178,296,281,1,578,48.62
North 24 Parganas,111,N24P-111,179,Post Office 179,393,376,0,769,48.89
North 24 Parganas,111,N24P-111,180,Health Sub-Centre 180,403,372,0,775,48.0
North 24 Parganas,111,N24P-111,181,Market Building 181,277,282,0,559,50.45
North 24 Parganas,111,N24P-111,182,Club Building 182,413,397,1,811,48.95
North 24 Parganas,112,N24P-112,1,High School 1,352,349,1,702,49.72
North 24 Parganas,112,N24P-112,2,Primary School 2,377,360,1,738,48.78
North 24 Parganas,112,N24P-112,3,Club Building 3,390,401,1,792,50.63
North 24 Parganas,112,N24P-112,4,Health Sub-Centre 4,279,252,0,531,47.46
North 24 Parganas,112,N24P-112,5,Temple Hall 5,406,369,0,775,47.61
North 24 Parganas,112,N24P-112,6,Health Sub-Centre 6,239,248,1,488,50.82
North 24 Parganas,112,N24P-112,7,Health Sub-Centre 7,361,338,1,700,48.29
North 24 Parganas,112,N24P-112,8,Madrasa 8,316,284,1,601,47.25
North 24 Parganas,112,N24P-112,9,Panchayat Bhavan 9,291,302,1,594,50.84
North 24 Parganas,112,N24P-112,10,Health Sub-Centre 10,265,272,0,537,50.65
North 24 Parganas,112,N24P-112,11,Health Sub-Centre 11,406,396,0,802,49.38
North 24 Parganas,112,N24P-112,12,Madrasa 12,358,327,1,686,47.67
North 24 Parganas,112,N24P-112,13,Panchayat Bhavan 13,416,394,1,811,48.58
North 24 Parganas,112,N24P-112,14,Anganwadi Centre 14,300,307,1,608,50.49
North 24 Parganas,112,N24P-112,15,Govt Office 15,334,341,0,675,50.52
North 24 Parganas,112,N24P-112,16,Madrasa 16,253,241,0,494,48.79
North 24 Parganas,112,N24P-112,17,Primary School 17,333,322,0,655,49.16
North 24 Parganas,112,N24P-112,18,Health Sub-Centre 18,252,232,1,485,47.84
North 24 Parganas,112,N24P-112,19,Madrasa 19,256,253,1,510,49.61
North 24 Parganas,112,N24P-112,20,Community Hall 20,347,340,0,687,49.49
North 24 Parganas,112,N24P-112,21,Health Sub-Centre 21,318,310,0,628,49.36
North 24 Parganas,112,N24P-112,22,Community Hall 22,384,361,0,745,48.46
North 24 Parganas,112,N24P-112,23,High School 23,379,386,0,765,50.46
North 24 Parganas,112,N24P-112,24,Post Office 24,394,397,0,791,50.19
North 24 Parganas,112,N24P-112,25,Health Sub-Centre 25,277,285,1,563,50.62
North 24 Parganas,112,N24P-112,26,Anganwadi Centre 26,303,283,1,587,48.21
North 24 Parganas,112,N24P-112,27,Health Sub-Centre 27,399,401,0,800,50.12
North 24 Parganas,112,N24P-112,28,Club Building 28,257,263,0,520,50.58
North 24 Parganas,112,N24P-112,29,Post Office 29,417,401,1,819,48.96
North 24 Parganas,112,N24P-112,30,Panchayat Bhavan 30,430,390,0,820,47.56
North 24 Parganas,112,N24P-112,31,Post Office 31,329,296,0,625,47.36
North 24 Parganas,112,N24P-112,32,Community Hall 32,302,289,1,592,48.82
North 24 Parganas,112,N24P-112,33,High School 33,328,314,1,643,48.83
North 24 Parganas,112,N24P-112,34,Health Sub-Centre 34,365,357,0,722,49.45
North 24 Parganas,112,N24P-112,35,Primary School 35,313,306,0,619,49.43
North 24 Parganas,112,N24P-112,36,High School 36,269,242,0,511,47.36
North 24 Parganas,112,N24P-112,37,Temple Hall 37,310,286,0,596,47.99
North 24 Parganas,112,N24P-112,38,Community Hall 38,280,260,0,540,48.15
North 24 Parganas,112,N24P-112,39,Market Building 39,254,230,0,484,47.52
North 24 Parganas,112,N24P-112,40,Market Building 40,402,369,1,772,47.8
North 24 Parganas,112,N24P-112,41,Anganwadi Centre 41,409,396,0,805,49.19
North 24 Parganas,112,N24P-112,42,Govt Office 42,283,272,1,556,48.92
North 24 Parganas,112,N24P-112,43,Temple Hall 43,318,297,1,616,48.21
North 24 Parganas,112,N24P-112,44,Club Building 44,342,352,1,695,50.65
North 24 Parganas,112,N24P-112,45,Club Building 45,263,254,1,518,49.03
North 24 Parganas,112,N24P-112,46,Madrasa 46,389,378,0,767,49.28
North 24 Parganas,112,N24P-112,47,Panchayat Bhavan 47,409,396,0,805,49.19
North 24 Parganas,112,N24P-112,48,Community Hall 48,336,346,1,683,50.66
North 24 Parganas,112,N24P-112,49,Community Hall 49,362,367,0,729,50.34
North 24 Parganas,112,N24P-112,50,Anganwadi Centre 50,380,363,0,743,48.86
North 24 Parganas,112,N24P-112,51,Health Sub-Centre 51,289,285,0,574,49.65
North 24 Parganas,112,N24P-112,52,Temple Hall 52,309,285,0,594,47.98
North 24 Parganas,112,N24P-112,53,Anganwadi Centre 53,346,326,0,672,48.51
North 24 Parganas,112,N24P-112,54,Health Sub-Centre 54,365,354,1,720,49.17
North 24 Parganas,112,N24P-112,55,Club Building 55,269,246,1,516,47.67
North 24 Parganas,112,N24P-112,56,Temple Hall 56,402,392,1,795,49.31
North 24 Parganas,112,N24P-112,57,Temple Hall 57,385,388,0,773,50.19
North 24 Parganas,112,N24P-112,58,Market Building 58,355,359,0,714,50.28
North 24 Parganas,112,N24P-112,59,Temple Hall 59,367,369,1,737,50.07
North 24 Parganas,112,N24P-112,60,Health Sub-Centre 60,345,326,1,672,48.51
North 24 Parganas,112,N24P-112,61,Post Office 61,358,338,1,697,48.49
North 24 Parganas,112,N24P-112,62,Post Office 62,403,415,1,819,50.67
North 24 Parganas,112,N24P-112,63,Primary School 63,358,344,0,702,49.0
North 24 Parganas,112,N24P-112,64,Health Sub-Centre 64,369,346,1,716,48.32
North 24 Parganas,112,N24P-112,65,Post Office 65,286,262,0,548,47.81
North 24 Parganas,112,N24P-112,66,Anganwadi Centre 66,299,301,0,600,50.17
North 24 Parganas,112,N24P-112,67,Temple Hall 67,311,290,1,602,48.17
North 24 Parganas,112,N24P-112,68,Club Building 68,261,266,0,527,50.47
North 24 Parganas,112,N24P-112,69,Madrasa 69,372,362,1,735,49.25
North 24 Parganas,112,N24P-112,70,Market Building 70,373,336,0,709,47.39
North 24 Parganas,112,N24P-112,71,Community Hall 71,375,382,1,758,50.4
North 24 Parganas,112,N24P-112,72,Govt Office 72,361,324,1,686,47.23
North 24 Parganas,112,N24P-112,73,Govt Office 73,257,264,0,521,50.67
North 24 Parganas,112,N24P-112,74,Market Building 74,267,247,0,514,48.05
North 24 Parganas,112,N24P-112,75,Market Building 75,330,319,1,650,49.08
North 24 Parganas,112,N24P-112,76,Govt Office 76,388,378,0,766,49.35
North 24 Parganas,112,N24P-112,77,Madrasa 77,283,276,1,560,49.29
North 24 Parganas,112,N24P-112,78,Primary School 78,378,357,0,735,48.57
North 24 Parganas,112,N24P-112,79,Post Office 79,378,364,0,742,49.06
North 24 Parganas,112,N24P-112,80,Temple Hall 80,254,242,0,496,48.79
North 24 Parganas,112,N24P-112,81,Club Building 81,393,394,0,787,50.06
North 24 Parganas,112,N24P-112,82,Madrasa 82,284,261,0,545,47.89
North 24 Parganas,112,N24P-112,83,Community Hall 83,323,300,1,624,48.08
North 24 Parganas,112,N24P-112,84,Community Hall 84,419,379,1,799,47.43
North 24 Parganas,112,N24P-112,85,Health Sub-Centre 85,375,336,1,712,47.19
North 24 Parganas,112,N24P-112,86,Temple Hall 86,349,334,0,683,48.9
North 24 Parganas,112,N24P-112,87,Community Hall 87,353,352,0,705,49.93
North 24 Parganas,112,N24P-112,88,Anganwadi Centre 88,402,389,1,792,49.12
North 24 Parganas,112,N24P-112,89,Club Building 89,350,323,0,673,47.99
North 24 Parganas,112,N24P-112,90,Anganwadi Centre 90,334,337,0,671,50.22
North 24 Parganas,112,N24P-112,91,Market Building 91,319,289,0,608,47.53
North 24 Parganas,112,N24P-112,92,Community Hall 92,335,345,0,680,50.74
North 24 Parganas,112,N24P-112,93,Govt Office 93,246,238,1,485,49.07
North 24 Parganas,112,N24P-112,94,High School 94,386,380,0,766,49.61
North 24 Parganas,112,N24P-112,95,Madrasa 95,317,289,0,606,47.69
North 24 Parganas,112,N24P-112,96,High School 96,350,333,0,683,48.76
North 24 Parganas,112,N24P-112,97,High School 97,418,378,1,797,47.43
North 24 Parganas,112,N24P-112,98,Madrasa 98,375,341,1,717,47.56
North 24 Parganas,112,N24P-112,99,Temple Hall 99,402,390,0,792,49.24
North 24 Parganas,112,N24P-112,100,Health Sub-Centre 100,257,246,0,503,48.91
North 24 Parganas,112,N24P-112,101,Govt Office 101,402,389,0,791,49.18
North 24 Parganas,112,N24P-112,102,Health Sub-Centre 102,298,270,0,568,47.54
North 24 Parganas,112,N24P-112,103,Madrasa 103,393,385,0,778,49.49
North 24 Parganas,112,N24P-112,104,Club Building 104,258,238,1,497,47.89
North 24 Parganas,112,N24P-112,105,Post Office 105,266,269,0,535,50.28
North 24 Parganas,112,N24P-112,106,Temple Hall 106,310,290,1,601,48.25
North 24 Parganas,112,N24P-112,107,Club Building 107,302,308,1,611,50.41
North 24 Parganas,112,N24P-112,108,High School 108,337,318,1,656,48.48
North 24 Parganas,112,N24P-112,109,Madrasa 109,283,290,0,573,50.61
North 24 Parganas,112,N24P-112,110,Community Hall 110,337,328,1,666,49.25
North 24 Parganas,112,N24P-112,111,Club Building 111,417,379,1,797,47.55
North 24 Parganas,112,N24P-112,112,Club Building 112,305,274,0,579,47.32
North 24 Parganas,112,N24P-112,113,Temple Hall 113,301,280,1,582,48.11
North 24 Parganas,112,N24P-112,114,Primary School 114,324,312,1,637,48.98
North 24 Parganas,112,N24P-112,115,Community Hall 115,259,247,1,507,48.72
North 24 Parganas,112,N24P-112,116,Market Building 116,302,283,1,586,48.29
North 24 Parganas,112,N24P-112,117,Club Building 117,252,228,0,480,47.5
North 24 Parganas,112,N24P-112,118,Post Office 118,346,320,1,667,47.98
North 24 Parganas,112,N24P-112,119,Anganwadi Centre 119,243,246,1,490,50.2
North 24 Parganas,112,N24P-112,120,Post Office 120,346,351,1,698,50.29
North 24 Parganas,112,N24P-112,121,Community Hall 121,374,365,0,739,49.39
North 24 Parganas,112,N24P-112,122,Govt Office 122,264,248,1,513,48.34
North 24 Parganas,112,N24P-112,123,Health Sub-Centre 123,305,314,1,620,50.65
North 24 Parganas,112,N24P-112,124,Market Building 124,363,338,0,701,48.22
North 24 Parganas,112,N24P-112,125,Anganwadi Centre 125,333,308,0,641,48.05
North 24 Parganas,112,N24P-112,126,Madrasa 126,246,242,0,488,49.59
North 24 Parganas,112,N24P-112,127,Primary School 127,257,260,1,518,50.19
North 24 Parganas,112,N24P-112,128,Anganwadi Centre 128,333,340,0,673,50.52
North 24 Parganas,112,N24P-112,129,Madrasa 129,308,302,1,611,49.43
North 24 Parganas,112,N24P-112,130,Govt Office 130,265,265,0,530,50.0
North 24 Parganas,112,N24P-112,131,Community Hall 131,374,339,0,713,47.55
North 24 Parganas,112,N24P-112,132,Govt Office 132,402,394,0,796,49.5
North 24 Parganas,112,N24P-112,133,Panchayat Bhavan 133,349,349,1,699,49.93
North 24 Parganas,112,N24P-112,134,Temple Hall 134,385,358,1,744,48.12
North 24 Parganas,112,N24P-112,135,Anganwadi Centre 135,247,246,0,493,49.9
North 24 Parganas,112,N24P-112,136,Primary School 136,282,278,1,561,49.55
North 24 Parganas,112,N24P-112,137,Panchayat Bhavan 137,413,376,1,790,47.59
North 24 Parganas,112,N24P-112,138,Market Building 138,306,296,0,602,49.17
North 24 Parganas,112,N24P-112,139,Govt Office 139,300,303,1,604,50.17
North 24 Parganas,112,N24P-112,140,Govt Office 140,326,316,0,642,49.22
North 24 Parganas,112,N24P-112,141,Temple Hall 141,390,371,1,762,48.69
North 24 Parganas,112,N24P-112,142,Temple Hall 142,283,258,0,541,47.69
North 24 Parganas,112,N24P-112,143,Govt Office 143,310,320,0,630,50.79
North 24 Parganas,112,N24P-112,144,Primary School 144,371,370,0,741,49.93
North 24 Parganas,112,N24P-112,145,Health Sub-Centre 145,253,240,0,493,48.68
North 24 Parganas,112,N24P-112,146,Community Hall 146,274,263,0,537,48.98
North 24 Parganas,112,N24P-112,147,Anganwadi Centre 147,348,317,1,666,47.6
North 24 Parganas,112,N24P-112,148,High School 148,267,257,1,525,48.95
North 24 Parganas,112,N24P-112,149,Anganwadi Centre 149,395,377,1,773,48.77
North 24 Parganas,112,N24P-112,150,Anganwadi Centre 150,274,249,0,523,47.61
North 24 Parganas,112,N24P-112,151,Anganwadi Centre 151,288,267,1,556,48.02
North 24 Parganas,112,N24P-112,152,Madrasa 152,281,261,0,542,48.15
North 24 Parganas,112,N24P-112,153,Panchayat Bhavan 153,306,278,1,585,47.52
North 24 Parganas,112,N24P-112,154,Temple Hall 154,337,322,1,660,48.79
North 24 Parganas,112,N24P-112,155,Temple Hall 155,275,274,1,550,49.82
North 24 Parganas,112,N24P-112,156,Temple Hall 156,423,380,1,804,47.26
North 24 Parganas,112,N24P-112,157,Community Hall 157,251,243,0,494,49.19
North 24 Parganas,112,N24P-112,158,Club Building 158,357,351,0,708,49.58
North 24 Parganas,112,N24P-112,159,High School 159,397,364,0,761,47.83
North 24 Parganas,112,N24P-112,160,Community Hall 160,379,374,1,754,49.6
North 24 Parganas,112,N24P-112,161,Club Building 161,344,333,0,677,49.19
North 24 Parganas,112,N24P-112,162,Primary School 162,297,281,1,579,48.53
North 24 Parganas,112,N24P-112,163,Market Building 163,298,289,1,588,49.15
North 24 Parganas,112,N24P-112,164,Panchayat Bhavan 164,412,404,1,817,49.45
North 24 Parganas,112,N24P-112,165,Panchayat Bhavan 165,272,280,0,552,50.72
North 24 Parganas,112,N24P-112,166,Govt Office 166,271,279,1,551,50.64
North 24 Parganas,112,N24P-112,167,Club Building 167,365,336,0,701,47.93
North 24 Parganas,112,N24P-112,168,Madrasa 168,372,370,0,742,49.87
North 24 Parganas,112,N24P-112,169,Govt Office 169,318,289,1,608,47.53
North 24 Parganas,112,N24P-112,170,Post Office 170,372,373,1,746,50.0
North 24 Parganas,112,N24P-112,171,Community Hall 171,331,325,1,657,49.47
North 24 Parganas,112,N24P-112,172,Post Office 172,372,346,0,718,48.19
North 24 Parganas,112,N24P-112,173,Community Hall 173,359,337,1,697,48.35
North 24 Parganas,112,N24P-112,174,Anganwadi Centre 174,273,245,1,519,47.21
North 24 Parganas,112,N24P-112,175,Club Building 175,319,314,0,633,49.61
North 24 Parganas,112,N24P-112,176,Panchayat Bhavan 176,335,308,1,644,47.83
North 24 Parganas,112,N24P-112,177,Community Hall 177,289,281,0,570,49.3
North 24 Parganas,112,N24P-112,178,Community Hall 178,315,318,0,633,50.24
North 24 Parganas,112,N24P-112,179,Madrasa 179,350,320,1,671,47.69
North 24 Parganas,112,N24P-112,180,Post Office 180,240,241,1,482,50.0
North 24 Parganas,113,N24P-113,1,Temple Hall 1,314,301,0,615,48.94
North 24 Parganas,113,N24P-113,2,Club Building 2,325,319,0,644,49.53
North 24 Parganas,113,N24P-113,3,High School 3,363,333,0,696,47.84
North 24 Parganas,113,N24P-113,4,Primary School 4,345,354,0,699,50.64
North 24 Parganas,113,N24P-113,5,Post Office 5,329,303,1,633,47.87
North 24 Parganas,113,N24P-113,6,Health Sub-Centre 6,281,261,1,543,48.07
North 24 Parganas,113,N24P-113,7,Anganwadi Centre 7,376,346,1,723,47.86
North 24 Parganas,113,N24P-113,8,Govt Office 8,279,266,1,546,48.72
North 24 Parganas,113,N24P-113,9,Primary School 9,370,375,0,745,50.34
North 24 Parganas,113,N24P-113,10,Temple Hall 10,323,322,0,645,49.92
North 24 Parganas,113,N24P-113,11,Health Sub-Centre 11,252,254,0,506,50.2
North 24 Parganas,113,N24P-113,12,Market Building 12,299,269,1,569,47.28
North 24 Parganas,113,N24P-113,13,Govt Office 13,366,371,0,737,50.34
North 24 Parganas,113,N24P-113,14,Madrasa 14,253,245,0,498,49.2
North 24 Parganas,113,N24P-113,15,Market Building 15,288,282,0,570,49.47
North 24 Parganas,113,N24P-113,16,Panchayat Bhavan 16,406,377,0,783,48.15
North 24 Parganas,113,N24P-113,17,Post Office 17,414,390,1,805,48.45
North 24 Parganas,113,N24P-113,18,Temple Hall 18,404,365,0,769,47.46
North 24 Parganas,113,N24P-113,19,Anganwadi Centre 19,286,274,0,560,48.93
North 24 Parganas,113,N24P-113,20,High School 20,409,367,1,777,47.23
North 24 Parganas,113,N24P-113,21,Govt Office 21,259,232,0,491,47.25
North 24 Parganas,113,N24P-113,22,Madrasa 22,367,358,0,725,49.38
North 24 Parganas,113,N24P-113,23,Madrasa 23,364,353,0,717,49.23
North 24 Parganas,113,N24P-113,24,Panchayat Bhavan 24,398,394,1,793,49.68
North 24 Parganas,113,N24P-113,25,Panchayat Bhavan 25,290,276,0,566,48.76
North 24 Parganas,113,N24P-113,26,Primary School 26,283,287,1,571,50.26
North 24 Parganas,113,N24P-113,27,Post Office 27,401,360,1,762,47.24
North 24 Parganas,113,N24P-113,28,Post Office 28,426,382,0,808,47.28
North 24 Parganas,113,N24P-113,29,Madrasa 29,395,358,0,753,47.54
North 24 Parganas,113,N24P-113,30,Govt Office 30,249,255,1,505,50.5
North 24 Parganas,113,N24P-113,31,Anganwadi Centre 31,323,306,1,630,48.57
North 24 Parganas,113,N24P-113,32,Health Sub-Centre 32,277,285,0,562,50.71
North 24 Parganas,113,N24P-113,33,High School 33,338,308,1,647,47.6
North 24 Parganas,113,N24P-113,34,Club Building 34,300,274,1,575,47.65
North 24 Parganas,113,N24P-113,35,Temple Hall 35,264,238,1,503,47.32
North 24 Parganas,113,N24P-113,36,High School 36,319,309,0,628,49.2
North 24 Parganas,113,N24P-113,37,Panchayat Bhavan 37,370,336,0,706,47.59
North 24 Parganas,113,N24P-113,38,Panchayat Bhavan 38,354,332,1,687,48.33
North 24 Parganas,113,N24P-113,39,Anganwadi Centre 39,376,344,1,721,47.71
North 24 Parganas,113,N24P-113,40,Govt Office 40,410,409,0,819,49.94
North 24 Parganas,113,N24P-113,41,Health Sub-Centre 41,324,316,1,641,49.3
North 24 Parganas,113,N24P-113,42,Community Hall 42,317,305,0,622,49.04
North 24 Parganas,113,N24P-113,43,Health Sub-Centre 43,299,297,1,597,49.75
North 24 Parganas,113,N24P-113,44,High School 44,418,399,1,818,48.78
North 24 Parganas,113,N24P-113,45,Temple Hall 45,336,315,0,651,48.39
North 24 Parganas,113,N24P-113,46,Market Building 46,386,383,1,770,49.74
North 24 Parganas,113,N24P-113,47,Post Office 47,393,403,1,797,50.56
North 24 Parganas,113,N24P-113,48,Post Office 48,259,261,1,521,50.1
North 24 Parganas,113,N24P-113,49,Post Office 49,416,399,0,815,48.96
North 24 Parganas,113,N24P-113,50,Temple Hall 50,266,259,0,525,49.33
North 24 Parganas,113,N24P-113,51,Panchayat Bhavan 51,407,402,0,809,49.69
North 24 Parganas,113,N24P-113,52,Panchayat Bhavan 52,347,319,1,667,47.83
North 24 Parganas,113,N24P-113,53,Market Building 53,333,325,0,658,49.39
North 24 Parganas,113,N24P-113,54,Primary School 54,375,344,1,720,47.78
North 24 Parganas,113,N24P-113,55,Madrasa 55,327,326,0,653,49.92
North 24 Parganas,113,N24P-113,56,Club Building 56,327,316,1,644,49.07
North 24 Parganas,113,N24P-113,57,Market Building 57,302,304,0,606,50.17
North 24 Parganas,113,N24P-113,58,Health Sub-Centre 58,421,391,0,812,48.15
North 24 Parganas,113,N24P-113,59,High School 59,378,340,0,718,47.35
North 24 Parganas,113,N24P-113,60,High School 60,339,316,0,655,48.24
North 24 Parganas,113,N24P-113,61,Anganwadi Centre 61,373,373,1,747,49.93
North 24 Parganas,113,N24P-113,62,Anganwadi Centre 62,309,302,0,611,49.43
North 24 Parganas,113,N24P-113,63,Madrasa 63,278,276,1,555,49.73
North 24 Parganas,113,N24P-113,64,Panchayat Bhavan 64,400,376,1,777,48.39
North 24 Parganas,113,N24P-113,65,Club Building 65,307,291,1,599,48.58
North 24 Parganas,113,N24P-113,66,Panchayat Bhavan 66,322,313,1,636,49.21
North 24 Parganas,113,N24P-113,67,Community Hall 67,272,252,1,525,48.0
North 24 Parganas,113,N24P-113,68,Temple Hall 68,242,249,0,491,50.71
North 24 Parganas,113,N24P-113,69,High School 69,268,259,0,527,49.15
North 24 Parganas,113,N24P-113,70,Panchayat Bhavan 70,281,253,1,535,47.29
North 24 Parganas,113,N24P-113,71,Community Hall 71,398,365,1,764,47.77
North 24 Parganas,113,N24P-113,72,Community Hall 72,312,287,1,600,47.83
North 24 Parganas,113,N24P-113,73,High School 73,383,387,1,771,50.19
North 24 Parganas,113,N24P-113,74,Market Building 74,376,367,0,743,49.39
North 24 Parganas,113,N24P-113,75,Madrasa 75,395,380,1,776,48.97
North 24 Parganas,113,N24P-113,76,Madrasa 76,253,260,0,513,50.68
North 24 Parganas,113,N24P-113,77,Anganwadi Centre 77,309,315,1,625,50.4
North 24 Parganas,113,N24P-113,78,Market Building 78,379,386,0,765,50.46
North 24 Parganas,113,N24P-113,79,Health Sub-Centre 79,304,284,1,589,48.22
North 24 Parganas,113,N24P-113,80,Anganwadi Centre 80,407,376,1,784,47.96
North 24 Parganas,113,N24P-113,81,Anganwadi Centre 81,326,293,0,619,47.33
North 24 Parganas,113,N24P-113,82,Club Building 82,271,244,0,515,47.38
North 24 Parganas,113,N24P-113,83,Anganwadi Centre 83,403,377,0,780,48.33
North 24 Parganas,113,N24P-113,84,Panchayat Bhavan 84,379,375,0,754,49.73
North 24 Parganas,113,N24P-113,85,Club Building 85,269,254,0,523,48.57
North 24 Parganas,113,N24P-113,86,Temple Hall 86,350,327,0,677,48.3
North 24 Parganas,113,N24P-113,87,Madrasa 87,258,246,0,504,48.81
North 24 Parganas,113,N24P-113,88,Market Building 88,383,385,0,768,50.13
North 24 Parganas,113,N24P-113,89,Primary School 89,363,337,0,700,48.14
North 24 Parganas,113,N24P-113,90,Anganwadi Centre 90,344,328,0,672,48.81
North 24 Parganas,113,N24P-113,91,Madrasa 91,272,260,1,533,48.78
North 24 Parganas,113,N24P-113,92,Anganwadi Centre 92,279,250,1,530,47.17
North 24 Parganas,113,N24P-113,93,Health Sub-Centre 93,280,283,0,563,50.27
North 24 Parganas,113,N24P-113,94,Community Hall 94,347,327,1,675,48.44
North 24 Parganas,113,N24P-113,95,Temple Hall 95,401,374,1,776,48.2
North 24 Parganas,113,N24P-113,96,High School 96,392,360,0,752,47.87
North 24 Parganas,113,N24P-113,97,Club Building 97,384,363,1,748,48.53
North 24 Parganas,113,N24P-113,98,Community Hall 98,337,313,0,650,48.15
North 24 Parganas,113,N24P-113,99,Govt Office 99,353,363,0,716,50.7
North 24 Parganas,113,N24P-113,100,Primary School 100,351,339,0,690,49.13
North 24 Parganas,113,N24P-113,101,Temple Hall 101,363,356,1,720,49.44
North 24 Parganas,113,N24P-113,102,Primary School 102,404,397,0,801,49.56
North 24 Parganas,113,N24P-113,103,Market Building 103,264,257,0,521,49.33
North 24 Parganas,113,N24P-113,104,Post Office 104,312,279,0,591,47.21
North 24 Parganas,113,N24P-113,105,Madrasa 105,364,332,0,696,47.7
North 24 Parganas,113,N24P-113,106,High School 106,322,329,0,651,50.54
North 24 Parganas,113,N24P-113,107,Govt Office 107,407,404,0,811,49.82
North 24 Parganas,113,N24P-113,108,Madrasa 108,360,345,0,705,48.94
North 24 Parganas,113,N24P-113,109,Health Sub-Centre 109,267,260,1,528,49.24
North 24 Parganas,113,N24P-113,110,Club Building 110,317,298,1,616,48.38
North 24 Parganas,113,N24P-113,111,Primary School 111,368,351,0,719,48.82
North 24 Parganas,113,N24P-113,112,Madrasa 112,303,307,0,610,50.33
North 24 Parganas,113,N24P-113,113,Madrasa 113,404,386,1,791,48.8
North 24 Parganas,113,N24P-113,114,Community Hall 114,384,349,1,734,47.55
North 24 Parganas,113,N24P-113,115,Post Office 115,313,318,1,632,50.32
North 24 Parganas,113,N24P-113,116,High School 116,387,382,1,770,49.61
North 24 Parganas,113,N24P-113,117,Anganwadi Centre 117,402,381,1,784,48.6
North 24 Parganas,113,N24P-113,118,Market Building 118,419,376,0,795,47.3
North 24 Parganas,113,N24P-113,119,Madrasa 119,324,291,0,615,47.32
North 24 Parganas,113,N24P-113,120,Community Hall 120,313,321,1,635,50.55
North 24 Parganas,113,N24P-113,121,Govt Office 121,395,376,1,772,48.7
North 24 Parganas,113,N24P-113,122,Health Sub-Centre 122,275,261,0,536,48.69
North 24 Parganas,113,N24P-113,123,Anganwadi Centre 123,406,388,0,794,48.87
North 24 Parganas,113,N24P-113,124,Club Building 124,257,246,1,504,48.81
North 24 Parganas,113,N24P-113,125,Community Hall 125,350,335,0,685,48.91
North 24 Parganas,113,N24P-113,126,Panchayat Bhavan 126,418,391,0,809,48.33
North 24 Parganas,113,N24P-113,127,Post Office 127,264,268,1,533,50.28
North 24 Parganas,113,N24P-113,128,Club Building 128,396,385,0,781,49.3
North 24 Parganas,113,N24P-113,129,High School 129,328,329,0,657,50.08
North 24 Parganas,113,N24P-113,130,Post Office 130,283,264,0,547,48.26
North 24 Parganas,113,N24P-113,131,Panchayat Bhavan 131,357,346,1,704,49.15
North 24 Parganas,113,N24P-113,132,Temple Hall 132,340,306,1,647,47.3
North 24 Parganas,113,N24P-113,133,Anganwadi Centre 133,390,351,0,741,47.37
North 24 Parganas,113,N24P-113,134,High School 134,270,280,1,551,50.82
North 24 Parganas,113,N24P-113,135,Anganwadi Centre 135,356,338,0,694,48.7
North 24 Parganas,113,N24P-113,136,Club Building 136,421,389,0,810,48.02
North 24 Parganas,113,N24P-113,137,Govt Office 137,251,228,1,480,47.5
North 24 Parganas,113,N24P-113,138,Panchayat Bhavan 138,357,336,0,693,48.48
North 24 Parganas,113,N24P-113,139,High School 139,271,273,1,545,50.09
North 24 Parganas,113,N24P-113,140,Govt Office 140,297,279,1,577,48.35
North 24 Parganas,113,N24P-113,141,High School 141,352,359,0,711,50.49
North 24 Parganas,113,N24P-113,142,Market Building 142,399,363,0,762,47.64
North 24 Parganas,113,N24P-113,143,Primary School 143,276,271,0,547,49.54
North 24 Parganas,113,N24P-113,144,Primary School 144,292,273,0,565,48.32
North 24 Parganas,113,N24P-113,145,Post Office 145,308,312,1,621,50.24
North 24 Parganas,113,N24P-113,146,High School 146,335,302,1,638,47.34
North 24 Parganas,113,N24P-113,147,Panchayat Bhavan 147,374,383,1,758,50.53
North 24 Parganas,113,N24P-113,148,Madrasa 148,314,285,0,599,47.58
North 24 Parganas,113,N24P-113,149,Madrasa 149,355,331,0,686,48.25
North 24 Parganas,113,N24P-113,150,Madrasa 150,360,331,1,692,47.83
North 24 Parganas,113,N24P-113,151,Health Sub-Centre 151,290,287,1,578,49.65
North 24 Parganas,113,N24P-113,152,Anganwadi Centre 152,311,289,1,601,48.09
North 24 Parganas,113,N24P-113,153,Temple Hall 153,292,265,0,557,47.58
North 24 Parganas,113,N24P-113,154,Health Sub-Centre 154,399,380,1,780,48.72
North 24 Parganas,113,N24P-113,155,Club Building 155,359,359,1,719,49.93
North 24 Parganas,113,N24P-113,156,Temple Hall 156,292,287,0,579,49.57
North 24 Parganas,113,N24P-113,157,Govt Office 157,262,242,0,504,48.02
North 24 Parganas,113,N24P-113,158,Post Office 158,271,258,0,529,48.77
North 24 Parganas,113,N24P-113,159,High School 159,252,229,0,481,47.61
North 24 Parganas,113,N24P-113,160,Market Building 160,335,315,1,651,48.39
North 24 Parganas,113,N24P-113,161,High School 161,259,264,1,524,50.38
North 24 Parganas,113,N24P-113,162,Temple Hall 162,299,272,0,571,47.64
North 24 Parganas,113,N24P-113,163,Post Office 163,300,279,0,579,48.19
North 24 Parganas,113,N24P-113,164,Community Hall 164,388,385,1,774,49.74
North 24 Parganas,113,N24P-113,165,Club Building 165,330,324,1,655,49.47
North 24 Parganas,113,N24P-113,166,Govt Office 166,334,343,1,678,50.59
North 24 Parganas,113,N24P-113,167,High School 167,341,314,1,656,47.87
North 24 Parganas,113,N24P-113,168,Primary School 168,272,260,0,532,48.87
North 24 Parganas,113,N24P-113,169,Temple Hall 169,307,288,1,596,48.32
North 24 Parganas,113,N24P-113,170,Market Building 170,365,360,0,725,49.66
North 24 Parganas,113,N24P-113,171,Anganwadi Centre 171,364,342,1,707,48.37
North 24 Parganas,113,N24P-113,172,Primary School 172,296,272,0,568,47.89
North 24 Parganas,113,N24P-113,173,Govt Office 173,285,261,0,546,47.8
North 24 Parganas,113,N24P-113,174,High School 174,294,303,1,598,50.67
North 24 Parganas,113,N24P-113,175,Panchayat Bhavan 175,337,348,1,686,50.73
North 24 Parganas,113,N24P-113,176,Temple Hall 176,298,293,0,591,49.58
North 24 Parganas,113,N24P-113,177,Market Building 177,327,334,1,662,50.45
North 24 Parganas,113,N24P-113,178,High School 178,278,283,0,561,50.45
North 24 Parganas,113,N24P-113,179,Post Office 179,336,306,0,642,47.66
North 24 Parganas,113,N24P-113,180,Temple Hall 180,241,243,0,484,50.21
North 24 Parganas,113,N24P-113,181,Club Building 181,260,247,1,508,48.62
North 24 Parganas,113,N24P-113,182,Market Building 182,416,386,0,802,48.13
North 24 Parganas,113,N24P-113,183,Post Office 183,270,269,0,539,49.91
North 24 Parganas,113,N24P-113,184,Primary School 184,318,287,0,605,47.44
North 24 Parganas,113,N24P-113,185,Market Building 185,394,399,0,793,50.32
North 24 Parganas,113,N24P-113,186,Madrasa 186,316,298,0,614,48.53
North 24 Parganas,113,N24P-113,187,Community Hall 187,290,285,0,575,49.57
North 24 Parganas,113,N24P-113,188,Club Building 188,401,377,1,779,48.4
North 24 Parganas,113,N24P-113,189,High School 189,375,377,1,753,50.07
North 24 Parganas,113,N24P-113,190,Panchayat Bhavan 190,254,235,1,490,47.96
North 24 Parganas,114,N24P-114,1,Temple Hall 1,418,385,1,804,47.89
North 24 Parganas,114,N24P-114,2,Temple Hall 2,390,361,0,751,48.07
North 24 Parganas,114,N24P-114,3,Panchayat Bhavan 3,414,372,1,787,47.27
North 24 Parganas,114,N24P-114,4,Post Office 4,296,276,0,572,48.25
North 24 Parganas,114,N24P-114,5,Madrasa 5,348,340,1,689,49.35
North 24 Parganas,114,N24P-114,6,Madrasa 6,365,350,1,716,48.88
North 24 Parganas,114,N24P-114,7,Anganwadi Centre 7,331,307,1,639,48.04
North 24 Parganas,114,N24P-114,8,Community Hall 8,287,277,0,564,49.11
North 24 Parganas,114,N24P-114,9,Govt Office 9,362,334,0,696,47.99
North 24 Parganas,114,N24P-114,10,Market Building 10,407,407,1,815,49.94
North 24 Parganas,114,N24P-114,11,Anganwadi Centre 11,311,289,1,601,48.09
North 24 Parganas,114,N24P-114,12,Primary School 12,252,260,1,513,50.68
North 24 Parganas,114,N24P-114,13,Health Sub-Centre 13,383,356,1,740,48.11
North 24 Parganas,114,N24P-114,14,Govt Office 14,275,266,0,541,49.17
North 24 Parganas,114,N24P-114,15,Market Building 15,296,292,1,589,49.58
North 24 Parganas,114,N24P-114,16,Community Hall 16,311,306,1,618,49.51
North 24 Parganas,114,N24P-114,17,Health Sub-Centre 17,355,356,1,712,50.0
North 24 Parganas,114,N24P-114,18,Anganwadi Centre 18,322,312,1,635,49.13
North 24 Parganas,114,N24P-114,19,High School 19,329,308,1,638,48.28
North 24 Parganas,114,N24P-114,20,Post Office 20,319,294,1,614,47.88
North 24 Parganas,114,N24P-114,21,Community Hall 21,279,272,0,551,49.36
North 24 Parganas,114,N24P-114,22,Post Office 22,281,266,0,547,48.63
North 24 Parganas,114,N24P-114,23,Community Hall 23,266,246,0,512,48.05
North 24 Parganas,114,N24P-114,24,Post Office 24,297,302,0,599,50.42
North 24 Parganas,114,N24P-114,25,High School 25,342,343,1,686,50.0
North 24 Parganas,114,N24P-114,26,Madrasa 26,284,262,1,547,47.9
North 24 Parganas,114,N24P-114,27,Madrasa 27,317,298,0,615,48.46
North 24 Parganas,114,N24P-114,28,Post Office 28,386,386,0,772,50.0
North 24 Parganas,114,N24P-114,29,Club Building 29,283,285,0,568,50.18
North 24 Parganas,114,N24P-114,30,Primary School 30,368,351,0,719,48.82
North 24 Parganas,114,N24P-114,31,Health Sub-Centre 31,392,404,1,797,50.69
North 24 Parganas,114,N24P-114,32,Community Hall 32,256,237,0,493,48.07
North 24 Parganas,114,N24P-114,33,Primary School 33,347,337,0,684,49.27
North 24 Parganas,114,N24P-114,34,Anganwadi Centre 34,374,351,0,725,48.41
North 24 Parganas,114,N24P-114,35,Market Building 35,269,270,0,539,50.09
North 24 Parganas,114,N24P-114,36,Health Sub-Centre 36,409,398,0,807,49.32
North 24 Parganas,114,N24P-114,37,Health Sub-Centre 37,285,275,0,560,49.11
North 24 Parganas,114,N24P-114,38,Primary School 38,290,296,1,587,50.43
North 24 Parganas,114,N24P-114,39,Health Sub-Centre 39,366,339,1,706,48.02
North 24 Parganas,114,N24P-114,40,Primary School 40,397,408,1,806,50.62
North 24 Parganas,114,N24P-114,41,Madrasa 41,350,315,0,665,47.37
North 24 Parganas,114,N24P-114,42,Club Building 42,265,262,1,528,49.62
North 24 Parganas,114,N24P-114,43,Club Building 43,279,268,1,548,48.91
North 24 Parganas,114,N24P-114,44,Post Office 44,413,391,0,804,48.63
North 24 Parganas,114,N24P-114,45,Temple Hall 45,336,344,1,681,50.51
North 24 Parganas,114,N24P-114,46,Community Hall 46,295,275,0,570,48.25
North 24 Parganas,114,N24P-114,47,Madrasa 47,305,311,1,617,50.41
North 24 Parganas,114,N24P-114,48,Anganwadi Centre 48,261,260,1,522,49.81
North 24 Parganas,114,N24P-114,49,Market Building 49,403,385,0,788,48.86
North 24 Parganas,114,N24P-114,50,Club Building 50,260,236,1,497,47.48
North 24 Parganas,114,N24P-114,51,Madrasa 51,304,283,1,588,48.13
North 24 Parganas,114,N24P-114,52,High School 52,334,312,0,646,48.3
North 24 Parganas,114,N24P-114,53,High School 53,274,270,0,544,49.63
North 24 Parganas,114,N24P-114,54,Health Sub-Centre 54,391,403,1,795,50.69
North 24 Parganas,114,N24P-114,55,Primary School 55,276,255,0,531,48.02
North 24 Parganas,114,N24P-114,56,Primary School 56,329,334,0,663,50.38
North 24 Parganas,114,N24P-114,57,Primary School 57,387,376,0,763,49.28
North 24 Parganas,114,N24P-114,58,Govt Office 58,387,382,0,769,49.67
North 24 Parganas,114,N24P-114,59,High School 59,260,239,1,500,47.8
North 24 Parganas,114,N24P-114,60,Primary School 60,376,358,1,735,48.71
North 24 Parganas,114,N24P-114,61,Temple Hall 61,341,345,0,686,50.29
North 24 Parganas,114,N24P-114,62,Club Building 62,397,363,0,760,47.76
North 24 Parganas,114,N24P-114,63,Market Building 63,353,336,0,689,48.77
North 24 Parganas,114,N24P-114,64,Post Office 64,245,243,1,489,49.69
North 24 Parganas,114,N24P-114,65,Anganwadi Centre 65,305,287,1,593,48.4
North 24 Parganas,114,N24P-114,66,Market Building 66,418,398,1,817,48.71
North 24 Parganas,114,N24P-114,67,Temple Hall 67,405,381,0,786,48.47
North 24 Parganas,114,N24P-114,68,Madrasa 68,282,257,0,539,47.68
North 24 Parganas,114,N24P-114,69,High School 69,322,328,0,650,50.46
North 24 Parganas,114,N24P-114,70,Market Building 70,289,272,1,562,48.4
North 24 Parganas,114,N24P-114,71,Club Building 71,297,283,1,581,48.71
North 24 Parganas,114,N24P-114,72,Primary School 72,353,345,1,699,49.36
North 24 Parganas,114,N24P-114,73,Club Building 73,356,341,1,698,48.85
North 24 Parganas,114,N24P-114,74,Market Building 74,327,305,0,632,48.26
North 24 Parganas,114,N24P-114,75,Govt Office 75,272,252,0,524,48.09
North 24 Parganas,114,N24P-114,76,Madrasa 76,283,257,1,541,47.5
North 24 Parganas,114,N24P-114,77,Madrasa 77,381,350,1,732,47.81
North 24 Parganas,114,N24P-114,78,High School 78,317,326,0,643,50.7
North 24 Parganas,114,N24P-114,79,Madrasa 79,340,342,1,683,50.07
North 24 Parganas,114,N24P-114,80,Anganwadi Centre 80,338,303,1,642,47.2
North 24 Parganas,114,N24P-114,81,Madrasa 81,312,313,0,625,50.08
North 24 Parganas,114,N24P-114,82,Primary School 82,371,375,1,747,50.2
North 24 Parganas,114,N24P-114,83,Anganwadi Centre 83,373,342,1,716,47.77
North 24 Parganas,114,N24P-114,84,Temple Hall 84,404,371,0,775,47.87
North 24 Parganas,114,N24P-114,85,Club Building 85,379,372,1,752,49.47
North 24 Parganas,114,N24P-114,86,High School 86,374,364,0,738,49.32
North 24 Parganas,114,N24P-114,87,Temple Hall 87,253,241,1,495,48.69
North 24 Parganas,114,N24P-114,88,Community Hall 88,290,281,1,572,49.13
North 24 Parganas,114,N24P-114,89,Market Building 89,306,274,0,580,47.24
North 24 Parganas,114,N24P-114,90,High School 90,294,293,1,588,49.83
North 24 Parganas,114,N24P-114,91,Club Building 91,303,307,0,610,50.33
North 24 Parganas,114,N24P-114,92,Post Office 92,302,297,0,599,49.58
North 24 Parganas,114,N24P-114,93,Temple Hall 93,420,385,1,806,47.77
North 24 Parganas,114,N24P-114,94,Market Building 94,273,278,0,551,50.45
North 24 Parganas,114,N24P-114,95,Govt Office 95,401,405,0,806,50.25
North 24 Parganas,114,N24P-114,96,Post Office 96,411,401,0,812,49.38
North 24 Parganas,114,N24P-114,97,Anganwadi Centre 97,390,381,0,771,49.42
North 24 Parganas,114,N24P-114,98,Primary School 98,361,345,0,706,48.87
North 24 Parganas,114,N24P-114,99,Madrasa 99,313,301,0,614,49.02
North 24 Parganas,114,N24P-114,100,Community Hall 100,413,371,1,785,47.26
North 24 Parganas,114,N24P-114,101,Health Sub-Centre 101,280,286,1,567,50.44
North 24 Parganas,114,N24P-114,102,Community Hall 102,361,347,0,708,49.01
North 24 Parganas,114,N24P-114,103,High School 103,266,266,1,533,49.91
North 24 Parganas,114,N24P-114,104,Post Office 104,323,289,1,613,47.15
North 24 Parganas,114,N24P-114,105,Madrasa 105,388,387,0,775,49.94
North 24 Parganas,114,N24P-114,106,Govt Office 106,347,338,0,685,49.34
North 24 Parganas,114,N24P-114,107,Post Office 107,410,372,0,782,47.57
North 24 Parganas,114,N24P-114,108,Market Building 108,402,401,0,803,49.94
North 24 Parganas,114,N24P-114,109,Market Building 109,262,249,1,512,48.63
North 24 Parganas,114,N24P-114,110,Club Building 110,251,235,1,487,48.25
North 24 Parganas,114,N24P-114,111,Post Office 111,311,288,1,600,48.0
North 24 Parganas,114,N24P-114,112,High School 112,408,399,1,808,49.38
North 24 Parganas,114,N24P-114,113,Health Sub-Centre 113,323,317,0,640,49.53
North 24 Parganas,114,N24P-114,114,Post Office 114,331,302,1,634,47.63
North 24 Parganas,114,N24P-114,115,Madrasa 115,368,344,1,713,48.25
North 24 Parganas,114,N24P-114,116,Club Building 116,300,302,1,603,50.08
North 24 Parganas,114,N24P-114,117,Health Sub-Centre 117,335,336,1,672,50.0
North 24 Parganas,114,N24P-114,118,Market Building 118,326,329,0,655,50.23
North 24 Parganas,114,N24P-114,119,Panchayat Bhavan 119,369,336,1,706,47.59
North 24 Parganas,114,N24P-114,120,High School 120,359,324,0,683,47.44
North 24 Parganas,114,N24P-114,121,Anganwadi Centre 121,342,344,1,687,50.07
North 24 Parganas,114,N24P-114,122,Community Hall 122,330,340,0,670,50.75
North 24 Parganas,114,N24P-114,123,Club Building 123,256,260,0,516,50.39
North 24 Parganas,114,N24P-114,124,Health Sub-Centre 124,380,366,1,747,49.0
North 24 Parganas,114,N24P-114,125,Community Hall 125,291,272,0,563,48.31
North 24 Parganas,114,N24P-114,126,Primary School 126,305,279,0,584,47.77
North 24 Parganas,114,N24P-114,127,Govt Office 127,270,272,0,542,50.18
North 24 Parganas,114,N24P-114,128,Temple Hall 128,404,412,0,816,50.49
North 24 Parganas,114,N24P-114,129,Community Hall 129,270,270,0,540,50.0
North 24 Parganas,114,N24P-114,130,Temple Hall 130,273,246,0,519,47.4
North 24 Parganas,114,N24P-114,131,Market Building 131,287,259,0,546,47.44
North 24 Parganas,114,N24P-114,132,Community Hall 132,354,357,1,712,50.14
North 24 Parganas,114,N24P-114,133,Market Building 133,401,364,1,766,47.52
North 24 Parganas,114,N24P-114,134,Anganwadi Centre 134,367,356,0,723,49.24
North 24 Parganas,114,N24P-114,135,Health Sub-Centre 135,308,312,0,620,50.32
North 24 Parganas,114,N24P-114,136,Govt Office 136,265,243,0,508,47.83
North 24 Parganas,114,N24P-114,137,Community Hall 137,316,295,0,611,48.28
North 24 Parganas,114,N24P-114,138,Temple Hall 138,363,361,0,724,49.86
North 24 Parganas,114,N24P-114,139,Post Office 139,387,348,0,735,47.35
North 24 Parganas,114,N24P-114,140,Post Office 140,375,368,1,744,49.46
North 24 Parganas,114,N24P-114,141,Temple Hall 141,309,307,1,617,49.76
North 24 Parganas,114,N24P-114,142,Govt Office 142,326,300,1,627,47.85
North 24 Parganas,114,N24P-114,143,Govt Office 143,321,317,0,638,49.69
North 24 Parganas,114,N24P-114,144,Market Building 144,342,335,0,677,49.48
North 24 Parganas,114,N24P-114,145,Club Building 145,319,323,1,643,50.23
North 24 Parganas,114,N24P-114,146,Primary School 146,352,335,0,687,48.76
North 24 Parganas,114,N24P-114,147,Anganwadi Centre 147,364,363,0,727,49.93
North 24 Parganas,114,N24P-114,148,Temple Hall 148,374,341,0,715,47.69
North 24 Parganas,114,N24P-114,149,Primary School 149,270,268,1,539,49.72
North 24 Parganas,114,N24P-114,150,Panchayat Bhavan 150,367,373,0,740,50.41
North 24 Parganas,114,N24P-114,151,Madrasa 151,317,316,1,634,49.84
North 24 Parganas,114,N24P-114,152,Primary School 152,302,295,1,598,49.33
North 24 Parganas,114,N24P-114,153,Temple Hall 153,397,364,0,761,47.83
North 24 Parganas,114,N24P-114,154,Club Building 154,286,295,1,582,50.69
North 24 Parganas,114,N24P-114,155,Health Sub-Centre 155,400,384,0,784,48.98
North 24 Parganas,114,N24P-114,156,Post Office 156,329,306,0,635,48.19
North 24 Parganas,114,N24P-114,157,Market Building 157,387,357,0,744,47.98
North 24 Parganas,114,N24P-114,158,Anganwadi Centre 158,341,331,1,673,49.18
North 24 Parganas,114,N24P-114,159,Post Office 159,330,300,1,631,47.54
North 24 Parganas,114,N24P-114,160,Post Office 160,412,373,1,786,47.46
North 24 Parganas,114,N24P-114,161,Post Office 161,340,307,0,647,47.45
North 24 Parganas,114,N24P-114,162,Market Building 162,406,397,1,804,49.38
North 24 Parganas,114,N24P-114,163,Primary School 163,242,246,1,489,50.31
North 24 Parganas,114,N24P-114,164,Panchayat Bhavan 164,378,378,0,756,50.0
North 24 Parganas,114,N24P-114,165,Primary School 165,389,355,0,744,47.72
North 24 Parganas,114,N24P-114,166,Health Sub-Centre 166,419,385,1,805,47.83
North 24 Parganas,114,N24P-114,167,Temple Hall 167,247,236,1,484,48.76
North 24 Parganas,114,N24P-114,168,Club Building 168,398,363,1,762,47.64
North 24 Parganas,114,N24P-114,169,Primary School 169,323,317,0,640,49.53
North 24 Parganas,114,N24P-114,170,Govt Office 170,414,378,0,792,47.73
North 24 Parganas,114,N24P-114,171,Club Building 171,283,258,0,541,47.69
North 24 Parganas,114,N24P-114,172,Health Sub-Centre 172,420,378,1,799,47.31
North 24 Parganas,114,N24P-114,173,Temple Hall 173,296,295,0,591,49.92
North 24 Parganas,114,N24P-114,174,Govt Office 174,288,267,1,556,48.02
North 24 Parganas,114,N24P-114,175,Community Hall 175,308,287,0,595,48.24
North 24 Parganas,114,N24P-114,176,Primary School 176,255,260,1,516,50.39
North 24 Parganas,114,N24P-114,177,Community Hall 177,387,357,0,744,47.98
North 24 Parganas,114,N24P-114,178,Health Sub-Centre 178,383,374,1,758,49.34
North 24 Parganas,114,N24P-114,179,Panchayat Bhavan 179,278,287,0,565,50.8
North 24 Parganas,114,N24P-114,180,Club Building 180,302,275,1,578,47.58
North 24 Parganas,114,N24P-114,181,High School 181,356,325,1,682,47.65
North 24 Parganas,114,N24P-114,182,Health Sub-Centre 182,256,247,0,503,49.11
North 24 Parganas,114,N24P-114,183,Panchayat Bhavan 183,356,328,0,684,47.95
North 24 Parganas,114,N24P-114,184,Temple Hall 184,420,388,1,809,47.96
North 24 Parganas,114,N24P-114,185,Madrasa 185,299,271,1,571,47.46
North 24 Parganas,114,N24P-114,186,Community Hall 186,420,397,1,818,48.53
North 24 Parganas,114,N24P-114,187,Primary School 187,369,338,1,708,47.74
North 24 Parganas,114,N24P-114,188,Community Hall 188,250,255,1,506,50.4
North 24 Parganas,114,N24P-114,189,Market Building 189,318,292,0,610,47.87
North 24 Parganas,114,N24P-114,190,Panchayat Bhavan 190,330,324,1,655,49.47
North 24 Parganas,114,N24P-114,191,Health Sub-Centre 191,257,238,1,496,47.98
North 24 Parganas,114,N24P-114,192,Post Office 192,336,330,0,666,49.55
North 24 Parganas,114,N24P-114,193,Temple Hall 193,307,310,0,617,50.24
North 24 Parganas,114,N24P-114,194,Club Building 194,253,252,0,505,49.9
North 24 Parganas,114,N24P-114,195,Primary School 195,431,386,0,817,47.25
North 24 Parganas,115,N24P-115,1,Temple Hall 1,378,350,1,729,48.01
North 24 Parganas,115,N24P-115,2,Health Sub-Centre 2,421,398,1,820,48.54
North 24 Parganas,115,N24P-115,3,Post Office 3,335,326,1,662,49.24
North 24 Parganas,115,N24P-115,4,Post Office 4,263,263,1,527,49.91
North 24 Parganas,115,N24P-115,5,Panchayat Bhavan 5,310,288,1,599,48.08
North 24 Parganas,115,N24P-115,6,Govt Office 6,383,353,0,736,47.96
North 24 Parganas,115,N24P-115,7,Market Building 7,307,298,1,606,49.17
North 24 Parganas,115,N24P-115,8,Market Building 8,261,246,1,508,48.43
North 24 Parganas,115,N24P-115,9,Anganwadi Centre 9,367,347,0,714,48.6
North 24 Parganas,115,N24P-115,10,Govt Office 10,289,277,0,566,48.94
North 24 Parganas,115,N24P-115,11,Govt Office 11,256,245,1,502,48.8
North 24 Parganas,115,N24P-115,12,Govt Office 12,316,306,1,623,49.12
North 24 Parganas,115,N24P-115,13,Post Office 13,291,270,0,561,48.13
North 24 Parganas,115,N24P-115,14,Temple Hall 14,331,315,1,647,48.69
North 24 Parganas,115,N24P-115,15,Govt Office 15,299,305,1,605,50.41
North 24 Parganas,115,N24P-115,16,High School 16,266,241,0,507,47.53
North 24 Parganas,115,N24P-115,17,Madrasa 17,274,262,1,537,48.79
North 24 Parganas,115,N24P-115,18,Post Office 18,347,332,1,680,48.82
North 24 Parganas,115,N24P-115,19,Club Building 19,312,294,0,606,48.51
North 24 Parganas,115,N24P-115,20,Community Hall 20,357,354,1,712,49.72
North 24 Parganas,115,N24P-115,21,Temple Hall 21,394,395,0,789,50.06
North 24 Parganas,115,N24P-115,22,Post Office 22,360,370,1,731,50.62
North 24 Parganas,115,N24P-115,23,Panchayat Bhavan 23,409,392,0,801,48.94
North 24 Parganas,115,N24P-115,24,Anganwadi Centre 24,243,245,1,489,50.1
North 24 Parganas,115,N24P-115,25,Primary School 25,286,263,0,549,47.91
North 24 Parganas,115,N24P-115,26,High School 26,398,367,1,766,47.91
North 24 Parganas,115,N24P-115,27,Madrasa 27,385,368,0,753,48.87
North 24 Parganas,115,N24P-115,28,Panchayat Bhavan 28,320,320,0,640,50.0
North 24 Parganas,115,N24P-115,29,Panchayat Bhavan 29,402,393,0,795,49.43
North 24 Parganas,115,N24P-115,30,Panchayat Bhavan 30,366,374,0,740,50.54
North 24 Parganas,115,N24P-115,31,Panchayat Bhavan 31,347,322,0,669,48.13
North 24 Parganas,115,N24P-115,32,Govt Office 32,354,351,0,705,49.79
North 24 Parganas,115,N24P-115,33,Community Hall 33,397,375,0,772,48.58
North 24 Parganas,115,N24P-115,34,Anganwadi Centre 34,378,384,0,762,50.39
North 24 Parganas,115,N24P-115,35,Anganwadi Centre 35,385,371,1,757,49.01
North 24 Parganas,115,N24P-115,36,Temple Hall 36,393,376,0,769,48.89
North 24 Parganas,115,N24P-115,37,Post Office 37,288,282,0,570,49.47
North 24 Parganas,115,N24P-115,38,Health Sub-Centre 38,394,354,0,748,47.33
North 24 Parganas,115,N24P-115,39,Panchayat Bhavan 39,297,302,1,600,50.33
North 24 Parganas,115,N24P-115,40,Club Building 40,407,368,0,775,47.48
North 24 Parganas,115,N24P-115,41,Post Office 41,300,270,1,571,47.29
North 24 Parganas,115,N24P-115,42,Primary School 42,394,373,0,767,48.63
North 24 Parganas,115,N24P-115,43,Anganwadi Centre 43,301,291,1,593,49.07
North 24 Parganas,115,N24P-115,44,Health Sub-Centre 44,253,260,1,514,50.58
North 24 Parganas,115,N24P-115,45,Market Building 45,347,333,1,681,48.9
North 24 Parganas,115,N24P-115,46,Community Hall 46,338,335,1,674,49.7
North 24 Parganas,115,N24P-115,47,High School 47,308,311,0,619,50.24
North 24 Parganas,115,N24P-115,48,High School 48,391,368,0,759,48.48
North 24 Parganas,115,N24P-115,49,Post Office 49,340,315,0,655,48.09
North 24 Parganas,115,N24P-115,50,Panchayat Bhavan 50,293,275,1,569,48.33
North 24 Parganas,115,N24P-115,51,Health Sub-Centre 51,244,243,0,487,49.9
North 24 Parganas,115,N24P-115,52,Govt Office 52,382,350,1,733,47.75
North 24 Parganas,115,N24P-115,53,Market Building 53,313,281,0,594,47.31
North 24 Parganas,115,N24P-115,54,Post Office 54,358,365,0,723,50.48
North 24 Parganas,115,N24P-115,55,Govt Office 55,349,320,1,670,47.76
North 24 Parganas,115,N24P-115,56,Panchayat Bhavan 56,364,365,0,729,50.07
North 24 Parganas,115,N24P-115,57,Panchayat Bhavan 57,255,259,1,515,50.29
North 24 Parganas,115,N24P-115,58,Club Building 58,329,297,1,627,47.37
North 24 Parganas,115,N24P-115,59,Post Office 59,304,294,1,599,49.08
North 24 Parganas,115,N24P-115,60,Govt Office 60,352,351,1,704,49.86
North 24 Parganas,115,N24P-115,61,Market Building 61,368,350,0,718,48.75
North 24 Parganas,115,N24P-115,62,Club Building 62,392,379,1,772,49.09
North 24 Parganas,115,N24P-115,63,Club Building 63,253,239,1,493,48.48
North 24 Parganas,115,N24P-115,64,Community Hall 64,327,321,1,649,49.46
North 24 Parganas,115,N24P-115,65,Community Hall 65,259,252,0,511,49.32
North 24 Parganas,115,N24P-115,66,Market Building 66,412,398,1,811,49.08
North 24 Parganas,115,N24P-115,67,Club Building 67,400,384,0,784,48.98
North 24 Parganas,115,N24P-115,68,Govt Office 68,313,314,1,628,50.0
North 24 Parganas,115,N24P-115,69,Post Office 69,416,378,0,794,47.61
North 24 Parganas,115,N24P-115,70,Primary School 70,362,362,1,725,49.93
North 24 Parganas,115,N24P-115,71,Health Sub-Centre 71,335,311,0,646,48.14
North 24 Parganas,115,N24P-115,72,Primary School 72,269,243,0,512,47.46
North 24 Parganas,115,N24P-115,73,Health Sub-Centre 73,252,243,1,496,48.99
North 24 Parganas,115,N24P-115,74,Health Sub-Centre 74,296,305,0,601,50.75
North 24 Parganas,115,N24P-115,75,Post Office 75,281,279,0,560,49.82
North 24 Parganas,115,N24P-115,76,Market Building 76,418,388,1,807,48.08
North 24 Parganas,115,N24P-115,77,Govt Office 77,262,242,0,504,48.02
North 24 Parganas,115,N24P-115,78,Anganwadi Centre 78,338,304,0,642,47.35
North 24 Parganas,115,N24P-115,79,Govt Office 79,302,279,0,581,48.02
North 24 Parganas,115,N24P-115,80,Market Building 80,355,367,1,723,50.76
North 24 Parganas,115,N24P-115,81,Market Building 81,311,317,1,629,50.4
North 24 Parganas,115,N24P-115,82,Community Hall 82,330,328,1,659,49.77
North 24 Parganas,115,N24P-115,83,Health Sub-Centre 83,358,367,1,726,50.55
North 24 Parganas,115,N24P-115,84,Community Hall 84,368,365,0,733,49.8
North 24 Parganas,115,N24P-115,85,High School 85,311,312,1,624,50.0
North 24 Parganas,115,N24P-115,86,Club Building 86,367,345,1,713,48.39
North 24 Parganas,115,N24P-115,87,Govt Office 87,392,372,1,765,48.63
North 24 Parganas,115,N24P-115,88,High School 88,242,239,1,482,49.59
North 24 Parganas,115,N24P-115,89,Panchayat Bhavan 89,302,289,0,591,48.9
North 24 Parganas,115,N24P-115,90,Madrasa 90,366,345,0,711,48.52
North 24 Parganas,115,N24P-115,91,Primary School 91,392,397,0,789,50.32
North 24 Parganas,115,N24P-115,92,Anganwadi Centre 92,386,371,1,758,48.94
North 24 Parganas,115,N24P-115,93,Health Sub-Centre 93,250,244,0,494,49.39
North 24 Parganas,115,N24P-115,94,Govt Office 94,271,248,0,519,47.78
North 24 Parganas,115,N24P-115,95,Madrasa 95,357,330,0,687,48.03
North 24 Parganas,115,N24P-115,96,Govt Office 96,359,343,0,702,48.86
North 24 Parganas,115,N24P-115,97,Temple Hall 97,353,325,1,679,47.86
North 24 Parganas,115,N24P-115,98,Madrasa 98,269,263,0,532,49.44
North 24 Parganas,115,N24P-115,99,Community Hall 99,362,331,1,694,47.69
North 24 Parganas,115,N24P-115,100,Health Sub-Centre 100,305,292,0,597,48.91
North 24 Parganas,115,N24P-115,101,Primary School 101,284,289,1,574,50.35
North 24 Parganas,115,N24P-115,102,Temple Hall 102,262,267,1,530,50.38
North 24 Parganas,115,N24P-115,103,Panchayat Bhavan 103,287,259,1,547,47.35
North 24 Parganas,115,N24P-115,104,Health Sub-Centre 104,303,272,0,575,47.3
North 24 Parganas,115,N24P-115,105,Govt Office 105,286,274,0,560,48.93
North 24 Parganas,115,N24P-115,106,Market Building 106,320,308,1,629,48.97
North 24 Parganas,115,N24P-115,107,Health Sub-Centre 107,355,338,1,694,48.7
North 24 Parganas,115,N24P-115,108,Post Office 108,308,277,0,585,47.35
North 24 Parganas,115,N24P-115,109,Primary School 109,286,279,1,566,49.29
North 24 Parganas,115,N24P-115,110,Madrasa 110,401,392,1,794,49.37
North 24 Parganas,115,N24P-115,111,Market Building 111,270,250,1,521,47.98
North 24 Parganas,115,N24P-115,112,Health Sub-Centre 112,371,381,1,753,50.6
North 24 Parganas,115,N24P-115,113,Temple Hall 113,278,259,0,537,48.23
North 24 Parganas,115,N24P-115,114,Anganwadi Centre 114,392,391,1,784,49.87
North 24 Parganas,115,N24P-115,115,Health Sub-Centre 115,395,399,0,794,50.25
North 24 Parganas,115,N24P-115,116,Anganwadi Centre 116,313,315,0,628,50.16
North 24 Parganas,115,N24P-115,117,Anganwadi Centre 117,294,263,1,558,47.13
North 24 Parganas,115,N24P-115,118,High School 118,359,338,1,698,48.42
North 24 Parganas,115,N24P-115,119,Club Building 119,399,371,1,771,48.12
North 24 Parganas,115,N24P-115,120,Market Building 120,390,365,1,756,48.28
North 24 Parganas,115,N24P-115,121,Primary School 121,386,390,1,777,50.19
North 24 Parganas,115,N24P-115,122,Madrasa 122,278,251,1,530,47.36
North 24 Parganas,115,N24P-115,123,Govt Office 123,288,280,1,569,49.21
North 24 Parganas,115,N24P-115,124,Post Office 124,273,277,1,551,50.27
North 24 Parganas,115,N24P-115,125,Govt Office 125,411,406,0,817,49.69
North 24 Parganas,115,N24P-115,126,Temple Hall 126,294,275,0,569,48.33
North 24 Parganas,115,N24P-115,127,Post Office 127,272,268,0,540,49.63
North 24 Parganas,115,N24P-115,128,Market Building 128,290,275,1,566,48.59
North 24 Parganas,115,N24P-115,129,Market Building 129,384,386,1,771,50.06
North 24 Parganas,115,N24P-115,130,Post Office 130,252,234,0,486,48.15
North 24 Parganas,115,N24P-115,131,Madrasa 131,400,375,0,775,48.39
North 24 Parganas,115,N24P-115,132,Post Office 132,303,304,1,608,50.0
North 24 Parganas,115,N24P-115,133,Post Office 133,288,267,1,556,48.02
North 24 Parganas,115,N24P-115,134,Post Office 134,371,357,0,728,49.04
North 24 Parganas,115,N24P-115,135,Panchayat Bhavan 135,318,324,1,643,50.39
North 24 Parganas,115,N24P-115,136,Govt Office 136,399,358,1,758,47.23
North 24 Parganas,115,N24P-115,137,Primary School 137,343,343,1,687,49.93
North 24 Parganas,115,N24P-115,138,Post Office 138,398,393,0,791,49.68
North 24 Parganas,115,N24P-115,139,Govt Office 139,300,286,0,586,48.81
North 24 Parganas,115,N24P-115,140,Post Office 140,393,403,0,796,50.63
North 24 Parganas,115,N24P-115,141,Panchayat Bhavan 141,352,327,0,679,48.16
North 24 Parganas,115,N24P-115,142,Community Hall 142,358,325,1,684,47.51
North 24 Parganas,115,N24P-115,143,Anganwadi Centre 143,320,288,0,608,47.37
North 24 Parganas,115,N24P-115,144,Club Building 144,256,263,1,520,50.58
North 24 Parganas,115,N24P-115,145,Temple Hall 145,342,307,1,650,47.23
North 24 Parganas,115,N24P-115,146,High School 146,386,360,1,747,48.19
North 24 Parganas,115,N24P-115,147,Govt Office 147,418,389,0,807,48.2
North 24 Parganas,115,N24P-115,148,Temple Hall 148,392,362,1,755,47.95
North 24 Parganas,115,N24P-115,149,Govt Office 149,361,324,0,685,47.3
North 24 Parganas,115,N24P-115,150,High School 150,406,376,1,783,48.02
North 24 Parganas,115,N24P-115,151,Health Sub-Centre 151,262,258,1,521,49.52
North 24 Parganas,115,N24P-115,152,Anganwadi Centre 152,412,391,1,804,48.63
North 24 Parganas,115,N24P-115,153,Madrasa 153,299,305,0,604,50.5
North 24 Parganas,115,N24P-115,154,Post Office 154,392,363,0,755,48.08
North 24 Parganas,115,N24P-115,155,Panchayat Bhavan 155,243,239,1,483,49.48
North 24 Parganas,115,N24P-115,156,Post Office 156,329,323,0,652,49.54
North 24 Parganas,115,N24P-115,157,Post Office 157,340,331,0,671,49.33
North 24 Parganas,115,N24P-115,158,Primary School 158,288,274,0,562,48.75
North 24 Parganas,115,N24P-115,159,Madrasa 159,380,376,1,757,49.67
North 24 Parganas,115,N24P-115,160,Community Hall 160,356,327,0,683,47.88
North 24 Parganas,115,N24P-115,161,High School 161,355,352,1,708,49.72
North 24 Parganas,115,N24P-115,162,Health Sub-Centre 162,293,278,0,571,48.69
North 24 Parganas,115,N24P-115,163,Madrasa 163,378,375,1,754,49.73
North 24 Parganas,115,N24P-115,164,Panchayat Bhavan 164,331,319,1,651,49.0
North 24 Parganas,115,N24P-115,165,Health Sub-Centre 165,365,356,1,722,49.31
North 24 Parganas,115,N24P-115,166,Temple Hall 166,368,372,1,741,50.2
North 24 Parganas,115,N24P-115,167,Anganwadi Centre 167,354,340,0,694,48.99
North 24 Parganas,115,N24P-115,168,Anganwadi Centre 168,355,332,0,687,48.33
North 24 Parganas,115,N24P-115,169,Community Hall 169,375,385,1,761,50.59
North 24 Parganas,115,N24P-115,170,Panchayat Bhavan 170,417,391,1,809,48.33
North 24 Parganas,115,N24P-115,171,Health Sub-Centre 171,299,272,1,572,47.55
North 24 Parganas,115,N24P-115,172,Community Hall 172,333,311,1,645,48.22
North 24 Parganas,115,N24P-115,173,Primary School 173,357,366,1,724,50.55
North 24 Parganas,115,N24P-115,174,Temple Hall 174,359,323,1,683,47.29
North 24 Parganas,115,N24P-115,175,Community Hall 175,332,321,0,653,49.16
North 24 Parganas,115,N24P-115,176,Community Hall 176,377,378,1,756,50.0
North 24 Parganas,115,N24P-115,177,Temple Hall 177,295,302,1,598,50.5
North 24 Parganas,115,N24P-115,178,Temple Hall 178,344,322,0,666,48.35
North 24 Parganas,115,N24P-115,179,Post Office 179,330,314,0,644,48.76
North 24 Parganas,115,N24P-115,180,Market Building 180,375,337,0,712,47.33
North 24 Parganas,115,N24P-115,181,Govt Office 181,326,329,1,656,50.15
North 24 Parganas,115,N24P-115,182,Health Sub-Centre 182,349,330,0,679,48.6
North 24 Parganas,115,N24P-115,183,Post Office 183,254,255,0,509,50.1
North 24 Parganas,115,N24P-115,184,Health Sub-Centre 184,408,372,0,780,47.69
North 24 Parganas,115,N24P-115,185,High School 185,335,311,0,646,48.14
North 24 Parganas,115,N24P-115,186,Temple Hall 186,348,347,1,696,49.86
North 24 Parganas,115,N24P-115,187,Market Building 187,362,326,1,689,47.31
North 24 Parganas,115,N24P-115,188,Govt Office 188,324,314,0,638,49.22
North 24 Parganas,115,N24P-115,189,Temple Hall 189,306,295,1,602,49.0
North 24 Parganas,115,N24P-115,190,Temple Hall 190,393,362,0,755,47.95
North 24 Parganas,115,N24P-115,191,Community Hall 191,309,286,0,595,48.07
North 24 Parganas,115,N24P-115,192,Madrasa 192,403,374,0,777,48.13
North 24 Parganas,115,N24P-115,193,Health Sub-Centre 193,319,307,0,626,49.04
North 24 Parganas,115,N24P-115,194,Club Building 194,418,384,0,802,47.88
North 24 Parganas,116,N24P-116,1,Post Office 1,362,339,1,702,48.29
North 24 Parganas,116,N24P-116,2,Primary School 2,405,387,0,792,48.86
North 24 Parganas,116,N24P-116,3,Health Sub-Centre 3,406,364,0,770,47.27
North 24 Parganas,116,N24P-116,4,Panchayat Bhavan 4,276,246,0,522,47.13
North 24 Parganas,116,N24P-116,5,Club Building 5,282,282,1,565,49.91
North 24 Parganas,116,N24P-116,6,Health Sub-Centre 6,269,257,0,526,48.86
North 24 Parganas,116,N24P-116,7,Community Hall 7,368,372,1,741,50.2
North 24 Parganas,116,N24P-116,8,Club Building 8,395,404,0,799,50.56
North 24 Parganas,116,N24P-116,9,Club Building 9,272,280,1,553,50.63
North 24 Parganas,116,N24P-116,10,Govt Office 10,345,310,1,656,47.26
North 24 Parganas,116,N24P-116,11,Govt Office 11,348,313,0,661,47.35
North 24 Parganas,116,N24P-116,12,Madrasa 12,273,275,0,548,50.18
North 24 Parganas,116,N24P-116,13,Madrasa 13,299,283,1,583,48.54
North 24 Parganas,116,N24P-116,14,Post Office 14,384,395,0,779,50.71
North 24 Parganas,116,N24P-116,15,Club Building 15,254,262,1,517,50.68
North 24 Parganas,116,N24P-116,16,Govt Office 16,336,344,1,681,50.51
North 24 Parganas,116,N24P-116,17,Panchayat Bhavan 17,328,299,0,627,47.69
North 24 Parganas,116,N24P-116,18,Post Office 18,396,355,0,751,47.27
North 24 Parganas,116,N24P-116,19,Community Hall 19,262,239,1,502,47.61
North 24 Parganas,116,N24P-116,20,Community Hall 20,327,310,0,637,48.67
North 24 Parganas,116,N24P-116,21,Anganwadi Centre 21,378,387,1,766,50.52
North 24 Parganas,116,N24P-116,22,Primary School 22,274,264,1,539,48.98
North 24 Parganas,116,N24P-116,23,High School 23,362,351,0,713,49.23
North 24 Parganas,116,N24P-116,24,High School 24,270,277,0,547,50.64
North 24 Parganas,116,N24P-116,25,Community Hall 25,320,323,0,643,50.23
North 24 Parganas,116,N24P-116,26,High School 26,401,385,0,786,48.98
North 24 Parganas,116,N24P-116,27,Market Building 27,378,352,0,730,48.22
North 24 Parganas,116,N24P-116,28,Community Hall 28,303,290,0,593,48.9
North 24 Parganas,116,N24P-116,29,Temple Hall 29,274,259,1,534,48.5
North 24 Parganas,116,N24P-116,30,Panchayat Bhavan 30,344,332,0,676,49.11
North 24 Parganas,116,N24P-116,31,Market Building 31,398,394,0,792,49.75
North 24 Parganas,116,N24P-116,32,Primary School 32,279,266,1,546,48.72
North 24 Parganas,116,N24P-116,33,Temple Hall 33,279,281,1,561,50.09
North 24 Parganas,116,N24P-116,34,Panchayat Bhavan 34,394,404,1,799,50.56
North 24 Parganas,116,N24P-116,35,Market Building 35,341,322,1,664,48.49
North 24 Parganas,116,N24P-116,36,Market Building 36,256,232,0,488,47.54
North 24 Parganas,116,N24P-116,37,Community Hall 37,397,390,0,787,49.56
North 24 Parganas,116,N24P-116,38,Govt Office 38,392,390,1,783,49.81
North 24 Parganas,116,N24P-116,39,Anganwadi Centre 39,335,308,1,644,47.83
North 24 Parganas,116,N24P-116,40,High School 40,346,321,0,667,48.13
North 24 Parganas,116,N24P-116,41,Anganwadi Centre 41,396,376,1,773,48.64
North 24 Parganas,116,N24P-116,42,Community Hall 42,382,346,1,729,47.46
North 24 Parganas,116,N24P-116,43,Community Hall 43,334,330,0,664,49.7
North 24 Parganas,116,N24P-116,44,Primary School 44,335,305,0,640,47.66
North 24 Parganas,116,N24P-116,45,Health Sub-Centre 45,290,260,0,550,47.27
North 24 Parganas,116,N24P-116,46,Market Building 46,383,376,0,759,49.54
North 24 Parganas,116,N24P-116,47,Primary School 47,373,337,1,711,47.4
North 24 Parganas,116,N24P-116,48,Govt Office 48,310,317,0,627,50.56
North 24 Parganas,116,N24P-116,49,Primary School 49,264,266,0,530,50.19
North 24 Parganas,116,N24P-116,50,Anganwadi Centre 50,320,305,1,626,48.72
North 24 Parganas,116,N24P-116,51,Primary School 51,372,349,0,721,48.4
North 24 Parganas,116,N24P-116,52,Madrasa 52,259,250,1,510,49.02
North 24 Parganas,116,N24P-116,53,Temple Hall 53,329,303,1,633,47.87
North 24 Parganas,116,N24P-116,54,Govt Office 54,345,355,1,701,50.64
North 24 Parganas,116,N24P-116,55,Temple Hall 55,299,274,0,573,47.82
North 24 Parganas,116,N24P-116,56,Community Hall 56,417,391,1,809,48.33
North 24 Parganas,116,N24P-116,57,Madrasa 57,270,258,0,528,48.86
North 24 Parganas,116,N24P-116,58,Anganwadi Centre 58,344,331,0,675,49.04
North 24 Parganas,116,N24P-116,59,Anganwadi Centre 59,296,293,1,590,49.66
North 24 Parganas,116,N24P-116,60,Club Building 60,254,242,0,496,48.79
North 24 Parganas,116,N24P-116,61,Govt Office 61,305,302,1,608,49.67
North 24 Parganas,116,N24P-116,62,Health Sub-Centre 62,311,292,0,603,48.42
North 24 Parganas,116,N24P-116,63,High School 63,397,405,1,803,50.44
North 24 Parganas,116,N24P-116,64,Primary School 64,355,361,0,716,50.42
North 24 Parganas,116,N24P-116,65,Primary School 65,325,310,0,635,48.82
North 24 Parganas,116,N24P-116,66,Market Building 66,324,312,0,636,49.06
North 24 Parganas,116,N24P-116,67,Panchayat Bhavan 67,363,344,1,708,48.59
North 24 Parganas,116,N24P-116,68,Health Sub-Centre 68,292,275,0,567,48.5
North 24 Parganas,116,N24P-116,69,Panchayat Bhavan 69,285,274,1,560,48.93
North 24 Parganas,116,N24P-116,70,Govt Office 70,396,368,1,765,48.1
North 24 Parganas,116,N24P-116,71,Panchayat Bhavan 71,280,264,1,545,48.44
North 24 Parganas,116,N24P-116,72,Panchayat Bhavan 72,322,312,1,635,49.13
North 24 Parganas,116,N24P-116,73,Primary School 73,273,277,0,550,50.36
North 24 Parganas,116,N24P-116,74,Community Hall 74,267,248,1,516,48.06
North 24 Parganas,116,N24P-116,75,Panchayat Bhavan 75,356,341,0,697,48.92
North 24 Parganas,116,N24P-116,76,Temple Hall 76,394,356,1,751,47.4
North 24 Parganas,116,N24P-116,77,Health Sub-Centre 77,313,318,0,631,50.4
North 24 Parganas,116,N24P-116,78,Panchayat Bhavan 78,322,319,0,641,49.77
North 24 Parganas,116,N24P-116,79,High School 79,397,382,0,779,49.04
North 24 Parganas,116,N24P-116,80,Panchayat Bhavan 80,253,236,1,490,48.16
North 24 Parganas,116,N24P-116,81,Anganwadi Centre 81,311,280,0,591,47.38
North 24 Parganas,116,N24P-116,82,Community Hall 82,398,358,0,756,47.35
North 24 Parganas,116,N24P-116,83,Temple Hall 83,252,248,1,501,49.5
North 24 Parganas,116,N24P-116,84,Club Building 84,257,232,1,490,47.35
North 24 Parganas,116,N24P-116,85,Madrasa 85,380,356,1,737,48.3
North 24 Parganas,116,N24P-116,86,Govt Office 86,328,318,1,647,49.15
North 24 Parganas,116,N24P-116,87,Post Office 87,289,273,1,563,48.49
North 24 Parganas,116,N24P-116,88,Madrasa 88,345,333,1,679,49.04
North 24 Parganas,116,N24P-116,89,Community Hall 89,335,331,1,667,49.63
North 24 Parganas,116,N24P-116,90,Post Office 90,279,272,1,552,49.28
North 24 Parganas,116,N24P-116,91,Govt Office 91,345,309,0,654,47.25
North 24 Parganas,116,N24P-116,92,Post Office 92,346,317,1,664,47.74
North 24 Parganas,116,N24P-116,93,Govt Office 93,323,316,0,639,49.45
North 24 Parganas,116,N24P-116,94,Primary School 94,297,270,1,568,47.54
North 24 Parganas,116,N24P-116,95,Govt Office 95,390,402,1,793,50.69
North 24 Parganas,116,N24P-116,96,Community Hall 96,294,283,0,577,49.05
North 24 Parganas,116,N24P-116,97,Temple Hall 97,402,389,0,791,49.18
North 24 Parganas,116,N24P-116,98,Temple Hall 98,327,300,0,627,47.85
North 24 Parganas,116,N24P-116,99,Post Office 99,298,294,1,593,49.58
North 24 Parganas,116,N24P-116,100,Govt Office 100,359,351,0,710,49.44
North 24 Parganas,116,N24P-116,101,Health Sub-Centre 101,320,289,0,609,47.45
North 24 Parganas,116,N24P-116,102,Club Building 102,340,336,0,676,49.7
North 24 Parganas,116,N24P-116,103,Post Office 103,278,277,0,555,49.91
North 24 Parganas,116,N24P-116,104,Panchayat Bhavan 104,330,323,0,653,49.46
North 24 Parganas,116,N24P-116,105,Post Office 105,373,345,1,719,47.98
North 24 Parganas,116,N24P-116,106,Primary School 106,363,356,0,719,49.51
North 24 Parganas,116,N24P-116,107,Health Sub-Centre 107,362,339,1,702,48.29
North 24 Parganas,116,N24P-116,108,Madrasa 108,282,270,1,553,48.82
North 24 Parganas,116,N24P-116,109,Anganwadi Centre 109,312,320,1,633,50.55
North 24 Parganas,116,N24P-116,110,Market Building 110,383,396,1,780,50.77
North 24 Parganas,116,N24P-116,111,Panchayat Bhavan 111,399,406,1,806,50.37
North 24 Parganas,116,N24P-116,112,Temple Hall 112,424,381,0,805,47.33
North 24 Parganas,116,N24P-116,113,Health Sub-Centre 113,365,365,1,731,49.93
North 24 Parganas,116,N24P-116,114,Market Building 114,262,269,1,532,50.56
North 24 Parganas,116,N24P-116,115,Club Building 115,269,275,0,544,50.55
North 24 Parganas,116,N24P-116,116,Anganwadi Centre 116,384,368,0,752,48.94
North 24 Parganas,116,N24P-116,117,Madrasa 117,251,239,0,490,48.78
North 24 Parganas,116,N24P-116,118,Madrasa 118,357,324,1,682,47.51
North 24 Parganas,116,N24P-116,119,Post Office 119,332,334,0,666,50.15
North 24 Parganas,116,N24P-116,120,Health Sub-Centre 120,316,317,0,633,50.08
North 24 Parganas,116,N24P-116,121,High School 121,382,363,1,746,48.66
North 24 Parganas,116,N24P-116,122,High School 122,270,254,0,524,48.47
North 24 Parganas,116,N24P-116,123,Govt Office 123,382,346,1,729,47.46
North 24 Parganas,116,N24P-116,124,High School 124,401,382,0,783,48.79
North 24 Parganas,116,N24P-116,125,Market Building 125,285,290,0,575,50.43
North 24 Parganas,116,N24P-116,126,Govt Office 126,277,261,1,539,48.42
North 24 Parganas,116,N24P-116,127,Primary School 127,403,408,0,811,50.31
North 24 Parganas,116,N24P-116,128,High School 128,357,322,0,679,47.42
North 24 Parganas,116,N24P-116,129,Club Building 129,346,339,1,686,49.42
North 24 Parganas,116,N24P-116,130,Panchayat Bhavan 130,417,374,1,792,47.22
North 24 Parganas,116,N24P-116,131,Health Sub-Centre 131,324,325,1,650,50.0
North 24 Parganas,116,N24P-116,132,Anganwadi Centre 132,273,271,0,544,49.82
North 24 Parganas,116,N24P-116,133,Anganwadi Centre 133,318,314,0,632,49.68
North 24 Parganas,116,N24P-116,134,Govt Office 134,241,239,0,480,49.79
North 24 Parganas,116,N24P-116,135,Temple Hall 135,369,365,0,734,49.73
North 24 Parganas,116,N24P-116,136,Madrasa 136,361,361,0,722,50.0
North 24 Parganas,116,N24P-116,137,High School 137,366,345,0,711,48.52
North 24 Parganas,116,N24P-116,138,Panchayat Bhavan 138,297,275,0,572,48.08
North 24 Parganas,116,N24P-116,139,Madrasa 139,323,310,0,633,48.97
North 24 Parganas,116,N24P-116,140,High School 140,346,343,0,689,49.78
North 24 Parganas,116,N24P-116,141,Temple Hall 141,369,337,0,706,47.73
North 24 Parganas,116,N24P-116,142,Club Building 142,256,252,1,509,49.51
North 24 Parganas,116,N24P-116,143,High School 143,294,293,0,587,49.91
North 24 Parganas,116,N24P-116,144,Primary School 144,375,372,1,748,49.73
North 24 Parganas,116,N24P-116,145,Health Sub-Centre 145,426,386,1,813,47.48
North 24 Parganas,116,N24P-116,146,Community Hall 146,302,284,1,587,48.38
North 24 Parganas,116,N24P-116,147,High School 147,325,306,0,631,48.49
North 24 Parganas,116,N24P-116,148,Govt Office 148,398,362,0,760,47.63
North 24 Parganas,116,N24P-116,149,Primary School 149,342,320,1,663,48.27
North 24 Parganas,116,N24P-116,150,Community Hall 150,393,382,0,775,49.29
North 24 Parganas,116,N24P-116,151,Madrasa 151,276,256,0,532,48.12
North 24 Parganas,116,N24P-116,152,Club Building 152,312,309,1,622,49.68
North 24 Parganas,116,N24P-116,153,High School 153,305,304,1,610,49.84
North 24 Parganas,116,N24P-116,154,Temple Hall 154,411,400,1,812,49.26
North 24 Parganas,116,N24P-116,155,Panchayat Bhavan 155,275,270,1,546,49.45
North 24 Parganas,116,N24P-116,156,Panchayat Bhavan 156,350,339,0,689,49.2
North 24 Parganas,116,N24P-116,157,Panchayat Bhavan 157,271,253,1,525,48.19
North 24 Parganas,116,N24P-116,158,Post Office 158,412,383,0,795,48.18
North 24 Parganas,116,N24P-116,159,Health Sub-Centre 159,273,274,1,548,50.0
North 24 Parganas,116,N24P-116,160,Market Building 160,304,303,1,608,49.84
North 24 Parganas,116,N24P-116,161,Primary School 161,385,359,1,745,48.19
North 24 Parganas,116,N24P-116,162,Temple Hall 162,297,272,1,570,47.72
North 24 Parganas,116,N24P-116,163,Govt Office 163,358,369,0,727,50.76
North 24 Parganas,116,N24P-116,164,Club Building 164,269,260,0,529,49.15
North 24 Parganas,116,N24P-116,165,Madrasa 165,349,353,0,702,50.28
North 24 Parganas,116,N24P-116,166,Temple Hall 166,292,278,0,570,48.77
North 24 Parganas,116,N24P-116,167,Madrasa 167,323,301,1,625,48.16
North 24 Parganas,116,N24P-116,168,Club Building 168,272,270,0,542,49.82
North 24 Parganas,116,N24P-116,169,High School 169,360,345,0,705,48.94
North 24 Parganas,116,N24P-116,170,Primary School 170,240,243,0,483,50.31
North 24 Parganas,116,N24P-116,171,Community Hall 171,359,332,1,692,47.98
North 24 Parganas,116,N24P-116,172,High School 172,289,292,1,582,50.17
North 24 Parganas,116,N24P-116,173,Govt Office 173,245,243,1,489,49.69
North 24 Parganas,116,N24P-116,174,Community Hall 174,331,317,1,649,48.84
North 24 Parganas,116,N24P-116,175,Panchayat Bhavan 175,285,288,1,574,50.17
North 24 Parganas,116,N24P-116,176,Anganwadi Centre 176,338,313,1,652,48.01
North 24 Parganas,116,N24P-116,177,Health Sub-Centre 177,372,340,1,713,47.69
North 24 Parganas,116,N24P-116,178,Govt Office 178,353,341,0,694,49.14
North 24 Parganas,116,N24P-116,179,Madrasa 179,279,283,0,562,50.36
North 24 Parganas,116,N24P-116,180,Post Office 180,257,236,0,493,47.87
North 24 Parganas,116,N24P-116,181,Market Building 181,366,341,1,708,48.16
North 24 Parganas,116,N24P-116,182,Health Sub-Centre 182,410,366,0,776,47.16
North 24 Parganas,116,N24P-116,183,Panchayat Bhavan 183,311,299,0,610,49.02
North 24 Parganas,116,N24P-116,184,Health Sub-Centre 184,358,365,1,724,50.41
North 24 Parganas,116,N24P-116,185,Temple Hall 185,362,369,1,732,50.41
North 24 Parganas,116,N24P-116,186,High School 186,340,311,0,651,47.77
North 24 Parganas,116,N24P-116,187,Primary School 187,403,397,0,800,49.62
North 24 Parganas,116,N24P-116,188,Panchayat Bhavan 188,336,300,0,636,47.17
North 24 Parganas,116,N24P-116,189,Primary School 189,403,415,0,818,50.73
North 24 Parganas,116,N24P-116,190,Market Building 190,298,277,1,576,48.09
North 24 Parganas,116,N24P-116,191,Panchayat Bhavan 191,297,289,1,587,49.23
North 24 Parganas,116,N24P-116,192,Govt Office 192,330,333,0,663,50.23
North 24 Parganas,116,N24P-116,193,Panchayat Bhavan 193,272,256,1,529,48.39
North 24 Parganas,117,N24P-117,1,Market Building 1,352,333,1,686,48.54
North 24 Parganas,117,N24P-117,2,Health Sub-Centre 2,295,280,1,576,48.61
North 24 Parganas,117,N24P-117,3,Anganwadi Centre 3,336,335,1,672,49.85
North 24 Parganas,117,N24P-117,4,Health Sub-Centre 4,260,255,1,516,49.42
North 24 Parganas,117,N24P-117,5,Panchayat Bhavan 5,320,324,0,644,50.31
North 24 Parganas,117,N24P-117,6,Madrasa 6,400,408,1,809,50.43
North 24 Parganas,117,N24P-117,7,Anganwadi Centre 7,334,310,0,644,48.14
North 24 Parganas,117,N24P-117,8,Post Office 8,346,333,0,679,49.04
North 24 Parganas,117,N24P-117,9,Health Sub-Centre 9,325,316,0,641,49.3
North 24 Parganas,117,N24P-117,10,High School 10,307,279,1,587,47.53
North 24 Parganas,117,N24P-117,11,Panchayat Bhavan 11,336,346,1,683,50.66
North 24 Parganas,117,N24P-117,12,Health Sub-Centre 12,301,303,0,604,50.17
North 24 Parganas,117,N24P-117,13,Madrasa 13,252,245,0,497,49.3
North 24 Parganas,117,N24P-117,14,Health Sub-Centre 14,306,305,1,612,49.84
North 24 Parganas,117,N24P-117,15,Post Office 15,293,274,1,568,48.24
North 24 Parganas,117,N24P-117,16,Market Building 16,240,241,1,482,50.0
North 24 Parganas,117,N24P-117,17,Primary School 17,404,368,1,773,47.61
North 24 Parganas,117,N24P-117,18,Post Office 18,359,339,1,699,48.5
North 24 Parganas,117,N24P-117,19,Club Building 19,352,331,0,683,48.46
North 24 Parganas,117,N24P-117,20,Anganwadi Centre 20,365,361,1,727,49.66
North 24 Parganas,117,N24P-117,21,Madrasa 21,250,238,0,488,48.77
North 24 Parganas,117,N24P-117,22,Community Hall 22,277,254,0,531,47.83
North 24 Parganas,117,N24P-117,23,Panchayat Bhavan 23,342,325,0,667,48.73
North 24 Parganas,117,N24P-117,24,Club Building 24,319,314,1,634,49.53
North 24 Parganas,117,N24P-117,25,Govt Office 25,340,309,0,649,47.61
North 24 Parganas,117,N24P-117,26,Post Office 26,292,296,1,589,50.25
North 24 Parganas,117,N24P-117,27,Post Office 27,360,324,1,685,47.3
North 24 Parganas,117,N24P-117,28,Market Building 28,338,350,1,689,50.8
North 24 Parganas,117,N24P-117,29,Anganwadi Centre 29,367,333,1,701,47.5
North 24 Parganas,117,N24P-117,30,Community Hall 30,383,377,0,760,49.61
North 24 Parganas,117,N24P-117,31,Post Office 31,320,291,1,612,47.55
North 24 Parganas,117,N24P-117,32,Health Sub-Centre 32,386,390,0,776,50.26
North 24 Parganas,117,N24P-117,33,Anganwadi Centre 33,408,372,0,780,47.69
North 24 Parganas,117,N24P-117,34,Post Office 34,265,266,0,531,50.09
North 24 Parganas,117,N24P-117,35,Anganwadi Centre 35,295,294,0,589,49.92
North 24 Parganas,117,N24P-117,36,High School 36,257,247,0,504,49.01
North 24 Parganas,117,N24P-117,37,Post Office 37,261,259,1,521,49.71
North 24 Parganas,117,N24P-117,38,Post Office 38,304,310,1,615,50.41
North 24 Parganas,117,N24P-117,39,Panchayat Bhavan 39,367,380,1,748,50.8
North 24 Parganas,117,N24P-117,40,Health Sub-Centre 40,289,258,0,547,47.17
North 24 Parganas,117,N24P-117,41,Anganwadi Centre 41,257,266,1,524,50.76
North 24 Parganas,117,N24P-117,42,Market Building 42,316,293,0,609,48.11
North 24 Parganas,117,N24P-117,43,Anganwadi Centre 43,373,386,1,760,50.79
North 24 Parganas,117,N24P-117,44,Health Sub-Centre 44,363,372,0,735,50.61
North 24 Parganas,117,N24P-117,45,Madrasa 45,362,357,0,719,49.65
North 24 Parganas,117,N24P-117,46,Community Hall 46,298,297,1,596,49.83
North 24 Parganas,117,N24P-117,47,High School 47,252,237,1,490,48.37
North 24 Parganas,117,N24P-117,48,Temple Hall 48,406,368,1,775,47.48
North 24 Parganas,117,N24P-117,49,Market Building 49,400,387,1,788,49.11
North 24 Parganas,117,N24P-117,50,Community Hall 50,269,272,1,542,50.18
North 24 Parganas,117,N24P-117,51,Govt Office 51,290,275,1,566,48.59
North 24 Parganas,117,N24P-117,52,Primary School 52,273,278,1,552,50.36
North 24 Parganas,117,N24P-117,53,Govt Office 53,325,306,0,631,48.49
North 24 Parganas,117,N24P-117,54,Market Building 54,377,371,0,748,49.6
North 24 Parganas,117,N24P-117,55,Primary School 55,377,338,0,715,47.27
North 24 Parganas,117,N24P-117,56,Panchayat Bhavan 56,308,291,1,600,48.5
North 24 Parganas,117,N24P-117,57,Primary School 57,266,258,0,524,49.24
North 24 Parganas,117,N24P-117,58,Community Hall 58,256,239,0,495,48.28
North 24 Parganas,117,N24P-117,59,Govt Office 59,361,324,0,685,47.3
North 24 Parganas,117,N24P-117,60,Market Building 60,382,374,1,757,49.41
North 24 Parganas,117,N24P-117,61,Govt Office 61,413,401,1,815,49.2
North 24 Parganas,117,N24P-117,62,High School 62,342,342,0,684,50.0
North 24 Parganas,117,N24P-117,63,Primary School 63,419,394,0,813,48.46
North 24 Parganas,117,N24P-117,64,Primary School 64,390,372,1,763,48.75
North 24 Parganas,117,N24P-117,65,Temple Hall 65,305,312,0,617,50.57
North 24 Parganas,117,N24P-117,66,Anganwadi Centre 66,399,376,1,776,48.45
North 24 Parganas,117,N24P-117,67,Community Hall 67,240,248,1,489,50.72
North 24 Parganas,117,N24P-117,68,Community Hall 68,250,252,1,503,50.1
North 24 Parganas,117,N24P-117,69,Panchayat Bhavan 69,279,277,0,556,49.82
North 24 Parganas,117,N24P-117,70,Health Sub-Centre 70,336,327,1,664,49.25
North 24 Parganas,117,N24P-117,71,Anganwadi Centre 71,364,372,1,737,50.47
North 24 Parganas,117,N24P-117,72,Community Hall 72,429,389,1,819,47.5
North 24 Parganas,117,N24P-117,73,High School 73,374,370,1,745,49.66
North 24 Parganas,117,N24P-117,74,Community Hall 74,299,270,0,569,47.45
North 24 Parganas,117,N24P-117,75,Anganwadi Centre 75,396,374,1,771,48.51
North 24 Parganas,117,N24P-117,76,Primary School 76,420,388,1,809,47.96
North 24 Parganas,117,N24P-117,77,Panchayat Bhavan 77,355,325,0,680,47.79
North 24 Parganas,117,N24P-117,78,Temple Hall 78,339,311,1,651,47.77
North 24 Parganas,117,N24P-117,79,Panchayat Bhavan 79,302,285,0,587,48.55
North 24 Parganas,117,N24P-117,80,Primary School 80,371,373,1,745,50.07
North 24 Parganas,117,N24P-117,81,Govt Office 81,328,315,1,644,48.91
North 24 Parganas,117,N24P-117,82,Temple Hall 82,405,391,1,797,49.06
North 24 Parganas,117,N24P-117,83,Primary School 83,331,339,1,671,50.52
North 24 Parganas,117,N24P-117,84,Club Building 84,256,249,1,506,49.21
North 24 Parganas,117,N24P-117,85,Health Sub-Centre 85,279,260,1,540,48.15
North 24 Parganas,117,N24P-117,86,Club Building 86,297,307,1,605,50.74
North 24 Parganas,117,N24P-117,87,Health Sub-Centre 87,262,239,1,502,47.61
North 24 Parganas,117,N24P-117,88,Post Office 88,331,321,1,653,49.16
North 24 Parganas,117,N24P-117,89,Panchayat Bhavan 89,358,346,1,705,49.08
North 24 Parganas,117,N24P-117,90,Madrasa 90,283,266,1,550,48.36
North 24 Parganas,117,N24P-117,91,Panchayat Bhavan 91,298,292,0,590,49.49
North 24 Parganas,117,N24P-117,92,Anganwadi Centre 92,415,393,0,808,48.64
North 24 Parganas,117,N24P-117,93,Club Building 93,392,380,0,772,49.22
North 24 Parganas,117,N24P-117,94,High School 94,254,236,1,491,48.07
North 24 Parganas,117,N24P-117,95,Market Building 95,412,390,1,803,48.57
North 24 Parganas,117,N24P-117,96,Club Building 96,308,318,0,626,50.8
North 24 Parganas,117,N24P-117,97,Market Building 97,392,361,0,753,47.94
North 24 Parganas,117,N24P-117,98,High School 98,301,289,1,591,48.9
North 24 Parganas,117,N24P-117,99,Post Office 99,390,371,0,761,48.75
North 24 Parganas,117,N24P-117,100,Temple Hall 100,308,317,0,625,50.72
North 24 Parganas,117,N24P-117,101,Madrasa 101,291,263,1,555,47.39
North 24 Parganas,117,N24P-117,102,Club Building 102,326,307,1,634,48.42
North 24 Parganas,117,N24P-117,103,Temple Hall 103,352,326,1,679,48.01
North 24 Parganas,117,N24P-117,104,Panchayat Bhavan 104,302,285,0,587,48.55
North 24 Parganas,117,N24P-117,105,Govt Office 105,416,380,0,796,47.74
North 24 Parganas,117,N24P-117,106,Govt Office 106,291,295,1,587,50.26
North 24 Parganas,117,N24P-117,107,Anganwadi Centre 107,277,251,1,529,47.45
North 24 Parganas,117,N24P-117,108,Primary School 108,392,380,0,772,49.22
North 24 Parganas,117,N24P-117,109,Anganwadi Centre 109,319,314,1,634,49.53
North 24 Parganas,117,N24P-117,110,High School 110,301,289,0,590,48.98
North 24 Parganas,117,N24P-117,111,Post Office 111,295,273,1,569,47.98
North 24 Parganas,117,N24P-117,112,Temple Hall 112,385,386,0,771,50.06
North 24 Parganas,117,N24P-117,113,Anganwadi Centre 113,369,363,1,733,49.52
North 24 Parganas,117,N24P-117,114,Anganwadi Centre 114,254,229,0,483,47.41
North 24 Parganas,117,N24P-117,115,Primary School 115,417,380,0,797,47.68
North 24 Parganas,117,N24P-117,116,Primary School 116,266,247,1,514,48.05
North 24 Parganas,117,N24P-117,117,Community Hall 117,322,303,1,626,48.4
North 24 Parganas,117,N24P-117,118,Primary School 118,243,239,1,483,49.48
North 24 Parganas,117,N24P-117,119,High School 119,362,359,0,721,49.79
North 24 Parganas,117,N24P-117,120,Panchayat Bhavan 120,301,294,0,595,49.41
North 24 Parganas,117,N24P-117,121,Anganwadi Centre 121,349,340,1,690,49.28
North 24 Parganas,117,N24P-117,122,Club Building 122,306,296,0,602,49.17
North 24 Parganas,117,N24P-117,123,Health Sub-Centre 123,399,368,0,767,47.98
North 24 Parganas,117,N24P-117,124,Panchayat Bhavan 124,245,242,0,487,49.69
North 24 Parganas,117,N24P-117,125,Club Building 125,400,367,0,767,47.85
North 24 Parganas,117,N24P-117,126,Temple Hall 126,357,356,0,713,49.93
North 24 Parganas,117,N24P-117,127,Community Hall 127,361,326,0,687,47.45
North 24 Parganas,117,N24P-117,128,Anganwadi Centre 128,370,365,0,735,49.66
North 24 Parganas,117,N24P-117,129,High School 129,310,316,1,627,50.4
North 24 Parganas,117,N24P-117,130,Market Building 130,327,316,0,643,49.14
North 24 Parganas,117,N24P-117,131,Market Building 131,272,245,1,518,47.3
North 24 Parganas,117,N24P-117,132,Govt Office 132,278,279,0,557,50.09
North 24 Parganas,117,N24P-117,133,Temple Hall 133,314,285,1,600,47.5
North 24 Parganas,117,N24P-117,134,Temple Hall 134,373,364,1,738,49.32
North 24 Parganas,117,N24P-117,135,Market Building 135,368,379,0,747,50.74
North 24 Parganas,117,N24P-117,136,Primary School 136,424,388,0,812,47.78
North 24 Parganas,117,N24P-117,137,Primary School 137,388,378,0,766,49.35
North 24 Parganas,117,N24P-117,138,Temple Hall 138,379,347,0,726,47.8
North 24 Parganas,117,N24P-117,139,Community Hall 139,277,274,1,552,49.64
North 24 Parganas,117,N24P-117,140,High School 140,359,346,0,705,49.08
North 24 Parganas,117,N24P-117,141,Community Hall 141,395,403,1,799,50.44
North 24 Parganas,117,N24P-117,142,Community Hall 142,287,256,0,543,47.15
North 24 Parganas,117,N24P-117,143,Panchayat Bhavan 143,319,297,1,617,48.14
North 24 Parganas,117,N24P-117,144,Anganwadi Centre 144,376,351,1,728,48.21
North 24 Parganas,117,N24P-117,145,Health Sub-Centre 145,331,301,1,633,47.55
North 24 Parganas,117,N24P-117,146,Temple Hall 146,329,319,1,649,49.15
North 24 Parganas,117,N24P-117,147,Anganwadi Centre 147,387,348,0,735,47.35
North 24 Parganas,117,N24P-117,148,High School 148,278,268,0,546,49.08
North 24 Parganas,117,N24P-117,149,Post Office 149,256,251,1,508,49.41
North 24 Parganas,117,N24P-117,150,Primary School 150,261,254,0,515,49.32
North 24 Parganas,117,N24P-117,151,Anganwadi Centre 151,317,311,1,629,49.44
North 24 Parganas,117,N24P-117,152,Community Hall 152,281,288,0,569,50.62
North 24 Parganas,117,N24P-117,153,Community Hall 153,277,249,0,526,47.34
North 24 Parganas,117,N24P-117,154,Anganwadi Centre 154,284,268,1,553,48.46
North 24 Parganas,117,N24P-117,155,Club Building 155,354,325,0,679,47.86
North 24 Parganas,117,N24P-117,156,Community Hall 156,286,273,1,560,48.75
North 24 Parganas,117,N24P-117,157,Post Office 157,252,260,1,513,50.68
North 24 Parganas,117,N24P-117,158,High School 158,348,352,1,701,50.21
North 24 Parganas,117,N24P-117,159,Temple Hall 159,355,364,1,720,50.56
North 24 Parganas,117,N24P-117,160,Govt Office 160,291,283,1,575,49.22
North 24 Parganas,117,N24P-117,161,Madrasa 161,252,237,1,490,48.37
North 24 Parganas,117,N24P-117,162,High School 162,384,375,0,759,49.41
North 24 Parganas,117,N24P-117,163,Health Sub-Centre 163,335,303,0,638,47.49
North 24 Parganas,117,N24P-117,164,Panchayat Bhavan 164,287,269,0,556,48.38
North 24 Parganas,117,N24P-117,165,High School 165,259,245,0,504,48.61
North 24 Parganas,117,N24P-117,166,Madrasa 166,372,353,0,725,48.69
North 24 Parganas,117,N24P-117,167,Health Sub-Centre 167,279,261,0,540,48.33
North 24 Parganas,117,N24P-117,168,Community Hall 168,392,351,0,743,47.24
North 24 Parganas,117,N24P-117,169,Madrasa 169,392,399,0,791,50.44
North 24 Parganas,117,N24P-117,170,Madrasa 170,318,302,0,620,48.71
North 24 Parganas,117,N24P-117,171,Market Building 171,255,246,1,502,49.0
North 24 Parganas,117,N24P-117,172,Community Hall 172,268,256,0,524,48.85
North 24 Parganas,117,N24P-117,173,Post Office 173,270,273,1,544,50.18
North 24 Parganas,117,N24P-117,174,Health Sub-Centre 174,291,295,1,587,50.26
North 24 Parganas,117,N24P-117,175,Govt Office 175,377,380,1,758,50.13
North 24 Parganas,117,N24P-117,176,Temple Hall 176,352,325,0,677,48.01
North 24 Parganas,117,N24P-117,177,High School 177,370,376,1,747,50.33
North 24 Parganas,117,N24P-117,178,Madrasa 178,311,288,0,599,48.08
North 24 Parganas,117,N24P-117,179,Market Building 179,384,378,0,762,49.61
North 24 Parganas,117,N24P-117,180,Temple Hall 180,271,245,1,517,47.39
North 24 Parganas,117,N24P-117,181,Panchayat Bhavan 181,382,342,0,724,47.24
North 24 Parganas,117,N24P-117,182,Panchayat Bhavan 182,304,285,0,589,48.39
North 24 Parganas,117,N24P-117,183,Club Building 183,324,325,0,649,50.08
North 24 Parganas,117,N24P-117,184,Temple Hall 184,291,278,0,569,48.86
North 24 Parganas,117,N24P-117,185,Health Sub-Centre 185,342,327,0,669,48.88
North 24 Parganas,117,N24P-117,186,Primary School 186,390,360,1,751,47.94
North 24 Parganas,118,N24P-118,1,Panchayat Bhavan 1,271,257,1,529,48.58
North 24 Parganas,118,N24P-118,2,Temple Hall 2,326,328,0,654,50.15
North 24 Parganas,118,N24P-118,3,Temple Hall 3,322,313,0,635,49.29
North 24 Parganas,118,N24P-118,4,Community Hall 4,408,403,0,811,49.69
North 24 Parganas,118,N24P-118,5,Temple Hall 5,330,326,1,657,49.62
North 24 Parganas,118,N24P-118,6,Temple Hall 6,315,310,1,626,49.52
North 24 Parganas,118,N24P-118,7,Primary School 7,312,287,0,599,47.91
North 24 Parganas,118,N24P-118,8,Primary School 8,309,310,0,619,50.08
North 24 Parganas,118,N24P-118,9,Health Sub-Centre 9,407,412,1,820,50.24
North 24 Parganas,118,N24P-118,10,Market Building 10,265,255,1,521,48.94
North 24 Parganas,118,N24P-118,11,Madrasa 11,365,377,0,742,50.81
North 24 Parganas,118,N24P-118,12,Govt Office 12,238,242,1,481,50.31
North 24 Parganas,118,N24P-118,13,Temple Hall 13,412,376,0,788,47.72
North 24 Parganas,118,N24P-118,14,Anganwadi Centre 14,391,393,1,785,50.06
North 24 Parganas,118,N24P-118,15,Panchayat Bhavan 15,252,259,1,512,50.59
North 24 Parganas,118,N24P-118,16,Panchayat Bhavan 16,349,357,0,706,50.57
North 24 Parganas,118,N24P-118,17,Temple Hall 17,268,246,0,514,47.86
North 24 Parganas,118,N24P-118,18,Madrasa 18,385,365,1,751,48.6
North 24 Parganas,118,N24P-118,19,Market Building 19,342,343,1,686,50.0
North 24 Parganas,118,N24P-118,20,Primary School 20,254,256,0,510,50.2
North 24 Parganas,118,N24P-118,21,Panchayat Bhavan 21,409,396,1,806,49.13
North 24 Parganas,118,N24P-118,22,Market Building 22,380,377,1,758,49.74
North 24 Parganas,118,N24P-118,23,Post Office 23,385,390,0,775,50.32
North 24 Parganas,118,N24P-118,24,Govt Office 24,404,380,0,784,48.47
North 24 Parganas,118,N24P-118,25,Health Sub-Centre 25,320,303,0,623,48.64
North 24 Parganas,118,N24P-118,26,Community Hall 26,290,286,0,576,49.65
North 24 Parganas,118,N24P-118,27,Primary School 27,368,334,0,702,47.58
North 24 Parganas,118,N24P-118,28,Temple Hall 28,270,268,0,538,49.81
North 24 Parganas,118,N24P-118,29,Community Hall 29,361,351,0,712,49.3
North 24 Parganas,118,N24P-118,30,High School 30,257,231,1,489,47.24
North 24 Parganas,118,N24P-118,31,High School 31,417,396,0,813,48.71
North 24 Parganas,118,N24P-118,32,High School 32,251,244,0,495,49.29
North 24 Parganas,118,N24P-118,33,Anganwadi Centre 33,351,353,1,705,50.07
North 24 Parganas,118,N24P-118,34,High School 34,394,375,0,769,48.76
North 24 Parganas,118,N24P-118,35,Anganwadi Centre 35,344,324,0,668,48.5
North 24 Parganas,118,N24P-118,36,Panchayat Bhavan 36,355,361,1,717,50.35
North 24 Parganas,118,N24P-118,37,Govt Office 37,270,261,1,532,49.06
North 24 Parganas,118,N24P-118,38,Market Building 38,390,369,0,759,48.62
North 24 Parganas,118,N24P-118,39,Market Building 39,291,270,0,561,48.13
North 24 Parganas,118,N24P-118,40,Anganwadi Centre 40,265,238,1,504,47.22
North 24 Parganas,118,N24P-118,41,Health Sub-Centre 41,295,285,1,581,49.05
North 24 Parganas,118,N24P-118,42,Primary School 42,265,256,1,522,49.04
North 24 Parganas,118,N24P-118,43,Health Sub-Centre 43,425,382,0,807,47.34
North 24 Parganas,118,N24P-118,44,Primary School 44,355,366,1,722,50.69
North 24 Parganas,118,N24P-118,45,Market Building 45,380,370,1,751,49.27
North 24 Parganas,118,N24P-118,46,Govt Office 46,358,370,1,729,50.75
North 24 Parganas,118,N24P-118,47,Temple Hall 47,308,289,0,597,48.41
North 24 Parganas,118,N24P-118,48,Govt Office 48,279,281,1,561,50.09
North 24 Parganas,118,N24P-118,49,Health Sub-Centre 49,271,265,0,536,49.44
North 24 Parganas,118,N24P-118,50,Temple Hall 50,382,358,1,741,48.31
North 24 Parganas,118,N24P-118,51,Community Hall 51,295,303,1,599,50.58
North 24 Parganas,118,N24P-118,52,Post Office 52,374,357,0,731,48.84
North 24 Parganas,118,N24P-118,53,Anganwadi Centre 53,409,400,0,809,49.44
North 24 Parganas,118,N24P-118,54,High School 54,293,263,1,557,47.22
North 24 Parganas,118,N24P-118,55,Primary School 55,333,333,1,667,49.93
North 24 Parganas,118,N24P-118,56,Temple Hall 56,303,305,0,608,50.16
North 24 Parganas,118,N24P-118,57,Community Hall 57,316,282,0,598,47.16
North 24 Parganas,118,N24P-118,58,Madrasa 58,414,385,0,799,48.19
North 24 Parganas,118,N24P-118,59,Temple Hall 59,391,379,0,770,49.22
North 24 Parganas,118,N24P-118,60,Community Hall 60,345,333,1,679,49.04
North 24 Parganas,118,N24P-118,61,Panchayat Bhavan 61,306,285,1,592,48.14
North 24 Parganas,118,N24P-118,62,Govt Office 62,265,272,0,537,50.65
North 24 Parganas,118,N24P-118,63,Primary School 63,417,374,0,791,47.28
North 24 Parganas,118,N24P-118,64,Panchayat Bhavan 64,398,361,0,759,47.56
North 24 Parganas,118,N24P-118,65,Market Building 65,415,375,0,790,47.47
North 24 Parganas,118,N24P-118,66,Madrasa 66,333,299,1,633,47.24
North 24 Parganas,118,N24P-118,67,Govt Office 67,394,377,1,772,48.83
North 24 Parganas,118,N24P-118,68,Community Hall 68,257,259,0,516,50.19
North 24 Parganas,118,N24P-118,69,Panchayat Bhavan 69,381,357,1,739,48.31
North 24 Parganas,118,N24P-118,70,Community Hall 70,262,247,1,510,48.43
North 24 Parganas,118,N24P-118,71,Madrasa 71,397,406,1,804,50.5
North 24 Parganas,118,N24P-118,72,Panchayat Bhavan 72,245,245,0,490,50.0
North 24 Parganas,118,N24P-118,73,Club Building 73,399,364,0,763,47.71
North 24 Parganas,118,N24P-118,74,Market Building 74,270,250,1,521,47.98
North 24 Parganas,118,N24P-118,75,Market Building 75,264,258,1,523,49.33
North 24 Parganas,118,N24P-118,76,Post Office 76,378,365,0,743,49.13
North 24 Parganas,118,N24P-118,77,Post Office 77,297,298,0,595,50.08
North 24 Parganas,118,N24P-118,78,Madrasa 78,280,262,0,542,48.34
North 24 Parganas,118,N24P-118,79,Club Building 79,338,316,1,655,48.24
North 24 Parganas,118,N24P-118,80,Market Building 80,372,374,0,746,50.13
North 24 Parganas,118,N24P-118,81,Panchayat Bhavan 81,388,370,0,758,48.81
North 24 Parganas,118,N24P-118,82,Govt Office 82,294,271,0,565,47.96
North 24 Parganas,118,N24P-118,83,Anganwadi Centre 83,277,266,1,544,48.9
North 24 Parganas,118,N24P-118,84,Post Office 84,318,295,0,613,48.12
North 24 Parganas,118,N24P-118,85,Madrasa 85,330,298,1,629,47.38
North 24 Parganas,118,N24P-118,86,Community Hall 86,333,322,0,655,49.16
North 24 Parganas,118,N24P-118,87,Govt Office 87,339,328,0,667,49.18
North 24 Parganas,118,N24P-118,88,High School 88,301,299,0,600,49.83
North 24 Parganas,118,N24P-118,89,Market Building 89,251,242,1,494,48.99
North 24 Parganas,118,N24P-118,90,Madrasa 90,313,310,0,623,49.76
North 24 Parganas,118,N24P-118,91,Post Office 91,273,254,0,527,48.2
North 24 Parganas,118,N24P-118,92,Anganwadi Centre 92,303,291,1,595,48.91
North 24 Parganas,118,N24P-118,93,Market Building 93,254,248,1,503,49.3
North 24 Parganas,118,N24P-118,94,Health Sub-Centre 94,318,305,0,623,48.96
North 24 Parganas,118,N24P-118,95,Temple Hall 95,404,404,0,808,50.0
North 24 Parganas,118,N24P-118,96,Community Hall 96,290,293,0,583,50.26
North 24 Parganas,118,N24P-118,97,Temple Hall 97,256,243,0,499,48.7
North 24 Parganas,118,N24P-118,98,Panchayat Bhavan 98,308,317,0,625,50.72
North 24 Parganas,118,N24P-118,99,Panchayat Bhavan 99,303,286,1,590,48.47
North 24 Parganas,118,N24P-118,100,Madrasa 100,310,296,0,606,48.84
North 24 Parganas,118,N24P-118,101,Panchayat Bhavan 101,331,312,1,644,48.45
North 24 Parganas,118,N24P-118,102,Community Hall 102,317,311,0,628,49.52
North 24 Parganas,118,N24P-118,103,Post Office 103,267,270,1,538,50.19
North 24 Parganas,118,N24P-118,104,Temple Hall 104,359,353,0,712,49.58
North 24 Parganas,118,N24P-118,105,Govt Office 105,351,359,0,710,50.56
North 24 Parganas,118,N24P-118,106,Anganwadi Centre 106,413,405,0,818,49.51
North 24 Parganas,118,N24P-118,107,Health Sub-Centre 107,359,340,0,699,48.64
North 24 Parganas,118,N24P-118,108,Market Building 108,414,390,0,804,48.51
North 24 Parganas,118,N24P-118,109,Health Sub-Centre 109,321,291,0,612,47.55
North 24 Parganas,118,N24P-118,110,Community Hall 110,285,286,1,572,50.0
North 24 Parganas,118,N24P-118,111,Madrasa 111,323,318,1,642,49.53
North 24 Parganas,118,N24P-118,112,Madrasa 112,356,334,0,690,48.41
North 24 Parganas,118,N24P-118,113,Panchayat Bhavan 113,250,239,0,489,48.88
North 24 Parganas,118,N24P-118,114,Club Building 114,360,363,0,723,50.21
North 24 Parganas,118,N24P-118,115,Madrasa 115,312,315,0,627,50.24
North 24 Parganas,118,N24P-118,116,High School 116,305,293,0,598,49.0
North 24 Parganas,118,N24P-118,117,Post Office 117,323,306,0,629,48.65
North 24 Parganas,118,N24P-118,118,Anganwadi Centre 118,257,253,0,510,49.61
North 24 Parganas,118,N24P-118,119,Community Hall 119,330,318,0,648,49.07
North 24 Parganas,118,N24P-118,120,Panchayat Bhavan 120,283,283,1,567,49.91
North 24 Parganas,118,N24P-118,121,Govt Office 121,289,267,0,556,48.02
North 24 Parganas,118,N24P-118,122,Post Office 122,352,333,1,686,48.54
North 24 Parganas,118,N24P-118,123,Anganwadi Centre 123,318,305,1,624,48.88
North 24 Parganas,118,N24P-118,124,Panchayat Bhavan 124,298,283,1,582,48.63
North 24 Parganas,118,N24P-118,125,Club Building 125,319,327,0,646,50.62
North 24 Parganas,118,N24P-118,126,Primary School 126,248,239,1,488,48.98
North 24 Parganas,118,N24P-118,127,Community Hall 127,279,285,1,565,50.44
North 24 Parganas,118,N24P-118,128,Community Hall 128,243,238,0,481,49.48
North 24 Parganas,118,N24P-118,129,Community Hall 129,398,394,1,793,49.68
North 24 Parganas,118,N24P-118,130,Madrasa 130,361,362,0,723,50.07
North 24 Parganas,118,N24P-118,131,Club Building 131,298,293,1,592,49.49
North 24 Parganas,118,N24P-118,132,Community Hall 132,280,282,1,563,50.09
North 24 Parganas,118,N24P-118,133,Govt Office 133,278,277,1,556,49.82
North 24 Parganas,118,N24P-118,134,Health Sub-Centre 134,354,337,0,691,48.77
North 24 Parganas,118,N24P-118,135,Club Building 135,382,373,0,755,49.4
North 24 Parganas,118,N24P-118,136,Club Building 136,381,343,0,724,47.38
North 24 Parganas,118,N24P-118,137,Club Building 137,259,253,1,513,49.32
North 24 Parganas,118,N24P-118,138,High School 138,366,338,0,704,48.01
North 24 Parganas,118,N24P-118,139,Madrasa 139,413,395,1,809,48.83
North 24 Parganas,118,N24P-118,140,Community Hall 140,405,376,0,781,48.14
North 24 Parganas,118,N24P-118,141,Primary School 141,314,301,0,615,48.94
North 24 Parganas,118,N24P-118,142,Post Office 142,321,302,0,623,48.48
North 24 Parganas,118,N24P-118,143,Anganwadi Centre 143,343,334,1,678,49.26
North 24 Parganas,118,N24P-118,144,Post Office 144,267,264,0,531,49.72
North 24 Parganas,118,N24P-118,145,Panchayat Bhavan 145,356,327,1,684,47.81
North 24 Parganas,118,N24P-118,146,Club Building 146,397,377,0,774,48.71
North 24 Parganas,118,N24P-118,147,Anganwadi Centre 147,311,281,1,593,47.39
North 24 Parganas,118,N24P-118,148,Panchayat Bhavan 148,371,380,0,751,50.6
North 24 Parganas,118,N24P-118,149,Post Office 149,298,292,0,590,49.49
North 24 Parganas,118,N24P-118,150,Market Building 150,376,360,0,736,48.91
North 24 Parganas,118,N24P-118,151,Panchayat Bhavan 151,411,389,1,801,48.56
North 24 Parganas,118,N24P-118,152,Health Sub-Centre 152,416,382,0,798,47.87
North 24 Parganas,118,N24P-118,153,Temple Hall 153,362,350,0,712,49.16
North 24 Parganas,118,N24P-118,154,Post Office 154,352,323,1,676,47.78
North 24 Parganas,118,N24P-118,155,Primary School 155,306,286,0,592,48.31
North 24 Parganas,118,N24P-118,156,Panchayat Bhavan 156,327,332,1,660,50.3
North 24 Parganas,118,N24P-118,157,Health Sub-Centre 157,326,306,1,633,48.34
North 24 Parganas,118,N24P-118,158,Primary School 158,327,328,0,655,50.08
North 24 Parganas,118,N24P-118,159,Post Office 159,411,385,1,797,48.31
North 24 Parganas,118,N24P-118,160,Anganwadi Centre 160,410,410,0,820,50.0
North 24 Parganas,118,N24P-118,161,Market Building 161,297,301,1,599,50.25
North 24 Parganas,118,N24P-118,162,Govt Office 162,271,258,1,530,48.68
North 24 Parganas,118,N24P-118,163,Anganwadi Centre 163,390,401,1,792,50.63
North 24 Parganas,118,N24P-118,164,Panchayat Bhavan 164,277,269,1,547,49.18
North 24 Parganas,118,N24P-118,165,Temple Hall 165,404,406,1,811,50.06
North 24 Parganas,118,N24P-118,166,Panchayat Bhavan 166,373,356,1,730,48.77
North 24 Parganas,118,N24P-118,167,Madrasa 167,411,388,0,799,48.56
North 24 Parganas,118,N24P-118,168,Primary School 168,277,267,1,545,48.99
North 24 Parganas,118,N24P-118,169,Madrasa 169,243,245,1,489,50.1
North 24 Parganas,118,N24P-118,170,Market Building 170,352,316,0,668,47.31
North 24 Parganas,118,N24P-118,171,Health Sub-Centre 171,397,369,0,766,48.17
North 24 Parganas,118,N24P-118,172,High School 172,299,299,0,598,50.0
North 24 Parganas,118,N24P-118,173,Health Sub-Centre 173,262,251,0,513,48.93
North 24 Parganas,118,N24P-118,174,Anganwadi Centre 174,423,386,1,810,47.65
North 24 Parganas,118,N24P-118,175,Market Building 175,238,247,1,486,50.82
North 24 Parganas,118,N24P-118,176,High School 176,391,385,1,777,49.55
North 24 Parganas,118,N24P-118,177,Temple Hall 177,387,356,1,744,47.85
North 24 Parganas,118,N24P-118,178,Primary School 178,263,251,1,515,48.74
North 24 Parganas,118,N24P-118,179,Govt Office 179,288,279,0,567,49.21
North 24 Parganas,118,N24P-118,180,Govt Office 180,404,363,0,767,47.33
North 24 Parganas,118,N24P-118,181,Club Building 181,327,306,1,634,48.26
North 24 Parganas,118,N24P-118,182,Madrasa 182,256,265,1,522,50.77
North 24 Parganas,118,N24P-118,183,Health Sub-Centre 183,268,258,1,527,48.96
North 24 Parganas,118,N24P-118,184,Club Building 184,360,341,0,701,48.64
North 24 Parganas,118,N24P-118,185,Community Hall 185,326,335,0,661,50.68
North 24 Parganas,118,N24P-118,186,Panchayat Bhavan 186,300,291,0,591,49.24
North 24 Parganas,118,N24P-118,187,Primary School 187,402,369,1,772,47.8
North 24 Parganas,118,N24P-118,188,Govt Office 188,405,393,0,798,49.25
North 24 Parganas,119,N24P-119,1,Community Hall 1,412,373,1,786,47.46
North 24 Parganas,119,N24P-119,2,Post Office 2,392,381,1,774,49.22
North 24 Parganas,119,N24P-119,3,Madrasa 3,329,302,0,631,47.86
North 24 Parganas,119,N24P-119,4,Primary School 4,390,379,1,770,49.22
North 24 Parganas,119,N24P-119,5,Community Hall 5,375,337,1,713,47.27
North 24 Parganas,119,N24P-119,6,Club Building 6,376,343,0,719,47.71
North 24 Parganas,119,N24P-119,7,Temple Hall 7,306,310,1,617,50.24
North 24 Parganas,119,N24P-119,8,Post Office 8,322,324,1,647,50.08
North 24 Parganas,119,N24P-119,9,High School 9,390,393,1,784,50.13
North 24 Parganas,119,N24P-119,10,Temple Hall 10,373,363,0,736,49.32
North 24 Parganas,119,N24P-119,11,Post Office 11,359,340,0,699,48.64
North 24 Parganas,119,N24P-119,12,Temple Hall 12,297,301,0,598,50.33
North 24 Parganas,119,N24P-119,13,Post Office 13,265,238,0,503,47.32
North 24 Parganas,119,N24P-119,14,Club Building 14,393,377,1,771,48.9
North 24 Parganas,119,N24P-119,15,Primary School 15,265,238,0,503,47.32
North 24 Parganas,119,N24P-119,16,Temple Hall 16,248,244,0,492,49.59
North 24 Parganas,119,N24P-119,17,Panchayat Bhavan 17,362,338,0,700,48.29
North 24 Parganas,119,N24P-119,18,Madrasa 18,387,354,0,741,47.77
North 24 Parganas,119,N24P-119,19,Anganwadi Centre 19,335,308,0,643,47.9
North 24 Parganas,119,N24P-119,20,Madrasa 20,334,304,1,639,47.57
North 24 Parganas,119,N24P-119,21,Market Building 21,410,405,0,815,49.69
North 24 Parganas,119,N24P-119,22,Govt Office 22,419,381,0,800,47.62
North 24 Parganas,119,N24P-119,23,Anganwadi Centre 23,344,320,0,664,48.19
North 24 Parganas,119,N24P-119,24,Anganwadi Centre 24,319,290,0,609,47.62
North 24 Parganas,119,N24P-119,25,Govt Office 25,353,332,1,686,48.4
North 24 Parganas,119,N24P-119,26,Post Office 26,326,322,0,648,49.69
North 24 Parganas,119,N24P-119,27,Club Building 27,351,328,0,679,48.31
North 24 Parganas,119,N24P-119,28,Primary School 28,315,319,1,635,50.24
North 24 Parganas,119,N24P-119,29,Club Building 29,396,390,0,786,49.62
North 24 Parganas,119,N24P-119,30,Madrasa 30,282,272,1,555,49.01
North 24 Parganas,119,N24P-119,31,Temple Hall 31,382,349,0,731,47.74
North 24 Parganas,119,N24P-119,32,Primary School 32,274,256,0,530,48.3
North 24 Parganas,119,N24P-119,33,Govt Office 33,360,327,0,687,47.6
North 24 Parganas,119,N24P-119,34,Health Sub-Centre 34,377,363,1,741,48.99
North 24 Parganas,119,N24P-119,35,Primary School 35,391,383,1,775,49.42
North 24 Parganas,119,N24P-119,36,Club Building 36,397,390,0,787,49.56
North 24 Parganas,119,N24P-119,37,Health Sub-Centre 37,399,387,0,786,49.24
North 24 Parganas,119,N24P-119,38,High School 38,401,367,1,769,47.72
North 24 Parganas,119,N24P-119,39,Post Office 39,265,245,0,510,48.04
North 24 Parganas,119,N24P-119,40,Market Building 40,267,262,0,529,49.53
North 24 Parganas,119,N24P-119,41,Club Building 41,361,335,0,696,48.13
North 24 Parganas,119,N24P-119,42,Health Sub-Centre 42,372,379,1,752,50.4
North 24 Parganas,119,N24P-119,43,Panchayat Bhavan 43,326,314,0,640,49.06
North 24 Parganas,119,N24P-119,44,Post Office 44,411,374,1,786,47.58
North 24 Parganas,119,N24P-119,45,Panchayat Bhavan 45,397,398,1,796,50.0
North 24 Parganas,119,N24P-119,46,High School 46,378,378,1,757,49.93
North 24 Parganas,119,N24P-119,47,Panchayat Bhavan 47,371,367,1,739,49.66
North 24 Parganas,119,N24P-119,48,Market Building 48,299,308,1,608,50.66
North 24 Parganas,119,N24P-119,49,Temple Hall 49,263,243,1,507,47.93
North 24 Parganas,119,N24P-119,50,Primary School 50,381,351,0,732,47.95
North 24 Parganas,119,N24P-119,51,Market Building 51,301,307,1,609,50.41
North 24 Parganas,119,N24P-119,52,Temple Hall 52,301,277,1,579,47.84
North 24 Parganas,119,N24P-119,53,Market Building 53,399,410,1,810,50.62
North 24 Parganas,119,N24P-119,54,Community Hall 54,332,302,0,634,47.63
North 24 Parganas,119,N24P-119,55,Primary School 55,271,277,0,548,50.55
North 24 Parganas,119,N24P-119,56,Madrasa 56,245,251,1,497,50.5
North 24 Parganas,119,N24P-119,57,Panchayat Bhavan 57,391,368,0,759,48.48
North 24 Parganas,119,N24P-119,58,Anganwadi Centre 58,311,301,0,612,49.18
North 24 Parganas,119,N24P-119,59,High School 59,309,288,0,597,48.24
North 24 Parganas,119,N24P-119,60,Market Building 60,253,258,1,512,50.39
North 24 Parganas,119,N24P-119,61,Post Office 61,320,303,1,624,48.56
North 24 Parganas,119,N24P-119,62,High School 62,308,283,1,592,47.8
North 24 Parganas,119,N24P-119,63,Club Building 63,415,385,1,801,48.06
North 24 Parganas,119,N24P-119,64,High School 64,263,252,0,515,48.93
North 24 Parganas,119,N24P-119,65,High School 65,295,275,0,570,48.25
North 24 Parganas,119,N24P-119,66,Community Hall 66,397,380,0,777,48.91
North 24 Parganas,119,N24P-119,67,High School 67,359,362,1,722,50.14
North 24 Parganas,119,N24P-119,68,Madrasa 68,371,345,0,716,48.18
North 24 Parganas,119,N24P-119,69,Primary School 69,404,401,0,805,49.81
North 24 Parganas,119,N24P-119,70,High School 70,321,328,1,650,50.46
North 24 Parganas,119,N24P-119,71,Community Hall 71,370,339,0,709,47.81
North 24 Parganas,119,N24P-119,72,Madrasa 72,260,247,1,508,48.62
North 24 Parganas,119,N24P-119,73,Club Building 73,322,292,0,614,47.56
North 24 Parganas,119,N24P-119,74,Market Building 74,291,288,0,579,49.74
North 24 Parganas,119,N24P-119,75,Primary School 75,264,267,1,532,50.19
North 24 Parganas,119,N24P-119,76,Govt Office 76,376,386,0,762,50.66
North 24 Parganas,119,N24P-119,77,Anganwadi Centre 77,405,389,0,794,48.99
North 24 Parganas,119,N24P-119,78,Panchayat Bhavan 78,291,266,0,557,47.76
North 24 Parganas,119,N24P-119,79,Temple Hall 79,377,339,1,717,47.28
North 24 Parganas,119,N24P-119,80,Primary School 80,260,240,1,501,47.9
North 24 Parganas,119,N24P-119,81,Panchayat Bhavan 81,382,351,1,734,47.82
North 24 Parganas,119,N24P-119,82,Panchayat Bhavan 82,254,242,1,497,48.69
North 24 Parganas,119,N24P-119,83,Anganwadi Centre 83,320,300,0,620,48.39
North 24 Parganas,119,N24P-119,84,Market Building 84,332,336,1,669,50.22
North 24 Parganas,119,N24P-119,85,Madrasa 85,281,272,1,554,49.1
North 24 Parganas,119,N24P-119,86,High School 86,389,368,0,757,48.61
North 24 Parganas,119,N24P-119,87,Market Building 87,334,340,0,674,50.45
North 24 Parganas,119,N24P-119,88,Panchayat Bhavan 88,285,273,1,559,48.84
North 24 Parganas,119,N24P-119,89,Club Building 89,320,310,1,631,49.13
North 24 Parganas,119,N24P-119,90,Govt Office 90,334,331,0,665,49.77
North 24 Parganas,119,N24P-119,91,Anganwadi Centre 91,373,377,1,751,50.2
North 24 Parganas,119,N24P-119,92,High School 92,325,333,0,658,50.61
North 24 Parganas,119,N24P-119,93,Panchayat Bhavan 93,280,252,1,533,47.28
North 24 Parganas,119,N24P-119,94,Madrasa 94,267,253,0,520,48.65
North 24 Parganas,119,N24P-119,95,Temple Hall 95,336,338,1,675,50.07
North 24 Parganas,119,N24P-119,96,High School 96,383,379,1,763,49.67
North 24 Parganas,119,N24P-119,97,Govt Office 97,305,283,0,588,48.13
North 24 Parganas,119,N24P-119,98,Primary School 98,413,378,0,791,47.79
North 24 Parganas,119,N24P-119,99,Health Sub-Centre 99,323,295,0,618,47.73
North 24 Parganas,119,N24P-119,100,Community Hall 100,404,398,0,802,49.63
North 24 Parganas,119,N24P-119,101,Temple Hall 101,358,351,1,710,49.44
North 24 Parganas,119,N24P-119,102,Primary School 102,342,320,1,663,48.27
North 24 Parganas,119,N24P-119,103,Health Sub-Centre 103,379,356,1,736,48.37
North 24 Parganas,119,N24P-119,104,Club Building 104,370,375,0,745,50.34
North 24 Parganas,119,N24P-119,105,Anganwadi Centre 105,407,366,0,773,47.35
North 24 Parganas,119,N24P-119,106,Anganwadi Centre 106,387,372,1,760,48.95
North 24 Parganas,119,N24P-119,107,Community Hall 107,401,405,1,807,50.19
North 24 Parganas,119,N24P-119,108,Club Building 108,247,233,0,480,48.54
North 24 Parganas,119,N24P-119,109,Anganwadi Centre 109,389,387,0,776,49.87
North 24 Parganas,119,N24P-119,110,Primary School 110,413,391,1,805,48.57
North 24 Parganas,119,N24P-119,111,High School 111,330,326,0,656,49.7
North 24 Parganas,119,N24P-119,112,Govt Office 112,391,378,0,769,49.15
North 24 Parganas,119,N24P-119,113,Post Office 113,239,240,1,480,50.0
North 24 Parganas,119,N24P-119,114,Madrasa 114,383,352,0,735,47.89
North 24 Parganas,119,N24P-119,115,Panchayat Bhavan 115,315,282,0,597,47.24
North 24 Parganas,119,N24P-119,116,Post Office 116,287,295,1,583,50.6
North 24 Parganas,119,N24P-119,117,Anganwadi Centre 117,262,248,1,511,48.53
North 24 Parganas,119,N24P-119,118,High School 118,282,266,1,549,48.45
North 24 Parganas,119,N24P-119,119,Anganwadi Centre 119,272,280,1,553,50.63
North 24 Parganas,119,N24P-119,120,Govt Office 120,421,382,0,803,47.57
North 24 Parganas,119,N24P-119,121,Govt Office 121,349,322,0,671,47.99
North 24 Parganas,119,N24P-119,122,Market Building 122,337,325,1,663,49.02
North 24 Parganas,119,N24P-119,123,Club Building 123,252,236,0,488,48.36
North 24 Parganas,119,N24P-119,124,Govt Office 124,290,278,0,568,48.94
North 24 Parganas,119,N24P-119,125,High School 125,277,252,0,529,47.64
North 24 Parganas,119,N24P-119,126,Community Hall 126,333,312,1,646,48.3
North 24 Parganas,119,N24P-119,127,Primary School 127,400,410,1,811,50.55
North 24 Parganas,119,N24P-119,128,Temple Hall 128,278,275,1,554,49.64
North 24 Parganas,119,N24P-119,129,Club Building 129,273,244,0,517,47.2
North 24 Parganas,119,N24P-119,130,Post Office 130,395,358,0,753,47.54
North 24 Parganas,119,N24P-119,131,Post Office 131,275,256,1,532,48.12
North 24 Parganas,119,N24P-119,132,Panchayat Bhavan 132,386,390,1,777,50.19
North 24 Parganas,119,N24P-119,133,High School 133,240,246,1,487,50.51
North 24 Parganas,119,N24P-119,134,Primary School 134,320,314,1,635,49.45
North 24 Parganas,119,N24P-119,135,Govt Office 135,368,339,1,708,47.88
North 24 Parganas,119,N24P-119,136,Market Building 136,263,246,0,509,48.33
North 24 Parganas,119,N24P-119,137,Primary School 137,281,289,1,571,50.61
North 24 Parganas,119,N24P-119,138,High School 138,323,302,0,625,48.32
North 24 Parganas,119,N24P-119,139,Club Building 139,294,266,1,561,47.42
North 24 Parganas,119,N24P-119,140,Market Building 140,400,407,0,807,50.43
North 24 Parganas,119,N24P-119,141,Community Hall 141,332,306,0,638,47.96
North 24 Parganas,119,N24P-119,142,High School 142,336,316,0,652,48.47
North 24 Parganas,119,N24P-119,143,Panchayat Bhavan 143,283,276,1,560,49.29
North 24 Parganas,119,N24P-119,144,Health Sub-Centre 144,257,264,1,522,50.57
North 24 Parganas,119,N24P-119,145,Madrasa 145,356,340,1,697,48.78
North 24 Parganas,119,N24P-119,146,Club Building 146,350,326,0,676,48.22
North 24 Parganas,119,N24P-119,147,Primary School 147,314,289,0,603,47.93
North 24 Parganas,119,N24P-119,148,Club Building 148,399,372,0,771,48.25
North 24 Parganas,119,N24P-119,149,High School 149,368,371,0,739,50.2
North 24 Parganas,119,N24P-119,150,Temple Hall 150,386,392,0,778,50.39
North 24 Parganas,119,N24P-119,151,High School 151,382,366,0,748,48.93
North 24 Parganas,119,N24P-119,152,Primary School 152,326,308,1,635,48.5
North 24 Parganas,119,N24P-119,153,Temple Hall 153,402,398,1,801,49.69
North 24 Parganas,119,N24P-119,154,Community Hall 154,296,300,0,596,50.34
North 24 Parganas,119,N24P-119,155,High School 155,347,332,0,679,48.9
North 24 Parganas,119,N24P-119,156,Community Hall 156,313,322,1,636,50.63
North 24 Parganas,119,N24P-119,157,Health Sub-Centre 157,289,271,0,560,48.39
North 24 Parganas,119,N24P-119,158,Govt Office 158,373,371,0,744,49.87
North 24 Parganas,119,N24P-119,159,Anganwadi Centre 159,310,304,1,615,49.43
North 24 Parganas,119,N24P-119,160,Temple Hall 160,348,352,1,701,50.21
North 24 Parganas,119,N24P-119,161,Panchayat Bhavan 161,356,352,1,709,49.65
North 24 Parganas,119,N24P-119,162,Community Hall 162,289,267,0,556,48.02
North 24 Parganas,119,N24P-119,163,Anganwadi Centre 163,393,389,0,782,49.74
North 24 Parganas,119,N24P-119,164,Panchayat Bhavan 164,285,279,0,564,49.47
North 24 Parganas,119,N24P-119,165,Club Building 165,284,266,0,550,48.36
North 24 Parganas,119,N24P-119,166,Club Building 166,262,253,1,516,49.03
North 24 Parganas,119,N24P-119,167,Post Office 167,252,238,0,490,48.57
North 24 Parganas,119,N24P-119,168,Madrasa 168,301,308,0,609,50.57
North 24 Parganas,119,N24P-119,169,Club Building 169,348,340,0,688,49.42
North 24 Parganas,119,N24P-119,170,Temple Hall 170,258,263,1,522,50.38
North 24 Parganas,119,N24P-119,171,Panchayat Bhavan 171,407,370,1,778,47.56
North 24 Parganas,119,N24P-119,172,Govt Office 172,401,400,0,801,49.94
North 24 Parganas,119,N24P-119,173,Govt Office 173,332,321,0,653,49.16
North 24 Parganas,119,N24P-119,174,High School 174,319,324,0,643,50.39
North 24 Parganas,119,N24P-119,175,Club Building 175,401,384,1,786,48.85
North 24 Parganas,119,N24P-119,176,Primary School 176,260,243,1,504,48.21
North 24 Parganas,119,N24P-119,177,Community Hall 177,330,302,0,632,47.78
North 24 Parganas,119,N24P-119,178,Madrasa 178,278,275,1,554,49.64
North 24 Parganas,119,N24P-119,179,Club Building 179,351,321,0,672,47.77
North 24 Parganas,119,N24P-119,180,Panchayat Bhavan 180,263,244,1,508,48.03
North 24 Parganas,119,N24P-119,181,Post Office 181,245,248,0,493,50.3
North 24 Parganas,119,N24P-119,182,Club Building 182,290,271,1,562,48.22
North 24 Parganas,119,N24P-119,183,Temple Hall 183,238,246,1,485,50.72
North 24 Parganas,119,N24P-119,184,Anganwadi Centre 184,311,280,0,591,47.38
North 24 Parganas,119,N24P-119,185,Post Office 185,364,362,0,726,49.86
North 24 Parganas,119,N24P-119,186,Temple Hall 186,318,306,1,625,48.96
North 24 Parganas,119,N24P-119,187,Post Office 187,393,394,1,788,50.0
North 24 Parganas,119,N24P-119,188,Community Hall 188,360,366,0,726,50.41
North 24 Parganas,119,N24P-119,189,Post Office 189,283,287,0,570,50.35
North 24 Parganas,119,N24P-119,190,Govt Office 190,383,358,0,741,48.31
North 24 Parganas,119,N24P-119,191,High School 191,380,374,1,755,49.54
North 24 Parganas,119,N24P-119,192,Club Building 192,274,274,0,548,50.0
North 24 Parganas,120,N24P-120,1,Post Office 1,290,270,1,561,48.13
North 24 Parganas,120,N24P-120,2,Market Building 2,400,390,1,791,49.3
North 24 Parganas,120,N24P-120,3,Temple Hall 3,387,350,1,738,47.43
North 24 Parganas,120,N24P-120,4,Govt Office 4,256,243,0,499,48.7
North 24 Parganas,120,N24P-120,5,Temple Hall 5,368,346,0,714,48.46
North 24 Parganas,120,N24P-120,6,Health Sub-Centre 6,251,234,0,485,48.25
North 24 Parganas,120,N24P-120,7,Govt Office 7,356,341,0,697,48.92
North 24 Parganas,120,N24P-120,8,Health Sub-Centre 8,321,323,1,645,50.08
North 24 Parganas,120,N24P-120,9,Club Building 9,314,302,0,616,49.03
North 24 Parganas,120,N24P-120,10,Club Building 10,291,270,0,561,48.13
North 24 Parganas,120,N24P-120,11,Market Building 11,325,332,0,657,50.53
North 24 Parganas,120,N24P-120,12,High School 12,377,376,1,754,49.87
North 24 Parganas,120,N24P-120,13,High School 13,301,271,1,573,47.29
North 24 Parganas,120,N24P-120,14,Temple Hall 14,330,331,0,661,50.08
North 24 Parganas,120,N24P-120,15,Post Office 15,370,356,1,727,48.97
North 24 Parganas,120,N24P-120,16,Anganwadi Centre 16,383,343,1,727,47.18
North 24 Parganas,120,N24P-120,17,Temple Hall 17,331,341,0,672,50.74
North 24 Parganas,120,N24P-120,18,Club Building 18,281,276,0,557,49.55
North 24 Parganas,120,N24P-120,19,Club Building 19,278,266,0,544,48.9
North 24 Parganas,120,N24P-120,20,Panchayat Bhavan 20,335,335,0,670,50.0
North 24 Parganas,120,N24P-120,21,Club Building 21,366,354,1,721,49.1
North 24 Parganas,120,N24P-120,22,Community Hall 22,271,278,1,550,50.55
North 24 Parganas,120,N24P-120,23,Govt Office 23,306,289,0,595,48.57
North 24 Parganas,120,N24P-120,24,Madrasa 24,384,396,1,781,50.7
North 24 Parganas,120,N24P-120,25,Panchayat Bhavan 25,378,380,1,759,50.07
North 24 Parganas,120,N24P-120,26,Govt Office 26,392,369,1,762,48.43
North 24 Parganas,120,N24P-120,27,Madrasa 27,313,315,0,628,50.16
North 24 Parganas,120,N24P-120,28,High School 28,262,237,1,500,47.4
North 24 Parganas,120,N24P-120,29,Club Building 29,245,245,1,491,49.9
North 24 Parganas,120,N24P-120,30,Anganwadi Centre 30,250,236,0,486,48.56
North 24 Parganas,120,N24P-120,31,Panchayat Bhavan 31,324,316,1,641,49.3
North 24 Parganas,120,N24P-120,32,Madrasa 32,392,384,0,776,49.48
North 24 Parganas,120,N24P-120,33,Govt Office 33,379,370,0,749,49.4
North 24 Parganas,120,N24P-120,34,Primary School 34,275,283,1,559,50.63
North 24 Parganas,120,N24P-120,35,Health Sub-Centre 35,296,269,1,566,47.53
North 24 Parganas,120,N24P-120,36,Govt Office 36,349,330,0,679,48.6
North 24 Parganas,120,N24P-120,37,Health Sub-Centre 37,382,373,0,755,49.4
North 24 Parganas,120,N24P-120,38,Madrasa 38,272,254,1,527,48.2
North 24 Parganas,120,N24P-120,39,Temple Hall 39,349,353,0,702,50.28
North 24 Parganas,120,N24P-120,40,Community Hall 40,368,357,1,726,49.17
North 24 Parganas,120,N24P-120,41,High School 41,382,379,1,762,49.74
North 24 Parganas,120,N24P-120,42,Panchayat Bhavan 42,266,249,0,515,48.35
North 24 Parganas,120,N24P-120,43,Community Hall 43,345,327,1,673,48.59
North 24 Parganas,120,N24P-120,44,Temple Hall 44,406,375,1,782,47.95
North 24 Parganas,120,N24P-120,45,Community Hall 45,324,300,0,624,48.08
North 24 Parganas,120,N24P-120,46,Health Sub-Centre 46,422,386,1,809,47.71
North 24 Parganas,120,N24P-120,47,Club Building 47,307,309,1,617,50.08
North 24 Parganas,120,N24P-120,48,Madrasa 48,268,244,1,513,47.56
North 24 Parganas,120,N24P-120,49,Club Building 49,347,337,0,684,49.27
North 24 Parganas,120,N24P-120,50,Community Hall 50,243,237,1,481,49.27
North 24 Parganas,120,N24P-120,51,Club Building 51,261,247,1,509,48.53
North 24 Parganas,120,N24P-120,52,Post Office 52,365,328,0,693,47.33
North 24 Parganas,120,N24P-120,53,High School 53,395,362,1,758,47.76
North 24 Parganas,120,N24P-120,54,Panchayat Bhavan 54,312,312,1,625,49.92
North 24 Parganas,120,N24P-120,55,Govt Office 55,250,238,0,488,48.77
North 24 Parganas,120,N24P-120,56,Post Office 56,361,352,0,713,49.37
North 24 Parganas,120,N24P-120,57,Anganwadi Centre 57,307,275,1,583,47.17
North 24 Parganas,120,N24P-120,58,Govt Office 58,402,376,1,779,48.27
North 24 Parganas,120,N24P-120,59,Market Building 59,272,261,1,534,48.88
North 24 Parganas,120,N24P-120,60,Panchayat Bhavan 60,350,329,1,680,48.38
North 24 Parganas,120,N24P-120,61,Community Hall 61,390,372,1,763,48.75
North 24 Parganas,120,N24P-120,62,Market Building 62,299,296,0,595,49.75
North 24 Parganas,120,N24P-120,63,High School 63,336,343,1,680,50.44
North 24 Parganas,120,N24P-120,64,Madrasa 64,326,308,1,635,48.5
North 24 Parganas,120,N24P-120,65,Madrasa 65,371,341,0,712,47.89
North 24 Parganas,120,N24P-120,66,Anganwadi Centre 66,411,392,1,804,48.76
North 24 Parganas,120,N24P-120,67,Health Sub-Centre 67,386,398,0,784,50.77
North 24 Parganas,120,N24P-120,68,High School 68,268,252,1,521,48.37
North 24 Parganas,120,N24P-120,69,Market Building 69,291,285,0,576,49.48
North 24 Parganas,120,N24P-120,70,Club Building 70,295,300,1,596,50.34
North 24 Parganas,120,N24P-120,71,Club Building 71,299,291,0,590,49.32
North 24 Parganas,120,N24P-120,72,Anganwadi Centre 72,401,401,1,803,49.94
North 24 Parganas,120,N24P-120,73,Club Building 73,382,352,1,735,47.89
North 24 Parganas,120,N24P-120,74,Madrasa 74,381,365,1,747,48.86
North 24 Parganas,120,N24P-120,75,Post Office 75,384,393,1,778,50.51
North 24 Parganas,120,N24P-120,76,Market Building 76,272,263,0,535,49.16
North 24 Parganas,120,N24P-120,77,Community Hall 77,374,352,0,726,48.48
North 24 Parganas,120,N24P-120,78,Market Building 78,253,246,0,499,49.3
North 24 Parganas,120,N24P-120,79,Market Building 79,382,391,1,774,50.52
North 24 Parganas,120,N24P-120,80,Madrasa 80,343,312,1,656,47.56
North 24 Parganas,120,N24P-120,81,Community Hall 81,342,351,1,694,50.58
North 24 Parganas,120,N24P-120,82,High School 82,261,248,0,509,48.72
North 24 Parganas,120,N24P-120,83,Govt Office 83,251,245,1,497,49.3
North 24 Parganas,120,N24P-120,84,Post Office 84,354,346,1,701,49.36
North 24 Parganas,120,N24P-120,85,Health Sub-Centre 85,281,281,1,563,49.91
North 24 Parganas,120,N24P-120,86,Club Building 86,313,289,0,602,48.01
North 24 Parganas,120,N24P-120,87,High School 87,289,297,0,586,50.68
North 24 Parganas,120,N24P-120,88,Community Hall 88,395,374,0,769,48.63
North 24 Parganas,120,N24P-120,89,Govt Office 89,297,282,0,579,48.7
North 24 Parganas,120,N24P-120,90,Health Sub-Centre 90,264,238,1,503,47.32
North 24 Parganas,120,N24P-120,91,Post Office 91,405,388,1,794,48.87
North 24 Parganas,120,N24P-120,92,Anganwadi Centre 92,265,275,1,541,50.83
North 24 Parganas,120,N24P-120,93,Primary School 93,264,259,1,524,49.43
North 24 Parganas,120,N24P-120,94,Market Building 94,270,247,0,517,47.78
North 24 Parganas,120,N24P-120,95,Market Building 95,390,389,1,780,49.87
North 24 Parganas,120,N24P-120,96,Community Hall 96,342,319,1,662,48.19
North 24 Parganas,120,N24P-120,97,Madrasa 97,357,320,0,677,47.27
North 24 Parganas,120,N24P-120,98,Madrasa 98,264,236,1,501,47.11
North 24 Parganas,120,N24P-120,99,Primary School 99,287,277,0,564,49.11
North 24 Parganas,120,N24P-120,100,Post Office 100,256,239,1,496,48.19
North 24 Parganas,120,N24P-120,101,Health Sub-Centre 101,414,399,1,814,49.02
North 24 Parganas,120,N24P-120,102,Govt Office 102,329,322,0,651,49.46
North 24 Parganas,120,N24P-120,103,Primary School 103,270,274,0,544,50.37
North 24 Parganas,120,N24P-120,104,Temple Hall 104,334,342,1,677,50.52
North 24 Parganas,120,N24P-120,105,Community Hall 105,395,403,1,799,50.44
North 24 Parganas,120,N24P-120,106,Govt Office 106,422,385,1,808,47.65
North 24 Parganas,120,N24P-120,107,Panchayat Bhavan 107,424,382,0,806,47.39
North 24 Parganas,120,N24P-120,108,Temple Hall 108,309,317,0,626,50.64
North 24 Parganas,120,N24P-120,109,Govt Office 109,330,342,1,673,50.82
North 24 Parganas,120,N24P-120,110,Community Hall 110,254,260,0,514,50.58
North 24 Parganas,120,N24P-120,111,Market Building 111,358,340,1,699,48.64
North 24 Parganas,120,N24P-120,112,Post Office 112,244,250,0,494,50.61
North 24 Parganas,120,N24P-120,113,High School 113,407,385,0,792,48.61
North 24 Parganas,120,N24P-120,114,Panchayat Bhavan 114,358,344,0,702,49.0
North 24 Parganas,120,N24P-120,115,Health Sub-Centre 115,258,241,1,500,48.2
North 24 Parganas,120,N24P-120,116,Madrasa 116,292,302,1,595,50.76
North 24 Parganas,120,N24P-120,117,Temple Hall 117,399,390,0,789,49.43
North 24 Parganas,120,N24P-120,118,Market Building 118,402,400,1,803,49.81
North 24 Parganas,120,N24P-120,119,Panchayat Bhavan 119,356,336,0,692,48.55
North 24 Parganas,120,N24P-120,120,Govt Office 120,347,349,0,696,50.14
North 24 Parganas,120,N24P-120,121,Health Sub-Centre 121,275,283,0,558,50.72
North 24 Parganas,120,N24P-120,122,Govt Office 122,334,338,0,672,50.3
North 24 Parganas,120,N24P-120,123,Temple Hall 123,276,255,0,531,48.02
North 24 Parganas,120,N24P-120,124,Panchayat Bhavan 124,350,315,1,666,47.3
North 24 Parganas,120,N24P-120,125,Health Sub-Centre 125,399,388,1,788,49.24
North 24 Parganas,120,N24P-120,126,Temple Hall 126,287,292,0,579,50.43
North 24 Parganas,120,N24P-120,127,Community Hall 127,316,300,0,616,48.7
North 24 Parganas,120,N24P-120,128,Anganwadi Centre 128,365,341,1,707,48.23
North 24 Parganas,120,N24P-120,129,Community Hall 129,313,320,1,634,50.47
North 24 Parganas,120,N24P-120,130,Madrasa 130,311,313,1,625,50.08
North 24 Parganas,120,N24P-120,131,High School 131,343,328,1,672,48.81
North 24 Parganas,120,N24P-120,132,Panchayat Bhavan 132,404,383,0,787,48.67
North 24 Parganas,120,N24P-120,133,Anganwadi Centre 133,279,288,0,567,50.79
North 24 Parganas,120,N24P-120,134,High School 134,289,283,0,572,49.48
North 24 Parganas,120,N24P-120,135,High School 135,397,382,1,780,48.97
North 24 Parganas,120,N24P-120,136,High School 136,250,250,0,500,50.0
North 24 Parganas,120,N24P-120,137,Health Sub-Centre 137,351,329,0,680,48.38
North 24 Parganas,120,N24P-120,138,Market Building 138,373,341,1,715,47.69
North 24 Parganas,120,N24P-120,139,Market Building 139,246,250,1,497,50.3
North 24 Parganas,120,N24P-120,140,Health Sub-Centre 140,260,258,0,518,49.81
North 24 Parganas,120,N24P-120,141,Anganwadi Centre 141,392,362,0,754,48.01
North 24 Parganas,120,N24P-120,142,Club Building 142,253,236,0,489,48.26
North 24 Parganas,120,N24P-120,143,Anganwadi Centre 143,407,413,0,820,50.37
North 24 Parganas,120,N24P-120,144,Primary School 144,264,258,0,522,49.43
North 24 Parganas,120,N24P-120,145,High School 145,323,295,0,618,47.73
North 24 Parganas,120,N24P-120,146,Madrasa 146,395,372,0,767,48.5
North 24 Parganas,120,N24P-120,147,High School 147,287,274,0,561,48.84
North 24 Parganas,120,N24P-120,148,Madrasa 148,389,371,1,761,48.75
North 24 Parganas,120,N24P-120,149,Govt Office 149,352,338,0,690,48.99
North 24 Parganas,120,N24P-120,150,Madrasa 150,324,295,1,620,47.58
North 24 Parganas,120,N24P-120,151,High School 151,246,245,1,492,49.8
North 24 Parganas,120,N24P-120,152,Anganwadi Centre 152,265,241,1,507,47.53
North 24 Parganas,120,N24P-120,153,Govt Office 153,399,390,0,789,49.43
North 24 Parganas,120,N24P-120,154,Temple Hall 154,297,275,0,572,48.08
North 24 Parganas,120,N24P-120,155,Primary School 155,320,297,1,618,48.06
North 24 Parganas,120,N24P-120,156,Madrasa 156,351,333,0,684,48.68
North 24 Parganas,120,N24P-120,157,Govt Office 157,391,382,0,773,49.42
North 24 Parganas,120,N24P-120,158,Club Building 158,250,255,1,506,50.4
North 24 Parganas,120,N24P-120,159,High School 159,309,312,1,622,50.16
North 24 Parganas,120,N24P-120,160,Madrasa 160,397,365,0,762,47.9
North 24 Parganas,120,N24P-120,161,Community Hall 161,328,324,0,652,49.69
North 24 Parganas,120,N24P-120,162,High School 162,309,283,0,592,47.8
North 24 Parganas,120,N24P-120,163,Club Building 163,378,348,1,727,47.87
North 24 Parganas,120,N24P-120,164,Health Sub-Centre 164,255,256,0,511,50.1
North 24 Parganas,120,N24P-120,165,Health Sub-Centre 165,299,270,0,569,47.45
North 24 Parganas,120,N24P-120,166,Health Sub-Centre 166,361,329,1,691,47.61
North 24 Parganas,120,N24P-120,167,Panchayat Bhavan 167,245,236,0,481,49.06
North 24 Parganas,120,N24P-120,168,Post Office 168,339,314,1,654,48.01
North 24 Parganas,120,N24P-120,169,Govt Office 169,302,277,1,580,47.76
North 24 Parganas,120,N24P-120,170,Post Office 170,252,257,1,510,50.39
North 24 Parganas,120,N24P-120,171,Madrasa 171,255,254,1,510,49.8
North 24 Parganas,120,N24P-120,172,Madrasa 172,386,385,0,771,49.94
North 24 Parganas,120,N24P-120,173,Post Office 173,382,342,0,724,47.24
North 24 Parganas,120,N24P-120,174,Anganwadi Centre 174,408,406,0,814,49.88
North 24 Parganas,120,N24P-120,175,Temple Hall 175,240,239,1,480,49.79
North 24 Parganas,120,N24P-120,176,High School 176,382,392,0,774,50.65
North 24 Parganas,120,N24P-120,177,Market Building 177,368,336,0,704,47.73
North 24 Parganas,120,N24P-120,178,Temple Hall 178,304,292,0,596,48.99
North 24 Parganas,120,N24P-120,179,Post Office 179,350,349,1,700,49.86
North 24 Parganas,120,N24P-120,180,Govt Office 180,270,256,1,527,48.58
North 24 Parganas,120,N24P-120,181,Temple Hall 181,386,348,0,734,47.41
North 24 Parganas,120,N24P-120,182,Club Building 182,330,299,0,629,47.54
North 24 Parganas,120,N24P-120,183,Primary School 183,295,267,0,562,47.51
North 24 Parganas,121,N24P-121,1,Community Hall 1,303,272,0,575,47.3
North 24 Parganas,121,N24P-121,2,Health Sub-Centre 2,301,294,0,595,49.41
North 24 Parganas,121,N24P-121,3,Panchayat Bhavan 3,303,306,1,610,50.16
North 24 Parganas,121,N24P-121,4,Panchayat Bhavan 4,265,261,0,526,49.62
North 24 Parganas,121,N24P-121,5,High School 5,259,248,0,507,48.92
North 24 Parganas,121,N24P-121,6,Anganwadi Centre 6,303,294,0,597,49.25
North 24 Parganas,121,N24P-121,7,Health Sub-Centre 7,385,371,0,756,49.07
North 24 Parganas,121,N24P-121,8,Panchayat Bhavan 8,351,359,0,710,50.56
North 24 Parganas,121,N24P-121,9,Health Sub-Centre 9,259,241,0,500,48.2
North 24 Parganas,121,N24P-121,10,Temple Hall 10,363,357,0,720,49.58
North 24 Parganas,121,N24P-121,11,Market Building 11,411,368,1,780,47.18
North 24 Parganas,121,N24P-121,12,Govt Office 12,360,353,1,714,49.44
North 24 Parganas,121,N24P-121,13,Anganwadi Centre 13,355,360,0,715,50.35
North 24 Parganas,121,N24P-121,14,Govt Office 14,363,352,1,716,49.16
North 24 Parganas,121,N24P-121,15,Panchayat Bhavan 15,348,323,0,671,48.14
North 24 Parganas,121,N24P-121,16,High School 16,385,362,1,748,48.4
North 24 Parganas,121,N24P-121,17,Market Building 17,311,283,1,595,47.56
North 24 Parganas,121,N24P-121,18,Temple Hall 18,420,391,1,812,48.15
North 24 Parganas,121,N24P-121,19,Community Hall 19,270,271,1,542,50.0
North 24 Parganas,121,N24P-121,20,Panchayat Bhavan 20,308,315,0,623,50.56
North 24 Parganas,121,N24P-121,21,Madrasa 21,318,295,0,613,48.12
North 24 Parganas,121,N24P-121,22,Madrasa 22,384,379,1,764,49.61
North 24 Parganas,121,N24P-121,23,Market Building 23,270,242,0,512,47.27
North 24 Parganas,121,N24P-121,24,Health Sub-Centre 24,272,260,0,532,48.87
North 24 Parganas,121,N24P-121,25,Panchayat Bhavan 25,419,400,1,820,48.78
North 24 Parganas,121,N24P-121,26,Community Hall 26,268,252,1,521,48.37
North 24 Parganas,121,N24P-121,27,Market Building 27,342,340,1,683,49.78
North 24 Parganas,121,N24P-121,28,Community Hall 28,272,275,1,548,50.18
North 24 Parganas,121,N24P-121,29,Madrasa 29,364,370,1,735,50.34
North 24 Parganas,121,N24P-121,30,Temple Hall 30,296,304,0,600,50.67
North 24 Parganas,121,N24P-121,31,Madrasa 31,355,355,0,710,50.0
North 24 Parganas,121,N24P-121,32,Health Sub-Centre 32,301,275,1,577,47.66
North 24 Parganas,121,N24P-121,33,Primary School 33,259,261,0,520,50.19
North 24 Parganas,121,N24P-121,34,Govt Office 34,404,414,1,819,50.55
North 24 Parganas,121,N24P-121,35,Community Hall 35,264,273,1,538,50.74
North 24 Parganas,121,N24P-121,36,High School 36,321,304,0,625,48.64
North 24 Parganas,121,N24P-121,37,Temple Hall 37,352,342,0,694,49.28
North 24 Parganas,121,N24P-121,38,Club Building 38,330,326,0,656,49.7
North 24 Parganas,121,N24P-121,39,Post Office 39,317,310,0,627,49.44
North 24 Parganas,121,N24P-121,40,Madrasa 40,254,249,1,504,49.4
North 24 Parganas,121,N24P-121,41,Community Hall 41,272,266,1,539,49.35
North 24 Parganas,121,N24P-121,42,Temple Hall 42,384,390,0,774,50.39
North 24 Parganas,121,N24P-121,43,High School 43,252,239,1,492,48.58
North 24 Parganas,121,N24P-121,44,Market Building 44,418,376,1,795,47.3
North 24 Parganas,121,N24P-121,45,Govt Office 45,308,310,1,619,50.08
North 24 Parganas,121,N24P-121,46,Post Office 46,335,307,1,643,47.74
North 24 Parganas,121,N24P-121,47,Club Building 47,274,267,0,541,49.35
North 24 Parganas,121,N24P-121,48,Panchayat Bhavan 48,405,407,1,813,50.06
North 24 Parganas,121,N24P-121,49,Madrasa 49,408,367,1,776,47.29
North 24 Parganas,121,N24P-121,50,Govt Office 50,298,280,0,578,48.44
North 24 Parganas,121,N24P-121,51,Market Building 51,304,314,1,619,50.73
North 24 Parganas,121,N24P-121,52,High School 52,389,398,1,788,50.51
North 24 Parganas,121,N24P-121,53,Temple Hall 53,313,287,0,600,47.83
North 24 Parganas,121,N24P-121,54,Community Hall 54,344,344,1,689,49.93
North 24 Parganas,121,N24P-121,55,Community Hall 55,303,277,0,580,47.76
North 24 Parganas,121,N24P-121,56,Madrasa 56,350,341,1,692,49.28
North 24 Parganas,121,N24P-121,57,Health Sub-Centre 57,278,264,1,543,48.62
North 24 Parganas,121,N24P-121,58,Post Office 58,371,372,1,744,50.0
North 24 Parganas,121,N24P-121,59,Community Hall 59,363,363,0,726,50.0
North 24 Parganas,121,N24P-121,60,High School 60,294,302,1,597,50.59
North 24 Parganas,121,N24P-121,61,Govt Office 61,375,361,1,737,48.98
North 24 Parganas,121,N24P-121,62,Temple Hall 62,356,361,1,718,50.28
North 24 Parganas,121,N24P-121,63,Community Hall 63,409,389,1,799,48.69
North 24 Parganas,121,N24P-121,64,Anganwadi Centre 64,340,321,0,661,48.56
North 24 Parganas,121,N24P-121,65,Panchayat Bhavan 65,287,276,0,563,49.02
North 24 Parganas,121,N24P-121,66,Community Hall 66,313,302,1,616,49.03
North 24 Parganas,121,N24P-121,67,Primary School 67,336,332,1,669,49.63
North 24 Parganas,121,N24P-121,68,Govt Office 68,355,337,1,693,48.63
North 24 Parganas,121,N24P-121,69,Club Building 69,340,314,0,654,48.01
North 24 Parganas,121,N24P-121,70,High School 70,404,373,0,777,48.01
North 24 Parganas,121,N24P-121,71,Govt Office 71,266,263,1,530,49.62
North 24 Parganas,121,N24P-121,72,Temple Hall 72,271,267,0,538,49.63
North 24 Parganas,121,N24P-121,73,Temple Hall 73,241,247,0,488,50.61
North 24 Parganas,121,N24P-121,74,Market Building 74,245,248,1,494,50.2
North 24 Parganas,121,N24P-121,75,Market Building 75,418,393,0,811,48.46
North 24 Parganas,121,N24P-121,76,Club Building 76,297,286,0,583,49.06
North 24 Parganas,121,N24P-121,77,High School 77,264,239,1,504,47.42
North 24 Parganas,121,N24P-121,78,Temple Hall 78,407,370,0,777,47.62
North 24 Parganas,121,N24P-121,79,Temple Hall 79,353,347,0,700,49.57
North 24 Parganas,121,N24P-121,80,Madrasa 80,350,341,0,691,49.35
North 24 Parganas,121,N24P-121,81,Primary School 81,263,254,1,518,49.03
North 24 Parganas,121,N24P-121,82,Panchayat Bhavan 82,318,312,1,631,49.45
North 24 Parganas,121,N24P-121,83,Health Sub-Centre 83,348,313,0,661,47.35
North 24 Parganas,121,N24P-121,84,Community Hall 84,387,362,1,750,48.27
North 24 Parganas,121,N24P-121,85,Govt Office 85,263,249,0,512,48.63
North 24 Parganas,121,N24P-121,86,Panchayat Bhavan 86,386,362,1,749,48.33
North 24 Parganas,121,N24P-121,87,Govt Office 87,306,291,0,597,48.74
North 24 Parganas,121,N24P-121,88,Post Office 88,306,288,0,594,48.48
North 24 Parganas,121,N24P-121,89,High School 89,407,395,0,802,49.25
North 24 Parganas,121,N24P-121,90,Health Sub-Centre 90,269,271,0,540,50.19
North 24 Parganas,121,N24P-121,91,Temple Hall 91,406,367,0,773,47.48
North 24 Parganas,121,N24P-121,92,Post Office 92,339,306,0,645,47.44
North 24 Parganas,121,N24P-121,93,Market Building 93,264,258,1,523,49.33
North 24 Parganas,121,N24P-121,94,Market Building 94,391,354,1,746,47.45
North 24 Parganas,121,N24P-121,95,Temple Hall 95,397,377,0,774,48.71
North 24 Parganas,121,N24P-121,96,Panchayat Bhavan 96,334,316,0,650,48.62
North 24 Parganas,121,N24P-121,97,Anganwadi Centre 97,251,246,1,498,49.4
North 24 Parganas,121,N24P-121,98,Temple Hall 98,364,345,1,710,48.59
North 24 Parganas,121,N24P-121,99,Community Hall 99,320,295,1,616,47.89
North 24 Parganas,121,N24P-121,100,Community Hall 100,328,317,1,646,49.07
North 24 Parganas,121,N24P-121,101,Panchayat Bhavan 101,340,345,1,686,50.29
North 24 Parganas,121,N24P-121,102,Primary School 102,316,291,0,607,47.94
North 24 Parganas,121,N24P-121,103,Post Office 103,297,296,1,594,49.83
North 24 Parganas,121,N24P-121,104,Govt Office 104,272,257,1,530,48.49
North 24 Parganas,121,N24P-121,105,Madrasa 105,311,289,0,600,48.17
North 24 Parganas,121,N24P-121,106,High School 106,304,302,0,606,49.83
North 24 Parganas,121,N24P-121,107,Anganwadi Centre 107,275,269,0,544,49.45
North 24 Parganas,121,N24P-121,108,High School 108,331,296,0,627,47.21
North 24 Parganas,121,N24P-121,109,Govt Office 109,274,250,1,525,47.62
North 24 Parganas,121,N24P-121,110,Health Sub-Centre 110,258,248,0,506,49.01
North 24 Parganas,121,N24P-121,111,High School 111,367,365,1,733,49.8
North 24 Parganas,121,N24P-121,112,Club Building 112,325,309,1,635,48.66
North 24 Parganas,121,N24P-121,113,Post Office 113,422,391,0,813,48.09
North 24 Parganas,121,N24P-121,114,Market Building 114,252,247,0,499,49.5
North 24 Parganas,121,N24P-121,115,Temple Hall 115,416,400,1,817,48.96
North 24 Parganas,121,N24P-121,116,Madrasa 116,351,317,0,668,47.46
North 24 Parganas,121,N24P-121,117,Temple Hall 117,298,303,1,602,50.33
North 24 Parganas,121,N24P-121,118,Govt Office 118,315,299,0,614,48.7
North 24 Parganas,121,N24P-121,119,Post Office 119,280,277,1,558,49.64
North 24 Parganas,121,N24P-121,120,Anganwadi Centre 120,353,334,0,687,48.62
North 24 Parganas,121,N24P-121,121,Anganwadi Centre 121,377,352,0,729,48.29
North 24 Parganas,121,N24P-121,122,High School 122,264,261,1,526,49.62
North 24 Parganas,121,N24P-121,123,Madrasa 123,411,379,0,790,47.97
North 24 Parganas,121,N24P-121,124,Anganwadi Centre 124,274,256,1,531,48.21
North 24 Parganas,121,N24P-121,125,Health Sub-Centre 125,331,300,1,632,47.47
North 24 Parganas,121,N24P-121,126,Club Building 126,393,395,1,789,50.06
North 24 Parganas,121,N24P-121,127,Anganwadi Centre 127,244,238,1,483,49.28
North 24 Parganas,121,N24P-121,128,Anganwadi Centre 128,345,322,1,668,48.2
North 24 Parganas,121,N24P-121,129,Post Office 129,316,323,1,640,50.47
North 24 Parganas,121,N24P-121,130,Govt Office 130,342,322,0,664,48.49
North 24 Parganas,121,N24P-121,131,High School 131,313,292,0,605,48.26
North 24 Parganas,121,N24P-121,132,Community Hall 132,339,308,0,647,47.6
North 24 Parganas,121,N24P-121,133,Primary School 133,248,243,1,492,49.39
North 24 Parganas,121,N24P-121,134,Govt Office 134,372,354,1,727,48.69
North 24 Parganas,121,N24P-121,135,Post Office 135,258,233,0,491,47.45
North 24 Parganas,121,N24P-121,136,Anganwadi Centre 136,275,274,0,549,49.91
North 24 Parganas,121,N24P-121,137,Govt Office 137,329,304,0,633,48.03
North 24 Parganas,121,N24P-121,138,Community Hall 138,251,241,0,492,48.98
North 24 Parganas,121,N24P-121,139,Post Office 139,262,260,1,523,49.71
North 24 Parganas,121,N24P-121,140,Panchayat Bhavan 140,357,355,1,713,49.79
North 24 Parganas,121,N24P-121,141,Post Office 141,329,298,0,627,47.53
North 24 Parganas,121,N24P-121,142,Panchayat Bhavan 142,288,267,1,556,48.02
North 24 Parganas,121,N24P-121,143,Club Building 143,327,314,0,641,48.99
North 24 Parganas,121,N24P-121,144,Community Hall 144,262,252,1,515,48.93
North 24 Parganas,121,N24P-121,145,Panchayat Bhavan 145,394,380,1,775,49.03
North 24 Parganas,121,N24P-121,146,Madrasa 146,330,336,0,666,50.45
North 24 Parganas,121,N24P-121,147,Madrasa 147,389,364,0,753,48.34
North 24 Parganas,121,N24P-121,148,High School 148,325,319,1,645,49.46
North 24 Parganas,121,N24P-121,149,Panchayat Bhavan 149,331,309,1,641,48.21
North 24 Parganas,121,N24P-121,150,Panchayat Bhavan 150,343,351,1,695,50.5
North 24 Parganas,121,N24P-121,151,Panchayat Bhavan 151,387,372,1,760,48.95
North 24 Parganas,121,N24P-121,152,Health Sub-Centre 152,236,244,1,481,50.73
North 24 Parganas,121,N24P-121,153,Community Hall 153,344,342,1,687,49.78
North 24 Parganas,121,N24P-121,154,Community Hall 154,424,387,1,812,47.66
North 24 Parganas,121,N24P-121,155,Anganwadi Centre 155,287,271,0,558,48.57
North 24 Parganas,121,N24P-121,156,Post Office 156,342,333,0,675,49.33
North 24 Parganas,121,N24P-121,157,High School 157,326,323,0,649,49.77
North 24 Parganas,121,N24P-121,158,Health Sub-Centre 158,319,328,0,647,50.7
North 24 Parganas,121,N24P-121,159,Panchayat Bhavan 159,400,358,1,759,47.17
North 24 Parganas,121,N24P-121,160,Madrasa 160,398,374,1,773,48.38
North 24 Parganas,121,N24P-121,161,Temple Hall 161,318,300,1,619,48.47
North 24 Parganas,121,N24P-121,162,Madrasa 162,412,405,1,818,49.51
North 24 Parganas,121,N24P-121,163,Post Office 163,306,295,1,602,49.0
North 24 Parganas,121,N24P-121,164,Anganwadi Centre 164,346,344,0,690,49.86
North 24 Parganas,121,N24P-121,165,Health Sub-Centre 165,392,370,1,763,48.49
North 24 Parganas,121,N24P-121,166,Madrasa 166,297,303,0,600,50.5
North 24 Parganas,121,N24P-121,167,Community Hall 167,264,266,0,530,50.19
North 24 Parganas,121,N24P-121,168,Post Office 168,313,324,0,637,50.86
North 24 Parganas,121,N24P-121,169,Market Building 169,341,323,1,665,48.57
North 24 Parganas,121,N24P-121,170,Govt Office 170,264,242,1,507,47.73
North 24 Parganas,121,N24P-121,171,Market Building 171,403,378,0,781,48.4
North 24 Parganas,121,N24P-121,172,Club Building 172,299,284,0,583,48.71
North 24 Parganas,121,N24P-121,173,Govt Office 173,394,364,0,758,48.02
North 24 Parganas,121,N24P-121,174,Madrasa 174,278,253,1,532,47.56
North 24 Parganas,121,N24P-121,175,Market Building 175,317,315,0,632,49.84
North 24 Parganas,121,N24P-121,176,Club Building 176,397,402,1,800,50.25
North 24 Parganas,121,N24P-121,177,Community Hall 177,253,240,0,493,48.68
North 24 Parganas,121,N24P-121,178,Anganwadi Centre 178,408,396,0,804,49.25
North 24 Parganas,121,N24P-121,179,Panchayat Bhavan 179,356,339,1,696,48.71
North 24 Parganas,121,N24P-121,180,Club Building 180,322,315,1,638,49.37
North 24 Parganas,121,N24P-121,181,Post Office 181,260,246,1,507,48.52
North 24 Parganas,121,N24P-121,182,Community Hall 182,350,360,0,710,50.7
North 24 Parganas,121,N24P-121,183,Panchayat Bhavan 183,341,321,1,663,48.42
North 24 Parganas,121,N24P-121,184,Panchayat Bhavan 184,341,352,0,693,50.79
North 24 Parganas,121,N24P-121,185,High School 185,264,257,0,521,49.33
North 24 Parganas,121,N24P-121,186,Health Sub-Centre 186,281,278,0,559,49.73
North 24 Parganas,122,N24P-122,1,Panchayat Bhavan 1,272,268,0,540,49.63
North 24 Parganas,122,N24P-122,2,Temple Hall 2,386,371,0,757,49.01
North 24 Parganas,122,N24P-122,3,Post Office 3,401,359,0,760,47.24
North 24 Parganas,122,N24P-122,4,Anganwadi Centre 4,367,368,0,735,50.07
North 24 Parganas,122,N24P-122,5,Primary School 5,348,337,1,686,49.13
North 24 Parganas,122,N24P-122,6,Health Sub-Centre 6,343,349,1,693,50.36
North 24 Parganas,122,N24P-122,7,Panchayat Bhavan 7,417,401,0,818,49.02
North 24 Parganas,122,N24P-122,8,Anganwadi Centre 8,269,256,0,525,48.76
North 24 Parganas,122,N24P-122,9,Market Building 9,394,363,0,757,47.95
North 24 Parganas,122,N24P-122,10,Anganwadi Centre 10,291,280,1,572,48.95
North 24 Parganas,122,N24P-122,11,Primary School 11,262,239,1,502,47.61
North 24 Parganas,122,N24P-122,12,Community Hall 12,343,321,0,664,48.34
North 24 Parganas,122,N24P-122,13,Post Office 13,331,340,1,672,50.6
North 24 Parganas,122,N24P-122,14,Panchayat Bhavan 14,423,392,1,816,48.04
North 24 Parganas,122,N24P-122,15,Post Office 15,405,378,0,783,48.28
North 24 Parganas,122,N24P-122,16,High School 16,281,290,0,571,50.79
North 24 Parganas,122,N24P-122,17,Health Sub-Centre 17,325,326,1,652,50.0
North 24 Parganas,122,N24P-122,18,Primary School 18,317,307,0,624,49.2
North 24 Parganas,122,N24P-122,19,Primary School 19,259,239,0,498,47.99
North 24 Parganas,122,N24P-122,20,Club Building 20,297,266,0,563,47.25
North 24 Parganas,122,N24P-122,21,Primary School 21,414,401,1,816,49.14
North 24 Parganas,122,N24P-122,22,Madrasa 22,273,262,1,536,48.88
North 24 Parganas,122,N24P-122,23,Madrasa 23,343,323,0,666,48.5
North 24 Parganas,122,N24P-122,24,Temple Hall 24,267,261,0,528,49.43
North 24 Parganas,122,N24P-122,25,High School 25,356,361,1,718,50.28
North 24 Parganas,122,N24P-122,26,Govt Office 26,330,303,1,634,47.79
North 24 Parganas,122,N24P-122,27,Post Office 27,325,305,1,631,48.34
North 24 Parganas,122,N24P-122,28,Community Hall 28,362,362,0,724,50.0
North 24 Parganas,122,N24P-122,29,High School 29,401,401,0,802,50.0
North 24 Parganas,122,N24P-122,30,Market Building 30,249,239,0,488,48.98
North 24 Parganas,122,N24P-122,31,Community Hall 31,287,283,1,571,49.56
North 24 Parganas,122,N24P-122,32,Market Building 32,416,379,1,796,47.61
North 24 Parganas,122,N24P-122,33,Club Building 33,398,382,1,781,48.91
North 24 Parganas,122,N24P-122,34,Post Office 34,322,294,0,616,47.73
North 24 Parganas,122,N24P-122,35,Post Office 35,327,326,0,653,49.92
North 24 Parganas,122,N24P-122,36,Primary School 36,366,364,0,730,49.86
North 24 Parganas,122,N24P-122,37,Govt Office 37,332,332,1,665,49.92
North 24 Parganas,122,N24P-122,38,Panchayat Bhavan 38,339,323,1,663,48.72
North 24 Parganas,122,N24P-122,39,Panchayat Bhavan 39,298,287,1,586,48.98
North 24 Parganas,122,N24P-122,40,Anganwadi Centre 40,324,313,0,637,49.14
North 24 Parganas,122,N24P-122,41,Primary School 41,269,241,0,510,47.25
North 24 Parganas,122,N24P-122,42,High School 42,294,272,0,566,48.06
North 24 Parganas,122,N24P-122,43,Primary School 43,279,267,1,547,48.81
North 24 Parganas,122,N24P-122,44,Madrasa 44,335,344,0,679,50.66
North 24 Parganas,122,N24P-122,45,Health Sub-Centre 45,399,378,1,778,48.59
North 24 Parganas,122,N24P-122,46,High School 46,373,348,0,721,48.27
North 24 Parganas,122,N24P-122,47,Health Sub-Centre 47,273,272,1,546,49.82
North 24 Parganas,122,N24P-122,48,Temple Hall 48,326,299,1,626,47.76
North 24 Parganas,122,N24P-122,49,Community Hall 49,279,289,1,569,50.79
North 24 Parganas,122,N24P-122,50,Primary School 50,419,383,1,803,47.7
North 24 Parganas,122,N24P-122,51,Post Office 51,409,407,1,817,49.82
North 24 Parganas,122,N24P-122,52,Panchayat Bhavan 52,384,381,0,765,49.8
North 24 Parganas,122,N24P-122,53,High School 53,357,343,1,701,48.93
North 24 Parganas,122,N24P-122,54,Anganwadi Centre 54,410,391,1,802,48.75
North 24 Parganas,122,N24P-122,55,Market Building 55,372,365,0,737,49.53
North 24 Parganas,122,N24P-122,56,Temple Hall 56,287,271,0,558,48.57
North 24 Parganas,122,N24P-122,57,Post Office 57,378,373,0,751,49.67
North 24 Parganas,122,N24P-122,58,Madrasa 58,404,379,1,784,48.34
North 24 Parganas,122,N24P-122,59,Primary School 59,400,409,1,810,50.49
North 24 Parganas,122,N24P-122,60,Panchayat Bhavan 60,400,382,0,782,48.85
North 24 Parganas,122,N24P-122,61,Primary School 61,254,248,1,503,49.3
North 24 Parganas,122,N24P-122,62,Temple Hall 62,295,298,0,593,50.25
North 24 Parganas,122,N24P-122,63,Temple Hall 63,308,311,1,620,50.16
North 24 Parganas,122,N24P-122,64,Anganwadi Centre 64,284,274,1,559,49.02
North 24 Parganas,122,N24P-122,65,Community Hall 65,358,350,0,708,49.44
North 24 Parganas,122,N24P-122,66,Panchayat Bhavan 66,314,321,1,636,50.47
North 24 Parganas,122,N24P-122,67,Post Office 67,422,394,1,817,48.23
North 24 Parganas,122,N24P-122,68,Anganwadi Centre 68,309,301,1,611,49.26
North 24 Parganas,122,N24P-122,69,Primary School 69,281,261,0,542,48.15
North 24 Parganas,122,N24P-122,70,Govt Office 70,254,261,1,516,50.58
North 24 Parganas,122,N24P-122,71,Madrasa 71,283,281,0,564,49.82
North 24 Parganas,122,N24P-122,72,Govt Office 72,401,378,0,779,48.52
North 24 Parganas,122,N24P-122,73,Club Building 73,296,283,1,580,48.79
North 24 Parganas,122,N24P-122,74,Panchayat Bhavan 74,253,243,0,496,48.99
North 24 Parganas,122,N24P-122,75,High School 75,287,267,1,555,48.11
North 24 Parganas,122,N24P-122,76,Temple Hall 76,267,248,1,516,48.06
North 24 Parganas,122,N24P-122,77,Anganwadi Centre 77,293,270,1,564,47.87
North 24 Parganas,122,N24P-122,78,Panchayat Bhavan 78,322,304,0,626,48.56
North 24 Parganas,122,N24P-122,79,Primary School 79,266,254,0,520,48.85
North 24 Parganas,122,N24P-122,80,Govt Office 80,258,266,0,524,50.76
North 24 Parganas,122,N24P-122,81,Panchayat Bhavan 81,317,304,1,622,48.87
North 24 Parganas,122,N24P-122,82,High School 82,258,250,1,509,49.12
North 24 Parganas,122,N24P-122,83,Post Office 83,324,298,0,622,47.91
North 24 Parganas,122,N24P-122,84,Temple Hall 84,339,323,1,663,48.72
North 24 Parganas,122,N24P-122,85,Market Building 85,329,325,1,655,49.62
North 24 Parganas,122,N24P-122,86,Panchayat Bhavan 86,266,275,1,542,50.74
North 24 Parganas,122,N24P-122,87,Club Building 87,421,387,0,808,47.9
North 24 Parganas,122,N24P-122,88,Health Sub-Centre 88,327,325,1,653,49.77
North 24 Parganas,122,N24P-122,89,Health Sub-Centre 89,365,347,1,713,48.67
North 24 Parganas,122,N24P-122,90,Temple Hall 90,259,266,1,526,50.57
North 24 Parganas,122,N24P-122,91,Madrasa 91,402,365,1,768,47.53
North 24 Parganas,122,N24P-122,92,Post Office 92,329,322,0,651,49.46
North 24 Parganas,122,N24P-122,93,Community Hall 93,276,277,1,554,50.0
North 24 Parganas,122,N24P-122,94,Club Building 94,293,265,0,558,47.49
North 24 Parganas,122,N24P-122,95,High School 95,250,256,1,507,50.49
North 24 Parganas,122,N24P-122,96,Govt Office 96,314,321,0,635,50.55
North 24 Parganas,122,N24P-122,97,Madrasa 97,274,269,1,544,49.45
North 24 Parganas,122,N24P-122,98,Temple Hall 98,286,295,1,582,50.69
North 24 Parganas,122,N24P-122,99,Community Hall 99,336,305,1,642,47.51
North 24 Parganas,122,N24P-122,100,Madrasa 100,269,261,0,530,49.25
North 24 Parganas,122,N24P-122,101,Health Sub-Centre 101,307,310,0,617,50.24
North 24 Parganas,122,N24P-122,102,Market Building 102,324,322,0,646,49.85
North 24 Parganas,122,N24P-122,103,Primary School 103,415,404,0,819,49.33
North 24 Parganas,122,N24P-122,104,Temple Hall 104,358,359,1,718,50.0
North 24 Parganas,122,N24P-122,105,Market Building 105,269,265,0,534,49.63
North 24 Parganas,122,N24P-122,106,Madrasa 106,406,388,1,795,48.81
North 24 Parganas,122,N24P-122,107,High School 107,389,385,0,774,49.74
North 24 Parganas,122,N24P-122,108,Primary School 108,270,262,1,533,49.16
North 24 Parganas,122,N24P-122,109,Health Sub-Centre 109,404,414,1,819,50.55
North 24 Parganas,122,N24P-122,110,Temple Hall 110,267,251,1,519,48.36
North 24 Parganas,122,N24P-122,111,Club Building 111,385,394,0,779,50.58
North 24 Parganas,122,N24P-122,112,Club Building 112,382,345,1,728,47.39
North 24 Parganas,122,N24P-122,113,Club Building 113,378,342,1,721,47.43
North 24 Parganas,122,N24P-122,114,High School 114,364,367,1,732,50.14
North 24 Parganas,122,N24P-122,115,Panchayat Bhavan 115,354,343,0,697,49.21
North 24 Parganas,122,N24P-122,116,Govt Office 116,376,388,1,765,50.72
North 24 Parganas,122,N24P-122,117,Anganwadi Centre 117,414,400,1,815,49.08
North 24 Parganas,122,N24P-122,118,Madrasa 118,316,317,0,633,50.08
North 24 Parganas,122,N24P-122,119,Market Building 119,310,317,0,627,50.56
North 24 Parganas,122,N24P-122,120,Health Sub-Centre 120,329,338,1,668,50.6
North 24 Parganas,122,N24P-122,121,High School 121,396,383,0,779,49.17
North 24 Parganas,122,N24P-122,122,High School 122,385,373,0,758,49.21
North 24 Parganas,122,N24P-122,123,Health Sub-Centre 123,338,335,1,674,49.7
North 24 Parganas,122,N24P-122,124,Health Sub-Centre 124,380,350,0,730,47.95
North 24 Parganas,122,N24P-122,125,Anganwadi Centre 125,336,307,1,644,47.67
North 24 Parganas,122,N24P-122,126,Madrasa 126,340,345,1,686,50.29
North 24 Parganas,122,N24P-122,127,Anganwadi Centre 127,359,354,1,714,49.58
North 24 Parganas,122,N24P-122,128,Panchayat Bhavan 128,332,310,0,642,48.29
North 24 Parganas,122,N24P-122,129,Temple Hall 129,260,268,0,528,50.76
North 24 Parganas,122,N24P-122,130,Health Sub-Centre 130,308,318,1,627,50.72
North 24 Parganas,122,N24P-122,131,Anganwadi Centre 131,292,287,1,580,49.48
North 24 Parganas,122,N24P-122,132,Panchayat Bhavan 132,410,386,0,796,48.49
North 24 Parganas,122,N24P-122,133,Post Office 133,406,398,1,805,49.44
North 24 Parganas,122,N24P-122,134,Health Sub-Centre 134,257,233,1,491,47.45
North 24 Parganas,122,N24P-122,135,Govt Office 135,324,305,0,629,48.49
North 24 Parganas,122,N24P-122,136,Govt Office 136,307,311,0,618,50.32
North 24 Parganas,122,N24P-122,137,Health Sub-Centre 137,301,291,1,593,49.07
North 24 Parganas,122,N24P-122,138,Primary School 138,400,394,0,794,49.62
North 24 Parganas,122,N24P-122,139,Temple Hall 139,296,286,1,583,49.06
North 24 Parganas,122,N24P-122,140,Community Hall 140,369,349,0,718,48.61
North 24 Parganas,122,N24P-122,141,Temple Hall 141,244,237,0,481,49.27
North 24 Parganas,122,N24P-122,142,Govt Office 142,364,332,0,696,47.7
North 24 Parganas,122,N24P-122,143,Panchayat Bhavan 143,328,329,1,658,50.0
North 24 Parganas,122,N24P-122,144,Primary School 144,362,344,0,706,48.73
North 24 Parganas,122,N24P-122,145,Panchayat Bhavan 145,390,378,1,769,49.15
North 24 Parganas,122,N24P-122,146,Post Office 146,287,285,0,572,49.83
North 24 Parganas,122,N24P-122,147,Club Building 147,274,275,0,549,50.09
North 24 Parganas,122,N24P-122,148,Anganwadi Centre 148,348,334,1,683,48.9
North 24 Parganas,122,N24P-122,149,Panchayat Bhavan 149,427,383,1,811,47.23
North 24 Parganas,122,N24P-122,150,Market Building 150,252,235,1,488,48.16
North 24 Parganas,122,N24P-122,151,Madrasa 151,307,295,1,603,48.92
North 24 Parganas,122,N24P-122,152,Primary School 152,252,259,0,511,50.68
North 24 Parganas,122,N24P-122,153,Anganwadi Centre 153,348,337,0,685,49.2
North 24 Parganas,122,N24P-122,154,Primary School 154,311,301,1,613,49.1
North 24 Parganas,122,N24P-122,155,Post Office 155,306,315,1,622,50.64
North 24 Parganas,122,N24P-122,156,Post Office 156,282,274,0,556,49.28
North 24 Parganas,122,N24P-122,157,Club Building 157,399,398,0,797,49.94
North 24 Parganas,122,N24P-122,158,Primary School 158,301,287,0,588,48.81
North 24 Parganas,122,N24P-122,159,Govt Office 159,308,308,1,617,49.92
North 24 Parganas,122,N24P-122,160,Panchayat Bhavan 160,251,229,0,480,47.71
North 24 Parganas,122,N24P-122,161,Primary School 161,396,379,1,776,48.84
North 24 Parganas,122,N24P-122,162,Post Office 162,378,388,1,767,50.59
North 24 Parganas,122,N24P-122,163,Market Building 163,247,251,1,499,50.3
North 24 Parganas,122,N24P-122,164,Market Building 164,280,285,1,566,50.35
North 24 Parganas,122,N24P-122,165,Panchayat Bhavan 165,279,288,1,568,50.7
North 24 Parganas,122,N24P-122,166,Anganwadi Centre 166,276,248,0,524,47.33
North 24 Parganas,122,N24P-122,167,High School 167,402,371,0,773,47.99
North 24 Parganas,122,N24P-122,168,Post Office 168,242,248,1,491,50.51
North 24 Parganas,122,N24P-122,169,Primary School 169,405,409,0,814,50.25
North 24 Parganas,122,N24P-122,170,Market Building 170,406,374,1,781,47.89
North 24 Parganas,122,N24P-122,171,Anganwadi Centre 171,321,293,0,614,47.72
North 24 Parganas,122,N24P-122,172,Health Sub-Centre 172,387,356,0,743,47.91
North 24 Parganas,122,N24P-122,173,Panchayat Bhavan 173,264,246,1,511,48.14
North 24 Parganas,122,N24P-122,174,Community Hall 174,245,250,0,495,50.51
North 24 Parganas,122,N24P-122,175,Primary School 175,378,379,0,757,50.07
North 24 Parganas,122,N24P-122,176,Madrasa 176,324,324,1,649,49.92
North 24 Parganas,122,N24P-122,177,Post Office 177,246,246,0,492,50.0
North 24 Parganas,122,N24P-122,178,Health Sub-Centre 178,414,391,1,806,48.51
North 24 Parganas,122,N24P-122,179,Anganwadi Centre 179,329,339,0,668,50.75
North 24 Parganas,122,N24P-122,180,Club Building 180,378,353,1,732,48.22
North 24 Parganas,122,N24P-122,181,Govt Office 181,417,398,0,815,48.83
North 24 Parganas,122,N24P-122,182,Community Hall 182,300,276,1,577,47.83
North 24 Parganas,122,N24P-122,183,Community Hall 183,281,283,0,564,50.18
North 24 Parganas,123,N24P-123,1,Temple Hall 1,307,315,0,622,50.64
North 24 Parganas,123,N24P-123,2,Madrasa 2,376,351,1,728,48.21
North 24 Parganas,123,N24P-123,3,Primary School 3,384,373,1,758,49.21
North 24 Parganas,123,N24P-123,4,Govt Office 4,352,336,0,688,48.84
North 24 Parganas,123,N24P-123,5,High School 5,319,299,0,618,48.38
North 24 Parganas,123,N24P-123,6,Govt Office 6,353,348,0,701,49.64
North 24 Parganas,123,N24P-123,7,Health Sub-Centre 7,418,388,0,806,48.14
North 24 Parganas,123,N24P-123,8,Primary School 8,278,254,1,533,47.65
North 24 Parganas,123,N24P-123,9,Primary School 9,366,347,0,713,48.67
North 24 Parganas,123,N24P-123,10,Anganwadi Centre 10,384,394,1,779,50.58
North 24 Parganas,123,N24P-123,11,Club Building 11,402,410,0,812,50.49
North 24 Parganas,123,N24P-123,12,Post Office 12,299,272,1,572,47.55
North 24 Parganas,123,N24P-123,13,Primary School 13,287,285,0,572,49.83
North 24 Parganas,123,N24P-123,14,High School 14,350,323,1,674,47.92
North 24 Parganas,123,N24P-123,15,Community Hall 15,246,251,0,497,50.5
North 24 Parganas,123,N24P-123,16,Temple Hall 16,317,293,1,611,47.95
North 24 Parganas,123,N24P-123,17,Club Building 17,333,298,1,632,47.15
North 24 Parganas,123,N24P-123,18,Govt Office 18,377,373,1,751,49.67
North 24 Parganas,123,N24P-123,19,Temple Hall 19,386,387,0,773,50.06
North 24 Parganas,123,N24P-123,20,Post Office 20,380,350,1,731,47.88
North 24 Parganas,123,N24P-123,21,High School 21,274,276,0,550,50.18
North 24 Parganas,123,N24P-123,22,Primary School 22,371,376,1,748,50.27
North 24 Parganas,123,N24P-123,23,Community Hall 23,347,354,1,702,50.43
North 24 Parganas,123,N24P-123,24,Post Office 24,355,324,0,679,47.72
North 24 Parganas,123,N24P-123,25,Post Office 25,308,315,1,624,50.48
North 24 Parganas,123,N24P-123,26,Market Building 26,262,255,0,517,49.32
North 24 Parganas,123,N24P-123,27,Community Hall 27,354,349,0,703,49.64
North 24 Parganas,123,N24P-123,28,Community Hall 28,276,279,0,555,50.27
North 24 Parganas,123,N24P-123,29,Community Hall 29,274,280,0,554,50.54
North 24 Parganas,123,N24P-123,30,Panchayat Bhavan 30,252,240,0,492,48.78
North 24 Parganas,123,N24P-123,31,Anganwadi Centre 31,353,349,1,703,49.64
North 24 Parganas,123,N24P-123,32,Post Office 32,273,274,0,547,50.09
North 24 Parganas,123,N24P-123,33,Anganwadi Centre 33,265,244,0,509,47.94
North 24 Parganas,123,N24P-123,34,Temple Hall 34,328,301,0,629,47.85
North 24 Parganas,123,N24P-123,35,Community Hall 35,297,295,0,592,49.83
North 24 Parganas,123,N24P-123,36,Market Building 36,383,346,1,730,47.4
North 24 Parganas,123,N24P-123,37,Madrasa 37,403,368,0,771,47.73
North 24 Parganas,123,N24P-123,38,Club Building 38,353,354,0,707,50.07
North 24 Parganas,123,N24P-123,39,Community Hall 39,330,298,0,628,47.45
North 24 Parganas,123,N24P-123,40,Govt Office 40,364,371,1,736,50.41
North 24 Parganas,123,N24P-123,41,Market Building 41,322,292,0,614,47.56
North 24 Parganas,123,N24P-123,42,Club Building 42,310,312,1,623,50.08
North 24 Parganas,123,N24P-123,43,Panchayat Bhavan 43,326,310,1,637,48.67
North 24 Parganas,123,N24P-123,44,High School 44,403,386,0,789,48.92
North 24 Parganas,123,N24P-123,45,Club Building 45,276,275,0,551,49.91
North 24 Parganas,123,N24P-123,46,Madrasa 46,303,282,1,586,48.12
North 24 Parganas,123,N24P-123,47,Anganwadi Centre 47,407,397,1,805,49.32
North 24 Parganas,123,N24P-123,48,Club Building 48,313,305,1,619,49.27
North 24 Parganas,123,N24P-123,49,Club Building 49,367,347,1,715,48.53
North 24 Parganas,123,N24P-123,50,Club Building 50,418,398,1,817,48.71
North 24 Parganas,123,N24P-123,51,Panchayat Bhavan 51,352,353,0,705,50.07
North 24 Parganas,123,N24P-123,52,Club Building 52,319,315,0,634,49.68
North 24 Parganas,123,N24P-123,53,Primary School 53,389,389,1,779,49.94
North 24 Parganas,123,N24P-123,54,Govt Office 54,307,281,0,588,47.79
North 24 Parganas,123,N24P-123,55,Temple Hall 55,274,261,1,536,48.69
North 24 Parganas,123,N24P-123,56,Market Building 56,344,316,0,660,47.88
North 24 Parganas,123,N24P-123,57,Temple Hall 57,313,311,1,625,49.76
North 24 Parganas,123,N24P-123,58,Club Building 58,420,383,1,804,47.64
North 24 Parganas,123,N24P-123,59,Anganwadi Centre 59,278,249,1,528,47.16
North 24 Parganas,123,N24P-123,60,Primary School 60,387,356,0,743,47.91
North 24 Parganas,123,N24P-123,61,Anganwadi Centre 61,324,327,0,651,50.23
North 24 Parganas,123,N24P-123,62,High School 62,399,367,1,767,47.85
North 24 Parganas,123,N24P-123,63,Madrasa 63,323,306,0,629,48.65
North 24 Parganas,123,N24P-123,64,Post Office 64,395,389,0,784,49.62
North 24 Parganas,123,N24P-123,65,Anganwadi Centre 65,355,335,1,691,48.48
North 24 Parganas,123,N24P-123,66,Health Sub-Centre 66,260,235,1,496,47.38
North 24 Parganas,123,N24P-123,67,Primary School 67,295,295,0,590,50.0
North 24 Parganas,123,N24P-123,68,Primary School 68,397,359,1,757,47.42
North 24 Parganas,123,N24P-123,69,Madrasa 69,404,378,0,782,48.34
North 24 Parganas,123,N24P-123,70,High School 70,306,312,1,619,50.4
North 24 Parganas,123,N24P-123,71,Primary School 71,290,296,1,587,50.43
North 24 Parganas,123,N24P-123,72,Govt Office 72,272,271,1,544,49.82
North 24 Parganas,123,N24P-123,73,Market Building 73,280,276,0,556,49.64
North 24 Parganas,123,N24P-123,74,Primary School 74,395,371,1,767,48.37
North 24 Parganas,123,N24P-123,75,Govt Office 75,284,293,0,577,50.78
North 24 Parganas,123,N24P-123,76,Anganwadi Centre 76,271,257,1,529,48.58
North 24 Parganas,123,N24P-123,77,Anganwadi Centre 77,394,399,1,794,50.25
North 24 Parganas,123,N24P-123,78,Anganwadi Centre 78,281,287,0,568,50.53
North 24 Parganas,123,N24P-123,79,Madrasa 79,368,335,1,704,47.59
North 24 Parganas,123,N24P-123,80,Club Building 80,319,326,0,645,50.54
North 24 Parganas,123,N24P-123,81,High School 81,263,240,0,503,47.71
North 24 Parganas,123,N24P-123,82,Panchayat Bhavan 82,414,396,0,810,48.89
North 24 Parganas,123,N24P-123,83,Govt Office 83,278,268,0,546,49.08
North 24 Parganas,123,N24P-123,84,Club Building 84,344,317,0,661,47.96
North 24 Parganas,123,N24P-123,85,Temple Hall 85,255,260,1,516,50.39
North 24 Parganas,123,N24P-123,86,High School 86,418,380,0,798,47.62
North 24 Parganas,123,N24P-123,87,Community Hall 87,418,397,0,815,48.71
North 24 Parganas,123,N24P-123,88,High School 88,397,362,0,759,47.69
North 24 Parganas,123,N24P-123,89,Health Sub-Centre 89,311,318,1,630,50.48
North 24 Parganas,123,N24P-123,90,High School 90,362,372,1,735,50.61
North 24 Parganas,123,N24P-123,91,Primary School 91,275,264,1,540,48.89
North 24 Parganas,123,N24P-123,92,Health Sub-Centre 92,297,271,0,568,47.71
North 24 Parganas,123,N24P-123,93,Madrasa 93,315,296,0,611,48.45
North 24 Parganas,123,N24P-123,94,Post Office 94,326,319,1,646,49.38
North 24 Parganas,123,N24P-123,95,Govt Office 95,312,282,0,594,47.47
North 24 Parganas,123,N24P-123,96,Temple Hall 96,281,259,0,540,47.96
North 24 Parganas,123,N24P-123,97,Temple Hall 97,296,277,1,574,48.26
North 24 Parganas,123,N24P-123,98,Govt Office 98,346,328,1,675,48.59
North 24 Parganas,123,N24P-123,99,Temple Hall 99,413,376,0,789,47.66
North 24 Parganas,123,N24P-123,100,Madrasa 100,332,341,0,673,50.67
North 24 Parganas,123,N24P-123,101,Primary School 101,301,294,1,596,49.33
North 24 Parganas,123,N24P-123,102,Club Building 102,356,319,1,676,47.19
North 24 Parganas,123,N24P-123,103,Madrasa 103,270,267,0,537,49.72
North 24 Parganas,123,N24P-123,104,Community Hall 104,394,368,1,763,48.23
North 24 Parganas,123,N24P-123,105,Club Building 105,366,345,0,711,48.52
North 24 Parganas,123,N24P-123,106,Health Sub-Centre 106,268,242,1,511,47.36
North 24 Parganas,123,N24P-123,107,Madrasa 107,265,270,0,535,50.47
North 24 Parganas,123,N24P-123,108,Club Building 108,312,288,0,600,48.0
North 24 Parganas,123,N24P-123,109,Madrasa 109,412,385,1,798,48.25
North 24 Parganas,123,N24P-123,110,Post Office 110,273,263,0,536,49.07
North 24 Parganas,123,N24P-123,111,Health Sub-Centre 111,421,397,1,819,48.47
North 24 Parganas,123,N24P-123,112,Community Hall 112,284,267,1,552,48.37
North 24 Parganas,123,N24P-123,113,Health Sub-Centre 113,371,369,1,741,49.8
North 24 Parganas,123,N24P-123,114,Market Building 114,353,319,0,672,47.47
North 24 Parganas,123,N24P-123,115,Anganwadi Centre 115,326,327,1,654,50.0
North 24 Parganas,123,N24P-123,116,Post Office 116,238,243,0,481,50.52
North 24 Parganas,123,N24P-123,117,Post Office 117,308,277,0,585,47.35
North 24 Parganas,123,N24P-123,118,Club Building 118,276,268,1,545,49.17
North 24 Parganas,123,N24P-123,119,Post Office 119,311,295,1,607,48.6
North 24 Parganas,123,N24P-123,120,Anganwadi Centre 120,304,275,0,579,47.5
North 24 Parganas,123,N24P-123,121,Panchayat Bhavan 121,343,343,1,687,49.93
North 24 Parganas,123,N24P-123,122,Madrasa 122,296,287,1,584,49.14
North 24 Parganas,123,N24P-123,123,Market Building 123,325,312,0,637,48.98
North 24 Parganas,123,N24P-123,124,Panchayat Bhavan 124,270,249,1,520,47.88
North 24 Parganas,123,N24P-123,125,Anganwadi Centre 125,336,327,0,663,49.32
North 24 Parganas,123,N24P-123,126,Post Office 126,302,294,0,596,49.33
North 24 Parganas,123,N24P-123,127,Health Sub-Centre 127,289,278,0,567,49.03
North 24 Parganas,123,N24P-123,128,Club Building 128,387,353,1,741,47.64
North 24 Parganas,123,N24P-123,129,Primary School 129,334,333,1,668,49.85
North 24 Parganas,123,N24P-123,130,Community Hall 130,330,299,1,630,47.46
North 24 Parganas,123,N24P-123,131,Club Building 131,325,311,0,636,48.9
North 24 Parganas,123,N24P-123,132,Panchayat Bhavan 132,317,306,0,623,49.12
North 24 Parganas,123,N24P-123,133,Anganwadi Centre 133,333,319,0,652,48.93
North 24 Parganas,123,N24P-123,134,Temple Hall 134,389,391,1,781,50.06
North 24 Parganas,123,N24P-123,135,Madrasa 135,309,316,0,625,50.56
North 24 Parganas,123,N24P-123,136,Panchayat Bhavan 136,257,244,1,502,48.61
North 24 Parganas,123,N24P-123,137,Market Building 137,406,377,0,783,48.15
North 24 Parganas,123,N24P-123,138,Temple Hall 138,409,388,1,798,48.62
North 24 Parganas,123,N24P-123,139,Health Sub-Centre 139,275,279,0,554,50.36
North 24 Parganas,123,N24P-123,140,Anganwadi Centre 140,288,267,0,555,48.11
North 24 Parganas,123,N24P-123,141,Temple Hall 141,278,271,1,550,49.27
North 24 Parganas,123,N24P-123,142,Community Hall 142,370,366,1,737,49.66
North 24 Parganas,123,N24P-123,143,Club Building 143,329,331,1,661,50.08
North 24 Parganas,123,N24P-123,144,Market Building 144,242,245,0,487,50.31
North 24 Parganas,123,N24P-123,145,Health Sub-Centre 145,400,404,1,805,50.19
North 24 Parganas,123,N24P-123,146,Post Office 146,349,328,0,677,48.45
North 24 Parganas,123,N24P-123,147,Health Sub-Centre 147,390,394,1,785,50.19
North 24 Parganas,123,N24P-123,148,Anganwadi Centre 148,268,270,0,538,50.19
North 24 Parganas,123,N24P-123,149,Community Hall 149,414,393,1,808,48.64
North 24 Parganas,123,N24P-123,150,Post Office 150,371,375,0,746,50.27
North 24 Parganas,123,N24P-123,151,Anganwadi Centre 151,383,349,1,733,47.61
North 24 Parganas,123,N24P-123,152,Anganwadi Centre 152,257,264,0,521,50.67
North 24 Parganas,123,N24P-123,153,Club Building 153,404,376,0,780,48.21
North 24 Parganas,123,N24P-123,154,Post Office 154,326,305,1,632,48.26
North 24 Parganas,123,N24P-123,155,Health Sub-Centre 155,285,277,0,562,49.29
North 24 Parganas,123,N24P-123,156,Primary School 156,362,374,1,737,50.75
North 24 Parganas,123,N24P-123,157,Temple Hall 157,268,270,1,539,50.09
North 24 Parganas,123,N24P-123,158,High School 158,244,236,0,480,49.17
North 24 Parganas,123,N24P-123,159,Post Office 159,391,391,0,782,50.0
North 24 Parganas,123,N24P-123,160,Market Building 160,425,387,0,812,47.66
North 24 Parganas,123,N24P-123,161,Temple Hall 161,416,402,1,819,49.08
North 24 Parganas,123,N24P-123,162,Market Building 162,280,287,0,567,50.62
North 24 Parganas,123,N24P-123,163,Madrasa 163,367,371,1,739,50.2
North 24 Parganas,123,N24P-123,164,Govt Office 164,327,319,0,646,49.38
North 24 Parganas,123,N24P-123,165,High School 165,375,381,1,757,50.33
North 24 Parganas,123,N24P-123,166,Community Hall 166,294,267,1,562,47.51
North 24 Parganas,123,N24P-123,167,Madrasa 167,398,407,1,806,50.5
North 24 Parganas,123,N24P-123,168,Club Building 168,349,347,0,696,49.86
North 24 Parganas,123,N24P-123,169,Post Office 169,343,312,0,655,47.63
North 24 Parganas,123,N24P-123,170,Temple Hall 170,254,238,0,492,48.37
North 24 Parganas,123,N24P-123,171,High School 171,292,270,1,563,47.96
North 24 Parganas,123,N24P-123,172,Primary School 172,409,405,1,815,49.69
North 24 Parganas,123,N24P-123,173,High School 173,336,336,0,672,50.0
North 24 Parganas,123,N24P-123,174,Madrasa 174,290,260,0,550,47.27
North 24 Parganas,123,N24P-123,175,Anganwadi Centre 175,389,354,0,743,47.64
North 24 Parganas,123,N24P-123,176,High School 176,403,398,1,802,49.63
North 24 Parganas,123,N24P-123,177,Market Building 177,398,399,1,798,50.0
North 24 Parganas,123,N24P-123,178,Govt Office 178,287,285,1,573,49.74
North 24 Parganas,123,N24P-123,179,Health Sub-Centre 179,323,291,1,615,47.32
North 24 Parganas,123,N24P-123,180,Madrasa 180,393,376,0,769,48.89
North 24 Parganas,123,N24P-123,181,Madrasa 181,411,372,1,784,47.45
North 24 Parganas,123,N24P-123,182,Anganwadi Centre 182,279,281,0,560,50.18
North 24 Parganas,123,N24P-123,183,Govt Office 183,359,345,0,704,49.01
North 24 Parganas,123,N24P-123,184,Madrasa 184,336,329,1,666,49.4
North 24 Parganas,123,N24P-123,185,Community Hall 185,381,384,1,766,50.13
North 24 Parganas,123,N24P-123,186,Madrasa 186,287,262,0,549,47.72
North 24 Parganas,123,N24P-123,187,Govt Office 187,315,314,1,630,49.84
North 24 Parganas,123,N24P-123,188,Post Office 188,405,369,1,775,47.61
North 24 Parganas,123,N24P-123,189,Market Building 189,311,290,1,602,48.17
North 24 Parganas,123,N24P-123,190,Temple Hall 190,306,293,1,600,48.83
North 24 Parganas,123,N24P-123,191,Primary School 191,308,282,0,590,47.8
North 24 Parganas,123,N24P-123,192,Anganwadi Centre 192,420,380,0,800,47.5
North 24 Parganas,123,N24P-123,193,Post Office 193,325,335,1,661,50.68
North 24 Parganas,124,N24P-124,1,Market Building 1,300,275,1,576,47.74
North 24 Parganas,124,N24P-124,2,Govt Office 2,277,263,1,541,48.61
North 24 Parganas,124,N24P-124,3,Market Building 3,255,260,1,516,50.39
North 24 Parganas,124,N24P-124,4,Panchayat Bhavan 4,373,348,1,722,48.2
North 24 Parganas,124,N24P-124,5,Primary School 5,379,354,1,734,48.23
North 24 Parganas,124,N24P-124,6,Club Building 6,303,298,0,601,49.58
North 24 Parganas,124,N24P-124,7,Market Building 7,353,327,1,681,48.02
North 24 Parganas,124,N24P-124,8,High School 8,264,242,1,507,47.73
North 24 Parganas,124,N24P-124,9,Primary School 9,367,345,1,713,48.39
North 24 Parganas,124,N24P-124,10,Health Sub-Centre 10,338,312,0,650,48.0
North 24 Parganas,124,N24P-124,11,Health Sub-Centre 11,406,393,1,800,49.12
North 24 Parganas,124,N24P-124,12,Club Building 12,336,309,1,646,47.83
North 24 Parganas,124,N24P-124,13,Community Hall 13,277,265,1,543,48.8
North 24 Parganas,124,N24P-124,14,Community Hall 14,364,329,0,693,47.47
North 24 Parganas,124,N24P-124,15,Health Sub-Centre 15,277,248,1,526,47.15
North 24 Parganas,124,N24P-124,16,Primary School 16,398,366,1,765,47.84
North 24 Parganas,124,N24P-124,17,High School 17,308,291,1,600,48.5
North 24 Parganas,124,N24P-124,18,Community Hall 18,395,385,1,781,49.3
North 24 Parganas,124,N24P-124,19,Anganwadi Centre 19,344,309,0,653,47.32
North 24 Parganas,124,N24P-124,20,Market Building 20,380,343,1,724,47.38
North 24 Parganas,124,N24P-124,21,Market Building 21,321,290,1,612,47.39
North 24 Parganas,124,N24P-124,22,Panchayat Bhavan 22,260,255,1,516,49.42
North 24 Parganas,124,N24P-124,23,High School 23,309,318,0,627,50.72
North 24 Parganas,124,N24P-124,24,Market Building 24,320,325,1,646,50.31
North 24 Parganas,124,N24P-124,25,Market Building 25,338,312,1,651,47.93
North 24 Parganas,124,N24P-124,26,Health Sub-Centre 26,246,248,1,495,50.1
North 24 Parganas,124,N24P-124,27,Health Sub-Centre 27,301,272,1,574,47.39
North 24 Parganas,124,N24P-124,28,Health Sub-Centre 28,268,244,0,512,47.66
North 24 Parganas,124,N24P-124,29,Panchayat Bhavan 29,402,410,1,813,50.43
North 24 Parganas,124,N24P-124,30,Market Building 30,281,254,1,536,47.39
North 24 Parganas,124,N24P-124,31,Madrasa 31,412,385,0,797,48.31
North 24 Parganas,124,N24P-124,32,Community Hall 32,285,260,0,545,47.71
North 24 Parganas,124,N24P-124,33,Health Sub-Centre 33,323,324,0,647,50.08
North 24 Parganas,124,N24P-124,34,High School 34,393,375,1,769,48.76
North 24 Parganas,124,N24P-124,35,Club Building 35,301,289,1,591,48.9
North 24 Parganas,124,N24P-124,36,Club Building 36,379,340,0,719,47.29
North 24 Parganas,124,N24P-124,37,Temple Hall 37,248,236,1,485,48.66
North 24 Parganas,124,N24P-124,38,Primary School 38,255,254,1,510,49.8
North 24 Parganas,124,N24P-124,39,Govt Office 39,347,314,0,661,47.5
North 24 Parganas,124,N24P-124,40,Temple Hall 40,382,380,0,762,49.87
North 24 Parganas,124,N24P-124,41,Primary School 41,266,262,1,529,49.53
North 24 Parganas,124,N24P-124,42,Panchayat Bhavan 42,359,352,1,712,49.44
North 24 Parganas,124,N24P-124,43,Madrasa 43,366,378,0,744,50.81
North 24 Parganas,124,N24P-124,44,Temple Hall 44,312,283,0,595,47.56
North 24 Parganas,124,N24P-124,45,High School 45,274,279,1,554,50.36
North 24 Parganas,124,N24P-124,46,Govt Office 46,326,332,1,659,50.38
North 24 Parganas,124,N24P-124,47,High School 47,289,270,0,559,48.3
North 24 Parganas,124,N24P-124,48,Community Hall 48,300,307,0,607,50.58
North 24 Parganas,124,N24P-124,49,Govt Office 49,380,382,0,762,50.13
North 24 Parganas,124,N24P-124,50,Club Building 50,347,345,0,692,49.86
North 24 Parganas,124,N24P-124,51,Madrasa 51,340,329,0,669,49.18
North 24 Parganas,124,N24P-124,52,Health Sub-Centre 52,420,385,0,805,47.83
North 24 Parganas,124,N24P-124,53,Health Sub-Centre 53,289,294,1,584,50.34
North 24 Parganas,124,N24P-124,54,Temple Hall 54,392,367,0,759,48.35
North 24 Parganas,124,N24P-124,55,Madrasa 55,339,349,1,689,50.65
North 24 Parganas,124,N24P-124,56,Post Office 56,349,337,1,687,49.05
North 24 Parganas,124,N24P-124,57,High School 57,250,256,0,506,50.59
North 24 Parganas,124,N24P-124,58,Madrasa 58,409,387,1,797,48.56
North 24 Parganas,124,N24P-124,59,Anganwadi Centre 59,403,366,0,769,47.59
North 24 Parganas,124,N24P-124,60,Anganwadi Centre 60,301,307,1,609,50.41
North 24 Parganas,124,N24P-124,61,Madrasa 61,311,279,1,591,47.21
North 24 Parganas,124,N24P-124,62,Community Hall 62,353,358,1,712,50.28
North 24 Parganas,124,N24P-124,63,Temple Hall 63,396,389,0,785,49.55
North 24 Parganas,124,N24P-124,64,Primary School 64,282,284,0,566,50.18
North 24 Parganas,124,N24P-124,65,High School 65,360,364,1,725,50.21
North 24 Parganas,124,N24P-124,66,Market Building 66,321,316,1,638,49.53
North 24 Parganas,124,N24P-124,67,Health Sub-Centre 67,250,246,0,496,49.6
North 24 Parganas,124,N24P-124,68,High School 68,367,329,0,696,47.27
North 24 Parganas,124,N24P-124,69,Anganwadi Centre 69,383,355,1,739,48.04
North 24 Parganas,124,N24P-124,70,Health Sub-Centre 70,271,243,0,514,47.28
North 24 Parganas,124,N24P-124,71,Post Office 71,400,387,0,787,49.17
North 24 Parganas,124,N24P-124,72,Primary School 72,395,355,0,750,47.33
North 24 Parganas,124,N24P-124,73,Community Hall 73,319,305,1,625,48.8
North 24 Parganas,124,N24P-124,74,Market Building 74,316,293,0,609,48.11
North 24 Parganas,124,N24P-124,75,Govt Office 75,281,266,1,548,48.54
North 24 Parganas,124,N24P-124,76,Anganwadi Centre 76,259,266,0,525,50.67
North 24 Parganas,124,N24P-124,77,Primary School 77,341,308,0,649,47.46
North 24 Parganas,124,N24P-124,78,Club Building 78,399,371,0,770,48.18
North 24 Parganas,124,N24P-124,79,High School 79,328,333,0,661,50.38
North 24 Parganas,124,N24P-124,80,Community Hall 80,355,333,0,688,48.4
North 24 Parganas,124,N24P-124,81,Primary School 81,366,336,0,702,47.86
North 24 Parganas,124,N24P-124,82,Market Building 82,245,237,1,483,49.07
North 24 Parganas,124,N24P-124,83,Community Hall 83,359,336,0,695,48.35
North 24 Parganas,124,N24P-124,84,Govt Office 84,307,294,1,602,48.84
North 24 Parganas,124,N24P-124,85,Madrasa 85,292,268,1,561,47.77
North 24 Parganas,124,N24P-124,86,High School 86,349,350,0,699,50.07
North 24 Parganas,124,N24P-124,87,Community Hall 87,315,306,1,622,49.2
North 24 Parganas,124,N24P-124,88,Temple Hall 88,383,371,0,754,49.2
North 24 Parganas,124,N24P-124,89,Club Building 89,380,351,1,732,47.95
North 24 Parganas,124,N24P-124,90,Panchayat Bhavan 90,261,255,0,516,49.42
North 24 Parganas,124,N24P-124,91,Panchayat Bhavan 91,349,359,1,709,50.63
North 24 Parganas,124,N24P-124,92,Madrasa 92,275,250,0,525,47.62
North 24 Parganas,124,N24P-124,93,Anganwadi Centre 93,288,289,1,578,50.0
North 24 Parganas,124,N24P-124,94,High School 94,307,284,1,592,47.97
North 24 Parganas,124,N24P-124,95,Anganwadi Centre 95,330,326,1,657,49.62
North 24 Parganas,124,N24P-124,96,Post Office 96,326,294,0,620,47.42
North 24 Parganas,124,N24P-124,97,Post Office 97,303,311,1,615,50.57
North 24 Parganas,124,N24P-124,98,Anganwadi Centre 98,284,263,1,548,47.99
North 24 Parganas,124,N24P-124,99,High School 99,380,367,0,747,49.13
North 24 Parganas,124,N24P-124,100,High School 100,369,379,0,748,50.67
North 24 Parganas,124,N24P-124,101,Madrasa 101,258,246,0,504,48.81
North 24 Parganas,124,N24P-124,102,Health Sub-Centre 102,383,391,1,775,50.45
North 24 Parganas,124,N24P-124,103,Primary School 103,412,404,1,817,49.45
North 24 Parganas,124,N24P-124,104,Temple Hall 104,318,290,0,608,47.7
North 24 Parganas,124,N24P-124,105,Anganwadi Centre 105,348,355,1,704,50.43
North 24 Parganas,124,N24P-124,106,Govt Office 106,351,337,0,688,48.98
North 24 Parganas,124,N24P-124,107,Club Building 107,332,338,1,671,50.37
North 24 Parganas,124,N24P-124,108,Primary School 108,244,250,1,495,50.51
North 24 Parganas,124,N24P-124,109,Panchayat Bhavan 109,289,280,1,570,49.12
North 24 Parganas,124,N24P-124,110,Health Sub-Centre 110,365,368,0,733,50.2
North 24 Parganas,124,N24P-124,111,Govt Office 111,254,240,0,494,48.58
North 24 Parganas,124,N24P-124,112,Govt Office 112,276,262,1,539,48.61
North 24 Parganas,124,N24P-124,113,Health Sub-Centre 113,404,383,1,788,48.6
North 24 Parganas,124,N24P-124,114,Post Office 114,401,401,0,802,50.0
North 24 Parganas,124,N24P-124,115,Market Building 115,310,287,0,597,48.07
North 24 Parganas,124,N24P-124,116,Temple Hall 116,320,294,1,615,47.8
North 24 Parganas,124,N24P-124,117,Market Building 117,326,303,0,629,48.17
North 24 Parganas,124,N24P-124,118,Health Sub-Centre 118,411,403,1,815,49.45
North 24 Parganas,124,N24P-124,119,Govt Office 119,380,369,0,749,49.27
North 24 Parganas,124,N24P-124,120,Panchayat Bhavan 120,261,255,0,516,49.42
North 24 Parganas,124,N24P-124,121,Govt Office 121,244,251,1,496,50.6
North 24 Parganas,124,N24P-124,122,Panchayat Bhavan 122,269,258,1,528,48.86
North 24 Parganas,124,N24P-124,123,Club Building 123,311,321,1,633,50.71
North 24 Parganas,124,N24P-124,124,Community Hall 124,302,306,0,608,50.33
North 24 Parganas,124,N24P-124,125,Primary School 125,327,311,1,639,48.67
North 24 Parganas,124,N24P-124,126,High School 126,320,317,1,638,49.69
North 24 Parganas,124,N24P-124,127,Club Building 127,340,347,0,687,50.51
North 24 Parganas,124,N24P-124,128,Community Hall 128,409,407,1,817,49.82
North 24 Parganas,124,N24P-124,129,Primary School 129,270,258,0,528,48.86
North 24 Parganas,124,N24P-124,130,Community Hall 130,308,285,0,593,48.06
North 24 Parganas,124,N24P-124,131,High School 131,365,340,0,705,48.23
North 24 Parganas,124,N24P-124,132,Club Building 132,274,273,0,547,49.91
North 24 Parganas,124,N24P-124,133,Temple Hall 133,360,322,0,682,47.21
North 24 Parganas,124,N24P-124,134,Anganwadi Centre 134,376,377,1,754,50.0
North 24 Parganas,124,N24P-124,135,Market Building 135,242,241,0,483,49.9
North 24 Parganas,124,N24P-124,136,Post Office 136,386,348,0,734,47.41
North 24 Parganas,124,N24P-124,137,Post Office 137,286,266,0,552,48.19
North 24 Parganas,124,N24P-124,138,Post Office 138,336,311,1,648,47.99
North 24 Parganas,124,N24P-124,139,Club Building 139,288,265,1,554,47.83
North 24 Parganas,124,N24P-124,140,Health Sub-Centre 140,367,339,1,707,47.95
North 24 Parganas,124,N24P-124,141,Temple Hall 141,347,356,0,703,50.64
North 24 Parganas,124,N24P-124,142,Health Sub-Centre 142,324,322,0,646,49.85
North 24 Parganas,124,N24P-124,143,Community Hall 143,334,335,1,670,50.0
North 24 Parganas,124,N24P-124,144,Temple Hall 144,406,367,1,774,47.42
North 24 Parganas,124,N24P-124,145,Post Office 145,349,329,1,679,48.45
North 24 Parganas,124,N24P-124,146,Govt Office 146,407,372,0,779,47.75
North 24 Parganas,124,N24P-124,147,Govt Office 147,370,334,1,705,47.38
North 24 Parganas,124,N24P-124,148,Health Sub-Centre 148,360,327,0,687,47.6
North 24 Parganas,124,N24P-124,149,Health Sub-Centre 149,354,339,1,694,48.85
North 24 Parganas,124,N24P-124,150,Govt Office 150,299,303,1,603,50.25
North 24 Parganas,124,N24P-124,151,Community Hall 151,242,250,1,493,50.71
North 24 Parganas,124,N24P-124,152,Community Hall 152,381,375,1,757,49.54
North 24 Parganas,124,N24P-124,153,Govt Office 153,376,340,0,716,47.49
North 24 Parganas,124,N24P-124,154,Temple Hall 154,423,397,0,820,48.41
North 24 Parganas,124,N24P-124,155,Community Hall 155,392,387,0,779,49.68
North 24 Parganas,124,N24P-124,156,Primary School 156,379,384,0,763,50.33
North 24 Parganas,124,N24P-124,157,Club Building 157,257,241,0,498,48.39
North 24 Parganas,124,N24P-124,158,Anganwadi Centre 158,272,280,1,553,50.63
North 24 Parganas,124,N24P-124,159,Temple Hall 159,271,267,0,538,49.63
North 24 Parganas,124,N24P-124,160,Primary School 160,406,403,0,809,49.81
North 24 Parganas,124,N24P-124,161,Health Sub-Centre 161,333,322,0,655,49.16
North 24 Parganas,124,N24P-124,162,Community Hall 162,370,365,0,735,49.66
North 24 Parganas,124,N24P-124,163,Club Building 163,248,232,1,481,48.23
North 24 Parganas,124,N24P-124,164,Primary School 164,278,249,0,527,47.25
North 24 Parganas,124,N24P-124,165,Anganwadi Centre 165,346,356,0,702,50.71
North 24 Parganas,124,N24P-124,166,Club Building 166,329,328,0,657,49.92
North 24 Parganas,124,N24P-124,167,Temple Hall 167,268,258,0,526,49.05
North 24 Parganas,124,N24P-124,168,Madrasa 168,281,274,1,556,49.28
North 24 Parganas,124,N24P-124,169,High School 169,283,294,1,578,50.87
North 24 Parganas,124,N24P-124,170,Health Sub-Centre 170,326,307,0,633,48.5
North 24 Parganas,124,N24P-124,171,Primary School 171,261,254,1,516,49.22
North 24 Parganas,124,N24P-124,172,Temple Hall 172,296,299,1,596,50.17
North 24 Parganas,124,N24P-124,173,Govt Office 173,300,283,0,583,48.54
North 24 Parganas,124,N24P-124,174,Market Building 174,343,310,0,653,47.47
North 24 Parganas,124,N24P-124,175,High School 175,406,410,1,817,50.18
North 24 Parganas,124,N24P-124,176,Govt Office 176,369,380,0,749,50.73
North 24 Parganas,124,N24P-124,177,High School 177,336,303,0,639,47.42
North 24 Parganas,124,N24P-124,178,Panchayat Bhavan 178,294,265,0,559,47.41
North 24 Parganas,124,N24P-124,179,Primary School 179,388,371,0,759,48.88
North 24 Parganas,124,N24P-124,180,Market Building 180,357,320,0,677,47.27
North 24 Parganas,124,N24P-124,181,Anganwadi Centre 181,279,281,1,561,50.09
North 24 Parganas,124,N24P-124,182,Post Office 182,327,336,0,663,50.68
North 24 Parganas,124,N24P-124,183,Market Building 183,368,347,1,716,48.46
North 24 Parganas,124,N24P-124,184,Madrasa 184,279,252,1,532,47.37
North 24 Parganas,124,N24P-124,185,Madrasa 185,290,260,0,550,47.27
North 24 Parganas,124,N24P-124,186,Panchayat Bhavan 186,389,402,0,791,50.82
North 24 Parganas,124,N24P-124,187,Temple Hall 187,376,356,1,733,48.57
North 24 Parganas,124,N24P-124,188,Primary School 188,271,249,0,520,47.88
North 24 Parganas,124,N24P-124,189,Temple Hall 189,398,384,1,783,49.04
North 24 Parganas,124,N24P-124,190,Madrasa 190,331,312,0,643,48.52
North 24 Parganas,124,N24P-124,191,Govt Office 191,333,311,1,645,48.22
North 24 Parganas,124,N24P-124,192,Community Hall 192,288,278,0,566,49.12
North 24 Parganas,124,N24P-124,193,Temple Hall 193,260,265,1,526,50.38
North 24 Parganas,125,N24P-125,1,Health Sub-Centre 1,285,269,1,555,48.47
North 24 Parganas,125,N24P-125,2,Panchayat Bhavan 2,348,352,0,700,50.29
North 24 Parganas,125,N24P-125,3,Primary School 3,285,292,0,577,50.61
North 24 Parganas,125,N24P-125,4,High School 4,337,321,0,658,48.78
North 24 Parganas,125,N24P-125,5,Post Office 5,272,247,0,519,47.59
North 24 Parganas,125,N24P-125,6,Post Office 6,271,279,1,551,50.64
North 24 Parganas,125,N24P-125,7,Temple Hall 7,419,378,0,797,47.43
North 24 Parganas,125,N24P-125,8,Temple Hall 8,267,275,1,543,50.64
North 24 Parganas,125,N24P-125,9,High School 9,419,384,0,803,47.82
North 24 Parganas,125,N24P-125,10,Anganwadi Centre 10,284,256,0,540,47.41
North 24 Parganas,125,N24P-125,11,Health Sub-Centre 11,396,365,0,761,47.96
North 24 Parganas,125,N24P-125,12,Panchayat Bhavan 12,368,358,0,726,49.31
North 24 Parganas,125,N24P-125,13,Panchayat Bhavan 13,308,277,0,585,47.35
North 24 Parganas,125,N24P-125,14,Market Building 14,371,373,0,744,50.13
North 24 Parganas,125,N24P-125,15,Primary School 15,409,400,1,810,49.38
North 24 Parganas,125,N24P-125,16,Health Sub-Centre 16,296,266,0,562,47.33
North 24 Parganas,125,N24P-125,17,Health Sub-Centre 17,394,374,0,768,48.7
North 24 Parganas,125,N24P-125,18,Madrasa 18,280,261,0,541,48.24
North 24 Parganas,125,N24P-125,19,Govt Office 19,403,405,1,809,50.06
North 24 Parganas,125,N24P-125,20,Health Sub-Centre 20,392,364,1,757,48.08
North 24 Parganas,125,N24P-125,21,Post Office 21,404,362,1,767,47.2
North 24 Parganas,125,N24P-125,22,Health Sub-Centre 22,402,414,1,817,50.67
North 24 Parganas,125,N24P-125,23,Anganwadi Centre 23,254,243,1,498,48.8
North 24 Parganas,125,N24P-125,24,Club Building 24,263,242,1,506,47.83
North 24 Parganas,125,N24P-125,25,Market Building 25,318,295,0,613,48.12
North 24 Parganas,125,N24P-125,26,Community Hall 26,323,332,1,656,50.61
North 24 Parganas,125,N24P-125,27,Market Building 27,385,358,0,743,48.18
North 24 Parganas,125,N24P-125,28,Anganwadi Centre 28,380,341,0,721,47.3
North 24 Parganas,125,N24P-125,29,Community Hall 29,248,251,1,500,50.2
North 24 Parganas,125,N24P-125,30,Market Building 30,277,277,0,554,50.0
North 24 Parganas,125,N24P-125,31,High School 31,312,302,0,614,49.19
North 24 Parganas,125,N24P-125,32,Club Building 32,324,310,0,634,48.9
North 24 Parganas,125,N24P-125,33,Madrasa 33,291,286,0,577,49.57
North 24 Parganas,125,N24P-125,34,Club Building 34,409,388,1,798,48.62
North 24 Parganas,125,N24P-125,35,Community Hall 35,376,372,0,748,49.73
North 24 Parganas,125,N24P-125,36,Health Sub-Centre 36,252,254,1,507,50.1
North 24 Parganas,125,N24P-125,37,Madrasa 37,301,307,1,609,50.41
North 24 Parganas,125,N24P-125,38,Market Building 38,309,294,0,603,48.76
North 24 Parganas,125,N24P-125,39,Panchayat Bhavan 39,281,287,0,568,50.53
North 24 Parganas,125,N24P-125,40,Primary School 40,315,297,1,613,48.45
North 24 Parganas,125,N24P-125,41,Post Office 41,372,367,0,739,49.66
North 24 Parganas,125,N24P-125,42,Club Building 42,326,336,1,663,50.68
North 24 Parganas,125,N24P-125,43,Community Hall 43,258,265,1,524,50.57
North 24 Parganas,125,N24P-125,44,Health Sub-Centre 44,418,398,1,817,48.71
North 24 Parganas,125,N24P-125,45,Health Sub-Centre 45,305,312,0,617,50.57
North 24 Parganas,125,N24P-125,46,Post Office 46,393,396,1,790,50.13
North 24 Parganas,125,N24P-125,47,Club Building 47,285,257,0,542,47.42
North 24 Parganas,125,N24P-125,48,Govt Office 48,283,256,0,539,47.5
North 24 Parganas,125,N24P-125,49,Anganwadi Centre 49,284,280,1,565,49.56
North 24 Parganas,125,N24P-125,50,Health Sub-Centre 50,365,327,1,693,47.19
North 24 Parganas,125,N24P-125,51,Govt Office 51,324,327,0,651,50.23
North 24 Parganas,125,N24P-125,52,Primary School 52,389,390,1,780,50.0
North 24 Parganas,125,N24P-125,53,Panchayat Bhavan 53,394,389,1,784,49.62
North 24 Parganas,125,N24P-125,54,Health Sub-Centre 54,369,332,1,702,47.29
North 24 Parganas,125,N24P-125,55,Health Sub-Centre 55,370,372,1,743,50.07
North 24 Parganas,125,N24P-125,56,Temple Hall 56,409,406,1,816,49.75
North 24 Parganas,125,N24P-125,57,Community Hall 57,260,252,1,513,49.12
North 24 Parganas,125,N24P-125,58,Post Office 58,329,315,1,645,48.84
North 24 Parganas,125,N24P-125,59,Club Building 59,349,337,0,686,49.13
North 24 Parganas,125,N24P-125,60,Anganwadi Centre 60,422,390,1,813,47.97
North 24 Parganas,125,N24P-125,61,Panchayat Bhavan 61,244,241,1,486,49.59
North 24 Parganas,125,N24P-125,62,Club Building 62,405,406,0,811,50.06
North 24 Parganas,125,N24P-125,63,Post Office 63,326,335,0,661,50.68
North 24 Parganas,125,N24P-125,64,Community Hall 64,372,346,1,719,48.12
North 24 Parganas,125,N24P-125,65,Anganwadi Centre 65,307,283,0,590,47.97
North 24 Parganas,125,N24P-125,66,Madrasa 66,374,338,1,713,47.41
North 24 Parganas,125,N24P-125,67,Panchayat Bhavan 67,259,236,0,495,47.68
North 24 Parganas,125,N24P-125,68,Panchayat Bhavan 68,288,290,1,579,50.09
North 24 Parganas,125,N24P-125,69,Temple Hall 69,258,266,1,525,50.67
North 24 Parganas,125,N24P-125,70,Temple Hall 70,269,278,1,548,50.73
North 24 Parganas,125,N24P-125,71,Temple Hall 71,316,310,1,627,49.44
North 24 Parganas,125,N24P-125,72,Panchayat Bhavan 72,311,282,1,594,47.47
North 24 Parganas,125,N24P-125,73,Club Building 73,322,289,0,611,47.3
North 24 Parganas,125,N24P-125,74,High School 74,271,272,0,543,50.09
North 24 Parganas,125,N24P-125,75,Govt Office 75,324,324,1,649,49.92
North 24 Parganas,125,N24P-125,76,Panchayat Bhavan 76,351,324,0,675,48.0
North 24 Parganas,125,N24P-125,77,Post Office 77,274,247,1,522,47.32
North 24 Parganas,125,N24P-125,78,Club Building 78,367,354,1,722,49.03
North 24 Parganas,125,N24P-125,79,Community Hall 79,271,280,1,552,50.72
North 24 Parganas,125,N24P-125,80,High School 80,289,259,0,548,47.26
North 24 Parganas,125,N24P-125,81,Post Office 81,382,363,0,745,48.72
North 24 Parganas,125,N24P-125,82,Primary School 82,289,274,1,564,48.58
North 24 Parganas,125,N24P-125,83,Community Hall 83,260,260,0,520,50.0
North 24 Parganas,125,N24P-125,84,Temple Hall 84,393,375,1,769,48.76
North 24 Parganas,125,N24P-125,85,Health Sub-Centre 85,320,291,0,611,47.63
North 24 Parganas,125,N24P-125,86,Temple Hall 86,277,266,1,544,48.9
North 24 Parganas,125,N24P-125,87,Anganwadi Centre 87,266,266,0,532,50.0
North 24 Parganas,125,N24P-125,88,Post Office 88,315,303,0,618,49.03
North 24 Parganas,125,N24P-125,89,Panchayat Bhavan 89,347,344,1,692,49.71
North 24 Parganas,125,N24P-125,90,Madrasa 90,407,378,0,785,48.15
North 24 Parganas,125,N24P-125,91,Market Building 91,354,353,1,708,49.86
North 24 Parganas,125,N24P-125,92,Community Hall 92,377,377,1,755,49.93
North 24 Parganas,125,N24P-125,93,Community Hall 93,355,365,1,721,50.62
North 24 Parganas,125,N24P-125,94,Temple Hall 94,331,318,1,650,48.92
North 24 Parganas,125,N24P-125,95,Market Building 95,368,339,1,708,47.88
North 24 Parganas,125,N24P-125,96,High School 96,361,352,0,713,49.37
North 24 Parganas,125,N24P-125,97,Post Office 97,405,408,0,813,50.18
North 24 Parganas,125,N24P-125,98,Club Building 98,271,246,0,517,47.58
North 24 Parganas,125,N24P-125,99,Temple Hall 99,360,346,0,706,49.01
North 24 Parganas,125,N24P-125,100,Govt Office 100,275,259,1,535,48.41
North 24 Parganas,125,N24P-125,101,Post Office 101,302,289,1,592,48.82
North 24 Parganas,125,N24P-125,102,Community Hall 102,412,407,0,819,49.69
North 24 Parganas,125,N24P-125,103,Health Sub-Centre 103,275,256,1,532,48.12
North 24 Parganas,125,N24P-125,104,Panchayat Bhavan 104,373,380,0,753,50.46
North 24 Parganas,125,N24P-125,105,Panchayat Bhavan 105,353,329,0,682,48.24
North 24 Parganas,125,N24P-125,106,Club Building 106,339,329,0,668,49.25
North 24 Parganas,125,N24P-125,107,Post Office 107,315,288,1,604,47.68
North 24 Parganas,125,N24P-125,108,Temple Hall 108,321,322,1,644,50.0
North 24 Parganas,125,N24P-125,109,Community Hall 109,381,355,0,736,48.23
North 24 Parganas,125,N24P-125,110,Market Building 110,292,264,0,556,47.48
North 24 Parganas,125,N24P-125,111,Post Office 111,397,387,1,785,49.3
North 24 Parganas,125,N24P-125,112,Market Building 112,346,342,0,688,49.71
North 24 Parganas,125,N24P-125,113,Market Building 113,395,376,1,772,48.7
North 24 Parganas,125,N24P-125,114,Anganwadi Centre 114,342,337,0,679,49.63
North 24 Parganas,125,N24P-125,115,Health Sub-Centre 115,385,383,1,769,49.8
North 24 Parganas,125,N24P-125,116,Temple Hall 116,298,281,0,579,48.53
North 24 Parganas,125,N24P-125,117,Temple Hall 117,371,361,0,732,49.32
North 24 Parganas,125,N24P-125,118,Primary School 118,393,377,0,770,48.96
North 24 Parganas,125,N24P-125,119,Temple Hall 119,371,364,0,735,49.52
North 24 Parganas,125,N24P-125,120,High School 120,308,296,0,604,49.01
North 24 Parganas,125,N24P-125,121,Community Hall 121,296,280,0,576,48.61
North 24 Parganas,125,N24P-125,122,High School 122,246,236,0,482,48.96
North 24 Parganas,125,N24P-125,123,Temple Hall 123,409,383,0,792,48.36
North 24 Parganas,125,N24P-125,124,Post Office 124,348,324,1,673,48.14
North 24 Parganas,125,N24P-125,125,Club Building 125,310,315,1,626,50.32
North 24 Parganas,125,N24P-125,126,Govt Office 126,290,288,0,578,49.83
North 24 Parganas,125,N24P-125,127,Primary School 127,399,409,1,809,50.56
North 24 Parganas,125,N24P-125,128,Post Office 128,344,322,1,667,48.28
North 24 Parganas,125,N24P-125,129,Health Sub-Centre 129,370,376,1,747,50.33
North 24 Parganas,125,N24P-125,130,Madrasa 130,380,384,0,764,50.26
North 24 Parganas,125,N24P-125,131,Community Hall 131,399,375,1,775,48.39
North 24 Parganas,125,N24P-125,132,Health Sub-Centre 132,302,270,0,572,47.2
North 24 Parganas,125,N24P-125,133,Community Hall 133,387,384,0,771,49.81
North 24 Parganas,125,N24P-125,134,Community Hall 134,299,294,0,593,49.58
North 24 Parganas,125,N24P-125,135,Panchayat Bhavan 135,282,286,1,569,50.26
North 24 Parganas,125,N24P-125,136,High School 136,372,365,0,737,49.53
North 24 Parganas,125,N24P-125,137,Govt Office 137,299,305,1,605,50.41
North 24 Parganas,125,N24P-125,138,Health Sub-Centre 138,423,394,0,817,48.23
North 24 Parganas,125,N24P-125,139,Temple Hall 139,379,383,0,762,50.26
North 24 Parganas,125,N24P-125,140,Madrasa 140,395,376,1,772,48.7
North 24 Parganas,125,N24P-125,141,Panchayat Bhavan 141,379,351,1,731,48.02
North 24 Parganas,125,N24P-125,142,Govt Office 142,410,391,0,801,48.81
North 24 Parganas,125,N24P-125,143,High School 143,294,263,0,557,47.22
North 24 Parganas,125,N24P-125,144,Madrasa 144,321,321,0,642,50.0
North 24 Parganas,125,N24P-125,145,Govt Office 145,357,319,0,676,47.19
North 24 Parganas,125,N24P-125,146,Panchayat Bhavan 146,315,302,0,617,48.95
North 24 Parganas,125,N24P-125,147,Panchayat Bhavan 147,286,280,0,566,49.47
North 24 Parganas,125,N24P-125,148,Primary School 148,295,282,0,577,48.87
North 24 Parganas,125,N24P-125,149,Anganwadi Centre 149,345,333,0,678,49.12
North 24 Parganas,125,N24P-125,150,Anganwadi Centre 150,357,332,0,689,48.19
North 24 Parganas,125,N24P-125,151,Madrasa 151,303,294,1,598,49.16
North 24 Parganas,125,N24P-125,152,Govt Office 152,351,316,0,667,47.38
North 24 Parganas,125,N24P-125,153,Market Building 153,254,229,0,483,47.41
North 24 Parganas,125,N24P-125,154,Community Hall 154,271,273,1,545,50.09
North 24 Parganas,125,N24P-125,155,Market Building 155,410,373,0,783,47.64
North 24 Parganas,125,N24P-125,156,Health Sub-Centre 156,336,340,0,676,50.3
North 24 Parganas,125,N24P-125,157,Primary School 157,345,323,1,669,48.28
North 24 Parganas,125,N24P-125,158,Club Building 158,326,297,0,623,47.67
North 24 Parganas,125,N24P-125,159,Community Hall 159,321,288,1,610,47.21
North 24 Parganas,125,N24P-125,160,High School 160,273,257,0,530,48.49
North 24 Parganas,125,N24P-125,161,Community Hall 161,387,353,0,740,47.7
North 24 Parganas,125,N24P-125,162,Temple Hall 162,279,258,0,537,48.04
North 24 Parganas,125,N24P-125,163,Primary School 163,399,376,0,775,48.52
North 24 Parganas,125,N24P-125,164,Temple Hall 164,283,262,0,545,48.07
North 24 Parganas,125,N24P-125,165,Panchayat Bhavan 165,281,279,0,560,49.82
North 24 Parganas,125,N24P-125,166,Temple Hall 166,391,380,0,771,49.29
North 24 Parganas,125,N24P-125,167,Community Hall 167,391,365,0,756,48.28
North 24 Parganas,125,N24P-125,168,Primary School 168,292,282,1,575,49.04
North 24 Parganas,125,N24P-125,169,Anganwadi Centre 169,296,271,1,568,47.71
North 24 Parganas,125,N24P-125,170,Primary School 170,269,254,0,523,48.57
North 24 Parganas,125,N24P-125,171,Panchayat Bhavan 171,264,258,1,523,49.33
North 24 Parganas,125,N24P-125,172,Madrasa 172,272,280,0,552,50.72
North 24 Parganas,125,N24P-125,173,Market Building 173,404,387,1,792,48.86
North 24 Parganas,125,N24P-125,174,Community Hall 174,285,286,0,571,50.09
North 24 Parganas,125,N24P-125,175,High School 175,403,410,1,814,50.37
North 24 Parganas,125,N24P-125,176,Temple Hall 176,411,402,1,814,49.39
North 24 Parganas,125,N24P-125,177,Anganwadi Centre 177,273,268,1,542,49.45
North 24 Parganas,125,N24P-125,178,Club Building 178,374,380,1,755,50.33
North 24 Parganas,125,N24P-125,179,Anganwadi Centre 179,318,285,0,603,47.26
North 24 Parganas,125,N24P-125,180,High School 180,408,407,0,815,49.94
North 24 Parganas,125,N24P-125,181,Temple Hall 181,341,317,0,658,48.18
North 24 Parganas,125,N24P-125,182,Primary School 182,267,270,1,538,50.19
North 24 Parganas,125,N24P-125,183,Primary School 183,262,258,0,520,49.62
North 24 Parganas,125,N24P-125,184,Primary School 184,319,315,0,634,49.68
North 24 Parganas,125,N24P-125,185,Club Building 185,356,331,1,688,48.11
North 24 Parganas,125,N24P-125,186,Market Building 186,280,274,0,554,49.46
North 24 Parganas,126,N24P-126,1,Temple Hall 1,404,391,0,795,49.18
North 24 Parganas,126,N24P-126,2,Govt Office 2,381,351,1,733,47.89
North 24 Parganas,126,N24P-126,3,Anganwadi Centre 3,408,403,0,811,49.69
North 24 Parganas,126,N24P-126,4,Primary School 4,373,340,0,713,47.69
North 24 Parganas,126,N24P-126,5,Club Building 5,415,390,1,806,48.39
North 24 Parganas,126,N24P-126,6,Club Building 6,363,354,0,717,49.37
North 24 Parganas,126,N24P-126,7,Govt Office 7,349,358,0,707,50.64
North 24 Parganas,126,N24P-126,8,Community Hall 8,356,360,1,717,50.21
North 24 Parganas,126,N24P-126,9,Madrasa 9,256,233,0,489,47.65
North 24 Parganas,126,N24P-126,10,Panchayat Bhavan 10,396,378,1,775,48.77
North 24 Parganas,126,N24P-126,11,Community Hall 11,306,301,0,607,49.59
North 24 Parganas,126,N24P-126,12,Post Office 12,407,395,0,802,49.25
North 24 Parganas,126,N24P-126,13,Health Sub-Centre 13,305,275,1,581,47.33
North 24 Parganas,126,N24P-126,14,High School 14,377,362,1,740,48.92
North 24 Parganas,126,N24P-126,15,Temple Hall 15,404,370,0,774,47.8
North 24 Parganas,126,N24P-126,16,Health Sub-Centre 16,274,275,0,549,50.09
North 24 Parganas,126,N24P-126,17,Primary School 17,339,316,1,656,48.17
North 24 Parganas,126,N24P-126,18,Club Building 18,283,269,0,552,48.73
North 24 Parganas,126,N24P-126,19,Madrasa 19,338,340,1,679,50.07
North 24 Parganas,126,N24P-126,20,Temple Hall 20,267,243,1,511,47.55
North 24 Parganas,126,N24P-126,21,Health Sub-Centre 21,425,388,1,814,47.67
North 24 Parganas,126,N24P-126,22,Club Building 22,313,301,0,614,49.02
North 24 Parganas,126,N24P-126,23,Temple Hall 23,252,234,0,486,48.15
North 24 Parganas,126,N24P-126,24,Post Office 24,357,346,1,704,49.15
North 24 Parganas,126,N24P-126,25,Community Hall 25,256,241,1,498,48.39
North 24 Parganas,126,N24P-126,26,Post Office 26,397,396,0,793,49.94
North 24 Parganas,126,N24P-126,27,Club Building 27,281,273,0,554,49.28
North 24 Parganas,126,N24P-126,28,Panchayat Bhavan 28,390,377,1,768,49.09
North 24 Parganas,126,N24P-126,29,Panchayat Bhavan 29,307,286,1,594,48.15
North 24 Parganas,126,N24P-126,30,Primary School 30,294,284,0,578,49.13
North 24 Parganas,126,N24P-126,31,Anganwadi Centre 31,400,392,1,793,49.43
North 24 Parganas,126,N24P-126,32,Panchayat Bhavan 32,363,349,0,712,49.02
North 24 Parganas,126,N24P-126,33,Primary School 33,284,256,0,540,47.41
North 24 Parganas,126,N24P-126,34,Primary School 34,380,357,0,737,48.44
North 24 Parganas,126,N24P-126,35,Madrasa 35,416,392,1,809,48.45
North 24 Parganas,126,N24P-126,36,Community Hall 36,404,390,0,794,49.12
North 24 Parganas,126,N24P-126,37,Club Building 37,320,289,1,610,47.38
North 24 Parganas,126,N24P-126,38,High School 38,331,330,1,662,49.85
North 24 Parganas,126,N24P-126,39,Temple Hall 39,387,390,1,778,50.13
North 24 Parganas,126,N24P-126,40,Primary School 40,301,302,1,604,50.0
North 24 Parganas,126,N24P-126,41,Temple Hall 41,298,309,1,608,50.82
North 24 Parganas,126,N24P-126,42,Market Building 42,406,399,0,805,49.57
North 24 Parganas,126,N24P-126,43,Madrasa 43,246,241,1,488,49.39
North 24 Parganas,126,N24P-126,44,Govt Office 44,346,321,0,667,48.13
North 24 Parganas,126,N24P-126,45,Post Office 45,390,359,0,749,47.93
North 24 Parganas,126,N24P-126,46,Community Hall 46,383,388,1,772,50.26
North 24 Parganas,126,N24P-126,47,Govt Office 47,285,262,0,547,47.9
North 24 Parganas,126,N24P-126,48,Market Building 48,403,395,1,799,49.44
North 24 Parganas,126,N24P-126,49,Govt Office 49,364,371,1,736,50.41
North 24 Parganas,126,N24P-126,50,Temple Hall 50,347,356,1,704,50.57
North 24 Parganas,126,N24P-126,51,Anganwadi Centre 51,312,279,1,592,47.13
North 24 Parganas,126,N24P-126,52,Primary School 52,320,323,1,644,50.16
North 24 Parganas,126,N24P-126,53,Post Office 53,379,390,1,770,50.65
North 24 Parganas,126,N24P-126,54,Temple Hall 54,378,373,1,752,49.6
North 24 Parganas,126,N24P-126,55,Panchayat Bhavan 55,327,297,1,625,47.52
North 24 Parganas,126,N24P-126,56,Health Sub-Centre 56,386,373,0,759,49.14
North 24 Parganas,126,N24P-126,57,Temple Hall 57,269,242,1,512,47.27
North 24 Parganas,126,N24P-126,58,High School 58,384,383,1,768,49.87
North 24 Parganas,126,N24P-126,59,Club Building 59,295,268,1,564,47.52
North 24 Parganas,126,N24P-126,60,High School 60,291,270,0,561,48.13
North 24 Parganas,126,N24P-126,61,Madrasa 61,345,356,1,702,50.71
North 24 Parganas,126,N24P-126,62,Panchayat Bhavan 62,342,325,1,668,48.65
North 24 Parganas,126,N24P-126,63,Market Building 63,252,227,1,480,47.29
North 24 Parganas,126,N24P-126,64,High School 64,301,277,0,578,47.92
North 24 Parganas,126,N24P-126,65,Primary School 65,337,320,1,658,48.63
North 24 Parganas,126,N24P-126,66,Madrasa 66,359,354,1,714,49.58
North 24 Parganas,126,N24P-126,67,Community Hall 67,348,338,0,686,49.27
North 24 Parganas,126,N24P-126,68,Panchayat Bhavan 68,334,344,1,679,50.66
North 24 Parganas,126,N24P-126,69,Temple Hall 69,331,323,0,654,49.39
North 24 Parganas,126,N24P-126,70,Govt Office 70,383,354,1,738,47.97
North 24 Parganas,126,N24P-126,71,Community Hall 71,334,333,1,668,49.85
North 24 Parganas,126,N24P-126,72,Club Building 72,268,263,0,531,49.53
North 24 Parganas,126,N24P-126,73,Madrasa 73,341,324,1,666,48.65
North 24 Parganas,126,N24P-126,74,Club Building 74,368,349,0,717,48.68
North 24 Parganas,126,N24P-126,75,Madrasa 75,304,283,1,588,48.13
North 24 Parganas,126,N24P-126,76,High School 76,379,360,1,740,48.65
North 24 Parganas,126,N24P-126,77,Post Office 77,274,248,1,523,47.42
North 24 Parganas,126,N24P-126,78,Anganwadi Centre 78,397,375,0,772,48.58
North 24 Parganas,126,N24P-126,79,Govt Office 79,296,277,1,574,48.26
North 24 Parganas,126,N24P-126,80,Club Building 80,308,288,0,596,48.32
North 24 Parganas,126,N24P-126,81,High School 81,389,397,1,787,50.44
North 24 Parganas,126,N24P-126,82,Post Office 82,337,319,0,656,48.63
North 24 Parganas,126,N24P-126,83,Post Office 83,392,393,1,786,50.0
North 24 Parganas,126,N24P-126,84,Temple Hall 84,414,387,1,802,48.25
North 24 Parganas,126,N24P-126,85,Club Building 85,307,283,0,590,47.97
North 24 Parganas,126,N24P-126,86,Health Sub-Centre 86,265,242,1,508,47.64
North 24 Parganas,126,N24P-126,87,Madrasa 87,356,341,0,697,48.92
North 24 Parganas,126,N24P-126,88,Primary School 88,304,284,1,589,48.22
North 24 Parganas,126,N24P-126,89,Club Building 89,301,283,0,584,48.46
North 24 Parganas,126,N24P-126,90,Anganwadi Centre 90,412,406,1,819,49.57
North 24 Parganas,126,N24P-126,91,Market Building 91,382,374,0,756,49.47
North 24 Parganas,126,N24P-126,92,Club Building 92,356,324,1,681,47.58
North 24 Parganas,126,N24P-126,93,Club Building 93,321,312,1,634,49.21
North 24 Parganas,126,N24P-126,94,Post Office 94,237,245,1,483,50.72
North 24 Parganas,126,N24P-126,95,Panchayat Bhavan 95,352,328,0,680,48.24
North 24 Parganas,126,N24P-126,96,Market Building 96,334,338,0,672,50.3
North 24 Parganas,126,N24P-126,97,Health Sub-Centre 97,281,285,0,566,50.35
North 24 Parganas,126,N24P-126,98,Post Office 98,359,341,0,700,48.71
North 24 Parganas,126,N24P-126,99,High School 99,262,268,0,530,50.57
North 24 Parganas,126,N24P-126,100,Temple Hall 100,370,342,1,713,47.97
North 24 Parganas,126,N24P-126,101,Post Office 101,320,331,1,652,50.77
North 24 Parganas,126,N24P-126,102,Club Building 102,294,304,0,598,50.84
North 24 Parganas,126,N24P-126,103,Post Office 103,248,254,0,502,50.6
North 24 Parganas,126,N24P-126,104,Club Building 104,367,366,0,733,49.93
North 24 Parganas,126,N24P-126,105,High School 105,336,334,1,671,49.78
North 24 Parganas,126,N24P-126,106,Club Building 106,312,299,1,612,48.86
North 24 Parganas,126,N24P-126,107,Market Building 107,331,328,1,660,49.7
North 24 Parganas,126,N24P-126,108,Govt Office 108,277,263,0,540,48.7
North 24 Parganas,126,N24P-126,109,Panchayat Bhavan 109,288,272,0,560,48.57
North 24 Parganas,126,N24P-126,110,Madrasa 110,302,307,1,610,50.33
North 24 Parganas,126,N24P-126,111,Anganwadi Centre 111,369,339,1,709,47.81
North 24 Parganas,126,N24P-126,112,Health Sub-Centre 112,267,256,1,524,48.85
North 24 Parganas,126,N24P-126,113,Health Sub-Centre 113,293,280,1,574,48.78
North 24 Parganas,126,N24P-126,114,Market Building 114,422,382,1,805,47.45
North 24 Parganas,126,N24P-126,115,Health Sub-Centre 115,369,355,0,724,49.03
North 24 Parganas,126,N24P-126,116,Post Office 116,315,290,0,605,47.93
North 24 Parganas,126,N24P-126,117,Temple Hall 117,253,233,0,486,47.94
North 24 Parganas,126,N24P-126,118,Post Office 118,277,261,1,539,48.42
North 24 Parganas,126,N24P-126,119,Market Building 119,250,234,0,484,48.35
North 24 Parganas,126,N24P-126,120,High School 120,253,246,1,500,49.2
North 24 Parganas,126,N24P-126,121,Primary School 121,399,386,1,786,49.11
North 24 Parganas,126,N24P-126,122,Community Hall 122,347,336,0,683,49.19
North 24 Parganas,126,N24P-126,123,Club Building 123,404,391,1,796,49.12
North 24 Parganas,126,N24P-126,124,Panchayat Bhavan 124,405,367,0,772,47.54
North 24 Parganas,126,N24P-126,125,Madrasa 125,239,246,1,486,50.62
North 24 Parganas,126,N24P-126,126,Community Hall 126,386,364,0,750,48.53
North 24 Parganas,126,N24P-126,127,High School 127,252,255,1,508,50.2
North 24 Parganas,126,N24P-126,128,Market Building 128,356,322,1,679,47.42
North 24 Parganas,126,N24P-126,129,Panchayat Bhavan 129,398,410,0,808,50.74
North 24 Parganas,126,N24P-126,130,Community Hall 130,246,234,1,481,48.65
North 24 Parganas,126,N24P-126,131,High School 131,385,363,1,749,48.46
North 24 Parganas,126,N24P-126,132,Community Hall 132,400,402,0,802,50.12
North 24 Parganas,126,N24P-126,133,Madrasa 133,371,372,0,743,50.07
North 24 Parganas,126,N24P-126,134,Market Building 134,415,398,1,814,48.89
North 24 Parganas,126,N24P-126,135,Madrasa 135,395,382,1,778,49.1
North 24 Parganas,126,N24P-126,136,Temple Hall 136,376,374,1,751,49.8
North 24 Parganas,126,N24P-126,137,Health Sub-Centre 137,265,242,0,507,47.73
North 24 Parganas,126,N24P-126,138,Health Sub-Centre 138,376,339,0,715,47.41
North 24 Parganas,126,N24P-126,139,Post Office 139,399,388,0,787,49.3
North 24 Parganas,126,N24P-126,140,Market Building 140,386,383,1,770,49.74
North 24 Parganas,126,N24P-126,141,Market Building 141,311,312,1,624,50.0
North 24 Parganas,126,N24P-126,142,Madrasa 142,318,299,0,617,48.46
North 24 Parganas,126,N24P-126,143,Market Building 143,349,355,0,704,50.43
North 24 Parganas,126,N24P-126,144,Govt Office 144,251,259,1,511,50.68
North 24 Parganas,126,N24P-126,145,Temple Hall 145,357,324,1,682,47.51
North 24 Parganas,126,N24P-126,146,Market Building 146,329,330,1,660,50.0
North 24 Parganas,126,N24P-126,147,Madrasa 147,388,356,1,745,47.79
North 24 Parganas,126,N24P-126,148,Club Building 148,414,393,0,807,48.7
North 24 Parganas,126,N24P-126,149,Govt Office 149,310,279,0,589,47.37
North 24 Parganas,126,N24P-126,150,Panchayat Bhavan 150,367,376,1,744,50.54
North 24 Parganas,126,N24P-126,151,Panchayat Bhavan 151,355,348,1,704,49.43
North 24 Parganas,126,N24P-126,152,Panchayat Bhavan 152,259,266,0,525,50.67
North 24 Parganas,126,N24P-126,153,Club Building 153,285,295,1,581,50.77
North 24 Parganas,126,N24P-126,154,Anganwadi Centre 154,384,377,1,762,49.48
North 24 Parganas,126,N24P-126,155,Temple Hall 155,415,389,0,804,48.38
North 24 Parganas,126,N24P-126,156,Madrasa 156,398,405,0,803,50.44
North 24 Parganas,126,N24P-126,157,Community Hall 157,247,250,0,497,50.3
North 24 Parganas,126,N24P-126,158,Govt Office 158,305,278,1,584,47.6
North 24 Parganas,126,N24P-126,159,Club Building 159,412,379,1,792,47.85
North 24 Parganas,126,N24P-126,160,Community Hall 160,301,273,0,574,47.56
North 24 Parganas,126,N24P-126,161,High School 161,300,278,1,579,48.01
North 24 Parganas,126,N24P-126,162,Post Office 162,299,268,1,568,47.18
North 24 Parganas,126,N24P-126,163,Panchayat Bhavan 163,323,315,0,638,49.37
North 24 Parganas,126,N24P-126,164,Club Building 164,411,396,0,807,49.07
North 24 Parganas,126,N24P-126,165,Govt Office 165,384,353,1,738,47.83
North 24 Parganas,126,N24P-126,166,Govt Office 166,417,402,0,819,49.08
North 24 Parganas,126,N24P-126,167,Temple Hall 167,312,296,1,609,48.6
North 24 Parganas,126,N24P-126,168,High School 168,321,326,0,647,50.39
North 24 Parganas,126,N24P-126,169,Post Office 169,258,247,0,505,48.91
North 24 Parganas,126,N24P-126,170,Primary School 170,260,234,1,495,47.27
North 24 Parganas,126,N24P-126,171,Community Hall 171,385,375,1,761,49.28
North 24 Parganas,126,N24P-126,172,Anganwadi Centre 172,319,295,1,615,47.97
North 24 Parganas,126,N24P-126,173,High School 173,307,287,1,595,48.24
North 24 Parganas,126,N24P-126,174,Madrasa 174,346,342,0,688,49.71
North 24 Parganas,126,N24P-126,175,Panchayat Bhavan 175,409,402,1,812,49.51
North 24 Parganas,126,N24P-126,176,Market Building 176,310,294,1,605,48.6
North 24 Parganas,126,N24P-126,177,Panchayat Bhavan 177,275,246,0,521,47.22
North 24 Parganas,126,N24P-126,178,Panchayat Bhavan 178,293,270,0,563,47.96
North 24 Parganas,126,N24P-126,179,Post Office 179,254,236,1,491,48.07
North 24 Parganas,126,N24P-126,180,Post Office 180,287,273,1,561,48.66
North 24 Parganas,127,N24P-127,1,Anganwadi Centre 1,253,246,1,500,49.2
North 24 Parganas,127,N24P-127,2,Panchayat Bhavan 2,261,240,0,501,47.9
North 24 Parganas,127,N24P-127,3,Club Building 3,305,314,0,619,50.73
North 24 Parganas,127,N24P-127,4,Temple Hall 4,281,272,1,554,49.1
North 24 Parganas,127,N24P-127,5,Govt Office 5,374,374,1,749,49.93
North 24 Parganas,127,N24P-127,6,High School 6,311,317,1,629,50.4
North 24 Parganas,127,N24P-127,7,Health Sub-Centre 7,420,380,1,801,47.44
North 24 Parganas,127,N24P-127,8,High School 8,384,381,0,765,49.8
North 24 Parganas,127,N24P-127,9,Market Building 9,255,258,0,513,50.29
North 24 Parganas,127,N24P-127,10,Health Sub-Centre 10,342,330,1,673,49.03
North 24 Parganas,127,N24P-127,11,Club Building 11,368,342,1,711,48.1
North 24 Parganas,127,N24P-127,12,Club Building 12,332,340,1,673,50.52
North 24 Parganas,127,N24P-127,13,Primary School 13,348,336,0,684,49.12
North 24 Parganas,127,N24P-127,14,Post Office 14,247,246,0,493,49.9
North 24 Parganas,127,N24P-127,15,Post Office 15,252,234,1,487,48.05
North 24 Parganas,127,N24P-127,16,Panchayat Bhavan 16,311,316,1,628,50.32
North 24 Parganas,127,N24P-127,17,Health Sub-Centre 17,373,366,0,739,49.53
North 24 Parganas,127,N24P-127,18,Market Building 18,370,374,1,745,50.2
North 24 Parganas,127,N24P-127,19,Temple Hall 19,373,336,1,710,47.32
North 24 Parganas,127,N24P-127,20,Govt Office 20,325,326,1,652,50.0
North 24 Parganas,127,N24P-127,21,Market Building 21,396,368,1,765,48.1
North 24 Parganas,127,N24P-127,22,Anganwadi Centre 22,318,292,0,610,47.87
North 24 Parganas,127,N24P-127,23,Madrasa 23,320,296,0,616,48.05
North 24 Parganas,127,N24P-127,24,Anganwadi Centre 24,313,310,1,624,49.68
North 24 Parganas,127,N24P-127,25,Primary School 25,407,405,0,812,49.88
North 24 Parganas,127,N24P-127,26,Primary School 26,275,265,1,541,48.98
North 24 Parganas,127,N24P-127,27,Madrasa 27,396,357,1,754,47.35
North 24 Parganas,127,N24P-127,28,Market Building 28,291,301,0,592,50.84
North 24 Parganas,127,N24P-127,29,Club Building 29,396,385,1,782,49.23
North 24 Parganas,127,N24P-127,30,Primary School 30,355,355,1,711,49.93
North 24 Parganas,127,N24P-127,31,Govt Office 31,245,248,1,494,50.2
North 24 Parganas,127,N24P-127,32,Anganwadi Centre 32,382,343,0,725,47.31
North 24 Parganas,127,N24P-127,33,Community Hall 33,345,344,1,690,49.86
North 24 Parganas,127,N24P-127,34,Market Building 34,371,377,1,749,50.33
North 24 Parganas,127,N24P-127,35,Health Sub-Centre 35,292,288,0,580,49.66
North 24 Parganas,127,N24P-127,36,Panchayat Bhavan 36,398,411,1,810,50.74
North 24 Parganas,127,N24P-127,37,Market Building 37,358,331,1,690,47.97
North 24 Parganas,127,N24P-127,38,Post Office 38,256,263,1,520,50.58
North 24 Parganas,127,N24P-127,39,Market Building 39,387,349,1,737,47.35
North 24 Parganas,127,N24P-127,40,Madrasa 40,409,411,0,820,50.12
North 24 Parganas,127,N24P-127,41,Community Hall 41,403,398,1,802,49.63
North 24 Parganas,127,N24P-127,42,Madrasa 42,329,329,0,658,50.0
North 24 Parganas,127,N24P-127,43,Anganwadi Centre 43,386,356,1,743,47.91
North 24 Parganas,127,N24P-127,44,Health Sub-Centre 44,277,258,0,535,48.22
North 24 Parganas,127,N24P-127,45,High School 45,368,341,0,709,48.1
North 24 Parganas,127,N24P-127,46,High School 46,414,399,0,813,49.08
North 24 Parganas,127,N24P-127,47,Club Building 47,257,242,1,500,48.4
North 24 Parganas,127,N24P-127,48,Club Building 48,382,363,1,746,48.66
North 24 Parganas,127,N24P-127,49,High School 49,260,252,1,513,49.12
North 24 Parganas,127,N24P-127,50,High School 50,348,327,1,676,48.37
North 24 Parganas,127,N24P-127,51,Health Sub-Centre 51,320,292,1,613,47.63
North 24 Parganas,127,N24P-127,52,Primary School 52,356,355,0,711,49.93
North 24 Parganas,127,N24P-127,53,Govt Office 53,332,315,0,647,48.69
North 24 Parganas,127,N24P-127,54,Club Building 54,341,348,1,690,50.43
North 24 Parganas,127,N24P-127,55,Govt Office 55,292,299,0,591,50.59
North 24 Parganas,127,N24P-127,56,Health Sub-Centre 56,323,330,1,654,50.46
North 24 Parganas,127,N24P-127,57,Madrasa 57,357,335,0,692,48.41
North 24 Parganas,127,N24P-127,58,Club Building 58,368,357,1,726,49.17
North 24 Parganas,127,N24P-127,59,Primary School 59,353,361,1,715,50.49
North 24 Parganas,127,N24P-127,60,High School 60,293,299,0,592,50.51
North 24 Parganas,127,N24P-127,61,Community Hall 61,406,400,0,806,49.63
North 24 Parganas,127,N24P-127,62,Madrasa 62,327,317,0,644,49.22
North 24 Parganas,127,N24P-127,63,Community Hall 63,316,303,1,620,48.87
North 24 Parganas,127,N24P-127,64,High School 64,269,261,1,531,49.15
North 24 Parganas,127,N24P-127,65,Temple Hall 65,398,388,0,786,49.36
North 24 Parganas,127,N24P-127,66,Govt Office 66,285,275,1,561,49.02
North 24 Parganas,127,N24P-127,67,Health Sub-Centre 67,381,371,0,752,49.34
North 24 Parganas,127,N24P-127,68,High School 68,273,279,1,553,50.45
North 24 Parganas,127,N24P-127,69,Primary School 69,253,240,1,494,48.58
North 24 Parganas,127,N24P-127,70,Community Hall 70,294,270,0,564,47.87
North 24 Parganas,127,N24P-127,71,Govt Office 71,356,352,0,708,49.72
North 24 Parganas,127,N24P-127,72,Govt Office 72,365,366,0,731,50.07
North 24 Parganas,127,N24P-127,73,Madrasa 73,322,296,1,619,47.82
North 24 Parganas,127,N24P-127,74,High School 74,379,377,0,756,49.87
North 24 Parganas,127,N24P-127,75,Temple Hall 75,364,333,1,698,47.71
North 24 Parganas,127,N24P-127,76,High School 76,394,399,1,794,50.25
North 24 Parganas,127,N24P-127,77,Community Hall 77,379,358,0,737,48.58
North 24 Parganas,127,N24P-127,78,Club Building 78,362,344,0,706,48.73
North 24 Parganas,127,N24P-127,79,Anganwadi Centre 79,304,278,1,583,47.68
North 24 Parganas,127,N24P-127,80,Govt Office 80,295,285,1,581,49.05
North 24 Parganas,127,N24P-127,81,Health Sub-Centre 81,407,405,1,813,49.82
North 24 Parganas,127,N24P-127,82,High School 82,338,343,0,681,50.37
North 24 Parganas,127,N24P-127,83,Anganwadi Centre 83,373,372,0,745,49.93
North 24 Parganas,127,N24P-127,84,Temple Hall 84,285,278,1,564,49.29
North 24 Parganas,127,N24P-127,85,Club Building 85,325,292,0,617,47.33
North 24 Parganas,127,N24P-127,86,Market Building 86,406,402,0,808,49.75
North 24 Parganas,127,N24P-127,87,Madrasa 87,368,374,0,742,50.4
North 24 Parganas,127,N24P-127,88,Community Hall 88,415,402,1,818,49.14
North 24 Parganas,127,N24P-127,89,Market Building 89,405,398,1,804,49.5
North 24 Parganas,127,N24P-127,90,Health Sub-Centre 90,333,302,1,636,47.48
North 24 Parganas,127,N24P-127,91,Community Hall 91,328,300,0,628,47.77
North 24 Parganas,127,N24P-127,92,Anganwadi Centre 92,395,396,1,792,50.0
North 24 Parganas,127,N24P-127,93,Post Office 93,290,280,1,571,49.04
North 24 Parganas,127,N24P-127,94,Panchayat Bhavan 94,334,318,1,653,48.7
North 24 Parganas,127,N24P-127,95,Community Hall 95,383,363,0,746,48.66
North 24 Parganas,127,N24P-127,96,Anganwadi Centre 96,322,333,0,655,50.84
North 24 Parganas,127,N24P-127,97,Panchayat Bhavan 97,275,271,0,546,49.63
North 24 Parganas,127,N24P-127,98,Govt Office 98,298,285,0,583,48.89
North 24 Parganas,127,N24P-127,99,Health Sub-Centre 99,344,338,0,682,49.56
North 24 Parganas,127,N24P-127,100,Community Hall 100,267,261,1,529,49.34
North 24 Parganas,127,N24P-127,101,Govt Office 101,318,308,0,626,49.2
North 24 Parganas,127,N24P-127,102,Post Office 102,251,241,0,492,48.98
North 24 Parganas,127,N24P-127,103,Anganwadi Centre 103,309,290,0,599,48.41
North 24 Parganas,127,N24P-127,104,Market Building 104,285,259,1,545,47.52
North 24 Parganas,127,N24P-127,105,Temple Hall 105,378,360,1,739,48.71
North 24 Parganas,127,N24P-127,106,Anganwadi Centre 106,312,309,0,621,49.76
North 24 Parganas,127,N24P-127,107,Primary School 107,368,333,0,701,47.5
North 24 Parganas,127,N24P-127,108,Primary School 108,334,305,1,640,47.66
North 24 Parganas,127,N24P-127,109,Club Building 109,261,237,0,498,47.59
North 24 Parganas,127,N24P-127,110,Madrasa 110,275,284,1,560,50.71
North 24 Parganas,127,N24P-127,111,Market Building 111,276,281,0,557,50.45
North 24 Parganas,127,N24P-127,112,Madrasa 112,410,410,0,820,50.0
North 24 Parganas,127,N24P-127,113,Panchayat Bhavan 113,358,328,1,687,47.74
North 24 Parganas,127,N24P-127,114,Anganwadi Centre 114,367,349,0,716,48.74
North 24 Parganas,127,N24P-127,115,Club Building 115,281,278,0,559,49.73
North 24 Parganas,127,N24P-127,116,Madrasa 116,342,351,1,694,50.58
North 24 Parganas,127,N24P-127,117,Post Office 117,342,349,1,692,50.43
North 24 Parganas,127,N24P-127,118,Primary School 118,250,256,1,507,50.49
North 24 Parganas,127,N24P-127,119,Anganwadi Centre 119,371,334,0,705,47.38
North 24 Parganas,127,N24P-127,120,Post Office 120,330,340,1,671,50.67
North 24 Parganas,127,N24P-127,121,Madrasa 121,343,317,0,660,48.03
North 24 Parganas,127,N24P-127,122,Post Office 122,361,350,0,711,49.23
North 24 Parganas,127,N24P-127,123,Market Building 123,259,267,1,527,50.66
North 24 Parganas,127,N24P-127,124,Temple Hall 124,256,259,1,516,50.19
North 24 Parganas,127,N24P-127,125,Temple Hall 125,415,393,0,808,48.64
North 24 Parganas,127,N24P-127,126,Health Sub-Centre 126,256,255,1,512,49.8
North 24 Parganas,127,N24P-127,127,Madrasa 127,265,255,1,521,48.94
North 24 Parganas,127,N24P-127,128,Health Sub-Centre 128,368,369,1,738,50.0
North 24 Parganas,127,N24P-127,129,Govt Office 129,389,391,1,781,50.06
North 24 Parganas,127,N24P-127,130,Health Sub-Centre 130,303,296,1,600,49.33
North 24 Parganas,127,N24P-127,131,High School 131,323,292,1,616,47.4
North 24 Parganas,127,N24P-127,132,Madrasa 132,399,375,0,774,48.45
North 24 Parganas,127,N24P-127,133,High School 133,337,348,0,685,50.8
North 24 Parganas,127,N24P-127,134,Community Hall 134,239,245,0,484,50.62
North 24 Parganas,127,N24P-127,135,Anganwadi Centre 135,366,363,0,729,49.79
North 24 Parganas,127,N24P-127,136,Club Building 136,330,298,1,629,47.38
North 24 Parganas,127,N24P-127,137,Primary School 137,384,360,0,744,48.39
North 24 Parganas,127,N24P-127,138,Health Sub-Centre 138,287,292,0,579,50.43
North 24 Parganas,127,N24P-127,139,Community Hall 139,341,352,0,693,50.79
North 24 Parganas,127,N24P-127,140,Primary School 140,346,350,0,696,50.29
North 24 Parganas,127,N24P-127,141,Market Building 141,275,276,1,552,50.0
North 24 Parganas,127,N24P-127,142,Health Sub-Centre 142,328,301,1,630,47.78
North 24 Parganas,127,N24P-127,143,Govt Office 143,295,283,1,579,48.88
North 24 Parganas,127,N24P-127,144,Post Office 144,314,286,1,601,47.59
North 24 Parganas,127,N24P-127,145,Club Building 145,237,245,0,482,50.83
North 24 Parganas,127,N24P-127,146,Temple Hall 146,244,244,1,489,49.9
North 24 Parganas,127,N24P-127,147,Club Building 147,276,284,0,560,50.71
North 24 Parganas,127,N24P-127,148,Club Building 148,344,334,0,678,49.26
North 24 Parganas,127,N24P-127,149,Panchayat Bhavan 149,288,260,0,548,47.45
North 24 Parganas,127,N24P-127,150,Community Hall 150,328,300,0,628,47.77
North 24 Parganas,127,N24P-127,151,Panchayat Bhavan 151,368,371,1,740,50.14
North 24 Parganas,127,N24P-127,152,Govt Office 152,258,236,1,495,47.68
North 24 Parganas,127,N24P-127,153,Panchayat Bhavan 153,386,351,0,737,47.63
North 24 Parganas,127,N24P-127,154,Panchayat Bhavan 154,273,267,1,541,49.35
North 24 Parganas,127,N24P-127,155,Temple Hall 155,338,328,0,666,49.25
North 24 Parganas,127,N24P-127,156,Market Building 156,325,333,0,658,50.61
North 24 Parganas,127,N24P-127,157,Post Office 157,362,336,1,699,48.07
North 24 Parganas,127,N24P-127,158,Community Hall 158,370,378,0,748,50.53
North 24 Parganas,127,N24P-127,159,Anganwadi Centre 159,327,322,0,649,49.61
North 24 Parganas,127,N24P-127,160,Temple Hall 160,381,365,0,746,48.93
North 24 Parganas,127,N24P-127,161,Post Office 161,307,283,0,590,47.97
North 24 Parganas,127,N24P-127,162,Health Sub-Centre 162,290,266,0,556,47.84
North 24 Parganas,127,N24P-127,163,Anganwadi Centre 163,389,356,0,745,47.79
North 24 Parganas,127,N24P-127,164,Madrasa 164,287,285,1,573,49.74
North 24 Parganas,127,N24P-127,165,Health Sub-Centre 165,334,302,0,636,47.48
North 24 Parganas,127,N24P-127,166,Community Hall 166,378,342,1,721,47.43
North 24 Parganas,127,N24P-127,167,Temple Hall 167,328,295,1,624,47.28
North 24 Parganas,127,N24P-127,168,Panchayat Bhavan 168,322,309,1,632,48.89
North 24 Parganas,127,N24P-127,169,Panchayat Bhavan 169,296,277,0,573,48.34
North 24 Parganas,127,N24P-127,170,Post Office 170,342,353,0,695,50.79
North 24 Parganas,127,N24P-127,171,Temple Hall 171,248,249,0,497,50.1
North 24 Parganas,127,N24P-127,172,Community Hall 172,418,390,0,808,48.27
North 24 Parganas,127,N24P-127,173,High School 173,280,252,1,533,47.28
North 24 Parganas,127,N24P-127,174,Health Sub-Centre 174,358,362,1,721,50.21
North 24 Parganas,127,N24P-127,175,Temple Hall 175,393,375,1,769,48.76
North 24 Parganas,127,N24P-127,176,Primary School 176,294,290,0,584,49.66
North 24 Parganas,127,N24P-127,177,Community Hall 177,308,312,1,621,50.24
North 24 Parganas,127,N24P-127,178,Govt Office 178,333,321,1,655,49.01
North 24 Parganas,127,N24P-127,179,Post Office 179,365,369,0,734,50.27
North 24 Parganas,127,N24P-127,180,Club Building 180,301,288,0,589,48.9
North 24 Parganas,127,N24P-127,181,Post Office 181,384,390,0,774,50.39
North 24 Parganas,127,N24P-127,182,Anganwadi Centre 182,287,267,1,555,48.11
North 24 Parganas,127,N24P-127,183,Govt Office 183,363,360,0,723,49.79
North 24 Parganas,127,N24P-127,184,High School 184,288,272,1,561,48.48
North 24 Parganas,127,N24P-127,185,Club Building 185,317,311,0,628,49.52
North 24 Parganas,127,N24P-127,186,Primary School 186,410,375,0,785,47.77
North 24 Parganas,127,N24P-127,187,Madrasa 187,407,369,0,776,47.55
North 24 Parganas,128,N24P-128,1,Govt Office 1,298,302,0,600,50.33
North 24 Parganas,128,N24P-128,2,Health Sub-Centre 2,402,385,0,787,48.92
North 24 Parganas,128,N24P-128,3,Primary School 3,398,375,1,774,48.45
North 24 Parganas,128,N24P-128,4,High School 4,354,348,0,702,49.57
North 24 Parganas,128,N24P-128,5,Community Hall 5,287,297,1,585,50.77
North 24 Parganas,128,N24P-128,6,Health Sub-Centre 6,386,376,1,763,49.28
North 24 Parganas,128,N24P-128,7,Post Office 7,280,266,0,546,48.72
North 24 Parganas,128,N24P-128,8,Club Building 8,340,333,1,674,49.41
North 24 Parganas,128,N24P-128,9,High School 9,272,243,0,515,47.18
North 24 Parganas,128,N24P-128,10,Market Building 10,375,383,1,759,50.46
North 24 Parganas,128,N24P-128,11,Primary School 11,316,316,1,633,49.92
North 24 Parganas,128,N24P-128,12,High School 12,340,306,1,647,47.3
North 24 Parganas,128,N24P-128,13,Club Building 13,330,320,0,650,49.23
North 24 Parganas,128,N24P-128,14,Club Building 14,264,246,1,511,48.14
North 24 Parganas,128,N24P-128,15,Post Office 15,402,402,0,804,50.0
North 24 Parganas,128,N24P-128,16,Primary School 16,241,244,0,485,50.31
North 24 Parganas,128,N24P-128,17,Anganwadi Centre 17,420,396,0,816,48.53
North 24 Parganas,128,N24P-128,18,Anganwadi Centre 18,271,259,0,530,48.87
North 24 Parganas,128,N24P-128,19,Govt Office 19,411,389,1,801,48.56
North 24 Parganas,128,N24P-128,20,Post Office 20,378,385,1,764,50.39
North 24 Parganas,128,N24P-128,21,Post Office 21,323,290,1,614,47.23
North 24 Parganas,128,N24P-128,22,High School 22,397,378,0,775,48.77
North 24 Parganas,128,N24P-128,23,Madrasa 23,277,262,1,540,48.52
North 24 Parganas,128,N24P-128,24,Temple Hall 24,263,249,0,512,48.63
North 24 Parganas,128,N24P-128,25,Health Sub-Centre 25,304,300,0,604,49.67
North 24 Parganas,128,N24P-128,26,Primary School 26,390,362,1,753,48.07
North 24 Parganas,128,N24P-128,27,High School 27,252,247,1,500,49.4
North 24 Parganas,128,N24P-128,28,Health Sub-Centre 28,387,375,0,762,49.21
North 24 Parganas,128,N24P-128,29,High School 29,366,364,1,731,49.79
North 24 Parganas,128,N24P-128,30,Govt Office 30,392,387,1,780,49.62
North 24 Parganas,128,N24P-128,31,Primary School 31,402,402,0,804,50.0
North 24 Parganas,128,N24P-128,32,Post Office 32,362,341,1,704,48.44
North 24 Parganas,128,N24P-128,33,Club Building 33,391,370,0,761,48.62
North 24 Parganas,128,N24P-128,34,High School 34,318,323,1,642,50.31
North 24 Parganas,128,N24P-128,35,Temple Hall 35,289,291,0,580,50.17
North 24 Parganas,128,N24P-128,36,Govt Office 36,415,382,0,797,47.93
North 24 Parganas,128,N24P-128,37,Govt Office 37,251,239,1,491,48.68
North 24 Parganas,128,N24P-128,38,Post Office 38,251,239,1,491,48.68
North 24 Parganas,128,N24P-128,39,Club Building 39,287,281,0,568,49.47
North 24 Parganas,128,N24P-128,40,Temple Hall 40,264,258,1,523,49.33
North 24 Parganas,128,N24P-128,41,Govt Office 41,262,260,0,522,49.81
North 24 Parganas,128,N24P-128,42,Anganwadi Centre 42,371,366,0,737,49.66
North 24 Parganas,128,N24P-128,43,Govt Office 43,357,329,0,686,47.96
North 24 Parganas,128,N24P-128,44,Health Sub-Centre 44,363,340,0,703,48.36
North 24 Parganas,128,N24P-128,45,High School 45,262,244,1,507,48.13
North 24 Parganas,128,N24P-128,46,Temple Hall 46,397,404,0,801,50.44
North 24 Parganas,128,N24P-128,47,Temple Hall 47,362,338,0,700,48.29
North 24 Parganas,128,N24P-128,48,Madrasa 48,361,345,0,706,48.87
North 24 Parganas,128,N24P-128,49,Panchayat Bhavan 49,365,353,1,719,49.1
North 24 Parganas,128,N24P-128,50,Panchayat Bhavan 50,352,340,0,692,49.13
North 24 Parganas,128,N24P-128,51,Govt Office 51,252,236,0,488,48.36
North 24 Parganas,128,N24P-128,52,Primary School 52,338,309,0,647,47.76
North 24 Parganas,128,N24P-128,53,Govt Office 53,260,255,0,515,49.51
North 24 Parganas,128,N24P-128,54,Panchayat Bhavan 54,298,306,1,605,50.58
North 24 Parganas,128,N24P-128,55,High School 55,381,367,0,748,49.06
North 24 Parganas,128,N24P-128,56,Govt Office 56,419,383,0,802,47.76
North 24 Parganas,128,N24P-128,57,Madrasa 57,310,304,1,615,49.43
North 24 Parganas,128,N24P-128,58,Primary School 58,269,276,0,545,50.64
North 24 Parganas,128,N24P-128,59,Madrasa 59,272,246,1,519,47.4
North 24 Parganas,128,N24P-128,60,Temple Hall 60,283,288,0,571,50.44
North 24 Parganas,128,N24P-128,61,Anganwadi Centre 61,331,327,0,658,49.7
North 24 Parganas,128,N24P-128,62,High School 62,406,368,1,775,47.48
North 24 Parganas,128,N24P-128,63,Market Building 63,327,316,1,644,49.07
North 24 Parganas,128,N24P-128,64,Madrasa 64,285,258,0,543,47.51
North 24 Parganas,128,N24P-128,65,High School 65,247,243,1,491,49.49
North 24 Parganas,128,N24P-128,66,Primary School 66,280,283,1,564,50.18
North 24 Parganas,128,N24P-128,67,Health Sub-Centre 67,271,247,0,518,47.68
North 24 Parganas,128,N24P-128,68,Primary School 68,356,356,1,713,49.93
North 24 Parganas,128,N24P-128,69,Primary School 69,388,357,1,746,47.86
North 24 Parganas,128,N24P-128,70,Panchayat Bhavan 70,293,285,1,579,49.22
North 24 Parganas,128,N24P-128,71,Community Hall 71,404,361,0,765,47.19
North 24 Parganas,128,N24P-128,72,High School 72,388,400,1,789,50.7
North 24 Parganas,128,N24P-128,73,Madrasa 73,412,374,1,787,47.52
North 24 Parganas,128,N24P-128,74,Club Building 74,276,259,1,536,48.32
North 24 Parganas,128,N24P-128,75,Post Office 75,385,370,0,755,49.01
North 24 Parganas,128,N24P-128,76,Primary School 76,322,320,0,642,49.84
North 24 Parganas,128,N24P-128,77,Community Hall 77,396,373,0,769,48.5
North 24 Parganas,128,N24P-128,78,Anganwadi Centre 78,378,377,1,756,49.87
North 24 Parganas,128,N24P-128,79,Madrasa 79,255,257,1,513,50.1
North 24 Parganas,128,N24P-128,80,Community Hall 80,294,302,0,596,50.67
North 24 Parganas,128,N24P-128,81,Madrasa 81,365,357,0,722,49.45
North 24 Parganas,128,N24P-128,82,Temple Hall 82,287,286,0,573,49.91
North 24 Parganas,128,N24P-128,83,Madrasa 83,410,407,1,818,49.76
North 24 Parganas,128,N24P-128,84,Post Office 84,243,243,0,486,50.0
North 24 Parganas,128,N24P-128,85,Panchayat Bhavan 85,396,364,1,761,47.83
North 24 Parganas,128,N24P-128,86,Primary School 86,416,394,1,811,48.58
North 24 Parganas,128,N24P-128,87,Health Sub-Centre 87,395,406,1,802,50.62
North 24 Parganas,128,N24P-128,88,High School 88,331,318,0,649,49.0
North 24 Parganas,128,N24P-128,89,Post Office 89,390,368,1,759,48.48
North 24 Parganas,128,N24P-128,90,Post Office 90,267,256,0,523,48.95
North 24 Parganas,128,N24P-128,91,Club Building 91,365,345,1,711,48.52
North 24 Parganas,128,N24P-128,92,High School 92,268,278,1,547,50.82
North 24 Parganas,128,N24P-128,93,High School 93,252,256,1,509,50.29
North 24 Parganas,128,N24P-128,94,Panchayat Bhavan 94,257,240,0,497,48.29
North 24 Parganas,128,N24P-128,95,Panchayat Bhavan 95,249,240,1,490,48.98
North 24 Parganas,128,N24P-128,96,Health Sub-Centre 96,394,373,0,767,48.63
North 24 Parganas,128,N24P-128,97,Health Sub-Centre 97,264,248,1,513,48.34
North 24 Parganas,128,N24P-128,98,Market Building 98,258,231,1,490,47.14
North 24 Parganas,128,N24P-128,99,Club Building 99,394,373,0,767,48.63
North 24 Parganas,128,N24P-128,100,Panchayat Bhavan 100,416,372,1,789,47.15
North 24 Parganas,128,N24P-128,101,Madrasa 101,307,305,1,613,49.76
North 24 Parganas,128,N24P-128,102,Health Sub-Centre 102,255,255,1,511,49.9
North 24 Parganas,128,N24P-128,103,Panchayat Bhavan 103,274,255,1,530,48.11
North 24 Parganas,128,N24P-128,104,Temple Hall 104,405,376,1,782,48.08
North 24 Parganas,128,N24P-128,105,Govt Office 105,410,377,1,788,47.84
North 24 Parganas,128,N24P-128,106,High School 106,345,346,1,692,50.0
North 24 Parganas,128,N24P-128,107,Temple Hall 107,384,395,0,779,50.71
North 24 Parganas,128,N24P-128,108,Panchayat Bhavan 108,303,293,0,596,49.16
North 24 Parganas,128,N24P-128,109,High School 109,307,315,1,623,50.56
North 24 Parganas,128,N24P-128,110,Anganwadi Centre 110,318,325,0,643,50.54
North 24 Parganas,128,N24P-128,111,Post Office 111,415,380,1,796,47.74
North 24 Parganas,128,N24P-128,112,Health Sub-Centre 112,373,338,1,712,47.47
North 24 Parganas,128,N24P-128,113,High School 113,402,393,1,796,49.37
North 24 Parganas,128,N24P-128,114,Panchayat Bhavan 114,358,322,0,680,47.35
North 24 Parganas,128,N24P-128,115,Health Sub-Centre 115,278,254,1,533,47.65
North 24 Parganas,128,N24P-128,116,Market Building 116,371,335,1,707,47.38
North 24 Parganas,128,N24P-128,117,Anganwadi Centre 117,395,395,0,790,50.0
North 24 Parganas,128,N24P-128,118,Post Office 118,317,286,0,603,47.43
North 24 Parganas,128,N24P-128,119,Health Sub-Centre 119,376,344,1,721,47.71
North 24 Parganas,128,N24P-128,120,Anganwadi Centre 120,333,299,0,632,47.31
North 24 Parganas,128,N24P-128,121,Govt Office 121,425,382,1,808,47.28
North 24 Parganas,128,N24P-128,122,Club Building 122,414,389,1,804,48.38
North 24 Parganas,128,N24P-128,123,Madrasa 123,341,335,0,676,49.56
North 24 Parganas,128,N24P-128,124,Govt Office 124,246,234,0,480,48.75
North 24 Parganas,128,N24P-128,125,Health Sub-Centre 125,334,332,0,666,49.85
North 24 Parganas,128,N24P-128,126,Panchayat Bhavan 126,372,373,1,746,50.0
North 24 Parganas,128,N24P-128,127,Primary School 127,360,354,1,715,49.51
North 24 Parganas,128,N24P-128,128,High School 128,355,350,1,706,49.58
North 24 Parganas,128,N24P-128,129,High School 129,409,367,1,777,47.23
North 24 Parganas,128,N24P-128,130,Post Office 130,340,350,0,690,50.72
North 24 Parganas,128,N24P-128,131,Post Office 131,349,360,0,709,50.78
North 24 Parganas,128,N24P-128,132,Primary School 132,390,381,0,771,49.42
North 24 Parganas,128,N24P-128,133,Panchayat Bhavan 133,382,387,1,770,50.26
North 24 Parganas,128,N24P-128,134,Market Building 134,290,289,0,579,49.91
North 24 Parganas,128,N24P-128,135,Health Sub-Centre 135,408,374,0,782,47.83
North 24 Parganas,128,N24P-128,136,Community Hall 136,361,337,0,698,48.28
North 24 Parganas,128,N24P-128,137,Primary School 137,385,364,1,750,48.53
North 24 Parganas,128,N24P-128,138,Post Office 138,295,272,0,567,47.97
North 24 Parganas,128,N24P-128,139,High School 139,316,313,1,630,49.68
North 24 Parganas,128,N24P-128,140,Primary School 140,324,331,1,656,50.46
North 24 Parganas,128,N24P-128,141,Madrasa 141,295,296,0,591,50.08
North 24 Parganas,128,N24P-128,142,Health Sub-Centre 142,260,234,1,495,47.27
North 24 Parganas,128,N24P-128,143,Club Building 143,386,357,0,743,48.05
North 24 Parganas,128,N24P-128,144,High School 144,395,360,0,755,47.68
North 24 Parganas,128,N24P-128,145,Madrasa 145,291,262,0,553,47.38
North 24 Parganas,128,N24P-128,146,Primary School 146,284,269,0,553,48.64
North 24 Parganas,128,N24P-128,147,Market Building 147,366,360,1,727,49.52
North 24 Parganas,128,N24P-128,148,Madrasa 148,365,355,1,721,49.24
North 24 Parganas,128,N24P-128,149,Anganwadi Centre 149,374,341,1,716,47.63
North 24 Parganas,128,N24P-128,150,Primary School 150,371,338,0,709,47.67
North 24 Parganas,128,N24P-128,151,Panchayat Bhavan 151,349,353,1,703,50.21
North 24 Parganas,128,N24P-128,152,Temple Hall 152,358,337,1,696,48.42
North 24 Parganas,128,N24P-128,153,Anganwadi Centre 153,406,402,1,809,49.69
North 24 Parganas,128,N24P-128,154,High School 154,276,279,0,555,50.27
North 24 Parganas,128,N24P-128,155,Primary School 155,414,389,0,803,48.44
North 24 Parganas,128,N24P-128,156,Health Sub-Centre 156,407,396,1,804,49.25
North 24 Parganas,128,N24P-128,157,Madrasa 157,305,276,0,581,47.5
North 24 Parganas,128,N24P-128,158,Anganwadi Centre 158,375,339,0,714,47.48
North 24 Parganas,128,N24P-128,159,Club Building 159,291,288,1,580,49.66
North 24 Parganas,128,N24P-128,160,Madrasa 160,273,262,1,536,48.88
North 24 Parganas,128,N24P-128,161,Health Sub-Centre 161,364,375,0,739,50.74
North 24 Parganas,128,N24P-128,162,Post Office 162,368,373,0,741,50.34
North 24 Parganas,128,N24P-128,163,High School 163,331,341,1,673,50.67
North 24 Parganas,128,N24P-128,164,Govt Office 164,408,404,0,812,49.75
North 24 Parganas,128,N24P-128,165,Post Office 165,341,320,0,661,48.41
North 24 Parganas,128,N24P-128,166,Anganwadi Centre 166,334,322,0,656,49.09
North 24 Parganas,128,N24P-128,167,Health Sub-Centre 167,268,270,1,539,50.09
North 24 Parganas,128,N24P-128,168,Community Hall 168,278,282,1,561,50.27
North 24 Parganas,128,N24P-128,169,Community Hall 169,254,255,0,509,50.1
North 24 Parganas,128,N24P-128,170,Community Hall 170,424,394,0,818,48.17
North 24 Parganas,128,N24P-128,171,Temple Hall 171,265,245,1,511,47.95
North 24 Parganas,128,N24P-128,172,Primary School 172,324,316,0,640,49.38
North 24 Parganas,128,N24P-128,173,Post Office 173,379,362,0,741,48.85
North 24 Parganas,128,N24P-128,174,Temple Hall 174,318,321,1,640,50.16
North 24 Parganas,128,N24P-128,175,Panchayat Bhavan 175,313,293,0,606,48.35
North 24 Parganas,128,N24P-128,176,Health Sub-Centre 176,387,351,1,739,47.5
North 24 Parganas,128,N24P-128,177,Post Office 177,304,279,0,583,47.86
North 24 Parganas,128,N24P-128,178,Madrasa 178,296,287,1,584,49.14
North 24 Parganas,128,N24P-128,179,High School 179,326,302,0,628,48.09
North 24 Parganas,128,N24P-128,180,Anganwadi Centre 180,283,258,1,542,47.6
North 24 Parganas,128,N24P-128,181,Market Building 181,405,373,1,779,47.88
North 24 Parganas,128,N24P-128,182,Club Building 182,286,262,1,549,47.72
North 24 Parganas,128,N24P-128,183,Community Hall 183,260,266,0,526,50.57
North 24 Parganas,128,N24P-128,184,Primary School 184,383,369,1,753,49.0
North 24 Parganas,128,N24P-128,185,Temple Hall 185,275,254,0,529,48.02
North 24 Parganas,128,N24P-128,186,Govt Office 186,406,392,1,799,49.06
North 24 Parganas,128,N24P-128,187,High School 187,316,297,0,613,48.45
North 24 Parganas,128,N24P-128,188,Health Sub-Centre 188,321,319,0,640,49.84
North 24 Parganas,128,N24P-128,189,Govt Office 189,275,275,1,551,49.91
North 24 Parganas,128,N24P-128,190,Temple Hall 190,284,288,0,572,50.35
North 24 Parganas,128,N24P-128,191,Club Building 191,248,235,1,484,48.55
North 24 Parganas,129,N24P-129,1,Madrasa 1,361,341,1,703,48.51
North 24 Parganas,129,N24P-129,2,Govt Office 2,392,364,1,757,48.08
North 24 Parganas,129,N24P-129,3,Market Building 3,404,401,0,805,49.81
North 24 Parganas,129,N24P-129,4,Community Hall 4,265,245,1,511,47.95
North 24 Parganas,129,N24P-129,5,Club Building 5,384,394,0,778,50.64
North 24 Parganas,129,N24P-129,6,High School 6,325,307,1,633,48.5
North 24 Parganas,129,N24P-129,7,Community Hall 7,280,281,0,561,50.09
North 24 Parganas,129,N24P-129,8,Club Building 8,401,389,1,791,49.18
North 24 Parganas,129,N24P-129,9,Madrasa 9,400,407,0,807,50.43
North 24 Parganas,129,N24P-129,10,High School 10,337,323,0,660,48.94
North 24 Parganas,129,N24P-129,11,Temple Hall 11,299,307,0,606,50.66
North 24 Parganas,129,N24P-129,12,Health Sub-Centre 12,418,379,1,798,47.49
North 24 Parganas,129,N24P-129,13,Govt Office 13,301,302,0,603,50.08
North 24 Parganas,129,N24P-129,14,Club Building 14,383,352,1,736,47.83
North 24 Parganas,129,N24P-129,15,Primary School 15,365,363,0,728,49.86
North 24 Parganas,129,N24P-129,16,Market Building 16,366,367,0,733,50.07
North 24 Parganas,129,N24P-129,17,Primary School 17,269,249,1,519,47.98
North 24 Parganas,129,N24P-129,18,Club Building 18,406,402,0,808,49.75
North 24 Parganas,129,N24P-129,19,Anganwadi Centre 19,351,339,1,691,49.06
North 24 Parganas,129,N24P-129,20,Health Sub-Centre 20,316,310,1,627,49.44
North 24 Parganas,129,N24P-129,21,Community Hall 21,299,285,1,585,48.72
North 24 Parganas,129,N24P-129,22,Community Hall 22,322,309,0,631,48.97
North 24 Parganas,129,N24P-129,23,Madrasa 23,331,317,1,649,48.84
North 24 Parganas,129,N24P-129,24,Health Sub-Centre 24,313,304,1,618,49.19
North 24 Parganas,129,N24P-129,25,Market Building 25,310,298,1,609,48.93
North 24 Parganas,129,N24P-129,26,Temple Hall 26,361,324,0,685,47.3
North 24 Parganas,129,N24P-129,27,Post Office 27,282,287,0,569,50.44
North 24 Parganas,129,N24P-129,28,Club Building 28,385,350,0,735,47.62
North 24 Parganas,129,N24P-129,29,Community Hall 29,394,384,1,779,49.29
North 24 Parganas,129,N24P-129,30,Anganwadi Centre 30,333,305,0,638,47.81
North 24 Parganas,129,N24P-129,31,Community Hall 31,350,323,0,673,47.99
North 24 Parganas,129,N24P-129,32,Community Hall 32,385,347,0,732,47.4
North 24 Parganas,129,N24P-129,33,Madrasa 33,285,279,1,565,49.38
North 24 Parganas,129,N24P-129,34,High School 34,303,314,1,618,50.81
North 24 Parganas,129,N24P-129,35,Panchayat Bhavan 35,296,267,1,564,47.34
North 24 Parganas,129,N24P-129,36,Health Sub-Centre 36,270,255,0,525,48.57
North 24 Parganas,129,N24P-129,37,Community Hall 37,258,244,0,502,48.61
North 24 Parganas,129,N24P-129,38,Market Building 38,286,265,1,552,48.01
North 24 Parganas,129,N24P-129,39,Madrasa 39,361,342,1,704,48.58
North 24 Parganas,129,N24P-129,40,Anganwadi Centre 40,304,277,0,581,47.68
North 24 Parganas,129,N24P-129,41,Anganwadi Centre 41,269,261,1,531,49.15
North 24 Parganas,129,N24P-129,42,High School 42,406,366,1,773,47.35
North 24 Parganas,129,N24P-129,43,Health Sub-Centre 43,388,389,1,778,50.0
North 24 Parganas,129,N24P-129,44,Market Building 44,296,276,1,573,48.17
North 24 Parganas,129,N24P-129,45,Panchayat Bhavan 45,283,256,0,539,47.5
North 24 Parganas,129,N24P-129,46,Temple Hall 46,317,301,0,618,48.71
North 24 Parganas,129,N24P-129,47,Anganwadi Centre 47,250,238,1,489,48.67
North 24 Parganas,129,N24P-129,48,Post Office 48,299,289,1,589,49.07
North 24 Parganas,129,N24P-129,49,Temple Hall 49,307,295,0,602,49.0
North 24 Parganas,129,N24P-129,50,Market Building 50,354,328,0,682,48.09
North 24 Parganas,129,N24P-129,51,Primary School 51,366,337,1,704,47.87
North 24 Parganas,129,N24P-129,52,High School 52,400,366,1,767,47.72
North 24 Parganas,129,N24P-129,53,Madrasa 53,355,329,0,684,48.1
North 24 Parganas,129,N24P-129,54,Anganwadi Centre 54,320,303,1,624,48.56
North 24 Parganas,129,N24P-129,55,Madrasa 55,244,245,1,490,50.0
North 24 Parganas,129,N24P-129,56,Temple Hall 56,283,284,0,567,50.09
North 24 Parganas,129,N24P-129,57,Madrasa 57,253,230,1,484,47.52
North 24 Parganas,129,N24P-129,58,Madrasa 58,255,237,0,492,48.17
North 24 Parganas,129,N24P-129,59,High School 59,360,349,1,710,49.15
North 24 Parganas,129,N24P-129,60,Primary School 60,274,282,1,557,50.63
North 24 Parganas,129,N24P-129,61,Panchayat Bhavan 61,257,260,1,518,50.19
North 24 Parganas,129,N24P-129,62,Anganwadi Centre 62,285,293,1,579,50.6
North 24 Parganas,129,N24P-129,63,Anganwadi Centre 63,277,272,0,549,49.54
North 24 Parganas,129,N24P-129,64,Panchayat Bhavan 64,287,279,0,566,49.29
North 24 Parganas,129,N24P-129,65,Market Building 65,371,366,0,737,49.66
North 24 Parganas,129,N24P-129,66,Market Building 66,376,386,1,763,50.59
North 24 Parganas,129,N24P-129,67,Community Hall 67,264,238,1,503,47.32
North 24 Parganas,129,N24P-129,68,Govt Office 68,297,296,1,594,49.83
North 24 Parganas,129,N24P-129,69,Panchayat Bhavan 69,373,380,1,754,50.4
North 24 Parganas,129,N24P-129,70,Club Building 70,278,286,1,565,50.62
North 24 Parganas,129,N24P-129,71,Madrasa 71,247,254,0,501,50.7
North 24 Parganas,129,N24P-129,72,Anganwadi Centre 72,344,329,0,673,48.89
North 24 Parganas,129,N24P-129,73,Community Hall 73,322,300,0,622,48.23
North 24 Parganas,129,N24P-129,74,Govt Office 74,379,347,0,726,47.8
North 24 Parganas,129,N24P-129,75,Govt Office 75,359,336,1,696,48.28
North 24 Parganas,129,N24P-129,76,Panchayat Bhavan 76,366,370,0,736,50.27
North 24 Parganas,129,N24P-129,77,Market Building 77,319,317,0,636,49.84
North 24 Parganas,129,N24P-129,78,Govt Office 78,354,319,0,673,47.4
North 24 Parganas,129,N24P-129,79,Madrasa 79,286,262,1,549,47.72
North 24 Parganas,129,N24P-129,80,Health Sub-Centre 80,351,320,1,672,47.62
North 24 Parganas,129,N24P-129,81,Market Building 81,304,284,1,589,48.22
North 24 Parganas,129,N24P-129,82,Primary School 82,257,259,0,516,50.19
North 24 Parganas,129,N24P-129,83,Temple Hall 83,398,401,0,799,50.19
North 24 Parganas,129,N24P-129,84,Community Hall 84,372,371,0,743,49.93
North 24 Parganas,129,N24P-129,85,Govt Office 85,427,390,0,817,47.74
North 24 Parganas,129,N24P-129,86,Madrasa 86,403,383,0,786,48.73
North 24 Parganas,129,N24P-129,87,Govt Office 87,402,386,0,788,48.98
North 24 Parganas,129,N24P-129,88,Govt Office 88,373,369,0,742,49.73
North 24 Parganas,129,N24P-129,89,Anganwadi Centre 89,248,247,0,495,49.9
North 24 Parganas,129,N24P-129,90,Primary School 90,365,365,0,730,50.0
North 24 Parganas,129,N24P-129,91,Club Building 91,412,378,0,790,47.85
North 24 Parganas,129,N24P-129,92,High School 92,361,344,1,706,48.73
North 24 Parganas,129,N24P-129,93,Community Hall 93,306,314,1,621,50.56
North 24 Parganas,129,N24P-129,94,Temple Hall 94,404,379,1,784,48.34
North 24 Parganas,129,N24P-129,95,Panchayat Bhavan 95,332,303,1,636,47.64
North 24 Parganas,129,N24P-129,96,Govt Office 96,382,348,0,730,47.67
North 24 Parganas,129,N24P-129,97,Health Sub-Centre 97,310,287,1,598,47.99
North 24 Parganas,129,N24P-129,98,Madrasa 98,306,282,1,589,47.88
North 24 Parganas,129,N24P-129,99,Post Office 99,358,351,0,709,49.51
North 24 Parganas,129,N24P-129,100,Anganwadi Centre 100,390,367,0,757,48.48
North 24 Parganas,129,N24P-129,101,High School 101,286,294,0,580,50.69
North 24 Parganas,129,N24P-129,102,Govt Office 102,350,329,0,679,48.45
North 24 Parganas,129,N24P-129,103,Temple Hall 103,360,334,1,695,48.06
North 24 Parganas,129,N24P-129,104,Post Office 104,408,386,1,795,48.55
North 24 Parganas,129,N24P-129,105,Post Office 105,256,241,0,497,48.49
North 24 Parganas,129,N24P-129,106,Market Building 106,271,256,0,527,48.58
North 24 Parganas,129,N24P-129,107,Panchayat Bhavan 107,393,363,0,756,48.02
North 24 Parganas,129,N24P-129,108,Market Building 108,308,290,0,598,48.49
North 24 Parganas,129,N24P-129,109,Primary School 109,405,408,1,814,50.12
North 24 Parganas,129,N24P-129,110,High School 110,281,260,1,542,47.97
North 24 Parganas,129,N24P-129,111,Temple Hall 111,255,253,0,508,49.8
North 24 Parganas,129,N24P-129,112,Post Office 112,322,291,0,613,47.47
North 24 Parganas,129,N24P-129,113,Primary School 113,288,290,0,578,50.17
North 24 Parganas,129,N24P-129,114,Govt Office 114,413,405,0,818,49.51
North 24 Parganas,129,N24P-129,115,Panchayat Bhavan 115,259,236,1,496,47.58
North 24 Parganas,129,N24P-129,116,Market Building 116,372,384,0,756,50.79
North 24 Parganas,129,N24P-129,117,Club Building 117,350,350,0,700,50.0
North 24 Parganas,129,N24P-129,118,Club Building 118,387,367,1,755,48.61
North 24 Parganas,129,N24P-129,119,Primary School 119,314,282,1,597,47.24
North 24 Parganas,129,N24P-129,120,Community Hall 120,403,395,1,799,49.44
North 24 Parganas,129,N24P-129,121,Panchayat Bhavan 121,373,384,1,758,50.66
North 24 Parganas,129,N24P-129,122,Madrasa 122,392,391,1,784,49.87
North 24 Parganas,129,N24P-129,123,Anganwadi Centre 123,355,344,0,699,49.21
North 24 Parganas,129,N24P-129,124,Anganwadi Centre 124,285,280,1,566,49.47
North 24 Parganas,129,N24P-129,125,Govt Office 125,273,248,0,521,47.6
North 24 Parganas,129,N24P-129,126,Anganwadi Centre 126,392,403,1,796,50.63
North 24 Parganas,129,N24P-129,127,Madrasa 127,423,389,0,812,47.91
North 24 Parganas,129,N24P-129,128,Govt Office 128,243,244,0,487,50.1
North 24 Parganas,129,N24P-129,129,Anganwadi Centre 129,363,343,0,706,48.58
North 24 Parganas,129,N24P-129,130,Panchayat Bhavan 130,342,335,1,678,49.41
North 24 Parganas,129,N24P-129,131,Panchayat Bhavan 131,428,390,0,818,47.68
North 24 Parganas,129,N24P-129,132,Panchayat Bhavan 132,241,244,1,486,50.21
North 24 Parganas,129,N24P-129,133,Anganwadi Centre 133,303,279,1,583,47.86
North 24 Parganas,129,N24P-129,134,Club Building 134,256,259,1,516,50.19
North 24 Parganas,129,N24P-129,135,High School 135,317,321,0,638,50.31
North 24 Parganas,129,N24P-129,136,Community Hall 136,342,310,1,653,47.47
North 24 Parganas,129,N24P-129,137,Anganwadi Centre 137,300,308,1,609,50.57
North 24 Parganas,129,N24P-129,138,Madrasa 138,288,266,1,555,47.93
North 24 Parganas,129,N24P-129,139,Club Building 139,401,383,0,784,48.85
North 24 Parganas,129,N24P-129,140,Primary School 140,411,368,0,779,47.24
North 24 Parganas,129,N24P-129,141,Govt Office 141,319,305,0,624,48.88
North 24 Parganas,129,N24P-129,142,Health Sub-Centre 142,288,274,0,562,48.75
North 24 Parganas,129,N24P-129,143,Market Building 143,368,369,1,738,50.0
North 24 Parganas,129,N24P-129,144,Panchayat Bhavan 144,286,291,0,577,50.43
North 24 Parganas,129,N24P-129,145,High School 145,312,304,0,616,49.35
North 24 Parganas,129,N24P-129,146,Health Sub-Centre 146,242,248,0,490,50.61
North 24 Parganas,129,N24P-129,147,High School 147,379,366,0,745,49.13
North 24 Parganas,129,N24P-129,148,Community Hall 148,284,278,0,562,49.47
North 24 Parganas,129,N24P-129,149,Panchayat Bhavan 149,323,296,0,619,47.82
North 24 Parganas,129,N24P-129,150,High School 150,364,331,0,695,47.63
North 24 Parganas,129,N24P-129,151,Govt Office 151,246,243,1,490,49.59
North 24 Parganas,129,N24P-129,152,Temple Hall 152,387,379,0,766,49.48
North 24 Parganas,129,N24P-129,153,Temple Hall 153,392,360,0,752,47.87
North 24 Parganas,129,N24P-129,154,Madrasa 154,423,384,0,807,47.58
North 24 Parganas,129,N24P-129,155,Primary School 155,279,250,1,530,47.17
North 24 Parganas,129,N24P-129,156,Anganwadi Centre 156,400,385,1,786,48.98
North 24 Parganas,129,N24P-129,157,Market Building 157,365,360,1,726,49.59
North 24 Parganas,129,N24P-129,158,Anganwadi Centre 158,422,385,0,807,47.71
North 24 Parganas,129,N24P-129,159,Market Building 159,354,349,1,704,49.57
North 24 Parganas,129,N24P-129,160,Market Building 160,341,345,1,687,50.22
North 24 Parganas,129,N24P-129,161,Primary School 161,316,287,0,603,47.6
North 24 Parganas,129,N24P-129,162,Panchayat Bhavan 162,388,399,1,788,50.63
North 24 Parganas,129,N24P-129,163,Govt Office 163,262,256,1,519,49.33
North 24 Parganas,129,N24P-129,164,Madrasa 164,270,277,1,548,50.55
North 24 Parganas,129,N24P-129,165,Community Hall 165,314,288,0,602,47.84
North 24 Parganas,129,N24P-129,166,Market Building 166,363,363,0,726,50.0
North 24 Parganas,129,N24P-129,167,Govt Office 167,346,310,1,657,47.18
North 24 Parganas,129,N24P-129,168,Post Office 168,301,279,0,580,48.1
North 24 Parganas,129,N24P-129,169,Community Hall 169,352,317,1,670,47.31
North 24 Parganas,129,N24P-129,170,Post Office 170,312,300,0,612,49.02
North 24 Parganas,129,N24P-129,171,Club Building 171,404,416,0,820,50.73
North 24 Parganas,129,N24P-129,172,Club Building 172,242,242,0,484,50.0
North 24 Parganas,129,N24P-129,173,Temple Hall 173,266,254,1,521,48.75
North 24 Parganas,129,N24P-129,174,Post Office 174,351,325,0,676,48.08
North 24 Parganas,129,N24P-129,175,Market Building 175,298,284,0,582,48.8
North 24 Parganas,129,N24P-129,176,Health Sub-Centre 176,326,314,1,641,48.99
North 24 Parganas,129,N24P-129,177,Post Office 177,310,293,0,603,48.59
North 24 Parganas,129,N24P-129,178,Health Sub-Centre 178,260,236,0,496,47.58
North 24 Parganas,129,N24P-129,179,Primary School 179,403,391,0,794,49.24
North 24 Parganas,129,N24P-129,180,Health Sub-Centre 180,280,272,1,553,49.19
North 24 Parganas,129,N24P-129,181,Panchayat Bhavan 181,390,356,0,746,47.72
North 24 Parganas,129,N24P-129,182,Panchayat Bhavan 182,332,320,0,652,49.08
North 24 Parganas,129,N24P-129,183,Market Building 183,305,315,0,620,50.81
North 24 Parganas,129,N24P-129,184,Govt Office 184,283,263,1,547,48.08
North 24 Parganas,129,N24P-129,185,Primary School 185,284,269,0,553,48.64
North 24 Parganas,129,N24P-129,186,Govt Office 186,280,261,1,542,48.15
North 24 Parganas,129,N24P-129,187,Club Building 187,286,291,1,578,50.35
North 24 Parganas,129,N24P-129,188,Post Office 188,338,340,1,679,50.07
North 24 Parganas,129,N24P-129,189,High School 189,366,328,1,695,47.19
North 24 Parganas,129,N24P-129,190,High School 190,405,397,1,803,49.44
North 24 Parganas,129,N24P-129,191,Govt Office 191,377,350,1,728,48.08
North 24 Parganas,129,N24P-129,192,Panchayat Bhavan 192,285,257,1,543,47.33
North 24 Parganas,129,N24P-129,193,Temple Hall 193,404,391,0,795,49.18
North 24 Parganas,130,N24P-130,1,Anganwadi Centre 1,304,302,1,607,49.75
North 24 Parganas,130,N24P-130,2,Health Sub-Centre 2,357,332,1,690,48.12
North 24 Parganas,130,N24P-130,3,Club Building 3,243,242,0,485,49.9
North 24 Parganas,130,N24P-130,4,Community Hall 4,406,413,1,820,50.37
North 24 Parganas,130,N24P-130,5,Post Office 5,395,371,0,766,48.43
North 24 Parganas,130,N24P-130,6,High School 6,350,346,1,697,49.64
North 24 Parganas,130,N24P-130,7,Market Building 7,286,268,1,555,48.29
North 24 Parganas,130,N24P-130,8,Club Building 8,392,369,1,762,48.43
North 24 Parganas,130,N24P-130,9,Anganwadi Centre 9,359,337,1,697,48.35
North 24 Parganas,130,N24P-130,10,Anganwadi Centre 10,276,283,1,560,50.54
North 24 Parganas,130,N24P-130,11,Health Sub-Centre 11,397,409,0,806,50.74
North 24 Parganas,130,N24P-130,12,Temple Hall 12,286,274,1,561,48.84
North 24 Parganas,130,N24P-130,13,Temple Hall 13,323,308,1,632,48.73
North 24 Parganas,130,N24P-130,14,Madrasa 14,394,363,1,758,47.89
North 24 Parganas,130,N24P-130,15,Community Hall 15,369,349,1,719,48.54
North 24 Parganas,130,N24P-130,16,Primary School 16,358,353,0,711,49.65
North 24 Parganas,130,N24P-130,17,Market Building 17,263,240,1,504,47.62
North 24 Parganas,130,N24P-130,18,Govt Office 18,344,332,1,677,49.04
North 24 Parganas,130,N24P-130,19,Govt Office 19,391,355,1,747,47.52
North 24 Parganas,130,N24P-130,20,Community Hall 20,321,294,0,615,47.8
North 24 Parganas,130,N24P-130,21,Madrasa 21,348,346,0,694,49.86
North 24 Parganas,130,N24P-130,22,Market Building 22,294,266,1,561,47.42
North 24 Parganas,130,N24P-130,23,Govt Office 23,251,259,1,511,50.68
North 24 Parganas,130,N24P-130,24,Anganwadi Centre 24,335,337,1,673,50.07
North 24 Parganas,130,N24P-130,25,Primary School 25,397,364,0,761,47.83
North 24 Parganas,130,N24P-130,26,Panchayat Bhavan 26,278,276,0,554,49.82
North 24 Parganas,130,N24P-130,27,Primary School 27,259,240,0,499,48.1
North 24 Parganas,130,N24P-130,28,Temple Hall 28,372,356,0,728,48.9
North 24 Parganas,130,N24P-130,29,High School 29,250,244,0,494,49.39
North 24 Parganas,130,N24P-130,30,Panchayat Bhavan 30,330,334,0,664,50.3
North 24 Parganas,130,N24P-130,31,Anganwadi Centre 31,375,362,0,737,49.12
North 24 Parganas,130,N24P-130,32,Primary School 32,408,384,1,793,48.42
North 24 Parganas,130,N24P-130,33,High School 33,347,351,1,699,50.21
North 24 Parganas,130,N24P-130,34,Panchayat Bhavan 34,400,364,1,765,47.58
North 24 Parganas,130,N24P-130,35,Community Hall 35,260,255,1,516,49.42
North 24 Parganas,130,N24P-130,36,Club Building 36,311,310,0,621,49.92
North 24 Parganas,130,N24P-130,37,Community Hall 37,347,331,1,679,48.75
North 24 Parganas,130,N24P-130,38,Market Building 38,367,334,0,701,47.65
North 24 Parganas,130,N24P-130,39,Madrasa 39,358,336,1,695,48.35
North 24 Parganas,130,N24P-130,40,Madrasa 40,273,249,1,523,47.61
North 24 Parganas,130,N24P-130,41,Post Office 41,301,307,0,608,50.49
North 24 Parganas,130,N24P-130,42,Community Hall 42,259,240,0,499,48.1
North 24 Parganas,130,N24P-130,43,Health Sub-Centre 43,279,262,0,541,48.43
North 24 Parganas,130,N24P-130,44,Primary School 44,363,346,1,710,48.73
North 24 Parganas,130,N24P-130,45,Community Hall 45,259,233,1,493,47.26
North 24 Parganas,130,N24P-130,46,Madrasa 46,346,311,0,657,47.34
North 24 Parganas,130,N24P-130,47,Market Building 47,409,391,0,800,48.88
North 24 Parganas,130,N24P-130,48,Govt Office 48,298,287,0,585,49.06
North 24 Parganas,130,N24P-130,49,Market Building 49,286,292,1,579,50.43
North 24 Parganas,130,N24P-130,50,Club Building 50,286,293,0,579,50.6
North 24 Parganas,130,N24P-130,51,Primary School 51,248,255,0,503,50.7
North 24 Parganas,130,N24P-130,52,Primary School 52,297,287,1,585,49.06
North 24 Parganas,130,N24P-130,53,Market Building 53,276,270,0,546,49.45
North 24 Parganas,130,N24P-130,54,Post Office 54,387,348,0,735,47.35
North 24 Parganas,130,N24P-130,55,Health Sub-Centre 55,297,303,1,601,50.42
North 24 Parganas,130,N24P-130,56,Anganwadi Centre 56,260,241,1,502,48.01
North 24 Parganas,130,N24P-130,57,Post Office 57,414,395,0,809,48.83
North 24 Parganas,130,N24P-130,58,Market Building 58,416,373,1,790,47.22
North 24 Parganas,130,N24P-130,59,Madrasa 59,368,331,1,700,47.29
North 24 Parganas,130,N24P-130,60,Anganwadi Centre 60,392,390,0,782,49.87
North 24 Parganas,130,N24P-130,61,Community Hall 61,402,374,0,776,48.2
North 24 Parganas,130,N24P-130,62,Market Building 62,312,305,0,617,49.43
North 24 Parganas,130,N24P-130,63,Anganwadi Centre 63,417,395,1,813,48.59
North 24 Parganas,130,N24P-130,64,Anganwadi Centre 64,261,240,1,502,47.81
North 24 Parganas,130,N24P-130,65,Market Building 65,380,386,1,767,50.33
North 24 Parganas,130,N24P-130,66,Madrasa 66,296,271,1,568,47.71
North 24 Parganas,130,N24P-130,67,High School 67,332,317,1,650,48.77
North 24 Parganas,130,N24P-130,68,Market Building 68,394,402,1,797,50.44
North 24 Parganas,130,N24P-130,69,Club Building 69,256,246,0,502,49.0
North 24 Parganas,130,N24P-130,70,Panchayat Bhavan 70,355,320,1,676,47.34
North 24 Parganas,130,N24P-130,71,Temple Hall 71,325,291,0,616,47.24
North 24 Parganas,130,N24P-130,72,Club Building 72,335,339,0,674,50.3
North 24 Parganas,130,N24P-130,73,Panchayat Bhavan 73,400,369,0,769,47.98
North 24 Parganas,130,N24P-130,74,Madrasa 74,311,295,1,607,48.6
North 24 Parganas,130,N24P-130,75,Market Building 75,288,279,1,568,49.12
North 24 Parganas,130,N24P-130,76,Community Hall 76,308,283,1,592,47.8
North 24 Parganas,130,N24P-130,77,Health Sub-Centre 77,321,300,1,622,48.23
North 24 Parganas,130,N24P-130,78,Club Building 78,270,257,1,528,48.67
North 24 Parganas,130,N24P-130,79,Market Building 79,264,265,0,529,50.09
North 24 Parganas,130,N24P-130,80,Madrasa 80,379,359,0,738,48.64
North 24 Parganas,130,N24P-130,81,Post Office 81,415,377,1,793,47.54
North 24 Parganas,130,N24P-130,82,Market Building 82,320,314,0,634,49.53
North 24 Parganas,130,N24P-130,83,Anganwadi Centre 83,366,362,1,729,49.66
North 24 Parganas,130,N24P-130,84,Club Building 84,270,258,0,528,48.86
North 24 Parganas,130,N24P-130,85,Govt Office 85,246,242,0,488,49.59
North 24 Parganas,130,N24P-130,86,Club Building 86,336,320,0,656,48.78
North 24 Parganas,130,N24P-130,87,Govt Office 87,259,236,0,495,47.68
North 24 Parganas,130,N24P-130,88,High School 88,304,310,1,615,50.41
North 24 Parganas,130,N24P-130,89,Post Office 89,325,313,1,639,48.98
North 24 Parganas,130,N24P-130,90,Primary School 90,332,325,1,658,49.39
North 24 Parganas,130,N24P-130,91,Govt Office 91,245,244,0,489,49.9
North 24 Parganas,130,N24P-130,92,Anganwadi Centre 92,269,267,1,537,49.72
North 24 Parganas,130,N24P-130,93,Community Hall 93,349,358,1,708,50.56
North 24 Parganas,130,N24P-130,94,Temple Hall 94,414,395,1,810,48.77
North 24 Parganas,130,N24P-130,95,High School 95,393,372,0,765,48.63
North 24 Parganas,130,N24P-130,96,Govt Office 96,354,332,0,686,48.4
North 24 Parganas,130,N24P-130,97,Madrasa 97,327,311,0,638,48.75
North 24 Parganas,130,N24P-130,98,High School 98,339,351,1,691,50.8
North 24 Parganas,130,N24P-130,99,Club Building 99,275,277,0,552,50.18
North 24 Parganas,130,N24P-130,100,Govt Office 100,280,269,0,549,49.0
North 24 Parganas,130,N24P-130,101,Govt Office 101,333,341,1,675,50.52
North 24 Parganas,130,N24P-130,102,Post Office 102,277,279,1,557,50.09
North 24 Parganas,130,N24P-130,103,Health Sub-Centre 103,321,304,1,626,48.56
North 24 Parganas,130,N24P-130,104,Club Building 104,325,331,0,656,50.46
North 24 Parganas,130,N24P-130,105,Health Sub-Centre 105,393,356,1,750,47.47
North 24 Parganas,130,N24P-130,106,Temple Hall 106,247,243,1,491,49.49
North 24 Parganas,130,N24P-130,107,Market Building 107,348,323,1,672,48.07
North 24 Parganas,130,N24P-130,108,Temple Hall 108,375,386,0,761,50.72
North 24 Parganas,130,N24P-130,109,Govt Office 109,406,399,1,806,49.5
North 24 Parganas,130,N24P-130,110,Community Hall 110,416,376,0,792,47.47
North 24 Parganas,130,N24P-130,111,Govt Office 111,285,258,0,543,47.51
North 24 Parganas,130,N24P-130,112,Health Sub-Centre 112,416,375,1,792,47.35
North 24 Parganas,130,N24P-130,113,High School 113,363,373,1,737,50.61
North 24 Parganas,130,N24P-130,114,Market Building 114,382,395,1,778,50.77
North 24 Parganas,130,N24P-130,115,Club Building 115,403,400,0,803,49.81
North 24 Parganas,130,N24P-130,116,High School 116,399,403,0,802,50.25
North 24 Parganas,130,N24P-130,117,Anganwadi Centre 117,291,301,1,593,50.76
North 24 Parganas,130,N24P-130,118,Health Sub-Centre 118,312,297,1,610,48.69
North 24 Parganas,130,N24P-130,119,Anganwadi Centre 119,259,256,0,515,49.71
North 24 Parganas,130,N24P-130,120,High School 120,322,330,0,652,50.61
North 24 Parganas,130,N24P-130,121,Govt Office 121,393,387,1,781,49.55
North 24 Parganas,130,N24P-130,122,High School 122,286,262,0,548,47.81
North 24 Parganas,130,N24P-130,123,Panchayat Bhavan 123,265,248,0,513,48.34
North 24 Parganas,130,N24P-130,124,Post Office 124,272,247,1,520,47.5
North 24 Parganas,130,N24P-130,125,Community Hall 125,391,386,0,777,49.68
North 24 Parganas,130,N24P-130,126,High School 126,401,398,0,799,49.81
North 24 Parganas,130,N24P-130,127,Madrasa 127,300,269,0,569,47.28
North 24 Parganas,130,N24P-130,128,Panchayat Bhavan 128,302,294,1,597,49.25
North 24 Parganas,130,N24P-130,129,Madrasa 129,279,285,1,565,50.44
North 24 Parganas,130,N24P-130,130,Anganwadi Centre 130,425,384,0,809,47.47
North 24 Parganas,130,N24P-130,131,Health Sub-Centre 131,411,409,0,820,49.88
North 24 Parganas,130,N24P-130,132,Panchayat Bhavan 132,358,355,1,714,49.72
North 24 Parganas,130,N24P-130,133,Anganwadi Centre 133,273,245,1,519,47.21
North 24 Parganas,130,N24P-130,134,Club Building 134,269,251,1,521,48.18
North 24 Parganas,130,N24P-130,135,Primary School 135,325,298,0,623,47.83
North 24 Parganas,130,N24P-130,136,High School 136,245,238,0,483,49.28
North 24 Parganas,130,N24P-130,137,Primary School 137,381,370,1,752,49.2
North 24 Parganas,130,N24P-130,138,Govt Office 138,351,343,0,694,49.42
North 24 Parganas,130,N24P-130,139,Primary School 139,403,368,1,772,47.67
North 24 Parganas,130,N24P-130,140,Health Sub-Centre 140,272,248,0,520,47.69
North 24 Parganas,130,N24P-130,141,Health Sub-Centre 141,256,233,1,490,47.55
North 24 Parganas,130,N24P-130,142,Panchayat Bhavan 142,245,251,1,497,50.5
North 24 Parganas,130,N24P-130,143,Anganwadi Centre 143,281,286,0,567,50.44
North 24 Parganas,130,N24P-130,144,Post Office 144,356,361,0,717,50.35
North 24 Parganas,130,N24P-130,145,Club Building 145,382,349,0,731,47.74
North 24 Parganas,130,N24P-130,146,Market Building 146,343,350,1,694,50.43
North 24 Parganas,130,N24P-130,147,Madrasa 147,255,252,1,508,49.61
North 24 Parganas,130,N24P-130,148,Primary School 148,348,321,0,669,47.98
North 24 Parganas,130,N24P-130,149,High School 149,284,271,1,556,48.74
North 24 Parganas,130,N24P-130,150,Post Office 150,363,327,0,690,47.39
North 24 Parganas,130,N24P-130,151,Community Hall 151,364,342,1,707,48.37
North 24 Parganas,130,N24P-130,152,High School 152,295,291,1,587,49.57
North 24 Parganas,130,N24P-130,153,Community Hall 153,263,254,0,517,49.13
North 24 Parganas,130,N24P-130,154,Health Sub-Centre 154,287,281,0,568,49.47
North 24 Parganas,130,N24P-130,155,Primary School 155,339,330,0,669,49.33
North 24 Parganas,130,N24P-130,156,Anganwadi Centre 156,243,248,1,492,50.41
North 24 Parganas,130,N24P-130,157,Club Building 157,288,265,1,554,47.83
North 24 Parganas,130,N24P-130,158,Market Building 158,384,377,1,762,49.48
North 24 Parganas,130,N24P-130,159,High School 159,272,259,1,532,48.68
North 24 Parganas,130,N24P-130,160,Primary School 160,273,265,1,539,49.17
North 24 Parganas,130,N24P-130,161,Anganwadi Centre 161,265,240,0,505,47.52
North 24 Parganas,130,N24P-130,162,Panchayat Bhavan 162,293,266,1,560,47.5
North 24 Parganas,130,N24P-130,163,Club Building 163,358,347,1,706,49.15
North 24 Parganas,130,N24P-130,164,High School 164,331,312,1,644,48.45
North 24 Parganas,130,N24P-130,165,Post Office 165,407,383,1,791,48.42
North 24 Parganas,130,N24P-130,166,Community Hall 166,286,278,0,564,49.29
North 24 Parganas,130,N24P-130,167,Madrasa 167,259,255,1,515,49.51
North 24 Parganas,130,N24P-130,168,Market Building 168,263,252,1,516,48.84
North 24 Parganas,130,N24P-130,169,Market Building 169,404,413,0,817,50.55
North 24 Parganas,130,N24P-130,170,Govt Office 170,377,346,1,724,47.79
North 24 Parganas,130,N24P-130,171,Club Building 171,327,329,0,656,50.15
North 24 Parganas,130,N24P-130,172,High School 172,298,279,0,577,48.35
North 24 Parganas,130,N24P-130,173,High School 173,279,280,1,560,50.0
North 24 Parganas,130,N24P-130,174,Anganwadi Centre 174,405,414,0,819,50.55
North 24 Parganas,130,N24P-130,175,Govt Office 175,388,398,0,786,50.64
North 24 Parganas,130,N24P-130,176,Temple Hall 176,397,402,0,799,50.31
North 24 Parganas,130,N24P-130,177,High School 177,314,304,1,619,49.11
North 24 Parganas,130,N24P-130,178,Primary School 178,297,294,0,591,49.75
North 24 Parganas,130,N24P-130,179,Post Office 179,286,291,0,577,50.43
North 24 Parganas,130,N24P-130,180,Primary School 180,357,361,0,718,50.28
North 24 Parganas,131,N24P-131,1,Temple Hall 1,296,268,1,565,47.43
North 24 Parganas,131,N24P-131,2,Health Sub-Centre 2,326,328,0,654,50.15
North 24 Parganas,131,N24P-131,3,Panchayat Bhavan 3,365,357,1,723,49.38
North 24 Parganas,131,N24P-131,4,Panchayat Bhavan 4,376,370,1,747,49.53
North 24 Parganas,131,N24P-131,5,Health Sub-Centre 5,323,322,1,646,49.85
North 24 Parganas,131,N24P-131,6,Govt Office 6,271,266,1,538,49.44
North 24 Parganas,131,N24P-131,7,Primary School 7,287,291,0,578,50.35
North 24 Parganas,131,N24P-131,8,Club Building 8,287,290,0,577,50.26
North 24 Parganas,131,N24P-131,9,Post Office 9,296,283,1,580,48.79
North 24 Parganas,131,N24P-131,10,High School 10,253,244,1,498,49.0
North 24 Parganas,131,N24P-131,11,Temple Hall 11,376,379,0,755,50.2
North 24 Parganas,131,N24P-131,12,Panchayat Bhavan 12,364,349,0,713,48.95
North 24 Parganas,131,N24P-131,13,High School 13,354,343,1,698,49.14
North 24 Parganas,131,N24P-131,14,Club Building 14,315,312,1,628,49.68
North 24 Parganas,131,N24P-131,15,Madrasa 15,304,310,1,615,50.41
North 24 Parganas,131,N24P-131,16,High School 16,365,344,0,709,48.52
North 24 Parganas,131,N24P-131,17,Club Building 17,253,258,0,511,50.49
North 24 Parganas,131,N24P-131,18,Community Hall 18,344,354,1,699,50.64
North 24 Parganas,131,N24P-131,19,High School 19,292,280,1,573,48.87
North 24 Parganas,131,N24P-131,20,Govt Office 20,315,304,0,619,49.11
North 24 Parganas,131,N24P-131,21,Market Building 21,345,325,0,670,48.51
North 24 Parganas,131,N24P-131,22,Anganwadi Centre 22,353,333,1,687,48.47
North 24 Parganas,131,N24P-131,23,Primary School 23,314,293,1,608,48.19
North 24 Parganas,131,N24P-131,24,Health Sub-Centre 24,258,254,1,513,49.51
North 24 Parganas,131,N24P-131,25,Health Sub-Centre 25,415,395,1,811,48.71
North 24 Parganas,131,N24P-131,26,Post Office 26,309,315,0,624,50.48
North 24 Parganas,131,N24P-131,27,Govt Office 27,288,272,1,561,48.48
North 24 Parganas,131,N24P-131,28,Community Hall 28,391,360,0,751,47.94
North 24 Parganas,131,N24P-131,29,Panchayat Bhavan 29,246,248,0,494,50.2
North 24 Parganas,131,N24P-131,30,Govt Office 30,244,252,0,496,50.81
North 24 Parganas,131,N24P-131,31,Panchayat Bhavan 31,278,283,1,562,50.36
North 24 Parganas,131,N24P-131,32,Primary School 32,406,388,1,795,48.81
North 24 Parganas,131,N24P-131,33,Anganwadi Centre 33,281,253,0,534,47.38
North 24 Parganas,131,N24P-131,34,Market Building 34,331,301,0,632,47.63
North 24 Parganas,131,N24P-131,35,Primary School 35,410,370,1,781,47.38
North 24 Parganas,131,N24P-131,36,Temple Hall 36,277,264,1,542,48.71
North 24 Parganas,131,N24P-131,37,Anganwadi Centre 37,310,303,0,613,49.43
North 24 Parganas,131,N24P-131,38,Govt Office 38,281,288,0,569,50.62
North 24 Parganas,131,N24P-131,39,High School 39,320,311,0,631,49.29
North 24 Parganas,131,N24P-131,40,Temple Hall 40,244,238,1,483,49.28
North 24 Parganas,131,N24P-131,41,Community Hall 41,375,336,0,711,47.26
North 24 Parganas,131,N24P-131,42,Anganwadi Centre 42,419,378,1,798,47.37
North 24 Parganas,131,N24P-131,43,Temple Hall 43,410,380,1,791,48.04
North 24 Parganas,131,N24P-131,44,Post Office 44,359,354,1,714,49.58
North 24 Parganas,131,N24P-131,45,Community Hall 45,361,330,1,692,47.69
North 24 Parganas,131,N24P-131,46,Primary School 46,348,331,0,679,48.75
North 24 Parganas,131,N24P-131,47,Health Sub-Centre 47,373,342,1,716,47.77
North 24 Parganas,131,N24P-131,48,Post Office 48,299,270,0,569,47.45
North 24 Parganas,131,N24P-131,49,Club Building 49,394,395,0,789,50.06
North 24 Parganas,131,N24P-131,50,Community Hall 50,373,368,1,742,49.6
North 24 Parganas,131,N24P-131,51,Community Hall 51,290,280,0,570,49.12
North 24 Parganas,131,N24P-131,52,Panchayat Bhavan 52,335,331,1,667,49.63
North 24 Parganas,131,N24P-131,53,Panchayat Bhavan 53,339,327,1,667,49.03
North 24 Parganas,131,N24P-131,54,Madrasa 54,278,251,0,529,47.45
North 24 Parganas,131,N24P-131,55,Madrasa 55,315,312,0,627,49.76
North 24 Parganas,131,N24P-131,56,Madrasa 56,393,373,1,767,48.63
North 24 Parganas,131,N24P-131,57,Community Hall 57,343,344,1,688,50.0
North 24 Parganas,131,N24P-131,58,Health Sub-Centre 58,311,283,0,594,47.64
North 24 Parganas,131,N24P-131,59,Club Building 59,265,270,1,536,50.37
North 24 Parganas,131,N24P-131,60,Panchayat Bhavan 60,270,249,0,519,47.98
North 24 Parganas,131,N24P-131,61,Anganwadi Centre 61,296,304,0,600,50.67
North 24 Parganas,131,N24P-131,62,Primary School 62,249,247,1,497,49.7
North 24 Parganas,131,N24P-131,63,Market Building 63,366,377,1,744,50.67
North 24 Parganas,131,N24P-131,64,Post Office 64,348,358,0,706,50.71
North 24 Parganas,131,N24P-131,65,Temple Hall 65,284,264,0,548,48.18
North 24 Parganas,131,N24P-131,66,High School 66,272,262,1,535,48.97
North 24 Parganas,131,N24P-131,67,Health Sub-Centre 67,361,368,0,729,50.48
North 24 Parganas,131,N24P-131,68,Temple Hall 68,309,300,1,610,49.18
North 24 Parganas,131,N24P-131,69,High School 69,286,275,0,561,49.02
North 24 Parganas,131,N24P-131,70,Post Office 70,333,330,0,663,49.77
North 24 Parganas,131,N24P-131,71,Market Building 71,323,320,1,644,49.69
North 24 Parganas,131,N24P-131,72,High School 72,287,296,1,584,50.68
North 24 Parganas,131,N24P-131,73,Primary School 73,313,288,1,602,47.84
North 24 Parganas,131,N24P-131,74,Govt Office 74,340,343,0,683,50.22
North 24 Parganas,131,N24P-131,75,Market Building 75,298,281,0,579,48.53
North 24 Parganas,131,N24P-131,76,Anganwadi Centre 76,387,389,1,777,50.06
North 24 Parganas,131,N24P-131,77,High School 77,394,404,0,798,50.63
North 24 Parganas,131,N24P-131,78,Panchayat Bhavan 78,271,250,1,522,47.89
North 24 Parganas,131,N24P-131,79,Post Office 79,356,338,1,695,48.63
North 24 Parganas,131,N24P-131,80,Anganwadi Centre 80,271,264,1,536,49.25
North 24 Parganas,131,N24P-131,81,Govt Office 81,357,346,1,704,49.15
North 24 Parganas,131,N24P-131,82,Community Hall 82,352,333,0,685,48.61
North 24 Parganas,131,N24P-131,83,Club Building 83,262,250,0,512,48.83
North 24 Parganas,131,N24P-131,84,Primary School 84,411,407,1,819,49.69
North 24 Parganas,131,N24P-131,85,High School 85,260,247,0,507,48.72
North 24 Parganas,131,N24P-131,86,High School 86,281,269,0,550,48.91
North 24 Parganas,131,N24P-131,87,Market Building 87,345,315,1,661,47.66
North 24 Parganas,131,N24P-131,88,Govt Office 88,247,241,1,489,49.28
North 24 Parganas,131,N24P-131,89,Post Office 89,370,343,1,714,48.04
North 24 Parganas,131,N24P-131,90,Health Sub-Centre 90,291,293,0,584,50.17
North 24 Parganas,131,N24P-131,91,Health Sub-Centre 91,319,292,1,612,47.71
North 24 Parganas,131,N24P-131,92,Health Sub-Centre 92,346,345,1,692,49.86
North 24 Parganas,131,N24P-131,93,Health Sub-Centre 93,328,294,1,623,47.19
North 24 Parganas,131,N24P-131,94,Govt Office 94,326,332,0,658,50.46
North 24 Parganas,131,N24P-131,95,Temple Hall 95,251,237,0,488,48.57
North 24 Parganas,131,N24P-131,96,Panchayat Bhavan 96,342,330,1,673,49.03
North 24 Parganas,131,N24P-131,97,Community Hall 97,379,340,1,720,47.22
North 24 Parganas,131,N24P-131,98,Post Office 98,400,395,1,796,49.62
North 24 Parganas,131,N24P-131,99,Health Sub-Centre 99,262,268,1,531,50.47
North 24 Parganas,131,N24P-131,100,Post Office 100,403,408,0,811,50.31
North 24 Parganas,131,N24P-131,101,Market Building 101,381,383,0,764,50.13
North 24 Parganas,131,N24P-131,102,Panchayat Bhavan 102,336,327,0,663,49.32
North 24 Parganas,131,N24P-131,103,Anganwadi Centre 103,387,381,0,768,49.61
North 24 Parganas,131,N24P-131,104,Club Building 104,363,368,0,731,50.34
North 24 Parganas,131,N24P-131,105,Govt Office 105,376,359,1,736,48.78
North 24 Parganas,131,N24P-131,106,Temple Hall 106,279,261,0,540,48.33
North 24 Parganas,131,N24P-131,107,High School 107,274,273,1,548,49.82
North 24 Parganas,131,N24P-131,108,Temple Hall 108,245,238,0,483,49.28
North 24 Parganas,131,N24P-131,109,Post Office 109,279,270,0,549,49.18
North 24 Parganas,131,N24P-131,110,Panchayat Bhavan 110,376,352,1,729,48.29
North 24 Parganas,131,N24P-131,111,Post Office 111,401,389,0,790,49.24
North 24 Parganas,131,N24P-131,112,Panchayat Bhavan 112,350,348,1,699,49.79
North 24 Parganas,131,N24P-131,113,Govt Office 113,286,273,1,560,48.75
North 24 Parganas,131,N24P-131,114,Post Office 114,353,349,1,703,49.64
North 24 Parganas,131,N24P-131,115,Govt Office 115,309,278,1,588,47.28
North 24 Parganas,131,N24P-131,116,Post Office 116,301,282,0,583,48.37
North 24 Parganas,131,N24P-131,117,Community Hall 117,400,394,0,794,49.62
North 24 Parganas,131,N24P-131,118,High School 118,245,253,1,499,50.7
North 24 Parganas,131,N24P-131,119,Club Building 119,358,328,1,687,47.74
North 24 Parganas,131,N24P-131,120,Health Sub-Centre 120,364,338,1,703,48.08
North 24 Parganas,131,N24P-131,121,Club Building 121,369,332,1,702,47.29
North 24 Parganas,131,N24P-131,122,Panchayat Bhavan 122,299,309,0,608,50.82
North 24 Parganas,131,N24P-131,123,Club Building 123,260,259,1,520,49.81
North 24 Parganas,131,N24P-131,124,Temple Hall 124,337,344,0,681,50.51
North 24 Parganas,131,N24P-131,125,Govt Office 125,281,276,1,558,49.46
North 24 Parganas,131,N24P-131,126,Panchayat Bhavan 126,411,384,0,795,48.3
North 24 Parganas,131,N24P-131,127,Anganwadi Centre 127,328,333,0,661,50.38
North 24 Parganas,131,N24P-131,128,Health Sub-Centre 128,411,371,1,783,47.38
North 24 Parganas,131,N24P-131,129,Primary School 129,250,237,0,487,48.67
North 24 Parganas,131,N24P-131,130,Market Building 130,352,346,1,699,49.5
North 24 Parganas,131,N24P-131,131,Panchayat Bhavan 131,236,243,1,480,50.62
North 24 Parganas,131,N24P-131,132,Post Office 132,284,271,0,555,48.83
North 24 Parganas,131,N24P-131,133,Panchayat Bhavan 133,339,305,1,645,47.29
North 24 Parganas,131,N24P-131,134,Primary School 134,274,283,1,558,50.72
North 24 Parganas,131,N24P-131,135,Club Building 135,285,275,1,561,49.02
North 24 Parganas,131,N24P-131,136,Club Building 136,297,276,0,573,48.17
North 24 Parganas,131,N24P-131,137,Madrasa 137,386,357,1,744,47.98
North 24 Parganas,131,N24P-131,138,Temple Hall 138,392,391,1,784,49.87
North 24 Parganas,131,N24P-131,139,Govt Office 139,337,325,0,662,49.09
North 24 Parganas,131,N24P-131,140,Market Building 140,294,294,1,589,49.92
North 24 Parganas,131,N24P-131,141,Club Building 141,269,243,1,513,47.37
North 24 Parganas,131,N24P-131,142,Club Building 142,335,301,0,636,47.33
North 24 Parganas,131,N24P-131,143,Madrasa 143,351,359,0,710,50.56
North 24 Parganas,131,N24P-131,144,Market Building 144,384,363,1,748,48.53
North 24 Parganas,131,N24P-131,145,Market Building 145,283,264,0,547,48.26
North 24 Parganas,131,N24P-131,146,High School 146,384,369,1,754,48.94
North 24 Parganas,131,N24P-131,147,Primary School 147,320,320,1,641,49.92
North 24 Parganas,131,N24P-131,148,Community Hall 148,366,345,1,712,48.46
North 24 Parganas,131,N24P-131,149,Anganwadi Centre 149,323,313,0,636,49.21
North 24 Parganas,131,N24P-131,150,Anganwadi Centre 150,301,272,0,573,47.47
North 24 Parganas,131,N24P-131,151,Temple Hall 151,351,329,1,681,48.31
North 24 Parganas,131,N24P-131,152,Club Building 152,254,257,0,511,50.29
North 24 Parganas,131,N24P-131,153,High School 153,344,322,1,667,48.28
North 24 Parganas,131,N24P-131,154,Primary School 154,384,397,1,782,50.77
North 24 Parganas,131,N24P-131,155,Govt Office 155,255,250,0,505,49.5
North 24 Parganas,131,N24P-131,156,Temple Hall 156,350,347,1,698,49.71
North 24 Parganas,131,N24P-131,157,Club Building 157,355,341,0,696,48.99
North 24 Parganas,131,N24P-131,158,Community Hall 158,352,320,0,672,47.62
North 24 Parganas,131,N24P-131,159,Community Hall 159,262,267,0,529,50.47
North 24 Parganas,131,N24P-131,160,Health Sub-Centre 160,376,371,0,747,49.67
North 24 Parganas,131,N24P-131,161,Madrasa 161,397,394,1,792,49.75
North 24 Parganas,131,N24P-131,162,High School 162,401,410,1,812,50.49
North 24 Parganas,131,N24P-131,163,Market Building 163,324,308,0,632,48.73
North 24 Parganas,131,N24P-131,164,Market Building 164,271,268,0,539,49.72
North 24 Parganas,131,N24P-131,165,Post Office 165,342,332,1,675,49.19
North 24 Parganas,131,N24P-131,166,Govt Office 166,305,315,0,620,50.81
North 24 Parganas,131,N24P-131,167,Primary School 167,377,362,1,740,48.92
North 24 Parganas,131,N24P-131,168,High School 168,314,293,1,608,48.19
North 24 Parganas,131,N24P-131,169,Market Building 169,387,367,1,755,48.61
North 24 Parganas,131,N24P-131,170,Community Hall 170,266,246,0,512,48.05
North 24 Parganas,131,N24P-131,171,Govt Office 171,252,245,1,498,49.2
North 24 Parganas,131,N24P-131,172,Madrasa 172,373,373,0,746,50.0
North 24 Parganas,131,N24P-131,173,Community Hall 173,327,320,0,647,49.46
North 24 Parganas,131,N24P-131,174,High School 174,293,281,0,574,48.95
North 24 Parganas,131,N24P-131,175,Temple Hall 175,412,372,0,784,47.45
North 24 Parganas,131,N24P-131,176,Panchayat Bhavan 176,267,244,1,512,47.66
North 24 Parganas,131,N24P-131,177,Temple Hall 177,339,312,0,651,47.93
North 24 Parganas,131,N24P-131,178,Club Building 178,327,299,1,627,47.69
North 24 Parganas,131,N24P-131,179,Club Building 179,345,341,0,686,49.71
North 24 Parganas,131,N24P-131,180,Club Building 180,379,387,1,767,50.46
North 24 Parganas,131,N24P-131,181,Temple Hall 181,250,252,0,502,50.2
North 24 Parganas,131,N24P-131,182,Community Hall 182,283,273,1,557,49.01
North 24 Parganas,132,N24P-132,1,Market Building 1,256,259,0,515,50.29
North 24 Parganas,132,N24P-132,2,Primary School 2,287,259,1,547,47.35
North 24 Parganas,132,N24P-132,3,Madrasa 3,279,280,0,559,50.09
North 24 Parganas,132,N24P-132,4,Temple Hall 4,331,337,1,669,50.37
North 24 Parganas,132,N24P-132,5,Market Building 5,284,272,1,557,48.83
North 24 Parganas,132,N24P-132,6,Primary School 6,266,260,0,526,49.43
North 24 Parganas,132,N24P-132,7,Health Sub-Centre 7,316,323,0,639,50.55
North 24 Parganas,132,N24P-132,8,Temple Hall 8,384,369,1,754,48.94
North 24 Parganas,132,N24P-132,9,Anganwadi Centre 9,357,344,0,701,49.07
North 24 Parganas,132,N24P-132,10,Anganwadi Centre 10,246,245,1,492,49.8
North 24 Parganas,132,N24P-132,11,Madrasa 11,336,308,0,644,47.83
North 24 Parganas,132,N24P-132,12,Community Hall 12,263,271,1,535,50.65
North 24 Parganas,132,N24P-132,13,Panchayat Bhavan 13,350,326,0,676,48.22
North 24 Parganas,132,N24P-132,14,High School 14,381,347,0,728,47.66
North 24 Parganas,132,N24P-132,15,Community Hall 15,284,261,0,545,47.89
North 24 Parganas,132,N24P-132,16,Panchayat Bhavan 16,311,302,1,614,49.19
North 24 Parganas,132,N24P-132,17,Govt Office 17,355,337,0,692,48.7
North 24 Parganas,132,N24P-132,18,Health Sub-Centre 18,408,382,1,791,48.29
North 24 Parganas,132,N24P-132,19,Madrasa 19,327,327,1,655,49.92
North 24 Parganas,132,N24P-132,20,Post Office 20,284,289,1,574,50.35
North 24 Parganas,132,N24P-132,21,Club Building 21,248,250,1,499,50.1
North 24 Parganas,132,N24P-132,22,Community Hall 22,280,270,1,551,49.0
North 24 Parganas,132,N24P-132,23,Anganwadi Centre 23,287,291,0,578,50.35
North 24 Parganas,132,N24P-132,24,Temple Hall 24,426,382,0,808,47.28
North 24 Parganas,132,N24P-132,25,Govt Office 25,269,257,1,527,48.77
North 24 Parganas,132,N24P-132,26,Temple Hall 26,399,394,1,794,49.62
North 24 Parganas,132,N24P-132,27,Club Building 27,413,393,0,806,48.76
North 24 Parganas,132,N24P-132,28,Primary School 28,272,255,0,527,48.39
North 24 Parganas,132,N24P-132,29,Market Building 29,250,232,1,483,48.03
North 24 Parganas,132,N24P-132,30,High School 30,400,405,0,805,50.31
North 24 Parganas,132,N24P-132,31,Anganwadi Centre 31,273,282,1,556,50.72
North 24 Parganas,132,N24P-132,32,Primary School 32,371,371,0,742,50.0
North 24 Parganas,132,N24P-132,33,Post Office 33,374,359,1,734,48.91
North 24 Parganas,132,N24P-132,34,Club Building 34,270,256,1,527,48.58
North 24 Parganas,132,N24P-132,35,Anganwadi Centre 35,271,279,0,550,50.73
North 24 Parganas,132,N24P-132,36,Club Building 36,318,306,1,625,48.96
North 24 Parganas,132,N24P-132,37,Madrasa 37,417,377,1,795,47.42
North 24 Parganas,132,N24P-132,38,Anganwadi Centre 38,362,350,1,713,49.09
North 24 Parganas,132,N24P-132,39,High School 39,410,408,1,819,49.82
North 24 Parganas,132,N24P-132,40,Anganwadi Centre 40,395,393,0,788,49.87
North 24 Parganas,132,N24P-132,41,Madrasa 41,324,316,0,640,49.38
North 24 Parganas,132,N24P-132,42,Govt Office 42,354,318,0,672,47.32
North 24 Parganas,132,N24P-132,43,Govt Office 43,337,341,1,679,50.22
North 24 Parganas,132,N24P-132,44,Panchayat Bhavan 44,328,326,0,654,49.85
North 24 Parganas,132,N24P-132,45,Primary School 45,272,257,0,529,48.58
North 24 Parganas,132,N24P-132,46,Panchayat Bhavan 46,378,362,0,740,48.92
North 24 Parganas,132,N24P-132,47,Community Hall 47,315,281,0,596,47.15
North 24 Parganas,132,N24P-132,48,Club Building 48,351,338,1,690,48.99
North 24 Parganas,132,N24P-132,49,Health Sub-Centre 49,414,405,1,820,49.39
North 24 Parganas,132,N24P-132,50,Temple Hall 50,413,400,1,814,49.14
North 24 Parganas,132,N24P-132,51,High School 51,246,235,1,482,48.76
North 24 Parganas,132,N24P-132,52,Primary School 52,259,249,0,508,49.02
North 24 Parganas,132,N24P-132,53,Post Office 53,362,357,1,720,49.58
North 24 Parganas,132,N24P-132,54,Madrasa 54,295,271,1,567,47.8
North 24 Parganas,132,N24P-132,55,Primary School 55,277,261,1,539,48.42
North 24 Parganas,132,N24P-132,56,Anganwadi Centre 56,301,281,1,583,48.2
North 24 Parganas,132,N24P-132,57,Market Building 57,270,257,0,527,48.77
North 24 Parganas,132,N24P-132,58,Post Office 58,265,239,1,505,47.33
North 24 Parganas,132,N24P-132,59,Market Building 59,421,379,0,800,47.38
North 24 Parganas,132,N24P-132,60,Anganwadi Centre 60,291,300,1,592,50.68
North 24 Parganas,132,N24P-132,61,Community Hall 61,322,300,1,623,48.15
North 24 Parganas,132,N24P-132,62,Panchayat Bhavan 62,375,355,1,731,48.56
North 24 Parganas,132,N24P-132,63,Panchayat Bhavan 63,338,346,1,685,50.51
North 24 Parganas,132,N24P-132,64,Health Sub-Centre 64,388,380,0,768,49.48
North 24 Parganas,132,N24P-132,65,Anganwadi Centre 65,342,341,1,684,49.85
North 24 Parganas,132,N24P-132,66,Community Hall 66,409,404,0,813,49.69
North 24 Parganas,132,N24P-132,67,Govt Office 67,255,264,1,520,50.77
North 24 Parganas,132,N24P-132,68,Market Building 68,340,322,0,662,48.64
North 24 Parganas,132,N24P-132,69,Club Building 69,352,332,0,684,48.54
North 24 Parganas,132,N24P-132,70,Primary School 70,328,303,0,631,48.02
North 24 Parganas,132,N24P-132,71,Anganwadi Centre 71,338,317,1,656,48.32
North 24 Parganas,132,N24P-132,72,Health Sub-Centre 72,358,338,1,697,48.49
North 24 Parganas,132,N24P-132,73,Post Office 73,284,268,0,552,48.55
North 24 Parganas,132,N24P-132,74,Anganwadi Centre 74,285,267,0,552,48.37
North 24 Parganas,132,N24P-132,75,Market Building 75,319,287,0,606,47.36
North 24 Parganas,132,N24P-132,76,High School 76,290,269,0,559,48.12
North 24 Parganas,132,N24P-132,77,Madrasa 77,368,353,1,722,48.89
North 24 Parganas,132,N24P-132,78,Panchayat Bhavan 78,295,282,1,578,48.79
North 24 Parganas,132,N24P-132,79,Govt Office 79,269,267,1,537,49.72
North 24 Parganas,132,N24P-132,80,High School 80,269,244,0,513,47.56
North 24 Parganas,132,N24P-132,81,Club Building 81,384,393,0,777,50.58
North 24 Parganas,132,N24P-132,82,Primary School 82,389,397,1,787,50.44
North 24 Parganas,132,N24P-132,83,Post Office 83,393,382,0,775,49.29
North 24 Parganas,132,N24P-132,84,Madrasa 84,286,290,1,577,50.26
North 24 Parganas,132,N24P-132,85,Panchayat Bhavan 85,276,255,0,531,48.02
North 24 Parganas,132,N24P-132,86,Health Sub-Centre 86,398,403,1,802,50.25
North 24 Parganas,132,N24P-132,87,Panchayat Bhavan 87,368,377,1,746,50.54
North 24 Parganas,132,N24P-132,88,Govt Office 88,329,321,0,650,49.38
North 24 Parganas,132,N24P-132,89,Madrasa 89,313,281,1,595,47.23
North 24 Parganas,132,N24P-132,90,Madrasa 90,336,336,1,673,49.93
North 24 Parganas,132,N24P-132,91,Primary School 91,309,297,1,607,48.93
North 24 Parganas,132,N24P-132,92,Govt Office 92,406,385,0,791,48.67
North 24 Parganas,132,N24P-132,93,High School 93,341,325,1,667,48.73
North 24 Parganas,132,N24P-132,94,High School 94,370,332,0,702,47.29
North 24 Parganas,132,N24P-132,95,Community Hall 95,294,265,0,559,47.41
North 24 Parganas,132,N24P-132,96,Health Sub-Centre 96,322,293,0,615,47.64
North 24 Parganas,132,N24P-132,97,Primary School 97,268,251,1,520,48.27
North 24 Parganas,132,N24P-132,98,High School 98,315,289,1,605,47.77
North 24 Parganas,132,N24P-132,99,Govt Office 99,339,315,1,655,48.09
North 24 Parganas,132,N24P-132,100,Govt Office 100,288,271,0,559,48.48
North 24 Parganas,132,N24P-132,101,Market Building 101,386,349,0,735,47.48
North 24 Parganas,132,N24P-132,102,High School 102,246,237,1,484,48.97
North 24 Parganas,132,N24P-132,103,Govt Office 103,275,258,1,534,48.31
North 24 Parganas,132,N24P-132,104,Health Sub-Centre 104,393,397,1,791,50.19
North 24 Parganas,132,N24P-132,105,Madrasa 105,283,292,1,576,50.69
North 24 Parganas,132,N24P-132,106,Anganwadi Centre 106,294,284,0,578,49.13
North 24 Parganas,132,N24P-132,107,Club Building 107,268,274,1,543,50.46
North 24 Parganas,132,N24P-132,108,Temple Hall 108,253,256,0,509,50.29
North 24 Parganas,132,N24P-132,109,Temple Hall 109,248,246,0,494,49.8
North 24 Parganas,132,N24P-132,110,Primary School 110,353,342,1,696,49.14
North 24 Parganas,132,N24P-132,111,Madrasa 111,262,251,0,513,48.93
North 24 Parganas,132,N24P-132,112,Market Building 112,266,257,1,524,49.05
North 24 Parganas,132,N24P-132,113,Community Hall 113,353,364,1,718,50.7
North 24 Parganas,132,N24P-132,114,Community Hall 114,262,238,1,501,47.5
North 24 Parganas,132,N24P-132,115,Govt Office 115,306,301,0,607,49.59
North 24 Parganas,132,N24P-132,116,Community Hall 116,282,280,1,563,49.73
North 24 Parganas,132,N24P-132,117,Govt Office 117,384,394,0,778,50.64
North 24 Parganas,132,N24P-132,118,Market Building 118,368,337,1,706,47.73
North 24 Parganas,132,N24P-132,119,Panchayat Bhavan 119,405,399,0,804,49.63
North 24 Parganas,132,N24P-132,120,Community Hall 120,374,363,0,737,49.25
North 24 Parganas,132,N24P-132,121,Anganwadi Centre 121,371,354,1,726,48.76
North 24 Parganas,132,N24P-132,122,Govt Office 122,402,377,0,779,48.4
North 24 Parganas,132,N24P-132,123,Post Office 123,334,308,1,643,47.9
North 24 Parganas,132,N24P-132,124,Govt Office 124,419,391,0,810,48.27
North 24 Parganas,132,N24P-132,125,High School 125,413,393,1,807,48.7
North 24 Parganas,132,N24P-132,126,Panchayat Bhavan 126,348,325,1,674,48.22
North 24 Parganas,132,N24P-132,127,Community Hall 127,342,313,1,656,47.71
North 24 Parganas,132,N24P-132,128,Madrasa 128,359,328,0,687,47.74
North 24 Parganas,132,N24P-132,129,Madrasa 129,339,315,1,655,48.09
North 24 Parganas,132,N24P-132,130,Anganwadi Centre 130,334,324,1,659,49.17
North 24 Parganas,132,N24P-132,131,Panchayat Bhavan 131,410,371,0,781,47.5
North 24 Parganas,132,N24P-132,132,Community Hall 132,314,302,1,617,48.95
North 24 Parganas,132,N24P-132,133,Panchayat Bhavan 133,402,392,1,795,49.31
North 24 Parganas,132,N24P-132,134,High School 134,396,395,0,791,49.94
North 24 Parganas,132,N24P-132,135,Health Sub-Centre 135,268,247,0,515,47.96
North 24 Parganas,132,N24P-132,136,Govt Office 136,306,280,0,586,47.78
North 24 Parganas,132,N24P-132,137,High School 137,264,268,1,533,50.28
North 24 Parganas,132,N24P-132,138,Govt Office 138,401,409,1,811,50.43
North 24 Parganas,132,N24P-132,139,Panchayat Bhavan 139,326,335,1,662,50.6
North 24 Parganas,132,N24P-132,140,Market Building 140,268,263,0,531,49.53
North 24 Parganas,132,N24P-132,141,Panchayat Bhavan 141,415,404,0,819,49.33
North 24 Parganas,132,N24P-132,142,Govt Office 142,275,252,1,528,47.73
North 24 Parganas,132,N24P-132,143,Primary School 143,415,399,0,814,49.02
North 24 Parganas,132,N24P-132,144,High School 144,365,341,1,707,48.23
North 24 Parganas,132,N24P-132,145,Primary School 145,248,235,1,484,48.55
North 24 Parganas,132,N24P-132,146,Primary School 146,310,310,0,620,50.0
North 24 Parganas,132,N24P-132,147,Club Building 147,373,383,1,757,50.59
North 24 Parganas,132,N24P-132,148,Madrasa 148,331,318,0,649,49.0
North 24 Parganas,132,N24P-132,149,Govt Office 149,295,290,1,586,49.49
North 24 Parganas,132,N24P-132,150,Panchayat Bhavan 150,275,279,0,554,50.36
North 24 Parganas,132,N24P-132,151,Community Hall 151,390,403,1,794,50.76
North 24 Parganas,132,N24P-132,152,Anganwadi Centre 152,354,344,1,699,49.21
North 24 Parganas,132,N24P-132,153,Temple Hall 153,326,312,1,639,48.83
North 24 Parganas,132,N24P-132,154,Primary School 154,380,388,0,768,50.52
North 24 Parganas,132,N24P-132,155,Primary School 155,343,321,1,665,48.27
North 24 Parganas,132,N24P-132,156,Madrasa 156,356,363,0,719,50.49
North 24 Parganas,132,N24P-132,157,Govt Office 157,362,354,1,717,49.37
North 24 Parganas,132,N24P-132,158,Post Office 158,413,405,0,818,49.51
North 24 Parganas,132,N24P-132,159,Madrasa 159,378,346,0,724,47.79
North 24 Parganas,132,N24P-132,160,Primary School 160,299,276,0,575,48.0
North 24 Parganas,132,N24P-132,161,Club Building 161,398,389,1,788,49.37
North 24 Parganas,132,N24P-132,162,Madrasa 162,283,271,0,554,48.92
North 24 Parganas,132,N24P-132,163,Govt Office 163,254,243,0,497,48.89
North 24 Parganas,132,N24P-132,164,Primary School 164,262,236,1,499,47.29
North 24 Parganas,132,N24P-132,165,Govt Office 165,372,351,0,723,48.55
North 24 Parganas,132,N24P-132,166,Health Sub-Centre 166,282,271,1,554,48.92
North 24 Parganas,132,N24P-132,167,High School 167,326,318,0,644,49.38
North 24 Parganas,132,N24P-132,168,Health Sub-Centre 168,372,360,1,733,49.11
North 24 Parganas,132,N24P-132,169,Panchayat Bhavan 169,367,353,1,721,48.96
North 24 Parganas,132,N24P-132,170,Panchayat Bhavan 170,325,293,1,619,47.33
North 24 Parganas,132,N24P-132,171,Temple Hall 171,387,368,1,756,48.68
North 24 Parganas,132,N24P-132,172,Market Building 172,351,335,0,686,48.83
North 24 Parganas,132,N24P-132,173,Post Office 173,286,290,0,576,50.35
North 24 Parganas,132,N24P-132,174,Govt Office 174,382,386,1,769,50.2
North 24 Parganas,132,N24P-132,175,Club Building 175,381,383,0,764,50.13
North 24 Parganas,132,N24P-132,176,Market Building 176,349,356,1,706,50.42
North 24 Parganas,132,N24P-132,177,High School 177,344,342,0,686,49.85
North 24 Parganas,132,N24P-132,178,Post Office 178,299,275,1,575,47.83
North 24 Parganas,132,N24P-132,179,Panchayat Bhavan 179,392,357,0,749,47.66
North 24 Parganas,132,N24P-132,180,Primary School 180,407,399,1,807,49.44
North 24 Parganas,132,N24P-132,181,Club Building 181,394,363,0,757,47.95
North 24 Parganas,132,N24P-132,182,Market Building 182,286,270,1,557,48.47
North 24 Parganas,133,N24P-133,1,Community Hall 1,352,330,0,682,48.39
North 24 Parganas,133,N24P-133,2,Post Office 2,374,380,1,755,50.33
North 24 Parganas,133,N24P-133,3,High School 3,415,388,1,804,48.26
North 24 Parganas,133,N24P-133,4,Health Sub-Centre 4,373,362,1,736,49.18
North 24 Parganas,133,N24P-133,5,Anganwadi Centre 5,245,237,0,482,49.17
North 24 Parganas,133,N24P-133,6,Anganwadi Centre 6,301,276,1,578,47.75
North 24 Parganas,133,N24P-133,7,Post Office 7,352,327,0,679,48.16
North 24 Parganas,133,N24P-133,8,Govt Office 8,325,335,1,661,50.68
North 24 Parganas,133,N24P-133,9,Anganwadi Centre 9,324,327,0,651,50.23
North 24 Parganas,133,N24P-133,10,Madrasa 10,258,254,1,513,49.51
North 24 Parganas,133,N24P-133,11,Primary School 11,272,278,0,550,50.55
North 24 Parganas,133,N24P-133,12,Panchayat Bhavan 12,303,274,1,578,47.4
North 24 Parganas,133,N24P-133,13,Market Building 13,359,364,0,723,50.35
North 24 Parganas,133,N24P-133,14,Primary School 14,290,278,1,569,48.86
North 24 Parganas,133,N24P-133,15,Govt Office 15,287,294,0,581,50.6
North 24 Parganas,133,N24P-133,16,Health Sub-Centre 16,267,270,1,538,50.19
North 24 Parganas,133,N24P-133,17,Primary School 17,297,290,0,587,49.4
North 24 Parganas,133,N24P-133,18,Health Sub-Centre 18,291,289,0,580,49.83
North 24 Parganas,133,N24P-133,19,Post Office 19,333,322,1,656,49.09
North 24 Parganas,133,N24P-133,20,Primary School 20,320,297,1,618,48.06
North 24 Parganas,133,N24P-133,21,Panchayat Bhavan 21,321,308,0,629,48.97
North 24 Parganas,133,N24P-133,22,Post Office 22,356,324,0,680,47.65
North 24 Parganas,133,N24P-133,23,Temple Hall 23,339,303,0,642,47.2
North 24 Parganas,133,N24P-133,24,High School 24,404,377,1,782,48.21
North 24 Parganas,133,N24P-133,25,Market Building 25,376,377,0,753,50.07
North 24 Parganas,133,N24P-133,26,High School 26,341,337,1,679,49.63
North 24 Parganas,133,N24P-133,27,Community Hall 27,314,285,0,599,47.58
North 24 Parganas,133,N24P-133,28,Panchayat Bhavan 28,285,277,1,563,49.2
North 24 Parganas,133,N24P-133,29,Health Sub-Centre 29,248,238,1,487,48.87
North 24 Parganas,133,N24P-133,30,Community Hall 30,339,339,1,679,49.93
North 24 Parganas,133,N24P-133,31,Temple Hall 31,338,341,0,679,50.22
North 24 Parganas,133,N24P-133,32,Govt Office 32,362,351,0,713,49.23
North 24 Parganas,133,N24P-133,33,Anganwadi Centre 33,363,347,1,711,48.8
North 24 Parganas,133,N24P-133,34,Madrasa 34,276,265,1,542,48.89
North 24 Parganas,133,N24P-133,35,Panchayat Bhavan 35,368,374,0,742,50.4
North 24 Parganas,133,N24P-133,36,Post Office 36,413,373,0,786,47.46
North 24 Parganas,133,N24P-133,37,Community Hall 37,257,240,0,497,48.29
North 24 Parganas,133,N24P-133,38,Club Building 38,422,385,1,808,47.65
North 24 Parganas,133,N24P-133,39,Health Sub-Centre 39,283,262,0,545,48.07
North 24 Parganas,133,N24P-133,40,Govt Office 40,314,286,1,601,47.59
North 24 Parganas,133,N24P-133,41,Post Office 41,409,368,0,777,47.36
North 24 Parganas,133,N24P-133,42,Market Building 42,272,278,1,551,50.45
North 24 Parganas,133,N24P-133,43,High School 43,362,368,1,731,50.34
North 24 Parganas,133,N24P-133,44,Panchayat Bhavan 44,391,402,0,793,50.69
North 24 Parganas,133,N24P-133,45,Madrasa 45,257,248,1,506,49.01
North 24 Parganas,133,N24P-133,46,Market Building 46,274,281,0,555,50.63
North 24 Parganas,133,N24P-133,47,Market Building 47,252,232,0,484,47.93
North 24 Parganas,133,N24P-133,48,Market Building 48,241,248,1,490,50.61
North 24 Parganas,133,N24P-133,49,Anganwadi Centre 49,247,250,0,497,50.3
North 24 Parganas,133,N24P-133,50,Club Building 50,273,274,0,547,50.09
North 24 Parganas,133,N24P-133,51,Panchayat Bhavan 51,301,302,0,603,50.08
North 24 Parganas,133,N24P-133,52,Market Building 52,259,248,0,507,48.92
North 24 Parganas,133,N24P-133,53,Community Hall 53,385,348,1,734,47.41
North 24 Parganas,133,N24P-133,54,Temple Hall 54,278,276,1,555,49.73
North 24 Parganas,133,N24P-133,55,Market Building 55,359,326,1,686,47.52
North 24 Parganas,133,N24P-133,56,Temple Hall 56,369,361,0,730,49.45
North 24 Parganas,133,N24P-133,57,Market Building 57,294,270,0,564,47.87
North 24 Parganas,133,N24P-133,58,Primary School 58,342,353,0,695,50.79
North 24 Parganas,133,N24P-133,59,Market Building 59,380,376,0,756,49.74
North 24 Parganas,133,N24P-133,60,High School 60,344,326,0,670,48.66
North 24 Parganas,133,N24P-133,61,Temple Hall 61,312,317,0,629,50.4
North 24 Parganas,133,N24P-133,62,Health Sub-Centre 62,272,256,0,528,48.48
North 24 Parganas,133,N24P-133,63,Govt Office 63,243,244,0,487,50.1
North 24 Parganas,133,N24P-133,64,Post Office 64,356,359,0,715,50.21
North 24 Parganas,133,N24P-133,65,Govt Office 65,371,359,0,730,49.18
North 24 Parganas,133,N24P-133,66,Govt Office 66,376,366,0,742,49.33
North 24 Parganas,133,N24P-133,67,Community Hall 67,306,285,1,592,48.14
North 24 Parganas,133,N24P-133,68,Market Building 68,277,273,0,550,49.64
North 24 Parganas,133,N24P-133,69,Market Building 69,428,388,1,817,47.49
North 24 Parganas,133,N24P-133,70,Govt Office 70,373,361,1,735,49.12
North 24 Parganas,133,N24P-133,71,Post Office 71,269,268,0,537,49.91
North 24 Parganas,133,N24P-133,72,Madrasa 72,355,336,1,692,48.55
North 24 Parganas,133,N24P-133,73,Club Building 73,350,353,1,704,50.14
North 24 Parganas,133,N24P-133,74,High School 74,292,264,1,557,47.4
North 24 Parganas,133,N24P-133,75,Primary School 75,357,331,1,689,48.04
North 24 Parganas,133,N24P-133,76,High School 76,290,261,0,551,47.37
North 24 Parganas,133,N24P-133,77,High School 77,253,238,0,491,48.47
North 24 Parganas,133,N24P-133,78,Temple Hall 78,305,309,0,614,50.33
North 24 Parganas,133,N24P-133,79,Madrasa 79,334,344,1,679,50.66
North 24 Parganas,133,N24P-133,80,Market Building 80,384,353,0,737,47.9
North 24 Parganas,133,N24P-133,81,Temple Hall 81,401,372,0,773,48.12
North 24 Parganas,133,N24P-133,82,Madrasa 82,271,273,1,545,50.09
North 24 Parganas,133,N24P-133,83,Club Building 83,278,264,1,543,48.62
North 24 Parganas,133,N24P-133,84,Primary School 84,336,313,1,650,48.15
North 24 Parganas,133,N24P-133,85,Anganwadi Centre 85,416,382,1,799,47.81
North 24 Parganas,133,N24P-133,86,Market Building 86,371,374,0,745,50.2
North 24 Parganas,133,N24P-133,87,Temple Hall 87,310,284,0,594,47.81
North 24 Parganas,133,N24P-133,88,Primary School 88,331,342,1,674,50.74
North 24 Parganas,133,N24P-133,89,Panchayat Bhavan 89,398,386,1,785,49.17
North 24 Parganas,133,N24P-133,90,Temple Hall 90,310,321,1,632,50.79
North 24 Parganas,133,N24P-133,91,Panchayat Bhavan 91,262,251,0,513,48.93
North 24 Parganas,133,N24P-133,92,Market Building 92,327,315,0,642,49.07
North 24 Parganas,133,N24P-133,93,Madrasa 93,292,267,1,560,47.68
North 24 Parganas,133,N24P-133,94,Primary School 94,284,264,0,548,48.18
North 24 Parganas,133,N24P-133,95,Primary School 95,377,361,0,738,48.92
North 24 Parganas,133,N24P-133,96,Community Hall 96,273,259,0,532,48.68
North 24 Parganas,133,N24P-133,97,High School 97,270,245,0,515,47.57
North 24 Parganas,133,N24P-133,98,Primary School 98,428,390,0,818,47.68
North 24 Parganas,133,N24P-133,99,Club Building 99,394,388,0,782,49.62
North 24 Parganas,133,N24P-133,100,Temple Hall 100,284,256,0,540,47.41
North 24 Parganas,133,N24P-133,101,Post Office 101,385,386,1,772,50.0
North 24 Parganas,133,N24P-133,102,Post Office 102,303,312,1,616,50.65
North 24 Parganas,133,N24P-133,103,Anganwadi Centre 103,390,350,1,741,47.23
North 24 Parganas,133,N24P-133,104,Temple Hall 104,304,275,0,579,47.5
North 24 Parganas,133,N24P-133,105,Health Sub-Centre 105,385,398,1,784,50.77
North 24 Parganas,133,N24P-133,106,Community Hall 106,308,291,1,600,48.5
North 24 Parganas,133,N24P-133,107,Post Office 107,407,367,1,775,47.35
North 24 Parganas,133,N24P-133,108,High School 108,311,321,1,633,50.71
North 24 Parganas,133,N24P-133,109,Madrasa 109,373,357,1,731,48.84
North 24 Parganas,133,N24P-133,110,Community Hall 110,356,332,1,689,48.19
North 24 Parganas,133,N24P-133,111,Club Building 111,313,286,1,600,47.67
North 24 Parganas,133,N24P-133,112,Health Sub-Centre 112,401,379,0,780,48.59
North 24 Parganas,133,N24P-133,113,Primary School 113,421,382,1,804,47.51
North 24 Parganas,133,N24P-133,114,Club Building 114,395,385,0,780,49.36
North 24 Parganas,133,N24P-133,115,Anganwadi Centre 115,303,280,0,583,48.03
North 24 Parganas,133,N24P-133,116,Community Hall 116,285,271,0,556,48.74
North 24 Parganas,133,N24P-133,117,High School 117,388,354,0,742,47.71
North 24 Parganas,133,N24P-133,118,Panchayat Bhavan 118,342,314,1,657,47.79
North 24 Parganas,133,N24P-133,119,Market Building 119,396,360,0,756,47.62
North 24 Parganas,133,N24P-133,120,Panchayat Bhavan 120,371,375,1,747,50.2
North 24 Parganas,133,N24P-133,121,Community Hall 121,294,291,0,585,49.74
North 24 Parganas,133,N24P-133,122,Madrasa 122,380,344,0,724,47.51
North 24 Parganas,133,N24P-133,123,Post Office 123,377,387,1,765,50.59
North 24 Parganas,133,N24P-133,124,High School 124,303,296,0,599,49.42
North 24 Parganas,133,N24P-133,125,Health Sub-Centre 125,344,334,0,678,49.26
North 24 Parganas,133,N24P-133,126,Market Building 126,262,269,1,532,50.56
North 24 Parganas,133,N24P-133,127,Panchayat Bhavan 127,390,362,1,753,48.07
North 24 Parganas,133,N24P-133,128,Market Building 128,326,302,0,628,48.09
North 24 Parganas,133,N24P-133,129,Temple Hall 129,391,369,1,761,48.49
North 24 Parganas,133,N24P-133,130,Temple Hall 130,304,283,1,588,48.13
North 24 Parganas,133,N24P-133,131,Primary School 131,368,347,1,716,48.46
North 24 Parganas,133,N24P-133,132,Govt Office 132,259,267,1,527,50.66
North 24 Parganas,133,N24P-133,133,Primary School 133,428,391,1,820,47.68
North 24 Parganas,133,N24P-133,134,Madrasa 134,392,404,1,797,50.69
North 24 Parganas,133,N24P-133,135,Primary School 135,370,353,0,723,48.82
North 24 Parganas,133,N24P-133,136,Club Building 136,253,251,0,504,49.8
North 24 Parganas,133,N24P-133,137,Health Sub-Centre 137,380,381,0,761,50.07
North 24 Parganas,133,N24P-133,138,Madrasa 138,397,378,0,775,48.77
North 24 Parganas,133,N24P-133,139,Primary School 139,301,304,0,605,50.25
North 24 Parganas,133,N24P-133,140,Club Building 140,270,261,1,532,49.06
North 24 Parganas,133,N24P-133,141,Anganwadi Centre 141,358,353,0,711,49.65
North 24 Parganas,133,N24P-133,142,Temple Hall 142,304,312,1,617,50.57
North 24 Parganas,133,N24P-133,143,Panchayat Bhavan 143,256,262,1,519,50.48
North 24 Parganas,133,N24P-133,144,Govt Office 144,424,379,0,803,47.2
North 24 Parganas,133,N24P-133,145,Panchayat Bhavan 145,366,365,1,732,49.86
North 24 Parganas,133,N24P-133,146,Club Building 146,348,329,0,677,48.6
North 24 Parganas,133,N24P-133,147,Post Office 147,404,406,0,810,50.12
North 24 Parganas,133,N24P-133,148,Post Office 148,281,262,1,544,48.16
North 24 Parganas,133,N24P-133,149,Post Office 149,241,244,1,486,50.21
North 24 Parganas,133,N24P-133,150,High School 150,315,297,1,613,48.45
North 24 Parganas,133,N24P-133,151,Madrasa 151,366,335,0,701,47.79
North 24 Parganas,133,N24P-133,152,Market Building 152,280,267,1,548,48.72
North 24 Parganas,133,N24P-133,153,Madrasa 153,343,322,1,666,48.35
North 24 Parganas,133,N24P-133,154,High School 154,363,344,0,707,48.66
North 24 Parganas,133,N24P-133,155,Primary School 155,280,283,0,563,50.27
North 24 Parganas,133,N24P-133,156,Market Building 156,339,323,1,663,48.72
North 24 Parganas,133,N24P-133,157,Primary School 157,331,311,0,642,48.44
North 24 Parganas,133,N24P-133,158,Temple Hall 158,425,394,1,820,48.05
North 24 Parganas,133,N24P-133,159,Health Sub-Centre 159,324,298,0,622,47.91
North 24 Parganas,133,N24P-133,160,Primary School 160,372,341,1,714,47.76
North 24 Parganas,133,N24P-133,161,Anganwadi Centre 161,364,358,1,723,49.52
North 24 Parganas,133,N24P-133,162,Community Hall 162,306,283,0,589,48.05
North 24 Parganas,133,N24P-133,163,Community Hall 163,293,271,1,565,47.96
North 24 Parganas,133,N24P-133,164,Panchayat Bhavan 164,378,385,0,763,50.46
North 24 Parganas,133,N24P-133,165,High School 165,283,274,0,557,49.19
North 24 Parganas,133,N24P-133,166,Panchayat Bhavan 166,378,342,1,721,47.43
North 24 Parganas,133,N24P-133,167,Temple Hall 167,371,358,0,729,49.11
North 24 Parganas,133,N24P-133,168,Health Sub-Centre 168,276,266,0,542,49.08
North 24 Parganas,133,N24P-133,169,Community Hall 169,297,290,1,588,49.32
North 24 Parganas,133,N24P-133,170,Post Office 170,298,278,1,577,48.18
North 24 Parganas,133,N24P-133,171,Primary School 171,271,247,1,519,47.59
North 24 Parganas,133,N24P-133,172,Primary School 172,295,295,1,591,49.92
North 24 Parganas,133,N24P-133,173,Primary School 173,338,329,1,668,49.25
North 24 Parganas,133,N24P-133,174,Anganwadi Centre 174,302,306,0,608,50.33
North 24 Parganas,133,N24P-133,175,Panchayat Bhavan 175,289,291,1,581,50.09
North 24 Parganas,133,N24P-133,176,Madrasa 176,284,262,0,546,47.99
North 24 Parganas,133,N24P-133,177,Primary School 177,269,262,1,532,49.25
North 24 Parganas,133,N24P-133,178,Panchayat Bhavan 178,408,387,0,795,48.68
North 24 Parganas,133,N24P-133,179,Market Building 179,313,293,0,606,48.35
North 24 Parganas,133,N24P-133,180,Health Sub-Centre 180,328,338,0,666,50.75
North 24 Parganas,133,N24P-133,181,Panchayat Bhavan 181,404,391,0,795,49.18
North 24 Parganas,133,N24P-133,182,Panchayat Bhavan 182,300,286,1,587,48.72
North 24 Parganas,133,N24P-133,183,Madrasa 183,425,392,0,817,47.98
North 24 Parganas,133,N24P-133,184,Anganwadi Centre 184,396,364,1,761,47.83
North 24 Parganas,133,N24P-133,185,Madrasa 185,387,350,0,737,47.49
North 24 Parganas,133,N24P-133,186,Madrasa 186,409,384,1,794,48.36
North 24 Parganas,133,N24P-133,187,Community Hall 187,351,338,1,690,48.99
