district,ac_code,ac_name,part_no,booth_name,male,female,third_gender,total,female_pct
Murshidabad,153,Farakka,1,Govt Office 1,395,368,0,763,48.23
Murshidabad,153,Farakka,2,Temple Hall 2,322,293,0,615,47.64
Murshidabad,153,Farakka,3,Anganwadi Centre 3,398,364,1,763,47.71
Murshidabad,153,Farakka,4,Market Building 4,295,292,0,587,49.74
Murshidabad,153,Farakka,5,Community Hall 5,399,404,1,804,50.25
Murshidabad,153,Farakka,6,Community Hall 6,264,241,1,506,47.63
Murshidabad,153,Farakka,7,Market Building 7,265,237,0,502,47.21
Murshidabad,153,Farakka,8,Health Sub-Centre 8,320,293,1,614,47.72
Murshidabad,153,Farakka,9,High School 9,354,344,0,698,49.28
Murshidabad,153,Farakka,10,Anganwadi Centre 10,282,273,1,556,49.1
Murshidabad,153,Farakka,11,Primary School 11,398,364,0,762,47.77
Murshidabad,153,Farakka,12,Madrasa 12,328,309,0,637,48.51
Murshidabad,153,Farakka,13,Madrasa 13,296,291,0,587,49.57
Murshidabad,153,Farakka,14,Anganwadi Centre 14,379,386,1,766,50.39
Murshidabad,153,Farakka,15,Govt Office 15,277,282,0,559,50.45
Murshidabad,153,Farakka,16,Govt Office 16,283,287,0,570,50.35
Murshidabad,153,Farakka,17,Market Building 17,324,325,1,650,50.0
Murshidabad,153,Farakka,18,Club Building 18,315,292,0,607,48.11
Murshidabad,153,Farakka,19,Panchayat Bhavan 19,248,251,0,499,50.3
Murshidabad,153,Farakka,20,Panchayat Bhavan 20,369,346,0,715,48.39
Murshidabad,153,Farakka,21,Madrasa 21,247,244,1,492,49.59
Murshidabad,153,Farakka,22,Madrasa 22,308,313,1,622,50.32
Murshidabad,153,Farakka,23,Primary School 23,411,396,1,808,49.01
Murshidabad,153,Farakka,24,Govt Office 24,267,271,1,539,50.28
Murshidabad,153,Farakka,25,Primary School 25,382,394,1,777,50.71
Murshidabad,153,Farakka,26,Temple Hall 26,270,264,1,535,49.35
Murshidabad,153,Farakka,27,Club Building 27,328,312,0,640,48.75
Murshidabad,153,Farakka,28,Temple Hall 28,404,371,0,775,47.87
Murshidabad,153,Farakka,29,Madrasa 29,371,332,0,703,47.23
Murshidabad,153,Farakka,30,Anganwadi Centre 30,367,332,1,700,47.43
Murshidabad,153,Farakka,31,Temple Hall 31,323,317,0,640,49.53
Murshidabad,153,Farakka,32,Madrasa 32,322,310,1,633,48.97
Murshidabad,153,Farakka,33,Panchayat Bhavan 33,345,341,0,686,49.71
Murshidabad,153,Farakka,34,Market Building 34,349,345,1,695,49.64
Murshidabad,153,Farakka,35,Club Building 35,287,281,1,569,49.38
Murshidabad,153,Farakka,36,Community Hall 36,377,382,1,760,50.26
Murshidabad,153,Farakka,37,Post Office 37,300,286,1,587,48.72
Murshidabad,153,Farakka,38,Health Sub-Centre 38,362,344,0,706,48.73
Murshidabad,153,Farakka,39,Market Building 39,361,361,0,722,50.0
Murshidabad,153,Farakka,40,High School 40,270,252,1,523,48.18
Murshidabad,153,Farakka,41,Panchayat Bhavan 41,302,298,0,600,49.67
Murshidabad,153,Farakka,42,Post Office 42,293,262,0,555,47.21
Murshidabad,153,Farakka,43,Post Office 43,394,398,0,792,50.25
Murshidabad,153,Farakka,44,Temple Hall 44,343,349,0,692,50.43
Murshidabad,153,Farakka,45,Govt Office 45,345,331,0,676,48.96
Murshidabad,153,Farakka,46,Club Building 46,410,405,0,815,49.69
Murshidabad,153,Farakka,47,Primary School 47,308,283,1,592,47.8
Murshidabad,153,Farakka,48,Post Office 48,397,368,0,765,48.1
Murshidabad,153,Farakka,49,Post Office 49,273,274,1,548,50.0
Murshidabad,153,Farakka,50,Health Sub-Centre 50,394,398,1,793,50.19
Murshidabad,153,Farakka,51,Post Office 51,350,357,1,708,50.42
Murshidabad,153,Farakka,52,Health Sub-Centre 52,306,305,1,612,49.84
Murshidabad,153,Farakka,53,Post Office 53,367,360,1,728,49.45
Murshidabad,153,Farakka,54,Community Hall 54,261,258,0,519,49.71
Murshidabad,153,Farakka,55,Govt Office 55,336,315,0,651,48.39
Murshidabad,153,Farakka,56,Temple Hall 56,289,268,0,557,48.11
Murshidabad,153,Farakka,57,Madrasa 57,309,279,1,589,47.37
Murshidabad,153,Farakka,58,Panchayat Bhavan 58,387,370,0,757,48.88
Murshidabad,153,Farakka,59,Anganwadi Centre 59,357,338,0,695,48.63
Murshidabad,153,Farakka,60,Community Hall 60,343,330,1,674,48.96
Murshidabad,153,Farakka,61,Health Sub-Centre 61,337,341,1,679,50.22
Murshidabad,153,Farakka,62,Post Office 62,379,380,0,759,50.07
Murshidabad,153,Farakka,63,Primary School 63,306,285,1,592,48.14
Murshidabad,153,Farakka,64,Temple Hall 64,349,329,1,679,48.45
Murshidabad,153,Farakka,65,Anganwadi Centre 65,281,283,0,564,50.18
Murshidabad,153,Farakka,66,Anganwadi Centre 66,396,356,1,753,47.28
Murshidabad,153,Farakka,67,Market Building 67,387,381,0,768,49.61
Murshidabad,153,Farakka,68,Govt Office 68,365,333,1,699,47.64
Murshidabad,153,Farakka,69,Panchayat Bhavan 69,261,243,1,505,48.12
Murshidabad,153,Farakka,70,Community Hall 70,367,344,1,712,48.31
Murshidabad,153,Farakka,71,Post Office 71,361,334,0,695,48.06
Murshidabad,153,Farakka,72,Madrasa 72,245,244,0,489,49.9
Murshidabad,153,Farakka,73,Primary School 73,300,294,0,594,49.49
Murshidabad,153,Farakka,74,Anganwadi Centre 74,316,290,0,606,47.85
Murshidabad,153,Farakka,75,Market Building 75,289,268,1,558,48.03
Murshidabad,153,Farakka,76,Post Office 76,273,265,0,538,49.26
Murshidabad,153,Farakka,77,Anganwadi Centre 77,306,305,0,611,49.92
Murshidabad,153,Farakka,78,Govt Office 78,390,400,0,790,50.63
Murshidabad,153,Farakka,79,Community Hall 79,335,304,0,639,47.57
Murshidabad,153,Farakka,80,Club Building 80,389,384,1,774,49.61
Murshidabad,153,Farakka,81,High School 81,305,276,0,581,47.5
Murshidabad,153,Farakka,82,Anganwadi Centre 82,315,319,0,634,50.32
Murshidabad,153,Farakka,83,Market Building 83,257,243,1,501,48.5
Murshidabad,153,Farakka,84,Primary School 84,351,317,1,669,47.38
Murshidabad,153,Farakka,85,Club Building 85,346,349,0,695,50.22
Murshidabad,153,Farakka,86,Temple Hall 86,335,329,1,665,49.47
Murshidabad,153,Farakka,87,Anganwadi Centre 87,285,272,1,558,48.75
Murshidabad,153,Farakka,88,Club Building 88,377,377,1,755,49.93
Murshidabad,153,Farakka,89,High School 89,406,377,0,783,48.15
Murshidabad,153,Farakka,90,Post Office 90,309,313,0,622,50.32
Murshidabad,153,Farakka,91,Madrasa 91,389,381,1,771,49.42
Murshidabad,153,Farakka,92,Govt Office 92,251,242,1,494,48.99
Murshidabad,153,Farakka,93,Madrasa 93,378,350,1,729,48.01
Murshidabad,153,Farakka,94,Health Sub-Centre 94,308,314,1,623,50.4
Murshidabad,153,Farakka,95,High School 95,247,238,0,485,49.07
Murshidabad,153,Farakka,96,Health Sub-Centre 96,302,300,1,603,49.75
Murshidabad,153,Farakka,97,Post Office 97,302,300,1,603,49.75
Murshidabad,153,Farakka,98,Club Building 98,256,232,0,488,47.54
Murshidabad,153,Farakka,99,Post Office 99,311,292,1,604,48.34
Murshidabad,153,Farakka,100,Temple Hall 100,387,375,1,763,49.15
Murshidabad,153,Farakka,101,Community Hall 101,392,368,1,761,48.36
Murshidabad,153,Farakka,102,Temple Hall 102,330,306,0,636,48.11
Murshidabad,153,Farakka,103,Panchayat Bhavan 103,299,279,0,578,48.27
Murshidabad,153,Farakka,104,Temple Hall 104,295,294,1,590,49.83
Murshidabad,153,Farakka,105,High School 105,384,396,1,781,50.7
Murshidabad,153,Farakka,106,Govt Office 106,299,279,1,579,48.19
Murshidabad,153,Farakka,107,Community Hall 107,334,300,0,634,47.32
Murshidabad,153,Farakka,108,Temple Hall 108,247,255,1,503,50.7
Murshidabad,153,Farakka,109,High School 109,274,269,1,544,49.45
Murshidabad,153,Farakka,110,Post Office 110,246,239,1,486,49.18
Murshidabad,153,Farakka,111,Community Hall 111,364,341,0,705,48.37
Murshidabad,153,Farakka,112,Club Building 112,379,345,0,724,47.65
Murshidabad,153,Farakka,113,Govt Office 113,384,347,0,731,47.47
Murshidabad,153,Farakka,114,High School 114,276,279,1,556,50.18
Murshidabad,153,Farakka,115,Anganwadi Centre 115,317,289,1,607,47.61
Murshidabad,153,Farakka,116,Health Sub-Centre 116,392,393,0,785,50.06
Murshidabad,153,Farakka,117,Community Hall 117,344,329,1,674,48.81
Murshidabad,153,Farakka,118,Anganwadi Centre 118,384,396,1,781,50.7
Murshidabad,153,Farakka,119,Panchayat Bhavan 119,419,378,0,797,47.43
Murshidabad,153,Farakka,120,Govt Office 120,416,384,0,800,48.0
Murshidabad,153,Farakka,121,Govt Office 121,314,288,0,602,47.84
Murshidabad,153,Farakka,122,Community Hall 122,246,234,1,481,48.65
Murshidabad,153,Farakka,123,Temple Hall 123,257,238,1,496,47.98
Murshidabad,153,Farakka,124,Community Hall 124,374,338,0,712,47.47
Murshidabad,153,Farakka,125,Club Building 125,405,395,0,800,49.38
Murshidabad,153,Farakka,126,Community Hall 126,274,264,0,538,49.07
Murshidabad,153,Farakka,127,Community Hall 127,290,262,0,552,47.46
Murshidabad,153,Farakka,128,Post Office 128,392,391,1,784,49.87
Murshidabad,153,Farakka,129,Temple Hall 129,277,265,1,543,48.8
Murshidabad,153,Farakka,130,Post Office 130,338,347,1,686,50.58
Murshidabad,153,Farakka,131,Temple Hall 131,263,257,1,521,49.33
Murshidabad,153,Farakka,132,High School 132,327,318,0,645,49.3
Murshidabad,153,Farakka,133,Market Building 133,295,302,0,597,50.59
Murshidabad,153,Farakka,134,Post Office 134,313,304,0,617,49.27
Murshidabad,153,Farakka,135,Govt Office 135,375,369,1,745,49.53
Murshidabad,153,Farakka,136,High School 136,398,380,1,779,48.78
Murshidabad,154,Samserganj,1,Market Building 1,337,320,1,658,48.63
Murshidabad,154,Samserganj,2,Club Building 2,264,268,1,533,50.28
Murshidabad,154,Samserganj,3,Health Sub-Centre 3,378,354,1,733,48.29
Murshidabad,154,Samserganj,4,Community Hall 4,254,243,1,498,48.8
Murshidabad,154,Samserganj,5,Health Sub-Centre 5,337,307,1,645,47.6
Murshidabad,154,Samserganj,6,Club Building 6,241,238,1,480,49.58
Murshidabad,154,Samserganj,7,Anganwadi Centre 7,263,243,1,507,47.93
Murshidabad,154,Samserganj,8,Panchayat Bhavan 8,372,363,0,735,49.39
Murshidabad,154,Samserganj,9,Post Office 9,312,303,1,616,49.19
Murshidabad,154,Samserganj,10,Temple Hall 10,381,347,0,728,47.66
Murshidabad,154,Samserganj,11,Health Sub-Centre 11,290,271,0,561,48.31
Murshidabad,154,Samserganj,12,Post Office 12,361,327,0,688,47.53
Murshidabad,154,Samserganj,13,Post Office 13,273,267,0,540,49.44
Murshidabad,154,Samserganj,14,Club Building 14,320,308,1,629,48.97
Murshidabad,154,Samserganj,15,Post Office 15,358,369,0,727,50.76
Murshidabad,154,Samserganj,16,Anganwadi Centre 16,398,364,0,762,47.77
Murshidabad,154,Samserganj,17,High School 17,371,369,0,740,49.86
Murshidabad,154,Samserganj,18,Madrasa 18,310,310,1,621,49.92
Murshidabad,154,Samserganj,19,Community Hall 19,383,356,0,739,48.17
Murshidabad,154,Samserganj,20,Govt Office 20,314,317,1,632,50.16
Murshidabad,154,Samserganj,21,Madrasa 21,359,348,1,708,49.15
Murshidabad,154,Samserganj,22,Post Office 22,380,381,1,762,50.0
Murshidabad,154,Samserganj,23,Anganwadi Centre 23,320,324,0,644,50.31
Murshidabad,154,Samserganj,24,Primary School 24,350,325,1,676,48.08
Murshidabad,154,Samserganj,25,Club Building 25,321,320,1,642,49.84
Murshidabad,154,Samserganj,26,Post Office 26,409,410,0,819,50.06
Murshidabad,154,Samserganj,27,High School 27,260,237,1,498,47.59
Murshidabad,154,Samserganj,28,Primary School 28,369,335,1,705,47.52
Murshidabad,154,Samserganj,29,High School 29,284,269,0,553,48.64
Murshidabad,154,Samserganj,30,Madrasa 30,359,360,1,720,50.0
Murshidabad,154,Samserganj,31,Madrasa 31,402,397,0,799,49.69
Murshidabad,154,Samserganj,32,Market Building 32,386,366,1,753,48.61
Murshidabad,154,Samserganj,33,Anganwadi Centre 33,362,367,0,729,50.34
Murshidabad,154,Samserganj,34,Panchayat Bhavan 34,267,247,1,515,47.96
Murshidabad,154,Samserganj,35,Market Building 35,270,256,0,526,48.67
Murshidabad,154,Samserganj,36,Primary School 36,271,259,1,531,48.78
Murshidabad,154,Samserganj,37,Community Hall 37,260,243,0,503,48.31
Murshidabad,154,Samserganj,38,Panchayat Bhavan 38,341,322,0,663,48.57
Murshidabad,154,Samserganj,39,Govt Office 39,385,366,0,751,48.74
Murshidabad,154,Samserganj,40,Anganwadi Centre 40,298,270,1,569,47.45
Murshidabad,154,Samserganj,41,Panchayat Bhavan 41,308,295,0,603,48.92
Murshidabad,154,Samserganj,42,Community Hall 42,361,354,1,716,49.44
Murshidabad,154,Samserganj,43,Community Hall 43,239,244,1,484,50.41
Murshidabad,154,Samserganj,44,Madrasa 44,395,363,1,759,47.83
Murshidabad,154,Samserganj,45,Temple Hall 45,402,377,1,780,48.33
Murshidabad,154,Samserganj,46,Panchayat Bhavan 46,310,297,1,608,48.85
Murshidabad,154,Samserganj,47,Panchayat Bhavan 47,336,340,0,676,50.3
Murshidabad,154,Samserganj,48,Temple Hall 48,342,332,1,675,49.19
Murshidabad,154,Samserganj,49,Community Hall 49,332,298,1,631,47.23
Murshidabad,154,Samserganj,50,Anganwadi Centre 50,246,238,0,484,49.17
Murshidabad,154,Samserganj,51,Panchayat Bhavan 51,365,368,1,734,50.14
Murshidabad,154,Samserganj,52,Market Building 52,394,396,0,790,50.13
Murshidabad,154,Samserganj,53,Market Building 53,292,285,0,577,49.39
Murshidabad,154,Samserganj,54,Community Hall 54,262,267,0,529,50.47
Murshidabad,154,Samserganj,55,Temple Hall 55,370,334,1,705,47.38
Murshidabad,154,Samserganj,56,Madrasa 56,286,260,1,547,47.53
Murshidabad,154,Samserganj,57,Health Sub-Centre 57,361,331,0,692,47.83
Murshidabad,154,Samserganj,58,Govt Office 58,338,328,1,667,49.18
Murshidabad,154,Samserganj,59,Community Hall 59,302,308,1,611,50.41
Murshidabad,154,Samserganj,60,High School 60,325,327,1,653,50.08
Murshidabad,154,Samserganj,61,Market Building 61,276,276,0,552,50.0
Murshidabad,154,Samserganj,62,High School 62,336,346,1,683,50.66
Murshidabad,154,Samserganj,63,Post Office 63,360,322,0,682,47.21
Murshidabad,154,Samserganj,64,Anganwadi Centre 64,336,331,1,668,49.55
Murshidabad,154,Samserganj,65,High School 65,335,339,1,675,50.22
Murshidabad,154,Samserganj,66,Anganwadi Centre 66,305,293,1,599,48.91
Murshidabad,154,Samserganj,67,Temple Hall 67,298,294,1,593,49.58
Murshidabad,154,Samserganj,68,Govt Office 68,320,314,0,634,49.53
Murshidabad,154,Samserganj,69,Post Office 69,247,255,1,503,50.7
Murshidabad,154,Samserganj,70,Club Building 70,283,256,0,539,47.5
Murshidabad,154,Samserganj,71,Anganwadi Centre 71,365,346,1,712,48.6
Murshidabad,154,Samserganj,72,Post Office 72,277,282,0,559,50.45
Murshidabad,154,Samserganj,73,Primary School 73,407,387,1,795,48.68
Murshidabad,154,Samserganj,74,Panchayat Bhavan 74,347,321,1,669,47.98
Murshidabad,154,Samserganj,75,Health Sub-Centre 75,348,316,1,665,47.52
Murshidabad,154,Samserganj,76,Community Hall 76,416,393,1,810,48.52
Murshidabad,154,Samserganj,77,High School 77,284,292,1,577,50.61
Murshidabad,154,Samserganj,78,Primary School 78,426,393,0,819,47.99
Murshidabad,154,Samserganj,79,Anganwadi Centre 79,338,312,0,650,48.0
Murshidabad,154,Samserganj,80,Anganwadi Centre 80,307,278,0,585,47.52
Murshidabad,154,Samserganj,81,Madrasa 81,294,296,0,590,50.17
Murshidabad,154,Samserganj,82,Community Hall 82,277,278,0,555,50.09
Murshidabad,154,Samserganj,83,Govt Office 83,272,281,1,554,50.72
Murshidabad,154,Samserganj,84,Govt Office 84,270,266,0,536,49.63
Murshidabad,154,Samserganj,85,Anganwadi Centre 85,251,236,0,487,48.46
Murshidabad,154,Samserganj,86,Primary School 86,339,305,1,645,47.29
Murshidabad,154,Samserganj,87,Temple Hall 87,273,271,0,544,49.82
Murshidabad,154,Samserganj,88,Health Sub-Centre 88,261,250,1,512,48.83
Murshidabad,154,Samserganj,89,Anganwadi Centre 89,410,373,0,783,47.64
Murshidabad,154,Samserganj,90,Post Office 90,251,250,1,502,49.8
Murshidabad,154,Samserganj,91,Post Office 91,399,410,0,809,50.68
Murshidabad,154,Samserganj,92,Post Office 92,351,334,0,685,48.76
Murshidabad,154,Samserganj,93,Madrasa 93,371,336,0,707,47.52
Murshidabad,154,Samserganj,94,Community Hall 94,413,378,0,791,47.79
Murshidabad,154,Samserganj,95,Club Building 95,403,395,1,799,49.44
Murshidabad,154,Samserganj,96,Health Sub-Centre 96,398,386,1,785,49.17
Murshidabad,154,Samserganj,97,Market Building 97,404,385,0,789,48.8
Murshidabad,154,Samserganj,98,Club Building 98,404,409,0,813,50.31
Murshidabad,154,Samserganj,99,Madrasa 99,352,358,1,711,50.35
Murshidabad,154,Samserganj,100,Madrasa 100,366,346,0,712,48.6
Murshidabad,154,Samserganj,101,Madrasa 101,360,337,1,698,48.28
Murshidabad,154,Samserganj,102,High School 102,280,277,1,558,49.64
Murshidabad,154,Samserganj,103,Club Building 103,262,264,0,526,50.19
Murshidabad,154,Samserganj,104,Govt Office 104,264,264,1,529,49.91
Murshidabad,154,Samserganj,105,Market Building 105,401,362,1,764,47.38
Murshidabad,154,Samserganj,106,Temple Hall 106,277,264,1,542,48.71
Murshidabad,154,Samserganj,107,Madrasa 107,249,256,1,506,50.59
Murshidabad,154,Samserganj,108,Govt Office 108,270,263,0,533,49.34
Murshidabad,154,Samserganj,109,Madrasa 109,417,399,0,816,48.9
Murshidabad,154,Samserganj,110,Anganwadi Centre 110,392,371,1,764,48.56
Murshidabad,154,Samserganj,111,Anganwadi Centre 111,297,298,0,595,50.08
Murshidabad,154,Samserganj,112,Primary School 112,405,410,1,816,50.25
Murshidabad,154,Samserganj,113,Madrasa 113,295,276,1,572,48.25
Murshidabad,154,Samserganj,114,Anganwadi Centre 114,348,311,0,659,47.19
Murshidabad,154,Samserganj,115,Temple Hall 115,419,397,0,816,48.65
Murshidabad,154,Samserganj,116,Temple Hall 116,396,408,0,804,50.75
Murshidabad,154,Samserganj,117,Post Office 117,390,360,1,751,47.94
Murshidabad,154,Samserganj,118,Temple Hall 118,341,312,1,654,47.71
Murshidabad,154,Samserganj,119,Primary School 119,323,323,0,646,50.0
Murshidabad,154,Samserganj,120,Market Building 120,292,267,0,559,47.76
Murshidabad,154,Samserganj,121,Post Office 121,269,251,1,521,48.18
Murshidabad,154,Samserganj,122,Panchayat Bhavan 122,404,385,1,790,48.73
Murshidabad,154,Samserganj,123,High School 123,388,353,1,742,47.57
Murshidabad,154,Samserganj,124,Health Sub-Centre 124,314,310,1,625,49.6
Murshidabad,154,Samserganj,125,Anganwadi Centre 125,334,302,1,637,47.41
Murshidabad,154,Samserganj,126,Panchayat Bhavan 126,267,240,1,508,47.24
Murshidabad,154,Samserganj,127,Madrasa 127,274,275,1,550,50.0
Murshidabad,154,Samserganj,128,Govt Office 128,284,256,1,541,47.32
Murshidabad,154,Samserganj,129,Health Sub-Centre 129,281,265,0,546,48.53
Murshidabad,154,Samserganj,130,High School 130,380,385,1,766,50.26
Murshidabad,154,Samserganj,131,Club Building 131,339,344,0,683,50.37
Murshidabad,154,Samserganj,132,Madrasa 132,250,239,0,489,48.88
Murshidabad,154,Samserganj,133,Temple Hall 133,396,377,1,774,48.71
Murshidabad,154,Samserganj,134,Club Building 134,414,393,0,807,48.7
Murshidabad,154,Samserganj,135,Anganwadi Centre 135,242,248,0,490,50.61
Murshidabad,154,Samserganj,136,High School 136,355,359,1,715,50.21
Murshidabad,154,Samserganj,137,Club Building 137,350,353,0,703,50.21
Murshidabad,154,Samserganj,138,Club Building 138,401,380,0,781,48.66
Murshidabad,154,Samserganj,139,Madrasa 139,320,318,0,638,49.84
Murshidabad,154,Samserganj,140,Health Sub-Centre 140,297,269,0,566,47.53
Murshidabad,154,Samserganj,141,Madrasa 141,385,355,1,741,47.91
Murshidabad,154,Samserganj,142,High School 142,404,406,0,810,50.12
Murshidabad,154,Samserganj,143,Anganwadi Centre 143,287,267,0,554,48.19
Murshidabad,154,Samserganj,144,Govt Office 144,279,279,0,558,50.0
Murshidabad,154,Samserganj,145,Market Building 145,408,392,1,801,48.94
Murshidabad,154,Samserganj,146,Market Building 146,387,381,1,769,49.54
Murshidabad,154,Samserganj,147,Post Office 147,335,306,0,641,47.74
Murshidabad,154,Samserganj,148,Anganwadi Centre 148,356,349,1,706,49.43
Murshidabad,154,Samserganj,149,Community Hall 149,262,246,0,508,48.43
Murshidabad,154,Samserganj,150,Madrasa 150,366,350,0,716,48.88
Murshidabad,154,Samserganj,151,Anganwadi Centre 151,329,297,0,626,47.44
Murshidabad,155,Suti,1,Post Office 1,363,353,0,716,49.3
Murshidabad,155,Suti,2,Anganwadi Centre 2,389,382,1,772,49.48
Murshidabad,155,Suti,3,Post Office 3,369,354,0,723,48.96
Murshidabad,155,Suti,4,Temple Hall 4,264,267,1,532,50.19
Murshidabad,155,Suti,5,Primary School 5,267,256,0,523,48.95
Murshidabad,155,Suti,6,Health Sub-Centre 6,304,301,1,606,49.67
Murshidabad,155,Suti,7,Madrasa 7,377,369,1,747,49.4
Murshidabad,155,Suti,8,Market Building 8,320,303,1,624,48.56
Murshidabad,155,Suti,9,High School 9,413,372,1,786,47.33
Murshidabad,155,Suti,10,Community Hall 10,339,308,1,648,47.53
Murshidabad,155,Suti,11,Madrasa 11,306,303,0,609,49.75
Murshidabad,155,Suti,12,Madrasa 12,264,257,0,521,49.33
Murshidabad,155,Suti,13,Govt Office 13,314,323,1,638,50.63
Murshidabad,155,Suti,14,Community Hall 14,394,390,0,784,49.74
Murshidabad,155,Suti,15,Govt Office 15,393,372,1,766,48.56
Murshidabad,155,Suti,16,Health Sub-Centre 16,392,356,1,749,47.53
Murshidabad,155,Suti,17,Govt Office 17,350,314,1,665,47.22
Murshidabad,155,Suti,18,Panchayat Bhavan 18,303,285,1,589,48.39
Murshidabad,155,Suti,19,High School 19,293,302,0,595,50.76
Murshidabad,155,Suti,20,Health Sub-Centre 20,314,317,0,631,50.24
Murshidabad,155,Suti,21,Market Building 21,376,380,0,756,50.26
Murshidabad,155,Suti,22,Anganwadi Centre 22,324,328,0,652,50.31
Murshidabad,155,Suti,23,Temple Hall 23,351,321,0,672,47.77
Murshidabad,155,Suti,24,Temple Hall 24,399,400,0,799,50.06
Murshidabad,155,Suti,25,Market Building 25,370,333,1,704,47.3
Murshidabad,155,Suti,26,Temple Hall 26,295,305,1,601,50.75
Murshidabad,155,Suti,27,Community Hall 27,368,341,0,709,48.1
Murshidabad,155,Suti,28,Madrasa 28,357,363,0,720,50.42
Murshidabad,155,Suti,29,Community Hall 29,379,392,1,772,50.78
Murshidabad,155,Suti,30,Govt Office 30,343,331,1,675,49.04
Murshidabad,155,Suti,31,Community Hall 31,291,291,0,582,50.0
Murshidabad,155,Suti,32,Health Sub-Centre 32,254,251,1,506,49.6
Murshidabad,155,Suti,33,Community Hall 33,267,265,0,532,49.81
Murshidabad,155,Suti,34,Post Office 34,260,261,1,522,50.0
Murshidabad,155,Suti,35,High School 35,387,354,1,742,47.71
Murshidabad,155,Suti,36,Primary School 36,295,297,1,593,50.08
Murshidabad,155,Suti,37,Panchayat Bhavan 37,363,328,1,692,47.4
Murshidabad,155,Suti,38,Panchayat Bhavan 38,332,344,1,677,50.81
Murshidabad,155,Suti,39,Temple Hall 39,255,239,0,494,48.38
Murshidabad,155,Suti,40,Govt Office 40,419,393,0,812,48.4
Murshidabad,155,Suti,41,Temple Hall 41,257,241,1,499,48.3
Murshidabad,155,Suti,42,Post Office 42,275,275,1,551,49.91
Murshidabad,155,Suti,43,Primary School 43,420,375,0,795,47.17
Murshidabad,155,Suti,44,Health Sub-Centre 44,318,293,0,611,47.95
Murshidabad,155,Suti,45,Community Hall 45,403,388,0,791,49.05
Murshidabad,155,Suti,46,Panchayat Bhavan 46,311,290,0,601,48.25
Murshidabad,155,Suti,47,High School 47,349,344,1,694,49.57
Murshidabad,155,Suti,48,Anganwadi Centre 48,266,269,1,536,50.19
Murshidabad,155,Suti,49,Temple Hall 49,398,356,0,754,47.21
Murshidabad,155,Suti,50,Anganwadi Centre 50,286,267,0,553,48.28
Murshidabad,155,Suti,51,Govt Office 51,342,317,1,660,48.03
Murshidabad,155,Suti,52,High School 52,412,407,1,820,49.63
Murshidabad,155,Suti,53,Club Building 53,381,368,0,749,49.13
Murshidabad,155,Suti,54,Madrasa 54,378,341,1,720,47.36
Murshidabad,155,Suti,55,High School 55,304,304,1,609,49.92
Murshidabad,155,Suti,56,Anganwadi Centre 56,341,315,0,656,48.02
Murshidabad,155,Suti,57,Health Sub-Centre 57,339,310,1,650,47.69
Murshidabad,155,Suti,58,Market Building 58,326,327,0,653,50.08
Murshidabad,155,Suti,59,Market Building 59,352,364,1,717,50.77
Murshidabad,155,Suti,60,Temple Hall 60,286,287,0,573,50.09
Murshidabad,155,Suti,61,Primary School 61,376,338,0,714,47.34
Murshidabad,155,Suti,62,Community Hall 62,288,293,1,582,50.34
Murshidabad,155,Suti,63,Community Hall 63,381,361,1,743,48.59
Murshidabad,155,Suti,64,Community Hall 64,249,249,0,498,50.0
Murshidabad,155,Suti,65,Market Building 65,329,333,0,662,50.3
Murshidabad,155,Suti,66,Club Building 66,335,313,1,649,48.23
Murshidabad,155,Suti,67,Madrasa 67,342,341,1,684,49.85
Murshidabad,155,Suti,68,Madrasa 68,292,282,1,575,49.04
Murshidabad,155,Suti,69,Temple Hall 69,386,359,0,745,48.19
Murshidabad,155,Suti,70,Health Sub-Centre 70,366,331,0,697,47.49
Murshidabad,155,Suti,71,Madrasa 71,325,305,0,630,48.41
Murshidabad,155,Suti,72,Anganwadi Centre 72,422,395,1,818,48.29
Murshidabad,155,Suti,73,Madrasa 73,363,334,1,698,47.85
Murshidabad,155,Suti,74,Anganwadi Centre 74,372,335,1,708,47.32
Murshidabad,155,Suti,75,High School 75,364,338,0,702,48.15
Murshidabad,155,Suti,76,Primary School 76,414,392,0,806,48.64
Murshidabad,155,Suti,77,Primary School 77,274,278,1,553,50.27
Murshidabad,155,Suti,78,Madrasa 78,285,258,1,544,47.43
Murshidabad,155,Suti,79,Anganwadi Centre 79,334,342,0,676,50.59
Murshidabad,155,Suti,80,Madrasa 80,280,277,1,558,49.64
Murshidabad,155,Suti,81,Health Sub-Centre 81,354,353,0,707,49.93
Murshidabad,155,Suti,82,Panchayat Bhavan 82,342,324,1,667,48.58
Murshidabad,155,Suti,83,Post Office 83,284,254,0,538,47.21
Murshidabad,155,Suti,84,Community Hall 84,383,362,0,745,48.59
Murshidabad,155,Suti,85,Anganwadi Centre 85,308,305,0,613,49.76
Murshidabad,155,Suti,86,Panchayat Bhavan 86,314,311,1,626,49.68
Murshidabad,155,Suti,87,Post Office 87,284,258,0,542,47.6
Murshidabad,155,Suti,88,High School 88,281,286,1,568,50.35
Murshidabad,155,Suti,89,Health Sub-Centre 89,324,319,0,643,49.61
Murshidabad,155,Suti,90,Govt Office 90,391,365,1,757,48.22
Murshidabad,155,Suti,91,Health Sub-Centre 91,420,385,1,806,47.77
Murshidabad,155,Suti,92,Govt Office 92,311,283,0,594,47.64
Murshidabad,155,Suti,93,Madrasa 93,300,301,0,601,50.08
Murshidabad,155,Suti,94,Health Sub-Centre 94,386,376,1,763,49.28
Murshidabad,155,Suti,95,High School 95,276,270,0,546,49.45
Murshidabad,155,Suti,96,Health Sub-Centre 96,327,310,1,638,48.59
Murshidabad,155,Suti,97,Govt Office 97,345,345,0,690,50.0
Murshidabad,155,Suti,98,Post Office 98,323,318,1,642,49.53
Murshidabad,155,Suti,99,Govt Office 99,384,360,0,744,48.39
Murshidabad,155,Suti,100,High School 100,357,344,0,701,49.07
Murshidabad,155,Suti,101,Govt Office 101,389,356,0,745,47.79
Murshidabad,155,Suti,102,Madrasa 102,319,326,0,645,50.54
Murshidabad,155,Suti,103,Community Hall 103,369,376,0,745,50.47
Murshidabad,155,Suti,104,Govt Office 104,292,287,1,580,49.48
Murshidabad,155,Suti,105,Health Sub-Centre 105,414,386,0,800,48.25
Murshidabad,155,Suti,106,Govt Office 106,422,386,0,808,47.77
Murshidabad,155,Suti,107,Anganwadi Centre 107,412,404,1,817,49.45
Murshidabad,155,Suti,108,High School 108,250,251,0,501,50.1
Murshidabad,155,Suti,109,Market Building 109,247,255,1,503,50.7
Murshidabad,155,Suti,110,Anganwadi Centre 110,293,293,1,587,49.91
Murshidabad,155,Suti,111,Market Building 111,424,382,1,807,47.34
Murshidabad,155,Suti,112,Community Hall 112,323,310,1,634,48.9
Murshidabad,155,Suti,113,Govt Office 113,374,338,0,712,47.47
Murshidabad,155,Suti,114,Panchayat Bhavan 114,361,343,1,705,48.65
Murshidabad,155,Suti,115,Temple Hall 115,330,323,1,654,49.39
Murshidabad,155,Suti,116,Club Building 116,322,320,1,643,49.77
Murshidabad,155,Suti,117,Madrasa 117,273,273,0,546,50.0
Murshidabad,155,Suti,118,Post Office 118,307,295,1,603,48.92
Murshidabad,155,Suti,119,Community Hall 119,317,289,0,606,47.69
Murshidabad,155,Suti,120,Panchayat Bhavan 120,335,340,1,676,50.3
Murshidabad,155,Suti,121,Panchayat Bhavan 121,279,281,1,561,50.09
Murshidabad,155,Suti,122,Post Office 122,285,275,1,561,49.02
Murshidabad,155,Suti,123,Club Building 123,325,312,0,637,48.98
Murshidabad,155,Suti,124,Panchayat Bhavan 124,378,360,0,738,48.78
Murshidabad,155,Suti,125,Community Hall 125,401,377,0,778,48.46
Murshidabad,155,Suti,126,Community Hall 126,370,362,1,733,49.39
Murshidabad,155,Suti,127,Club Building 127,398,356,0,754,47.21
Murshidabad,155,Suti,128,Club Building 128,271,276,1,548,50.36
Murshidabad,155,Suti,129,Anganwadi Centre 129,351,316,0,667,47.38
Murshidabad,155,Suti,130,High School 130,399,367,1,767,47.85
Murshidabad,155,Suti,131,Anganwadi Centre 131,344,332,1,677,49.04
Murshidabad,155,Suti,132,Club Building 132,415,377,0,792,47.6
Murshidabad,155,Suti,133,Health Sub-Centre 133,334,336,1,671,50.07
Murshidabad,155,Suti,134,Anganwadi Centre 134,334,333,0,667,49.93
Murshidabad,155,Suti,135,Primary School 135,380,360,0,740,48.65
Murshidabad,155,Suti,136,Post Office 136,260,238,1,499,47.7
Murshidabad,155,Suti,137,Madrasa 137,381,364,0,745,48.86
Murshidabad,155,Suti,138,Anganwadi Centre 138,409,383,1,793,48.3
Murshidabad,155,Suti,139,Temple Hall 139,320,312,1,633,49.29
Murshidabad,155,Suti,140,Madrasa 140,397,371,0,768,48.31
Murshidabad,155,Suti,141,Anganwadi Centre 141,326,322,1,649,49.61
Murshidabad,155,Suti,142,Anganwadi Centre 142,318,319,0,637,50.08
Murshidabad,155,Suti,143,Temple Hall 143,374,348,0,722,48.2
Murshidabad,155,Suti,144,Health Sub-Centre 144,257,249,0,506,49.21
Murshidabad,155,Suti,145,Govt Office 145,402,399,1,802,49.75
Murshidabad,155,Suti,146,Panchayat Bhavan 146,318,286,0,604,47.35
Murshidabad,155,Suti,147,Govt Office 147,249,239,1,489,48.88
Murshidabad,155,Suti,148,Health Sub-Centre 148,347,343,1,691,49.64
Murshidabad,156,Jangipur,1,Health Sub-Centre 1,257,254,0,511,49.71
Murshidabad,156,Jangipur,2,Health Sub-Centre 2,317,328,1,646,50.77
Murshidabad,156,Jangipur,3,Post Office 3,347,325,0,672,48.36
Murshidabad,156,Jangipur,4,Market Building 4,387,364,1,752,48.4
Murshidabad,156,Jangipur,5,Anganwadi Centre 5,403,405,1,809,50.06
Murshidabad,156,Jangipur,6,Community Hall 6,379,348,0,727,47.87
Murshidabad,156,Jangipur,7,Community Hall 7,395,369,1,765,48.24
Murshidabad,156,Jangipur,8,Madrasa 8,294,291,1,586,49.66
Murshidabad,156,Jangipur,9,Community Hall 9,373,351,1,725,48.41
Murshidabad,156,Jangipur,10,Club Building 10,274,267,1,542,49.26
Murshidabad,156,Jangipur,11,Community Hall 11,324,332,0,656,50.61
Murshidabad,156,Jangipur,12,Madrasa 12,259,242,0,501,48.3
Murshidabad,156,Jangipur,13,Panchayat Bhavan 13,355,350,1,706,49.58
Murshidabad,156,Jangipur,14,Health Sub-Centre 14,289,293,1,583,50.26
Murshidabad,156,Jangipur,15,Panchayat Bhavan 15,324,295,0,619,47.66
Murshidabad,156,Jangipur,16,Market Building 16,254,251,0,505,49.7
Murshidabad,156,Jangipur,17,Madrasa 17,314,284,1,599,47.41
Murshidabad,156,Jangipur,18,Primary School 18,378,343,0,721,47.57
Murshidabad,156,Jangipur,19,Club Building 19,375,386,0,761,50.72
Murshidabad,156,Jangipur,20,Post Office 20,401,412,1,814,50.61
Murshidabad,156,Jangipur,21,Madrasa 21,422,390,1,813,47.97
Murshidabad,156,Jangipur,22,Market Building 22,316,310,0,626,49.52
Murshidabad,156,Jangipur,23,Govt Office 23,402,371,0,773,47.99
Murshidabad,156,Jangipur,24,Primary School 24,344,349,0,693,50.36
Murshidabad,156,Jangipur,25,Temple Hall 25,341,342,0,683,50.07
Murshidabad,156,Jangipur,26,Community Hall 26,312,316,0,628,50.32
Murshidabad,156,Jangipur,27,Community Hall 27,389,380,1,770,49.35
Murshidabad,156,Jangipur,28,Govt Office 28,350,361,1,712,50.7
Murshidabad,156,Jangipur,29,High School 29,377,361,0,738,48.92
Murshidabad,156,Jangipur,30,Market Building 30,338,310,1,649,47.77
Murshidabad,156,Jangipur,31,Temple Hall 31,307,304,0,611,49.75
Murshidabad,156,Jangipur,32,Govt Office 32,326,326,0,652,50.0
Murshidabad,156,Jangipur,33,Club Building 33,393,398,1,792,50.25
Murshidabad,156,Jangipur,34,Market Building 34,383,359,1,743,48.32
Murshidabad,156,Jangipur,35,Post Office 35,275,253,0,528,47.92
Murshidabad,156,Jangipur,36,Community Hall 36,319,326,0,645,50.54
Murshidabad,156,Jangipur,37,Madrasa 37,350,325,1,676,48.08
Murshidabad,156,Jangipur,38,Community Hall 38,321,313,0,634,49.37
Murshidabad,156,Jangipur,39,Primary School 39,419,395,0,814,48.53
Murshidabad,156,Jangipur,40,Club Building 40,276,264,0,540,48.89
Murshidabad,156,Jangipur,41,Temple Hall 41,364,372,1,737,50.47
Murshidabad,156,Jangipur,42,Madrasa 42,272,267,1,540,49.44
Murshidabad,156,Jangipur,43,Post Office 43,413,381,0,794,47.98
Murshidabad,156,Jangipur,44,Club Building 44,284,273,1,558,48.92
Murshidabad,156,Jangipur,45,Panchayat Bhavan 45,377,384,0,761,50.46
Murshidabad,156,Jangipur,46,Health Sub-Centre 46,390,395,0,785,50.32
Murshidabad,156,Jangipur,47,High School 47,359,348,1,708,49.15
Murshidabad,156,Jangipur,48,Anganwadi Centre 48,402,366,0,768,47.66
Murshidabad,156,Jangipur,49,Health Sub-Centre 49,393,360,1,754,47.75
Murshidabad,156,Jangipur,50,Temple Hall 50,370,336,0,706,47.59
Murshidabad,156,Jangipur,51,Primary School 51,396,381,1,778,48.97
Murshidabad,156,Jangipur,52,Post Office 52,372,339,1,712,47.61
Murshidabad,156,Jangipur,53,Market Building 53,403,364,1,768,47.4
Murshidabad,156,Jangipur,54,Community Hall 54,319,317,1,637,49.76
Murshidabad,156,Jangipur,55,Primary School 55,241,240,0,481,49.9
Murshidabad,156,Jangipur,56,Health Sub-Centre 56,359,337,0,696,48.42
Murshidabad,156,Jangipur,57,Post Office 57,252,258,0,510,50.59
Murshidabad,156,Jangipur,58,Govt Office 58,257,239,0,496,48.19
Murshidabad,156,Jangipur,59,Madrasa 59,397,410,1,808,50.74
Murshidabad,156,Jangipur,60,Club Building 60,345,329,1,675,48.74
Murshidabad,156,Jangipur,61,Market Building 61,262,259,0,521,49.71
Murshidabad,156,Jangipur,62,Health Sub-Centre 62,344,313,1,658,47.57
Murshidabad,156,Jangipur,63,Primary School 63,273,272,0,545,49.91
Murshidabad,156,Jangipur,64,Market Building 64,241,249,1,491,50.71
Murshidabad,156,Jangipur,65,Panchayat Bhavan 65,388,369,1,758,48.68
Murshidabad,156,Jangipur,66,Community Hall 66,310,296,0,606,48.84
Murshidabad,156,Jangipur,67,Primary School 67,285,291,0,576,50.52
Murshidabad,156,Jangipur,68,Panchayat Bhavan 68,420,398,0,818,48.66
Murshidabad,156,Jangipur,69,Post Office 69,307,278,0,585,47.52
Murshidabad,156,Jangipur,70,Panchayat Bhavan 70,396,390,0,786,49.62
Murshidabad,156,Jangipur,71,Health Sub-Centre 71,258,244,0,502,48.61
Murshidabad,156,Jangipur,72,Govt Office 72,296,295,0,591,49.92
Murshidabad,156,Jangipur,73,Temple Hall 73,363,374,0,737,50.75
Murshidabad,156,Jangipur,74,Panchayat Bhavan 74,399,374,1,774,48.32
Murshidabad,156,Jangipur,75,Club Building 75,315,319,0,634,50.32
Murshidabad,156,Jangipur,76,Market Building 76,328,305,0,633,48.18
Murshidabad,156,Jangipur,77,Madrasa 77,355,343,0,698,49.14
Murshidabad,156,Jangipur,78,Temple Hall 78,407,401,1,809,49.57
Murshidabad,156,Jangipur,79,Club Building 79,355,337,1,693,48.63
Murshidabad,156,Jangipur,80,Panchayat Bhavan 80,286,287,1,574,50.0
Murshidabad,156,Jangipur,81,Post Office 81,308,287,0,595,48.24
Murshidabad,156,Jangipur,82,Health Sub-Centre 82,257,251,1,509,49.31
Murshidabad,156,Jangipur,83,Community Hall 83,393,358,0,751,47.67
Murshidabad,156,Jangipur,84,Post Office 84,301,283,0,584,48.46
Murshidabad,156,Jangipur,85,Primary School 85,351,318,0,669,47.53
Murshidabad,156,Jangipur,86,High School 86,317,300,0,617,48.62
Murshidabad,156,Jangipur,87,Post Office 87,287,289,0,576,50.17
Murshidabad,156,Jangipur,88,Community Hall 88,290,295,1,586,50.34
Murshidabad,156,Jangipur,89,Temple Hall 89,253,234,0,487,48.05
Murshidabad,156,Jangipur,90,Panchayat Bhavan 90,270,269,1,540,49.81
Murshidabad,156,Jangipur,91,Panchayat Bhavan 91,396,392,1,789,49.68
Murshidabad,156,Jangipur,92,Club Building 92,393,368,1,762,48.29
Murshidabad,156,Jangipur,93,Community Hall 93,364,353,1,718,49.16
Murshidabad,156,Jangipur,94,Post Office 94,315,297,1,613,48.45
Murshidabad,156,Jangipur,95,Madrasa 95,264,265,1,530,50.0
Murshidabad,156,Jangipur,96,Primary School 96,300,283,1,584,48.46
Murshidabad,156,Jangipur,97,Primary School 97,382,386,0,768,50.26
Murshidabad,156,Jangipur,98,Community Hall 98,310,302,1,613,49.27
Murshidabad,156,Jangipur,99,Club Building 99,291,267,0,558,47.85
Murshidabad,156,Jangipur,100,Health Sub-Centre 100,383,387,1,771,50.19
Murshidabad,156,Jangipur,101,Community Hall 101,402,412,1,815,50.55
Murshidabad,156,Jangipur,102,Post Office 102,359,370,1,730,50.68
Murshidabad,156,Jangipur,103,Govt Office 103,283,282,1,566,49.82
Murshidabad,156,Jangipur,104,Govt Office 104,276,274,1,551,49.73
Murshidabad,156,Jangipur,105,Health Sub-Centre 105,373,384,0,757,50.73
Murshidabad,156,Jangipur,106,Market Building 106,247,250,0,497,50.3
Murshidabad,156,Jangipur,107,Govt Office 107,251,252,1,504,50.0
Murshidabad,156,Jangipur,108,Primary School 108,417,385,0,802,48.0
Murshidabad,156,Jangipur,109,Primary School 109,300,290,1,591,49.07
Murshidabad,156,Jangipur,110,Market Building 110,401,394,1,796,49.5
Murshidabad,156,Jangipur,111,Primary School 111,383,345,1,729,47.33
Murshidabad,156,Jangipur,112,Health Sub-Centre 112,247,240,1,488,49.18
Murshidabad,156,Jangipur,113,Govt Office 113,329,296,1,626,47.28
Murshidabad,156,Jangipur,114,Panchayat Bhavan 114,264,270,0,534,50.56
Murshidabad,156,Jangipur,115,Madrasa 115,291,286,1,578,49.48
Murshidabad,156,Jangipur,116,Madrasa 116,308,308,0,616,50.0
Murshidabad,156,Jangipur,117,Temple Hall 117,351,336,0,687,48.91
Murshidabad,156,Jangipur,118,Market Building 118,308,287,0,595,48.24
Murshidabad,156,Jangipur,119,Club Building 119,407,405,0,812,49.88
Murshidabad,156,Jangipur,120,Primary School 120,346,327,1,674,48.52
Murshidabad,156,Jangipur,121,High School 121,425,381,0,806,47.27
Murshidabad,156,Jangipur,122,Anganwadi Centre 122,365,369,1,735,50.2
Murshidabad,156,Jangipur,123,Panchayat Bhavan 123,262,266,0,528,50.38
Murshidabad,156,Jangipur,124,Community Hall 124,290,297,1,588,50.51
Murshidabad,156,Jangipur,125,Health Sub-Centre 125,248,254,1,503,50.5
Murshidabad,156,Jangipur,126,Madrasa 126,387,381,0,768,49.61
Murshidabad,156,Jangipur,127,Temple Hall 127,241,247,0,488,50.61
Murshidabad,156,Jangipur,128,Govt Office 128,337,345,1,683,50.51
Murshidabad,156,Jangipur,129,Market Building 129,398,369,1,768,48.05
Murshidabad,156,Jangipur,130,Temple Hall 130,390,366,0,756,48.41
Murshidabad,156,Jangipur,131,Primary School 131,264,255,1,520,49.04
Murshidabad,156,Jangipur,132,Madrasa 132,272,258,0,530,48.68
Murshidabad,156,Jangipur,133,Madrasa 133,394,394,1,789,49.94
Murshidabad,156,Jangipur,134,Post Office 134,249,245,1,495,49.49
Murshidabad,156,Jangipur,135,Club Building 135,306,289,1,596,48.49
Murshidabad,156,Jangipur,136,High School 136,289,285,1,575,49.57
Murshidabad,156,Jangipur,137,Temple Hall 137,412,384,0,796,48.24
Murshidabad,156,Jangipur,138,Club Building 138,271,246,0,517,47.58
Murshidabad,156,Jangipur,139,Madrasa 139,419,384,1,804,47.76
Murshidabad,156,Jangipur,140,Community Hall 140,348,316,0,664,47.59
Murshidabad,156,Jangipur,141,High School 141,363,343,1,707,48.51
Murshidabad,156,Jangipur,142,Post Office 142,286,260,1,547,47.53
Murshidabad,156,Jangipur,143,High School 143,388,376,1,765,49.15
Murshidabad,156,Jangipur,144,Anganwadi Centre 144,259,234,0,493,47.46
Murshidabad,156,Jangipur,145,Primary School 145,392,393,1,786,50.0
Murshidabad,156,Jangipur,146,Temple Hall 146,323,306,0,629,48.65
Murshidabad,156,Jangipur,147,Anganwadi Centre 147,379,387,0,766,50.52
Murshidabad,156,Jangipur,148,Govt Office 148,388,357,1,746,47.86
Murshidabad,156,Jangipur,149,Post Office 149,285,265,1,551,48.09
Murshidabad,156,Jangipur,150,Community Hall 150,290,263,1,554,47.47
Murshidabad,156,Jangipur,151,Madrasa 151,359,336,0,695,48.35
Murshidabad,157,Raghunathganj,1,Anganwadi Centre 1,303,302,1,606,49.83
Murshidabad,157,Raghunathganj,2,Govt Office 2,414,381,0,795,47.92
Murshidabad,157,Raghunathganj,3,Madrasa 3,334,300,1,635,47.24
Murshidabad,157,Raghunathganj,4,Post Office 4,409,387,1,797,48.56
Murshidabad,157,Raghunathganj,5,Community Hall 5,334,317,0,651,48.69
Murshidabad,157,Raghunathganj,6,Post Office 6,326,318,0,644,49.38
Murshidabad,157,Raghunathganj,7,Madrasa 7,333,306,1,640,47.81
Murshidabad,157,Raghunathganj,8,Anganwadi Centre 8,314,314,1,629,49.92
Murshidabad,157,Raghunathganj,9,Club Building 9,311,292,1,604,48.34
Murshidabad,157,Raghunathganj,10,Anganwadi Centre 10,349,317,0,666,47.6
Murshidabad,157,Raghunathganj,11,Temple Hall 11,396,363,0,759,47.83
Murshidabad,157,Raghunathganj,12,Post Office 12,354,362,0,716,50.56
Murshidabad,157,Raghunathganj,13,Club Building 13,313,316,0,629,50.24
Murshidabad,157,Raghunathganj,14,Panchayat Bhavan 14,383,351,1,735,47.76
Murshidabad,157,Raghunathganj,15,Club Building 15,306,302,1,609,49.59
Murshidabad,157,Raghunathganj,16,Anganwadi Centre 16,264,252,1,517,48.74
Murshidabad,157,Raghunathganj,17,Health Sub-Centre 17,348,336,1,685,49.05
Murshidabad,157,Raghunathganj,18,Temple Hall 18,248,249,1,498,50.0
Murshidabad,157,Raghunathganj,19,High School 19,382,372,0,754,49.34
Murshidabad,157,Raghunathganj,20,Govt Office 20,305,301,1,607,49.59
Murshidabad,157,Raghunathganj,21,Madrasa 21,409,401,1,811,49.45
Murshidabad,157,Raghunathganj,22,Community Hall 22,367,333,0,700,47.57
Murshidabad,157,Raghunathganj,23,Post Office 23,302,291,0,593,49.07
Murshidabad,157,Raghunathganj,24,Madrasa 24,345,326,0,671,48.58
Murshidabad,157,Raghunathganj,25,Club Building 25,250,241,1,492,48.98
Murshidabad,157,Raghunathganj,26,Madrasa 26,274,249,0,523,47.61
Murshidabad,157,Raghunathganj,27,Health Sub-Centre 27,330,309,0,639,48.36
Murshidabad,157,Raghunathganj,28,Post Office 28,375,352,0,727,48.42
Murshidabad,157,Raghunathganj,29,Primary School 29,366,344,1,711,48.38
Murshidabad,157,Raghunathganj,30,Market Building 30,283,254,1,538,47.21
Murshidabad,157,Raghunathganj,31,Temple Hall 31,269,266,0,535,49.72
Murshidabad,157,Raghunathganj,32,Madrasa 32,308,296,0,604,49.01
Murshidabad,157,Raghunathganj,33,Panchayat Bhavan 33,392,373,1,766,48.69
Murshidabad,157,Raghunathganj,34,Market Building 34,347,340,0,687,49.49
Murshidabad,157,Raghunathganj,35,Temple Hall 35,418,398,0,816,48.77
Murshidabad,157,Raghunathganj,36,Anganwadi Centre 36,393,400,1,794,50.38
Murshidabad,157,Raghunathganj,37,Panchayat Bhavan 37,359,340,0,699,48.64
Murshidabad,157,Raghunathganj,38,Anganwadi Centre 38,312,310,0,622,49.84
Murshidabad,157,Raghunathganj,39,Madrasa 39,266,266,0,532,50.0
Murshidabad,157,Raghunathganj,40,Community Hall 40,337,309,0,646,47.83
Murshidabad,157,Raghunathganj,41,Anganwadi Centre 41,371,358,1,730,49.04
Murshidabad,157,Raghunathganj,42,Madrasa 42,343,335,0,678,49.41
Murshidabad,157,Raghunathganj,43,Market Building 43,328,332,0,660,50.3
Murshidabad,157,Raghunathganj,44,Market Building 44,313,319,0,632,50.47
Murshidabad,157,Raghunathganj,45,Community Hall 45,283,265,0,548,48.36
Murshidabad,157,Raghunathganj,46,Health Sub-Centre 46,281,258,0,539,47.87
Murshidabad,157,Raghunathganj,47,Anganwadi Centre 47,348,330,0,678,48.67
Murshidabad,157,Raghunathganj,48,Market Building 48,346,329,1,676,48.67
Murshidabad,157,Raghunathganj,49,Health Sub-Centre 49,380,375,0,755,49.67
Murshidabad,157,Raghunathganj,50,Govt Office 50,288,277,0,565,49.03
Murshidabad,157,Raghunathganj,51,Madrasa 51,319,322,0,641,50.23
Murshidabad,157,Raghunathganj,52,Club Building 52,247,237,0,484,48.97
Murshidabad,157,Raghunathganj,53,Club Building 53,390,376,1,767,49.02
Murshidabad,157,Raghunathganj,54,Post Office 54,374,356,1,731,48.7
Murshidabad,157,Raghunathganj,55,Panchayat Bhavan 55,297,268,0,565,47.43
Murshidabad,157,Raghunathganj,56,Health Sub-Centre 56,331,298,0,629,47.38
Murshidabad,157,Raghunathganj,57,Anganwadi Centre 57,326,300,1,627,47.85
Murshidabad,157,Raghunathganj,58,Anganwadi Centre 58,373,360,0,733,49.11
Murshidabad,157,Raghunathganj,59,Health Sub-Centre 59,278,259,1,538,48.14
Murshidabad,157,Raghunathganj,60,Health Sub-Centre 60,250,250,1,501,49.9
Murshidabad,157,Raghunathganj,61,Temple Hall 61,291,300,0,591,50.76
Murshidabad,157,Raghunathganj,62,Primary School 62,407,406,1,814,49.88
Murshidabad,157,Raghunathganj,63,Post Office 63,368,342,0,710,48.17
Murshidabad,157,Raghunathganj,64,Panchayat Bhavan 64,270,270,0,540,50.0
Murshidabad,157,Raghunathganj,65,Govt Office 65,392,388,1,781,49.68
Murshidabad,157,Raghunathganj,66,Panchayat Bhavan 66,416,379,0,795,47.67
Murshidabad,157,Raghunathganj,67,Anganwadi Centre 67,258,251,1,510,49.22
Murshidabad,157,Raghunathganj,68,Community Hall 68,393,361,1,755,47.81
Murshidabad,157,Raghunathganj,69,Govt Office 69,401,372,0,773,48.12
Murshidabad,157,Raghunathganj,70,Market Building 70,340,349,1,690,50.58
Murshidabad,157,Raghunathganj,71,Panchayat Bhavan 71,273,271,0,544,49.82
Murshidabad,157,Raghunathganj,72,Market Building 72,278,276,0,554,49.82
Murshidabad,157,Raghunathganj,73,Market Building 73,347,333,1,681,48.9
Murshidabad,157,Raghunathganj,74,Market Building 74,356,336,0,692,48.55
Murshidabad,157,Raghunathganj,75,Temple Hall 75,270,256,1,527,48.58
Murshidabad,157,Raghunathganj,76,Madrasa 76,341,326,1,668,48.8
Murshidabad,157,Raghunathganj,77,Temple Hall 77,410,367,0,777,47.23
Murshidabad,157,Raghunathganj,78,High School 78,360,353,1,714,49.44
Murshidabad,157,Raghunathganj,79,Panchayat Bhavan 79,386,366,1,753,48.61
Murshidabad,157,Raghunathganj,80,Madrasa 80,379,353,1,733,48.16
Murshidabad,157,Raghunathganj,81,Madrasa 81,384,375,1,760,49.34
Murshidabad,157,Raghunathganj,82,Primary School 82,264,239,1,504,47.42
Murshidabad,157,Raghunathganj,83,Post Office 83,269,274,0,543,50.46
Murshidabad,157,Raghunathganj,84,Panchayat Bhavan 84,375,337,1,713,47.27
Murshidabad,157,Raghunathganj,85,Govt Office 85,270,276,1,547,50.46
Murshidabad,157,Raghunathganj,86,Community Hall 86,324,295,1,620,47.58
Murshidabad,157,Raghunathganj,87,Primary School 87,269,253,0,522,48.47
Murshidabad,157,Raghunathganj,88,Club Building 88,345,337,0,682,49.41
Murshidabad,157,Raghunathganj,89,Primary School 89,428,387,0,815,47.48
Murshidabad,157,Raghunathganj,90,Anganwadi Centre 90,301,288,0,589,48.9
Murshidabad,157,Raghunathganj,91,Primary School 91,302,292,1,595,49.08
Murshidabad,157,Raghunathganj,92,Club Building 92,243,241,0,484,49.79
Murshidabad,157,Raghunathganj,93,Club Building 93,279,268,0,547,48.99
Murshidabad,157,Raghunathganj,94,High School 94,263,262,0,525,49.9
Murshidabad,157,Raghunathganj,95,Govt Office 95,328,311,1,640,48.59
Murshidabad,157,Raghunathganj,96,Market Building 96,338,337,0,675,49.93
Murshidabad,157,Raghunathganj,97,Anganwadi Centre 97,291,262,0,553,47.38
Murshidabad,157,Raghunathganj,98,Temple Hall 98,423,388,1,812,47.78
Murshidabad,157,Raghunathganj,99,Club Building 99,298,291,0,589,49.41
Murshidabad,157,Raghunathganj,100,High School 100,400,395,0,795,49.69
Murshidabad,157,Raghunathganj,101,Anganwadi Centre 101,278,253,0,531,47.65
Murshidabad,157,Raghunathganj,102,Madrasa 102,347,328,1,676,48.52
Murshidabad,157,Raghunathganj,103,Panchayat Bhavan 103,286,265,0,551,48.09
Murshidabad,157,Raghunathganj,104,Temple Hall 104,385,377,1,763,49.41
Murshidabad,157,Raghunathganj,105,Panchayat Bhavan 105,244,248,1,493,50.3
Murshidabad,157,Raghunathganj,106,Temple Hall 106,377,368,0,745,49.4
Murshidabad,157,Raghunathganj,107,Panchayat Bhavan 107,352,328,0,680,48.24
Murshidabad,157,Raghunathganj,108,Post Office 108,377,356,0,733,48.57
Murshidabad,157,Raghunathganj,109,Madrasa 109,408,398,0,806,49.38
Murshidabad,157,Raghunathganj,110,Madrasa 110,335,306,1,642,47.66
Murshidabad,157,Raghunathganj,111,High School 111,381,377,1,759,49.67
Murshidabad,157,Raghunathganj,112,Community Hall 112,247,241,0,488,49.39
Murshidabad,157,Raghunathganj,113,Club Building 113,311,279,0,590,47.29
Murshidabad,157,Raghunathganj,114,Club Building 114,382,356,1,739,48.17
Murshidabad,157,Raghunathganj,115,Community Hall 115,360,325,0,685,47.45
Murshidabad,157,Raghunathganj,116,Govt Office 116,270,252,0,522,48.28
Murshidabad,157,Raghunathganj,117,Community Hall 117,389,365,0,754,48.41
Murshidabad,157,Raghunathganj,118,Primary School 118,353,350,0,703,49.79
Murshidabad,157,Raghunathganj,119,High School 119,317,287,1,605,47.44
Murshidabad,157,Raghunathganj,120,Community Hall 120,360,352,0,712,49.44
Murshidabad,157,Raghunathganj,121,Primary School 121,409,407,0,816,49.88
Murshidabad,157,Raghunathganj,122,Post Office 122,277,273,0,550,49.64
Murshidabad,157,Raghunathganj,123,Govt Office 123,334,322,1,657,49.01
Murshidabad,157,Raghunathganj,124,Temple Hall 124,350,319,1,670,47.61
Murshidabad,157,Raghunathganj,125,Madrasa 125,270,270,0,540,50.0
Murshidabad,157,Raghunathganj,126,Community Hall 126,362,337,0,699,48.21
Murshidabad,157,Raghunathganj,127,Post Office 127,391,383,1,775,49.42
Murshidabad,157,Raghunathganj,128,Anganwadi Centre 128,381,359,1,741,48.45
Murshidabad,157,Raghunathganj,129,High School 129,290,274,1,565,48.5
Murshidabad,157,Raghunathganj,130,Panchayat Bhavan 130,389,384,0,773,49.68
Murshidabad,157,Raghunathganj,131,Panchayat Bhavan 131,391,349,0,740,47.16
Murshidabad,157,Raghunathganj,132,Govt Office 132,256,246,1,503,48.91
Murshidabad,157,Raghunathganj,133,Health Sub-Centre 133,282,289,0,571,50.61
Murshidabad,157,Raghunathganj,134,Panchayat Bhavan 134,417,397,1,815,48.71
Murshidabad,157,Raghunathganj,135,Community Hall 135,342,350,1,693,50.51
Murshidabad,157,Raghunathganj,136,Health Sub-Centre 136,263,256,0,519,49.33
Murshidabad,157,Raghunathganj,137,Club Building 137,264,242,0,506,47.83
Murshidabad,157,Raghunathganj,138,Community Hall 138,255,259,1,515,50.29
Murshidabad,157,Raghunathganj,139,Primary School 139,339,307,1,647,47.45
Murshidabad,157,Raghunathganj,140,Temple Hall 140,347,320,1,668,47.9
Murshidabad,157,Raghunathganj,141,Anganwadi Centre 141,413,384,1,798,48.12
Murshidabad,157,Raghunathganj,142,Temple Hall 142,360,372,0,732,50.82
Murshidabad,157,Raghunathganj,143,Govt Office 143,380,379,0,759,49.93
Murshidabad,157,Raghunathganj,144,Panchayat Bhavan 144,239,244,0,483,50.52
Murshidabad,158,Uday Hossain Khan,1,Madrasa 1,401,404,0,805,50.19
Murshidabad,158,Uday Hossain Khan,2,Temple Hall 2,239,240,1,480,50.0
Murshidabad,158,Uday Hossain Khan,3,Club Building 3,334,303,0,637,47.57
Murshidabad,158,Uday Hossain Khan,4,Temple Hall 4,361,370,0,731,50.62
Murshidabad,158,Uday Hossain Khan,5,Health Sub-Centre 5,327,296,0,623,47.51
Murshidabad,158,Uday Hossain Khan,6,Post Office 6,346,344,1,691,49.78
Murshidabad,158,Uday Hossain Khan,7,Market Building 7,265,258,0,523,49.33
Murshidabad,158,Uday Hossain Khan,8,Club Building 8,358,323,0,681,47.43
Murshidabad,158,Uday Hossain Khan,9,Community Hall 9,404,415,0,819,50.67
Murshidabad,158,Uday Hossain Khan,10,Temple Hall 10,304,308,1,613,50.24
Murshidabad,158,Uday Hossain Khan,11,Panchayat Bhavan 11,333,313,1,647,48.38
Murshidabad,158,Uday Hossain Khan,12,Anganwadi Centre 12,256,262,0,518,50.58
Murshidabad,158,Uday Hossain Khan,13,Post Office 13,279,256,0,535,47.85
Murshidabad,158,Uday Hossain Khan,14,Health Sub-Centre 14,371,347,0,718,48.33
Murshidabad,158,Uday Hossain Khan,15,Post Office 15,327,336,0,663,50.68
Murshidabad,158,Uday Hossain Khan,16,High School 16,326,311,0,637,48.82
Murshidabad,158,Uday Hossain Khan,17,Temple Hall 17,278,281,1,560,50.18
Murshidabad,158,Uday Hossain Khan,18,Govt Office 18,414,373,1,788,47.34
Murshidabad,158,Uday Hossain Khan,19,Club Building 19,263,262,1,526,49.81
Murshidabad,158,Uday Hossain Khan,20,Community Hall 20,389,352,1,742,47.44
Murshidabad,158,Uday Hossain Khan,21,Post Office 21,299,269,1,569,47.28
Murshidabad,158,Uday Hossain Khan,22,High School 22,383,381,0,764,49.87
Murshidabad,158,Uday Hossain Khan,23,High School 23,375,341,0,716,47.63
Murshidabad,158,Uday Hossain Khan,24,Govt Office 24,256,230,0,486,47.33
Murshidabad,158,Uday Hossain Khan,25,Market Building 25,289,291,1,581,50.09
Murshidabad,158,Uday Hossain Khan,26,Anganwadi Centre 26,396,406,0,802,50.62
Murshidabad,158,Uday Hossain Khan,27,Primary School 27,405,375,0,780,48.08
Murshidabad,158,Uday Hossain Khan,28,Govt Office 28,266,246,1,513,47.95
Murshidabad,158,Uday Hossain Khan,29,High School 29,260,266,1,527,50.47
Murshidabad,158,Uday Hossain Khan,30,Govt Office 30,248,253,0,501,50.5
Murshidabad,158,Uday Hossain Khan,31,Post Office 31,395,377,1,773,48.77
Murshidabad,158,Uday Hossain Khan,32,Govt Office 32,254,240,1,495,48.48
Murshidabad,158,Uday Hossain Khan,33,Community Hall 33,344,317,0,661,47.96
Murshidabad,158,Uday Hossain Khan,34,Primary School 34,319,304,0,623,48.8
Murshidabad,158,Uday Hossain Khan,35,Market Building 35,402,392,0,794,49.37
Murshidabad,158,Uday Hossain Khan,36,Primary School 36,321,309,1,631,48.97
Murshidabad,158,Uday Hossain Khan,37,Club Building 37,271,253,0,524,48.28
Murshidabad,158,Uday Hossain Khan,38,Market Building 38,294,288,0,582,49.48
Murshidabad,158,Uday Hossain Khan,39,Temple Hall 39,378,379,1,758,50.0
Murshidabad,158,Uday Hossain Khan,40,Madrasa 40,338,324,1,663,48.87
Murshidabad,158,Uday Hossain Khan,41,Community Hall 41,391,377,1,769,49.02
Murshidabad,158,Uday Hossain Khan,42,Primary School 42,301,271,0,572,47.38
Murshidabad,158,Uday Hossain Khan,43,Health Sub-Centre 43,327,295,1,623,47.35
Murshidabad,158,Uday Hossain Khan,44,Govt Office 44,332,331,0,663,49.92
Murshidabad,158,Uday Hossain Khan,45,Community Hall 45,276,255,0,531,48.02
Murshidabad,158,Uday Hossain Khan,46,Panchayat Bhavan 46,375,378,0,753,50.2
Murshidabad,158,Uday Hossain Khan,47,Madrasa 47,384,389,1,774,50.26
Murshidabad,158,Uday Hossain Khan,48,Temple Hall 48,295,272,1,568,47.89
Murshidabad,158,Uday Hossain Khan,49,Temple Hall 49,328,335,0,663,50.53
Murshidabad,158,Uday Hossain Khan,50,Anganwadi Centre 50,326,334,0,660,50.61
Murshidabad,158,Uday Hossain Khan,51,Health Sub-Centre 51,286,289,1,576,50.17
Murshidabad,158,Uday Hossain Khan,52,High School 52,333,305,0,638,47.81
Murshidabad,158,Uday Hossain Khan,53,Primary School 53,264,244,0,508,48.03
Murshidabad,158,Uday Hossain Khan,54,Anganwadi Centre 54,382,366,1,749,48.87
Murshidabad,158,Uday Hossain Khan,55,Temple Hall 55,290,292,1,583,50.09
Murshidabad,158,Uday Hossain Khan,56,Primary School 56,281,288,1,570,50.53
Murshidabad,158,Uday Hossain Khan,57,High School 57,257,234,0,491,47.66
Murshidabad,158,Uday Hossain Khan,58,Madrasa 58,372,377,0,749,50.33
Murshidabad,158,Uday Hossain Khan,59,Madrasa 59,421,398,0,819,48.6
Murshidabad,158,Uday Hossain Khan,60,Temple Hall 60,327,307,0,634,48.42
Murshidabad,158,Uday Hossain Khan,61,Market Building 61,350,352,1,703,50.07
Murshidabad,158,Uday Hossain Khan,62,Panchayat Bhavan 62,334,307,1,642,47.82
Murshidabad,158,Uday Hossain Khan,63,Club Building 63,416,404,0,820,49.27
Murshidabad,158,Uday Hossain Khan,64,Govt Office 64,319,317,1,637,49.76
Murshidabad,158,Uday Hossain Khan,65,Anganwadi Centre 65,285,284,1,570,49.82
Murshidabad,158,Uday Hossain Khan,66,Anganwadi Centre 66,258,237,1,496,47.78
Murshidabad,158,Uday Hossain Khan,67,Post Office 67,299,294,0,593,49.58
Murshidabad,158,Uday Hossain Khan,68,Panchayat Bhavan 68,285,267,0,552,48.37
Murshidabad,158,Uday Hossain Khan,69,Market Building 69,324,333,0,657,50.68
Murshidabad,158,Uday Hossain Khan,70,Post Office 70,261,263,1,525,50.1
Murshidabad,158,Uday Hossain Khan,71,Temple Hall 71,251,234,0,485,48.25
Murshidabad,158,Uday Hossain Khan,72,Temple Hall 72,265,249,0,514,48.44
Murshidabad,158,Uday Hossain Khan,73,Temple Hall 73,252,227,1,480,47.29
Murshidabad,158,Uday Hossain Khan,74,Post Office 74,341,352,1,694,50.72
Murshidabad,158,Uday Hossain Khan,75,High School 75,346,326,1,673,48.44
Murshidabad,158,Uday Hossain Khan,76,Govt Office 76,362,363,0,725,50.07
Murshidabad,158,Uday Hossain Khan,77,Community Hall 77,374,337,0,711,47.4
Murshidabad,158,Uday Hossain Khan,78,High School 78,253,237,0,490,48.37
Murshidabad,158,Uday Hossain Khan,79,Govt Office 79,341,313,1,655,47.79
Murshidabad,158,Uday Hossain Khan,80,Madrasa 80,263,255,0,518,49.23
Murshidabad,158,Uday Hossain Khan,81,Temple Hall 81,385,398,1,784,50.77
Murshidabad,158,Uday Hossain Khan,82,Anganwadi Centre 82,254,241,0,495,48.69
Murshidabad,158,Uday Hossain Khan,83,Madrasa 83,367,335,0,702,47.72
Murshidabad,158,Uday Hossain Khan,84,Temple Hall 84,287,297,1,585,50.77
Murshidabad,158,Uday Hossain Khan,85,Market Building 85,382,380,1,763,49.8
Murshidabad,158,Uday Hossain Khan,86,Primary School 86,323,301,0,624,48.24
Murshidabad,158,Uday Hossain Khan,87,Govt Office 87,345,335,1,681,49.19
Murshidabad,158,Uday Hossain Khan,88,High School 88,260,246,1,507,48.52
Murshidabad,158,Uday Hossain Khan,89,Panchayat Bhavan 89,313,316,1,630,50.16
Murshidabad,158,Uday Hossain Khan,90,Market Building 90,279,250,0,529,47.26
Murshidabad,158,Uday Hossain Khan,91,High School 91,309,319,1,629,50.72
Murshidabad,158,Uday Hossain Khan,92,Post Office 92,317,319,1,637,50.08
Murshidabad,158,Uday Hossain Khan,93,Govt Office 93,423,394,1,818,48.17
Murshidabad,158,Uday Hossain Khan,94,Govt Office 94,331,337,1,669,50.37
Murshidabad,158,Uday Hossain Khan,95,Post Office 95,372,335,1,708,47.32
Murshidabad,158,Uday Hossain Khan,96,Anganwadi Centre 96,318,295,1,614,48.05
Murshidabad,158,Uday Hossain Khan,97,High School 97,267,244,0,511,47.75
Murshidabad,158,Uday Hossain Khan,98,Anganwadi Centre 98,326,329,1,656,50.15
Murshidabad,158,Uday Hossain Khan,99,Health Sub-Centre 99,302,293,1,596,49.16
Murshidabad,158,Uday Hossain Khan,100,Anganwadi Centre 100,341,352,1,694,50.72
Murshidabad,158,Uday Hossain Khan,101,Club Building 101,307,293,0,600,48.83
Murshidabad,158,Uday Hossain Khan,102,High School 102,253,244,0,497,49.09
Murshidabad,158,Uday Hossain Khan,103,Panchayat Bhavan 103,370,339,0,709,47.81
Murshidabad,158,Uday Hossain Khan,104,High School 104,302,275,1,578,47.58
Murshidabad,158,Uday Hossain Khan,105,Anganwadi Centre 105,366,336,0,702,47.86
Murshidabad,158,Uday Hossain Khan,106,High School 106,316,296,0,612,48.37
Murshidabad,158,Uday Hossain Khan,107,Community Hall 107,343,334,1,678,49.26
Murshidabad,158,Uday Hossain Khan,108,Temple Hall 108,382,364,0,746,48.79
Murshidabad,158,Uday Hossain Khan,109,High School 109,404,394,1,799,49.31
Murshidabad,158,Uday Hossain Khan,110,High School 110,362,330,0,692,47.69
Murshidabad,158,Uday Hossain Khan,111,Health Sub-Centre 111,383,384,1,768,50.0
Murshidabad,158,Uday Hossain Khan,112,Club Building 112,325,330,1,656,50.3
Murshidabad,158,Uday Hossain Khan,113,Primary School 113,415,399,1,815,48.96
Murshidabad,158,Uday Hossain Khan,114,Anganwadi Centre 114,294,274,0,568,48.24
Murshidabad,158,Uday Hossain Khan,115,Primary School 115,397,393,1,791,49.68
Murshidabad,158,Uday Hossain Khan,116,Temple Hall 116,337,344,1,682,50.44
Murshidabad,158,Uday Hossain Khan,117,Community Hall 117,315,285,1,601,47.42
Murshidabad,158,Uday Hossain Khan,118,Community Hall 118,352,317,1,670,47.31
Murshidabad,158,Uday Hossain Khan,119,Panchayat Bhavan 119,310,313,0,623,50.24
Murshidabad,158,Uday Hossain Khan,120,Madrasa 120,282,265,1,548,48.36
Murshidabad,158,Uday Hossain Khan,121,Panchayat Bhavan 121,310,307,0,617,49.76
Murshidabad,158,Uday Hossain Khan,122,Temple Hall 122,366,339,1,706,48.02
Murshidabad,158,Uday Hossain Khan,123,Primary School 123,363,364,1,728,50.0
Murshidabad,158,Uday Hossain Khan,124,Community Hall 124,371,372,0,743,50.07
Murshidabad,158,Uday Hossain Khan,125,Govt Office 125,379,360,0,739,48.71
Murshidabad,158,Uday Hossain Khan,126,Primary School 126,287,291,0,578,50.35
Murshidabad,158,Uday Hossain Khan,127,Madrasa 127,320,287,0,607,47.28
Murshidabad,158,Uday Hossain Khan,128,Health Sub-Centre 128,300,280,1,581,48.19
Murshidabad,158,Uday Hossain Khan,129,Market Building 129,345,338,0,683,49.49
Murshidabad,158,Uday Hossain Khan,130,Anganwadi Centre 130,256,238,1,495,48.08
Murshidabad,158,Uday Hossain Khan,131,Anganwadi Centre 131,368,339,1,708,47.88
Murshidabad,158,Uday Hossain Khan,132,Community Hall 132,393,369,0,762,48.43
Murshidabad,158,Uday Hossain Khan,133,Primary School 133,271,254,1,526,48.29
Murshidabad,158,Uday Hossain Khan,134,Panchayat Bhavan 134,280,283,0,563,50.27
Murshidabad,158,Uday Hossain Khan,135,Community Hall 135,422,389,0,811,47.97
Murshidabad,158,Uday Hossain Khan,136,Market Building 136,417,396,0,813,48.71
Murshidabad,158,Uday Hossain Khan,137,Market Building 137,247,237,0,484,48.97
Murshidabad,158,Uday Hossain Khan,138,Panchayat Bhavan 138,288,280,0,568,49.3
Murshidabad,158,Uday Hossain Khan,139,Temple Hall 139,307,301,1,609,49.43
Murshidabad,158,Uday Hossain Khan,140,Madrasa 140,418,390,1,809,48.21
Murshidabad,158,Uday Hossain Khan,141,Community Hall 141,370,344,1,715,48.11
Murshidabad,158,Uday Hossain Khan,142,Anganwadi Centre 142,371,374,1,746,50.13
Murshidabad,158,Uday Hossain Khan,143,Health Sub-Centre 143,280,251,1,532,47.18
Murshidabad,158,Uday Hossain Khan,144,Community Hall 144,410,400,1,811,49.32
Murshidabad,158,Uday Hossain Khan,145,Community Hall 145,272,262,1,535,48.97
Murshidabad,158,Uday Hossain Khan,146,Community Hall 146,416,390,1,807,48.33
Murshidabad,158,Uday Hossain Khan,147,Panchayat Bhavan 147,408,406,1,815,49.82
Murshidabad,159,Sagardighi,1,Anganwadi Centre 1,372,372,0,744,50.0
Murshidabad,159,Sagardighi,2,Temple Hall 2,346,340,0,686,49.56
Murshidabad,159,Sagardighi,3,Community Hall 3,248,244,1,493,49.49
Murshidabad,159,Sagardighi,4,Anganwadi Centre 4,356,338,0,694,48.7
Murshidabad,159,Sagardighi,5,Temple Hall 5,384,387,1,772,50.13
Murshidabad,159,Sagardighi,6,Market Building 6,297,295,1,593,49.75
Murshidabad,159,Sagardighi,7,Market Building 7,338,325,0,663,49.02
Murshidabad,159,Sagardighi,8,Post Office 8,399,366,0,765,47.84
Murshidabad,159,Sagardighi,9,Market Building 9,273,272,0,545,49.91
Murshidabad,159,Sagardighi,10,Madrasa 10,328,323,0,651,49.62
Murshidabad,159,Sagardighi,11,Club Building 11,297,296,1,594,49.83
Murshidabad,159,Sagardighi,12,Post Office 12,333,315,1,649,48.54
Murshidabad,159,Sagardighi,13,Post Office 13,276,264,0,540,48.89
Murshidabad,159,Sagardighi,14,Health Sub-Centre 14,294,284,1,579,49.05
Murshidabad,159,Sagardighi,15,Govt Office 15,324,308,0,632,48.73
Murshidabad,159,Sagardighi,16,Govt Office 16,299,282,1,582,48.45
Murshidabad,159,Sagardighi,17,High School 17,319,322,0,641,50.23
Murshidabad,159,Sagardighi,18,Madrasa 18,376,353,0,729,48.42
Murshidabad,159,Sagardighi,19,Community Hall 19,422,381,1,804,47.39
Murshidabad,159,Sagardighi,20,Anganwadi Centre 20,294,293,0,587,49.91
Murshidabad,159,Sagardighi,21,Govt Office 21,286,275,0,561,49.02
Murshidabad,159,Sagardighi,22,Club Building 22,406,387,1,794,48.74
Murshidabad,159,Sagardighi,23,Primary School 23,344,354,1,699,50.64
Murshidabad,159,Sagardighi,24,Primary School 24,253,245,1,499,49.1
Murshidabad,159,Sagardighi,25,Primary School 25,322,322,0,644,50.0
Murshidabad,159,Sagardighi,26,Panchayat Bhavan 26,244,238,0,482,49.38
Murshidabad,159,Sagardighi,27,Club Building 27,339,317,0,656,48.32
Murshidabad,159,Sagardighi,28,High School 28,374,363,0,737,49.25
Murshidabad,159,Sagardighi,29,Post Office 29,259,243,1,503,48.31
Murshidabad,159,Sagardighi,30,Club Building 30,377,368,1,746,49.33
Murshidabad,159,Sagardighi,31,Madrasa 31,282,265,1,548,48.36
Murshidabad,159,Sagardighi,32,Primary School 32,300,275,1,576,47.74
Murshidabad,159,Sagardighi,33,Panchayat Bhavan 33,310,286,0,596,47.99
Murshidabad,159,Sagardighi,34,High School 34,249,242,0,491,49.29
Murshidabad,159,Sagardighi,35,Club Building 35,335,332,0,667,49.78
Murshidabad,159,Sagardighi,36,Anganwadi Centre 36,419,388,0,807,48.08
Murshidabad,159,Sagardighi,37,Primary School 37,254,250,0,504,49.6
Murshidabad,159,Sagardighi,38,High School 38,276,262,1,539,48.61
Murshidabad,159,Sagardighi,39,Panchayat Bhavan 39,394,366,0,760,48.16
Murshidabad,159,Sagardighi,40,Market Building 40,422,379,1,802,47.26
Murshidabad,159,Sagardighi,41,Anganwadi Centre 41,267,263,1,531,49.53
Murshidabad,159,Sagardighi,42,High School 42,396,393,1,790,49.75
Murshidabad,159,Sagardighi,43,Community Hall 43,372,369,0,741,49.8
Murshidabad,159,Sagardighi,44,Panchayat Bhavan 44,268,269,1,538,50.0
Murshidabad,159,Sagardighi,45,Health Sub-Centre 45,411,379,1,791,47.91
Murshidabad,159,Sagardighi,46,Community Hall 46,299,283,1,583,48.54
Murshidabad,159,Sagardighi,47,Panchayat Bhavan 47,295,266,1,562,47.33
Murshidabad,159,Sagardighi,48,Primary School 48,375,351,0,726,48.35
Murshidabad,159,Sagardighi,49,Govt Office 49,259,265,1,525,50.48
Murshidabad,159,Sagardighi,50,Temple Hall 50,263,263,0,526,50.0
Murshidabad,159,Sagardighi,51,Post Office 51,263,268,0,531,50.47
Murshidabad,159,Sagardighi,52,High School 52,327,304,0,631,48.18
Murshidabad,159,Sagardighi,53,Madrasa 53,282,286,1,569,50.26
Murshidabad,159,Sagardighi,54,High School 54,328,312,0,640,48.75
Murshidabad,159,Sagardighi,55,Market Building 55,265,238,0,503,47.32
Murshidabad,159,Sagardighi,56,Post Office 56,422,388,1,811,47.84
Murshidabad,159,Sagardighi,57,Madrasa 57,414,384,0,798,48.12
Murshidabad,159,Sagardighi,58,Club Building 58,341,313,1,655,47.79
Murshidabad,159,Sagardighi,59,Temple Hall 59,368,344,1,713,48.25
Murshidabad,159,Sagardighi,60,High School 60,361,363,0,724,50.14
Murshidabad,159,Sagardighi,61,Govt Office 61,275,272,0,547,49.73
Murshidabad,159,Sagardighi,62,Anganwadi Centre 62,272,260,1,533,48.78
Murshidabad,159,Sagardighi,63,Madrasa 63,366,337,1,704,47.87
Murshidabad,159,Sagardighi,64,Post Office 64,418,375,0,793,47.29
Murshidabad,159,Sagardighi,65,Post Office 65,381,347,1,729,47.6
Murshidabad,159,Sagardighi,66,Primary School 66,263,239,1,503,47.51
Murshidabad,159,Sagardighi,67,Market Building 67,374,374,0,748,50.0
Murshidabad,159,Sagardighi,68,Club Building 68,333,320,0,653,49.0
Murshidabad,159,Sagardighi,69,Madrasa 69,410,407,1,818,49.76
Murshidabad,159,Sagardighi,70,Govt Office 70,411,407,1,819,49.69
Murshidabad,159,Sagardighi,71,Primary School 71,379,386,0,765,50.46
Murshidabad,159,Sagardighi,72,Post Office 72,399,409,1,809,50.56
Murshidabad,159,Sagardighi,73,Madrasa 73,295,268,1,564,47.52
Murshidabad,159,Sagardighi,74,Primary School 74,310,292,1,603,48.42
Murshidabad,159,Sagardighi,75,Club Building 75,383,355,1,739,48.04
Murshidabad,159,Sagardighi,76,Anganwadi Centre 76,314,285,1,600,47.5
Murshidabad,159,Sagardighi,77,Post Office 77,371,337,1,709,47.53
Murshidabad,159,Sagardighi,78,Temple Hall 78,335,305,1,641,47.58
Murshidabad,159,Sagardighi,79,Club Building 79,428,385,1,814,47.3
Murshidabad,159,Sagardighi,80,High School 80,253,245,0,498,49.2
Murshidabad,159,Sagardighi,81,Health Sub-Centre 81,388,400,1,789,50.7
Murshidabad,159,Sagardighi,82,Madrasa 82,398,368,1,767,47.98
Murshidabad,159,Sagardighi,83,Post Office 83,332,334,0,666,50.15
Murshidabad,159,Sagardighi,84,Temple Hall 84,329,319,1,649,49.15
Murshidabad,159,Sagardighi,85,High School 85,419,396,1,816,48.53
Murshidabad,159,Sagardighi,86,Primary School 86,265,264,0,529,49.91
Murshidabad,159,Sagardighi,87,Health Sub-Centre 87,336,317,1,654,48.47
Murshidabad,159,Sagardighi,88,Primary School 88,384,363,0,747,48.59
Murshidabad,159,Sagardighi,89,High School 89,287,276,1,564,48.94
Murshidabad,159,Sagardighi,90,High School 90,309,301,0,610,49.34
Murshidabad,159,Sagardighi,91,Temple Hall 91,354,327,0,681,48.02
Murshidabad,159,Sagardighi,92,Primary School 92,341,311,1,653,47.63
Murshidabad,159,Sagardighi,93,Post Office 93,400,404,0,804,50.25
Murshidabad,159,Sagardighi,94,Post Office 94,360,354,0,714,49.58
Murshidabad,159,Sagardighi,95,Health Sub-Centre 95,245,237,0,482,49.17
Murshidabad,159,Sagardighi,96,Health Sub-Centre 96,348,352,1,701,50.21
Murshidabad,159,Sagardighi,97,Temple Hall 97,287,283,0,570,49.65
Murshidabad,159,Sagardighi,98,Health Sub-Centre 98,285,259,1,545,47.52
Murshidabad,159,Sagardighi,99,Community Hall 99,347,329,0,676,48.67
Murshidabad,159,Sagardighi,100,Post Office 100,336,346,1,683,50.66
Murshidabad,159,Sagardighi,101,Temple Hall 101,286,261,1,548,47.63
Murshidabad,159,Sagardighi,102,Panchayat Bhavan 102,378,382,0,760,50.26
Murshidabad,159,Sagardighi,103,Market Building 103,296,290,1,587,49.4
Murshidabad,159,Sagardighi,104,Temple Hall 104,325,331,0,656,50.46
Murshidabad,159,Sagardighi,105,Health Sub-Centre 105,400,412,0,812,50.74
Murshidabad,159,Sagardighi,106,Temple Hall 106,380,376,1,757,49.67
Murshidabad,159,Sagardighi,107,Anganwadi Centre 107,269,269,1,539,49.91
Murshidabad,159,Sagardighi,108,Market Building 108,380,391,1,772,50.65
Murshidabad,159,Sagardighi,109,Primary School 109,389,363,1,753,48.21
Murshidabad,159,Sagardighi,110,Govt Office 110,391,355,1,747,47.52
Murshidabad,159,Sagardighi,111,Community Hall 111,255,252,0,507,49.7
Murshidabad,159,Sagardighi,112,Govt Office 112,276,285,1,562,50.71
Murshidabad,159,Sagardighi,113,Panchayat Bhavan 113,256,254,1,511,49.71
Murshidabad,159,Sagardighi,114,High School 114,398,358,1,757,47.29
Murshidabad,159,Sagardighi,115,Temple Hall 115,395,400,0,795,50.31
Murshidabad,159,Sagardighi,116,Health Sub-Centre 116,412,399,0,811,49.2
Murshidabad,159,Sagardighi,117,Club Building 117,315,312,0,627,49.76
Murshidabad,159,Sagardighi,118,Health Sub-Centre 118,347,330,1,678,48.67
Murshidabad,159,Sagardighi,119,Panchayat Bhavan 119,266,240,1,507,47.34
Murshidabad,159,Sagardighi,120,Panchayat Bhavan 120,395,401,1,797,50.31
Murshidabad,159,Sagardighi,121,Anganwadi Centre 121,403,400,1,804,49.75
Murshidabad,159,Sagardighi,122,Temple Hall 122,381,378,0,759,49.8
Murshidabad,159,Sagardighi,123,Market Building 123,300,279,0,579,48.19
Murshidabad,159,Sagardighi,124,Temple Hall 124,270,248,0,518,47.88
Murshidabad,159,Sagardighi,125,Club Building 125,389,354,0,743,47.64
Murshidabad,159,Sagardighi,126,Govt Office 126,316,306,0,622,49.2
Murshidabad,159,Sagardighi,127,Madrasa 127,388,391,0,779,50.19
Murshidabad,159,Sagardighi,128,Primary School 128,361,357,0,718,49.72
Murshidabad,159,Sagardighi,129,Market Building 129,276,282,0,558,50.54
Murshidabad,159,Sagardighi,130,Post Office 130,395,399,1,795,50.19
Murshidabad,159,Sagardighi,131,Temple Hall 131,393,380,0,773,49.16
Murshidabad,159,Sagardighi,132,Health Sub-Centre 132,327,315,0,642,49.07
Murshidabad,159,Sagardighi,133,Club Building 133,257,257,0,514,50.0
Murshidabad,159,Sagardighi,134,Madrasa 134,386,372,0,758,49.08
Murshidabad,159,Sagardighi,135,Madrasa 135,293,299,1,593,50.42
Murshidabad,159,Sagardighi,136,Health Sub-Centre 136,343,320,1,664,48.19
Murshidabad,159,Sagardighi,137,Post Office 137,427,384,1,812,47.29
Murshidabad,159,Sagardighi,138,Primary School 138,299,304,0,603,50.41
Murshidabad,159,Sagardighi,139,Club Building 139,331,313,0,644,48.6
Murshidabad,159,Sagardighi,140,Primary School 140,310,300,1,611,49.1
Murshidabad,160,Lalgola,1,Post Office 1,370,372,1,743,50.07
Murshidabad,160,Lalgola,2,Madrasa 2,260,242,0,502,48.21
Murshidabad,160,Lalgola,3,Govt Office 3,390,353,0,743,47.51
Murshidabad,160,Lalgola,4,Panchayat Bhavan 4,384,371,0,755,49.14
Murshidabad,160,Lalgola,5,High School 5,400,401,1,802,50.0
Murshidabad,160,Lalgola,6,Market Building 6,297,287,1,585,49.06
Murshidabad,160,Lalgola,7,Primary School 7,259,257,0,516,49.81
Murshidabad,160,Lalgola,8,High School 8,359,356,0,715,49.79
Murshidabad,160,Lalgola,9,Health Sub-Centre 9,271,245,1,517,47.39
Murshidabad,160,Lalgola,10,Community Hall 10,262,254,0,516,49.22
Murshidabad,160,Lalgola,11,Club Building 11,353,334,1,688,48.55
Murshidabad,160,Lalgola,12,Health Sub-Centre 12,338,303,0,641,47.27
Murshidabad,160,Lalgola,13,Temple Hall 13,244,239,0,483,49.48
Murshidabad,160,Lalgola,14,Madrasa 14,410,369,0,779,47.37
Murshidabad,160,Lalgola,15,Anganwadi Centre 15,385,351,1,737,47.63
Murshidabad,160,Lalgola,16,Club Building 16,270,253,1,524,48.28
Murshidabad,160,Lalgola,17,Post Office 17,340,342,0,682,50.15
Murshidabad,160,Lalgola,18,Temple Hall 18,285,275,0,560,49.11
Murshidabad,160,Lalgola,19,Market Building 19,339,340,1,680,50.0
Murshidabad,160,Lalgola,20,Primary School 20,285,267,1,553,48.28
Murshidabad,160,Lalgola,21,High School 21,379,384,0,763,50.33
Murshidabad,160,Lalgola,22,Health Sub-Centre 22,263,237,1,501,47.31
Murshidabad,160,Lalgola,23,Panchayat Bhavan 23,374,385,1,760,50.66
Murshidabad,160,Lalgola,24,Govt Office 24,341,315,0,656,48.02
Murshidabad,160,Lalgola,25,Panchayat Bhavan 25,298,275,1,574,47.91
Murshidabad,160,Lalgola,26,Health Sub-Centre 26,281,257,0,538,47.77
Murshidabad,160,Lalgola,27,Community Hall 27,361,355,0,716,49.58
Murshidabad,160,Lalgola,28,Temple Hall 28,267,247,0,514,48.05
Murshidabad,160,Lalgola,29,Madrasa 29,396,380,1,777,48.91
Murshidabad,160,Lalgola,30,High School 30,275,270,0,545,49.54
Murshidabad,160,Lalgola,31,Madrasa 31,316,309,0,625,49.44
Murshidabad,160,Lalgola,32,Temple Hall 32,372,355,1,728,48.76
Murshidabad,160,Lalgola,33,Madrasa 33,406,372,1,779,47.75
Murshidabad,160,Lalgola,34,Panchayat Bhavan 34,364,334,1,699,47.78
Murshidabad,160,Lalgola,35,Community Hall 35,297,295,1,593,49.75
Murshidabad,160,Lalgola,36,Post Office 36,346,317,1,664,47.74
Murshidabad,160,Lalgola,37,Post Office 37,366,349,1,716,48.74
Murshidabad,160,Lalgola,38,Community Hall 38,399,363,0,762,47.64
Murshidabad,160,Lalgola,39,Community Hall 39,273,278,0,551,50.45
Murshidabad,160,Lalgola,40,Primary School 40,420,380,0,800,47.5
Murshidabad,160,Lalgola,41,Anganwadi Centre 41,372,366,1,739,49.53
Murshidabad,160,Lalgola,42,Health Sub-Centre 42,290,297,1,588,50.51
Murshidabad,160,Lalgola,43,Madrasa 43,386,370,0,756,48.94
Murshidabad,160,Lalgola,44,Govt Office 44,353,326,1,680,47.94
Murshidabad,160,Lalgola,45,Club Building 45,366,351,0,717,48.95
Murshidabad,160,Lalgola,46,Anganwadi Centre 46,340,326,0,666,48.95
Murshidabad,160,Lalgola,47,Post Office 47,282,282,0,564,50.0
Murshidabad,160,Lalgola,48,Temple Hall 48,293,268,0,561,47.77
Murshidabad,160,Lalgola,49,Panchayat Bhavan 49,359,368,0,727,50.62
Murshidabad,160,Lalgola,50,Madrasa 50,378,350,1,729,48.01
Murshidabad,160,Lalgola,51,Health Sub-Centre 51,315,284,0,599,47.41
Murshidabad,160,Lalgola,52,Primary School 52,340,323,1,664,48.64
Murshidabad,160,Lalgola,53,High School 53,245,254,1,500,50.8
Murshidabad,160,Lalgola,54,Temple Hall 54,376,369,1,746,49.46
Murshidabad,160,Lalgola,55,Club Building 55,311,303,0,614,49.35
Murshidabad,160,Lalgola,56,Health Sub-Centre 56,419,395,0,814,48.53
Murshidabad,160,Lalgola,57,Health Sub-Centre 57,313,295,0,608,48.52
Murshidabad,160,Lalgola,58,Post Office 58,353,333,1,687,48.47
Murshidabad,160,Lalgola,59,Health Sub-Centre 59,360,366,0,726,50.41
Murshidabad,160,Lalgola,60,High School 60,282,269,0,551,48.82
Murshidabad,160,Lalgola,61,Govt Office 61,375,368,0,743,49.53
Murshidabad,160,Lalgola,62,Market Building 62,300,275,0,575,47.83
Murshidabad,160,Lalgola,63,Temple Hall 63,305,291,1,597,48.74
Murshidabad,160,Lalgola,64,Post Office 64,274,263,1,538,48.88
Murshidabad,160,Lalgola,65,Primary School 65,296,290,1,587,49.4
Murshidabad,160,Lalgola,66,Govt Office 66,318,286,0,604,47.35
Murshidabad,160,Lalgola,67,Primary School 67,409,393,0,802,49.0
Murshidabad,160,Lalgola,68,Health Sub-Centre 68,293,272,0,565,48.14
Murshidabad,160,Lalgola,69,Temple Hall 69,348,339,0,687,49.34
Murshidabad,160,Lalgola,70,Panchayat Bhavan 70,408,410,0,818,50.12
Murshidabad,160,Lalgola,71,Post Office 71,358,350,1,709,49.37
Murshidabad,160,Lalgola,72,Anganwadi Centre 72,294,272,1,567,47.97
Murshidabad,160,Lalgola,73,Anganwadi Centre 73,276,277,0,553,50.09
Murshidabad,160,Lalgola,74,Temple Hall 74,416,401,0,817,49.08
Murshidabad,160,Lalgola,75,Panchayat Bhavan 75,324,331,0,655,50.53
Murshidabad,160,Lalgola,76,Primary School 76,346,327,0,673,48.59
Murshidabad,160,Lalgola,77,Govt Office 77,296,286,1,583,49.06
Murshidabad,160,Lalgola,78,Anganwadi Centre 78,413,376,1,790,47.59
Murshidabad,160,Lalgola,79,High School 79,414,373,0,787,47.4
Murshidabad,160,Lalgola,80,Market Building 80,366,360,0,726,49.59
Murshidabad,160,Lalgola,81,Madrasa 81,415,396,1,812,48.77
Murshidabad,160,Lalgola,82,Panchayat Bhavan 82,251,250,1,502,49.8
Murshidabad,160,Lalgola,83,Madrasa 83,362,363,1,726,50.0
Murshidabad,160,Lalgola,84,Club Building 84,390,391,0,781,50.06
Murshidabad,160,Lalgola,85,High School 85,284,264,0,548,48.18
Murshidabad,160,Lalgola,86,Community Hall 86,316,308,1,625,49.28
Murshidabad,160,Lalgola,87,Anganwadi Centre 87,304,272,0,576,47.22
Murshidabad,160,Lalgola,88,Club Building 88,391,356,0,747,47.66
Murshidabad,160,Lalgola,89,Club Building 89,423,391,1,815,47.98
Murshidabad,160,Lalgola,90,Market Building 90,348,316,1,665,47.52
Murshidabad,160,Lalgola,91,Anganwadi Centre 91,403,375,1,779,48.14
Murshidabad,160,Lalgola,92,Panchayat Bhavan 92,336,330,1,667,49.48
Murshidabad,160,Lalgola,93,Govt Office 93,350,340,1,691,49.2
Murshidabad,160,Lalgola,94,Community Hall 94,339,329,1,669,49.18
Murshidabad,160,Lalgola,95,Temple Hall 95,322,314,1,637,49.29
Murshidabad,160,Lalgola,96,Temple Hall 96,273,277,0,550,50.36
Murshidabad,160,Lalgola,97,High School 97,306,291,0,597,48.74
Murshidabad,160,Lalgola,98,Health Sub-Centre 98,299,289,1,589,49.07
Murshidabad,160,Lalgola,99,Govt Office 99,399,395,0,794,49.75
Murshidabad,160,Lalgola,100,High School 100,335,344,0,679,50.66
Murshidabad,160,Lalgola,101,High School 101,282,271,1,554,48.92
Murshidabad,160,Lalgola,102,High School 102,264,247,1,512,48.24
Murshidabad,160,Lalgola,103,Club Building 103,416,374,1,791,47.28
Murshidabad,160,Lalgola,104,Temple Hall 104,399,394,1,794,49.62
Murshidabad,160,Lalgola,105,Market Building 105,413,372,0,785,47.39
Murshidabad,160,Lalgola,106,Market Building 106,375,358,0,733,48.84
Murshidabad,160,Lalgola,107,Anganwadi Centre 107,386,359,0,745,48.19
Murshidabad,160,Lalgola,108,Anganwadi Centre 108,377,364,0,741,49.12
Murshidabad,160,Lalgola,109,Panchayat Bhavan 109,284,281,1,566,49.65
Murshidabad,160,Lalgola,110,High School 110,430,385,0,815,47.24
Murshidabad,160,Lalgola,111,Market Building 111,309,311,1,621,50.08
Murshidabad,160,Lalgola,112,Health Sub-Centre 112,350,332,0,682,48.68
Murshidabad,160,Lalgola,113,High School 113,244,243,0,487,49.9
Murshidabad,160,Lalgola,114,Madrasa 114,393,367,1,761,48.23
Murshidabad,160,Lalgola,115,Post Office 115,323,298,0,621,47.99
Murshidabad,160,Lalgola,116,Govt Office 116,347,338,1,686,49.27
Murshidabad,160,Lalgola,117,Health Sub-Centre 117,351,337,0,688,48.98
Murshidabad,160,Lalgola,118,Health Sub-Centre 118,325,305,0,630,48.41
Murshidabad,160,Lalgola,119,Temple Hall 119,302,308,1,611,50.41
Murshidabad,160,Lalgola,120,Panchayat Bhavan 120,347,358,1,706,50.71
Murshidabad,160,Lalgola,121,Market Building 121,321,331,1,653,50.69
Murshidabad,160,Lalgola,122,Post Office 122,354,361,0,715,50.49
Murshidabad,160,Lalgola,123,Market Building 123,279,259,1,539,48.05
Murshidabad,160,Lalgola,124,Madrasa 124,298,294,0,592,49.66
Murshidabad,160,Lalgola,125,Temple Hall 125,341,350,0,691,50.65
Murshidabad,160,Lalgola,126,Club Building 126,319,295,0,614,48.05
Murshidabad,160,Lalgola,127,Post Office 127,344,311,0,655,47.48
Murshidabad,160,Lalgola,128,Govt Office 128,329,310,1,640,48.44
Murshidabad,160,Lalgola,129,Panchayat Bhavan 129,294,283,0,577,49.05
Murshidabad,160,Lalgola,130,Panchayat Bhavan 130,299,304,0,603,50.41
Murshidabad,160,Lalgola,131,Govt Office 131,289,293,1,583,50.26
Murshidabad,160,Lalgola,132,Market Building 132,280,254,0,534,47.57
Murshidabad,160,Lalgola,133,Health Sub-Centre 133,418,401,0,819,48.96
Murshidabad,160,Lalgola,134,Anganwadi Centre 134,248,252,1,501,50.3
Murshidabad,160,Lalgola,135,Post Office 135,326,314,1,641,48.99
Murshidabad,160,Lalgola,136,Club Building 136,281,291,1,573,50.79
Murshidabad,160,Lalgola,137,Primary School 137,297,296,0,593,49.92
Murshidabad,160,Lalgola,138,Health Sub-Centre 138,373,375,1,749,50.07
Murshidabad,160,Lalgola,139,Market Building 139,252,243,1,496,48.99
Murshidabad,160,Lalgola,140,Temple Hall 140,291,278,0,569,48.86
Murshidabad,160,Lalgola,141,Primary School 141,381,364,0,745,48.86
Murshidabad,160,Lalgola,142,Madrasa 142,302,285,0,587,48.55
Murshidabad,160,Lalgola,143,Govt Office 143,335,329,1,665,49.47
Murshidabad,160,Lalgola,144,Post Office 144,393,366,1,760,48.16
Murshidabad,160,Lalgola,145,Post Office 145,409,384,0,793,48.42
Murshidabad,160,Lalgola,146,Madrasa 146,362,334,1,697,47.92
Murshidabad,160,Lalgola,147,Anganwadi Centre 147,355,330,0,685,48.18
Murshidabad,161,Bhagawangola,1,Temple Hall 1,390,384,0,774,49.61
Murshidabad,161,Bhagawangola,2,Club Building 2,307,310,1,618,50.16
Murshidabad,161,Bhagawangola,3,Post Office 3,303,277,0,580,47.76
Murshidabad,161,Bhagawangola,4,Govt Office 4,251,232,1,484,47.93
Murshidabad,161,Bhagawangola,5,Post Office 5,408,393,1,802,49.0
Murshidabad,161,Bhagawangola,6,Club Building 6,329,304,0,633,48.03
Murshidabad,161,Bhagawangola,7,Panchayat Bhavan 7,267,263,0,530,49.62
Murshidabad,161,Bhagawangola,8,Post Office 8,312,298,0,610,48.85
Murshidabad,161,Bhagawangola,9,Health Sub-Centre 9,337,313,1,651,48.08
Murshidabad,161,Bhagawangola,10,Madrasa 10,377,387,1,765,50.59
Murshidabad,161,Bhagawangola,11,Market Building 11,250,239,1,490,48.78
Murshidabad,161,Bhagawangola,12,Community Hall 12,411,379,0,790,47.97
Murshidabad,161,Bhagawangola,13,Temple Hall 13,340,320,1,661,48.41
Murshidabad,161,Bhagawangola,14,Anganwadi Centre 14,350,357,1,708,50.42
Murshidabad,161,Bhagawangola,15,Govt Office 15,320,306,0,626,48.88
Murshidabad,161,Bhagawangola,16,Club Building 16,402,404,1,807,50.06
Murshidabad,161,Bhagawangola,17,High School 17,405,397,1,803,49.44
Murshidabad,161,Bhagawangola,18,Madrasa 18,272,248,0,520,47.69
Murshidabad,161,Bhagawangola,19,Anganwadi Centre 19,323,318,1,642,49.53
Murshidabad,161,Bhagawangola,20,Madrasa 20,415,394,1,810,48.64
Murshidabad,161,Bhagawangola,21,Club Building 21,396,383,1,780,49.1
Murshidabad,161,Bhagawangola,22,Govt Office 22,295,270,0,565,47.79
Murshidabad,161,Bhagawangola,23,Panchayat Bhavan 23,303,297,0,600,49.5
Murshidabad,161,Bhagawangola,24,High School 24,290,275,0,565,48.67
Murshidabad,161,Bhagawangola,25,Club Building 25,367,355,0,722,49.17
Murshidabad,161,Bhagawangola,26,High School 26,374,374,0,748,50.0
Murshidabad,161,Bhagawangola,27,Market Building 27,311,303,0,614,49.35
Murshidabad,161,Bhagawangola,28,Temple Hall 28,351,328,0,679,48.31
Murshidabad,161,Bhagawangola,29,Govt Office 29,320,305,0,625,48.8
Murshidabad,161,Bhagawangola,30,Primary School 30,373,376,0,749,50.2
Murshidabad,161,Bhagawangola,31,Post Office 31,421,397,1,819,48.47
Murshidabad,161,Bhagawangola,32,Health Sub-Centre 32,353,365,1,719,50.76
Murshidabad,161,Bhagawangola,33,Anganwadi Centre 33,370,337,0,707,47.67
Murshidabad,161,Bhagawangola,34,Health Sub-Centre 34,401,383,1,785,48.79
Murshidabad,161,Bhagawangola,35,Madrasa 35,407,399,1,807,49.44
Murshidabad,161,Bhagawangola,36,Post Office 36,369,357,0,726,49.17
Murshidabad,161,Bhagawangola,37,Govt Office 37,327,309,1,637,48.51
Murshidabad,161,Bhagawangola,38,Madrasa 38,335,300,0,635,47.24
Murshidabad,161,Bhagawangola,39,Temple Hall 39,320,306,0,626,48.88
Murshidabad,161,Bhagawangola,40,Community Hall 40,360,370,1,731,50.62
Murshidabad,161,Bhagawangola,41,Anganwadi Centre 41,241,242,1,484,50.0
Murshidabad,161,Bhagawangola,42,Panchayat Bhavan 42,298,299,1,598,50.0
Murshidabad,161,Bhagawangola,43,Club Building 43,341,348,1,690,50.43
Murshidabad,161,Bhagawangola,44,Club Building 44,316,290,1,607,47.78
Murshidabad,161,Bhagawangola,45,Market Building 45,306,285,1,592,48.14
Murshidabad,161,Bhagawangola,46,Community Hall 46,306,295,1,602,49.0
Murshidabad,161,Bhagawangola,47,Club Building 47,406,405,1,812,49.88
Murshidabad,161,Bhagawangola,48,Govt Office 48,286,290,0,576,50.35
Murshidabad,161,Bhagawangola,49,Anganwadi Centre 49,328,299,1,628,47.61
Murshidabad,161,Bhagawangola,50,Panchayat Bhavan 50,367,343,1,711,48.24
Murshidabad,161,Bhagawangola,51,Health Sub-Centre 51,340,304,0,644,47.2
Murshidabad,161,Bhagawangola,52,Community Hall 52,256,235,0,491,47.86
Murshidabad,161,Bhagawangola,53,Temple Hall 53,322,294,1,617,47.65
Murshidabad,161,Bhagawangola,54,Primary School 54,251,233,0,484,48.14
Murshidabad,161,Bhagawangola,55,Community Hall 55,380,351,1,732,47.95
Murshidabad,161,Bhagawangola,56,Temple Hall 56,361,373,1,735,50.75
Murshidabad,161,Bhagawangola,57,Primary School 57,256,240,0,496,48.39
Murshidabad,161,Bhagawangola,58,Health Sub-Centre 58,308,308,0,616,50.0
Murshidabad,161,Bhagawangola,59,Club Building 59,374,345,1,720,47.92
Murshidabad,161,Bhagawangola,60,Club Building 60,254,232,0,486,47.74
Murshidabad,161,Bhagawangola,61,Panchayat Bhavan 61,366,340,0,706,48.16
Murshidabad,161,Bhagawangola,62,Health Sub-Centre 62,359,356,0,715,49.79
Murshidabad,161,Bhagawangola,63,Club Building 63,403,416,1,820,50.73
Murshidabad,161,Bhagawangola,64,Market Building 64,316,323,0,639,50.55
Murshidabad,161,Bhagawangola,65,Community Hall 65,251,250,0,501,49.9
Murshidabad,161,Bhagawangola,66,Madrasa 66,367,359,0,726,49.45
Murshidabad,161,Bhagawangola,67,High School 67,251,255,0,506,50.4
Murshidabad,161,Bhagawangola,68,Primary School 68,302,297,1,600,49.5
Murshidabad,161,Bhagawangola,69,Club Building 69,282,283,0,565,50.09
Murshidabad,161,Bhagawangola,70,Anganwadi Centre 70,319,285,0,604,47.19
Murshidabad,161,Bhagawangola,71,Madrasa 71,364,359,0,723,49.65
Murshidabad,161,Bhagawangola,72,High School 72,271,253,1,525,48.19
Murshidabad,161,Bhagawangola,73,Primary School 73,411,385,0,796,48.37
Murshidabad,161,Bhagawangola,74,Govt Office 74,334,328,0,662,49.55
Murshidabad,161,Bhagawangola,75,Post Office 75,378,350,1,729,48.01
Murshidabad,161,Bhagawangola,76,Madrasa 76,304,273,1,578,47.23
Murshidabad,161,Bhagawangola,77,Post Office 77,284,264,0,548,48.18
Murshidabad,161,Bhagawangola,78,Panchayat Bhavan 78,357,346,1,704,49.15
Murshidabad,161,Bhagawangola,79,Madrasa 79,400,369,1,770,47.92
Murshidabad,161,Bhagawangola,80,High School 80,373,346,0,719,48.12
Murshidabad,161,Bhagawangola,81,Community Hall 81,391,359,1,751,47.8
Murshidabad,161,Bhagawangola,82,Market Building 82,390,367,0,757,48.48
Murshidabad,161,Bhagawangola,83,Primary School 83,380,359,0,739,48.58
Murshidabad,161,Bhagawangola,84,Madrasa 84,396,401,0,797,50.31
Murshidabad,161,Bhagawangola,85,Panchayat Bhavan 85,257,254,1,512,49.61
Murshidabad,161,Bhagawangola,86,Anganwadi Centre 86,377,371,0,748,49.6
Murshidabad,161,Bhagawangola,87,High School 87,321,302,1,624,48.4
Murshidabad,161,Bhagawangola,88,Primary School 88,269,260,0,529,49.15
Murshidabad,161,Bhagawangola,89,Panchayat Bhavan 89,285,261,0,546,47.8
Murshidabad,161,Bhagawangola,90,Primary School 90,273,261,0,534,48.88
Murshidabad,161,Bhagawangola,91,Market Building 91,389,382,1,772,49.48
Murshidabad,161,Bhagawangola,92,Primary School 92,371,358,1,730,49.04
Murshidabad,161,Bhagawangola,93,Primary School 93,347,320,0,667,47.98
Murshidabad,161,Bhagawangola,94,Post Office 94,296,290,0,586,49.49
Murshidabad,161,Bhagawangola,95,Madrasa 95,423,383,1,807,47.46
Murshidabad,161,Bhagawangola,96,Health Sub-Centre 96,253,255,1,509,50.1
Murshidabad,161,Bhagawangola,97,High School 97,250,249,1,500,49.8
Murshidabad,161,Bhagawangola,98,High School 98,291,299,0,590,50.68
Murshidabad,161,Bhagawangola,99,Panchayat Bhavan 99,304,294,0,598,49.16
Murshidabad,161,Bhagawangola,100,Health Sub-Centre 100,378,371,0,749,49.53
Murshidabad,161,Bhagawangola,101,Market Building 101,392,373,0,765,48.76
Murshidabad,161,Bhagawangola,102,Temple Hall 102,398,376,1,775,48.52
Murshidabad,161,Bhagawangola,103,Govt Office 103,420,400,0,820,48.78
Murshidabad,161,Bhagawangola,104,Market Building 104,290,281,1,572,49.13
Murshidabad,161,Bhagawangola,105,Madrasa 105,284,275,1,560,49.11
Murshidabad,161,Bhagawangola,106,Madrasa 106,325,315,1,641,49.14
Murshidabad,161,Bhagawangola,107,Temple Hall 107,345,345,1,691,49.93
Murshidabad,161,Bhagawangola,108,Club Building 108,326,319,0,645,49.46
Murshidabad,161,Bhagawangola,109,Madrasa 109,375,385,1,761,50.59
Murshidabad,161,Bhagawangola,110,Primary School 110,363,347,1,711,48.8
Murshidabad,161,Bhagawangola,111,Health Sub-Centre 111,245,252,0,497,50.7
Murshidabad,161,Bhagawangola,112,Primary School 112,269,279,1,549,50.82
Murshidabad,161,Bhagawangola,113,Madrasa 113,312,321,0,633,50.71
Murshidabad,161,Bhagawangola,114,Health Sub-Centre 114,245,245,1,491,49.9
Murshidabad,161,Bhagawangola,115,High School 115,376,365,0,741,49.26
Murshidabad,161,Bhagawangola,116,Govt Office 116,255,244,0,499,48.9
Murshidabad,161,Bhagawangola,117,Panchayat Bhavan 117,317,298,0,615,48.46
Murshidabad,161,Bhagawangola,118,Anganwadi Centre 118,305,306,0,611,50.08
Murshidabad,161,Bhagawangola,119,Temple Hall 119,347,337,0,684,49.27
Murshidabad,161,Bhagawangola,120,Govt Office 120,260,258,1,519,49.71
Murshidabad,161,Bhagawangola,121,Anganwadi Centre 121,363,366,0,729,50.21
Murshidabad,161,Bhagawangola,122,High School 122,417,390,1,808,48.27
Murshidabad,161,Bhagawangola,123,Madrasa 123,250,257,1,508,50.59
Murshidabad,161,Bhagawangola,124,Panchayat Bhavan 124,360,342,0,702,48.72
Murshidabad,161,Bhagawangola,125,Market Building 125,405,409,0,814,50.25
Murshidabad,161,Bhagawangola,126,Health Sub-Centre 126,412,390,1,803,48.57
Murshidabad,161,Bhagawangola,127,Madrasa 127,259,242,0,501,48.3
Murshidabad,161,Bhagawangola,128,Primary School 128,371,366,0,737,49.66
Murshidabad,161,Bhagawangola,129,Panchayat Bhavan 129,336,345,0,681,50.66
Murshidabad,161,Bhagawangola,130,Govt Office 130,362,338,1,701,48.22
Murshidabad,161,Bhagawangola,131,Anganwadi Centre 131,281,265,1,547,48.45
Murshidabad,161,Bhagawangola,132,High School 132,256,248,1,505,49.11
Murshidabad,161,Bhagawangola,133,Govt Office 133,349,335,0,684,48.98
Murshidabad,161,Bhagawangola,134,Club Building 134,368,357,1,726,49.17
Murshidabad,161,Bhagawangola,135,Panchayat Bhavan 135,413,400,0,813,49.2
Murshidabad,161,Bhagawangola,136,Madrasa 136,267,248,1,516,48.06
Murshidabad,161,Bhagawangola,137,Club Building 137,405,368,1,774,47.55
Murshidabad,161,Bhagawangola,138,Madrasa 138,343,323,1,667,48.43
Murshidabad,161,Bhagawangola,139,Govt Office 139,394,389,1,784,49.62
Murshidabad,161,Bhagawangola,140,Anganwadi Centre 140,332,326,1,659,49.47
Murshidabad,162,Raninagar,1,Panchayat Bhavan 1,371,334,0,705,47.38
Murshidabad,162,Raninagar,2,High School 2,351,320,0,671,47.69
Murshidabad,162,Raninagar,3,Community Hall 3,263,244,0,507,48.13
Murshidabad,162,Raninagar,4,Community Hall 4,251,236,0,487,48.46
Murshidabad,162,Raninagar,5,Panchayat Bhavan 5,362,347,1,710,48.87
Murshidabad,162,Raninagar,6,Health Sub-Centre 6,392,362,1,755,47.95
Murshidabad,162,Raninagar,7,Temple Hall 7,368,359,0,727,49.38
Murshidabad,162,Raninagar,8,Community Hall 8,252,237,0,489,48.47
Murshidabad,162,Raninagar,9,Temple Hall 9,298,269,0,567,47.44
Murshidabad,162,Raninagar,10,Market Building 10,412,383,1,796,48.12
Murshidabad,162,Raninagar,11,Market Building 11,253,230,1,484,47.52
Murshidabad,162,Raninagar,12,Primary School 12,421,396,0,817,48.47
Murshidabad,162,Raninagar,13,Panchayat Bhavan 13,311,317,1,629,50.4
Murshidabad,162,Raninagar,14,Madrasa 14,344,330,0,674,48.96
Murshidabad,162,Raninagar,15,Govt Office 15,362,366,0,728,50.27
Murshidabad,162,Raninagar,16,Health Sub-Centre 16,295,285,1,581,49.05
Murshidabad,162,Raninagar,17,Madrasa 17,258,232,1,491,47.25
Murshidabad,162,Raninagar,18,Primary School 18,375,355,0,730,48.63
Murshidabad,162,Raninagar,19,Market Building 19,330,326,1,657,49.62
Murshidabad,162,Raninagar,20,Primary School 20,328,305,1,634,48.11
Murshidabad,162,Raninagar,21,Primary School 21,414,385,1,800,48.12
Murshidabad,162,Raninagar,22,Govt Office 22,377,387,0,764,50.65
Murshidabad,162,Raninagar,23,High School 23,324,330,0,654,50.46
Murshidabad,162,Raninagar,24,Club Building 24,344,331,0,675,49.04
Murshidabad,162,Raninagar,25,Community Hall 25,305,297,1,603,49.25
Murshidabad,162,Raninagar,26,Panchayat Bhavan 26,407,382,0,789,48.42
Murshidabad,162,Raninagar,27,Govt Office 27,426,388,0,814,47.67
Murshidabad,162,Raninagar,28,Club Building 28,321,317,0,638,49.69
Murshidabad,162,Raninagar,29,Madrasa 29,279,275,0,554,49.64
Murshidabad,162,Raninagar,30,Govt Office 30,261,253,0,514,49.22
Murshidabad,162,Raninagar,31,Temple Hall 31,320,322,0,642,50.16
Murshidabad,162,Raninagar,32,Club Building 32,247,247,1,495,49.9
Murshidabad,162,Raninagar,33,Govt Office 33,324,310,1,635,48.82
Murshidabad,162,Raninagar,34,Primary School 34,302,274,0,576,47.57
Murshidabad,162,Raninagar,35,Anganwadi Centre 35,401,392,0,793,49.43
Murshidabad,162,Raninagar,36,Madrasa 36,311,287,0,598,47.99
Murshidabad,162,Raninagar,37,Govt Office 37,261,258,1,520,49.62
Murshidabad,162,Raninagar,38,Temple Hall 38,366,370,1,737,50.2
Murshidabad,162,Raninagar,39,Post Office 39,417,394,1,812,48.52
Murshidabad,162,Raninagar,40,Panchayat Bhavan 40,378,344,0,722,47.65
Murshidabad,162,Raninagar,41,Community Hall 41,255,241,0,496,48.59
Murshidabad,162,Raninagar,42,Panchayat Bhavan 42,359,332,0,691,48.05
Murshidabad,162,Raninagar,43,Anganwadi Centre 43,267,245,1,513,47.76
Murshidabad,162,Raninagar,44,Panchayat Bhavan 44,366,363,1,730,49.73
Murshidabad,162,Raninagar,45,Anganwadi Centre 45,358,340,0,698,48.71
Murshidabad,162,Raninagar,46,Anganwadi Centre 46,337,336,1,674,49.85
Murshidabad,162,Raninagar,47,Health Sub-Centre 47,391,381,0,772,49.35
Murshidabad,162,Raninagar,48,Panchayat Bhavan 48,274,261,0,535,48.79
Murshidabad,162,Raninagar,49,Health Sub-Centre 49,379,366,0,745,49.13
Murshidabad,162,Raninagar,50,Panchayat Bhavan 50,345,333,0,678,49.12
Murshidabad,162,Raninagar,51,Community Hall 51,321,307,1,629,48.81
Murshidabad,162,Raninagar,52,Anganwadi Centre 52,373,342,1,716,47.77
Murshidabad,162,Raninagar,53,Post Office 53,255,252,0,507,49.7
Murshidabad,162,Raninagar,54,Govt Office 54,415,395,0,810,48.77
Murshidabad,162,Raninagar,55,Club Building 55,385,394,0,779,50.58
Murshidabad,162,Raninagar,56,Govt Office 56,357,334,0,691,48.34
Murshidabad,162,Raninagar,57,Post Office 57,361,351,0,712,49.3
Murshidabad,162,Raninagar,58,Temple Hall 58,273,253,0,526,48.1
Murshidabad,162,Raninagar,59,Market Building 59,284,258,1,543,47.51
Murshidabad,162,Raninagar,60,Temple Hall 60,348,316,1,665,47.52
Murshidabad,162,Raninagar,61,Club Building 61,375,366,0,741,49.39
Murshidabad,162,Raninagar,62,Madrasa 62,391,370,0,761,48.62
Murshidabad,162,Raninagar,63,Govt Office 63,382,387,0,769,50.33
Murshidabad,162,Raninagar,64,Club Building 64,289,265,0,554,47.83
Murshidabad,162,Raninagar,65,Community Hall 65,328,308,1,637,48.35
Murshidabad,162,Raninagar,66,Panchayat Bhavan 66,417,383,0,800,47.88
Murshidabad,162,Raninagar,67,Primary School 67,242,238,1,481,49.48
Murshidabad,162,Raninagar,68,Health Sub-Centre 68,363,350,1,714,49.02
Murshidabad,162,Raninagar,69,Panchayat Bhavan 69,243,238,1,482,49.38
Murshidabad,162,Raninagar,70,Post Office 70,299,291,1,591,49.24
Murshidabad,162,Raninagar,71,Panchayat Bhavan 71,353,336,0,689,48.77
Murshidabad,162,Raninagar,72,Primary School 72,394,366,0,760,48.16
Murshidabad,162,Raninagar,73,Primary School 73,299,274,1,574,47.74
Murshidabad,162,Raninagar,74,Madrasa 74,274,279,1,554,50.36
Murshidabad,162,Raninagar,75,Govt Office 75,275,248,1,524,47.33
Murshidabad,162,Raninagar,76,Post Office 76,283,279,0,562,49.64
Murshidabad,162,Raninagar,77,High School 77,400,376,0,776,48.45
Murshidabad,162,Raninagar,78,High School 78,326,306,1,633,48.34
Murshidabad,162,Raninagar,79,Community Hall 79,347,351,0,698,50.29
Murshidabad,162,Raninagar,80,Madrasa 80,376,344,1,721,47.71
Murshidabad,162,Raninagar,81,Temple Hall 81,384,365,0,749,48.73
Murshidabad,162,Raninagar,82,Anganwadi Centre 82,297,290,0,587,49.4
Murshidabad,162,Raninagar,83,Post Office 83,408,394,0,802,49.13
Murshidabad,162,Raninagar,84,Club Building 84,389,399,1,789,50.57
Murshidabad,162,Raninagar,85,Health Sub-Centre 85,393,397,1,791,50.19
Murshidabad,162,Raninagar,86,Govt Office 86,380,393,1,774,50.78
Murshidabad,162,Raninagar,87,Post Office 87,402,391,1,794,49.24
Murshidabad,162,Raninagar,88,Temple Hall 88,284,288,0,572,50.35
Murshidabad,162,Raninagar,89,High School 89,309,319,0,628,50.8
Murshidabad,162,Raninagar,90,Temple Hall 90,252,240,0,492,48.78
Murshidabad,162,Raninagar,91,Club Building 91,292,293,1,586,50.0
Murshidabad,162,Raninagar,92,Primary School 92,260,243,0,503,48.31
Murshidabad,162,Raninagar,93,Community Hall 93,419,387,1,807,47.96
Murshidabad,162,Raninagar,94,Primary School 94,265,248,1,514,48.25
Murshidabad,162,Raninagar,95,Club Building 95,270,267,1,538,49.63
Murshidabad,162,Raninagar,96,Govt Office 96,390,381,0,771,49.42
Murshidabad,162,Raninagar,97,Market Building 97,298,280,1,579,48.36
Murshidabad,162,Raninagar,98,Market Building 98,359,366,0,725,50.48
Murshidabad,162,Raninagar,99,Health Sub-Centre 99,279,269,1,549,49.0
Murshidabad,162,Raninagar,100,Temple Hall 100,332,318,1,651,48.85
Murshidabad,162,Raninagar,101,Anganwadi Centre 101,252,255,1,508,50.2
Murshidabad,162,Raninagar,102,Panchayat Bhavan 102,326,315,0,641,49.14
Murshidabad,162,Raninagar,103,High School 103,389,385,1,775,49.68
Murshidabad,162,Raninagar,104,Madrasa 104,288,268,0,556,48.2
Murshidabad,162,Raninagar,105,Anganwadi Centre 105,340,332,0,672,49.4
Murshidabad,162,Raninagar,106,Community Hall 106,406,384,0,790,48.61
Murshidabad,162,Raninagar,107,Club Building 107,321,319,1,641,49.77
Murshidabad,162,Raninagar,108,Madrasa 108,267,257,0,524,49.05
Murshidabad,162,Raninagar,109,Panchayat Bhavan 109,353,357,1,711,50.21
Murshidabad,162,Raninagar,110,Madrasa 110,387,361,0,748,48.26
Murshidabad,162,Raninagar,111,Post Office 111,249,250,0,499,50.1
Murshidabad,162,Raninagar,112,Health Sub-Centre 112,389,349,1,739,47.23
Murshidabad,162,Raninagar,113,Temple Hall 113,290,267,1,558,47.85
Murshidabad,162,Raninagar,114,Govt Office 114,386,361,1,748,48.26
Murshidabad,162,Raninagar,115,Panchayat Bhavan 115,264,266,0,530,50.19
Murshidabad,162,Raninagar,116,Primary School 116,255,243,0,498,48.8
Murshidabad,162,Raninagar,117,Madrasa 117,316,323,0,639,50.55
Murshidabad,162,Raninagar,118,Health Sub-Centre 118,357,362,0,719,50.35
Murshidabad,162,Raninagar,119,Anganwadi Centre 119,409,408,0,817,49.94
Murshidabad,162,Raninagar,120,Madrasa 120,323,316,0,639,49.45
Murshidabad,162,Raninagar,121,Health Sub-Centre 121,302,279,1,582,47.94
Murshidabad,162,Raninagar,122,Community Hall 122,322,321,0,643,49.92
Murshidabad,162,Raninagar,123,Primary School 123,290,266,0,556,47.84
Murshidabad,162,Raninagar,124,Panchayat Bhavan 124,405,393,0,798,49.25
Murshidabad,162,Raninagar,125,Community Hall 125,389,367,1,757,48.48
Murshidabad,162,Raninagar,126,Anganwadi Centre 126,272,279,1,552,50.54
Murshidabad,162,Raninagar,127,Anganwadi Centre 127,315,289,1,605,47.77
Murshidabad,162,Raninagar,128,Govt Office 128,332,321,0,653,49.16
Murshidabad,162,Raninagar,129,High School 129,252,242,0,494,48.99
Murshidabad,162,Raninagar,130,Club Building 130,355,320,1,676,47.34
Murshidabad,162,Raninagar,131,Anganwadi Centre 131,286,284,1,571,49.74
Murshidabad,162,Raninagar,132,Temple Hall 132,342,320,0,662,48.34
Murshidabad,162,Raninagar,133,Anganwadi Centre 133,394,358,1,753,47.54
Murshidabad,162,Raninagar,134,High School 134,286,260,1,547,47.53
Murshidabad,162,Raninagar,135,Post Office 135,367,345,1,713,48.39
Murshidabad,162,Raninagar,136,Anganwadi Centre 136,295,303,0,598,50.67
Murshidabad,162,Raninagar,137,Govt Office 137,302,309,1,612,50.49
Murshidabad,162,Raninagar,138,Post Office 138,422,397,1,820,48.41
Murshidabad,162,Raninagar,139,High School 139,383,345,1,729,47.33
Murshidabad,162,Raninagar,140,Community Hall 140,337,322,0,659,48.86
Murshidabad,163,Murshidabad,1,Club Building 1,400,389,0,789,49.3
Murshidabad,163,Murshidabad,2,Community Hall 2,276,258,0,534,48.31
Murshidabad,163,Murshidabad,3,Panchayat Bhavan 3,384,367,1,752,48.8
Murshidabad,163,Murshidabad,4,Post Office 4,414,383,0,797,48.06
Murshidabad,163,Murshidabad,5,Temple Hall 5,355,321,0,676,47.49
Murshidabad,163,Murshidabad,6,Anganwadi Centre 6,400,381,1,782,48.72
Murshidabad,163,Murshidabad,7,Govt Office 7,333,322,0,655,49.16
Murshidabad,163,Murshidabad,8,High School 8,412,406,1,819,49.57
Murshidabad,163,Murshidabad,9,Health Sub-Centre 9,396,386,1,783,49.3
Murshidabad,163,Murshidabad,10,Community Hall 10,264,265,0,529,50.09
Murshidabad,163,Murshidabad,11,Market Building 11,361,326,0,687,47.45
Murshidabad,163,Murshidabad,12,Madrasa 12,392,392,1,785,49.94
Murshidabad,163,Murshidabad,13,High School 13,370,363,0,733,49.52
Murshidabad,163,Murshidabad,14,Govt Office 14,295,296,0,591,50.08
Murshidabad,163,Murshidabad,15,Club Building 15,427,390,1,818,47.68
Murshidabad,163,Murshidabad,16,Panchayat Bhavan 16,403,392,0,795,49.31
Murshidabad,163,Murshidabad,17,Club Building 17,331,310,1,642,48.29
Murshidabad,163,Murshidabad,18,Anganwadi Centre 18,323,333,0,656,50.76
Murshidabad,163,Murshidabad,19,Community Hall 19,380,361,0,741,48.72
Murshidabad,163,Murshidabad,20,Primary School 20,263,248,0,511,48.53
Murshidabad,163,Murshidabad,21,High School 21,381,384,1,766,50.13
Murshidabad,163,Murshidabad,22,Club Building 22,310,314,0,624,50.32
Murshidabad,163,Murshidabad,23,Temple Hall 23,401,380,1,782,48.59
Murshidabad,163,Murshidabad,24,Health Sub-Centre 24,346,328,1,675,48.59
Murshidabad,163,Murshidabad,25,Govt Office 25,295,292,1,588,49.66
Murshidabad,163,Murshidabad,26,Club Building 26,292,283,1,576,49.13
Murshidabad,163,Murshidabad,27,Govt Office 27,289,269,0,558,48.21
Murshidabad,163,Murshidabad,28,Govt Office 28,255,230,0,485,47.42
Murshidabad,163,Murshidabad,29,High School 29,368,361,0,729,49.52
Murshidabad,163,Murshidabad,30,Post Office 30,277,272,1,550,49.45
Murshidabad,163,Murshidabad,31,Post Office 31,390,399,0,789,50.57
Murshidabad,163,Murshidabad,32,Club Building 32,378,361,1,740,48.78
Murshidabad,163,Murshidabad,33,Anganwadi Centre 33,343,317,1,661,47.96
Murshidabad,163,Murshidabad,34,Temple Hall 34,245,238,0,483,49.28
Murshidabad,163,Murshidabad,35,Primary School 35,380,355,1,736,48.23
Murshidabad,163,Murshidabad,36,High School 36,252,246,1,499,49.3
Murshidabad,163,Murshidabad,37,Govt Office 37,397,380,0,777,48.91
Murshidabad,163,Murshidabad,38,Post Office 38,368,380,1,749,50.73
Murshidabad,163,Murshidabad,39,Panchayat Bhavan 39,391,353,0,744,47.45
Murshidabad,163,Murshidabad,40,Market Building 40,364,357,0,721,49.51
Murshidabad,163,Murshidabad,41,Anganwadi Centre 41,408,395,1,804,49.13
Murshidabad,163,Murshidabad,42,Post Office 42,251,256,0,507,50.49
Murshidabad,163,Murshidabad,43,Anganwadi Centre 43,362,349,1,712,49.02
Murshidabad,163,Murshidabad,44,Community Hall 44,332,316,1,649,48.69
Murshidabad,163,Murshidabad,45,Temple Hall 45,297,267,1,565,47.26
Murshidabad,163,Murshidabad,46,Anganwadi Centre 46,397,370,1,768,48.18
Murshidabad,163,Murshidabad,47,Temple Hall 47,286,279,1,566,49.29
Murshidabad,163,Murshidabad,48,High School 48,420,378,1,799,47.31
Murshidabad,163,Murshidabad,49,Community Hall 49,276,267,1,544,49.08
Murshidabad,163,Murshidabad,50,Community Hall 50,276,270,1,547,49.36
Murshidabad,163,Murshidabad,51,Anganwadi Centre 51,244,243,0,487,49.9
Murshidabad,163,Murshidabad,52,Govt Office 52,280,276,1,557,49.55
Murshidabad,163,Murshidabad,53,Post Office 53,306,307,0,613,50.08
Murshidabad,163,Murshidabad,54,Madrasa 54,286,286,0,572,50.0
Murshidabad,163,Murshidabad,55,Post Office 55,258,265,0,523,50.67
Murshidabad,163,Murshidabad,56,Market Building 56,346,345,0,691,49.93
Murshidabad,163,Murshidabad,57,Panchayat Bhavan 57,354,351,0,705,49.79
Murshidabad,163,Murshidabad,58,Primary School 58,388,386,1,775,49.81
Murshidabad,163,Murshidabad,59,Primary School 59,419,389,0,808,48.14
Murshidabad,163,Murshidabad,60,Community Hall 60,288,276,1,565,48.85
Murshidabad,163,Murshidabad,61,Club Building 61,362,361,0,723,49.93
Murshidabad,163,Murshidabad,62,Health Sub-Centre 62,347,332,0,679,48.9
Murshidabad,163,Murshidabad,63,Club Building 63,369,332,1,702,47.29
Murshidabad,163,Murshidabad,64,High School 64,316,325,0,641,50.7
Murshidabad,163,Murshidabad,65,Anganwadi Centre 65,379,372,1,752,49.47
Murshidabad,163,Murshidabad,66,Community Hall 66,403,409,1,813,50.31
Murshidabad,163,Murshidabad,67,Market Building 67,306,309,1,616,50.16
Murshidabad,163,Murshidabad,68,Temple Hall 68,400,379,0,779,48.65
Murshidabad,163,Murshidabad,69,Market Building 69,390,390,1,781,49.94
Murshidabad,163,Murshidabad,70,Market Building 70,296,276,0,572,48.25
Murshidabad,163,Murshidabad,71,Club Building 71,241,243,0,484,50.21
Murshidabad,163,Murshidabad,72,Madrasa 72,269,260,1,530,49.06
Murshidabad,163,Murshidabad,73,Panchayat Bhavan 73,296,295,1,592,49.83
Murshidabad,163,Murshidabad,74,Primary School 74,262,235,0,497,47.28
Murshidabad,163,Murshidabad,75,Anganwadi Centre 75,395,389,0,784,49.62
Murshidabad,163,Murshidabad,76,High School 76,422,384,0,806,47.64
Murshidabad,163,Murshidabad,77,High School 77,413,376,0,789,47.66
Murshidabad,163,Murshidabad,78,Market Building 78,297,276,1,574,48.08
Murshidabad,163,Murshidabad,79,Club Building 79,261,256,1,518,49.42
Murshidabad,163,Murshidabad,80,Community Hall 80,335,310,0,645,48.06
Murshidabad,163,Murshidabad,81,Primary School 81,262,248,1,511,48.53
Murshidabad,163,Murshidabad,82,Govt Office 82,301,310,1,612,50.65
Murshidabad,163,Murshidabad,83,Anganwadi Centre 83,370,335,0,705,47.52
Murshidabad,163,Murshidabad,84,High School 84,354,326,1,681,47.87
Murshidabad,163,Murshidabad,85,Panchayat Bhavan 85,280,272,1,553,49.19
Murshidabad,163,Murshidabad,86,Temple Hall 86,400,393,1,794,49.5
Murshidabad,163,Murshidabad,87,High School 87,321,291,0,612,47.55
Murshidabad,163,Murshidabad,88,Primary School 88,386,385,1,772,49.87
Murshidabad,163,Murshidabad,89,Primary School 89,384,350,0,734,47.68
Murshidabad,163,Murshidabad,90,Temple Hall 90,421,399,0,820,48.66
Murshidabad,163,Murshidabad,91,Health Sub-Centre 91,321,327,0,648,50.46
Murshidabad,163,Murshidabad,92,Temple Hall 92,372,358,1,731,48.97
Murshidabad,163,Murshidabad,93,Club Building 93,262,253,0,515,49.13
Murshidabad,163,Murshidabad,94,Madrasa 94,379,346,1,726,47.66
Murshidabad,163,Murshidabad,95,Madrasa 95,326,309,0,635,48.66
Murshidabad,163,Murshidabad,96,High School 96,373,379,1,753,50.33
Murshidabad,163,Murshidabad,97,Market Building 97,357,357,1,715,49.93
Murshidabad,163,Murshidabad,98,Club Building 98,304,279,0,583,47.86
Murshidabad,163,Murshidabad,99,High School 99,425,392,1,818,47.92
Murshidabad,163,Murshidabad,100,High School 100,403,398,1,802,49.63
Murshidabad,163,Murshidabad,101,Govt Office 101,411,392,0,803,48.82
Murshidabad,163,Murshidabad,102,Post Office 102,259,239,0,498,47.99
Murshidabad,163,Murshidabad,103,Post Office 103,356,322,1,679,47.42
Murshidabad,163,Murshidabad,104,Primary School 104,370,382,1,753,50.73
Murshidabad,163,Murshidabad,105,Temple Hall 105,256,241,1,498,48.39
Murshidabad,163,Murshidabad,106,Market Building 106,257,244,0,501,48.7
Murshidabad,163,Murshidabad,107,Temple Hall 107,382,365,0,747,48.86
Murshidabad,163,Murshidabad,108,Primary School 108,403,373,0,776,48.07
Murshidabad,163,Murshidabad,109,Post Office 109,282,270,0,552,48.91
Murshidabad,163,Murshidabad,110,Primary School 110,419,377,0,796,47.36
Murshidabad,163,Murshidabad,111,High School 111,286,281,1,568,49.47
Murshidabad,163,Murshidabad,112,High School 112,361,352,0,713,49.37
Murshidabad,163,Murshidabad,113,High School 113,274,264,0,538,49.07
Murshidabad,163,Murshidabad,114,Madrasa 114,298,284,1,583,48.71
Murshidabad,163,Murshidabad,115,Madrasa 115,267,274,0,541,50.65
Murshidabad,163,Murshidabad,116,Madrasa 116,295,294,0,589,49.92
Murshidabad,163,Murshidabad,117,Club Building 117,268,244,0,512,47.66
Murshidabad,163,Murshidabad,118,Post Office 118,285,281,0,566,49.65
Murshidabad,163,Murshidabad,119,Govt Office 119,299,305,0,604,50.5
Murshidabad,163,Murshidabad,120,Govt Office 120,264,266,1,531,50.09
Murshidabad,163,Murshidabad,121,Primary School 121,242,246,0,488,50.41
Murshidabad,163,Murshidabad,122,Temple Hall 122,252,231,0,483,47.83
Murshidabad,163,Murshidabad,123,Club Building 123,411,401,1,813,49.32
Murshidabad,163,Murshidabad,124,Govt Office 124,364,359,0,723,49.65
Murshidabad,163,Murshidabad,125,Club Building 125,417,389,1,807,48.2
Murshidabad,163,Murshidabad,126,Anganwadi Centre 126,298,304,0,602,50.5
Murshidabad,163,Murshidabad,127,Market Building 127,287,285,0,572,49.83
Murshidabad,163,Murshidabad,128,Health Sub-Centre 128,327,307,0,634,48.42
Murshidabad,163,Murshidabad,129,Anganwadi Centre 129,313,287,0,600,47.83
Murshidabad,163,Murshidabad,130,Post Office 130,330,335,0,665,50.38
Murshidabad,163,Murshidabad,131,Primary School 131,402,397,1,800,49.62
Murshidabad,163,Murshidabad,132,Market Building 132,303,276,0,579,47.67
Murshidabad,163,Murshidabad,133,Market Building 133,368,354,0,722,49.03
Murshidabad,163,Murshidabad,134,Community Hall 134,263,238,1,502,47.41
Murshidabad,163,Murshidabad,135,Anganwadi Centre 135,300,286,1,587,48.72
Murshidabad,163,Murshidabad,136,Health Sub-Centre 136,375,337,0,712,47.33
Murshidabad,163,Murshidabad,137,Post Office 137,298,272,0,570,47.72
Murshidabad,163,Murshidabad,138,Temple Hall 138,389,354,0,743,47.64
Murshidabad,163,Murshidabad,139,Club Building 139,357,349,1,707,49.36
Murshidabad,163,Murshidabad,140,Panchayat Bhavan 140,290,290,1,581,49.91
Murshidabad,163,Murshidabad,141,Panchayat Bhavan 141,277,259,0,536,48.32
Murshidabad,163,Murshidabad,142,Panchayat Bhavan 142,342,348,1,691,50.36
Murshidabad,163,Murshidabad,143,Primary School 143,263,253,1,517,48.94
Murshidabad,163,Murshidabad,144,Govt Office 144,367,335,1,703,47.65
Murshidabad,163,Murshidabad,145,Temple Hall 145,348,329,1,678,48.53
Murshidabad,163,Murshidabad,146,Panchayat Bhavan 146,292,286,1,579,49.4
Murshidabad,163,Murshidabad,147,Community Hall 147,341,310,0,651,47.62
Murshidabad,164,Nabagram,1,Club Building 1,266,269,1,536,50.19
Murshidabad,164,Nabagram,2,Community Hall 2,284,283,0,567,49.91
Murshidabad,164,Nabagram,3,Anganwadi Centre 3,412,377,0,789,47.78
Murshidabad,164,Nabagram,4,Club Building 4,379,384,0,763,50.33
Murshidabad,164,Nabagram,5,Anganwadi Centre 5,381,366,0,747,49.0
Murshidabad,164,Nabagram,6,Primary School 6,358,363,1,722,50.28
Murshidabad,164,Nabagram,7,Panchayat Bhavan 7,351,348,0,699,49.79
Murshidabad,164,Nabagram,8,Anganwadi Centre 8,332,315,0,647,48.69
Murshidabad,164,Nabagram,9,Club Building 9,275,281,0,556,50.54
Murshidabad,164,Nabagram,10,Temple Hall 10,263,238,1,502,47.41
Murshidabad,164,Nabagram,11,Post Office 11,388,349,1,738,47.29
Murshidabad,164,Nabagram,12,High School 12,271,259,0,530,48.87
Murshidabad,164,Nabagram,13,Panchayat Bhavan 13,382,382,1,765,49.93
Murshidabad,164,Nabagram,14,Market Building 14,282,265,0,547,48.45
Murshidabad,164,Nabagram,15,Govt Office 15,276,249,1,526,47.34
Murshidabad,164,Nabagram,16,Post Office 16,355,360,0,715,50.35
Murshidabad,164,Nabagram,17,Govt Office 17,358,358,1,717,49.93
Murshidabad,164,Nabagram,18,Market Building 18,338,331,0,669,49.48
Murshidabad,164,Nabagram,19,Health Sub-Centre 19,264,251,1,516,48.64
Murshidabad,164,Nabagram,20,Temple Hall 20,256,239,1,496,48.19
Murshidabad,164,Nabagram,21,Market Building 21,403,390,0,793,49.18
Murshidabad,164,Nabagram,22,Temple Hall 22,262,258,1,521,49.52
Murshidabad,164,Nabagram,23,Primary School 23,258,249,1,508,49.02
Murshidabad,164,Nabagram,24,Anganwadi Centre 24,275,260,1,536,48.51
Murshidabad,164,Nabagram,25,Market Building 25,257,243,0,500,48.6
Murshidabad,164,Nabagram,26,Govt Office 26,385,381,0,766,49.74
Murshidabad,164,Nabagram,27,Market Building 27,338,313,0,651,48.08
Murshidabad,164,Nabagram,28,Temple Hall 28,363,361,0,724,49.86
Murshidabad,164,Nabagram,29,Health Sub-Centre 29,306,288,1,595,48.4
Murshidabad,164,Nabagram,30,Madrasa 30,361,335,0,696,48.13
Murshidabad,164,Nabagram,31,Post Office 31,336,320,0,656,48.78
Murshidabad,164,Nabagram,32,Post Office 32,378,373,1,752,49.6
Murshidabad,164,Nabagram,33,Panchayat Bhavan 33,410,387,0,797,48.56
Murshidabad,164,Nabagram,34,Govt Office 34,374,339,1,714,47.48
Murshidabad,164,Nabagram,35,High School 35,309,318,0,627,50.72
Murshidabad,164,Nabagram,36,Post Office 36,292,272,0,564,48.23
Murshidabad,164,Nabagram,37,Community Hall 37,277,280,0,557,50.27
Murshidabad,164,Nabagram,38,Post Office 38,342,351,0,693,50.65
Murshidabad,164,Nabagram,39,Community Hall 39,337,320,0,657,48.71
Murshidabad,164,Nabagram,40,Health Sub-Centre 40,303,273,0,576,47.4
Murshidabad,164,Nabagram,41,Market Building 41,417,392,1,810,48.4
Murshidabad,164,Nabagram,42,Anganwadi Centre 42,404,405,1,810,50.0
Murshidabad,164,Nabagram,43,Post Office 43,411,408,1,820,49.76
Murshidabad,164,Nabagram,44,Govt Office 44,321,313,1,635,49.29
Murshidabad,164,Nabagram,45,Community Hall 45,318,294,1,613,47.96
Murshidabad,164,Nabagram,46,Post Office 46,262,241,1,504,47.82
Murshidabad,164,Nabagram,47,Temple Hall 47,286,279,0,565,49.38
Murshidabad,164,Nabagram,48,Temple Hall 48,390,364,0,754,48.28
Murshidabad,164,Nabagram,49,Primary School 49,291,267,0,558,47.85
Murshidabad,164,Nabagram,50,Community Hall 50,325,316,1,642,49.22
Murshidabad,164,Nabagram,51,Market Building 51,349,320,0,669,47.83
Murshidabad,164,Nabagram,52,Madrasa 52,316,326,0,642,50.78
Murshidabad,164,Nabagram,53,Health Sub-Centre 53,361,348,0,709,49.08
Murshidabad,164,Nabagram,54,Club Building 54,332,302,0,634,47.63
Murshidabad,164,Nabagram,55,Madrasa 55,367,367,1,735,49.93
Murshidabad,164,Nabagram,56,Market Building 56,294,264,1,559,47.23
Murshidabad,164,Nabagram,57,Anganwadi Centre 57,321,309,1,631,48.97
Murshidabad,164,Nabagram,58,Madrasa 58,276,278,1,555,50.09
Murshidabad,164,Nabagram,59,Govt Office 59,269,268,0,537,49.91
Murshidabad,164,Nabagram,60,Club Building 60,399,363,0,762,47.64
Murshidabad,164,Nabagram,61,Madrasa 61,395,400,1,796,50.25
Murshidabad,164,Nabagram,62,Anganwadi Centre 62,272,255,0,527,48.39
Murshidabad,164,Nabagram,63,Panchayat Bhavan 63,388,360,1,749,48.06
Murshidabad,164,Nabagram,64,Market Building 64,257,233,1,491,47.45
Murshidabad,164,Nabagram,65,Panchayat Bhavan 65,257,266,1,524,50.76
Murshidabad,164,Nabagram,66,Market Building 66,378,353,0,731,48.29
Murshidabad,164,Nabagram,67,Madrasa 67,340,323,1,664,48.64
Murshidabad,164,Nabagram,68,Madrasa 68,347,329,1,677,48.6
Murshidabad,164,Nabagram,69,Health Sub-Centre 69,340,318,1,659,48.25
Murshidabad,164,Nabagram,70,Temple Hall 70,272,251,1,524,47.9
Murshidabad,164,Nabagram,71,Govt Office 71,344,347,1,692,50.14
Murshidabad,164,Nabagram,72,Govt Office 72,349,347,1,697,49.78
Murshidabad,164,Nabagram,73,Panchayat Bhavan 73,395,385,0,780,49.36
Murshidabad,164,Nabagram,74,High School 74,323,311,1,635,48.98
Murshidabad,164,Nabagram,75,Primary School 75,392,390,0,782,49.87
Murshidabad,164,Nabagram,76,Club Building 76,347,341,1,689,49.49
Murshidabad,164,Nabagram,77,Panchayat Bhavan 77,289,280,0,569,49.21
Murshidabad,164,Nabagram,78,Health Sub-Centre 78,285,289,1,575,50.26
Murshidabad,164,Nabagram,79,Anganwadi Centre 79,384,346,1,731,47.33
Murshidabad,164,Nabagram,80,Panchayat Bhavan 80,323,311,1,635,48.98
Murshidabad,164,Nabagram,81,Community Hall 81,246,247,0,493,50.1
Murshidabad,164,Nabagram,82,High School 82,311,321,1,633,50.71
Murshidabad,164,Nabagram,83,Club Building 83,409,404,1,814,49.63
Murshidabad,164,Nabagram,84,Primary School 84,291,280,0,571,49.04
Murshidabad,164,Nabagram,85,High School 85,270,270,1,541,49.91
Murshidabad,164,Nabagram,86,Anganwadi Centre 86,393,392,1,786,49.87
Murshidabad,164,Nabagram,87,Temple Hall 87,348,354,1,703,50.36
Murshidabad,164,Nabagram,88,Community Hall 88,278,263,0,541,48.61
Murshidabad,164,Nabagram,89,Madrasa 89,285,278,0,563,49.38
Murshidabad,164,Nabagram,90,Madrasa 90,355,361,0,716,50.42
Murshidabad,164,Nabagram,91,Club Building 91,295,267,1,563,47.42
Murshidabad,164,Nabagram,92,Primary School 92,398,406,1,805,50.43
Murshidabad,164,Nabagram,93,Health Sub-Centre 93,325,303,0,628,48.25
Murshidabad,164,Nabagram,94,High School 94,290,289,0,579,49.91
Murshidabad,164,Nabagram,95,Madrasa 95,393,392,1,786,49.87
Murshidabad,164,Nabagram,96,High School 96,328,305,1,634,48.11
Murshidabad,164,Nabagram,97,Primary School 97,382,371,0,753,49.27
Murshidabad,164,Nabagram,98,Post Office 98,279,270,1,550,49.09
Murshidabad,164,Nabagram,99,High School 99,356,334,0,690,48.41
Murshidabad,164,Nabagram,100,Panchayat Bhavan 100,309,282,0,591,47.72
Murshidabad,164,Nabagram,101,Club Building 101,388,378,0,766,49.35
Murshidabad,164,Nabagram,102,Govt Office 102,354,361,0,715,50.49
Murshidabad,164,Nabagram,103,Temple Hall 103,248,239,1,488,48.98
Murshidabad,164,Nabagram,104,Anganwadi Centre 104,347,317,1,665,47.67
Murshidabad,164,Nabagram,105,Govt Office 105,373,373,1,747,49.93
Murshidabad,164,Nabagram,106,Panchayat Bhavan 106,335,300,0,635,47.24
Murshidabad,164,Nabagram,107,Temple Hall 107,271,274,0,545,50.28
Murshidabad,164,Nabagram,108,Govt Office 108,308,288,0,596,48.32
Murshidabad,164,Nabagram,109,High School 109,267,253,0,520,48.65
Murshidabad,164,Nabagram,110,Primary School 110,244,244,1,489,49.9
Murshidabad,164,Nabagram,111,Post Office 111,304,276,0,580,47.59
Murshidabad,164,Nabagram,112,High School 112,267,273,0,540,50.56
Murshidabad,164,Nabagram,113,High School 113,320,314,0,634,49.53
Murshidabad,164,Nabagram,114,Govt Office 114,410,378,0,788,47.97
Murshidabad,164,Nabagram,115,Temple Hall 115,347,312,0,659,47.34
Murshidabad,164,Nabagram,116,Madrasa 116,306,315,1,622,50.64
Murshidabad,164,Nabagram,117,Health Sub-Centre 117,279,283,0,562,50.36
Murshidabad,164,Nabagram,118,Health Sub-Centre 118,405,366,0,771,47.47
Murshidabad,164,Nabagram,119,Govt Office 119,296,294,1,591,49.75
Murshidabad,164,Nabagram,120,Panchayat Bhavan 120,399,356,0,755,47.15
Murshidabad,164,Nabagram,121,Madrasa 121,366,371,1,738,50.27
Murshidabad,164,Nabagram,122,Govt Office 122,407,374,0,781,47.89
Murshidabad,164,Nabagram,123,Panchayat Bhavan 123,325,335,1,661,50.68
Murshidabad,164,Nabagram,124,Madrasa 124,386,357,0,743,48.05
Murshidabad,164,Nabagram,125,Post Office 125,278,265,0,543,48.8
Murshidabad,164,Nabagram,126,High School 126,334,330,0,664,49.7
Murshidabad,164,Nabagram,127,Community Hall 127,329,317,1,647,49.0
Murshidabad,164,Nabagram,128,Market Building 128,360,352,1,713,49.37
Murshidabad,164,Nabagram,129,Community Hall 129,367,339,1,707,47.95
Murshidabad,164,Nabagram,130,Post Office 130,364,335,0,699,47.93
Murshidabad,164,Nabagram,131,Market Building 131,347,320,1,668,47.9
Murshidabad,164,Nabagram,132,High School 132,274,259,0,533,48.59
Murshidabad,164,Nabagram,133,Temple Hall 133,284,269,0,553,48.64
Murshidabad,164,Nabagram,134,Madrasa 134,298,268,0,566,47.35
Murshidabad,164,Nabagram,135,High School 135,294,287,1,582,49.31
Murshidabad,164,Nabagram,136,Community Hall 136,297,301,1,599,50.25
Murshidabad,164,Nabagram,137,Madrasa 137,393,383,1,777,49.29
Murshidabad,164,Nabagram,138,Post Office 138,363,359,1,723,49.65
Murshidabad,164,Nabagram,139,High School 139,383,357,1,741,48.18
Murshidabad,164,Nabagram,140,Panchayat Bhavan 140,280,261,1,542,48.15
Murshidabad,165,Khargram,1,High School 1,260,235,0,495,47.47
Murshidabad,165,Khargram,2,Club Building 2,370,365,0,735,49.66
Murshidabad,165,Khargram,3,Community Hall 3,397,392,0,789,49.68
Murshidabad,165,Khargram,4,Market Building 4,403,395,0,798,49.5
Murshidabad,165,Khargram,5,Panchayat Bhavan 5,372,373,1,746,50.0
Murshidabad,165,Khargram,6,Health Sub-Centre 6,317,312,1,630,49.52
Murshidabad,165,Khargram,7,Primary School 7,312,301,0,613,49.1
Murshidabad,165,Khargram,8,Club Building 8,347,353,0,700,50.43
Murshidabad,165,Khargram,9,Post Office 9,366,343,1,710,48.31
Murshidabad,165,Khargram,10,Health Sub-Centre 10,377,338,0,715,47.27
Murshidabad,165,Khargram,11,Temple Hall 11,405,411,1,817,50.31
Murshidabad,165,Khargram,12,Community Hall 12,288,276,0,564,48.94
Murshidabad,165,Khargram,13,Anganwadi Centre 13,347,332,0,679,48.9
Murshidabad,165,Khargram,14,Post Office 14,368,362,1,731,49.52
Murshidabad,165,Khargram,15,Club Building 15,381,386,0,767,50.33
Murshidabad,165,Khargram,16,Anganwadi Centre 16,312,301,1,614,49.02
Murshidabad,165,Khargram,17,Madrasa 17,329,330,1,660,50.0
Murshidabad,165,Khargram,18,Govt Office 18,269,242,0,511,47.36
Murshidabad,165,Khargram,19,Market Building 19,344,323,0,667,48.43
Murshidabad,165,Khargram,20,Madrasa 20,335,318,1,654,48.62
Murshidabad,165,Khargram,21,Market Building 21,340,322,0,662,48.64
Murshidabad,165,Khargram,22,Anganwadi Centre 22,313,291,1,605,48.1
Murshidabad,165,Khargram,23,Community Hall 23,259,264,0,523,50.48
Murshidabad,165,Khargram,24,Health Sub-Centre 24,278,260,0,538,48.33
Murshidabad,165,Khargram,25,Anganwadi Centre 25,339,306,1,646,47.37
Murshidabad,165,Khargram,26,Primary School 26,367,375,1,743,50.47
Murshidabad,165,Khargram,27,Club Building 27,364,355,1,720,49.31
Murshidabad,165,Khargram,28,Post Office 28,397,375,0,772,48.58
Murshidabad,165,Khargram,29,Madrasa 29,267,264,0,531,49.72
Murshidabad,165,Khargram,30,Govt Office 30,373,360,1,734,49.05
Murshidabad,165,Khargram,31,Panchayat Bhavan 31,410,383,1,794,48.24
Murshidabad,165,Khargram,32,Health Sub-Centre 32,371,363,0,734,49.46
Murshidabad,165,Khargram,33,Community Hall 33,305,284,0,589,48.22
Murshidabad,165,Khargram,34,Anganwadi Centre 34,397,376,0,773,48.64
Murshidabad,165,Khargram,35,Anganwadi Centre 35,265,262,0,527,49.72
Murshidabad,165,Khargram,36,Club Building 36,337,314,1,652,48.16
Murshidabad,165,Khargram,37,Market Building 37,303,284,0,587,48.38
Murshidabad,165,Khargram,38,Club Building 38,322,311,1,634,49.05
Murshidabad,165,Khargram,39,Club Building 39,417,402,0,819,49.08
Murshidabad,165,Khargram,40,Market Building 40,354,330,1,685,48.18
Murshidabad,165,Khargram,41,Market Building 41,396,364,0,760,47.89
Murshidabad,165,Khargram,42,Panchayat Bhavan 42,369,374,1,744,50.27
Murshidabad,165,Khargram,43,Community Hall 43,403,414,1,818,50.61
Murshidabad,165,Khargram,44,Anganwadi Centre 44,409,396,1,806,49.13
Murshidabad,165,Khargram,45,Madrasa 45,421,379,0,800,47.38
Murshidabad,165,Khargram,46,Temple Hall 46,374,342,0,716,47.77
Murshidabad,165,Khargram,47,Madrasa 47,314,318,1,633,50.24
Murshidabad,165,Khargram,48,Community Hall 48,258,253,1,512,49.41
Murshidabad,165,Khargram,49,Market Building 49,315,310,1,626,49.52
Murshidabad,165,Khargram,50,High School 50,409,378,0,787,48.03
Murshidabad,165,Khargram,51,Community Hall 51,290,266,0,556,47.84
Murshidabad,165,Khargram,52,Club Building 52,365,351,1,717,48.95
Murshidabad,165,Khargram,53,Govt Office 53,402,409,0,811,50.43
Murshidabad,165,Khargram,54,Community Hall 54,323,295,1,619,47.66
Murshidabad,165,Khargram,55,Temple Hall 55,415,402,0,817,49.2
Murshidabad,165,Khargram,56,High School 56,364,364,0,728,50.0
Murshidabad,165,Khargram,57,Club Building 57,324,316,0,640,49.38
Murshidabad,165,Khargram,58,Club Building 58,336,330,0,666,49.55
Murshidabad,165,Khargram,59,Health Sub-Centre 59,286,265,0,551,48.09
Murshidabad,165,Khargram,60,Post Office 60,407,412,1,820,50.24
Murshidabad,165,Khargram,61,Madrasa 61,273,253,0,526,48.1
Murshidabad,165,Khargram,62,Temple Hall 62,322,325,1,648,50.15
Murshidabad,165,Khargram,63,Govt Office 63,297,303,0,600,50.5
Murshidabad,165,Khargram,64,Post Office 64,278,255,1,534,47.75
Murshidabad,165,Khargram,65,Post Office 65,357,332,0,689,48.19
Murshidabad,165,Khargram,66,Madrasa 66,387,366,0,753,48.61
Murshidabad,165,Khargram,67,Community Hall 67,389,370,0,759,48.75
Murshidabad,165,Khargram,68,Community Hall 68,284,269,1,554,48.56
Murshidabad,165,Khargram,69,Temple Hall 69,247,243,0,490,49.59
Murshidabad,165,Khargram,70,Temple Hall 70,409,410,0,819,50.06
Murshidabad,165,Khargram,71,Community Hall 71,311,290,1,602,48.17
Murshidabad,165,Khargram,72,Market Building 72,397,409,1,807,50.68
Murshidabad,165,Khargram,73,Post Office 73,276,266,0,542,49.08
Murshidabad,165,Khargram,74,Community Hall 74,357,320,1,678,47.2
Murshidabad,165,Khargram,75,Community Hall 75,333,301,0,634,47.48
Murshidabad,165,Khargram,76,Post Office 76,292,295,0,587,50.26
Murshidabad,165,Khargram,77,Primary School 77,414,388,1,803,48.32
Murshidabad,165,Khargram,78,Post Office 78,307,312,1,620,50.32
Murshidabad,165,Khargram,79,Temple Hall 79,341,349,1,691,50.51
Murshidabad,165,Khargram,80,Govt Office 80,346,350,0,696,50.29
Murshidabad,165,Khargram,81,Club Building 81,311,301,1,613,49.1
Murshidabad,165,Khargram,82,Post Office 82,394,393,1,788,49.87
Murshidabad,165,Khargram,83,Market Building 83,247,247,0,494,50.0
Murshidabad,165,Khargram,84,Primary School 84,353,354,0,707,50.07
Murshidabad,165,Khargram,85,Madrasa 85,356,328,1,685,47.88
Murshidabad,165,Khargram,86,Panchayat Bhavan 86,406,368,0,774,47.55
Murshidabad,165,Khargram,87,Anganwadi Centre 87,374,370,0,744,49.73
Murshidabad,165,Khargram,88,Post Office 88,344,345,1,690,50.0
Murshidabad,165,Khargram,89,Community Hall 89,360,364,0,724,50.28
Murshidabad,165,Khargram,90,Community Hall 90,285,282,1,568,49.65
Murshidabad,165,Khargram,91,Govt Office 91,304,276,1,581,47.5
Murshidabad,165,Khargram,92,Primary School 92,338,343,0,681,50.37
Murshidabad,165,Khargram,93,High School 93,243,248,0,491,50.51
Murshidabad,165,Khargram,94,Primary School 94,373,343,0,716,47.91
Murshidabad,165,Khargram,95,Govt Office 95,345,339,1,685,49.49
Murshidabad,165,Khargram,96,Anganwadi Centre 96,259,266,0,525,50.67
Murshidabad,165,Khargram,97,Post Office 97,284,255,1,540,47.22
Murshidabad,165,Khargram,98,Panchayat Bhavan 98,384,349,0,733,47.61
Murshidabad,165,Khargram,99,Club Building 99,318,297,1,616,48.21
Murshidabad,165,Khargram,100,Anganwadi Centre 100,280,266,0,546,48.72
Murshidabad,165,Khargram,101,Temple Hall 101,289,300,1,590,50.85
Murshidabad,165,Khargram,102,Govt Office 102,294,281,1,576,48.78
Murshidabad,165,Khargram,103,Panchayat Bhavan 103,255,238,1,494,48.18
Murshidabad,165,Khargram,104,Madrasa 104,407,389,0,796,48.87
Murshidabad,165,Khargram,105,High School 105,391,386,1,778,49.61
Murshidabad,165,Khargram,106,Temple Hall 106,247,237,1,485,48.87
Murshidabad,165,Khargram,107,Temple Hall 107,343,339,1,683,49.63
Murshidabad,165,Khargram,108,High School 108,348,347,1,696,49.86
Murshidabad,165,Khargram,109,Madrasa 109,268,260,0,528,49.24
Murshidabad,165,Khargram,110,Anganwadi Centre 110,306,293,1,600,48.83
Murshidabad,165,Khargram,111,Primary School 111,395,391,0,786,49.75
Murshidabad,165,Khargram,112,Community Hall 112,309,299,1,609,49.1
Murshidabad,165,Khargram,113,Health Sub-Centre 113,344,338,0,682,49.56
Murshidabad,165,Khargram,114,Govt Office 114,253,247,1,501,49.3
Murshidabad,165,Khargram,115,Post Office 115,375,361,1,737,48.98
Murshidabad,165,Khargram,116,Govt Office 116,286,260,1,547,47.53
Murshidabad,165,Khargram,117,Govt Office 117,321,292,0,613,47.63
Murshidabad,165,Khargram,118,Temple Hall 118,364,370,1,735,50.34
Murshidabad,165,Khargram,119,Community Hall 119,327,336,1,664,50.6
Murshidabad,165,Khargram,120,Health Sub-Centre 120,394,398,1,793,50.19
Murshidabad,165,Khargram,121,Madrasa 121,328,312,0,640,48.75
Murshidabad,165,Khargram,122,Health Sub-Centre 122,366,365,0,731,49.93
Murshidabad,165,Khargram,123,Primary School 123,411,404,1,816,49.51
Murshidabad,165,Khargram,124,Govt Office 124,301,275,0,576,47.74
Murshidabad,165,Khargram,125,Temple Hall 125,255,243,0,498,48.8
Murshidabad,165,Khargram,126,Primary School 126,367,351,1,719,48.82
Murshidabad,165,Khargram,127,Post Office 127,363,342,1,706,48.44
Murshidabad,165,Khargram,128,High School 128,384,348,0,732,47.54
Murshidabad,165,Khargram,129,Govt Office 129,344,313,1,658,47.57
Murshidabad,165,Khargram,130,Anganwadi Centre 130,283,282,1,566,49.82
Murshidabad,165,Khargram,131,Health Sub-Centre 131,415,404,0,819,49.33
Murshidabad,165,Khargram,132,Panchayat Bhavan 132,403,369,0,772,47.8
Murshidabad,165,Khargram,133,Primary School 133,369,365,1,735,49.66
Murshidabad,165,Khargram,134,Club Building 134,315,310,0,625,49.6
Murshidabad,165,Khargram,135,Madrasa 135,340,331,0,671,49.33
Murshidabad,165,Khargram,136,Temple Hall 136,293,264,1,558,47.31
Murshidabad,165,Khargram,137,Anganwadi Centre 137,416,400,1,817,48.96
Murshidabad,165,Khargram,138,Market Building 138,431,385,0,816,47.18
Murshidabad,165,Khargram,139,Temple Hall 139,393,404,1,798,50.63
Murshidabad,165,Khargram,140,Market Building 140,403,368,0,771,47.73
Murshidabad,166,Berhampore,1,Health Sub-Centre 1,322,323,0,645,50.08
Murshidabad,166,Berhampore,2,Community Hall 2,404,383,1,788,48.6
Murshidabad,166,Berhampore,3,High School 3,296,274,1,571,47.99
Murshidabad,166,Berhampore,4,Club Building 4,244,246,0,490,50.2
Murshidabad,166,Berhampore,5,High School 5,355,331,0,686,48.25
Murshidabad,166,Berhampore,6,Temple Hall 6,322,309,1,632,48.89
Murshidabad,166,Berhampore,7,Madrasa 7,316,322,0,638,50.47
Murshidabad,166,Berhampore,8,Health Sub-Centre 8,429,390,1,820,47.56
Murshidabad,166,Berhampore,9,Post Office 9,296,285,1,582,48.97
Murshidabad,166,Berhampore,10,High School 10,312,304,1,617,49.27
Murshidabad,166,Berhampore,11,Club Building 11,347,349,0,696,50.14
Murshidabad,166,Berhampore,12,Health Sub-Centre 12,411,391,0,802,48.75
Murshidabad,166,Berhampore,13,Market Building 13,322,332,0,654,50.76
Murshidabad,166,Berhampore,14,Community Hall 14,276,283,0,559,50.63
Murshidabad,166,Berhampore,15,Community Hall 15,367,351,1,719,48.82
Murshidabad,166,Berhampore,16,Panchayat Bhavan 16,273,282,1,556,50.72
Murshidabad,166,Berhampore,17,Health Sub-Centre 17,383,364,0,747,48.73
Murshidabad,166,Berhampore,18,Health Sub-Centre 18,257,262,0,519,50.48
Murshidabad,166,Berhampore,19,Market Building 19,357,339,1,697,48.64
Murshidabad,166,Berhampore,20,Community Hall 20,384,386,1,771,50.06
Murshidabad,166,Berhampore,21,High School 21,409,370,0,779,47.5
Murshidabad,166,Berhampore,22,Club Building 22,418,400,0,818,48.9
Murshidabad,166,Berhampore,23,Madrasa 23,263,239,1,503,47.51
Murshidabad,166,Berhampore,24,Anganwadi Centre 24,391,388,1,780,49.74
Murshidabad,166,Berhampore,25,Panchayat Bhavan 25,317,298,0,615,48.46
Murshidabad,166,Berhampore,26,Market Building 26,300,273,1,574,47.56
Murshidabad,166,Berhampore,27,Primary School 27,274,260,0,534,48.69
Murshidabad,166,Berhampore,28,Market Building 28,357,325,0,682,47.65
Murshidabad,166,Berhampore,29,Market Building 29,369,354,1,724,48.9
Murshidabad,166,Berhampore,30,Anganwadi Centre 30,394,393,1,788,49.87
Murshidabad,166,Berhampore,31,Community Hall 31,408,386,1,795,48.55
Murshidabad,166,Berhampore,32,Panchayat Bhavan 32,274,250,0,524,47.71
Murshidabad,166,Berhampore,33,Primary School 33,268,269,0,537,50.09
Murshidabad,166,Berhampore,34,Market Building 34,300,287,0,587,48.89
Murshidabad,166,Berhampore,35,High School 35,309,294,0,603,48.76
Murshidabad,166,Berhampore,36,Post Office 36,317,317,0,634,50.0
Murshidabad,166,Berhampore,37,Govt Office 37,367,329,0,696,47.27
Murshidabad,166,Berhampore,38,Primary School 38,348,358,1,707,50.64
Murshidabad,166,Berhampore,39,Community Hall 39,360,350,0,710,49.3
Murshidabad,166,Berhampore,40,Primary School 40,383,387,1,771,50.19
Murshidabad,166,Berhampore,41,Club Building 41,342,307,1,650,47.23
Murshidabad,166,Berhampore,42,Primary School 42,367,365,1,733,49.8
Murshidabad,166,Berhampore,43,Panchayat Bhavan 43,373,355,1,729,48.7
Murshidabad,166,Berhampore,44,Anganwadi Centre 44,259,251,1,511,49.12
Murshidabad,166,Berhampore,45,Market Building 45,325,315,1,641,49.14
Murshidabad,166,Berhampore,46,Post Office 46,344,349,0,693,50.36
Murshidabad,166,Berhampore,47,Post Office 47,393,404,1,798,50.63
Murshidabad,166,Berhampore,48,Temple Hall 48,370,332,1,703,47.23
Murshidabad,166,Berhampore,49,Panchayat Bhavan 49,294,283,1,578,48.96
Murshidabad,166,Berhampore,50,Anganwadi Centre 50,383,355,1,739,48.04
Murshidabad,166,Berhampore,51,Temple Hall 51,416,399,1,816,48.9
Murshidabad,166,Berhampore,52,Post Office 52,334,344,1,679,50.66
Murshidabad,166,Berhampore,53,Temple Hall 53,283,278,1,562,49.47
Murshidabad,166,Berhampore,54,Govt Office 54,264,260,0,524,49.62
Murshidabad,166,Berhampore,55,High School 55,303,278,1,582,47.77
Murshidabad,166,Berhampore,56,Community Hall 56,341,350,1,692,50.58
Murshidabad,166,Berhampore,57,Primary School 57,312,288,0,600,48.0
Murshidabad,166,Berhampore,58,Market Building 58,328,334,1,663,50.38
Murshidabad,166,Berhampore,59,High School 59,293,268,0,561,47.77
Murshidabad,166,Berhampore,60,High School 60,334,318,0,652,48.77
Murshidabad,166,Berhampore,61,Madrasa 61,398,368,1,767,47.98
Murshidabad,166,Berhampore,62,Govt Office 62,330,330,1,661,49.92
Murshidabad,166,Berhampore,63,Temple Hall 63,376,367,0,743,49.39
Murshidabad,166,Berhampore,64,Post Office 64,249,255,1,505,50.5
Murshidabad,166,Berhampore,65,Health Sub-Centre 65,264,272,0,536,50.75
Murshidabad,166,Berhampore,66,Market Building 66,255,246,0,501,49.1
Murshidabad,166,Berhampore,67,Govt Office 67,267,272,1,540,50.37
Murshidabad,166,Berhampore,68,Temple Hall 68,315,313,1,629,49.76
Murshidabad,166,Berhampore,69,Madrasa 69,276,253,1,530,47.74
Murshidabad,166,Berhampore,70,Post Office 70,288,262,0,550,47.64
Murshidabad,166,Berhampore,71,Panchayat Bhavan 71,346,346,0,692,50.0
Murshidabad,166,Berhampore,72,High School 72,372,350,0,722,48.48
Murshidabad,166,Berhampore,73,Madrasa 73,316,299,1,616,48.54
Murshidabad,166,Berhampore,74,Health Sub-Centre 74,404,398,0,802,49.63
Murshidabad,166,Berhampore,75,Club Building 75,347,348,0,695,50.07
Murshidabad,166,Berhampore,76,Health Sub-Centre 76,341,349,1,691,50.51
Murshidabad,166,Berhampore,77,Govt Office 77,328,336,1,665,50.53
Murshidabad,166,Berhampore,78,High School 78,244,241,0,485,49.69
Murshidabad,166,Berhampore,79,Club Building 79,337,316,0,653,48.39
Murshidabad,166,Berhampore,80,Market Building 80,263,248,0,511,48.53
Murshidabad,166,Berhampore,81,Market Building 81,422,386,0,808,47.77
Murshidabad,166,Berhampore,82,Club Building 82,405,412,1,818,50.37
Murshidabad,166,Berhampore,83,Temple Hall 83,339,345,1,685,50.36
Murshidabad,166,Berhampore,84,Community Hall 84,317,323,0,640,50.47
Murshidabad,166,Berhampore,85,Temple Hall 85,380,370,0,750,49.33
Murshidabad,166,Berhampore,86,Health Sub-Centre 86,351,335,0,686,48.83
Murshidabad,166,Berhampore,87,Temple Hall 87,398,400,1,799,50.06
Murshidabad,166,Berhampore,88,Panchayat Bhavan 88,324,331,1,656,50.46
Murshidabad,166,Berhampore,89,Club Building 89,332,301,1,634,47.48
Murshidabad,166,Berhampore,90,Panchayat Bhavan 90,276,267,1,544,49.08
Murshidabad,166,Berhampore,91,Health Sub-Centre 91,268,258,1,527,48.96
Murshidabad,166,Berhampore,92,Primary School 92,327,327,0,654,50.0
Murshidabad,166,Berhampore,93,Panchayat Bhavan 93,244,249,1,494,50.4
Murshidabad,166,Berhampore,94,Temple Hall 94,319,316,0,635,49.76
Murshidabad,166,Berhampore,95,Market Building 95,253,256,1,510,50.2
Murshidabad,166,Berhampore,96,Market Building 96,381,358,0,739,48.44
Murshidabad,166,Berhampore,97,Post Office 97,278,265,0,543,48.8
Murshidabad,166,Berhampore,98,Madrasa 98,322,331,0,653,50.69
Murshidabad,166,Berhampore,99,Temple Hall 99,328,305,0,633,48.18
Murshidabad,166,Berhampore,100,High School 100,343,330,0,673,49.03
Murshidabad,166,Berhampore,101,Madrasa 101,330,317,0,647,49.0
Murshidabad,166,Berhampore,102,Club Building 102,372,339,1,712,47.61
Murshidabad,166,Berhampore,103,Govt Office 103,272,248,1,521,47.6
Murshidabad,166,Berhampore,104,Madrasa 104,376,347,0,723,47.99
Murshidabad,166,Berhampore,105,Community Hall 105,384,364,1,749,48.6
Murshidabad,166,Berhampore,106,Post Office 106,396,382,1,779,49.04
Murshidabad,166,Berhampore,107,Govt Office 107,365,364,1,730,49.86
Murshidabad,166,Berhampore,108,Temple Hall 108,281,271,1,553,49.01
Murshidabad,166,Berhampore,109,Temple Hall 109,374,340,0,714,47.62
Murshidabad,166,Berhampore,110,Temple Hall 110,301,287,0,588,48.81
Murshidabad,166,Berhampore,111,High School 111,276,283,1,560,50.54
Murshidabad,166,Berhampore,112,High School 112,392,396,0,788,50.25
Murshidabad,166,Berhampore,113,Health Sub-Centre 113,339,330,0,669,49.33
Murshidabad,166,Berhampore,114,Madrasa 114,291,266,1,558,47.67
Murshidabad,166,Berhampore,115,Govt Office 115,329,306,0,635,48.19
Murshidabad,166,Berhampore,116,Primary School 116,275,276,1,552,50.0
Murshidabad,166,Berhampore,117,Govt Office 117,315,321,0,636,50.47
Murshidabad,166,Berhampore,118,High School 118,384,345,1,730,47.26
Murshidabad,166,Berhampore,119,Anganwadi Centre 119,257,244,1,502,48.61
Murshidabad,166,Berhampore,120,Post Office 120,351,359,1,711,50.49
Murshidabad,166,Berhampore,121,Health Sub-Centre 121,413,377,0,790,47.72
Murshidabad,166,Berhampore,122,Market Building 122,411,393,1,805,48.82
Murshidabad,166,Berhampore,123,High School 123,370,338,1,709,47.67
Murshidabad,166,Berhampore,124,Club Building 124,402,396,1,799,49.56
Murshidabad,166,Berhampore,125,Health Sub-Centre 125,296,302,1,599,50.42
Murshidabad,166,Berhampore,126,Temple Hall 126,247,255,1,503,50.7
Murshidabad,166,Berhampore,127,Temple Hall 127,314,308,0,622,49.52
Murshidabad,166,Berhampore,128,Health Sub-Centre 128,249,242,1,492,49.19
Murshidabad,166,Berhampore,129,Panchayat Bhavan 129,424,386,0,810,47.65
Murshidabad,166,Berhampore,130,Anganwadi Centre 130,405,391,0,796,49.12
Murshidabad,166,Berhampore,131,Health Sub-Centre 131,388,358,1,747,47.93
Murshidabad,166,Berhampore,132,Primary School 132,256,233,0,489,47.65
Murshidabad,166,Berhampore,133,Temple Hall 133,310,310,0,620,50.0
Murshidabad,166,Berhampore,134,Club Building 134,396,379,1,776,48.84
Murshidabad,166,Berhampore,135,Madrasa 135,411,370,0,781,47.38
Murshidabad,166,Berhampore,136,Health Sub-Centre 136,367,336,0,703,47.8
Murshidabad,166,Berhampore,137,High School 137,330,312,0,642,48.6
Murshidabad,166,Berhampore,138,Govt Office 138,269,260,1,530,49.06
Murshidabad,166,Berhampore,139,Govt Office 139,297,276,0,573,48.17
Murshidabad,166,Berhampore,140,Primary School 140,315,322,0,637,50.55
Murshidabad,166,Berhampore,141,Primary School 141,392,402,0,794,50.63
Murshidabad,166,Berhampore,142,Madrasa 142,263,246,0,509,48.33
Murshidabad,166,Berhampore,143,Community Hall 143,282,269,1,552,48.73
Murshidabad,166,Berhampore,144,Primary School 144,332,340,0,672,50.6
Murshidabad,166,Berhampore,145,Post Office 145,303,280,0,583,48.03
Murshidabad,167,Baharampur,1,Post Office 1,278,259,1,538,48.14
Murshidabad,167,Baharampur,2,Primary School 2,391,371,1,763,48.62
Murshidabad,167,Baharampur,3,Community Hall 3,348,340,0,688,49.42
Murshidabad,167,Baharampur,4,Panchayat Bhavan 4,376,387,0,763,50.72
Murshidabad,167,Baharampur,5,Community Hall 5,385,379,0,764,49.61
Murshidabad,167,Baharampur,6,Market Building 6,395,375,0,770,48.7
Murshidabad,167,Baharampur,7,Madrasa 7,383,353,0,736,47.96
Murshidabad,167,Baharampur,8,Health Sub-Centre 8,372,384,0,756,50.79
Murshidabad,167,Baharampur,9,Primary School 9,342,353,1,696,50.72
Murshidabad,167,Baharampur,10,Market Building 10,238,241,1,480,50.21
Murshidabad,167,Baharampur,11,Community Hall 11,297,267,1,565,47.26
Murshidabad,167,Baharampur,12,Madrasa 12,407,378,1,786,48.09
Murshidabad,167,Baharampur,13,Primary School 13,417,385,1,803,47.95
Murshidabad,167,Baharampur,14,Community Hall 14,282,280,0,562,49.82
Murshidabad,167,Baharampur,15,Govt Office 15,270,255,0,525,48.57
Murshidabad,167,Baharampur,16,Panchayat Bhavan 16,375,388,1,764,50.79
Murshidabad,167,Baharampur,17,Market Building 17,403,388,1,792,48.99
Murshidabad,167,Baharampur,18,Community Hall 18,330,324,1,655,49.47
Murshidabad,167,Baharampur,19,Madrasa 19,304,300,1,605,49.59
Murshidabad,167,Baharampur,20,Primary School 20,299,287,1,587,48.89
Murshidabad,167,Baharampur,21,Anganwadi Centre 21,277,271,0,548,49.45
Murshidabad,167,Baharampur,22,Market Building 22,382,341,0,723,47.16
Murshidabad,167,Baharampur,23,Club Building 23,290,277,1,568,48.77
Murshidabad,167,Baharampur,24,Health Sub-Centre 24,396,359,0,755,47.55
Murshidabad,167,Baharampur,25,Market Building 25,244,250,1,495,50.51
Murshidabad,167,Baharampur,26,Anganwadi Centre 26,279,263,1,543,48.43
Murshidabad,167,Baharampur,27,High School 27,341,322,0,663,48.57
Murshidabad,167,Baharampur,28,Post Office 28,368,348,0,716,48.6
Murshidabad,167,Baharampur,29,Community Hall 29,252,232,0,484,47.93
Murshidabad,167,Baharampur,30,Temple Hall 30,344,318,1,663,47.96
Murshidabad,167,Baharampur,31,Madrasa 31,307,285,1,593,48.06
Murshidabad,167,Baharampur,32,Primary School 32,258,240,0,498,48.19
Murshidabad,167,Baharampur,33,High School 33,285,294,1,580,50.69
Murshidabad,167,Baharampur,34,Govt Office 34,315,306,1,622,49.2
Murshidabad,167,Baharampur,35,High School 35,397,365,0,762,47.9
Murshidabad,167,Baharampur,36,Govt Office 36,409,372,0,781,47.63
Murshidabad,167,Baharampur,37,Health Sub-Centre 37,303,309,0,612,50.49
Murshidabad,167,Baharampur,38,Temple Hall 38,323,297,0,620,47.9
Murshidabad,167,Baharampur,39,Primary School 39,379,372,1,752,49.47
Murshidabad,167,Baharampur,40,Madrasa 40,352,346,0,698,49.57
Murshidabad,167,Baharampur,41,Community Hall 41,348,352,1,701,50.21
Murshidabad,167,Baharampur,42,Post Office 42,272,269,1,542,49.63
Murshidabad,167,Baharampur,43,Temple Hall 43,339,326,0,665,49.02
Murshidabad,167,Baharampur,44,Health Sub-Centre 44,312,281,1,594,47.31
Murshidabad,167,Baharampur,45,Panchayat Bhavan 45,365,343,1,709,48.38
Murshidabad,167,Baharampur,46,Temple Hall 46,342,309,0,651,47.47
Murshidabad,167,Baharampur,47,High School 47,292,302,1,595,50.76
Murshidabad,167,Baharampur,48,Community Hall 48,315,291,1,607,47.94
Murshidabad,167,Baharampur,49,Primary School 49,259,253,0,512,49.41
Murshidabad,167,Baharampur,50,Anganwadi Centre 50,372,353,0,725,48.69
Murshidabad,167,Baharampur,51,Panchayat Bhavan 51,394,405,1,800,50.62
Murshidabad,167,Baharampur,52,Primary School 52,272,262,1,535,48.97
Murshidabad,167,Baharampur,53,High School 53,331,319,0,650,49.08
Murshidabad,167,Baharampur,54,Market Building 54,398,389,0,787,49.43
Murshidabad,167,Baharampur,55,Primary School 55,359,349,0,708,49.29
Murshidabad,167,Baharampur,56,Govt Office 56,256,241,0,497,48.49
Murshidabad,167,Baharampur,57,Primary School 57,252,258,1,511,50.49
Murshidabad,167,Baharampur,58,High School 58,320,313,1,634,49.37
Murshidabad,167,Baharampur,59,Community Hall 59,268,264,0,532,49.62
Murshidabad,167,Baharampur,60,Panchayat Bhavan 60,346,328,1,675,48.59
Murshidabad,167,Baharampur,61,Post Office 61,393,393,0,786,50.0
Murshidabad,167,Baharampur,62,Anganwadi Centre 62,345,330,1,676,48.82
Murshidabad,167,Baharampur,63,Post Office 63,418,379,0,797,47.55
Murshidabad,167,Baharampur,64,High School 64,384,360,0,744,48.39
Murshidabad,167,Baharampur,65,Anganwadi Centre 65,281,251,0,532,47.18
Murshidabad,167,Baharampur,66,Market Building 66,287,292,0,579,50.43
Murshidabad,167,Baharampur,67,Post Office 67,383,356,1,740,48.11
Murshidabad,167,Baharampur,68,Govt Office 68,408,389,0,797,48.81
Murshidabad,167,Baharampur,69,Anganwadi Centre 69,263,238,1,502,47.41
Murshidabad,167,Baharampur,70,Community Hall 70,357,345,1,703,49.08
Murshidabad,167,Baharampur,71,Govt Office 71,386,392,0,778,50.39
Murshidabad,167,Baharampur,72,Community Hall 72,371,348,1,720,48.33
Murshidabad,167,Baharampur,73,Primary School 73,329,339,0,668,50.75
Murshidabad,167,Baharampur,74,Club Building 74,306,295,0,601,49.08
Murshidabad,167,Baharampur,75,Market Building 75,342,314,0,656,47.87
Murshidabad,167,Baharampur,76,Panchayat Bhavan 76,290,292,1,583,50.09
Murshidabad,167,Baharampur,77,Anganwadi Centre 77,363,359,1,723,49.65
Murshidabad,167,Baharampur,78,Anganwadi Centre 78,322,326,1,649,50.23
Murshidabad,167,Baharampur,79,High School 79,325,308,0,633,48.66
Murshidabad,167,Baharampur,80,Post Office 80,353,359,0,712,50.42
Murshidabad,167,Baharampur,81,Temple Hall 81,293,299,0,592,50.51
Murshidabad,167,Baharampur,82,Panchayat Bhavan 82,305,292,0,597,48.91
Murshidabad,167,Baharampur,83,Temple Hall 83,363,362,1,726,49.86
Murshidabad,167,Baharampur,84,Primary School 84,350,322,0,672,47.92
Murshidabad,167,Baharampur,85,Primary School 85,350,314,1,665,47.22
Murshidabad,167,Baharampur,86,Post Office 86,399,364,1,764,47.64
Murshidabad,167,Baharampur,87,Primary School 87,292,286,1,579,49.4
Murshidabad,167,Baharampur,88,Govt Office 88,257,237,1,495,47.88
Murshidabad,167,Baharampur,89,Madrasa 89,294,298,0,592,50.34
Murshidabad,167,Baharampur,90,Primary School 90,396,367,0,763,48.1
Murshidabad,167,Baharampur,91,Primary School 91,284,286,0,570,50.18
Murshidabad,167,Baharampur,92,Madrasa 92,283,267,0,550,48.55
Murshidabad,167,Baharampur,93,Madrasa 93,303,284,0,587,48.38
Murshidabad,167,Baharampur,94,Temple Hall 94,337,332,1,670,49.55
Murshidabad,167,Baharampur,95,Panchayat Bhavan 95,269,244,0,513,47.56
Murshidabad,167,Baharampur,96,Madrasa 96,293,284,1,578,49.13
Murshidabad,167,Baharampur,97,Primary School 97,403,383,0,786,48.73
Murshidabad,167,Baharampur,98,Govt Office 98,402,392,1,795,49.31
Murshidabad,167,Baharampur,99,Govt Office 99,335,311,1,647,48.07
Murshidabad,167,Baharampur,100,Panchayat Bhavan 100,364,375,1,740,50.68
Murshidabad,167,Baharampur,101,Govt Office 101,260,261,0,521,50.1
Murshidabad,167,Baharampur,102,Post Office 102,379,360,1,740,48.65
Murshidabad,167,Baharampur,103,Temple Hall 103,380,364,1,745,48.86
Murshidabad,167,Baharampur,104,Temple Hall 104,341,329,1,671,49.03
Murshidabad,167,Baharampur,105,Market Building 105,374,358,1,733,48.84
Murshidabad,167,Baharampur,106,Panchayat Bhavan 106,393,385,0,778,49.49
Murshidabad,167,Baharampur,107,Club Building 107,298,285,0,583,48.89
Murshidabad,167,Baharampur,108,Anganwadi Centre 108,305,285,1,591,48.22
Murshidabad,167,Baharampur,109,Community Hall 109,276,283,1,560,50.54
Murshidabad,167,Baharampur,110,Community Hall 110,399,362,0,761,47.57
Murshidabad,167,Baharampur,111,Anganwadi Centre 111,360,347,0,707,49.08
Murshidabad,167,Baharampur,112,Club Building 112,255,245,1,501,48.9
Murshidabad,167,Baharampur,113,Madrasa 113,362,347,1,710,48.87
Murshidabad,167,Baharampur,114,Primary School 114,378,355,1,734,48.37
Murshidabad,167,Baharampur,115,Market Building 115,291,279,1,571,48.86
Murshidabad,167,Baharampur,116,Community Hall 116,267,251,0,518,48.46
Murshidabad,167,Baharampur,117,Community Hall 117,375,361,0,736,49.05
Murshidabad,167,Baharampur,118,Madrasa 118,313,283,0,596,47.48
Murshidabad,167,Baharampur,119,Panchayat Bhavan 119,253,245,1,499,49.1
Murshidabad,167,Baharampur,120,Panchayat Bhavan 120,335,312,1,648,48.15
Murshidabad,167,Baharampur,121,Primary School 121,387,401,1,789,50.82
Murshidabad,167,Baharampur,122,Club Building 122,327,305,1,633,48.18
Murshidabad,167,Baharampur,123,Post Office 123,342,345,0,687,50.22
Murshidabad,167,Baharampur,124,Club Building 124,415,399,0,814,49.02
Murshidabad,167,Baharampur,125,Post Office 125,310,286,0,596,47.99
Murshidabad,167,Baharampur,126,Temple Hall 126,304,294,1,599,49.08
Murshidabad,167,Baharampur,127,Madrasa 127,369,347,0,716,48.46
Murshidabad,167,Baharampur,128,Panchayat Bhavan 128,294,281,1,576,48.78
Murshidabad,167,Baharampur,129,Madrasa 129,360,344,0,704,48.86
Murshidabad,167,Baharampur,130,Community Hall 130,279,272,0,551,49.36
Murshidabad,167,Baharampur,131,Madrasa 131,246,237,1,484,48.97
Murshidabad,167,Baharampur,132,Temple Hall 132,304,290,1,595,48.74
Murshidabad,167,Baharampur,133,Anganwadi Centre 133,390,365,0,755,48.34
Murshidabad,167,Baharampur,134,Madrasa 134,245,251,0,496,50.6
Murshidabad,167,Baharampur,135,Club Building 135,388,381,1,770,49.48
Murshidabad,167,Baharampur,136,Health Sub-Centre 136,288,296,0,584,50.68
Murshidabad,167,Baharampur,137,Madrasa 137,353,324,0,677,47.86
Murshidabad,167,Baharampur,138,High School 138,379,391,1,771,50.71
Murshidabad,167,Baharampur,139,Primary School 139,297,270,0,567,47.62
Murshidabad,167,Baharampur,140,Panchayat Bhavan 140,402,386,0,788,48.98
Murshidabad,167,Baharampur,141,Community Hall 141,254,260,1,515,50.49
Murshidabad,167,Baharampur,142,Post Office 142,304,281,0,585,48.03
Murshidabad,167,Baharampur,143,Govt Office 143,262,247,0,509,48.53
Murshidabad,167,Baharampur,144,Club Building 144,321,325,1,647,50.23
Murshidabad,167,Baharampur,145,Health Sub-Centre 145,276,284,0,560,50.71
Murshidabad,167,Baharampur,146,Club Building 146,354,340,0,694,48.99
Murshidabad,167,Baharampur,147,Community Hall 147,306,279,0,585,47.69
Murshidabad,167,Baharampur,148,Govt Office 148,348,352,1,701,50.21
Murshidabad,168,Hariharpara,1,Community Hall 1,405,374,1,780,47.95
Murshidabad,168,Hariharpara,2,Post Office 2,308,275,0,583,47.17
Murshidabad,168,Hariharpara,3,Health Sub-Centre 3,255,257,0,512,50.2
Murshidabad,168,Hariharpara,4,Post Office 4,320,327,1,648,50.46
Murshidabad,168,Hariharpara,5,Community Hall 5,363,353,0,716,49.3
Murshidabad,168,Hariharpara,6,Madrasa 6,401,408,1,810,50.37
Murshidabad,168,Hariharpara,7,Club Building 7,325,307,0,632,48.58
Murshidabad,168,Hariharpara,8,Post Office 8,316,290,1,607,47.78
Murshidabad,168,Hariharpara,9,Temple Hall 9,335,341,0,676,50.44
Murshidabad,168,Hariharpara,10,Panchayat Bhavan 10,404,367,0,771,47.6
Murshidabad,168,Hariharpara,11,Market Building 11,289,270,1,560,48.21
Murshidabad,168,Hariharpara,12,Post Office 12,258,256,0,514,49.81
Murshidabad,168,Hariharpara,13,Madrasa 13,340,350,0,690,50.72
Murshidabad,168,Hariharpara,14,Club Building 14,259,259,1,519,49.9
Murshidabad,168,Hariharpara,15,Health Sub-Centre 15,371,339,0,710,47.75
Murshidabad,168,Hariharpara,16,Market Building 16,257,245,0,502,48.8
Murshidabad,168,Hariharpara,17,Panchayat Bhavan 17,367,348,1,716,48.6
Murshidabad,168,Hariharpara,18,High School 18,359,323,1,683,47.29
Murshidabad,168,Hariharpara,19,Post Office 19,282,266,1,549,48.45
Murshidabad,168,Hariharpara,20,Temple Hall 20,376,340,0,716,47.49
Murshidabad,168,Hariharpara,21,Govt Office 21,367,336,1,704,47.73
Murshidabad,168,Hariharpara,22,Govt Office 22,282,285,0,567,50.26
Murshidabad,168,Hariharpara,23,Govt Office 23,329,300,1,630,47.62
Murshidabad,168,Hariharpara,24,Market Building 24,261,258,0,519,49.71
Murshidabad,168,Hariharpara,25,Govt Office 25,322,296,1,619,47.82
Murshidabad,168,Hariharpara,26,Post Office 26,296,294,0,590,49.83
Murshidabad,168,Hariharpara,27,Club Building 27,251,253,0,504,50.2
Murshidabad,168,Hariharpara,28,Primary School 28,326,311,0,637,48.82
Murshidabad,168,Hariharpara,29,Madrasa 29,337,336,0,673,49.93
Murshidabad,168,Hariharpara,30,Club Building 30,314,288,0,602,47.84
Murshidabad,168,Hariharpara,31,Panchayat Bhavan 31,242,251,1,494,50.81
Murshidabad,168,Hariharpara,32,Market Building 32,266,246,0,512,48.05
Murshidabad,168,Hariharpara,33,Club Building 33,284,281,0,565,49.73
Murshidabad,168,Hariharpara,34,Madrasa 34,388,353,1,742,47.57
Murshidabad,168,Hariharpara,35,Health Sub-Centre 35,388,379,0,767,49.41
Murshidabad,168,Hariharpara,36,Panchayat Bhavan 36,337,345,0,682,50.59
Murshidabad,168,Hariharpara,37,Govt Office 37,308,280,1,589,47.54
Murshidabad,168,Hariharpara,38,Primary School 38,249,237,1,487,48.67
Murshidabad,168,Hariharpara,39,High School 39,353,326,0,679,48.01
Murshidabad,168,Hariharpara,40,Primary School 40,406,409,1,816,50.12
Murshidabad,168,Hariharpara,41,Community Hall 41,254,259,1,514,50.39
Murshidabad,168,Hariharpara,42,Temple Hall 42,401,385,0,786,48.98
Murshidabad,168,Hariharpara,43,Community Hall 43,377,377,0,754,50.0
Murshidabad,168,Hariharpara,44,Market Building 44,266,261,1,528,49.43
Murshidabad,168,Hariharpara,45,Market Building 45,282,265,1,548,48.36
Murshidabad,168,Hariharpara,46,Anganwadi Centre 46,382,344,0,726,47.38
Murshidabad,168,Hariharpara,47,Health Sub-Centre 47,399,380,0,779,48.78
Murshidabad,168,Hariharpara,48,Panchayat Bhavan 48,392,388,0,780,49.74
Murshidabad,168,Hariharpara,49,Community Hall 49,248,242,0,490,49.39
Murshidabad,168,Hariharpara,50,Anganwadi Centre 50,301,300,0,601,49.92
Murshidabad,168,Hariharpara,51,Post Office 51,272,247,1,520,47.5
Murshidabad,168,Hariharpara,52,Panchayat Bhavan 52,328,302,1,631,47.86
Murshidabad,168,Hariharpara,53,Temple Hall 53,425,382,1,808,47.28
Murshidabad,168,Hariharpara,54,Market Building 54,338,309,1,648,47.69
Murshidabad,168,Hariharpara,55,Market Building 55,254,245,1,500,49.0
Murshidabad,168,Hariharpara,56,Temple Hall 56,314,313,0,627,49.92
Murshidabad,168,Hariharpara,57,Health Sub-Centre 57,335,314,0,649,48.38
Murshidabad,168,Hariharpara,58,Market Building 58,251,256,0,507,50.49
Murshidabad,168,Hariharpara,59,Health Sub-Centre 59,299,293,1,593,49.41
Murshidabad,168,Hariharpara,60,High School 60,336,308,0,644,47.83
Murshidabad,168,Hariharpara,61,Primary School 61,384,347,0,731,47.47
Murshidabad,168,Hariharpara,62,Govt Office 62,396,408,0,804,50.75
Murshidabad,168,Hariharpara,63,Panchayat Bhavan 63,274,252,0,526,47.91
Murshidabad,168,Hariharpara,64,Community Hall 64,387,351,1,739,47.5
Murshidabad,168,Hariharpara,65,Club Building 65,283,281,0,564,49.82
Murshidabad,168,Hariharpara,66,Community Hall 66,288,281,1,570,49.3
Murshidabad,168,Hariharpara,67,Community Hall 67,397,378,0,775,48.77
Murshidabad,168,Hariharpara,68,Club Building 68,380,345,1,726,47.52
Murshidabad,168,Hariharpara,69,Club Building 69,350,322,1,673,47.85
Murshidabad,168,Hariharpara,70,Govt Office 70,372,365,1,738,49.46
Murshidabad,168,Hariharpara,71,Club Building 71,382,343,1,726,47.25
Murshidabad,168,Hariharpara,72,Anganwadi Centre 72,260,261,1,522,50.0
Murshidabad,168,Hariharpara,73,Community Hall 73,394,361,0,755,47.81
Murshidabad,168,Hariharpara,74,Community Hall 74,344,329,1,674,48.81
Murshidabad,168,Hariharpara,75,High School 75,340,331,1,672,49.26
Murshidabad,168,Hariharpara,76,Panchayat Bhavan 76,339,310,1,650,47.69
Murshidabad,168,Hariharpara,77,Primary School 77,277,282,0,559,50.45
Murshidabad,168,Hariharpara,78,Post Office 78,368,367,1,736,49.86
Murshidabad,168,Hariharpara,79,Temple Hall 79,339,347,1,687,50.51
Murshidabad,168,Hariharpara,80,Market Building 80,344,326,1,671,48.58
Murshidabad,168,Hariharpara,81,High School 81,410,371,0,781,47.5
Murshidabad,168,Hariharpara,82,Panchayat Bhavan 82,335,342,0,677,50.52
Murshidabad,168,Hariharpara,83,Health Sub-Centre 83,346,356,1,703,50.64
Murshidabad,168,Hariharpara,84,Temple Hall 84,368,361,1,730,49.45
Murshidabad,168,Hariharpara,85,Temple Hall 85,256,252,1,509,49.51
Murshidabad,168,Hariharpara,86,Madrasa 86,315,291,0,606,48.02
Murshidabad,168,Hariharpara,87,Temple Hall 87,404,399,0,803,49.69
Murshidabad,168,Hariharpara,88,Anganwadi Centre 88,413,406,1,820,49.51
Murshidabad,168,Hariharpara,89,Community Hall 89,352,361,0,713,50.63
Murshidabad,168,Hariharpara,90,Primary School 90,307,299,0,606,49.34
Murshidabad,168,Hariharpara,91,Club Building 91,269,269,1,539,49.91
Murshidabad,168,Hariharpara,92,Health Sub-Centre 92,384,396,0,780,50.77
Murshidabad,168,Hariharpara,93,Club Building 93,286,290,0,576,50.35
Murshidabad,168,Hariharpara,94,Anganwadi Centre 94,305,303,1,609,49.75
Murshidabad,168,Hariharpara,95,High School 95,320,317,0,637,49.76
Murshidabad,168,Hariharpara,96,Govt Office 96,407,397,1,805,49.32
Murshidabad,168,Hariharpara,97,Temple Hall 97,308,308,1,617,49.92
Murshidabad,168,Hariharpara,98,Post Office 98,336,301,0,637,47.25
Murshidabad,168,Hariharpara,99,Health Sub-Centre 99,251,228,1,480,47.5
Murshidabad,168,Hariharpara,100,Govt Office 100,349,343,1,693,49.49
Murshidabad,168,Hariharpara,101,Panchayat Bhavan 101,293,277,0,570,48.6
Murshidabad,168,Hariharpara,102,Post Office 102,380,349,0,729,47.87
Murshidabad,168,Hariharpara,103,Panchayat Bhavan 103,384,386,0,770,50.13
Murshidabad,168,Hariharpara,104,Community Hall 104,256,254,0,510,49.8
Murshidabad,168,Hariharpara,105,Market Building 105,353,336,0,689,48.77
Murshidabad,168,Hariharpara,106,Club Building 106,297,268,0,565,47.43
Murshidabad,168,Hariharpara,107,Primary School 107,280,262,1,543,48.25
Murshidabad,168,Hariharpara,108,Market Building 108,404,374,1,779,48.01
Murshidabad,168,Hariharpara,109,Primary School 109,279,251,1,531,47.27
Murshidabad,168,Hariharpara,110,High School 110,416,404,0,820,49.27
Murshidabad,168,Hariharpara,111,Club Building 111,299,289,0,588,49.15
Murshidabad,168,Hariharpara,112,Post Office 112,400,387,1,788,49.11
Murshidabad,168,Hariharpara,113,Madrasa 113,361,360,1,722,49.86
Murshidabad,168,Hariharpara,114,Madrasa 114,336,332,1,669,49.63
Murshidabad,168,Hariharpara,115,Club Building 115,296,305,1,602,50.66
Murshidabad,168,Hariharpara,116,Madrasa 116,416,375,1,792,47.35
Murshidabad,168,Hariharpara,117,Temple Hall 117,279,251,1,531,47.27
Murshidabad,168,Hariharpara,118,Health Sub-Centre 118,290,261,0,551,47.37
Murshidabad,168,Hariharpara,119,Madrasa 119,308,315,0,623,50.56
Murshidabad,168,Hariharpara,120,Health Sub-Centre 120,359,351,1,711,49.37
Murshidabad,168,Hariharpara,121,Market Building 121,348,343,0,691,49.64
Murshidabad,168,Hariharpara,122,Primary School 122,339,304,1,644,47.2
Murshidabad,168,Hariharpara,123,Anganwadi Centre 123,325,321,0,646,49.69
Murshidabad,168,Hariharpara,124,Madrasa 124,374,354,0,728,48.63
Murshidabad,168,Hariharpara,125,Market Building 125,344,354,1,699,50.64
Murshidabad,168,Hariharpara,126,Anganwadi Centre 126,265,265,1,531,49.91
Murshidabad,168,Hariharpara,127,Govt Office 127,291,288,0,579,49.74
Murshidabad,168,Hariharpara,128,Market Building 128,365,368,1,734,50.14
Murshidabad,168,Hariharpara,129,Govt Office 129,373,386,1,760,50.79
Murshidabad,168,Hariharpara,130,Market Building 130,348,359,1,708,50.71
Murshidabad,168,Hariharpara,131,Govt Office 131,393,363,0,756,48.02
Murshidabad,168,Hariharpara,132,Club Building 132,411,406,0,817,49.69
Murshidabad,168,Hariharpara,133,Club Building 133,257,236,1,494,47.77
Murshidabad,168,Hariharpara,134,Market Building 134,323,299,1,623,47.99
Murshidabad,168,Hariharpara,135,Market Building 135,357,366,0,723,50.62
Murshidabad,168,Hariharpara,136,High School 136,271,277,1,549,50.46
Murshidabad,168,Hariharpara,137,Market Building 137,323,327,0,650,50.31
Murshidabad,168,Hariharpara,138,Market Building 138,336,318,1,655,48.55
Murshidabad,168,Hariharpara,139,Panchayat Bhavan 139,403,404,1,808,50.0
Murshidabad,168,Hariharpara,140,High School 140,307,286,1,594,48.15
Murshidabad,168,Hariharpara,141,Temple Hall 141,282,255,0,537,47.49
Murshidabad,168,Hariharpara,142,Madrasa 142,273,266,0,539,49.35
Murshidabad,168,Hariharpara,143,Community Hall 143,342,332,0,674,49.26
Murshidabad,168,Hariharpara,144,Club Building 144,259,252,0,511,49.32
Murshidabad,168,Hariharpara,145,Market Building 145,358,337,1,696,48.42
Murshidabad,169,Rejinagar,1,High School 1,376,370,0,746,49.6
Murshidabad,169,Rejinagar,2,Madrasa 2,359,322,1,682,47.21
Murshidabad,169,Rejinagar,3,Panchayat Bhavan 3,275,278,1,554,50.18
Murshidabad,169,Rejinagar,4,Anganwadi Centre 4,370,365,0,735,49.66
Murshidabad,169,Rejinagar,5,Anganwadi Centre 5,327,298,0,625,47.68
Murshidabad,169,Rejinagar,6,Community Hall 6,332,311,0,643,48.37
Murshidabad,169,Rejinagar,7,Post Office 7,395,378,0,773,48.9
Murshidabad,169,Rejinagar,8,Primary School 8,315,313,1,629,49.76
Murshidabad,169,Rejinagar,9,Temple Hall 9,340,310,0,650,47.69
Murshidabad,169,Rejinagar,10,Govt Office 10,299,296,0,595,49.75
Murshidabad,169,Rejinagar,11,Market Building 11,365,363,1,729,49.79
Murshidabad,169,Rejinagar,12,Madrasa 12,275,285,1,561,50.8
Murshidabad,169,Rejinagar,13,Club Building 13,350,345,1,696,49.57
Murshidabad,169,Rejinagar,14,Community Hall 14,356,323,1,680,47.5
Murshidabad,169,Rejinagar,15,High School 15,290,288,1,579,49.74
Murshidabad,169,Rejinagar,16,Temple Hall 16,282,265,0,547,48.45
Murshidabad,169,Rejinagar,17,Anganwadi Centre 17,325,310,0,635,48.82
Murshidabad,169,Rejinagar,18,Community Hall 18,281,268,1,550,48.73
Murshidabad,169,Rejinagar,19,Temple Hall 19,288,266,0,554,48.01
Murshidabad,169,Rejinagar,20,Market Building 20,429,384,0,813,47.23
Murshidabad,169,Rejinagar,21,Market Building 21,285,269,1,555,48.47
Murshidabad,169,Rejinagar,22,Madrasa 22,280,286,0,566,50.53
Murshidabad,169,Rejinagar,23,High School 23,377,345,0,722,47.78
Murshidabad,169,Rejinagar,24,Govt Office 24,374,368,1,743,49.53
Murshidabad,169,Rejinagar,25,Primary School 25,402,399,0,801,49.81
Murshidabad,169,Rejinagar,26,Community Hall 26,279,260,1,540,48.15
Murshidabad,169,Rejinagar,27,Temple Hall 27,387,397,1,785,50.57
Murshidabad,169,Rejinagar,28,Market Building 28,428,388,1,817,47.49
Murshidabad,169,Rejinagar,29,Madrasa 29,349,325,1,675,48.15
Murshidabad,169,Rejinagar,30,High School 30,254,231,0,485,47.63
Murshidabad,169,Rejinagar,31,Primary School 31,369,361,0,730,49.45
Murshidabad,169,Rejinagar,32,Community Hall 32,395,384,1,780,49.23
Murshidabad,169,Rejinagar,33,Club Building 33,264,264,0,528,50.0
Murshidabad,169,Rejinagar,34,Community Hall 34,357,369,1,727,50.76
Murshidabad,169,Rejinagar,35,High School 35,403,368,1,772,47.67
Murshidabad,169,Rejinagar,36,Club Building 36,394,361,0,755,47.81
Murshidabad,169,Rejinagar,37,High School 37,380,383,1,764,50.13
Murshidabad,169,Rejinagar,38,Panchayat Bhavan 38,371,374,0,745,50.2
Murshidabad,169,Rejinagar,39,Anganwadi Centre 39,405,412,0,817,50.43
Murshidabad,169,Rejinagar,40,Madrasa 40,301,270,1,572,47.2
Murshidabad,169,Rejinagar,41,Market Building 41,285,257,0,542,47.42
Murshidabad,169,Rejinagar,42,Primary School 42,294,267,1,562,47.51
Murshidabad,169,Rejinagar,43,Madrasa 43,257,265,1,523,50.67
Murshidabad,169,Rejinagar,44,Panchayat Bhavan 44,396,362,0,758,47.76
Murshidabad,169,Rejinagar,45,Market Building 45,332,300,1,633,47.39
Murshidabad,169,Rejinagar,46,Temple Hall 46,385,367,1,753,48.74
Murshidabad,169,Rejinagar,47,Anganwadi Centre 47,325,314,1,640,49.06
Murshidabad,169,Rejinagar,48,Market Building 48,385,370,0,755,49.01
Murshidabad,169,Rejinagar,49,Govt Office 49,261,241,0,502,48.01
Murshidabad,169,Rejinagar,50,Govt Office 50,315,318,0,633,50.24
Murshidabad,169,Rejinagar,51,Community Hall 51,399,388,1,788,49.24
Murshidabad,169,Rejinagar,52,High School 52,272,272,1,545,49.91
Murshidabad,169,Rejinagar,53,Market Building 53,394,366,1,761,48.09
Murshidabad,169,Rejinagar,54,Community Hall 54,289,274,0,563,48.67
Murshidabad,169,Rejinagar,55,Health Sub-Centre 55,344,353,0,697,50.65
Murshidabad,169,Rejinagar,56,Market Building 56,306,277,1,584,47.43
Murshidabad,169,Rejinagar,57,Anganwadi Centre 57,421,388,1,810,47.9
Murshidabad,169,Rejinagar,58,Club Building 58,412,404,0,816,49.51
Murshidabad,169,Rejinagar,59,Club Building 59,287,270,1,558,48.39
Murshidabad,169,Rejinagar,60,High School 60,243,250,0,493,50.71
Murshidabad,169,Rejinagar,61,Market Building 61,324,294,0,618,47.57
Murshidabad,169,Rejinagar,62,Market Building 62,389,370,1,760,48.68
Murshidabad,169,Rejinagar,63,Community Hall 63,269,255,1,525,48.57
Murshidabad,169,Rejinagar,64,Community Hall 64,275,279,0,554,50.36
Murshidabad,169,Rejinagar,65,Club Building 65,254,231,0,485,47.63
Murshidabad,169,Rejinagar,66,Govt Office 66,266,267,0,533,50.09
Murshidabad,169,Rejinagar,67,Anganwadi Centre 67,375,373,1,749,49.8
Murshidabad,169,Rejinagar,68,Temple Hall 68,382,347,1,730,47.53
Murshidabad,169,Rejinagar,69,Anganwadi Centre 69,383,388,1,772,50.26
Murshidabad,169,Rejinagar,70,Madrasa 70,263,267,0,530,50.38
Murshidabad,169,Rejinagar,71,Post Office 71,353,325,1,679,47.86
Murshidabad,169,Rejinagar,72,Market Building 72,410,373,0,783,47.64
Murshidabad,169,Rejinagar,73,Govt Office 73,373,369,0,742,49.73
Murshidabad,169,Rejinagar,74,Primary School 74,341,331,1,673,49.18
Murshidabad,169,Rejinagar,75,Market Building 75,398,409,0,807,50.68
Murshidabad,169,Rejinagar,76,Govt Office 76,405,385,1,791,48.67
Murshidabad,169,Rejinagar,77,Health Sub-Centre 77,346,357,1,704,50.71
Murshidabad,169,Rejinagar,78,Health Sub-Centre 78,323,302,1,626,48.24
Murshidabad,169,Rejinagar,79,Community Hall 79,309,288,0,597,48.24
Murshidabad,169,Rejinagar,80,Market Building 80,344,344,0,688,50.0
Murshidabad,169,Rejinagar,81,High School 81,273,247,0,520,47.5
Murshidabad,169,Rejinagar,82,Temple Hall 82,286,278,0,564,49.29
Murshidabad,169,Rejinagar,83,Primary School 83,317,308,1,626,49.2
Murshidabad,169,Rejinagar,84,Post Office 84,351,346,0,697,49.64
Murshidabad,169,Rejinagar,85,Club Building 85,374,360,0,734,49.05
Murshidabad,169,Rejinagar,86,Temple Hall 86,246,241,0,487,49.49
Murshidabad,169,Rejinagar,87,Panchayat Bhavan 87,349,347,1,697,49.78
Murshidabad,169,Rejinagar,88,Anganwadi Centre 88,404,414,0,818,50.61
Murshidabad,169,Rejinagar,89,Govt Office 89,350,359,0,709,50.63
Murshidabad,169,Rejinagar,90,Health Sub-Centre 90,267,251,0,518,48.46
Murshidabad,169,Rejinagar,91,Post Office 91,325,334,1,660,50.61
Murshidabad,169,Rejinagar,92,Madrasa 92,352,322,0,674,47.77
Murshidabad,169,Rejinagar,93,Community Hall 93,302,305,0,607,50.25
Murshidabad,169,Rejinagar,94,Panchayat Bhavan 94,322,310,1,633,48.97
Murshidabad,169,Rejinagar,95,Panchayat Bhavan 95,240,240,1,481,49.9
Murshidabad,169,Rejinagar,96,Post Office 96,315,321,0,636,50.47
Murshidabad,169,Rejinagar,97,Madrasa 97,396,400,0,796,50.25
Murshidabad,169,Rejinagar,98,Community Hall 98,243,239,1,483,49.48
Murshidabad,169,Rejinagar,99,Temple Hall 99,345,315,1,661,47.66
Murshidabad,169,Rejinagar,100,High School 100,295,280,0,575,48.7
Murshidabad,169,Rejinagar,101,Health Sub-Centre 101,357,343,0,700,49.0
Murshidabad,169,Rejinagar,102,High School 102,367,375,1,743,50.47
Murshidabad,169,Rejinagar,103,Panchayat Bhavan 103,384,344,1,729,47.19
Murshidabad,169,Rejinagar,104,Madrasa 104,369,350,1,720,48.61
Murshidabad,169,Rejinagar,105,High School 105,346,352,1,699,50.36
Murshidabad,169,Rejinagar,106,Govt Office 106,354,349,1,704,49.57
Murshidabad,169,Rejinagar,107,Primary School 107,283,267,1,551,48.46
Murshidabad,169,Rejinagar,108,High School 108,329,334,0,663,50.38
Murshidabad,169,Rejinagar,109,Club Building 109,299,278,0,577,48.18
Murshidabad,169,Rejinagar,110,Govt Office 110,348,347,0,695,49.93
Murshidabad,169,Rejinagar,111,High School 111,286,294,1,581,50.6
Murshidabad,169,Rejinagar,112,Market Building 112,354,340,1,695,48.92
Murshidabad,169,Rejinagar,113,Health Sub-Centre 113,280,264,1,545,48.44
Murshidabad,169,Rejinagar,114,Primary School 114,355,324,0,679,47.72
Murshidabad,169,Rejinagar,115,Market Building 115,284,260,0,544,47.79
Murshidabad,169,Rejinagar,116,Club Building 116,315,285,1,601,47.42
Murshidabad,169,Rejinagar,117,Post Office 117,393,391,1,785,49.81
Murshidabad,169,Rejinagar,118,Club Building 118,325,303,0,628,48.25
Murshidabad,169,Rejinagar,119,Panchayat Bhavan 119,306,300,0,606,49.5
Murshidabad,169,Rejinagar,120,Temple Hall 120,311,311,1,623,49.92
Murshidabad,169,Rejinagar,121,Panchayat Bhavan 121,304,301,1,606,49.67
Murshidabad,169,Rejinagar,122,Temple Hall 122,363,359,0,722,49.72
Murshidabad,169,Rejinagar,123,Anganwadi Centre 123,373,364,0,737,49.39
Murshidabad,169,Rejinagar,124,High School 124,405,397,0,802,49.5
Murshidabad,169,Rejinagar,125,Panchayat Bhavan 125,280,266,1,547,48.63
Murshidabad,169,Rejinagar,126,High School 126,284,270,0,554,48.74
Murshidabad,169,Rejinagar,127,Temple Hall 127,259,246,1,506,48.62
Murshidabad,169,Rejinagar,128,Madrasa 128,396,408,0,804,50.75
Murshidabad,169,Rejinagar,129,Market Building 129,356,341,1,698,48.85
Murshidabad,169,Rejinagar,130,Madrasa 130,261,244,1,506,48.22
Murshidabad,169,Rejinagar,131,Panchayat Bhavan 131,307,315,1,623,50.56
Murshidabad,169,Rejinagar,132,Primary School 132,319,324,0,643,50.39
Murshidabad,169,Rejinagar,133,Panchayat Bhavan 133,252,227,1,480,47.29
Murshidabad,169,Rejinagar,134,Club Building 134,320,306,0,626,48.88
Murshidabad,169,Rejinagar,135,Madrasa 135,297,276,1,574,48.08
Murshidabad,169,Rejinagar,136,Market Building 136,337,314,0,651,48.23
Murshidabad,169,Rejinagar,137,Madrasa 137,245,241,0,486,49.59
Murshidabad,169,Rejinagar,138,Temple Hall 138,332,331,1,664,49.85
Murshidabad,169,Rejinagar,139,Panchayat Bhavan 139,396,384,1,781,49.17
Murshidabad,169,Rejinagar,140,High School 140,420,391,1,812,48.15
Murshidabad,170,Beldanga,1,Primary School 1,276,270,0,546,49.45
Murshidabad,170,Beldanga,2,Panchayat Bhavan 2,385,395,0,780,50.64
Murshidabad,170,Beldanga,3,Health Sub-Centre 3,350,358,0,708,50.56
Murshidabad,170,Beldanga,4,Panchayat Bhavan 4,409,386,1,796,48.49
Murshidabad,170,Beldanga,5,Govt Office 5,378,375,0,753,49.8
Murshidabad,170,Beldanga,6,Health Sub-Centre 6,295,282,1,578,48.79
Murshidabad,170,Beldanga,7,Market Building 7,325,331,1,657,50.38
Murshidabad,170,Beldanga,8,Post Office 8,267,273,0,540,50.56
Murshidabad,170,Beldanga,9,Govt Office 9,353,341,0,694,49.14
Murshidabad,170,Beldanga,10,Community Hall 10,407,379,0,786,48.22
Murshidabad,170,Beldanga,11,Temple Hall 11,248,255,0,503,50.7
Murshidabad,170,Beldanga,12,Post Office 12,288,288,1,577,49.91
Murshidabad,170,Beldanga,13,Govt Office 13,373,379,0,752,50.4
Murshidabad,170,Beldanga,14,Health Sub-Centre 14,352,351,1,704,49.86
Murshidabad,170,Beldanga,15,Panchayat Bhavan 15,348,330,1,679,48.6
Murshidabad,170,Beldanga,16,Anganwadi Centre 16,303,271,0,574,47.21
Murshidabad,170,Beldanga,17,Health Sub-Centre 17,239,244,1,484,50.41
Murshidabad,170,Beldanga,18,Community Hall 18,388,360,0,748,48.13
Murshidabad,170,Beldanga,19,Panchayat Bhavan 19,314,303,0,617,49.11
Murshidabad,170,Beldanga,20,Primary School 20,255,247,1,503,49.11
Murshidabad,170,Beldanga,21,Govt Office 21,421,385,1,807,47.71
Murshidabad,170,Beldanga,22,Market Building 22,307,311,0,618,50.32
Murshidabad,170,Beldanga,23,Health Sub-Centre 23,299,308,0,607,50.74
Murshidabad,170,Beldanga,24,Market Building 24,284,254,1,539,47.12
Murshidabad,170,Beldanga,25,High School 25,388,400,1,789,50.7
Murshidabad,170,Beldanga,26,Club Building 26,395,366,0,761,48.09
Murshidabad,170,Beldanga,27,Market Building 27,410,383,0,793,48.3
Murshidabad,170,Beldanga,28,Temple Hall 28,242,243,0,485,50.1
Murshidabad,170,Beldanga,29,Health Sub-Centre 29,325,298,0,623,47.83
Murshidabad,170,Beldanga,30,Temple Hall 30,402,414,0,816,50.74
Murshidabad,170,Beldanga,31,Market Building 31,332,342,1,675,50.67
Murshidabad,170,Beldanga,32,Post Office 32,407,397,0,804,49.38
Murshidabad,170,Beldanga,33,Anganwadi Centre 33,306,286,0,592,48.31
Murshidabad,170,Beldanga,34,Govt Office 34,399,402,1,802,50.12
Murshidabad,170,Beldanga,35,Madrasa 35,367,340,1,708,48.02
Murshidabad,170,Beldanga,36,Post Office 36,275,280,0,555,50.45
Murshidabad,170,Beldanga,37,Panchayat Bhavan 37,293,279,0,572,48.78
Murshidabad,170,Beldanga,38,Market Building 38,393,378,0,771,49.03
Murshidabad,170,Beldanga,39,Govt Office 39,329,295,0,624,47.28
Murshidabad,170,Beldanga,40,High School 40,343,338,0,681,49.63
Murshidabad,170,Beldanga,41,Post Office 41,291,262,0,553,47.38
Murshidabad,170,Beldanga,42,Temple Hall 42,399,411,0,810,50.74
Murshidabad,170,Beldanga,43,Anganwadi Centre 43,392,357,0,749,47.66
Murshidabad,170,Beldanga,44,High School 44,273,258,0,531,48.59
Murshidabad,170,Beldanga,45,Govt Office 45,243,243,0,486,50.0
Murshidabad,170,Beldanga,46,Govt Office 46,303,303,1,607,49.92
Murshidabad,170,Beldanga,47,High School 47,406,395,0,801,49.31
Murshidabad,170,Beldanga,48,Temple Hall 48,379,377,1,757,49.8
Murshidabad,170,Beldanga,49,Anganwadi Centre 49,271,251,1,523,47.99
Murshidabad,170,Beldanga,50,Madrasa 50,352,354,1,707,50.07
Murshidabad,170,Beldanga,51,Health Sub-Centre 51,379,346,0,725,47.72
Murshidabad,170,Beldanga,52,Primary School 52,311,305,0,616,49.51
Murshidabad,170,Beldanga,53,High School 53,262,239,1,502,47.61
Murshidabad,170,Beldanga,54,Govt Office 54,367,373,1,741,50.34
Murshidabad,170,Beldanga,55,Panchayat Bhavan 55,238,242,0,480,50.42
Murshidabad,170,Beldanga,56,Market Building 56,358,339,1,698,48.57
Murshidabad,170,Beldanga,57,Market Building 57,324,301,1,626,48.08
Murshidabad,170,Beldanga,58,Panchayat Bhavan 58,274,263,0,537,48.98
Murshidabad,170,Beldanga,59,Madrasa 59,262,269,1,532,50.56
Murshidabad,170,Beldanga,60,Madrasa 60,263,256,0,519,49.33
Murshidabad,170,Beldanga,61,Govt Office 61,259,264,0,523,50.48
Murshidabad,170,Beldanga,62,Market Building 62,356,343,0,699,49.07
Murshidabad,170,Beldanga,63,Anganwadi Centre 63,363,333,1,697,47.78
Murshidabad,170,Beldanga,64,Community Hall 64,323,303,0,626,48.4
Murshidabad,170,Beldanga,65,Temple Hall 65,370,364,1,735,49.52
Murshidabad,170,Beldanga,66,Market Building 66,259,260,0,519,50.1
Murshidabad,170,Beldanga,67,Post Office 67,286,268,1,555,48.29
Murshidabad,170,Beldanga,68,Anganwadi Centre 68,361,363,0,724,50.14
Murshidabad,170,Beldanga,69,Govt Office 69,343,354,1,698,50.72
Murshidabad,170,Beldanga,70,Govt Office 70,272,254,0,526,48.29
Murshidabad,170,Beldanga,71,Club Building 71,348,328,1,677,48.45
Murshidabad,170,Beldanga,72,Anganwadi Centre 72,364,361,1,726,49.72
Murshidabad,170,Beldanga,73,Club Building 73,415,390,0,805,48.45
Murshidabad,170,Beldanga,74,Health Sub-Centre 74,352,341,1,694,49.14
Murshidabad,170,Beldanga,75,High School 75,375,378,1,754,50.13
Murshidabad,170,Beldanga,76,Temple Hall 76,390,387,0,777,49.81
Murshidabad,170,Beldanga,77,Panchayat Bhavan 77,272,252,0,524,48.09
Murshidabad,170,Beldanga,78,Govt Office 78,250,237,1,488,48.57
Murshidabad,170,Beldanga,79,Madrasa 79,281,254,1,536,47.39
Murshidabad,170,Beldanga,80,Health Sub-Centre 80,285,266,0,551,48.28
Murshidabad,170,Beldanga,81,Primary School 81,361,334,0,695,48.06
Murshidabad,170,Beldanga,82,Club Building 82,288,262,0,550,47.64
Murshidabad,170,Beldanga,83,Madrasa 83,247,245,1,493,49.7
Murshidabad,170,Beldanga,84,Post Office 84,255,252,0,507,49.7
Murshidabad,170,Beldanga,85,Govt Office 85,389,395,0,784,50.38
Murshidabad,170,Beldanga,86,High School 86,349,318,0,667,47.68
Murshidabad,170,Beldanga,87,Govt Office 87,246,239,1,486,49.18
Murshidabad,170,Beldanga,88,Temple Hall 88,293,280,0,573,48.87
Murshidabad,170,Beldanga,89,Post Office 89,376,373,1,750,49.73
Murshidabad,170,Beldanga,90,Market Building 90,345,344,1,690,49.86
Murshidabad,170,Beldanga,91,Primary School 91,252,234,0,486,48.15
Murshidabad,170,Beldanga,92,Health Sub-Centre 92,426,382,0,808,47.28
Murshidabad,170,Beldanga,93,Market Building 93,296,265,1,562,47.15
Murshidabad,170,Beldanga,94,Anganwadi Centre 94,361,350,1,712,49.16
Murshidabad,170,Beldanga,95,Club Building 95,380,356,0,736,48.37
Murshidabad,170,Beldanga,96,Health Sub-Centre 96,290,270,0,560,48.21
Murshidabad,170,Beldanga,97,Temple Hall 97,332,341,0,673,50.67
Murshidabad,170,Beldanga,98,Panchayat Bhavan 98,302,286,0,588,48.64
Murshidabad,170,Beldanga,99,Temple Hall 99,355,325,0,680,47.79
Murshidabad,170,Beldanga,100,Club Building 100,366,352,1,719,48.96
Murshidabad,170,Beldanga,101,Market Building 101,296,267,1,564,47.34
Murshidabad,170,Beldanga,102,High School 102,363,334,0,697,47.92
Murshidabad,170,Beldanga,103,Primary School 103,266,252,1,519,48.55
Murshidabad,170,Beldanga,104,High School 104,312,290,0,602,48.17
Murshidabad,170,Beldanga,105,Panchayat Bhavan 105,297,290,1,588,49.32
Murshidabad,170,Beldanga,106,Panchayat Bhavan 106,397,365,0,762,47.9
Murshidabad,170,Beldanga,107,Anganwadi Centre 107,324,293,0,617,47.49
Murshidabad,170,Beldanga,108,High School 108,382,344,1,727,47.32
Murshidabad,170,Beldanga,109,Community Hall 109,336,301,1,638,47.18
Murshidabad,170,Beldanga,110,Club Building 110,347,335,1,683,49.05
Murshidabad,170,Beldanga,111,Madrasa 111,326,336,0,662,50.76
Murshidabad,170,Beldanga,112,Health Sub-Centre 112,341,347,0,688,50.44
Murshidabad,170,Beldanga,113,Post Office 113,292,263,1,556,47.3
Murshidabad,170,Beldanga,114,Community Hall 114,387,393,0,780,50.38
Murshidabad,170,Beldanga,115,High School 115,293,268,1,562,47.69
Murshidabad,170,Beldanga,116,Panchayat Bhavan 116,420,380,0,800,47.5
Murshidabad,170,Beldanga,117,Health Sub-Centre 117,426,388,0,814,47.67
Murshidabad,170,Beldanga,118,Post Office 118,365,378,1,744,50.81
Murshidabad,170,Beldanga,119,Anganwadi Centre 119,281,265,1,547,48.45
Murshidabad,170,Beldanga,120,Panchayat Bhavan 120,368,331,1,700,47.29
Murshidabad,170,Beldanga,121,Govt Office 121,288,298,0,586,50.85
Murshidabad,170,Beldanga,122,High School 122,388,381,1,770,49.48
Murshidabad,170,Beldanga,123,Health Sub-Centre 123,254,232,1,487,47.64
Murshidabad,170,Beldanga,124,Madrasa 124,266,257,1,524,49.05
Murshidabad,170,Beldanga,125,High School 125,280,286,0,566,50.53
Murshidabad,170,Beldanga,126,High School 126,315,307,1,623,49.28
Murshidabad,170,Beldanga,127,Community Hall 127,268,247,1,516,47.87
Murshidabad,170,Beldanga,128,Market Building 128,355,366,1,722,50.69
Murshidabad,170,Beldanga,129,Primary School 129,271,279,1,551,50.64
Murshidabad,170,Beldanga,130,Club Building 130,330,335,1,666,50.3
Murshidabad,170,Beldanga,131,Post Office 131,395,402,0,797,50.44
Murshidabad,170,Beldanga,132,Madrasa 132,339,327,1,667,49.03
Murshidabad,170,Beldanga,133,Community Hall 133,262,259,1,522,49.62
Murshidabad,170,Beldanga,134,Temple Hall 134,253,248,0,501,49.5
Murshidabad,170,Beldanga,135,Govt Office 135,304,301,0,605,49.75
Murshidabad,170,Beldanga,136,Anganwadi Centre 136,276,257,0,533,48.22
Murshidabad,170,Beldanga,137,Club Building 137,340,344,0,684,50.29
Murshidabad,170,Beldanga,138,Post Office 138,360,355,1,716,49.58
Murshidabad,170,Beldanga,139,High School 139,362,356,1,719,49.51
Murshidabad,171,Bharatpur,1,Club Building 1,286,285,1,572,49.83
Murshidabad,171,Bharatpur,2,Madrasa 2,299,283,0,582,48.63
Murshidabad,171,Bharatpur,3,Panchayat Bhavan 3,321,333,1,655,50.84
Murshidabad,171,Bharatpur,4,Primary School 4,378,344,1,723,47.58
Murshidabad,171,Bharatpur,5,Govt Office 5,395,363,1,759,47.83
Murshidabad,171,Bharatpur,6,Anganwadi Centre 6,420,387,0,807,47.96
Murshidabad,171,Bharatpur,7,Club Building 7,353,320,1,674,47.48
Murshidabad,171,Bharatpur,8,Primary School 8,376,346,0,722,47.92
Murshidabad,171,Bharatpur,9,High School 9,361,335,0,696,48.13
Murshidabad,171,Bharatpur,10,High School 10,289,262,1,552,47.46
Murshidabad,171,Bharatpur,11,Club Building 11,313,318,1,632,50.32
Murshidabad,171,Bharatpur,12,Govt Office 12,388,359,1,748,47.99
Murshidabad,171,Bharatpur,13,Madrasa 13,265,241,1,507,47.53
Murshidabad,171,Bharatpur,14,Club Building 14,329,302,1,632,47.78
Murshidabad,171,Bharatpur,15,Temple Hall 15,371,355,0,726,48.9
Murshidabad,171,Bharatpur,16,Primary School 16,361,341,1,703,48.51
Murshidabad,171,Bharatpur,17,High School 17,383,384,0,767,50.07
Murshidabad,171,Bharatpur,18,Market Building 18,392,383,1,776,49.36
Murshidabad,171,Bharatpur,19,Govt Office 19,338,303,1,642,47.2
Murshidabad,171,Bharatpur,20,Market Building 20,365,370,0,735,50.34
Murshidabad,171,Bharatpur,21,Post Office 21,357,331,0,688,48.11
Murshidabad,171,Bharatpur,22,Primary School 22,275,269,0,544,49.45
Murshidabad,171,Bharatpur,23,Club Building 23,296,295,0,591,49.92
Murshidabad,171,Bharatpur,24,Panchayat Bhavan 24,379,379,1,759,49.93
Murshidabad,171,Bharatpur,25,Market Building 25,342,316,0,658,48.02
Murshidabad,171,Bharatpur,26,Madrasa 26,382,392,1,775,50.58
Murshidabad,171,Bharatpur,27,Health Sub-Centre 27,251,236,1,488,48.36
Murshidabad,171,Bharatpur,28,Club Building 28,272,270,1,543,49.72
Murshidabad,171,Bharatpur,29,Health Sub-Centre 29,355,334,1,690,48.41
Murshidabad,171,Bharatpur,30,Post Office 30,341,310,0,651,47.62
Murshidabad,171,Bharatpur,31,Health Sub-Centre 31,360,339,0,699,48.5
Murshidabad,171,Bharatpur,32,Market Building 32,361,341,1,703,48.51
Murshidabad,171,Bharatpur,33,High School 33,314,311,0,625,49.76
Murshidabad,171,Bharatpur,34,Anganwadi Centre 34,280,253,0,533,47.47
Murshidabad,171,Bharatpur,35,Market Building 35,362,328,0,690,47.54
Murshidabad,171,Bharatpur,36,Market Building 36,360,347,0,707,49.08
Murshidabad,171,Bharatpur,37,Panchayat Bhavan 37,312,316,0,628,50.32
Murshidabad,171,Bharatpur,38,Panchayat Bhavan 38,362,350,0,712,49.16
Murshidabad,171,Bharatpur,39,Post Office 39,355,364,1,720,50.56
Murshidabad,171,Bharatpur,40,Primary School 40,341,349,1,691,50.51
Murshidabad,171,Bharatpur,41,Community Hall 41,334,336,1,671,50.07
Murshidabad,171,Bharatpur,42,Market Building 42,423,393,1,817,48.1
Murshidabad,171,Bharatpur,43,Primary School 43,317,285,1,603,47.26
Murshidabad,171,Bharatpur,44,Health Sub-Centre 44,256,230,1,487,47.23
Murshidabad,171,Bharatpur,45,Anganwadi Centre 45,407,380,0,787,48.28
Murshidabad,171,Bharatpur,46,Panchayat Bhavan 46,363,336,1,700,48.0
Murshidabad,171,Bharatpur,47,Anganwadi Centre 47,401,394,0,795,49.56
Murshidabad,171,Bharatpur,48,Temple Hall 48,365,333,1,699,47.64
Murshidabad,171,Bharatpur,49,Health Sub-Centre 49,291,276,1,568,48.59
Murshidabad,171,Bharatpur,50,Temple Hall 50,287,274,0,561,48.84
Murshidabad,171,Bharatpur,51,Market Building 51,276,267,1,544,49.08
Murshidabad,171,Bharatpur,52,Madrasa 52,305,308,0,613,50.24
Murshidabad,171,Bharatpur,53,Club Building 53,306,278,0,584,47.6
Murshidabad,171,Bharatpur,54,Primary School 54,245,240,0,485,49.48
Murshidabad,171,Bharatpur,55,Anganwadi Centre 55,400,396,0,796,49.75
Murshidabad,171,Bharatpur,56,Post Office 56,356,319,0,675,47.26
Murshidabad,171,Bharatpur,57,Govt Office 57,405,398,1,804,49.5
Murshidabad,171,Bharatpur,58,Community Hall 58,304,298,0,602,49.5
Murshidabad,171,Bharatpur,59,Temple Hall 59,295,284,0,579,49.05
Murshidabad,171,Bharatpur,60,Community Hall 60,337,336,0,673,49.93
Murshidabad,171,Bharatpur,61,Market Building 61,258,264,0,522,50.57
Murshidabad,171,Bharatpur,62,Post Office 62,386,390,0,776,50.26
Murshidabad,171,Bharatpur,63,Community Hall 63,411,374,0,785,47.64
Murshidabad,171,Bharatpur,64,High School 64,304,310,0,614,50.49
Murshidabad,171,Bharatpur,65,Club Building 65,365,368,0,733,50.2
Murshidabad,171,Bharatpur,66,Club Building 66,271,260,0,531,48.96
Murshidabad,171,Bharatpur,67,Panchayat Bhavan 67,264,253,0,517,48.94
Murshidabad,171,Bharatpur,68,Market Building 68,356,337,1,694,48.56
Murshidabad,171,Bharatpur,69,Community Hall 69,354,356,0,710,50.14
Murshidabad,171,Bharatpur,70,High School 70,240,245,0,485,50.52
Murshidabad,171,Bharatpur,71,Anganwadi Centre 71,321,333,1,655,50.84
Murshidabad,171,Bharatpur,72,Health Sub-Centre 72,400,387,0,787,49.17
Murshidabad,171,Bharatpur,73,Anganwadi Centre 73,302,308,0,610,50.49
Murshidabad,171,Bharatpur,74,Panchayat Bhavan 74,252,243,0,495,49.09
Murshidabad,171,Bharatpur,75,Primary School 75,349,317,0,666,47.6
Murshidabad,171,Bharatpur,76,Temple Hall 76,338,309,0,647,47.76
Murshidabad,171,Bharatpur,77,Panchayat Bhavan 77,281,262,1,544,48.16
Murshidabad,171,Bharatpur,78,Post Office 78,271,255,1,527,48.39
Murshidabad,171,Bharatpur,79,Panchayat Bhavan 79,375,357,1,733,48.7
Murshidabad,171,Bharatpur,80,Club Building 80,316,291,1,608,47.86
Murshidabad,171,Bharatpur,81,Govt Office 81,269,262,1,532,49.25
Murshidabad,171,Bharatpur,82,Club Building 82,288,296,1,585,50.6
Murshidabad,171,Bharatpur,83,Madrasa 83,362,345,1,708,48.73
Murshidabad,171,Bharatpur,84,Club Building 84,417,380,1,798,47.62
Murshidabad,171,Bharatpur,85,Market Building 85,294,287,1,582,49.31
Murshidabad,171,Bharatpur,86,Health Sub-Centre 86,262,250,0,512,48.83
Murshidabad,171,Bharatpur,87,Anganwadi Centre 87,308,300,1,609,49.26
Murshidabad,171,Bharatpur,88,Club Building 88,399,410,1,810,50.62
Murshidabad,171,Bharatpur,89,Club Building 89,258,236,1,495,47.68
Murshidabad,171,Bharatpur,90,Panchayat Bhavan 90,296,279,0,575,48.52
Murshidabad,171,Bharatpur,91,Madrasa 91,420,396,0,816,48.53
Murshidabad,171,Bharatpur,92,Temple Hall 92,286,256,0,542,47.23
Murshidabad,171,Bharatpur,93,Panchayat Bhavan 93,336,311,1,648,47.99
Murshidabad,171,Bharatpur,94,Anganwadi Centre 94,402,364,1,767,47.46
Murshidabad,171,Bharatpur,95,Health Sub-Centre 95,299,289,0,588,49.15
Murshidabad,171,Bharatpur,96,Anganwadi Centre 96,312,310,0,622,49.84
Murshidabad,171,Bharatpur,97,Madrasa 97,414,395,1,810,48.77
Murshidabad,171,Bharatpur,98,Post Office 98,335,308,0,643,47.9
Murshidabad,171,Bharatpur,99,Club Building 99,386,348,1,735,47.35
Murshidabad,171,Bharatpur,100,Anganwadi Centre 100,283,258,0,541,47.69
Murshidabad,171,Bharatpur,101,Anganwadi Centre 101,328,319,0,647,49.3
Murshidabad,171,Bharatpur,102,Post Office 102,254,236,0,490,48.16
Murshidabad,171,Bharatpur,103,Primary School 103,326,298,1,625,47.68
Murshidabad,171,Bharatpur,104,Madrasa 104,373,380,0,753,50.46
Murshidabad,171,Bharatpur,105,High School 105,426,383,1,810,47.28
Murshidabad,171,Bharatpur,106,Madrasa 106,346,345,1,692,49.86
Murshidabad,171,Bharatpur,107,Post Office 107,336,320,1,657,48.71
Murshidabad,171,Bharatpur,108,Temple Hall 108,416,376,1,793,47.41
Murshidabad,171,Bharatpur,109,Madrasa 109,363,349,0,712,49.02
Murshidabad,171,Bharatpur,110,Primary School 110,417,379,0,796,47.61
Murshidabad,171,Bharatpur,111,Temple Hall 111,253,231,1,485,47.63
Murshidabad,171,Bharatpur,112,Panchayat Bhavan 112,365,338,0,703,48.08
Murshidabad,171,Bharatpur,113,Temple Hall 113,333,335,0,668,50.15
Murshidabad,171,Bharatpur,114,High School 114,262,244,0,506,48.22
Murshidabad,171,Bharatpur,115,Community Hall 115,249,255,0,504,50.6
Murshidabad,171,Bharatpur,116,Community Hall 116,325,322,1,648,49.69
Murshidabad,171,Bharatpur,117,High School 117,279,287,1,567,50.62
Murshidabad,171,Bharatpur,118,Anganwadi Centre 118,281,263,0,544,48.35
Murshidabad,171,Bharatpur,119,Health Sub-Centre 119,349,342,0,691,49.49
Murshidabad,171,Bharatpur,120,Market Building 120,389,360,1,750,48.0
Murshidabad,171,Bharatpur,121,Temple Hall 121,359,370,1,730,50.68
Murshidabad,171,Bharatpur,122,Community Hall 122,377,349,1,727,48.01
Murshidabad,171,Bharatpur,123,Market Building 123,269,253,0,522,48.47
Murshidabad,171,Bharatpur,124,Temple Hall 124,407,404,0,811,49.82
Murshidabad,171,Bharatpur,125,Primary School 125,272,246,1,519,47.4
Murshidabad,171,Bharatpur,126,Post Office 126,310,278,0,588,47.28
Murshidabad,171,Bharatpur,127,Madrasa 127,353,324,0,677,47.86
Murshidabad,171,Bharatpur,128,Community Hall 128,291,294,1,586,50.17
Murshidabad,171,Bharatpur,129,Govt Office 129,359,353,0,712,49.58
Murshidabad,171,Bharatpur,130,Post Office 130,292,299,1,592,50.51
Murshidabad,171,Bharatpur,131,Panchayat Bhavan 131,405,391,1,797,49.06
Murshidabad,171,Bharatpur,132,Market Building 132,267,248,0,515,48.16
Murshidabad,171,Bharatpur,133,Govt Office 133,315,322,0,637,50.55
Murshidabad,171,Bharatpur,134,Panchayat Bhavan 134,355,361,0,716,50.42
Murshidabad,171,Bharatpur,135,Community Hall 135,242,246,0,488,50.41
Murshidabad,171,Bharatpur,136,Madrasa 136,251,242,1,494,48.99
Murshidabad,171,Bharatpur,137,Madrasa 137,322,293,0,615,47.64
Murshidabad,171,Bharatpur,138,Health Sub-Centre 138,363,336,1,700,48.0
Murshidabad,172,Burwan,1,Community Hall 1,381,358,1,740,48.38
Murshidabad,172,Burwan,2,Temple Hall 2,350,318,1,669,47.53
Murshidabad,172,Burwan,3,Club Building 3,363,333,0,696,47.84
Murshidabad,172,Burwan,4,Health Sub-Centre 4,288,281,1,570,49.3
Murshidabad,172,Burwan,5,Market Building 5,367,334,0,701,47.65
Murshidabad,172,Burwan,6,High School 6,300,307,0,607,50.58
Murshidabad,172,Burwan,7,Panchayat Bhavan 7,250,256,1,507,50.49
Murshidabad,172,Burwan,8,Panchayat Bhavan 8,260,252,1,513,49.12
Murshidabad,172,Burwan,9,Club Building 9,400,396,1,797,49.69
Murshidabad,172,Burwan,10,Post Office 10,356,324,1,681,47.58
Murshidabad,172,Burwan,11,Madrasa 11,305,280,0,585,47.86
Murshidabad,172,Burwan,12,Temple Hall 12,416,389,1,806,48.26
Murshidabad,172,Burwan,13,Temple Hall 13,251,229,1,481,47.61
Murshidabad,172,Burwan,14,Govt Office 14,316,320,0,636,50.31
Murshidabad,172,Burwan,15,Govt Office 15,323,318,0,641,49.61
Murshidabad,172,Burwan,16,Primary School 16,322,328,0,650,50.46
Murshidabad,172,Burwan,17,Govt Office 17,370,352,0,722,48.75
Murshidabad,172,Burwan,18,Market Building 18,305,310,0,615,50.41
Murshidabad,172,Burwan,19,Anganwadi Centre 19,244,239,1,484,49.38
Murshidabad,172,Burwan,20,Post Office 20,245,235,0,480,48.96
Murshidabad,172,Burwan,21,Anganwadi Centre 21,282,254,0,536,47.39
Murshidabad,172,Burwan,22,Govt Office 22,313,315,0,628,50.16
Murshidabad,172,Burwan,23,Post Office 23,276,251,1,528,47.54
Murshidabad,172,Burwan,24,Market Building 24,366,364,1,731,49.79
Murshidabad,172,Burwan,25,Primary School 25,377,351,1,729,48.15
Murshidabad,172,Burwan,26,Health Sub-Centre 26,340,319,1,660,48.33
Murshidabad,172,Burwan,27,High School 27,406,412,1,819,50.31
Murshidabad,172,Burwan,28,Govt Office 28,311,307,0,618,49.68
Murshidabad,172,Burwan,29,Madrasa 29,343,347,0,690,50.29
Murshidabad,172,Burwan,30,Madrasa 30,386,347,1,734,47.28
Murshidabad,172,Burwan,31,Club Building 31,293,292,0,585,49.91
Murshidabad,172,Burwan,32,Market Building 32,422,384,1,807,47.58
Murshidabad,172,Burwan,33,Health Sub-Centre 33,375,382,1,758,50.4
Murshidabad,172,Burwan,34,Madrasa 34,294,274,1,569,48.15
Murshidabad,172,Burwan,35,Community Hall 35,344,335,1,680,49.26
Murshidabad,172,Burwan,36,Anganwadi Centre 36,303,273,1,577,47.31
Murshidabad,172,Burwan,37,Anganwadi Centre 37,277,264,1,542,48.71
Murshidabad,172,Burwan,38,Post Office 38,340,317,0,657,48.25
Murshidabad,172,Burwan,39,Health Sub-Centre 39,284,271,0,555,48.83
Murshidabad,172,Burwan,40,Community Hall 40,317,311,0,628,49.52
Murshidabad,172,Burwan,41,Primary School 41,376,352,1,729,48.29
Murshidabad,172,Burwan,42,Anganwadi Centre 42,374,337,1,712,47.33
Murshidabad,172,Burwan,43,Primary School 43,285,257,1,543,47.33
Murshidabad,172,Burwan,44,Primary School 44,361,339,0,700,48.43
Murshidabad,172,Burwan,45,Health Sub-Centre 45,317,290,1,608,47.7
Murshidabad,172,Burwan,46,High School 46,405,415,0,820,50.61
Murshidabad,172,Burwan,47,Club Building 47,323,295,0,618,47.73
Murshidabad,172,Burwan,48,Panchayat Bhavan 48,385,393,1,779,50.45
Murshidabad,172,Burwan,49,Panchayat Bhavan 49,252,243,1,496,48.99
Murshidabad,172,Burwan,50,High School 50,413,392,1,806,48.64
Murshidabad,172,Burwan,51,Govt Office 51,302,310,1,613,50.57
Murshidabad,172,Burwan,52,Anganwadi Centre 52,392,375,1,768,48.83
Murshidabad,172,Burwan,53,Community Hall 53,277,274,0,551,49.73
Murshidabad,172,Burwan,54,Community Hall 54,282,267,0,549,48.63
Murshidabad,172,Burwan,55,Health Sub-Centre 55,333,302,1,636,47.48
Murshidabad,172,Burwan,56,High School 56,294,278,1,573,48.52
Murshidabad,172,Burwan,57,Health Sub-Centre 57,279,270,1,550,49.09
Murshidabad,172,Burwan,58,Post Office 58,338,324,1,663,48.87
Murshidabad,172,Burwan,59,Primary School 59,342,352,1,695,50.65
Murshidabad,172,Burwan,60,High School 60,403,362,1,766,47.26
Murshidabad,172,Burwan,61,Panchayat Bhavan 61,278,272,1,551,49.36
Murshidabad,172,Burwan,62,Anganwadi Centre 62,396,381,0,777,49.03
Murshidabad,172,Burwan,63,Primary School 63,375,382,1,758,50.4
Murshidabad,172,Burwan,64,Post Office 64,356,325,0,681,47.72
Murshidabad,172,Burwan,65,High School 65,381,364,0,745,48.86
Murshidabad,172,Burwan,66,Madrasa 66,263,245,0,508,48.23
Murshidabad,172,Burwan,67,Anganwadi Centre 67,410,373,1,784,47.58
Murshidabad,172,Burwan,68,High School 68,365,361,0,726,49.72
Murshidabad,172,Burwan,69,Temple Hall 69,392,387,0,779,49.68
Murshidabad,172,Burwan,70,Govt Office 70,296,287,1,584,49.14
Murshidabad,172,Burwan,71,Community Hall 71,294,300,0,594,50.51
Murshidabad,172,Burwan,72,Post Office 72,414,387,0,801,48.31
Murshidabad,172,Burwan,73,High School 73,402,397,0,799,49.69
Murshidabad,172,Burwan,74,Health Sub-Centre 74,251,229,0,480,47.71
Murshidabad,172,Burwan,75,Post Office 75,275,254,0,529,48.02
Murshidabad,172,Burwan,76,Club Building 76,244,247,1,492,50.2
Murshidabad,172,Burwan,77,Club Building 77,250,257,1,508,50.59
Murshidabad,172,Burwan,78,Health Sub-Centre 78,358,369,0,727,50.76
Murshidabad,172,Burwan,79,Market Building 79,305,307,1,613,50.08
Murshidabad,172,Burwan,80,Market Building 80,416,379,0,795,47.67
Murshidabad,172,Burwan,81,Govt Office 81,256,235,0,491,47.86
Murshidabad,172,Burwan,82,Post Office 82,371,370,0,741,49.93
Murshidabad,172,Burwan,83,Anganwadi Centre 83,375,350,0,725,48.28
Murshidabad,172,Burwan,84,Club Building 84,376,355,1,732,48.5
Murshidabad,172,Burwan,85,Post Office 85,340,337,0,677,49.78
Murshidabad,172,Burwan,86,Primary School 86,346,347,0,693,50.07
Murshidabad,172,Burwan,87,Primary School 87,319,305,1,625,48.8
Murshidabad,172,Burwan,88,Primary School 88,401,375,1,777,48.26
Murshidabad,172,Burwan,89,Temple Hall 89,325,335,1,661,50.68
Murshidabad,172,Burwan,90,Madrasa 90,370,344,0,714,48.18
Murshidabad,172,Burwan,91,Madrasa 91,366,370,0,736,50.27
Murshidabad,172,Burwan,92,Govt Office 92,384,364,0,748,48.66
Murshidabad,172,Burwan,93,Post Office 93,425,389,1,815,47.73
Murshidabad,172,Burwan,94,Club Building 94,284,266,1,551,48.28
Murshidabad,172,Burwan,95,Club Building 95,253,260,1,514,50.58
Murshidabad,172,Burwan,96,Anganwadi Centre 96,365,356,0,721,49.38
Murshidabad,172,Burwan,97,Govt Office 97,369,369,1,739,49.93
Murshidabad,172,Burwan,98,Anganwadi Centre 98,326,318,1,645,49.3
Murshidabad,172,Burwan,99,Primary School 99,397,399,0,796,50.13
Murshidabad,172,Burwan,100,Panchayat Bhavan 100,246,249,0,495,50.3
Murshidabad,172,Burwan,101,Market Building 101,266,262,1,529,49.53
Murshidabad,172,Burwan,102,Temple Hall 102,373,350,0,723,48.41
Murshidabad,172,Burwan,103,Temple Hall 103,315,286,0,601,47.59
Murshidabad,172,Burwan,104,High School 104,338,337,1,676,49.85
Murshidabad,172,Burwan,105,Primary School 105,259,252,0,511,49.32
Murshidabad,172,Burwan,106,Anganwadi Centre 106,264,252,1,517,48.74
Murshidabad,172,Burwan,107,Madrasa 107,400,403,0,803,50.19
Murshidabad,172,Burwan,108,Govt Office 108,268,266,1,535,49.72
Murshidabad,172,Burwan,109,Panchayat Bhavan 109,409,397,0,806,49.26
Murshidabad,172,Burwan,110,Panchayat Bhavan 110,310,298,1,609,48.93
Murshidabad,172,Burwan,111,Health Sub-Centre 111,291,291,1,583,49.91
Murshidabad,172,Burwan,112,Market Building 112,303,275,0,578,47.58
Murshidabad,172,Burwan,113,Primary School 113,275,254,0,529,48.02
Murshidabad,172,Burwan,114,Madrasa 114,332,332,0,664,50.0
Murshidabad,172,Burwan,115,Panchayat Bhavan 115,288,285,1,574,49.65
Murshidabad,172,Burwan,116,Health Sub-Centre 116,296,289,1,586,49.32
Murshidabad,172,Burwan,117,High School 117,340,320,0,660,48.48
Murshidabad,172,Burwan,118,High School 118,360,343,1,704,48.72
Murshidabad,172,Burwan,119,High School 119,404,366,1,771,47.47
Murshidabad,172,Burwan,120,Anganwadi Centre 120,275,265,0,540,49.07
Murshidabad,172,Burwan,121,Community Hall 121,390,366,0,756,48.41
Murshidabad,172,Burwan,122,High School 122,311,296,1,608,48.68
Murshidabad,172,Burwan,123,Health Sub-Centre 123,276,284,0,560,50.71
Murshidabad,172,Burwan,124,Club Building 124,401,372,1,774,48.06
Murshidabad,172,Burwan,125,Anganwadi Centre 125,419,377,0,796,47.36
Murshidabad,172,Burwan,126,Market Building 126,355,365,1,721,50.62
Murshidabad,172,Burwan,127,Community Hall 127,260,234,1,495,47.27
Murshidabad,172,Burwan,128,Govt Office 128,300,282,0,582,48.45
Murshidabad,172,Burwan,129,Market Building 129,296,287,1,584,49.14
Murshidabad,172,Burwan,130,Anganwadi Centre 130,265,246,0,511,48.14
Murshidabad,172,Burwan,131,Madrasa 131,398,394,0,792,49.75
Murshidabad,172,Burwan,132,Health Sub-Centre 132,255,261,0,516,50.58
Murshidabad,172,Burwan,133,Temple Hall 133,357,367,1,725,50.62
Murshidabad,172,Burwan,134,Health Sub-Centre 134,262,238,1,501,47.5
Murshidabad,172,Burwan,135,Post Office 135,299,295,1,595,49.58
Murshidabad,172,Burwan,136,Primary School 136,317,318,0,635,50.08
Murshidabad,172,Burwan,137,Health Sub-Centre 137,268,240,0,508,47.24
Murshidabad,172,Burwan,138,Health Sub-Centre 138,393,398,0,791,50.32
Murshidabad,172,Burwan,139,Temple Hall 139,381,344,1,726,47.38
Murshidabad,172,Burwan,140,Health Sub-Centre 140,278,265,1,544,48.71
Murshidabad,172,Burwan,141,Anganwadi Centre 141,288,262,0,550,47.64
Murshidabad,172,Burwan,142,Club Building 142,343,324,1,668,48.5
Murshidabad,172,Burwan,143,Anganwadi Centre 143,264,245,0,509,48.13
Murshidabad,172,Burwan,144,Primary School 144,252,233,0,485,48.04
Murshidabad,172,Burwan,145,Primary School 145,303,304,0,607,50.08
Murshidabad,172,Burwan,146,Primary School 146,278,265,1,544,48.71
Murshidabad,172,Burwan,147,Community Hall 147,330,310,0,640,48.44
Murshidabad,172,Burwan,148,Market Building 148,275,270,1,546,49.45
Murshidabad,172,Burwan,149,Community Hall 149,273,269,0,542,49.63
Murshidabad,173,Kandi,1,Panchayat Bhavan 1,367,365,1,733,49.8
Murshidabad,173,Kandi,2,Health Sub-Centre 2,354,352,1,707,49.79
Murshidabad,173,Kandi,3,Health Sub-Centre 3,312,317,0,629,50.4
Murshidabad,173,Kandi,4,Primary School 4,318,298,0,616,48.38
Murshidabad,173,Kandi,5,Community Hall 5,325,331,1,657,50.38
Murshidabad,173,Kandi,6,Health Sub-Centre 6,271,249,0,520,47.88
Murshidabad,173,Kandi,7,High School 7,309,289,0,598,48.33
Murshidabad,173,Kandi,8,Primary School 8,336,334,0,670,49.85
Murshidabad,173,Kandi,9,High School 9,301,298,1,600,49.67
Murshidabad,173,Kandi,10,Community Hall 10,250,240,0,490,48.98
Murshidabad,173,Kandi,11,High School 11,314,307,1,622,49.36
Murshidabad,173,Kandi,12,Post Office 12,263,246,1,510,48.24
Murshidabad,173,Kandi,13,Post Office 13,242,246,1,489,50.31
Murshidabad,173,Kandi,14,Govt Office 14,260,241,1,502,48.01
Murshidabad,173,Kandi,15,Market Building 15,419,398,0,817,48.71
Murshidabad,173,Kandi,16,Primary School 16,334,301,1,636,47.33
Murshidabad,173,Kandi,17,Community Hall 17,395,395,1,791,49.94
Murshidabad,173,Kandi,18,Madrasa 18,407,375,0,782,47.95
Murshidabad,173,Kandi,19,Temple Hall 19,408,389,1,798,48.75
Murshidabad,173,Kandi,20,Temple Hall 20,253,255,1,509,50.1
Murshidabad,173,Kandi,21,Club Building 21,311,315,1,627,50.24
Murshidabad,173,Kandi,22,Govt Office 22,387,385,1,773,49.81
Murshidabad,173,Kandi,23,Govt Office 23,345,330,0,675,48.89
Murshidabad,173,Kandi,24,High School 24,251,235,1,487,48.25
Murshidabad,173,Kandi,25,Madrasa 25,303,303,1,607,49.92
Murshidabad,173,Kandi,26,Madrasa 26,396,375,1,772,48.58
Murshidabad,173,Kandi,27,High School 27,311,306,0,617,49.59
Murshidabad,173,Kandi,28,Community Hall 28,322,314,1,637,49.29
Murshidabad,173,Kandi,29,Post Office 29,292,279,0,571,48.86
Murshidabad,173,Kandi,30,Post Office 30,246,237,1,484,48.97
Murshidabad,173,Kandi,31,Club Building 31,401,405,0,806,50.25
Murshidabad,173,Kandi,32,Community Hall 32,258,251,0,509,49.31
Murshidabad,173,Kandi,33,Post Office 33,402,390,0,792,49.24
Murshidabad,173,Kandi,34,Community Hall 34,296,275,1,572,48.08
Murshidabad,173,Kandi,35,Govt Office 35,384,349,0,733,47.61
Murshidabad,173,Kandi,36,High School 36,401,395,0,796,49.62
Murshidabad,173,Kandi,37,Anganwadi Centre 37,428,386,1,815,47.36
Murshidabad,173,Kandi,38,Primary School 38,338,304,0,642,47.35
Murshidabad,173,Kandi,39,Market Building 39,302,310,0,612,50.65
Murshidabad,173,Kandi,40,Anganwadi Centre 40,336,324,0,660,49.09
Murshidabad,173,Kandi,41,Health Sub-Centre 41,309,291,0,600,48.5
Murshidabad,173,Kandi,42,Panchayat Bhavan 42,370,337,0,707,47.67
Murshidabad,173,Kandi,43,Market Building 43,301,282,1,584,48.29
Murshidabad,173,Kandi,44,Community Hall 44,363,328,1,692,47.4
Murshidabad,173,Kandi,45,Madrasa 45,290,262,1,553,47.38
Murshidabad,173,Kandi,46,Post Office 46,340,347,1,688,50.44
Murshidabad,173,Kandi,47,Madrasa 47,319,311,0,630,49.37
Murshidabad,173,Kandi,48,Anganwadi Centre 48,260,242,0,502,48.21
Murshidabad,173,Kandi,49,Madrasa 49,258,235,0,493,47.67
Murshidabad,173,Kandi,50,Panchayat Bhavan 50,371,369,1,741,49.8
Murshidabad,173,Kandi,51,Market Building 51,335,338,0,673,50.22
Murshidabad,173,Kandi,52,High School 52,286,270,0,556,48.56
Murshidabad,173,Kandi,53,Health Sub-Centre 53,301,292,1,594,49.16
Murshidabad,173,Kandi,54,Anganwadi Centre 54,270,272,0,542,50.18
Murshidabad,173,Kandi,55,Madrasa 55,363,357,1,721,49.51
Murshidabad,173,Kandi,56,Panchayat Bhavan 56,320,296,1,617,47.97
Murshidabad,173,Kandi,57,Panchayat Bhavan 57,335,312,1,648,48.15
Murshidabad,173,Kandi,58,Temple Hall 58,368,345,0,713,48.39
Murshidabad,173,Kandi,59,Madrasa 59,308,294,1,603,48.76
Murshidabad,173,Kandi,60,Madrasa 60,268,252,0,520,48.46
Murshidabad,173,Kandi,61,Post Office 61,416,398,0,814,48.89
Murshidabad,173,Kandi,62,Health Sub-Centre 62,361,333,0,694,47.98
Murshidabad,173,Kandi,63,Market Building 63,302,302,1,605,49.92
Murshidabad,173,Kandi,64,Community Hall 64,392,386,1,779,49.55
Murshidabad,173,Kandi,65,Club Building 65,338,316,0,654,48.32
Murshidabad,173,Kandi,66,Anganwadi Centre 66,354,341,0,695,49.06
Murshidabad,173,Kandi,67,Govt Office 67,370,363,0,733,49.52
Murshidabad,173,Kandi,68,Club Building 68,376,336,0,712,47.19
Murshidabad,173,Kandi,69,Temple Hall 69,306,307,1,614,50.0
Murshidabad,173,Kandi,70,Club Building 70,278,253,0,531,47.65
Murshidabad,173,Kandi,71,Govt Office 71,248,244,0,492,49.59
Murshidabad,173,Kandi,72,Club Building 72,368,374,1,743,50.34
Murshidabad,173,Kandi,73,Temple Hall 73,346,315,0,661,47.66
Murshidabad,173,Kandi,74,Anganwadi Centre 74,329,300,1,630,47.62
Murshidabad,173,Kandi,75,High School 75,400,391,0,791,49.43
Murshidabad,173,Kandi,76,Market Building 76,325,335,1,661,50.68
Murshidabad,173,Kandi,77,Community Hall 77,355,354,1,710,49.86
Murshidabad,173,Kandi,78,Temple Hall 78,364,360,0,724,49.72
Murshidabad,173,Kandi,79,Govt Office 79,387,394,0,781,50.45
Murshidabad,173,Kandi,80,Market Building 80,244,238,1,483,49.28
Murshidabad,173,Kandi,81,Post Office 81,414,397,1,812,48.89
Murshidabad,173,Kandi,82,High School 82,290,279,1,570,48.95
Murshidabad,173,Kandi,83,Primary School 83,308,289,1,598,48.33
Murshidabad,173,Kandi,84,Community Hall 84,390,377,1,768,49.09
Murshidabad,173,Kandi,85,Govt Office 85,332,313,0,645,48.53
Murshidabad,173,Kandi,86,Club Building 86,250,251,0,501,50.1
Murshidabad,173,Kandi,87,High School 87,385,359,1,745,48.19
Murshidabad,173,Kandi,88,Community Hall 88,340,317,0,657,48.25
Murshidabad,173,Kandi,89,Govt Office 89,316,304,0,620,49.03
Murshidabad,173,Kandi,90,Anganwadi Centre 90,309,317,1,627,50.56
Murshidabad,173,Kandi,91,Govt Office 91,263,270,1,534,50.56
Murshidabad,173,Kandi,92,Primary School 92,275,254,0,529,48.02
Murshidabad,173,Kandi,93,Primary School 93,389,397,0,786,50.51
Murshidabad,173,Kandi,94,Madrasa 94,364,366,0,730,50.14
Murshidabad,173,Kandi,95,Temple Hall 95,301,282,1,584,48.29
Murshidabad,173,Kandi,96,Community Hall 96,359,347,1,707,49.08
Murshidabad,173,Kandi,97,Post Office 97,269,267,0,536,49.81
Murshidabad,173,Kandi,98,Govt Office 98,358,343,0,701,48.93
Murshidabad,173,Kandi,99,Madrasa 99,312,310,0,622,49.84
Murshidabad,173,Kandi,100,Temple Hall 100,261,259,0,520,49.81
Murshidabad,173,Kandi,101,Community Hall 101,266,251,1,518,48.46
Murshidabad,173,Kandi,102,Temple Hall 102,360,352,0,712,49.44
Murshidabad,173,Kandi,103,Club Building 103,318,323,0,641,50.39
Murshidabad,173,Kandi,104,Panchayat Bhavan 104,262,268,1,531,50.47
Murshidabad,173,Kandi,105,Market Building 105,386,379,0,765,49.54
Murshidabad,173,Kandi,106,Anganwadi Centre 106,423,378,0,801,47.19
Murshidabad,173,Kandi,107,Market Building 107,334,338,0,672,50.3
Murshidabad,173,Kandi,108,Post Office 108,301,279,0,580,48.1
Murshidabad,173,Kandi,109,Govt Office 109,287,287,1,575,49.91
Murshidabad,173,Kandi,110,Health Sub-Centre 110,293,288,0,581,49.57
Murshidabad,173,Kandi,111,Post Office 111,311,278,0,589,47.2
Murshidabad,173,Kandi,112,Primary School 112,387,378,0,765,49.41
Murshidabad,173,Kandi,113,Market Building 113,348,345,1,694,49.71
Murshidabad,173,Kandi,114,Post Office 114,403,374,1,778,48.07
Murshidabad,173,Kandi,115,Community Hall 115,379,372,0,751,49.53
Murshidabad,173,Kandi,116,Post Office 116,296,301,1,598,50.33
Murshidabad,173,Kandi,117,Health Sub-Centre 117,411,390,1,802,48.63
Murshidabad,173,Kandi,118,High School 118,376,350,0,726,48.21
Murshidabad,173,Kandi,119,Madrasa 119,321,305,1,627,48.64
Murshidabad,173,Kandi,120,Govt Office 120,306,300,0,606,49.5
Murshidabad,173,Kandi,121,Madrasa 121,354,363,0,717,50.63
Murshidabad,173,Kandi,122,Post Office 122,342,340,1,683,49.78
Murshidabad,173,Kandi,123,Primary School 123,404,383,0,787,48.67
Murshidabad,173,Kandi,124,Club Building 124,326,302,0,628,48.09
Murshidabad,173,Kandi,125,Community Hall 125,258,252,1,511,49.32
Murshidabad,173,Kandi,126,Club Building 126,328,313,1,642,48.75
Murshidabad,173,Kandi,127,Community Hall 127,355,329,0,684,48.1
Murshidabad,173,Kandi,128,Market Building 128,364,363,1,728,49.86
Murshidabad,173,Kandi,129,Panchayat Bhavan 129,259,243,1,503,48.31
Murshidabad,173,Kandi,130,Market Building 130,384,389,0,773,50.32
Murshidabad,173,Kandi,131,Govt Office 131,264,271,1,536,50.56
Murshidabad,173,Kandi,132,Club Building 132,401,388,0,789,49.18
Murshidabad,173,Kandi,133,Madrasa 133,262,263,1,526,50.0
Murshidabad,173,Kandi,134,Health Sub-Centre 134,401,362,0,763,47.44
Murshidabad,173,Kandi,135,Govt Office 135,302,285,0,587,48.55
Murshidabad,173,Kandi,136,Community Hall 136,387,367,0,754,48.67
Murshidabad,173,Kandi,137,Club Building 137,277,284,1,562,50.53
Murshidabad,173,Kandi,138,Primary School 138,300,290,0,590,49.15
Murshidabad,173,Kandi,139,Health Sub-Centre 139,248,250,0,498,50.2
Murshidabad,173,Kandi,140,Govt Office 140,341,342,0,683,50.07
Murshidabad,173,Kandi,141,Market Building 141,323,301,0,624,48.24
Murshidabad,173,Kandi,142,Club Building 142,319,287,0,606,47.36
Murshidabad,174,Nowda,1,High School 1,272,274,1,547,50.09
Murshidabad,174,Nowda,2,Primary School 2,272,246,1,519,47.4
Murshidabad,174,Nowda,3,High School 3,244,243,0,487,49.9
Murshidabad,174,Nowda,4,Anganwadi Centre 4,390,391,0,781,50.06
Murshidabad,174,Nowda,5,Health Sub-Centre 5,318,320,1,639,50.08
Murshidabad,174,Nowda,6,Panchayat Bhavan 6,253,237,1,491,48.27
Murshidabad,174,Nowda,7,Club Building 7,274,256,1,531,48.21
Murshidabad,174,Nowda,8,Club Building 8,322,307,0,629,48.81
Murshidabad,174,Nowda,9,Temple Hall 9,396,370,1,767,48.24
Murshidabad,174,Nowda,10,Primary School 10,383,369,1,753,49.0
Murshidabad,174,Nowda,11,Health Sub-Centre 11,367,366,1,734,49.86
Murshidabad,174,Nowda,12,Club Building 12,274,261,0,535,48.79
Murshidabad,174,Nowda,13,Anganwadi Centre 13,305,292,1,598,48.83
Murshidabad,174,Nowda,14,Govt Office 14,269,265,1,535,49.53
Murshidabad,174,Nowda,15,Health Sub-Centre 15,395,407,0,802,50.75
Murshidabad,174,Nowda,16,Anganwadi Centre 16,294,271,1,566,47.88
Murshidabad,174,Nowda,17,Anganwadi Centre 17,318,288,1,607,47.45
Murshidabad,174,Nowda,18,Primary School 18,368,354,0,722,49.03
Murshidabad,174,Nowda,19,Temple Hall 19,379,352,1,732,48.09
Murshidabad,174,Nowda,20,Madrasa 20,325,327,0,652,50.15
Murshidabad,174,Nowda,21,Community Hall 21,389,380,0,769,49.41
Murshidabad,174,Nowda,22,Health Sub-Centre 22,293,293,1,587,49.91
Murshidabad,174,Nowda,23,Madrasa 23,380,355,0,735,48.3
Murshidabad,174,Nowda,24,High School 24,360,356,0,716,49.72
Murshidabad,174,Nowda,25,Govt Office 25,349,347,1,697,49.78
Murshidabad,174,Nowda,26,Govt Office 26,254,232,0,486,47.74
Murshidabad,174,Nowda,27,Primary School 27,298,283,0,581,48.71
Murshidabad,174,Nowda,28,Govt Office 28,355,341,1,697,48.92
Murshidabad,174,Nowda,29,Community Hall 29,390,370,0,760,48.68
Murshidabad,174,Nowda,30,Temple Hall 30,276,263,1,540,48.7
Murshidabad,174,Nowda,31,Anganwadi Centre 31,314,303,1,618,49.03
Murshidabad,174,Nowda,32,Health Sub-Centre 32,423,388,1,812,47.78
Murshidabad,174,Nowda,33,Health Sub-Centre 33,290,293,1,584,50.17
Murshidabad,174,Nowda,34,Panchayat Bhavan 34,408,380,1,789,48.16
Murshidabad,174,Nowda,35,Govt Office 35,321,328,0,649,50.54
Murshidabad,174,Nowda,36,Primary School 36,375,372,1,748,49.73
Murshidabad,174,Nowda,37,Post Office 37,329,313,0,642,48.75
Murshidabad,174,Nowda,38,Community Hall 38,253,261,0,514,50.78
Murshidabad,174,Nowda,39,Health Sub-Centre 39,300,276,0,576,47.92
Murshidabad,174,Nowda,40,Anganwadi Centre 40,368,346,0,714,48.46
Murshidabad,174,Nowda,41,Madrasa 41,364,355,0,719,49.37
Murshidabad,174,Nowda,42,Madrasa 42,409,396,0,805,49.19
Murshidabad,174,Nowda,43,Community Hall 43,423,378,0,801,47.19
Murshidabad,174,Nowda,44,Anganwadi Centre 44,311,313,1,625,50.08
Murshidabad,174,Nowda,45,Community Hall 45,326,309,1,636,48.58
Murshidabad,174,Nowda,46,High School 46,390,377,0,767,49.15
Murshidabad,174,Nowda,47,Community Hall 47,409,374,0,783,47.77
Murshidabad,174,Nowda,48,Govt Office 48,296,275,0,571,48.16
Murshidabad,174,Nowda,49,Madrasa 49,378,368,1,747,49.26
Murshidabad,174,Nowda,50,Temple Hall 50,386,387,1,774,50.0
Murshidabad,174,Nowda,51,Panchayat Bhavan 51,400,394,1,795,49.56
Murshidabad,174,Nowda,52,Panchayat Bhavan 52,299,267,0,566,47.17
Murshidabad,174,Nowda,53,Govt Office 53,260,266,0,526,50.57
Murshidabad,174,Nowda,54,Madrasa 54,288,276,0,564,48.94
Murshidabad,174,Nowda,55,Govt Office 55,257,262,0,519,50.48
Murshidabad,174,Nowda,56,Market Building 56,369,371,1,741,50.07
Murshidabad,174,Nowda,57,Panchayat Bhavan 57,372,349,0,721,48.4
Murshidabad,174,Nowda,58,Temple Hall 58,393,372,1,766,48.56
Murshidabad,174,Nowda,59,Health Sub-Centre 59,371,350,1,722,48.48
Murshidabad,174,Nowda,60,Govt Office 60,258,262,0,520,50.38
Murshidabad,174,Nowda,61,Club Building 61,400,404,0,804,50.25
Murshidabad,174,Nowda,62,Market Building 62,391,374,1,766,48.83
Murshidabad,174,Nowda,63,Market Building 63,274,266,1,541,49.17
Murshidabad,174,Nowda,64,Post Office 64,342,315,1,658,47.87
Murshidabad,174,Nowda,65,Anganwadi Centre 65,330,327,0,657,49.77
Murshidabad,174,Nowda,66,Club Building 66,380,386,0,766,50.39
Murshidabad,174,Nowda,67,Panchayat Bhavan 67,350,321,0,671,47.84
Murshidabad,174,Nowda,68,Primary School 68,364,342,0,706,48.44
Murshidabad,174,Nowda,69,Madrasa 69,403,377,0,780,48.33
Murshidabad,174,Nowda,70,Anganwadi Centre 70,311,298,0,609,48.93
Murshidabad,174,Nowda,71,Market Building 71,325,293,1,619,47.33
Murshidabad,174,Nowda,72,Community Hall 72,371,353,1,725,48.69
Murshidabad,174,Nowda,73,Temple Hall 73,421,379,0,800,47.38
Murshidabad,174,Nowda,74,Post Office 74,354,366,1,721,50.76
Murshidabad,174,Nowda,75,Primary School 75,290,278,0,568,48.94
Murshidabad,174,Nowda,76,Temple Hall 76,353,316,0,669,47.23
Murshidabad,174,Nowda,77,High School 77,283,287,0,570,50.35
Murshidabad,174,Nowda,78,Primary School 78,346,348,0,694,50.14
Murshidabad,174,Nowda,79,Madrasa 79,357,350,0,707,49.5
Murshidabad,174,Nowda,80,Panchayat Bhavan 80,262,266,1,529,50.28
Murshidabad,174,Nowda,81,Madrasa 81,412,403,0,815,49.45
Murshidabad,174,Nowda,82,Anganwadi Centre 82,318,324,0,642,50.47
Murshidabad,174,Nowda,83,Club Building 83,339,327,1,667,49.03
Murshidabad,174,Nowda,84,Temple Hall 84,269,242,0,511,47.36
Murshidabad,174,Nowda,85,Primary School 85,322,293,1,616,47.56
Murshidabad,174,Nowda,86,Govt Office 86,313,307,1,621,49.44
Murshidabad,174,Nowda,87,Community Hall 87,403,402,0,805,49.94
Murshidabad,174,Nowda,88,Madrasa 88,315,305,0,620,49.19
Murshidabad,174,Nowda,89,Anganwadi Centre 89,364,354,0,718,49.3
Murshidabad,174,Nowda,90,Govt Office 90,376,341,0,717,47.56
Murshidabad,174,Nowda,91,Govt Office 91,273,251,0,524,47.9
Murshidabad,174,Nowda,92,Post Office 92,251,233,1,485,48.04
Murshidabad,174,Nowda,93,Community Hall 93,259,262,0,521,50.29
Murshidabad,174,Nowda,94,Temple Hall 94,399,409,0,808,50.62
Murshidabad,174,Nowda,95,Temple Hall 95,282,264,1,547,48.26
Murshidabad,174,Nowda,96,Anganwadi Centre 96,327,299,0,626,47.76
Murshidabad,174,Nowda,97,Community Hall 97,329,312,0,641,48.67
Murshidabad,174,Nowda,98,Community Hall 98,303,278,1,582,47.77
Murshidabad,174,Nowda,99,Madrasa 99,365,339,1,705,48.09
Murshidabad,174,Nowda,100,Market Building 100,399,376,1,776,48.45
Murshidabad,174,Nowda,101,Govt Office 101,298,268,1,567,47.27
Murshidabad,174,Nowda,102,Madrasa 102,382,372,1,755,49.27
Murshidabad,174,Nowda,103,Panchayat Bhavan 103,403,406,1,810,50.12
Murshidabad,174,Nowda,104,High School 104,328,326,1,655,49.77
Murshidabad,174,Nowda,105,Panchayat Bhavan 105,370,371,1,742,50.0
Murshidabad,174,Nowda,106,Health Sub-Centre 106,373,346,0,719,48.12
Murshidabad,174,Nowda,107,Govt Office 107,412,404,1,817,49.45
Murshidabad,174,Nowda,108,Anganwadi Centre 108,363,355,1,719,49.37
Murshidabad,174,Nowda,109,Madrasa 109,339,334,0,673,49.63
Murshidabad,174,Nowda,110,Govt Office 110,269,264,0,533,49.53
Murshidabad,174,Nowda,111,Market Building 111,354,340,1,695,48.92
Murshidabad,174,Nowda,112,Community Hall 112,276,254,1,531,47.83
Murshidabad,174,Nowda,113,Primary School 113,288,275,0,563,48.85
Murshidabad,174,Nowda,114,Anganwadi Centre 114,350,353,1,704,50.14
Murshidabad,174,Nowda,115,Post Office 115,388,385,1,774,49.74
Murshidabad,174,Nowda,116,Anganwadi Centre 116,312,291,1,604,48.18
Murshidabad,174,Nowda,117,Community Hall 117,332,319,1,652,48.93
Murshidabad,174,Nowda,118,Health Sub-Centre 118,247,253,0,500,50.6
Murshidabad,174,Nowda,119,Anganwadi Centre 119,273,261,1,535,48.79
Murshidabad,174,Nowda,120,Health Sub-Centre 120,347,338,0,685,49.34
Murshidabad,174,Nowda,121,Anganwadi Centre 121,280,285,0,565,50.44
Murshidabad,174,Nowda,122,Primary School 122,287,263,1,551,47.73
Murshidabad,174,Nowda,123,Madrasa 123,272,254,0,526,48.29
Murshidabad,174,Nowda,124,Primary School 124,366,347,1,714,48.6
Murshidabad,174,Nowda,125,Community Hall 125,427,390,0,817,47.74
Murshidabad,174,Nowda,126,Panchayat Bhavan 126,334,303,0,637,47.57
Murshidabad,174,Nowda,127,Govt Office 127,369,334,0,703,47.51
Murshidabad,174,Nowda,128,Primary School 128,379,384,1,764,50.26
Murshidabad,174,Nowda,129,Post Office 129,378,346,0,724,47.79
Murshidabad,174,Nowda,130,Post Office 130,383,378,0,761,49.67
Murshidabad,174,Nowda,131,High School 131,335,337,0,672,50.15
Murshidabad,174,Nowda,132,Club Building 132,355,323,0,678,47.64
Murshidabad,174,Nowda,133,Anganwadi Centre 133,320,326,1,647,50.39
Murshidabad,174,Nowda,134,Post Office 134,345,335,1,681,49.19
Murshidabad,174,Nowda,135,Panchayat Bhavan 135,411,369,0,780,47.31
Murshidabad,174,Nowda,136,Anganwadi Centre 136,344,324,0,668,48.5
Murshidabad,174,Nowda,137,Market Building 137,394,392,0,786,49.87
Murshidabad,174,Nowda,138,Primary School 138,312,285,0,597,47.74
Murshidabad,174,Nowda,139,Madrasa 139,304,284,0,588,48.3
Murshidabad,174,Nowda,140,Govt Office 140,340,335,1,676,49.56
Murshidabad,174,Nowda,141,Primary School 141,322,302,1,625,48.32
Murshidabad,174,Nowda,142,Govt Office 142,302,310,1,613,50.57
Murshidabad,174,Nowda,143,Post Office 143,289,274,0,563,48.67
Murshidabad,174,Nowda,144,Market Building 144,269,253,0,522,48.47
Murshidabad,174,Nowda,145,Govt Office 145,343,344,0,687,50.07
Murshidabad,174,Nowda,146,Market Building 146,336,306,1,643,47.59
Murshidabad,174,Nowda,147,Club Building 147,375,336,1,712,47.19
Murshidabad,174,Nowda,148,Temple Hall 148,261,245,1,507,48.32
