district,ac_code,ac_name,part_no,booth_name,male,female,third_gender,total,female_pct
Howrah,701,Hwr-701,1,Panchayat Bhavan 1,368,363,1,732,49.59
Howrah,701,Hwr-701,2,Primary School 2,305,287,1,593,48.4
Howrah,701,Hwr-701,3,Anganwadi Centre 3,350,333,1,684,48.68
Howrah,701,Hwr-701,4,Post Office 4,242,249,1,492,50.61
Howrah,701,Hwr-701,5,Community Hall 5,329,319,0,648,49.23
Howrah,701,Hwr-701,6,Health Sub-Centre 6,414,385,0,799,48.19
Howrah,701,Hwr-701,7,Club Building 7,404,408,0,812,50.25
Howrah,701,Hwr-701,8,Post Office 8,358,351,1,710,49.44
Howrah,701,Hwr-701,9,Club Building 9,341,308,0,649,47.46
Howrah,701,Hwr-701,10,Madrasa 10,324,298,0,622,47.91
Howrah,701,Hwr-701,11,Anganwadi Centre 11,350,315,0,665,47.37
Howrah,701,Hwr-701,12,Madrasa 12,384,352,1,737,47.76
Howrah,701,Hwr-701,13,Madrasa 13,331,321,1,653,49.16
Howrah,701,Hwr-701,14,High School 14,287,273,0,560,48.75
Howrah,701,Hwr-701,15,Health Sub-Centre 15,256,250,0,506,49.41
Howrah,701,Hwr-701,16,High School 16,309,291,1,601,48.42
Howrah,701,Hwr-701,17,Madrasa 17,396,380,1,777,48.91
Howrah,701,Hwr-701,18,Temple Hall 18,255,252,0,507,49.7
Howrah,701,Hwr-701,19,Primary School 19,371,383,0,754,50.8
Howrah,701,Hwr-701,20,Panchayat Bhavan 20,280,264,0,544,48.53
Howrah,701,Hwr-701,21,Primary School 21,364,349,0,713,48.95
Howrah,701,Hwr-701,22,Market Building 22,306,285,0,591,48.22
Howrah,701,Hwr-701,23,Health Sub-Centre 23,294,266,1,561,47.42
Howrah,701,Hwr-701,24,High School 24,401,397,0,798,49.75
Howrah,701,Hwr-701,25,Anganwadi Centre 25,332,305,0,637,47.88
Howrah,701,Hwr-701,26,Community Hall 26,319,315,1,635,49.61
Howrah,701,Hwr-701,27,Market Building 27,405,415,0,820,50.61
Howrah,701,Hwr-701,28,Govt Office 28,350,337,0,687,49.05
Howrah,701,Hwr-701,29,Community Hall 29,422,379,1,802,47.26
Howrah,701,Hwr-701,30,Anganwadi Centre 30,299,270,1,570,47.37
Howrah,701,Hwr-701,31,High School 31,367,345,1,713,48.39
Howrah,701,Hwr-701,32,Govt Office 32,336,345,0,681,50.66
Howrah,701,Hwr-701,33,Primary School 33,306,297,1,604,49.17
Howrah,701,Hwr-701,34,Temple Hall 34,360,370,1,731,50.62
Howrah,701,Hwr-701,35,High School 35,401,396,1,798,49.62
Howrah,701,Hwr-701,36,Club Building 36,310,297,0,607,48.93
Howrah,701,Hwr-701,37,Govt Office 37,341,307,0,648,47.38
Howrah,701,Hwr-701,38,Club Building 38,258,238,1,497,47.89
Howrah,701,Hwr-701,39,Temple Hall 39,379,383,0,762,50.26
Howrah,701,Hwr-701,40,Panchayat Bhavan 40,291,283,0,574,49.3
Howrah,701,Hwr-701,41,Anganwadi Centre 41,335,313,0,648,48.3
Howrah,701,Hwr-701,42,Madrasa 42,329,316,0,645,48.99
Howrah,701,Hwr-701,43,Panchayat Bhavan 43,354,356,0,710,50.14
Howrah,701,Hwr-701,44,Govt Office 44,349,336,0,685,49.05
Howrah,701,Hwr-701,45,Health Sub-Centre 45,387,379,1,767,49.41
Howrah,701,Hwr-701,46,High School 46,362,347,0,709,48.94
Howrah,701,Hwr-701,47,Anganwadi Centre 47,382,387,0,769,50.33
Howrah,701,Hwr-701,48,Primary School 48,320,319,1,640,49.84
Howrah,701,Hwr-701,49,Temple Hall 49,404,368,1,773,47.61
Howrah,701,Hwr-701,50,Temple Hall 50,286,279,1,566,49.29
Howrah,701,Hwr-701,51,Temple Hall 51,391,383,0,774,49.48
Howrah,701,Hwr-701,52,Primary School 52,375,380,1,756,50.26
Howrah,701,Hwr-701,53,Anganwadi Centre 53,258,252,1,511,49.32
Howrah,701,Hwr-701,54,High School 54,335,338,1,674,50.15
Howrah,701,Hwr-701,55,Market Building 55,408,405,1,814,49.75
Howrah,701,Hwr-701,56,Post Office 56,253,230,0,483,47.62
Howrah,701,Hwr-701,57,Anganwadi Centre 57,411,381,0,792,48.11
Howrah,701,Hwr-701,58,Community Hall 58,267,262,0,529,49.53
Howrah,701,Hwr-701,59,Community Hall 59,263,264,1,528,50.0
Howrah,701,Hwr-701,60,Govt Office 60,337,320,1,658,48.63
Howrah,701,Hwr-701,61,Primary School 61,335,341,1,677,50.37
Howrah,701,Hwr-701,62,Health Sub-Centre 62,259,250,0,509,49.12
Howrah,701,Hwr-701,63,Panchayat Bhavan 63,406,405,1,812,49.88
Howrah,701,Hwr-701,64,Temple Hall 64,412,385,1,798,48.25
Howrah,701,Hwr-701,65,Community Hall 65,323,293,0,616,47.56
Howrah,701,Hwr-701,66,Club Building 66,413,395,1,809,48.83
Howrah,701,Hwr-701,67,Community Hall 67,269,255,1,525,48.57
Howrah,701,Hwr-701,68,Panchayat Bhavan 68,394,365,1,760,48.03
Howrah,701,Hwr-701,69,Primary School 69,260,248,1,509,48.72
Howrah,701,Hwr-701,70,Primary School 70,293,277,0,570,48.6
Howrah,701,Hwr-701,71,Club Building 71,310,292,0,602,48.5
Howrah,701,Hwr-701,72,High School 72,399,394,1,794,49.62
Howrah,701,Hwr-701,73,Govt Office 73,346,329,1,676,48.67
Howrah,701,Hwr-701,74,Health Sub-Centre 74,361,329,0,690,47.68
Howrah,701,Hwr-701,75,Market Building 75,291,286,1,578,49.48
Howrah,701,Hwr-701,76,Post Office 76,386,360,1,747,48.19
Howrah,701,Hwr-701,77,Primary School 77,353,340,0,693,49.06
Howrah,701,Hwr-701,78,Madrasa 78,324,330,1,655,50.38
Howrah,701,Hwr-701,79,Primary School 79,376,361,0,737,48.98
Howrah,701,Hwr-701,80,Primary School 80,260,244,0,504,48.41
Howrah,701,Hwr-701,81,High School 81,308,312,1,621,50.24
Howrah,701,Hwr-701,82,Anganwadi Centre 82,312,307,0,619,49.6
Howrah,701,Hwr-701,83,Govt Office 83,308,276,0,584,47.26
Howrah,701,Hwr-701,84,Community Hall 84,343,350,0,693,50.51
Howrah,701,Hwr-701,85,Primary School 85,317,284,0,601,47.25
Howrah,701,Hwr-701,86,Market Building 86,396,392,1,789,49.68
Howrah,701,Hwr-701,87,Post Office 87,329,304,1,634,47.95
Howrah,701,Hwr-701,88,Health Sub-Centre 88,397,375,1,773,48.51
Howrah,701,Hwr-701,89,Madrasa 89,397,368,0,765,48.1
Howrah,701,Hwr-701,90,Anganwadi Centre 90,388,400,0,788,50.76
Howrah,701,Hwr-701,91,Club Building 91,294,288,1,583,49.4
Howrah,701,Hwr-701,92,Temple Hall 92,349,318,1,668,47.6
Howrah,701,Hwr-701,93,Primary School 93,284,282,1,567,49.74
Howrah,701,Hwr-701,94,Anganwadi Centre 94,341,350,0,691,50.65
Howrah,701,Hwr-701,95,Health Sub-Centre 95,277,283,0,560,50.54
Howrah,701,Hwr-701,96,High School 96,262,268,1,531,50.47
Howrah,701,Hwr-701,97,Panchayat Bhavan 97,406,375,0,781,48.02
Howrah,701,Hwr-701,98,Primary School 98,408,401,1,810,49.51
Howrah,701,Hwr-701,99,Anganwadi Centre 99,365,351,0,716,49.02
Howrah,701,Hwr-701,100,Community Hall 100,264,271,0,535,50.65
Howrah,701,Hwr-701,101,Post Office 101,289,298,1,588,50.68
Howrah,701,Hwr-701,102,Anganwadi Centre 102,342,340,0,682,49.85
Howrah,701,Hwr-701,103,Club Building 103,334,332,1,667,49.78
Howrah,701,Hwr-701,104,Anganwadi Centre 104,265,246,1,512,48.05
Howrah,701,Hwr-701,105,Panchayat Bhavan 105,376,369,0,745,49.53
Howrah,701,Hwr-701,106,Primary School 106,400,395,0,795,49.69
Howrah,701,Hwr-701,107,Community Hall 107,369,332,0,701,47.36
Howrah,701,Hwr-701,108,Temple Hall 108,389,350,0,739,47.36
Howrah,701,Hwr-701,109,Panchayat Bhavan 109,246,239,1,486,49.18
Howrah,701,Hwr-701,110,Club Building 110,333,319,1,653,48.85
Howrah,701,Hwr-701,111,Market Building 111,404,385,0,789,48.8
Howrah,701,Hwr-701,112,Madrasa 112,305,278,1,584,47.6
Howrah,701,Hwr-701,113,Post Office 113,328,315,0,643,48.99
Howrah,701,Hwr-701,114,Anganwadi Centre 114,381,350,0,731,47.88
Howrah,701,Hwr-701,115,Health Sub-Centre 115,310,319,0,629,50.72
Howrah,701,Hwr-701,116,Anganwadi Centre 116,394,361,1,756,47.75
Howrah,701,Hwr-701,117,Anganwadi Centre 117,431,387,0,818,47.31
Howrah,701,Hwr-701,118,Primary School 118,272,274,1,547,50.09
Howrah,701,Hwr-701,119,Post Office 119,244,237,1,482,49.17
Howrah,701,Hwr-701,120,Health Sub-Centre 120,417,393,0,810,48.52
Howrah,701,Hwr-701,121,High School 121,420,389,1,810,48.02
Howrah,701,Hwr-701,122,Temple Hall 122,369,337,1,707,47.67
Howrah,701,Hwr-701,123,Temple Hall 123,353,326,1,680,47.94
Howrah,701,Hwr-701,124,Health Sub-Centre 124,304,283,0,587,48.21
Howrah,701,Hwr-701,125,Temple Hall 125,315,298,0,613,48.61
Howrah,701,Hwr-701,126,Panchayat Bhavan 126,308,296,1,605,48.93
Howrah,701,Hwr-701,127,Temple Hall 127,351,356,0,707,50.35
Howrah,701,Hwr-701,128,Anganwadi Centre 128,351,346,1,698,49.57
Howrah,701,Hwr-701,129,Madrasa 129,271,249,0,520,47.88
Howrah,701,Hwr-701,130,Primary School 130,367,371,0,738,50.27
Howrah,701,Hwr-701,131,Primary School 131,286,260,0,546,47.62
Howrah,701,Hwr-701,132,Community Hall 132,255,238,0,493,48.28
Howrah,701,Hwr-701,133,Post Office 133,368,360,0,728,49.45
Howrah,701,Hwr-701,134,Anganwadi Centre 134,254,231,0,485,47.63
Howrah,701,Hwr-701,135,Post Office 135,430,388,0,818,47.43
Howrah,701,Hwr-701,136,Govt Office 136,250,246,0,496,49.6
Howrah,701,Hwr-701,137,Panchayat Bhavan 137,354,345,1,700,49.29
Howrah,701,Hwr-701,138,Primary School 138,364,337,1,702,48.01
Howrah,701,Hwr-701,139,Market Building 139,271,255,1,527,48.39
Howrah,701,Hwr-701,140,Panchayat Bhavan 140,398,366,0,764,47.91
Howrah,701,Hwr-701,141,Govt Office 141,295,301,1,597,50.42
Howrah,701,Hwr-701,142,Community Hall 142,266,273,0,539,50.65
Howrah,701,Hwr-701,143,Anganwadi Centre 143,354,320,1,675,47.41
Howrah,701,Hwr-701,144,Anganwadi Centre 144,309,310,0,619,50.08
Howrah,701,Hwr-701,145,Panchayat Bhavan 145,275,258,0,533,48.41
Howrah,701,Hwr-701,146,Primary School 146,305,296,1,602,49.17
Howrah,701,Hwr-701,147,Primary School 147,311,317,0,628,50.48
Howrah,702,Hwr-702,1,Market Building 1,270,260,1,531,48.96
Howrah,702,Hwr-702,2,Primary School 2,399,410,0,809,50.68
Howrah,702,Hwr-702,3,Health Sub-Centre 3,359,351,0,710,49.44
Howrah,702,Hwr-702,4,Temple Hall 4,330,297,1,628,47.29
Howrah,702,Hwr-702,5,Community Hall 5,312,307,1,620,49.52
Howrah,702,Hwr-702,6,Post Office 6,331,310,1,642,48.29
Howrah,702,Hwr-702,7,Post Office 7,396,404,1,801,50.44
Howrah,702,Hwr-702,8,Madrasa 8,319,321,0,640,50.16
Howrah,702,Hwr-702,9,Community Hall 9,278,278,1,557,49.91
Howrah,702,Hwr-702,10,Madrasa 10,334,316,0,650,48.62
Howrah,702,Hwr-702,11,Market Building 11,379,362,0,741,48.85
Howrah,702,Hwr-702,12,Temple Hall 12,263,237,1,501,47.31
Howrah,702,Hwr-702,13,Post Office 13,391,401,1,793,50.57
Howrah,702,Hwr-702,14,Health Sub-Centre 14,265,251,0,516,48.64
Howrah,702,Hwr-702,15,Post Office 15,360,325,1,686,47.38
Howrah,702,Hwr-702,16,Post Office 16,258,257,0,515,49.9
Howrah,702,Hwr-702,17,Club Building 17,249,235,0,484,48.55
Howrah,702,Hwr-702,18,High School 18,348,357,0,705,50.64
Howrah,702,Hwr-702,19,Madrasa 19,382,353,1,736,47.96
Howrah,702,Hwr-702,20,Govt Office 20,385,365,1,751,48.6
Howrah,702,Hwr-702,21,Post Office 21,417,396,0,813,48.71
Howrah,702,Hwr-702,22,Temple Hall 22,238,242,0,480,50.42
Howrah,702,Hwr-702,23,Temple Hall 23,395,388,1,784,49.49
Howrah,702,Hwr-702,24,Temple Hall 24,320,293,0,613,47.8
Howrah,702,Hwr-702,25,Panchayat Bhavan 25,289,280,0,569,49.21
Howrah,702,Hwr-702,26,Panchayat Bhavan 26,398,396,0,794,49.87
Howrah,702,Hwr-702,27,Club Building 27,283,262,1,546,47.99
Howrah,702,Hwr-702,28,Madrasa 28,246,251,0,497,50.5
Howrah,702,Hwr-702,29,High School 29,246,253,0,499,50.7
Howrah,702,Hwr-702,30,Temple Hall 30,364,376,0,740,50.81
Howrah,702,Hwr-702,31,Panchayat Bhavan 31,415,393,1,809,48.58
Howrah,702,Hwr-702,32,Post Office 32,277,261,1,539,48.42
Howrah,702,Hwr-702,33,Temple Hall 33,301,274,1,576,47.57
Howrah,702,Hwr-702,34,Market Building 34,372,335,0,707,47.38
Howrah,702,Hwr-702,35,Club Building 35,270,250,0,520,48.08
Howrah,702,Hwr-702,36,Govt Office 36,314,291,0,605,48.1
Howrah,702,Hwr-702,37,Madrasa 37,265,273,0,538,50.74
Howrah,702,Hwr-702,38,Post Office 38,384,352,1,737,47.76
Howrah,702,Hwr-702,39,Market Building 39,398,385,0,783,49.17
Howrah,702,Hwr-702,40,Primary School 40,285,269,1,555,48.47
Howrah,702,Hwr-702,41,High School 41,344,313,0,657,47.64
Howrah,702,Hwr-702,42,Community Hall 42,315,306,0,621,49.28
Howrah,702,Hwr-702,43,Community Hall 43,311,319,1,631,50.55
Howrah,702,Hwr-702,44,Govt Office 44,292,274,0,566,48.41
Howrah,702,Hwr-702,45,Anganwadi Centre 45,288,288,1,577,49.91
Howrah,702,Hwr-702,46,Panchayat Bhavan 46,276,250,0,526,47.53
Howrah,702,Hwr-702,47,Temple Hall 47,313,313,1,627,49.92
Howrah,702,Hwr-702,48,Panchayat Bhavan 48,305,300,1,606,49.5
Howrah,702,Hwr-702,49,Post Office 49,274,267,1,542,49.26
Howrah,702,Hwr-702,50,Post Office 50,385,353,1,739,47.77
Howrah,702,Hwr-702,51,High School 51,341,342,1,684,50.0
Howrah,702,Hwr-702,52,Anganwadi Centre 52,393,390,0,783,49.81
Howrah,702,Hwr-702,53,Govt Office 53,285,275,1,561,49.02
Howrah,702,Hwr-702,54,Panchayat Bhavan 54,261,267,1,529,50.47
Howrah,702,Hwr-702,55,Post Office 55,336,312,1,649,48.07
Howrah,702,Hwr-702,56,Madrasa 56,388,368,0,756,48.68
Howrah,702,Hwr-702,57,Primary School 57,342,340,0,682,49.85
Howrah,702,Hwr-702,58,Market Building 58,252,236,1,489,48.26
Howrah,702,Hwr-702,59,Health Sub-Centre 59,375,365,0,740,49.32
Howrah,702,Hwr-702,60,Primary School 60,420,398,1,819,48.6
Howrah,702,Hwr-702,61,Madrasa 61,328,316,0,644,49.07
Howrah,702,Hwr-702,62,Health Sub-Centre 62,320,304,1,625,48.64
Howrah,702,Hwr-702,63,Market Building 63,352,334,1,687,48.62
Howrah,702,Hwr-702,64,Primary School 64,274,258,0,532,48.5
Howrah,702,Hwr-702,65,Market Building 65,296,266,0,562,47.33
Howrah,702,Hwr-702,66,Post Office 66,375,337,1,713,47.27
Howrah,702,Hwr-702,67,Market Building 67,312,322,1,635,50.71
Howrah,702,Hwr-702,68,Govt Office 68,311,292,1,604,48.34
Howrah,702,Hwr-702,69,Temple Hall 69,239,241,0,480,50.21
Howrah,702,Hwr-702,70,Community Hall 70,360,339,1,700,48.43
Howrah,702,Hwr-702,71,Panchayat Bhavan 71,327,323,1,651,49.62
Howrah,702,Hwr-702,72,Health Sub-Centre 72,277,257,1,535,48.04
Howrah,702,Hwr-702,73,Market Building 73,262,250,1,513,48.73
Howrah,702,Hwr-702,74,Community Hall 74,388,348,0,736,47.28
Howrah,702,Hwr-702,75,Community Hall 75,385,399,1,785,50.83
Howrah,702,Hwr-702,76,Anganwadi Centre 76,314,284,0,598,47.49
Howrah,702,Hwr-702,77,Community Hall 77,398,380,1,779,48.78
Howrah,702,Hwr-702,78,Govt Office 78,250,230,0,480,47.92
Howrah,702,Hwr-702,79,High School 79,360,328,1,689,47.61
Howrah,702,Hwr-702,80,Health Sub-Centre 80,316,303,0,619,48.95
Howrah,702,Hwr-702,81,Govt Office 81,319,298,1,618,48.22
Howrah,702,Hwr-702,82,Primary School 82,277,261,1,539,48.42
Howrah,702,Hwr-702,83,Panchayat Bhavan 83,287,289,0,576,50.17
Howrah,702,Hwr-702,84,Market Building 84,380,381,0,761,50.07
Howrah,702,Hwr-702,85,Panchayat Bhavan 85,420,382,0,802,47.63
Howrah,702,Hwr-702,86,Market Building 86,398,378,0,776,48.71
Howrah,702,Hwr-702,87,Madrasa 87,314,298,1,613,48.61
Howrah,702,Hwr-702,88,Temple Hall 88,332,303,0,635,47.72
Howrah,702,Hwr-702,89,Primary School 89,292,283,1,576,49.13
Howrah,702,Hwr-702,90,Primary School 90,264,251,0,515,48.74
Howrah,702,Hwr-702,91,Club Building 91,386,386,1,773,49.94
Howrah,702,Hwr-702,92,Anganwadi Centre 92,354,360,0,714,50.42
Howrah,702,Hwr-702,93,Govt Office 93,255,244,0,499,48.9
Howrah,702,Hwr-702,94,Anganwadi Centre 94,316,287,0,603,47.6
Howrah,702,Hwr-702,95,Madrasa 95,347,336,0,683,49.19
Howrah,702,Hwr-702,96,Madrasa 96,305,297,0,602,49.34
Howrah,702,Hwr-702,97,Market Building 97,419,375,0,794,47.23
Howrah,702,Hwr-702,98,Community Hall 98,317,321,0,638,50.31
Howrah,702,Hwr-702,99,Health Sub-Centre 99,285,270,1,556,48.56
Howrah,702,Hwr-702,100,Temple Hall 100,260,254,0,514,49.42
Howrah,702,Hwr-702,101,Govt Office 101,392,397,1,790,50.25
Howrah,702,Hwr-702,102,Primary School 102,286,286,0,572,50.0
Howrah,702,Hwr-702,103,High School 103,396,377,1,774,48.71
Howrah,702,Hwr-702,104,Health Sub-Centre 104,347,328,1,676,48.52
Howrah,702,Hwr-702,105,High School 105,364,357,1,722,49.45
Howrah,702,Hwr-702,106,Market Building 106,244,248,0,492,50.41
Howrah,702,Hwr-702,107,Club Building 107,312,289,1,602,48.01
Howrah,702,Hwr-702,108,Madrasa 108,341,332,0,673,49.33
Howrah,702,Hwr-702,109,Panchayat Bhavan 109,413,389,0,802,48.5
Howrah,702,Hwr-702,110,Temple Hall 110,267,268,0,535,50.09
Howrah,702,Hwr-702,111,Panchayat Bhavan 111,296,268,1,565,47.43
Howrah,702,Hwr-702,112,Madrasa 112,346,317,0,663,47.81
Howrah,702,Hwr-702,113,Panchayat Bhavan 113,307,309,0,616,50.16
Howrah,702,Hwr-702,114,Health Sub-Centre 114,423,380,0,803,47.32
Howrah,702,Hwr-702,115,Club Building 115,322,310,1,633,48.97
Howrah,702,Hwr-702,116,Temple Hall 116,351,347,1,699,49.64
Howrah,702,Hwr-702,117,Anganwadi Centre 117,329,318,0,647,49.15
Howrah,702,Hwr-702,118,Madrasa 118,389,360,0,749,48.06
Howrah,702,Hwr-702,119,High School 119,304,282,1,587,48.04
Howrah,702,Hwr-702,120,Temple Hall 120,403,392,0,795,49.31
Howrah,702,Hwr-702,121,Market Building 121,297,298,1,596,50.0
Howrah,702,Hwr-702,122,Madrasa 122,334,307,0,641,47.89
Howrah,702,Hwr-702,123,Market Building 123,381,361,1,743,48.59
Howrah,702,Hwr-702,124,Temple Hall 124,315,290,0,605,47.93
Howrah,702,Hwr-702,125,Madrasa 125,292,296,0,588,50.34
Howrah,702,Hwr-702,126,Panchayat Bhavan 126,419,374,0,793,47.16
Howrah,702,Hwr-702,127,Market Building 127,305,294,1,600,49.0
Howrah,702,Hwr-702,128,High School 128,351,324,0,675,48.0
Howrah,702,Hwr-702,129,Health Sub-Centre 129,399,408,0,807,50.56
Howrah,702,Hwr-702,130,Temple Hall 130,379,341,0,720,47.36
Howrah,702,Hwr-702,131,Community Hall 131,340,307,1,648,47.38
Howrah,702,Hwr-702,132,Madrasa 132,328,315,0,643,48.99
Howrah,702,Hwr-702,133,Community Hall 133,356,323,0,679,47.57
Howrah,702,Hwr-702,134,Panchayat Bhavan 134,253,262,1,516,50.78
Howrah,702,Hwr-702,135,Market Building 135,359,339,0,698,48.57
Howrah,702,Hwr-702,136,Panchayat Bhavan 136,373,355,0,728,48.76
Howrah,702,Hwr-702,137,Anganwadi Centre 137,296,278,0,574,48.43
Howrah,702,Hwr-702,138,Community Hall 138,272,244,0,516,47.29
Howrah,702,Hwr-702,139,Club Building 139,306,301,0,607,49.59
Howrah,702,Hwr-702,140,Market Building 140,353,323,0,676,47.78
Howrah,703,Hwr-703,1,Primary School 1,319,309,0,628,49.2
Howrah,703,Hwr-703,2,Market Building 2,399,412,1,812,50.74
Howrah,703,Hwr-703,3,Market Building 3,388,360,1,749,48.06
Howrah,703,Hwr-703,4,High School 4,318,330,1,649,50.85
Howrah,703,Hwr-703,5,High School 5,348,316,1,665,47.52
Howrah,703,Hwr-703,6,Post Office 6,278,255,1,534,47.75
Howrah,703,Hwr-703,7,Club Building 7,391,389,1,781,49.81
Howrah,703,Hwr-703,8,Govt Office 8,313,318,1,632,50.32
Howrah,703,Hwr-703,9,Temple Hall 9,386,345,0,731,47.2
Howrah,703,Hwr-703,10,Club Building 10,340,317,0,657,48.25
Howrah,703,Hwr-703,11,Community Hall 11,326,315,1,642,49.07
Howrah,703,Hwr-703,12,Post Office 12,387,383,1,771,49.68
Howrah,703,Hwr-703,13,Madrasa 13,248,248,1,497,49.9
Howrah,703,Hwr-703,14,Madrasa 14,263,268,0,531,50.47
Howrah,703,Hwr-703,15,Temple Hall 15,355,340,0,695,48.92
Howrah,703,Hwr-703,16,Temple Hall 16,322,303,0,625,48.48
Howrah,703,Hwr-703,17,Primary School 17,243,241,1,485,49.69
Howrah,703,Hwr-703,18,Health Sub-Centre 18,279,267,1,547,48.81
Howrah,703,Hwr-703,19,Govt Office 19,421,391,0,812,48.15
Howrah,703,Hwr-703,20,Post Office 20,390,396,1,787,50.32
Howrah,703,Hwr-703,21,Primary School 21,294,297,0,591,50.25
Howrah,703,Hwr-703,22,Post Office 22,238,243,0,481,50.52
Howrah,703,Hwr-703,23,Govt Office 23,238,242,1,481,50.31
Howrah,703,Hwr-703,24,Health Sub-Centre 24,336,345,0,681,50.66
Howrah,703,Hwr-703,25,Club Building 25,340,327,0,667,49.03
Howrah,703,Hwr-703,26,Anganwadi Centre 26,243,249,0,492,50.61
Howrah,703,Hwr-703,27,Primary School 27,332,312,1,645,48.37
Howrah,703,Hwr-703,28,Post Office 28,400,412,1,813,50.68
Howrah,703,Hwr-703,29,Primary School 29,322,305,0,627,48.64
Howrah,703,Hwr-703,30,Market Building 30,374,386,1,761,50.72
Howrah,703,Hwr-703,31,Anganwadi Centre 31,373,369,1,743,49.66
Howrah,703,Hwr-703,32,Madrasa 32,399,413,1,813,50.8
Howrah,703,Hwr-703,33,Market Building 33,350,330,1,681,48.46
Howrah,703,Hwr-703,34,Primary School 34,415,381,1,797,47.8
Howrah,703,Hwr-703,35,Post Office 35,269,253,1,523,48.37
Howrah,703,Hwr-703,36,High School 36,341,328,0,669,49.03
Howrah,703,Hwr-703,37,Govt Office 37,315,293,0,608,48.19
Howrah,703,Hwr-703,38,Post Office 38,244,236,0,480,49.17
Howrah,703,Hwr-703,39,Post Office 39,284,259,1,544,47.61
Howrah,703,Hwr-703,40,Madrasa 40,402,369,0,771,47.86
Howrah,703,Hwr-703,41,Community Hall 41,382,367,0,749,49.0
Howrah,703,Hwr-703,42,Govt Office 42,368,347,1,716,48.46
Howrah,703,Hwr-703,43,Health Sub-Centre 43,255,245,1,501,48.9
Howrah,703,Hwr-703,44,Post Office 44,365,348,1,714,48.74
Howrah,703,Hwr-703,45,Temple Hall 45,380,364,0,744,48.92
Howrah,703,Hwr-703,46,Primary School 46,272,251,0,523,47.99
Howrah,703,Hwr-703,47,Market Building 47,387,374,0,761,49.15
Howrah,703,Hwr-703,48,Health Sub-Centre 48,321,333,1,655,50.84
Howrah,703,Hwr-703,49,Post Office 49,417,403,0,820,49.15
Howrah,703,Hwr-703,50,Club Building 50,387,362,1,750,48.27
Howrah,703,Hwr-703,51,Madrasa 51,254,235,1,490,47.96
Howrah,703,Hwr-703,52,High School 52,274,255,1,530,48.11
Howrah,703,Hwr-703,53,Govt Office 53,340,333,1,674,49.41
Howrah,703,Hwr-703,54,Primary School 54,295,291,0,586,49.66
Howrah,703,Hwr-703,55,Market Building 55,392,369,0,761,48.49
Howrah,703,Hwr-703,56,Govt Office 56,271,262,0,533,49.16
Howrah,703,Hwr-703,57,Panchayat Bhavan 57,383,355,1,739,48.04
Howrah,703,Hwr-703,58,Health Sub-Centre 58,339,350,1,690,50.72
Howrah,703,Hwr-703,59,Community Hall 59,387,401,1,789,50.82
Howrah,703,Hwr-703,60,Govt Office 60,341,308,0,649,47.46
Howrah,703,Hwr-703,61,Anganwadi Centre 61,372,351,0,723,48.55
Howrah,703,Hwr-703,62,Temple Hall 62,312,308,1,621,49.6
Howrah,703,Hwr-703,63,High School 63,305,281,1,587,47.87
Howrah,703,Hwr-703,64,Madrasa 64,416,375,0,791,47.41
Howrah,703,Hwr-703,65,High School 65,323,296,1,620,47.74
Howrah,703,Hwr-703,66,Community Hall 66,267,270,1,538,50.19
Howrah,703,Hwr-703,67,Panchayat Bhavan 67,422,389,1,812,47.91
Howrah,703,Hwr-703,68,Market Building 68,301,300,1,602,49.83
Howrah,703,Hwr-703,69,Primary School 69,369,344,0,713,48.25
Howrah,703,Hwr-703,70,Anganwadi Centre 70,389,387,0,776,49.87
Howrah,703,Hwr-703,71,Temple Hall 71,318,313,0,631,49.6
Howrah,703,Hwr-703,72,Anganwadi Centre 72,411,390,0,801,48.69
Howrah,703,Hwr-703,73,Community Hall 73,349,333,1,683,48.76
Howrah,703,Hwr-703,74,Govt Office 74,388,371,1,760,48.82
Howrah,703,Hwr-703,75,Anganwadi Centre 75,321,319,1,641,49.77
Howrah,703,Hwr-703,76,Govt Office 76,384,379,0,763,49.67
Howrah,703,Hwr-703,77,Health Sub-Centre 77,258,250,0,508,49.21
Howrah,703,Hwr-703,78,Panchayat Bhavan 78,342,353,1,696,50.72
Howrah,703,Hwr-703,79,Post Office 79,339,323,1,663,48.72
Howrah,703,Hwr-703,80,Govt Office 80,258,236,1,495,47.68
Howrah,703,Hwr-703,81,Post Office 81,262,253,0,515,49.13
Howrah,703,Hwr-703,82,Panchayat Bhavan 82,311,280,1,592,47.3
Howrah,703,Hwr-703,83,Temple Hall 83,262,262,0,524,50.0
Howrah,703,Hwr-703,84,Temple Hall 84,373,346,1,720,48.06
Howrah,703,Hwr-703,85,Post Office 85,397,357,1,755,47.28
Howrah,703,Hwr-703,86,Health Sub-Centre 86,369,379,0,748,50.67
Howrah,703,Hwr-703,87,Temple Hall 87,277,269,0,546,49.27
Howrah,703,Hwr-703,88,Post Office 88,401,402,0,803,50.06
Howrah,703,Hwr-703,89,Anganwadi Centre 89,286,291,1,578,50.35
Howrah,703,Hwr-703,90,Govt Office 90,395,363,1,759,47.83
Howrah,703,Hwr-703,91,Anganwadi Centre 91,413,375,1,789,47.53
Howrah,703,Hwr-703,92,Panchayat Bhavan 92,257,241,0,498,48.39
Howrah,703,Hwr-703,93,Temple Hall 93,259,239,1,499,47.9
Howrah,703,Hwr-703,94,Community Hall 94,409,391,0,800,48.88
Howrah,703,Hwr-703,95,Panchayat Bhavan 95,333,305,0,638,47.81
Howrah,703,Hwr-703,96,Anganwadi Centre 96,254,247,0,501,49.3
Howrah,703,Hwr-703,97,Market Building 97,304,310,1,615,50.41
Howrah,703,Hwr-703,98,Anganwadi Centre 98,329,300,1,630,47.62
Howrah,703,Hwr-703,99,Temple Hall 99,367,332,1,700,47.43
Howrah,703,Hwr-703,100,Club Building 100,272,272,1,545,49.91
Howrah,703,Hwr-703,101,Post Office 101,399,402,0,801,50.19
Howrah,703,Hwr-703,102,Market Building 102,403,373,1,777,48.01
Howrah,703,Hwr-703,103,High School 103,400,388,0,788,49.24
Howrah,703,Hwr-703,104,Temple Hall 104,341,344,0,685,50.22
Howrah,703,Hwr-703,105,Anganwadi Centre 105,260,246,0,506,48.62
Howrah,703,Hwr-703,106,Panchayat Bhavan 106,345,349,0,694,50.29
Howrah,703,Hwr-703,107,Govt Office 107,373,375,1,749,50.07
Howrah,703,Hwr-703,108,Primary School 108,271,246,0,517,47.58
Howrah,703,Hwr-703,109,Market Building 109,255,231,1,487,47.43
Howrah,703,Hwr-703,110,High School 110,396,359,0,755,47.55
Howrah,703,Hwr-703,111,Govt Office 111,274,272,1,547,49.73
Howrah,703,Hwr-703,112,Temple Hall 112,296,268,1,565,47.43
Howrah,703,Hwr-703,113,Community Hall 113,291,297,0,588,50.51
Howrah,703,Hwr-703,114,Club Building 114,385,356,0,741,48.04
Howrah,703,Hwr-703,115,Club Building 115,372,381,0,753,50.6
Howrah,703,Hwr-703,116,Community Hall 116,357,325,0,682,47.65
Howrah,703,Hwr-703,117,Post Office 117,404,395,1,800,49.38
Howrah,703,Hwr-703,118,Govt Office 118,369,338,1,708,47.74
Howrah,703,Hwr-703,119,Post Office 119,298,274,1,573,47.82
Howrah,703,Hwr-703,120,Anganwadi Centre 120,381,367,0,748,49.06
Howrah,703,Hwr-703,121,Health Sub-Centre 121,336,332,1,669,49.63
Howrah,703,Hwr-703,122,Club Building 122,247,250,1,498,50.2
Howrah,703,Hwr-703,123,Health Sub-Centre 123,345,332,1,678,48.97
Howrah,703,Hwr-703,124,Market Building 124,315,318,0,633,50.24
Howrah,703,Hwr-703,125,Anganwadi Centre 125,383,380,0,763,49.8
Howrah,703,Hwr-703,126,Madrasa 126,364,358,1,723,49.52
Howrah,703,Hwr-703,127,High School 127,255,228,0,483,47.2
Howrah,703,Hwr-703,128,Primary School 128,309,297,0,606,49.01
Howrah,703,Hwr-703,129,Temple Hall 129,284,283,0,567,49.91
Howrah,703,Hwr-703,130,Market Building 130,329,340,1,670,50.75
Howrah,703,Hwr-703,131,Primary School 131,378,349,1,728,47.94
Howrah,703,Hwr-703,132,Club Building 132,395,375,0,770,48.7
Howrah,703,Hwr-703,133,Market Building 133,390,392,1,783,50.06
Howrah,703,Hwr-703,134,Madrasa 134,312,292,1,605,48.26
Howrah,703,Hwr-703,135,High School 135,334,320,1,655,48.85
Howrah,703,Hwr-703,136,Club Building 136,341,326,0,667,48.88
Howrah,703,Hwr-703,137,Govt Office 137,355,345,0,700,49.29
Howrah,703,Hwr-703,138,Madrasa 138,295,300,0,595,50.42
Howrah,703,Hwr-703,139,Club Building 139,257,246,0,503,48.91
Howrah,704,Hwr-704,1,Madrasa 1,277,277,0,554,50.0
Howrah,704,Hwr-704,2,Primary School 2,308,292,0,600,48.67
Howrah,704,Hwr-704,3,Primary School 3,288,288,0,576,50.0
Howrah,704,Hwr-704,4,High School 4,374,341,1,716,47.63
Howrah,704,Hwr-704,5,Madrasa 5,384,374,0,758,49.34
Howrah,704,Hwr-704,6,Temple Hall 6,306,314,0,620,50.65
Howrah,704,Hwr-704,7,Market Building 7,412,390,1,803,48.57
Howrah,704,Hwr-704,8,Health Sub-Centre 8,245,236,0,481,49.06
Howrah,704,Hwr-704,9,Primary School 9,348,318,1,667,47.68
Howrah,704,Hwr-704,10,Community Hall 10,360,333,0,693,48.05
Howrah,704,Hwr-704,11,Post Office 11,284,260,1,545,47.71
Howrah,704,Hwr-704,12,Post Office 12,304,287,0,591,48.56
Howrah,704,Hwr-704,13,Post Office 13,339,330,1,670,49.25
Howrah,704,Hwr-704,14,Community Hall 14,258,262,1,521,50.29
Howrah,704,Hwr-704,15,Panchayat Bhavan 15,307,304,0,611,49.75
Howrah,704,Hwr-704,16,Madrasa 16,269,274,1,544,50.37
Howrah,704,Hwr-704,17,Madrasa 17,337,338,1,676,50.0
Howrah,704,Hwr-704,18,Club Building 18,390,391,0,781,50.06
Howrah,704,Hwr-704,19,Health Sub-Centre 19,329,323,1,653,49.46
Howrah,704,Hwr-704,20,High School 20,309,302,1,612,49.35
Howrah,704,Hwr-704,21,High School 21,327,330,1,658,50.15
Howrah,704,Hwr-704,22,Market Building 22,260,245,0,505,48.51
Howrah,704,Hwr-704,23,Govt Office 23,290,271,1,562,48.22
Howrah,704,Hwr-704,24,Govt Office 24,282,272,1,555,49.01
Howrah,704,Hwr-704,25,Anganwadi Centre 25,317,312,1,630,49.52
Howrah,704,Hwr-704,26,Community Hall 26,381,380,0,761,49.93
Howrah,704,Hwr-704,27,Panchayat Bhavan 27,350,349,0,699,49.93
Howrah,704,Hwr-704,28,Anganwadi Centre 28,288,282,0,570,49.47
Howrah,704,Hwr-704,29,High School 29,255,228,0,483,47.2
Howrah,704,Hwr-704,30,Community Hall 30,371,361,1,733,49.25
Howrah,704,Hwr-704,31,Panchayat Bhavan 31,350,326,1,677,48.15
Howrah,704,Hwr-704,32,Madrasa 32,330,329,1,660,49.85
Howrah,704,Hwr-704,33,High School 33,354,366,1,721,50.76
Howrah,704,Hwr-704,34,Club Building 34,255,260,1,516,50.39
Howrah,704,Hwr-704,35,Govt Office 35,354,340,1,695,48.92
Howrah,704,Hwr-704,36,Community Hall 36,417,381,1,799,47.68
Howrah,704,Hwr-704,37,Post Office 37,288,297,1,586,50.68
Howrah,704,Hwr-704,38,Primary School 38,391,378,1,770,49.09
Howrah,704,Hwr-704,39,Primary School 39,324,305,1,630,48.41
Howrah,704,Hwr-704,40,Health Sub-Centre 40,315,285,0,600,47.5
Howrah,704,Hwr-704,41,Panchayat Bhavan 41,266,271,1,538,50.37
Howrah,704,Hwr-704,42,High School 42,320,306,1,627,48.8
Howrah,704,Hwr-704,43,Club Building 43,282,267,1,550,48.55
Howrah,704,Hwr-704,44,Primary School 44,260,235,1,496,47.38
Howrah,704,Hwr-704,45,Govt Office 45,266,249,0,515,48.35
Howrah,704,Hwr-704,46,Primary School 46,381,360,0,741,48.58
Howrah,704,Hwr-704,47,Club Building 47,255,234,0,489,47.85
Howrah,704,Hwr-704,48,Anganwadi Centre 48,318,314,0,632,49.68
Howrah,704,Hwr-704,49,Govt Office 49,393,374,0,767,48.76
Howrah,704,Hwr-704,50,Temple Hall 50,395,356,1,752,47.34
Howrah,704,Hwr-704,51,Community Hall 51,348,333,0,681,48.9
Howrah,704,Hwr-704,52,Anganwadi Centre 52,361,341,1,703,48.51
Howrah,704,Hwr-704,53,Health Sub-Centre 53,404,387,1,792,48.86
Howrah,704,Hwr-704,54,Panchayat Bhavan 54,398,365,1,764,47.77
Howrah,704,Hwr-704,55,Panchayat Bhavan 55,321,316,1,638,49.53
Howrah,704,Hwr-704,56,Health Sub-Centre 56,322,311,0,633,49.13
Howrah,704,Hwr-704,57,Anganwadi Centre 57,415,391,1,807,48.45
Howrah,704,Hwr-704,58,Health Sub-Centre 58,389,355,0,744,47.72
Howrah,704,Hwr-704,59,Post Office 59,356,352,1,709,49.65
Howrah,704,Hwr-704,60,Community Hall 60,268,241,1,510,47.25
Howrah,704,Hwr-704,61,Govt Office 61,403,396,1,800,49.5
Howrah,704,Hwr-704,62,Primary School 62,302,272,0,574,47.39
Howrah,704,Hwr-704,63,Madrasa 63,263,267,0,530,50.38
Howrah,704,Hwr-704,64,Health Sub-Centre 64,409,410,1,820,50.0
Howrah,704,Hwr-704,65,Market Building 65,339,315,1,655,48.09
Howrah,704,Hwr-704,66,Club Building 66,289,300,1,590,50.85
Howrah,704,Hwr-704,67,Post Office 67,362,336,0,698,48.14
Howrah,704,Hwr-704,68,Market Building 68,394,358,0,752,47.61
Howrah,704,Hwr-704,69,Post Office 69,272,265,1,538,49.26
Howrah,704,Hwr-704,70,Temple Hall 70,254,240,1,495,48.48
Howrah,704,Hwr-704,71,Post Office 71,255,253,0,508,49.8
Howrah,704,Hwr-704,72,Post Office 72,265,262,1,528,49.62
Howrah,704,Hwr-704,73,Health Sub-Centre 73,395,366,1,762,48.03
Howrah,704,Hwr-704,74,Market Building 74,277,252,0,529,47.64
Howrah,704,Hwr-704,75,Community Hall 75,246,248,1,495,50.1
Howrah,704,Hwr-704,76,Health Sub-Centre 76,374,363,0,737,49.25
Howrah,704,Hwr-704,77,Madrasa 77,375,359,0,734,48.91
Howrah,704,Hwr-704,78,Health Sub-Centre 78,267,245,0,512,47.85
Howrah,704,Hwr-704,79,Market Building 79,293,300,0,593,50.59
Howrah,704,Hwr-704,80,Temple Hall 80,268,247,1,516,47.87
Howrah,704,Hwr-704,81,Panchayat Bhavan 81,306,303,0,609,49.75
Howrah,704,Hwr-704,82,Temple Hall 82,273,244,0,517,47.2
Howrah,704,Hwr-704,83,Primary School 83,304,294,0,598,49.16
Howrah,704,Hwr-704,84,Market Building 84,365,331,1,697,47.49
Howrah,704,Hwr-704,85,Market Building 85,299,295,1,595,49.58
Howrah,704,Hwr-704,86,Health Sub-Centre 86,352,317,0,669,47.38
Howrah,704,Hwr-704,87,Anganwadi Centre 87,379,382,1,762,50.13
Howrah,704,Hwr-704,88,Madrasa 88,328,329,0,657,50.08
Howrah,704,Hwr-704,89,Market Building 89,347,341,0,688,49.56
Howrah,704,Hwr-704,90,Madrasa 90,337,332,0,669,49.63
Howrah,704,Hwr-704,91,Govt Office 91,404,375,1,780,48.08
Howrah,704,Hwr-704,92,Primary School 92,274,269,1,544,49.45
Howrah,704,Hwr-704,93,Community Hall 93,398,384,1,783,49.04
Howrah,704,Hwr-704,94,Madrasa 94,382,388,1,771,50.32
Howrah,704,Hwr-704,95,High School 95,264,253,1,518,48.84
Howrah,704,Hwr-704,96,Market Building 96,407,393,1,801,49.06
Howrah,704,Hwr-704,97,Temple Hall 97,268,260,0,528,49.24
Howrah,704,Hwr-704,98,Primary School 98,261,255,1,517,49.32
Howrah,704,Hwr-704,99,Market Building 99,247,244,1,492,49.59
Howrah,704,Hwr-704,100,Health Sub-Centre 100,308,282,1,591,47.72
Howrah,704,Hwr-704,101,Panchayat Bhavan 101,292,266,0,558,47.67
Howrah,704,Hwr-704,102,Market Building 102,423,386,1,810,47.65
Howrah,704,Hwr-704,103,Anganwadi Centre 103,269,254,0,523,48.57
Howrah,704,Hwr-704,104,Post Office 104,252,257,1,510,50.39
Howrah,704,Hwr-704,105,Anganwadi Centre 105,259,250,0,509,49.12
Howrah,704,Hwr-704,106,Primary School 106,305,289,1,595,48.57
Howrah,704,Hwr-704,107,Temple Hall 107,325,321,1,647,49.61
Howrah,704,Hwr-704,108,Anganwadi Centre 108,272,257,0,529,48.58
Howrah,704,Hwr-704,109,Primary School 109,316,326,1,643,50.7
Howrah,704,Hwr-704,110,Madrasa 110,382,357,0,739,48.31
Howrah,704,Hwr-704,111,High School 111,406,371,0,777,47.75
Howrah,704,Hwr-704,112,Govt Office 112,366,360,0,726,49.59
Howrah,704,Hwr-704,113,Market Building 113,328,318,1,647,49.15
Howrah,704,Hwr-704,114,Health Sub-Centre 114,253,238,0,491,48.47
Howrah,704,Hwr-704,115,Post Office 115,328,323,0,651,49.62
Howrah,704,Hwr-704,116,Club Building 116,331,305,0,636,47.96
Howrah,704,Hwr-704,117,Community Hall 117,335,337,0,672,50.15
Howrah,704,Hwr-704,118,Anganwadi Centre 118,350,344,1,695,49.5
Howrah,704,Hwr-704,119,Market Building 119,292,266,0,558,47.67
Howrah,704,Hwr-704,120,Govt Office 120,310,302,0,612,49.35
Howrah,704,Hwr-704,121,Govt Office 121,360,356,0,716,49.72
Howrah,704,Hwr-704,122,Temple Hall 122,263,240,1,504,47.62
Howrah,704,Hwr-704,123,Community Hall 123,416,381,1,798,47.74
Howrah,704,Hwr-704,124,Community Hall 124,336,330,0,666,49.55
Howrah,704,Hwr-704,125,Govt Office 125,256,256,0,512,50.0
Howrah,704,Hwr-704,126,Panchayat Bhavan 126,278,253,0,531,47.65
Howrah,704,Hwr-704,127,Community Hall 127,312,292,1,605,48.26
Howrah,704,Hwr-704,128,Health Sub-Centre 128,315,303,0,618,49.03
Howrah,704,Hwr-704,129,Post Office 129,308,284,1,593,47.89
Howrah,704,Hwr-704,130,Panchayat Bhavan 130,369,342,1,712,48.03
Howrah,704,Hwr-704,131,Madrasa 131,381,384,1,766,50.13
Howrah,704,Hwr-704,132,Post Office 132,297,300,1,598,50.17
Howrah,704,Hwr-704,133,Temple Hall 133,294,281,0,575,48.87
Howrah,704,Hwr-704,134,Temple Hall 134,383,352,1,736,47.83
Howrah,704,Hwr-704,135,Market Building 135,255,240,1,496,48.39
Howrah,704,Hwr-704,136,Govt Office 136,294,268,1,563,47.6
Howrah,704,Hwr-704,137,Community Hall 137,317,325,1,643,50.54
Howrah,704,Hwr-704,138,Panchayat Bhavan 138,297,296,0,593,49.92
Howrah,704,Hwr-704,139,Community Hall 139,405,377,1,783,48.15
Howrah,704,Hwr-704,140,Govt Office 140,408,371,1,780,47.56
Howrah,704,Hwr-704,141,Anganwadi Centre 141,324,294,0,618,47.57
Howrah,704,Hwr-704,142,High School 142,288,292,1,581,50.26
Howrah,704,Hwr-704,143,Primary School 143,261,249,0,510,48.82
Howrah,704,Hwr-704,144,Temple Hall 144,306,279,0,585,47.69
Howrah,705,Hwr-705,1,Community Hall 1,398,363,0,761,47.7
Howrah,705,Hwr-705,2,Panchayat Bhavan 2,388,354,1,743,47.64
Howrah,705,Hwr-705,3,High School 3,247,251,0,498,50.4
Howrah,705,Hwr-705,4,Community Hall 4,349,338,0,687,49.2
Howrah,705,Hwr-705,5,Madrasa 5,333,314,1,648,48.46
Howrah,705,Hwr-705,6,Primary School 6,343,340,1,684,49.71
Howrah,705,Hwr-705,7,Madrasa 7,422,386,0,808,47.77
Howrah,705,Hwr-705,8,Govt Office 8,301,293,1,595,49.24
Howrah,705,Hwr-705,9,Panchayat Bhavan 9,390,397,1,788,50.38
Howrah,705,Hwr-705,10,Club Building 10,398,359,1,758,47.36
Howrah,705,Hwr-705,11,Club Building 11,331,303,0,634,47.79
Howrah,705,Hwr-705,12,High School 12,266,254,0,520,48.85
Howrah,705,Hwr-705,13,Market Building 13,345,344,0,689,49.93
Howrah,705,Hwr-705,14,Madrasa 14,424,394,1,819,48.11
Howrah,705,Hwr-705,15,Health Sub-Centre 15,295,286,0,581,49.23
Howrah,705,Hwr-705,16,Panchayat Bhavan 16,293,272,0,565,48.14
Howrah,705,Hwr-705,17,High School 17,294,296,1,591,50.08
Howrah,705,Hwr-705,18,Health Sub-Centre 18,411,374,1,786,47.58
Howrah,705,Hwr-705,19,Post Office 19,335,312,0,647,48.22
Howrah,705,Hwr-705,20,Temple Hall 20,264,263,1,528,49.81
Howrah,705,Hwr-705,21,Madrasa 21,327,296,0,623,47.51
Howrah,705,Hwr-705,22,Market Building 22,271,266,1,538,49.44
Howrah,705,Hwr-705,23,Post Office 23,344,345,1,690,50.0
Howrah,705,Hwr-705,24,Anganwadi Centre 24,254,230,1,485,47.42
Howrah,705,Hwr-705,25,Anganwadi Centre 25,386,353,1,740,47.7
Howrah,705,Hwr-705,26,Panchayat Bhavan 26,390,390,0,780,50.0
Howrah,705,Hwr-705,27,Health Sub-Centre 27,401,375,1,777,48.26
Howrah,705,Hwr-705,28,Club Building 28,353,364,1,718,50.7
Howrah,705,Hwr-705,29,Health Sub-Centre 29,306,315,1,622,50.64
Howrah,705,Hwr-705,30,Govt Office 30,285,258,1,544,47.43
Howrah,705,Hwr-705,31,Primary School 31,325,308,0,633,48.66
Howrah,705,Hwr-705,32,Primary School 32,390,355,1,746,47.59
Howrah,705,Hwr-705,33,Govt Office 33,374,370,0,744,49.73
Howrah,705,Hwr-705,34,Anganwadi Centre 34,289,298,0,587,50.77
Howrah,705,Hwr-705,35,Madrasa 35,241,247,1,489,50.51
Howrah,705,Hwr-705,36,Market Building 36,381,367,1,749,49.0
Howrah,705,Hwr-705,37,Temple Hall 37,343,320,0,663,48.27
Howrah,705,Hwr-705,38,Primary School 38,279,278,0,557,49.91
Howrah,705,Hwr-705,39,Post Office 39,355,351,1,707,49.65
Howrah,705,Hwr-705,40,Market Building 40,342,341,0,683,49.93
Howrah,705,Hwr-705,41,Govt Office 41,323,326,1,650,50.15
Howrah,705,Hwr-705,42,High School 42,349,347,0,696,49.86
Howrah,705,Hwr-705,43,Community Hall 43,409,401,1,811,49.45
Howrah,705,Hwr-705,44,Madrasa 44,308,290,0,598,48.49
Howrah,705,Hwr-705,45,Club Building 45,389,374,1,764,48.95
Howrah,705,Hwr-705,46,Primary School 46,329,327,1,657,49.77
Howrah,705,Hwr-705,47,Primary School 47,254,233,0,487,47.84
Howrah,705,Hwr-705,48,Panchayat Bhavan 48,334,340,1,675,50.37
Howrah,705,Hwr-705,49,Community Hall 49,361,362,0,723,50.07
Howrah,705,Hwr-705,50,Post Office 50,287,268,1,556,48.2
Howrah,705,Hwr-705,51,Primary School 51,292,293,0,585,50.09
Howrah,705,Hwr-705,52,High School 52,397,383,1,781,49.04
Howrah,705,Hwr-705,53,Govt Office 53,264,274,1,539,50.83
Howrah,705,Hwr-705,54,Madrasa 54,353,361,1,715,50.49
Howrah,705,Hwr-705,55,Anganwadi Centre 55,268,241,1,510,47.25
Howrah,705,Hwr-705,56,Temple Hall 56,268,249,0,517,48.16
Howrah,705,Hwr-705,57,Temple Hall 57,317,311,0,628,49.52
Howrah,705,Hwr-705,58,Post Office 58,319,299,1,619,48.3
Howrah,705,Hwr-705,59,Club Building 59,401,363,1,765,47.45
Howrah,705,Hwr-705,60,Market Building 60,302,300,0,602,49.83
Howrah,705,Hwr-705,61,Primary School 61,389,379,1,769,49.28
Howrah,705,Hwr-705,62,Post Office 62,350,326,0,676,48.22
Howrah,705,Hwr-705,63,Primary School 63,281,281,0,562,50.0
Howrah,705,Hwr-705,64,Club Building 64,275,279,0,554,50.36
Howrah,705,Hwr-705,65,Govt Office 65,258,235,0,493,47.67
Howrah,705,Hwr-705,66,Madrasa 66,295,285,1,581,49.05
Howrah,705,Hwr-705,67,Post Office 67,333,304,1,638,47.65
Howrah,705,Hwr-705,68,Temple Hall 68,334,325,0,659,49.32
Howrah,705,Hwr-705,69,Govt Office 69,378,354,1,733,48.29
Howrah,705,Hwr-705,70,Anganwadi Centre 70,372,373,1,746,50.0
Howrah,705,Hwr-705,71,High School 71,407,405,1,813,49.82
Howrah,705,Hwr-705,72,High School 72,261,264,0,525,50.29
Howrah,705,Hwr-705,73,Community Hall 73,350,352,0,702,50.14
Howrah,705,Hwr-705,74,Community Hall 74,379,368,1,748,49.2
Howrah,705,Hwr-705,75,Post Office 75,354,333,1,688,48.4
Howrah,705,Hwr-705,76,Primary School 76,346,339,1,686,49.42
Howrah,705,Hwr-705,77,Club Building 77,388,348,1,737,47.22
Howrah,705,Hwr-705,78,Govt Office 78,298,306,0,604,50.66
Howrah,705,Hwr-705,79,Post Office 79,277,264,0,541,48.8
Howrah,705,Hwr-705,80,Primary School 80,282,272,0,554,49.1
Howrah,705,Hwr-705,81,Govt Office 81,303,300,1,604,49.67
Howrah,705,Hwr-705,82,Madrasa 82,277,270,0,547,49.36
Howrah,705,Hwr-705,83,Anganwadi Centre 83,391,373,1,765,48.76
Howrah,705,Hwr-705,84,Temple Hall 84,302,302,1,605,49.92
Howrah,705,Hwr-705,85,Primary School 85,394,366,1,761,48.09
Howrah,705,Hwr-705,86,Community Hall 86,373,373,1,747,49.93
Howrah,705,Hwr-705,87,Govt Office 87,335,302,0,637,47.41
Howrah,705,Hwr-705,88,Club Building 88,326,312,1,639,48.83
Howrah,705,Hwr-705,89,Anganwadi Centre 89,322,322,1,645,49.92
Howrah,705,Hwr-705,90,Govt Office 90,298,292,0,590,49.49
Howrah,705,Hwr-705,91,Club Building 91,303,282,1,586,48.12
Howrah,705,Hwr-705,92,Club Building 92,332,335,1,668,50.15
Howrah,705,Hwr-705,93,High School 93,421,379,0,800,47.38
Howrah,705,Hwr-705,94,Panchayat Bhavan 94,421,395,0,816,48.41
Howrah,705,Hwr-705,95,Panchayat Bhavan 95,392,360,0,752,47.87
Howrah,705,Hwr-705,96,Panchayat Bhavan 96,376,361,1,738,48.92
Howrah,705,Hwr-705,97,High School 97,353,347,0,700,49.57
Howrah,705,Hwr-705,98,Anganwadi Centre 98,246,239,0,485,49.28
Howrah,705,Hwr-705,99,Anganwadi Centre 99,264,271,0,535,50.65
Howrah,705,Hwr-705,100,Govt Office 100,387,349,0,736,47.42
Howrah,705,Hwr-705,101,Club Building 101,393,389,0,782,49.74
Howrah,705,Hwr-705,102,Post Office 102,292,295,1,588,50.17
Howrah,705,Hwr-705,103,Market Building 103,285,263,0,548,47.99
Howrah,705,Hwr-705,104,Govt Office 104,291,295,0,586,50.34
Howrah,705,Hwr-705,105,Primary School 105,403,413,1,817,50.55
Howrah,705,Hwr-705,106,Govt Office 106,349,330,0,679,48.6
Howrah,705,Hwr-705,107,Temple Hall 107,300,281,0,581,48.36
Howrah,705,Hwr-705,108,Health Sub-Centre 108,400,396,1,797,49.69
Howrah,705,Hwr-705,109,Primary School 109,240,240,0,480,50.0
Howrah,705,Hwr-705,110,Health Sub-Centre 110,250,247,1,498,49.6
Howrah,705,Hwr-705,111,Madrasa 111,281,263,1,545,48.26
Howrah,705,Hwr-705,112,Health Sub-Centre 112,302,298,0,600,49.67
Howrah,705,Hwr-705,113,Panchayat Bhavan 113,278,281,0,559,50.27
Howrah,705,Hwr-705,114,Club Building 114,416,376,1,793,47.41
Howrah,705,Hwr-705,115,Govt Office 115,310,289,1,600,48.17
Howrah,705,Hwr-705,116,Primary School 116,281,288,0,569,50.62
Howrah,705,Hwr-705,117,Market Building 117,251,250,1,502,49.8
Howrah,705,Hwr-705,118,Club Building 118,327,324,1,652,49.69
Howrah,705,Hwr-705,119,Temple Hall 119,406,388,1,795,48.81
Howrah,705,Hwr-705,120,Anganwadi Centre 120,352,358,0,710,50.42
Howrah,705,Hwr-705,121,Health Sub-Centre 121,314,298,0,612,48.69
Howrah,705,Hwr-705,122,Post Office 122,337,326,1,664,49.1
Howrah,705,Hwr-705,123,Temple Hall 123,284,268,1,553,48.46
Howrah,705,Hwr-705,124,Madrasa 124,245,245,1,491,49.9
Howrah,705,Hwr-705,125,Anganwadi Centre 125,317,313,1,631,49.6
Howrah,705,Hwr-705,126,Market Building 126,313,295,0,608,48.52
Howrah,705,Hwr-705,127,Govt Office 127,404,368,0,772,47.67
Howrah,705,Hwr-705,128,Madrasa 128,251,235,0,486,48.35
Howrah,705,Hwr-705,129,Primary School 129,409,387,1,797,48.56
Howrah,705,Hwr-705,130,Govt Office 130,389,362,0,751,48.2
Howrah,705,Hwr-705,131,High School 131,264,268,0,532,50.38
Howrah,705,Hwr-705,132,Govt Office 132,420,395,1,816,48.41
Howrah,705,Hwr-705,133,Community Hall 133,393,386,0,779,49.55
Howrah,705,Hwr-705,134,Club Building 134,400,373,0,773,48.25
Howrah,705,Hwr-705,135,Panchayat Bhavan 135,333,332,0,665,49.92
Howrah,705,Hwr-705,136,Govt Office 136,270,247,0,517,47.78
Howrah,705,Hwr-705,137,Health Sub-Centre 137,249,243,1,493,49.29
Howrah,705,Hwr-705,138,Club Building 138,374,345,1,720,47.92
Howrah,705,Hwr-705,139,Temple Hall 139,306,300,0,606,49.5
Howrah,705,Hwr-705,140,Club Building 140,343,319,1,663,48.11
Howrah,705,Hwr-705,141,High School 141,338,326,0,664,49.1
Howrah,705,Hwr-705,142,Health Sub-Centre 142,357,319,0,676,47.19
Howrah,705,Hwr-705,143,High School 143,318,303,0,621,48.79
Howrah,706,Hwr-706,1,Temple Hall 1,325,298,0,623,47.83
Howrah,706,Hwr-706,2,Anganwadi Centre 2,264,259,0,523,49.52
Howrah,706,Hwr-706,3,Anganwadi Centre 3,292,276,1,569,48.51
Howrah,706,Hwr-706,4,Madrasa 4,324,314,1,639,49.14
Howrah,706,Hwr-706,5,Primary School 5,261,268,1,530,50.57
Howrah,706,Hwr-706,6,Temple Hall 6,302,291,1,594,48.99
Howrah,706,Hwr-706,7,Madrasa 7,284,256,0,540,47.41
Howrah,706,Hwr-706,8,High School 8,382,342,0,724,47.24
Howrah,706,Hwr-706,9,Madrasa 9,302,297,1,600,49.5
Howrah,706,Hwr-706,10,High School 10,269,252,1,522,48.28
Howrah,706,Hwr-706,11,Post Office 11,328,325,0,653,49.77
Howrah,706,Hwr-706,12,Club Building 12,366,377,1,744,50.67
Howrah,706,Hwr-706,13,Market Building 13,279,273,0,552,49.46
Howrah,706,Hwr-706,14,Panchayat Bhavan 14,392,370,1,763,48.49
Howrah,706,Hwr-706,15,Club Building 15,310,285,0,595,47.9
Howrah,706,Hwr-706,16,Post Office 16,256,241,1,498,48.39
Howrah,706,Hwr-706,17,Anganwadi Centre 17,279,278,0,557,49.91
Howrah,706,Hwr-706,18,Temple Hall 18,400,361,1,762,47.38
Howrah,706,Hwr-706,19,Govt Office 19,351,318,0,669,47.53
Howrah,706,Hwr-706,20,Primary School 20,391,389,0,780,49.87
Howrah,706,Hwr-706,21,Govt Office 21,422,395,1,818,48.29
Howrah,706,Hwr-706,22,Primary School 22,417,378,0,795,47.55
Howrah,706,Hwr-706,23,Primary School 23,292,287,1,580,49.48
Howrah,706,Hwr-706,24,Market Building 24,308,313,1,622,50.32
Howrah,706,Hwr-706,25,Health Sub-Centre 25,394,393,1,788,49.87
Howrah,706,Hwr-706,26,Post Office 26,357,331,0,688,48.11
Howrah,706,Hwr-706,27,High School 27,411,372,0,783,47.51
Howrah,706,Hwr-706,28,Primary School 28,361,359,0,720,49.86
Howrah,706,Hwr-706,29,Temple Hall 29,422,394,0,816,48.28
Howrah,706,Hwr-706,30,Club Building 30,380,366,0,746,49.06
Howrah,706,Hwr-706,31,Community Hall 31,277,253,1,531,47.65
Howrah,706,Hwr-706,32,Panchayat Bhavan 32,367,341,0,708,48.16
Howrah,706,Hwr-706,33,Panchayat Bhavan 33,319,299,1,619,48.3
Howrah,706,Hwr-706,34,Market Building 34,289,267,0,556,48.02
Howrah,706,Hwr-706,35,Post Office 35,249,251,0,500,50.2
Howrah,706,Hwr-706,36,Club Building 36,264,248,0,512,48.44
Howrah,706,Hwr-706,37,Madrasa 37,385,354,1,740,47.84
Howrah,706,Hwr-706,38,Temple Hall 38,288,267,0,555,48.11
Howrah,706,Hwr-706,39,Health Sub-Centre 39,364,328,1,693,47.33
Howrah,706,Hwr-706,40,High School 40,356,366,0,722,50.69
Howrah,706,Hwr-706,41,Temple Hall 41,314,282,1,597,47.24
Howrah,706,Hwr-706,42,Primary School 42,255,249,1,505,49.31
Howrah,706,Hwr-706,43,Primary School 43,275,246,0,521,47.22
Howrah,706,Hwr-706,44,Madrasa 44,260,253,1,514,49.22
Howrah,706,Hwr-706,45,Anganwadi Centre 45,341,309,1,651,47.47
Howrah,706,Hwr-706,46,Anganwadi Centre 46,278,275,1,554,49.64
Howrah,706,Hwr-706,47,Post Office 47,375,383,1,759,50.46
Howrah,706,Hwr-706,48,Panchayat Bhavan 48,271,244,0,515,47.38
Howrah,706,Hwr-706,49,Temple Hall 49,359,341,1,701,48.64
Howrah,706,Hwr-706,50,High School 50,290,294,1,585,50.26
Howrah,706,Hwr-706,51,Govt Office 51,321,316,1,638,49.53
Howrah,706,Hwr-706,52,High School 52,342,345,1,688,50.15
Howrah,706,Hwr-706,53,High School 53,358,343,0,701,48.93
Howrah,706,Hwr-706,54,Panchayat Bhavan 54,334,321,1,656,48.93
Howrah,706,Hwr-706,55,Primary School 55,340,310,0,650,47.69
Howrah,706,Hwr-706,56,Community Hall 56,405,368,1,774,47.55
Howrah,706,Hwr-706,57,Govt Office 57,405,396,1,802,49.38
Howrah,706,Hwr-706,58,Primary School 58,278,285,1,564,50.53
Howrah,706,Hwr-706,59,Primary School 59,397,391,1,789,49.56
Howrah,706,Hwr-706,60,Club Building 60,358,367,0,725,50.62
Howrah,706,Hwr-706,61,Primary School 61,280,263,1,544,48.35
Howrah,706,Hwr-706,62,Govt Office 62,385,373,1,759,49.14
Howrah,706,Hwr-706,63,Club Building 63,354,356,0,710,50.14
Howrah,706,Hwr-706,64,Temple Hall 64,397,403,1,801,50.31
Howrah,706,Hwr-706,65,Panchayat Bhavan 65,356,357,0,713,50.07
Howrah,706,Hwr-706,66,Club Building 66,273,278,1,552,50.36
Howrah,706,Hwr-706,67,Market Building 67,328,333,1,662,50.3
Howrah,706,Hwr-706,68,High School 68,385,393,0,778,50.51
Howrah,706,Hwr-706,69,Govt Office 69,271,251,1,523,47.99
Howrah,706,Hwr-706,70,Community Hall 70,355,361,1,717,50.35
Howrah,706,Hwr-706,71,Market Building 71,381,365,1,747,48.86
Howrah,706,Hwr-706,72,Anganwadi Centre 72,331,322,1,654,49.24
Howrah,706,Hwr-706,73,Panchayat Bhavan 73,325,292,1,618,47.25
Howrah,706,Hwr-706,74,Health Sub-Centre 74,307,308,1,616,50.0
Howrah,706,Hwr-706,75,Club Building 75,285,281,1,567,49.56
Howrah,706,Hwr-706,76,Primary School 76,303,305,1,609,50.08
Howrah,706,Hwr-706,77,Market Building 77,299,269,1,569,47.28
Howrah,706,Hwr-706,78,Health Sub-Centre 78,298,295,0,593,49.75
Howrah,706,Hwr-706,79,Health Sub-Centre 79,279,287,1,567,50.62
Howrah,706,Hwr-706,80,Health Sub-Centre 80,349,315,0,664,47.44
Howrah,706,Hwr-706,81,High School 81,301,301,1,603,49.92
Howrah,706,Hwr-706,82,Madrasa 82,264,264,0,528,50.0
Howrah,706,Hwr-706,83,Govt Office 83,310,306,1,617,49.59
Howrah,706,Hwr-706,84,Govt Office 84,262,243,1,506,48.02
Howrah,706,Hwr-706,85,Govt Office 85,288,277,0,565,49.03
Howrah,706,Hwr-706,86,Health Sub-Centre 86,269,265,1,535,49.53
Howrah,706,Hwr-706,87,Govt Office 87,398,390,0,788,49.49
Howrah,706,Hwr-706,88,Madrasa 88,409,402,0,811,49.57
Howrah,706,Hwr-706,89,Anganwadi Centre 89,418,376,0,794,47.36
Howrah,706,Hwr-706,90,Govt Office 90,349,357,0,706,50.57
Howrah,706,Hwr-706,91,Madrasa 91,275,257,1,533,48.22
Howrah,706,Hwr-706,92,Govt Office 92,416,391,0,807,48.45
Howrah,706,Hwr-706,93,Health Sub-Centre 93,339,338,0,677,49.93
Howrah,706,Hwr-706,94,Post Office 94,346,317,0,663,47.81
Howrah,706,Hwr-706,95,Anganwadi Centre 95,391,382,1,774,49.35
Howrah,706,Hwr-706,96,Health Sub-Centre 96,304,299,1,604,49.5
Howrah,706,Hwr-706,97,Govt Office 97,334,300,1,635,47.24
Howrah,706,Hwr-706,98,Post Office 98,377,385,0,762,50.52
Howrah,706,Hwr-706,99,Panchayat Bhavan 99,260,260,0,520,50.0
Howrah,706,Hwr-706,100,Temple Hall 100,271,279,1,551,50.64
Howrah,706,Hwr-706,101,Govt Office 101,324,313,0,637,49.14
Howrah,706,Hwr-706,102,Madrasa 102,264,265,1,530,50.0
Howrah,706,Hwr-706,103,Club Building 103,254,241,1,496,48.59
Howrah,706,Hwr-706,104,Market Building 104,296,277,1,574,48.26
Howrah,706,Hwr-706,105,High School 105,342,323,1,666,48.5
Howrah,706,Hwr-706,106,Health Sub-Centre 106,244,244,1,489,49.9
Howrah,706,Hwr-706,107,Temple Hall 107,378,381,0,759,50.2
Howrah,706,Hwr-706,108,Primary School 108,300,299,1,600,49.83
Howrah,706,Hwr-706,109,Health Sub-Centre 109,330,324,1,655,49.47
Howrah,706,Hwr-706,110,Anganwadi Centre 110,385,378,0,763,49.54
Howrah,706,Hwr-706,111,Madrasa 111,415,372,0,787,47.27
Howrah,706,Hwr-706,112,Primary School 112,346,345,0,691,49.93
Howrah,706,Hwr-706,113,Health Sub-Centre 113,253,247,0,500,49.4
Howrah,706,Hwr-706,114,Market Building 114,311,311,1,623,49.92
Howrah,706,Hwr-706,115,Market Building 115,370,369,0,739,49.93
Howrah,706,Hwr-706,116,Primary School 116,403,373,0,776,48.07
Howrah,706,Hwr-706,117,Madrasa 117,381,360,0,741,48.58
Howrah,706,Hwr-706,118,Post Office 118,341,342,1,684,50.0
Howrah,706,Hwr-706,119,Post Office 119,371,381,1,753,50.6
Howrah,706,Hwr-706,120,Madrasa 120,348,313,0,661,47.35
Howrah,706,Hwr-706,121,High School 121,292,293,1,586,50.0
Howrah,706,Hwr-706,122,Madrasa 122,359,348,1,708,49.15
Howrah,706,Hwr-706,123,Anganwadi Centre 123,345,329,1,675,48.74
Howrah,706,Hwr-706,124,Market Building 124,412,373,0,785,47.52
Howrah,706,Hwr-706,125,Market Building 125,351,333,0,684,48.68
Howrah,706,Hwr-706,126,Primary School 126,264,266,0,530,50.19
Howrah,706,Hwr-706,127,Market Building 127,312,283,0,595,47.56
Howrah,706,Hwr-706,128,Temple Hall 128,314,322,1,637,50.55
Howrah,706,Hwr-706,129,Health Sub-Centre 129,282,261,1,544,47.98
Howrah,706,Hwr-706,130,Market Building 130,377,362,1,740,48.92
Howrah,706,Hwr-706,131,Panchayat Bhavan 131,303,310,0,613,50.57
Howrah,706,Hwr-706,132,Temple Hall 132,310,281,1,592,47.47
Howrah,706,Hwr-706,133,Govt Office 133,401,371,1,773,47.99
Howrah,706,Hwr-706,134,Panchayat Bhavan 134,353,355,0,708,50.14
Howrah,706,Hwr-706,135,High School 135,377,344,0,721,47.71
Howrah,706,Hwr-706,136,Primary School 136,398,409,0,807,50.68
Howrah,706,Hwr-706,137,Community Hall 137,392,355,1,748,47.46
Howrah,706,Hwr-706,138,Market Building 138,302,273,1,576,47.4
Howrah,706,Hwr-706,139,Anganwadi Centre 139,324,295,0,619,47.66
Howrah,706,Hwr-706,140,Madrasa 140,351,325,1,677,48.01
Howrah,706,Hwr-706,141,Anganwadi Centre 141,336,331,1,668,49.55
Howrah,706,Hwr-706,142,Post Office 142,404,396,1,801,49.44
Howrah,706,Hwr-706,143,Panchayat Bhavan 143,247,247,0,494,50.0
Howrah,706,Hwr-706,144,Post Office 144,378,362,0,740,48.92
Howrah,706,Hwr-706,145,Post Office 145,310,298,1,609,48.93
Howrah,706,Hwr-706,146,Community Hall 146,408,412,0,820,50.24
Howrah,707,Hwr-707,1,Govt Office 1,307,299,1,607,49.26
Howrah,707,Hwr-707,2,Community Hall 2,245,245,0,490,50.0
Howrah,707,Hwr-707,3,Post Office 3,316,291,0,607,47.94
Howrah,707,Hwr-707,4,Post Office 4,299,283,0,582,48.63
Howrah,707,Hwr-707,5,Temple Hall 5,343,324,0,667,48.58
Howrah,707,Hwr-707,6,Market Building 6,246,241,0,487,49.49
Howrah,707,Hwr-707,7,High School 7,312,305,0,617,49.43
Howrah,707,Hwr-707,8,Market Building 8,386,382,1,769,49.67
Howrah,707,Hwr-707,9,Community Hall 9,424,393,0,817,48.1
Howrah,707,Hwr-707,10,Health Sub-Centre 10,374,338,0,712,47.47
Howrah,707,Hwr-707,11,Panchayat Bhavan 11,414,398,0,812,49.01
Howrah,707,Hwr-707,12,Primary School 12,358,364,1,723,50.35
Howrah,707,Hwr-707,13,Primary School 13,385,388,1,774,50.13
Howrah,707,Hwr-707,14,Post Office 14,400,359,1,760,47.24
Howrah,707,Hwr-707,15,Panchayat Bhavan 15,263,263,1,527,49.91
Howrah,707,Hwr-707,16,Anganwadi Centre 16,400,366,1,767,47.72
Howrah,707,Hwr-707,17,Temple Hall 17,278,263,0,541,48.61
Howrah,707,Hwr-707,18,Post Office 18,302,275,0,577,47.66
Howrah,707,Hwr-707,19,Madrasa 19,329,317,1,647,49.0
Howrah,707,Hwr-707,20,High School 20,266,246,0,512,48.05
Howrah,707,Hwr-707,21,Madrasa 21,371,340,1,712,47.75
Howrah,707,Hwr-707,22,Temple Hall 22,361,355,0,716,49.58
Howrah,707,Hwr-707,23,Govt Office 23,267,245,0,512,47.85
Howrah,707,Hwr-707,24,Madrasa 24,353,332,1,686,48.4
Howrah,707,Hwr-707,25,Madrasa 25,297,306,0,603,50.75
Howrah,707,Hwr-707,26,Post Office 26,287,271,1,559,48.48
Howrah,707,Hwr-707,27,Govt Office 27,383,369,1,753,49.0
Howrah,707,Hwr-707,28,Club Building 28,306,303,1,610,49.67
Howrah,707,Hwr-707,29,High School 29,415,402,0,817,49.2
Howrah,707,Hwr-707,30,High School 30,272,277,1,550,50.36
Howrah,707,Hwr-707,31,Primary School 31,393,358,1,752,47.61
Howrah,707,Hwr-707,32,Govt Office 32,286,268,0,554,48.38
Howrah,707,Hwr-707,33,Panchayat Bhavan 33,392,396,0,788,50.25
Howrah,707,Hwr-707,34,Madrasa 34,366,336,1,703,47.8
Howrah,707,Hwr-707,35,Health Sub-Centre 35,265,254,1,520,48.85
Howrah,707,Hwr-707,36,Post Office 36,355,358,1,714,50.14
Howrah,707,Hwr-707,37,Health Sub-Centre 37,299,294,1,594,49.49
Howrah,707,Hwr-707,38,Primary School 38,310,309,0,619,49.92
Howrah,707,Hwr-707,39,Health Sub-Centre 39,322,304,0,626,48.56
Howrah,707,Hwr-707,40,Post Office 40,367,363,0,730,49.73
Howrah,707,Hwr-707,41,Madrasa 41,371,345,1,717,48.12
Howrah,707,Hwr-707,42,Community Hall 42,288,269,1,558,48.21
Howrah,707,Hwr-707,43,Temple Hall 43,351,348,0,699,49.79
Howrah,707,Hwr-707,44,Post Office 44,374,353,0,727,48.56
Howrah,707,Hwr-707,45,Panchayat Bhavan 45,310,303,1,614,49.35
Howrah,707,Hwr-707,46,High School 46,377,361,0,738,48.92
Howrah,707,Hwr-707,47,Govt Office 47,296,287,0,583,49.23
Howrah,707,Hwr-707,48,Community Hall 48,392,392,0,784,50.0
Howrah,707,Hwr-707,49,Health Sub-Centre 49,379,374,0,753,49.67
Howrah,707,Hwr-707,50,Govt Office 50,346,317,0,663,47.81
Howrah,707,Hwr-707,51,Govt Office 51,364,344,1,709,48.52
Howrah,707,Hwr-707,52,Post Office 52,383,373,0,756,49.34
Howrah,707,Hwr-707,53,Post Office 53,253,258,0,511,50.49
Howrah,707,Hwr-707,54,Govt Office 54,365,359,1,725,49.52
Howrah,707,Hwr-707,55,Post Office 55,250,254,0,504,50.4
Howrah,707,Hwr-707,56,Market Building 56,394,368,0,762,48.29
Howrah,707,Hwr-707,57,Temple Hall 57,351,360,0,711,50.63
Howrah,707,Hwr-707,58,Community Hall 58,272,259,1,532,48.68
Howrah,707,Hwr-707,59,High School 59,289,281,0,570,49.3
Howrah,707,Hwr-707,60,Primary School 60,389,361,1,751,48.07
Howrah,707,Hwr-707,61,Govt Office 61,334,339,1,674,50.3
Howrah,707,Hwr-707,62,Madrasa 62,320,326,1,647,50.39
Howrah,707,Hwr-707,63,Community Hall 63,309,298,0,607,49.09
Howrah,707,Hwr-707,64,Primary School 64,343,349,0,692,50.43
Howrah,707,Hwr-707,65,Anganwadi Centre 65,354,361,0,715,50.49
Howrah,707,Hwr-707,66,Market Building 66,356,326,0,682,47.8
Howrah,707,Hwr-707,67,Club Building 67,250,235,1,486,48.35
Howrah,707,Hwr-707,68,Community Hall 68,379,343,0,722,47.51
Howrah,707,Hwr-707,69,Temple Hall 69,385,362,0,747,48.46
Howrah,707,Hwr-707,70,Govt Office 70,347,358,0,705,50.78
Howrah,707,Hwr-707,71,Market Building 71,311,287,1,599,47.91
Howrah,707,Hwr-707,72,Anganwadi Centre 72,279,259,1,539,48.05
Howrah,707,Hwr-707,73,Health Sub-Centre 73,305,280,1,586,47.78
Howrah,707,Hwr-707,74,Primary School 74,327,295,1,623,47.35
Howrah,707,Hwr-707,75,Anganwadi Centre 75,390,378,1,769,49.15
Howrah,707,Hwr-707,76,Primary School 76,251,250,1,502,49.8
Howrah,707,Hwr-707,77,Madrasa 77,247,250,0,497,50.3
Howrah,707,Hwr-707,78,Temple Hall 78,373,352,1,726,48.48
Howrah,707,Hwr-707,79,Govt Office 79,403,399,0,802,49.75
Howrah,707,Hwr-707,80,Panchayat Bhavan 80,270,251,0,521,48.18
Howrah,707,Hwr-707,81,Club Building 81,268,249,1,518,48.07
Howrah,707,Hwr-707,82,Post Office 82,316,315,1,632,49.84
Howrah,707,Hwr-707,83,Temple Hall 83,253,261,1,515,50.68
Howrah,707,Hwr-707,84,Madrasa 84,261,255,0,516,49.42
Howrah,707,Hwr-707,85,Club Building 85,337,339,0,676,50.15
Howrah,707,Hwr-707,86,Madrasa 86,347,351,0,698,50.29
Howrah,707,Hwr-707,87,Anganwadi Centre 87,352,329,0,681,48.31
Howrah,707,Hwr-707,88,Panchayat Bhavan 88,272,256,1,529,48.39
Howrah,707,Hwr-707,89,Post Office 89,272,277,0,549,50.46
Howrah,707,Hwr-707,90,Club Building 90,399,368,1,768,47.92
Howrah,707,Hwr-707,91,Post Office 91,256,250,1,507,49.31
Howrah,707,Hwr-707,92,Panchayat Bhavan 92,407,411,1,819,50.18
Howrah,707,Hwr-707,93,Primary School 93,288,275,1,564,48.76
Howrah,707,Hwr-707,94,Govt Office 94,346,328,1,675,48.59
Howrah,707,Hwr-707,95,Primary School 95,283,270,1,554,48.74
Howrah,707,Hwr-707,96,Post Office 96,370,337,0,707,47.67
Howrah,707,Hwr-707,97,Health Sub-Centre 97,375,365,0,740,49.32
Howrah,707,Hwr-707,98,Panchayat Bhavan 98,334,341,1,676,50.44
Howrah,707,Hwr-707,99,Anganwadi Centre 99,348,347,0,695,49.93
Howrah,707,Hwr-707,100,Panchayat Bhavan 100,386,394,0,780,50.51
Howrah,707,Hwr-707,101,Temple Hall 101,331,336,0,667,50.37
Howrah,707,Hwr-707,102,Govt Office 102,407,407,1,815,49.94
Howrah,707,Hwr-707,103,Govt Office 103,270,270,1,541,49.91
Howrah,707,Hwr-707,104,Govt Office 104,415,400,1,816,49.02
Howrah,707,Hwr-707,105,Panchayat Bhavan 105,338,343,1,682,50.29
Howrah,707,Hwr-707,106,Temple Hall 106,242,241,0,483,49.9
Howrah,707,Hwr-707,107,Health Sub-Centre 107,365,364,1,730,49.86
Howrah,707,Hwr-707,108,Govt Office 108,250,241,0,491,49.08
Howrah,707,Hwr-707,109,Post Office 109,287,263,0,550,47.82
Howrah,707,Hwr-707,110,Health Sub-Centre 110,363,363,1,727,49.93
Howrah,707,Hwr-707,111,Primary School 111,389,356,1,746,47.72
Howrah,707,Hwr-707,112,Club Building 112,346,323,0,669,48.28
Howrah,707,Hwr-707,113,Panchayat Bhavan 113,361,332,0,693,47.91
Howrah,707,Hwr-707,114,Panchayat Bhavan 114,362,362,1,725,49.93
Howrah,707,Hwr-707,115,Primary School 115,326,297,1,624,47.6
Howrah,707,Hwr-707,116,Temple Hall 116,300,285,0,585,48.72
Howrah,707,Hwr-707,117,Anganwadi Centre 117,262,250,1,513,48.73
Howrah,707,Hwr-707,118,Govt Office 118,363,329,1,693,47.47
Howrah,707,Hwr-707,119,Post Office 119,288,277,1,566,48.94
Howrah,707,Hwr-707,120,Govt Office 120,422,382,0,804,47.51
Howrah,707,Hwr-707,121,Health Sub-Centre 121,258,237,1,496,47.78
Howrah,707,Hwr-707,122,Health Sub-Centre 122,300,297,1,598,49.67
Howrah,707,Hwr-707,123,Govt Office 123,309,285,0,594,47.98
Howrah,707,Hwr-707,124,Health Sub-Centre 124,376,348,0,724,48.07
Howrah,707,Hwr-707,125,Panchayat Bhavan 125,279,261,1,541,48.24
Howrah,707,Hwr-707,126,Madrasa 126,380,388,0,768,50.52
Howrah,707,Hwr-707,127,Panchayat Bhavan 127,426,386,1,813,47.48
Howrah,707,Hwr-707,128,Market Building 128,320,323,1,644,50.16
Howrah,707,Hwr-707,129,Club Building 129,250,229,1,480,47.71
Howrah,707,Hwr-707,130,Post Office 130,268,277,1,546,50.73
Howrah,707,Hwr-707,131,High School 131,270,277,0,547,50.64
Howrah,707,Hwr-707,132,High School 132,261,258,0,519,49.71
Howrah,707,Hwr-707,133,Govt Office 133,418,380,0,798,47.62
Howrah,707,Hwr-707,134,Madrasa 134,253,251,1,505,49.7
Howrah,707,Hwr-707,135,Anganwadi Centre 135,336,333,1,670,49.7
Howrah,707,Hwr-707,136,Club Building 136,281,277,0,558,49.64
Howrah,707,Hwr-707,137,Madrasa 137,365,368,1,734,50.14
Howrah,707,Hwr-707,138,High School 138,383,394,0,777,50.71
Howrah,707,Hwr-707,139,Market Building 139,330,340,1,671,50.67
Howrah,708,Hwr-708,1,Health Sub-Centre 1,297,292,0,589,49.58
Howrah,708,Hwr-708,2,Market Building 2,395,380,1,776,48.97
Howrah,708,Hwr-708,3,Primary School 3,399,409,1,809,50.56
Howrah,708,Hwr-708,4,Madrasa 4,336,322,1,659,48.86
Howrah,708,Hwr-708,5,Market Building 5,371,335,0,706,47.45
Howrah,708,Hwr-708,6,Club Building 6,257,232,1,490,47.35
Howrah,708,Hwr-708,7,Post Office 7,406,404,1,811,49.82
Howrah,708,Hwr-708,8,Primary School 8,377,376,1,754,49.87
Howrah,708,Hwr-708,9,Govt Office 9,301,291,1,593,49.07
Howrah,708,Hwr-708,10,Market Building 10,336,312,1,649,48.07
Howrah,708,Hwr-708,11,Govt Office 11,306,300,1,607,49.42
Howrah,708,Hwr-708,12,Market Building 12,385,355,1,741,47.91
Howrah,708,Hwr-708,13,Panchayat Bhavan 13,383,390,0,773,50.45
Howrah,708,Hwr-708,14,Madrasa 14,263,262,1,526,49.81
Howrah,708,Hwr-708,15,Madrasa 15,417,397,1,815,48.71
Howrah,708,Hwr-708,16,Madrasa 16,328,309,0,637,48.51
Howrah,708,Hwr-708,17,Community Hall 17,397,382,1,780,48.97
Howrah,708,Hwr-708,18,Panchayat Bhavan 18,347,356,0,703,50.64
Howrah,708,Hwr-708,19,Community Hall 19,342,351,1,694,50.58
Howrah,708,Hwr-708,20,Anganwadi Centre 20,311,281,1,593,47.39
Howrah,708,Hwr-708,21,Panchayat Bhavan 21,281,287,0,568,50.53
Howrah,708,Hwr-708,22,Club Building 22,326,314,1,641,48.99
Howrah,708,Hwr-708,23,High School 23,333,300,1,634,47.32
Howrah,708,Hwr-708,24,Madrasa 24,390,389,0,779,49.94
Howrah,708,Hwr-708,25,Temple Hall 25,348,341,1,690,49.42
Howrah,708,Hwr-708,26,Panchayat Bhavan 26,411,384,0,795,48.3
Howrah,708,Hwr-708,27,Primary School 27,246,238,1,485,49.07
Howrah,708,Hwr-708,28,Primary School 28,280,258,1,539,47.87
Howrah,708,Hwr-708,29,Club Building 29,294,297,0,591,50.25
Howrah,708,Hwr-708,30,Primary School 30,254,257,0,511,50.29
Howrah,708,Hwr-708,31,Health Sub-Centre 31,368,374,1,743,50.34
Howrah,708,Hwr-708,32,Community Hall 32,335,329,1,665,49.47
Howrah,708,Hwr-708,33,Govt Office 33,417,374,0,791,47.28
Howrah,708,Hwr-708,34,Panchayat Bhavan 34,249,234,0,483,48.45
Howrah,708,Hwr-708,35,Madrasa 35,302,271,1,574,47.21
Howrah,708,Hwr-708,36,Anganwadi Centre 36,382,380,0,762,49.87
Howrah,708,Hwr-708,37,Market Building 37,263,258,1,522,49.43
Howrah,708,Hwr-708,38,Govt Office 38,365,335,1,701,47.79
Howrah,708,Hwr-708,39,Primary School 39,380,378,0,758,49.87
Howrah,708,Hwr-708,40,Anganwadi Centre 40,362,333,0,695,47.91
Howrah,708,Hwr-708,41,Health Sub-Centre 41,349,324,0,673,48.14
Howrah,708,Hwr-708,42,Market Building 42,427,385,0,812,47.41
Howrah,708,Hwr-708,43,Panchayat Bhavan 43,388,389,0,777,50.06
Howrah,708,Hwr-708,44,Community Hall 44,262,262,0,524,50.0
Howrah,708,Hwr-708,45,Club Building 45,403,381,1,785,48.54
Howrah,708,Hwr-708,46,Market Building 46,408,366,1,775,47.23
Howrah,708,Hwr-708,47,Temple Hall 47,378,355,1,734,48.37
Howrah,708,Hwr-708,48,Temple Hall 48,291,271,1,563,48.13
Howrah,708,Hwr-708,49,Anganwadi Centre 49,352,347,1,700,49.57
Howrah,708,Hwr-708,50,Community Hall 50,309,282,0,591,47.72
Howrah,708,Hwr-708,51,Post Office 51,357,348,1,706,49.29
Howrah,708,Hwr-708,52,Community Hall 52,358,327,1,686,47.67
Howrah,708,Hwr-708,53,Madrasa 53,321,287,0,608,47.2
Howrah,708,Hwr-708,54,Market Building 54,290,279,1,570,48.95
Howrah,708,Hwr-708,55,Health Sub-Centre 55,354,328,1,683,48.02
Howrah,708,Hwr-708,56,Panchayat Bhavan 56,345,351,0,696,50.43
Howrah,708,Hwr-708,57,Market Building 57,292,281,0,573,49.04
Howrah,708,Hwr-708,58,Madrasa 58,404,374,1,779,48.01
Howrah,708,Hwr-708,59,Post Office 59,310,310,0,620,50.0
Howrah,708,Hwr-708,60,Anganwadi Centre 60,269,249,1,519,47.98
Howrah,708,Hwr-708,61,Health Sub-Centre 61,360,343,0,703,48.79
Howrah,708,Hwr-708,62,Anganwadi Centre 62,378,363,0,741,48.99
Howrah,708,Hwr-708,63,Community Hall 63,275,280,0,555,50.45
Howrah,708,Hwr-708,64,Community Hall 64,293,294,0,587,50.09
Howrah,708,Hwr-708,65,Anganwadi Centre 65,280,264,1,545,48.44
Howrah,708,Hwr-708,66,Market Building 66,285,268,1,554,48.38
Howrah,708,Hwr-708,67,Club Building 67,242,247,0,489,50.51
Howrah,708,Hwr-708,68,Govt Office 68,287,280,1,568,49.3
Howrah,708,Hwr-708,69,Govt Office 69,248,240,1,489,49.08
Howrah,708,Hwr-708,70,Primary School 70,407,366,1,774,47.29
Howrah,708,Hwr-708,71,Madrasa 71,258,245,1,504,48.61
Howrah,708,Hwr-708,72,Market Building 72,366,364,0,730,49.86
Howrah,708,Hwr-708,73,Primary School 73,333,309,1,643,48.06
Howrah,708,Hwr-708,74,Madrasa 74,394,396,1,791,50.06
Howrah,708,Hwr-708,75,Temple Hall 75,322,293,0,615,47.64
Howrah,708,Hwr-708,76,Temple Hall 76,364,342,0,706,48.44
Howrah,708,Hwr-708,77,Madrasa 77,393,368,0,761,48.36
Howrah,708,Hwr-708,78,Anganwadi Centre 78,324,294,0,618,47.57
Howrah,708,Hwr-708,79,Govt Office 79,302,279,0,581,48.02
Howrah,708,Hwr-708,80,Madrasa 80,305,282,0,587,48.04
Howrah,708,Hwr-708,81,Govt Office 81,263,254,1,518,49.03
Howrah,708,Hwr-708,82,High School 82,314,313,1,628,49.84
Howrah,708,Hwr-708,83,Madrasa 83,411,379,1,791,47.91
Howrah,708,Hwr-708,84,Community Hall 84,380,358,0,738,48.51
Howrah,708,Hwr-708,85,Market Building 85,410,401,1,812,49.38
Howrah,708,Hwr-708,86,High School 86,280,273,1,554,49.28
Howrah,708,Hwr-708,87,Madrasa 87,258,258,1,517,49.9
Howrah,708,Hwr-708,88,Club Building 88,277,255,0,532,47.93
Howrah,708,Hwr-708,89,Temple Hall 89,421,397,0,818,48.53
Howrah,708,Hwr-708,90,Market Building 90,356,364,0,720,50.56
Howrah,708,Hwr-708,91,Health Sub-Centre 91,281,253,0,534,47.38
Howrah,708,Hwr-708,92,Post Office 92,391,368,0,759,48.48
Howrah,708,Hwr-708,93,Anganwadi Centre 93,347,318,0,665,47.82
Howrah,708,Hwr-708,94,Primary School 94,341,326,1,668,48.8
Howrah,708,Hwr-708,95,Temple Hall 95,410,407,1,818,49.76
Howrah,708,Hwr-708,96,Temple Hall 96,414,374,0,788,47.46
Howrah,708,Hwr-708,97,Anganwadi Centre 97,360,325,1,686,47.38
Howrah,708,Hwr-708,98,Community Hall 98,281,280,0,561,49.91
Howrah,708,Hwr-708,99,Govt Office 99,377,374,0,751,49.8
Howrah,708,Hwr-708,100,Panchayat Bhavan 100,420,379,1,800,47.38
Howrah,708,Hwr-708,101,Market Building 101,407,385,1,793,48.55
Howrah,708,Hwr-708,102,Madrasa 102,276,251,0,527,47.63
Howrah,708,Hwr-708,103,Post Office 103,391,374,1,766,48.83
Howrah,708,Hwr-708,104,Panchayat Bhavan 104,304,303,1,608,49.84
Howrah,708,Hwr-708,105,Primary School 105,407,365,0,772,47.28
Howrah,708,Hwr-708,106,Post Office 106,288,266,1,555,47.93
Howrah,708,Hwr-708,107,Health Sub-Centre 107,357,328,1,686,47.81
Howrah,708,Hwr-708,108,High School 108,412,395,0,807,48.95
Howrah,708,Hwr-708,109,Health Sub-Centre 109,384,363,1,748,48.53
Howrah,708,Hwr-708,110,Community Hall 110,395,355,0,750,47.33
Howrah,708,Hwr-708,111,Govt Office 111,342,337,1,680,49.56
Howrah,708,Hwr-708,112,Health Sub-Centre 112,390,388,1,779,49.81
Howrah,708,Hwr-708,113,Primary School 113,401,394,0,795,49.56
Howrah,708,Hwr-708,114,Post Office 114,317,290,1,608,47.7
Howrah,708,Hwr-708,115,Panchayat Bhavan 115,405,409,1,815,50.18
Howrah,708,Hwr-708,116,Community Hall 116,401,374,1,776,48.2
Howrah,708,Hwr-708,117,Health Sub-Centre 117,249,233,0,482,48.34
Howrah,708,Hwr-708,118,Panchayat Bhavan 118,311,321,1,633,50.71
Howrah,708,Hwr-708,119,Health Sub-Centre 119,340,331,0,671,49.33
Howrah,708,Hwr-708,120,Panchayat Bhavan 120,400,396,1,797,49.69
Howrah,708,Hwr-708,121,Health Sub-Centre 121,267,248,0,515,48.16
Howrah,708,Hwr-708,122,Temple Hall 122,405,373,0,778,47.94
Howrah,708,Hwr-708,123,Madrasa 123,313,314,1,628,50.0
Howrah,708,Hwr-708,124,Panchayat Bhavan 124,243,240,0,483,49.69
Howrah,708,Hwr-708,125,High School 125,337,336,0,673,49.93
Howrah,708,Hwr-708,126,High School 126,286,279,1,566,49.29
Howrah,708,Hwr-708,127,Temple Hall 127,353,329,0,682,48.24
Howrah,708,Hwr-708,128,Anganwadi Centre 128,317,309,0,626,49.36
Howrah,708,Hwr-708,129,High School 129,381,364,1,746,48.79
Howrah,708,Hwr-708,130,Madrasa 130,302,298,1,601,49.58
Howrah,708,Hwr-708,131,Panchayat Bhavan 131,328,301,1,630,47.78
Howrah,708,Hwr-708,132,Club Building 132,403,373,0,776,48.07
Howrah,708,Hwr-708,133,Health Sub-Centre 133,281,254,1,536,47.39
Howrah,708,Hwr-708,134,Anganwadi Centre 134,391,360,1,752,47.87
Howrah,708,Hwr-708,135,Club Building 135,317,314,0,631,49.76
Howrah,708,Hwr-708,136,Primary School 136,393,371,0,764,48.56
Howrah,708,Hwr-708,137,Health Sub-Centre 137,311,313,1,625,50.08
Howrah,708,Hwr-708,138,High School 138,367,346,0,713,48.53
Howrah,708,Hwr-708,139,Madrasa 139,370,368,0,738,49.86
Howrah,708,Hwr-708,140,Govt Office 140,330,329,0,659,49.92
Howrah,708,Hwr-708,141,Health Sub-Centre 141,287,298,1,586,50.85
Howrah,708,Hwr-708,142,Panchayat Bhavan 142,403,385,1,789,48.8
Howrah,708,Hwr-708,143,Panchayat Bhavan 143,260,243,1,504,48.21
Howrah,708,Hwr-708,144,Health Sub-Centre 144,327,295,1,623,47.35
Howrah,708,Hwr-708,145,Madrasa 145,243,236,1,480,49.17
Howrah,708,Hwr-708,146,Govt Office 146,380,364,0,744,48.92
Howrah,708,Hwr-708,147,High School 147,320,312,0,632,49.37
Howrah,708,Hwr-708,148,Post Office 148,362,336,0,698,48.14
Howrah,708,Hwr-708,149,Madrasa 149,396,361,0,757,47.69
Howrah,708,Hwr-708,150,Club Building 150,363,352,0,715,49.23
Howrah,708,Hwr-708,151,Madrasa 151,299,290,0,589,49.24
Howrah,709,Hwr-709,1,Market Building 1,311,285,1,597,47.74
Howrah,709,Hwr-709,2,Community Hall 2,390,393,0,783,50.19
Howrah,709,Hwr-709,3,Post Office 3,291,262,0,553,47.38
Howrah,709,Hwr-709,4,High School 4,380,367,1,748,49.06
Howrah,709,Hwr-709,5,Club Building 5,319,314,1,634,49.53
Howrah,709,Hwr-709,6,Club Building 6,270,269,0,539,49.91
Howrah,709,Hwr-709,7,Panchayat Bhavan 7,366,363,0,729,49.79
Howrah,709,Hwr-709,8,Primary School 8,251,250,1,502,49.8
Howrah,709,Hwr-709,9,Community Hall 9,347,345,1,693,49.78
Howrah,709,Hwr-709,10,High School 10,408,383,0,791,48.42
Howrah,709,Hwr-709,11,Club Building 11,391,352,0,743,47.38
Howrah,709,Hwr-709,12,Club Building 12,276,256,1,533,48.03
Howrah,709,Hwr-709,13,Anganwadi Centre 13,302,300,0,602,49.83
Howrah,709,Hwr-709,14,Market Building 14,374,342,1,717,47.7
Howrah,709,Hwr-709,15,Anganwadi Centre 15,348,339,0,687,49.34
Howrah,709,Hwr-709,16,Panchayat Bhavan 16,278,255,1,534,47.75
Howrah,709,Hwr-709,17,Govt Office 17,409,381,1,791,48.17
Howrah,709,Hwr-709,18,Madrasa 18,410,396,1,807,49.07
Howrah,709,Hwr-709,19,Temple Hall 19,268,276,1,545,50.64
Howrah,709,Hwr-709,20,Govt Office 20,375,380,0,755,50.33
Howrah,709,Hwr-709,21,Health Sub-Centre 21,321,291,1,613,47.47
Howrah,709,Hwr-709,22,Govt Office 22,261,238,0,499,47.7
Howrah,709,Hwr-709,23,High School 23,317,302,0,619,48.79
Howrah,709,Hwr-709,24,Govt Office 24,361,371,0,732,50.68
Howrah,709,Hwr-709,25,Health Sub-Centre 25,419,380,1,800,47.5
Howrah,709,Hwr-709,26,Primary School 26,319,290,1,610,47.54
Howrah,709,Hwr-709,27,Panchayat Bhavan 27,278,276,0,554,49.82
Howrah,709,Hwr-709,28,Club Building 28,356,336,0,692,48.55
Howrah,709,Hwr-709,29,High School 29,415,373,1,789,47.28
Howrah,709,Hwr-709,30,Post Office 30,319,294,0,613,47.96
Howrah,709,Hwr-709,31,Panchayat Bhavan 31,289,279,0,568,49.12
Howrah,709,Hwr-709,32,Madrasa 32,417,389,1,807,48.2
Howrah,709,Hwr-709,33,Anganwadi Centre 33,410,410,0,820,50.0
Howrah,709,Hwr-709,34,Govt Office 34,266,240,0,506,47.43
Howrah,709,Hwr-709,35,Temple Hall 35,279,261,1,541,48.24
Howrah,709,Hwr-709,36,Market Building 36,306,281,1,588,47.79
Howrah,709,Hwr-709,37,Club Building 37,305,293,0,598,49.0
Howrah,709,Hwr-709,38,Anganwadi Centre 38,340,308,1,649,47.46
Howrah,709,Hwr-709,39,Govt Office 39,366,349,0,715,48.81
Howrah,709,Hwr-709,40,Anganwadi Centre 40,369,371,1,741,50.07
Howrah,709,Hwr-709,41,Temple Hall 41,415,390,1,806,48.39
Howrah,709,Hwr-709,42,Post Office 42,361,356,1,718,49.58
Howrah,709,Hwr-709,43,Club Building 43,269,272,0,541,50.28
Howrah,709,Hwr-709,44,Health Sub-Centre 44,425,387,0,812,47.66
Howrah,709,Hwr-709,45,Post Office 45,367,343,0,710,48.31
Howrah,709,Hwr-709,46,Community Hall 46,378,388,0,766,50.65
Howrah,709,Hwr-709,47,Health Sub-Centre 47,360,330,0,690,47.83
Howrah,709,Hwr-709,48,Anganwadi Centre 48,358,337,0,695,48.49
Howrah,709,Hwr-709,49,Post Office 49,294,282,1,577,48.87
Howrah,709,Hwr-709,50,Club Building 50,410,409,0,819,49.94
Howrah,709,Hwr-709,51,Anganwadi Centre 51,261,244,0,505,48.32
Howrah,709,Hwr-709,52,Market Building 52,356,349,1,706,49.43
Howrah,709,Hwr-709,53,Temple Hall 53,268,254,0,522,48.66
Howrah,709,Hwr-709,54,Govt Office 54,291,281,0,572,49.13
Howrah,709,Hwr-709,55,Health Sub-Centre 55,246,249,0,495,50.3
Howrah,709,Hwr-709,56,Market Building 56,292,281,0,573,49.04
Howrah,709,Hwr-709,57,Madrasa 57,296,275,1,572,48.08
Howrah,709,Hwr-709,58,Panchayat Bhavan 58,416,382,0,798,47.87
Howrah,709,Hwr-709,59,Primary School 59,380,349,1,730,47.81
Howrah,709,Hwr-709,60,High School 60,285,270,1,556,48.56
Howrah,709,Hwr-709,61,Market Building 61,393,389,1,783,49.68
Howrah,709,Hwr-709,62,Market Building 62,377,365,1,743,49.13
Howrah,709,Hwr-709,63,Panchayat Bhavan 63,392,382,0,774,49.35
Howrah,709,Hwr-709,64,Health Sub-Centre 64,376,352,1,729,48.29
Howrah,709,Hwr-709,65,Govt Office 65,420,390,0,810,48.15
Howrah,709,Hwr-709,66,High School 66,353,327,1,681,48.02
Howrah,709,Hwr-709,67,Club Building 67,259,255,1,515,49.51
Howrah,709,Hwr-709,68,Anganwadi Centre 68,287,277,0,564,49.11
Howrah,709,Hwr-709,69,Community Hall 69,395,398,0,793,50.19
Howrah,709,Hwr-709,70,Anganwadi Centre 70,386,351,1,738,47.56
Howrah,709,Hwr-709,71,Madrasa 71,354,340,0,694,48.99
Howrah,709,Hwr-709,72,Madrasa 72,376,351,0,727,48.28
Howrah,709,Hwr-709,73,Market Building 73,239,244,1,484,50.41
Howrah,709,Hwr-709,74,Club Building 74,314,305,0,619,49.27
Howrah,709,Hwr-709,75,High School 75,299,276,1,576,47.92
Howrah,709,Hwr-709,76,Club Building 76,253,255,1,509,50.1
Howrah,709,Hwr-709,77,Post Office 77,279,253,1,533,47.47
Howrah,709,Hwr-709,78,Anganwadi Centre 78,284,287,0,571,50.26
Howrah,709,Hwr-709,79,Temple Hall 79,395,407,1,803,50.68
Howrah,709,Hwr-709,80,Anganwadi Centre 80,339,341,0,680,50.15
Howrah,709,Hwr-709,81,Govt Office 81,378,379,1,758,50.0
Howrah,709,Hwr-709,82,Market Building 82,402,415,0,817,50.8
Howrah,709,Hwr-709,83,High School 83,318,307,0,625,49.12
Howrah,709,Hwr-709,84,Govt Office 84,248,252,0,500,50.4
Howrah,709,Hwr-709,85,Anganwadi Centre 85,299,270,0,569,47.45
Howrah,709,Hwr-709,86,Temple Hall 86,407,366,0,773,47.35
Howrah,709,Hwr-709,87,Club Building 87,363,326,0,689,47.31
Howrah,709,Hwr-709,88,Panchayat Bhavan 88,254,261,1,516,50.58
Howrah,709,Hwr-709,89,Panchayat Bhavan 89,411,370,1,782,47.31
Howrah,709,Hwr-709,90,Madrasa 90,402,408,1,811,50.31
Howrah,709,Hwr-709,91,Govt Office 91,342,312,1,655,47.63
Howrah,709,Hwr-709,92,High School 92,335,334,1,670,49.85
Howrah,709,Hwr-709,93,High School 93,338,305,1,644,47.36
Howrah,709,Hwr-709,94,Anganwadi Centre 94,320,314,0,634,49.53
Howrah,709,Hwr-709,95,Market Building 95,366,330,0,696,47.41
Howrah,709,Hwr-709,96,Community Hall 96,335,342,1,678,50.44
Howrah,709,Hwr-709,97,Primary School 97,379,345,0,724,47.65
Howrah,709,Hwr-709,98,Community Hall 98,282,269,0,551,48.82
Howrah,709,Hwr-709,99,Market Building 99,358,351,0,709,49.51
Howrah,709,Hwr-709,100,Market Building 100,262,258,1,521,49.52
Howrah,709,Hwr-709,101,Post Office 101,297,269,1,567,47.44
Howrah,709,Hwr-709,102,Madrasa 102,250,258,1,509,50.69
Howrah,709,Hwr-709,103,Health Sub-Centre 103,268,258,1,527,48.96
Howrah,709,Hwr-709,104,Panchayat Bhavan 104,358,333,0,691,48.19
Howrah,709,Hwr-709,105,Club Building 105,282,286,0,568,50.35
Howrah,709,Hwr-709,106,Temple Hall 106,415,400,1,816,49.02
Howrah,709,Hwr-709,107,Post Office 107,365,341,1,707,48.23
Howrah,709,Hwr-709,108,High School 108,263,244,1,508,48.03
Howrah,709,Hwr-709,109,Health Sub-Centre 109,314,289,0,603,47.93
Howrah,709,Hwr-709,110,High School 110,363,367,1,731,50.21
Howrah,709,Hwr-709,111,Anganwadi Centre 111,337,323,0,660,48.94
Howrah,709,Hwr-709,112,Club Building 112,332,324,0,656,49.39
Howrah,709,Hwr-709,113,Club Building 113,269,266,1,536,49.63
Howrah,709,Hwr-709,114,Madrasa 114,349,338,0,687,49.2
Howrah,709,Hwr-709,115,Anganwadi Centre 115,422,395,0,817,48.35
Howrah,709,Hwr-709,116,High School 116,404,369,0,773,47.74
Howrah,709,Hwr-709,117,Panchayat Bhavan 117,366,358,1,725,49.38
Howrah,709,Hwr-709,118,Panchayat Bhavan 118,351,342,0,693,49.35
Howrah,709,Hwr-709,119,Market Building 119,296,296,0,592,50.0
Howrah,709,Hwr-709,120,Club Building 120,326,317,0,643,49.3
Howrah,709,Hwr-709,121,Market Building 121,345,318,1,664,47.89
Howrah,709,Hwr-709,122,Primary School 122,352,357,1,710,50.28
Howrah,709,Hwr-709,123,Health Sub-Centre 123,306,304,0,610,49.84
Howrah,709,Hwr-709,124,Primary School 124,303,307,0,610,50.33
Howrah,709,Hwr-709,125,Community Hall 125,297,298,1,596,50.0
Howrah,709,Hwr-709,126,Health Sub-Centre 126,305,283,0,588,48.13
Howrah,709,Hwr-709,127,Madrasa 127,352,341,1,694,49.14
Howrah,709,Hwr-709,128,Community Hall 128,403,407,1,811,50.18
Howrah,709,Hwr-709,129,Temple Hall 129,348,318,0,666,47.75
Howrah,709,Hwr-709,130,Post Office 130,256,240,1,497,48.29
Howrah,709,Hwr-709,131,Temple Hall 131,286,285,1,572,49.83
Howrah,709,Hwr-709,132,Club Building 132,359,349,0,708,49.29
Howrah,709,Hwr-709,133,Community Hall 133,332,335,0,667,50.22
Howrah,709,Hwr-709,134,Panchayat Bhavan 134,380,373,0,753,49.54
Howrah,709,Hwr-709,135,Panchayat Bhavan 135,404,387,0,791,48.93
Howrah,709,Hwr-709,136,Health Sub-Centre 136,396,380,1,777,48.91
Howrah,709,Hwr-709,137,Health Sub-Centre 137,273,260,0,533,48.78
Howrah,709,Hwr-709,138,Club Building 138,308,300,1,609,49.26
Howrah,709,Hwr-709,139,Community Hall 139,313,316,0,629,50.24
Howrah,709,Hwr-709,140,Govt Office 140,336,307,1,644,47.67
Howrah,709,Hwr-709,141,Post Office 141,417,401,1,819,48.96
Howrah,709,Hwr-709,142,Market Building 142,379,372,1,752,49.47
Howrah,709,Hwr-709,143,Post Office 143,366,349,0,715,48.81
Howrah,709,Hwr-709,144,Primary School 144,290,294,0,584,50.34
Howrah,709,Hwr-709,145,High School 145,292,271,1,564,48.05
Howrah,709,Hwr-709,146,Madrasa 146,398,378,0,776,48.71
Howrah,709,Hwr-709,147,Market Building 147,329,306,0,635,48.19
Howrah,709,Hwr-709,148,Panchayat Bhavan 148,273,276,1,550,50.18
Howrah,709,Hwr-709,149,Primary School 149,274,255,0,529,48.2
Howrah,709,Hwr-709,150,High School 150,342,345,0,687,50.22
Howrah,709,Hwr-709,151,Post Office 151,314,320,1,635,50.39
Howrah,709,Hwr-709,152,Club Building 152,392,377,0,769,49.02
Howrah,709,Hwr-709,153,Post Office 153,269,254,1,524,48.47
Howrah,710,Hwr-710,1,Market Building 1,270,251,0,521,48.18
Howrah,710,Hwr-710,2,Post Office 2,387,399,1,787,50.7
Howrah,710,Hwr-710,3,Madrasa 3,349,313,1,663,47.21
Howrah,710,Hwr-710,4,Health Sub-Centre 4,263,257,1,521,49.33
Howrah,710,Hwr-710,5,Temple Hall 5,257,265,1,523,50.67
Howrah,710,Hwr-710,6,Govt Office 6,357,352,0,709,49.65
Howrah,710,Hwr-710,7,Madrasa 7,381,347,0,728,47.66
Howrah,710,Hwr-710,8,High School 8,425,383,1,809,47.34
Howrah,710,Hwr-710,9,Temple Hall 9,396,364,1,761,47.83
Howrah,710,Hwr-710,10,Market Building 10,282,282,0,564,50.0
Howrah,710,Hwr-710,11,Post Office 11,372,340,0,712,47.75
Howrah,710,Hwr-710,12,Health Sub-Centre 12,289,264,1,554,47.65
Howrah,710,Hwr-710,13,Primary School 13,359,325,1,685,47.45
Howrah,710,Hwr-710,14,Panchayat Bhavan 14,402,389,0,791,49.18
Howrah,710,Hwr-710,15,Govt Office 15,333,303,1,637,47.57
Howrah,710,Hwr-710,16,Govt Office 16,356,328,0,684,47.95
Howrah,710,Hwr-710,17,Panchayat Bhavan 17,374,344,1,719,47.84
Howrah,710,Hwr-710,18,Govt Office 18,337,344,1,682,50.44
Howrah,710,Hwr-710,19,High School 19,390,355,1,746,47.59
Howrah,710,Hwr-710,20,Anganwadi Centre 20,379,349,1,729,47.87
Howrah,710,Hwr-710,21,High School 21,402,411,1,814,50.49
Howrah,710,Hwr-710,22,Panchayat Bhavan 22,341,328,0,669,49.03
Howrah,710,Hwr-710,23,Health Sub-Centre 23,374,380,1,755,50.33
Howrah,710,Hwr-710,24,Panchayat Bhavan 24,289,276,1,566,48.76
Howrah,710,Hwr-710,25,Temple Hall 25,286,275,1,562,48.93
Howrah,710,Hwr-710,26,Anganwadi Centre 26,371,357,1,729,48.97
Howrah,710,Hwr-710,27,High School 27,404,408,1,813,50.18
Howrah,710,Hwr-710,28,Govt Office 28,324,334,1,659,50.68
Howrah,710,Hwr-710,29,Post Office 29,358,353,1,712,49.58
Howrah,710,Hwr-710,30,Panchayat Bhavan 30,349,316,1,666,47.45
Howrah,710,Hwr-710,31,Club Building 31,263,241,0,504,47.82
Howrah,710,Hwr-710,32,Market Building 32,288,267,0,555,48.11
Howrah,710,Hwr-710,33,Govt Office 33,339,335,1,675,49.63
Howrah,710,Hwr-710,34,Primary School 34,264,257,0,521,49.33
Howrah,710,Hwr-710,35,Madrasa 35,312,316,1,629,50.24
Howrah,710,Hwr-710,36,Club Building 36,258,236,1,495,47.68
Howrah,710,Hwr-710,37,Madrasa 37,312,286,0,598,47.83
Howrah,710,Hwr-710,38,Health Sub-Centre 38,237,246,1,484,50.83
Howrah,710,Hwr-710,39,Madrasa 39,243,245,0,488,50.2
Howrah,710,Hwr-710,40,Primary School 40,257,261,1,519,50.29
Howrah,710,Hwr-710,41,Post Office 41,406,401,0,807,49.69
Howrah,710,Hwr-710,42,Temple Hall 42,425,383,0,808,47.4
Howrah,710,Hwr-710,43,Anganwadi Centre 43,334,309,1,644,47.98
Howrah,710,Hwr-710,44,High School 44,252,249,1,502,49.6
Howrah,710,Hwr-710,45,Anganwadi Centre 45,397,360,1,758,47.49
Howrah,710,Hwr-710,46,Market Building 46,260,248,0,508,48.82
Howrah,710,Hwr-710,47,Community Hall 47,277,268,0,545,49.17
Howrah,710,Hwr-710,48,High School 48,326,306,0,632,48.42
Howrah,710,Hwr-710,49,Govt Office 49,267,254,1,522,48.66
Howrah,710,Hwr-710,50,Post Office 50,257,241,1,499,48.3
Howrah,710,Hwr-710,51,Post Office 51,394,363,0,757,47.95
Howrah,710,Hwr-710,52,Madrasa 52,417,376,0,793,47.41
Howrah,710,Hwr-710,53,Panchayat Bhavan 53,294,283,0,577,49.05
Howrah,710,Hwr-710,54,Post Office 54,337,340,0,677,50.22
Howrah,710,Hwr-710,55,Madrasa 55,325,308,0,633,48.66
Howrah,710,Hwr-710,56,Madrasa 56,365,355,0,720,49.31
Howrah,710,Hwr-710,57,Post Office 57,286,273,1,560,48.75
Howrah,710,Hwr-710,58,Post Office 58,266,247,1,514,48.05
Howrah,710,Hwr-710,59,Temple Hall 59,254,256,1,511,50.1
Howrah,710,Hwr-710,60,Panchayat Bhavan 60,351,352,0,703,50.07
Howrah,710,Hwr-710,61,Health Sub-Centre 61,261,260,1,522,49.81
Howrah,710,Hwr-710,62,Market Building 62,243,237,0,480,49.38
Howrah,710,Hwr-710,63,Market Building 63,306,296,0,602,49.17
Howrah,710,Hwr-710,64,Panchayat Bhavan 64,247,245,0,492,49.8
Howrah,710,Hwr-710,65,Temple Hall 65,317,319,0,636,50.16
Howrah,710,Hwr-710,66,Health Sub-Centre 66,309,289,0,598,48.33
Howrah,710,Hwr-710,67,Community Hall 67,344,312,0,656,47.56
Howrah,710,Hwr-710,68,Primary School 68,270,243,1,514,47.28
Howrah,710,Hwr-710,69,Post Office 69,364,367,1,732,50.14
Howrah,710,Hwr-710,70,Market Building 70,267,248,0,515,48.16
Howrah,710,Hwr-710,71,Club Building 71,334,338,0,672,50.3
Howrah,710,Hwr-710,72,Primary School 72,399,365,1,765,47.71
Howrah,710,Hwr-710,73,Market Building 73,402,370,1,773,47.87
Howrah,710,Hwr-710,74,Club Building 74,258,258,1,517,49.9
Howrah,710,Hwr-710,75,Community Hall 75,375,383,0,758,50.53
Howrah,710,Hwr-710,76,Post Office 76,278,284,1,563,50.44
Howrah,710,Hwr-710,77,Health Sub-Centre 77,279,260,0,539,48.24
Howrah,710,Hwr-710,78,Health Sub-Centre 78,407,413,0,820,50.37
Howrah,710,Hwr-710,79,Govt Office 79,384,351,1,736,47.69
Howrah,710,Hwr-710,80,Health Sub-Centre 80,322,327,0,649,50.39
Howrah,710,Hwr-710,81,Primary School 81,385,362,1,748,48.4
Howrah,710,Hwr-710,82,Panchayat Bhavan 82,395,361,1,757,47.69
Howrah,710,Hwr-710,83,Health Sub-Centre 83,394,387,0,781,49.55
Howrah,710,Hwr-710,84,Anganwadi Centre 84,402,398,1,801,49.69
Howrah,710,Hwr-710,85,Health Sub-Centre 85,339,331,1,671,49.33
Howrah,710,Hwr-710,86,Market Building 86,337,315,1,653,48.24
Howrah,710,Hwr-710,87,Madrasa 87,309,282,1,592,47.64
Howrah,710,Hwr-710,88,Market Building 88,340,326,0,666,48.95
Howrah,710,Hwr-710,89,Health Sub-Centre 89,280,261,0,541,48.24
Howrah,710,Hwr-710,90,Community Hall 90,412,389,1,802,48.5
Howrah,710,Hwr-710,91,Community Hall 91,323,320,0,643,49.77
Howrah,710,Hwr-710,92,High School 92,354,320,0,674,47.48
Howrah,710,Hwr-710,93,Health Sub-Centre 93,247,254,0,501,50.7
Howrah,710,Hwr-710,94,Govt Office 94,330,301,1,632,47.63
Howrah,710,Hwr-710,95,Community Hall 95,371,352,0,723,48.69
Howrah,710,Hwr-710,96,Club Building 96,245,248,0,493,50.3
Howrah,710,Hwr-710,97,Madrasa 97,349,356,0,705,50.5
Howrah,710,Hwr-710,98,Madrasa 98,360,351,1,712,49.3
Howrah,710,Hwr-710,99,Panchayat Bhavan 99,372,334,0,706,47.31
Howrah,710,Hwr-710,100,Panchayat Bhavan 100,256,256,0,512,50.0
Howrah,710,Hwr-710,101,Govt Office 101,358,368,1,727,50.62
Howrah,710,Hwr-710,102,Market Building 102,323,304,1,628,48.41
Howrah,710,Hwr-710,103,Anganwadi Centre 103,403,405,1,809,50.06
Howrah,710,Hwr-710,104,Primary School 104,390,367,0,757,48.48
Howrah,710,Hwr-710,105,Primary School 105,375,379,1,755,50.2
Howrah,710,Hwr-710,106,Health Sub-Centre 106,380,372,0,752,49.47
Howrah,710,Hwr-710,107,Temple Hall 107,344,324,1,669,48.43
Howrah,710,Hwr-710,108,Primary School 108,277,250,1,528,47.35
Howrah,710,Hwr-710,109,Community Hall 109,293,298,0,591,50.42
Howrah,710,Hwr-710,110,High School 110,382,357,0,739,48.31
Howrah,710,Hwr-710,111,Club Building 111,344,311,0,655,47.48
Howrah,710,Hwr-710,112,Market Building 112,346,323,0,669,48.28
Howrah,710,Hwr-710,113,Community Hall 113,408,402,1,811,49.57
Howrah,710,Hwr-710,114,Club Building 114,268,254,1,523,48.57
Howrah,710,Hwr-710,115,Primary School 115,339,321,1,661,48.56
Howrah,710,Hwr-710,116,Madrasa 116,279,253,1,533,47.47
Howrah,710,Hwr-710,117,High School 117,342,341,1,684,49.85
Howrah,710,Hwr-710,118,Market Building 118,281,270,0,551,49.0
Howrah,710,Hwr-710,119,Community Hall 119,344,309,0,653,47.32
Howrah,710,Hwr-710,120,Community Hall 120,286,272,1,559,48.66
Howrah,710,Hwr-710,121,Anganwadi Centre 121,311,310,0,621,49.92
Howrah,710,Hwr-710,122,Panchayat Bhavan 122,280,283,1,564,50.18
Howrah,710,Hwr-710,123,High School 123,333,316,1,650,48.62
Howrah,710,Hwr-710,124,Health Sub-Centre 124,299,300,0,599,50.08
Howrah,710,Hwr-710,125,Post Office 125,335,319,1,655,48.7
Howrah,710,Hwr-710,126,Madrasa 126,328,332,0,660,50.3
Howrah,710,Hwr-710,127,Anganwadi Centre 127,251,256,0,507,50.49
Howrah,710,Hwr-710,128,Anganwadi Centre 128,339,307,0,646,47.52
Howrah,710,Hwr-710,129,Club Building 129,383,356,1,740,48.11
Howrah,710,Hwr-710,130,Panchayat Bhavan 130,280,287,0,567,50.62
Howrah,710,Hwr-710,131,High School 131,393,355,0,748,47.46
Howrah,710,Hwr-710,132,Health Sub-Centre 132,351,349,0,700,49.86
Howrah,710,Hwr-710,133,Temple Hall 133,395,404,0,799,50.56
Howrah,710,Hwr-710,134,Madrasa 134,295,287,0,582,49.31
Howrah,710,Hwr-710,135,Madrasa 135,389,369,1,759,48.62
Howrah,710,Hwr-710,136,Market Building 136,276,261,0,537,48.6
Howrah,710,Hwr-710,137,Panchayat Bhavan 137,341,346,0,687,50.36
Howrah,710,Hwr-710,138,Anganwadi Centre 138,413,379,0,792,47.85
Howrah,710,Hwr-710,139,Club Building 139,331,313,1,645,48.53
Howrah,710,Hwr-710,140,Market Building 140,392,377,1,770,48.96
Howrah,710,Hwr-710,141,Madrasa 141,361,350,1,712,49.16
Howrah,710,Hwr-710,142,High School 142,292,285,0,577,49.39
Howrah,710,Hwr-710,143,Market Building 143,354,322,0,676,47.63
Howrah,710,Hwr-710,144,Post Office 144,399,377,0,776,48.58
Howrah,710,Hwr-710,145,Madrasa 145,325,316,0,641,49.3
Howrah,710,Hwr-710,146,Market Building 146,349,320,1,670,47.76
Howrah,710,Hwr-710,147,Panchayat Bhavan 147,384,348,0,732,47.54
Howrah,710,Hwr-710,148,Community Hall 148,256,231,1,488,47.34
Howrah,710,Hwr-710,149,Community Hall 149,242,250,1,493,50.71
Howrah,710,Hwr-710,150,Community Hall 150,310,303,0,613,49.43
Howrah,710,Hwr-710,151,Govt Office 151,321,317,1,639,49.61
Howrah,710,Hwr-710,152,Community Hall 152,247,255,0,502,50.8
Howrah,710,Hwr-710,153,Govt Office 153,254,230,1,485,47.42
Howrah,711,Hwr-711,1,Madrasa 1,338,323,0,661,48.87
Howrah,711,Hwr-711,2,Madrasa 2,260,245,0,505,48.51
Howrah,711,Hwr-711,3,Club Building 3,334,331,0,665,49.77
Howrah,711,Hwr-711,4,Govt Office 4,335,337,1,673,50.07
Howrah,711,Hwr-711,5,Health Sub-Centre 5,273,266,1,540,49.26
Howrah,711,Hwr-711,6,Temple Hall 6,284,285,0,569,50.09
Howrah,711,Hwr-711,7,Post Office 7,361,347,0,708,49.01
Howrah,711,Hwr-711,8,Panchayat Bhavan 8,247,235,0,482,48.76
Howrah,711,Hwr-711,9,Post Office 9,335,304,1,640,47.5
Howrah,711,Hwr-711,10,Club Building 10,335,312,1,648,48.15
Howrah,711,Hwr-711,11,Govt Office 11,365,347,0,712,48.74
Howrah,711,Hwr-711,12,Post Office 12,366,368,1,735,50.07
Howrah,711,Hwr-711,13,Market Building 13,397,368,0,765,48.1
Howrah,711,Hwr-711,14,Market Building 14,361,352,0,713,49.37
Howrah,711,Hwr-711,15,Govt Office 15,330,340,1,671,50.67
Howrah,711,Hwr-711,16,Club Building 16,364,369,1,734,50.27
Howrah,711,Hwr-711,17,Community Hall 17,261,259,1,521,49.71
Howrah,711,Hwr-711,18,Club Building 18,352,358,1,711,50.35
Howrah,711,Hwr-711,19,Post Office 19,392,372,0,764,48.69
Howrah,711,Hwr-711,20,Community Hall 20,394,363,0,757,47.95
Howrah,711,Hwr-711,21,Primary School 21,255,262,1,518,50.58
Howrah,711,Hwr-711,22,Temple Hall 22,297,273,0,570,47.89
Howrah,711,Hwr-711,23,Community Hall 23,359,355,1,715,49.65
Howrah,711,Hwr-711,24,Club Building 24,386,361,0,747,48.33
Howrah,711,Hwr-711,25,Temple Hall 25,408,379,0,787,48.16
Howrah,711,Hwr-711,26,Market Building 26,319,286,1,606,47.19
Howrah,711,Hwr-711,27,Panchayat Bhavan 27,373,353,1,727,48.56
Howrah,711,Hwr-711,28,Health Sub-Centre 28,339,325,0,664,48.95
Howrah,711,Hwr-711,29,Health Sub-Centre 29,271,246,1,518,47.49
Howrah,711,Hwr-711,30,Temple Hall 30,272,250,1,523,47.8
Howrah,711,Hwr-711,31,High School 31,353,332,1,686,48.4
Howrah,711,Hwr-711,32,Health Sub-Centre 32,258,268,1,527,50.85
Howrah,711,Hwr-711,33,Temple Hall 33,271,278,1,550,50.55
Howrah,711,Hwr-711,34,Primary School 34,370,378,0,748,50.53
Howrah,711,Hwr-711,35,High School 35,390,379,0,769,49.28
Howrah,711,Hwr-711,36,High School 36,305,311,0,616,50.49
Howrah,711,Hwr-711,37,Community Hall 37,316,311,1,628,49.52
Howrah,711,Hwr-711,38,Post Office 38,376,361,0,737,48.98
Howrah,711,Hwr-711,39,Panchayat Bhavan 39,258,231,0,489,47.24
Howrah,711,Hwr-711,40,Madrasa 40,398,389,0,787,49.43
Howrah,711,Hwr-711,41,Club Building 41,354,361,1,716,50.42
Howrah,711,Hwr-711,42,Govt Office 42,380,342,1,723,47.3
Howrah,711,Hwr-711,43,Anganwadi Centre 43,330,326,0,656,49.7
Howrah,711,Hwr-711,44,Temple Hall 44,331,317,1,649,48.84
Howrah,711,Hwr-711,45,Health Sub-Centre 45,279,261,0,540,48.33
Howrah,711,Hwr-711,46,Madrasa 46,353,327,0,680,48.09
Howrah,711,Hwr-711,47,Temple Hall 47,330,322,0,652,49.39
Howrah,711,Hwr-711,48,Club Building 48,263,246,0,509,48.33
Howrah,711,Hwr-711,49,Health Sub-Centre 49,360,371,0,731,50.75
Howrah,711,Hwr-711,50,High School 50,313,319,0,632,50.47
Howrah,711,Hwr-711,51,Primary School 51,329,330,1,660,50.0
Howrah,711,Hwr-711,52,Primary School 52,332,339,1,672,50.45
Howrah,711,Hwr-711,53,Club Building 53,374,353,0,727,48.56
Howrah,711,Hwr-711,54,Health Sub-Centre 54,332,310,0,642,48.29
Howrah,711,Hwr-711,55,Club Building 55,271,274,1,546,50.18
Howrah,711,Hwr-711,56,Govt Office 56,326,296,1,623,47.51
Howrah,711,Hwr-711,57,Community Hall 57,305,285,1,591,48.22
Howrah,711,Hwr-711,58,Club Building 58,301,293,0,594,49.33
Howrah,711,Hwr-711,59,Madrasa 59,350,346,1,697,49.64
Howrah,711,Hwr-711,60,Govt Office 60,326,307,0,633,48.5
Howrah,711,Hwr-711,61,Madrasa 61,370,364,0,734,49.59
Howrah,711,Hwr-711,62,High School 62,306,296,1,603,49.09
Howrah,711,Hwr-711,63,High School 63,351,360,0,711,50.63
Howrah,711,Hwr-711,64,Post Office 64,282,259,0,541,47.87
Howrah,711,Hwr-711,65,Primary School 65,391,384,1,776,49.48
Howrah,711,Hwr-711,66,Health Sub-Centre 66,314,284,0,598,47.49
Howrah,711,Hwr-711,67,Madrasa 67,372,375,0,747,50.2
Howrah,711,Hwr-711,68,Market Building 68,294,295,0,589,50.08
Howrah,711,Hwr-711,69,Panchayat Bhavan 69,305,290,0,595,48.74
Howrah,711,Hwr-711,70,Community Hall 70,262,269,0,531,50.66
Howrah,711,Hwr-711,71,Madrasa 71,321,325,1,647,50.23
Howrah,711,Hwr-711,72,Govt Office 72,402,406,1,809,50.19
Howrah,711,Hwr-711,73,Community Hall 73,360,330,1,691,47.76
Howrah,711,Hwr-711,74,High School 74,286,257,0,543,47.33
Howrah,711,Hwr-711,75,Panchayat Bhavan 75,396,369,0,765,48.24
Howrah,711,Hwr-711,76,High School 76,273,257,0,530,48.49
Howrah,711,Hwr-711,77,Govt Office 77,274,251,1,526,47.72
Howrah,711,Hwr-711,78,Health Sub-Centre 78,243,237,0,480,49.38
Howrah,711,Hwr-711,79,Anganwadi Centre 79,246,237,0,483,49.07
Howrah,711,Hwr-711,80,Post Office 80,376,362,1,739,48.99
Howrah,711,Hwr-711,81,Market Building 81,292,263,0,555,47.39
Howrah,711,Hwr-711,82,Community Hall 82,316,303,0,619,48.95
Howrah,711,Hwr-711,83,Panchayat Bhavan 83,270,260,1,531,48.96
Howrah,711,Hwr-711,84,Market Building 84,355,323,1,679,47.57
Howrah,711,Hwr-711,85,High School 85,357,343,0,700,49.0
Howrah,711,Hwr-711,86,Panchayat Bhavan 86,355,324,1,680,47.65
Howrah,711,Hwr-711,87,Temple Hall 87,277,285,0,562,50.71
Howrah,711,Hwr-711,88,Govt Office 88,345,313,1,659,47.5
Howrah,711,Hwr-711,89,Community Hall 89,391,354,0,745,47.52
Howrah,711,Hwr-711,90,Anganwadi Centre 90,346,341,0,687,49.64
Howrah,711,Hwr-711,91,Madrasa 91,351,352,0,703,50.07
Howrah,711,Hwr-711,92,High School 92,342,333,0,675,49.33
Howrah,711,Hwr-711,93,Govt Office 93,326,323,1,650,49.69
Howrah,711,Hwr-711,94,Primary School 94,276,286,1,563,50.8
Howrah,711,Hwr-711,95,Community Hall 95,386,357,0,743,48.05
Howrah,711,Hwr-711,96,Panchayat Bhavan 96,312,324,1,637,50.86
Howrah,711,Hwr-711,97,High School 97,251,244,1,496,49.19
Howrah,711,Hwr-711,98,Temple Hall 98,336,340,0,676,50.3
Howrah,711,Hwr-711,99,Club Building 99,260,263,0,523,50.29
Howrah,711,Hwr-711,100,Temple Hall 100,385,378,1,764,49.48
Howrah,711,Hwr-711,101,Club Building 101,330,331,0,661,50.08
Howrah,711,Hwr-711,102,Market Building 102,303,310,1,614,50.49
Howrah,711,Hwr-711,103,Club Building 103,298,301,1,600,50.17
Howrah,711,Hwr-711,104,Madrasa 104,375,359,1,735,48.84
Howrah,711,Hwr-711,105,Primary School 105,271,278,1,550,50.55
Howrah,711,Hwr-711,106,Madrasa 106,261,249,1,511,48.73
Howrah,711,Hwr-711,107,High School 107,317,293,0,610,48.03
Howrah,711,Hwr-711,108,Madrasa 108,343,308,0,651,47.31
Howrah,711,Hwr-711,109,Health Sub-Centre 109,382,385,0,767,50.2
Howrah,711,Hwr-711,110,Market Building 110,275,248,1,524,47.33
Howrah,711,Hwr-711,111,Anganwadi Centre 111,405,393,0,798,49.25
Howrah,711,Hwr-711,112,Primary School 112,326,312,0,638,48.9
Howrah,711,Hwr-711,113,Temple Hall 113,391,363,1,755,48.08
Howrah,711,Hwr-711,114,Club Building 114,321,323,1,645,50.08
Howrah,711,Hwr-711,115,Community Hall 115,258,256,0,514,49.81
Howrah,711,Hwr-711,116,Market Building 116,284,286,1,571,50.09
Howrah,711,Hwr-711,117,Temple Hall 117,384,373,0,757,49.27
Howrah,711,Hwr-711,118,Govt Office 118,374,365,0,739,49.39
Howrah,711,Hwr-711,119,Health Sub-Centre 119,406,389,0,795,48.93
Howrah,711,Hwr-711,120,Panchayat Bhavan 120,257,248,0,505,49.11
Howrah,711,Hwr-711,121,Post Office 121,401,383,0,784,48.85
Howrah,711,Hwr-711,122,Temple Hall 122,241,240,0,481,49.9
Howrah,711,Hwr-711,123,Primary School 123,272,268,1,541,49.54
Howrah,711,Hwr-711,124,Community Hall 124,335,301,0,636,47.33
Howrah,711,Hwr-711,125,Primary School 125,369,366,1,736,49.73
Howrah,711,Hwr-711,126,Health Sub-Centre 126,366,338,1,705,47.94
Howrah,711,Hwr-711,127,Madrasa 127,347,330,0,677,48.74
Howrah,711,Hwr-711,128,Primary School 128,258,250,1,509,49.12
Howrah,711,Hwr-711,129,Market Building 129,280,255,0,535,47.66
Howrah,711,Hwr-711,130,Community Hall 130,239,241,0,480,50.21
Howrah,711,Hwr-711,131,Market Building 131,321,325,1,647,50.23
Howrah,711,Hwr-711,132,Club Building 132,347,316,1,664,47.59
Howrah,711,Hwr-711,133,Anganwadi Centre 133,337,346,1,684,50.58
Howrah,711,Hwr-711,134,Temple Hall 134,396,382,1,779,49.04
Howrah,711,Hwr-711,135,Community Hall 135,305,316,1,622,50.8
Howrah,711,Hwr-711,136,Temple Hall 136,271,276,1,548,50.36
Howrah,711,Hwr-711,137,Health Sub-Centre 137,352,337,0,689,48.91
Howrah,711,Hwr-711,138,Anganwadi Centre 138,266,264,1,531,49.72
Howrah,711,Hwr-711,139,Community Hall 139,336,318,1,655,48.55
Howrah,711,Hwr-711,140,Anganwadi Centre 140,415,400,0,815,49.08
Howrah,711,Hwr-711,141,Market Building 141,345,354,1,700,50.57
Howrah,711,Hwr-711,142,Market Building 142,375,377,0,752,50.13
Howrah,711,Hwr-711,143,Govt Office 143,254,249,1,504,49.4
Howrah,711,Hwr-711,144,Health Sub-Centre 144,306,312,0,618,50.49
Howrah,711,Hwr-711,145,Community Hall 145,386,389,1,776,50.13
Howrah,711,Hwr-711,146,Post Office 146,408,384,1,793,48.42
Howrah,711,Hwr-711,147,Club Building 147,336,308,1,645,47.75
Howrah,711,Hwr-711,148,Anganwadi Centre 148,351,361,1,713,50.63
Howrah,711,Hwr-711,149,Community Hall 149,382,378,0,760,49.74
Howrah,711,Hwr-711,150,Madrasa 150,309,307,1,617,49.76
Howrah,712,Hwr-712,1,Club Building 1,292,287,0,579,49.57
Howrah,712,Hwr-712,2,Community Hall 2,342,350,1,693,50.51
Howrah,712,Hwr-712,3,High School 3,305,293,0,598,49.0
Howrah,712,Hwr-712,4,Market Building 4,355,325,1,681,47.72
Howrah,712,Hwr-712,5,Post Office 5,356,324,0,680,47.65
Howrah,712,Hwr-712,6,Anganwadi Centre 6,366,364,0,730,49.86
Howrah,712,Hwr-712,7,Anganwadi Centre 7,399,405,0,804,50.37
Howrah,712,Hwr-712,8,Madrasa 8,256,260,1,517,50.29
Howrah,712,Hwr-712,9,Post Office 9,351,354,0,705,50.21
Howrah,712,Hwr-712,10,Community Hall 10,323,321,0,644,49.84
Howrah,712,Hwr-712,11,Panchayat Bhavan 11,396,367,1,764,48.04
Howrah,712,Hwr-712,12,Primary School 12,381,356,0,737,48.3
Howrah,712,Hwr-712,13,Temple Hall 13,296,299,0,595,50.25
Howrah,712,Hwr-712,14,Primary School 14,272,259,0,531,48.78
Howrah,712,Hwr-712,15,Post Office 15,317,315,1,633,49.76
Howrah,712,Hwr-712,16,Club Building 16,359,325,1,685,47.45
Howrah,712,Hwr-712,17,Health Sub-Centre 17,337,320,1,658,48.63
Howrah,712,Hwr-712,18,Anganwadi Centre 18,252,239,0,491,48.68
Howrah,712,Hwr-712,19,Primary School 19,285,282,0,567,49.74
Howrah,712,Hwr-712,20,Market Building 20,332,325,1,658,49.39
Howrah,712,Hwr-712,21,Club Building 21,253,259,1,513,50.49
Howrah,712,Hwr-712,22,Govt Office 22,405,379,1,785,48.28
Howrah,712,Hwr-712,23,High School 23,274,275,0,549,50.09
Howrah,712,Hwr-712,24,Club Building 24,309,313,1,623,50.24
Howrah,712,Hwr-712,25,Anganwadi Centre 25,269,245,1,515,47.57
Howrah,712,Hwr-712,26,Madrasa 26,393,365,0,758,48.15
Howrah,712,Hwr-712,27,Panchayat Bhavan 27,374,354,1,729,48.56
Howrah,712,Hwr-712,28,Community Hall 28,271,253,0,524,48.28
Howrah,712,Hwr-712,29,High School 29,374,352,0,726,48.48
Howrah,712,Hwr-712,30,High School 30,251,233,0,484,48.14
Howrah,712,Hwr-712,31,Primary School 31,264,244,1,509,47.94
Howrah,712,Hwr-712,32,Health Sub-Centre 32,288,270,0,558,48.39
Howrah,712,Hwr-712,33,Temple Hall 33,322,310,0,632,49.05
Howrah,712,Hwr-712,34,Community Hall 34,280,265,1,546,48.53
Howrah,712,Hwr-712,35,Club Building 35,278,262,1,541,48.43
Howrah,712,Hwr-712,36,Primary School 36,319,303,1,623,48.64
Howrah,712,Hwr-712,37,Club Building 37,370,363,0,733,49.52
Howrah,712,Hwr-712,38,Panchayat Bhavan 38,329,324,0,653,49.62
Howrah,712,Hwr-712,39,Madrasa 39,361,328,1,690,47.54
Howrah,712,Hwr-712,40,Primary School 40,311,309,0,620,49.84
Howrah,712,Hwr-712,41,Primary School 41,360,349,0,709,49.22
Howrah,712,Hwr-712,42,Panchayat Bhavan 42,271,265,0,536,49.44
Howrah,712,Hwr-712,43,Health Sub-Centre 43,289,264,1,554,47.65
Howrah,712,Hwr-712,44,High School 44,353,320,1,674,47.48
Howrah,712,Hwr-712,45,Post Office 45,338,319,1,658,48.48
Howrah,712,Hwr-712,46,Anganwadi Centre 46,292,271,0,563,48.13
Howrah,712,Hwr-712,47,Madrasa 47,314,302,0,616,49.03
Howrah,712,Hwr-712,48,Primary School 48,426,385,1,812,47.41
Howrah,712,Hwr-712,49,Health Sub-Centre 49,335,304,0,639,47.57
Howrah,712,Hwr-712,50,Panchayat Bhavan 50,348,324,1,673,48.14
Howrah,712,Hwr-712,51,Club Building 51,359,337,0,696,48.42
Howrah,712,Hwr-712,52,Post Office 52,371,357,1,729,48.97
Howrah,712,Hwr-712,53,Govt Office 53,354,337,0,691,48.77
Howrah,712,Hwr-712,54,Post Office 54,292,286,0,578,49.48
Howrah,712,Hwr-712,55,Primary School 55,305,274,1,580,47.24
Howrah,712,Hwr-712,56,Community Hall 56,312,287,0,599,47.91
Howrah,712,Hwr-712,57,Primary School 57,290,295,0,585,50.43
Howrah,712,Hwr-712,58,Club Building 58,323,333,0,656,50.76
Howrah,712,Hwr-712,59,Market Building 59,311,315,1,627,50.24
Howrah,712,Hwr-712,60,High School 60,269,248,0,517,47.97
Howrah,712,Hwr-712,61,Community Hall 61,289,290,0,579,50.09
Howrah,712,Hwr-712,62,Govt Office 62,403,407,0,810,50.25
Howrah,712,Hwr-712,63,High School 63,332,343,1,676,50.74
Howrah,712,Hwr-712,64,Primary School 64,314,300,1,615,48.78
Howrah,712,Hwr-712,65,Community Hall 65,375,339,1,715,47.41
Howrah,712,Hwr-712,66,Anganwadi Centre 66,347,332,1,680,48.82
Howrah,712,Hwr-712,67,Primary School 67,391,349,0,740,47.16
Howrah,712,Hwr-712,68,Club Building 68,377,382,0,759,50.33
Howrah,712,Hwr-712,69,Community Hall 69,251,255,1,507,50.3
Howrah,712,Hwr-712,70,Post Office 70,289,267,1,557,47.94
Howrah,712,Hwr-712,71,Health Sub-Centre 71,367,355,0,722,49.17
Howrah,712,Hwr-712,72,Madrasa 72,288,293,0,581,50.43
Howrah,712,Hwr-712,73,Post Office 73,313,304,0,617,49.27
Howrah,712,Hwr-712,74,Health Sub-Centre 74,333,301,0,634,47.48
Howrah,712,Hwr-712,75,Govt Office 75,360,369,0,729,50.62
Howrah,712,Hwr-712,76,Club Building 76,276,260,0,536,48.51
Howrah,712,Hwr-712,77,Govt Office 77,313,285,1,599,47.58
Howrah,712,Hwr-712,78,Club Building 78,377,375,0,752,49.87
Howrah,712,Hwr-712,79,Market Building 79,296,292,1,589,49.58
Howrah,712,Hwr-712,80,Temple Hall 80,356,348,0,704,49.43
Howrah,712,Hwr-712,81,Temple Hall 81,269,275,1,545,50.46
Howrah,712,Hwr-712,82,Temple Hall 82,394,395,1,790,50.0
Howrah,712,Hwr-712,83,Madrasa 83,340,346,0,686,50.44
Howrah,712,Hwr-712,84,Primary School 84,297,294,1,592,49.66
Howrah,712,Hwr-712,85,Primary School 85,312,321,1,634,50.63
Howrah,712,Hwr-712,86,Temple Hall 86,309,299,1,609,49.1
Howrah,712,Hwr-712,87,Primary School 87,277,270,0,547,49.36
Howrah,712,Hwr-712,88,Panchayat Bhavan 88,259,234,1,494,47.37
Howrah,712,Hwr-712,89,Govt Office 89,339,323,0,662,48.79
Howrah,712,Hwr-712,90,Post Office 90,346,317,0,663,47.81
Howrah,712,Hwr-712,91,Primary School 91,367,374,1,742,50.4
Howrah,712,Hwr-712,92,Club Building 92,350,357,1,708,50.42
Howrah,712,Hwr-712,93,Temple Hall 93,397,366,0,763,47.97
Howrah,712,Hwr-712,94,Anganwadi Centre 94,400,360,0,760,47.37
Howrah,712,Hwr-712,95,Temple Hall 95,390,349,0,739,47.23
Howrah,712,Hwr-712,96,Community Hall 96,285,290,1,576,50.35
Howrah,712,Hwr-712,97,Post Office 97,253,230,1,484,47.52
Howrah,712,Hwr-712,98,Govt Office 98,260,255,0,515,49.51
Howrah,712,Hwr-712,99,High School 99,363,343,1,707,48.51
Howrah,712,Hwr-712,100,Community Hall 100,298,269,0,567,47.44
Howrah,712,Hwr-712,101,Post Office 101,365,355,1,721,49.24
Howrah,712,Hwr-712,102,Health Sub-Centre 102,411,408,0,819,49.82
Howrah,712,Hwr-712,103,Health Sub-Centre 103,405,410,1,816,50.25
Howrah,712,Hwr-712,104,Govt Office 104,350,345,1,696,49.57
Howrah,712,Hwr-712,105,Anganwadi Centre 105,352,354,1,707,50.07
Howrah,712,Hwr-712,106,Club Building 106,276,259,0,535,48.41
Howrah,712,Hwr-712,107,Temple Hall 107,367,350,1,718,48.75
Howrah,712,Hwr-712,108,Community Hall 108,364,341,1,706,48.3
Howrah,712,Hwr-712,109,Temple Hall 109,302,287,1,590,48.64
Howrah,712,Hwr-712,110,Madrasa 110,244,251,0,495,50.71
Howrah,712,Hwr-712,111,Post Office 111,277,276,0,553,49.91
Howrah,712,Hwr-712,112,Club Building 112,270,244,0,514,47.47
Howrah,712,Hwr-712,113,High School 113,289,276,1,566,48.76
Howrah,712,Hwr-712,114,Club Building 114,293,293,0,586,50.0
Howrah,712,Hwr-712,115,Panchayat Bhavan 115,322,302,0,624,48.4
Howrah,712,Hwr-712,116,Health Sub-Centre 116,340,343,0,683,50.22
Howrah,712,Hwr-712,117,Community Hall 117,395,398,1,794,50.13
Howrah,712,Hwr-712,118,High School 118,315,313,0,628,49.84
Howrah,712,Hwr-712,119,High School 119,411,394,0,805,48.94
Howrah,712,Hwr-712,120,High School 120,301,286,1,588,48.64
Howrah,712,Hwr-712,121,High School 121,340,312,0,652,47.85
Howrah,712,Hwr-712,122,Madrasa 122,349,334,1,684,48.83
Howrah,712,Hwr-712,123,Health Sub-Centre 123,361,346,0,707,48.94
Howrah,712,Hwr-712,124,Anganwadi Centre 124,314,281,0,595,47.23
Howrah,712,Hwr-712,125,High School 125,288,258,1,547,47.17
Howrah,712,Hwr-712,126,Community Hall 126,381,343,1,725,47.31
Howrah,712,Hwr-712,127,Anganwadi Centre 127,354,363,1,718,50.56
Howrah,712,Hwr-712,128,Govt Office 128,360,350,0,710,49.3
Howrah,712,Hwr-712,129,Anganwadi Centre 129,324,296,1,621,47.67
Howrah,712,Hwr-712,130,Primary School 130,342,305,0,647,47.14
Howrah,712,Hwr-712,131,Anganwadi Centre 131,292,299,0,591,50.59
Howrah,712,Hwr-712,132,Market Building 132,309,279,1,589,47.37
Howrah,712,Hwr-712,133,Madrasa 133,383,384,1,768,50.0
Howrah,712,Hwr-712,134,High School 134,263,241,0,504,47.82
Howrah,712,Hwr-712,135,Primary School 135,339,340,0,679,50.07
Howrah,712,Hwr-712,136,High School 136,284,277,1,562,49.29
Howrah,712,Hwr-712,137,Post Office 137,409,408,1,818,49.88
Howrah,712,Hwr-712,138,Anganwadi Centre 138,310,286,0,596,47.99
Howrah,712,Hwr-712,139,Temple Hall 139,273,279,0,552,50.54
Howrah,712,Hwr-712,140,Panchayat Bhavan 140,259,237,1,497,47.69
Howrah,712,Hwr-712,141,Community Hall 141,369,358,1,728,49.18
Howrah,712,Hwr-712,142,Community Hall 142,327,330,1,658,50.15
Howrah,712,Hwr-712,143,Health Sub-Centre 143,290,268,0,558,48.03
Howrah,712,Hwr-712,144,Market Building 144,416,396,0,812,48.77
Howrah,712,Hwr-712,145,Primary School 145,322,324,0,646,50.15
Howrah,712,Hwr-712,146,Post Office 146,400,378,1,779,48.52
Howrah,712,Hwr-712,147,Govt Office 147,348,343,1,692,49.57
Howrah,712,Hwr-712,148,Post Office 148,377,373,1,751,49.67
Howrah,712,Hwr-712,149,Madrasa 149,398,404,1,803,50.31
Howrah,712,Hwr-712,150,Market Building 150,308,276,0,584,47.26
Howrah,713,Hwr-713,1,Health Sub-Centre 1,392,363,1,756,48.02
Howrah,713,Hwr-713,2,Anganwadi Centre 2,333,328,1,662,49.55
Howrah,713,Hwr-713,3,Primary School 3,344,354,1,699,50.64
Howrah,713,Hwr-713,4,Health Sub-Centre 4,270,241,0,511,47.16
Howrah,713,Hwr-713,5,Market Building 5,422,393,0,815,48.22
Howrah,713,Hwr-713,6,Post Office 6,378,368,1,747,49.26
Howrah,713,Hwr-713,7,Market Building 7,357,323,1,681,47.43
Howrah,713,Hwr-713,8,Community Hall 8,254,237,1,492,48.17
Howrah,713,Hwr-713,9,Market Building 9,325,329,1,655,50.23
Howrah,713,Hwr-713,10,Panchayat Bhavan 10,398,378,0,776,48.71
Howrah,713,Hwr-713,11,Temple Hall 11,297,268,1,566,47.35
Howrah,713,Hwr-713,12,Anganwadi Centre 12,287,258,1,546,47.25
Howrah,713,Hwr-713,13,Market Building 13,308,312,1,621,50.24
Howrah,713,Hwr-713,14,Post Office 14,403,415,1,819,50.67
Howrah,713,Hwr-713,15,Market Building 15,249,242,1,492,49.19
Howrah,713,Hwr-713,16,Club Building 16,323,313,1,637,49.14
Howrah,713,Hwr-713,17,Market Building 17,336,316,0,652,48.47
Howrah,713,Hwr-713,18,Market Building 18,306,282,0,588,47.96
Howrah,713,Hwr-713,19,Temple Hall 19,269,243,1,513,47.37
Howrah,713,Hwr-713,20,Community Hall 20,313,284,0,597,47.57
Howrah,713,Hwr-713,21,Temple Hall 21,270,260,1,531,48.96
Howrah,713,Hwr-713,22,Madrasa 22,317,322,0,639,50.39
Howrah,713,Hwr-713,23,High School 23,416,375,0,791,47.41
Howrah,713,Hwr-713,24,Madrasa 24,352,326,0,678,48.08
Howrah,713,Hwr-713,25,Primary School 25,393,382,1,776,49.23
Howrah,713,Hwr-713,26,Panchayat Bhavan 26,372,351,0,723,48.55
Howrah,713,Hwr-713,27,Govt Office 27,338,349,1,688,50.73
Howrah,713,Hwr-713,28,Community Hall 28,341,345,0,686,50.29
Howrah,713,Hwr-713,29,Anganwadi Centre 29,405,399,0,804,49.63
Howrah,713,Hwr-713,30,Madrasa 30,286,259,0,545,47.52
Howrah,713,Hwr-713,31,Community Hall 31,380,350,0,730,47.95
Howrah,713,Hwr-713,32,Club Building 32,314,306,1,621,49.28
Howrah,713,Hwr-713,33,Panchayat Bhavan 33,319,287,1,607,47.28
Howrah,713,Hwr-713,34,Club Building 34,387,380,1,768,49.48
Howrah,713,Hwr-713,35,Temple Hall 35,312,289,0,601,48.09
Howrah,713,Hwr-713,36,Community Hall 36,308,291,1,600,48.5
Howrah,713,Hwr-713,37,Madrasa 37,357,344,1,702,49.0
Howrah,713,Hwr-713,38,Anganwadi Centre 38,377,383,0,760,50.39
Howrah,713,Hwr-713,39,High School 39,382,356,1,739,48.17
Howrah,713,Hwr-713,40,Govt Office 40,406,407,1,814,50.0
Howrah,713,Hwr-713,41,Panchayat Bhavan 41,379,388,0,767,50.59
Howrah,713,Hwr-713,42,Health Sub-Centre 42,365,363,0,728,49.86
Howrah,713,Hwr-713,43,Post Office 43,291,266,0,557,47.76
Howrah,713,Hwr-713,44,Temple Hall 44,260,247,1,508,48.62
Howrah,713,Hwr-713,45,Health Sub-Centre 45,314,286,0,600,47.67
Howrah,713,Hwr-713,46,Primary School 46,283,269,1,553,48.64
Howrah,713,Hwr-713,47,Panchayat Bhavan 47,406,400,0,806,49.63
Howrah,713,Hwr-713,48,High School 48,325,312,0,637,48.98
Howrah,713,Hwr-713,49,Community Hall 49,346,313,1,660,47.42
Howrah,713,Hwr-713,50,Panchayat Bhavan 50,339,319,1,659,48.41
Howrah,713,Hwr-713,51,High School 51,288,275,0,563,48.85
Howrah,713,Hwr-713,52,Govt Office 52,313,296,0,609,48.6
Howrah,713,Hwr-713,53,Community Hall 53,394,353,0,747,47.26
Howrah,713,Hwr-713,54,Anganwadi Centre 54,288,261,1,550,47.45
Howrah,713,Hwr-713,55,Post Office 55,353,363,0,716,50.7
Howrah,713,Hwr-713,56,Temple Hall 56,245,238,1,484,49.17
Howrah,713,Hwr-713,57,Market Building 57,254,249,0,503,49.5
Howrah,713,Hwr-713,58,Anganwadi Centre 58,273,281,1,555,50.63
Howrah,713,Hwr-713,59,Anganwadi Centre 59,407,410,0,817,50.18
Howrah,713,Hwr-713,60,Health Sub-Centre 60,352,317,1,670,47.31
Howrah,713,Hwr-713,61,Panchayat Bhavan 61,253,229,0,482,47.51
Howrah,713,Hwr-713,62,Anganwadi Centre 62,406,407,0,813,50.06
Howrah,713,Hwr-713,63,Madrasa 63,418,399,1,818,48.78
Howrah,713,Hwr-713,64,High School 64,362,372,0,734,50.68
Howrah,713,Hwr-713,65,Health Sub-Centre 65,252,233,0,485,48.04
Howrah,713,Hwr-713,66,Primary School 66,418,393,0,811,48.46
Howrah,713,Hwr-713,67,Club Building 67,379,342,1,722,47.37
Howrah,713,Hwr-713,68,Temple Hall 68,374,384,1,759,50.59
Howrah,713,Hwr-713,69,Health Sub-Centre 69,289,296,0,585,50.6
Howrah,713,Hwr-713,70,Primary School 70,281,281,1,563,49.91
Howrah,713,Hwr-713,71,High School 71,278,271,0,549,49.36
Howrah,713,Hwr-713,72,Club Building 72,374,381,1,756,50.4
Howrah,713,Hwr-713,73,Anganwadi Centre 73,286,268,0,554,48.38
Howrah,713,Hwr-713,74,Health Sub-Centre 74,302,296,1,599,49.42
Howrah,713,Hwr-713,75,Community Hall 75,326,301,0,627,48.01
Howrah,713,Hwr-713,76,Club Building 76,373,368,1,742,49.6
Howrah,713,Hwr-713,77,Community Hall 77,304,282,1,587,48.04
Howrah,713,Hwr-713,78,Madrasa 78,395,358,1,754,47.48
Howrah,713,Hwr-713,79,Post Office 79,368,368,1,737,49.93
Howrah,713,Hwr-713,80,Primary School 80,290,290,1,581,49.91
Howrah,713,Hwr-713,81,Temple Hall 81,357,335,0,692,48.41
Howrah,713,Hwr-713,82,Post Office 82,271,270,0,541,49.91
Howrah,713,Hwr-713,83,Madrasa 83,422,397,0,819,48.47
Howrah,713,Hwr-713,84,Primary School 84,361,338,1,700,48.29
Howrah,713,Hwr-713,85,Primary School 85,321,313,0,634,49.37
Howrah,713,Hwr-713,86,Anganwadi Centre 86,353,321,0,674,47.63
Howrah,713,Hwr-713,87,Club Building 87,275,276,1,552,50.0
Howrah,713,Hwr-713,88,Primary School 88,405,410,1,816,50.25
Howrah,713,Hwr-713,89,Panchayat Bhavan 89,352,351,1,704,49.86
Howrah,713,Hwr-713,90,Community Hall 90,373,342,1,716,47.77
Howrah,713,Hwr-713,91,Community Hall 91,422,378,0,800,47.25
Howrah,713,Hwr-713,92,Anganwadi Centre 92,376,359,0,735,48.84
Howrah,713,Hwr-713,93,Madrasa 93,277,261,0,538,48.51
Howrah,713,Hwr-713,94,Post Office 94,256,261,0,517,50.48
Howrah,713,Hwr-713,95,Primary School 95,328,326,0,654,49.85
Howrah,713,Hwr-713,96,Community Hall 96,309,292,0,601,48.59
Howrah,713,Hwr-713,97,Health Sub-Centre 97,277,264,0,541,48.8
Howrah,713,Hwr-713,98,Temple Hall 98,368,333,1,702,47.44
Howrah,713,Hwr-713,99,Health Sub-Centre 99,332,339,0,671,50.52
Howrah,713,Hwr-713,100,Post Office 100,282,275,0,557,49.37
Howrah,713,Hwr-713,101,Community Hall 101,361,360,1,722,49.86
Howrah,713,Hwr-713,102,Market Building 102,395,374,1,770,48.57
Howrah,713,Hwr-713,103,Temple Hall 103,374,363,0,737,49.25
Howrah,713,Hwr-713,104,Post Office 104,361,337,1,699,48.21
Howrah,713,Hwr-713,105,Madrasa 105,373,379,0,752,50.4
Howrah,713,Hwr-713,106,Govt Office 106,370,340,1,711,47.82
Howrah,713,Hwr-713,107,Govt Office 107,299,308,1,608,50.66
Howrah,713,Hwr-713,108,Community Hall 108,350,315,0,665,47.37
Howrah,713,Hwr-713,109,Anganwadi Centre 109,422,388,1,811,47.84
Howrah,713,Hwr-713,110,Panchayat Bhavan 110,341,323,1,665,48.57
Howrah,713,Hwr-713,111,Community Hall 111,392,366,0,758,48.28
Howrah,713,Hwr-713,112,Madrasa 112,266,239,1,506,47.23
Howrah,713,Hwr-713,113,Community Hall 113,343,353,0,696,50.72
Howrah,713,Hwr-713,114,Health Sub-Centre 114,339,334,0,673,49.63
Howrah,713,Hwr-713,115,Health Sub-Centre 115,371,357,0,728,49.04
Howrah,713,Hwr-713,116,Anganwadi Centre 116,362,340,1,703,48.36
Howrah,713,Hwr-713,117,High School 117,383,394,1,778,50.64
Howrah,713,Hwr-713,118,Post Office 118,409,370,0,779,47.5
Howrah,713,Hwr-713,119,Madrasa 119,256,258,0,514,50.19
Howrah,713,Hwr-713,120,Health Sub-Centre 120,346,325,0,671,48.44
Howrah,713,Hwr-713,121,Temple Hall 121,405,378,1,784,48.21
Howrah,713,Hwr-713,122,High School 122,384,372,0,756,49.21
Howrah,713,Hwr-713,123,Temple Hall 123,272,263,0,535,49.16
Howrah,713,Hwr-713,124,Health Sub-Centre 124,286,268,1,555,48.29
Howrah,713,Hwr-713,125,Club Building 125,285,259,0,544,47.61
Howrah,713,Hwr-713,126,Market Building 126,365,367,1,733,50.07
Howrah,713,Hwr-713,127,Post Office 127,257,252,0,509,49.51
Howrah,713,Hwr-713,128,Health Sub-Centre 128,384,347,0,731,47.47
Howrah,713,Hwr-713,129,Post Office 129,407,381,0,788,48.35
Howrah,713,Hwr-713,130,Market Building 130,316,302,1,619,48.79
Howrah,713,Hwr-713,131,Community Hall 131,267,255,0,522,48.85
Howrah,713,Hwr-713,132,Community Hall 132,307,289,0,596,48.49
Howrah,713,Hwr-713,133,Madrasa 133,336,345,0,681,50.66
Howrah,713,Hwr-713,134,Community Hall 134,309,307,0,616,49.84
Howrah,713,Hwr-713,135,Community Hall 135,269,278,1,548,50.73
Howrah,713,Hwr-713,136,Post Office 136,352,348,0,700,49.71
Howrah,713,Hwr-713,137,Madrasa 137,331,315,0,646,48.76
Howrah,713,Hwr-713,138,Market Building 138,382,366,0,748,48.93
Howrah,713,Hwr-713,139,Govt Office 139,282,283,1,566,50.0
Howrah,713,Hwr-713,140,Temple Hall 140,406,365,0,771,47.34
Howrah,713,Hwr-713,141,Post Office 141,281,283,1,565,50.09
Howrah,713,Hwr-713,142,Post Office 142,417,390,1,808,48.27
Howrah,713,Hwr-713,143,Panchayat Bhavan 143,401,394,1,796,49.5
Howrah,713,Hwr-713,144,High School 144,321,288,0,609,47.29
Howrah,713,Hwr-713,145,Govt Office 145,341,329,1,671,49.03
Howrah,713,Hwr-713,146,Govt Office 146,264,271,0,535,50.65
Howrah,713,Hwr-713,147,Temple Hall 147,306,283,0,589,48.05
Howrah,713,Hwr-713,148,Temple Hall 148,352,323,1,676,47.78
Howrah,713,Hwr-713,149,Primary School 149,404,362,1,767,47.2
Howrah,714,Hwr-714,1,Health Sub-Centre 1,240,246,1,487,50.51
Howrah,714,Hwr-714,2,Club Building 2,256,242,0,498,48.59
Howrah,714,Hwr-714,3,Post Office 3,420,399,0,819,48.72
Howrah,714,Hwr-714,4,High School 4,350,344,0,694,49.57
Howrah,714,Hwr-714,5,Temple Hall 5,340,318,0,658,48.33
Howrah,714,Hwr-714,6,High School 6,391,355,0,746,47.59
Howrah,714,Hwr-714,7,Temple Hall 7,339,342,0,681,50.22
Howrah,714,Hwr-714,8,Post Office 8,283,261,1,545,47.89
Howrah,714,Hwr-714,9,High School 9,289,261,1,551,47.37
Howrah,714,Hwr-714,10,Market Building 10,407,383,0,790,48.48
Howrah,714,Hwr-714,11,High School 11,424,389,0,813,47.85
Howrah,714,Hwr-714,12,Madrasa 12,381,374,0,755,49.54
Howrah,714,Hwr-714,13,Primary School 13,241,245,1,487,50.31
Howrah,714,Hwr-714,14,Club Building 14,320,289,1,610,47.38
Howrah,714,Hwr-714,15,Health Sub-Centre 15,280,258,1,539,47.87
Howrah,714,Hwr-714,16,Post Office 16,387,386,0,773,49.94
Howrah,714,Hwr-714,17,High School 17,398,386,0,784,49.23
Howrah,714,Hwr-714,18,Community Hall 18,336,328,1,665,49.32
Howrah,714,Hwr-714,19,Madrasa 19,351,329,1,681,48.31
Howrah,714,Hwr-714,20,Madrasa 20,327,334,0,661,50.53
Howrah,714,Hwr-714,21,Govt Office 21,397,355,0,752,47.21
Howrah,714,Hwr-714,22,Health Sub-Centre 22,375,349,1,725,48.14
Howrah,714,Hwr-714,23,Market Building 23,374,383,1,758,50.53
Howrah,714,Hwr-714,24,Community Hall 24,384,372,1,757,49.14
Howrah,714,Hwr-714,25,Health Sub-Centre 25,348,342,1,691,49.49
Howrah,714,Hwr-714,26,Market Building 26,248,234,1,483,48.45
Howrah,714,Hwr-714,27,Market Building 27,356,356,1,713,49.93
Howrah,714,Hwr-714,28,Temple Hall 28,398,362,1,761,47.57
Howrah,714,Hwr-714,29,Club Building 29,303,305,0,608,50.16
Howrah,714,Hwr-714,30,Govt Office 30,303,279,0,582,47.94
Howrah,714,Hwr-714,31,Market Building 31,357,353,1,711,49.65
Howrah,714,Hwr-714,32,Post Office 32,267,265,0,532,49.81
Howrah,714,Hwr-714,33,Post Office 33,248,253,1,502,50.4
Howrah,714,Hwr-714,34,Community Hall 34,386,367,1,754,48.67
Howrah,714,Hwr-714,35,Madrasa 35,385,377,1,763,49.41
Howrah,714,Hwr-714,36,Post Office 36,392,377,1,770,48.96
Howrah,714,Hwr-714,37,Community Hall 37,418,382,0,800,47.75
Howrah,714,Hwr-714,38,Madrasa 38,343,307,0,650,47.23
Howrah,714,Hwr-714,39,Primary School 39,255,246,0,501,49.1
Howrah,714,Hwr-714,40,Madrasa 40,346,313,0,659,47.5
Howrah,714,Hwr-714,41,Health Sub-Centre 41,331,310,1,642,48.29
Howrah,714,Hwr-714,42,Post Office 42,379,373,0,752,49.6
Howrah,714,Hwr-714,43,Panchayat Bhavan 43,388,385,1,774,49.74
Howrah,714,Hwr-714,44,Health Sub-Centre 44,328,336,1,665,50.53
Howrah,714,Hwr-714,45,Panchayat Bhavan 45,333,327,0,660,49.55
Howrah,714,Hwr-714,46,Madrasa 46,381,361,0,742,48.65
Howrah,714,Hwr-714,47,High School 47,332,312,1,645,48.37
Howrah,714,Hwr-714,48,Club Building 48,381,351,0,732,47.95
Howrah,714,Hwr-714,49,Govt Office 49,315,285,1,601,47.42
Howrah,714,Hwr-714,50,Market Building 50,407,394,0,801,49.19
Howrah,714,Hwr-714,51,Post Office 51,277,272,1,550,49.45
Howrah,714,Hwr-714,52,High School 52,277,271,1,549,49.36
Howrah,714,Hwr-714,53,Govt Office 53,402,374,0,776,48.2
Howrah,714,Hwr-714,54,Health Sub-Centre 54,406,378,1,785,48.15
Howrah,714,Hwr-714,55,Govt Office 55,387,388,0,775,50.06
Howrah,714,Hwr-714,56,Health Sub-Centre 56,308,288,1,597,48.24
Howrah,714,Hwr-714,57,Primary School 57,381,389,1,771,50.45
Howrah,714,Hwr-714,58,Temple Hall 58,388,355,1,744,47.72
Howrah,714,Hwr-714,59,Anganwadi Centre 59,251,240,1,492,48.78
Howrah,714,Hwr-714,60,Market Building 60,356,344,0,700,49.14
Howrah,714,Hwr-714,61,Market Building 61,355,330,1,686,48.1
Howrah,714,Hwr-714,62,Madrasa 62,381,348,0,729,47.74
Howrah,714,Hwr-714,63,Club Building 63,275,268,0,543,49.36
Howrah,714,Hwr-714,64,Anganwadi Centre 64,255,259,1,515,50.29
Howrah,714,Hwr-714,65,Market Building 65,319,297,1,617,48.14
Howrah,714,Hwr-714,66,Primary School 66,267,265,1,533,49.72
Howrah,714,Hwr-714,67,Community Hall 67,284,284,0,568,50.0
Howrah,714,Hwr-714,68,Market Building 68,343,331,1,675,49.04
Howrah,714,Hwr-714,69,Health Sub-Centre 69,253,247,0,500,49.4
Howrah,714,Hwr-714,70,Community Hall 70,256,231,0,487,47.43
Howrah,714,Hwr-714,71,Temple Hall 71,373,384,0,757,50.73
Howrah,714,Hwr-714,72,Market Building 72,367,366,0,733,49.93
Howrah,714,Hwr-714,73,Madrasa 73,253,256,0,509,50.29
Howrah,714,Hwr-714,74,Panchayat Bhavan 74,352,359,1,712,50.42
Howrah,714,Hwr-714,75,Anganwadi Centre 75,417,397,0,814,48.77
Howrah,714,Hwr-714,76,Madrasa 76,306,289,1,596,48.49
Howrah,714,Hwr-714,77,Primary School 77,390,400,0,790,50.63
Howrah,714,Hwr-714,78,Community Hall 78,401,399,0,800,49.88
Howrah,714,Hwr-714,79,High School 79,240,244,1,485,50.31
Howrah,714,Hwr-714,80,Primary School 80,344,321,1,666,48.2
Howrah,714,Hwr-714,81,Anganwadi Centre 81,285,275,1,561,49.02
Howrah,714,Hwr-714,82,Temple Hall 82,302,295,1,598,49.33
Howrah,714,Hwr-714,83,High School 83,252,242,0,494,48.99
Howrah,714,Hwr-714,84,Market Building 84,255,248,0,503,49.3
Howrah,714,Hwr-714,85,Govt Office 85,389,403,1,793,50.82
Howrah,714,Hwr-714,86,Temple Hall 86,317,323,0,640,50.47
Howrah,714,Hwr-714,87,Temple Hall 87,240,239,1,480,49.79
Howrah,714,Hwr-714,88,Panchayat Bhavan 88,357,361,0,718,50.28
Howrah,714,Hwr-714,89,Market Building 89,415,395,0,810,48.77
Howrah,714,Hwr-714,90,Temple Hall 90,365,346,0,711,48.66
Howrah,714,Hwr-714,91,Health Sub-Centre 91,332,342,1,675,50.67
Howrah,714,Hwr-714,92,Market Building 92,345,320,1,666,48.05
Howrah,714,Hwr-714,93,Panchayat Bhavan 93,302,273,1,576,47.4
Howrah,714,Hwr-714,94,Health Sub-Centre 94,386,357,1,744,47.98
Howrah,714,Hwr-714,95,Madrasa 95,308,314,1,623,50.4
Howrah,714,Hwr-714,96,Health Sub-Centre 96,314,323,0,637,50.71
Howrah,714,Hwr-714,97,Temple Hall 97,424,395,1,820,48.17
Howrah,714,Hwr-714,98,Anganwadi Centre 98,303,275,1,579,47.5
Howrah,714,Hwr-714,99,Primary School 99,399,402,0,801,50.19
Howrah,714,Hwr-714,100,Primary School 100,305,275,1,581,47.33
Howrah,714,Hwr-714,101,Panchayat Bhavan 101,326,315,1,642,49.07
Howrah,714,Hwr-714,102,Post Office 102,378,391,0,769,50.85
Howrah,714,Hwr-714,103,Post Office 103,267,244,0,511,47.75
Howrah,714,Hwr-714,104,Panchayat Bhavan 104,309,312,0,621,50.24
Howrah,714,Hwr-714,105,Temple Hall 105,357,325,0,682,47.65
Howrah,714,Hwr-714,106,Community Hall 106,266,249,1,516,48.26
Howrah,714,Hwr-714,107,Post Office 107,273,255,1,529,48.2
Howrah,714,Hwr-714,108,Temple Hall 108,395,401,1,797,50.31
Howrah,714,Hwr-714,109,Temple Hall 109,294,286,0,580,49.31
Howrah,714,Hwr-714,110,Temple Hall 110,345,312,1,658,47.42
Howrah,714,Hwr-714,111,Madrasa 111,380,361,1,742,48.65
Howrah,714,Hwr-714,112,Panchayat Bhavan 112,286,276,0,562,49.11
Howrah,714,Hwr-714,113,Govt Office 113,407,394,0,801,49.19
Howrah,714,Hwr-714,114,Post Office 114,357,342,0,699,48.93
Howrah,714,Hwr-714,115,Post Office 115,288,264,0,552,47.83
Howrah,714,Hwr-714,116,Market Building 116,255,245,1,501,48.9
Howrah,714,Hwr-714,117,Panchayat Bhavan 117,325,293,1,619,47.33
Howrah,714,Hwr-714,118,Club Building 118,298,287,0,585,49.06
Howrah,714,Hwr-714,119,Panchayat Bhavan 119,310,289,1,600,48.17
Howrah,714,Hwr-714,120,Health Sub-Centre 120,361,357,0,718,49.72
Howrah,714,Hwr-714,121,Primary School 121,346,357,0,703,50.78
Howrah,714,Hwr-714,122,Community Hall 122,397,404,0,801,50.44
Howrah,714,Hwr-714,123,Market Building 123,393,397,0,790,50.25
Howrah,714,Hwr-714,124,Health Sub-Centre 124,400,388,0,788,49.24
Howrah,714,Hwr-714,125,Market Building 125,395,366,1,762,48.03
Howrah,714,Hwr-714,126,Club Building 126,398,384,0,782,49.1
Howrah,714,Hwr-714,127,Temple Hall 127,306,307,1,614,50.0
Howrah,714,Hwr-714,128,Anganwadi Centre 128,255,233,0,488,47.75
Howrah,714,Hwr-714,129,Health Sub-Centre 129,329,312,0,641,48.67
Howrah,714,Hwr-714,130,Market Building 130,370,372,0,742,50.13
Howrah,714,Hwr-714,131,Govt Office 131,378,387,0,765,50.59
Howrah,714,Hwr-714,132,Govt Office 132,271,257,1,529,48.58
Howrah,714,Hwr-714,133,Market Building 133,353,360,0,713,50.49
Howrah,714,Hwr-714,134,Temple Hall 134,304,287,1,592,48.48
Howrah,714,Hwr-714,135,Panchayat Bhavan 135,253,228,1,482,47.3
Howrah,714,Hwr-714,136,High School 136,345,345,1,691,49.93
Howrah,714,Hwr-714,137,High School 137,375,370,1,746,49.6
Howrah,714,Hwr-714,138,Community Hall 138,341,314,0,655,47.94
Howrah,714,Hwr-714,139,Govt Office 139,318,328,1,647,50.7
Howrah,715,Hwr-715,1,Post Office 1,355,348,1,704,49.43
Howrah,715,Hwr-715,2,Market Building 2,255,242,0,497,48.69
Howrah,715,Hwr-715,3,Post Office 3,330,330,1,661,49.92
Howrah,715,Hwr-715,4,Panchayat Bhavan 4,277,285,0,562,50.71
Howrah,715,Hwr-715,5,Club Building 5,398,390,0,788,49.49
Howrah,715,Hwr-715,6,Madrasa 6,407,395,1,803,49.19
Howrah,715,Hwr-715,7,Madrasa 7,271,265,1,537,49.35
Howrah,715,Hwr-715,8,Panchayat Bhavan 8,262,246,1,509,48.33
Howrah,715,Hwr-715,9,Club Building 9,325,307,1,633,48.5
Howrah,715,Hwr-715,10,Temple Hall 10,301,292,1,594,49.16
Howrah,715,Hwr-715,11,Govt Office 11,367,365,1,733,49.8
Howrah,715,Hwr-715,12,Post Office 12,281,270,1,552,48.91
Howrah,715,Hwr-715,13,High School 13,383,375,1,759,49.41
Howrah,715,Hwr-715,14,Health Sub-Centre 14,291,289,0,580,49.83
Howrah,715,Hwr-715,15,High School 15,354,331,1,686,48.25
Howrah,715,Hwr-715,16,Market Building 16,299,267,0,566,47.17
Howrah,715,Hwr-715,17,Community Hall 17,258,257,0,515,49.9
Howrah,715,Hwr-715,18,Govt Office 18,407,378,0,785,48.15
Howrah,715,Hwr-715,19,Anganwadi Centre 19,262,236,0,498,47.39
Howrah,715,Hwr-715,20,Health Sub-Centre 20,409,394,0,803,49.07
Howrah,715,Hwr-715,21,Club Building 21,255,257,1,513,50.1
Howrah,715,Hwr-715,22,Panchayat Bhavan 22,278,258,0,536,48.13
Howrah,715,Hwr-715,23,Govt Office 23,313,313,1,627,49.92
Howrah,715,Hwr-715,24,Temple Hall 24,280,270,0,550,49.09
Howrah,715,Hwr-715,25,Govt Office 25,297,271,1,569,47.63
Howrah,715,Hwr-715,26,Primary School 26,278,252,0,530,47.55
Howrah,715,Hwr-715,27,High School 27,365,367,1,733,50.07
Howrah,715,Hwr-715,28,Temple Hall 28,263,241,0,504,47.82
Howrah,715,Hwr-715,29,Panchayat Bhavan 29,419,379,1,799,47.43
Howrah,715,Hwr-715,30,Community Hall 30,354,367,1,722,50.83
Howrah,715,Hwr-715,31,Club Building 31,256,260,1,517,50.29
Howrah,715,Hwr-715,32,Govt Office 32,242,237,1,480,49.38
Howrah,715,Hwr-715,33,Madrasa 33,389,401,1,791,50.7
Howrah,715,Hwr-715,34,Market Building 34,349,358,0,707,50.64
Howrah,715,Hwr-715,35,Club Building 35,348,329,1,678,48.53
Howrah,715,Hwr-715,36,Madrasa 36,324,330,0,654,50.46
Howrah,715,Hwr-715,37,High School 37,407,378,1,786,48.09
Howrah,715,Hwr-715,38,Govt Office 38,286,274,0,560,48.93
Howrah,715,Hwr-715,39,Post Office 39,279,266,1,546,48.72
Howrah,715,Hwr-715,40,Primary School 40,296,297,1,594,50.0
Howrah,715,Hwr-715,41,Health Sub-Centre 41,261,238,0,499,47.7
Howrah,715,Hwr-715,42,Health Sub-Centre 42,389,388,0,777,49.94
Howrah,715,Hwr-715,43,Club Building 43,395,386,0,781,49.42
Howrah,715,Hwr-715,44,Community Hall 44,332,305,1,638,47.81
Howrah,715,Hwr-715,45,Anganwadi Centre 45,368,381,1,750,50.8
Howrah,715,Hwr-715,46,Primary School 46,332,309,0,641,48.21
Howrah,715,Hwr-715,47,Anganwadi Centre 47,393,383,1,777,49.29
Howrah,715,Hwr-715,48,Community Hall 48,342,314,0,656,47.87
Howrah,715,Hwr-715,49,Madrasa 49,411,376,0,787,47.78
Howrah,715,Hwr-715,50,Market Building 50,400,384,0,784,48.98
Howrah,715,Hwr-715,51,Panchayat Bhavan 51,331,329,0,660,49.85
Howrah,715,Hwr-715,52,Temple Hall 52,282,274,0,556,49.28
Howrah,715,Hwr-715,53,Anganwadi Centre 53,306,280,0,586,47.78
Howrah,715,Hwr-715,54,Temple Hall 54,417,372,0,789,47.15
Howrah,715,Hwr-715,55,Madrasa 55,311,316,1,628,50.32
Howrah,715,Hwr-715,56,Community Hall 56,287,259,1,547,47.35
Howrah,715,Hwr-715,57,Club Building 57,309,300,1,610,49.18
Howrah,715,Hwr-715,58,Market Building 58,324,307,0,631,48.65
Howrah,715,Hwr-715,59,Panchayat Bhavan 59,310,284,1,595,47.73
Howrah,715,Hwr-715,60,Club Building 60,383,348,1,732,47.54
Howrah,715,Hwr-715,61,Community Hall 61,273,274,1,548,50.0
Howrah,715,Hwr-715,62,Health Sub-Centre 62,336,323,1,660,48.94
Howrah,715,Hwr-715,63,Temple Hall 63,345,315,0,660,47.73
Howrah,715,Hwr-715,64,Post Office 64,270,268,1,539,49.72
Howrah,715,Hwr-715,65,Community Hall 65,327,309,1,637,48.51
Howrah,715,Hwr-715,66,Anganwadi Centre 66,273,251,1,525,47.81
Howrah,715,Hwr-715,67,Post Office 67,391,384,0,775,49.55
Howrah,715,Hwr-715,68,Primary School 68,290,263,0,553,47.56
Howrah,715,Hwr-715,69,Temple Hall 69,262,253,1,516,49.03
Howrah,715,Hwr-715,70,Temple Hall 70,257,262,1,520,50.38
Howrah,715,Hwr-715,71,Anganwadi Centre 71,255,249,1,505,49.31
Howrah,715,Hwr-715,72,High School 72,325,295,0,620,47.58
Howrah,715,Hwr-715,73,Govt Office 73,359,328,1,688,47.67
Howrah,715,Hwr-715,74,High School 74,329,323,0,652,49.54
Howrah,715,Hwr-715,75,Anganwadi Centre 75,363,338,1,702,48.15
Howrah,715,Hwr-715,76,Anganwadi Centre 76,364,355,0,719,49.37
Howrah,715,Hwr-715,77,Madrasa 77,269,272,0,541,50.28
Howrah,715,Hwr-715,78,Post Office 78,407,384,0,791,48.55
Howrah,715,Hwr-715,79,Community Hall 79,363,355,1,719,49.37
Howrah,715,Hwr-715,80,Madrasa 80,356,336,0,692,48.55
Howrah,715,Hwr-715,81,Panchayat Bhavan 81,281,265,1,547,48.45
Howrah,715,Hwr-715,82,Market Building 82,316,321,1,638,50.31
Howrah,715,Hwr-715,83,Govt Office 83,243,237,0,480,49.38
Howrah,715,Hwr-715,84,Market Building 84,268,252,0,520,48.46
Howrah,715,Hwr-715,85,High School 85,281,277,1,559,49.55
Howrah,715,Hwr-715,86,Community Hall 86,285,263,0,548,47.99
Howrah,715,Hwr-715,87,Primary School 87,334,312,0,646,48.3
Howrah,715,Hwr-715,88,Club Building 88,354,317,0,671,47.24
Howrah,715,Hwr-715,89,Anganwadi Centre 89,387,362,1,750,48.27
Howrah,715,Hwr-715,90,Panchayat Bhavan 90,292,269,1,562,47.86
Howrah,715,Hwr-715,91,Club Building 91,349,326,1,676,48.22
Howrah,715,Hwr-715,92,Post Office 92,410,401,0,811,49.45
Howrah,715,Hwr-715,93,High School 93,255,242,0,497,48.69
Howrah,715,Hwr-715,94,Health Sub-Centre 94,300,303,0,603,50.25
Howrah,715,Hwr-715,95,Market Building 95,271,275,1,547,50.27
Howrah,715,Hwr-715,96,Temple Hall 96,386,373,1,760,49.08
Howrah,715,Hwr-715,97,Community Hall 97,308,287,1,596,48.15
Howrah,715,Hwr-715,98,Panchayat Bhavan 98,350,318,0,668,47.6
Howrah,715,Hwr-715,99,Club Building 99,269,258,1,528,48.86
Howrah,715,Hwr-715,100,Post Office 100,323,323,1,647,49.92
Howrah,715,Hwr-715,101,Primary School 101,287,295,1,583,50.6
Howrah,715,Hwr-715,102,Primary School 102,365,345,0,710,48.59
Howrah,715,Hwr-715,103,High School 103,357,331,0,688,48.11
Howrah,715,Hwr-715,104,Madrasa 104,397,363,1,761,47.7
Howrah,715,Hwr-715,105,Anganwadi Centre 105,373,354,1,728,48.63
Howrah,715,Hwr-715,106,Club Building 106,293,275,1,569,48.33
Howrah,715,Hwr-715,107,Club Building 107,272,272,0,544,50.0
Howrah,715,Hwr-715,108,Primary School 108,403,378,0,781,48.4
Howrah,715,Hwr-715,109,High School 109,343,341,1,685,49.78
Howrah,715,Hwr-715,110,Temple Hall 110,402,367,1,770,47.66
Howrah,715,Hwr-715,111,Madrasa 111,392,397,0,789,50.32
Howrah,715,Hwr-715,112,High School 112,296,301,1,598,50.33
Howrah,715,Hwr-715,113,High School 113,355,323,0,678,47.64
Howrah,715,Hwr-715,114,Panchayat Bhavan 114,251,229,0,480,47.71
Howrah,715,Hwr-715,115,Club Building 115,274,281,0,555,50.63
Howrah,715,Hwr-715,116,Temple Hall 116,388,387,0,775,49.94
Howrah,715,Hwr-715,117,Panchayat Bhavan 117,303,283,1,587,48.21
Howrah,715,Hwr-715,118,Health Sub-Centre 118,261,257,1,519,49.52
Howrah,715,Hwr-715,119,Market Building 119,289,288,1,578,49.83
Howrah,715,Hwr-715,120,Panchayat Bhavan 120,304,306,1,611,50.08
Howrah,715,Hwr-715,121,Post Office 121,409,385,1,795,48.43
Howrah,715,Hwr-715,122,Club Building 122,263,256,1,520,49.23
Howrah,715,Hwr-715,123,High School 123,348,313,1,662,47.28
Howrah,715,Hwr-715,124,Madrasa 124,281,275,1,557,49.37
Howrah,715,Hwr-715,125,Anganwadi Centre 125,365,363,1,729,49.79
Howrah,715,Hwr-715,126,Panchayat Bhavan 126,312,310,0,622,49.84
Howrah,715,Hwr-715,127,High School 127,252,241,1,494,48.79
Howrah,715,Hwr-715,128,Govt Office 128,387,401,1,789,50.82
Howrah,715,Hwr-715,129,Post Office 129,318,313,0,631,49.6
Howrah,715,Hwr-715,130,Community Hall 130,310,309,0,619,49.92
Howrah,715,Hwr-715,131,Primary School 131,319,297,1,617,48.14
Howrah,715,Hwr-715,132,Health Sub-Centre 132,262,260,0,522,49.81
Howrah,715,Hwr-715,133,High School 133,260,256,1,517,49.52
Howrah,715,Hwr-715,134,High School 134,351,327,1,679,48.16
Howrah,715,Hwr-715,135,Madrasa 135,342,326,1,669,48.73
Howrah,715,Hwr-715,136,High School 136,270,269,0,539,49.91
Howrah,715,Hwr-715,137,Community Hall 137,327,298,0,625,47.68
Howrah,715,Hwr-715,138,High School 138,380,369,1,750,49.2
Howrah,715,Hwr-715,139,High School 139,363,354,0,717,49.37
Howrah,715,Hwr-715,140,Market Building 140,326,331,1,658,50.3
Howrah,715,Hwr-715,141,Madrasa 141,413,405,0,818,49.51
Howrah,715,Hwr-715,142,Market Building 142,289,285,0,574,49.65
Howrah,715,Hwr-715,143,Post Office 143,262,245,0,507,48.32
Howrah,715,Hwr-715,144,Anganwadi Centre 144,330,332,0,662,50.15
Howrah,715,Hwr-715,145,Health Sub-Centre 145,417,391,0,808,48.39
Howrah,715,Hwr-715,146,Health Sub-Centre 146,339,346,1,686,50.44
Howrah,715,Hwr-715,147,Post Office 147,263,261,0,524,49.81
Howrah,715,Hwr-715,148,Govt Office 148,259,267,0,526,50.76
Howrah,715,Hwr-715,149,Community Hall 149,274,254,0,528,48.11
Howrah,715,Hwr-715,150,Madrasa 150,408,381,1,790,48.23
Howrah,715,Hwr-715,151,Madrasa 151,323,324,0,647,50.08
Howrah,715,Hwr-715,152,Primary School 152,253,252,0,505,49.9
Howrah,715,Hwr-715,153,Health Sub-Centre 153,407,400,0,807,49.57
Howrah,716,Hwr-716,1,Club Building 1,384,348,0,732,47.54
Howrah,716,Hwr-716,2,Community Hall 2,352,355,0,707,50.21
Howrah,716,Hwr-716,3,Anganwadi Centre 3,245,245,1,491,49.9
Howrah,716,Hwr-716,4,Primary School 4,388,362,0,750,48.27
Howrah,716,Hwr-716,5,Madrasa 5,373,383,1,757,50.59
Howrah,716,Hwr-716,6,Club Building 6,385,364,0,749,48.6
Howrah,716,Hwr-716,7,Panchayat Bhavan 7,323,312,1,636,49.06
Howrah,716,Hwr-716,8,Primary School 8,343,317,1,661,47.96
Howrah,716,Hwr-716,9,Madrasa 9,332,324,1,657,49.32
Howrah,716,Hwr-716,10,Health Sub-Centre 10,320,330,1,651,50.69
Howrah,716,Hwr-716,11,Community Hall 11,338,343,0,681,50.37
Howrah,716,Hwr-716,12,High School 12,310,299,0,609,49.1
Howrah,716,Hwr-716,13,Post Office 13,310,319,0,629,50.72
Howrah,716,Hwr-716,14,Panchayat Bhavan 14,345,318,0,663,47.96
Howrah,716,Hwr-716,15,Govt Office 15,282,284,0,566,50.18
Howrah,716,Hwr-716,16,Madrasa 16,304,279,0,583,47.86
Howrah,716,Hwr-716,17,Community Hall 17,378,362,1,741,48.85
Howrah,716,Hwr-716,18,Panchayat Bhavan 18,293,272,1,566,48.06
Howrah,716,Hwr-716,19,Community Hall 19,401,377,0,778,48.46
Howrah,716,Hwr-716,20,Anganwadi Centre 20,272,270,1,543,49.72
Howrah,716,Hwr-716,21,Community Hall 21,307,313,0,620,50.48
Howrah,716,Hwr-716,22,Health Sub-Centre 22,377,379,1,757,50.07
Howrah,716,Hwr-716,23,Health Sub-Centre 23,341,352,0,693,50.79
Howrah,716,Hwr-716,24,Health Sub-Centre 24,389,355,0,744,47.72
Howrah,716,Hwr-716,25,Temple Hall 25,278,282,1,561,50.27
Howrah,716,Hwr-716,26,Post Office 26,352,325,1,678,47.94
Howrah,716,Hwr-716,27,Post Office 27,362,370,0,732,50.55
Howrah,716,Hwr-716,28,Primary School 28,262,238,0,500,47.6
Howrah,716,Hwr-716,29,Health Sub-Centre 29,275,284,1,560,50.71
Howrah,716,Hwr-716,30,Govt Office 30,359,336,1,696,48.28
Howrah,716,Hwr-716,31,Anganwadi Centre 31,327,313,1,641,48.83
Howrah,716,Hwr-716,32,Post Office 32,259,255,0,514,49.61
Howrah,716,Hwr-716,33,Primary School 33,380,362,0,742,48.79
Howrah,716,Hwr-716,34,Community Hall 34,267,261,0,528,49.43
Howrah,716,Hwr-716,35,Anganwadi Centre 35,398,382,0,780,48.97
Howrah,716,Hwr-716,36,Anganwadi Centre 36,256,246,1,503,48.91
Howrah,716,Hwr-716,37,Madrasa 37,333,342,1,676,50.59
Howrah,716,Hwr-716,38,Madrasa 38,268,263,1,532,49.44
Howrah,716,Hwr-716,39,High School 39,260,251,1,512,49.02
Howrah,716,Hwr-716,40,Govt Office 40,393,353,0,746,47.32
Howrah,716,Hwr-716,41,Club Building 41,391,361,0,752,48.01
Howrah,716,Hwr-716,42,Community Hall 42,419,379,0,798,47.49
Howrah,716,Hwr-716,43,Govt Office 43,313,317,0,630,50.32
Howrah,716,Hwr-716,44,Primary School 44,351,329,1,681,48.31
Howrah,716,Hwr-716,45,Temple Hall 45,272,251,0,523,47.99
Howrah,716,Hwr-716,46,Primary School 46,375,343,0,718,47.77
Howrah,716,Hwr-716,47,Market Building 47,347,315,0,662,47.58
Howrah,716,Hwr-716,48,High School 48,276,248,0,524,47.33
Howrah,716,Hwr-716,49,Club Building 49,413,402,1,816,49.26
Howrah,716,Hwr-716,50,Post Office 50,360,369,0,729,50.62
Howrah,716,Hwr-716,51,Temple Hall 51,418,385,1,804,47.89
Howrah,716,Hwr-716,52,Club Building 52,407,375,0,782,47.95
Howrah,716,Hwr-716,53,Post Office 53,274,267,0,541,49.35
Howrah,716,Hwr-716,54,Health Sub-Centre 54,305,291,0,596,48.83
Howrah,716,Hwr-716,55,Madrasa 55,316,312,0,628,49.68
Howrah,716,Hwr-716,56,Market Building 56,395,365,0,760,48.03
Howrah,716,Hwr-716,57,Primary School 57,283,277,0,560,49.46
Howrah,716,Hwr-716,58,Anganwadi Centre 58,357,338,1,696,48.56
Howrah,716,Hwr-716,59,Primary School 59,354,345,1,700,49.29
Howrah,716,Hwr-716,60,Post Office 60,365,356,1,722,49.31
Howrah,716,Hwr-716,61,Post Office 61,341,315,1,657,47.95
Howrah,716,Hwr-716,62,Post Office 62,373,376,0,749,50.2
Howrah,716,Hwr-716,63,Temple Hall 63,353,327,1,681,48.02
Howrah,716,Hwr-716,64,Primary School 64,370,344,0,714,48.18
Howrah,716,Hwr-716,65,Govt Office 65,402,376,1,779,48.27
Howrah,716,Hwr-716,66,Anganwadi Centre 66,303,292,1,596,48.99
Howrah,716,Hwr-716,67,Anganwadi Centre 67,328,295,0,623,47.35
Howrah,716,Hwr-716,68,Temple Hall 68,319,291,1,611,47.63
Howrah,716,Hwr-716,69,Primary School 69,316,299,1,616,48.54
Howrah,716,Hwr-716,70,Club Building 70,394,372,1,767,48.5
Howrah,716,Hwr-716,71,Club Building 71,247,246,0,493,49.9
Howrah,716,Hwr-716,72,Post Office 72,346,354,0,700,50.57
Howrah,716,Hwr-716,73,Temple Hall 73,378,348,1,727,47.87
Howrah,716,Hwr-716,74,Panchayat Bhavan 74,355,342,0,697,49.07
Howrah,716,Hwr-716,75,Club Building 75,398,402,1,801,50.19
Howrah,716,Hwr-716,76,Club Building 76,282,272,0,554,49.1
Howrah,716,Hwr-716,77,Community Hall 77,372,337,0,709,47.53
Howrah,716,Hwr-716,78,Market Building 78,270,272,1,543,50.09
Howrah,716,Hwr-716,79,Madrasa 79,375,362,1,738,49.05
Howrah,716,Hwr-716,80,Market Building 80,379,369,1,749,49.27
Howrah,716,Hwr-716,81,Post Office 81,386,398,1,785,50.7
Howrah,716,Hwr-716,82,Post Office 82,278,256,0,534,47.94
Howrah,716,Hwr-716,83,Madrasa 83,333,324,1,658,49.24
Howrah,716,Hwr-716,84,Community Hall 84,264,265,1,530,50.0
Howrah,716,Hwr-716,85,Temple Hall 85,324,297,0,621,47.83
Howrah,716,Hwr-716,86,High School 86,247,240,0,487,49.28
Howrah,716,Hwr-716,87,Govt Office 87,329,298,1,628,47.45
Howrah,716,Hwr-716,88,Community Hall 88,316,311,1,628,49.52
Howrah,716,Hwr-716,89,Post Office 89,389,381,1,771,49.42
Howrah,716,Hwr-716,90,Madrasa 90,392,374,1,767,48.76
Howrah,716,Hwr-716,91,Market Building 91,308,291,1,600,48.5
Howrah,716,Hwr-716,92,Market Building 92,266,261,0,527,49.53
Howrah,716,Hwr-716,93,Primary School 93,295,302,0,597,50.59
Howrah,716,Hwr-716,94,Madrasa 94,344,354,0,698,50.72
Howrah,716,Hwr-716,95,Panchayat Bhavan 95,422,379,1,802,47.26
Howrah,716,Hwr-716,96,Anganwadi Centre 96,419,397,1,817,48.59
Howrah,716,Hwr-716,97,Post Office 97,262,255,1,518,49.23
Howrah,716,Hwr-716,98,Health Sub-Centre 98,372,342,1,715,47.83
Howrah,716,Hwr-716,99,Madrasa 99,364,374,0,738,50.68
Howrah,716,Hwr-716,100,Madrasa 100,264,247,1,512,48.24
Howrah,716,Hwr-716,101,Panchayat Bhavan 101,423,388,1,812,47.78
Howrah,716,Hwr-716,102,High School 102,418,395,1,814,48.53
Howrah,716,Hwr-716,103,Community Hall 103,331,332,0,663,50.08
Howrah,716,Hwr-716,104,Panchayat Bhavan 104,289,274,1,564,48.58
Howrah,716,Hwr-716,105,Primary School 105,283,276,1,560,49.29
Howrah,716,Hwr-716,106,Anganwadi Centre 106,418,393,0,811,48.46
Howrah,716,Hwr-716,107,Market Building 107,415,390,0,805,48.45
Howrah,716,Hwr-716,108,Panchayat Bhavan 108,384,344,0,728,47.25
Howrah,716,Hwr-716,109,Anganwadi Centre 109,370,343,0,713,48.11
Howrah,716,Hwr-716,110,Anganwadi Centre 110,265,269,1,535,50.28
Howrah,716,Hwr-716,111,Temple Hall 111,411,407,0,818,49.76
Howrah,716,Hwr-716,112,Primary School 112,286,258,0,544,47.43
Howrah,716,Hwr-716,113,Temple Hall 113,404,401,1,806,49.75
Howrah,716,Hwr-716,114,Club Building 114,261,256,0,517,49.52
Howrah,716,Hwr-716,115,Madrasa 115,300,289,1,590,48.98
Howrah,716,Hwr-716,116,High School 116,361,372,1,734,50.68
Howrah,716,Hwr-716,117,Community Hall 117,274,256,1,531,48.21
Howrah,716,Hwr-716,118,Panchayat Bhavan 118,259,235,0,494,47.57
Howrah,716,Hwr-716,119,Temple Hall 119,304,291,0,595,48.91
Howrah,716,Hwr-716,120,High School 120,345,318,0,663,47.96
Howrah,716,Hwr-716,121,Madrasa 121,413,383,0,796,48.12
Howrah,716,Hwr-716,122,Community Hall 122,325,320,1,646,49.54
Howrah,716,Hwr-716,123,Primary School 123,311,289,0,600,48.17
Howrah,716,Hwr-716,124,Anganwadi Centre 124,315,313,0,628,49.84
Howrah,716,Hwr-716,125,High School 125,427,386,0,813,47.48
Howrah,716,Hwr-716,126,Primary School 126,361,358,1,720,49.72
Howrah,716,Hwr-716,127,Community Hall 127,339,311,0,650,47.85
Howrah,716,Hwr-716,128,Panchayat Bhavan 128,258,262,1,521,50.29
Howrah,716,Hwr-716,129,Govt Office 129,260,264,1,525,50.29
Howrah,716,Hwr-716,130,Post Office 130,318,294,0,612,48.04
Howrah,716,Hwr-716,131,Club Building 131,360,322,1,683,47.14
Howrah,716,Hwr-716,132,Panchayat Bhavan 132,350,324,0,674,48.07
Howrah,716,Hwr-716,133,High School 133,289,266,1,556,47.84
Howrah,716,Hwr-716,134,Primary School 134,281,260,0,541,48.06
Howrah,716,Hwr-716,135,Panchayat Bhavan 135,287,266,1,554,48.01
Howrah,716,Hwr-716,136,Health Sub-Centre 136,319,296,1,616,48.05
Howrah,716,Hwr-716,137,Health Sub-Centre 137,302,286,1,589,48.56
Howrah,716,Hwr-716,138,Temple Hall 138,349,341,1,691,49.35
Howrah,716,Hwr-716,139,High School 139,331,340,1,672,50.6
Howrah,716,Hwr-716,140,Health Sub-Centre 140,395,391,1,787,49.68
Howrah,716,Hwr-716,141,Primary School 141,384,351,0,735,47.76
Howrah,716,Hwr-716,142,Panchayat Bhavan 142,304,288,1,593,48.57
Howrah,716,Hwr-716,143,Post Office 143,241,242,0,483,50.1
Howrah,716,Hwr-716,144,Anganwadi Centre 144,354,335,0,689,48.62
Howrah,716,Hwr-716,145,Anganwadi Centre 145,255,259,0,514,50.39
Howrah,716,Hwr-716,146,Temple Hall 146,386,400,1,787,50.83
Howrah,716,Hwr-716,147,Temple Hall 147,379,382,0,761,50.2
Howrah,716,Hwr-716,148,Madrasa 148,358,362,1,721,50.21
Howrah,716,Hwr-716,149,Market Building 149,263,238,1,502,47.41
Howrah,716,Hwr-716,150,Health Sub-Centre 150,371,370,0,741,49.93
Howrah,716,Hwr-716,151,Community Hall 151,380,365,0,745,48.99
Howrah,716,Hwr-716,152,Market Building 152,292,272,0,564,48.23
Howrah,716,Hwr-716,153,Market Building 153,314,280,0,594,47.14
Howrah,716,Hwr-716,154,Madrasa 154,307,301,1,609,49.43
