district,ac_code,ac_name,part_no,booth_name,male,female,third_gender,total,female_pct
Cooch Behar,1201,CB-1201,1,Anganwadi Centre 1,240,246,1,487,50.51
Cooch Behar,1201,CB-1201,2,High School 2,313,286,0,599,47.75
Cooch Behar,1201,CB-1201,3,Club Building 3,290,285,1,576,49.48
Cooch Behar,1201,CB-1201,4,Primary School 4,254,250,0,504,49.6
Cooch Behar,1201,CB-1201,5,Anganwadi Centre 5,390,399,1,790,50.51
Cooch Behar,1201,CB-1201,6,Health Sub-Centre 6,267,265,0,532,49.81
Cooch Behar,1201,CB-1201,7,Market Building 7,243,244,0,487,50.1
Cooch Behar,1201,CB-1201,8,Primary School 8,258,235,1,494,47.57
Cooch Behar,1201,CB-1201,9,Market Building 9,347,322,1,670,48.06
Cooch Behar,1201,CB-1201,10,Club Building 10,288,278,1,567,49.03
Cooch Behar,1201,CB-1201,11,High School 11,241,242,1,484,50.0
Cooch Behar,1201,CB-1201,12,Madrasa 12,307,300,0,607,49.42
Cooch Behar,1201,CB-1201,13,Govt Office 13,265,248,0,513,48.34
Cooch Behar,1201,CB-1201,14,Market Building 14,324,304,1,629,48.33
Cooch Behar,1201,CB-1201,15,High School 15,291,266,1,558,47.67
Cooch Behar,1201,CB-1201,16,High School 16,270,245,0,515,47.57
Cooch Behar,1201,CB-1201,17,High School 17,316,291,1,608,47.86
Cooch Behar,1201,CB-1201,18,Market Building 18,347,314,1,662,47.43
Cooch Behar,1201,CB-1201,19,Govt Office 19,426,387,0,813,47.6
Cooch Behar,1201,CB-1201,20,Community Hall 20,320,321,1,642,50.0
Cooch Behar,1201,CB-1201,21,Primary School 21,380,370,1,751,49.27
Cooch Behar,1201,CB-1201,22,Health Sub-Centre 22,337,309,1,647,47.76
Cooch Behar,1201,CB-1201,23,Panchayat Bhavan 23,253,234,1,488,47.95
Cooch Behar,1201,CB-1201,24,Panchayat Bhavan 24,335,320,1,656,48.78
Cooch Behar,1201,CB-1201,25,Anganwadi Centre 25,405,369,1,775,47.61
Cooch Behar,1201,CB-1201,26,Health Sub-Centre 26,239,244,0,483,50.52
Cooch Behar,1201,CB-1201,27,Anganwadi Centre 27,293,281,1,575,48.87
Cooch Behar,1201,CB-1201,28,Club Building 28,389,358,1,748,47.86
Cooch Behar,1201,CB-1201,29,High School 29,248,256,0,504,50.79
Cooch Behar,1201,CB-1201,30,Anganwadi Centre 30,369,379,1,749,50.6
Cooch Behar,1201,CB-1201,31,Market Building 31,253,254,1,508,50.0
Cooch Behar,1201,CB-1201,32,Temple Hall 32,279,259,0,538,48.14
Cooch Behar,1201,CB-1201,33,High School 33,361,358,0,719,49.79
Cooch Behar,1201,CB-1201,34,Madrasa 34,333,318,1,652,48.77
Cooch Behar,1201,CB-1201,35,Anganwadi Centre 35,369,347,0,716,48.46
Cooch Behar,1201,CB-1201,36,Anganwadi Centre 36,401,400,1,802,49.88
Cooch Behar,1201,CB-1201,37,Post Office 37,278,254,1,533,47.65
Cooch Behar,1201,CB-1201,38,Market Building 38,340,314,1,655,47.94
Cooch Behar,1201,CB-1201,39,Anganwadi Centre 39,362,345,0,707,48.8
Cooch Behar,1201,CB-1201,40,Anganwadi Centre 40,262,250,1,513,48.73
Cooch Behar,1201,CB-1201,41,Temple Hall 41,399,400,1,800,50.0
Cooch Behar,1201,CB-1201,42,Panchayat Bhavan 42,245,235,1,481,48.86
Cooch Behar,1201,CB-1201,43,High School 43,294,265,1,560,47.32
Cooch Behar,1201,CB-1201,44,Health Sub-Centre 44,369,358,0,727,49.24
Cooch Behar,1201,CB-1201,45,Community Hall 45,278,259,1,538,48.14
Cooch Behar,1201,CB-1201,46,High School 46,405,403,0,808,49.88
Cooch Behar,1201,CB-1201,47,Health Sub-Centre 47,404,399,1,804,49.63
Cooch Behar,1201,CB-1201,48,Anganwadi Centre 48,400,378,1,779,48.52
Cooch Behar,1201,CB-1201,49,Govt Office 49,388,390,0,778,50.13
Cooch Behar,1201,CB-1201,50,Market Building 50,354,318,0,672,47.32
Cooch Behar,1201,CB-1201,51,Primary School 51,305,293,1,599,48.91
Cooch Behar,1201,CB-1201,52,Temple Hall 52,325,299,0,624,47.92
Cooch Behar,1201,CB-1201,53,Health Sub-Centre 53,365,334,1,700,47.71
Cooch Behar,1201,CB-1201,54,Health Sub-Centre 54,317,318,0,635,50.08
Cooch Behar,1201,CB-1201,55,Post Office 55,264,242,0,506,47.83
Cooch Behar,1201,CB-1201,56,Panchayat Bhavan 56,350,351,1,702,50.0
Cooch Behar,1201,CB-1201,57,Temple Hall 57,272,275,0,547,50.27
Cooch Behar,1201,CB-1201,58,Health Sub-Centre 58,279,275,0,554,49.64
Cooch Behar,1201,CB-1201,59,High School 59,374,383,1,758,50.53
Cooch Behar,1201,CB-1201,60,High School 60,357,323,1,681,47.43
Cooch Behar,1201,CB-1201,61,Community Hall 61,298,304,1,603,50.41
Cooch Behar,1201,CB-1201,62,Health Sub-Centre 62,340,344,1,685,50.22
Cooch Behar,1201,CB-1201,63,Anganwadi Centre 63,301,309,1,611,50.57
Cooch Behar,1201,CB-1201,64,Anganwadi Centre 64,342,339,1,682,49.71
Cooch Behar,1201,CB-1201,65,Market Building 65,322,321,1,644,49.84
Cooch Behar,1201,CB-1201,66,High School 66,267,276,1,544,50.74
Cooch Behar,1201,CB-1201,67,Market Building 67,315,319,1,635,50.24
Cooch Behar,1201,CB-1201,68,Panchayat Bhavan 68,317,304,0,621,48.95
Cooch Behar,1201,CB-1201,69,Anganwadi Centre 69,327,308,0,635,48.5
Cooch Behar,1201,CB-1201,70,Madrasa 70,335,320,0,655,48.85
Cooch Behar,1201,CB-1201,71,Temple Hall 71,412,385,0,797,48.31
Cooch Behar,1201,CB-1201,72,Market Building 72,352,319,0,671,47.54
Cooch Behar,1201,CB-1201,73,High School 73,343,346,0,689,50.22
Cooch Behar,1201,CB-1201,74,Anganwadi Centre 74,363,363,0,726,50.0
Cooch Behar,1201,CB-1201,75,Club Building 75,333,309,1,643,48.06
Cooch Behar,1201,CB-1201,76,Community Hall 76,348,340,1,689,49.35
Cooch Behar,1201,CB-1201,77,Panchayat Bhavan 77,350,331,0,681,48.6
Cooch Behar,1201,CB-1201,78,Primary School 78,428,390,0,818,47.68
Cooch Behar,1201,CB-1201,79,Govt Office 79,261,252,1,514,49.03
Cooch Behar,1201,CB-1201,80,Post Office 80,286,275,1,562,48.93
Cooch Behar,1201,CB-1201,81,Temple Hall 81,335,326,0,661,49.32
Cooch Behar,1201,CB-1201,82,Panchayat Bhavan 82,305,303,0,608,49.84
Cooch Behar,1201,CB-1201,83,High School 83,311,312,1,624,50.0
Cooch Behar,1201,CB-1201,84,Anganwadi Centre 84,320,327,0,647,50.54
Cooch Behar,1201,CB-1201,85,Anganwadi Centre 85,256,257,1,514,50.0
Cooch Behar,1201,CB-1201,86,Post Office 86,355,323,1,679,47.57
Cooch Behar,1201,CB-1201,87,Market Building 87,316,312,0,628,49.68
Cooch Behar,1201,CB-1201,88,Panchayat Bhavan 88,342,321,0,663,48.42
Cooch Behar,1201,CB-1201,89,Panchayat Bhavan 89,380,371,0,751,49.4
Cooch Behar,1201,CB-1201,90,Temple Hall 90,352,335,1,688,48.69
Cooch Behar,1201,CB-1201,91,Market Building 91,320,295,0,615,47.97
Cooch Behar,1201,CB-1201,92,Madrasa 92,374,356,0,730,48.77
Cooch Behar,1201,CB-1201,93,Club Building 93,327,310,0,637,48.67
Cooch Behar,1201,CB-1201,94,Primary School 94,250,240,1,491,48.88
Cooch Behar,1201,CB-1201,95,Club Building 95,306,286,1,593,48.23
Cooch Behar,1201,CB-1201,96,High School 96,351,330,1,682,48.39
Cooch Behar,1201,CB-1201,97,Panchayat Bhavan 97,252,243,0,495,49.09
Cooch Behar,1201,CB-1201,98,Community Hall 98,402,377,0,779,48.4
Cooch Behar,1201,CB-1201,99,Health Sub-Centre 99,385,374,1,760,49.21
Cooch Behar,1201,CB-1201,100,Post Office 100,384,392,1,777,50.45
Cooch Behar,1201,CB-1201,101,Club Building 101,300,279,1,580,48.1
Cooch Behar,1201,CB-1201,102,Post Office 102,362,353,1,716,49.3
Cooch Behar,1201,CB-1201,103,Govt Office 103,344,334,0,678,49.26
Cooch Behar,1201,CB-1201,104,Community Hall 104,382,367,0,749,49.0
Cooch Behar,1201,CB-1201,105,Community Hall 105,383,370,0,753,49.14
Cooch Behar,1201,CB-1201,106,Market Building 106,417,383,0,800,47.88
Cooch Behar,1201,CB-1201,107,Anganwadi Centre 107,382,359,1,742,48.38
Cooch Behar,1201,CB-1201,108,Club Building 108,408,411,0,819,50.18
Cooch Behar,1201,CB-1201,109,Temple Hall 109,352,337,0,689,48.91
Cooch Behar,1201,CB-1201,110,Anganwadi Centre 110,350,338,0,688,49.13
Cooch Behar,1201,CB-1201,111,Club Building 111,256,242,1,499,48.5
Cooch Behar,1201,CB-1201,112,Panchayat Bhavan 112,387,371,0,758,48.94
Cooch Behar,1201,CB-1201,113,Madrasa 113,293,300,1,594,50.51
Cooch Behar,1201,CB-1201,114,Panchayat Bhavan 114,345,320,1,666,48.05
Cooch Behar,1201,CB-1201,115,Community Hall 115,251,251,0,502,50.0
Cooch Behar,1201,CB-1201,116,Community Hall 116,288,274,1,563,48.67
Cooch Behar,1201,CB-1201,117,Post Office 117,383,388,0,771,50.32
Cooch Behar,1201,CB-1201,118,Post Office 118,307,299,1,607,49.26
Cooch Behar,1201,CB-1201,119,High School 119,242,243,0,485,50.1
Cooch Behar,1201,CB-1201,120,Club Building 120,413,371,0,784,47.32
Cooch Behar,1201,CB-1201,121,Community Hall 121,294,274,1,569,48.15
Cooch Behar,1201,CB-1201,122,Anganwadi Centre 122,356,352,1,709,49.65
Cooch Behar,1201,CB-1201,123,Temple Hall 123,326,327,1,654,50.0
Cooch Behar,1201,CB-1201,124,Panchayat Bhavan 124,259,257,1,517,49.71
Cooch Behar,1201,CB-1201,125,Madrasa 125,393,374,1,768,48.7
Cooch Behar,1201,CB-1201,126,Market Building 126,396,372,1,769,48.37
Cooch Behar,1201,CB-1201,127,High School 127,346,311,0,657,47.34
Cooch Behar,1201,CB-1201,128,Primary School 128,390,355,1,746,47.59
Cooch Behar,1201,CB-1201,129,Community Hall 129,340,319,1,660,48.33
Cooch Behar,1201,CB-1201,130,Primary School 130,314,320,0,634,50.47
Cooch Behar,1201,CB-1201,131,Primary School 131,387,360,1,748,48.13
Cooch Behar,1201,CB-1201,132,Community Hall 132,359,341,0,700,48.71
Cooch Behar,1201,CB-1201,133,Madrasa 133,403,367,1,771,47.6
Cooch Behar,1201,CB-1201,134,Health Sub-Centre 134,345,311,0,656,47.41
Cooch Behar,1201,CB-1201,135,High School 135,250,255,1,506,50.4
Cooch Behar,1201,CB-1201,136,Govt Office 136,360,354,1,715,49.51
Cooch Behar,1201,CB-1201,137,Anganwadi Centre 137,319,305,0,624,48.88
Cooch Behar,1201,CB-1201,138,Temple Hall 138,364,348,1,713,48.81
Cooch Behar,1201,CB-1201,139,High School 139,265,269,1,535,50.28
Cooch Behar,1201,CB-1201,140,Temple Hall 140,344,347,1,692,50.14
Cooch Behar,1201,CB-1201,141,Post Office 141,368,336,0,704,47.73
Cooch Behar,1201,CB-1201,142,Panchayat Bhavan 142,380,381,0,761,50.07
Cooch Behar,1201,CB-1201,143,High School 143,416,396,1,813,48.71
Cooch Behar,1201,CB-1201,144,Govt Office 144,284,270,1,555,48.65
Cooch Behar,1201,CB-1201,145,Club Building 145,260,268,1,529,50.66
Cooch Behar,1201,CB-1201,146,Govt Office 146,395,386,1,782,49.36
Cooch Behar,1201,CB-1201,147,Anganwadi Centre 147,382,363,1,746,48.66
Cooch Behar,1201,CB-1201,148,Primary School 148,369,343,0,712,48.17
Cooch Behar,1201,CB-1201,149,Community Hall 149,323,312,0,635,49.13
Cooch Behar,1201,CB-1201,150,Anganwadi Centre 150,348,317,0,665,47.67
Cooch Behar,1201,CB-1201,151,Market Building 151,322,309,1,632,48.89
Cooch Behar,1201,CB-1201,152,Anganwadi Centre 152,337,334,0,671,49.78
Cooch Behar,1201,CB-1201,153,Market Building 153,381,373,1,755,49.4
Cooch Behar,1201,CB-1201,154,High School 154,334,317,0,651,48.69
Cooch Behar,1201,CB-1201,155,Govt Office 155,426,388,0,814,47.67
Cooch Behar,1201,CB-1201,156,Panchayat Bhavan 156,315,301,1,617,48.78
Cooch Behar,1201,CB-1201,157,Market Building 157,309,294,1,604,48.68
Cooch Behar,1201,CB-1201,158,Health Sub-Centre 158,399,364,0,763,47.71
Cooch Behar,1201,CB-1201,159,Govt Office 159,297,278,1,576,48.26
Cooch Behar,1201,CB-1201,160,Primary School 160,378,347,1,726,47.8
Cooch Behar,1201,CB-1201,161,Community Hall 161,351,360,1,712,50.56
Cooch Behar,1201,CB-1201,162,Panchayat Bhavan 162,281,266,1,548,48.54
Cooch Behar,1201,CB-1201,163,Anganwadi Centre 163,260,246,1,507,48.52
Cooch Behar,1201,CB-1201,164,High School 164,394,388,0,782,49.62
Cooch Behar,1201,CB-1201,165,Temple Hall 165,399,358,0,757,47.29
Cooch Behar,1201,CB-1201,166,High School 166,278,252,0,530,47.55
Cooch Behar,1201,CB-1201,167,Panchayat Bhavan 167,351,358,1,710,50.42
Cooch Behar,1201,CB-1201,168,Market Building 168,354,321,1,676,47.49
Cooch Behar,1201,CB-1201,169,Anganwadi Centre 169,384,365,0,749,48.73
Cooch Behar,1201,CB-1201,170,Panchayat Bhavan 170,289,265,0,554,47.83
Cooch Behar,1201,CB-1201,171,Panchayat Bhavan 171,251,242,1,494,48.99
Cooch Behar,1201,CB-1201,172,Post Office 172,328,312,1,641,48.67
Cooch Behar,1201,CB-1201,173,Community Hall 173,354,366,0,720,50.83
Cooch Behar,1201,CB-1201,174,Madrasa 174,315,320,1,636,50.31
Cooch Behar,1201,CB-1201,175,Madrasa 175,270,274,1,545,50.28
Cooch Behar,1201,CB-1201,176,Madrasa 176,259,237,1,497,47.69
Cooch Behar,1201,CB-1201,177,High School 177,356,325,0,681,47.72
Cooch Behar,1201,CB-1201,178,Community Hall 178,382,388,1,771,50.32
Cooch Behar,1201,CB-1201,179,Health Sub-Centre 179,382,386,0,768,50.26
Cooch Behar,1201,CB-1201,180,Community Hall 180,280,276,1,557,49.55
Cooch Behar,1201,CB-1201,181,Community Hall 181,307,292,1,600,48.67
Cooch Behar,1201,CB-1201,182,Community Hall 182,376,350,1,727,48.14
Cooch Behar,1202,CB-1202,1,Madrasa 1,419,381,0,800,47.62
Cooch Behar,1202,CB-1202,2,Club Building 2,342,337,1,680,49.56
Cooch Behar,1202,CB-1202,3,Madrasa 3,349,327,1,677,48.3
Cooch Behar,1202,CB-1202,4,Post Office 4,400,386,1,787,49.05
Cooch Behar,1202,CB-1202,5,Club Building 5,340,341,0,681,50.07
Cooch Behar,1202,CB-1202,6,High School 6,331,306,1,638,47.96
Cooch Behar,1202,CB-1202,7,Community Hall 7,268,248,1,517,47.97
Cooch Behar,1202,CB-1202,8,Market Building 8,349,330,0,679,48.6
Cooch Behar,1202,CB-1202,9,Primary School 9,258,261,0,519,50.29
Cooch Behar,1202,CB-1202,10,Market Building 10,333,320,0,653,49.0
Cooch Behar,1202,CB-1202,11,Panchayat Bhavan 11,354,356,1,711,50.07
Cooch Behar,1202,CB-1202,12,Anganwadi Centre 12,296,301,1,598,50.33
Cooch Behar,1202,CB-1202,13,Anganwadi Centre 13,405,364,1,770,47.27
Cooch Behar,1202,CB-1202,14,Anganwadi Centre 14,256,247,1,504,49.01
Cooch Behar,1202,CB-1202,15,Post Office 15,304,289,0,593,48.74
Cooch Behar,1202,CB-1202,16,High School 16,389,367,0,756,48.54
Cooch Behar,1202,CB-1202,17,Temple Hall 17,374,342,1,717,47.7
Cooch Behar,1202,CB-1202,18,Club Building 18,374,346,1,721,47.99
Cooch Behar,1202,CB-1202,19,Community Hall 19,385,391,1,777,50.32
Cooch Behar,1202,CB-1202,20,Madrasa 20,336,320,0,656,48.78
Cooch Behar,1202,CB-1202,21,Market Building 21,256,252,0,508,49.61
Cooch Behar,1202,CB-1202,22,Club Building 22,421,392,0,813,48.22
Cooch Behar,1202,CB-1202,23,Panchayat Bhavan 23,269,275,0,544,50.55
Cooch Behar,1202,CB-1202,24,Temple Hall 24,417,395,1,813,48.59
Cooch Behar,1202,CB-1202,25,Community Hall 25,327,300,1,628,47.77
Cooch Behar,1202,CB-1202,26,Community Hall 26,245,244,1,490,49.8
Cooch Behar,1202,CB-1202,27,Madrasa 27,390,384,0,774,49.61
Cooch Behar,1202,CB-1202,28,Post Office 28,387,386,0,773,49.94
Cooch Behar,1202,CB-1202,29,Community Hall 29,354,325,0,679,47.86
Cooch Behar,1202,CB-1202,30,Madrasa 30,296,287,1,584,49.14
Cooch Behar,1202,CB-1202,31,Govt Office 31,254,250,1,505,49.5
Cooch Behar,1202,CB-1202,32,Health Sub-Centre 32,415,374,1,790,47.34
Cooch Behar,1202,CB-1202,33,Madrasa 33,397,407,0,804,50.62
Cooch Behar,1202,CB-1202,34,High School 34,341,345,0,686,50.29
Cooch Behar,1202,CB-1202,35,Community Hall 35,245,239,1,485,49.28
Cooch Behar,1202,CB-1202,36,High School 36,348,349,0,697,50.07
Cooch Behar,1202,CB-1202,37,High School 37,299,291,0,590,49.32
Cooch Behar,1202,CB-1202,38,Club Building 38,394,363,0,757,47.95
Cooch Behar,1202,CB-1202,39,Health Sub-Centre 39,319,311,0,630,49.37
Cooch Behar,1202,CB-1202,40,Primary School 40,382,354,0,736,48.1
Cooch Behar,1202,CB-1202,41,Govt Office 41,288,295,1,584,50.51
Cooch Behar,1202,CB-1202,42,Govt Office 42,283,255,0,538,47.4
Cooch Behar,1202,CB-1202,43,Club Building 43,346,354,1,701,50.5
Cooch Behar,1202,CB-1202,44,Anganwadi Centre 44,392,355,0,747,47.52
Cooch Behar,1202,CB-1202,45,Panchayat Bhavan 45,304,288,1,593,48.57
Cooch Behar,1202,CB-1202,46,Club Building 46,391,377,0,768,49.09
Cooch Behar,1202,CB-1202,47,Health Sub-Centre 47,286,260,0,546,47.62
Cooch Behar,1202,CB-1202,48,Panchayat Bhavan 48,280,258,0,538,47.96
Cooch Behar,1202,CB-1202,49,Govt Office 49,310,319,1,630,50.63
Cooch Behar,1202,CB-1202,50,Panchayat Bhavan 50,386,364,1,751,48.47
Cooch Behar,1202,CB-1202,51,Club Building 51,345,322,1,668,48.2
Cooch Behar,1202,CB-1202,52,Community Hall 52,374,376,1,751,50.07
Cooch Behar,1202,CB-1202,53,Market Building 53,401,379,1,781,48.53
Cooch Behar,1202,CB-1202,54,Anganwadi Centre 54,371,349,0,720,48.47
Cooch Behar,1202,CB-1202,55,Madrasa 55,246,250,0,496,50.4
Cooch Behar,1202,CB-1202,56,Post Office 56,277,256,0,533,48.03
Cooch Behar,1202,CB-1202,57,Club Building 57,284,277,0,561,49.38
Cooch Behar,1202,CB-1202,58,Market Building 58,271,249,0,520,47.88
Cooch Behar,1202,CB-1202,59,Club Building 59,384,394,1,779,50.58
Cooch Behar,1202,CB-1202,60,Govt Office 60,378,368,1,747,49.26
Cooch Behar,1202,CB-1202,61,High School 61,387,359,1,747,48.06
Cooch Behar,1202,CB-1202,62,Club Building 62,270,244,0,514,47.47
Cooch Behar,1202,CB-1202,63,Madrasa 63,260,249,1,510,48.82
Cooch Behar,1202,CB-1202,64,Market Building 64,248,243,0,491,49.49
Cooch Behar,1202,CB-1202,65,Market Building 65,358,363,1,722,50.28
Cooch Behar,1202,CB-1202,66,Govt Office 66,370,358,1,729,49.11
Cooch Behar,1202,CB-1202,67,Post Office 67,342,341,0,683,49.93
Cooch Behar,1202,CB-1202,68,Govt Office 68,309,301,0,610,49.34
Cooch Behar,1202,CB-1202,69,Govt Office 69,372,355,1,728,48.76
Cooch Behar,1202,CB-1202,70,Govt Office 70,324,295,0,619,47.66
Cooch Behar,1202,CB-1202,71,Primary School 71,368,364,0,732,49.73
Cooch Behar,1202,CB-1202,72,High School 72,360,336,1,697,48.21
Cooch Behar,1202,CB-1202,73,Temple Hall 73,377,378,0,755,50.07
Cooch Behar,1202,CB-1202,74,Primary School 74,341,351,0,692,50.72
Cooch Behar,1202,CB-1202,75,Panchayat Bhavan 75,286,279,1,566,49.29
Cooch Behar,1202,CB-1202,76,Anganwadi Centre 76,378,389,0,767,50.72
Cooch Behar,1202,CB-1202,77,Community Hall 77,346,312,1,659,47.34
Cooch Behar,1202,CB-1202,78,Community Hall 78,397,377,1,775,48.65
Cooch Behar,1202,CB-1202,79,Club Building 79,348,334,0,682,48.97
Cooch Behar,1202,CB-1202,80,Anganwadi Centre 80,395,371,0,766,48.43
Cooch Behar,1202,CB-1202,81,Club Building 81,381,358,0,739,48.44
Cooch Behar,1202,CB-1202,82,Health Sub-Centre 82,277,268,1,546,49.08
Cooch Behar,1202,CB-1202,83,Temple Hall 83,389,363,0,752,48.27
Cooch Behar,1202,CB-1202,84,Panchayat Bhavan 84,343,316,1,660,47.88
Cooch Behar,1202,CB-1202,85,Community Hall 85,289,279,1,569,49.03
Cooch Behar,1202,CB-1202,86,Community Hall 86,253,261,0,514,50.78
Cooch Behar,1202,CB-1202,87,Primary School 87,246,243,0,489,49.69
Cooch Behar,1202,CB-1202,88,Health Sub-Centre 88,403,365,0,768,47.53
Cooch Behar,1202,CB-1202,89,Primary School 89,402,400,0,802,49.88
Cooch Behar,1202,CB-1202,90,Temple Hall 90,298,308,1,607,50.74
Cooch Behar,1202,CB-1202,91,Club Building 91,246,251,1,498,50.4
Cooch Behar,1202,CB-1202,92,High School 92,321,313,1,635,49.29
Cooch Behar,1202,CB-1202,93,Health Sub-Centre 93,309,303,0,612,49.51
Cooch Behar,1202,CB-1202,94,Community Hall 94,283,259,1,543,47.7
Cooch Behar,1202,CB-1202,95,Health Sub-Centre 95,419,388,0,807,48.08
Cooch Behar,1202,CB-1202,96,High School 96,253,228,1,482,47.3
Cooch Behar,1202,CB-1202,97,Temple Hall 97,425,384,0,809,47.47
Cooch Behar,1202,CB-1202,98,Club Building 98,382,383,1,766,50.0
Cooch Behar,1202,CB-1202,99,Madrasa 99,383,356,1,740,48.11
Cooch Behar,1202,CB-1202,100,Club Building 100,254,231,1,486,47.53
Cooch Behar,1202,CB-1202,101,Govt Office 101,404,414,1,819,50.55
Cooch Behar,1202,CB-1202,102,Primary School 102,338,342,1,681,50.22
Cooch Behar,1202,CB-1202,103,Temple Hall 103,339,347,0,686,50.58
Cooch Behar,1202,CB-1202,104,Madrasa 104,360,349,1,710,49.15
Cooch Behar,1202,CB-1202,105,Panchayat Bhavan 105,301,274,0,575,47.65
Cooch Behar,1202,CB-1202,106,Panchayat Bhavan 106,371,338,0,709,47.67
Cooch Behar,1202,CB-1202,107,Anganwadi Centre 107,282,264,0,546,48.35
Cooch Behar,1202,CB-1202,108,Community Hall 108,389,388,1,778,49.87
Cooch Behar,1202,CB-1202,109,Community Hall 109,363,337,1,701,48.07
Cooch Behar,1202,CB-1202,110,Primary School 110,302,278,0,580,47.93
Cooch Behar,1202,CB-1202,111,Panchayat Bhavan 111,275,277,1,553,50.09
Cooch Behar,1202,CB-1202,112,Market Building 112,307,291,1,599,48.58
Cooch Behar,1202,CB-1202,113,Community Hall 113,394,393,1,788,49.87
Cooch Behar,1202,CB-1202,114,Community Hall 114,296,283,1,580,48.79
Cooch Behar,1202,CB-1202,115,Community Hall 115,279,272,0,551,49.36
Cooch Behar,1202,CB-1202,116,Primary School 116,355,340,1,696,48.85
Cooch Behar,1202,CB-1202,117,Community Hall 117,351,333,0,684,48.68
Cooch Behar,1202,CB-1202,118,Temple Hall 118,313,315,1,629,50.08
Cooch Behar,1202,CB-1202,119,Market Building 119,338,302,0,640,47.19
Cooch Behar,1202,CB-1202,120,Post Office 120,354,354,0,708,50.0
Cooch Behar,1202,CB-1202,121,Anganwadi Centre 121,291,264,1,556,47.48
Cooch Behar,1202,CB-1202,122,Community Hall 122,380,363,1,744,48.79
Cooch Behar,1202,CB-1202,123,Market Building 123,356,343,0,699,49.07
Cooch Behar,1202,CB-1202,124,Post Office 124,348,324,0,672,48.21
Cooch Behar,1202,CB-1202,125,High School 125,275,261,1,537,48.6
Cooch Behar,1202,CB-1202,126,Anganwadi Centre 126,321,300,0,621,48.31
Cooch Behar,1202,CB-1202,127,Primary School 127,281,289,1,571,50.61
Cooch Behar,1202,CB-1202,128,Club Building 128,385,385,0,770,50.0
Cooch Behar,1202,CB-1202,129,Community Hall 129,324,322,1,647,49.77
Cooch Behar,1202,CB-1202,130,High School 130,343,332,1,676,49.11
Cooch Behar,1202,CB-1202,131,Post Office 131,308,315,1,624,50.48
Cooch Behar,1202,CB-1202,132,Panchayat Bhavan 132,354,339,1,694,48.85
Cooch Behar,1202,CB-1202,133,Club Building 133,267,269,1,537,50.09
Cooch Behar,1202,CB-1202,134,Panchayat Bhavan 134,265,263,0,528,49.81
Cooch Behar,1202,CB-1202,135,Community Hall 135,387,379,1,767,49.41
Cooch Behar,1202,CB-1202,136,Post Office 136,299,287,1,587,48.89
Cooch Behar,1202,CB-1202,137,Anganwadi Centre 137,335,323,1,659,49.01
Cooch Behar,1202,CB-1202,138,Panchayat Bhavan 138,383,343,0,726,47.25
Cooch Behar,1202,CB-1202,139,Market Building 139,290,287,1,578,49.65
Cooch Behar,1202,CB-1202,140,Panchayat Bhavan 140,321,307,1,629,48.81
Cooch Behar,1202,CB-1202,141,Govt Office 141,394,389,0,783,49.68
Cooch Behar,1202,CB-1202,142,Health Sub-Centre 142,256,237,1,494,47.98
Cooch Behar,1202,CB-1202,143,Market Building 143,412,374,0,786,47.58
Cooch Behar,1202,CB-1202,144,Panchayat Bhavan 144,319,319,0,638,50.0
Cooch Behar,1202,CB-1202,145,Madrasa 145,251,253,0,504,50.2
Cooch Behar,1202,CB-1202,146,Temple Hall 146,328,315,0,643,48.99
Cooch Behar,1202,CB-1202,147,Health Sub-Centre 147,335,309,0,644,47.98
Cooch Behar,1202,CB-1202,148,High School 148,420,382,0,802,47.63
Cooch Behar,1202,CB-1202,149,Community Hall 149,363,343,1,707,48.51
Cooch Behar,1202,CB-1202,150,Community Hall 150,388,392,1,781,50.19
Cooch Behar,1202,CB-1202,151,Primary School 151,325,297,1,623,47.67
Cooch Behar,1202,CB-1202,152,Post Office 152,341,332,1,674,49.26
Cooch Behar,1202,CB-1202,153,High School 153,379,339,0,718,47.21
Cooch Behar,1202,CB-1202,154,Panchayat Bhavan 154,265,254,0,519,48.94
Cooch Behar,1202,CB-1202,155,Madrasa 155,303,295,0,598,49.33
Cooch Behar,1202,CB-1202,156,Community Hall 156,314,287,0,601,47.75
Cooch Behar,1202,CB-1202,157,Health Sub-Centre 157,262,251,0,513,48.93
Cooch Behar,1202,CB-1202,158,Club Building 158,300,308,0,608,50.66
Cooch Behar,1202,CB-1202,159,Govt Office 159,407,409,0,816,50.12
Cooch Behar,1202,CB-1202,160,Madrasa 160,289,289,0,578,50.0
Cooch Behar,1202,CB-1202,161,Anganwadi Centre 161,401,387,1,789,49.05
Cooch Behar,1202,CB-1202,162,Temple Hall 162,303,307,0,610,50.33
Cooch Behar,1202,CB-1202,163,Health Sub-Centre 163,369,351,1,721,48.68
Cooch Behar,1202,CB-1202,164,Post Office 164,278,252,1,531,47.46
Cooch Behar,1202,CB-1202,165,Community Hall 165,350,356,0,706,50.42
Cooch Behar,1202,CB-1202,166,Health Sub-Centre 166,420,396,1,817,48.47
Cooch Behar,1202,CB-1202,167,Panchayat Bhavan 167,336,305,1,642,47.51
Cooch Behar,1202,CB-1202,168,Post Office 168,292,268,1,561,47.77
Cooch Behar,1202,CB-1202,169,Madrasa 169,278,260,1,539,48.24
Cooch Behar,1202,CB-1202,170,High School 170,329,326,1,656,49.7
Cooch Behar,1202,CB-1202,171,Madrasa 171,389,360,1,750,48.0
Cooch Behar,1202,CB-1202,172,Health Sub-Centre 172,314,283,1,598,47.32
Cooch Behar,1202,CB-1202,173,Post Office 173,298,282,1,581,48.54
Cooch Behar,1202,CB-1202,174,Club Building 174,387,350,0,737,47.49
Cooch Behar,1202,CB-1202,175,Govt Office 175,255,236,1,492,47.97
Cooch Behar,1202,CB-1202,176,Club Building 176,286,289,1,576,50.17
Cooch Behar,1202,CB-1202,177,High School 177,279,253,1,533,47.47
Cooch Behar,1202,CB-1202,178,Health Sub-Centre 178,299,277,1,577,48.01
Cooch Behar,1202,CB-1202,179,Post Office 179,421,380,0,801,47.44
Cooch Behar,1202,CB-1202,180,Temple Hall 180,359,355,1,715,49.65
Cooch Behar,1202,CB-1202,181,High School 181,331,316,1,648,48.77
Cooch Behar,1202,CB-1202,182,Primary School 182,273,260,1,534,48.69
Cooch Behar,1202,CB-1202,183,Market Building 183,369,337,0,706,47.73
Cooch Behar,1202,CB-1202,184,Govt Office 184,296,272,0,568,47.89
Cooch Behar,1202,CB-1202,185,Temple Hall 185,393,380,0,773,49.16
Cooch Behar,1203,CB-1203,1,Market Building 1,391,375,1,767,48.89
Cooch Behar,1203,CB-1203,2,Panchayat Bhavan 2,413,402,0,815,49.33
Cooch Behar,1203,CB-1203,3,Govt Office 3,261,269,1,531,50.66
Cooch Behar,1203,CB-1203,4,Temple Hall 4,291,275,1,567,48.5
Cooch Behar,1203,CB-1203,5,Primary School 5,376,351,0,727,48.28
Cooch Behar,1203,CB-1203,6,Community Hall 6,303,282,0,585,48.21
Cooch Behar,1203,CB-1203,7,Madrasa 7,275,261,1,537,48.6
Cooch Behar,1203,CB-1203,8,Community Hall 8,302,312,0,614,50.81
Cooch Behar,1203,CB-1203,9,Health Sub-Centre 9,386,397,1,784,50.64
Cooch Behar,1203,CB-1203,10,Temple Hall 10,270,261,1,532,49.06
Cooch Behar,1203,CB-1203,11,Market Building 11,277,256,0,533,48.03
Cooch Behar,1203,CB-1203,12,High School 12,262,270,0,532,50.75
Cooch Behar,1203,CB-1203,13,Madrasa 13,391,363,0,754,48.14
Cooch Behar,1203,CB-1203,14,Primary School 14,389,398,1,788,50.51
Cooch Behar,1203,CB-1203,15,Post Office 15,355,349,1,705,49.5
Cooch Behar,1203,CB-1203,16,Health Sub-Centre 16,241,243,1,485,50.1
Cooch Behar,1203,CB-1203,17,Community Hall 17,387,355,0,742,47.84
Cooch Behar,1203,CB-1203,18,Club Building 18,243,245,0,488,50.2
Cooch Behar,1203,CB-1203,19,Temple Hall 19,371,368,1,740,49.73
Cooch Behar,1203,CB-1203,20,Post Office 20,299,308,1,608,50.66
Cooch Behar,1203,CB-1203,21,Anganwadi Centre 21,392,374,1,767,48.76
Cooch Behar,1203,CB-1203,22,Temple Hall 22,255,250,0,505,49.5
Cooch Behar,1203,CB-1203,23,Govt Office 23,366,329,0,695,47.34
Cooch Behar,1203,CB-1203,24,Primary School 24,367,348,0,715,48.67
Cooch Behar,1203,CB-1203,25,Market Building 25,392,372,1,765,48.63
Cooch Behar,1203,CB-1203,26,Health Sub-Centre 26,398,406,1,805,50.43
Cooch Behar,1203,CB-1203,27,Panchayat Bhavan 27,296,279,1,576,48.44
Cooch Behar,1203,CB-1203,28,Anganwadi Centre 28,376,382,1,759,50.33
Cooch Behar,1203,CB-1203,29,Market Building 29,398,370,0,768,48.18
Cooch Behar,1203,CB-1203,30,Primary School 30,341,338,0,679,49.78
Cooch Behar,1203,CB-1203,31,Govt Office 31,342,332,1,675,49.19
Cooch Behar,1203,CB-1203,32,Market Building 32,315,308,1,624,49.36
Cooch Behar,1203,CB-1203,33,Community Hall 33,387,389,0,776,50.13
Cooch Behar,1203,CB-1203,34,Primary School 34,338,310,0,648,47.84
Cooch Behar,1203,CB-1203,35,Govt Office 35,249,233,1,483,48.24
Cooch Behar,1203,CB-1203,36,Madrasa 36,302,295,1,598,49.33
Cooch Behar,1203,CB-1203,37,Anganwadi Centre 37,381,355,1,737,48.17
Cooch Behar,1203,CB-1203,38,Primary School 38,244,238,1,483,49.28
Cooch Behar,1203,CB-1203,39,Anganwadi Centre 39,302,312,1,615,50.73
Cooch Behar,1203,CB-1203,40,Health Sub-Centre 40,396,391,1,788,49.62
Cooch Behar,1203,CB-1203,41,Primary School 41,381,367,1,749,49.0
Cooch Behar,1203,CB-1203,42,Madrasa 42,353,316,0,669,47.23
Cooch Behar,1203,CB-1203,43,Market Building 43,297,300,1,598,50.17
Cooch Behar,1203,CB-1203,44,Govt Office 44,415,384,0,799,48.06
Cooch Behar,1203,CB-1203,45,Post Office 45,332,336,0,668,50.3
Cooch Behar,1203,CB-1203,46,High School 46,263,236,0,499,47.29
Cooch Behar,1203,CB-1203,47,Madrasa 47,263,259,1,523,49.52
Cooch Behar,1203,CB-1203,48,Community Hall 48,273,252,0,525,48.0
Cooch Behar,1203,CB-1203,49,Temple Hall 49,320,327,0,647,50.54
Cooch Behar,1203,CB-1203,50,Health Sub-Centre 50,407,383,0,790,48.48
Cooch Behar,1203,CB-1203,51,Temple Hall 51,271,250,0,521,47.98
Cooch Behar,1203,CB-1203,52,High School 52,388,388,1,777,49.94
Cooch Behar,1203,CB-1203,53,Market Building 53,245,250,1,496,50.4
Cooch Behar,1203,CB-1203,54,Community Hall 54,315,314,0,629,49.92
Cooch Behar,1203,CB-1203,55,Market Building 55,394,388,0,782,49.62
Cooch Behar,1203,CB-1203,56,Temple Hall 56,255,231,1,487,47.43
Cooch Behar,1203,CB-1203,57,Anganwadi Centre 57,353,321,0,674,47.63
Cooch Behar,1203,CB-1203,58,Govt Office 58,397,404,1,802,50.37
Cooch Behar,1203,CB-1203,59,Panchayat Bhavan 59,276,285,0,561,50.8
Cooch Behar,1203,CB-1203,60,Anganwadi Centre 60,271,268,0,539,49.72
Cooch Behar,1203,CB-1203,61,Health Sub-Centre 61,305,283,0,588,48.13
Cooch Behar,1203,CB-1203,62,Panchayat Bhavan 62,367,342,1,710,48.17
Cooch Behar,1203,CB-1203,63,Health Sub-Centre 63,258,238,1,497,47.89
Cooch Behar,1203,CB-1203,64,Market Building 64,399,375,0,774,48.45
Cooch Behar,1203,CB-1203,65,Health Sub-Centre 65,252,256,0,508,50.39
Cooch Behar,1203,CB-1203,66,Anganwadi Centre 66,394,354,1,749,47.26
Cooch Behar,1203,CB-1203,67,Panchayat Bhavan 67,388,378,1,767,49.28
Cooch Behar,1203,CB-1203,68,Govt Office 68,319,316,0,635,49.76
Cooch Behar,1203,CB-1203,69,Market Building 69,352,331,0,683,48.46
Cooch Behar,1203,CB-1203,70,Community Hall 70,269,244,0,513,47.56
Cooch Behar,1203,CB-1203,71,Anganwadi Centre 71,383,375,1,759,49.41
Cooch Behar,1203,CB-1203,72,Primary School 72,314,294,0,608,48.36
Cooch Behar,1203,CB-1203,73,Post Office 73,236,244,1,481,50.73
Cooch Behar,1203,CB-1203,74,Community Hall 74,332,316,1,649,48.69
Cooch Behar,1203,CB-1203,75,Market Building 75,255,245,0,500,49.0
Cooch Behar,1203,CB-1203,76,Post Office 76,257,242,0,499,48.5
Cooch Behar,1203,CB-1203,77,High School 77,246,236,1,483,48.86
Cooch Behar,1203,CB-1203,78,Health Sub-Centre 78,331,328,0,659,49.77
Cooch Behar,1203,CB-1203,79,Club Building 79,365,374,0,739,50.61
Cooch Behar,1203,CB-1203,80,Primary School 80,320,308,1,629,48.97
Cooch Behar,1203,CB-1203,81,Govt Office 81,384,376,1,761,49.41
Cooch Behar,1203,CB-1203,82,Madrasa 82,275,254,0,529,48.02
Cooch Behar,1203,CB-1203,83,Panchayat Bhavan 83,337,318,0,655,48.55
Cooch Behar,1203,CB-1203,84,Anganwadi Centre 84,344,316,0,660,47.88
Cooch Behar,1203,CB-1203,85,Market Building 85,329,307,0,636,48.27
Cooch Behar,1203,CB-1203,86,Panchayat Bhavan 86,250,245,1,496,49.4
Cooch Behar,1203,CB-1203,87,Post Office 87,353,352,0,705,49.93
Cooch Behar,1203,CB-1203,88,Post Office 88,317,293,0,610,48.03
Cooch Behar,1203,CB-1203,89,Panchayat Bhavan 89,238,242,0,480,50.42
Cooch Behar,1203,CB-1203,90,High School 90,267,263,0,530,49.62
Cooch Behar,1203,CB-1203,91,Community Hall 91,395,386,1,782,49.36
Cooch Behar,1203,CB-1203,92,Madrasa 92,249,255,0,504,50.6
Cooch Behar,1203,CB-1203,93,Anganwadi Centre 93,292,272,0,564,48.23
Cooch Behar,1203,CB-1203,94,Govt Office 94,394,370,0,764,48.43
Cooch Behar,1203,CB-1203,95,Club Building 95,396,371,1,768,48.31
Cooch Behar,1203,CB-1203,96,Primary School 96,348,330,1,679,48.6
Cooch Behar,1203,CB-1203,97,Market Building 97,311,308,0,619,49.76
Cooch Behar,1203,CB-1203,98,Club Building 98,344,346,0,690,50.14
Cooch Behar,1203,CB-1203,99,Health Sub-Centre 99,398,369,1,768,48.05
Cooch Behar,1203,CB-1203,100,Primary School 100,331,315,0,646,48.76
Cooch Behar,1203,CB-1203,101,Primary School 101,430,387,1,818,47.31
Cooch Behar,1203,CB-1203,102,Club Building 102,325,329,0,654,50.31
Cooch Behar,1203,CB-1203,103,Primary School 103,286,275,0,561,49.02
Cooch Behar,1203,CB-1203,104,Club Building 104,378,363,1,742,48.92
Cooch Behar,1203,CB-1203,105,Primary School 105,308,289,0,597,48.41
Cooch Behar,1203,CB-1203,106,Temple Hall 106,419,392,0,811,48.34
Cooch Behar,1203,CB-1203,107,Anganwadi Centre 107,261,255,1,517,49.32
Cooch Behar,1203,CB-1203,108,Health Sub-Centre 108,293,282,1,576,48.96
Cooch Behar,1203,CB-1203,109,Community Hall 109,242,245,0,487,50.31
Cooch Behar,1203,CB-1203,110,Community Hall 110,301,310,1,612,50.65
Cooch Behar,1203,CB-1203,111,Community Hall 111,375,365,1,741,49.26
Cooch Behar,1203,CB-1203,112,Panchayat Bhavan 112,416,393,1,810,48.52
Cooch Behar,1203,CB-1203,113,Govt Office 113,257,232,0,489,47.44
Cooch Behar,1203,CB-1203,114,Anganwadi Centre 114,313,300,0,613,48.94
Cooch Behar,1203,CB-1203,115,Temple Hall 115,387,358,1,746,47.99
Cooch Behar,1203,CB-1203,116,Community Hall 116,349,360,0,709,50.78
Cooch Behar,1203,CB-1203,117,Panchayat Bhavan 117,399,365,1,765,47.71
Cooch Behar,1203,CB-1203,118,Panchayat Bhavan 118,396,385,1,782,49.23
Cooch Behar,1203,CB-1203,119,Market Building 119,335,322,0,657,49.01
Cooch Behar,1203,CB-1203,120,Temple Hall 120,413,374,0,787,47.52
Cooch Behar,1203,CB-1203,121,Primary School 121,286,286,1,573,49.91
Cooch Behar,1203,CB-1203,122,Primary School 122,321,316,1,638,49.53
Cooch Behar,1203,CB-1203,123,High School 123,382,363,0,745,48.72
Cooch Behar,1203,CB-1203,124,Govt Office 124,251,232,1,484,47.93
Cooch Behar,1203,CB-1203,125,Health Sub-Centre 125,278,249,0,527,47.25
Cooch Behar,1203,CB-1203,126,Club Building 126,273,273,1,547,49.91
Cooch Behar,1203,CB-1203,127,Health Sub-Centre 127,356,333,0,689,48.33
Cooch Behar,1203,CB-1203,128,Health Sub-Centre 128,282,260,0,542,47.97
Cooch Behar,1203,CB-1203,129,Community Hall 129,404,377,0,781,48.27
Cooch Behar,1203,CB-1203,130,Madrasa 130,393,354,0,747,47.39
Cooch Behar,1203,CB-1203,131,Madrasa 131,250,245,1,496,49.4
Cooch Behar,1203,CB-1203,132,Club Building 132,410,398,0,808,49.26
Cooch Behar,1203,CB-1203,133,Govt Office 133,392,401,1,794,50.5
Cooch Behar,1203,CB-1203,134,Primary School 134,346,341,0,687,49.64
Cooch Behar,1203,CB-1203,135,Temple Hall 135,375,375,0,750,50.0
Cooch Behar,1203,CB-1203,136,Post Office 136,321,323,0,644,50.16
Cooch Behar,1203,CB-1203,137,High School 137,392,364,1,757,48.08
Cooch Behar,1203,CB-1203,138,Club Building 138,354,338,0,692,48.84
Cooch Behar,1203,CB-1203,139,Madrasa 139,268,258,1,527,48.96
Cooch Behar,1203,CB-1203,140,Panchayat Bhavan 140,385,354,1,740,47.84
Cooch Behar,1203,CB-1203,141,Community Hall 141,255,241,1,497,48.49
Cooch Behar,1203,CB-1203,142,Community Hall 142,298,300,1,599,50.08
Cooch Behar,1203,CB-1203,143,Govt Office 143,298,288,1,587,49.06
Cooch Behar,1203,CB-1203,144,Community Hall 144,376,365,1,742,49.19
Cooch Behar,1203,CB-1203,145,Post Office 145,314,297,1,612,48.53
Cooch Behar,1203,CB-1203,146,Market Building 146,277,272,0,549,49.54
Cooch Behar,1203,CB-1203,147,Madrasa 147,420,385,1,806,47.77
Cooch Behar,1203,CB-1203,148,Club Building 148,238,242,1,481,50.31
Cooch Behar,1203,CB-1203,149,Madrasa 149,382,379,1,762,49.74
Cooch Behar,1203,CB-1203,150,Temple Hall 150,312,302,1,615,49.11
Cooch Behar,1203,CB-1203,151,High School 151,312,290,1,603,48.09
Cooch Behar,1203,CB-1203,152,Community Hall 152,304,288,1,593,48.57
Cooch Behar,1203,CB-1203,153,Community Hall 153,332,323,1,656,49.24
Cooch Behar,1203,CB-1203,154,High School 154,424,381,1,806,47.27
Cooch Behar,1203,CB-1203,155,Temple Hall 155,274,283,1,558,50.72
Cooch Behar,1203,CB-1203,156,Madrasa 156,378,357,0,735,48.57
Cooch Behar,1203,CB-1203,157,Health Sub-Centre 157,373,355,0,728,48.76
Cooch Behar,1203,CB-1203,158,High School 158,358,348,0,706,49.29
Cooch Behar,1203,CB-1203,159,Temple Hall 159,277,285,1,563,50.62
Cooch Behar,1203,CB-1203,160,Post Office 160,275,268,0,543,49.36
Cooch Behar,1203,CB-1203,161,Primary School 161,336,312,0,648,48.15
Cooch Behar,1203,CB-1203,162,High School 162,246,252,1,499,50.5
Cooch Behar,1203,CB-1203,163,Community Hall 163,266,241,1,508,47.44
Cooch Behar,1203,CB-1203,164,Market Building 164,396,378,0,774,48.84
Cooch Behar,1203,CB-1203,165,Govt Office 165,285,278,1,564,49.29
Cooch Behar,1203,CB-1203,166,Primary School 166,353,348,0,701,49.64
Cooch Behar,1203,CB-1203,167,Panchayat Bhavan 167,254,249,1,504,49.4
Cooch Behar,1203,CB-1203,168,Club Building 168,318,307,0,625,49.12
Cooch Behar,1203,CB-1203,169,Anganwadi Centre 169,305,274,1,580,47.24
Cooch Behar,1203,CB-1203,170,Madrasa 170,317,298,1,616,48.38
Cooch Behar,1203,CB-1203,171,Primary School 171,368,381,1,750,50.8
Cooch Behar,1203,CB-1203,172,Club Building 172,341,317,0,658,48.18
Cooch Behar,1203,CB-1203,173,Market Building 173,342,335,1,678,49.41
Cooch Behar,1203,CB-1203,174,Govt Office 174,292,301,1,594,50.67
Cooch Behar,1203,CB-1203,175,Temple Hall 175,319,322,0,641,50.23
Cooch Behar,1203,CB-1203,176,Govt Office 176,320,323,0,643,50.23
Cooch Behar,1203,CB-1203,177,Post Office 177,317,311,1,629,49.44
Cooch Behar,1203,CB-1203,178,High School 178,361,339,0,700,48.43
Cooch Behar,1203,CB-1203,179,Temple Hall 179,410,394,0,804,49.0
Cooch Behar,1203,CB-1203,180,Market Building 180,389,360,1,750,48.0
Cooch Behar,1203,CB-1203,181,High School 181,364,360,1,725,49.66
Cooch Behar,1203,CB-1203,182,Temple Hall 182,399,378,0,777,48.65
Cooch Behar,1203,CB-1203,183,Anganwadi Centre 183,255,234,1,490,47.76
Cooch Behar,1203,CB-1203,184,Govt Office 184,268,260,1,529,49.15
Cooch Behar,1203,CB-1203,185,Post Office 185,251,241,0,492,48.98
Cooch Behar,1203,CB-1203,186,Health Sub-Centre 186,314,302,0,616,49.03
Cooch Behar,1203,CB-1203,187,Community Hall 187,374,350,1,725,48.28
Cooch Behar,1203,CB-1203,188,Govt Office 188,366,367,1,734,50.0
Cooch Behar,1203,CB-1203,189,High School 189,260,245,0,505,48.51
Cooch Behar,1203,CB-1203,190,Market Building 190,369,347,1,717,48.4
Cooch Behar,1203,CB-1203,191,Madrasa 191,319,287,0,606,47.36
Cooch Behar,1203,CB-1203,192,Health Sub-Centre 192,267,251,1,519,48.36
Cooch Behar,1204,CB-1204,1,Anganwadi Centre 1,256,258,0,514,50.19
Cooch Behar,1204,CB-1204,2,Post Office 2,375,350,0,725,48.28
Cooch Behar,1204,CB-1204,3,Temple Hall 3,412,397,1,810,49.01
Cooch Behar,1204,CB-1204,4,Post Office 4,247,248,1,496,50.0
Cooch Behar,1204,CB-1204,5,High School 5,356,321,1,678,47.35
Cooch Behar,1204,CB-1204,6,Market Building 6,416,402,0,818,49.14
Cooch Behar,1204,CB-1204,7,Panchayat Bhavan 7,271,245,0,516,47.48
Cooch Behar,1204,CB-1204,8,Club Building 8,342,336,0,678,49.56
Cooch Behar,1204,CB-1204,9,Panchayat Bhavan 9,392,381,1,774,49.22
Cooch Behar,1204,CB-1204,10,Govt Office 10,263,267,1,531,50.28
Cooch Behar,1204,CB-1204,11,High School 11,403,413,1,817,50.55
Cooch Behar,1204,CB-1204,12,Health Sub-Centre 12,372,339,1,712,47.61
Cooch Behar,1204,CB-1204,13,Anganwadi Centre 13,339,335,1,675,49.63
Cooch Behar,1204,CB-1204,14,Anganwadi Centre 14,408,388,0,796,48.74
Cooch Behar,1204,CB-1204,15,Temple Hall 15,356,334,0,690,48.41
Cooch Behar,1204,CB-1204,16,Club Building 16,296,277,0,573,48.34
Cooch Behar,1204,CB-1204,17,Temple Hall 17,298,276,1,575,48.0
Cooch Behar,1204,CB-1204,18,Panchayat Bhavan 18,333,344,1,678,50.74
Cooch Behar,1204,CB-1204,19,Panchayat Bhavan 19,321,329,0,650,50.62
Cooch Behar,1204,CB-1204,20,Community Hall 20,335,335,0,670,50.0
Cooch Behar,1204,CB-1204,21,Panchayat Bhavan 21,250,243,1,494,49.19
Cooch Behar,1204,CB-1204,22,Primary School 22,296,285,1,582,48.97
Cooch Behar,1204,CB-1204,23,Madrasa 23,313,281,1,595,47.23
Cooch Behar,1204,CB-1204,24,Health Sub-Centre 24,392,378,0,770,49.09
Cooch Behar,1204,CB-1204,25,Madrasa 25,405,396,0,801,49.44
Cooch Behar,1204,CB-1204,26,Health Sub-Centre 26,411,388,0,799,48.56
Cooch Behar,1204,CB-1204,27,Anganwadi Centre 27,335,340,0,675,50.37
Cooch Behar,1204,CB-1204,28,Post Office 28,394,407,0,801,50.81
Cooch Behar,1204,CB-1204,29,Market Building 29,298,278,0,576,48.26
Cooch Behar,1204,CB-1204,30,Community Hall 30,321,303,0,624,48.56
Cooch Behar,1204,CB-1204,31,Madrasa 31,329,323,0,652,49.54
Cooch Behar,1204,CB-1204,32,Temple Hall 32,258,232,0,490,47.35
Cooch Behar,1204,CB-1204,33,Club Building 33,279,282,1,562,50.18
Cooch Behar,1204,CB-1204,34,Post Office 34,383,368,0,751,49.0
Cooch Behar,1204,CB-1204,35,Community Hall 35,261,262,0,523,50.1
Cooch Behar,1204,CB-1204,36,Anganwadi Centre 36,270,244,0,514,47.47
Cooch Behar,1204,CB-1204,37,Health Sub-Centre 37,373,357,0,730,48.9
Cooch Behar,1204,CB-1204,38,Madrasa 38,403,371,0,774,47.93
Cooch Behar,1204,CB-1204,39,Panchayat Bhavan 39,341,336,0,677,49.63
Cooch Behar,1204,CB-1204,40,Club Building 40,370,357,1,728,49.04
Cooch Behar,1204,CB-1204,41,Anganwadi Centre 41,418,393,0,811,48.46
Cooch Behar,1204,CB-1204,42,Madrasa 42,245,239,1,485,49.28
Cooch Behar,1204,CB-1204,43,Primary School 43,351,317,1,669,47.38
Cooch Behar,1204,CB-1204,44,Panchayat Bhavan 44,275,269,1,545,49.36
Cooch Behar,1204,CB-1204,45,Post Office 45,283,270,1,554,48.74
Cooch Behar,1204,CB-1204,46,Post Office 46,313,292,0,605,48.26
Cooch Behar,1204,CB-1204,47,Market Building 47,311,288,0,599,48.08
Cooch Behar,1204,CB-1204,48,Club Building 48,313,311,0,624,49.84
Cooch Behar,1204,CB-1204,49,Community Hall 49,272,250,1,523,47.8
Cooch Behar,1204,CB-1204,50,Health Sub-Centre 50,264,246,0,510,48.24
Cooch Behar,1204,CB-1204,51,Panchayat Bhavan 51,258,243,1,502,48.41
Cooch Behar,1204,CB-1204,52,High School 52,296,264,0,560,47.14
Cooch Behar,1204,CB-1204,53,Anganwadi Centre 53,368,340,0,708,48.02
Cooch Behar,1204,CB-1204,54,Post Office 54,385,363,1,749,48.46
Cooch Behar,1204,CB-1204,55,Club Building 55,349,354,1,704,50.28
Cooch Behar,1204,CB-1204,56,Temple Hall 56,294,268,0,562,47.69
Cooch Behar,1204,CB-1204,57,Temple Hall 57,368,356,1,725,49.1
Cooch Behar,1204,CB-1204,58,Madrasa 58,358,358,0,716,50.0
Cooch Behar,1204,CB-1204,59,Madrasa 59,423,393,1,817,48.1
Cooch Behar,1204,CB-1204,60,Madrasa 60,376,359,0,735,48.84
Cooch Behar,1204,CB-1204,61,Market Building 61,358,363,0,721,50.35
Cooch Behar,1204,CB-1204,62,Club Building 62,256,231,0,487,47.43
Cooch Behar,1204,CB-1204,63,Community Hall 63,323,311,1,635,48.98
Cooch Behar,1204,CB-1204,64,High School 64,402,374,1,777,48.13
Cooch Behar,1204,CB-1204,65,Community Hall 65,284,277,0,561,49.38
Cooch Behar,1204,CB-1204,66,Panchayat Bhavan 66,333,319,0,652,48.93
Cooch Behar,1204,CB-1204,67,Govt Office 67,380,386,0,766,50.39
Cooch Behar,1204,CB-1204,68,High School 68,330,318,1,649,49.0
Cooch Behar,1204,CB-1204,69,Post Office 69,412,400,1,813,49.2
Cooch Behar,1204,CB-1204,70,High School 70,354,323,0,677,47.71
Cooch Behar,1204,CB-1204,71,High School 71,355,330,1,686,48.1
Cooch Behar,1204,CB-1204,72,Post Office 72,424,388,1,813,47.72
Cooch Behar,1204,CB-1204,73,Temple Hall 73,246,237,1,484,48.97
Cooch Behar,1204,CB-1204,74,Anganwadi Centre 74,406,403,1,810,49.75
Cooch Behar,1204,CB-1204,75,Anganwadi Centre 75,345,346,1,692,50.0
Cooch Behar,1204,CB-1204,76,Temple Hall 76,261,235,0,496,47.38
Cooch Behar,1204,CB-1204,77,Post Office 77,289,293,1,583,50.26
Cooch Behar,1204,CB-1204,78,Market Building 78,273,251,1,525,47.81
Cooch Behar,1204,CB-1204,79,High School 79,251,258,0,509,50.69
Cooch Behar,1204,CB-1204,80,Anganwadi Centre 80,374,342,1,717,47.7
Cooch Behar,1204,CB-1204,81,Panchayat Bhavan 81,263,246,1,510,48.24
Cooch Behar,1204,CB-1204,82,Post Office 82,364,356,0,720,49.44
Cooch Behar,1204,CB-1204,83,Health Sub-Centre 83,349,314,1,664,47.29
Cooch Behar,1204,CB-1204,84,High School 84,325,294,1,620,47.42
Cooch Behar,1204,CB-1204,85,Anganwadi Centre 85,379,364,0,743,48.99
Cooch Behar,1204,CB-1204,86,Club Building 86,373,384,1,758,50.66
Cooch Behar,1204,CB-1204,87,High School 87,352,324,0,676,47.93
Cooch Behar,1204,CB-1204,88,Primary School 88,382,386,1,769,50.2
Cooch Behar,1204,CB-1204,89,Madrasa 89,386,360,1,747,48.19
Cooch Behar,1204,CB-1204,90,Panchayat Bhavan 90,375,370,0,745,49.66
Cooch Behar,1204,CB-1204,91,Temple Hall 91,413,387,1,801,48.31
Cooch Behar,1204,CB-1204,92,High School 92,338,337,1,676,49.85
Cooch Behar,1204,CB-1204,93,High School 93,342,330,1,673,49.03
Cooch Behar,1204,CB-1204,94,Panchayat Bhavan 94,264,239,1,504,47.42
Cooch Behar,1204,CB-1204,95,Anganwadi Centre 95,358,353,0,711,49.65
Cooch Behar,1204,CB-1204,96,Post Office 96,253,234,1,488,47.95
Cooch Behar,1204,CB-1204,97,High School 97,387,372,1,760,48.95
Cooch Behar,1204,CB-1204,98,Temple Hall 98,295,292,0,587,49.74
Cooch Behar,1204,CB-1204,99,Market Building 99,301,286,1,588,48.64
Cooch Behar,1204,CB-1204,100,Madrasa 100,410,389,0,799,48.69
Cooch Behar,1204,CB-1204,101,Anganwadi Centre 101,394,389,1,784,49.62
Cooch Behar,1204,CB-1204,102,Primary School 102,239,247,1,487,50.72
Cooch Behar,1204,CB-1204,103,Health Sub-Centre 103,313,301,1,615,48.94
Cooch Behar,1204,CB-1204,104,Club Building 104,385,347,0,732,47.4
Cooch Behar,1204,CB-1204,105,Temple Hall 105,291,279,1,571,48.86
Cooch Behar,1204,CB-1204,106,Primary School 106,356,325,0,681,47.72
Cooch Behar,1204,CB-1204,107,Madrasa 107,359,340,0,699,48.64
Cooch Behar,1204,CB-1204,108,Market Building 108,359,372,1,732,50.82
Cooch Behar,1204,CB-1204,109,Anganwadi Centre 109,298,309,1,608,50.82
Cooch Behar,1204,CB-1204,110,Club Building 110,330,323,0,653,49.46
Cooch Behar,1204,CB-1204,111,Community Hall 111,331,319,0,650,49.08
Cooch Behar,1204,CB-1204,112,Panchayat Bhavan 112,352,334,1,687,48.62
Cooch Behar,1204,CB-1204,113,Temple Hall 113,247,249,0,496,50.2
Cooch Behar,1204,CB-1204,114,Health Sub-Centre 114,364,357,0,721,49.51
Cooch Behar,1204,CB-1204,115,Club Building 115,323,305,1,629,48.49
Cooch Behar,1204,CB-1204,116,Govt Office 116,258,256,1,515,49.71
Cooch Behar,1204,CB-1204,117,Madrasa 117,423,390,1,814,47.91
Cooch Behar,1204,CB-1204,118,Post Office 118,290,298,1,589,50.59
Cooch Behar,1204,CB-1204,119,Post Office 119,261,243,1,505,48.12
Cooch Behar,1204,CB-1204,120,Primary School 120,256,236,0,492,47.97
Cooch Behar,1204,CB-1204,121,Madrasa 121,382,382,0,764,50.0
Cooch Behar,1204,CB-1204,122,Madrasa 122,364,361,1,726,49.72
Cooch Behar,1204,CB-1204,123,Madrasa 123,394,382,0,776,49.23
Cooch Behar,1204,CB-1204,124,Post Office 124,407,393,0,800,49.12
Cooch Behar,1204,CB-1204,125,Club Building 125,377,380,0,757,50.2
Cooch Behar,1204,CB-1204,126,Anganwadi Centre 126,266,261,0,527,49.53
Cooch Behar,1204,CB-1204,127,Temple Hall 127,331,328,1,660,49.7
Cooch Behar,1204,CB-1204,128,Post Office 128,289,291,0,580,50.17
Cooch Behar,1204,CB-1204,129,Madrasa 129,286,265,0,551,48.09
Cooch Behar,1204,CB-1204,130,Panchayat Bhavan 130,411,408,0,819,49.82
Cooch Behar,1204,CB-1204,131,Market Building 131,322,314,0,636,49.37
Cooch Behar,1204,CB-1204,132,High School 132,305,301,1,607,49.59
Cooch Behar,1204,CB-1204,133,Primary School 133,346,354,0,700,50.57
Cooch Behar,1204,CB-1204,134,Panchayat Bhavan 134,360,360,1,721,49.93
Cooch Behar,1204,CB-1204,135,Anganwadi Centre 135,405,399,0,804,49.63
Cooch Behar,1204,CB-1204,136,Temple Hall 136,378,365,0,743,49.13
Cooch Behar,1204,CB-1204,137,Health Sub-Centre 137,379,378,1,758,49.87
Cooch Behar,1204,CB-1204,138,Club Building 138,360,361,0,721,50.07
Cooch Behar,1204,CB-1204,139,Primary School 139,309,293,1,603,48.59
Cooch Behar,1204,CB-1204,140,Primary School 140,278,271,0,549,49.36
Cooch Behar,1204,CB-1204,141,Community Hall 141,275,248,0,523,47.42
Cooch Behar,1204,CB-1204,142,Madrasa 142,332,337,0,669,50.37
Cooch Behar,1204,CB-1204,143,Health Sub-Centre 143,293,277,0,570,48.6
Cooch Behar,1204,CB-1204,144,High School 144,345,323,1,669,48.28
Cooch Behar,1204,CB-1204,145,Temple Hall 145,379,387,1,767,50.46
Cooch Behar,1204,CB-1204,146,Govt Office 146,380,380,1,761,49.93
Cooch Behar,1204,CB-1204,147,Market Building 147,353,336,0,689,48.77
Cooch Behar,1204,CB-1204,148,High School 148,276,253,1,530,47.74
Cooch Behar,1204,CB-1204,149,Market Building 149,385,346,1,732,47.27
Cooch Behar,1204,CB-1204,150,Market Building 150,286,272,1,559,48.66
Cooch Behar,1204,CB-1204,151,Madrasa 151,312,316,0,628,50.32
Cooch Behar,1204,CB-1204,152,Panchayat Bhavan 152,252,228,0,480,47.5
Cooch Behar,1204,CB-1204,153,Anganwadi Centre 153,325,319,0,644,49.53
Cooch Behar,1204,CB-1204,154,Health Sub-Centre 154,323,327,0,650,50.31
Cooch Behar,1204,CB-1204,155,Market Building 155,409,386,0,795,48.55
Cooch Behar,1204,CB-1204,156,Community Hall 156,383,387,0,770,50.26
Cooch Behar,1204,CB-1204,157,High School 157,389,381,1,771,49.42
Cooch Behar,1204,CB-1204,158,Health Sub-Centre 158,400,381,0,781,48.78
Cooch Behar,1204,CB-1204,159,Madrasa 159,402,370,1,773,47.87
Cooch Behar,1204,CB-1204,160,Primary School 160,328,298,1,627,47.53
Cooch Behar,1204,CB-1204,161,Anganwadi Centre 161,259,247,0,506,48.81
Cooch Behar,1204,CB-1204,162,Govt Office 162,379,342,0,721,47.43
Cooch Behar,1204,CB-1204,163,Temple Hall 163,379,367,0,746,49.2
Cooch Behar,1204,CB-1204,164,Primary School 164,342,331,1,674,49.11
Cooch Behar,1204,CB-1204,165,Community Hall 165,304,299,0,603,49.59
Cooch Behar,1204,CB-1204,166,Club Building 166,382,360,0,742,48.52
Cooch Behar,1204,CB-1204,167,Govt Office 167,359,369,1,729,50.62
Cooch Behar,1204,CB-1204,168,Community Hall 168,335,317,0,652,48.62
Cooch Behar,1204,CB-1204,169,Panchayat Bhavan 169,366,377,0,743,50.74
Cooch Behar,1204,CB-1204,170,Panchayat Bhavan 170,313,285,0,598,47.66
Cooch Behar,1204,CB-1204,171,Market Building 171,324,320,1,645,49.61
Cooch Behar,1204,CB-1204,172,Post Office 172,310,302,0,612,49.35
Cooch Behar,1204,CB-1204,173,Market Building 173,331,308,1,640,48.12
Cooch Behar,1204,CB-1204,174,Club Building 174,270,252,1,523,48.18
Cooch Behar,1204,CB-1204,175,Post Office 175,323,319,0,642,49.69
Cooch Behar,1204,CB-1204,176,Temple Hall 176,386,390,0,776,50.26
Cooch Behar,1204,CB-1204,177,Panchayat Bhavan 177,348,326,1,675,48.3
Cooch Behar,1204,CB-1204,178,High School 178,238,245,0,483,50.72
Cooch Behar,1204,CB-1204,179,Temple Hall 179,264,258,1,523,49.33
Cooch Behar,1204,CB-1204,180,Primary School 180,376,346,1,723,47.86
Cooch Behar,1204,CB-1204,181,Panchayat Bhavan 181,360,341,1,702,48.58
Cooch Behar,1204,CB-1204,182,Panchayat Bhavan 182,344,322,1,667,48.28
Cooch Behar,1204,CB-1204,183,Madrasa 183,322,313,1,636,49.21
Cooch Behar,1204,CB-1204,184,Anganwadi Centre 184,270,254,0,524,48.47
Cooch Behar,1205,CB-1205,1,Post Office 1,377,372,0,749,49.67
Cooch Behar,1205,CB-1205,2,Anganwadi Centre 2,372,347,0,719,48.26
Cooch Behar,1205,CB-1205,3,Madrasa 3,263,265,0,528,50.19
Cooch Behar,1205,CB-1205,4,Temple Hall 4,410,405,1,816,49.63
Cooch Behar,1205,CB-1205,5,High School 5,394,385,1,780,49.36
Cooch Behar,1205,CB-1205,6,High School 6,409,397,1,807,49.19
Cooch Behar,1205,CB-1205,7,Market Building 7,281,263,1,545,48.26
Cooch Behar,1205,CB-1205,8,Madrasa 8,398,400,0,798,50.13
Cooch Behar,1205,CB-1205,9,High School 9,398,365,1,764,47.77
Cooch Behar,1205,CB-1205,10,Club Building 10,258,258,1,517,49.9
Cooch Behar,1205,CB-1205,11,Market Building 11,378,344,0,722,47.65
Cooch Behar,1205,CB-1205,12,Community Hall 12,339,330,0,669,49.33
Cooch Behar,1205,CB-1205,13,Market Building 13,398,408,1,807,50.56
Cooch Behar,1205,CB-1205,14,Anganwadi Centre 14,361,350,0,711,49.23
Cooch Behar,1205,CB-1205,15,Health Sub-Centre 15,323,330,0,653,50.54
Cooch Behar,1205,CB-1205,16,Temple Hall 16,285,259,1,545,47.52
Cooch Behar,1205,CB-1205,17,Temple Hall 17,290,267,0,557,47.94
Cooch Behar,1205,CB-1205,18,Madrasa 18,290,296,0,586,50.51
Cooch Behar,1205,CB-1205,19,Club Building 19,276,257,1,534,48.13
Cooch Behar,1205,CB-1205,20,Govt Office 20,272,273,0,545,50.09
Cooch Behar,1205,CB-1205,21,Community Hall 21,265,243,0,508,47.83
Cooch Behar,1205,CB-1205,22,Club Building 22,412,390,1,803,48.57
Cooch Behar,1205,CB-1205,23,Club Building 23,406,365,1,772,47.28
Cooch Behar,1205,CB-1205,24,Govt Office 24,321,289,0,610,47.38
Cooch Behar,1205,CB-1205,25,Primary School 25,279,285,0,564,50.53
Cooch Behar,1205,CB-1205,26,Post Office 26,392,397,1,790,50.25
Cooch Behar,1205,CB-1205,27,Club Building 27,351,341,1,693,49.21
Cooch Behar,1205,CB-1205,28,Post Office 28,276,257,1,534,48.13
Cooch Behar,1205,CB-1205,29,Club Building 29,396,354,0,750,47.2
Cooch Behar,1205,CB-1205,30,High School 30,251,229,1,481,47.61
Cooch Behar,1205,CB-1205,31,Health Sub-Centre 31,376,342,1,719,47.57
Cooch Behar,1205,CB-1205,32,Health Sub-Centre 32,344,314,0,658,47.72
Cooch Behar,1205,CB-1205,33,Primary School 33,359,369,0,728,50.69
Cooch Behar,1205,CB-1205,34,Health Sub-Centre 34,316,314,0,630,49.84
Cooch Behar,1205,CB-1205,35,Madrasa 35,403,396,1,800,49.5
Cooch Behar,1205,CB-1205,36,Club Building 36,359,359,1,719,49.93
Cooch Behar,1205,CB-1205,37,Primary School 37,310,299,1,610,49.02
Cooch Behar,1205,CB-1205,38,Anganwadi Centre 38,367,346,1,714,48.46
Cooch Behar,1205,CB-1205,39,Community Hall 39,392,384,0,776,49.48
Cooch Behar,1205,CB-1205,40,Community Hall 40,404,400,0,804,49.75
Cooch Behar,1205,CB-1205,41,Madrasa 41,307,283,1,591,47.88
Cooch Behar,1205,CB-1205,42,Health Sub-Centre 42,257,247,0,504,49.01
Cooch Behar,1205,CB-1205,43,Health Sub-Centre 43,262,243,0,505,48.12
Cooch Behar,1205,CB-1205,44,Madrasa 44,403,381,0,784,48.6
Cooch Behar,1205,CB-1205,45,High School 45,336,336,0,672,50.0
Cooch Behar,1205,CB-1205,46,Health Sub-Centre 46,255,243,1,499,48.7
Cooch Behar,1205,CB-1205,47,Club Building 47,278,274,1,553,49.55
Cooch Behar,1205,CB-1205,48,Govt Office 48,416,384,0,800,48.0
Cooch Behar,1205,CB-1205,49,Club Building 49,309,287,0,596,48.15
Cooch Behar,1205,CB-1205,50,Govt Office 50,322,289,0,611,47.3
Cooch Behar,1205,CB-1205,51,Market Building 51,424,390,0,814,47.91
Cooch Behar,1205,CB-1205,52,Club Building 52,371,354,0,725,48.83
Cooch Behar,1205,CB-1205,53,Community Hall 53,410,375,1,786,47.71
Cooch Behar,1205,CB-1205,54,Club Building 54,268,248,0,516,48.06
Cooch Behar,1205,CB-1205,55,Club Building 55,360,348,0,708,49.15
Cooch Behar,1205,CB-1205,56,Temple Hall 56,392,404,0,796,50.75
Cooch Behar,1205,CB-1205,57,Post Office 57,326,300,1,627,47.85
Cooch Behar,1205,CB-1205,58,Madrasa 58,278,279,0,557,50.09
Cooch Behar,1205,CB-1205,59,Anganwadi Centre 59,322,299,0,621,48.15
Cooch Behar,1205,CB-1205,60,Club Building 60,419,399,1,819,48.72
Cooch Behar,1205,CB-1205,61,Madrasa 61,364,367,1,732,50.14
Cooch Behar,1205,CB-1205,62,Primary School 62,352,318,0,670,47.46
Cooch Behar,1205,CB-1205,63,Primary School 63,385,364,0,749,48.6
Cooch Behar,1205,CB-1205,64,Community Hall 64,330,320,0,650,49.23
Cooch Behar,1205,CB-1205,65,Community Hall 65,378,362,1,741,48.85
Cooch Behar,1205,CB-1205,66,Market Building 66,354,354,0,708,50.0
Cooch Behar,1205,CB-1205,67,Panchayat Bhavan 67,360,362,0,722,50.14
Cooch Behar,1205,CB-1205,68,Madrasa 68,380,388,0,768,50.52
Cooch Behar,1205,CB-1205,69,Community Hall 69,401,377,0,778,48.46
Cooch Behar,1205,CB-1205,70,Anganwadi Centre 70,387,349,0,736,47.42
Cooch Behar,1205,CB-1205,71,Primary School 71,243,240,1,484,49.59
Cooch Behar,1205,CB-1205,72,Community Hall 72,333,311,0,644,48.29
Cooch Behar,1205,CB-1205,73,Health Sub-Centre 73,363,350,0,713,49.09
Cooch Behar,1205,CB-1205,74,Temple Hall 74,291,283,1,575,49.22
Cooch Behar,1205,CB-1205,75,Primary School 75,411,368,1,780,47.18
Cooch Behar,1205,CB-1205,76,Primary School 76,277,254,1,532,47.74
Cooch Behar,1205,CB-1205,77,Panchayat Bhavan 77,381,345,0,726,47.52
Cooch Behar,1205,CB-1205,78,High School 78,409,406,1,816,49.75
Cooch Behar,1205,CB-1205,79,Club Building 79,297,285,0,582,48.97
Cooch Behar,1205,CB-1205,80,Madrasa 80,317,320,1,638,50.16
Cooch Behar,1205,CB-1205,81,Market Building 81,353,329,0,682,48.24
Cooch Behar,1205,CB-1205,82,Club Building 82,342,319,1,662,48.19
Cooch Behar,1205,CB-1205,83,Primary School 83,353,342,1,696,49.14
Cooch Behar,1205,CB-1205,84,Anganwadi Centre 84,308,312,0,620,50.32
Cooch Behar,1205,CB-1205,85,Post Office 85,325,301,0,626,48.08
Cooch Behar,1205,CB-1205,86,Anganwadi Centre 86,273,268,1,542,49.45
Cooch Behar,1205,CB-1205,87,Market Building 87,266,240,1,507,47.34
Cooch Behar,1205,CB-1205,88,Health Sub-Centre 88,344,336,0,680,49.41
Cooch Behar,1205,CB-1205,89,Primary School 89,239,241,0,480,50.21
Cooch Behar,1205,CB-1205,90,Community Hall 90,393,404,1,798,50.63
Cooch Behar,1205,CB-1205,91,Post Office 91,253,255,1,509,50.1
Cooch Behar,1205,CB-1205,92,Post Office 92,318,304,1,623,48.8
Cooch Behar,1205,CB-1205,93,Temple Hall 93,334,330,0,664,49.7
Cooch Behar,1205,CB-1205,94,Health Sub-Centre 94,344,325,0,669,48.58
Cooch Behar,1205,CB-1205,95,Govt Office 95,285,288,1,574,50.17
Cooch Behar,1205,CB-1205,96,Panchayat Bhavan 96,314,299,1,614,48.7
Cooch Behar,1205,CB-1205,97,Panchayat Bhavan 97,261,248,1,510,48.63
Cooch Behar,1205,CB-1205,98,Govt Office 98,399,367,0,766,47.91
Cooch Behar,1205,CB-1205,99,Anganwadi Centre 99,250,246,1,497,49.5
Cooch Behar,1205,CB-1205,100,Post Office 100,284,269,0,553,48.64
Cooch Behar,1205,CB-1205,101,Anganwadi Centre 101,403,380,0,783,48.53
Cooch Behar,1205,CB-1205,102,Market Building 102,309,279,1,589,47.37
Cooch Behar,1205,CB-1205,103,Club Building 103,290,271,1,562,48.22
Cooch Behar,1205,CB-1205,104,Club Building 104,282,252,0,534,47.19
Cooch Behar,1205,CB-1205,105,Anganwadi Centre 105,356,333,1,690,48.26
Cooch Behar,1205,CB-1205,106,High School 106,398,387,0,785,49.3
Cooch Behar,1205,CB-1205,107,Club Building 107,409,366,0,775,47.23
Cooch Behar,1205,CB-1205,108,Govt Office 108,357,368,1,726,50.69
Cooch Behar,1205,CB-1205,109,Anganwadi Centre 109,248,238,1,487,48.87
Cooch Behar,1205,CB-1205,110,Community Hall 110,367,360,1,728,49.45
Cooch Behar,1205,CB-1205,111,Market Building 111,345,325,0,670,48.51
Cooch Behar,1205,CB-1205,112,Primary School 112,271,277,1,549,50.46
Cooch Behar,1205,CB-1205,113,Panchayat Bhavan 113,270,261,1,532,49.06
Cooch Behar,1205,CB-1205,114,Post Office 114,394,379,1,774,48.97
Cooch Behar,1205,CB-1205,115,Temple Hall 115,342,321,0,663,48.42
Cooch Behar,1205,CB-1205,116,Madrasa 116,344,316,0,660,47.88
Cooch Behar,1205,CB-1205,117,Panchayat Bhavan 117,334,306,0,640,47.81
Cooch Behar,1205,CB-1205,118,Post Office 118,379,350,1,730,47.95
Cooch Behar,1205,CB-1205,119,Madrasa 119,305,294,0,599,49.08
Cooch Behar,1205,CB-1205,120,Club Building 120,302,289,1,592,48.82
Cooch Behar,1205,CB-1205,121,Health Sub-Centre 121,342,308,1,651,47.31
Cooch Behar,1205,CB-1205,122,Madrasa 122,281,257,0,538,47.77
Cooch Behar,1205,CB-1205,123,Market Building 123,336,331,1,668,49.55
Cooch Behar,1205,CB-1205,124,Primary School 124,310,295,0,605,48.76
Cooch Behar,1205,CB-1205,125,Club Building 125,371,370,1,742,49.87
Cooch Behar,1205,CB-1205,126,Panchayat Bhavan 126,403,411,0,814,50.49
Cooch Behar,1205,CB-1205,127,Primary School 127,360,343,1,704,48.72
Cooch Behar,1205,CB-1205,128,Madrasa 128,309,304,1,614,49.51
Cooch Behar,1205,CB-1205,129,Anganwadi Centre 129,263,252,0,515,48.93
Cooch Behar,1205,CB-1205,130,Anganwadi Centre 130,349,351,1,701,50.07
Cooch Behar,1205,CB-1205,131,Health Sub-Centre 131,266,274,1,541,50.65
Cooch Behar,1205,CB-1205,132,Anganwadi Centre 132,373,354,0,727,48.69
Cooch Behar,1205,CB-1205,133,Govt Office 133,322,318,0,640,49.69
Cooch Behar,1205,CB-1205,134,Community Hall 134,369,376,1,746,50.4
Cooch Behar,1205,CB-1205,135,Post Office 135,273,282,0,555,50.81
Cooch Behar,1205,CB-1205,136,High School 136,382,345,0,727,47.46
Cooch Behar,1205,CB-1205,137,Govt Office 137,317,312,0,629,49.6
Cooch Behar,1205,CB-1205,138,Market Building 138,347,327,1,675,48.44
Cooch Behar,1205,CB-1205,139,Market Building 139,281,282,1,564,50.0
Cooch Behar,1205,CB-1205,140,Anganwadi Centre 140,388,363,1,752,48.27
Cooch Behar,1205,CB-1205,141,Govt Office 141,387,354,1,742,47.71
Cooch Behar,1205,CB-1205,142,Madrasa 142,356,360,1,717,50.21
Cooch Behar,1205,CB-1205,143,Panchayat Bhavan 143,306,308,0,614,50.16
Cooch Behar,1205,CB-1205,144,Club Building 144,337,328,0,665,49.32
Cooch Behar,1205,CB-1205,145,Market Building 145,298,308,1,607,50.74
Cooch Behar,1205,CB-1205,146,Health Sub-Centre 146,354,332,1,687,48.33
Cooch Behar,1205,CB-1205,147,Club Building 147,302,306,1,609,50.25
Cooch Behar,1205,CB-1205,148,Temple Hall 148,385,397,1,783,50.7
Cooch Behar,1205,CB-1205,149,High School 149,263,264,1,528,50.0
Cooch Behar,1205,CB-1205,150,Anganwadi Centre 150,325,319,1,645,49.46
Cooch Behar,1205,CB-1205,151,Post Office 151,303,291,0,594,48.99
Cooch Behar,1205,CB-1205,152,Madrasa 152,405,407,0,812,50.12
Cooch Behar,1205,CB-1205,153,Temple Hall 153,306,285,0,591,48.22
Cooch Behar,1205,CB-1205,154,Club Building 154,336,333,1,670,49.7
Cooch Behar,1205,CB-1205,155,Market Building 155,402,366,1,769,47.59
Cooch Behar,1205,CB-1205,156,Madrasa 156,309,292,0,601,48.59
Cooch Behar,1205,CB-1205,157,Madrasa 157,342,342,1,685,49.93
Cooch Behar,1205,CB-1205,158,Club Building 158,314,322,0,636,50.63
Cooch Behar,1205,CB-1205,159,Health Sub-Centre 159,258,266,1,525,50.67
Cooch Behar,1205,CB-1205,160,Temple Hall 160,309,290,1,600,48.33
Cooch Behar,1205,CB-1205,161,Anganwadi Centre 161,370,361,1,732,49.32
Cooch Behar,1205,CB-1205,162,Anganwadi Centre 162,295,288,1,584,49.32
Cooch Behar,1205,CB-1205,163,Primary School 163,363,360,1,724,49.72
Cooch Behar,1205,CB-1205,164,High School 164,408,375,1,784,47.83
Cooch Behar,1205,CB-1205,165,Post Office 165,399,371,0,770,48.18
Cooch Behar,1205,CB-1205,166,Panchayat Bhavan 166,262,266,1,529,50.28
Cooch Behar,1205,CB-1205,167,Community Hall 167,255,241,0,496,48.59
Cooch Behar,1205,CB-1205,168,Post Office 168,283,277,0,560,49.46
Cooch Behar,1205,CB-1205,169,Madrasa 169,293,280,1,574,48.78
Cooch Behar,1205,CB-1205,170,Primary School 170,371,375,1,747,50.2
Cooch Behar,1205,CB-1205,171,High School 171,289,296,0,585,50.6
Cooch Behar,1205,CB-1205,172,Health Sub-Centre 172,281,285,0,566,50.35
Cooch Behar,1205,CB-1205,173,Health Sub-Centre 173,315,287,1,603,47.6
Cooch Behar,1205,CB-1205,174,Primary School 174,341,347,0,688,50.44
Cooch Behar,1205,CB-1205,175,Govt Office 175,313,286,1,600,47.67
Cooch Behar,1205,CB-1205,176,Panchayat Bhavan 176,380,375,1,756,49.6
Cooch Behar,1205,CB-1205,177,Post Office 177,328,304,1,633,48.03
Cooch Behar,1205,CB-1205,178,Panchayat Bhavan 178,369,378,0,747,50.6
Cooch Behar,1205,CB-1205,179,Community Hall 179,315,319,0,634,50.32
Cooch Behar,1205,CB-1205,180,Market Building 180,275,274,1,550,49.82
Cooch Behar,1205,CB-1205,181,Panchayat Bhavan 181,243,247,1,491,50.31
Cooch Behar,1205,CB-1205,182,Madrasa 182,390,371,1,762,48.69
Cooch Behar,1205,CB-1205,183,Govt Office 183,318,288,1,607,47.45
Cooch Behar,1205,CB-1205,184,Temple Hall 184,299,309,0,608,50.82
Cooch Behar,1205,CB-1205,185,Anganwadi Centre 185,319,323,1,643,50.23
Cooch Behar,1205,CB-1205,186,Club Building 186,329,296,1,626,47.28
Cooch Behar,1205,CB-1205,187,Primary School 187,271,261,1,533,48.97
Cooch Behar,1205,CB-1205,188,Club Building 188,276,278,1,555,50.09
Cooch Behar,1205,CB-1205,189,Market Building 189,276,273,1,550,49.64
Cooch Behar,1206,CB-1206,1,Post Office 1,243,239,1,483,49.48
Cooch Behar,1206,CB-1206,2,Community Hall 2,335,309,1,645,47.91
Cooch Behar,1206,CB-1206,3,High School 3,400,367,1,768,47.79
Cooch Behar,1206,CB-1206,4,Govt Office 4,357,357,0,714,50.0
Cooch Behar,1206,CB-1206,5,High School 5,338,310,0,648,47.84
Cooch Behar,1206,CB-1206,6,Govt Office 6,251,255,0,506,50.4
Cooch Behar,1206,CB-1206,7,Community Hall 7,371,340,1,712,47.75
Cooch Behar,1206,CB-1206,8,Anganwadi Centre 8,256,261,0,517,50.48
Cooch Behar,1206,CB-1206,9,Panchayat Bhavan 9,262,269,1,532,50.56
Cooch Behar,1206,CB-1206,10,Health Sub-Centre 10,385,373,1,759,49.14
Cooch Behar,1206,CB-1206,11,Health Sub-Centre 11,336,320,0,656,48.78
Cooch Behar,1206,CB-1206,12,Temple Hall 12,312,296,0,608,48.68
Cooch Behar,1206,CB-1206,13,Post Office 13,300,305,1,606,50.33
Cooch Behar,1206,CB-1206,14,Govt Office 14,406,411,0,817,50.31
Cooch Behar,1206,CB-1206,15,Post Office 15,297,301,0,598,50.33
Cooch Behar,1206,CB-1206,16,High School 16,298,299,0,597,50.08
Cooch Behar,1206,CB-1206,17,Club Building 17,339,318,1,658,48.33
Cooch Behar,1206,CB-1206,18,Post Office 18,249,235,0,484,48.55
Cooch Behar,1206,CB-1206,19,Primary School 19,247,247,1,495,49.9
Cooch Behar,1206,CB-1206,20,Madrasa 20,283,290,0,573,50.61
Cooch Behar,1206,CB-1206,21,Madrasa 21,351,316,1,668,47.31
Cooch Behar,1206,CB-1206,22,Madrasa 22,357,356,0,713,49.93
Cooch Behar,1206,CB-1206,23,Panchayat Bhavan 23,290,263,0,553,47.56
Cooch Behar,1206,CB-1206,24,Primary School 24,251,253,1,505,50.1
Cooch Behar,1206,CB-1206,25,Temple Hall 25,380,347,0,727,47.73
Cooch Behar,1206,CB-1206,26,Health Sub-Centre 26,358,336,0,694,48.41
Cooch Behar,1206,CB-1206,27,High School 27,258,255,1,514,49.61
Cooch Behar,1206,CB-1206,28,Panchayat Bhavan 28,272,266,1,539,49.35
Cooch Behar,1206,CB-1206,29,Post Office 29,265,252,0,517,48.74
Cooch Behar,1206,CB-1206,30,Community Hall 30,376,366,0,742,49.33
Cooch Behar,1206,CB-1206,31,Primary School 31,373,379,1,753,50.33
Cooch Behar,1206,CB-1206,32,Post Office 32,394,370,0,764,48.43
Cooch Behar,1206,CB-1206,33,Post Office 33,326,300,0,626,47.92
Cooch Behar,1206,CB-1206,34,Madrasa 34,415,390,0,805,48.45
Cooch Behar,1206,CB-1206,35,Health Sub-Centre 35,252,232,0,484,47.93
Cooch Behar,1206,CB-1206,36,Club Building 36,256,248,0,504,49.21
Cooch Behar,1206,CB-1206,37,Market Building 37,324,303,1,628,48.25
Cooch Behar,1206,CB-1206,38,Market Building 38,391,369,1,761,48.49
Cooch Behar,1206,CB-1206,39,Govt Office 39,395,355,0,750,47.33
Cooch Behar,1206,CB-1206,40,Community Hall 40,263,247,0,510,48.43
Cooch Behar,1206,CB-1206,41,Health Sub-Centre 41,254,254,1,509,49.9
Cooch Behar,1206,CB-1206,42,Market Building 42,422,377,0,799,47.18
Cooch Behar,1206,CB-1206,43,Temple Hall 43,391,376,1,768,48.96
Cooch Behar,1206,CB-1206,44,Primary School 44,332,307,1,640,47.97
Cooch Behar,1206,CB-1206,45,High School 45,247,254,1,502,50.6
Cooch Behar,1206,CB-1206,46,Club Building 46,254,242,1,497,48.69
Cooch Behar,1206,CB-1206,47,Primary School 47,394,382,1,777,49.16
Cooch Behar,1206,CB-1206,48,Govt Office 48,395,355,1,751,47.27
Cooch Behar,1206,CB-1206,49,Govt Office 49,348,315,1,664,47.44
Cooch Behar,1206,CB-1206,50,Primary School 50,374,357,0,731,48.84
Cooch Behar,1206,CB-1206,51,Primary School 51,358,348,0,706,49.29
Cooch Behar,1206,CB-1206,52,Temple Hall 52,406,368,0,774,47.55
Cooch Behar,1206,CB-1206,53,Market Building 53,363,342,0,705,48.51
Cooch Behar,1206,CB-1206,54,Temple Hall 54,272,250,0,522,47.89
Cooch Behar,1206,CB-1206,55,Community Hall 55,377,354,1,732,48.36
Cooch Behar,1206,CB-1206,56,Temple Hall 56,311,301,0,612,49.18
Cooch Behar,1206,CB-1206,57,Govt Office 57,308,282,0,590,47.8
Cooch Behar,1206,CB-1206,58,Health Sub-Centre 58,359,366,0,725,50.48
Cooch Behar,1206,CB-1206,59,Anganwadi Centre 59,285,277,0,562,49.29
Cooch Behar,1206,CB-1206,60,High School 60,406,383,1,790,48.48
Cooch Behar,1206,CB-1206,61,Primary School 61,265,272,1,538,50.56
Cooch Behar,1206,CB-1206,62,High School 62,366,330,0,696,47.41
Cooch Behar,1206,CB-1206,63,Community Hall 63,241,239,0,480,49.79
Cooch Behar,1206,CB-1206,64,Community Hall 64,313,312,1,626,49.84
Cooch Behar,1206,CB-1206,65,Panchayat Bhavan 65,310,277,0,587,47.19
Cooch Behar,1206,CB-1206,66,Temple Hall 66,370,378,1,749,50.47
Cooch Behar,1206,CB-1206,67,Market Building 67,402,400,0,802,49.88
Cooch Behar,1206,CB-1206,68,Panchayat Bhavan 68,324,300,0,624,48.08
Cooch Behar,1206,CB-1206,69,Club Building 69,421,393,1,815,48.22
Cooch Behar,1206,CB-1206,70,Primary School 70,245,248,1,494,50.2
Cooch Behar,1206,CB-1206,71,Market Building 71,338,307,1,646,47.52
Cooch Behar,1206,CB-1206,72,Market Building 72,367,367,0,734,50.0
Cooch Behar,1206,CB-1206,73,Club Building 73,383,386,1,770,50.13
Cooch Behar,1206,CB-1206,74,High School 74,277,261,0,538,48.51
Cooch Behar,1206,CB-1206,75,Health Sub-Centre 75,370,354,1,725,48.83
Cooch Behar,1206,CB-1206,76,Panchayat Bhavan 76,416,378,0,794,47.61
Cooch Behar,1206,CB-1206,77,Temple Hall 77,334,324,0,658,49.24
Cooch Behar,1206,CB-1206,78,Panchayat Bhavan 78,317,299,1,617,48.46
Cooch Behar,1206,CB-1206,79,Temple Hall 79,406,388,1,795,48.81
Cooch Behar,1206,CB-1206,80,Madrasa 80,258,234,0,492,47.56
Cooch Behar,1206,CB-1206,81,Post Office 81,416,381,0,797,47.8
Cooch Behar,1206,CB-1206,82,Madrasa 82,299,284,1,584,48.63
Cooch Behar,1206,CB-1206,83,Govt Office 83,335,319,0,654,48.78
Cooch Behar,1206,CB-1206,84,Health Sub-Centre 84,356,364,0,720,50.56
Cooch Behar,1206,CB-1206,85,Anganwadi Centre 85,306,305,0,611,49.92
Cooch Behar,1206,CB-1206,86,Health Sub-Centre 86,275,282,1,558,50.54
Cooch Behar,1206,CB-1206,87,Primary School 87,407,404,1,812,49.75
Cooch Behar,1206,CB-1206,88,High School 88,317,291,1,609,47.78
Cooch Behar,1206,CB-1206,89,Health Sub-Centre 89,311,312,0,623,50.08
Cooch Behar,1206,CB-1206,90,Post Office 90,248,244,0,492,49.59
Cooch Behar,1206,CB-1206,91,High School 91,291,285,1,577,49.39
Cooch Behar,1206,CB-1206,92,Market Building 92,338,326,0,664,49.1
Cooch Behar,1206,CB-1206,93,Govt Office 93,360,332,0,692,47.98
Cooch Behar,1206,CB-1206,94,Madrasa 94,290,280,1,571,49.04
Cooch Behar,1206,CB-1206,95,High School 95,274,245,0,519,47.21
Cooch Behar,1206,CB-1206,96,Primary School 96,307,309,0,616,50.16
Cooch Behar,1206,CB-1206,97,Health Sub-Centre 97,311,280,0,591,47.38
Cooch Behar,1206,CB-1206,98,Temple Hall 98,257,258,1,516,50.0
Cooch Behar,1206,CB-1206,99,Club Building 99,275,260,0,535,48.6
Cooch Behar,1206,CB-1206,100,Community Hall 100,375,344,0,719,47.84
Cooch Behar,1206,CB-1206,101,Market Building 101,244,253,1,498,50.8
Cooch Behar,1206,CB-1206,102,Health Sub-Centre 102,407,369,1,777,47.49
Cooch Behar,1206,CB-1206,103,Madrasa 103,316,297,0,613,48.45
Cooch Behar,1206,CB-1206,104,Community Hall 104,313,289,0,602,48.01
Cooch Behar,1206,CB-1206,105,Club Building 105,275,253,0,528,47.92
Cooch Behar,1206,CB-1206,106,Club Building 106,286,283,0,569,49.74
Cooch Behar,1206,CB-1206,107,Health Sub-Centre 107,351,325,1,677,48.01
Cooch Behar,1206,CB-1206,108,Madrasa 108,255,243,0,498,48.8
Cooch Behar,1206,CB-1206,109,Temple Hall 109,370,341,0,711,47.96
Cooch Behar,1206,CB-1206,110,Temple Hall 110,353,317,1,671,47.24
Cooch Behar,1206,CB-1206,111,Madrasa 111,332,308,0,640,48.12
Cooch Behar,1206,CB-1206,112,Govt Office 112,407,378,1,786,48.09
Cooch Behar,1206,CB-1206,113,Club Building 113,405,386,1,792,48.74
Cooch Behar,1206,CB-1206,114,Anganwadi Centre 114,360,327,1,688,47.53
Cooch Behar,1206,CB-1206,115,Panchayat Bhavan 115,407,381,1,789,48.29
Cooch Behar,1206,CB-1206,116,Govt Office 116,252,241,0,493,48.88
Cooch Behar,1206,CB-1206,117,Primary School 117,260,251,1,512,49.02
Cooch Behar,1206,CB-1206,118,Madrasa 118,411,379,1,791,47.91
Cooch Behar,1206,CB-1206,119,Market Building 119,288,265,0,553,47.92
Cooch Behar,1206,CB-1206,120,Community Hall 120,275,284,1,560,50.71
Cooch Behar,1206,CB-1206,121,Health Sub-Centre 121,308,316,1,625,50.56
Cooch Behar,1206,CB-1206,122,Market Building 122,408,411,0,819,50.18
Cooch Behar,1206,CB-1206,123,Panchayat Bhavan 123,397,363,0,760,47.76
Cooch Behar,1206,CB-1206,124,Anganwadi Centre 124,297,303,1,601,50.42
Cooch Behar,1206,CB-1206,125,Govt Office 125,358,329,1,688,47.82
Cooch Behar,1206,CB-1206,126,Temple Hall 126,281,260,0,541,48.06
Cooch Behar,1206,CB-1206,127,Primary School 127,373,342,1,716,47.77
Cooch Behar,1206,CB-1206,128,Community Hall 128,269,271,0,540,50.19
Cooch Behar,1206,CB-1206,129,Anganwadi Centre 129,266,256,0,522,49.04
Cooch Behar,1206,CB-1206,130,Temple Hall 130,257,242,1,500,48.4
Cooch Behar,1206,CB-1206,131,Club Building 131,338,323,0,661,48.87
Cooch Behar,1206,CB-1206,132,Temple Hall 132,326,325,1,652,49.85
Cooch Behar,1206,CB-1206,133,Club Building 133,341,323,0,664,48.64
Cooch Behar,1206,CB-1206,134,Market Building 134,392,390,0,782,49.87
Cooch Behar,1206,CB-1206,135,Govt Office 135,383,392,1,776,50.52
Cooch Behar,1206,CB-1206,136,Health Sub-Centre 136,328,307,1,636,48.27
Cooch Behar,1206,CB-1206,137,Govt Office 137,262,246,1,509,48.33
Cooch Behar,1206,CB-1206,138,Anganwadi Centre 138,371,337,1,709,47.53
Cooch Behar,1206,CB-1206,139,Primary School 139,378,390,1,769,50.72
Cooch Behar,1206,CB-1206,140,Market Building 140,404,374,0,778,48.07
Cooch Behar,1206,CB-1206,141,High School 141,291,283,1,575,49.22
Cooch Behar,1206,CB-1206,142,Community Hall 142,272,260,0,532,48.87
Cooch Behar,1206,CB-1206,143,High School 143,316,317,0,633,50.08
Cooch Behar,1206,CB-1206,144,Govt Office 144,382,357,1,740,48.24
Cooch Behar,1206,CB-1206,145,Club Building 145,260,241,0,501,48.1
Cooch Behar,1206,CB-1206,146,Panchayat Bhavan 146,285,290,0,575,50.43
Cooch Behar,1206,CB-1206,147,Anganwadi Centre 147,392,372,1,765,48.63
Cooch Behar,1206,CB-1206,148,Market Building 148,265,258,1,524,49.24
Cooch Behar,1206,CB-1206,149,Anganwadi Centre 149,386,352,1,739,47.63
Cooch Behar,1206,CB-1206,150,Market Building 150,426,382,1,809,47.22
Cooch Behar,1206,CB-1206,151,Panchayat Bhavan 151,328,328,0,656,50.0
Cooch Behar,1206,CB-1206,152,Club Building 152,315,319,0,634,50.32
Cooch Behar,1206,CB-1206,153,Club Building 153,362,347,0,709,48.94
Cooch Behar,1206,CB-1206,154,Community Hall 154,341,349,0,690,50.58
Cooch Behar,1206,CB-1206,155,Market Building 155,299,276,0,575,48.0
Cooch Behar,1206,CB-1206,156,Govt Office 156,305,295,0,600,49.17
Cooch Behar,1206,CB-1206,157,Anganwadi Centre 157,399,397,1,797,49.81
Cooch Behar,1206,CB-1206,158,Market Building 158,348,315,0,663,47.51
Cooch Behar,1206,CB-1206,159,High School 159,333,326,0,659,49.47
Cooch Behar,1206,CB-1206,160,Govt Office 160,321,323,1,645,50.08
Cooch Behar,1206,CB-1206,161,Panchayat Bhavan 161,256,246,1,503,48.91
Cooch Behar,1206,CB-1206,162,High School 162,363,358,0,721,49.65
Cooch Behar,1206,CB-1206,163,Health Sub-Centre 163,389,358,0,747,47.93
Cooch Behar,1206,CB-1206,164,Madrasa 164,294,263,1,558,47.13
Cooch Behar,1206,CB-1206,165,Market Building 165,315,310,1,626,49.52
Cooch Behar,1206,CB-1206,166,Govt Office 166,408,384,1,793,48.42
Cooch Behar,1206,CB-1206,167,Madrasa 167,281,271,1,553,49.01
Cooch Behar,1206,CB-1206,168,Panchayat Bhavan 168,405,388,0,793,48.93
Cooch Behar,1206,CB-1206,169,Anganwadi Centre 169,326,297,1,624,47.6
Cooch Behar,1206,CB-1206,170,Community Hall 170,283,270,1,554,48.74
Cooch Behar,1206,CB-1206,171,Primary School 171,398,369,1,768,48.05
Cooch Behar,1206,CB-1206,172,Govt Office 172,261,257,1,519,49.52
Cooch Behar,1206,CB-1206,173,Health Sub-Centre 173,251,246,1,498,49.4
Cooch Behar,1206,CB-1206,174,High School 174,295,298,1,594,50.17
Cooch Behar,1206,CB-1206,175,Primary School 175,366,337,1,704,47.87
Cooch Behar,1206,CB-1206,176,Primary School 176,318,286,0,604,47.35
Cooch Behar,1206,CB-1206,177,Market Building 177,249,249,1,499,49.9
Cooch Behar,1206,CB-1206,178,Madrasa 178,389,373,1,763,48.89
Cooch Behar,1206,CB-1206,179,Govt Office 179,325,299,1,625,47.84
Cooch Behar,1206,CB-1206,180,Community Hall 180,411,372,0,783,47.51
Cooch Behar,1206,CB-1206,181,Health Sub-Centre 181,372,335,1,708,47.32
Cooch Behar,1206,CB-1206,182,Panchayat Bhavan 182,367,342,1,710,48.17
Cooch Behar,1206,CB-1206,183,Temple Hall 183,289,274,0,563,48.67
Cooch Behar,1206,CB-1206,184,Madrasa 184,384,356,0,740,48.11
Cooch Behar,1207,CB-1207,1,Govt Office 1,313,311,0,624,49.84
Cooch Behar,1207,CB-1207,2,Panchayat Bhavan 2,286,284,1,571,49.74
Cooch Behar,1207,CB-1207,3,Primary School 3,263,239,1,503,47.51
Cooch Behar,1207,CB-1207,4,Market Building 4,308,285,1,594,47.98
Cooch Behar,1207,CB-1207,5,Panchayat Bhavan 5,386,391,1,778,50.26
Cooch Behar,1207,CB-1207,6,Post Office 6,239,246,0,485,50.72
Cooch Behar,1207,CB-1207,7,Club Building 7,297,301,1,599,50.25
Cooch Behar,1207,CB-1207,8,Health Sub-Centre 8,353,340,0,693,49.06
Cooch Behar,1207,CB-1207,9,Temple Hall 9,396,396,0,792,50.0
Cooch Behar,1207,CB-1207,10,Post Office 10,250,241,1,492,48.98
Cooch Behar,1207,CB-1207,11,Madrasa 11,252,240,1,493,48.68
Cooch Behar,1207,CB-1207,12,Club Building 12,394,395,0,789,50.06
Cooch Behar,1207,CB-1207,13,Market Building 13,297,306,0,603,50.75
Cooch Behar,1207,CB-1207,14,Primary School 14,259,261,1,521,50.1
Cooch Behar,1207,CB-1207,15,Madrasa 15,364,334,1,699,47.78
Cooch Behar,1207,CB-1207,16,High School 16,289,292,1,582,50.17
Cooch Behar,1207,CB-1207,17,High School 17,344,319,1,664,48.04
Cooch Behar,1207,CB-1207,18,High School 18,423,385,0,808,47.65
Cooch Behar,1207,CB-1207,19,Madrasa 19,295,305,1,601,50.75
Cooch Behar,1207,CB-1207,20,Panchayat Bhavan 20,365,341,0,706,48.3
Cooch Behar,1207,CB-1207,21,Primary School 21,377,343,1,721,47.57
Cooch Behar,1207,CB-1207,22,Madrasa 22,374,376,0,750,50.13
Cooch Behar,1207,CB-1207,23,Primary School 23,288,287,0,575,49.91
Cooch Behar,1207,CB-1207,24,Primary School 24,296,268,1,565,47.43
Cooch Behar,1207,CB-1207,25,Madrasa 25,377,389,1,767,50.72
Cooch Behar,1207,CB-1207,26,Anganwadi Centre 26,372,364,0,736,49.46
Cooch Behar,1207,CB-1207,27,Govt Office 27,391,375,1,767,48.89
Cooch Behar,1207,CB-1207,28,Community Hall 28,330,310,1,641,48.36
Cooch Behar,1207,CB-1207,29,Anganwadi Centre 29,297,278,1,576,48.26
Cooch Behar,1207,CB-1207,30,Panchayat Bhavan 30,327,312,0,639,48.83
Cooch Behar,1207,CB-1207,31,Post Office 31,412,395,0,807,48.95
Cooch Behar,1207,CB-1207,32,Market Building 32,347,352,0,699,50.36
Cooch Behar,1207,CB-1207,33,Panchayat Bhavan 33,379,371,0,750,49.47
Cooch Behar,1207,CB-1207,34,Post Office 34,391,390,1,782,49.87
Cooch Behar,1207,CB-1207,35,Primary School 35,346,328,0,674,48.66
Cooch Behar,1207,CB-1207,36,Health Sub-Centre 36,311,312,1,624,50.0
Cooch Behar,1207,CB-1207,37,Primary School 37,347,347,0,694,50.0
Cooch Behar,1207,CB-1207,38,Panchayat Bhavan 38,273,249,1,523,47.61
Cooch Behar,1207,CB-1207,39,Primary School 39,299,299,0,598,50.0
Cooch Behar,1207,CB-1207,40,Anganwadi Centre 40,334,331,0,665,49.77
Cooch Behar,1207,CB-1207,41,Temple Hall 41,280,257,1,538,47.77
Cooch Behar,1207,CB-1207,42,Panchayat Bhavan 42,265,272,1,538,50.56
Cooch Behar,1207,CB-1207,43,Govt Office 43,363,353,0,716,49.3
Cooch Behar,1207,CB-1207,44,Club Building 44,311,288,0,599,48.08
Cooch Behar,1207,CB-1207,45,Community Hall 45,383,350,1,734,47.68
Cooch Behar,1207,CB-1207,46,Post Office 46,348,333,1,682,48.83
Cooch Behar,1207,CB-1207,47,High School 47,263,259,1,523,49.52
Cooch Behar,1207,CB-1207,48,Market Building 48,380,392,0,772,50.78
Cooch Behar,1207,CB-1207,49,Primary School 49,304,274,0,578,47.4
Cooch Behar,1207,CB-1207,50,Anganwadi Centre 50,367,352,1,720,48.89
Cooch Behar,1207,CB-1207,51,Club Building 51,312,306,0,618,49.51
Cooch Behar,1207,CB-1207,52,Govt Office 52,335,342,1,678,50.44
Cooch Behar,1207,CB-1207,53,Health Sub-Centre 53,295,278,0,573,48.52
Cooch Behar,1207,CB-1207,54,Govt Office 54,262,241,1,504,47.82
Cooch Behar,1207,CB-1207,55,Panchayat Bhavan 55,331,300,0,631,47.54
Cooch Behar,1207,CB-1207,56,Panchayat Bhavan 56,421,379,0,800,47.38
Cooch Behar,1207,CB-1207,57,High School 57,415,397,0,812,48.89
Cooch Behar,1207,CB-1207,58,Primary School 58,337,314,0,651,48.23
Cooch Behar,1207,CB-1207,59,Temple Hall 59,340,324,0,664,48.8
Cooch Behar,1207,CB-1207,60,Club Building 60,271,256,0,527,48.58
Cooch Behar,1207,CB-1207,61,High School 61,249,253,0,502,50.4
Cooch Behar,1207,CB-1207,62,Primary School 62,354,349,0,703,49.64
Cooch Behar,1207,CB-1207,63,Club Building 63,378,341,0,719,47.43
Cooch Behar,1207,CB-1207,64,Post Office 64,381,365,0,746,48.93
Cooch Behar,1207,CB-1207,65,Club Building 65,331,321,0,652,49.23
Cooch Behar,1207,CB-1207,66,Madrasa 66,360,342,0,702,48.72
Cooch Behar,1207,CB-1207,67,Madrasa 67,250,236,1,487,48.46
Cooch Behar,1207,CB-1207,68,Community Hall 68,270,268,0,538,49.81
Cooch Behar,1207,CB-1207,69,Temple Hall 69,322,321,1,644,49.84
Cooch Behar,1207,CB-1207,70,Health Sub-Centre 70,421,384,0,805,47.7
Cooch Behar,1207,CB-1207,71,Temple Hall 71,335,305,0,640,47.66
Cooch Behar,1207,CB-1207,72,Madrasa 72,354,327,1,682,47.95
Cooch Behar,1207,CB-1207,73,Anganwadi Centre 73,252,237,0,489,48.47
Cooch Behar,1207,CB-1207,74,Anganwadi Centre 74,418,387,1,806,48.01
Cooch Behar,1207,CB-1207,75,Temple Hall 75,365,349,0,714,48.88
Cooch Behar,1207,CB-1207,76,Govt Office 76,287,268,1,556,48.2
Cooch Behar,1207,CB-1207,77,Community Hall 77,413,379,0,792,47.85
Cooch Behar,1207,CB-1207,78,Community Hall 78,355,366,0,721,50.76
Cooch Behar,1207,CB-1207,79,Govt Office 79,249,257,1,507,50.69
Cooch Behar,1207,CB-1207,80,Govt Office 80,280,282,0,562,50.18
Cooch Behar,1207,CB-1207,81,Madrasa 81,293,272,1,566,48.06
Cooch Behar,1207,CB-1207,82,Community Hall 82,263,267,1,531,50.28
Cooch Behar,1207,CB-1207,83,Primary School 83,356,344,0,700,49.14
Cooch Behar,1207,CB-1207,84,Temple Hall 84,286,257,0,543,47.33
Cooch Behar,1207,CB-1207,85,Post Office 85,367,334,1,702,47.58
Cooch Behar,1207,CB-1207,86,Govt Office 86,367,333,1,701,47.5
Cooch Behar,1207,CB-1207,87,Panchayat Bhavan 87,258,265,1,524,50.57
Cooch Behar,1207,CB-1207,88,Panchayat Bhavan 88,304,301,1,606,49.67
Cooch Behar,1207,CB-1207,89,Panchayat Bhavan 89,398,396,1,795,49.81
Cooch Behar,1207,CB-1207,90,Madrasa 90,404,405,0,809,50.06
Cooch Behar,1207,CB-1207,91,Temple Hall 91,250,241,1,492,48.98
Cooch Behar,1207,CB-1207,92,Club Building 92,363,332,1,696,47.7
Cooch Behar,1207,CB-1207,93,Panchayat Bhavan 93,385,372,0,757,49.14
Cooch Behar,1207,CB-1207,94,Health Sub-Centre 94,422,389,0,811,47.97
Cooch Behar,1207,CB-1207,95,Health Sub-Centre 95,253,235,0,488,48.16
Cooch Behar,1207,CB-1207,96,Post Office 96,378,353,1,732,48.22
Cooch Behar,1207,CB-1207,97,High School 97,259,234,0,493,47.46
Cooch Behar,1207,CB-1207,98,Health Sub-Centre 98,331,318,1,650,48.92
Cooch Behar,1207,CB-1207,99,Anganwadi Centre 99,382,393,1,776,50.64
Cooch Behar,1207,CB-1207,100,Temple Hall 100,296,269,1,566,47.53
Cooch Behar,1207,CB-1207,101,Market Building 101,383,349,0,732,47.68
Cooch Behar,1207,CB-1207,102,Govt Office 102,264,264,1,529,49.91
Cooch Behar,1207,CB-1207,103,Post Office 103,255,255,1,511,49.9
Cooch Behar,1207,CB-1207,104,High School 104,339,307,1,647,47.45
Cooch Behar,1207,CB-1207,105,Post Office 105,275,247,0,522,47.32
Cooch Behar,1207,CB-1207,106,Community Hall 106,246,252,1,499,50.5
Cooch Behar,1207,CB-1207,107,Market Building 107,320,297,0,617,48.14
Cooch Behar,1207,CB-1207,108,Madrasa 108,344,319,1,664,48.04
Cooch Behar,1207,CB-1207,109,High School 109,293,299,1,593,50.42
Cooch Behar,1207,CB-1207,110,Club Building 110,244,238,1,483,49.28
Cooch Behar,1207,CB-1207,111,Club Building 111,276,279,1,556,50.18
Cooch Behar,1207,CB-1207,112,Govt Office 112,254,232,1,487,47.64
Cooch Behar,1207,CB-1207,113,Market Building 113,285,267,0,552,48.37
Cooch Behar,1207,CB-1207,114,Govt Office 114,241,249,1,491,50.71
Cooch Behar,1207,CB-1207,115,Primary School 115,274,278,1,553,50.27
Cooch Behar,1207,CB-1207,116,Market Building 116,299,279,0,578,48.27
Cooch Behar,1207,CB-1207,117,Primary School 117,252,232,1,485,47.84
Cooch Behar,1207,CB-1207,118,Health Sub-Centre 118,375,362,0,737,49.12
Cooch Behar,1207,CB-1207,119,Govt Office 119,250,254,0,504,50.4
Cooch Behar,1207,CB-1207,120,Health Sub-Centre 120,348,322,0,670,48.06
Cooch Behar,1207,CB-1207,121,Madrasa 121,253,228,0,481,47.4
Cooch Behar,1207,CB-1207,122,Club Building 122,298,268,1,567,47.27
Cooch Behar,1207,CB-1207,123,Govt Office 123,265,268,1,534,50.19
Cooch Behar,1207,CB-1207,124,Post Office 124,369,336,0,705,47.66
Cooch Behar,1207,CB-1207,125,Temple Hall 125,402,401,1,804,49.88
Cooch Behar,1207,CB-1207,126,Post Office 126,279,269,1,549,49.0
Cooch Behar,1207,CB-1207,127,High School 127,401,402,0,803,50.06
Cooch Behar,1207,CB-1207,128,Primary School 128,246,246,1,493,49.9
Cooch Behar,1207,CB-1207,129,Panchayat Bhavan 129,353,324,0,677,47.86
Cooch Behar,1207,CB-1207,130,Post Office 130,343,327,1,671,48.73
Cooch Behar,1207,CB-1207,131,Club Building 131,338,304,1,643,47.28
Cooch Behar,1207,CB-1207,132,Post Office 132,378,360,0,738,48.78
Cooch Behar,1207,CB-1207,133,Post Office 133,261,248,0,509,48.72
Cooch Behar,1207,CB-1207,134,Anganwadi Centre 134,360,324,1,685,47.3
Cooch Behar,1207,CB-1207,135,Anganwadi Centre 135,369,348,1,718,48.47
Cooch Behar,1207,CB-1207,136,Community Hall 136,351,319,0,670,47.61
Cooch Behar,1207,CB-1207,137,High School 137,417,388,0,805,48.2
Cooch Behar,1207,CB-1207,138,Community Hall 138,409,405,0,814,49.75
Cooch Behar,1207,CB-1207,139,Market Building 139,363,370,1,734,50.41
Cooch Behar,1207,CB-1207,140,Anganwadi Centre 140,341,339,0,680,49.85
Cooch Behar,1207,CB-1207,141,Temple Hall 141,276,263,0,539,48.79
Cooch Behar,1207,CB-1207,142,Primary School 142,326,323,1,650,49.69
Cooch Behar,1207,CB-1207,143,Post Office 143,288,294,1,583,50.43
Cooch Behar,1207,CB-1207,144,Govt Office 144,416,383,1,800,47.88
Cooch Behar,1207,CB-1207,145,Post Office 145,328,310,1,639,48.51
Cooch Behar,1207,CB-1207,146,Community Hall 146,368,379,1,748,50.67
Cooch Behar,1207,CB-1207,147,Temple Hall 147,332,307,0,639,48.04
Cooch Behar,1207,CB-1207,148,High School 148,378,374,1,753,49.67
Cooch Behar,1207,CB-1207,149,Anganwadi Centre 149,370,366,0,736,49.73
Cooch Behar,1207,CB-1207,150,Primary School 150,351,356,1,708,50.28
Cooch Behar,1207,CB-1207,151,Health Sub-Centre 151,392,377,1,770,48.96
Cooch Behar,1207,CB-1207,152,Madrasa 152,388,392,0,780,50.26
Cooch Behar,1207,CB-1207,153,Market Building 153,276,275,1,552,49.82
Cooch Behar,1207,CB-1207,154,Post Office 154,374,341,0,715,47.69
Cooch Behar,1207,CB-1207,155,Health Sub-Centre 155,319,308,1,628,49.04
Cooch Behar,1207,CB-1207,156,Post Office 156,292,273,0,565,48.32
Cooch Behar,1207,CB-1207,157,Club Building 157,326,314,1,641,48.99
Cooch Behar,1207,CB-1207,158,Temple Hall 158,316,292,1,609,47.95
Cooch Behar,1207,CB-1207,159,High School 159,390,353,0,743,47.51
Cooch Behar,1207,CB-1207,160,Club Building 160,295,283,1,579,48.88
Cooch Behar,1207,CB-1207,161,Community Hall 161,376,370,1,747,49.53
Cooch Behar,1207,CB-1207,162,Community Hall 162,375,373,0,748,49.87
Cooch Behar,1207,CB-1207,163,Anganwadi Centre 163,325,299,0,624,47.92
Cooch Behar,1207,CB-1207,164,Anganwadi Centre 164,271,266,1,538,49.44
Cooch Behar,1207,CB-1207,165,High School 165,250,253,0,503,50.3
Cooch Behar,1207,CB-1207,166,Community Hall 166,259,246,1,506,48.62
Cooch Behar,1207,CB-1207,167,Temple Hall 167,413,400,0,813,49.2
Cooch Behar,1207,CB-1207,168,Market Building 168,259,260,1,520,50.0
Cooch Behar,1207,CB-1207,169,Anganwadi Centre 169,249,248,0,497,49.9
Cooch Behar,1207,CB-1207,170,Health Sub-Centre 170,252,242,0,494,48.99
Cooch Behar,1207,CB-1207,171,Anganwadi Centre 171,311,284,1,596,47.65
Cooch Behar,1207,CB-1207,172,Club Building 172,265,242,0,507,47.73
Cooch Behar,1207,CB-1207,173,Club Building 173,347,338,0,685,49.34
Cooch Behar,1207,CB-1207,174,Community Hall 174,382,355,0,737,48.17
Cooch Behar,1207,CB-1207,175,Madrasa 175,270,268,1,539,49.72
Cooch Behar,1207,CB-1207,176,Madrasa 176,379,353,1,733,48.16
Cooch Behar,1207,CB-1207,177,Temple Hall 177,329,301,0,630,47.78
Cooch Behar,1207,CB-1207,178,Primary School 178,305,302,0,607,49.75
Cooch Behar,1207,CB-1207,179,Market Building 179,346,325,1,672,48.36
Cooch Behar,1207,CB-1207,180,High School 180,305,277,1,583,47.51
Cooch Behar,1207,CB-1207,181,Post Office 181,380,356,0,736,48.37
Cooch Behar,1207,CB-1207,182,High School 182,357,361,1,719,50.21
Cooch Behar,1207,CB-1207,183,Temple Hall 183,283,276,0,559,49.37
Cooch Behar,1207,CB-1207,184,Temple Hall 184,329,334,0,663,50.38
Cooch Behar,1207,CB-1207,185,Health Sub-Centre 185,311,287,0,598,47.99
Cooch Behar,1207,CB-1207,186,Club Building 186,282,259,0,541,47.87
Cooch Behar,1207,CB-1207,187,Market Building 187,391,390,0,781,49.94
Cooch Behar,1207,CB-1207,188,Panchayat Bhavan 188,268,246,1,515,47.77
Cooch Behar,1208,CB-1208,1,Temple Hall 1,262,252,0,514,49.03
Cooch Behar,1208,CB-1208,2,Market Building 2,283,280,0,563,49.73
Cooch Behar,1208,CB-1208,3,Market Building 3,378,363,0,741,48.99
Cooch Behar,1208,CB-1208,4,Temple Hall 4,386,355,1,742,47.84
Cooch Behar,1208,CB-1208,5,Madrasa 5,377,389,1,767,50.72
Cooch Behar,1208,CB-1208,6,Temple Hall 6,305,279,1,585,47.69
Cooch Behar,1208,CB-1208,7,Govt Office 7,342,332,1,675,49.19
Cooch Behar,1208,CB-1208,8,Temple Hall 8,260,248,0,508,48.82
Cooch Behar,1208,CB-1208,9,Madrasa 9,344,313,1,658,47.57
Cooch Behar,1208,CB-1208,10,High School 10,364,362,1,727,49.79
Cooch Behar,1208,CB-1208,11,Community Hall 11,396,396,1,793,49.94
Cooch Behar,1208,CB-1208,12,Post Office 12,256,233,1,490,47.55
Cooch Behar,1208,CB-1208,13,Govt Office 13,298,304,0,602,50.5
Cooch Behar,1208,CB-1208,14,Club Building 14,392,363,1,756,48.02
Cooch Behar,1208,CB-1208,15,Anganwadi Centre 15,370,335,1,706,47.45
Cooch Behar,1208,CB-1208,16,High School 16,406,398,1,805,49.44
Cooch Behar,1208,CB-1208,17,Madrasa 17,252,246,0,498,49.4
Cooch Behar,1208,CB-1208,18,Community Hall 18,373,335,1,709,47.25
Cooch Behar,1208,CB-1208,19,Community Hall 19,398,402,1,801,50.19
Cooch Behar,1208,CB-1208,20,High School 20,405,408,1,814,50.12
Cooch Behar,1208,CB-1208,21,Community Hall 21,409,375,1,785,47.77
Cooch Behar,1208,CB-1208,22,High School 22,294,302,0,596,50.67
Cooch Behar,1208,CB-1208,23,Temple Hall 23,298,272,1,571,47.64
Cooch Behar,1208,CB-1208,24,Community Hall 24,246,239,1,486,49.18
Cooch Behar,1208,CB-1208,25,Market Building 25,305,275,1,581,47.33
Cooch Behar,1208,CB-1208,26,Madrasa 26,269,263,1,533,49.34
Cooch Behar,1208,CB-1208,27,Temple Hall 27,300,283,1,584,48.46
Cooch Behar,1208,CB-1208,28,Anganwadi Centre 28,327,298,1,626,47.6
Cooch Behar,1208,CB-1208,29,Post Office 29,277,283,0,560,50.54
Cooch Behar,1208,CB-1208,30,Anganwadi Centre 30,318,320,0,638,50.16
Cooch Behar,1208,CB-1208,31,Panchayat Bhavan 31,323,306,0,629,48.65
Cooch Behar,1208,CB-1208,32,Madrasa 32,394,406,1,801,50.69
Cooch Behar,1208,CB-1208,33,Anganwadi Centre 33,383,393,0,776,50.64
Cooch Behar,1208,CB-1208,34,Temple Hall 34,320,313,1,634,49.37
Cooch Behar,1208,CB-1208,35,High School 35,257,266,1,524,50.76
Cooch Behar,1208,CB-1208,36,Market Building 36,384,375,0,759,49.41
Cooch Behar,1208,CB-1208,37,Panchayat Bhavan 37,370,373,0,743,50.2
Cooch Behar,1208,CB-1208,38,High School 38,252,250,0,502,49.8
Cooch Behar,1208,CB-1208,39,Primary School 39,322,313,1,636,49.21
Cooch Behar,1208,CB-1208,40,Post Office 40,353,355,0,708,50.14
Cooch Behar,1208,CB-1208,41,High School 41,278,261,0,539,48.42
Cooch Behar,1208,CB-1208,42,Primary School 42,428,387,0,815,47.48
Cooch Behar,1208,CB-1208,43,Govt Office 43,413,381,1,795,47.92
Cooch Behar,1208,CB-1208,44,Post Office 44,320,290,1,611,47.46
Cooch Behar,1208,CB-1208,45,Club Building 45,307,280,1,588,47.62
Cooch Behar,1208,CB-1208,46,Primary School 46,380,366,1,747,49.0
Cooch Behar,1208,CB-1208,47,Anganwadi Centre 47,332,311,1,644,48.29
Cooch Behar,1208,CB-1208,48,Primary School 48,327,297,1,625,47.52
Cooch Behar,1208,CB-1208,49,Club Building 49,297,301,0,598,50.33
Cooch Behar,1208,CB-1208,50,Community Hall 50,307,282,0,589,47.88
Cooch Behar,1208,CB-1208,51,Panchayat Bhavan 51,393,357,1,751,47.54
Cooch Behar,1208,CB-1208,52,Govt Office 52,381,363,1,745,48.72
Cooch Behar,1208,CB-1208,53,Panchayat Bhavan 53,375,338,1,714,47.34
Cooch Behar,1208,CB-1208,54,Market Building 54,298,273,1,572,47.73
Cooch Behar,1208,CB-1208,55,Post Office 55,373,336,0,709,47.39
Cooch Behar,1208,CB-1208,56,Club Building 56,371,331,0,702,47.15
Cooch Behar,1208,CB-1208,57,Anganwadi Centre 57,310,303,1,614,49.35
Cooch Behar,1208,CB-1208,58,Madrasa 58,253,251,0,504,49.8
Cooch Behar,1208,CB-1208,59,Govt Office 59,247,238,1,486,48.97
Cooch Behar,1208,CB-1208,60,Post Office 60,383,389,1,773,50.32
Cooch Behar,1208,CB-1208,61,Market Building 61,392,372,0,764,48.69
Cooch Behar,1208,CB-1208,62,Madrasa 62,407,391,0,798,49.0
Cooch Behar,1208,CB-1208,63,Panchayat Bhavan 63,274,250,1,525,47.62
Cooch Behar,1208,CB-1208,64,Post Office 64,336,334,1,671,49.78
Cooch Behar,1208,CB-1208,65,Govt Office 65,319,287,1,607,47.28
Cooch Behar,1208,CB-1208,66,Madrasa 66,382,345,0,727,47.46
Cooch Behar,1208,CB-1208,67,Market Building 67,264,269,0,533,50.47
Cooch Behar,1208,CB-1208,68,Community Hall 68,303,309,0,612,50.49
Cooch Behar,1208,CB-1208,69,Health Sub-Centre 69,296,268,1,565,47.43
Cooch Behar,1208,CB-1208,70,Market Building 70,322,316,0,638,49.53
Cooch Behar,1208,CB-1208,71,Primary School 71,293,277,1,571,48.51
Cooch Behar,1208,CB-1208,72,Market Building 72,399,409,1,809,50.56
Cooch Behar,1208,CB-1208,73,Community Hall 73,343,315,1,659,47.8
Cooch Behar,1208,CB-1208,74,Govt Office 74,275,267,0,542,49.26
Cooch Behar,1208,CB-1208,75,Anganwadi Centre 75,331,319,1,651,49.0
Cooch Behar,1208,CB-1208,76,Govt Office 76,305,293,0,598,49.0
Cooch Behar,1208,CB-1208,77,High School 77,304,288,1,593,48.57
Cooch Behar,1208,CB-1208,78,Market Building 78,390,350,0,740,47.3
Cooch Behar,1208,CB-1208,79,Temple Hall 79,285,258,1,544,47.43
Cooch Behar,1208,CB-1208,80,Club Building 80,388,385,1,774,49.74
Cooch Behar,1208,CB-1208,81,Primary School 81,264,262,1,527,49.72
Cooch Behar,1208,CB-1208,82,High School 82,271,259,0,530,48.87
Cooch Behar,1208,CB-1208,83,Temple Hall 83,411,369,0,780,47.31
Cooch Behar,1208,CB-1208,84,High School 84,390,380,1,771,49.29
Cooch Behar,1208,CB-1208,85,Madrasa 85,271,279,0,550,50.73
Cooch Behar,1208,CB-1208,86,Govt Office 86,258,240,0,498,48.19
Cooch Behar,1208,CB-1208,87,Panchayat Bhavan 87,247,235,1,483,48.65
Cooch Behar,1208,CB-1208,88,High School 88,354,363,1,718,50.56
Cooch Behar,1208,CB-1208,89,Community Hall 89,377,352,1,730,48.22
Cooch Behar,1208,CB-1208,90,Temple Hall 90,261,237,1,499,47.49
Cooch Behar,1208,CB-1208,91,Market Building 91,320,318,0,638,49.84
Cooch Behar,1208,CB-1208,92,Govt Office 92,414,390,0,804,48.51
Cooch Behar,1208,CB-1208,93,Panchayat Bhavan 93,274,265,1,540,49.07
Cooch Behar,1208,CB-1208,94,Temple Hall 94,280,273,0,553,49.37
Cooch Behar,1208,CB-1208,95,Club Building 95,415,384,0,799,48.06
Cooch Behar,1208,CB-1208,96,Community Hall 96,409,384,1,794,48.36
Cooch Behar,1208,CB-1208,97,Anganwadi Centre 97,376,356,1,733,48.57
Cooch Behar,1208,CB-1208,98,Panchayat Bhavan 98,393,402,1,796,50.5
Cooch Behar,1208,CB-1208,99,Market Building 99,257,264,0,521,50.67
Cooch Behar,1208,CB-1208,100,Health Sub-Centre 100,324,321,0,645,49.77
Cooch Behar,1208,CB-1208,101,Health Sub-Centre 101,252,259,0,511,50.68
Cooch Behar,1208,CB-1208,102,Madrasa 102,396,406,0,802,50.62
Cooch Behar,1208,CB-1208,103,Primary School 103,379,377,1,757,49.8
Cooch Behar,1208,CB-1208,104,Madrasa 104,251,246,1,498,49.4
Cooch Behar,1208,CB-1208,105,High School 105,295,292,0,587,49.74
Cooch Behar,1208,CB-1208,106,Community Hall 106,288,293,1,582,50.34
Cooch Behar,1208,CB-1208,107,Community Hall 107,363,374,0,737,50.75
Cooch Behar,1208,CB-1208,108,Health Sub-Centre 108,322,308,0,630,48.89
Cooch Behar,1208,CB-1208,109,Club Building 109,384,370,0,754,49.07
Cooch Behar,1208,CB-1208,110,Govt Office 110,246,234,1,481,48.65
Cooch Behar,1208,CB-1208,111,Post Office 111,280,281,1,562,50.0
Cooch Behar,1208,CB-1208,112,Market Building 112,342,325,0,667,48.73
Cooch Behar,1208,CB-1208,113,Anganwadi Centre 113,419,397,0,816,48.65
Cooch Behar,1208,CB-1208,114,Club Building 114,238,241,1,480,50.21
Cooch Behar,1208,CB-1208,115,Health Sub-Centre 115,358,347,1,706,49.15
Cooch Behar,1208,CB-1208,116,Govt Office 116,268,266,0,534,49.81
Cooch Behar,1208,CB-1208,117,Anganwadi Centre 117,337,341,1,679,50.22
Cooch Behar,1208,CB-1208,118,Madrasa 118,315,303,1,619,48.95
Cooch Behar,1208,CB-1208,119,Community Hall 119,247,252,0,499,50.5
Cooch Behar,1208,CB-1208,120,Health Sub-Centre 120,321,322,0,643,50.08
Cooch Behar,1208,CB-1208,121,High School 121,246,237,0,483,49.07
Cooch Behar,1208,CB-1208,122,High School 122,369,345,0,714,48.32
Cooch Behar,1208,CB-1208,123,Post Office 123,386,379,1,766,49.48
Cooch Behar,1208,CB-1208,124,Govt Office 124,280,279,0,559,49.91
Cooch Behar,1208,CB-1208,125,Madrasa 125,316,287,1,604,47.52
Cooch Behar,1208,CB-1208,126,Anganwadi Centre 126,327,303,1,631,48.02
Cooch Behar,1208,CB-1208,127,Market Building 127,292,293,1,586,50.0
Cooch Behar,1208,CB-1208,128,Post Office 128,295,302,1,598,50.5
Cooch Behar,1208,CB-1208,129,Anganwadi Centre 129,290,292,0,582,50.17
Cooch Behar,1208,CB-1208,130,Club Building 130,404,383,1,788,48.6
Cooch Behar,1208,CB-1208,131,Panchayat Bhavan 131,356,333,1,690,48.26
Cooch Behar,1208,CB-1208,132,Market Building 132,258,252,0,510,49.41
Cooch Behar,1208,CB-1208,133,Temple Hall 133,343,319,1,663,48.11
Cooch Behar,1208,CB-1208,134,Govt Office 134,241,247,0,488,50.61
Cooch Behar,1208,CB-1208,135,Community Hall 135,384,368,1,753,48.87
Cooch Behar,1208,CB-1208,136,Post Office 136,255,233,1,489,47.65
Cooch Behar,1208,CB-1208,137,Primary School 137,336,331,1,668,49.55
Cooch Behar,1208,CB-1208,138,Post Office 138,422,391,1,814,48.03
Cooch Behar,1208,CB-1208,139,Community Hall 139,379,390,0,769,50.72
Cooch Behar,1208,CB-1208,140,Post Office 140,311,284,0,595,47.73
Cooch Behar,1208,CB-1208,141,Health Sub-Centre 141,344,353,1,698,50.57
Cooch Behar,1208,CB-1208,142,High School 142,252,236,1,489,48.26
Cooch Behar,1208,CB-1208,143,Post Office 143,361,365,0,726,50.28
Cooch Behar,1208,CB-1208,144,High School 144,287,261,0,548,47.63
Cooch Behar,1208,CB-1208,145,Madrasa 145,332,300,0,632,47.47
Cooch Behar,1208,CB-1208,146,Temple Hall 146,373,340,0,713,47.69
Cooch Behar,1208,CB-1208,147,High School 147,263,266,0,529,50.28
Cooch Behar,1208,CB-1208,148,Community Hall 148,417,393,0,810,48.52
Cooch Behar,1208,CB-1208,149,Club Building 149,312,312,0,624,50.0
Cooch Behar,1208,CB-1208,150,Club Building 150,328,297,1,626,47.44
Cooch Behar,1208,CB-1208,151,Govt Office 151,297,297,0,594,50.0
Cooch Behar,1208,CB-1208,152,High School 152,410,381,1,792,48.11
Cooch Behar,1208,CB-1208,153,Govt Office 153,392,388,0,780,49.74
Cooch Behar,1208,CB-1208,154,Anganwadi Centre 154,406,390,1,797,48.93
Cooch Behar,1208,CB-1208,155,Health Sub-Centre 155,288,274,1,563,48.67
Cooch Behar,1208,CB-1208,156,Anganwadi Centre 156,385,351,0,736,47.69
Cooch Behar,1208,CB-1208,157,Post Office 157,402,413,1,816,50.61
Cooch Behar,1208,CB-1208,158,Primary School 158,307,279,0,586,47.61
Cooch Behar,1208,CB-1208,159,Primary School 159,266,252,1,519,48.55
Cooch Behar,1208,CB-1208,160,Temple Hall 160,348,324,0,672,48.21
Cooch Behar,1208,CB-1208,161,Health Sub-Centre 161,384,377,0,761,49.54
Cooch Behar,1208,CB-1208,162,Madrasa 162,307,302,1,610,49.51
Cooch Behar,1208,CB-1208,163,Club Building 163,330,316,0,646,48.92
Cooch Behar,1208,CB-1208,164,Club Building 164,243,241,0,484,49.79
Cooch Behar,1208,CB-1208,165,Market Building 165,345,349,1,695,50.22
Cooch Behar,1208,CB-1208,166,Market Building 166,260,254,0,514,49.42
Cooch Behar,1208,CB-1208,167,Market Building 167,382,374,1,757,49.41
Cooch Behar,1208,CB-1208,168,Health Sub-Centre 168,419,382,1,802,47.63
Cooch Behar,1208,CB-1208,169,Community Hall 169,336,338,1,675,50.07
Cooch Behar,1208,CB-1208,170,Health Sub-Centre 170,358,344,0,702,49.0
Cooch Behar,1208,CB-1208,171,Community Hall 171,329,314,1,644,48.76
Cooch Behar,1208,CB-1208,172,Madrasa 172,250,234,0,484,48.35
Cooch Behar,1208,CB-1208,173,Primary School 173,250,248,0,498,49.8
Cooch Behar,1208,CB-1208,174,Club Building 174,390,359,1,750,47.87
Cooch Behar,1208,CB-1208,175,Health Sub-Centre 175,355,364,0,719,50.63
Cooch Behar,1208,CB-1208,176,High School 176,331,323,1,655,49.31
Cooch Behar,1208,CB-1208,177,Temple Hall 177,390,382,1,773,49.42
Cooch Behar,1208,CB-1208,178,Club Building 178,255,263,1,519,50.67
Cooch Behar,1208,CB-1208,179,Club Building 179,312,287,1,600,47.83
Cooch Behar,1208,CB-1208,180,Market Building 180,302,310,0,612,50.65
Cooch Behar,1208,CB-1208,181,Health Sub-Centre 181,279,287,0,566,50.71
Cooch Behar,1208,CB-1208,182,Govt Office 182,300,272,0,572,47.55
Cooch Behar,1208,CB-1208,183,Anganwadi Centre 183,324,306,0,630,48.57
Cooch Behar,1208,CB-1208,184,Health Sub-Centre 184,295,294,0,589,49.92
Cooch Behar,1208,CB-1208,185,Temple Hall 185,327,331,1,659,50.23
Cooch Behar,1209,CB-1209,1,Madrasa 1,386,350,1,737,47.49
Cooch Behar,1209,CB-1209,2,Community Hall 2,257,237,1,495,47.88
Cooch Behar,1209,CB-1209,3,Panchayat Bhavan 3,277,262,0,539,48.61
Cooch Behar,1209,CB-1209,4,Primary School 4,333,314,0,647,48.53
Cooch Behar,1209,CB-1209,5,Post Office 5,316,286,1,603,47.43
Cooch Behar,1209,CB-1209,6,Health Sub-Centre 6,355,335,0,690,48.55
Cooch Behar,1209,CB-1209,7,Community Hall 7,258,266,1,525,50.67
Cooch Behar,1209,CB-1209,8,Post Office 8,366,336,1,703,47.8
Cooch Behar,1209,CB-1209,9,High School 9,261,241,1,503,47.91
Cooch Behar,1209,CB-1209,10,Temple Hall 10,253,259,1,513,50.49
Cooch Behar,1209,CB-1209,11,Post Office 11,307,307,1,615,49.92
Cooch Behar,1209,CB-1209,12,Panchayat Bhavan 12,353,353,0,706,50.0
Cooch Behar,1209,CB-1209,13,Primary School 13,310,316,1,627,50.4
Cooch Behar,1209,CB-1209,14,Anganwadi Centre 14,314,290,1,605,47.93
Cooch Behar,1209,CB-1209,15,Madrasa 15,382,360,0,742,48.52
Cooch Behar,1209,CB-1209,16,Anganwadi Centre 16,357,337,1,695,48.49
Cooch Behar,1209,CB-1209,17,Temple Hall 17,391,365,1,757,48.22
Cooch Behar,1209,CB-1209,18,Club Building 18,296,289,1,586,49.32
Cooch Behar,1209,CB-1209,19,Market Building 19,252,241,0,493,48.88
Cooch Behar,1209,CB-1209,20,Club Building 20,306,296,1,603,49.09
Cooch Behar,1209,CB-1209,21,Govt Office 21,393,373,0,766,48.69
Cooch Behar,1209,CB-1209,22,Market Building 22,294,277,0,571,48.51
Cooch Behar,1209,CB-1209,23,Madrasa 23,305,298,1,604,49.34
Cooch Behar,1209,CB-1209,24,Primary School 24,404,380,1,785,48.41
Cooch Behar,1209,CB-1209,25,Anganwadi Centre 25,251,236,0,487,48.46
Cooch Behar,1209,CB-1209,26,Market Building 26,402,360,0,762,47.24
Cooch Behar,1209,CB-1209,27,Primary School 27,385,384,0,769,49.93
Cooch Behar,1209,CB-1209,28,Panchayat Bhavan 28,336,344,0,680,50.59
Cooch Behar,1209,CB-1209,29,Panchayat Bhavan 29,311,289,1,601,48.09
Cooch Behar,1209,CB-1209,30,Primary School 30,359,345,0,704,49.01
Cooch Behar,1209,CB-1209,31,High School 31,349,318,1,668,47.6
Cooch Behar,1209,CB-1209,32,Temple Hall 32,358,363,0,721,50.35
Cooch Behar,1209,CB-1209,33,Govt Office 33,243,238,1,482,49.38
Cooch Behar,1209,CB-1209,34,Panchayat Bhavan 34,299,292,1,592,49.32
Cooch Behar,1209,CB-1209,35,Community Hall 35,309,302,0,611,49.43
Cooch Behar,1209,CB-1209,36,Club Building 36,307,278,1,586,47.44
Cooch Behar,1209,CB-1209,37,Market Building 37,371,351,0,722,48.61
Cooch Behar,1209,CB-1209,38,Community Hall 38,288,294,1,583,50.43
Cooch Behar,1209,CB-1209,39,Market Building 39,364,352,0,716,49.16
Cooch Behar,1209,CB-1209,40,Health Sub-Centre 40,314,325,0,639,50.86
Cooch Behar,1209,CB-1209,41,Anganwadi Centre 41,404,402,1,807,49.81
Cooch Behar,1209,CB-1209,42,High School 42,283,259,0,542,47.79
Cooch Behar,1209,CB-1209,43,Post Office 43,380,391,1,772,50.65
Cooch Behar,1209,CB-1209,44,Market Building 44,357,335,0,692,48.41
Cooch Behar,1209,CB-1209,45,Temple Hall 45,378,388,1,767,50.59
Cooch Behar,1209,CB-1209,46,Govt Office 46,338,334,1,673,49.63
Cooch Behar,1209,CB-1209,47,Community Hall 47,414,398,0,812,49.01
Cooch Behar,1209,CB-1209,48,Madrasa 48,306,291,0,597,48.74
Cooch Behar,1209,CB-1209,49,Panchayat Bhavan 49,319,296,0,615,48.13
Cooch Behar,1209,CB-1209,50,Madrasa 50,356,327,0,683,47.88
Cooch Behar,1209,CB-1209,51,Club Building 51,327,335,1,663,50.53
Cooch Behar,1209,CB-1209,52,Primary School 52,316,300,0,616,48.7
Cooch Behar,1209,CB-1209,53,Post Office 53,406,375,1,782,47.95
Cooch Behar,1209,CB-1209,54,Health Sub-Centre 54,284,269,0,553,48.64
Cooch Behar,1209,CB-1209,55,Temple Hall 55,346,328,1,675,48.59
Cooch Behar,1209,CB-1209,56,Anganwadi Centre 56,270,258,1,529,48.77
Cooch Behar,1209,CB-1209,57,Market Building 57,367,343,1,711,48.24
Cooch Behar,1209,CB-1209,58,Post Office 58,408,368,0,776,47.42
Cooch Behar,1209,CB-1209,59,High School 59,314,309,1,624,49.52
Cooch Behar,1209,CB-1209,60,Panchayat Bhavan 60,305,296,1,602,49.17
Cooch Behar,1209,CB-1209,61,Post Office 61,361,341,0,702,48.58
Cooch Behar,1209,CB-1209,62,Panchayat Bhavan 62,375,366,0,741,49.39
Cooch Behar,1209,CB-1209,63,Anganwadi Centre 63,348,348,0,696,50.0
Cooch Behar,1209,CB-1209,64,Madrasa 64,296,267,1,564,47.34
Cooch Behar,1209,CB-1209,65,High School 65,398,410,0,808,50.74
Cooch Behar,1209,CB-1209,66,Primary School 66,389,389,0,778,50.0
Cooch Behar,1209,CB-1209,67,Community Hall 67,302,283,1,586,48.29
Cooch Behar,1209,CB-1209,68,Madrasa 68,389,353,0,742,47.57
Cooch Behar,1209,CB-1209,69,Community Hall 69,280,271,0,551,49.18
Cooch Behar,1209,CB-1209,70,Health Sub-Centre 70,285,257,1,543,47.33
Cooch Behar,1209,CB-1209,71,Health Sub-Centre 71,264,261,0,525,49.71
Cooch Behar,1209,CB-1209,72,Panchayat Bhavan 72,412,374,0,786,47.58
Cooch Behar,1209,CB-1209,73,Madrasa 73,283,273,0,556,49.1
Cooch Behar,1209,CB-1209,74,Club Building 74,347,329,1,677,48.6
Cooch Behar,1209,CB-1209,75,Health Sub-Centre 75,357,365,1,723,50.48
Cooch Behar,1209,CB-1209,76,Temple Hall 76,311,291,0,602,48.34
Cooch Behar,1209,CB-1209,77,Madrasa 77,294,295,1,590,50.0
Cooch Behar,1209,CB-1209,78,Panchayat Bhavan 78,365,357,1,723,49.38
Cooch Behar,1209,CB-1209,79,Madrasa 79,331,300,0,631,47.54
Cooch Behar,1209,CB-1209,80,Anganwadi Centre 80,388,394,0,782,50.38
Cooch Behar,1209,CB-1209,81,Anganwadi Centre 81,370,376,1,747,50.33
Cooch Behar,1209,CB-1209,82,High School 82,267,241,0,508,47.44
Cooch Behar,1209,CB-1209,83,Temple Hall 83,290,291,1,582,50.0
Cooch Behar,1209,CB-1209,84,Market Building 84,378,355,0,733,48.43
Cooch Behar,1209,CB-1209,85,Community Hall 85,359,365,1,725,50.34
Cooch Behar,1209,CB-1209,86,Primary School 86,319,297,0,616,48.21
Cooch Behar,1209,CB-1209,87,Club Building 87,397,408,0,805,50.68
Cooch Behar,1209,CB-1209,88,Panchayat Bhavan 88,408,408,0,816,50.0
Cooch Behar,1209,CB-1209,89,Community Hall 89,303,292,1,596,48.99
Cooch Behar,1209,CB-1209,90,Madrasa 90,255,242,1,498,48.59
Cooch Behar,1209,CB-1209,91,Govt Office 91,327,320,0,647,49.46
Cooch Behar,1209,CB-1209,92,Panchayat Bhavan 92,262,266,1,529,50.28
Cooch Behar,1209,CB-1209,93,Post Office 93,329,311,0,640,48.59
Cooch Behar,1209,CB-1209,94,Madrasa 94,313,308,0,621,49.6
Cooch Behar,1209,CB-1209,95,Temple Hall 95,334,302,1,637,47.41
Cooch Behar,1209,CB-1209,96,High School 96,335,320,1,656,48.78
Cooch Behar,1209,CB-1209,97,High School 97,316,285,0,601,47.42
Cooch Behar,1209,CB-1209,98,Temple Hall 98,326,332,0,658,50.46
Cooch Behar,1209,CB-1209,99,Anganwadi Centre 99,314,322,1,637,50.55
Cooch Behar,1209,CB-1209,100,Market Building 100,254,254,0,508,50.0
Cooch Behar,1209,CB-1209,101,Panchayat Bhavan 101,400,400,1,801,49.94
Cooch Behar,1209,CB-1209,102,Community Hall 102,422,397,1,820,48.41
Cooch Behar,1209,CB-1209,103,Market Building 103,412,380,0,792,47.98
Cooch Behar,1209,CB-1209,104,High School 104,399,365,0,764,47.77
Cooch Behar,1209,CB-1209,105,Govt Office 105,332,307,1,640,47.97
Cooch Behar,1209,CB-1209,106,Panchayat Bhavan 106,404,387,1,792,48.86
Cooch Behar,1209,CB-1209,107,Temple Hall 107,349,336,0,685,49.05
Cooch Behar,1209,CB-1209,108,Govt Office 108,289,297,0,586,50.68
Cooch Behar,1209,CB-1209,109,Anganwadi Centre 109,348,342,1,691,49.49
Cooch Behar,1209,CB-1209,110,Panchayat Bhavan 110,406,392,0,798,49.12
Cooch Behar,1209,CB-1209,111,Post Office 111,332,317,0,649,48.84
Cooch Behar,1209,CB-1209,112,Post Office 112,331,333,1,665,50.08
Cooch Behar,1209,CB-1209,113,Primary School 113,411,394,0,805,48.94
Cooch Behar,1209,CB-1209,114,Madrasa 114,258,239,1,498,47.99
Cooch Behar,1209,CB-1209,115,Anganwadi Centre 115,305,279,0,584,47.77
Cooch Behar,1209,CB-1209,116,Govt Office 116,295,286,0,581,49.23
Cooch Behar,1209,CB-1209,117,Temple Hall 117,259,254,0,513,49.51
Cooch Behar,1209,CB-1209,118,Post Office 118,319,327,0,646,50.62
Cooch Behar,1209,CB-1209,119,Market Building 119,305,290,1,596,48.66
Cooch Behar,1209,CB-1209,120,Madrasa 120,414,401,0,815,49.2
Cooch Behar,1209,CB-1209,121,Temple Hall 121,397,383,0,780,49.1
Cooch Behar,1209,CB-1209,122,Primary School 122,384,373,0,757,49.27
Cooch Behar,1209,CB-1209,123,Anganwadi Centre 123,297,276,0,573,48.17
Cooch Behar,1209,CB-1209,124,Health Sub-Centre 124,355,327,0,682,47.95
Cooch Behar,1209,CB-1209,125,Health Sub-Centre 125,395,361,0,756,47.75
Cooch Behar,1209,CB-1209,126,Club Building 126,413,405,1,819,49.45
Cooch Behar,1209,CB-1209,127,Health Sub-Centre 127,289,285,0,574,49.65
Cooch Behar,1209,CB-1209,128,Madrasa 128,357,327,0,684,47.81
Cooch Behar,1209,CB-1209,129,Temple Hall 129,368,340,0,708,48.02
Cooch Behar,1209,CB-1209,130,Madrasa 130,336,326,1,663,49.17
Cooch Behar,1209,CB-1209,131,Madrasa 131,268,268,1,537,49.91
Cooch Behar,1209,CB-1209,132,Madrasa 132,314,284,1,599,47.41
Cooch Behar,1209,CB-1209,133,Temple Hall 133,362,349,0,711,49.09
Cooch Behar,1209,CB-1209,134,Govt Office 134,262,236,0,498,47.39
Cooch Behar,1209,CB-1209,135,Panchayat Bhavan 135,353,318,1,672,47.32
Cooch Behar,1209,CB-1209,136,Market Building 136,267,263,0,530,49.62
Cooch Behar,1209,CB-1209,137,Club Building 137,270,261,0,531,49.15
Cooch Behar,1209,CB-1209,138,Temple Hall 138,289,274,1,564,48.58
Cooch Behar,1209,CB-1209,139,Community Hall 139,288,283,0,571,49.56
Cooch Behar,1209,CB-1209,140,Primary School 140,398,383,0,781,49.04
Cooch Behar,1209,CB-1209,141,Health Sub-Centre 141,279,268,1,548,48.91
Cooch Behar,1209,CB-1209,142,Temple Hall 142,311,296,1,608,48.68
Cooch Behar,1209,CB-1209,143,High School 143,355,357,0,712,50.14
Cooch Behar,1209,CB-1209,144,High School 144,402,384,1,787,48.79
Cooch Behar,1209,CB-1209,145,Post Office 145,400,389,1,790,49.24
Cooch Behar,1209,CB-1209,146,Temple Hall 146,330,324,1,655,49.47
Cooch Behar,1209,CB-1209,147,Market Building 147,256,264,0,520,50.77
Cooch Behar,1209,CB-1209,148,Temple Hall 148,247,243,1,491,49.49
Cooch Behar,1209,CB-1209,149,Health Sub-Centre 149,320,305,0,625,48.8
Cooch Behar,1209,CB-1209,150,Community Hall 150,307,305,0,612,49.84
Cooch Behar,1209,CB-1209,151,Madrasa 151,347,319,0,666,47.9
Cooch Behar,1209,CB-1209,152,Madrasa 152,402,393,0,795,49.43
Cooch Behar,1209,CB-1209,153,Club Building 153,308,276,1,585,47.18
Cooch Behar,1209,CB-1209,154,Community Hall 154,398,401,1,800,50.12
Cooch Behar,1209,CB-1209,155,Club Building 155,329,336,1,666,50.45
Cooch Behar,1209,CB-1209,156,Market Building 156,380,383,0,763,50.2
Cooch Behar,1209,CB-1209,157,Health Sub-Centre 157,309,296,0,605,48.93
Cooch Behar,1209,CB-1209,158,High School 158,354,351,0,705,49.79
Cooch Behar,1209,CB-1209,159,Temple Hall 159,373,355,0,728,48.76
Cooch Behar,1209,CB-1209,160,Madrasa 160,283,277,1,561,49.38
Cooch Behar,1209,CB-1209,161,Panchayat Bhavan 161,337,313,0,650,48.15
Cooch Behar,1209,CB-1209,162,Primary School 162,384,383,1,768,49.87
Cooch Behar,1209,CB-1209,163,Anganwadi Centre 163,326,294,0,620,47.42
Cooch Behar,1209,CB-1209,164,Primary School 164,290,270,0,560,48.21
Cooch Behar,1209,CB-1209,165,Panchayat Bhavan 165,360,362,0,722,50.14
Cooch Behar,1209,CB-1209,166,Post Office 166,272,264,1,537,49.16
Cooch Behar,1209,CB-1209,167,High School 167,376,350,0,726,48.21
Cooch Behar,1209,CB-1209,168,Govt Office 168,270,247,1,518,47.68
Cooch Behar,1209,CB-1209,169,Health Sub-Centre 169,253,256,1,510,50.2
Cooch Behar,1209,CB-1209,170,Health Sub-Centre 170,249,238,1,488,48.77
Cooch Behar,1209,CB-1209,171,Temple Hall 171,279,282,0,561,50.27
Cooch Behar,1209,CB-1209,172,Madrasa 172,301,287,0,588,48.81
Cooch Behar,1209,CB-1209,173,Community Hall 173,394,357,1,752,47.47
Cooch Behar,1209,CB-1209,174,Primary School 174,249,244,0,493,49.49
Cooch Behar,1209,CB-1209,175,Govt Office 175,320,301,0,621,48.47
Cooch Behar,1209,CB-1209,176,Temple Hall 176,369,362,0,731,49.52
Cooch Behar,1209,CB-1209,177,Primary School 177,272,280,0,552,50.72
Cooch Behar,1209,CB-1209,178,Community Hall 178,282,253,0,535,47.29
Cooch Behar,1209,CB-1209,179,Primary School 179,365,336,1,702,47.86
Cooch Behar,1209,CB-1209,180,Panchayat Bhavan 180,344,313,1,658,47.57
Cooch Behar,1209,CB-1209,181,Govt Office 181,306,298,0,604,49.34
Cooch Behar,1209,CB-1209,182,Community Hall 182,258,232,0,490,47.35
Cooch Behar,1209,CB-1209,183,High School 183,401,379,0,780,48.59
Cooch Behar,1209,CB-1209,184,Market Building 184,340,335,0,675,49.63
Cooch Behar,1209,CB-1209,185,Post Office 185,357,323,1,681,47.43
Cooch Behar,1209,CB-1209,186,Post Office 186,314,317,0,631,50.24
Cooch Behar,1209,CB-1209,187,Anganwadi Centre 187,317,307,1,625,49.12
Cooch Behar,1209,CB-1209,188,Temple Hall 188,311,302,1,614,49.19
Cooch Behar,1209,CB-1209,189,Temple Hall 189,318,326,0,644,50.62
Cooch Behar,1209,CB-1209,190,Health Sub-Centre 190,289,286,0,575,49.74
Cooch Behar,1209,CB-1209,191,Market Building 191,287,292,0,579,50.43
Cooch Behar,1209,CB-1209,192,Temple Hall 192,382,393,0,775,50.71
Cooch Behar,1209,CB-1209,193,Post Office 193,381,379,0,760,49.87
Cooch Behar,1209,CB-1209,194,Primary School 194,331,307,1,639,48.04
Cooch Behar,1209,CB-1209,195,Govt Office 195,431,387,1,819,47.25
Cooch Behar,1209,CB-1209,196,Club Building 196,309,306,1,616,49.68
